pair,entry_ts,exit_ts,r
CAD_CHF,2016-01-05 10:00:00,2016-01-06 06:00:00,1.0
CAD_CHF,2016-01-13 06:00:00,2016-01-13 18:00:00,1.0
USD_JPY,2016-01-15 10:00:00,2016-01-19 10:00:00,1.0
CAD_CHF,2016-01-19 02:00:00,2016-01-19 14:00:00,1.0
USD_JPY,2016-01-20 02:00:00,2016-01-22 02:00:00,1.0
CHF_JPY,2016-01-20 14:00:00,2016-01-29 02:00:00,1.0
CAD_CHF,2016-01-20 22:00:00,2016-01-21 10:00:00,-1.0
CAD_CHF,2016-01-21 10:00:00,2016-01-21 14:00:00,-1.0
CHF_JPY,2016-01-21 10:00:00,2016-01-21 18:00:00,1.0
CAD_CHF,2016-01-22 10:00:00,2016-01-26 06:00:00,1.0
EUR_CAD,2016-01-22 18:00:00,2016-01-25 14:00:00,1.0
CAD_CHF,2016-01-26 10:00:00,2016-01-26 14:00:00,-1.0
CAD_CHF,2016-01-29 02:00:00,2016-01-29 14:00:00,-1.0
CAD_CHF,2016-01-29 18:00:00,2016-02-01 14:00:00,1.0
CAD_CHF,2016-02-03 10:00:00,2016-02-03 14:00:00,1.0
CAD_CHF,2016-02-03 22:00:00,2016-02-04 14:00:00,1.0
USD_JPY,2016-02-04 14:00:00,2016-02-08 14:00:00,-1.0
USD_JPY,2016-02-08 14:00:00,2016-02-09 02:00:00,-1.0
USD_JPY,2016-02-08 22:00:00,2016-02-10 14:00:00,-1.0
USD_JPY,2016-02-09 10:00:00,2016-02-10 18:00:00,-1.0
USD_JPY,2016-02-10 18:00:00,2016-02-11 06:00:00,-1.0
CHF_JPY,2016-02-10 18:00:00,2016-02-11 06:00:00,-1.0
USD_JPY,2016-02-11 14:00:00,2016-02-12 14:00:00,1.0
CAD_CHF,2016-02-12 14:00:00,2016-02-15 10:00:00,-1.0
CAD_CHF,2016-02-15 10:00:00,2016-02-16 06:00:00,-1.0
CAD_CHF,2016-02-16 02:00:00,2016-02-16 14:00:00,1.0
CAD_CHF,2016-02-17 10:00:00,2016-02-17 14:00:00,-1.0
EUR_CAD,2016-02-17 14:00:00,2016-02-22 10:00:00,-1.0
EUR_CAD,2016-02-18 10:00:00,2016-02-18 22:00:00,1.0
CHF_JPY,2016-02-18 22:00:00,2016-02-22 22:00:00,-1.0
CHF_JPY,2016-02-19 06:00:00,2016-02-22 22:00:00,-1.0
CAD_CHF,2016-02-22 10:00:00,2016-02-23 10:00:00,1.0
CHF_JPY,2016-02-22 18:00:00,2016-02-25 18:00:00,1.0
CHF_JPY,2016-02-23 06:00:00,2016-02-25 02:00:00,1.0
USD_JPY,2016-02-24 02:00:00,2016-02-25 14:00:00,1.0
USD_JPY,2016-02-24 14:00:00,2016-02-25 02:00:00,1.0
CAD_CHF,2016-02-25 06:00:00,2016-02-25 10:00:00,-1.0
EUR_CAD,2016-02-25 10:00:00,2016-02-26 10:00:00,-1.0
CAD_CHF,2016-02-26 06:00:00,2016-02-29 14:00:00,-1.0
EUR_CAD,2016-02-26 06:00:00,2016-02-29 10:00:00,-1.0
CAD_CHF,2016-02-29 10:00:00,2016-03-07 06:00:00,-1.0
EUR_CAD,2016-02-29 10:00:00,2016-03-01 14:00:00,-1.0
CAD_CHF,2016-03-01 10:00:00,2016-03-07 06:00:00,-1.0
EUR_CAD,2016-03-01 14:00:00,2016-03-04 06:00:00,1.0
CAD_CHF,2016-03-04 14:00:00,2016-03-09 14:00:00,-1.0
CAD_CHF,2016-03-07 06:00:00,2016-03-08 14:00:00,1.0
CHF_JPY,2016-03-09 10:00:00,2016-03-09 14:00:00,1.0
CAD_CHF,2016-03-09 10:00:00,2016-03-09 22:00:00,-1.0
EUR_CAD,2016-03-10 10:00:00,2016-03-10 14:00:00,1.0
CAD_CHF,2016-03-16 17:00:00,2016-03-23 13:00:00,1.0
USD_JPY,2016-03-17 01:00:00,2016-03-17 09:00:00,-1.0
CAD_CHF,2016-03-17 05:00:00,2016-03-17 13:00:00,1.0
CAD_CHF,2016-03-22 13:00:00,2016-03-23 13:00:00,1.0
CAD_CHF,2016-03-28 13:00:00,2016-03-31 13:00:00,-1.0
CAD_CHF,2016-03-29 09:00:00,2016-04-01 09:00:00,1.0
CAD_CHF,2016-03-30 09:00:00,2016-04-01 09:00:00,1.0
USD_JPY,2016-04-01 13:00:00,2016-04-05 05:00:00,-1.0
AUD_CAD,2016-04-01 13:00:00,2016-04-05 09:00:00,1.0
CHF_JPY,2016-04-05 05:00:00,2016-04-07 05:00:00,-1.0
CHF_JPY,2016-04-06 05:00:00,2016-04-07 05:00:00,-1.0
CHF_JPY,2016-04-06 13:00:00,2016-04-07 05:00:00,-1.0
USD_JPY,2016-04-06 13:00:00,2016-04-07 05:00:00,-1.0
CAD_CHF,2016-04-08 09:00:00,2016-04-12 13:00:00,-1.0
USD_JPY,2016-04-08 17:00:00,2016-04-13 05:00:00,1.0
CAD_CHF,2016-04-11 09:00:00,2016-04-12 13:00:00,-1.0
EUR_CAD,2016-04-12 09:00:00,2016-04-12 17:00:00,-1.0
CAD_CHF,2016-04-12 13:00:00,2016-04-13 13:00:00,-1.0
CAD_CHF,2016-04-15 01:00:00,2016-04-17 21:00:00,1.0
CHF_JPY,2016-04-17 21:00:00,2016-04-18 13:00:00,1.0
CAD_CHF,2016-04-19 17:00:00,2016-04-20 13:00:00,-1.0
CAD_CHF,2016-04-20 13:00:00,2016-05-03 05:00:00,1.0
CAD_CHF,2016-04-22 09:00:00,2016-04-29 17:00:00,1.0
EUR_CAD,2016-04-22 09:00:00,2016-04-29 17:00:00,1.0
CAD_CHF,2016-04-22 17:00:00,2016-04-29 13:00:00,1.0
EUR_CAD,2016-04-22 17:00:00,2016-04-29 13:00:00,1.0
CAD_CHF,2016-04-26 13:00:00,2016-04-29 17:00:00,1.0
USD_JPY,2016-04-28 05:00:00,2016-04-29 05:00:00,-1.0
CHF_JPY,2016-04-28 05:00:00,2016-04-29 17:00:00,-1.0
CHF_JPY,2016-04-28 17:00:00,2016-04-29 17:00:00,-1.0
USD_JPY,2016-04-28 17:00:00,2016-04-29 05:00:00,-1.0
CHF_JPY,2016-04-29 17:00:00,2016-05-03 21:00:00,1.0
CAD_CHF,2016-05-10 13:00:00,2016-05-17 01:00:00,-1.0
CAD_CHF,2016-05-12 09:00:00,2016-05-26 05:00:00,-1.0
CAD_CHF,2016-05-16 13:00:00,2016-05-26 09:00:00,-1.0
CAD_CHF,2016-05-17 01:00:00,2016-05-19 13:00:00,1.0
EUR_CAD,2016-05-17 01:00:00,2016-05-19 09:00:00,1.0
CHF_JPY,2016-05-19 13:00:00,2016-05-30 05:00:00,1.0
CHF_JPY,2016-05-23 05:00:00,2016-05-30 01:00:00,1.0
CAD_CHF,2016-05-24 13:00:00,2016-05-26 05:00:00,-1.0
CAD_CHF,2016-05-25 17:00:00,2016-06-01 13:00:00,1.0
EUR_CAD,2016-05-25 17:00:00,2016-06-02 05:00:00,1.0
EUR_CAD,2016-05-26 01:00:00,2016-06-02 01:00:00,1.0
CAD_CHF,2016-05-26 01:00:00,2016-06-01 13:00:00,1.0
USD_JPY,2016-06-01 09:00:00,2016-06-03 09:00:00,-1.0
USD_JPY,2016-06-02 09:00:00,2016-06-03 09:00:00,-1.0
CHF_JPY,2016-06-02 13:00:00,2016-06-07 01:00:00,1.0
CHF_JPY,2016-06-03 01:00:00,2016-06-06 17:00:00,1.0
USD_JPY,2016-06-03 01:00:00,2016-06-03 09:00:00,-1.0
USD_JPY,2016-06-03 09:00:00,2016-06-03 17:00:00,-1.0
CHF_JPY,2016-06-03 13:00:00,2016-06-06 13:00:00,1.0
EUR_CAD,2016-06-09 17:00:00,2016-06-15 13:00:00,1.0
CAD_CHF,2016-06-10 09:00:00,2016-06-13 21:00:00,1.0
EUR_CAD,2016-06-10 09:00:00,2016-06-13 17:00:00,1.0
AUD_CAD,2016-06-15 13:00:00,2016-06-23 09:00:00,-1.0
USD_JPY,2016-06-15 21:00:00,2016-06-16 01:00:00,-1.0
CHF_JPY,2016-06-16 01:00:00,2016-06-16 09:00:00,-1.0
CHF_JPY,2016-06-17 01:00:00,2016-06-19 21:00:00,1.0
USD_JPY,2016-06-17 01:00:00,2016-06-23 09:00:00,1.0
CAD_CHF,2016-06-20 05:00:00,2016-06-23 21:00:00,-1.0
CAD_CHF,2016-06-22 01:00:00,2016-06-24 01:00:00,1.0
AUD_CAD,2016-06-23 13:00:00,2016-06-24 01:00:00,1.0
USD_JPY,2016-06-24 01:00:00,2016-06-24 05:00:00,1.0
EUR_CAD,2016-06-24 01:00:00,2016-06-24 05:00:00,1.0
CHF_JPY,2016-06-24 01:00:00,2016-06-24 05:00:00,1.0
EUR_CAD,2016-06-24 09:00:00,2016-06-28 13:00:00,1.0
AUD_CAD,2016-06-24 17:00:00,2016-06-27 13:00:00,1.0
EUR_CAD,2016-06-27 09:00:00,2016-06-28 13:00:00,1.0
USD_JPY,2016-06-27 21:00:00,2016-06-28 13:00:00,1.0
CHF_JPY,2016-06-27 21:00:00,2016-06-29 13:00:00,1.0
CAD_CHF,2016-06-28 01:00:00,2016-07-12 13:00:00,-1.0
CAD_CHF,2016-06-29 17:00:00,2016-06-30 13:00:00,1.0
CAD_CHF,2016-07-04 01:00:00,2016-07-15 09:00:00,-1.0
USD_JPY,2016-07-06 01:00:00,2016-07-11 05:00:00,1.0
CHF_JPY,2016-07-06 05:00:00,2016-07-06 13:00:00,1.0
AUD_CAD,2016-07-06 09:00:00,2016-07-08 13:00:00,-1.0
USD_JPY,2016-07-06 21:00:00,2016-07-08 13:00:00,-1.0
CAD_CHF,2016-07-07 05:00:00,2016-07-11 13:00:00,1.0
CHF_JPY,2016-07-07 13:00:00,2016-07-11 09:00:00,1.0
USD_JPY,2016-07-07 13:00:00,2016-07-11 05:00:00,1.0
USD_JPY,2016-07-08 01:00:00,2016-07-11 05:00:00,1.0
CHF_JPY,2016-07-08 01:00:00,2016-07-11 09:00:00,1.0
AUD_CAD,2016-07-08 09:00:00,2016-07-12 01:00:00,-1.0
CHF_JPY,2016-07-08 09:00:00,2016-07-11 05:00:00,1.0
CAD_CHF,2016-07-08 09:00:00,2016-07-11 13:00:00,1.0
AUD_CAD,2016-07-11 13:00:00,2016-07-18 21:00:00,1.0
AUD_CAD,2016-07-12 01:00:00,2016-07-14 13:00:00,1.000000000000011
CAD_CHF,2016-07-12 09:00:00,2016-07-25 09:00:00,1.0
CAD_CHF,2016-07-14 13:00:00,2016-07-21 17:00:00,1.0
CAD_CHF,2016-07-15 09:00:00,2016-07-20 13:00:00,1.0
CHF_JPY,2016-07-25 21:00:00,2016-07-26 09:00:00,-1.0
USD_JPY,2016-07-26 01:00:00,2016-07-27 01:00:00,1.0
AUD_CAD,2016-07-26 01:00:00,2016-08-05 09:00:00,-1.0
CAD_CHF,2016-07-26 13:00:00,2016-07-28 13:00:00,1.0
USD_JPY,2016-07-26 17:00:00,2016-07-27 01:00:00,1.0
USD_JPY,2016-07-29 01:00:00,2016-07-29 13:00:00,-1.0
USD_JPY,2016-08-02 05:00:00,2016-08-02 13:00:00,-1.0
CHF_JPY,2016-08-02 13:00:00,2016-08-05 09:00:00,-1.0
CAD_CHF,2016-08-03 09:00:00,2016-08-04 13:00:00,-1.0
CHF_JPY,2016-08-03 17:00:00,2016-08-18 21:00:00,1.0
CAD_CHF,2016-08-04 13:00:00,2016-08-24 13:00:00,0.13757546615376037
AUD_CAD,2016-08-05 09:00:00,2016-08-12 13:00:00,1.000000000000011
AUD_CAD,2016-08-08 05:00:00,2016-08-12 13:00:00,1.0
AUD_CAD,2016-08-08 13:00:00,2016-08-11 21:00:00,0.999999999999989
CAD_CHF,2016-08-09 13:00:00,2016-08-29 13:00:00,-0.3647148410885335
CAD_CHF,2016-08-09 21:00:00,2016-08-22 17:00:00,1.0
EUR_CAD,2016-08-11 13:00:00,2016-08-22 13:00:00,1.0
CAD_CHF,2016-08-11 17:00:00,2016-08-22 13:00:00,1.0
EUR_CAD,2016-08-12 01:00:00,2016-08-22 09:00:00,1.0
CAD_CHF,2016-08-12 01:00:00,2016-08-19 09:00:00,1.0
CAD_CHF,2016-08-15 05:00:00,2016-08-17 09:00:00,1.0
USD_JPY,2016-08-16 01:00:00,2016-08-16 09:00:00,-1.0
USD_JPY,2016-08-17 21:00:00,2016-08-22 01:00:00,1.0
CAD_CHF,2016-08-24 09:00:00,2016-09-02 13:00:00,-1.0
CAD_CHF,2016-08-25 13:00:00,2016-09-05 05:00:00,-1.0
CAD_CHF,2016-08-26 09:00:00,2016-09-06 05:00:00,-1.0
CAD_CHF,2016-08-26 17:00:00,2016-09-05 13:00:00,-1.0
CAD_CHF,2016-08-30 01:00:00,2016-09-12 05:00:00,1.0
CAD_CHF,2016-09-01 05:00:00,2016-09-06 05:00:00,-1.0
AUD_CAD,2016-09-01 13:00:00,2016-09-05 13:00:00,1.0
EUR_CAD,2016-09-02 13:00:00,2016-09-09 17:00:00,1.0
CAD_CHF,2016-09-02 13:00:00,2016-09-11 21:00:00,1.0
CAD_CHF,2016-09-05 05:00:00,2016-09-08 09:00:00,1.0
CAD_CHF,2016-09-06 05:00:00,2016-09-07 13:00:00,1.0
AUD_CAD,2016-09-08 05:00:00,2016-09-09 09:00:00,1.000000000000011
CHF_JPY,2016-09-12 21:00:00,2016-09-14 01:00:00,1.0
CAD_CHF,2016-09-16 05:00:00,2016-09-26 13:00:00,1.0
CAD_CHF,2016-09-16 13:00:00,2016-09-26 09:00:00,1.0
CHF_JPY,2016-09-16 17:00:00,2016-09-21 01:00:00,-1.0
AUD_CAD,2016-09-19 09:00:00,2016-09-23 17:00:00,-1.0
AUD_CAD,2016-09-20 01:00:00,2016-09-26 09:00:00,-1.0
USD_JPY,2016-09-21 09:00:00,2016-09-29 05:00:00,1.0
CHF_JPY,2016-09-21 09:00:00,2016-09-22 09:00:00,1.0
USD_JPY,2016-09-22 09:00:00,2016-09-29 05:00:00,1.0
AUD_CAD,2016-09-26 17:00:00,2016-10-06 09:00:00,0.999999999999989
AUD_CAD,2016-09-27 05:00:00,2016-09-29 05:00:00,1.0
CAD_CHF,2016-09-28 17:00:00,2016-09-29 17:00:00,1.0
CAD_CHF,2016-10-04 05:00:00,2016-10-07 17:00:00,1.0
CAD_CHF,2016-10-06 17:00:00,2016-10-14 05:00:00,-1.0
CAD_CHF,2016-10-10 13:00:00,2016-10-14 17:00:00,-1.0
EUR_CAD,2016-10-11 09:00:00,2016-10-14 09:00:00,-1.0
EUR_CAD,2016-10-11 21:00:00,2016-10-14 09:00:00,-1.0
CAD_CHF,2016-10-12 01:00:00,2016-10-16 21:00:00,-1.0
CAD_CHF,2016-10-14 05:00:00,2016-10-18 05:00:00,-1.0
EUR_CAD,2016-10-14 09:00:00,2016-10-19 09:00:00,-1.0
CAD_CHF,2016-10-17 21:00:00,2016-10-20 09:00:00,1.0
CAD_CHF,2016-10-18 05:00:00,2016-10-20 09:00:00,1.0
CHF_JPY,2016-10-19 09:00:00,2016-10-27 09:00:00,1.0
AUD_CAD,2016-10-19 13:00:00,2016-10-25 21:00:00,-1.0
CHF_JPY,2016-10-21 05:00:00,2016-10-27 05:00:00,1.0
AUD_CAD,2016-10-21 09:00:00,2016-10-25 21:00:00,-1.0
AUD_CAD,2016-10-23 21:00:00,2016-10-25 21:00:00,-1.0
CAD_CHF,2016-10-25 09:00:00,2016-10-28 05:00:00,1.0
AUD_CAD,2016-10-25 21:00:00,2016-10-27 09:00:00,1.0
USD_JPY,2016-11-02 09:00:00,2016-11-06 22:00:00,1.0
CAD_CHF,2016-11-03 09:00:00,2016-11-08 18:00:00,-1.0
USD_JPY,2016-11-03 13:00:00,2016-11-06 22:00:00,1.0
CAD_CHF,2016-11-07 02:00:00,2016-11-08 22:00:00,-1.0
CAD_CHF,2016-11-08 10:00:00,2016-11-08 22:00:00,-1.0
USD_JPY,2016-11-09 02:00:00,2016-11-09 06:00:00,1.0
CAD_CHF,2016-11-14 10:00:00,2016-11-15 14:00:00,-1.0
CAD_CHF,2016-11-15 10:00:00,2016-11-16 14:00:00,-1.0
EUR_CAD,2016-11-15 14:00:00,2016-11-17 14:00:00,-1.0
EUR_CAD,2016-11-16 14:00:00,2016-11-22 14:00:00,-1.0
CAD_CHF,2016-11-17 10:00:00,2016-11-22 10:00:00,-1.0
CAD_CHF,2016-11-18 14:00:00,2016-11-28 10:00:00,-1.0
CAD_CHF,2016-11-20 22:00:00,2016-11-28 10:00:00,-1.0
CAD_CHF,2016-11-21 10:00:00,2016-11-30 10:00:00,-1.0
CAD_CHF,2016-11-28 10:00:00,2016-12-08 10:00:00,-1.0
CAD_CHF,2016-11-30 06:00:00,2016-12-04 22:00:00,-1.0
EUR_CAD,2016-12-01 14:00:00,2016-12-06 06:00:00,1.0
EUR_CAD,2016-12-02 06:00:00,2016-12-08 10:00:00,1.0
CAD_CHF,2016-12-04 22:00:00,2016-12-08 14:00:00,-1.0
EUR_CAD,2016-12-04 22:00:00,2016-12-05 10:00:00,1.0
CAD_CHF,2016-12-07 06:00:00,2016-12-08 14:00:00,-1.0
EUR_CAD,2016-12-08 10:00:00,2016-12-09 10:00:00,-1.0
CAD_CHF,2016-12-08 10:00:00,2016-12-09 14:00:00,-1.0
CAD_CHF,2016-12-11 22:00:00,2016-12-19 10:00:00,1.0
CAD_CHF,2016-12-15 18:00:00,2016-12-19 14:00:00,1.0
USD_JPY,2016-12-28 22:00:00,2017-01-03 06:00:00,1.0
CHF_JPY,2016-12-28 22:00:00,2016-12-29 22:00:00,1.0
CAD_CHF,2017-01-02 22:00:00,2017-01-03 14:00:00,-1.0
EUR_CAD,2017-01-04 10:00:00,2017-01-18 14:00:00,1.0
CAD_CHF,2017-01-04 10:00:00,2017-01-18 14:00:00,1.0
USD_JPY,2017-01-05 10:00:00,2017-01-08 22:00:00,1.0
CAD_CHF,2017-01-06 10:00:00,2017-01-18 14:00:00,1.0
CAD_CHF,2017-01-06 18:00:00,2017-01-18 14:00:00,1.0
USD_JPY,2017-01-10 02:00:00,2017-01-11 14:00:00,1.0
CAD_CHF,2017-01-10 14:00:00,2017-01-18 14:00:00,1.0
CAD_CHF,2017-01-11 10:00:00,2017-01-18 14:00:00,1.0
CHF_JPY,2017-01-11 14:00:00,2017-01-17 06:00:00,-1.0
AUD_CAD,2017-01-11 14:00:00,2017-01-18 10:00:00,-1.0
CHF_JPY,2017-01-11 22:00:00,2017-01-17 18:00:00,-1.0
USD_JPY,2017-01-11 22:00:00,2017-01-12 06:00:00,-1.0
CAD_CHF,2017-01-12 06:00:00,2017-01-18 14:00:00,1.0
AUD_CAD,2017-01-12 10:00:00,2017-01-18 14:00:00,-1.0
CHF_JPY,2017-01-12 14:00:00,2017-01-19 14:00:00,1.0
CHF_JPY,2017-01-16 02:00:00,2017-01-19 06:00:00,1.0
CAD_CHF,2017-01-16 06:00:00,2017-01-18 14:00:00,1.0
USD_JPY,2017-01-17 02:00:00,2017-01-18 18:00:00,1.0
AUD_CAD,2017-01-18 14:00:00,2017-01-19 14:00:00,-1.0
AUD_CAD,2017-01-19 02:00:00,2017-01-19 18:00:00,-1.0
USD_JPY,2017-01-23 18:00:00,2017-01-24 18:00:00,1.0
CAD_CHF,2017-01-23 22:00:00,2017-01-24 14:00:00,-1.0
CAD_CHF,2017-01-24 14:00:00,2017-02-10 10:00:00,-1.0
CAD_CHF,2017-02-01 18:00:00,2017-02-10 10:00:00,-1.0
USD_JPY,2017-02-02 10:00:00,2017-02-03 10:00:00,1.0
CAD_CHF,2017-02-03 06:00:00,2017-02-08 14:00:00,1.0
AUD_CAD,2017-02-03 18:00:00,2017-02-15 22:00:00,-1.0
CAD_CHF,2017-02-06 06:00:00,2017-02-06 14:00:00,1.0
CHF_JPY,2017-02-06 10:00:00,2017-02-22 10:00:00,-1.0
AUD_CAD,2017-02-06 14:00:00,2017-02-22 06:00:00,-1.0
USD_JPY,2017-02-06 18:00:00,2017-02-09 14:00:00,1.0
CHF_JPY,2017-02-07 02:00:00,2017-02-14 22:00:00,1.0
AUD_CAD,2017-02-07 02:00:00,2017-02-27 02:00:00,-0.1430942136277456
CHF_JPY,2017-02-07 14:00:00,2017-02-09 22:00:00,1.0
CAD_CHF,2017-02-08 06:00:00,2017-02-10 10:00:00,-1.0
CAD_CHF,2017-02-09 10:00:00,2017-02-10 10:00:00,-1.0
EUR_CAD,2017-02-09 14:00:00,2017-02-14 10:00:00,-1.0
CAD_CHF,2017-02-10 10:00:00,2017-02-28 14:00:00,1.0
EUR_CAD,2017-02-10 10:00:00,2017-02-28 14:00:00,1.0
EUR_CAD,2017-02-13 14:00:00,2017-02-28 10:00:00,1.0
CAD_CHF,2017-02-13 14:00:00,2017-02-28 10:00:00,1.0
CAD_CHF,2017-02-15 06:00:00,2017-02-16 18:00:00,1.0
AUD_CAD,2017-02-15 18:00:00,2017-02-28 14:00:00,-1.0
CAD_CHF,2017-02-21 06:00:00,2017-02-28 14:00:00,1.0
CAD_CHF,2017-02-21 18:00:00,2017-02-28 10:00:00,1.0
CHF_JPY,2017-02-22 06:00:00,2017-03-01 14:00:00,1.0
AUD_CAD,2017-02-22 06:00:00,2017-03-01 02:00:00,-1.0
USD_JPY,2017-02-24 10:00:00,2017-02-28 22:00:00,1.0
CHF_JPY,2017-02-24 18:00:00,2017-03-01 02:00:00,1.0
USD_JPY,2017-02-28 14:00:00,2017-02-28 22:00:00,1.0
AUD_CAD,2017-02-28 14:00:00,2017-03-17 13:00:00,-1.0
AUD_CAD,2017-03-01 14:00:00,2017-03-02 14:00:00,1.0
CAD_CHF,2017-03-06 22:00:00,2017-03-09 18:00:00,1.0
AUD_CAD,2017-03-15 13:00:00,2017-03-20 05:00:00,-1.0
USD_JPY,2017-03-15 17:00:00,2017-03-20 21:00:00,-1.0
CAD_CHF,2017-03-15 17:00:00,2017-03-21 17:00:00,1.0
AUD_CAD,2017-03-17 13:00:00,2017-03-23 09:00:00,1.0
USD_JPY,2017-03-17 13:00:00,2017-03-21 17:00:00,-1.0
AUD_CAD,2017-03-20 05:00:00,2017-03-23 01:00:00,1.0
CAD_CHF,2017-03-20 21:00:00,2017-03-22 13:00:00,1.0
USD_JPY,2017-03-20 21:00:00,2017-03-22 05:00:00,-1.0
CAD_CHF,2017-03-21 09:00:00,2017-03-22 05:00:00,1.0
USD_JPY,2017-03-21 13:00:00,2017-03-22 13:00:00,-1.0
CHF_JPY,2017-03-21 17:00:00,2017-03-29 09:00:00,-1.0
CHF_JPY,2017-03-23 05:00:00,2017-04-03 13:00:00,-1.0
CAD_CHF,2017-03-28 17:00:00,2017-03-30 09:00:00,-1.0
CAD_CHF,2017-03-29 05:00:00,2017-03-30 13:00:00,-1.0
CAD_CHF,2017-03-29 13:00:00,2017-03-31 09:00:00,-1.0
EUR_CAD,2017-03-30 09:00:00,2017-04-10 09:00:00,-1.0
CAD_CHF,2017-03-30 13:00:00,2017-04-12 13:00:00,-1.0
EUR_CAD,2017-03-31 09:00:00,2017-04-05 21:00:00,1.0
CAD_CHF,2017-03-31 09:00:00,2017-04-04 09:00:00,1.0
EUR_CAD,2017-03-31 17:00:00,2017-04-05 21:00:00,1.0
CHF_JPY,2017-03-31 17:00:00,2017-04-04 05:00:00,-1.0
CHF_JPY,2017-04-03 13:00:00,2017-04-06 05:00:00,-1.0
CAD_CHF,2017-04-05 09:00:00,2017-04-10 17:00:00,-1.0
CAD_CHF,2017-04-07 05:00:00,2017-04-12 13:00:00,-1.0
EUR_CAD,2017-04-10 09:00:00,2017-04-18 09:00:00,1.0
CAD_CHF,2017-04-10 09:00:00,2017-04-18 09:00:00,1.0
USD_JPY,2017-04-11 13:00:00,2017-04-14 09:00:00,-1.0
CHF_JPY,2017-04-11 13:00:00,2017-04-16 21:00:00,-1.0
CHF_JPY,2017-04-12 09:00:00,2017-04-16 21:00:00,-1.0
CAD_CHF,2017-04-12 17:00:00,2017-04-18 09:00:00,1.0
CHF_JPY,2017-04-12 17:00:00,2017-04-20 13:00:00,1.0
CAD_CHF,2017-04-13 05:00:00,2017-04-18 09:00:00,1.0
USD_JPY,2017-04-14 09:00:00,2017-04-23 21:00:00,1.0
USD_JPY,2017-04-16 21:00:00,2017-04-20 13:00:00,1.0
AUD_CAD,2017-04-24 21:00:00,2017-04-26 13:00:00,1.0
AUD_CAD,2017-05-01 13:00:00,2017-05-03 17:00:00,1.0
AUD_CAD,2017-05-02 13:00:00,2017-05-03 13:00:00,1.0
AUD_CAD,2017-05-02 21:00:00,2017-05-03 13:00:00,1.0
CAD_CHF,2017-05-04 01:00:00,2017-05-04 17:00:00,1.0
CAD_CHF,2017-05-07 21:00:00,2017-05-09 09:00:00,-1.0
CAD_CHF,2017-05-08 17:00:00,2017-05-10 13:00:00,-1.0
CAD_CHF,2017-05-09 05:00:00,2017-05-10 13:00:00,-1.0
CAD_CHF,2017-05-09 13:00:00,2017-05-16 09:00:00,1.0
CAD_CHF,2017-05-10 13:00:00,2017-05-12 13:00:00,1.0
USD_JPY,2017-05-17 09:00:00,2017-05-17 17:00:00,-1.0
AUD_CAD,2017-05-18 01:00:00,2017-05-22 01:00:00,1.0
CAD_CHF,2017-05-22 17:00:00,2017-05-30 05:00:00,-1.0
CAD_CHF,2017-05-23 09:00:00,2017-06-02 13:00:00,1.0
CAD_CHF,2017-05-23 17:00:00,2017-06-02 09:00:00,1.0
CAD_CHF,2017-05-24 09:00:00,2017-05-31 13:00:00,1.0
CAD_CHF,2017-05-26 17:00:00,2017-05-31 13:00:00,1.0
EUR_CAD,2017-05-28 21:00:00,2017-05-31 13:00:00,1.0
CAD_CHF,2017-05-29 13:00:00,2017-05-31 13:00:00,1.0
EUR_CAD,2017-05-29 21:00:00,2017-05-31 13:00:00,1.0
USD_JPY,2017-05-30 13:00:00,2017-06-06 05:00:00,-1.0
USD_JPY,2017-05-31 13:00:00,2017-06-06 05:00:00,-1.0
USD_JPY,2017-06-02 13:00:00,2017-06-06 09:00:00,-1.0
USD_JPY,2017-06-05 21:00:00,2017-06-14 13:00:00,-1.0
CAD_CHF,2017-06-06 05:00:00,2017-06-12 17:00:00,-1.0
AUD_CAD,2017-06-06 09:00:00,2017-06-07 13:00:00,-1.0
AUD_CAD,2017-06-07 01:00:00,2017-06-12 17:00:00,1.0
CAD_CHF,2017-06-07 09:00:00,2017-06-12 17:00:00,-1.0
CAD_CHF,2017-06-09 05:00:00,2017-06-12 17:00:00,-1.0
EUR_CAD,2017-06-12 17:00:00,2017-06-14 09:00:00,-1.0
CAD_CHF,2017-06-12 17:00:00,2017-06-14 09:00:00,-1.0
CHF_JPY,2017-06-14 13:00:00,2017-06-15 21:00:00,1.0
USD_JPY,2017-06-14 13:00:00,2017-06-15 09:00:00,1.0
CAD_CHF,2017-06-15 05:00:00,2017-07-03 09:00:00,-1.0
CHF_JPY,2017-06-15 05:00:00,2017-06-15 13:00:00,1.0
CAD_CHF,2017-06-15 17:00:00,2017-06-27 17:00:00,1.0
CAD_CHF,2017-06-16 09:00:00,2017-06-27 17:00:00,1.0
CAD_CHF,2017-06-19 17:00:00,2017-06-21 13:00:00,1.0
CAD_CHF,2017-06-28 13:00:00,2017-07-04 09:00:00,-1.0
CAD_CHF,2017-06-29 21:00:00,2017-07-04 09:00:00,-1.0
CAD_CHF,2017-06-30 17:00:00,2017-07-04 13:00:00,-1.0
CAD_CHF,2017-07-03 09:00:00,2017-07-07 13:00:00,-1.0
CAD_CHF,2017-07-04 09:00:00,2017-07-10 13:00:00,-1.0
EUR_CAD,2017-07-04 13:00:00,2017-07-07 01:00:00,1.0
CAD_CHF,2017-07-07 13:00:00,2017-07-12 13:00:00,-1.0
CAD_CHF,2017-07-12 13:00:00,2017-07-26 09:00:00,-1.0
EUR_CAD,2017-07-12 13:00:00,2017-07-21 05:00:00,1.0
EUR_CAD,2017-07-13 13:00:00,2017-07-18 13:00:00,1.0
CHF_JPY,2017-07-14 09:00:00,2017-07-21 01:00:00,1.0
AUD_CAD,2017-07-14 09:00:00,2017-07-18 13:00:00,-1.0
USD_JPY,2017-07-14 09:00:00,2017-07-21 13:00:00,-1.0
CAD_CHF,2017-07-14 13:00:00,2017-07-18 13:00:00,1.0
USD_JPY,2017-07-17 09:00:00,2017-07-21 09:00:00,-1.0
AUD_CAD,2017-07-18 01:00:00,2017-07-25 01:00:00,0.9999999999999889
USD_JPY,2017-07-18 01:00:00,2017-07-23 21:00:00,-1.0
USD_JPY,2017-07-18 09:00:00,2017-07-24 05:00:00,-1.0
USD_JPY,2017-07-19 09:00:00,2017-07-30 21:00:00,-1.0
USD_JPY,2017-07-21 13:00:00,2017-08-01 13:00:00,-1.0
CAD_CHF,2017-07-24 17:00:00,2017-07-26 09:00:00,-1.0
CAD_CHF,2017-07-25 13:00:00,2017-07-26 09:00:00,-1.0
CHF_JPY,2017-07-26 09:00:00,2017-07-27 13:00:00,-1.0
CHF_JPY,2017-07-26 21:00:00,2017-07-27 13:00:00,-1.0
CHF_JPY,2017-07-27 05:00:00,2017-07-27 13:00:00,-1.0
CAD_CHF,2017-07-27 05:00:00,2017-07-27 21:00:00,-1.0
CAD_CHF,2017-07-27 21:00:00,2017-08-07 09:00:00,1.0
CAD_CHF,2017-07-28 09:00:00,2017-08-02 01:00:00,1.0
USD_JPY,2017-07-28 17:00:00,2017-08-09 09:00:00,-1.0
USD_JPY,2017-07-31 13:00:00,2017-08-10 13:00:00,-1.0
CHF_JPY,2017-08-08 21:00:00,2017-08-09 17:00:00,1.0
USD_JPY,2017-08-08 21:00:00,2017-08-11 09:00:00,-1.0
USD_JPY,2017-08-10 09:00:00,2017-08-15 09:00:00,1.0
CAD_CHF,2017-08-14 01:00:00,2017-08-18 13:00:00,-1.0
CHF_JPY,2017-08-14 09:00:00,2017-08-25 17:00:00,1.0
CAD_CHF,2017-08-14 09:00:00,2017-08-22 09:00:00,-1.0
CAD_CHF,2017-08-16 09:00:00,2017-08-17 21:00:00,1.0
EUR_CAD,2017-08-16 17:00:00,2017-08-28 21:00:00,1.0
EUR_CAD,2017-08-17 01:00:00,2017-08-28 21:00:00,1.0
EUR_CAD,2017-08-18 09:00:00,2017-08-28 13:00:00,1.0
CAD_CHF,2017-08-18 13:00:00,2017-08-28 21:00:00,1.0
CHF_JPY,2017-08-21 05:00:00,2017-08-25 13:00:00,1.0
CAD_CHF,2017-08-22 05:00:00,2017-08-28 21:00:00,1.0
CAD_CHF,2017-08-24 17:00:00,2017-08-28 21:00:00,1.0
USD_JPY,2017-08-29 05:00:00,2017-08-29 17:00:00,1.0
CAD_CHF,2017-08-31 09:00:00,2017-09-01 13:00:00,-1.0
CAD_CHF,2017-08-31 21:00:00,2017-09-01 13:00:00,-1.0
CAD_CHF,2017-09-01 09:00:00,2017-09-06 13:00:00,-1.0
CAD_CHF,2017-09-06 13:00:00,2017-09-11 17:00:00,-1.0
EUR_CAD,2017-09-06 13:00:00,2017-09-19 01:00:00,1.0
USD_JPY,2017-09-08 01:00:00,2017-09-11 13:00:00,1.0
CHF_JPY,2017-09-08 05:00:00,2017-09-12 21:00:00,1.0
CAD_CHF,2017-09-11 09:00:00,2017-09-13 21:00:00,-1.0
CAD_CHF,2017-09-13 17:00:00,2017-09-18 17:00:00,1.0
CAD_CHF,2017-09-14 05:00:00,2017-09-15 13:00:00,1.0
AUD_CAD,2017-09-19 09:00:00,2017-09-26 17:00:00,1.0
AUD_CAD,2017-09-19 17:00:00,2017-09-26 17:00:00,1.0
CAD_CHF,2017-09-20 17:00:00,2017-09-27 21:00:00,1.0
CAD_CHF,2017-09-25 05:00:00,2017-09-25 13:00:00,1.0
CAD_CHF,2017-09-27 09:00:00,2017-09-27 17:00:00,1.0
CAD_CHF,2017-10-03 01:00:00,2017-10-18 17:00:00,-1.0
CAD_CHF,2017-10-04 05:00:00,2017-10-18 21:00:00,-1.0
CAD_CHF,2017-10-04 13:00:00,2017-10-24 13:00:00,0.08576329331047021
CAD_CHF,2017-10-05 05:00:00,2017-10-25 05:00:00,-0.0063934531040207715
CHF_JPY,2017-10-05 09:00:00,2017-10-25 09:00:00,-0.09992353677185702
CHF_JPY,2017-10-08 21:00:00,2017-10-26 21:00:00,-0.7192682227646634
USD_JPY,2017-10-10 13:00:00,2017-10-20 05:00:00,1.0
USD_JPY,2017-10-11 05:00:00,2017-10-20 05:00:00,1.0
CAD_CHF,2017-10-11 21:00:00,2017-10-25 13:00:00,1.0
CAD_CHF,2017-10-12 05:00:00,2017-10-25 13:00:00,1.0
USD_JPY,2017-10-13 05:00:00,2017-10-20 01:00:00,1.0
AUD_CAD,2017-10-13 13:00:00,2017-10-25 13:00:00,1.0
USD_JPY,2017-10-16 05:00:00,2017-10-18 13:00:00,1.0
CHF_JPY,2017-10-16 05:00:00,2017-10-30 13:00:00,-1.0
AUD_CAD,2017-10-16 09:00:00,2017-10-25 13:00:00,1.0
CHF_JPY,2017-10-17 13:00:00,2017-10-22 21:00:00,1.0
CAD_CHF,2017-10-17 21:00:00,2017-10-25 13:00:00,1.0
CAD_CHF,2017-10-18 09:00:00,2017-10-25 13:00:00,1.0
CAD_CHF,2017-10-24 17:00:00,2017-10-25 13:00:00,1.0
CHF_JPY,2017-10-26 13:00:00,2017-11-15 14:00:00,0.17170540258784323
CAD_CHF,2017-10-27 17:00:00,2017-11-06 06:00:00,-1.0
CAD_CHF,2017-11-01 09:00:00,2017-11-03 09:00:00,-1.0
CAD_CHF,2017-11-03 09:00:00,2017-11-14 14:00:00,1.0
EUR_CAD,2017-11-03 13:00:00,2017-11-14 14:00:00,1.0
EUR_CAD,2017-11-06 10:00:00,2017-11-14 10:00:00,1.0
CAD_CHF,2017-11-08 10:00:00,2017-11-14 14:00:00,1.0
CHF_JPY,2017-11-08 10:00:00,2017-11-28 10:00:00,-0.2826450647177934
CHF_JPY,2017-11-09 06:00:00,2017-11-14 10:00:00,1.0
USD_JPY,2017-11-09 14:00:00,2017-11-17 14:00:00,-1.0
USD_JPY,2017-11-15 06:00:00,2017-11-22 14:00:00,-1.0
USD_JPY,2017-11-15 18:00:00,2017-11-22 14:00:00,-1.0
CAD_CHF,2017-11-16 10:00:00,2017-11-24 06:00:00,1.0
USD_JPY,2017-11-16 22:00:00,2017-11-22 18:00:00,-1.0
CHF_JPY,2017-11-17 02:00:00,2017-11-30 18:00:00,1.0
CHF_JPY,2017-11-17 14:00:00,2017-11-30 18:00:00,1.0
CHF_JPY,2017-11-19 22:00:00,2017-11-30 18:00:00,1.0
CAD_CHF,2017-11-21 14:00:00,2017-11-27 14:00:00,1.0
USD_JPY,2017-11-22 14:00:00,2017-12-01 10:00:00,1.0
CAD_CHF,2017-11-27 06:00:00,2017-11-29 22:00:00,1.0
USD_JPY,2017-11-27 10:00:00,2017-11-29 10:00:00,1.0
AUD_CAD,2017-11-28 10:00:00,2017-12-04 10:00:00,1.0
AUD_CAD,2017-11-30 02:00:00,2017-12-01 10:00:00,1.0
CAD_CHF,2017-12-01 10:00:00,2017-12-05 10:00:00,-1.0
CAD_CHF,2017-12-03 22:00:00,2017-12-05 10:00:00,-1.0
CAD_CHF,2017-12-06 06:00:00,2017-12-07 06:00:00,1.0
CAD_CHF,2017-12-08 02:00:00,2017-12-13 18:00:00,1.0
CAD_CHF,2017-12-08 10:00:00,2017-12-13 18:00:00,1.0
AUD_CAD,2017-12-13 10:00:00,2017-12-14 06:00:00,-1.0
CAD_CHF,2017-12-14 14:00:00,2017-12-18 14:00:00,1.0
CAD_CHF,2017-12-20 06:00:00,2017-12-21 10:00:00,-1.0
CAD_CHF,2017-12-21 10:00:00,2018-01-05 10:00:00,-1.0
CAD_CHF,2017-12-26 18:00:00,2018-01-05 10:00:00,-1.0
CAD_CHF,2017-12-27 06:00:00,2018-01-05 14:00:00,-1.0
USD_JPY,2018-01-02 06:00:00,2018-01-11 18:00:00,-1.0
USD_JPY,2018-01-03 10:00:00,2018-01-08 06:00:00,1.0
CAD_CHF,2018-01-03 10:00:00,2018-01-05 10:00:00,-1.0
CAD_CHF,2018-01-03 18:00:00,2018-01-05 10:00:00,-1.0
CAD_CHF,2018-01-04 02:00:00,2018-01-05 10:00:00,-1.0
CAD_CHF,2018-01-05 06:00:00,2018-01-05 14:00:00,-1.0
EUR_CAD,2018-01-05 10:00:00,2018-01-11 10:00:00,1.0
CAD_CHF,2018-01-09 06:00:00,2018-01-10 14:00:00,1.0
CHF_JPY,2018-01-09 10:00:00,2018-01-18 06:00:00,1.0
USD_JPY,2018-01-10 06:00:00,2018-01-14 22:00:00,-1.0
AUD_CAD,2018-01-10 22:00:00,2018-01-17 14:00:00,-1.0
USD_JPY,2018-01-11 06:00:00,2018-01-15 14:00:00,-1.0
USD_JPY,2018-01-12 18:00:00,2018-01-24 02:00:00,-1.0
CAD_CHF,2018-01-16 10:00:00,2018-01-17 14:00:00,1.0
CAD_CHF,2018-01-22 14:00:00,2018-01-24 14:00:00,1.0
USD_JPY,2018-01-23 18:00:00,2018-01-24 14:00:00,-1.0
USD_JPY,2018-01-26 14:00:00,2018-02-01 06:00:00,1.0
CAD_CHF,2018-01-31 10:00:00,2018-02-02 10:00:00,1.0
USD_JPY,2018-02-09 14:00:00,2018-02-14 02:00:00,-1.0
USD_JPY,2018-02-13 02:00:00,2018-02-14 02:00:00,-1.0
CAD_CHF,2018-02-14 18:00:00,2018-02-22 10:00:00,1.0
CAD_CHF,2018-02-19 02:00:00,2018-03-02 02:00:00,1.0
CAD_CHF,2018-02-19 10:00:00,2018-03-02 02:00:00,1.0
CAD_CHF,2018-02-20 02:00:00,2018-03-02 02:00:00,1.0
CHF_JPY,2018-02-23 10:00:00,2018-02-28 14:00:00,-1.0
CAD_CHF,2018-02-23 18:00:00,2018-03-02 02:00:00,1.0
CHF_JPY,2018-02-28 06:00:00,2018-03-01 18:00:00,-1.0
USD_JPY,2018-03-01 18:00:00,2018-03-21 17:00:00,-0.23242683730121233
AUD_CAD,2018-03-02 14:00:00,2018-03-05 22:00:00,-1.0
AUD_CAD,2018-03-05 10:00:00,2018-03-07 14:00:00,-1.0
CAD_CHF,2018-03-06 14:00:00,2018-03-08 18:00:00,-1.0
CAD_CHF,2018-03-07 18:00:00,2018-03-08 18:00:00,-1.0
CHF_JPY,2018-03-08 14:00:00,2018-03-13 09:00:00,1.0
CAD_CHF,2018-03-08 18:00:00,2018-03-13 13:00:00,1.0
CAD_CHF,2018-03-09 18:00:00,2018-03-13 13:00:00,1.0
AUD_CAD,2018-03-13 13:00:00,2018-03-19 09:00:00,1.0
AUD_CAD,2018-03-14 05:00:00,2018-03-16 17:00:00,1.0
CHF_JPY,2018-03-15 13:00:00,2018-03-22 21:00:00,-1.0
CHF_JPY,2018-03-15 21:00:00,2018-03-22 21:00:00,-1.0
CHF_JPY,2018-03-16 17:00:00,2018-04-05 17:00:00,-0.011665888940741926
CAD_CHF,2018-03-20 05:00:00,2018-03-21 09:00:00,-1.0
CAD_CHF,2018-03-21 13:00:00,2018-03-29 13:00:00,-1.0
USD_JPY,2018-03-21 21:00:00,2018-03-28 17:00:00,1.0
USD_JPY,2018-03-22 09:00:00,2018-03-28 13:00:00,1.0
USD_JPY,2018-03-22 17:00:00,2018-03-28 13:00:00,1.0
CAD_CHF,2018-03-23 09:00:00,2018-04-03 09:00:00,-1.0
CAD_CHF,2018-03-27 09:00:00,2018-04-03 09:00:00,-1.0
CAD_CHF,2018-03-28 09:00:00,2018-04-03 09:00:00,-1.0
CAD_CHF,2018-04-03 01:00:00,2018-04-03 13:00:00,-1.0
EUR_CAD,2018-04-03 09:00:00,2018-04-05 17:00:00,-1.0
EUR_CAD,2018-04-04 17:00:00,2018-04-12 09:00:00,-1.0
CAD_CHF,2018-04-04 21:00:00,2018-04-10 17:00:00,-1.0
EUR_CAD,2018-04-05 13:00:00,2018-04-13 09:00:00,-1.0
CAD_CHF,2018-04-05 17:00:00,2018-04-11 13:00:00,-1.0
CAD_CHF,2018-04-06 09:00:00,2018-04-11 21:00:00,-1.0
CAD_CHF,2018-04-10 13:00:00,2018-04-13 05:00:00,-1.0
CAD_CHF,2018-04-11 13:00:00,2018-04-17 13:00:00,-1.0
CAD_CHF,2018-04-12 09:00:00,2018-04-30 13:00:00,-1.0
CHF_JPY,2018-04-17 09:00:00,2018-05-02 17:00:00,-1.0
CAD_CHF,2018-04-17 09:00:00,2018-05-01 13:00:00,-1.0
CHF_JPY,2018-04-18 05:00:00,2018-05-03 09:00:00,-1.0
AUD_CAD,2018-04-18 13:00:00,2018-04-20 09:00:00,1.0
CHF_JPY,2018-04-18 17:00:00,2018-05-03 09:00:00,-1.0
AUD_CAD,2018-04-18 21:00:00,2018-04-20 09:00:00,1.0
CHF_JPY,2018-04-19 13:00:00,2018-05-03 13:00:00,-1.0
CAD_CHF,2018-04-24 21:00:00,2018-04-30 13:00:00,-1.0
CAD_CHF,2018-04-25 17:00:00,2018-04-30 13:00:00,-1.0
CAD_CHF,2018-04-26 13:00:00,2018-05-01 17:00:00,-1.0
CAD_CHF,2018-04-30 09:00:00,2018-05-04 13:00:00,-1.0
EUR_CAD,2018-04-30 13:00:00,2018-05-02 13:00:00,-1.0
CAD_CHF,2018-05-01 09:00:00,2018-05-09 13:00:00,-1.0
CAD_CHF,2018-05-01 17:00:00,2018-05-09 17:00:00,-1.0
CAD_CHF,2018-05-02 01:00:00,2018-05-10 05:00:00,-1.0
EUR_CAD,2018-05-02 13:00:00,2018-05-09 13:00:00,-1.0
CAD_CHF,2018-05-03 05:00:00,2018-05-10 05:00:00,-1.0
CHF_JPY,2018-05-03 09:00:00,2018-05-17 05:00:00,1.0
CAD_CHF,2018-05-04 13:00:00,2018-05-10 05:00:00,-1.0
CAD_CHF,2018-05-07 05:00:00,2018-05-08 13:00:00,1.0
EUR_CAD,2018-05-09 13:00:00,2018-05-16 13:00:00,-1.0
CAD_CHF,2018-05-09 13:00:00,2018-05-18 13:00:00,1.0
CAD_CHF,2018-05-10 05:00:00,2018-05-15 13:00:00,1.0
EUR_CAD,2018-05-10 13:00:00,2018-05-17 05:00:00,-1.0
EUR_CAD,2018-05-16 09:00:00,2018-05-30 13:00:00,-1.0
CAD_CHF,2018-05-16 13:00:00,2018-05-18 13:00:00,1.0
CAD_CHF,2018-05-17 05:00:00,2018-05-18 09:00:00,1.0
AUD_CAD,2018-05-18 13:00:00,2018-05-25 05:00:00,-1.0
AUD_CAD,2018-05-21 09:00:00,2018-05-25 09:00:00,-1.0
CAD_CHF,2018-05-21 17:00:00,2018-05-23 05:00:00,1.0
USD_JPY,2018-05-24 13:00:00,2018-05-29 17:00:00,-1.0
AUD_CAD,2018-05-24 13:00:00,2018-06-04 05:00:00,-1.0
USD_JPY,2018-05-25 09:00:00,2018-05-29 17:00:00,-1.0
AUD_CAD,2018-05-25 09:00:00,2018-05-30 13:00:00,1.0
AUD_CAD,2018-05-28 01:00:00,2018-05-30 13:00:00,1.0
USD_JPY,2018-05-29 05:00:00,2018-06-01 13:00:00,1.0
CHF_JPY,2018-05-29 05:00:00,2018-05-31 09:00:00,1.0
USD_JPY,2018-05-29 21:00:00,2018-06-01 09:00:00,1.0
CAD_CHF,2018-05-30 13:00:00,2018-05-31 13:00:00,1.0
AUD_CAD,2018-06-04 05:00:00,2018-06-18 21:00:00,1.0
CAD_CHF,2018-06-06 09:00:00,2018-06-07 05:00:00,1.0
CAD_CHF,2018-06-08 17:00:00,2018-06-18 13:00:00,1.0
CAD_CHF,2018-06-14 09:00:00,2018-06-18 13:00:00,1.0
CHF_JPY,2018-06-14 21:00:00,2018-07-04 21:00:00,0.3608024245922875
CHF_JPY,2018-06-19 01:00:00,2018-06-29 13:00:00,1.0
AUD_CAD,2018-06-22 09:00:00,2018-06-27 01:00:00,1.0
USD_JPY,2018-06-24 21:00:00,2018-06-29 01:00:00,1.0
USD_JPY,2018-06-25 13:00:00,2018-06-29 01:00:00,1.0
USD_JPY,2018-06-26 01:00:00,2018-06-28 17:00:00,1.0
CAD_CHF,2018-06-26 13:00:00,2018-06-28 13:00:00,-1.0
CAD_CHF,2018-06-27 09:00:00,2018-06-29 13:00:00,-1.0
CHF_JPY,2018-06-28 09:00:00,2018-06-29 01:00:00,1.0
CAD_CHF,2018-06-28 09:00:00,2018-07-05 17:00:00,-1.0
CAD_CHF,2018-06-29 13:00:00,2018-07-12 17:00:00,-1.0
CAD_CHF,2018-07-03 05:00:00,2018-07-12 17:00:00,-1.0
CAD_CHF,2018-07-03 17:00:00,2018-07-12 21:00:00,-1.0
CAD_CHF,2018-07-04 13:00:00,2018-07-13 13:00:00,-1.0
CAD_CHF,2018-07-05 13:00:00,2018-07-25 13:00:00,-0.2577660277594178
CAD_CHF,2018-07-10 09:00:00,2018-07-30 09:00:00,-0.4198906699764941
CAD_CHF,2018-07-12 09:00:00,2018-08-01 09:00:00,-0.44820585831421467
EUR_CAD,2018-07-18 17:00:00,2018-07-27 09:00:00,-1.0
USD_JPY,2018-07-22 21:00:00,2018-08-01 05:00:00,1.0
USD_JPY,2018-07-23 21:00:00,2018-08-12 21:00:00,-0.6823207896582096
CAD_CHF,2018-07-24 13:00:00,2018-07-27 05:00:00,-1.0
CAD_CHF,2018-07-25 09:00:00,2018-08-01 13:00:00,-1.0
EUR_CAD,2018-07-25 09:00:00,2018-07-27 09:00:00,-1.0
CHF_JPY,2018-07-26 05:00:00,2018-07-31 01:00:00,1.0
CAD_CHF,2018-07-27 05:00:00,2018-07-31 01:00:00,1.0
CAD_CHF,2018-07-31 17:00:00,2018-08-20 17:00:00,0.04467688102809472
CAD_CHF,2018-08-01 01:00:00,2018-08-13 01:00:00,1.0
CAD_CHF,2018-08-02 05:00:00,2018-08-12 21:00:00,1.0
CAD_CHF,2018-08-02 13:00:00,2018-08-10 17:00:00,1.0
EUR_CAD,2018-08-02 13:00:00,2018-08-10 09:00:00,-1.0
EUR_CAD,2018-08-03 13:00:00,2018-08-14 09:00:00,-1.0
CAD_CHF,2018-08-06 09:00:00,2018-08-10 05:00:00,1.0
CAD_CHF,2018-08-09 05:00:00,2018-08-12 21:00:00,1.0
USD_JPY,2018-08-10 13:00:00,2018-08-30 13:00:00,0.4542745154706227
USD_JPY,2018-08-12 21:00:00,2018-08-29 13:00:00,1.0
CHF_JPY,2018-08-13 01:00:00,2018-08-14 05:00:00,1.0
EUR_CAD,2018-08-14 05:00:00,2018-08-21 17:00:00,1.0
CAD_CHF,2018-08-14 17:00:00,2018-08-22 09:00:00,1.0
CAD_CHF,2018-08-17 01:00:00,2018-08-29 13:00:00,1.0
CAD_CHF,2018-08-17 09:00:00,2018-08-22 09:00:00,1.0
USD_JPY,2018-08-17 09:00:00,2018-08-29 13:00:00,1.0
CAD_CHF,2018-08-17 17:00:00,2018-08-22 09:00:00,1.0
USD_JPY,2018-08-20 13:00:00,2018-08-23 21:00:00,1.0
CAD_CHF,2018-08-24 17:00:00,2018-08-30 17:00:00,1.0
CAD_CHF,2018-08-29 01:00:00,2018-08-30 09:00:00,1.0
USD_JPY,2018-09-06 13:00:00,2018-09-13 13:00:00,1.0
CAD_CHF,2018-09-10 05:00:00,2018-09-11 17:00:00,-1.0
CHF_JPY,2018-09-10 13:00:00,2018-09-13 09:00:00,1.0
CAD_CHF,2018-09-11 17:00:00,2018-09-28 05:00:00,-1.0
CAD_CHF,2018-09-18 13:00:00,2018-09-19 17:00:00,-1.0
CAD_CHF,2018-09-19 05:00:00,2018-09-28 09:00:00,-1.0
EUR_CAD,2018-09-19 17:00:00,2018-09-24 09:00:00,1.0
CAD_CHF,2018-09-24 17:00:00,2018-09-28 09:00:00,-1.0
CAD_CHF,2018-09-26 09:00:00,2018-09-26 21:00:00,1.0
AUD_CAD,2018-09-26 17:00:00,2018-09-28 13:00:00,1.0
CAD_CHF,2018-09-27 13:00:00,2018-09-28 17:00:00,-1.0
EUR_CAD,2018-09-28 09:00:00,2018-10-01 01:00:00,-1.0
CAD_CHF,2018-09-28 17:00:00,2018-10-01 05:00:00,-1.0
CAD_CHF,2018-10-03 09:00:00,2018-10-10 17:00:00,1.0
CHF_JPY,2018-10-04 13:00:00,2018-10-10 17:00:00,-1.0
CHF_JPY,2018-10-05 05:00:00,2018-10-10 17:00:00,-1.0
CHF_JPY,2018-10-08 05:00:00,2018-10-12 13:00:00,-1.0
CHF_JPY,2018-10-08 21:00:00,2018-10-18 13:00:00,-1.0
USD_JPY,2018-10-09 17:00:00,2018-10-11 17:00:00,-1.0
USD_JPY,2018-10-10 13:00:00,2018-10-26 13:00:00,-1.0
USD_JPY,2018-10-12 13:00:00,2018-10-30 21:00:00,1.0
USD_JPY,2018-10-15 05:00:00,2018-10-22 09:00:00,1.0
CAD_CHF,2018-10-16 09:00:00,2018-11-05 10:00:00,-0.7262335483194384
CHF_JPY,2018-10-18 17:00:00,2018-10-26 13:00:00,-1.0
AUD_CAD,2018-10-19 09:00:00,2018-10-22 21:00:00,1.0
CHF_JPY,2018-10-23 09:00:00,2018-11-12 10:00:00,0.19176987614861593
CAD_CHF,2018-10-23 21:00:00,2018-10-24 13:00:00,-1.0
CAD_CHF,2018-10-24 05:00:00,2018-10-24 13:00:00,-1.0
EUR_CAD,2018-10-24 13:00:00,2018-10-26 05:00:00,1.0
CHF_JPY,2018-10-24 17:00:00,2018-11-07 10:00:00,1.0
CHF_JPY,2018-10-25 21:00:00,2018-11-07 10:00:00,1.0
USD_JPY,2018-10-26 05:00:00,2018-10-30 21:00:00,1.0
USD_JPY,2018-10-26 13:00:00,2018-10-30 21:00:00,1.0
CAD_CHF,2018-10-30 01:00:00,2018-11-19 02:00:00,0.5274661989712387
CAD_CHF,2018-10-30 17:00:00,2018-11-14 18:00:00,1.0
AUD_CAD,2018-11-01 01:00:00,2018-11-02 01:00:00,-1.0
CAD_CHF,2018-11-05 10:00:00,2018-11-09 14:00:00,1.0
CAD_CHF,2018-11-08 06:00:00,2018-11-19 06:00:00,1.0
CAD_CHF,2018-11-08 14:00:00,2018-11-19 06:00:00,1.0
EUR_CAD,2018-11-12 14:00:00,2018-11-14 14:00:00,1.0
AUD_CAD,2018-11-14 22:00:00,2018-11-29 06:00:00,-1.0
CAD_CHF,2018-11-15 18:00:00,2018-11-19 14:00:00,1.0
USD_JPY,2018-11-16 10:00:00,2018-12-06 10:00:00,-0.20370747606436274
AUD_CAD,2018-11-16 14:00:00,2018-11-23 10:00:00,1.0
CAD_CHF,2018-11-22 10:00:00,2018-12-05 22:00:00,1.0
CAD_CHF,2018-11-23 14:00:00,2018-11-28 22:00:00,1.0
AUD_CAD,2018-11-28 14:00:00,2018-12-07 14:00:00,1.0
AUD_CAD,2018-11-29 18:00:00,2018-12-07 10:00:00,1.0
CAD_CHF,2018-12-02 22:00:00,2018-12-05 14:00:00,1.0
EUR_CAD,2018-12-03 10:00:00,2018-12-05 06:00:00,1.0
USD_JPY,2018-12-04 06:00:00,2018-12-20 10:00:00,-1.0
USD_JPY,2018-12-04 14:00:00,2018-12-20 10:00:00,-1.0
CHF_JPY,2018-12-04 14:00:00,2018-12-10 14:00:00,1.0
CHF_JPY,2018-12-05 02:00:00,2018-12-10 14:00:00,1.0
USD_JPY,2018-12-05 22:00:00,2018-12-20 06:00:00,-1.0
CHF_JPY,2018-12-06 06:00:00,2018-12-10 10:00:00,1.0
CAD_CHF,2018-12-07 10:00:00,2018-12-10 14:00:00,1.0
USD_JPY,2018-12-09 22:00:00,2018-12-11 14:00:00,1.0
CAD_CHF,2018-12-12 10:00:00,2018-12-18 14:00:00,1.0
CAD_CHF,2018-12-14 10:00:00,2018-12-18 14:00:00,1.0
USD_JPY,2018-12-18 06:00:00,2018-12-20 14:00:00,-1.0
USD_JPY,2018-12-19 02:00:00,2018-12-20 14:00:00,-1.0
CHF_JPY,2018-12-19 06:00:00,2018-12-21 14:00:00,-1.0
USD_JPY,2018-12-19 14:00:00,2018-12-20 14:00:00,-1.0
CHF_JPY,2018-12-20 02:00:00,2018-12-21 18:00:00,-1.0
USD_JPY,2018-12-20 02:00:00,2018-12-20 18:00:00,-1.0
CHF_JPY,2018-12-20 10:00:00,2018-12-21 18:00:00,-1.0
CHF_JPY,2018-12-21 06:00:00,2019-01-02 02:00:00,-1.0
USD_JPY,2018-12-21 18:00:00,2018-12-25 22:00:00,-1.0
CAD_CHF,2018-12-24 06:00:00,2018-12-24 18:00:00,1.0
USD_JPY,2018-12-24 10:00:00,2018-12-31 18:00:00,-1.0
CAD_CHF,2018-12-26 18:00:00,2018-12-27 10:00:00,1.0
USD_JPY,2018-12-31 14:00:00,2019-01-02 22:00:00,-1.0
CHF_JPY,2019-01-02 06:00:00,2019-01-02 22:00:00,-1.0
CAD_CHF,2019-01-02 10:00:00,2019-01-03 14:00:00,-1.0
USD_JPY,2019-01-02 18:00:00,2019-01-02 22:00:00,-1.0
CAD_CHF,2019-01-03 10:00:00,2019-01-04 14:00:00,-1.0
EUR_CAD,2019-01-03 14:00:00,2019-01-08 02:00:00,-1.0
EUR_CAD,2019-01-04 06:00:00,2019-01-08 02:00:00,-1.0
CAD_CHF,2019-01-08 02:00:00,2019-01-16 06:00:00,-1.0
CAD_CHF,2019-01-08 22:00:00,2019-01-16 14:00:00,-1.0
CAD_CHF,2019-01-10 14:00:00,2019-01-17 18:00:00,-1.0
CAD_CHF,2019-01-15 06:00:00,2019-01-17 18:00:00,-1.0
EUR_CAD,2019-01-15 14:00:00,2019-02-03 22:00:00,-1.0
EUR_CAD,2019-01-16 10:00:00,2019-02-05 10:00:00,-0.730096110566868
CAD_CHF,2019-01-16 14:00:00,2019-01-30 10:00:00,-1.0
CAD_CHF,2019-01-17 18:00:00,2019-01-30 10:00:00,-1.0
CAD_CHF,2019-01-18 06:00:00,2019-01-30 14:00:00,-1.0
EUR_CAD,2019-01-18 14:00:00,2019-01-23 14:00:00,1.0
CAD_CHF,2019-01-25 02:00:00,2019-01-30 10:00:00,-1.0
CAD_CHF,2019-01-30 02:00:00,2019-01-30 18:00:00,-1.0
USD_JPY,2019-01-30 18:00:00,2019-02-04 14:00:00,1.0
CHF_JPY,2019-01-31 02:00:00,2019-02-19 22:00:00,1.0
AUD_CAD,2019-01-31 10:00:00,2019-02-03 22:00:00,1.0
EUR_CAD,2019-01-31 14:00:00,2019-02-20 14:00:00,-0.6098776258619996
USD_JPY,2019-01-31 22:00:00,2019-02-04 06:00:00,1.0
EUR_CAD,2019-02-01 14:00:00,2019-02-21 14:00:00,-0.3672427467891174
CAD_CHF,2019-02-01 14:00:00,2019-02-07 14:00:00,1.0
CAD_CHF,2019-02-05 06:00:00,2019-02-07 10:00:00,1.0
CAD_CHF,2019-02-11 06:00:00,2019-03-01 06:00:00,-0.80224522756757
CAD_CHF,2019-02-12 06:00:00,2019-03-04 06:00:00,0.7435924480540088
EUR_CAD,2019-02-13 14:00:00,2019-03-01 14:00:00,1.0
AUD_CAD,2019-02-18 06:00:00,2019-02-21 02:00:00,1.0
CAD_CHF,2019-02-20 18:00:00,2019-03-01 18:00:00,1.0
CAD_CHF,2019-02-22 18:00:00,2019-02-28 10:00:00,1.0
EUR_CAD,2019-02-22 18:00:00,2019-03-01 10:00:00,1.0
EUR_CAD,2019-02-25 06:00:00,2019-02-26 10:00:00,1.0
CAD_CHF,2019-02-27 14:00:00,2019-02-28 10:00:00,1.0
CAD_CHF,2019-03-05 14:00:00,2019-03-21 01:00:00,1.0
CHF_JPY,2019-03-07 22:00:00,2019-03-14 17:00:00,1.0
CAD_CHF,2019-03-11 09:00:00,2019-03-21 09:00:00,1.0
CAD_CHF,2019-03-19 09:00:00,2019-03-20 17:00:00,1.0
USD_JPY,2019-03-20 17:00:00,2019-04-09 17:00:00,0.36397135193230434
AUD_CAD,2019-03-20 21:00:00,2019-04-02 13:00:00,1.0
USD_JPY,2019-03-22 05:00:00,2019-04-04 17:00:00,1.0
AUD_CAD,2019-03-25 09:00:00,2019-04-02 01:00:00,1.0
CAD_CHF,2019-03-26 13:00:00,2019-04-01 13:00:00,-1.0
CAD_CHF,2019-03-29 09:00:00,2019-04-10 13:00:00,-1.0
EUR_CAD,2019-03-29 09:00:00,2019-04-16 05:00:00,1.0
EUR_CAD,2019-04-01 13:00:00,2019-04-11 13:00:00,1.0
CAD_CHF,2019-04-01 13:00:00,2019-04-17 05:00:00,-1.0
CAD_CHF,2019-04-08 13:00:00,2019-04-17 09:00:00,-1.0
CHF_JPY,2019-04-10 01:00:00,2019-04-22 21:00:00,-1.0
USD_JPY,2019-04-10 13:00:00,2019-04-12 09:00:00,1.0
CAD_CHF,2019-04-10 13:00:00,2019-04-22 13:00:00,-1.0
CAD_CHF,2019-04-12 13:00:00,2019-04-17 09:00:00,-1.0
CAD_CHF,2019-04-15 09:00:00,2019-04-22 13:00:00,-1.0
AUD_CAD,2019-04-15 13:00:00,2019-04-24 01:00:00,1.0
CAD_CHF,2019-04-16 13:00:00,2019-04-23 05:00:00,-1.0
CAD_CHF,2019-04-17 05:00:00,2019-05-07 05:00:00,-0.21292353267913208
CHF_JPY,2019-04-18 09:00:00,2019-04-25 13:00:00,-1.0
CAD_CHF,2019-04-18 17:00:00,2019-05-08 17:00:00,0.18584175772034509
CAD_CHF,2019-04-22 13:00:00,2019-04-24 13:00:00,1.0
CAD_CHF,2019-04-23 05:00:00,2019-04-24 13:00:00,1.0
CHF_JPY,2019-04-23 09:00:00,2019-05-07 09:00:00,-1.0
USD_JPY,2019-04-25 13:00:00,2019-05-05 21:00:00,-1.0
CAD_CHF,2019-04-26 09:00:00,2019-05-13 09:00:00,1.0
CAD_CHF,2019-04-29 09:00:00,2019-05-09 13:00:00,1.0
USD_JPY,2019-04-30 01:00:00,2019-05-05 21:00:00,-1.0
CAD_CHF,2019-04-30 13:00:00,2019-05-09 13:00:00,1.0
USD_JPY,2019-05-01 13:00:00,2019-05-08 01:00:00,-1.0
CAD_CHF,2019-05-03 05:00:00,2019-05-13 09:00:00,1.0
USD_JPY,2019-05-03 13:00:00,2019-05-07 21:00:00,-1.0
CHF_JPY,2019-05-05 21:00:00,2019-05-23 21:00:00,0.6031696334017831
CHF_JPY,2019-05-06 05:00:00,2019-05-08 21:00:00,-1.0
CHF_JPY,2019-05-06 17:00:00,2019-05-08 21:00:00,-1.0
CHF_JPY,2019-05-07 05:00:00,2019-05-27 05:00:00,0.26343179787596543
USD_JPY,2019-05-13 09:00:00,2019-05-19 21:00:00,1.0
CAD_CHF,2019-05-15 13:00:00,2019-05-30 21:00:00,1.0
EUR_CAD,2019-05-16 09:00:00,2019-06-05 09:00:00,0.5949093328896999
EUR_CAD,2019-05-17 17:00:00,2019-06-06 17:00:00,0.15628636983340907
CAD_CHF,2019-05-19 21:00:00,2019-05-23 13:00:00,1.0
EUR_CAD,2019-05-21 05:00:00,2019-05-31 09:00:00,1.0
CAD_CHF,2019-05-21 09:00:00,2019-05-23 13:00:00,1.0
CAD_CHF,2019-05-21 17:00:00,2019-05-23 13:00:00,1.0
EUR_CAD,2019-05-22 09:00:00,2019-05-23 17:00:00,1.0
CAD_CHF,2019-05-27 01:00:00,2019-06-03 05:00:00,1.0
CHF_JPY,2019-05-28 13:00:00,2019-06-09 21:00:00,1.0
CAD_CHF,2019-05-30 05:00:00,2019-05-31 17:00:00,1.0
USD_JPY,2019-05-31 05:00:00,2019-06-19 21:00:00,-1.0
CHF_JPY,2019-05-31 05:00:00,2019-06-05 09:00:00,1.0
CHF_JPY,2019-05-31 17:00:00,2019-06-05 09:00:00,1.0
CAD_CHF,2019-06-04 13:00:00,2019-06-11 09:00:00,-1.0
CAD_CHF,2019-06-07 01:00:00,2019-06-27 01:00:00,-0.5708823093805133
CAD_CHF,2019-06-09 21:00:00,2019-06-24 13:00:00,1.0
EUR_CAD,2019-06-10 01:00:00,2019-06-28 01:00:00,-0.8626949390784197
CAD_CHF,2019-06-11 05:00:00,2019-06-21 13:00:00,1.0
CAD_CHF,2019-06-12 09:00:00,2019-06-21 13:00:00,1.0
CAD_CHF,2019-06-14 09:00:00,2019-06-21 13:00:00,1.0
CHF_JPY,2019-06-18 05:00:00,2019-06-20 13:00:00,1.0
CAD_CHF,2019-06-18 13:00:00,2019-06-21 13:00:00,1.0
EUR_CAD,2019-06-18 17:00:00,2019-07-01 05:00:00,-1.0
EUR_CAD,2019-06-19 09:00:00,2019-07-02 01:00:00,-1.0
EUR_CAD,2019-06-19 17:00:00,2019-07-03 09:00:00,-1.0
USD_JPY,2019-06-19 17:00:00,2019-06-25 01:00:00,-1.0
USD_JPY,2019-06-21 17:00:00,2019-06-30 21:00:00,1.0
USD_JPY,2019-06-25 01:00:00,2019-06-27 01:00:00,1.0
CAD_CHF,2019-06-26 09:00:00,2019-07-01 05:00:00,-1.0
CAD_CHF,2019-06-27 01:00:00,2019-07-03 13:00:00,-1.0
CAD_CHF,2019-06-30 21:00:00,2019-07-03 17:00:00,-1.0
CHF_JPY,2019-07-03 01:00:00,2019-07-23 01:00:00,0.5968892184596217
CAD_CHF,2019-07-03 09:00:00,2019-07-08 13:00:00,-1.0
EUR_CAD,2019-07-03 13:00:00,2019-07-23 13:00:00,-0.6774902343750151
CAD_CHF,2019-07-05 05:00:00,2019-07-22 13:00:00,1.0
CAD_CHF,2019-07-08 09:00:00,2019-07-19 09:00:00,1.0
CAD_CHF,2019-07-11 13:00:00,2019-07-22 13:00:00,1.0
CAD_CHF,2019-07-16 09:00:00,2019-07-19 09:00:00,1.0
EUR_CAD,2019-07-16 09:00:00,2019-08-05 09:00:00,1.0
EUR_CAD,2019-07-17 05:00:00,2019-08-05 13:00:00,1.0
CAD_CHF,2019-07-17 05:00:00,2019-07-19 09:00:00,1.0
EUR_CAD,2019-07-17 13:00:00,2019-08-05 13:00:00,1.0
CHF_JPY,2019-07-18 13:00:00,2019-08-02 01:00:00,-1.0
USD_JPY,2019-07-18 17:00:00,2019-07-25 13:00:00,1.0
EUR_CAD,2019-07-25 05:00:00,2019-08-05 09:00:00,1.0
CAD_CHF,2019-07-25 05:00:00,2019-08-02 09:00:00,1.0
CAD_CHF,2019-07-26 17:00:00,2019-08-02 05:00:00,1.0
EUR_CAD,2019-07-31 17:00:00,2019-08-05 09:00:00,1.0
EUR_CAD,2019-08-01 09:00:00,2019-08-05 05:00:00,1.0
CHF_JPY,2019-08-01 09:00:00,2019-08-12 05:00:00,-1.0
USD_JPY,2019-08-01 17:00:00,2019-08-04 21:00:00,-1.0
CAD_CHF,2019-08-08 13:00:00,2019-08-13 09:00:00,1.0
CAD_CHF,2019-08-13 13:00:00,2019-08-14 09:00:00,1.0
CAD_CHF,2019-08-15 21:00:00,2019-08-22 09:00:00,-1.0
EUR_CAD,2019-08-16 09:00:00,2019-09-03 01:00:00,-1.0
EUR_CAD,2019-08-16 17:00:00,2019-09-05 01:00:00,-1.0
CAD_CHF,2019-08-19 09:00:00,2019-08-23 13:00:00,1.0
CAD_CHF,2019-08-21 09:00:00,2019-08-25 21:00:00,1.0
CAD_CHF,2019-08-22 09:00:00,2019-08-23 13:00:00,1.0
CHF_JPY,2019-08-22 13:00:00,2019-09-01 21:00:00,-1.0
CAD_CHF,2019-08-23 05:00:00,2019-08-23 13:00:00,1.0
CHF_JPY,2019-08-23 05:00:00,2019-09-03 05:00:00,-1.0
USD_JPY,2019-08-23 13:00:00,2019-08-29 13:00:00,1.0
CHF_JPY,2019-08-25 21:00:00,2019-09-12 05:00:00,1.0
CHF_JPY,2019-08-27 05:00:00,2019-09-03 05:00:00,-1.0
CHF_JPY,2019-08-27 13:00:00,2019-09-12 05:00:00,1.0
CAD_CHF,2019-08-29 05:00:00,2019-09-06 05:00:00,-1.0
CAD_CHF,2019-08-29 13:00:00,2019-09-06 05:00:00,-1.0
EUR_CAD,2019-08-30 09:00:00,2019-09-11 09:00:00,-1.0
CAD_CHF,2019-08-30 09:00:00,2019-09-09 05:00:00,-1.0
CHF_JPY,2019-08-30 09:00:00,2019-09-05 01:00:00,1.0
EUR_CAD,2019-09-02 13:00:00,2019-09-11 09:00:00,-1.0
CHF_JPY,2019-09-02 21:00:00,2019-09-04 13:00:00,1.0
EUR_CAD,2019-09-03 01:00:00,2019-09-12 09:00:00,-1.0
AUD_CAD,2019-09-03 17:00:00,2019-09-13 13:00:00,-1.0
CAD_CHF,2019-09-05 01:00:00,2019-09-06 09:00:00,-1.0
CAD_CHF,2019-09-06 01:00:00,2019-09-09 13:00:00,-1.0
CAD_CHF,2019-09-09 05:00:00,2019-09-13 13:00:00,1.0
CAD_CHF,2019-09-10 13:00:00,2019-09-13 05:00:00,1.0
EUR_CAD,2019-09-11 09:00:00,2019-09-12 13:00:00,1.0
EUR_CAD,2019-09-12 09:00:00,2019-09-12 13:00:00,1.0
AUD_CAD,2019-09-13 05:00:00,2019-09-19 21:00:00,1.0
AUD_CAD,2019-09-13 13:00:00,2019-09-19 01:00:00,1.0
AUD_CAD,2019-09-16 05:00:00,2019-09-19 01:00:00,1.0
CAD_CHF,2019-09-16 13:00:00,2019-10-02 09:00:00,-1.0
CAD_CHF,2019-09-18 09:00:00,2019-09-25 13:00:00,1.0
USD_JPY,2019-09-20 17:00:00,2019-10-03 13:00:00,-1.0
USD_JPY,2019-09-23 05:00:00,2019-10-01 05:00:00,1.0
USD_JPY,2019-09-24 13:00:00,2019-09-27 09:00:00,1.0
EUR_CAD,2019-09-25 13:00:00,2019-10-03 13:00:00,1.0
CAD_CHF,2019-09-25 17:00:00,2019-10-01 01:00:00,-1.0
CAD_CHF,2019-09-26 05:00:00,2019-10-15 21:00:00,-1.0
CHF_JPY,2019-09-26 05:00:00,2019-10-03 05:00:00,-1.0
EUR_CAD,2019-09-26 17:00:00,2019-10-03 13:00:00,1.0
CAD_CHF,2019-09-30 05:00:00,2019-10-18 05:00:00,-0.3213419024507327
CHF_JPY,2019-10-02 05:00:00,2019-10-11 13:00:00,1.0
USD_JPY,2019-10-02 13:00:00,2019-10-11 09:00:00,1.0
USD_JPY,2019-10-02 21:00:00,2019-10-10 21:00:00,1.0
USD_JPY,2019-10-03 09:00:00,2019-10-10 21:00:00,1.0
CAD_CHF,2019-10-08 01:00:00,2019-10-11 09:00:00,-1.0
CAD_CHF,2019-10-10 13:00:00,2019-10-11 13:00:00,-1.0
CAD_CHF,2019-10-11 01:00:00,2019-10-23 17:00:00,-1.0
EUR_CAD,2019-10-15 09:00:00,2019-10-31 05:00:00,1.0
CAD_CHF,2019-10-15 13:00:00,2019-10-31 09:00:00,1.0
CAD_CHF,2019-10-21 13:00:00,2019-10-25 13:00:00,-1.0
CAD_CHF,2019-10-22 13:00:00,2019-10-28 09:00:00,-1.0
CAD_CHF,2019-10-23 13:00:00,2019-10-31 09:00:00,1.0
CAD_CHF,2019-10-24 13:00:00,2019-10-30 17:00:00,1.0
EUR_CAD,2019-10-24 17:00:00,2019-10-30 17:00:00,1.0
EUR_CAD,2019-10-25 09:00:00,2019-10-30 13:00:00,1.0
CAD_CHF,2019-10-25 13:00:00,2019-10-30 13:00:00,1.0
CAD_CHF,2019-10-28 09:00:00,2019-10-30 13:00:00,1.0
CAD_CHF,2019-10-29 05:00:00,2019-10-30 13:00:00,1.0
AUD_CAD,2019-10-30 13:00:00,2019-11-19 14:00:00,0.22522522522522986
USD_JPY,2019-10-31 09:00:00,2019-11-07 14:00:00,1.0
CAD_CHF,2019-11-03 22:00:00,2019-11-20 18:00:00,1.0
CAD_CHF,2019-11-04 22:00:00,2019-11-20 14:00:00,1.0
CAD_CHF,2019-11-07 14:00:00,2019-11-12 22:00:00,1.0
USD_JPY,2019-11-14 14:00:00,2019-11-27 18:00:00,1.0
CAD_CHF,2019-11-19 06:00:00,2019-11-20 18:00:00,1.0
CHF_JPY,2019-11-20 06:00:00,2019-12-10 06:00:00,0.6601263565962249
USD_JPY,2019-11-20 22:00:00,2019-11-27 14:00:00,1.0
CAD_CHF,2019-11-21 14:00:00,2019-12-11 14:00:00,-0.0361262008616759
CHF_JPY,2019-11-22 06:00:00,2019-12-10 14:00:00,1.0
CAD_CHF,2019-11-22 10:00:00,2019-12-03 10:00:00,1.0
CAD_CHF,2019-11-26 14:00:00,2019-12-03 10:00:00,1.0
CAD_CHF,2019-11-27 10:00:00,2019-12-02 18:00:00,1.0
CAD_CHF,2019-11-29 10:00:00,2019-12-02 18:00:00,1.0
CAD_CHF,2019-11-29 18:00:00,2019-12-02 22:00:00,1.0
AUD_CAD,2019-12-02 14:00:00,2019-12-20 14:00:00,-0.24935179566393106
CAD_CHF,2019-12-04 14:00:00,2019-12-24 14:00:00,0.623007243960025
CAD_CHF,2019-12-11 14:00:00,2020-01-02 14:00:00,-0.16188373804268327
CAD_CHF,2019-12-12 14:00:00,2020-01-03 14:00:00,0.060144346431428915
CAD_CHF,2019-12-18 10:00:00,2020-01-09 10:00:00,0.37199593213081683
EUR_CAD,2019-12-18 10:00:00,2020-01-03 10:00:00,-1.0
EUR_CAD,2019-12-19 10:00:00,2020-01-10 10:00:00,-0.7775164725161036
CAD_CHF,2019-12-26 14:00:00,2020-01-14 10:00:00,1.0
USD_JPY,2019-12-30 02:00:00,2020-01-03 02:00:00,-1.0
CAD_CHF,2019-12-31 14:00:00,2020-01-15 10:00:00,1.0
EUR_CAD,2020-01-02 06:00:00,2020-01-22 06:00:00,-0.36165867946452934
USD_JPY,2020-01-02 14:00:00,2020-01-10 06:00:00,1.0
CAD_CHF,2020-01-02 14:00:00,2020-01-14 06:00:00,1.0
EUR_CAD,2020-01-02 14:00:00,2020-01-22 14:00:00,0.41258842410507596
CAD_CHF,2020-01-03 06:00:00,2020-01-14 06:00:00,1.0
USD_JPY,2020-01-06 06:00:00,2020-01-08 14:00:00,1.0
CAD_CHF,2020-01-07 06:00:00,2020-01-14 06:00:00,1.0
CAD_CHF,2020-01-10 10:00:00,2020-01-14 10:00:00,1.0
CAD_CHF,2020-01-17 06:00:00,2020-01-30 14:00:00,1.0
EUR_CAD,2020-01-20 14:00:00,2020-01-23 10:00:00,1.0
CAD_CHF,2020-01-20 14:00:00,2020-01-23 10:00:00,1.0
CAD_CHF,2020-01-22 06:00:00,2020-01-22 22:00:00,1.0
USD_JPY,2020-01-22 22:00:00,2020-01-31 14:00:00,-1.0
CHF_JPY,2020-01-23 14:00:00,2020-02-12 14:00:00,-0.28801332837064325
CHF_JPY,2020-01-23 22:00:00,2020-01-29 14:00:00,-1.0
CAD_CHF,2020-01-24 02:00:00,2020-01-31 10:00:00,1.0
USD_JPY,2020-01-24 14:00:00,2020-02-13 14:00:00,0.40064029270523976
CHF_JPY,2020-01-24 14:00:00,2020-02-13 14:00:00,-0.41288558185789803
USD_JPY,2020-01-28 06:00:00,2020-02-06 02:00:00,1.0
CAD_CHF,2020-01-28 14:00:00,2020-01-31 10:00:00,1.0
USD_JPY,2020-01-30 14:00:00,2020-02-05 06:00:00,1.0
USD_JPY,2020-01-31 14:00:00,2020-02-04 18:00:00,1.0
CAD_CHF,2020-02-04 06:00:00,2020-02-12 14:00:00,-1.0
CAD_CHF,2020-02-05 06:00:00,2020-02-14 06:00:00,-1.0
CAD_CHF,2020-02-07 14:00:00,2020-02-17 02:00:00,-1.0
CAD_CHF,2020-02-10 02:00:00,2020-02-17 10:00:00,-1.0
CAD_CHF,2020-02-11 02:00:00,2020-02-19 06:00:00,-1.0
EUR_CAD,2020-02-12 10:00:00,2020-02-18 14:00:00,-1.0
CAD_CHF,2020-02-12 14:00:00,2020-02-26 22:00:00,1.0
EUR_CAD,2020-02-13 10:00:00,2020-02-26 22:00:00,1.0
CHF_JPY,2020-02-14 06:00:00,2020-02-19 14:00:00,1.0
CAD_CHF,2020-02-14 06:00:00,2020-02-26 06:00:00,1.0
CHF_JPY,2020-02-14 14:00:00,2020-02-19 14:00:00,1.0
CAD_CHF,2020-02-16 22:00:00,2020-02-25 14:00:00,1.0
CAD_CHF,2020-02-19 02:00:00,2020-02-25 14:00:00,1.0
USD_JPY,2020-02-28 02:00:00,2020-02-28 14:00:00,-1.0
CHF_JPY,2020-02-28 14:00:00,2020-03-02 18:00:00,1.0
AUD_CAD,2020-03-03 14:00:00,2020-03-06 14:00:00,-1.0
USD_JPY,2020-03-03 18:00:00,2020-03-05 18:00:00,-1.0
AUD_CAD,2020-03-04 06:00:00,2020-03-06 10:00:00,-1.0
AUD_CAD,2020-03-05 02:00:00,2020-03-08 21:00:00,-1.0
USD_JPY,2020-03-05 14:00:00,2020-03-06 06:00:00,-1.0
USD_JPY,2020-03-08 21:00:00,2020-03-09 01:00:00,-1.0
AUD_CAD,2020-03-08 21:00:00,2020-03-09 01:00:00,1.0
CHF_JPY,2020-03-09 01:00:00,2020-03-09 09:00:00,-1.0
AUD_CAD,2020-03-09 05:00:00,2020-03-09 13:00:00,-1.0
AUD_CAD,2020-03-09 17:00:00,2020-03-10 05:00:00,1.0
CHF_JPY,2020-03-12 09:00:00,2020-03-12 13:00:00,1.0
CAD_CHF,2020-03-12 13:00:00,2020-03-12 17:00:00,1.0
CAD_CHF,2020-03-13 09:00:00,2020-03-13 13:00:00,1.0
CAD_CHF,2020-03-19 13:00:00,2020-03-20 05:00:00,-1.0
CAD_CHF,2020-03-20 05:00:00,2020-03-22 21:00:00,1.0
EUR_CAD,2020-03-20 05:00:00,2020-03-22 21:00:00,1.0
CAD_CHF,2020-03-25 01:00:00,2020-03-25 17:00:00,-1.0
CAD_CHF,2020-03-25 17:00:00,2020-03-27 13:00:00,1.0
CAD_CHF,2020-03-31 13:00:00,2020-04-02 13:00:00,-1.0
CHF_JPY,2020-03-31 13:00:00,2020-04-02 13:00:00,-1.0
CHF_JPY,2020-04-01 05:00:00,2020-04-02 13:00:00,-1.0
CAD_CHF,2020-04-02 05:00:00,2020-04-03 09:00:00,-1.0
CHF_JPY,2020-04-02 05:00:00,2020-04-07 09:00:00,1.0
EUR_CAD,2020-04-02 05:00:00,2020-04-03 05:00:00,-1.0
EUR_CAD,2020-04-02 13:00:00,2020-04-13 17:00:00,-1.0
CAD_CHF,2020-04-02 13:00:00,2020-04-07 05:00:00,-1.0
CAD_CHF,2020-04-03 09:00:00,2020-04-05 21:00:00,1.0
EUR_CAD,2020-04-06 05:00:00,2020-04-15 13:00:00,1.0
CAD_CHF,2020-04-07 13:00:00,2020-04-15 05:00:00,1.0
AUD_CAD,2020-04-09 13:00:00,2020-04-13 09:00:00,-1.0
CAD_CHF,2020-04-13 13:00:00,2020-04-15 09:00:00,1.0
USD_JPY,2020-04-14 09:00:00,2020-05-04 09:00:00,-0.47775149471959394
CAD_CHF,2020-04-16 17:00:00,2020-04-21 09:00:00,1.0
CAD_CHF,2020-04-22 13:00:00,2020-04-23 13:00:00,-1.0
CAD_CHF,2020-04-23 05:00:00,2020-04-23 17:00:00,-1.0
CHF_JPY,2020-04-23 05:00:00,2020-04-28 05:00:00,-1.0
CHF_JPY,2020-04-24 13:00:00,2020-04-30 17:00:00,1.0
AUD_CAD,2020-04-24 17:00:00,2020-04-27 05:00:00,-1.0
USD_JPY,2020-04-27 01:00:00,2020-05-05 21:00:00,-1.0
CHF_JPY,2020-04-27 09:00:00,2020-04-30 17:00:00,1.0
CAD_CHF,2020-04-27 13:00:00,2020-04-29 17:00:00,-1.0
USD_JPY,2020-04-27 17:00:00,2020-05-05 21:00:00,-1.0
CAD_CHF,2020-04-28 05:00:00,2020-05-01 01:00:00,1.0
CHF_JPY,2020-04-28 05:00:00,2020-04-30 13:00:00,1.0
USD_JPY,2020-04-28 05:00:00,2020-05-06 17:00:00,-1.0
CAD_CHF,2020-04-29 09:00:00,2020-04-30 21:00:00,1.0
USD_JPY,2020-04-30 01:00:00,2020-05-11 13:00:00,1.0
CAD_CHF,2020-05-05 05:00:00,2020-05-07 13:00:00,-1.0
USD_JPY,2020-05-05 21:00:00,2020-05-11 09:00:00,1.0
USD_JPY,2020-05-06 09:00:00,2020-05-11 05:00:00,1.0
CHF_JPY,2020-05-06 13:00:00,2020-05-08 13:00:00,1.0
CAD_CHF,2020-05-07 13:00:00,2020-05-12 17:00:00,1.0
CAD_CHF,2020-05-11 01:00:00,2020-05-12 13:00:00,1.0
AUD_CAD,2020-05-13 09:00:00,2020-05-14 09:00:00,1.0
CAD_CHF,2020-05-14 13:00:00,2020-05-18 17:00:00,-1.0
CAD_CHF,2020-05-18 13:00:00,2020-05-27 05:00:00,-1.0
AUD_CAD,2020-05-20 13:00:00,2020-05-27 13:00:00,1.0
CAD_CHF,2020-05-26 01:00:00,2020-05-27 05:00:00,-1.0
EUR_CAD,2020-05-26 09:00:00,2020-05-29 09:00:00,1.0
CAD_CHF,2020-05-27 05:00:00,2020-05-29 05:00:00,1.0
USD_JPY,2020-05-29 01:00:00,2020-06-02 09:00:00,1.0
AUD_CAD,2020-06-01 01:00:00,2020-06-02 17:00:00,-1.0
CAD_CHF,2020-06-01 09:00:00,2020-06-01 17:00:00,-1.0
EUR_CAD,2020-06-01 21:00:00,2020-06-04 13:00:00,1.0
AUD_CAD,2020-06-02 05:00:00,2020-06-02 21:00:00,-1.0
AUD_CAD,2020-06-03 13:00:00,2020-06-23 13:00:00,-0.30238273319799097
CAD_CHF,2020-06-05 09:00:00,2020-06-09 05:00:00,1.0
USD_JPY,2020-06-11 05:00:00,2020-06-30 13:00:00,1.0
USD_JPY,2020-06-11 13:00:00,2020-06-29 13:00:00,1.0
CAD_CHF,2020-06-16 17:00:00,2020-06-24 17:00:00,1.0
CHF_JPY,2020-06-18 09:00:00,2020-06-29 13:00:00,1.0
CAD_CHF,2020-06-22 17:00:00,2020-06-26 05:00:00,1.0
USD_JPY,2020-06-23 09:00:00,2020-06-29 13:00:00,1.0
AUD_CAD,2020-06-23 09:00:00,2020-07-13 09:00:00,-0.5158367190657513
USD_JPY,2020-06-24 05:00:00,2020-06-29 13:00:00,1.0
CAD_CHF,2020-06-29 13:00:00,2020-07-14 05:00:00,1.0
CAD_CHF,2020-07-01 05:00:00,2020-07-10 13:00:00,1.0
AUD_CAD,2020-07-06 09:00:00,2020-07-21 09:00:00,-1.0
AUD_CAD,2020-07-06 21:00:00,2020-07-21 09:00:00,-1.0
AUD_CAD,2020-07-07 13:00:00,2020-07-21 13:00:00,-1.0
CAD_CHF,2020-07-09 05:00:00,2020-07-24 05:00:00,1.0
USD_JPY,2020-07-09 21:00:00,2020-07-24 13:00:00,-1.0
CAD_CHF,2020-07-13 05:00:00,2020-07-24 13:00:00,1.0
AUD_CAD,2020-07-14 13:00:00,2020-07-21 17:00:00,-1.0
CAD_CHF,2020-07-15 09:00:00,2020-07-24 13:00:00,1.0
USD_JPY,2020-07-15 09:00:00,2020-07-24 13:00:00,-1.0
CHF_JPY,2020-07-15 09:00:00,2020-07-21 17:00:00,1.0
CAD_CHF,2020-07-20 21:00:00,2020-07-24 13:00:00,1.0
AUD_CAD,2020-07-21 09:00:00,2020-07-22 09:00:00,-1.0
USD_JPY,2020-07-21 13:00:00,2020-07-24 13:00:00,-1.0
USD_JPY,2020-07-23 13:00:00,2020-07-24 13:00:00,-1.0
USD_JPY,2020-07-23 21:00:00,2020-07-27 01:00:00,-1.0
USD_JPY,2020-07-29 05:00:00,2020-07-31 13:00:00,1.0
AUD_CAD,2020-07-30 17:00:00,2020-07-31 17:00:00,1.0
CAD_CHF,2020-08-02 21:00:00,2020-08-11 13:00:00,-1.0
CAD_CHF,2020-08-03 09:00:00,2020-08-19 17:00:00,-1.0
CAD_CHF,2020-08-10 09:00:00,2020-08-19 13:00:00,-1.0
CAD_CHF,2020-08-10 21:00:00,2020-08-19 17:00:00,-1.0
CAD_CHF,2020-08-11 13:00:00,2020-08-31 13:00:00,-0.4351736342800743
EUR_CAD,2020-08-11 17:00:00,2020-08-31 17:00:00,-0.28879710562546257
EUR_CAD,2020-08-12 13:00:00,2020-09-01 13:00:00,-0.1345498346959163
CAD_CHF,2020-08-18 05:00:00,2020-09-01 05:00:00,-1.0
USD_JPY,2020-08-18 21:00:00,2020-08-25 05:00:00,1.0
CAD_CHF,2020-08-19 09:00:00,2020-09-01 09:00:00,-1.0
EUR_CAD,2020-08-21 05:00:00,2020-09-03 01:00:00,-1.0
CAD_CHF,2020-08-21 13:00:00,2020-09-02 05:00:00,-1.0
CAD_CHF,2020-08-26 05:00:00,2020-09-02 01:00:00,-1.0
CAD_CHF,2020-08-27 09:00:00,2020-09-02 05:00:00,-1.0
AUD_CAD,2020-08-28 09:00:00,2020-09-04 13:00:00,1.0
CAD_CHF,2020-08-31 13:00:00,2020-09-02 05:00:00,-1.0
CAD_CHF,2020-09-01 05:00:00,2020-09-16 13:00:00,1.0
CAD_CHF,2020-09-01 21:00:00,2020-09-10 09:00:00,1.0
EUR_CAD,2020-09-02 05:00:00,2020-09-10 13:00:00,1.0
CAD_CHF,2020-09-02 05:00:00,2020-09-10 05:00:00,1.0
CAD_CHF,2020-09-04 13:00:00,2020-09-10 05:00:00,1.0
CHF_JPY,2020-09-07 09:00:00,2020-09-10 13:00:00,1.0
CHF_JPY,2020-09-07 21:00:00,2020-09-10 13:00:00,1.0
CHF_JPY,2020-09-08 09:00:00,2020-09-10 05:00:00,1.0
USD_JPY,2020-09-14 09:00:00,2020-09-16 09:00:00,-1.0
AUD_CAD,2020-09-15 01:00:00,2020-09-22 21:00:00,1.0
CAD_CHF,2020-09-16 13:00:00,2020-10-06 13:00:00,0.11447284530225924
CHF_JPY,2020-09-16 21:00:00,2020-09-21 05:00:00,-1.0
USD_JPY,2020-09-18 05:00:00,2020-09-24 21:00:00,1.0
USD_JPY,2020-09-21 01:00:00,2020-09-23 13:00:00,1.0
CHF_JPY,2020-09-21 05:00:00,2020-10-01 09:00:00,1.0
CAD_CHF,2020-09-21 05:00:00,2020-10-09 05:00:00,-0.408281453597806
CAD_CHF,2020-09-22 17:00:00,2020-10-12 17:00:00,-0.34142036659289016
EUR_CAD,2020-09-22 21:00:00,2020-09-29 13:00:00,1.0
CAD_CHF,2020-09-24 13:00:00,2020-09-29 13:00:00,1.0
CAD_CHF,2020-09-30 13:00:00,2020-10-20 13:00:00,0.05201785946507085
CAD_CHF,2020-10-07 17:00:00,2020-10-27 17:00:00,0.32094838802949477
CAD_CHF,2020-10-08 05:00:00,2020-10-26 17:00:00,1.0
EUR_CAD,2020-10-08 13:00:00,2020-10-28 13:00:00,0.7361417926308563
EUR_CAD,2020-10-12 13:00:00,2020-10-28 13:00:00,1.0
CAD_CHF,2020-10-13 05:00:00,2020-10-26 05:00:00,1.0
EUR_CAD,2020-10-13 05:00:00,2020-10-26 13:00:00,1.0
EUR_CAD,2020-10-13 13:00:00,2020-10-20 09:00:00,1.0
CAD_CHF,2020-10-13 13:00:00,2020-10-15 13:00:00,1.0
EUR_CAD,2020-10-14 05:00:00,2020-10-20 09:00:00,1.0
USD_JPY,2020-10-14 13:00:00,2020-10-29 09:00:00,-1.0
CAD_CHF,2020-10-16 13:00:00,2020-10-26 05:00:00,1.0
CAD_CHF,2020-10-18 21:00:00,2020-10-26 05:00:00,1.0
CAD_CHF,2020-10-21 01:00:00,2020-10-28 13:00:00,1.0
USD_JPY,2020-10-21 05:00:00,2020-11-05 10:00:00,-1.0
CAD_CHF,2020-10-22 17:00:00,2020-10-28 13:00:00,1.0
CAD_CHF,2020-10-27 13:00:00,2020-10-29 13:00:00,1.0
CHF_JPY,2020-10-28 01:00:00,2020-11-09 10:00:00,1.0
USD_JPY,2020-10-28 01:00:00,2020-11-04 02:00:00,1.0
CHF_JPY,2020-10-28 17:00:00,2020-11-09 10:00:00,1.0
CHF_JPY,2020-10-29 05:00:00,2020-11-09 10:00:00,1.0
CHF_JPY,2020-10-30 05:00:00,2020-11-09 02:00:00,1.0
CAD_CHF,2020-11-02 06:00:00,2020-11-02 18:00:00,-1.0
EUR_CAD,2020-11-02 10:00:00,2020-11-20 10:00:00,0.3406559245634986
EUR_CAD,2020-11-03 18:00:00,2020-11-13 06:00:00,1.0
AUD_CAD,2020-11-05 06:00:00,2020-11-13 14:00:00,-1.0
USD_JPY,2020-11-05 10:00:00,2020-11-09 10:00:00,1.0
CAD_CHF,2020-11-09 10:00:00,2020-11-13 14:00:00,1.0
CAD_CHF,2020-11-11 06:00:00,2020-11-12 14:00:00,1.0
CAD_CHF,2020-11-16 10:00:00,2020-12-03 06:00:00,1.0
CHF_JPY,2020-11-17 22:00:00,2020-11-30 06:00:00,1.0
CHF_JPY,2020-11-18 18:00:00,2020-11-26 06:00:00,1.0
CAD_CHF,2020-11-19 14:00:00,2020-12-03 10:00:00,1.0
CAD_CHF,2020-11-20 06:00:00,2020-12-03 10:00:00,1.0
CAD_CHF,2020-11-23 06:00:00,2020-12-03 10:00:00,1.0
CAD_CHF,2020-11-23 22:00:00,2020-12-03 06:00:00,1.0
CAD_CHF,2020-11-24 14:00:00,2020-12-02 10:00:00,1.0
EUR_CAD,2020-11-24 18:00:00,2020-12-01 14:00:00,1.0
CAD_CHF,2020-11-30 10:00:00,2020-12-02 14:00:00,1.0
USD_JPY,2020-12-03 14:00:00,2020-12-23 14:00:00,-0.286844613000417
CAD_CHF,2020-12-04 10:00:00,2020-12-22 10:00:00,1.0
CAD_CHF,2020-12-10 10:00:00,2020-12-21 06:00:00,1.0
AUD_CAD,2020-12-10 22:00:00,2020-12-18 14:00:00,-1.0
USD_JPY,2020-12-14 06:00:00,2021-01-04 06:00:00,-1.0
USD_JPY,2020-12-15 10:00:00,2021-01-04 06:00:00,-1.0
CAD_CHF,2020-12-15 18:00:00,2020-12-21 02:00:00,1.0
USD_JPY,2020-12-16 18:00:00,2021-01-07 14:00:00,0.3545551154477734
CHF_JPY,2020-12-17 10:00:00,2021-01-08 10:00:00,0.704303888683955
CHF_JPY,2020-12-23 06:00:00,2021-01-07 06:00:00,1.0
CAD_CHF,2020-12-23 06:00:00,2021-01-07 18:00:00,-1.0
CAD_CHF,2020-12-24 10:00:00,2021-01-14 06:00:00,-1.0
USD_JPY,2020-12-30 10:00:00,2021-01-08 06:00:00,1.0
AUD_CAD,2020-12-30 10:00:00,2021-01-06 10:00:00,-1.0
USD_JPY,2020-12-30 18:00:00,2021-01-11 10:00:00,1.0
AUD_CAD,2020-12-30 22:00:00,2021-01-20 22:00:00,0.1497432972047895
CAD_CHF,2020-12-31 02:00:00,2021-01-08 06:00:00,-1.0
AUD_CAD,2020-12-31 10:00:00,2021-01-21 10:00:00,0.5475194018934643
CAD_CHF,2020-12-31 14:00:00,2021-01-13 18:00:00,-1.0
EUR_CAD,2020-12-31 14:00:00,2021-01-13 14:00:00,-1.0
USD_JPY,2021-01-03 22:00:00,2021-01-10 22:00:00,1.0
USD_JPY,2021-01-05 06:00:00,2021-01-07 14:00:00,1.0
USD_JPY,2021-01-05 14:00:00,2021-01-07 10:00:00,1.0
AUD_CAD,2021-01-06 06:00:00,2021-01-20 14:00:00,1.0
CAD_CHF,2021-01-06 14:00:00,2021-01-14 10:00:00,-1.0
AUD_CAD,2021-01-06 18:00:00,2021-01-20 14:00:00,1.0
CAD_CHF,2021-01-07 06:00:00,2021-01-14 10:00:00,-1.0
CAD_CHF,2021-01-07 14:00:00,2021-01-14 10:00:00,-1.0
EUR_CAD,2021-01-07 22:00:00,2021-01-14 10:00:00,-1.0
EUR_CAD,2021-01-08 06:00:00,2021-01-14 10:00:00,-1.0
EUR_CAD,2021-01-08 18:00:00,2021-01-14 14:00:00,-1.0
CAD_CHF,2021-01-12 06:00:00,2021-01-20 14:00:00,-1.0
EUR_CAD,2021-01-13 14:00:00,2021-01-20 14:00:00,-1.0
CAD_CHF,2021-01-13 14:00:00,2021-01-28 06:00:00,1.0
CAD_CHF,2021-01-14 06:00:00,2021-01-28 02:00:00,1.0
CHF_JPY,2021-01-15 14:00:00,2021-01-29 06:00:00,1.0
CAD_CHF,2021-01-20 10:00:00,2021-01-27 18:00:00,1.0
EUR_CAD,2021-01-20 14:00:00,2021-01-22 10:00:00,1.0
USD_JPY,2021-01-21 02:00:00,2021-01-28 10:00:00,1.0
CAD_CHF,2021-01-26 10:00:00,2021-01-28 06:00:00,1.0
AUD_CAD,2021-01-27 02:00:00,2021-02-02 06:00:00,1.0
AUD_CAD,2021-01-28 18:00:00,2021-02-02 06:00:00,1.0
CAD_CHF,2021-01-29 10:00:00,2021-02-02 22:00:00,-1.0
CAD_CHF,2021-02-01 02:00:00,2021-02-04 06:00:00,-1.0
CAD_CHF,2021-02-02 06:00:00,2021-02-17 18:00:00,-1.0
CAD_CHF,2021-02-02 14:00:00,2021-02-19 10:00:00,-1.0
EUR_CAD,2021-02-02 22:00:00,2021-02-22 22:00:00,-0.36150610204094946
EUR_CAD,2021-02-03 14:00:00,2021-02-23 14:00:00,-0.2929382356004533
CAD_CHF,2021-02-03 14:00:00,2021-02-19 14:00:00,-1.0
EUR_CAD,2021-02-04 06:00:00,2021-02-24 06:00:00,-0.3968021267030202
CAD_CHF,2021-02-04 06:00:00,2021-02-21 22:00:00,-1.0
CAD_CHF,2021-02-04 18:00:00,2021-02-21 22:00:00,-1.0
CAD_CHF,2021-02-12 14:00:00,2021-02-19 10:00:00,-1.0
CAD_CHF,2021-02-14 22:00:00,2021-02-19 14:00:00,-1.0
EUR_CAD,2021-02-17 10:00:00,2021-03-04 14:00:00,-1.0
CAD_CHF,2021-02-17 10:00:00,2021-02-22 02:00:00,-1.0
AUD_CAD,2021-02-19 02:00:00,2021-02-22 14:00:00,-1.0
CAD_CHF,2021-02-19 10:00:00,2021-02-23 14:00:00,-1.0
EUR_CAD,2021-02-21 22:00:00,2021-03-05 10:00:00,-1.0
CHF_JPY,2021-02-23 06:00:00,2021-03-15 05:00:00,0.23752563226246703
CAD_CHF,2021-02-23 06:00:00,2021-02-23 22:00:00,-1.0
CHF_JPY,2021-02-23 14:00:00,2021-02-25 14:00:00,1.0
EUR_CAD,2021-02-24 14:00:00,2021-02-26 14:00:00,1.0
CAD_CHF,2021-03-01 10:00:00,2021-03-04 06:00:00,-1.0
CAD_CHF,2021-03-03 06:00:00,2021-03-04 14:00:00,-1.0
CAD_CHF,2021-03-03 14:00:00,2021-03-04 14:00:00,-1.0
CAD_CHF,2021-03-04 06:00:00,2021-03-05 18:00:00,-1.0
EUR_CAD,2021-03-04 14:00:00,2021-03-08 14:00:00,-1.0
EUR_CAD,2021-03-05 02:00:00,2021-03-12 06:00:00,-1.0
CAD_CHF,2021-03-07 22:00:00,2021-03-12 14:00:00,-1.0
CAD_CHF,2021-03-08 14:00:00,2021-03-15 05:00:00,-1.0
CAD_CHF,2021-03-10 22:00:00,2021-03-12 14:00:00,-1.0
CAD_CHF,2021-03-12 06:00:00,2021-03-26 05:00:00,-1.0
EUR_CAD,2021-03-15 05:00:00,2021-04-02 05:00:00,-0.38295352061487925
EUR_CAD,2021-03-16 13:00:00,2021-03-23 01:00:00,1.0
CAD_CHF,2021-03-17 09:00:00,2021-03-22 13:00:00,1.0
CAD_CHF,2021-03-17 21:00:00,2021-03-22 13:00:00,1.0
CAD_CHF,2021-03-18 09:00:00,2021-03-22 13:00:00,1.0
CHF_JPY,2021-03-23 09:00:00,2021-04-06 09:00:00,1.0
USD_JPY,2021-03-24 01:00:00,2021-03-26 09:00:00,1.0
CAD_CHF,2021-03-24 13:00:00,2021-04-01 09:00:00,-1.0
CAD_CHF,2021-03-26 01:00:00,2021-04-07 05:00:00,1.0
CAD_CHF,2021-03-30 05:00:00,2021-04-06 17:00:00,1.0
CAD_CHF,2021-03-31 01:00:00,2021-04-06 17:00:00,1.0
CAD_CHF,2021-03-31 09:00:00,2021-04-06 17:00:00,1.0
EUR_CAD,2021-03-31 17:00:00,2021-04-06 17:00:00,1.0
CAD_CHF,2021-03-31 17:00:00,2021-04-06 13:00:00,1.0
USD_JPY,2021-04-08 05:00:00,2021-04-19 05:00:00,-1.0
CAD_CHF,2021-04-09 09:00:00,2021-04-19 09:00:00,1.0
USD_JPY,2021-04-13 21:00:00,2021-04-23 09:00:00,-1.0
AUD_CAD,2021-04-14 09:00:00,2021-04-21 13:00:00,-1.0
CAD_CHF,2021-04-14 13:00:00,2021-04-19 13:00:00,1.0
AUD_CAD,2021-04-15 05:00:00,2021-04-28 13:00:00,1.0
CAD_CHF,2021-04-15 05:00:00,2021-04-19 09:00:00,1.0
CAD_CHF,2021-04-19 01:00:00,2021-04-20 13:00:00,1.0
USD_JPY,2021-04-19 05:00:00,2021-04-29 13:00:00,1.0
CAD_CHF,2021-04-21 13:00:00,2021-04-29 13:00:00,-1.0
USD_JPY,2021-04-23 09:00:00,2021-04-27 13:00:00,1.0
CAD_CHF,2021-04-26 09:00:00,2021-04-30 13:00:00,-1.0
CAD_CHF,2021-04-28 13:00:00,2021-05-06 17:00:00,-1.0
CAD_CHF,2021-04-29 13:00:00,2021-05-06 17:00:00,-1.0
CAD_CHF,2021-04-30 05:00:00,2021-05-12 05:00:00,-1.0
EUR_CAD,2021-04-30 05:00:00,2021-05-06 13:00:00,-1.0
CAD_CHF,2021-05-04 01:00:00,2021-05-12 09:00:00,-1.0
CAD_CHF,2021-05-05 05:00:00,2021-05-25 05:00:00,0.4199876553149322
CAD_CHF,2021-05-06 13:00:00,2021-05-26 13:00:00,0.5875724404378563
CAD_CHF,2021-05-11 05:00:00,2021-05-31 05:00:00,-0.025481807330716873
USD_JPY,2021-05-11 09:00:00,2021-05-12 17:00:00,1.0
CAD_CHF,2021-05-11 13:00:00,2021-05-31 13:00:00,0.19293379959001625
CAD_CHF,2021-05-12 05:00:00,2021-05-26 09:00:00,1.0
EUR_CAD,2021-05-12 09:00:00,2021-05-19 13:00:00,1.0
CAD_CHF,2021-05-17 13:00:00,2021-06-04 13:00:00,0.2945665854376946
CAD_CHF,2021-05-20 01:00:00,2021-06-09 01:00:00,0.7784134299762868
CAD_CHF,2021-05-27 09:00:00,2021-06-15 13:00:00,1.0
CAD_CHF,2021-05-28 09:00:00,2021-06-15 09:00:00,1.0
CAD_CHF,2021-05-31 05:00:00,2021-06-14 09:00:00,1.0
CAD_CHF,2021-06-01 01:00:00,2021-06-11 17:00:00,1.0
CAD_CHF,2021-06-10 09:00:00,2021-06-30 09:00:00,-0.6975269499048813
CAD_CHF,2021-06-11 09:00:00,2021-06-30 13:00:00,-1.0
CAD_CHF,2021-06-16 17:00:00,2021-06-23 05:00:00,-1.0
CAD_CHF,2021-06-17 01:00:00,2021-06-23 05:00:00,-1.0
CHF_JPY,2021-06-17 05:00:00,2021-06-18 05:00:00,-1.0
CAD_CHF,2021-06-17 13:00:00,2021-07-07 13:00:00,0.20455401840985818
CAD_CHF,2021-06-22 13:00:00,2021-07-08 05:00:00,1.0
CAD_CHF,2021-06-23 05:00:00,2021-07-08 01:00:00,1.0
EUR_CAD,2021-06-23 05:00:00,2021-07-08 05:00:00,1.0
CAD_CHF,2021-06-24 05:00:00,2021-07-06 13:00:00,1.0
CAD_CHF,2021-07-02 13:00:00,2021-07-06 13:00:00,1.0
EUR_CAD,2021-07-02 13:00:00,2021-07-06 13:00:00,1.0
CAD_CHF,2021-07-06 05:00:00,2021-07-06 13:00:00,1.0
CHF_JPY,2021-07-06 13:00:00,2021-07-26 13:00:00,0.7314402267046747
CHF_JPY,2021-07-07 21:00:00,2021-07-11 21:00:00,1.0
USD_JPY,2021-07-08 05:00:00,2021-07-28 05:00:00,0.05279542682371135
CAD_CHF,2021-07-09 17:00:00,2021-07-19 05:00:00,1.0
CAD_CHF,2021-07-14 09:00:00,2021-07-15 17:00:00,1.0
CAD_CHF,2021-07-16 05:00:00,2021-07-19 05:00:00,1.0
CHF_JPY,2021-07-19 05:00:00,2021-07-26 13:00:00,1.0
USD_JPY,2021-07-19 09:00:00,2021-07-23 09:00:00,1.0
CHF_JPY,2021-07-20 09:00:00,2021-07-21 17:00:00,1.0
CAD_CHF,2021-07-20 17:00:00,2021-08-03 13:00:00,1.0
CAD_CHF,2021-07-21 13:00:00,2021-08-02 13:00:00,1.0
CAD_CHF,2021-07-29 01:00:00,2021-08-03 09:00:00,1.0
USD_JPY,2021-08-02 13:00:00,2021-08-09 21:00:00,1.0
USD_JPY,2021-08-04 09:00:00,2021-08-05 21:00:00,1.0
CAD_CHF,2021-08-04 17:00:00,2021-08-08 21:00:00,-1.0
CAD_CHF,2021-08-06 09:00:00,2021-08-10 09:00:00,-1.0
CAD_CHF,2021-08-09 05:00:00,2021-08-10 17:00:00,-1.0
CHF_JPY,2021-08-09 05:00:00,2021-08-27 05:00:00,-0.2653689376923617
CAD_CHF,2021-08-10 09:00:00,2021-08-16 13:00:00,1.0
EUR_CAD,2021-08-10 13:00:00,2021-08-16 13:00:00,1.0
CAD_CHF,2021-08-12 13:00:00,2021-08-16 05:00:00,1.0
USD_JPY,2021-08-16 13:00:00,2021-09-01 05:00:00,1.0
CHF_JPY,2021-08-19 17:00:00,2021-09-08 17:00:00,0.06025407133412772
CAD_CHF,2021-08-23 09:00:00,2021-08-26 05:00:00,-1.0
CAD_CHF,2021-08-24 13:00:00,2021-09-06 13:00:00,-1.0
CAD_CHF,2021-08-26 05:00:00,2021-09-15 05:00:00,0.3741094270074065
AUD_CAD,2021-08-27 13:00:00,2021-09-01 21:00:00,-1.0
CAD_CHF,2021-08-30 05:00:00,2021-09-16 09:00:00,-1.0
CAD_CHF,2021-09-01 05:00:00,2021-09-20 09:00:00,1.0
AUD_CAD,2021-09-01 13:00:00,2021-09-21 13:00:00,0.4055027911929556
AUD_CAD,2021-09-02 09:00:00,2021-09-22 09:00:00,0.5074562815148589
CAD_CHF,2021-09-02 13:00:00,2021-09-20 09:00:00,1.0
CAD_CHF,2021-09-03 09:00:00,2021-09-09 05:00:00,1.0
USD_JPY,2021-09-03 13:00:00,2021-09-23 13:00:00,0.47882237058114524
CAD_CHF,2021-09-06 09:00:00,2021-09-08 13:00:00,1.0
CHF_JPY,2021-09-08 05:00:00,2021-09-16 05:00:00,-1.0
CHF_JPY,2021-09-09 05:00:00,2021-09-16 09:00:00,-1.0
CAD_CHF,2021-09-10 05:00:00,2021-09-17 05:00:00,-1.0
CHF_JPY,2021-09-13 09:00:00,2021-09-17 13:00:00,-1.0
USD_JPY,2021-09-14 13:00:00,2021-09-24 13:00:00,1.0
CHF_JPY,2021-09-14 21:00:00,2021-09-17 17:00:00,-1.0
USD_JPY,2021-09-14 21:00:00,2021-09-24 13:00:00,1.0
USD_JPY,2021-09-15 05:00:00,2021-09-24 01:00:00,1.0
CHF_JPY,2021-09-15 13:00:00,2021-09-20 05:00:00,-1.0
CHF_JPY,2021-09-16 01:00:00,2021-09-20 09:00:00,-1.0
CAD_CHF,2021-09-16 05:00:00,2021-09-20 09:00:00,1.0
EUR_CAD,2021-09-16 09:00:00,2021-09-20 05:00:00,1.0
CAD_CHF,2021-09-17 05:00:00,2021-09-20 09:00:00,1.0
CHF_JPY,2021-09-17 13:00:00,2021-09-23 09:00:00,1.0
USD_JPY,2021-09-21 09:00:00,2021-09-23 21:00:00,1.0
CAD_CHF,2021-09-23 01:00:00,2021-09-27 01:00:00,-1.0
EUR_CAD,2021-09-23 05:00:00,2021-09-30 13:00:00,-1.0
EUR_CAD,2021-09-26 21:00:00,2021-09-30 13:00:00,-1.0
CAD_CHF,2021-09-27 01:00:00,2021-10-07 13:00:00,-1.0
EUR_CAD,2021-09-27 05:00:00,2021-10-03 21:00:00,-1.0
EUR_CAD,2021-09-27 13:00:00,2021-10-04 13:00:00,-1.0
EUR_CAD,2021-09-28 01:00:00,2021-10-05 13:00:00,-1.0
CAD_CHF,2021-09-28 01:00:00,2021-10-08 13:00:00,-1.0
CAD_CHF,2021-09-30 05:00:00,2021-10-08 09:00:00,-1.0
CAD_CHF,2021-09-30 13:00:00,2021-10-08 13:00:00,-1.0
CAD_CHF,2021-10-04 01:00:00,2021-10-11 01:00:00,-1.0
CAD_CHF,2021-10-05 13:00:00,2021-10-11 01:00:00,-1.0
CAD_CHF,2021-10-07 13:00:00,2021-10-12 13:00:00,-1.0
CAD_CHF,2021-10-08 05:00:00,2021-10-15 05:00:00,-1.0
EUR_CAD,2021-10-08 13:00:00,2021-10-28 13:00:00,-0.006237222356971682
CAD_CHF,2021-10-08 13:00:00,2021-10-28 13:00:00,0.6484944703064929
CAD_CHF,2021-10-11 01:00:00,2021-10-29 01:00:00,1.0
CAD_CHF,2021-10-12 09:00:00,2021-10-27 13:00:00,1.0
CAD_CHF,2021-10-14 13:00:00,2021-10-27 05:00:00,1.0
CAD_CHF,2021-10-14 21:00:00,2021-10-27 05:00:00,1.0
AUD_CAD,2021-10-19 09:00:00,2021-10-26 21:00:00,-1.0
CAD_CHF,2021-10-19 21:00:00,2021-10-22 13:00:00,1.0
AUD_CAD,2021-10-20 21:00:00,2021-11-09 14:00:00,1.0
CAD_CHF,2021-10-26 01:00:00,2021-10-29 09:00:00,1.0
AUD_CAD,2021-10-26 21:00:00,2021-11-02 13:00:00,1.0
EUR_CAD,2021-10-27 13:00:00,2021-11-09 14:00:00,1.0
USD_JPY,2021-10-28 13:00:00,2021-11-16 14:00:00,1.0
EUR_CAD,2021-10-29 13:00:00,2021-11-09 14:00:00,1.0
USD_JPY,2021-11-05 13:00:00,2021-11-16 14:00:00,1.0
USD_JPY,2021-11-08 06:00:00,2021-11-16 14:00:00,1.0
CHF_JPY,2021-11-09 02:00:00,2021-11-17 22:00:00,-1.0
CAD_CHF,2021-11-10 10:00:00,2021-11-17 06:00:00,-1.0
CAD_CHF,2021-11-15 06:00:00,2021-11-17 02:00:00,-1.0
EUR_CAD,2021-11-15 14:00:00,2021-11-26 06:00:00,1.0
CHF_JPY,2021-11-17 14:00:00,2021-12-07 14:00:00,-0.12693659679729677
CHF_JPY,2021-11-19 10:00:00,2021-12-09 10:00:00,-0.10258163788681048
CAD_CHF,2021-11-23 18:00:00,2021-11-26 06:00:00,1.0
CAD_CHF,2021-11-24 06:00:00,2021-11-26 06:00:00,1.0
CAD_CHF,2021-11-25 14:00:00,2021-11-26 06:00:00,1.0
CHF_JPY,2021-11-26 14:00:00,2021-12-16 10:00:00,1.0
USD_JPY,2021-11-26 14:00:00,2021-12-15 18:00:00,1.0
CHF_JPY,2021-11-29 02:00:00,2021-12-16 06:00:00,1.0
USD_JPY,2021-11-29 02:00:00,2021-12-17 02:00:00,0.24538144457291372
USD_JPY,2021-11-30 02:00:00,2021-12-15 18:00:00,1.0
CAD_CHF,2021-12-03 10:00:00,2021-12-07 06:00:00,-1.0
CAD_CHF,2021-12-06 06:00:00,2021-12-07 06:00:00,-1.0
CAD_CHF,2021-12-06 14:00:00,2021-12-07 14:00:00,-1.0
CAD_CHF,2021-12-07 10:00:00,2021-12-10 14:00:00,1.0
EUR_CAD,2021-12-08 06:00:00,2021-12-10 14:00:00,1.0
AUD_CAD,2021-12-15 10:00:00,2021-12-29 14:00:00,-1.0
CAD_CHF,2021-12-15 18:00:00,2021-12-20 10:00:00,1.0
CAD_CHF,2021-12-16 02:00:00,2021-12-20 10:00:00,1.0
CAD_CHF,2021-12-21 14:00:00,2022-01-02 22:00:00,-1.0
CAD_CHF,2021-12-21 22:00:00,2022-01-02 22:00:00,-1.0
AUD_CAD,2021-12-22 10:00:00,2021-12-31 14:00:00,1.0
CAD_CHF,2021-12-23 06:00:00,2022-01-06 22:00:00,-1.0
CAD_CHF,2021-12-30 06:00:00,2022-01-06 14:00:00,-1.0
CAD_CHF,2021-12-30 18:00:00,2022-01-06 18:00:00,-1.0
EUR_CAD,2021-12-30 18:00:00,2022-01-10 10:00:00,-1.0
CAD_CHF,2021-12-31 02:00:00,2022-01-07 10:00:00,-1.0
CAD_CHF,2021-12-31 14:00:00,2022-01-07 10:00:00,-1.0
EUR_CAD,2021-12-31 14:00:00,2022-01-12 06:00:00,-1.0
EUR_CAD,2022-01-04 10:00:00,2022-01-18 14:00:00,-1.0
CAD_CHF,2022-01-06 14:00:00,2022-01-10 10:00:00,-1.0
CAD_CHF,2022-01-10 02:00:00,2022-01-11 18:00:00,-1.0
EUR_CAD,2022-01-10 06:00:00,2022-01-18 22:00:00,-1.0
CHF_JPY,2022-01-10 10:00:00,2022-01-28 10:00:00,-0.6005307762000546
CAD_CHF,2022-01-10 18:00:00,2022-01-24 06:00:00,1.0
CAD_CHF,2022-01-11 14:00:00,2022-01-14 10:00:00,1.0
EUR_CAD,2022-01-11 14:00:00,2022-01-18 22:00:00,-1.0
USD_JPY,2022-01-12 14:00:00,2022-01-28 06:00:00,1.0
CAD_CHF,2022-01-17 06:00:00,2022-01-24 10:00:00,1.0
CAD_CHF,2022-01-17 22:00:00,2022-01-24 06:00:00,1.0
CAD_CHF,2022-01-18 10:00:00,2022-01-24 06:00:00,1.0
EUR_CAD,2022-01-18 10:00:00,2022-02-03 10:00:00,1.0
CAD_CHF,2022-01-18 18:00:00,2022-01-21 18:00:00,1.0
CAD_CHF,2022-01-19 06:00:00,2022-01-21 14:00:00,1.0
EUR_CAD,2022-01-20 14:00:00,2022-01-21 18:00:00,1.0
CAD_CHF,2022-01-20 14:00:00,2022-01-21 06:00:00,1.0
CHF_JPY,2022-01-20 22:00:00,2022-02-09 22:00:00,0.5576567152168651
CHF_JPY,2022-01-25 02:00:00,2022-02-10 14:00:00,1.0
CAD_CHF,2022-01-26 06:00:00,2022-02-02 10:00:00,1.0
CAD_CHF,2022-01-27 10:00:00,2022-02-01 10:00:00,1.0
CAD_CHF,2022-01-31 14:00:00,2022-02-02 06:00:00,1.0
CAD_CHF,2022-02-06 22:00:00,2022-02-21 10:00:00,1.0
CAD_CHF,2022-02-07 14:00:00,2022-02-21 06:00:00,1.0
CAD_CHF,2022-02-09 18:00:00,2022-02-20 22:00:00,1.0
CAD_CHF,2022-02-10 10:00:00,2022-02-18 14:00:00,1.0
AUD_CAD,2022-02-10 14:00:00,2022-02-22 22:00:00,-1.0
CAD_CHF,2022-02-11 14:00:00,2022-02-14 06:00:00,1.0
CAD_CHF,2022-02-15 06:00:00,2022-02-21 06:00:00,1.0
USD_JPY,2022-02-17 10:00:00,2022-03-09 10:00:00,0.7554855387186248
USD_JPY,2022-02-17 18:00:00,2022-03-09 18:00:00,0.7969930045592127
AUD_CAD,2022-02-21 02:00:00,2022-03-03 14:00:00,-1.0
USD_JPY,2022-02-21 18:00:00,2022-03-08 22:00:00,1.0
EUR_CAD,2022-02-23 14:00:00,2022-02-27 22:00:00,-1.0
EUR_CAD,2022-02-23 22:00:00,2022-02-27 22:00:00,-1.0
USD_JPY,2022-02-24 02:00:00,2022-02-25 14:00:00,1.0
CHF_JPY,2022-02-24 06:00:00,2022-03-03 06:00:00,1.0
CHF_JPY,2022-02-25 06:00:00,2022-03-03 06:00:00,1.0
CAD_CHF,2022-02-25 10:00:00,2022-03-04 14:00:00,1.0
EUR_CAD,2022-02-25 18:00:00,2022-03-01 10:00:00,-1.0
EUR_CAD,2022-03-02 02:00:00,2022-03-03 06:00:00,-1.0
CAD_CHF,2022-03-02 14:00:00,2022-03-04 10:00:00,1.0
AUD_CAD,2022-03-03 14:00:00,2022-03-04 06:00:00,-1.0
EUR_CAD,2022-03-06 22:00:00,2022-03-07 18:00:00,1.0
CAD_CHF,2022-03-07 06:00:00,2022-03-11 14:00:00,-1.0
CAD_CHF,2022-03-10 10:00:00,2022-03-11 14:00:00,-1.0
CAD_CHF,2022-03-11 10:00:00,2022-03-16 09:00:00,-1.0
CAD_CHF,2022-03-13 21:00:00,2022-03-16 17:00:00,-1.0
CAD_CHF,2022-03-15 13:00:00,2022-03-22 01:00:00,-1.0
CAD_CHF,2022-03-16 09:00:00,2022-03-28 05:00:00,-1.0
CAD_CHF,2022-03-21 21:00:00,2022-03-28 05:00:00,-1.0
EUR_CAD,2022-03-22 01:00:00,2022-03-28 01:00:00,-1.0
EUR_CAD,2022-03-25 13:00:00,2022-03-29 09:00:00,1.0
CAD_CHF,2022-03-25 13:00:00,2022-03-31 09:00:00,1.0
CAD_CHF,2022-03-28 01:00:00,2022-03-30 13:00:00,1.0
CAD_CHF,2022-04-01 09:00:00,2022-04-14 13:00:00,-1.0
CAD_CHF,2022-04-04 01:00:00,2022-04-14 13:00:00,-1.0
CAD_CHF,2022-04-04 17:00:00,2022-04-14 13:00:00,-1.0
AUD_CAD,2022-04-05 01:00:00,2022-04-07 09:00:00,1.0
CAD_CHF,2022-04-05 05:00:00,2022-04-12 01:00:00,1.0
EUR_CAD,2022-04-05 09:00:00,2022-04-25 09:00:00,0.5589911749818445
CAD_CHF,2022-04-06 05:00:00,2022-04-11 13:00:00,1.0
CAD_CHF,2022-04-08 09:00:00,2022-04-18 21:00:00,-1.0
CAD_CHF,2022-04-13 13:00:00,2022-04-14 13:00:00,-1.0
CAD_CHF,2022-04-14 05:00:00,2022-04-19 09:00:00,-1.0
CAD_CHF,2022-04-15 01:00:00,2022-04-19 21:00:00,-1.0
EUR_CAD,2022-04-18 13:00:00,2022-04-22 13:00:00,1.0
CAD_CHF,2022-04-18 13:00:00,2022-04-19 21:00:00,-1.0
CAD_CHF,2022-04-19 17:00:00,2022-04-21 05:00:00,-1.0
CAD_CHF,2022-04-20 13:00:00,2022-04-24 21:00:00,1.0
EUR_CAD,2022-04-20 13:00:00,2022-04-22 09:00:00,1.0
EUR_CAD,2022-04-20 21:00:00,2022-04-22 05:00:00,1.0
CAD_CHF,2022-04-21 01:00:00,2022-04-22 09:00:00,1.0
CHF_JPY,2022-04-25 13:00:00,2022-04-28 05:00:00,1.0
CAD_CHF,2022-04-26 01:00:00,2022-04-26 13:00:00,1.0
CHF_JPY,2022-04-26 09:00:00,2022-04-28 05:00:00,1.0
CHF_JPY,2022-04-27 09:00:00,2022-04-28 01:00:00,1.0
CAD_CHF,2022-04-27 17:00:00,2022-04-29 09:00:00,-1.0
EUR_CAD,2022-04-27 21:00:00,2022-05-09 09:00:00,1.0
EUR_CAD,2022-04-28 13:00:00,2022-05-06 13:00:00,1.0
CAD_CHF,2022-04-28 21:00:00,2022-05-04 13:00:00,-1.0
CAD_CHF,2022-04-29 09:00:00,2022-04-29 17:00:00,1.0
EUR_CAD,2022-04-29 09:00:00,2022-04-29 17:00:00,1.0
CAD_CHF,2022-05-03 01:00:00,2022-05-04 17:00:00,-1.0
CAD_CHF,2022-05-04 05:00:00,2022-05-13 13:00:00,-1.0
CAD_CHF,2022-05-04 13:00:00,2022-05-13 13:00:00,-1.0
AUD_CAD,2022-05-04 17:00:00,2022-05-05 13:00:00,1.0
CAD_CHF,2022-05-05 09:00:00,2022-05-10 01:00:00,1.0
CHF_JPY,2022-05-09 17:00:00,2022-05-12 05:00:00,-1.0
CAD_CHF,2022-05-11 21:00:00,2022-05-13 13:00:00,-1.0
CHF_JPY,2022-05-12 01:00:00,2022-05-12 05:00:00,-1.0
USD_JPY,2022-05-12 05:00:00,2022-05-19 09:00:00,-1.0
CAD_CHF,2022-05-12 13:00:00,2022-05-13 17:00:00,-1.0
CAD_CHF,2022-05-13 13:00:00,2022-05-18 17:00:00,1.0
USD_JPY,2022-05-19 05:00:00,2022-05-24 13:00:00,-1.0
AUD_CAD,2022-05-23 05:00:00,2022-06-09 09:00:00,1.0
USD_JPY,2022-05-24 13:00:00,2022-05-30 21:00:00,1.0
CAD_CHF,2022-05-27 05:00:00,2022-05-31 13:00:00,-1.0
CAD_CHF,2022-05-30 09:00:00,2022-06-03 09:00:00,-1.0
CAD_CHF,2022-05-30 21:00:00,2022-06-03 09:00:00,-1.0
CAD_CHF,2022-06-01 05:00:00,2022-06-06 09:00:00,-1.0
EUR_CAD,2022-06-01 13:00:00,2022-06-15 05:00:00,1.0
CAD_CHF,2022-06-02 13:00:00,2022-06-06 13:00:00,-1.0
CAD_CHF,2022-06-03 09:00:00,2022-06-06 17:00:00,-1.0
CAD_CHF,2022-06-06 09:00:00,2022-06-07 09:00:00,-1.0
CAD_CHF,2022-06-07 05:00:00,2022-06-14 05:00:00,1.0
CAD_CHF,2022-06-08 05:00:00,2022-06-09 13:00:00,1.0
CAD_CHF,2022-06-13 13:00:00,2022-06-14 05:00:00,1.0
CHF_JPY,2022-06-15 13:00:00,2022-06-16 05:00:00,1.0
USD_JPY,2022-06-16 13:00:00,2022-06-16 21:00:00,1.0
AUD_CAD,2022-06-16 17:00:00,2022-06-17 13:00:00,1.0
CAD_CHF,2022-06-21 01:00:00,2022-06-23 13:00:00,1.0
CAD_CHF,2022-06-27 05:00:00,2022-07-08 05:00:00,-1.0
EUR_CAD,2022-06-28 09:00:00,2022-07-04 17:00:00,-1.0
CAD_CHF,2022-06-28 09:00:00,2022-06-29 09:00:00,1.0
EUR_CAD,2022-06-30 09:00:00,2022-07-06 09:00:00,-1.0
CAD_CHF,2022-07-01 09:00:00,2022-07-07 17:00:00,-1.0
CAD_CHF,2022-07-04 05:00:00,2022-07-08 13:00:00,-1.0
EUR_CAD,2022-07-05 05:00:00,2022-07-07 13:00:00,-1.0
CHF_JPY,2022-07-06 05:00:00,2022-07-14 05:00:00,1.0
EUR_CAD,2022-07-06 09:00:00,2022-07-08 05:00:00,-1.0
CAD_CHF,2022-07-07 05:00:00,2022-07-08 13:00:00,-1.0
EUR_CAD,2022-07-07 09:00:00,2022-07-11 13:00:00,-1.0
EUR_CAD,2022-07-08 05:00:00,2022-07-13 05:00:00,-1.0
CAD_CHF,2022-07-08 13:00:00,2022-07-22 13:00:00,1.0
EUR_CAD,2022-07-11 13:00:00,2022-07-19 05:00:00,1.0
CAD_CHF,2022-07-14 01:00:00,2022-07-14 09:00:00,1.0
CAD_CHF,2022-07-18 01:00:00,2022-07-29 01:00:00,1.0
CAD_CHF,2022-07-18 09:00:00,2022-07-19 13:00:00,1.0
AUD_CAD,2022-07-19 05:00:00,2022-08-01 13:00:00,-1.0
CAD_CHF,2022-07-20 13:00:00,2022-07-22 13:00:00,1.0
USD_JPY,2022-07-22 13:00:00,2022-07-27 13:00:00,1.0
EUR_CAD,2022-07-26 09:00:00,2022-08-01 21:00:00,1.0
EUR_CAD,2022-07-27 05:00:00,2022-08-01 13:00:00,1.0
USD_JPY,2022-07-28 01:00:00,2022-07-29 01:00:00,-1.0
CHF_JPY,2022-07-28 09:00:00,2022-08-01 01:00:00,-1.0
CHF_JPY,2022-07-29 01:00:00,2022-08-01 17:00:00,-1.0
AUD_CAD,2022-08-01 13:00:00,2022-08-02 05:00:00,1.0
CAD_CHF,2022-08-03 05:00:00,2022-08-10 05:00:00,1.0
CAD_CHF,2022-08-08 09:00:00,2022-08-10 09:00:00,1.0
AUD_CAD,2022-08-10 09:00:00,2022-08-17 09:00:00,1.0
AUD_CAD,2022-08-11 05:00:00,2022-08-17 05:00:00,1.0
EUR_CAD,2022-08-16 09:00:00,2022-08-23 05:00:00,-1.0
CAD_CHF,2022-08-16 13:00:00,2022-08-24 21:00:00,-1.0
EUR_CAD,2022-08-16 17:00:00,2022-08-23 05:00:00,-1.0
CAD_CHF,2022-08-19 01:00:00,2022-08-30 05:00:00,-1.0
EUR_CAD,2022-08-19 13:00:00,2022-08-24 05:00:00,-1.0
EUR_CAD,2022-08-22 05:00:00,2022-08-25 09:00:00,-1.0
CAD_CHF,2022-08-23 01:00:00,2022-08-30 05:00:00,-1.0
EUR_CAD,2022-08-24 05:00:00,2022-08-26 13:00:00,1.0
CAD_CHF,2022-08-24 17:00:00,2022-09-09 05:00:00,1.0
CAD_CHF,2022-08-30 05:00:00,2022-09-01 05:00:00,1.0
CAD_CHF,2022-09-02 09:00:00,2022-09-08 09:00:00,1.0
CAD_CHF,2022-09-06 09:00:00,2022-09-08 09:00:00,1.0
CAD_CHF,2022-09-20 01:00:00,2022-09-20 17:00:00,1.0
USD_JPY,2022-09-22 05:00:00,2022-09-22 09:00:00,-1.0
CAD_CHF,2022-09-22 05:00:00,2022-09-28 09:00:00,1.0
CHF_JPY,2022-09-22 05:00:00,2022-09-22 09:00:00,-1.0
EUR_CAD,2022-09-25 21:00:00,2022-09-26 05:00:00,1.0
CAD_CHF,2022-10-03 01:00:00,2022-10-03 13:00:00,-1.0
CAD_CHF,2022-10-07 09:00:00,2022-10-19 21:00:00,-1.0
CAD_CHF,2022-10-10 09:00:00,2022-10-12 05:00:00,1.0
CAD_CHF,2022-10-13 13:00:00,2022-10-21 13:00:00,-1.0
CAD_CHF,2022-10-18 01:00:00,2022-10-21 13:00:00,-1.0
CAD_CHF,2022-10-19 09:00:00,2022-11-01 01:00:00,-1.0
CAD_CHF,2022-10-21 09:00:00,2022-10-26 13:00:00,1.0
AUD_CAD,2022-10-21 17:00:00,2022-10-26 13:00:00,-1.0
CAD_CHF,2022-10-25 09:00:00,2022-10-26 13:00:00,1.0
USD_JPY,2022-10-26 05:00:00,2022-10-27 05:00:00,-1.0
AUD_CAD,2022-10-26 05:00:00,2022-11-02 21:00:00,1.0
CHF_JPY,2022-10-27 05:00:00,2022-11-03 09:00:00,-1.0
USD_JPY,2022-10-27 13:00:00,2022-10-28 09:00:00,1.0
CAD_CHF,2022-10-27 13:00:00,2022-11-04 05:00:00,-1.0
CHF_JPY,2022-10-27 13:00:00,2022-11-03 13:00:00,-1.0
CAD_CHF,2022-10-31 05:00:00,2022-11-04 05:00:00,-1.0
CAD_CHF,2022-10-31 13:00:00,2022-11-04 09:00:00,-1.0
CHF_JPY,2022-11-02 13:00:00,2022-11-09 14:00:00,1.0
CHF_JPY,2022-11-02 21:00:00,2022-11-09 10:00:00,1.0
CAD_CHF,2022-11-03 05:00:00,2022-11-04 09:00:00,-1.0
EUR_CAD,2022-11-03 13:00:00,2022-11-07 14:00:00,1.0
CHF_JPY,2022-11-04 05:00:00,2022-11-04 17:00:00,1.0
EUR_CAD,2022-11-04 05:00:00,2022-11-07 06:00:00,1.0
CAD_CHF,2022-11-04 05:00:00,2022-11-07 14:00:00,1.0
USD_JPY,2022-11-08 14:00:00,2022-11-10 10:00:00,-1.0
USD_JPY,2022-11-10 10:00:00,2022-11-10 14:00:00,-1.0
AUD_CAD,2022-11-10 14:00:00,2022-11-11 10:00:00,-1.0
CHF_JPY,2022-11-11 06:00:00,2022-11-11 10:00:00,1.0
AUD_CAD,2022-11-14 14:00:00,2022-11-15 14:00:00,-1.0
AUD_CAD,2022-11-15 06:00:00,2022-11-17 10:00:00,1.0
AUD_CAD,2022-11-15 14:00:00,2022-11-17 10:00:00,1.0
CAD_CHF,2022-11-17 14:00:00,2022-11-23 10:00:00,1.0
USD_JPY,2022-11-24 06:00:00,2022-11-30 22:00:00,-1.0
CAD_CHF,2022-11-25 02:00:00,2022-11-28 06:00:00,1.0
CHF_JPY,2022-11-28 02:00:00,2022-12-01 02:00:00,-1.0
USD_JPY,2022-11-28 06:00:00,2022-11-28 22:00:00,1.0
CAD_CHF,2022-11-29 06:00:00,2022-11-29 14:00:00,1.0
CHF_JPY,2022-11-29 06:00:00,2022-11-30 14:00:00,1.0
AUD_CAD,2022-11-29 10:00:00,2022-12-01 14:00:00,-1.0
USD_JPY,2022-11-30 22:00:00,2022-12-01 14:00:00,-1.0
CHF_JPY,2022-12-01 02:00:00,2022-12-02 06:00:00,-1.0
CHF_JPY,2022-12-02 06:00:00,2022-12-05 06:00:00,1.0
USD_JPY,2022-12-02 14:00:00,2022-12-05 14:00:00,1.0
CAD_CHF,2022-12-08 10:00:00,2022-12-09 06:00:00,1.0
AUD_CAD,2022-12-09 10:00:00,2022-12-15 14:00:00,1.0
AUD_CAD,2022-12-12 06:00:00,2022-12-15 10:00:00,1.0
CAD_CHF,2022-12-12 18:00:00,2022-12-15 14:00:00,1.0
AUD_CAD,2022-12-13 10:00:00,2022-12-15 06:00:00,1.0
CAD_CHF,2022-12-18 22:00:00,2023-01-03 10:00:00,-1.0
USD_JPY,2022-12-20 02:00:00,2022-12-20 14:00:00,-1.0
CHF_JPY,2022-12-20 02:00:00,2022-12-20 14:00:00,-1.0
CAD_CHF,2022-12-22 18:00:00,2022-12-27 14:00:00,-1.0
CAD_CHF,2022-12-27 10:00:00,2022-12-29 06:00:00,1.0
EUR_CAD,2022-12-27 10:00:00,2023-01-03 02:00:00,1.0
AUD_CAD,2022-12-30 14:00:00,2023-01-03 06:00:00,1.0
CAD_CHF,2022-12-30 18:00:00,2023-01-03 10:00:00,-1.0
USD_JPY,2023-01-02 06:00:00,2023-01-03 02:00:00,-1.0
CHF_JPY,2023-01-02 22:00:00,2023-01-03 06:00:00,-1.0
EUR_CAD,2023-01-03 06:00:00,2023-01-12 18:00:00,1.0
CAD_CHF,2023-01-03 06:00:00,2023-01-04 06:00:00,1.0
AUD_CAD,2023-01-04 02:00:00,2023-01-05 10:00:00,1.0
EUR_CAD,2023-01-04 10:00:00,2023-01-12 14:00:00,1.0
CAD_CHF,2023-01-04 14:00:00,2023-01-12 06:00:00,-1.0
EUR_CAD,2023-01-05 10:00:00,2023-01-10 22:00:00,1.0
CAD_CHF,2023-01-11 10:00:00,2023-01-17 10:00:00,1.0
USD_JPY,2023-01-12 10:00:00,2023-01-13 06:00:00,-1.0
CHF_JPY,2023-01-12 14:00:00,2023-01-13 10:00:00,-1.0
CHF_JPY,2023-01-12 22:00:00,2023-01-13 14:00:00,-1.0
CAD_CHF,2023-01-13 02:00:00,2023-01-17 06:00:00,1.0
AUD_CAD,2023-01-15 22:00:00,2023-01-24 22:00:00,-1.0
AUD_CAD,2023-01-18 10:00:00,2023-01-18 22:00:00,1.0
CAD_CHF,2023-01-20 06:00:00,2023-01-23 14:00:00,-1.0
CAD_CHF,2023-01-23 14:00:00,2023-02-01 18:00:00,1.0
CAD_CHF,2023-01-24 10:00:00,2023-01-25 14:00:00,1.0
AUD_CAD,2023-01-24 22:00:00,2023-02-01 02:00:00,1.0
AUD_CAD,2023-01-25 14:00:00,2023-01-31 14:00:00,1.0
EUR_CAD,2023-01-31 22:00:00,2023-02-01 18:00:00,1.0
USD_JPY,2023-02-01 14:00:00,2023-02-03 14:00:00,1.0
CAD_CHF,2023-02-03 10:00:00,2023-02-23 10:00:00,-0.123505223544457
EUR_CAD,2023-02-06 14:00:00,2023-02-10 14:00:00,-1.0
EUR_CAD,2023-02-07 06:00:00,2023-02-27 06:00:00,-0.14478428533642038
CAD_CHF,2023-02-10 02:00:00,2023-02-10 18:00:00,-1.0
EUR_CAD,2023-02-10 10:00:00,2023-02-28 14:00:00,1.0
CAD_CHF,2023-02-17 06:00:00,2023-03-07 02:00:00,1.0
CAD_CHF,2023-02-21 06:00:00,2023-03-02 22:00:00,-1.0
CAD_CHF,2023-02-22 14:00:00,2023-03-02 22:00:00,-1.0
CAD_CHF,2023-02-23 06:00:00,2023-03-08 14:00:00,1.0
CAD_CHF,2023-02-24 14:00:00,2023-03-07 02:00:00,1.0
CAD_CHF,2023-03-02 02:00:00,2023-03-06 14:00:00,1.0
USD_JPY,2023-03-10 14:00:00,2023-03-13 09:00:00,-1.0
CAD_CHF,2023-03-14 13:00:00,2023-03-15 17:00:00,-1.0
CHF_JPY,2023-03-15 09:00:00,2023-03-15 21:00:00,-1.0
USD_JPY,2023-03-15 09:00:00,2023-03-20 05:00:00,-1.0
CAD_CHF,2023-03-15 13:00:00,2023-03-15 21:00:00,-1.0
USD_JPY,2023-03-16 09:00:00,2023-03-16 17:00:00,1.0
AUD_CAD,2023-03-17 01:00:00,2023-03-27 13:00:00,1.0
CHF_JPY,2023-03-17 09:00:00,2023-03-20 05:00:00,-1.0
AUD_CAD,2023-03-17 13:00:00,2023-03-27 09:00:00,1.0
USD_JPY,2023-03-20 05:00:00,2023-03-21 05:00:00,1.0
CHF_JPY,2023-03-20 05:00:00,2023-03-20 13:00:00,1.0
CAD_CHF,2023-03-20 09:00:00,2023-03-21 13:00:00,1.0
CAD_CHF,2023-03-20 17:00:00,2023-03-21 13:00:00,1.0
USD_JPY,2023-03-22 21:00:00,2023-03-29 09:00:00,1.0
AUD_CAD,2023-03-23 01:00:00,2023-03-26 21:00:00,1.0
USD_JPY,2023-03-24 01:00:00,2023-03-27 09:00:00,1.0
CAD_CHF,2023-03-27 13:00:00,2023-03-28 21:00:00,-1.0
CAD_CHF,2023-03-28 09:00:00,2023-03-29 21:00:00,-1.0
EUR_CAD,2023-03-31 17:00:00,2023-04-13 13:00:00,1.0
CAD_CHF,2023-03-31 17:00:00,2023-04-07 05:00:00,1.0
CAD_CHF,2023-04-10 09:00:00,2023-04-12 13:00:00,1.0
CAD_CHF,2023-04-17 13:00:00,2023-04-20 09:00:00,1.0
EUR_CAD,2023-04-17 13:00:00,2023-04-20 05:00:00,1.0
AUD_CAD,2023-04-20 09:00:00,2023-04-26 05:00:00,1.0
CAD_CHF,2023-04-27 09:00:00,2023-05-03 09:00:00,1.0
CAD_CHF,2023-04-28 17:00:00,2023-05-03 05:00:00,1.0
CAD_CHF,2023-05-01 13:00:00,2023-05-02 13:00:00,1.0
CAD_CHF,2023-05-05 05:00:00,2023-05-08 09:00:00,-1.0
EUR_CAD,2023-05-05 09:00:00,2023-05-10 09:00:00,-1.0
CAD_CHF,2023-05-09 05:00:00,2023-05-12 05:00:00,1.0
CAD_CHF,2023-05-11 05:00:00,2023-05-12 05:00:00,1.0
CHF_JPY,2023-05-11 09:00:00,2023-05-15 01:00:00,1.0
CAD_CHF,2023-05-15 05:00:00,2023-05-18 13:00:00,-1.0
CAD_CHF,2023-05-15 13:00:00,2023-05-18 13:00:00,-1.0
CAD_CHF,2023-05-16 09:00:00,2023-06-01 13:00:00,-1.0
CAD_CHF,2023-05-17 09:00:00,2023-06-01 13:00:00,-1.0
EUR_CAD,2023-05-17 09:00:00,2023-06-02 09:00:00,-1.0
EUR_CAD,2023-05-18 05:00:00,2023-06-02 09:00:00,-1.0
CAD_CHF,2023-05-18 17:00:00,2023-05-22 09:00:00,1.0
CAD_CHF,2023-05-23 09:00:00,2023-06-01 13:00:00,-1.0
CAD_CHF,2023-05-30 13:00:00,2023-06-01 13:00:00,-1.0
CAD_CHF,2023-05-31 05:00:00,2023-06-01 13:00:00,-1.0
EUR_CAD,2023-05-31 13:00:00,2023-06-06 13:00:00,-1.0
CHF_JPY,2023-05-31 13:00:00,2023-06-05 17:00:00,1.0
EUR_CAD,2023-06-01 09:00:00,2023-06-05 05:00:00,-1.0
CAD_CHF,2023-06-01 13:00:00,2023-06-08 05:00:00,-1.0
CAD_CHF,2023-06-02 09:00:00,2023-06-22 09:00:00,-0.6897368343151482
CAD_CHF,2023-06-02 17:00:00,2023-06-22 17:00:00,-0.5734809406269865
AUD_CAD,2023-06-06 01:00:00,2023-06-12 13:00:00,-1.0
CAD_CHF,2023-06-07 13:00:00,2023-06-08 13:00:00,1.0
CAD_CHF,2023-06-12 09:00:00,2023-06-30 09:00:00,0.35488668659529776
CAD_CHF,2023-06-19 09:00:00,2023-07-06 13:00:00,1.0
CAD_CHF,2023-06-20 21:00:00,2023-07-06 13:00:00,1.0
CAD_CHF,2023-06-22 05:00:00,2023-07-06 13:00:00,1.0
CAD_CHF,2023-06-22 13:00:00,2023-06-29 09:00:00,1.0
EUR_CAD,2023-06-23 05:00:00,2023-06-28 01:00:00,1.0
EUR_CAD,2023-06-26 01:00:00,2023-06-28 09:00:00,1.0
EUR_CAD,2023-06-26 13:00:00,2023-06-28 05:00:00,1.0
CAD_CHF,2023-06-29 13:00:00,2023-07-06 13:00:00,1.0
CAD_CHF,2023-06-30 05:00:00,2023-07-06 13:00:00,1.0
CAD_CHF,2023-07-04 17:00:00,2023-07-06 13:00:00,1.0
USD_JPY,2023-07-07 05:00:00,2023-07-10 13:00:00,-1.0
CHF_JPY,2023-07-07 05:00:00,2023-07-14 05:00:00,1.0
CHF_JPY,2023-07-07 13:00:00,2023-07-17 13:00:00,1.0
CHF_JPY,2023-07-10 05:00:00,2023-07-17 13:00:00,1.0
CHF_JPY,2023-07-11 01:00:00,2023-07-13 09:00:00,1.0
CHF_JPY,2023-07-11 21:00:00,2023-07-13 09:00:00,1.0
AUD_CAD,2023-07-12 13:00:00,2023-07-13 13:00:00,-1.0
USD_JPY,2023-07-13 13:00:00,2023-07-19 05:00:00,1.0
USD_JPY,2023-07-13 21:00:00,2023-07-14 13:00:00,1.0
AUD_CAD,2023-07-14 13:00:00,2023-07-19 01:00:00,1.0
CAD_CHF,2023-07-20 05:00:00,2023-07-24 17:00:00,-1.0
EUR_CAD,2023-07-24 13:00:00,2023-08-04 13:00:00,1.0
CAD_CHF,2023-07-24 13:00:00,2023-07-26 09:00:00,1.0
CAD_CHF,2023-07-27 13:00:00,2023-08-08 05:00:00,1.0
CHF_JPY,2023-07-27 17:00:00,2023-07-28 01:00:00,-1.0
CAD_CHF,2023-07-31 09:00:00,2023-08-04 09:00:00,1.0
CAD_CHF,2023-08-09 17:00:00,2023-08-23 13:00:00,1.0
CAD_CHF,2023-08-14 09:00:00,2023-08-23 13:00:00,1.0
CAD_CHF,2023-08-18 13:00:00,2023-09-07 13:00:00,-0.1596757354295955
EUR_CAD,2023-08-23 05:00:00,2023-08-30 13:00:00,1.0
USD_JPY,2023-08-23 13:00:00,2023-08-24 21:00:00,1.0
AUD_CAD,2023-08-23 17:00:00,2023-09-05 13:00:00,1.0
USD_JPY,2023-08-23 21:00:00,2023-08-25 13:00:00,1.0
CAD_CHF,2023-08-24 09:00:00,2023-09-12 09:00:00,-1.0
CAD_CHF,2023-08-24 21:00:00,2023-09-12 13:00:00,-1.0
EUR_CAD,2023-08-25 05:00:00,2023-08-30 13:00:00,1.0
AUD_CAD,2023-08-30 09:00:00,2023-09-01 05:00:00,1.0
CAD_CHF,2023-08-31 05:00:00,2023-09-11 09:00:00,-1.0
AUD_CAD,2023-09-01 09:00:00,2023-09-05 05:00:00,1.0
CHF_JPY,2023-09-01 09:00:00,2023-09-05 13:00:00,1.0
USD_JPY,2023-09-01 09:00:00,2023-09-01 13:00:00,1.0
EUR_CAD,2023-09-05 13:00:00,2023-09-14 09:00:00,-1.0
CAD_CHF,2023-09-05 13:00:00,2023-09-13 09:00:00,-1.0
CAD_CHF,2023-09-07 09:00:00,2023-09-14 09:00:00,-1.0
CAD_CHF,2023-09-08 09:00:00,2023-09-14 09:00:00,-1.0
CHF_JPY,2023-09-11 01:00:00,2023-09-26 21:00:00,-1.0
CAD_CHF,2023-09-11 09:00:00,2023-09-14 13:00:00,-1.0
EUR_CAD,2023-09-12 05:00:00,2023-09-14 13:00:00,-1.0
CAD_CHF,2023-09-12 09:00:00,2023-09-14 17:00:00,-1.0
CAD_CHF,2023-09-13 05:00:00,2023-09-18 13:00:00,-1.0
CAD_CHF,2023-09-13 17:00:00,2023-09-19 01:00:00,-1.0
CAD_CHF,2023-09-14 05:00:00,2023-09-19 09:00:00,-1.0
EUR_CAD,2023-09-14 09:00:00,2023-09-22 09:00:00,-1.0
CAD_CHF,2023-09-18 09:00:00,2023-09-21 05:00:00,-1.0
CAD_CHF,2023-09-19 05:00:00,2023-09-21 09:00:00,-1.0
CHF_JPY,2023-09-21 05:00:00,2023-10-03 13:00:00,-1.0
CAD_CHF,2023-09-21 05:00:00,2023-09-25 21:00:00,-1.0
CAD_CHF,2023-09-25 05:00:00,2023-09-27 17:00:00,-1.0
EUR_CAD,2023-09-25 13:00:00,2023-10-04 09:00:00,1.0
CAD_CHF,2023-09-27 09:00:00,2023-10-02 05:00:00,1.0
EUR_CAD,2023-09-27 13:00:00,2023-09-29 17:00:00,1.0
CHF_JPY,2023-10-03 13:00:00,2023-10-06 09:00:00,1.0
USD_JPY,2023-10-05 13:00:00,2023-10-18 17:00:00,1.0
CAD_CHF,2023-10-06 09:00:00,2023-10-13 13:00:00,1.0
AUD_CAD,2023-10-24 13:00:00,2023-10-30 05:00:00,-1.0
CAD_CHF,2023-10-26 05:00:00,2023-11-02 17:00:00,-1.0
CAD_CHF,2023-10-27 05:00:00,2023-11-02 17:00:00,-1.0
CHF_JPY,2023-10-27 13:00:00,2023-11-08 10:00:00,1.0
AUD_CAD,2023-10-27 13:00:00,2023-11-01 21:00:00,-1.0
USD_JPY,2023-10-30 13:00:00,2023-10-31 09:00:00,1.0
CHF_JPY,2023-10-30 13:00:00,2023-10-31 05:00:00,1.0
CAD_CHF,2023-10-31 09:00:00,2023-11-02 17:00:00,-1.0
AUD_CAD,2023-11-01 21:00:00,2023-11-09 18:00:00,1.0
CAD_CHF,2023-11-02 13:00:00,2023-11-08 14:00:00,1.0
CAD_CHF,2023-11-09 22:00:00,2023-11-16 10:00:00,1.0
USD_JPY,2023-11-17 06:00:00,2023-11-20 10:00:00,-1.0
AUD_CAD,2023-11-20 06:00:00,2023-12-05 10:00:00,1.0
CAD_CHF,2023-11-22 18:00:00,2023-12-12 18:00:00,0.2029120198265054
CAD_CHF,2023-11-23 02:00:00,2023-12-13 02:00:00,0.24155711432154975
CAD_CHF,2023-11-24 10:00:00,2023-12-14 10:00:00,-0.22592925010058848
CAD_CHF,2023-11-28 06:00:00,2023-11-30 14:00:00,1.0
USD_JPY,2023-11-28 14:00:00,2023-12-07 06:00:00,-1.0
USD_JPY,2023-11-29 14:00:00,2023-12-07 06:00:00,-1.0
USD_JPY,2023-11-29 22:00:00,2023-11-30 14:00:00,1.0
EUR_CAD,2023-11-30 14:00:00,2023-12-01 14:00:00,-1.0
CAD_CHF,2023-11-30 18:00:00,2023-12-20 18:00:00,-0.03409055691573375
CAD_CHF,2023-12-01 06:00:00,2023-12-21 06:00:00,0.061886932574197244
USD_JPY,2023-12-01 14:00:00,2023-12-07 06:00:00,-1.0
EUR_CAD,2023-12-04 10:00:00,2023-12-22 10:00:00,-0.47353059238949985
CHF_JPY,2023-12-07 02:00:00,2023-12-07 10:00:00,-1.0
USD_JPY,2023-12-07 06:00:00,2023-12-07 14:00:00,-1.0
CAD_CHF,2023-12-07 22:00:00,2023-12-15 18:00:00,-1.0
CAD_CHF,2023-12-08 10:00:00,2023-12-27 14:00:00,1.0
USD_JPY,2023-12-13 18:00:00,2023-12-14 02:00:00,-1.0
AUD_CAD,2023-12-13 22:00:00,2023-12-15 10:00:00,1.0
CHF_JPY,2023-12-14 02:00:00,2023-12-18 10:00:00,1.0
CAD_CHF,2023-12-14 06:00:00,2023-12-27 14:00:00,1.0
CAD_CHF,2023-12-15 14:00:00,2023-12-21 10:00:00,1.0
EUR_CAD,2023-12-15 18:00:00,2024-01-08 18:00:00,0.2510443031462853
CAD_CHF,2023-12-26 06:00:00,2023-12-27 14:00:00,1.0
USD_JPY,2023-12-27 22:00:00,2024-01-03 10:00:00,1.0
AUD_CAD,2023-12-27 22:00:00,2024-01-03 10:00:00,1.0
USD_JPY,2023-12-29 14:00:00,2024-01-03 06:00:00,1.0
CAD_CHF,2024-01-05 10:00:00,2024-01-18 22:00:00,-1.0
CAD_CHF,2024-01-11 10:00:00,2024-01-18 22:00:00,-1.0
CAD_CHF,2024-01-12 06:00:00,2024-01-19 10:00:00,-1.0
CAD_CHF,2024-01-16 10:00:00,2024-01-19 14:00:00,-1.0
CAD_CHF,2024-01-17 10:00:00,2024-01-19 18:00:00,-1.0
CAD_CHF,2024-01-18 10:00:00,2024-02-07 10:00:00,-0.7127406277719914
CAD_CHF,2024-01-19 06:00:00,2024-01-24 18:00:00,1.0
CAD_CHF,2024-01-19 18:00:00,2024-01-24 18:00:00,1.0
EUR_CAD,2024-01-23 14:00:00,2024-02-09 10:00:00,-1.0
EUR_CAD,2024-01-26 02:00:00,2024-02-15 02:00:00,-0.47670253350957154
EUR_CAD,2024-01-28 22:00:00,2024-02-15 22:00:00,-0.5176941695979895
CAD_CHF,2024-01-30 06:00:00,2024-02-07 22:00:00,-1.0
USD_JPY,2024-01-31 14:00:00,2024-02-02 10:00:00,1.0
CAD_CHF,2024-02-02 10:00:00,2024-02-07 18:00:00,-1.0
CAD_CHF,2024-02-05 06:00:00,2024-02-09 10:00:00,-1.0
CAD_CHF,2024-02-07 06:00:00,2024-02-13 06:00:00,-1.0
CHF_JPY,2024-02-07 06:00:00,2024-02-22 06:00:00,1.0
CHF_JPY,2024-02-07 14:00:00,2024-02-21 22:00:00,1.0
EUR_CAD,2024-02-08 10:00:00,2024-02-20 10:00:00,1.0
CAD_CHF,2024-02-09 06:00:00,2024-02-29 06:00:00,0.6531528070202381
CAD_CHF,2024-02-12 14:00:00,2024-03-01 14:00:00,-0.1566170712607697
CAD_CHF,2024-02-13 06:00:00,2024-02-28 14:00:00,1.0
CAD_CHF,2024-02-19 06:00:00,2024-02-28 14:00:00,1.0
CAD_CHF,2024-02-19 14:00:00,2024-02-28 10:00:00,1.0
AUD_CAD,2024-02-20 06:00:00,2024-03-08 10:00:00,-1.0
AUD_CAD,2024-02-21 02:00:00,2024-03-12 01:00:00,-0.45642031239434533
CAD_CHF,2024-02-22 14:00:00,2024-02-28 22:00:00,1.0
USD_JPY,2024-02-29 06:00:00,2024-03-07 06:00:00,-1.0
CAD_CHF,2024-02-29 14:00:00,2024-03-20 13:00:00,-1.0
CHF_JPY,2024-02-29 14:00:00,2024-03-07 06:00:00,-1.0
CHF_JPY,2024-03-01 10:00:00,2024-03-07 06:00:00,-1.0
CHF_JPY,2024-03-06 06:00:00,2024-03-08 18:00:00,-1.0
USD_JPY,2024-03-06 06:00:00,2024-03-07 06:00:00,-1.0
AUD_CAD,2024-03-06 10:00:00,2024-03-26 09:00:00,-0.07101071923714383
CAD_CHF,2024-03-06 14:00:00,2024-03-21 05:00:00,-1.0
AUD_CAD,2024-03-06 22:00:00,2024-03-26 21:00:00,0.1103877086665588
CHF_JPY,2024-03-06 22:00:00,2024-03-20 01:00:00,1.0
AUD_CAD,2024-03-08 02:00:00,2024-03-28 01:00:00,0.5673981542739809
CHF_JPY,2024-03-08 06:00:00,2024-03-19 09:00:00,1.0
CHF_JPY,2024-03-08 14:00:00,2024-03-19 05:00:00,1.0
CAD_CHF,2024-03-13 05:00:00,2024-03-20 17:00:00,-1.0
CAD_CHF,2024-03-13 13:00:00,2024-03-20 17:00:00,-1.0
CAD_CHF,2024-03-14 05:00:00,2024-03-21 05:00:00,-1.0
CAD_CHF,2024-03-18 13:00:00,2024-03-21 05:00:00,-1.0
CAD_CHF,2024-03-20 13:00:00,2024-03-21 05:00:00,-1.0
CAD_CHF,2024-03-21 05:00:00,2024-04-02 05:00:00,-1.0
EUR_CAD,2024-03-21 05:00:00,2024-04-02 05:00:00,-1.0
EUR_CAD,2024-03-21 13:00:00,2024-04-02 05:00:00,-1.0
CAD_CHF,2024-03-26 01:00:00,2024-04-02 05:00:00,-1.0
CHF_JPY,2024-03-27 09:00:00,2024-04-05 13:00:00,1.0
EUR_CAD,2024-03-28 09:00:00,2024-04-17 09:00:00,0.10839775841616409
EUR_CAD,2024-03-29 13:00:00,2024-04-09 09:00:00,1.0
EUR_CAD,2024-03-31 21:00:00,2024-04-05 13:00:00,1.0
CAD_CHF,2024-03-31 21:00:00,2024-04-16 09:00:00,1.0
EUR_CAD,2024-04-01 13:00:00,2024-04-05 09:00:00,1.0
CAD_CHF,2024-04-02 01:00:00,2024-04-16 09:00:00,1.0
EUR_CAD,2024-04-02 05:00:00,2024-04-05 05:00:00,1.0
CAD_CHF,2024-04-04 05:00:00,2024-04-05 13:00:00,1.0
AUD_CAD,2024-04-04 09:00:00,2024-04-18 21:00:00,1.0
USD_JPY,2024-04-04 21:00:00,2024-04-10 09:00:00,1.0
AUD_CAD,2024-04-05 09:00:00,2024-04-16 01:00:00,1.0
CAD_CHF,2024-04-08 13:00:00,2024-04-16 09:00:00,1.0
CAD_CHF,2024-04-10 13:00:00,2024-04-16 05:00:00,1.0
CAD_CHF,2024-04-17 21:00:00,2024-04-19 01:00:00,1.0
CAD_CHF,2024-04-18 13:00:00,2024-04-19 01:00:00,1.0
CAD_CHF,2024-04-22 01:00:00,2024-05-10 01:00:00,0.22289156626506648
EUR_CAD,2024-04-22 09:00:00,2024-05-07 13:00:00,1.0
CAD_CHF,2024-04-22 17:00:00,2024-05-10 17:00:00,0.32153374601839596
CAD_CHF,2024-04-23 13:00:00,2024-05-08 09:00:00,1.0
CAD_CHF,2024-04-24 05:00:00,2024-05-03 13:00:00,1.0
CAD_CHF,2024-04-26 01:00:00,2024-05-03 09:00:00,1.0
CAD_CHF,2024-04-26 09:00:00,2024-05-03 09:00:00,1.0
CAD_CHF,2024-04-26 17:00:00,2024-05-03 09:00:00,1.0
AUD_CAD,2024-04-29 01:00:00,2024-05-03 13:00:00,-1.0
CAD_CHF,2024-05-01 01:00:00,2024-05-03 09:00:00,1.0
USD_JPY,2024-05-02 13:00:00,2024-05-03 09:00:00,-1.0
CHF_JPY,2024-05-03 01:00:00,2024-05-06 01:00:00,1.0
AUD_CAD,2024-05-03 09:00:00,2024-05-23 09:00:00,-0.36709420610349075
CAD_CHF,2024-05-09 05:00:00,2024-05-20 21:00:00,-1.0
CAD_CHF,2024-05-10 09:00:00,2024-05-30 09:00:00,0.6046567595210914
CAD_CHF,2024-05-13 17:00:00,2024-05-27 21:00:00,-1.0
CAD_CHF,2024-05-14 09:00:00,2024-06-03 09:00:00,0.5038806329342345
AUD_CAD,2024-05-15 13:00:00,2024-06-04 13:00:00,0.008798073221973228
CAD_CHF,2024-05-16 17:00:00,2024-06-03 13:00:00,1.0
CAD_CHF,2024-05-24 13:00:00,2024-05-30 05:00:00,1.0
EUR_CAD,2024-05-31 01:00:00,2024-06-20 01:00:00,-0.4076968844655954
EUR_CAD,2024-05-31 17:00:00,2024-06-20 17:00:00,-0.9392941431054114
EUR_CAD,2024-06-03 09:00:00,2024-06-05 13:00:00,1.0
AUD_CAD,2024-06-03 13:00:00,2024-06-12 17:00:00,-1.0
USD_JPY,2024-06-03 13:00:00,2024-06-14 01:00:00,1.0
USD_JPY,2024-06-04 01:00:00,2024-06-04 09:00:00,-1.0
AUD_CAD,2024-06-05 21:00:00,2024-06-25 21:00:00,0.43763916157550686
CAD_CHF,2024-06-07 09:00:00,2024-06-18 09:00:00,1.0
CAD_CHF,2024-06-11 13:00:00,2024-06-18 05:00:00,1.0
CAD_CHF,2024-06-11 21:00:00,2024-06-18 05:00:00,1.0
AUD_CAD,2024-06-12 09:00:00,2024-06-17 05:00:00,1.0
EUR_CAD,2024-06-13 17:00:00,2024-06-25 09:00:00,-1.0
EUR_CAD,2024-06-14 05:00:00,2024-07-04 05:00:00,0.023112899717207327
CAD_CHF,2024-06-20 05:00:00,2024-06-24 13:00:00,-1.0
EUR_CAD,2024-06-20 17:00:00,2024-07-10 17:00:00,0.6688917555678422
EUR_CAD,2024-06-21 05:00:00,2024-07-05 17:00:00,1.0
CAD_CHF,2024-06-24 05:00:00,2024-07-02 13:00:00,-1.0
CAD_CHF,2024-06-24 13:00:00,2024-07-02 17:00:00,-1.0
CAD_CHF,2024-06-25 05:00:00,2024-07-02 17:00:00,-1.0
CAD_CHF,2024-06-26 05:00:00,2024-07-04 05:00:00,-1.0
CAD_CHF,2024-06-27 05:00:00,2024-07-04 05:00:00,-1.0
CAD_CHF,2024-06-28 13:00:00,2024-07-17 05:00:00,1.0
CAD_CHF,2024-06-30 21:00:00,2024-07-17 05:00:00,1.0
CAD_CHF,2024-07-02 09:00:00,2024-07-17 05:00:00,1.0
CAD_CHF,2024-07-04 05:00:00,2024-07-15 13:00:00,1.0
AUD_CAD,2024-07-05 13:00:00,2024-07-24 01:00:00,1.0
CAD_CHF,2024-07-10 09:00:00,2024-07-17 05:00:00,1.0
CHF_JPY,2024-07-11 09:00:00,2024-07-15 13:00:00,-1.0
USD_JPY,2024-07-11 09:00:00,2024-07-17 05:00:00,-1.0
AUD_CAD,2024-07-11 09:00:00,2024-07-22 09:00:00,1.0
CHF_JPY,2024-07-15 13:00:00,2024-07-23 17:00:00,-1.0
USD_JPY,2024-07-17 05:00:00,2024-07-19 05:00:00,1.0
CAD_CHF,2024-07-19 01:00:00,2024-07-24 09:00:00,1.0
CHF_JPY,2024-07-23 05:00:00,2024-07-24 01:00:00,-1.0
CAD_CHF,2024-07-23 09:00:00,2024-07-24 13:00:00,1.0
USD_JPY,2024-07-23 13:00:00,2024-07-24 09:00:00,-1.0
USD_JPY,2024-07-24 01:00:00,2024-07-24 21:00:00,-1.0
CAD_CHF,2024-07-30 01:00:00,2024-08-01 05:00:00,1.0
USD_JPY,2024-07-31 05:00:00,2024-07-31 21:00:00,-1.0
CHF_JPY,2024-07-31 05:00:00,2024-08-01 01:00:00,-1.0
EUR_CAD,2024-07-31 13:00:00,2024-08-02 09:00:00,1.0
EUR_CAD,2024-08-01 05:00:00,2024-08-02 09:00:00,1.0
USD_JPY,2024-08-01 13:00:00,2024-08-02 09:00:00,-1.0
CHF_JPY,2024-08-05 01:00:00,2024-08-05 09:00:00,-1.0
CAD_CHF,2024-08-07 01:00:00,2024-08-07 13:00:00,-1.0
CAD_CHF,2024-08-08 13:00:00,2024-08-15 09:00:00,-1.0
CAD_CHF,2024-08-12 01:00:00,2024-08-28 17:00:00,1.0
CAD_CHF,2024-08-15 05:00:00,2024-08-21 17:00:00,1.0
CHF_JPY,2024-08-19 01:00:00,2024-08-20 05:00:00,1.0
AUD_CAD,2024-08-19 13:00:00,2024-09-03 21:00:00,1.0
USD_JPY,2024-08-20 13:00:00,2024-08-21 13:00:00,1.0
USD_JPY,2024-08-21 13:00:00,2024-08-25 21:00:00,-1.0
CAD_CHF,2024-08-23 09:00:00,2024-09-06 13:00:00,1.0
USD_JPY,2024-08-23 17:00:00,2024-08-30 13:00:00,1.0
CAD_CHF,2024-08-26 13:00:00,2024-09-06 05:00:00,1.0
EUR_CAD,2024-08-28 01:00:00,2024-09-17 01:00:00,0.7232911746488332
EUR_CAD,2024-08-29 05:00:00,2024-09-16 05:00:00,1.0
CAD_CHF,2024-08-29 09:00:00,2024-09-06 09:00:00,1.0
CAD_CHF,2024-09-02 21:00:00,2024-09-05 09:00:00,1.0
CHF_JPY,2024-09-05 01:00:00,2024-09-10 21:00:00,-1.0
CHF_JPY,2024-09-05 09:00:00,2024-09-11 01:00:00,-1.0
USD_JPY,2024-09-05 09:00:00,2024-09-11 01:00:00,-1.0
USD_JPY,2024-09-06 01:00:00,2024-09-11 01:00:00,-1.0
CHF_JPY,2024-09-06 13:00:00,2024-09-11 01:00:00,-1.0
USD_JPY,2024-09-06 13:00:00,2024-09-11 01:00:00,-1.0
USD_JPY,2024-09-11 01:00:00,2024-09-11 09:00:00,1.0
CAD_CHF,2024-09-11 17:00:00,2024-09-16 09:00:00,1.0
USD_JPY,2024-09-13 05:00:00,2024-09-17 17:00:00,1.0
USD_JPY,2024-09-15 21:00:00,2024-09-17 13:00:00,1.0
AUD_CAD,2024-09-16 09:00:00,2024-09-19 05:00:00,-1.0
AUD_CAD,2024-09-17 05:00:00,2024-09-24 05:00:00,-1.0
CAD_CHF,2024-09-17 17:00:00,2024-09-23 13:00:00,-1.0
CAD_CHF,2024-09-18 21:00:00,2024-09-25 05:00:00,-1.0
CAD_CHF,2024-09-22 21:00:00,2024-10-06 21:00:00,-1.0
CAD_CHF,2024-09-25 05:00:00,2024-09-27 13:00:00,1.0
AUD_CAD,2024-09-27 09:00:00,2024-10-04 09:00:00,1.0
CAD_CHF,2024-10-01 09:00:00,2024-10-04 09:00:00,-1.0
EUR_CAD,2024-10-01 13:00:00,2024-10-11 09:00:00,1.0
CAD_CHF,2024-10-01 17:00:00,2024-10-06 21:00:00,-1.0
EUR_CAD,2024-10-02 09:00:00,2024-10-11 05:00:00,1.0
CAD_CHF,2024-10-02 09:00:00,2024-10-10 09:00:00,1.0
CAD_CHF,2024-10-04 09:00:00,2024-10-07 17:00:00,1.0
CAD_CHF,2024-10-14 09:00:00,2024-11-01 09:00:00,0.5307244708740928
CAD_CHF,2024-10-16 13:00:00,2024-10-31 01:00:00,1.0
CAD_CHF,2024-10-22 21:00:00,2024-10-31 13:00:00,1.0
CAD_CHF,2024-11-05 14:00:00,2024-11-06 06:00:00,-1.0
EUR_CAD,2024-11-06 06:00:00,2024-11-12 10:00:00,-1.0
EUR_CAD,2024-11-06 22:00:00,2024-11-12 14:00:00,-1.0
AUD_CAD,2024-11-07 06:00:00,2024-11-12 14:00:00,1.0
CHF_JPY,2024-11-07 18:00:00,2024-11-17 22:00:00,-1.0
CHF_JPY,2024-11-08 02:00:00,2024-11-22 10:00:00,-1.0
CAD_CHF,2024-11-11 06:00:00,2024-11-22 10:00:00,-1.0
EUR_CAD,2024-11-11 10:00:00,2024-11-21 06:00:00,-1.0
CAD_CHF,2024-11-11 14:00:00,2024-11-22 10:00:00,-1.0
CAD_CHF,2024-11-13 14:00:00,2024-11-22 10:00:00,-1.0
CAD_CHF,2024-11-13 22:00:00,2024-11-22 10:00:00,-1.0
CAD_CHF,2024-11-14 06:00:00,2024-11-18 06:00:00,1.0
CHF_JPY,2024-11-15 14:00:00,2024-11-20 06:00:00,1.0
CAD_CHF,2024-11-19 14:00:00,2024-11-22 10:00:00,-1.0
CAD_CHF,2024-11-20 02:00:00,2024-11-22 10:00:00,-1.0
EUR_CAD,2024-11-21 06:00:00,2024-11-22 06:00:00,-1.0
CAD_CHF,2024-11-21 14:00:00,2024-11-25 22:00:00,1.0
CHF_JPY,2024-11-22 10:00:00,2024-11-27 14:00:00,-1.0
CAD_CHF,2024-11-22 10:00:00,2024-11-25 22:00:00,1.0
AUD_CAD,2024-11-25 22:00:00,2024-12-04 02:00:00,1.0
AUD_CAD,2024-11-26 10:00:00,2024-12-04 02:00:00,1.0
USD_JPY,2024-11-26 14:00:00,2024-11-27 06:00:00,-1.0
CHF_JPY,2024-11-26 22:00:00,2024-11-28 22:00:00,-1.0
CAD_CHF,2024-11-28 06:00:00,2024-12-06 10:00:00,1.0
USD_JPY,2024-11-28 10:00:00,2024-11-28 22:00:00,-1.0
CHF_JPY,2024-11-28 22:00:00,2024-12-02 14:00:00,-1.0
USD_JPY,2024-11-28 22:00:00,2024-12-09 22:00:00,1.0
CAD_CHF,2024-12-02 06:00:00,2024-12-06 10:00:00,1.0
CHF_JPY,2024-12-02 14:00:00,2024-12-04 10:00:00,1.0
CAD_CHF,2024-12-10 14:00:00,2024-12-30 14:00:00,-1.0
CAD_CHF,2024-12-12 06:00:00,2025-01-02 14:00:00,-1.0
CAD_CHF,2024-12-13 06:00:00,2024-12-18 18:00:00,1.0
CAD_CHF,2024-12-17 06:00:00,2024-12-20 10:00:00,1.0
CAD_CHF,2024-12-19 14:00:00,2025-01-02 14:00:00,-1.0
CAD_CHF,2024-12-23 14:00:00,2025-01-01 22:00:00,-1.0
CAD_CHF,2024-12-29 22:00:00,2025-01-02 14:00:00,-1.0
CAD_CHF,2024-12-30 10:00:00,2025-01-08 06:00:00,-1.0
EUR_CAD,2024-12-31 14:00:00,2025-01-10 10:00:00,-1.0
EUR_CAD,2025-01-02 10:00:00,2025-01-13 06:00:00,-1.0
CHF_JPY,2025-01-02 10:00:00,2025-01-06 10:00:00,1.0
CAD_CHF,2025-01-02 14:00:00,2025-01-20 22:00:00,1.0
CAD_CHF,2025-01-07 10:00:00,2025-01-20 22:00:00,1.0
CAD_CHF,2025-01-08 06:00:00,2025-01-20 22:00:00,1.0
CAD_CHF,2025-01-10 10:00:00,2025-01-20 22:00:00,1.0
CHF_JPY,2025-01-10 14:00:00,2025-01-16 02:00:00,-1.0
EUR_CAD,2025-01-13 06:00:00,2025-01-17 10:00:00,1.0
CAD_CHF,2025-01-13 14:00:00,2025-01-20 22:00:00,1.0
USD_JPY,2025-01-15 06:00:00,2025-01-16 02:00:00,-1.0
CHF_JPY,2025-01-15 22:00:00,2025-01-22 10:00:00,1.0
CAD_CHF,2025-01-20 10:00:00,2025-01-20 22:00:00,1.0
AUD_CAD,2025-01-20 22:00:00,2025-02-02 22:00:00,-1.0
AUD_CAD,2025-01-21 10:00:00,2025-02-02 22:00:00,-1.0
CAD_CHF,2025-01-24 10:00:00,2025-01-27 10:00:00,1.0
USD_JPY,2025-01-27 06:00:00,2025-02-05 06:00:00,-1.0
USD_JPY,2025-01-29 22:00:00,2025-02-05 02:00:00,-1.0
CHF_JPY,2025-01-29 22:00:00,2025-02-02 22:00:00,-1.0
CAD_CHF,2025-01-30 06:00:00,2025-02-02 22:00:00,1.0
CAD_CHF,2025-01-30 14:00:00,2025-01-30 18:00:00,1.0
USD_JPY,2025-01-30 22:00:00,2025-02-02 22:00:00,1.0
CAD_CHF,2025-01-31 14:00:00,2025-02-02 22:00:00,1.0
CHF_JPY,2025-02-03 06:00:00,2025-02-04 06:00:00,1.0
EUR_CAD,2025-02-03 18:00:00,2025-02-07 14:00:00,-1.0
USD_JPY,2025-02-04 22:00:00,2025-02-05 22:00:00,-1.0
CHF_JPY,2025-02-06 10:00:00,2025-02-07 14:00:00,-1.0
CAD_CHF,2025-02-06 22:00:00,2025-02-11 18:00:00,-1.0
CAD_CHF,2025-02-07 10:00:00,2025-02-24 18:00:00,1.0
CHF_JPY,2025-02-07 10:00:00,2025-02-12 10:00:00,1.0
EUR_CAD,2025-02-07 14:00:00,2025-02-23 22:00:00,1.0
USD_JPY,2025-02-07 18:00:00,2025-02-11 22:00:00,1.0
CAD_CHF,2025-02-11 10:00:00,2025-02-21 14:00:00,1.0
AUD_CAD,2025-02-17 02:00:00,2025-03-07 02:00:00,0.048756163776386106
CAD_CHF,2025-02-18 02:00:00,2025-02-24 18:00:00,1.0
CAD_CHF,2025-02-18 14:00:00,2025-02-24 14:00:00,1.0
USD_JPY,2025-02-19 22:00:00,2025-02-21 18:00:00,-1.0
AUD_CAD,2025-02-20 06:00:00,2025-02-28 10:00:00,1.0
AUD_CAD,2025-02-20 14:00:00,2025-02-28 02:00:00,1.0
USD_JPY,2025-02-21 14:00:00,2025-02-28 10:00:00,1.0
CAD_CHF,2025-02-27 02:00:00,2025-03-03 18:00:00,1.0
USD_JPY,2025-03-04 10:00:00,2025-03-04 18:00:00,1.0
CAD_CHF,2025-03-05 14:00:00,2025-03-07 06:00:00,1.0
USD_JPY,2025-03-06 06:00:00,2025-03-17 21:00:00,1.0
USD_JPY,2025-03-09 21:00:00,2025-03-12 09:00:00,1.0
USD_JPY,2025-03-10 05:00:00,2025-03-12 09:00:00,1.0
AUD_CAD,2025-03-10 09:00:00,2025-03-13 13:00:00,1.0
USD_JPY,2025-03-10 21:00:00,2025-03-12 01:00:00,1.0
CAD_CHF,2025-03-11 21:00:00,2025-03-24 13:00:00,-1.0
CAD_CHF,2025-03-12 09:00:00,2025-03-26 05:00:00,-1.0
CAD_CHF,2025-03-14 09:00:00,2025-03-26 09:00:00,-1.0
CAD_CHF,2025-03-20 13:00:00,2025-04-02 21:00:00,-1.0
EUR_CAD,2025-03-21 01:00:00,2025-03-26 05:00:00,-1.0
EUR_CAD,2025-03-24 13:00:00,2025-04-03 09:00:00,1.0
EUR_CAD,2025-03-25 05:00:00,2025-04-03 09:00:00,1.0
EUR_CAD,2025-03-25 17:00:00,2025-03-31 21:00:00,1.0
CAD_CHF,2025-03-25 17:00:00,2025-04-03 09:00:00,1.0
EUR_CAD,2025-03-26 17:00:00,2025-03-28 13:00:00,1.0
CAD_CHF,2025-04-01 13:00:00,2025-04-03 09:00:00,1.0
CHF_JPY,2025-04-02 21:00:00,2025-04-03 09:00:00,1.0
USD_JPY,2025-04-02 21:00:00,2025-04-03 09:00:00,-1.0
USD_JPY,2025-04-06 21:00:00,2025-04-07 13:00:00,1.0
USD_JPY,2025-04-09 01:00:00,2025-04-09 17:00:00,1.0
USD_JPY,2025-04-09 09:00:00,2025-04-09 17:00:00,1.0
CAD_CHF,2025-04-09 17:00:00,2025-04-10 05:00:00,1.0
USD_JPY,2025-04-10 21:00:00,2025-04-16 17:00:00,-1.0
CAD_CHF,2025-04-14 05:00:00,2025-04-16 05:00:00,1.0
CAD_CHF,2025-04-17 09:00:00,2025-04-21 05:00:00,1.0
USD_JPY,2025-04-21 01:00:00,2025-04-22 21:00:00,1.0
USD_JPY,2025-04-22 01:00:00,2025-04-22 17:00:00,1.0
CHF_JPY,2025-04-22 09:00:00,2025-05-01 05:00:00,1.0
CAD_CHF,2025-04-22 13:00:00,2025-04-22 21:00:00,-1.0
CAD_CHF,2025-04-24 21:00:00,2025-04-28 13:00:00,1.0
CAD_CHF,2025-04-30 17:00:00,2025-05-12 05:00:00,-1.0
EUR_CAD,2025-04-30 17:00:00,2025-05-20 17:00:00,0.4298819104156705
AUD_CAD,2025-05-05 01:00:00,2025-05-13 13:00:00,-1.0
CAD_CHF,2025-05-06 13:00:00,2025-05-12 05:00:00,-1.0
CAD_CHF,2025-05-06 21:00:00,2025-05-07 17:00:00,1.0
CAD_CHF,2025-05-12 01:00:00,2025-05-12 05:00:00,-1.0
EUR_CAD,2025-05-12 05:00:00,2025-05-19 05:00:00,1.0
AUD_CAD,2025-05-13 13:00:00,2025-05-15 17:00:00,1.0
USD_JPY,2025-05-21 01:00:00,2025-05-26 01:00:00,-1.0
CAD_CHF,2025-05-22 13:00:00,2025-06-11 13:00:00,-0.47990903466381546
USD_JPY,2025-05-23 09:00:00,2025-05-27 09:00:00,1.0
CAD_CHF,2025-05-25 21:00:00,2025-06-12 21:00:00,1.0
CAD_CHF,2025-05-26 09:00:00,2025-06-12 21:00:00,1.0
CAD_CHF,2025-05-27 13:00:00,2025-05-30 01:00:00,1.0
CAD_CHF,2025-05-28 21:00:00,2025-05-29 17:00:00,1.0
EUR_CAD,2025-05-28 21:00:00,2025-05-30 01:00:00,1.0
CAD_CHF,2025-06-01 21:00:00,2025-06-12 21:00:00,1.0
CAD_CHF,2025-06-03 09:00:00,2025-06-12 21:00:00,1.0
CAD_CHF,2025-06-06 09:00:00,2025-06-12 05:00:00,1.0
AUD_CAD,2025-06-09 05:00:00,2025-06-12 21:00:00,1.0
CAD_CHF,2025-06-10 13:00:00,2025-06-12 21:00:00,1.0
CAD_CHF,2025-06-16 17:00:00,2025-06-23 13:00:00,1.0
USD_JPY,2025-06-26 05:00:00,2025-07-07 09:00:00,1.0
USD_JPY,2025-06-30 21:00:00,2025-07-03 09:00:00,1.0
USD_JPY,2025-07-01 05:00:00,2025-07-03 09:00:00,1.0
CAD_CHF,2025-07-02 13:00:00,2025-07-22 13:00:00,-0.0034364261168418966
CAD_CHF,2025-07-03 09:00:00,2025-07-09 21:00:00,1.0
CAD_CHF,2025-07-10 13:00:00,2025-07-30 13:00:00,-0.7015678067858125
CAD_CHF,2025-07-14 13:00:00,2025-07-30 13:00:00,-1.0
EUR_CAD,2025-07-15 13:00:00,2025-07-25 13:00:00,1.0
CAD_CHF,2025-07-15 13:00:00,2025-08-04 13:00:00,-0.4073807812125639
CAD_CHF,2025-07-16 09:00:00,2025-07-25 17:00:00,1.0
EUR_CAD,2025-07-16 09:00:00,2025-07-25 13:00:00,1.0
USD_JPY,2025-07-22 13:00:00,2025-07-25 09:00:00,1.0
USD_JPY,2025-07-22 21:00:00,2025-07-25 09:00:00,1.0
USD_JPY,2025-07-23 09:00:00,2025-07-25 09:00:00,1.0
USD_JPY,2025-07-24 01:00:00,2025-07-25 05:00:00,1.0
AUD_CAD,2025-07-24 05:00:00,2025-07-30 13:00:00,1.0
CAD_CHF,2025-07-24 09:00:00,2025-08-11 17:00:00,-1.0
CAD_CHF,2025-07-28 09:00:00,2025-07-30 17:00:00,-1.0
EUR_CAD,2025-07-29 09:00:00,2025-08-07 05:00:00,1.0
CHF_JPY,2025-07-30 01:00:00,2025-08-04 13:00:00,-1.0
EUR_CAD,2025-07-30 09:00:00,2025-08-06 13:00:00,1.0
CAD_CHF,2025-07-30 09:00:00,2025-08-19 09:00:00,0.7700957508433485
CHF_JPY,2025-07-30 09:00:00,2025-07-31 13:00:00,1.0
CHF_JPY,2025-07-31 01:00:00,2025-07-31 13:00:00,1.0
CHF_JPY,2025-08-01 13:00:00,2025-08-21 13:00:00,0.10584781920755372
CHF_JPY,2025-08-03 21:00:00,2025-08-21 21:00:00,0.23757639309881481
CHF_JPY,2025-08-04 05:00:00,2025-08-22 05:00:00,0.44524669073404916
CAD_CHF,2025-08-07 09:00:00,2025-08-19 09:00:00,1.0
CAD_CHF,2025-08-08 05:00:00,2025-08-19 09:00:00,1.0
CAD_CHF,2025-08-11 09:00:00,2025-08-19 09:00:00,1.0
AUD_CAD,2025-08-13 05:00:00,2025-08-20 05:00:00,1.0
USD_JPY,2025-08-13 21:00:00,2025-08-21 13:00:00,1.0
CHF_JPY,2025-08-14 01:00:00,2025-08-22 05:00:00,1.0
CAD_CHF,2025-08-18 05:00:00,2025-08-20 17:00:00,1.0
CAD_CHF,2025-08-22 01:00:00,2025-09-05 13:00:00,1.0
CAD_CHF,2025-08-26 05:00:00,2025-09-05 13:00:00,1.0
CAD_CHF,2025-08-27 05:00:00,2025-09-05 13:00:00,1.0
EUR_CAD,2025-08-27 05:00:00,2025-09-05 13:00:00,1.0
CAD_CHF,2025-08-28 09:00:00,2025-09-05 13:00:00,1.0
CAD_CHF,2025-08-28 17:00:00,2025-09-05 13:00:00,1.0
CAD_CHF,2025-09-02 05:00:00,2025-09-05 13:00:00,1.0
AUD_CAD,2025-09-03 09:00:00,2025-09-09 01:00:00,-1.0
AUD_CAD,2025-09-05 09:00:00,2025-09-10 09:00:00,-1.0
AUD_CAD,2025-09-09 01:00:00,2025-09-11 13:00:00,-1.0
AUD_CAD,2025-09-10 01:00:00,2025-09-30 01:00:00,-0.4600389011517399
CAD_CHF,2025-09-12 09:00:00,2025-09-17 17:00:00,1.0
CAD_CHF,2025-09-15 17:00:00,2025-09-17 17:00:00,1.0
USD_JPY,2025-09-16 13:00:00,2025-09-18 13:00:00,1.0
CAD_CHF,2025-09-18 01:00:00,2025-10-08 01:00:00,-0.019178798709780034
CAD_CHF,2025-09-18 09:00:00,2025-10-08 09:00:00,-0.078424538166619
CAD_CHF,2025-09-19 05:00:00,2025-10-01 05:00:00,1.0
CAD_CHF,2025-09-25 05:00:00,2025-10-15 05:00:00,0.5656029606871097
AUD_CAD,2025-09-30 01:00:00,2025-10-10 13:00:00,1.0
CHF_JPY,2025-09-30 05:00:00,2025-10-05 21:00:00,1.0
CHF_JPY,2025-10-01 05:00:00,2025-10-05 21:00:00,1.0
USD_JPY,2025-10-01 09:00:00,2025-10-05 21:00:00,1.0
CHF_JPY,2025-10-02 05:00:00,2025-10-05 21:00:00,1.0
CHF_JPY,2025-10-02 13:00:00,2025-10-05 21:00:00,1.0
CAD_CHF,2025-10-06 05:00:00,2025-10-15 21:00:00,1.0
CAD_CHF,2025-10-07 21:00:00,2025-10-15 21:00:00,1.0
EUR_CAD,2025-10-07 21:00:00,2025-10-16 17:00:00,1.0
CAD_CHF,2025-10-08 13:00:00,2025-10-15 13:00:00,1.0
EUR_CAD,2025-10-09 05:00:00,2025-10-15 21:00:00,1.0
CAD_CHF,2025-10-10 09:00:00,2025-10-14 13:00:00,1.0
USD_JPY,2025-10-16 21:00:00,2025-10-21 09:00:00,1.0
CAD_CHF,2025-10-21 09:00:00,2025-10-29 13:00:00,-1.0
CAD_CHF,2025-10-22 21:00:00,2025-10-29 17:00:00,-1.0
CAD_CHF,2025-10-27 01:00:00,2025-10-29 17:00:00,-1.0
AUD_CAD,2025-10-27 09:00:00,2025-11-14 10:00:00,0.14949151062808128
AUD_CAD,2025-10-28 01:00:00,2025-11-17 02:00:00,0.26045923649480696
CAD_CHF,2025-10-29 01:00:00,2025-11-03 06:00:00,-1.0
EUR_CAD,2025-10-29 17:00:00,2025-11-13 14:00:00,1.0
CAD_CHF,2025-10-31 17:00:00,2025-11-13 06:00:00,1.0
CHF_JPY,2025-11-04 02:00:00,2025-11-11 06:00:00,1.0
CHF_JPY,2025-11-05 06:00:00,2025-11-10 22:00:00,1.0
CAD_CHF,2025-11-09 22:00:00,2025-11-12 14:00:00,1.0
CAD_CHF,2025-11-18 06:00:00,2025-11-19 10:00:00,-1.0
EUR_CAD,2025-11-18 14:00:00,2025-12-08 14:00:00,-0.45297243851193275
CAD_CHF,2025-11-20 02:00:00,2025-12-05 14:00:00,-1.0
CHF_JPY,2025-11-25 06:00:00,2025-12-10 18:00:00,1.0
CAD_CHF,2025-11-27 06:00:00,2025-12-05 14:00:00,-1.0
CAD_CHF,2025-11-27 14:00:00,2025-12-05 14:00:00,-1.0
CAD_CHF,2025-11-28 06:00:00,2025-12-05 14:00:00,-1.0
CAD_CHF,2025-11-28 18:00:00,2025-12-05 14:00:00,-1.0
USD_JPY,2025-12-01 06:00:00,2025-12-09 14:00:00,1.0
USD_JPY,2025-12-03 14:00:00,2025-12-09 14:00:00,1.0
AUD_CAD,2025-12-03 22:00:00,2025-12-15 22:00:00,1.0
USD_JPY,2025-12-04 06:00:00,2025-12-09 06:00:00,1.0
CAD_CHF,2025-12-04 14:00:00,2025-12-05 14:00:00,-1.0
USD_JPY,2025-12-05 02:00:00,2025-12-09 06:00:00,1.0
CHF_JPY,2025-12-05 02:00:00,2025-12-09 14:00:00,1.0
CAD_CHF,2025-12-05 10:00:00,2025-12-08 14:00:00,-1.0
EUR_CAD,2025-12-05 10:00:00,2025-12-26 10:00:00,-0.5172253978062719
CAD_CHF,2025-12-17 06:00:00,2026-01-08 06:00:00,0.7442454801333079
EUR_CAD,2025-12-23 10:00:00,2026-01-14 10:00:00,0.24181697555168338
CAD_CHF,2025-12-24 10:00:00,2026-01-15 10:00:00,-0.14231910720795002
EUR_CAD,2025-12-24 10:00:00,2026-01-15 10:00:00,0.10671630215603804
CAD_CHF,2025-12-26 06:00:00,2026-01-16 06:00:00,-0.024251662971180095
EUR_CAD,2025-12-26 06:00:00,2026-01-16 06:00:00,0.14591651091889143
CAD_CHF,2025-12-26 14:00:00,2026-01-16 14:00:00,0.16097763622515757
EUR_CAD,2025-12-29 02:00:00,2026-01-19 02:00:00,0.4677751444691159
CAD_CHF,2025-12-30 14:00:00,2026-01-20 06:00:00,1.0
CAD_CHF,2025-12-31 06:00:00,2026-01-20 06:00:00,1.0
CHF_JPY,2026-01-05 06:00:00,2026-01-13 02:00:00,1.0
AUD_CAD,2026-01-05 10:00:00,2026-01-06 18:00:00,-1.0
CHF_JPY,2026-01-06 14:00:00,2026-01-13 02:00:00,1.0
CHF_JPY,2026-01-07 02:00:00,2026-01-13 02:00:00,1.0
CAD_CHF,2026-01-07 10:00:00,2026-01-20 10:00:00,1.0
CHF_JPY,2026-01-08 14:00:00,2026-01-12 06:00:00,1.0
CAD_CHF,2026-01-13 10:00:00,2026-01-23 18:00:00,1.0
CAD_CHF,2026-01-15 14:00:00,2026-01-20 06:00:00,1.0
AUD_CAD,2026-01-21 06:00:00,2026-01-22 14:00:00,-1.0
CAD_CHF,2026-01-21 18:00:00,2026-01-23 18:00:00,1.0
AUD_CAD,2026-01-21 18:00:00,2026-01-22 22:00:00,-1.0
USD_JPY,2026-01-23 14:00:00,2026-01-25 22:00:00,-1.0
AUD_CAD,2026-01-25 22:00:00,2026-01-29 02:00:00,-1.0
CAD_CHF,2026-01-29 22:00:00,2026-02-18 22:00:00,0.6462291560282494
CAD_CHF,2026-02-02 10:00:00,2026-02-10 14:00:00,1.0
AUD_CAD,2026-02-03 06:00:00,2026-02-05 22:00:00,1.0
CAD_CHF,2026-02-10 18:00:00,2026-03-02 18:00:00,-0.6389550789868437
USD_JPY,2026-02-11 02:00:00,2026-02-11 10:00:00,1.0
AUD_CAD,2026-02-11 14:00:00,2026-03-03 14:00:00,1.0
CHF_JPY,2026-02-11 14:00:00,2026-02-18 22:00:00,1.0
USD_JPY,2026-02-11 14:00:00,2026-02-18 14:00:00,1.0
CAD_CHF,2026-02-11 14:00:00,2026-03-03 06:00:00,-1.0
AUD_CAD,2026-02-11 22:00:00,2026-03-03 14:00:00,1.0
USD_JPY,2026-02-12 14:00:00,2026-02-18 14:00:00,1.0
CAD_CHF,2026-02-19 06:00:00,2026-03-02 22:00:00,-1.0
EUR_CAD,2026-02-19 10:00:00,2026-03-03 06:00:00,-1.0
EUR_CAD,2026-02-20 02:00:00,2026-03-03 06:00:00,-1.0
AUD_CAD,2026-02-24 22:00:00,2026-03-03 10:00:00,1.0
AUD_CAD,2026-02-25 10:00:00,2026-03-03 10:00:00,1.0
CAD_CHF,2026-02-26 06:00:00,2026-03-03 02:00:00,-1.0
EUR_CAD,2026-03-01 22:00:00,2026-03-03 06:00:00,-1.0
CAD_CHF,2026-03-02 10:00:00,2026-03-03 10:00:00,-1.0
CAD_CHF,2026-03-03 02:00:00,2026-03-12 17:00:00,-1.0
CAD_CHF,2026-03-05 10:00:00,2026-03-18 21:00:00,-1.0
CAD_CHF,2026-03-06 10:00:00,2026-03-19 09:00:00,-1.0
EUR_CAD,2026-03-08 21:00:00,2026-03-10 05:00:00,1.0
CAD_CHF,2026-03-08 21:00:00,2026-03-26 21:00:00,0.17223382045927968
CAD_CHF,2026-03-11 21:00:00,2026-03-31 21:00:00,0.2521870706297649
CAD_CHF,2026-03-12 17:00:00,2026-04-01 09:00:00,1.0
CAD_CHF,2026-03-13 05:00:00,2026-04-01 05:00:00,1.0
CAD_CHF,2026-03-18 13:00:00,2026-04-01 09:00:00,1.0
CHF_JPY,2026-03-19 05:00:00,2026-03-31 13:00:00,-1.0
USD_JPY,2026-03-19 17:00:00,2026-03-20 17:00:00,1.0
CAD_CHF,2026-03-23 05:00:00,2026-04-01 09:00:00,1.0
CAD_CHF,2026-03-26 13:00:00,2026-04-13 17:00:00,1.0
CAD_CHF,2026-03-27 01:00:00,2026-04-08 09:00:00,1.0
CHF_JPY,2026-03-30 05:00:00,2026-04-09 13:00:00,1.0
CHF_JPY,2026-03-31 09:00:00,2026-04-09 13:00:00,1.0
CAD_CHF,2026-04-05 21:00:00,2026-04-08 05:00:00,1.0
CAD_CHF,2026-04-07 13:00:00,2026-04-08 05:00:00,1.0
USD_JPY,2026-04-07 21:00:00,2026-04-27 21:00:00,0.4769916132650332
AUD_CAD,2026-04-07 21:00:00,2026-04-16 01:00:00,-1.0
CAD_CHF,2026-04-15 13:00:00,2026-04-23 01:00:00,-1.0
CAD_CHF,2026-04-16 05:00:00,2026-04-26 21:00:00,-1.0
