2000 symbols; DeepOS x volume-signature
  0/2000
/root/BlueHorseshoe/research/indicator_screen/deepos_volume_capitulation.py:89: RuntimeWarning: invalid value encountered in divide
  rng_=h-l; closepos=np.where(rng_>1e-9,(c-l)/rng_,0.5)
/root/BlueHorseshoe/research/indicator_screen/deepos_volume_capitulation.py:89: RuntimeWarning: invalid value encountered in divide
  rng_=h-l; closepos=np.where(rng_>1e-9,(c-l)/rng_,0.5)
/root/BlueHorseshoe/research/indicator_screen/deepos_volume_capitulation.py:89: RuntimeWarning: invalid value encountered in divide
  rng_=h-l; closepos=np.where(rng_>1e-9,(c-l)/rng_,0.5)
/root/BlueHorseshoe/research/indicator_screen/deepos_volume_capitulation.py:89: RuntimeWarning: invalid value encountered in divide
  rng_=h-l; closepos=np.where(rng_>1e-9,(c-l)/rng_,0.5)
/root/BlueHorseshoe/research/indicator_screen/deepos_volume_capitulation.py:89: RuntimeWarning: invalid value encountered in divide
  rng_=h-l; closepos=np.where(rng_>1e-9,(c-l)/rng_,0.5)
/root/BlueHorseshoe/research/indicator_screen/deepos_volume_capitulation.py:89: RuntimeWarning: invalid value encountered in divide
  rng_=h-l; closepos=np.where(rng_>1e-9,(c-l)/rng_,0.5)
/root/BlueHorseshoe/research/indicator_screen/deepos_volume_capitulation.py:89: RuntimeWarning: invalid value encountered in divide
  rng_=h-l; closepos=np.where(rng_>1e-9,(c-l)/rng_,0.5)
/root/BlueHorseshoe/research/indicator_screen/deepos_volume_capitulation.py:89: RuntimeWarning: invalid value encountered in divide
  rng_=h-l; closepos=np.where(rng_>1e-9,(c-l)/rng_,0.5)
/root/BlueHorseshoe/research/indicator_screen/deepos_volume_capitulation.py:89: RuntimeWarning: invalid value encountered in divide
  rng_=h-l; closepos=np.where(rng_>1e-9,(c-l)/rng_,0.5)
/root/BlueHorseshoe/research/indicator_screen/deepos_volume_capitulation.py:89: RuntimeWarning: invalid value encountered in divide
  rng_=h-l; closepos=np.where(rng_>1e-9,(c-l)/rng_,0.5)
/root/BlueHorseshoe/research/indicator_screen/deepos_volume_capitulation.py:89: RuntimeWarning: invalid value encountered in divide
  rng_=h-l; closepos=np.where(rng_>1e-9,(c-l)/rng_,0.5)
/root/BlueHorseshoe/research/indicator_screen/deepos_volume_capitulation.py:89: RuntimeWarning: invalid value encountered in divide
  rng_=h-l; closepos=np.where(rng_>1e-9,(c-l)/rng_,0.5)
/root/BlueHorseshoe/research/indicator_screen/deepos_volume_capitulation.py:89: RuntimeWarning: invalid value encountered in divide
  rng_=h-l; closepos=np.where(rng_>1e-9,(c-l)/rng_,0.5)
/root/BlueHorseshoe/research/indicator_screen/deepos_volume_capitulation.py:89: RuntimeWarning: invalid value encountered in divide
  rng_=h-l; closepos=np.where(rng_>1e-9,(c-l)/rng_,0.5)
/root/BlueHorseshoe/research/indicator_screen/deepos_volume_capitulation.py:89: RuntimeWarning: invalid value encountered in divide
  rng_=h-l; closepos=np.where(rng_>1e-9,(c-l)/rng_,0.5)
/root/BlueHorseshoe/research/indicator_screen/deepos_volume_capitulation.py:89: RuntimeWarning: invalid value encountered in divide
  rng_=h-l; closepos=np.where(rng_>1e-9,(c-l)/rng_,0.5)
/root/BlueHorseshoe/research/indicator_screen/deepos_volume_capitulation.py:89: RuntimeWarning: invalid value encountered in divide
  rng_=h-l; closepos=np.where(rng_>1e-9,(c-l)/rng_,0.5)
/root/BlueHorseshoe/research/indicator_screen/deepos_volume_capitulation.py:89: RuntimeWarning: invalid value encountered in divide
  rng_=h-l; closepos=np.where(rng_>1e-9,(c-l)/rng_,0.5)
/root/BlueHorseshoe/research/indicator_screen/deepos_volume_capitulation.py:89: RuntimeWarning: invalid value encountered in divide
  rng_=h-l; closepos=np.where(rng_>1e-9,(c-l)/rng_,0.5)
/root/BlueHorseshoe/research/indicator_screen/deepos_volume_capitulation.py:89: RuntimeWarning: invalid value encountered in divide
  rng_=h-l; closepos=np.where(rng_>1e-9,(c-l)/rng_,0.5)
/root/BlueHorseshoe/research/indicator_screen/deepos_volume_capitulation.py:89: RuntimeWarning: invalid value encountered in divide
  rng_=h-l; closepos=np.where(rng_>1e-9,(c-l)/rng_,0.5)
/root/BlueHorseshoe/research/indicator_screen/deepos_volume_capitulation.py:89: RuntimeWarning: invalid value encountered in divide
  rng_=h-l; closepos=np.where(rng_>1e-9,(c-l)/rng_,0.5)
/root/BlueHorseshoe/research/indicator_screen/deepos_volume_capitulation.py:89: RuntimeWarning: invalid value encountered in divide
  rng_=h-l; closepos=np.where(rng_>1e-9,(c-l)/rng_,0.5)
/root/BlueHorseshoe/research/indicator_screen/deepos_volume_capitulation.py:89: RuntimeWarning: invalid value encountered in divide
  rng_=h-l; closepos=np.where(rng_>1e-9,(c-l)/rng_,0.5)
/root/BlueHorseshoe/research/indicator_screen/deepos_volume_capitulation.py:89: RuntimeWarning: invalid value encountered in divide
  rng_=h-l; closepos=np.where(rng_>1e-9,(c-l)/rng_,0.5)
/root/BlueHorseshoe/research/indicator_screen/deepos_volume_capitulation.py:89: RuntimeWarning: invalid value encountered in divide
  rng_=h-l; closepos=np.where(rng_>1e-9,(c-l)/rng_,0.5)
/root/BlueHorseshoe/research/indicator_screen/deepos_volume_capitulation.py:89: RuntimeWarning: invalid value encountered in divide
  rng_=h-l; closepos=np.where(rng_>1e-9,(c-l)/rng_,0.5)
/root/BlueHorseshoe/research/indicator_screen/deepos_volume_capitulation.py:89: RuntimeWarning: invalid value encountered in divide
  rng_=h-l; closepos=np.where(rng_>1e-9,(c-l)/rng_,0.5)
/root/BlueHorseshoe/research/indicator_screen/deepos_volume_capitulation.py:89: RuntimeWarning: invalid value encountered in divide
  rng_=h-l; closepos=np.where(rng_>1e-9,(c-l)/rng_,0.5)
/root/BlueHorseshoe/research/indicator_screen/deepos_volume_capitulation.py:89: RuntimeWarning: invalid value encountered in divide
  rng_=h-l; closepos=np.where(rng_>1e-9,(c-l)/rng_,0.5)
/root/BlueHorseshoe/research/indicator_screen/deepos_volume_capitulation.py:89: RuntimeWarning: invalid value encountered in divide
  rng_=h-l; closepos=np.where(rng_>1e-9,(c-l)/rng_,0.5)
/root/BlueHorseshoe/research/indicator_screen/deepos_volume_capitulation.py:89: RuntimeWarning: invalid value encountered in divide
  rng_=h-l; closepos=np.where(rng_>1e-9,(c-l)/rng_,0.5)
/root/BlueHorseshoe/research/indicator_screen/deepos_volume_capitulation.py:89: RuntimeWarning: invalid value encountered in divide
  rng_=h-l; closepos=np.where(rng_>1e-9,(c-l)/rng_,0.5)
/root/BlueHorseshoe/research/indicator_screen/deepos_volume_capitulation.py:89: RuntimeWarning: invalid value encountered in divide
  rng_=h-l; closepos=np.where(rng_>1e-9,(c-l)/rng_,0.5)
/root/BlueHorseshoe/research/indicator_screen/deepos_volume_capitulation.py:89: RuntimeWarning: invalid value encountered in divide
  rng_=h-l; closepos=np.where(rng_>1e-9,(c-l)/rng_,0.5)
/root/BlueHorseshoe/research/indicator_screen/deepos_volume_capitulation.py:89: RuntimeWarning: invalid value encountered in divide
  rng_=h-l; closepos=np.where(rng_>1e-9,(c-l)/rng_,0.5)
/root/BlueHorseshoe/research/indicator_screen/deepos_volume_capitulation.py:89: RuntimeWarning: invalid value encountered in divide
  rng_=h-l; closepos=np.where(rng_>1e-9,(c-l)/rng_,0.5)
/root/BlueHorseshoe/research/indicator_screen/deepos_volume_capitulation.py:89: RuntimeWarning: invalid value encountered in divide
  rng_=h-l; closepos=np.where(rng_>1e-9,(c-l)/rng_,0.5)
/root/BlueHorseshoe/research/indicator_screen/deepos_volume_capitulation.py:89: RuntimeWarning: invalid value encountered in divide
  rng_=h-l; closepos=np.where(rng_>1e-9,(c-l)/rng_,0.5)
/root/BlueHorseshoe/research/indicator_screen/deepos_volume_capitulation.py:89: RuntimeWarning: invalid value encountered in divide
  rng_=h-l; closepos=np.where(rng_>1e-9,(c-l)/rng_,0.5)
/root/BlueHorseshoe/research/indicator_screen/deepos_volume_capitulation.py:89: RuntimeWarning: invalid value encountered in divide
  rng_=h-l; closepos=np.where(rng_>1e-9,(c-l)/rng_,0.5)
/root/BlueHorseshoe/research/indicator_screen/deepos_volume_capitulation.py:89: RuntimeWarning: invalid value encountered in divide
  rng_=h-l; closepos=np.where(rng_>1e-9,(c-l)/rng_,0.5)
/root/BlueHorseshoe/research/indicator_screen/deepos_volume_capitulation.py:89: RuntimeWarning: invalid value encountered in divide
  rng_=h-l; closepos=np.where(rng_>1e-9,(c-l)/rng_,0.5)
/root/BlueHorseshoe/research/indicator_screen/deepos_volume_capitulation.py:89: RuntimeWarning: invalid value encountered in divide
  rng_=h-l; closepos=np.where(rng_>1e-9,(c-l)/rng_,0.5)
/root/BlueHorseshoe/research/indicator_screen/deepos_volume_capitulation.py:89: RuntimeWarning: invalid value encountered in divide
  rng_=h-l; closepos=np.where(rng_>1e-9,(c-l)/rng_,0.5)
/root/BlueHorseshoe/research/indicator_screen/deepos_volume_capitulation.py:89: RuntimeWarning: invalid value encountered in divide
  rng_=h-l; closepos=np.where(rng_>1e-9,(c-l)/rng_,0.5)
/root/BlueHorseshoe/research/indicator_screen/deepos_volume_capitulation.py:89: RuntimeWarning: invalid value encountered in divide
  rng_=h-l; closepos=np.where(rng_>1e-9,(c-l)/rng_,0.5)
/root/BlueHorseshoe/research/indicator_screen/deepos_volume_capitulation.py:89: RuntimeWarning: invalid value encountered in divide
  rng_=h-l; closepos=np.where(rng_>1e-9,(c-l)/rng_,0.5)
/root/BlueHorseshoe/research/indicator_screen/deepos_volume_capitulation.py:89: RuntimeWarning: invalid value encountered in divide
  rng_=h-l; closepos=np.where(rng_>1e-9,(c-l)/rng_,0.5)
/root/BlueHorseshoe/research/indicator_screen/deepos_volume_capitulation.py:89: RuntimeWarning: invalid value encountered in divide
  rng_=h-l; closepos=np.where(rng_>1e-9,(c-l)/rng_,0.5)
/root/BlueHorseshoe/research/indicator_screen/deepos_volume_capitulation.py:89: RuntimeWarning: invalid value encountered in divide
  rng_=h-l; closepos=np.where(rng_>1e-9,(c-l)/rng_,0.5)
/root/BlueHorseshoe/research/indicator_screen/deepos_volume_capitulation.py:89: RuntimeWarning: invalid value encountered in divide
  rng_=h-l; closepos=np.where(rng_>1e-9,(c-l)/rng_,0.5)
/root/BlueHorseshoe/research/indicator_screen/deepos_volume_capitulation.py:89: RuntimeWarning: invalid value encountered in divide
  rng_=h-l; closepos=np.where(rng_>1e-9,(c-l)/rng_,0.5)
/root/BlueHorseshoe/research/indicator_screen/deepos_volume_capitulation.py:89: RuntimeWarning: invalid value encountered in divide
  rng_=h-l; closepos=np.where(rng_>1e-9,(c-l)/rng_,0.5)
/root/BlueHorseshoe/research/indicator_screen/deepos_volume_capitulation.py:89: RuntimeWarning: invalid value encountered in divide
  rng_=h-l; closepos=np.where(rng_>1e-9,(c-l)/rng_,0.5)
/root/BlueHorseshoe/research/indicator_screen/deepos_volume_capitulation.py:89: RuntimeWarning: invalid value encountered in divide
  rng_=h-l; closepos=np.where(rng_>1e-9,(c-l)/rng_,0.5)
/root/BlueHorseshoe/research/indicator_screen/deepos_volume_capitulation.py:89: RuntimeWarning: invalid value encountered in divide
  rng_=h-l; closepos=np.where(rng_>1e-9,(c-l)/rng_,0.5)
/root/BlueHorseshoe/research/indicator_screen/deepos_volume_capitulation.py:89: RuntimeWarning: invalid value encountered in divide
  rng_=h-l; closepos=np.where(rng_>1e-9,(c-l)/rng_,0.5)
/root/BlueHorseshoe/research/indicator_screen/deepos_volume_capitulation.py:89: RuntimeWarning: invalid value encountered in divide
  rng_=h-l; closepos=np.where(rng_>1e-9,(c-l)/rng_,0.5)
/root/BlueHorseshoe/research/indicator_screen/deepos_volume_capitulation.py:89: RuntimeWarning: invalid value encountered in divide
  rng_=h-l; closepos=np.where(rng_>1e-9,(c-l)/rng_,0.5)
/root/BlueHorseshoe/research/indicator_screen/deepos_volume_capitulation.py:89: RuntimeWarning: invalid value encountered in divide
  rng_=h-l; closepos=np.where(rng_>1e-9,(c-l)/rng_,0.5)
/root/BlueHorseshoe/research/indicator_screen/deepos_volume_capitulation.py:89: RuntimeWarning: invalid value encountered in divide
  rng_=h-l; closepos=np.where(rng_>1e-9,(c-l)/rng_,0.5)
/root/BlueHorseshoe/research/indicator_screen/deepos_volume_capitulation.py:89: RuntimeWarning: invalid value encountered in divide
  rng_=h-l; closepos=np.where(rng_>1e-9,(c-l)/rng_,0.5)
/root/BlueHorseshoe/research/indicator_screen/deepos_volume_capitulation.py:89: RuntimeWarning: invalid value encountered in divide
  rng_=h-l; closepos=np.where(rng_>1e-9,(c-l)/rng_,0.5)
/root/BlueHorseshoe/research/indicator_screen/deepos_volume_capitulation.py:89: RuntimeWarning: invalid value encountered in divide
  rng_=h-l; closepos=np.where(rng_>1e-9,(c-l)/rng_,0.5)
/root/BlueHorseshoe/research/indicator_screen/deepos_volume_capitulation.py:89: RuntimeWarning: invalid value encountered in divide
  rng_=h-l; closepos=np.where(rng_>1e-9,(c-l)/rng_,0.5)
/root/BlueHorseshoe/research/indicator_screen/deepos_volume_capitulation.py:89: RuntimeWarning: invalid value encountered in divide
  rng_=h-l; closepos=np.where(rng_>1e-9,(c-l)/rng_,0.5)
/root/BlueHorseshoe/research/indicator_screen/deepos_volume_capitulation.py:89: RuntimeWarning: invalid value encountered in divide
  rng_=h-l; closepos=np.where(rng_>1e-9,(c-l)/rng_,0.5)
/root/BlueHorseshoe/research/indicator_screen/deepos_volume_capitulation.py:89: RuntimeWarning: invalid value encountered in divide
  rng_=h-l; closepos=np.where(rng_>1e-9,(c-l)/rng_,0.5)
/root/BlueHorseshoe/research/indicator_screen/deepos_volume_capitulation.py:89: RuntimeWarning: invalid value encountered in divide
  rng_=h-l; closepos=np.where(rng_>1e-9,(c-l)/rng_,0.5)
/root/BlueHorseshoe/research/indicator_screen/deepos_volume_capitulation.py:89: RuntimeWarning: invalid value encountered in divide
  rng_=h-l; closepos=np.where(rng_>1e-9,(c-l)/rng_,0.5)
/root/BlueHorseshoe/research/indicator_screen/deepos_volume_capitulation.py:89: RuntimeWarning: invalid value encountered in divide
  rng_=h-l; closepos=np.where(rng_>1e-9,(c-l)/rng_,0.5)
/root/BlueHorseshoe/research/indicator_screen/deepos_volume_capitulation.py:89: RuntimeWarning: invalid value encountered in divide
  rng_=h-l; closepos=np.where(rng_>1e-9,(c-l)/rng_,0.5)
/root/BlueHorseshoe/research/indicator_screen/deepos_volume_capitulation.py:89: RuntimeWarning: invalid value encountered in divide
  rng_=h-l; closepos=np.where(rng_>1e-9,(c-l)/rng_,0.5)
/root/BlueHorseshoe/research/indicator_screen/deepos_volume_capitulation.py:89: RuntimeWarning: invalid value encountered in divide
  rng_=h-l; closepos=np.where(rng_>1e-9,(c-l)/rng_,0.5)
/root/BlueHorseshoe/research/indicator_screen/deepos_volume_capitulation.py:89: RuntimeWarning: invalid value encountered in divide
  rng_=h-l; closepos=np.where(rng_>1e-9,(c-l)/rng_,0.5)
/root/BlueHorseshoe/research/indicator_screen/deepos_volume_capitulation.py:89: RuntimeWarning: invalid value encountered in divide
  rng_=h-l; closepos=np.where(rng_>1e-9,(c-l)/rng_,0.5)
/root/BlueHorseshoe/research/indicator_screen/deepos_volume_capitulation.py:89: RuntimeWarning: invalid value encountered in divide
  rng_=h-l; closepos=np.where(rng_>1e-9,(c-l)/rng_,0.5)
/root/BlueHorseshoe/research/indicator_screen/deepos_volume_capitulation.py:89: RuntimeWarning: invalid value encountered in divide
  rng_=h-l; closepos=np.where(rng_>1e-9,(c-l)/rng_,0.5)
/root/BlueHorseshoe/research/indicator_screen/deepos_volume_capitulation.py:89: RuntimeWarning: invalid value encountered in divide
  rng_=h-l; closepos=np.where(rng_>1e-9,(c-l)/rng_,0.5)
/root/BlueHorseshoe/research/indicator_screen/deepos_volume_capitulation.py:89: RuntimeWarning: invalid value encountered in divide
  rng_=h-l; closepos=np.where(rng_>1e-9,(c-l)/rng_,0.5)
/root/BlueHorseshoe/research/indicator_screen/deepos_volume_capitulation.py:89: RuntimeWarning: invalid value encountered in divide
  rng_=h-l; closepos=np.where(rng_>1e-9,(c-l)/rng_,0.5)
/root/BlueHorseshoe/research/indicator_screen/deepos_volume_capitulation.py:89: RuntimeWarning: invalid value encountered in divide
  rng_=h-l; closepos=np.where(rng_>1e-9,(c-l)/rng_,0.5)
/root/BlueHorseshoe/research/indicator_screen/deepos_volume_capitulation.py:89: RuntimeWarning: invalid value encountered in divide
  rng_=h-l; closepos=np.where(rng_>1e-9,(c-l)/rng_,0.5)
/root/BlueHorseshoe/research/indicator_screen/deepos_volume_capitulation.py:89: RuntimeWarning: invalid value encountered in divide
  rng_=h-l; closepos=np.where(rng_>1e-9,(c-l)/rng_,0.5)
/root/BlueHorseshoe/research/indicator_screen/deepos_volume_capitulation.py:89: RuntimeWarning: invalid value encountered in divide
  rng_=h-l; closepos=np.where(rng_>1e-9,(c-l)/rng_,0.5)
/root/BlueHorseshoe/research/indicator_screen/deepos_volume_capitulation.py:89: RuntimeWarning: invalid value encountered in divide
  rng_=h-l; closepos=np.where(rng_>1e-9,(c-l)/rng_,0.5)
/root/BlueHorseshoe/research/indicator_screen/deepos_volume_capitulation.py:89: RuntimeWarning: invalid value encountered in divide
  rng_=h-l; closepos=np.where(rng_>1e-9,(c-l)/rng_,0.5)
/root/BlueHorseshoe/research/indicator_screen/deepos_volume_capitulation.py:89: RuntimeWarning: invalid value encountered in divide
  rng_=h-l; closepos=np.where(rng_>1e-9,(c-l)/rng_,0.5)
/root/BlueHorseshoe/research/indicator_screen/deepos_volume_capitulation.py:89: RuntimeWarning: invalid value encountered in divide
  rng_=h-l; closepos=np.where(rng_>1e-9,(c-l)/rng_,0.5)
/root/BlueHorseshoe/research/indicator_screen/deepos_volume_capitulation.py:89: RuntimeWarning: invalid value encountered in divide
  rng_=h-l; closepos=np.where(rng_>1e-9,(c-l)/rng_,0.5)
/root/BlueHorseshoe/research/indicator_screen/deepos_volume_capitulation.py:89: RuntimeWarning: invalid value encountered in divide
  rng_=h-l; closepos=np.where(rng_>1e-9,(c-l)/rng_,0.5)
/root/BlueHorseshoe/research/indicator_screen/deepos_volume_capitulation.py:89: RuntimeWarning: invalid value encountered in divide
  rng_=h-l; closepos=np.where(rng_>1e-9,(c-l)/rng_,0.5)
/root/BlueHorseshoe/research/indicator_screen/deepos_volume_capitulation.py:89: RuntimeWarning: invalid value encountered in divide
  rng_=h-l; closepos=np.where(rng_>1e-9,(c-l)/rng_,0.5)
/root/BlueHorseshoe/research/indicator_screen/deepos_volume_capitulation.py:89: RuntimeWarning: invalid value encountered in divide
  rng_=h-l; closepos=np.where(rng_>1e-9,(c-l)/rng_,0.5)
/root/BlueHorseshoe/research/indicator_screen/deepos_volume_capitulation.py:89: RuntimeWarning: invalid value encountered in divide
  rng_=h-l; closepos=np.where(rng_>1e-9,(c-l)/rng_,0.5)
/root/BlueHorseshoe/research/indicator_screen/deepos_volume_capitulation.py:89: RuntimeWarning: invalid value encountered in divide
  rng_=h-l; closepos=np.where(rng_>1e-9,(c-l)/rng_,0.5)
/root/BlueHorseshoe/research/indicator_screen/deepos_volume_capitulation.py:89: RuntimeWarning: invalid value encountered in divide
  rng_=h-l; closepos=np.where(rng_>1e-9,(c-l)/rng_,0.5)
/root/BlueHorseshoe/research/indicator_screen/deepos_volume_capitulation.py:89: RuntimeWarning: invalid value encountered in divide
  rng_=h-l; closepos=np.where(rng_>1e-9,(c-l)/rng_,0.5)
/root/BlueHorseshoe/research/indicator_screen/deepos_volume_capitulation.py:89: RuntimeWarning: invalid value encountered in divide
  rng_=h-l; closepos=np.where(rng_>1e-9,(c-l)/rng_,0.5)
/root/BlueHorseshoe/research/indicator_screen/deepos_volume_capitulation.py:89: RuntimeWarning: invalid value encountered in divide
  rng_=h-l; closepos=np.where(rng_>1e-9,(c-l)/rng_,0.5)
/root/BlueHorseshoe/research/indicator_screen/deepos_volume_capitulation.py:89: RuntimeWarning: invalid value encountered in divide
  rng_=h-l; closepos=np.where(rng_>1e-9,(c-l)/rng_,0.5)
/root/BlueHorseshoe/research/indicator_screen/deepos_volume_capitulation.py:89: RuntimeWarning: invalid value encountered in divide
  rng_=h-l; closepos=np.where(rng_>1e-9,(c-l)/rng_,0.5)
/root/BlueHorseshoe/research/indicator_screen/deepos_volume_capitulation.py:89: RuntimeWarning: invalid value encountered in divide
  rng_=h-l; closepos=np.where(rng_>1e-9,(c-l)/rng_,0.5)
/root/BlueHorseshoe/research/indicator_screen/deepos_volume_capitulation.py:89: RuntimeWarning: invalid value encountered in divide
  rng_=h-l; closepos=np.where(rng_>1e-9,(c-l)/rng_,0.5)
/root/BlueHorseshoe/research/indicator_screen/deepos_volume_capitulation.py:89: RuntimeWarning: invalid value encountered in divide
  rng_=h-l; closepos=np.where(rng_>1e-9,(c-l)/rng_,0.5)
/root/BlueHorseshoe/research/indicator_screen/deepos_volume_capitulation.py:89: RuntimeWarning: invalid value encountered in divide
  rng_=h-l; closepos=np.where(rng_>1e-9,(c-l)/rng_,0.5)
/root/BlueHorseshoe/research/indicator_screen/deepos_volume_capitulation.py:89: RuntimeWarning: invalid value encountered in divide
  rng_=h-l; closepos=np.where(rng_>1e-9,(c-l)/rng_,0.5)
/root/BlueHorseshoe/research/indicator_screen/deepos_volume_capitulation.py:89: RuntimeWarning: invalid value encountered in divide
  rng_=h-l; closepos=np.where(rng_>1e-9,(c-l)/rng_,0.5)
/root/BlueHorseshoe/research/indicator_screen/deepos_volume_capitulation.py:89: RuntimeWarning: invalid value encountered in divide
  rng_=h-l; closepos=np.where(rng_>1e-9,(c-l)/rng_,0.5)
/root/BlueHorseshoe/research/indicator_screen/deepos_volume_capitulation.py:89: RuntimeWarning: invalid value encountered in divide
  rng_=h-l; closepos=np.where(rng_>1e-9,(c-l)/rng_,0.5)
/root/BlueHorseshoe/research/indicator_screen/deepos_volume_capitulation.py:89: RuntimeWarning: invalid value encountered in divide
  rng_=h-l; closepos=np.where(rng_>1e-9,(c-l)/rng_,0.5)
/root/BlueHorseshoe/research/indicator_screen/deepos_volume_capitulation.py:89: RuntimeWarning: invalid value encountered in divide
  rng_=h-l; closepos=np.where(rng_>1e-9,(c-l)/rng_,0.5)
/root/BlueHorseshoe/research/indicator_screen/deepos_volume_capitulation.py:89: RuntimeWarning: invalid value encountered in divide
  rng_=h-l; closepos=np.where(rng_>1e-9,(c-l)/rng_,0.5)
/root/BlueHorseshoe/research/indicator_screen/deepos_volume_capitulation.py:89: RuntimeWarning: invalid value encountered in divide
  rng_=h-l; closepos=np.where(rng_>1e-9,(c-l)/rng_,0.5)
/root/BlueHorseshoe/research/indicator_screen/deepos_volume_capitulation.py:89: RuntimeWarning: invalid value encountered in divide
  rng_=h-l; closepos=np.where(rng_>1e-9,(c-l)/rng_,0.5)
/root/BlueHorseshoe/research/indicator_screen/deepos_volume_capitulation.py:89: RuntimeWarning: invalid value encountered in divide
  rng_=h-l; closepos=np.where(rng_>1e-9,(c-l)/rng_,0.5)
/root/BlueHorseshoe/research/indicator_screen/deepos_volume_capitulation.py:89: RuntimeWarning: invalid value encountered in divide
  rng_=h-l; closepos=np.where(rng_>1e-9,(c-l)/rng_,0.5)
/root/BlueHorseshoe/research/indicator_screen/deepos_volume_capitulation.py:89: RuntimeWarning: invalid value encountered in divide
  rng_=h-l; closepos=np.where(rng_>1e-9,(c-l)/rng_,0.5)
/root/BlueHorseshoe/research/indicator_screen/deepos_volume_capitulation.py:89: RuntimeWarning: invalid value encountered in divide
  rng_=h-l; closepos=np.where(rng_>1e-9,(c-l)/rng_,0.5)
/root/BlueHorseshoe/research/indicator_screen/deepos_volume_capitulation.py:89: RuntimeWarning: invalid value encountered in divide
  rng_=h-l; closepos=np.where(rng_>1e-9,(c-l)/rng_,0.5)
/root/BlueHorseshoe/research/indicator_screen/deepos_volume_capitulation.py:89: RuntimeWarning: invalid value encountered in divide
  rng_=h-l; closepos=np.where(rng_>1e-9,(c-l)/rng_,0.5)
/root/BlueHorseshoe/research/indicator_screen/deepos_volume_capitulation.py:89: RuntimeWarning: invalid value encountered in divide
  rng_=h-l; closepos=np.where(rng_>1e-9,(c-l)/rng_,0.5)
/root/BlueHorseshoe/research/indicator_screen/deepos_volume_capitulation.py:89: RuntimeWarning: invalid value encountered in divide
  rng_=h-l; closepos=np.where(rng_>1e-9,(c-l)/rng_,0.5)
/root/BlueHorseshoe/research/indicator_screen/deepos_volume_capitulation.py:89: RuntimeWarning: invalid value encountered in divide
  rng_=h-l; closepos=np.where(rng_>1e-9,(c-l)/rng_,0.5)
/root/BlueHorseshoe/research/indicator_screen/deepos_volume_capitulation.py:89: RuntimeWarning: invalid value encountered in divide
  rng_=h-l; closepos=np.where(rng_>1e-9,(c-l)/rng_,0.5)
/root/BlueHorseshoe/research/indicator_screen/deepos_volume_capitulation.py:89: RuntimeWarning: invalid value encountered in divide
  rng_=h-l; closepos=np.where(rng_>1e-9,(c-l)/rng_,0.5)
/root/BlueHorseshoe/research/indicator_screen/deepos_volume_capitulation.py:89: RuntimeWarning: invalid value encountered in divide
  rng_=h-l; closepos=np.where(rng_>1e-9,(c-l)/rng_,0.5)
/root/BlueHorseshoe/research/indicator_screen/deepos_volume_capitulation.py:89: RuntimeWarning: invalid value encountered in divide
  rng_=h-l; closepos=np.where(rng_>1e-9,(c-l)/rng_,0.5)
/root/BlueHorseshoe/research/indicator_screen/deepos_volume_capitulation.py:89: RuntimeWarning: invalid value encountered in divide
  rng_=h-l; closepos=np.where(rng_>1e-9,(c-l)/rng_,0.5)
/root/BlueHorseshoe/research/indicator_screen/deepos_volume_capitulation.py:89: RuntimeWarning: invalid value encountered in divide
  rng_=h-l; closepos=np.where(rng_>1e-9,(c-l)/rng_,0.5)
/root/BlueHorseshoe/research/indicator_screen/deepos_volume_capitulation.py:89: RuntimeWarning: invalid value encountered in divide
  rng_=h-l; closepos=np.where(rng_>1e-9,(c-l)/rng_,0.5)
/root/BlueHorseshoe/research/indicator_screen/deepos_volume_capitulation.py:89: RuntimeWarning: invalid value encountered in divide
  rng_=h-l; closepos=np.where(rng_>1e-9,(c-l)/rng_,0.5)
/root/BlueHorseshoe/research/indicator_screen/deepos_volume_capitulation.py:89: RuntimeWarning: invalid value encountered in divide
  rng_=h-l; closepos=np.where(rng_>1e-9,(c-l)/rng_,0.5)
/root/BlueHorseshoe/research/indicator_screen/deepos_volume_capitulation.py:89: RuntimeWarning: invalid value encountered in divide
  rng_=h-l; closepos=np.where(rng_>1e-9,(c-l)/rng_,0.5)
/root/BlueHorseshoe/research/indicator_screen/deepos_volume_capitulation.py:89: RuntimeWarning: invalid value encountered in divide
  rng_=h-l; closepos=np.where(rng_>1e-9,(c-l)/rng_,0.5)
/root/BlueHorseshoe/research/indicator_screen/deepos_volume_capitulation.py:89: RuntimeWarning: invalid value encountered in divide
  rng_=h-l; closepos=np.where(rng_>1e-9,(c-l)/rng_,0.5)
/root/BlueHorseshoe/research/indicator_screen/deepos_volume_capitulation.py:89: RuntimeWarning: invalid value encountered in divide
  rng_=h-l; closepos=np.where(rng_>1e-9,(c-l)/rng_,0.5)
/root/BlueHorseshoe/research/indicator_screen/deepos_volume_capitulation.py:89: RuntimeWarning: invalid value encountered in divide
  rng_=h-l; closepos=np.where(rng_>1e-9,(c-l)/rng_,0.5)
/root/BlueHorseshoe/research/indicator_screen/deepos_volume_capitulation.py:89: RuntimeWarning: invalid value encountered in divide
  rng_=h-l; closepos=np.where(rng_>1e-9,(c-l)/rng_,0.5)
/root/BlueHorseshoe/research/indicator_screen/deepos_volume_capitulation.py:89: RuntimeWarning: invalid value encountered in divide
  rng_=h-l; closepos=np.where(rng_>1e-9,(c-l)/rng_,0.5)
/root/BlueHorseshoe/research/indicator_screen/deepos_volume_capitulation.py:89: RuntimeWarning: invalid value encountered in divide
  rng_=h-l; closepos=np.where(rng_>1e-9,(c-l)/rng_,0.5)
/root/BlueHorseshoe/research/indicator_screen/deepos_volume_capitulation.py:89: RuntimeWarning: invalid value encountered in divide
  rng_=h-l; closepos=np.where(rng_>1e-9,(c-l)/rng_,0.5)
/root/BlueHorseshoe/research/indicator_screen/deepos_volume_capitulation.py:89: RuntimeWarning: invalid value encountered in divide
  rng_=h-l; closepos=np.where(rng_>1e-9,(c-l)/rng_,0.5)
/root/BlueHorseshoe/research/indicator_screen/deepos_volume_capitulation.py:89: RuntimeWarning: invalid value encountered in divide
  rng_=h-l; closepos=np.where(rng_>1e-9,(c-l)/rng_,0.5)
/root/BlueHorseshoe/research/indicator_screen/deepos_volume_capitulation.py:89: RuntimeWarning: invalid value encountered in divide
  rng_=h-l; closepos=np.where(rng_>1e-9,(c-l)/rng_,0.5)
/root/BlueHorseshoe/research/indicator_screen/deepos_volume_capitulation.py:89: RuntimeWarning: invalid value encountered in divide
  rng_=h-l; closepos=np.where(rng_>1e-9,(c-l)/rng_,0.5)
/root/BlueHorseshoe/research/indicator_screen/deepos_volume_capitulation.py:89: RuntimeWarning: invalid value encountered in divide
  rng_=h-l; closepos=np.where(rng_>1e-9,(c-l)/rng_,0.5)
/root/BlueHorseshoe/research/indicator_screen/deepos_volume_capitulation.py:89: RuntimeWarning: invalid value encountered in divide
  rng_=h-l; closepos=np.where(rng_>1e-9,(c-l)/rng_,0.5)
/root/BlueHorseshoe/research/indicator_screen/deepos_volume_capitulation.py:89: RuntimeWarning: invalid value encountered in divide
  rng_=h-l; closepos=np.where(rng_>1e-9,(c-l)/rng_,0.5)
/root/BlueHorseshoe/research/indicator_screen/deepos_volume_capitulation.py:89: RuntimeWarning: invalid value encountered in divide
  rng_=h-l; closepos=np.where(rng_>1e-9,(c-l)/rng_,0.5)
/root/BlueHorseshoe/research/indicator_screen/deepos_volume_capitulation.py:89: RuntimeWarning: invalid value encountered in divide
  rng_=h-l; closepos=np.where(rng_>1e-9,(c-l)/rng_,0.5)
/root/BlueHorseshoe/research/indicator_screen/deepos_volume_capitulation.py:89: RuntimeWarning: invalid value encountered in divide
  rng_=h-l; closepos=np.where(rng_>1e-9,(c-l)/rng_,0.5)
/root/BlueHorseshoe/research/indicator_screen/deepos_volume_capitulation.py:89: RuntimeWarning: invalid value encountered in divide
  rng_=h-l; closepos=np.where(rng_>1e-9,(c-l)/rng_,0.5)
/root/BlueHorseshoe/research/indicator_screen/deepos_volume_capitulation.py:89: RuntimeWarning: invalid value encountered in divide
  rng_=h-l; closepos=np.where(rng_>1e-9,(c-l)/rng_,0.5)
/root/BlueHorseshoe/research/indicator_screen/deepos_volume_capitulation.py:89: RuntimeWarning: invalid value encountered in divide
  rng_=h-l; closepos=np.where(rng_>1e-9,(c-l)/rng_,0.5)
/root/BlueHorseshoe/research/indicator_screen/deepos_volume_capitulation.py:89: RuntimeWarning: invalid value encountered in divide
  rng_=h-l; closepos=np.where(rng_>1e-9,(c-l)/rng_,0.5)
/root/BlueHorseshoe/research/indicator_screen/deepos_volume_capitulation.py:89: RuntimeWarning: invalid value encountered in divide
  rng_=h-l; closepos=np.where(rng_>1e-9,(c-l)/rng_,0.5)
/root/BlueHorseshoe/research/indicator_screen/deepos_volume_capitulation.py:89: RuntimeWarning: invalid value encountered in divide
  rng_=h-l; closepos=np.where(rng_>1e-9,(c-l)/rng_,0.5)
/root/BlueHorseshoe/research/indicator_screen/deepos_volume_capitulation.py:89: RuntimeWarning: invalid value encountered in divide
  rng_=h-l; closepos=np.where(rng_>1e-9,(c-l)/rng_,0.5)
/root/BlueHorseshoe/research/indicator_screen/deepos_volume_capitulation.py:89: RuntimeWarning: invalid value encountered in divide
  rng_=h-l; closepos=np.where(rng_>1e-9,(c-l)/rng_,0.5)
/root/BlueHorseshoe/research/indicator_screen/deepos_volume_capitulation.py:89: RuntimeWarning: invalid value encountered in divide
  rng_=h-l; closepos=np.where(rng_>1e-9,(c-l)/rng_,0.5)
/root/BlueHorseshoe/research/indicator_screen/deepos_volume_capitulation.py:89: RuntimeWarning: invalid value encountered in divide
  rng_=h-l; closepos=np.where(rng_>1e-9,(c-l)/rng_,0.5)
/root/BlueHorseshoe/research/indicator_screen/deepos_volume_capitulation.py:89: RuntimeWarning: invalid value encountered in divide
  rng_=h-l; closepos=np.where(rng_>1e-9,(c-l)/rng_,0.5)
/root/BlueHorseshoe/research/indicator_screen/deepos_volume_capitulation.py:89: RuntimeWarning: invalid value encountered in divide
  rng_=h-l; closepos=np.where(rng_>1e-9,(c-l)/rng_,0.5)
/root/BlueHorseshoe/research/indicator_screen/deepos_volume_capitulation.py:89: RuntimeWarning: invalid value encountered in divide
  rng_=h-l; closepos=np.where(rng_>1e-9,(c-l)/rng_,0.5)
/root/BlueHorseshoe/research/indicator_screen/deepos_volume_capitulation.py:89: RuntimeWarning: invalid value encountered in divide
  rng_=h-l; closepos=np.where(rng_>1e-9,(c-l)/rng_,0.5)
/root/BlueHorseshoe/research/indicator_screen/deepos_volume_capitulation.py:89: RuntimeWarning: invalid value encountered in divide
  rng_=h-l; closepos=np.where(rng_>1e-9,(c-l)/rng_,0.5)
/root/BlueHorseshoe/research/indicator_screen/deepos_volume_capitulation.py:89: RuntimeWarning: invalid value encountered in divide
  rng_=h-l; closepos=np.where(rng_>1e-9,(c-l)/rng_,0.5)
/root/BlueHorseshoe/research/indicator_screen/deepos_volume_capitulation.py:89: RuntimeWarning: invalid value encountered in divide
  rng_=h-l; closepos=np.where(rng_>1e-9,(c-l)/rng_,0.5)
/root/BlueHorseshoe/research/indicator_screen/deepos_volume_capitulation.py:89: RuntimeWarning: invalid value encountered in divide
  rng_=h-l; closepos=np.where(rng_>1e-9,(c-l)/rng_,0.5)
/root/BlueHorseshoe/research/indicator_screen/deepos_volume_capitulation.py:89: RuntimeWarning: invalid value encountered in divide
  rng_=h-l; closepos=np.where(rng_>1e-9,(c-l)/rng_,0.5)
/root/BlueHorseshoe/research/indicator_screen/deepos_volume_capitulation.py:89: RuntimeWarning: invalid value encountered in divide
  rng_=h-l; closepos=np.where(rng_>1e-9,(c-l)/rng_,0.5)
/root/BlueHorseshoe/research/indicator_screen/deepos_volume_capitulation.py:89: RuntimeWarning: invalid value encountered in divide
  rng_=h-l; closepos=np.where(rng_>1e-9,(c-l)/rng_,0.5)
/root/BlueHorseshoe/research/indicator_screen/deepos_volume_capitulation.py:89: RuntimeWarning: invalid value encountered in divide
  rng_=h-l; closepos=np.where(rng_>1e-9,(c-l)/rng_,0.5)
/root/BlueHorseshoe/research/indicator_screen/deepos_volume_capitulation.py:89: RuntimeWarning: invalid value encountered in divide
  rng_=h-l; closepos=np.where(rng_>1e-9,(c-l)/rng_,0.5)
/root/BlueHorseshoe/research/indicator_screen/deepos_volume_capitulation.py:89: RuntimeWarning: invalid value encountered in divide
  rng_=h-l; closepos=np.where(rng_>1e-9,(c-l)/rng_,0.5)
/root/BlueHorseshoe/research/indicator_screen/deepos_volume_capitulation.py:89: RuntimeWarning: invalid value encountered in divide
  rng_=h-l; closepos=np.where(rng_>1e-9,(c-l)/rng_,0.5)
/root/BlueHorseshoe/research/indicator_screen/deepos_volume_capitulation.py:89: RuntimeWarning: invalid value encountered in divide
  rng_=h-l; closepos=np.where(rng_>1e-9,(c-l)/rng_,0.5)
/root/BlueHorseshoe/research/indicator_screen/deepos_volume_capitulation.py:89: RuntimeWarning: invalid value encountered in divide
  rng_=h-l; closepos=np.where(rng_>1e-9,(c-l)/rng_,0.5)
/root/BlueHorseshoe/research/indicator_screen/deepos_volume_capitulation.py:89: RuntimeWarning: invalid value encountered in divide
  rng_=h-l; closepos=np.where(rng_>1e-9,(c-l)/rng_,0.5)
/root/BlueHorseshoe/research/indicator_screen/deepos_volume_capitulation.py:89: RuntimeWarning: invalid value encountered in divide
  rng_=h-l; closepos=np.where(rng_>1e-9,(c-l)/rng_,0.5)
/root/BlueHorseshoe/research/indicator_screen/deepos_volume_capitulation.py:89: RuntimeWarning: invalid value encountered in divide
  rng_=h-l; closepos=np.where(rng_>1e-9,(c-l)/rng_,0.5)
/root/BlueHorseshoe/research/indicator_screen/deepos_volume_capitulation.py:89: RuntimeWarning: invalid value encountered in divide
  rng_=h-l; closepos=np.where(rng_>1e-9,(c-l)/rng_,0.5)
/root/BlueHorseshoe/research/indicator_screen/deepos_volume_capitulation.py:89: RuntimeWarning: invalid value encountered in divide
  rng_=h-l; closepos=np.where(rng_>1e-9,(c-l)/rng_,0.5)
/root/BlueHorseshoe/research/indicator_screen/deepos_volume_capitulation.py:89: RuntimeWarning: invalid value encountered in divide
  rng_=h-l; closepos=np.where(rng_>1e-9,(c-l)/rng_,0.5)
/root/BlueHorseshoe/research/indicator_screen/deepos_volume_capitulation.py:89: RuntimeWarning: invalid value encountered in divide
  rng_=h-l; closepos=np.where(rng_>1e-9,(c-l)/rng_,0.5)
/root/BlueHorseshoe/research/indicator_screen/deepos_volume_capitulation.py:89: RuntimeWarning: invalid value encountered in divide
  rng_=h-l; closepos=np.where(rng_>1e-9,(c-l)/rng_,0.5)
/root/BlueHorseshoe/research/indicator_screen/deepos_volume_capitulation.py:89: RuntimeWarning: invalid value encountered in divide
  rng_=h-l; closepos=np.where(rng_>1e-9,(c-l)/rng_,0.5)
/root/BlueHorseshoe/research/indicator_screen/deepos_volume_capitulation.py:89: RuntimeWarning: invalid value encountered in divide
  rng_=h-l; closepos=np.where(rng_>1e-9,(c-l)/rng_,0.5)
/root/BlueHorseshoe/research/indicator_screen/deepos_volume_capitulation.py:89: RuntimeWarning: invalid value encountered in divide
  rng_=h-l; closepos=np.where(rng_>1e-9,(c-l)/rng_,0.5)
/root/BlueHorseshoe/research/indicator_screen/deepos_volume_capitulation.py:89: RuntimeWarning: invalid value encountered in divide
  rng_=h-l; closepos=np.where(rng_>1e-9,(c-l)/rng_,0.5)
/root/BlueHorseshoe/research/indicator_screen/deepos_volume_capitulation.py:89: RuntimeWarning: invalid value encountered in divide
  rng_=h-l; closepos=np.where(rng_>1e-9,(c-l)/rng_,0.5)
/root/BlueHorseshoe/research/indicator_screen/deepos_volume_capitulation.py:89: RuntimeWarning: invalid value encountered in divide
  rng_=h-l; closepos=np.where(rng_>1e-9,(c-l)/rng_,0.5)
/root/BlueHorseshoe/research/indicator_screen/deepos_volume_capitulation.py:89: RuntimeWarning: invalid value encountered in divide
  rng_=h-l; closepos=np.where(rng_>1e-9,(c-l)/rng_,0.5)
  400/2000
/root/BlueHorseshoe/research/indicator_screen/deepos_volume_capitulation.py:89: RuntimeWarning: invalid value encountered in divide
  rng_=h-l; closepos=np.where(rng_>1e-9,(c-l)/rng_,0.5)
/root/BlueHorseshoe/research/indicator_screen/deepos_volume_capitulation.py:89: RuntimeWarning: invalid value encountered in divide
  rng_=h-l; closepos=np.where(rng_>1e-9,(c-l)/rng_,0.5)
/root/BlueHorseshoe/research/indicator_screen/deepos_volume_capitulation.py:89: RuntimeWarning: invalid value encountered in divide
  rng_=h-l; closepos=np.where(rng_>1e-9,(c-l)/rng_,0.5)
/root/BlueHorseshoe/research/indicator_screen/deepos_volume_capitulation.py:89: RuntimeWarning: invalid value encountered in divide
  rng_=h-l; closepos=np.where(rng_>1e-9,(c-l)/rng_,0.5)
/root/BlueHorseshoe/research/indicator_screen/deepos_volume_capitulation.py:89: RuntimeWarning: invalid value encountered in divide
  rng_=h-l; closepos=np.where(rng_>1e-9,(c-l)/rng_,0.5)
/root/BlueHorseshoe/research/indicator_screen/deepos_volume_capitulation.py:89: RuntimeWarning: invalid value encountered in divide
  rng_=h-l; closepos=np.where(rng_>1e-9,(c-l)/rng_,0.5)
/root/BlueHorseshoe/research/indicator_screen/deepos_volume_capitulation.py:89: RuntimeWarning: invalid value encountered in divide
  rng_=h-l; closepos=np.where(rng_>1e-9,(c-l)/rng_,0.5)
/root/BlueHorseshoe/research/indicator_screen/deepos_volume_capitulation.py:89: RuntimeWarning: invalid value encountered in divide
  rng_=h-l; closepos=np.where(rng_>1e-9,(c-l)/rng_,0.5)
/root/BlueHorseshoe/research/indicator_screen/deepos_volume_capitulation.py:89: RuntimeWarning: invalid value encountered in divide
  rng_=h-l; closepos=np.where(rng_>1e-9,(c-l)/rng_,0.5)
/root/BlueHorseshoe/research/indicator_screen/deepos_volume_capitulation.py:89: RuntimeWarning: invalid value encountered in divide
  rng_=h-l; closepos=np.where(rng_>1e-9,(c-l)/rng_,0.5)
/root/BlueHorseshoe/research/indicator_screen/deepos_volume_capitulation.py:89: RuntimeWarning: invalid value encountered in divide
  rng_=h-l; closepos=np.where(rng_>1e-9,(c-l)/rng_,0.5)
/root/BlueHorseshoe/research/indicator_screen/deepos_volume_capitulation.py:89: RuntimeWarning: invalid value encountered in divide
  rng_=h-l; closepos=np.where(rng_>1e-9,(c-l)/rng_,0.5)
/root/BlueHorseshoe/research/indicator_screen/deepos_volume_capitulation.py:89: RuntimeWarning: invalid value encountered in divide
  rng_=h-l; closepos=np.where(rng_>1e-9,(c-l)/rng_,0.5)
/root/BlueHorseshoe/research/indicator_screen/deepos_volume_capitulation.py:89: RuntimeWarning: invalid value encountered in divide
  rng_=h-l; closepos=np.where(rng_>1e-9,(c-l)/rng_,0.5)
/root/BlueHorseshoe/research/indicator_screen/deepos_volume_capitulation.py:89: RuntimeWarning: invalid value encountered in divide
  rng_=h-l; closepos=np.where(rng_>1e-9,(c-l)/rng_,0.5)
/root/BlueHorseshoe/research/indicator_screen/deepos_volume_capitulation.py:89: RuntimeWarning: invalid value encountered in divide
  rng_=h-l; closepos=np.where(rng_>1e-9,(c-l)/rng_,0.5)
/root/BlueHorseshoe/research/indicator_screen/deepos_volume_capitulation.py:89: RuntimeWarning: invalid value encountered in divide
  rng_=h-l; closepos=np.where(rng_>1e-9,(c-l)/rng_,0.5)
/root/BlueHorseshoe/research/indicator_screen/deepos_volume_capitulation.py:89: RuntimeWarning: invalid value encountered in divide
  rng_=h-l; closepos=np.where(rng_>1e-9,(c-l)/rng_,0.5)
/root/BlueHorseshoe/research/indicator_screen/deepos_volume_capitulation.py:89: RuntimeWarning: invalid value encountered in divide
  rng_=h-l; closepos=np.where(rng_>1e-9,(c-l)/rng_,0.5)
/root/BlueHorseshoe/research/indicator_screen/deepos_volume_capitulation.py:89: RuntimeWarning: invalid value encountered in divide
  rng_=h-l; closepos=np.where(rng_>1e-9,(c-l)/rng_,0.5)
/root/BlueHorseshoe/research/indicator_screen/deepos_volume_capitulation.py:89: RuntimeWarning: invalid value encountered in divide
  rng_=h-l; closepos=np.where(rng_>1e-9,(c-l)/rng_,0.5)
/root/BlueHorseshoe/research/indicator_screen/deepos_volume_capitulation.py:89: RuntimeWarning: invalid value encountered in divide
  rng_=h-l; closepos=np.where(rng_>1e-9,(c-l)/rng_,0.5)
/root/BlueHorseshoe/research/indicator_screen/deepos_volume_capitulation.py:89: RuntimeWarning: invalid value encountered in divide
  rng_=h-l; closepos=np.where(rng_>1e-9,(c-l)/rng_,0.5)
/root/BlueHorseshoe/research/indicator_screen/deepos_volume_capitulation.py:89: RuntimeWarning: invalid value encountered in divide
  rng_=h-l; closepos=np.where(rng_>1e-9,(c-l)/rng_,0.5)
/root/BlueHorseshoe/research/indicator_screen/deepos_volume_capitulation.py:89: RuntimeWarning: invalid value encountered in divide
  rng_=h-l; closepos=np.where(rng_>1e-9,(c-l)/rng_,0.5)
/root/BlueHorseshoe/research/indicator_screen/deepos_volume_capitulation.py:89: RuntimeWarning: invalid value encountered in divide
  rng_=h-l; closepos=np.where(rng_>1e-9,(c-l)/rng_,0.5)
/root/BlueHorseshoe/research/indicator_screen/deepos_volume_capitulation.py:89: RuntimeWarning: invalid value encountered in divide
  rng_=h-l; closepos=np.where(rng_>1e-9,(c-l)/rng_,0.5)
/root/BlueHorseshoe/research/indicator_screen/deepos_volume_capitulation.py:89: RuntimeWarning: invalid value encountered in divide
  rng_=h-l; closepos=np.where(rng_>1e-9,(c-l)/rng_,0.5)
/root/BlueHorseshoe/research/indicator_screen/deepos_volume_capitulation.py:89: RuntimeWarning: invalid value encountered in divide
  rng_=h-l; closepos=np.where(rng_>1e-9,(c-l)/rng_,0.5)
/root/BlueHorseshoe/research/indicator_screen/deepos_volume_capitulation.py:89: RuntimeWarning: invalid value encountered in divide
  rng_=h-l; closepos=np.where(rng_>1e-9,(c-l)/rng_,0.5)
/root/BlueHorseshoe/research/indicator_screen/deepos_volume_capitulation.py:89: RuntimeWarning: invalid value encountered in divide
  rng_=h-l; closepos=np.where(rng_>1e-9,(c-l)/rng_,0.5)
/root/BlueHorseshoe/research/indicator_screen/deepos_volume_capitulation.py:89: RuntimeWarning: invalid value encountered in divide
  rng_=h-l; closepos=np.where(rng_>1e-9,(c-l)/rng_,0.5)
/root/BlueHorseshoe/research/indicator_screen/deepos_volume_capitulation.py:89: RuntimeWarning: invalid value encountered in divide
  rng_=h-l; closepos=np.where(rng_>1e-9,(c-l)/rng_,0.5)
/root/BlueHorseshoe/research/indicator_screen/deepos_volume_capitulation.py:89: RuntimeWarning: invalid value encountered in divide
  rng_=h-l; closepos=np.where(rng_>1e-9,(c-l)/rng_,0.5)
/root/BlueHorseshoe/research/indicator_screen/deepos_volume_capitulation.py:89: RuntimeWarning: invalid value encountered in divide
  rng_=h-l; closepos=np.where(rng_>1e-9,(c-l)/rng_,0.5)
/root/BlueHorseshoe/research/indicator_screen/deepos_volume_capitulation.py:89: RuntimeWarning: invalid value encountered in divide
  rng_=h-l; closepos=np.where(rng_>1e-9,(c-l)/rng_,0.5)
/root/BlueHorseshoe/research/indicator_screen/deepos_volume_capitulation.py:89: RuntimeWarning: invalid value encountered in divide
  rng_=h-l; closepos=np.where(rng_>1e-9,(c-l)/rng_,0.5)
/root/BlueHorseshoe/research/indicator_screen/deepos_volume_capitulation.py:89: RuntimeWarning: invalid value encountered in divide
  rng_=h-l; closepos=np.where(rng_>1e-9,(c-l)/rng_,0.5)
/root/BlueHorseshoe/research/indicator_screen/deepos_volume_capitulation.py:89: RuntimeWarning: invalid value encountered in divide
  rng_=h-l; closepos=np.where(rng_>1e-9,(c-l)/rng_,0.5)
/root/BlueHorseshoe/research/indicator_screen/deepos_volume_capitulation.py:89: RuntimeWarning: invalid value encountered in divide
  rng_=h-l; closepos=np.where(rng_>1e-9,(c-l)/rng_,0.5)
/root/BlueHorseshoe/research/indicator_screen/deepos_volume_capitulation.py:89: RuntimeWarning: invalid value encountered in divide
  rng_=h-l; closepos=np.where(rng_>1e-9,(c-l)/rng_,0.5)
/root/BlueHorseshoe/research/indicator_screen/deepos_volume_capitulation.py:89: RuntimeWarning: invalid value encountered in divide
  rng_=h-l; closepos=np.where(rng_>1e-9,(c-l)/rng_,0.5)
/root/BlueHorseshoe/research/indicator_screen/deepos_volume_capitulation.py:89: RuntimeWarning: invalid value encountered in divide
  rng_=h-l; closepos=np.where(rng_>1e-9,(c-l)/rng_,0.5)
/root/BlueHorseshoe/research/indicator_screen/deepos_volume_capitulation.py:89: RuntimeWarning: invalid value encountered in divide
  rng_=h-l; closepos=np.where(rng_>1e-9,(c-l)/rng_,0.5)
/root/BlueHorseshoe/research/indicator_screen/deepos_volume_capitulation.py:89: RuntimeWarning: invalid value encountered in divide
  rng_=h-l; closepos=np.where(rng_>1e-9,(c-l)/rng_,0.5)
/root/BlueHorseshoe/research/indicator_screen/deepos_volume_capitulation.py:89: RuntimeWarning: invalid value encountered in divide
  rng_=h-l; closepos=np.where(rng_>1e-9,(c-l)/rng_,0.5)
/root/BlueHorseshoe/research/indicator_screen/deepos_volume_capitulation.py:89: RuntimeWarning: invalid value encountered in divide
  rng_=h-l; closepos=np.where(rng_>1e-9,(c-l)/rng_,0.5)
/root/BlueHorseshoe/research/indicator_screen/deepos_volume_capitulation.py:89: RuntimeWarning: invalid value encountered in divide
  rng_=h-l; closepos=np.where(rng_>1e-9,(c-l)/rng_,0.5)
/root/BlueHorseshoe/research/indicator_screen/deepos_volume_capitulation.py:89: RuntimeWarning: invalid value encountered in divide
  rng_=h-l; closepos=np.where(rng_>1e-9,(c-l)/rng_,0.5)
/root/BlueHorseshoe/research/indicator_screen/deepos_volume_capitulation.py:89: RuntimeWarning: invalid value encountered in divide
  rng_=h-l; closepos=np.where(rng_>1e-9,(c-l)/rng_,0.5)
/root/BlueHorseshoe/research/indicator_screen/deepos_volume_capitulation.py:89: RuntimeWarning: invalid value encountered in divide
  rng_=h-l; closepos=np.where(rng_>1e-9,(c-l)/rng_,0.5)
/root/BlueHorseshoe/research/indicator_screen/deepos_volume_capitulation.py:89: RuntimeWarning: invalid value encountered in divide
  rng_=h-l; closepos=np.where(rng_>1e-9,(c-l)/rng_,0.5)
/root/BlueHorseshoe/research/indicator_screen/deepos_volume_capitulation.py:89: RuntimeWarning: invalid value encountered in divide
  rng_=h-l; closepos=np.where(rng_>1e-9,(c-l)/rng_,0.5)
/root/BlueHorseshoe/research/indicator_screen/deepos_volume_capitulation.py:89: RuntimeWarning: invalid value encountered in divide
  rng_=h-l; closepos=np.where(rng_>1e-9,(c-l)/rng_,0.5)
/root/BlueHorseshoe/research/indicator_screen/deepos_volume_capitulation.py:89: RuntimeWarning: invalid value encountered in divide
  rng_=h-l; closepos=np.where(rng_>1e-9,(c-l)/rng_,0.5)
/root/BlueHorseshoe/research/indicator_screen/deepos_volume_capitulation.py:89: RuntimeWarning: invalid value encountered in divide
  rng_=h-l; closepos=np.where(rng_>1e-9,(c-l)/rng_,0.5)
/root/BlueHorseshoe/research/indicator_screen/deepos_volume_capitulation.py:89: RuntimeWarning: invalid value encountered in divide
  rng_=h-l; closepos=np.where(rng_>1e-9,(c-l)/rng_,0.5)
/root/BlueHorseshoe/research/indicator_screen/deepos_volume_capitulation.py:89: RuntimeWarning: invalid value encountered in divide
  rng_=h-l; closepos=np.where(rng_>1e-9,(c-l)/rng_,0.5)
/root/BlueHorseshoe/research/indicator_screen/deepos_volume_capitulation.py:89: RuntimeWarning: invalid value encountered in divide
  rng_=h-l; closepos=np.where(rng_>1e-9,(c-l)/rng_,0.5)
/root/BlueHorseshoe/research/indicator_screen/deepos_volume_capitulation.py:89: RuntimeWarning: invalid value encountered in divide
  rng_=h-l; closepos=np.where(rng_>1e-9,(c-l)/rng_,0.5)
/root/BlueHorseshoe/research/indicator_screen/deepos_volume_capitulation.py:89: RuntimeWarning: invalid value encountered in divide
  rng_=h-l; closepos=np.where(rng_>1e-9,(c-l)/rng_,0.5)
/root/BlueHorseshoe/research/indicator_screen/deepos_volume_capitulation.py:89: RuntimeWarning: invalid value encountered in divide
  rng_=h-l; closepos=np.where(rng_>1e-9,(c-l)/rng_,0.5)
/root/BlueHorseshoe/research/indicator_screen/deepos_volume_capitulation.py:89: RuntimeWarning: invalid value encountered in divide
  rng_=h-l; closepos=np.where(rng_>1e-9,(c-l)/rng_,0.5)
/root/BlueHorseshoe/research/indicator_screen/deepos_volume_capitulation.py:89: RuntimeWarning: invalid value encountered in divide
  rng_=h-l; closepos=np.where(rng_>1e-9,(c-l)/rng_,0.5)
/root/BlueHorseshoe/research/indicator_screen/deepos_volume_capitulation.py:89: RuntimeWarning: invalid value encountered in divide
  rng_=h-l; closepos=np.where(rng_>1e-9,(c-l)/rng_,0.5)
/root/BlueHorseshoe/research/indicator_screen/deepos_volume_capitulation.py:89: RuntimeWarning: invalid value encountered in divide
  rng_=h-l; closepos=np.where(rng_>1e-9,(c-l)/rng_,0.5)
/root/BlueHorseshoe/research/indicator_screen/deepos_volume_capitulation.py:89: RuntimeWarning: invalid value encountered in divide
  rng_=h-l; closepos=np.where(rng_>1e-9,(c-l)/rng_,0.5)
/root/BlueHorseshoe/research/indicator_screen/deepos_volume_capitulation.py:89: RuntimeWarning: invalid value encountered in divide
  rng_=h-l; closepos=np.where(rng_>1e-9,(c-l)/rng_,0.5)
/root/BlueHorseshoe/research/indicator_screen/deepos_volume_capitulation.py:89: RuntimeWarning: invalid value encountered in divide
  rng_=h-l; closepos=np.where(rng_>1e-9,(c-l)/rng_,0.5)
/root/BlueHorseshoe/research/indicator_screen/deepos_volume_capitulation.py:89: RuntimeWarning: invalid value encountered in divide
  rng_=h-l; closepos=np.where(rng_>1e-9,(c-l)/rng_,0.5)
/root/BlueHorseshoe/research/indicator_screen/deepos_volume_capitulation.py:89: RuntimeWarning: invalid value encountered in divide
  rng_=h-l; closepos=np.where(rng_>1e-9,(c-l)/rng_,0.5)
/root/BlueHorseshoe/research/indicator_screen/deepos_volume_capitulation.py:89: RuntimeWarning: invalid value encountered in divide
  rng_=h-l; closepos=np.where(rng_>1e-9,(c-l)/rng_,0.5)
/root/BlueHorseshoe/research/indicator_screen/deepos_volume_capitulation.py:89: RuntimeWarning: invalid value encountered in divide
  rng_=h-l; closepos=np.where(rng_>1e-9,(c-l)/rng_,0.5)
/root/BlueHorseshoe/research/indicator_screen/deepos_volume_capitulation.py:89: RuntimeWarning: invalid value encountered in divide
  rng_=h-l; closepos=np.where(rng_>1e-9,(c-l)/rng_,0.5)
/root/BlueHorseshoe/research/indicator_screen/deepos_volume_capitulation.py:89: RuntimeWarning: invalid value encountered in divide
  rng_=h-l; closepos=np.where(rng_>1e-9,(c-l)/rng_,0.5)
/root/BlueHorseshoe/research/indicator_screen/deepos_volume_capitulation.py:89: RuntimeWarning: invalid value encountered in divide
  rng_=h-l; closepos=np.where(rng_>1e-9,(c-l)/rng_,0.5)
/root/BlueHorseshoe/research/indicator_screen/deepos_volume_capitulation.py:89: RuntimeWarning: invalid value encountered in divide
  rng_=h-l; closepos=np.where(rng_>1e-9,(c-l)/rng_,0.5)
/root/BlueHorseshoe/research/indicator_screen/deepos_volume_capitulation.py:89: RuntimeWarning: invalid value encountered in divide
  rng_=h-l; closepos=np.where(rng_>1e-9,(c-l)/rng_,0.5)
/root/BlueHorseshoe/research/indicator_screen/deepos_volume_capitulation.py:89: RuntimeWarning: invalid value encountered in divide
  rng_=h-l; closepos=np.where(rng_>1e-9,(c-l)/rng_,0.5)
/root/BlueHorseshoe/research/indicator_screen/deepos_volume_capitulation.py:89: RuntimeWarning: invalid value encountered in divide
  rng_=h-l; closepos=np.where(rng_>1e-9,(c-l)/rng_,0.5)
/root/BlueHorseshoe/research/indicator_screen/deepos_volume_capitulation.py:89: RuntimeWarning: invalid value encountered in divide
  rng_=h-l; closepos=np.where(rng_>1e-9,(c-l)/rng_,0.5)
/root/BlueHorseshoe/research/indicator_screen/deepos_volume_capitulation.py:89: RuntimeWarning: invalid value encountered in divide
  rng_=h-l; closepos=np.where(rng_>1e-9,(c-l)/rng_,0.5)
/root/BlueHorseshoe/research/indicator_screen/deepos_volume_capitulation.py:89: RuntimeWarning: invalid value encountered in divide
  rng_=h-l; closepos=np.where(rng_>1e-9,(c-l)/rng_,0.5)
/root/BlueHorseshoe/research/indicator_screen/deepos_volume_capitulation.py:89: RuntimeWarning: invalid value encountered in divide
  rng_=h-l; closepos=np.where(rng_>1e-9,(c-l)/rng_,0.5)
/root/BlueHorseshoe/research/indicator_screen/deepos_volume_capitulation.py:89: RuntimeWarning: invalid value encountered in divide
  rng_=h-l; closepos=np.where(rng_>1e-9,(c-l)/rng_,0.5)
/root/BlueHorseshoe/research/indicator_screen/deepos_volume_capitulation.py:89: RuntimeWarning: invalid value encountered in divide
  rng_=h-l; closepos=np.where(rng_>1e-9,(c-l)/rng_,0.5)
/root/BlueHorseshoe/research/indicator_screen/deepos_volume_capitulation.py:89: RuntimeWarning: invalid value encountered in divide
  rng_=h-l; closepos=np.where(rng_>1e-9,(c-l)/rng_,0.5)
/root/BlueHorseshoe/research/indicator_screen/deepos_volume_capitulation.py:89: RuntimeWarning: invalid value encountered in divide
  rng_=h-l; closepos=np.where(rng_>1e-9,(c-l)/rng_,0.5)
/root/BlueHorseshoe/research/indicator_screen/deepos_volume_capitulation.py:89: RuntimeWarning: invalid value encountered in divide
  rng_=h-l; closepos=np.where(rng_>1e-9,(c-l)/rng_,0.5)
/root/BlueHorseshoe/research/indicator_screen/deepos_volume_capitulation.py:89: RuntimeWarning: invalid value encountered in divide
  rng_=h-l; closepos=np.where(rng_>1e-9,(c-l)/rng_,0.5)
/root/BlueHorseshoe/research/indicator_screen/deepos_volume_capitulation.py:89: RuntimeWarning: invalid value encountered in divide
  rng_=h-l; closepos=np.where(rng_>1e-9,(c-l)/rng_,0.5)
/root/BlueHorseshoe/research/indicator_screen/deepos_volume_capitulation.py:89: RuntimeWarning: invalid value encountered in divide
  rng_=h-l; closepos=np.where(rng_>1e-9,(c-l)/rng_,0.5)
/root/BlueHorseshoe/research/indicator_screen/deepos_volume_capitulation.py:89: RuntimeWarning: invalid value encountered in divide
  rng_=h-l; closepos=np.where(rng_>1e-9,(c-l)/rng_,0.5)
/root/BlueHorseshoe/research/indicator_screen/deepos_volume_capitulation.py:89: RuntimeWarning: invalid value encountered in divide
  rng_=h-l; closepos=np.where(rng_>1e-9,(c-l)/rng_,0.5)
/root/BlueHorseshoe/research/indicator_screen/deepos_volume_capitulation.py:89: RuntimeWarning: invalid value encountered in divide
  rng_=h-l; closepos=np.where(rng_>1e-9,(c-l)/rng_,0.5)
/root/BlueHorseshoe/research/indicator_screen/deepos_volume_capitulation.py:89: RuntimeWarning: invalid value encountered in divide
  rng_=h-l; closepos=np.where(rng_>1e-9,(c-l)/rng_,0.5)
/root/BlueHorseshoe/research/indicator_screen/deepos_volume_capitulation.py:89: RuntimeWarning: invalid value encountered in divide
  rng_=h-l; closepos=np.where(rng_>1e-9,(c-l)/rng_,0.5)
/root/BlueHorseshoe/research/indicator_screen/deepos_volume_capitulation.py:89: RuntimeWarning: invalid value encountered in divide
  rng_=h-l; closepos=np.where(rng_>1e-9,(c-l)/rng_,0.5)
/root/BlueHorseshoe/research/indicator_screen/deepos_volume_capitulation.py:89: RuntimeWarning: invalid value encountered in divide
  rng_=h-l; closepos=np.where(rng_>1e-9,(c-l)/rng_,0.5)
/root/BlueHorseshoe/research/indicator_screen/deepos_volume_capitulation.py:89: RuntimeWarning: invalid value encountered in divide
  rng_=h-l; closepos=np.where(rng_>1e-9,(c-l)/rng_,0.5)
/root/BlueHorseshoe/research/indicator_screen/deepos_volume_capitulation.py:89: RuntimeWarning: invalid value encountered in divide
  rng_=h-l; closepos=np.where(rng_>1e-9,(c-l)/rng_,0.5)
/root/BlueHorseshoe/research/indicator_screen/deepos_volume_capitulation.py:89: RuntimeWarning: invalid value encountered in divide
  rng_=h-l; closepos=np.where(rng_>1e-9,(c-l)/rng_,0.5)
/root/BlueHorseshoe/research/indicator_screen/deepos_volume_capitulation.py:89: RuntimeWarning: invalid value encountered in divide
  rng_=h-l; closepos=np.where(rng_>1e-9,(c-l)/rng_,0.5)
/root/BlueHorseshoe/research/indicator_screen/deepos_volume_capitulation.py:89: RuntimeWarning: invalid value encountered in divide
  rng_=h-l; closepos=np.where(rng_>1e-9,(c-l)/rng_,0.5)
/root/BlueHorseshoe/research/indicator_screen/deepos_volume_capitulation.py:89: RuntimeWarning: invalid value encountered in divide
  rng_=h-l; closepos=np.where(rng_>1e-9,(c-l)/rng_,0.5)
/root/BlueHorseshoe/research/indicator_screen/deepos_volume_capitulation.py:89: RuntimeWarning: invalid value encountered in divide
  rng_=h-l; closepos=np.where(rng_>1e-9,(c-l)/rng_,0.5)
/root/BlueHorseshoe/research/indicator_screen/deepos_volume_capitulation.py:89: RuntimeWarning: invalid value encountered in divide
  rng_=h-l; closepos=np.where(rng_>1e-9,(c-l)/rng_,0.5)
/root/BlueHorseshoe/research/indicator_screen/deepos_volume_capitulation.py:89: RuntimeWarning: invalid value encountered in divide
  rng_=h-l; closepos=np.where(rng_>1e-9,(c-l)/rng_,0.5)
/root/BlueHorseshoe/research/indicator_screen/deepos_volume_capitulation.py:89: RuntimeWarning: invalid value encountered in divide
  rng_=h-l; closepos=np.where(rng_>1e-9,(c-l)/rng_,0.5)
/root/BlueHorseshoe/research/indicator_screen/deepos_volume_capitulation.py:89: RuntimeWarning: invalid value encountered in divide
  rng_=h-l; closepos=np.where(rng_>1e-9,(c-l)/rng_,0.5)
/root/BlueHorseshoe/research/indicator_screen/deepos_volume_capitulation.py:89: RuntimeWarning: invalid value encountered in divide
  rng_=h-l; closepos=np.where(rng_>1e-9,(c-l)/rng_,0.5)
/root/BlueHorseshoe/research/indicator_screen/deepos_volume_capitulation.py:89: RuntimeWarning: invalid value encountered in divide
  rng_=h-l; closepos=np.where(rng_>1e-9,(c-l)/rng_,0.5)
/root/BlueHorseshoe/research/indicator_screen/deepos_volume_capitulation.py:89: RuntimeWarning: invalid value encountered in divide
  rng_=h-l; closepos=np.where(rng_>1e-9,(c-l)/rng_,0.5)
/root/BlueHorseshoe/research/indicator_screen/deepos_volume_capitulation.py:89: RuntimeWarning: invalid value encountered in divide
  rng_=h-l; closepos=np.where(rng_>1e-9,(c-l)/rng_,0.5)
/root/BlueHorseshoe/research/indicator_screen/deepos_volume_capitulation.py:89: RuntimeWarning: invalid value encountered in divide
  rng_=h-l; closepos=np.where(rng_>1e-9,(c-l)/rng_,0.5)
/root/BlueHorseshoe/research/indicator_screen/deepos_volume_capitulation.py:89: RuntimeWarning: invalid value encountered in divide
  rng_=h-l; closepos=np.where(rng_>1e-9,(c-l)/rng_,0.5)
/root/BlueHorseshoe/research/indicator_screen/deepos_volume_capitulation.py:89: RuntimeWarning: invalid value encountered in divide
  rng_=h-l; closepos=np.where(rng_>1e-9,(c-l)/rng_,0.5)
/root/BlueHorseshoe/research/indicator_screen/deepos_volume_capitulation.py:89: RuntimeWarning: invalid value encountered in divide
  rng_=h-l; closepos=np.where(rng_>1e-9,(c-l)/rng_,0.5)
/root/BlueHorseshoe/research/indicator_screen/deepos_volume_capitulation.py:89: RuntimeWarning: invalid value encountered in divide
  rng_=h-l; closepos=np.where(rng_>1e-9,(c-l)/rng_,0.5)
/root/BlueHorseshoe/research/indicator_screen/deepos_volume_capitulation.py:89: RuntimeWarning: invalid value encountered in divide
  rng_=h-l; closepos=np.where(rng_>1e-9,(c-l)/rng_,0.5)
/root/BlueHorseshoe/research/indicator_screen/deepos_volume_capitulation.py:89: RuntimeWarning: invalid value encountered in divide
  rng_=h-l; closepos=np.where(rng_>1e-9,(c-l)/rng_,0.5)
/root/BlueHorseshoe/research/indicator_screen/deepos_volume_capitulation.py:89: RuntimeWarning: invalid value encountered in divide
  rng_=h-l; closepos=np.where(rng_>1e-9,(c-l)/rng_,0.5)
/root/BlueHorseshoe/research/indicator_screen/deepos_volume_capitulation.py:89: RuntimeWarning: invalid value encountered in divide
  rng_=h-l; closepos=np.where(rng_>1e-9,(c-l)/rng_,0.5)
/root/BlueHorseshoe/research/indicator_screen/deepos_volume_capitulation.py:89: RuntimeWarning: invalid value encountered in divide
  rng_=h-l; closepos=np.where(rng_>1e-9,(c-l)/rng_,0.5)
/root/BlueHorseshoe/research/indicator_screen/deepos_volume_capitulation.py:89: RuntimeWarning: invalid value encountered in divide
  rng_=h-l; closepos=np.where(rng_>1e-9,(c-l)/rng_,0.5)
/root/BlueHorseshoe/research/indicator_screen/deepos_volume_capitulation.py:89: RuntimeWarning: invalid value encountered in divide
  rng_=h-l; closepos=np.where(rng_>1e-9,(c-l)/rng_,0.5)
/root/BlueHorseshoe/research/indicator_screen/deepos_volume_capitulation.py:89: RuntimeWarning: invalid value encountered in divide
  rng_=h-l; closepos=np.where(rng_>1e-9,(c-l)/rng_,0.5)
/root/BlueHorseshoe/research/indicator_screen/deepos_volume_capitulation.py:89: RuntimeWarning: invalid value encountered in divide
  rng_=h-l; closepos=np.where(rng_>1e-9,(c-l)/rng_,0.5)
/root/BlueHorseshoe/research/indicator_screen/deepos_volume_capitulation.py:89: RuntimeWarning: invalid value encountered in divide
  rng_=h-l; closepos=np.where(rng_>1e-9,(c-l)/rng_,0.5)
/root/BlueHorseshoe/research/indicator_screen/deepos_volume_capitulation.py:89: RuntimeWarning: invalid value encountered in divide
  rng_=h-l; closepos=np.where(rng_>1e-9,(c-l)/rng_,0.5)
/root/BlueHorseshoe/research/indicator_screen/deepos_volume_capitulation.py:89: RuntimeWarning: invalid value encountered in divide
  rng_=h-l; closepos=np.where(rng_>1e-9,(c-l)/rng_,0.5)
/root/BlueHorseshoe/research/indicator_screen/deepos_volume_capitulation.py:89: RuntimeWarning: invalid value encountered in divide
  rng_=h-l; closepos=np.where(rng_>1e-9,(c-l)/rng_,0.5)
/root/BlueHorseshoe/research/indicator_screen/deepos_volume_capitulation.py:89: RuntimeWarning: invalid value encountered in divide
  rng_=h-l; closepos=np.where(rng_>1e-9,(c-l)/rng_,0.5)
/root/BlueHorseshoe/research/indicator_screen/deepos_volume_capitulation.py:89: RuntimeWarning: invalid value encountered in divide
  rng_=h-l; closepos=np.where(rng_>1e-9,(c-l)/rng_,0.5)
/root/BlueHorseshoe/research/indicator_screen/deepos_volume_capitulation.py:89: RuntimeWarning: invalid value encountered in divide
  rng_=h-l; closepos=np.where(rng_>1e-9,(c-l)/rng_,0.5)
/root/BlueHorseshoe/research/indicator_screen/deepos_volume_capitulation.py:89: RuntimeWarning: invalid value encountered in divide
  rng_=h-l; closepos=np.where(rng_>1e-9,(c-l)/rng_,0.5)
/root/BlueHorseshoe/research/indicator_screen/deepos_volume_capitulation.py:89: RuntimeWarning: invalid value encountered in divide
  rng_=h-l; closepos=np.where(rng_>1e-9,(c-l)/rng_,0.5)
/root/BlueHorseshoe/research/indicator_screen/deepos_volume_capitulation.py:89: RuntimeWarning: invalid value encountered in divide
  rng_=h-l; closepos=np.where(rng_>1e-9,(c-l)/rng_,0.5)
/root/BlueHorseshoe/research/indicator_screen/deepos_volume_capitulation.py:89: RuntimeWarning: invalid value encountered in divide
  rng_=h-l; closepos=np.where(rng_>1e-9,(c-l)/rng_,0.5)
/root/BlueHorseshoe/research/indicator_screen/deepos_volume_capitulation.py:89: RuntimeWarning: invalid value encountered in divide
  rng_=h-l; closepos=np.where(rng_>1e-9,(c-l)/rng_,0.5)
/root/BlueHorseshoe/research/indicator_screen/deepos_volume_capitulation.py:89: RuntimeWarning: invalid value encountered in divide
  rng_=h-l; closepos=np.where(rng_>1e-9,(c-l)/rng_,0.5)
/root/BlueHorseshoe/research/indicator_screen/deepos_volume_capitulation.py:89: RuntimeWarning: invalid value encountered in divide
  rng_=h-l; closepos=np.where(rng_>1e-9,(c-l)/rng_,0.5)
/root/BlueHorseshoe/research/indicator_screen/deepos_volume_capitulation.py:89: RuntimeWarning: invalid value encountered in divide
  rng_=h-l; closepos=np.where(rng_>1e-9,(c-l)/rng_,0.5)
/root/BlueHorseshoe/research/indicator_screen/deepos_volume_capitulation.py:89: RuntimeWarning: invalid value encountered in divide
  rng_=h-l; closepos=np.where(rng_>1e-9,(c-l)/rng_,0.5)
/root/BlueHorseshoe/research/indicator_screen/deepos_volume_capitulation.py:89: RuntimeWarning: invalid value encountered in divide
  rng_=h-l; closepos=np.where(rng_>1e-9,(c-l)/rng_,0.5)
/root/BlueHorseshoe/research/indicator_screen/deepos_volume_capitulation.py:89: RuntimeWarning: invalid value encountered in divide
  rng_=h-l; closepos=np.where(rng_>1e-9,(c-l)/rng_,0.5)
/root/BlueHorseshoe/research/indicator_screen/deepos_volume_capitulation.py:89: RuntimeWarning: invalid value encountered in divide
  rng_=h-l; closepos=np.where(rng_>1e-9,(c-l)/rng_,0.5)
/root/BlueHorseshoe/research/indicator_screen/deepos_volume_capitulation.py:89: RuntimeWarning: invalid value encountered in divide
  rng_=h-l; closepos=np.where(rng_>1e-9,(c-l)/rng_,0.5)
/root/BlueHorseshoe/research/indicator_screen/deepos_volume_capitulation.py:89: RuntimeWarning: invalid value encountered in divide
  rng_=h-l; closepos=np.where(rng_>1e-9,(c-l)/rng_,0.5)
/root/BlueHorseshoe/research/indicator_screen/deepos_volume_capitulation.py:89: RuntimeWarning: invalid value encountered in divide
  rng_=h-l; closepos=np.where(rng_>1e-9,(c-l)/rng_,0.5)
/root/BlueHorseshoe/research/indicator_screen/deepos_volume_capitulation.py:89: RuntimeWarning: invalid value encountered in divide
  rng_=h-l; closepos=np.where(rng_>1e-9,(c-l)/rng_,0.5)
/root/BlueHorseshoe/research/indicator_screen/deepos_volume_capitulation.py:89: RuntimeWarning: invalid value encountered in divide
  rng_=h-l; closepos=np.where(rng_>1e-9,(c-l)/rng_,0.5)
/root/BlueHorseshoe/research/indicator_screen/deepos_volume_capitulation.py:89: RuntimeWarning: invalid value encountered in divide
  rng_=h-l; closepos=np.where(rng_>1e-9,(c-l)/rng_,0.5)
/root/BlueHorseshoe/research/indicator_screen/deepos_volume_capitulation.py:89: RuntimeWarning: invalid value encountered in divide
  rng_=h-l; closepos=np.where(rng_>1e-9,(c-l)/rng_,0.5)
/root/BlueHorseshoe/research/indicator_screen/deepos_volume_capitulation.py:89: RuntimeWarning: invalid value encountered in divide
  rng_=h-l; closepos=np.where(rng_>1e-9,(c-l)/rng_,0.5)
/root/BlueHorseshoe/research/indicator_screen/deepos_volume_capitulation.py:89: RuntimeWarning: invalid value encountered in divide
  rng_=h-l; closepos=np.where(rng_>1e-9,(c-l)/rng_,0.5)
/root/BlueHorseshoe/research/indicator_screen/deepos_volume_capitulation.py:89: RuntimeWarning: invalid value encountered in divide
  rng_=h-l; closepos=np.where(rng_>1e-9,(c-l)/rng_,0.5)
/root/BlueHorseshoe/research/indicator_screen/deepos_volume_capitulation.py:89: RuntimeWarning: invalid value encountered in divide
  rng_=h-l; closepos=np.where(rng_>1e-9,(c-l)/rng_,0.5)
/root/BlueHorseshoe/research/indicator_screen/deepos_volume_capitulation.py:89: RuntimeWarning: invalid value encountered in divide
  rng_=h-l; closepos=np.where(rng_>1e-9,(c-l)/rng_,0.5)
/root/BlueHorseshoe/research/indicator_screen/deepos_volume_capitulation.py:89: RuntimeWarning: invalid value encountered in divide
  rng_=h-l; closepos=np.where(rng_>1e-9,(c-l)/rng_,0.5)
/root/BlueHorseshoe/research/indicator_screen/deepos_volume_capitulation.py:89: RuntimeWarning: invalid value encountered in divide
  rng_=h-l; closepos=np.where(rng_>1e-9,(c-l)/rng_,0.5)
/root/BlueHorseshoe/research/indicator_screen/deepos_volume_capitulation.py:89: RuntimeWarning: invalid value encountered in divide
  rng_=h-l; closepos=np.where(rng_>1e-9,(c-l)/rng_,0.5)
/root/BlueHorseshoe/research/indicator_screen/deepos_volume_capitulation.py:89: RuntimeWarning: invalid value encountered in divide
  rng_=h-l; closepos=np.where(rng_>1e-9,(c-l)/rng_,0.5)
/root/BlueHorseshoe/research/indicator_screen/deepos_volume_capitulation.py:89: RuntimeWarning: invalid value encountered in divide
  rng_=h-l; closepos=np.where(rng_>1e-9,(c-l)/rng_,0.5)
/root/BlueHorseshoe/research/indicator_screen/deepos_volume_capitulation.py:89: RuntimeWarning: invalid value encountered in divide
  rng_=h-l; closepos=np.where(rng_>1e-9,(c-l)/rng_,0.5)
/root/BlueHorseshoe/research/indicator_screen/deepos_volume_capitulation.py:89: RuntimeWarning: invalid value encountered in divide
  rng_=h-l; closepos=np.where(rng_>1e-9,(c-l)/rng_,0.5)
/root/BlueHorseshoe/research/indicator_screen/deepos_volume_capitulation.py:89: RuntimeWarning: invalid value encountered in divide
  rng_=h-l; closepos=np.where(rng_>1e-9,(c-l)/rng_,0.5)
/root/BlueHorseshoe/research/indicator_screen/deepos_volume_capitulation.py:89: RuntimeWarning: invalid value encountered in divide
  rng_=h-l; closepos=np.where(rng_>1e-9,(c-l)/rng_,0.5)
/root/BlueHorseshoe/research/indicator_screen/deepos_volume_capitulation.py:89: RuntimeWarning: invalid value encountered in divide
  rng_=h-l; closepos=np.where(rng_>1e-9,(c-l)/rng_,0.5)
/root/BlueHorseshoe/research/indicator_screen/deepos_volume_capitulation.py:89: RuntimeWarning: invalid value encountered in divide
  rng_=h-l; closepos=np.where(rng_>1e-9,(c-l)/rng_,0.5)
/root/BlueHorseshoe/research/indicator_screen/deepos_volume_capitulation.py:89: RuntimeWarning: invalid value encountered in divide
  rng_=h-l; closepos=np.where(rng_>1e-9,(c-l)/rng_,0.5)
/root/BlueHorseshoe/research/indicator_screen/deepos_volume_capitulation.py:89: RuntimeWarning: invalid value encountered in divide
  rng_=h-l; closepos=np.where(rng_>1e-9,(c-l)/rng_,0.5)
/root/BlueHorseshoe/research/indicator_screen/deepos_volume_capitulation.py:89: RuntimeWarning: invalid value encountered in divide
  rng_=h-l; closepos=np.where(rng_>1e-9,(c-l)/rng_,0.5)
/root/BlueHorseshoe/research/indicator_screen/deepos_volume_capitulation.py:89: RuntimeWarning: invalid value encountered in divide
  rng_=h-l; closepos=np.where(rng_>1e-9,(c-l)/rng_,0.5)
/root/BlueHorseshoe/research/indicator_screen/deepos_volume_capitulation.py:89: RuntimeWarning: invalid value encountered in divide
  rng_=h-l; closepos=np.where(rng_>1e-9,(c-l)/rng_,0.5)
/root/BlueHorseshoe/research/indicator_screen/deepos_volume_capitulation.py:89: RuntimeWarning: invalid value encountered in divide
  rng_=h-l; closepos=np.where(rng_>1e-9,(c-l)/rng_,0.5)
/root/BlueHorseshoe/research/indicator_screen/deepos_volume_capitulation.py:89: RuntimeWarning: invalid value encountered in divide
  rng_=h-l; closepos=np.where(rng_>1e-9,(c-l)/rng_,0.5)
/root/BlueHorseshoe/research/indicator_screen/deepos_volume_capitulation.py:89: RuntimeWarning: invalid value encountered in divide
  rng_=h-l; closepos=np.where(rng_>1e-9,(c-l)/rng_,0.5)
/root/BlueHorseshoe/research/indicator_screen/deepos_volume_capitulation.py:89: RuntimeWarning: invalid value encountered in divide
  rng_=h-l; closepos=np.where(rng_>1e-9,(c-l)/rng_,0.5)
/root/BlueHorseshoe/research/indicator_screen/deepos_volume_capitulation.py:89: RuntimeWarning: invalid value encountered in divide
  rng_=h-l; closepos=np.where(rng_>1e-9,(c-l)/rng_,0.5)
/root/BlueHorseshoe/research/indicator_screen/deepos_volume_capitulation.py:89: RuntimeWarning: invalid value encountered in divide
  rng_=h-l; closepos=np.where(rng_>1e-9,(c-l)/rng_,0.5)
/root/BlueHorseshoe/research/indicator_screen/deepos_volume_capitulation.py:89: RuntimeWarning: invalid value encountered in divide
  rng_=h-l; closepos=np.where(rng_>1e-9,(c-l)/rng_,0.5)
/root/BlueHorseshoe/research/indicator_screen/deepos_volume_capitulation.py:89: RuntimeWarning: invalid value encountered in divide
  rng_=h-l; closepos=np.where(rng_>1e-9,(c-l)/rng_,0.5)
/root/BlueHorseshoe/research/indicator_screen/deepos_volume_capitulation.py:89: RuntimeWarning: invalid value encountered in divide
  rng_=h-l; closepos=np.where(rng_>1e-9,(c-l)/rng_,0.5)
/root/BlueHorseshoe/research/indicator_screen/deepos_volume_capitulation.py:89: RuntimeWarning: invalid value encountered in divide
  rng_=h-l; closepos=np.where(rng_>1e-9,(c-l)/rng_,0.5)
/root/BlueHorseshoe/research/indicator_screen/deepos_volume_capitulation.py:89: RuntimeWarning: invalid value encountered in divide
  rng_=h-l; closepos=np.where(rng_>1e-9,(c-l)/rng_,0.5)
/root/BlueHorseshoe/research/indicator_screen/deepos_volume_capitulation.py:89: RuntimeWarning: invalid value encountered in divide
  rng_=h-l; closepos=np.where(rng_>1e-9,(c-l)/rng_,0.5)
/root/BlueHorseshoe/research/indicator_screen/deepos_volume_capitulation.py:89: RuntimeWarning: invalid value encountered in divide
  rng_=h-l; closepos=np.where(rng_>1e-9,(c-l)/rng_,0.5)
/root/BlueHorseshoe/research/indicator_screen/deepos_volume_capitulation.py:89: RuntimeWarning: invalid value encountered in divide
  rng_=h-l; closepos=np.where(rng_>1e-9,(c-l)/rng_,0.5)
/root/BlueHorseshoe/research/indicator_screen/deepos_volume_capitulation.py:89: RuntimeWarning: invalid value encountered in divide
  rng_=h-l; closepos=np.where(rng_>1e-9,(c-l)/rng_,0.5)
/root/BlueHorseshoe/research/indicator_screen/deepos_volume_capitulation.py:89: RuntimeWarning: invalid value encountered in divide
  rng_=h-l; closepos=np.where(rng_>1e-9,(c-l)/rng_,0.5)
/root/BlueHorseshoe/research/indicator_screen/deepos_volume_capitulation.py:89: RuntimeWarning: invalid value encountered in divide
  rng_=h-l; closepos=np.where(rng_>1e-9,(c-l)/rng_,0.5)
/root/BlueHorseshoe/research/indicator_screen/deepos_volume_capitulation.py:89: RuntimeWarning: invalid value encountered in divide
  rng_=h-l; closepos=np.where(rng_>1e-9,(c-l)/rng_,0.5)
/root/BlueHorseshoe/research/indicator_screen/deepos_volume_capitulation.py:89: RuntimeWarning: invalid value encountered in divide
  rng_=h-l; closepos=np.where(rng_>1e-9,(c-l)/rng_,0.5)
/root/BlueHorseshoe/research/indicator_screen/deepos_volume_capitulation.py:89: RuntimeWarning: invalid value encountered in divide
  rng_=h-l; closepos=np.where(rng_>1e-9,(c-l)/rng_,0.5)
/root/BlueHorseshoe/research/indicator_screen/deepos_volume_capitulation.py:89: RuntimeWarning: invalid value encountered in divide
  rng_=h-l; closepos=np.where(rng_>1e-9,(c-l)/rng_,0.5)
/root/BlueHorseshoe/research/indicator_screen/deepos_volume_capitulation.py:89: RuntimeWarning: invalid value encountered in divide
  rng_=h-l; closepos=np.where(rng_>1e-9,(c-l)/rng_,0.5)
/root/BlueHorseshoe/research/indicator_screen/deepos_volume_capitulation.py:89: RuntimeWarning: invalid value encountered in divide
  rng_=h-l; closepos=np.where(rng_>1e-9,(c-l)/rng_,0.5)
/root/BlueHorseshoe/research/indicator_screen/deepos_volume_capitulation.py:89: RuntimeWarning: invalid value encountered in divide
  rng_=h-l; closepos=np.where(rng_>1e-9,(c-l)/rng_,0.5)
/root/BlueHorseshoe/research/indicator_screen/deepos_volume_capitulation.py:89: RuntimeWarning: invalid value encountered in divide
  rng_=h-l; closepos=np.where(rng_>1e-9,(c-l)/rng_,0.5)
/root/BlueHorseshoe/research/indicator_screen/deepos_volume_capitulation.py:89: RuntimeWarning: invalid value encountered in divide
  rng_=h-l; closepos=np.where(rng_>1e-9,(c-l)/rng_,0.5)
/root/BlueHorseshoe/research/indicator_screen/deepos_volume_capitulation.py:89: RuntimeWarning: invalid value encountered in divide
  rng_=h-l; closepos=np.where(rng_>1e-9,(c-l)/rng_,0.5)
/root/BlueHorseshoe/research/indicator_screen/deepos_volume_capitulation.py:89: RuntimeWarning: invalid value encountered in divide
  rng_=h-l; closepos=np.where(rng_>1e-9,(c-l)/rng_,0.5)
/root/BlueHorseshoe/research/indicator_screen/deepos_volume_capitulation.py:89: RuntimeWarning: invalid value encountered in divide
  rng_=h-l; closepos=np.where(rng_>1e-9,(c-l)/rng_,0.5)
/root/BlueHorseshoe/research/indicator_screen/deepos_volume_capitulation.py:89: RuntimeWarning: invalid value encountered in divide
  rng_=h-l; closepos=np.where(rng_>1e-9,(c-l)/rng_,0.5)
  800/2000
/root/BlueHorseshoe/research/indicator_screen/deepos_volume_capitulation.py:89: RuntimeWarning: invalid value encountered in divide
  rng_=h-l; closepos=np.where(rng_>1e-9,(c-l)/rng_,0.5)
/root/BlueHorseshoe/research/indicator_screen/deepos_volume_capitulation.py:89: RuntimeWarning: invalid value encountered in divide
  rng_=h-l; closepos=np.where(rng_>1e-9,(c-l)/rng_,0.5)
/root/BlueHorseshoe/research/indicator_screen/deepos_volume_capitulation.py:89: RuntimeWarning: invalid value encountered in divide
  rng_=h-l; closepos=np.where(rng_>1e-9,(c-l)/rng_,0.5)
/root/BlueHorseshoe/research/indicator_screen/deepos_volume_capitulation.py:89: RuntimeWarning: invalid value encountered in divide
  rng_=h-l; closepos=np.where(rng_>1e-9,(c-l)/rng_,0.5)
/root/BlueHorseshoe/research/indicator_screen/deepos_volume_capitulation.py:89: RuntimeWarning: invalid value encountered in divide
  rng_=h-l; closepos=np.where(rng_>1e-9,(c-l)/rng_,0.5)
/root/BlueHorseshoe/research/indicator_screen/deepos_volume_capitulation.py:89: RuntimeWarning: invalid value encountered in divide
  rng_=h-l; closepos=np.where(rng_>1e-9,(c-l)/rng_,0.5)
/root/BlueHorseshoe/research/indicator_screen/deepos_volume_capitulation.py:89: RuntimeWarning: invalid value encountered in divide
  rng_=h-l; closepos=np.where(rng_>1e-9,(c-l)/rng_,0.5)
/root/BlueHorseshoe/research/indicator_screen/deepos_volume_capitulation.py:89: RuntimeWarning: invalid value encountered in divide
  rng_=h-l; closepos=np.where(rng_>1e-9,(c-l)/rng_,0.5)
/root/BlueHorseshoe/research/indicator_screen/deepos_volume_capitulation.py:89: RuntimeWarning: invalid value encountered in divide
  rng_=h-l; closepos=np.where(rng_>1e-9,(c-l)/rng_,0.5)
/root/BlueHorseshoe/research/indicator_screen/deepos_volume_capitulation.py:89: RuntimeWarning: invalid value encountered in divide
  rng_=h-l; closepos=np.where(rng_>1e-9,(c-l)/rng_,0.5)
/root/BlueHorseshoe/research/indicator_screen/deepos_volume_capitulation.py:89: RuntimeWarning: invalid value encountered in divide
  rng_=h-l; closepos=np.where(rng_>1e-9,(c-l)/rng_,0.5)
/root/BlueHorseshoe/research/indicator_screen/deepos_volume_capitulation.py:89: RuntimeWarning: invalid value encountered in divide
  rng_=h-l; closepos=np.where(rng_>1e-9,(c-l)/rng_,0.5)
/root/BlueHorseshoe/research/indicator_screen/deepos_volume_capitulation.py:89: RuntimeWarning: invalid value encountered in divide
  rng_=h-l; closepos=np.where(rng_>1e-9,(c-l)/rng_,0.5)
/root/BlueHorseshoe/research/indicator_screen/deepos_volume_capitulation.py:89: RuntimeWarning: invalid value encountered in divide
  rng_=h-l; closepos=np.where(rng_>1e-9,(c-l)/rng_,0.5)
/root/BlueHorseshoe/research/indicator_screen/deepos_volume_capitulation.py:89: RuntimeWarning: invalid value encountered in divide
  rng_=h-l; closepos=np.where(rng_>1e-9,(c-l)/rng_,0.5)
/root/BlueHorseshoe/research/indicator_screen/deepos_volume_capitulation.py:89: RuntimeWarning: invalid value encountered in divide
  rng_=h-l; closepos=np.where(rng_>1e-9,(c-l)/rng_,0.5)
/root/BlueHorseshoe/research/indicator_screen/deepos_volume_capitulation.py:89: RuntimeWarning: invalid value encountered in divide
  rng_=h-l; closepos=np.where(rng_>1e-9,(c-l)/rng_,0.5)
/root/BlueHorseshoe/research/indicator_screen/deepos_volume_capitulation.py:89: RuntimeWarning: invalid value encountered in divide
  rng_=h-l; closepos=np.where(rng_>1e-9,(c-l)/rng_,0.5)
/root/BlueHorseshoe/research/indicator_screen/deepos_volume_capitulation.py:89: RuntimeWarning: invalid value encountered in divide
  rng_=h-l; closepos=np.where(rng_>1e-9,(c-l)/rng_,0.5)
/root/BlueHorseshoe/research/indicator_screen/deepos_volume_capitulation.py:89: RuntimeWarning: invalid value encountered in divide
  rng_=h-l; closepos=np.where(rng_>1e-9,(c-l)/rng_,0.5)
/root/BlueHorseshoe/research/indicator_screen/deepos_volume_capitulation.py:89: RuntimeWarning: invalid value encountered in divide
  rng_=h-l; closepos=np.where(rng_>1e-9,(c-l)/rng_,0.5)
/root/BlueHorseshoe/research/indicator_screen/deepos_volume_capitulation.py:89: RuntimeWarning: invalid value encountered in divide
  rng_=h-l; closepos=np.where(rng_>1e-9,(c-l)/rng_,0.5)
/root/BlueHorseshoe/research/indicator_screen/deepos_volume_capitulation.py:89: RuntimeWarning: invalid value encountered in divide
  rng_=h-l; closepos=np.where(rng_>1e-9,(c-l)/rng_,0.5)
/root/BlueHorseshoe/research/indicator_screen/deepos_volume_capitulation.py:89: RuntimeWarning: invalid value encountered in divide
  rng_=h-l; closepos=np.where(rng_>1e-9,(c-l)/rng_,0.5)
/root/BlueHorseshoe/research/indicator_screen/deepos_volume_capitulation.py:89: RuntimeWarning: invalid value encountered in divide
  rng_=h-l; closepos=np.where(rng_>1e-9,(c-l)/rng_,0.5)
/root/BlueHorseshoe/research/indicator_screen/deepos_volume_capitulation.py:89: RuntimeWarning: invalid value encountered in divide
  rng_=h-l; closepos=np.where(rng_>1e-9,(c-l)/rng_,0.5)
/root/BlueHorseshoe/research/indicator_screen/deepos_volume_capitulation.py:89: RuntimeWarning: invalid value encountered in divide
  rng_=h-l; closepos=np.where(rng_>1e-9,(c-l)/rng_,0.5)
/root/BlueHorseshoe/research/indicator_screen/deepos_volume_capitulation.py:89: RuntimeWarning: invalid value encountered in divide
  rng_=h-l; closepos=np.where(rng_>1e-9,(c-l)/rng_,0.5)
/root/BlueHorseshoe/research/indicator_screen/deepos_volume_capitulation.py:89: RuntimeWarning: invalid value encountered in divide
  rng_=h-l; closepos=np.where(rng_>1e-9,(c-l)/rng_,0.5)
/root/BlueHorseshoe/research/indicator_screen/deepos_volume_capitulation.py:89: RuntimeWarning: invalid value encountered in divide
  rng_=h-l; closepos=np.where(rng_>1e-9,(c-l)/rng_,0.5)
/root/BlueHorseshoe/research/indicator_screen/deepos_volume_capitulation.py:89: RuntimeWarning: invalid value encountered in divide
  rng_=h-l; closepos=np.where(rng_>1e-9,(c-l)/rng_,0.5)
/root/BlueHorseshoe/research/indicator_screen/deepos_volume_capitulation.py:89: RuntimeWarning: invalid value encountered in divide
  rng_=h-l; closepos=np.where(rng_>1e-9,(c-l)/rng_,0.5)
/root/BlueHorseshoe/research/indicator_screen/deepos_volume_capitulation.py:89: RuntimeWarning: invalid value encountered in divide
  rng_=h-l; closepos=np.where(rng_>1e-9,(c-l)/rng_,0.5)
/root/BlueHorseshoe/research/indicator_screen/deepos_volume_capitulation.py:89: RuntimeWarning: invalid value encountered in divide
  rng_=h-l; closepos=np.where(rng_>1e-9,(c-l)/rng_,0.5)
/root/BlueHorseshoe/research/indicator_screen/deepos_volume_capitulation.py:89: RuntimeWarning: invalid value encountered in divide
  rng_=h-l; closepos=np.where(rng_>1e-9,(c-l)/rng_,0.5)
/root/BlueHorseshoe/research/indicator_screen/deepos_volume_capitulation.py:89: RuntimeWarning: invalid value encountered in divide
  rng_=h-l; closepos=np.where(rng_>1e-9,(c-l)/rng_,0.5)
/root/BlueHorseshoe/research/indicator_screen/deepos_volume_capitulation.py:89: RuntimeWarning: invalid value encountered in divide
  rng_=h-l; closepos=np.where(rng_>1e-9,(c-l)/rng_,0.5)
/root/BlueHorseshoe/research/indicator_screen/deepos_volume_capitulation.py:89: RuntimeWarning: invalid value encountered in divide
  rng_=h-l; closepos=np.where(rng_>1e-9,(c-l)/rng_,0.5)
/root/BlueHorseshoe/research/indicator_screen/deepos_volume_capitulation.py:89: RuntimeWarning: invalid value encountered in divide
  rng_=h-l; closepos=np.where(rng_>1e-9,(c-l)/rng_,0.5)
/root/BlueHorseshoe/research/indicator_screen/deepos_volume_capitulation.py:89: RuntimeWarning: invalid value encountered in divide
  rng_=h-l; closepos=np.where(rng_>1e-9,(c-l)/rng_,0.5)
/root/BlueHorseshoe/research/indicator_screen/deepos_volume_capitulation.py:89: RuntimeWarning: invalid value encountered in divide
  rng_=h-l; closepos=np.where(rng_>1e-9,(c-l)/rng_,0.5)
/root/BlueHorseshoe/research/indicator_screen/deepos_volume_capitulation.py:89: RuntimeWarning: invalid value encountered in divide
  rng_=h-l; closepos=np.where(rng_>1e-9,(c-l)/rng_,0.5)
/root/BlueHorseshoe/research/indicator_screen/deepos_volume_capitulation.py:89: RuntimeWarning: invalid value encountered in divide
  rng_=h-l; closepos=np.where(rng_>1e-9,(c-l)/rng_,0.5)
/root/BlueHorseshoe/research/indicator_screen/deepos_volume_capitulation.py:89: RuntimeWarning: invalid value encountered in divide
  rng_=h-l; closepos=np.where(rng_>1e-9,(c-l)/rng_,0.5)
/root/BlueHorseshoe/research/indicator_screen/deepos_volume_capitulation.py:89: RuntimeWarning: invalid value encountered in divide
  rng_=h-l; closepos=np.where(rng_>1e-9,(c-l)/rng_,0.5)
/root/BlueHorseshoe/research/indicator_screen/deepos_volume_capitulation.py:89: RuntimeWarning: invalid value encountered in divide
  rng_=h-l; closepos=np.where(rng_>1e-9,(c-l)/rng_,0.5)
/root/BlueHorseshoe/research/indicator_screen/deepos_volume_capitulation.py:89: RuntimeWarning: invalid value encountered in divide
  rng_=h-l; closepos=np.where(rng_>1e-9,(c-l)/rng_,0.5)
/root/BlueHorseshoe/research/indicator_screen/deepos_volume_capitulation.py:89: RuntimeWarning: invalid value encountered in divide
  rng_=h-l; closepos=np.where(rng_>1e-9,(c-l)/rng_,0.5)
/root/BlueHorseshoe/research/indicator_screen/deepos_volume_capitulation.py:89: RuntimeWarning: invalid value encountered in divide
  rng_=h-l; closepos=np.where(rng_>1e-9,(c-l)/rng_,0.5)
/root/BlueHorseshoe/research/indicator_screen/deepos_volume_capitulation.py:89: RuntimeWarning: invalid value encountered in divide
  rng_=h-l; closepos=np.where(rng_>1e-9,(c-l)/rng_,0.5)
/root/BlueHorseshoe/research/indicator_screen/deepos_volume_capitulation.py:89: RuntimeWarning: invalid value encountered in divide
  rng_=h-l; closepos=np.where(rng_>1e-9,(c-l)/rng_,0.5)
/root/BlueHorseshoe/research/indicator_screen/deepos_volume_capitulation.py:89: RuntimeWarning: invalid value encountered in divide
  rng_=h-l; closepos=np.where(rng_>1e-9,(c-l)/rng_,0.5)
/root/BlueHorseshoe/research/indicator_screen/deepos_volume_capitulation.py:89: RuntimeWarning: invalid value encountered in divide
  rng_=h-l; closepos=np.where(rng_>1e-9,(c-l)/rng_,0.5)
/root/BlueHorseshoe/research/indicator_screen/deepos_volume_capitulation.py:89: RuntimeWarning: invalid value encountered in divide
  rng_=h-l; closepos=np.where(rng_>1e-9,(c-l)/rng_,0.5)
/root/BlueHorseshoe/research/indicator_screen/deepos_volume_capitulation.py:89: RuntimeWarning: invalid value encountered in divide
  rng_=h-l; closepos=np.where(rng_>1e-9,(c-l)/rng_,0.5)
/root/BlueHorseshoe/research/indicator_screen/deepos_volume_capitulation.py:89: RuntimeWarning: invalid value encountered in divide
  rng_=h-l; closepos=np.where(rng_>1e-9,(c-l)/rng_,0.5)
/root/BlueHorseshoe/research/indicator_screen/deepos_volume_capitulation.py:89: RuntimeWarning: invalid value encountered in divide
  rng_=h-l; closepos=np.where(rng_>1e-9,(c-l)/rng_,0.5)
/root/BlueHorseshoe/research/indicator_screen/deepos_volume_capitulation.py:89: RuntimeWarning: invalid value encountered in divide
  rng_=h-l; closepos=np.where(rng_>1e-9,(c-l)/rng_,0.5)
/root/BlueHorseshoe/research/indicator_screen/deepos_volume_capitulation.py:89: RuntimeWarning: invalid value encountered in divide
  rng_=h-l; closepos=np.where(rng_>1e-9,(c-l)/rng_,0.5)
/root/BlueHorseshoe/research/indicator_screen/deepos_volume_capitulation.py:89: RuntimeWarning: invalid value encountered in divide
  rng_=h-l; closepos=np.where(rng_>1e-9,(c-l)/rng_,0.5)
/root/BlueHorseshoe/research/indicator_screen/deepos_volume_capitulation.py:89: RuntimeWarning: invalid value encountered in divide
  rng_=h-l; closepos=np.where(rng_>1e-9,(c-l)/rng_,0.5)
/root/BlueHorseshoe/research/indicator_screen/deepos_volume_capitulation.py:89: RuntimeWarning: invalid value encountered in divide
  rng_=h-l; closepos=np.where(rng_>1e-9,(c-l)/rng_,0.5)
/root/BlueHorseshoe/research/indicator_screen/deepos_volume_capitulation.py:89: RuntimeWarning: invalid value encountered in divide
  rng_=h-l; closepos=np.where(rng_>1e-9,(c-l)/rng_,0.5)
/root/BlueHorseshoe/research/indicator_screen/deepos_volume_capitulation.py:89: RuntimeWarning: invalid value encountered in divide
  rng_=h-l; closepos=np.where(rng_>1e-9,(c-l)/rng_,0.5)
/root/BlueHorseshoe/research/indicator_screen/deepos_volume_capitulation.py:89: RuntimeWarning: invalid value encountered in divide
  rng_=h-l; closepos=np.where(rng_>1e-9,(c-l)/rng_,0.5)
/root/BlueHorseshoe/research/indicator_screen/deepos_volume_capitulation.py:89: RuntimeWarning: invalid value encountered in divide
  rng_=h-l; closepos=np.where(rng_>1e-9,(c-l)/rng_,0.5)
/root/BlueHorseshoe/research/indicator_screen/deepos_volume_capitulation.py:89: RuntimeWarning: invalid value encountered in divide
  rng_=h-l; closepos=np.where(rng_>1e-9,(c-l)/rng_,0.5)
/root/BlueHorseshoe/research/indicator_screen/deepos_volume_capitulation.py:89: RuntimeWarning: invalid value encountered in divide
  rng_=h-l; closepos=np.where(rng_>1e-9,(c-l)/rng_,0.5)
/root/BlueHorseshoe/research/indicator_screen/deepos_volume_capitulation.py:89: RuntimeWarning: invalid value encountered in divide
  rng_=h-l; closepos=np.where(rng_>1e-9,(c-l)/rng_,0.5)
/root/BlueHorseshoe/research/indicator_screen/deepos_volume_capitulation.py:89: RuntimeWarning: invalid value encountered in divide
  rng_=h-l; closepos=np.where(rng_>1e-9,(c-l)/rng_,0.5)
/root/BlueHorseshoe/research/indicator_screen/deepos_volume_capitulation.py:89: RuntimeWarning: invalid value encountered in divide
  rng_=h-l; closepos=np.where(rng_>1e-9,(c-l)/rng_,0.5)
/root/BlueHorseshoe/research/indicator_screen/deepos_volume_capitulation.py:89: RuntimeWarning: invalid value encountered in divide
  rng_=h-l; closepos=np.where(rng_>1e-9,(c-l)/rng_,0.5)
/root/BlueHorseshoe/research/indicator_screen/deepos_volume_capitulation.py:89: RuntimeWarning: invalid value encountered in divide
  rng_=h-l; closepos=np.where(rng_>1e-9,(c-l)/rng_,0.5)
/root/BlueHorseshoe/research/indicator_screen/deepos_volume_capitulation.py:89: RuntimeWarning: invalid value encountered in divide
  rng_=h-l; closepos=np.where(rng_>1e-9,(c-l)/rng_,0.5)
/root/BlueHorseshoe/research/indicator_screen/deepos_volume_capitulation.py:89: RuntimeWarning: invalid value encountered in divide
  rng_=h-l; closepos=np.where(rng_>1e-9,(c-l)/rng_,0.5)
/root/BlueHorseshoe/research/indicator_screen/deepos_volume_capitulation.py:89: RuntimeWarning: invalid value encountered in divide
  rng_=h-l; closepos=np.where(rng_>1e-9,(c-l)/rng_,0.5)
/root/BlueHorseshoe/research/indicator_screen/deepos_volume_capitulation.py:89: RuntimeWarning: invalid value encountered in divide
  rng_=h-l; closepos=np.where(rng_>1e-9,(c-l)/rng_,0.5)
/root/BlueHorseshoe/research/indicator_screen/deepos_volume_capitulation.py:89: RuntimeWarning: invalid value encountered in divide
  rng_=h-l; closepos=np.where(rng_>1e-9,(c-l)/rng_,0.5)
/root/BlueHorseshoe/research/indicator_screen/deepos_volume_capitulation.py:89: RuntimeWarning: invalid value encountered in divide
  rng_=h-l; closepos=np.where(rng_>1e-9,(c-l)/rng_,0.5)
/root/BlueHorseshoe/research/indicator_screen/deepos_volume_capitulation.py:89: RuntimeWarning: invalid value encountered in divide
  rng_=h-l; closepos=np.where(rng_>1e-9,(c-l)/rng_,0.5)
/root/BlueHorseshoe/research/indicator_screen/deepos_volume_capitulation.py:89: RuntimeWarning: invalid value encountered in divide
  rng_=h-l; closepos=np.where(rng_>1e-9,(c-l)/rng_,0.5)
/root/BlueHorseshoe/research/indicator_screen/deepos_volume_capitulation.py:89: RuntimeWarning: invalid value encountered in divide
  rng_=h-l; closepos=np.where(rng_>1e-9,(c-l)/rng_,0.5)
/root/BlueHorseshoe/research/indicator_screen/deepos_volume_capitulation.py:89: RuntimeWarning: invalid value encountered in divide
  rng_=h-l; closepos=np.where(rng_>1e-9,(c-l)/rng_,0.5)
/root/BlueHorseshoe/research/indicator_screen/deepos_volume_capitulation.py:89: RuntimeWarning: invalid value encountered in divide
  rng_=h-l; closepos=np.where(rng_>1e-9,(c-l)/rng_,0.5)
/root/BlueHorseshoe/research/indicator_screen/deepos_volume_capitulation.py:89: RuntimeWarning: invalid value encountered in divide
  rng_=h-l; closepos=np.where(rng_>1e-9,(c-l)/rng_,0.5)
/root/BlueHorseshoe/research/indicator_screen/deepos_volume_capitulation.py:89: RuntimeWarning: invalid value encountered in divide
  rng_=h-l; closepos=np.where(rng_>1e-9,(c-l)/rng_,0.5)
/root/BlueHorseshoe/research/indicator_screen/deepos_volume_capitulation.py:89: RuntimeWarning: invalid value encountered in divide
  rng_=h-l; closepos=np.where(rng_>1e-9,(c-l)/rng_,0.5)
/root/BlueHorseshoe/research/indicator_screen/deepos_volume_capitulation.py:89: RuntimeWarning: invalid value encountered in divide
  rng_=h-l; closepos=np.where(rng_>1e-9,(c-l)/rng_,0.5)
/root/BlueHorseshoe/research/indicator_screen/deepos_volume_capitulation.py:89: RuntimeWarning: invalid value encountered in divide
  rng_=h-l; closepos=np.where(rng_>1e-9,(c-l)/rng_,0.5)
/root/BlueHorseshoe/research/indicator_screen/deepos_volume_capitulation.py:89: RuntimeWarning: invalid value encountered in divide
  rng_=h-l; closepos=np.where(rng_>1e-9,(c-l)/rng_,0.5)
/root/BlueHorseshoe/research/indicator_screen/deepos_volume_capitulation.py:89: RuntimeWarning: invalid value encountered in divide
  rng_=h-l; closepos=np.where(rng_>1e-9,(c-l)/rng_,0.5)
/root/BlueHorseshoe/research/indicator_screen/deepos_volume_capitulation.py:89: RuntimeWarning: invalid value encountered in divide
  rng_=h-l; closepos=np.where(rng_>1e-9,(c-l)/rng_,0.5)
/root/BlueHorseshoe/research/indicator_screen/deepos_volume_capitulation.py:89: RuntimeWarning: invalid value encountered in divide
  rng_=h-l; closepos=np.where(rng_>1e-9,(c-l)/rng_,0.5)
/root/BlueHorseshoe/research/indicator_screen/deepos_volume_capitulation.py:89: RuntimeWarning: invalid value encountered in divide
  rng_=h-l; closepos=np.where(rng_>1e-9,(c-l)/rng_,0.5)
/root/BlueHorseshoe/research/indicator_screen/deepos_volume_capitulation.py:89: RuntimeWarning: invalid value encountered in divide
  rng_=h-l; closepos=np.where(rng_>1e-9,(c-l)/rng_,0.5)
/root/BlueHorseshoe/research/indicator_screen/deepos_volume_capitulation.py:89: RuntimeWarning: invalid value encountered in divide
  rng_=h-l; closepos=np.where(rng_>1e-9,(c-l)/rng_,0.5)
/root/BlueHorseshoe/research/indicator_screen/deepos_volume_capitulation.py:89: RuntimeWarning: invalid value encountered in divide
  rng_=h-l; closepos=np.where(rng_>1e-9,(c-l)/rng_,0.5)
/root/BlueHorseshoe/research/indicator_screen/deepos_volume_capitulation.py:89: RuntimeWarning: invalid value encountered in divide
  rng_=h-l; closepos=np.where(rng_>1e-9,(c-l)/rng_,0.5)
/root/BlueHorseshoe/research/indicator_screen/deepos_volume_capitulation.py:89: RuntimeWarning: invalid value encountered in divide
  rng_=h-l; closepos=np.where(rng_>1e-9,(c-l)/rng_,0.5)
/root/BlueHorseshoe/research/indicator_screen/deepos_volume_capitulation.py:89: RuntimeWarning: invalid value encountered in divide
  rng_=h-l; closepos=np.where(rng_>1e-9,(c-l)/rng_,0.5)
/root/BlueHorseshoe/research/indicator_screen/deepos_volume_capitulation.py:89: RuntimeWarning: invalid value encountered in divide
  rng_=h-l; closepos=np.where(rng_>1e-9,(c-l)/rng_,0.5)
/root/BlueHorseshoe/research/indicator_screen/deepos_volume_capitulation.py:89: RuntimeWarning: invalid value encountered in divide
  rng_=h-l; closepos=np.where(rng_>1e-9,(c-l)/rng_,0.5)
/root/BlueHorseshoe/research/indicator_screen/deepos_volume_capitulation.py:89: RuntimeWarning: invalid value encountered in divide
  rng_=h-l; closepos=np.where(rng_>1e-9,(c-l)/rng_,0.5)
/root/BlueHorseshoe/research/indicator_screen/deepos_volume_capitulation.py:89: RuntimeWarning: invalid value encountered in divide
  rng_=h-l; closepos=np.where(rng_>1e-9,(c-l)/rng_,0.5)
/root/BlueHorseshoe/research/indicator_screen/deepos_volume_capitulation.py:89: RuntimeWarning: invalid value encountered in divide
  rng_=h-l; closepos=np.where(rng_>1e-9,(c-l)/rng_,0.5)
/root/BlueHorseshoe/research/indicator_screen/deepos_volume_capitulation.py:89: RuntimeWarning: invalid value encountered in divide
  rng_=h-l; closepos=np.where(rng_>1e-9,(c-l)/rng_,0.5)
/root/BlueHorseshoe/research/indicator_screen/deepos_volume_capitulation.py:89: RuntimeWarning: invalid value encountered in divide
  rng_=h-l; closepos=np.where(rng_>1e-9,(c-l)/rng_,0.5)
/root/BlueHorseshoe/research/indicator_screen/deepos_volume_capitulation.py:89: RuntimeWarning: invalid value encountered in divide
  rng_=h-l; closepos=np.where(rng_>1e-9,(c-l)/rng_,0.5)
/root/BlueHorseshoe/research/indicator_screen/deepos_volume_capitulation.py:89: RuntimeWarning: invalid value encountered in divide
  rng_=h-l; closepos=np.where(rng_>1e-9,(c-l)/rng_,0.5)
/root/BlueHorseshoe/research/indicator_screen/deepos_volume_capitulation.py:89: RuntimeWarning: invalid value encountered in divide
  rng_=h-l; closepos=np.where(rng_>1e-9,(c-l)/rng_,0.5)
/root/BlueHorseshoe/research/indicator_screen/deepos_volume_capitulation.py:89: RuntimeWarning: invalid value encountered in divide
  rng_=h-l; closepos=np.where(rng_>1e-9,(c-l)/rng_,0.5)
/root/BlueHorseshoe/research/indicator_screen/deepos_volume_capitulation.py:89: RuntimeWarning: invalid value encountered in divide
  rng_=h-l; closepos=np.where(rng_>1e-9,(c-l)/rng_,0.5)
/root/BlueHorseshoe/research/indicator_screen/deepos_volume_capitulation.py:89: RuntimeWarning: invalid value encountered in divide
  rng_=h-l; closepos=np.where(rng_>1e-9,(c-l)/rng_,0.5)
/root/BlueHorseshoe/research/indicator_screen/deepos_volume_capitulation.py:89: RuntimeWarning: invalid value encountered in divide
  rng_=h-l; closepos=np.where(rng_>1e-9,(c-l)/rng_,0.5)
/root/BlueHorseshoe/research/indicator_screen/deepos_volume_capitulation.py:89: RuntimeWarning: invalid value encountered in divide
  rng_=h-l; closepos=np.where(rng_>1e-9,(c-l)/rng_,0.5)
/root/BlueHorseshoe/research/indicator_screen/deepos_volume_capitulation.py:89: RuntimeWarning: invalid value encountered in divide
  rng_=h-l; closepos=np.where(rng_>1e-9,(c-l)/rng_,0.5)
/root/BlueHorseshoe/research/indicator_screen/deepos_volume_capitulation.py:89: RuntimeWarning: invalid value encountered in divide
  rng_=h-l; closepos=np.where(rng_>1e-9,(c-l)/rng_,0.5)
/root/BlueHorseshoe/research/indicator_screen/deepos_volume_capitulation.py:89: RuntimeWarning: invalid value encountered in divide
  rng_=h-l; closepos=np.where(rng_>1e-9,(c-l)/rng_,0.5)
/root/BlueHorseshoe/research/indicator_screen/deepos_volume_capitulation.py:89: RuntimeWarning: invalid value encountered in divide
  rng_=h-l; closepos=np.where(rng_>1e-9,(c-l)/rng_,0.5)
/root/BlueHorseshoe/research/indicator_screen/deepos_volume_capitulation.py:89: RuntimeWarning: invalid value encountered in divide
  rng_=h-l; closepos=np.where(rng_>1e-9,(c-l)/rng_,0.5)
/root/BlueHorseshoe/research/indicator_screen/deepos_volume_capitulation.py:89: RuntimeWarning: invalid value encountered in divide
  rng_=h-l; closepos=np.where(rng_>1e-9,(c-l)/rng_,0.5)
/root/BlueHorseshoe/research/indicator_screen/deepos_volume_capitulation.py:89: RuntimeWarning: invalid value encountered in divide
  rng_=h-l; closepos=np.where(rng_>1e-9,(c-l)/rng_,0.5)
/root/BlueHorseshoe/research/indicator_screen/deepos_volume_capitulation.py:89: RuntimeWarning: invalid value encountered in divide
  rng_=h-l; closepos=np.where(rng_>1e-9,(c-l)/rng_,0.5)
/root/BlueHorseshoe/research/indicator_screen/deepos_volume_capitulation.py:89: RuntimeWarning: invalid value encountered in divide
  rng_=h-l; closepos=np.where(rng_>1e-9,(c-l)/rng_,0.5)
/root/BlueHorseshoe/research/indicator_screen/deepos_volume_capitulation.py:89: RuntimeWarning: invalid value encountered in divide
  rng_=h-l; closepos=np.where(rng_>1e-9,(c-l)/rng_,0.5)
/root/BlueHorseshoe/research/indicator_screen/deepos_volume_capitulation.py:89: RuntimeWarning: invalid value encountered in divide
  rng_=h-l; closepos=np.where(rng_>1e-9,(c-l)/rng_,0.5)
/root/BlueHorseshoe/research/indicator_screen/deepos_volume_capitulation.py:89: RuntimeWarning: invalid value encountered in divide
  rng_=h-l; closepos=np.where(rng_>1e-9,(c-l)/rng_,0.5)
/root/BlueHorseshoe/research/indicator_screen/deepos_volume_capitulation.py:89: RuntimeWarning: invalid value encountered in divide
  rng_=h-l; closepos=np.where(rng_>1e-9,(c-l)/rng_,0.5)
/root/BlueHorseshoe/research/indicator_screen/deepos_volume_capitulation.py:89: RuntimeWarning: invalid value encountered in divide
  rng_=h-l; closepos=np.where(rng_>1e-9,(c-l)/rng_,0.5)
/root/BlueHorseshoe/research/indicator_screen/deepos_volume_capitulation.py:89: RuntimeWarning: invalid value encountered in divide
  rng_=h-l; closepos=np.where(rng_>1e-9,(c-l)/rng_,0.5)
/root/BlueHorseshoe/research/indicator_screen/deepos_volume_capitulation.py:89: RuntimeWarning: invalid value encountered in divide
  rng_=h-l; closepos=np.where(rng_>1e-9,(c-l)/rng_,0.5)
/root/BlueHorseshoe/research/indicator_screen/deepos_volume_capitulation.py:89: RuntimeWarning: invalid value encountered in divide
  rng_=h-l; closepos=np.where(rng_>1e-9,(c-l)/rng_,0.5)
/root/BlueHorseshoe/research/indicator_screen/deepos_volume_capitulation.py:89: RuntimeWarning: invalid value encountered in divide
  rng_=h-l; closepos=np.where(rng_>1e-9,(c-l)/rng_,0.5)
/root/BlueHorseshoe/research/indicator_screen/deepos_volume_capitulation.py:89: RuntimeWarning: invalid value encountered in divide
  rng_=h-l; closepos=np.where(rng_>1e-9,(c-l)/rng_,0.5)
/root/BlueHorseshoe/research/indicator_screen/deepos_volume_capitulation.py:89: RuntimeWarning: invalid value encountered in divide
  rng_=h-l; closepos=np.where(rng_>1e-9,(c-l)/rng_,0.5)
/root/BlueHorseshoe/research/indicator_screen/deepos_volume_capitulation.py:89: RuntimeWarning: invalid value encountered in divide
  rng_=h-l; closepos=np.where(rng_>1e-9,(c-l)/rng_,0.5)
/root/BlueHorseshoe/research/indicator_screen/deepos_volume_capitulation.py:89: RuntimeWarning: invalid value encountered in divide
  rng_=h-l; closepos=np.where(rng_>1e-9,(c-l)/rng_,0.5)
/root/BlueHorseshoe/research/indicator_screen/deepos_volume_capitulation.py:89: RuntimeWarning: invalid value encountered in divide
  rng_=h-l; closepos=np.where(rng_>1e-9,(c-l)/rng_,0.5)
/root/BlueHorseshoe/research/indicator_screen/deepos_volume_capitulation.py:89: RuntimeWarning: invalid value encountered in divide
  rng_=h-l; closepos=np.where(rng_>1e-9,(c-l)/rng_,0.5)
/root/BlueHorseshoe/research/indicator_screen/deepos_volume_capitulation.py:89: RuntimeWarning: invalid value encountered in divide
  rng_=h-l; closepos=np.where(rng_>1e-9,(c-l)/rng_,0.5)
/root/BlueHorseshoe/research/indicator_screen/deepos_volume_capitulation.py:89: RuntimeWarning: invalid value encountered in divide
  rng_=h-l; closepos=np.where(rng_>1e-9,(c-l)/rng_,0.5)
/root/BlueHorseshoe/research/indicator_screen/deepos_volume_capitulation.py:89: RuntimeWarning: invalid value encountered in divide
  rng_=h-l; closepos=np.where(rng_>1e-9,(c-l)/rng_,0.5)
/root/BlueHorseshoe/research/indicator_screen/deepos_volume_capitulation.py:89: RuntimeWarning: invalid value encountered in divide
  rng_=h-l; closepos=np.where(rng_>1e-9,(c-l)/rng_,0.5)
/root/BlueHorseshoe/research/indicator_screen/deepos_volume_capitulation.py:89: RuntimeWarning: invalid value encountered in divide
  rng_=h-l; closepos=np.where(rng_>1e-9,(c-l)/rng_,0.5)
/root/BlueHorseshoe/research/indicator_screen/deepos_volume_capitulation.py:89: RuntimeWarning: invalid value encountered in divide
  rng_=h-l; closepos=np.where(rng_>1e-9,(c-l)/rng_,0.5)
/root/BlueHorseshoe/research/indicator_screen/deepos_volume_capitulation.py:89: RuntimeWarning: invalid value encountered in divide
  rng_=h-l; closepos=np.where(rng_>1e-9,(c-l)/rng_,0.5)
/root/BlueHorseshoe/research/indicator_screen/deepos_volume_capitulation.py:89: RuntimeWarning: invalid value encountered in divide
  rng_=h-l; closepos=np.where(rng_>1e-9,(c-l)/rng_,0.5)
/root/BlueHorseshoe/research/indicator_screen/deepos_volume_capitulation.py:89: RuntimeWarning: invalid value encountered in divide
  rng_=h-l; closepos=np.where(rng_>1e-9,(c-l)/rng_,0.5)
/root/BlueHorseshoe/research/indicator_screen/deepos_volume_capitulation.py:89: RuntimeWarning: invalid value encountered in divide
  rng_=h-l; closepos=np.where(rng_>1e-9,(c-l)/rng_,0.5)
/root/BlueHorseshoe/research/indicator_screen/deepos_volume_capitulation.py:89: RuntimeWarning: invalid value encountered in divide
  rng_=h-l; closepos=np.where(rng_>1e-9,(c-l)/rng_,0.5)
/root/BlueHorseshoe/research/indicator_screen/deepos_volume_capitulation.py:89: RuntimeWarning: invalid value encountered in divide
  rng_=h-l; closepos=np.where(rng_>1e-9,(c-l)/rng_,0.5)
/root/BlueHorseshoe/research/indicator_screen/deepos_volume_capitulation.py:89: RuntimeWarning: invalid value encountered in divide
  rng_=h-l; closepos=np.where(rng_>1e-9,(c-l)/rng_,0.5)
/root/BlueHorseshoe/research/indicator_screen/deepos_volume_capitulation.py:89: RuntimeWarning: invalid value encountered in divide
  rng_=h-l; closepos=np.where(rng_>1e-9,(c-l)/rng_,0.5)
/root/BlueHorseshoe/research/indicator_screen/deepos_volume_capitulation.py:89: RuntimeWarning: invalid value encountered in divide
  rng_=h-l; closepos=np.where(rng_>1e-9,(c-l)/rng_,0.5)
/root/BlueHorseshoe/research/indicator_screen/deepos_volume_capitulation.py:89: RuntimeWarning: invalid value encountered in divide
  rng_=h-l; closepos=np.where(rng_>1e-9,(c-l)/rng_,0.5)
/root/BlueHorseshoe/research/indicator_screen/deepos_volume_capitulation.py:89: RuntimeWarning: invalid value encountered in divide
  rng_=h-l; closepos=np.where(rng_>1e-9,(c-l)/rng_,0.5)
/root/BlueHorseshoe/research/indicator_screen/deepos_volume_capitulation.py:89: RuntimeWarning: invalid value encountered in divide
  rng_=h-l; closepos=np.where(rng_>1e-9,(c-l)/rng_,0.5)
/root/BlueHorseshoe/research/indicator_screen/deepos_volume_capitulation.py:89: RuntimeWarning: invalid value encountered in divide
  rng_=h-l; closepos=np.where(rng_>1e-9,(c-l)/rng_,0.5)
/root/BlueHorseshoe/research/indicator_screen/deepos_volume_capitulation.py:89: RuntimeWarning: invalid value encountered in divide
  rng_=h-l; closepos=np.where(rng_>1e-9,(c-l)/rng_,0.5)
/root/BlueHorseshoe/research/indicator_screen/deepos_volume_capitulation.py:89: RuntimeWarning: invalid value encountered in divide
  rng_=h-l; closepos=np.where(rng_>1e-9,(c-l)/rng_,0.5)
/root/BlueHorseshoe/research/indicator_screen/deepos_volume_capitulation.py:89: RuntimeWarning: invalid value encountered in divide
  rng_=h-l; closepos=np.where(rng_>1e-9,(c-l)/rng_,0.5)
/root/BlueHorseshoe/research/indicator_screen/deepos_volume_capitulation.py:89: RuntimeWarning: invalid value encountered in divide
  rng_=h-l; closepos=np.where(rng_>1e-9,(c-l)/rng_,0.5)
/root/BlueHorseshoe/research/indicator_screen/deepos_volume_capitulation.py:89: RuntimeWarning: invalid value encountered in divide
  rng_=h-l; closepos=np.where(rng_>1e-9,(c-l)/rng_,0.5)
/root/BlueHorseshoe/research/indicator_screen/deepos_volume_capitulation.py:89: RuntimeWarning: invalid value encountered in divide
  rng_=h-l; closepos=np.where(rng_>1e-9,(c-l)/rng_,0.5)
/root/BlueHorseshoe/research/indicator_screen/deepos_volume_capitulation.py:89: RuntimeWarning: invalid value encountered in divide
  rng_=h-l; closepos=np.where(rng_>1e-9,(c-l)/rng_,0.5)
/root/BlueHorseshoe/research/indicator_screen/deepos_volume_capitulation.py:89: RuntimeWarning: invalid value encountered in divide
  rng_=h-l; closepos=np.where(rng_>1e-9,(c-l)/rng_,0.5)
/root/BlueHorseshoe/research/indicator_screen/deepos_volume_capitulation.py:89: RuntimeWarning: invalid value encountered in divide
  rng_=h-l; closepos=np.where(rng_>1e-9,(c-l)/rng_,0.5)
/root/BlueHorseshoe/research/indicator_screen/deepos_volume_capitulation.py:89: RuntimeWarning: invalid value encountered in divide
  rng_=h-l; closepos=np.where(rng_>1e-9,(c-l)/rng_,0.5)
/root/BlueHorseshoe/research/indicator_screen/deepos_volume_capitulation.py:89: RuntimeWarning: invalid value encountered in divide
  rng_=h-l; closepos=np.where(rng_>1e-9,(c-l)/rng_,0.5)
/root/BlueHorseshoe/research/indicator_screen/deepos_volume_capitulation.py:89: RuntimeWarning: invalid value encountered in divide
  rng_=h-l; closepos=np.where(rng_>1e-9,(c-l)/rng_,0.5)
/root/BlueHorseshoe/research/indicator_screen/deepos_volume_capitulation.py:89: RuntimeWarning: invalid value encountered in divide
  rng_=h-l; closepos=np.where(rng_>1e-9,(c-l)/rng_,0.5)
/root/BlueHorseshoe/research/indicator_screen/deepos_volume_capitulation.py:89: RuntimeWarning: invalid value encountered in divide
  rng_=h-l; closepos=np.where(rng_>1e-9,(c-l)/rng_,0.5)
/root/BlueHorseshoe/research/indicator_screen/deepos_volume_capitulation.py:89: RuntimeWarning: invalid value encountered in divide
  rng_=h-l; closepos=np.where(rng_>1e-9,(c-l)/rng_,0.5)
/root/BlueHorseshoe/research/indicator_screen/deepos_volume_capitulation.py:89: RuntimeWarning: invalid value encountered in divide
  rng_=h-l; closepos=np.where(rng_>1e-9,(c-l)/rng_,0.5)
/root/BlueHorseshoe/research/indicator_screen/deepos_volume_capitulation.py:89: RuntimeWarning: invalid value encountered in divide
  rng_=h-l; closepos=np.where(rng_>1e-9,(c-l)/rng_,0.5)
/root/BlueHorseshoe/research/indicator_screen/deepos_volume_capitulation.py:89: RuntimeWarning: invalid value encountered in divide
  rng_=h-l; closepos=np.where(rng_>1e-9,(c-l)/rng_,0.5)
/root/BlueHorseshoe/research/indicator_screen/deepos_volume_capitulation.py:89: RuntimeWarning: invalid value encountered in divide
  rng_=h-l; closepos=np.where(rng_>1e-9,(c-l)/rng_,0.5)
/root/BlueHorseshoe/research/indicator_screen/deepos_volume_capitulation.py:89: RuntimeWarning: invalid value encountered in divide
  rng_=h-l; closepos=np.where(rng_>1e-9,(c-l)/rng_,0.5)
/root/BlueHorseshoe/research/indicator_screen/deepos_volume_capitulation.py:89: RuntimeWarning: invalid value encountered in divide
  rng_=h-l; closepos=np.where(rng_>1e-9,(c-l)/rng_,0.5)
/root/BlueHorseshoe/research/indicator_screen/deepos_volume_capitulation.py:89: RuntimeWarning: invalid value encountered in divide
  rng_=h-l; closepos=np.where(rng_>1e-9,(c-l)/rng_,0.5)
/root/BlueHorseshoe/research/indicator_screen/deepos_volume_capitulation.py:89: RuntimeWarning: invalid value encountered in divide
  rng_=h-l; closepos=np.where(rng_>1e-9,(c-l)/rng_,0.5)
/root/BlueHorseshoe/research/indicator_screen/deepos_volume_capitulation.py:89: RuntimeWarning: invalid value encountered in divide
  rng_=h-l; closepos=np.where(rng_>1e-9,(c-l)/rng_,0.5)
/root/BlueHorseshoe/research/indicator_screen/deepos_volume_capitulation.py:89: RuntimeWarning: invalid value encountered in divide
  rng_=h-l; closepos=np.where(rng_>1e-9,(c-l)/rng_,0.5)
/root/BlueHorseshoe/research/indicator_screen/deepos_volume_capitulation.py:89: RuntimeWarning: invalid value encountered in divide
  rng_=h-l; closepos=np.where(rng_>1e-9,(c-l)/rng_,0.5)
/root/BlueHorseshoe/research/indicator_screen/deepos_volume_capitulation.py:89: RuntimeWarning: invalid value encountered in divide
  rng_=h-l; closepos=np.where(rng_>1e-9,(c-l)/rng_,0.5)
/root/BlueHorseshoe/research/indicator_screen/deepos_volume_capitulation.py:89: RuntimeWarning: invalid value encountered in divide
  rng_=h-l; closepos=np.where(rng_>1e-9,(c-l)/rng_,0.5)
/root/BlueHorseshoe/research/indicator_screen/deepos_volume_capitulation.py:89: RuntimeWarning: invalid value encountered in divide
  rng_=h-l; closepos=np.where(rng_>1e-9,(c-l)/rng_,0.5)
/root/BlueHorseshoe/research/indicator_screen/deepos_volume_capitulation.py:89: RuntimeWarning: invalid value encountered in divide
  rng_=h-l; closepos=np.where(rng_>1e-9,(c-l)/rng_,0.5)
/root/BlueHorseshoe/research/indicator_screen/deepos_volume_capitulation.py:89: RuntimeWarning: invalid value encountered in divide
  rng_=h-l; closepos=np.where(rng_>1e-9,(c-l)/rng_,0.5)
/root/BlueHorseshoe/research/indicator_screen/deepos_volume_capitulation.py:89: RuntimeWarning: invalid value encountered in divide
  rng_=h-l; closepos=np.where(rng_>1e-9,(c-l)/rng_,0.5)
/root/BlueHorseshoe/research/indicator_screen/deepos_volume_capitulation.py:89: RuntimeWarning: invalid value encountered in divide
  rng_=h-l; closepos=np.where(rng_>1e-9,(c-l)/rng_,0.5)
/root/BlueHorseshoe/research/indicator_screen/deepos_volume_capitulation.py:89: RuntimeWarning: invalid value encountered in divide
  rng_=h-l; closepos=np.where(rng_>1e-9,(c-l)/rng_,0.5)
/root/BlueHorseshoe/research/indicator_screen/deepos_volume_capitulation.py:89: RuntimeWarning: invalid value encountered in divide
  rng_=h-l; closepos=np.where(rng_>1e-9,(c-l)/rng_,0.5)
/root/BlueHorseshoe/research/indicator_screen/deepos_volume_capitulation.py:89: RuntimeWarning: invalid value encountered in divide
  rng_=h-l; closepos=np.where(rng_>1e-9,(c-l)/rng_,0.5)
/root/BlueHorseshoe/research/indicator_screen/deepos_volume_capitulation.py:89: RuntimeWarning: invalid value encountered in divide
  rng_=h-l; closepos=np.where(rng_>1e-9,(c-l)/rng_,0.5)
/root/BlueHorseshoe/research/indicator_screen/deepos_volume_capitulation.py:89: RuntimeWarning: invalid value encountered in divide
  rng_=h-l; closepos=np.where(rng_>1e-9,(c-l)/rng_,0.5)
/root/BlueHorseshoe/research/indicator_screen/deepos_volume_capitulation.py:89: RuntimeWarning: invalid value encountered in divide
  rng_=h-l; closepos=np.where(rng_>1e-9,(c-l)/rng_,0.5)
/root/BlueHorseshoe/research/indicator_screen/deepos_volume_capitulation.py:89: RuntimeWarning: invalid value encountered in divide
  rng_=h-l; closepos=np.where(rng_>1e-9,(c-l)/rng_,0.5)
/root/BlueHorseshoe/research/indicator_screen/deepos_volume_capitulation.py:89: RuntimeWarning: invalid value encountered in divide
  rng_=h-l; closepos=np.where(rng_>1e-9,(c-l)/rng_,0.5)
/root/BlueHorseshoe/research/indicator_screen/deepos_volume_capitulation.py:89: RuntimeWarning: invalid value encountered in divide
  rng_=h-l; closepos=np.where(rng_>1e-9,(c-l)/rng_,0.5)
/root/BlueHorseshoe/research/indicator_screen/deepos_volume_capitulation.py:89: RuntimeWarning: invalid value encountered in divide
  rng_=h-l; closepos=np.where(rng_>1e-9,(c-l)/rng_,0.5)
/root/BlueHorseshoe/research/indicator_screen/deepos_volume_capitulation.py:89: RuntimeWarning: invalid value encountered in divide
  rng_=h-l; closepos=np.where(rng_>1e-9,(c-l)/rng_,0.5)
/root/BlueHorseshoe/research/indicator_screen/deepos_volume_capitulation.py:89: RuntimeWarning: invalid value encountered in divide
  rng_=h-l; closepos=np.where(rng_>1e-9,(c-l)/rng_,0.5)
/root/BlueHorseshoe/research/indicator_screen/deepos_volume_capitulation.py:89: RuntimeWarning: invalid value encountered in divide
  rng_=h-l; closepos=np.where(rng_>1e-9,(c-l)/rng_,0.5)
/root/BlueHorseshoe/research/indicator_screen/deepos_volume_capitulation.py:89: RuntimeWarning: invalid value encountered in divide
  rng_=h-l; closepos=np.where(rng_>1e-9,(c-l)/rng_,0.5)
  1200/2000
/root/BlueHorseshoe/research/indicator_screen/deepos_volume_capitulation.py:89: RuntimeWarning: invalid value encountered in divide
  rng_=h-l; closepos=np.where(rng_>1e-9,(c-l)/rng_,0.5)
/root/BlueHorseshoe/research/indicator_screen/deepos_volume_capitulation.py:89: RuntimeWarning: invalid value encountered in divide
  rng_=h-l; closepos=np.where(rng_>1e-9,(c-l)/rng_,0.5)
/root/BlueHorseshoe/research/indicator_screen/deepos_volume_capitulation.py:89: RuntimeWarning: invalid value encountered in divide
  rng_=h-l; closepos=np.where(rng_>1e-9,(c-l)/rng_,0.5)
/root/BlueHorseshoe/research/indicator_screen/deepos_volume_capitulation.py:89: RuntimeWarning: invalid value encountered in divide
  rng_=h-l; closepos=np.where(rng_>1e-9,(c-l)/rng_,0.5)
/root/BlueHorseshoe/research/indicator_screen/deepos_volume_capitulation.py:89: RuntimeWarning: invalid value encountered in divide
  rng_=h-l; closepos=np.where(rng_>1e-9,(c-l)/rng_,0.5)
/root/BlueHorseshoe/research/indicator_screen/deepos_volume_capitulation.py:89: RuntimeWarning: invalid value encountered in divide
  rng_=h-l; closepos=np.where(rng_>1e-9,(c-l)/rng_,0.5)
/root/BlueHorseshoe/research/indicator_screen/deepos_volume_capitulation.py:89: RuntimeWarning: invalid value encountered in divide
  rng_=h-l; closepos=np.where(rng_>1e-9,(c-l)/rng_,0.5)
/root/BlueHorseshoe/research/indicator_screen/deepos_volume_capitulation.py:89: RuntimeWarning: invalid value encountered in divide
  rng_=h-l; closepos=np.where(rng_>1e-9,(c-l)/rng_,0.5)
/root/BlueHorseshoe/research/indicator_screen/deepos_volume_capitulation.py:89: RuntimeWarning: invalid value encountered in divide
  rng_=h-l; closepos=np.where(rng_>1e-9,(c-l)/rng_,0.5)
/root/BlueHorseshoe/research/indicator_screen/deepos_volume_capitulation.py:89: RuntimeWarning: invalid value encountered in divide
  rng_=h-l; closepos=np.where(rng_>1e-9,(c-l)/rng_,0.5)
/root/BlueHorseshoe/research/indicator_screen/deepos_volume_capitulation.py:89: RuntimeWarning: invalid value encountered in divide
  rng_=h-l; closepos=np.where(rng_>1e-9,(c-l)/rng_,0.5)
/root/BlueHorseshoe/research/indicator_screen/deepos_volume_capitulation.py:89: RuntimeWarning: invalid value encountered in divide
  rng_=h-l; closepos=np.where(rng_>1e-9,(c-l)/rng_,0.5)
/root/BlueHorseshoe/research/indicator_screen/deepos_volume_capitulation.py:89: RuntimeWarning: invalid value encountered in divide
  rng_=h-l; closepos=np.where(rng_>1e-9,(c-l)/rng_,0.5)
/root/BlueHorseshoe/research/indicator_screen/deepos_volume_capitulation.py:89: RuntimeWarning: invalid value encountered in divide
  rng_=h-l; closepos=np.where(rng_>1e-9,(c-l)/rng_,0.5)
/root/BlueHorseshoe/research/indicator_screen/deepos_volume_capitulation.py:89: RuntimeWarning: invalid value encountered in divide
  rng_=h-l; closepos=np.where(rng_>1e-9,(c-l)/rng_,0.5)
/root/BlueHorseshoe/research/indicator_screen/deepos_volume_capitulation.py:89: RuntimeWarning: invalid value encountered in divide
  rng_=h-l; closepos=np.where(rng_>1e-9,(c-l)/rng_,0.5)
/root/BlueHorseshoe/research/indicator_screen/deepos_volume_capitulation.py:89: RuntimeWarning: invalid value encountered in divide
  rng_=h-l; closepos=np.where(rng_>1e-9,(c-l)/rng_,0.5)
/root/BlueHorseshoe/research/indicator_screen/deepos_volume_capitulation.py:89: RuntimeWarning: invalid value encountered in divide
  rng_=h-l; closepos=np.where(rng_>1e-9,(c-l)/rng_,0.5)
/root/BlueHorseshoe/research/indicator_screen/deepos_volume_capitulation.py:89: RuntimeWarning: invalid value encountered in divide
  rng_=h-l; closepos=np.where(rng_>1e-9,(c-l)/rng_,0.5)
/root/BlueHorseshoe/research/indicator_screen/deepos_volume_capitulation.py:89: RuntimeWarning: invalid value encountered in divide
  rng_=h-l; closepos=np.where(rng_>1e-9,(c-l)/rng_,0.5)
/root/BlueHorseshoe/research/indicator_screen/deepos_volume_capitulation.py:89: RuntimeWarning: invalid value encountered in divide
  rng_=h-l; closepos=np.where(rng_>1e-9,(c-l)/rng_,0.5)
/root/BlueHorseshoe/research/indicator_screen/deepos_volume_capitulation.py:89: RuntimeWarning: invalid value encountered in divide
  rng_=h-l; closepos=np.where(rng_>1e-9,(c-l)/rng_,0.5)
/root/BlueHorseshoe/research/indicator_screen/deepos_volume_capitulation.py:89: RuntimeWarning: invalid value encountered in divide
  rng_=h-l; closepos=np.where(rng_>1e-9,(c-l)/rng_,0.5)
/root/BlueHorseshoe/research/indicator_screen/deepos_volume_capitulation.py:89: RuntimeWarning: invalid value encountered in divide
  rng_=h-l; closepos=np.where(rng_>1e-9,(c-l)/rng_,0.5)
/root/BlueHorseshoe/research/indicator_screen/deepos_volume_capitulation.py:89: RuntimeWarning: invalid value encountered in divide
  rng_=h-l; closepos=np.where(rng_>1e-9,(c-l)/rng_,0.5)
/root/BlueHorseshoe/research/indicator_screen/deepos_volume_capitulation.py:89: RuntimeWarning: invalid value encountered in divide
  rng_=h-l; closepos=np.where(rng_>1e-9,(c-l)/rng_,0.5)
/root/BlueHorseshoe/research/indicator_screen/deepos_volume_capitulation.py:89: RuntimeWarning: invalid value encountered in divide
  rng_=h-l; closepos=np.where(rng_>1e-9,(c-l)/rng_,0.5)
/root/BlueHorseshoe/research/indicator_screen/deepos_volume_capitulation.py:89: RuntimeWarning: invalid value encountered in divide
  rng_=h-l; closepos=np.where(rng_>1e-9,(c-l)/rng_,0.5)
/root/BlueHorseshoe/research/indicator_screen/deepos_volume_capitulation.py:89: RuntimeWarning: invalid value encountered in divide
  rng_=h-l; closepos=np.where(rng_>1e-9,(c-l)/rng_,0.5)
/root/BlueHorseshoe/research/indicator_screen/deepos_volume_capitulation.py:89: RuntimeWarning: invalid value encountered in divide
  rng_=h-l; closepos=np.where(rng_>1e-9,(c-l)/rng_,0.5)
/root/BlueHorseshoe/research/indicator_screen/deepos_volume_capitulation.py:89: RuntimeWarning: invalid value encountered in divide
  rng_=h-l; closepos=np.where(rng_>1e-9,(c-l)/rng_,0.5)
/root/BlueHorseshoe/research/indicator_screen/deepos_volume_capitulation.py:89: RuntimeWarning: invalid value encountered in divide
  rng_=h-l; closepos=np.where(rng_>1e-9,(c-l)/rng_,0.5)
/root/BlueHorseshoe/research/indicator_screen/deepos_volume_capitulation.py:89: RuntimeWarning: invalid value encountered in divide
  rng_=h-l; closepos=np.where(rng_>1e-9,(c-l)/rng_,0.5)
/root/BlueHorseshoe/research/indicator_screen/deepos_volume_capitulation.py:89: RuntimeWarning: invalid value encountered in divide
  rng_=h-l; closepos=np.where(rng_>1e-9,(c-l)/rng_,0.5)
/root/BlueHorseshoe/research/indicator_screen/deepos_volume_capitulation.py:89: RuntimeWarning: invalid value encountered in divide
  rng_=h-l; closepos=np.where(rng_>1e-9,(c-l)/rng_,0.5)
/root/BlueHorseshoe/research/indicator_screen/deepos_volume_capitulation.py:89: RuntimeWarning: invalid value encountered in divide
  rng_=h-l; closepos=np.where(rng_>1e-9,(c-l)/rng_,0.5)
/root/BlueHorseshoe/research/indicator_screen/deepos_volume_capitulation.py:89: RuntimeWarning: invalid value encountered in divide
  rng_=h-l; closepos=np.where(rng_>1e-9,(c-l)/rng_,0.5)
/root/BlueHorseshoe/research/indicator_screen/deepos_volume_capitulation.py:89: RuntimeWarning: invalid value encountered in divide
  rng_=h-l; closepos=np.where(rng_>1e-9,(c-l)/rng_,0.5)
/root/BlueHorseshoe/research/indicator_screen/deepos_volume_capitulation.py:89: RuntimeWarning: invalid value encountered in divide
  rng_=h-l; closepos=np.where(rng_>1e-9,(c-l)/rng_,0.5)
/root/BlueHorseshoe/research/indicator_screen/deepos_volume_capitulation.py:89: RuntimeWarning: invalid value encountered in divide
  rng_=h-l; closepos=np.where(rng_>1e-9,(c-l)/rng_,0.5)
/root/BlueHorseshoe/research/indicator_screen/deepos_volume_capitulation.py:89: RuntimeWarning: invalid value encountered in divide
  rng_=h-l; closepos=np.where(rng_>1e-9,(c-l)/rng_,0.5)
/root/BlueHorseshoe/research/indicator_screen/deepos_volume_capitulation.py:89: RuntimeWarning: invalid value encountered in divide
  rng_=h-l; closepos=np.where(rng_>1e-9,(c-l)/rng_,0.5)
/root/BlueHorseshoe/research/indicator_screen/deepos_volume_capitulation.py:89: RuntimeWarning: invalid value encountered in divide
  rng_=h-l; closepos=np.where(rng_>1e-9,(c-l)/rng_,0.5)
/root/BlueHorseshoe/research/indicator_screen/deepos_volume_capitulation.py:89: RuntimeWarning: invalid value encountered in divide
  rng_=h-l; closepos=np.where(rng_>1e-9,(c-l)/rng_,0.5)
/root/BlueHorseshoe/research/indicator_screen/deepos_volume_capitulation.py:89: RuntimeWarning: invalid value encountered in divide
  rng_=h-l; closepos=np.where(rng_>1e-9,(c-l)/rng_,0.5)
/root/BlueHorseshoe/research/indicator_screen/deepos_volume_capitulation.py:89: RuntimeWarning: invalid value encountered in divide
  rng_=h-l; closepos=np.where(rng_>1e-9,(c-l)/rng_,0.5)
/root/BlueHorseshoe/research/indicator_screen/deepos_volume_capitulation.py:89: RuntimeWarning: invalid value encountered in divide
  rng_=h-l; closepos=np.where(rng_>1e-9,(c-l)/rng_,0.5)
/root/BlueHorseshoe/research/indicator_screen/deepos_volume_capitulation.py:89: RuntimeWarning: invalid value encountered in divide
  rng_=h-l; closepos=np.where(rng_>1e-9,(c-l)/rng_,0.5)
/root/BlueHorseshoe/research/indicator_screen/deepos_volume_capitulation.py:89: RuntimeWarning: invalid value encountered in divide
  rng_=h-l; closepos=np.where(rng_>1e-9,(c-l)/rng_,0.5)
/root/BlueHorseshoe/research/indicator_screen/deepos_volume_capitulation.py:89: RuntimeWarning: invalid value encountered in divide
  rng_=h-l; closepos=np.where(rng_>1e-9,(c-l)/rng_,0.5)
/root/BlueHorseshoe/research/indicator_screen/deepos_volume_capitulation.py:89: RuntimeWarning: invalid value encountered in divide
  rng_=h-l; closepos=np.where(rng_>1e-9,(c-l)/rng_,0.5)
/root/BlueHorseshoe/research/indicator_screen/deepos_volume_capitulation.py:89: RuntimeWarning: invalid value encountered in divide
  rng_=h-l; closepos=np.where(rng_>1e-9,(c-l)/rng_,0.5)
/root/BlueHorseshoe/research/indicator_screen/deepos_volume_capitulation.py:89: RuntimeWarning: invalid value encountered in divide
  rng_=h-l; closepos=np.where(rng_>1e-9,(c-l)/rng_,0.5)
/root/BlueHorseshoe/research/indicator_screen/deepos_volume_capitulation.py:89: RuntimeWarning: invalid value encountered in divide
  rng_=h-l; closepos=np.where(rng_>1e-9,(c-l)/rng_,0.5)
/root/BlueHorseshoe/research/indicator_screen/deepos_volume_capitulation.py:89: RuntimeWarning: invalid value encountered in divide
  rng_=h-l; closepos=np.where(rng_>1e-9,(c-l)/rng_,0.5)
/root/BlueHorseshoe/research/indicator_screen/deepos_volume_capitulation.py:89: RuntimeWarning: invalid value encountered in divide
  rng_=h-l; closepos=np.where(rng_>1e-9,(c-l)/rng_,0.5)
/root/BlueHorseshoe/research/indicator_screen/deepos_volume_capitulation.py:89: RuntimeWarning: invalid value encountered in divide
  rng_=h-l; closepos=np.where(rng_>1e-9,(c-l)/rng_,0.5)
/root/BlueHorseshoe/research/indicator_screen/deepos_volume_capitulation.py:89: RuntimeWarning: invalid value encountered in divide
  rng_=h-l; closepos=np.where(rng_>1e-9,(c-l)/rng_,0.5)
/root/BlueHorseshoe/research/indicator_screen/deepos_volume_capitulation.py:89: RuntimeWarning: invalid value encountered in divide
  rng_=h-l; closepos=np.where(rng_>1e-9,(c-l)/rng_,0.5)
/root/BlueHorseshoe/research/indicator_screen/deepos_volume_capitulation.py:89: RuntimeWarning: invalid value encountered in divide
  rng_=h-l; closepos=np.where(rng_>1e-9,(c-l)/rng_,0.5)
/root/BlueHorseshoe/research/indicator_screen/deepos_volume_capitulation.py:89: RuntimeWarning: invalid value encountered in divide
  rng_=h-l; closepos=np.where(rng_>1e-9,(c-l)/rng_,0.5)
/root/BlueHorseshoe/research/indicator_screen/deepos_volume_capitulation.py:89: RuntimeWarning: invalid value encountered in divide
  rng_=h-l; closepos=np.where(rng_>1e-9,(c-l)/rng_,0.5)
/root/BlueHorseshoe/research/indicator_screen/deepos_volume_capitulation.py:89: RuntimeWarning: invalid value encountered in divide
  rng_=h-l; closepos=np.where(rng_>1e-9,(c-l)/rng_,0.5)
/root/BlueHorseshoe/research/indicator_screen/deepos_volume_capitulation.py:89: RuntimeWarning: invalid value encountered in divide
  rng_=h-l; closepos=np.where(rng_>1e-9,(c-l)/rng_,0.5)
/root/BlueHorseshoe/research/indicator_screen/deepos_volume_capitulation.py:89: RuntimeWarning: invalid value encountered in divide
  rng_=h-l; closepos=np.where(rng_>1e-9,(c-l)/rng_,0.5)
/root/BlueHorseshoe/research/indicator_screen/deepos_volume_capitulation.py:89: RuntimeWarning: invalid value encountered in divide
  rng_=h-l; closepos=np.where(rng_>1e-9,(c-l)/rng_,0.5)
/root/BlueHorseshoe/research/indicator_screen/deepos_volume_capitulation.py:89: RuntimeWarning: invalid value encountered in divide
  rng_=h-l; closepos=np.where(rng_>1e-9,(c-l)/rng_,0.5)
/root/BlueHorseshoe/research/indicator_screen/deepos_volume_capitulation.py:89: RuntimeWarning: invalid value encountered in divide
  rng_=h-l; closepos=np.where(rng_>1e-9,(c-l)/rng_,0.5)
/root/BlueHorseshoe/research/indicator_screen/deepos_volume_capitulation.py:89: RuntimeWarning: invalid value encountered in divide
  rng_=h-l; closepos=np.where(rng_>1e-9,(c-l)/rng_,0.5)
/root/BlueHorseshoe/research/indicator_screen/deepos_volume_capitulation.py:89: RuntimeWarning: invalid value encountered in divide
  rng_=h-l; closepos=np.where(rng_>1e-9,(c-l)/rng_,0.5)
/root/BlueHorseshoe/research/indicator_screen/deepos_volume_capitulation.py:89: RuntimeWarning: invalid value encountered in divide
  rng_=h-l; closepos=np.where(rng_>1e-9,(c-l)/rng_,0.5)
/root/BlueHorseshoe/research/indicator_screen/deepos_volume_capitulation.py:89: RuntimeWarning: invalid value encountered in divide
  rng_=h-l; closepos=np.where(rng_>1e-9,(c-l)/rng_,0.5)
/root/BlueHorseshoe/research/indicator_screen/deepos_volume_capitulation.py:89: RuntimeWarning: invalid value encountered in divide
  rng_=h-l; closepos=np.where(rng_>1e-9,(c-l)/rng_,0.5)
/root/BlueHorseshoe/research/indicator_screen/deepos_volume_capitulation.py:89: RuntimeWarning: invalid value encountered in divide
  rng_=h-l; closepos=np.where(rng_>1e-9,(c-l)/rng_,0.5)
/root/BlueHorseshoe/research/indicator_screen/deepos_volume_capitulation.py:89: RuntimeWarning: invalid value encountered in divide
  rng_=h-l; closepos=np.where(rng_>1e-9,(c-l)/rng_,0.5)
/root/BlueHorseshoe/research/indicator_screen/deepos_volume_capitulation.py:89: RuntimeWarning: invalid value encountered in divide
  rng_=h-l; closepos=np.where(rng_>1e-9,(c-l)/rng_,0.5)
/root/BlueHorseshoe/research/indicator_screen/deepos_volume_capitulation.py:89: RuntimeWarning: invalid value encountered in divide
  rng_=h-l; closepos=np.where(rng_>1e-9,(c-l)/rng_,0.5)
/root/BlueHorseshoe/research/indicator_screen/deepos_volume_capitulation.py:89: RuntimeWarning: invalid value encountered in divide
  rng_=h-l; closepos=np.where(rng_>1e-9,(c-l)/rng_,0.5)
/root/BlueHorseshoe/research/indicator_screen/deepos_volume_capitulation.py:89: RuntimeWarning: invalid value encountered in divide
  rng_=h-l; closepos=np.where(rng_>1e-9,(c-l)/rng_,0.5)
/root/BlueHorseshoe/research/indicator_screen/deepos_volume_capitulation.py:89: RuntimeWarning: invalid value encountered in divide
  rng_=h-l; closepos=np.where(rng_>1e-9,(c-l)/rng_,0.5)
/root/BlueHorseshoe/research/indicator_screen/deepos_volume_capitulation.py:89: RuntimeWarning: invalid value encountered in divide
  rng_=h-l; closepos=np.where(rng_>1e-9,(c-l)/rng_,0.5)
/root/BlueHorseshoe/research/indicator_screen/deepos_volume_capitulation.py:89: RuntimeWarning: invalid value encountered in divide
  rng_=h-l; closepos=np.where(rng_>1e-9,(c-l)/rng_,0.5)
/root/BlueHorseshoe/research/indicator_screen/deepos_volume_capitulation.py:89: RuntimeWarning: invalid value encountered in divide
  rng_=h-l; closepos=np.where(rng_>1e-9,(c-l)/rng_,0.5)
/root/BlueHorseshoe/research/indicator_screen/deepos_volume_capitulation.py:89: RuntimeWarning: invalid value encountered in divide
  rng_=h-l; closepos=np.where(rng_>1e-9,(c-l)/rng_,0.5)
/root/BlueHorseshoe/research/indicator_screen/deepos_volume_capitulation.py:89: RuntimeWarning: invalid value encountered in divide
  rng_=h-l; closepos=np.where(rng_>1e-9,(c-l)/rng_,0.5)
/root/BlueHorseshoe/research/indicator_screen/deepos_volume_capitulation.py:89: RuntimeWarning: invalid value encountered in divide
  rng_=h-l; closepos=np.where(rng_>1e-9,(c-l)/rng_,0.5)
/root/BlueHorseshoe/research/indicator_screen/deepos_volume_capitulation.py:89: RuntimeWarning: invalid value encountered in divide
  rng_=h-l; closepos=np.where(rng_>1e-9,(c-l)/rng_,0.5)
/root/BlueHorseshoe/research/indicator_screen/deepos_volume_capitulation.py:89: RuntimeWarning: invalid value encountered in divide
  rng_=h-l; closepos=np.where(rng_>1e-9,(c-l)/rng_,0.5)
/root/BlueHorseshoe/research/indicator_screen/deepos_volume_capitulation.py:89: RuntimeWarning: invalid value encountered in divide
  rng_=h-l; closepos=np.where(rng_>1e-9,(c-l)/rng_,0.5)
/root/BlueHorseshoe/research/indicator_screen/deepos_volume_capitulation.py:89: RuntimeWarning: invalid value encountered in divide
  rng_=h-l; closepos=np.where(rng_>1e-9,(c-l)/rng_,0.5)
/root/BlueHorseshoe/research/indicator_screen/deepos_volume_capitulation.py:89: RuntimeWarning: invalid value encountered in divide
  rng_=h-l; closepos=np.where(rng_>1e-9,(c-l)/rng_,0.5)
/root/BlueHorseshoe/research/indicator_screen/deepos_volume_capitulation.py:89: RuntimeWarning: invalid value encountered in divide
  rng_=h-l; closepos=np.where(rng_>1e-9,(c-l)/rng_,0.5)
/root/BlueHorseshoe/research/indicator_screen/deepos_volume_capitulation.py:89: RuntimeWarning: invalid value encountered in divide
  rng_=h-l; closepos=np.where(rng_>1e-9,(c-l)/rng_,0.5)
/root/BlueHorseshoe/research/indicator_screen/deepos_volume_capitulation.py:89: RuntimeWarning: invalid value encountered in divide
  rng_=h-l; closepos=np.where(rng_>1e-9,(c-l)/rng_,0.5)
/root/BlueHorseshoe/research/indicator_screen/deepos_volume_capitulation.py:89: RuntimeWarning: invalid value encountered in divide
  rng_=h-l; closepos=np.where(rng_>1e-9,(c-l)/rng_,0.5)
/root/BlueHorseshoe/research/indicator_screen/deepos_volume_capitulation.py:89: RuntimeWarning: invalid value encountered in divide
  rng_=h-l; closepos=np.where(rng_>1e-9,(c-l)/rng_,0.5)
/root/BlueHorseshoe/research/indicator_screen/deepos_volume_capitulation.py:89: RuntimeWarning: invalid value encountered in divide
  rng_=h-l; closepos=np.where(rng_>1e-9,(c-l)/rng_,0.5)
/root/BlueHorseshoe/research/indicator_screen/deepos_volume_capitulation.py:89: RuntimeWarning: invalid value encountered in divide
  rng_=h-l; closepos=np.where(rng_>1e-9,(c-l)/rng_,0.5)
/root/BlueHorseshoe/research/indicator_screen/deepos_volume_capitulation.py:89: RuntimeWarning: invalid value encountered in divide
  rng_=h-l; closepos=np.where(rng_>1e-9,(c-l)/rng_,0.5)
/root/BlueHorseshoe/research/indicator_screen/deepos_volume_capitulation.py:89: RuntimeWarning: invalid value encountered in divide
  rng_=h-l; closepos=np.where(rng_>1e-9,(c-l)/rng_,0.5)
/root/BlueHorseshoe/research/indicator_screen/deepos_volume_capitulation.py:89: RuntimeWarning: invalid value encountered in divide
  rng_=h-l; closepos=np.where(rng_>1e-9,(c-l)/rng_,0.5)
/root/BlueHorseshoe/research/indicator_screen/deepos_volume_capitulation.py:89: RuntimeWarning: invalid value encountered in divide
  rng_=h-l; closepos=np.where(rng_>1e-9,(c-l)/rng_,0.5)
/root/BlueHorseshoe/research/indicator_screen/deepos_volume_capitulation.py:89: RuntimeWarning: invalid value encountered in divide
  rng_=h-l; closepos=np.where(rng_>1e-9,(c-l)/rng_,0.5)
/root/BlueHorseshoe/research/indicator_screen/deepos_volume_capitulation.py:89: RuntimeWarning: invalid value encountered in divide
  rng_=h-l; closepos=np.where(rng_>1e-9,(c-l)/rng_,0.5)
/root/BlueHorseshoe/research/indicator_screen/deepos_volume_capitulation.py:89: RuntimeWarning: invalid value encountered in divide
  rng_=h-l; closepos=np.where(rng_>1e-9,(c-l)/rng_,0.5)
/root/BlueHorseshoe/research/indicator_screen/deepos_volume_capitulation.py:89: RuntimeWarning: invalid value encountered in divide
  rng_=h-l; closepos=np.where(rng_>1e-9,(c-l)/rng_,0.5)
/root/BlueHorseshoe/research/indicator_screen/deepos_volume_capitulation.py:89: RuntimeWarning: invalid value encountered in divide
  rng_=h-l; closepos=np.where(rng_>1e-9,(c-l)/rng_,0.5)
/root/BlueHorseshoe/research/indicator_screen/deepos_volume_capitulation.py:89: RuntimeWarning: invalid value encountered in divide
  rng_=h-l; closepos=np.where(rng_>1e-9,(c-l)/rng_,0.5)
/root/BlueHorseshoe/research/indicator_screen/deepos_volume_capitulation.py:89: RuntimeWarning: invalid value encountered in divide
  rng_=h-l; closepos=np.where(rng_>1e-9,(c-l)/rng_,0.5)
/root/BlueHorseshoe/research/indicator_screen/deepos_volume_capitulation.py:89: RuntimeWarning: invalid value encountered in divide
  rng_=h-l; closepos=np.where(rng_>1e-9,(c-l)/rng_,0.5)
/root/BlueHorseshoe/research/indicator_screen/deepos_volume_capitulation.py:89: RuntimeWarning: invalid value encountered in divide
  rng_=h-l; closepos=np.where(rng_>1e-9,(c-l)/rng_,0.5)
/root/BlueHorseshoe/research/indicator_screen/deepos_volume_capitulation.py:89: RuntimeWarning: invalid value encountered in divide
  rng_=h-l; closepos=np.where(rng_>1e-9,(c-l)/rng_,0.5)
/root/BlueHorseshoe/research/indicator_screen/deepos_volume_capitulation.py:89: RuntimeWarning: invalid value encountered in divide
  rng_=h-l; closepos=np.where(rng_>1e-9,(c-l)/rng_,0.5)
/root/BlueHorseshoe/research/indicator_screen/deepos_volume_capitulation.py:89: RuntimeWarning: invalid value encountered in divide
  rng_=h-l; closepos=np.where(rng_>1e-9,(c-l)/rng_,0.5)
/root/BlueHorseshoe/research/indicator_screen/deepos_volume_capitulation.py:89: RuntimeWarning: invalid value encountered in divide
  rng_=h-l; closepos=np.where(rng_>1e-9,(c-l)/rng_,0.5)
/root/BlueHorseshoe/research/indicator_screen/deepos_volume_capitulation.py:89: RuntimeWarning: invalid value encountered in divide
  rng_=h-l; closepos=np.where(rng_>1e-9,(c-l)/rng_,0.5)
/root/BlueHorseshoe/research/indicator_screen/deepos_volume_capitulation.py:89: RuntimeWarning: invalid value encountered in divide
  rng_=h-l; closepos=np.where(rng_>1e-9,(c-l)/rng_,0.5)
/root/BlueHorseshoe/research/indicator_screen/deepos_volume_capitulation.py:89: RuntimeWarning: invalid value encountered in divide
  rng_=h-l; closepos=np.where(rng_>1e-9,(c-l)/rng_,0.5)
/root/BlueHorseshoe/research/indicator_screen/deepos_volume_capitulation.py:89: RuntimeWarning: invalid value encountered in divide
  rng_=h-l; closepos=np.where(rng_>1e-9,(c-l)/rng_,0.5)
/root/BlueHorseshoe/research/indicator_screen/deepos_volume_capitulation.py:89: RuntimeWarning: invalid value encountered in divide
  rng_=h-l; closepos=np.where(rng_>1e-9,(c-l)/rng_,0.5)
/root/BlueHorseshoe/research/indicator_screen/deepos_volume_capitulation.py:89: RuntimeWarning: invalid value encountered in divide
  rng_=h-l; closepos=np.where(rng_>1e-9,(c-l)/rng_,0.5)
/root/BlueHorseshoe/research/indicator_screen/deepos_volume_capitulation.py:89: RuntimeWarning: invalid value encountered in divide
  rng_=h-l; closepos=np.where(rng_>1e-9,(c-l)/rng_,0.5)
/root/BlueHorseshoe/research/indicator_screen/deepos_volume_capitulation.py:89: RuntimeWarning: invalid value encountered in divide
  rng_=h-l; closepos=np.where(rng_>1e-9,(c-l)/rng_,0.5)
/root/BlueHorseshoe/research/indicator_screen/deepos_volume_capitulation.py:89: RuntimeWarning: invalid value encountered in divide
  rng_=h-l; closepos=np.where(rng_>1e-9,(c-l)/rng_,0.5)
/root/BlueHorseshoe/research/indicator_screen/deepos_volume_capitulation.py:89: RuntimeWarning: invalid value encountered in divide
  rng_=h-l; closepos=np.where(rng_>1e-9,(c-l)/rng_,0.5)
/root/BlueHorseshoe/research/indicator_screen/deepos_volume_capitulation.py:89: RuntimeWarning: invalid value encountered in divide
  rng_=h-l; closepos=np.where(rng_>1e-9,(c-l)/rng_,0.5)
/root/BlueHorseshoe/research/indicator_screen/deepos_volume_capitulation.py:89: RuntimeWarning: invalid value encountered in divide
  rng_=h-l; closepos=np.where(rng_>1e-9,(c-l)/rng_,0.5)
/root/BlueHorseshoe/research/indicator_screen/deepos_volume_capitulation.py:89: RuntimeWarning: invalid value encountered in divide
  rng_=h-l; closepos=np.where(rng_>1e-9,(c-l)/rng_,0.5)
/root/BlueHorseshoe/research/indicator_screen/deepos_volume_capitulation.py:89: RuntimeWarning: invalid value encountered in divide
  rng_=h-l; closepos=np.where(rng_>1e-9,(c-l)/rng_,0.5)
/root/BlueHorseshoe/research/indicator_screen/deepos_volume_capitulation.py:89: RuntimeWarning: invalid value encountered in divide
  rng_=h-l; closepos=np.where(rng_>1e-9,(c-l)/rng_,0.5)
/root/BlueHorseshoe/research/indicator_screen/deepos_volume_capitulation.py:89: RuntimeWarning: invalid value encountered in divide
  rng_=h-l; closepos=np.where(rng_>1e-9,(c-l)/rng_,0.5)
/root/BlueHorseshoe/research/indicator_screen/deepos_volume_capitulation.py:89: RuntimeWarning: invalid value encountered in divide
  rng_=h-l; closepos=np.where(rng_>1e-9,(c-l)/rng_,0.5)
/root/BlueHorseshoe/research/indicator_screen/deepos_volume_capitulation.py:89: RuntimeWarning: invalid value encountered in divide
  rng_=h-l; closepos=np.where(rng_>1e-9,(c-l)/rng_,0.5)
/root/BlueHorseshoe/research/indicator_screen/deepos_volume_capitulation.py:89: RuntimeWarning: invalid value encountered in divide
  rng_=h-l; closepos=np.where(rng_>1e-9,(c-l)/rng_,0.5)
/root/BlueHorseshoe/research/indicator_screen/deepos_volume_capitulation.py:89: RuntimeWarning: invalid value encountered in divide
  rng_=h-l; closepos=np.where(rng_>1e-9,(c-l)/rng_,0.5)
/root/BlueHorseshoe/research/indicator_screen/deepos_volume_capitulation.py:89: RuntimeWarning: invalid value encountered in divide
  rng_=h-l; closepos=np.where(rng_>1e-9,(c-l)/rng_,0.5)
/root/BlueHorseshoe/research/indicator_screen/deepos_volume_capitulation.py:89: RuntimeWarning: invalid value encountered in divide
  rng_=h-l; closepos=np.where(rng_>1e-9,(c-l)/rng_,0.5)
/root/BlueHorseshoe/research/indicator_screen/deepos_volume_capitulation.py:89: RuntimeWarning: invalid value encountered in divide
  rng_=h-l; closepos=np.where(rng_>1e-9,(c-l)/rng_,0.5)
/root/BlueHorseshoe/research/indicator_screen/deepos_volume_capitulation.py:89: RuntimeWarning: invalid value encountered in divide
  rng_=h-l; closepos=np.where(rng_>1e-9,(c-l)/rng_,0.5)
/root/BlueHorseshoe/research/indicator_screen/deepos_volume_capitulation.py:89: RuntimeWarning: invalid value encountered in divide
  rng_=h-l; closepos=np.where(rng_>1e-9,(c-l)/rng_,0.5)
/root/BlueHorseshoe/research/indicator_screen/deepos_volume_capitulation.py:89: RuntimeWarning: invalid value encountered in divide
  rng_=h-l; closepos=np.where(rng_>1e-9,(c-l)/rng_,0.5)
/root/BlueHorseshoe/research/indicator_screen/deepos_volume_capitulation.py:89: RuntimeWarning: invalid value encountered in divide
  rng_=h-l; closepos=np.where(rng_>1e-9,(c-l)/rng_,0.5)
/root/BlueHorseshoe/research/indicator_screen/deepos_volume_capitulation.py:89: RuntimeWarning: invalid value encountered in divide
  rng_=h-l; closepos=np.where(rng_>1e-9,(c-l)/rng_,0.5)
/root/BlueHorseshoe/research/indicator_screen/deepos_volume_capitulation.py:89: RuntimeWarning: invalid value encountered in divide
  rng_=h-l; closepos=np.where(rng_>1e-9,(c-l)/rng_,0.5)
/root/BlueHorseshoe/research/indicator_screen/deepos_volume_capitulation.py:89: RuntimeWarning: invalid value encountered in divide
  rng_=h-l; closepos=np.where(rng_>1e-9,(c-l)/rng_,0.5)
/root/BlueHorseshoe/research/indicator_screen/deepos_volume_capitulation.py:89: RuntimeWarning: invalid value encountered in divide
  rng_=h-l; closepos=np.where(rng_>1e-9,(c-l)/rng_,0.5)
/root/BlueHorseshoe/research/indicator_screen/deepos_volume_capitulation.py:89: RuntimeWarning: invalid value encountered in divide
  rng_=h-l; closepos=np.where(rng_>1e-9,(c-l)/rng_,0.5)
/root/BlueHorseshoe/research/indicator_screen/deepos_volume_capitulation.py:89: RuntimeWarning: invalid value encountered in divide
  rng_=h-l; closepos=np.where(rng_>1e-9,(c-l)/rng_,0.5)
/root/BlueHorseshoe/research/indicator_screen/deepos_volume_capitulation.py:89: RuntimeWarning: invalid value encountered in divide
  rng_=h-l; closepos=np.where(rng_>1e-9,(c-l)/rng_,0.5)
/root/BlueHorseshoe/research/indicator_screen/deepos_volume_capitulation.py:89: RuntimeWarning: invalid value encountered in divide
  rng_=h-l; closepos=np.where(rng_>1e-9,(c-l)/rng_,0.5)
/root/BlueHorseshoe/research/indicator_screen/deepos_volume_capitulation.py:89: RuntimeWarning: invalid value encountered in divide
  rng_=h-l; closepos=np.where(rng_>1e-9,(c-l)/rng_,0.5)
/root/BlueHorseshoe/research/indicator_screen/deepos_volume_capitulation.py:89: RuntimeWarning: invalid value encountered in divide
  rng_=h-l; closepos=np.where(rng_>1e-9,(c-l)/rng_,0.5)
/root/BlueHorseshoe/research/indicator_screen/deepos_volume_capitulation.py:89: RuntimeWarning: invalid value encountered in divide
  rng_=h-l; closepos=np.where(rng_>1e-9,(c-l)/rng_,0.5)
/root/BlueHorseshoe/research/indicator_screen/deepos_volume_capitulation.py:89: RuntimeWarning: invalid value encountered in divide
  rng_=h-l; closepos=np.where(rng_>1e-9,(c-l)/rng_,0.5)
/root/BlueHorseshoe/research/indicator_screen/deepos_volume_capitulation.py:89: RuntimeWarning: invalid value encountered in divide
  rng_=h-l; closepos=np.where(rng_>1e-9,(c-l)/rng_,0.5)
/root/BlueHorseshoe/research/indicator_screen/deepos_volume_capitulation.py:89: RuntimeWarning: invalid value encountered in divide
  rng_=h-l; closepos=np.where(rng_>1e-9,(c-l)/rng_,0.5)
/root/BlueHorseshoe/research/indicator_screen/deepos_volume_capitulation.py:89: RuntimeWarning: invalid value encountered in divide
  rng_=h-l; closepos=np.where(rng_>1e-9,(c-l)/rng_,0.5)
/root/BlueHorseshoe/research/indicator_screen/deepos_volume_capitulation.py:89: RuntimeWarning: invalid value encountered in divide
  rng_=h-l; closepos=np.where(rng_>1e-9,(c-l)/rng_,0.5)
/root/BlueHorseshoe/research/indicator_screen/deepos_volume_capitulation.py:89: RuntimeWarning: invalid value encountered in divide
  rng_=h-l; closepos=np.where(rng_>1e-9,(c-l)/rng_,0.5)
/root/BlueHorseshoe/research/indicator_screen/deepos_volume_capitulation.py:89: RuntimeWarning: invalid value encountered in divide
  rng_=h-l; closepos=np.where(rng_>1e-9,(c-l)/rng_,0.5)
/root/BlueHorseshoe/research/indicator_screen/deepos_volume_capitulation.py:89: RuntimeWarning: invalid value encountered in divide
  rng_=h-l; closepos=np.where(rng_>1e-9,(c-l)/rng_,0.5)
/root/BlueHorseshoe/research/indicator_screen/deepos_volume_capitulation.py:89: RuntimeWarning: invalid value encountered in divide
  rng_=h-l; closepos=np.where(rng_>1e-9,(c-l)/rng_,0.5)
/root/BlueHorseshoe/research/indicator_screen/deepos_volume_capitulation.py:89: RuntimeWarning: invalid value encountered in divide
  rng_=h-l; closepos=np.where(rng_>1e-9,(c-l)/rng_,0.5)
/root/BlueHorseshoe/research/indicator_screen/deepos_volume_capitulation.py:89: RuntimeWarning: invalid value encountered in divide
  rng_=h-l; closepos=np.where(rng_>1e-9,(c-l)/rng_,0.5)
/root/BlueHorseshoe/research/indicator_screen/deepos_volume_capitulation.py:89: RuntimeWarning: invalid value encountered in divide
  rng_=h-l; closepos=np.where(rng_>1e-9,(c-l)/rng_,0.5)
/root/BlueHorseshoe/research/indicator_screen/deepos_volume_capitulation.py:89: RuntimeWarning: invalid value encountered in divide
  rng_=h-l; closepos=np.where(rng_>1e-9,(c-l)/rng_,0.5)
/root/BlueHorseshoe/research/indicator_screen/deepos_volume_capitulation.py:89: RuntimeWarning: invalid value encountered in divide
  rng_=h-l; closepos=np.where(rng_>1e-9,(c-l)/rng_,0.5)
/root/BlueHorseshoe/research/indicator_screen/deepos_volume_capitulation.py:89: RuntimeWarning: invalid value encountered in divide
  rng_=h-l; closepos=np.where(rng_>1e-9,(c-l)/rng_,0.5)
/root/BlueHorseshoe/research/indicator_screen/deepos_volume_capitulation.py:89: RuntimeWarning: invalid value encountered in divide
  rng_=h-l; closepos=np.where(rng_>1e-9,(c-l)/rng_,0.5)
/root/BlueHorseshoe/research/indicator_screen/deepos_volume_capitulation.py:89: RuntimeWarning: invalid value encountered in divide
  rng_=h-l; closepos=np.where(rng_>1e-9,(c-l)/rng_,0.5)
/root/BlueHorseshoe/research/indicator_screen/deepos_volume_capitulation.py:89: RuntimeWarning: invalid value encountered in divide
  rng_=h-l; closepos=np.where(rng_>1e-9,(c-l)/rng_,0.5)
/root/BlueHorseshoe/research/indicator_screen/deepos_volume_capitulation.py:89: RuntimeWarning: invalid value encountered in divide
  rng_=h-l; closepos=np.where(rng_>1e-9,(c-l)/rng_,0.5)
/root/BlueHorseshoe/research/indicator_screen/deepos_volume_capitulation.py:89: RuntimeWarning: invalid value encountered in divide
  rng_=h-l; closepos=np.where(rng_>1e-9,(c-l)/rng_,0.5)
/root/BlueHorseshoe/research/indicator_screen/deepos_volume_capitulation.py:89: RuntimeWarning: invalid value encountered in divide
  rng_=h-l; closepos=np.where(rng_>1e-9,(c-l)/rng_,0.5)
/root/BlueHorseshoe/research/indicator_screen/deepos_volume_capitulation.py:89: RuntimeWarning: invalid value encountered in divide
  rng_=h-l; closepos=np.where(rng_>1e-9,(c-l)/rng_,0.5)
/root/BlueHorseshoe/research/indicator_screen/deepos_volume_capitulation.py:89: RuntimeWarning: invalid value encountered in divide
  rng_=h-l; closepos=np.where(rng_>1e-9,(c-l)/rng_,0.5)
/root/BlueHorseshoe/research/indicator_screen/deepos_volume_capitulation.py:89: RuntimeWarning: invalid value encountered in divide
  rng_=h-l; closepos=np.where(rng_>1e-9,(c-l)/rng_,0.5)
/root/BlueHorseshoe/research/indicator_screen/deepos_volume_capitulation.py:89: RuntimeWarning: invalid value encountered in divide
  rng_=h-l; closepos=np.where(rng_>1e-9,(c-l)/rng_,0.5)
/root/BlueHorseshoe/research/indicator_screen/deepos_volume_capitulation.py:89: RuntimeWarning: invalid value encountered in divide
  rng_=h-l; closepos=np.where(rng_>1e-9,(c-l)/rng_,0.5)
/root/BlueHorseshoe/research/indicator_screen/deepos_volume_capitulation.py:89: RuntimeWarning: invalid value encountered in divide
  rng_=h-l; closepos=np.where(rng_>1e-9,(c-l)/rng_,0.5)
/root/BlueHorseshoe/research/indicator_screen/deepos_volume_capitulation.py:89: RuntimeWarning: invalid value encountered in divide
  rng_=h-l; closepos=np.where(rng_>1e-9,(c-l)/rng_,0.5)
/root/BlueHorseshoe/research/indicator_screen/deepos_volume_capitulation.py:89: RuntimeWarning: invalid value encountered in divide
  rng_=h-l; closepos=np.where(rng_>1e-9,(c-l)/rng_,0.5)
/root/BlueHorseshoe/research/indicator_screen/deepos_volume_capitulation.py:89: RuntimeWarning: invalid value encountered in divide
  rng_=h-l; closepos=np.where(rng_>1e-9,(c-l)/rng_,0.5)
/root/BlueHorseshoe/research/indicator_screen/deepos_volume_capitulation.py:89: RuntimeWarning: invalid value encountered in divide
  rng_=h-l; closepos=np.where(rng_>1e-9,(c-l)/rng_,0.5)
  1600/2000
/root/BlueHorseshoe/research/indicator_screen/deepos_volume_capitulation.py:89: RuntimeWarning: invalid value encountered in divide
  rng_=h-l; closepos=np.where(rng_>1e-9,(c-l)/rng_,0.5)
/root/BlueHorseshoe/research/indicator_screen/deepos_volume_capitulation.py:89: RuntimeWarning: invalid value encountered in divide
  rng_=h-l; closepos=np.where(rng_>1e-9,(c-l)/rng_,0.5)
/root/BlueHorseshoe/research/indicator_screen/deepos_volume_capitulation.py:89: RuntimeWarning: invalid value encountered in divide
  rng_=h-l; closepos=np.where(rng_>1e-9,(c-l)/rng_,0.5)
/root/BlueHorseshoe/research/indicator_screen/deepos_volume_capitulation.py:89: RuntimeWarning: invalid value encountered in divide
  rng_=h-l; closepos=np.where(rng_>1e-9,(c-l)/rng_,0.5)
/root/BlueHorseshoe/research/indicator_screen/deepos_volume_capitulation.py:89: RuntimeWarning: invalid value encountered in divide
  rng_=h-l; closepos=np.where(rng_>1e-9,(c-l)/rng_,0.5)
/root/BlueHorseshoe/research/indicator_screen/deepos_volume_capitulation.py:89: RuntimeWarning: invalid value encountered in divide
  rng_=h-l; closepos=np.where(rng_>1e-9,(c-l)/rng_,0.5)
/root/BlueHorseshoe/research/indicator_screen/deepos_volume_capitulation.py:89: RuntimeWarning: invalid value encountered in divide
  rng_=h-l; closepos=np.where(rng_>1e-9,(c-l)/rng_,0.5)
/root/BlueHorseshoe/research/indicator_screen/deepos_volume_capitulation.py:89: RuntimeWarning: invalid value encountered in divide
  rng_=h-l; closepos=np.where(rng_>1e-9,(c-l)/rng_,0.5)
/root/BlueHorseshoe/research/indicator_screen/deepos_volume_capitulation.py:89: RuntimeWarning: invalid value encountered in divide
  rng_=h-l; closepos=np.where(rng_>1e-9,(c-l)/rng_,0.5)
/root/BlueHorseshoe/research/indicator_screen/deepos_volume_capitulation.py:89: RuntimeWarning: invalid value encountered in divide
  rng_=h-l; closepos=np.where(rng_>1e-9,(c-l)/rng_,0.5)
/root/BlueHorseshoe/research/indicator_screen/deepos_volume_capitulation.py:89: RuntimeWarning: invalid value encountered in divide
  rng_=h-l; closepos=np.where(rng_>1e-9,(c-l)/rng_,0.5)
/root/BlueHorseshoe/research/indicator_screen/deepos_volume_capitulation.py:89: RuntimeWarning: invalid value encountered in divide
  rng_=h-l; closepos=np.where(rng_>1e-9,(c-l)/rng_,0.5)
/root/BlueHorseshoe/research/indicator_screen/deepos_volume_capitulation.py:89: RuntimeWarning: invalid value encountered in divide
  rng_=h-l; closepos=np.where(rng_>1e-9,(c-l)/rng_,0.5)
/root/BlueHorseshoe/research/indicator_screen/deepos_volume_capitulation.py:89: RuntimeWarning: invalid value encountered in divide
  rng_=h-l; closepos=np.where(rng_>1e-9,(c-l)/rng_,0.5)
/root/BlueHorseshoe/research/indicator_screen/deepos_volume_capitulation.py:89: RuntimeWarning: invalid value encountered in divide
  rng_=h-l; closepos=np.where(rng_>1e-9,(c-l)/rng_,0.5)
/root/BlueHorseshoe/research/indicator_screen/deepos_volume_capitulation.py:89: RuntimeWarning: invalid value encountered in divide
  rng_=h-l; closepos=np.where(rng_>1e-9,(c-l)/rng_,0.5)
/root/BlueHorseshoe/research/indicator_screen/deepos_volume_capitulation.py:89: RuntimeWarning: invalid value encountered in divide
  rng_=h-l; closepos=np.where(rng_>1e-9,(c-l)/rng_,0.5)
/root/BlueHorseshoe/research/indicator_screen/deepos_volume_capitulation.py:89: RuntimeWarning: invalid value encountered in divide
  rng_=h-l; closepos=np.where(rng_>1e-9,(c-l)/rng_,0.5)
/root/BlueHorseshoe/research/indicator_screen/deepos_volume_capitulation.py:89: RuntimeWarning: invalid value encountered in divide
  rng_=h-l; closepos=np.where(rng_>1e-9,(c-l)/rng_,0.5)
/root/BlueHorseshoe/research/indicator_screen/deepos_volume_capitulation.py:89: RuntimeWarning: invalid value encountered in divide
  rng_=h-l; closepos=np.where(rng_>1e-9,(c-l)/rng_,0.5)
/root/BlueHorseshoe/research/indicator_screen/deepos_volume_capitulation.py:89: RuntimeWarning: invalid value encountered in divide
  rng_=h-l; closepos=np.where(rng_>1e-9,(c-l)/rng_,0.5)
/root/BlueHorseshoe/research/indicator_screen/deepos_volume_capitulation.py:89: RuntimeWarning: invalid value encountered in divide
  rng_=h-l; closepos=np.where(rng_>1e-9,(c-l)/rng_,0.5)
/root/BlueHorseshoe/research/indicator_screen/deepos_volume_capitulation.py:89: RuntimeWarning: invalid value encountered in divide
  rng_=h-l; closepos=np.where(rng_>1e-9,(c-l)/rng_,0.5)
/root/BlueHorseshoe/research/indicator_screen/deepos_volume_capitulation.py:89: RuntimeWarning: invalid value encountered in divide
  rng_=h-l; closepos=np.where(rng_>1e-9,(c-l)/rng_,0.5)
/root/BlueHorseshoe/research/indicator_screen/deepos_volume_capitulation.py:89: RuntimeWarning: invalid value encountered in divide
  rng_=h-l; closepos=np.where(rng_>1e-9,(c-l)/rng_,0.5)
/root/BlueHorseshoe/research/indicator_screen/deepos_volume_capitulation.py:89: RuntimeWarning: invalid value encountered in divide
  rng_=h-l; closepos=np.where(rng_>1e-9,(c-l)/rng_,0.5)
/root/BlueHorseshoe/research/indicator_screen/deepos_volume_capitulation.py:89: RuntimeWarning: invalid value encountered in divide
  rng_=h-l; closepos=np.where(rng_>1e-9,(c-l)/rng_,0.5)
/root/BlueHorseshoe/research/indicator_screen/deepos_volume_capitulation.py:89: RuntimeWarning: invalid value encountered in divide
  rng_=h-l; closepos=np.where(rng_>1e-9,(c-l)/rng_,0.5)
/root/BlueHorseshoe/research/indicator_screen/deepos_volume_capitulation.py:89: RuntimeWarning: invalid value encountered in divide
  rng_=h-l; closepos=np.where(rng_>1e-9,(c-l)/rng_,0.5)
/root/BlueHorseshoe/research/indicator_screen/deepos_volume_capitulation.py:89: RuntimeWarning: invalid value encountered in divide
  rng_=h-l; closepos=np.where(rng_>1e-9,(c-l)/rng_,0.5)
/root/BlueHorseshoe/research/indicator_screen/deepos_volume_capitulation.py:89: RuntimeWarning: invalid value encountered in divide
  rng_=h-l; closepos=np.where(rng_>1e-9,(c-l)/rng_,0.5)
/root/BlueHorseshoe/research/indicator_screen/deepos_volume_capitulation.py:89: RuntimeWarning: invalid value encountered in divide
  rng_=h-l; closepos=np.where(rng_>1e-9,(c-l)/rng_,0.5)
/root/BlueHorseshoe/research/indicator_screen/deepos_volume_capitulation.py:89: RuntimeWarning: invalid value encountered in divide
  rng_=h-l; closepos=np.where(rng_>1e-9,(c-l)/rng_,0.5)
/root/BlueHorseshoe/research/indicator_screen/deepos_volume_capitulation.py:89: RuntimeWarning: invalid value encountered in divide
  rng_=h-l; closepos=np.where(rng_>1e-9,(c-l)/rng_,0.5)
/root/BlueHorseshoe/research/indicator_screen/deepos_volume_capitulation.py:89: RuntimeWarning: invalid value encountered in divide
  rng_=h-l; closepos=np.where(rng_>1e-9,(c-l)/rng_,0.5)
/root/BlueHorseshoe/research/indicator_screen/deepos_volume_capitulation.py:89: RuntimeWarning: invalid value encountered in divide
  rng_=h-l; closepos=np.where(rng_>1e-9,(c-l)/rng_,0.5)
/root/BlueHorseshoe/research/indicator_screen/deepos_volume_capitulation.py:89: RuntimeWarning: invalid value encountered in divide
  rng_=h-l; closepos=np.where(rng_>1e-9,(c-l)/rng_,0.5)
/root/BlueHorseshoe/research/indicator_screen/deepos_volume_capitulation.py:89: RuntimeWarning: invalid value encountered in divide
  rng_=h-l; closepos=np.where(rng_>1e-9,(c-l)/rng_,0.5)
/root/BlueHorseshoe/research/indicator_screen/deepos_volume_capitulation.py:89: RuntimeWarning: invalid value encountered in divide
  rng_=h-l; closepos=np.where(rng_>1e-9,(c-l)/rng_,0.5)
/root/BlueHorseshoe/research/indicator_screen/deepos_volume_capitulation.py:89: RuntimeWarning: invalid value encountered in divide
  rng_=h-l; closepos=np.where(rng_>1e-9,(c-l)/rng_,0.5)
/root/BlueHorseshoe/research/indicator_screen/deepos_volume_capitulation.py:89: RuntimeWarning: invalid value encountered in divide
  rng_=h-l; closepos=np.where(rng_>1e-9,(c-l)/rng_,0.5)
/root/BlueHorseshoe/research/indicator_screen/deepos_volume_capitulation.py:89: RuntimeWarning: invalid value encountered in divide
  rng_=h-l; closepos=np.where(rng_>1e-9,(c-l)/rng_,0.5)
/root/BlueHorseshoe/research/indicator_screen/deepos_volume_capitulation.py:89: RuntimeWarning: invalid value encountered in divide
  rng_=h-l; closepos=np.where(rng_>1e-9,(c-l)/rng_,0.5)
/root/BlueHorseshoe/research/indicator_screen/deepos_volume_capitulation.py:89: RuntimeWarning: invalid value encountered in divide
  rng_=h-l; closepos=np.where(rng_>1e-9,(c-l)/rng_,0.5)
/root/BlueHorseshoe/research/indicator_screen/deepos_volume_capitulation.py:89: RuntimeWarning: invalid value encountered in divide
  rng_=h-l; closepos=np.where(rng_>1e-9,(c-l)/rng_,0.5)
/root/BlueHorseshoe/research/indicator_screen/deepos_volume_capitulation.py:89: RuntimeWarning: invalid value encountered in divide
  rng_=h-l; closepos=np.where(rng_>1e-9,(c-l)/rng_,0.5)
/root/BlueHorseshoe/research/indicator_screen/deepos_volume_capitulation.py:89: RuntimeWarning: invalid value encountered in divide
  rng_=h-l; closepos=np.where(rng_>1e-9,(c-l)/rng_,0.5)
/root/BlueHorseshoe/research/indicator_screen/deepos_volume_capitulation.py:89: RuntimeWarning: invalid value encountered in divide
  rng_=h-l; closepos=np.where(rng_>1e-9,(c-l)/rng_,0.5)
/root/BlueHorseshoe/research/indicator_screen/deepos_volume_capitulation.py:89: RuntimeWarning: invalid value encountered in divide
  rng_=h-l; closepos=np.where(rng_>1e-9,(c-l)/rng_,0.5)
/root/BlueHorseshoe/research/indicator_screen/deepos_volume_capitulation.py:89: RuntimeWarning: invalid value encountered in divide
  rng_=h-l; closepos=np.where(rng_>1e-9,(c-l)/rng_,0.5)
/root/BlueHorseshoe/research/indicator_screen/deepos_volume_capitulation.py:89: RuntimeWarning: invalid value encountered in divide
  rng_=h-l; closepos=np.where(rng_>1e-9,(c-l)/rng_,0.5)
/root/BlueHorseshoe/research/indicator_screen/deepos_volume_capitulation.py:89: RuntimeWarning: invalid value encountered in divide
  rng_=h-l; closepos=np.where(rng_>1e-9,(c-l)/rng_,0.5)
/root/BlueHorseshoe/research/indicator_screen/deepos_volume_capitulation.py:89: RuntimeWarning: invalid value encountered in divide
  rng_=h-l; closepos=np.where(rng_>1e-9,(c-l)/rng_,0.5)
/root/BlueHorseshoe/research/indicator_screen/deepos_volume_capitulation.py:89: RuntimeWarning: invalid value encountered in divide
  rng_=h-l; closepos=np.where(rng_>1e-9,(c-l)/rng_,0.5)
/root/BlueHorseshoe/research/indicator_screen/deepos_volume_capitulation.py:89: RuntimeWarning: invalid value encountered in divide
  rng_=h-l; closepos=np.where(rng_>1e-9,(c-l)/rng_,0.5)
/root/BlueHorseshoe/research/indicator_screen/deepos_volume_capitulation.py:89: RuntimeWarning: invalid value encountered in divide
  rng_=h-l; closepos=np.where(rng_>1e-9,(c-l)/rng_,0.5)
/root/BlueHorseshoe/research/indicator_screen/deepos_volume_capitulation.py:89: RuntimeWarning: invalid value encountered in divide
  rng_=h-l; closepos=np.where(rng_>1e-9,(c-l)/rng_,0.5)
/root/BlueHorseshoe/research/indicator_screen/deepos_volume_capitulation.py:89: RuntimeWarning: invalid value encountered in divide
  rng_=h-l; closepos=np.where(rng_>1e-9,(c-l)/rng_,0.5)
/root/BlueHorseshoe/research/indicator_screen/deepos_volume_capitulation.py:89: RuntimeWarning: invalid value encountered in divide
  rng_=h-l; closepos=np.where(rng_>1e-9,(c-l)/rng_,0.5)
/root/BlueHorseshoe/research/indicator_screen/deepos_volume_capitulation.py:89: RuntimeWarning: divide by zero encountered in divide
  rng_=h-l; closepos=np.where(rng_>1e-9,(c-l)/rng_,0.5)
/root/BlueHorseshoe/research/indicator_screen/deepos_volume_capitulation.py:89: RuntimeWarning: invalid value encountered in divide
  rng_=h-l; closepos=np.where(rng_>1e-9,(c-l)/rng_,0.5)
/root/BlueHorseshoe/research/indicator_screen/deepos_volume_capitulation.py:89: RuntimeWarning: invalid value encountered in divide
  rng_=h-l; closepos=np.where(rng_>1e-9,(c-l)/rng_,0.5)
/root/BlueHorseshoe/research/indicator_screen/deepos_volume_capitulation.py:89: RuntimeWarning: invalid value encountered in divide
  rng_=h-l; closepos=np.where(rng_>1e-9,(c-l)/rng_,0.5)
/root/BlueHorseshoe/research/indicator_screen/deepos_volume_capitulation.py:89: RuntimeWarning: invalid value encountered in divide
  rng_=h-l; closepos=np.where(rng_>1e-9,(c-l)/rng_,0.5)
/root/BlueHorseshoe/research/indicator_screen/deepos_volume_capitulation.py:89: RuntimeWarning: invalid value encountered in divide
  rng_=h-l; closepos=np.where(rng_>1e-9,(c-l)/rng_,0.5)
/root/BlueHorseshoe/research/indicator_screen/deepos_volume_capitulation.py:89: RuntimeWarning: invalid value encountered in divide
  rng_=h-l; closepos=np.where(rng_>1e-9,(c-l)/rng_,0.5)
/root/BlueHorseshoe/research/indicator_screen/deepos_volume_capitulation.py:89: RuntimeWarning: invalid value encountered in divide
  rng_=h-l; closepos=np.where(rng_>1e-9,(c-l)/rng_,0.5)
/root/BlueHorseshoe/research/indicator_screen/deepos_volume_capitulation.py:89: RuntimeWarning: invalid value encountered in divide
  rng_=h-l; closepos=np.where(rng_>1e-9,(c-l)/rng_,0.5)
/root/BlueHorseshoe/research/indicator_screen/deepos_volume_capitulation.py:89: RuntimeWarning: invalid value encountered in divide
  rng_=h-l; closepos=np.where(rng_>1e-9,(c-l)/rng_,0.5)
/root/BlueHorseshoe/research/indicator_screen/deepos_volume_capitulation.py:89: RuntimeWarning: invalid value encountered in divide
  rng_=h-l; closepos=np.where(rng_>1e-9,(c-l)/rng_,0.5)
/root/BlueHorseshoe/research/indicator_screen/deepos_volume_capitulation.py:89: RuntimeWarning: invalid value encountered in divide
  rng_=h-l; closepos=np.where(rng_>1e-9,(c-l)/rng_,0.5)
/root/BlueHorseshoe/research/indicator_screen/deepos_volume_capitulation.py:89: RuntimeWarning: invalid value encountered in divide
  rng_=h-l; closepos=np.where(rng_>1e-9,(c-l)/rng_,0.5)
/root/BlueHorseshoe/research/indicator_screen/deepos_volume_capitulation.py:89: RuntimeWarning: invalid value encountered in divide
  rng_=h-l; closepos=np.where(rng_>1e-9,(c-l)/rng_,0.5)
/root/BlueHorseshoe/research/indicator_screen/deepos_volume_capitulation.py:89: RuntimeWarning: invalid value encountered in divide
  rng_=h-l; closepos=np.where(rng_>1e-9,(c-l)/rng_,0.5)
/root/BlueHorseshoe/research/indicator_screen/deepos_volume_capitulation.py:89: RuntimeWarning: invalid value encountered in divide
  rng_=h-l; closepos=np.where(rng_>1e-9,(c-l)/rng_,0.5)
/root/BlueHorseshoe/research/indicator_screen/deepos_volume_capitulation.py:89: RuntimeWarning: invalid value encountered in divide
  rng_=h-l; closepos=np.where(rng_>1e-9,(c-l)/rng_,0.5)
/root/BlueHorseshoe/research/indicator_screen/deepos_volume_capitulation.py:89: RuntimeWarning: invalid value encountered in divide
  rng_=h-l; closepos=np.where(rng_>1e-9,(c-l)/rng_,0.5)
/root/BlueHorseshoe/research/indicator_screen/deepos_volume_capitulation.py:89: RuntimeWarning: invalid value encountered in divide
  rng_=h-l; closepos=np.where(rng_>1e-9,(c-l)/rng_,0.5)
/root/BlueHorseshoe/research/indicator_screen/deepos_volume_capitulation.py:89: RuntimeWarning: invalid value encountered in divide
  rng_=h-l; closepos=np.where(rng_>1e-9,(c-l)/rng_,0.5)
/root/BlueHorseshoe/research/indicator_screen/deepos_volume_capitulation.py:89: RuntimeWarning: invalid value encountered in divide
  rng_=h-l; closepos=np.where(rng_>1e-9,(c-l)/rng_,0.5)
/root/BlueHorseshoe/research/indicator_screen/deepos_volume_capitulation.py:89: RuntimeWarning: invalid value encountered in divide
  rng_=h-l; closepos=np.where(rng_>1e-9,(c-l)/rng_,0.5)
/root/BlueHorseshoe/research/indicator_screen/deepos_volume_capitulation.py:89: RuntimeWarning: invalid value encountered in divide
  rng_=h-l; closepos=np.where(rng_>1e-9,(c-l)/rng_,0.5)
/root/BlueHorseshoe/research/indicator_screen/deepos_volume_capitulation.py:89: RuntimeWarning: invalid value encountered in divide
  rng_=h-l; closepos=np.where(rng_>1e-9,(c-l)/rng_,0.5)
/root/BlueHorseshoe/research/indicator_screen/deepos_volume_capitulation.py:89: RuntimeWarning: invalid value encountered in divide
  rng_=h-l; closepos=np.where(rng_>1e-9,(c-l)/rng_,0.5)
/root/BlueHorseshoe/research/indicator_screen/deepos_volume_capitulation.py:89: RuntimeWarning: invalid value encountered in divide
  rng_=h-l; closepos=np.where(rng_>1e-9,(c-l)/rng_,0.5)
/root/BlueHorseshoe/research/indicator_screen/deepos_volume_capitulation.py:89: RuntimeWarning: invalid value encountered in divide
  rng_=h-l; closepos=np.where(rng_>1e-9,(c-l)/rng_,0.5)
/root/BlueHorseshoe/research/indicator_screen/deepos_volume_capitulation.py:89: RuntimeWarning: invalid value encountered in divide
  rng_=h-l; closepos=np.where(rng_>1e-9,(c-l)/rng_,0.5)
/root/BlueHorseshoe/research/indicator_screen/deepos_volume_capitulation.py:89: RuntimeWarning: invalid value encountered in divide
  rng_=h-l; closepos=np.where(rng_>1e-9,(c-l)/rng_,0.5)
/root/BlueHorseshoe/research/indicator_screen/deepos_volume_capitulation.py:89: RuntimeWarning: invalid value encountered in divide
  rng_=h-l; closepos=np.where(rng_>1e-9,(c-l)/rng_,0.5)
/root/BlueHorseshoe/research/indicator_screen/deepos_volume_capitulation.py:89: RuntimeWarning: invalid value encountered in divide
  rng_=h-l; closepos=np.where(rng_>1e-9,(c-l)/rng_,0.5)
/root/BlueHorseshoe/research/indicator_screen/deepos_volume_capitulation.py:89: RuntimeWarning: invalid value encountered in divide
  rng_=h-l; closepos=np.where(rng_>1e-9,(c-l)/rng_,0.5)
/root/BlueHorseshoe/research/indicator_screen/deepos_volume_capitulation.py:89: RuntimeWarning: invalid value encountered in divide
  rng_=h-l; closepos=np.where(rng_>1e-9,(c-l)/rng_,0.5)
/root/BlueHorseshoe/research/indicator_screen/deepos_volume_capitulation.py:89: RuntimeWarning: invalid value encountered in divide
  rng_=h-l; closepos=np.where(rng_>1e-9,(c-l)/rng_,0.5)
/root/BlueHorseshoe/research/indicator_screen/deepos_volume_capitulation.py:89: RuntimeWarning: invalid value encountered in divide
  rng_=h-l; closepos=np.where(rng_>1e-9,(c-l)/rng_,0.5)
/root/BlueHorseshoe/research/indicator_screen/deepos_volume_capitulation.py:89: RuntimeWarning: invalid value encountered in divide
  rng_=h-l; closepos=np.where(rng_>1e-9,(c-l)/rng_,0.5)
/root/BlueHorseshoe/research/indicator_screen/deepos_volume_capitulation.py:89: RuntimeWarning: invalid value encountered in divide
  rng_=h-l; closepos=np.where(rng_>1e-9,(c-l)/rng_,0.5)
/root/BlueHorseshoe/research/indicator_screen/deepos_volume_capitulation.py:89: RuntimeWarning: invalid value encountered in divide
  rng_=h-l; closepos=np.where(rng_>1e-9,(c-l)/rng_,0.5)
/root/BlueHorseshoe/research/indicator_screen/deepos_volume_capitulation.py:89: RuntimeWarning: invalid value encountered in divide
  rng_=h-l; closepos=np.where(rng_>1e-9,(c-l)/rng_,0.5)
/root/BlueHorseshoe/research/indicator_screen/deepos_volume_capitulation.py:89: RuntimeWarning: invalid value encountered in divide
  rng_=h-l; closepos=np.where(rng_>1e-9,(c-l)/rng_,0.5)
/root/BlueHorseshoe/research/indicator_screen/deepos_volume_capitulation.py:89: RuntimeWarning: invalid value encountered in divide
  rng_=h-l; closepos=np.where(rng_>1e-9,(c-l)/rng_,0.5)
/root/BlueHorseshoe/research/indicator_screen/deepos_volume_capitulation.py:89: RuntimeWarning: invalid value encountered in divide
  rng_=h-l; closepos=np.where(rng_>1e-9,(c-l)/rng_,0.5)
/root/BlueHorseshoe/research/indicator_screen/deepos_volume_capitulation.py:89: RuntimeWarning: invalid value encountered in divide
  rng_=h-l; closepos=np.where(rng_>1e-9,(c-l)/rng_,0.5)
/root/BlueHorseshoe/research/indicator_screen/deepos_volume_capitulation.py:89: RuntimeWarning: invalid value encountered in divide
  rng_=h-l; closepos=np.where(rng_>1e-9,(c-l)/rng_,0.5)
/root/BlueHorseshoe/research/indicator_screen/deepos_volume_capitulation.py:89: RuntimeWarning: invalid value encountered in divide
  rng_=h-l; closepos=np.where(rng_>1e-9,(c-l)/rng_,0.5)
/root/BlueHorseshoe/research/indicator_screen/deepos_volume_capitulation.py:89: RuntimeWarning: invalid value encountered in divide
  rng_=h-l; closepos=np.where(rng_>1e-9,(c-l)/rng_,0.5)
/root/BlueHorseshoe/research/indicator_screen/deepos_volume_capitulation.py:89: RuntimeWarning: invalid value encountered in divide
  rng_=h-l; closepos=np.where(rng_>1e-9,(c-l)/rng_,0.5)
/root/BlueHorseshoe/research/indicator_screen/deepos_volume_capitulation.py:89: RuntimeWarning: invalid value encountered in divide
  rng_=h-l; closepos=np.where(rng_>1e-9,(c-l)/rng_,0.5)
/root/BlueHorseshoe/research/indicator_screen/deepos_volume_capitulation.py:89: RuntimeWarning: invalid value encountered in divide
  rng_=h-l; closepos=np.where(rng_>1e-9,(c-l)/rng_,0.5)
/root/BlueHorseshoe/research/indicator_screen/deepos_volume_capitulation.py:89: RuntimeWarning: invalid value encountered in divide
  rng_=h-l; closepos=np.where(rng_>1e-9,(c-l)/rng_,0.5)
/root/BlueHorseshoe/research/indicator_screen/deepos_volume_capitulation.py:89: RuntimeWarning: invalid value encountered in divide
  rng_=h-l; closepos=np.where(rng_>1e-9,(c-l)/rng_,0.5)
/root/BlueHorseshoe/research/indicator_screen/deepos_volume_capitulation.py:89: RuntimeWarning: invalid value encountered in divide
  rng_=h-l; closepos=np.where(rng_>1e-9,(c-l)/rng_,0.5)
/root/BlueHorseshoe/research/indicator_screen/deepos_volume_capitulation.py:89: RuntimeWarning: invalid value encountered in divide
  rng_=h-l; closepos=np.where(rng_>1e-9,(c-l)/rng_,0.5)
/root/BlueHorseshoe/research/indicator_screen/deepos_volume_capitulation.py:89: RuntimeWarning: invalid value encountered in divide
  rng_=h-l; closepos=np.where(rng_>1e-9,(c-l)/rng_,0.5)
/root/BlueHorseshoe/research/indicator_screen/deepos_volume_capitulation.py:89: RuntimeWarning: invalid value encountered in divide
  rng_=h-l; closepos=np.where(rng_>1e-9,(c-l)/rng_,0.5)
/root/BlueHorseshoe/research/indicator_screen/deepos_volume_capitulation.py:89: RuntimeWarning: invalid value encountered in divide
  rng_=h-l; closepos=np.where(rng_>1e-9,(c-l)/rng_,0.5)
/root/BlueHorseshoe/research/indicator_screen/deepos_volume_capitulation.py:89: RuntimeWarning: invalid value encountered in divide
  rng_=h-l; closepos=np.where(rng_>1e-9,(c-l)/rng_,0.5)
/root/BlueHorseshoe/research/indicator_screen/deepos_volume_capitulation.py:89: RuntimeWarning: invalid value encountered in divide
  rng_=h-l; closepos=np.where(rng_>1e-9,(c-l)/rng_,0.5)
/root/BlueHorseshoe/research/indicator_screen/deepos_volume_capitulation.py:89: RuntimeWarning: invalid value encountered in divide
  rng_=h-l; closepos=np.where(rng_>1e-9,(c-l)/rng_,0.5)
/root/BlueHorseshoe/research/indicator_screen/deepos_volume_capitulation.py:89: RuntimeWarning: invalid value encountered in divide
  rng_=h-l; closepos=np.where(rng_>1e-9,(c-l)/rng_,0.5)
/root/BlueHorseshoe/research/indicator_screen/deepos_volume_capitulation.py:89: RuntimeWarning: invalid value encountered in divide
  rng_=h-l; closepos=np.where(rng_>1e-9,(c-l)/rng_,0.5)
/root/BlueHorseshoe/research/indicator_screen/deepos_volume_capitulation.py:89: RuntimeWarning: invalid value encountered in divide
  rng_=h-l; closepos=np.where(rng_>1e-9,(c-l)/rng_,0.5)
/root/BlueHorseshoe/research/indicator_screen/deepos_volume_capitulation.py:89: RuntimeWarning: invalid value encountered in divide
  rng_=h-l; closepos=np.where(rng_>1e-9,(c-l)/rng_,0.5)
/root/BlueHorseshoe/research/indicator_screen/deepos_volume_capitulation.py:89: RuntimeWarning: invalid value encountered in divide
  rng_=h-l; closepos=np.where(rng_>1e-9,(c-l)/rng_,0.5)
/root/BlueHorseshoe/research/indicator_screen/deepos_volume_capitulation.py:89: RuntimeWarning: invalid value encountered in divide
  rng_=h-l; closepos=np.where(rng_>1e-9,(c-l)/rng_,0.5)
/root/BlueHorseshoe/research/indicator_screen/deepos_volume_capitulation.py:89: RuntimeWarning: invalid value encountered in divide
  rng_=h-l; closepos=np.where(rng_>1e-9,(c-l)/rng_,0.5)
/root/BlueHorseshoe/research/indicator_screen/deepos_volume_capitulation.py:89: RuntimeWarning: invalid value encountered in divide
  rng_=h-l; closepos=np.where(rng_>1e-9,(c-l)/rng_,0.5)
/root/BlueHorseshoe/research/indicator_screen/deepos_volume_capitulation.py:89: RuntimeWarning: invalid value encountered in divide
  rng_=h-l; closepos=np.where(rng_>1e-9,(c-l)/rng_,0.5)
/root/BlueHorseshoe/research/indicator_screen/deepos_volume_capitulation.py:89: RuntimeWarning: invalid value encountered in divide
  rng_=h-l; closepos=np.where(rng_>1e-9,(c-l)/rng_,0.5)
/root/BlueHorseshoe/research/indicator_screen/deepos_volume_capitulation.py:89: RuntimeWarning: invalid value encountered in divide
  rng_=h-l; closepos=np.where(rng_>1e-9,(c-l)/rng_,0.5)
/root/BlueHorseshoe/research/indicator_screen/deepos_volume_capitulation.py:89: RuntimeWarning: invalid value encountered in divide
  rng_=h-l; closepos=np.where(rng_>1e-9,(c-l)/rng_,0.5)
/root/BlueHorseshoe/research/indicator_screen/deepos_volume_capitulation.py:89: RuntimeWarning: invalid value encountered in divide
  rng_=h-l; closepos=np.where(rng_>1e-9,(c-l)/rng_,0.5)
/root/BlueHorseshoe/research/indicator_screen/deepos_volume_capitulation.py:89: RuntimeWarning: invalid value encountered in divide
  rng_=h-l; closepos=np.where(rng_>1e-9,(c-l)/rng_,0.5)
/root/BlueHorseshoe/research/indicator_screen/deepos_volume_capitulation.py:89: RuntimeWarning: invalid value encountered in divide
  rng_=h-l; closepos=np.where(rng_>1e-9,(c-l)/rng_,0.5)
/root/BlueHorseshoe/research/indicator_screen/deepos_volume_capitulation.py:89: RuntimeWarning: invalid value encountered in divide
  rng_=h-l; closepos=np.where(rng_>1e-9,(c-l)/rng_,0.5)
/root/BlueHorseshoe/research/indicator_screen/deepos_volume_capitulation.py:89: RuntimeWarning: invalid value encountered in divide
  rng_=h-l; closepos=np.where(rng_>1e-9,(c-l)/rng_,0.5)
/root/BlueHorseshoe/research/indicator_screen/deepos_volume_capitulation.py:89: RuntimeWarning: invalid value encountered in divide
  rng_=h-l; closepos=np.where(rng_>1e-9,(c-l)/rng_,0.5)
/root/BlueHorseshoe/research/indicator_screen/deepos_volume_capitulation.py:89: RuntimeWarning: invalid value encountered in divide
  rng_=h-l; closepos=np.where(rng_>1e-9,(c-l)/rng_,0.5)
/root/BlueHorseshoe/research/indicator_screen/deepos_volume_capitulation.py:89: RuntimeWarning: invalid value encountered in divide
  rng_=h-l; closepos=np.where(rng_>1e-9,(c-l)/rng_,0.5)
/root/BlueHorseshoe/research/indicator_screen/deepos_volume_capitulation.py:89: RuntimeWarning: invalid value encountered in divide
  rng_=h-l; closepos=np.where(rng_>1e-9,(c-l)/rng_,0.5)
/root/BlueHorseshoe/research/indicator_screen/deepos_volume_capitulation.py:89: RuntimeWarning: invalid value encountered in divide
  rng_=h-l; closepos=np.where(rng_>1e-9,(c-l)/rng_,0.5)
/root/BlueHorseshoe/research/indicator_screen/deepos_volume_capitulation.py:89: RuntimeWarning: invalid value encountered in divide
  rng_=h-l; closepos=np.where(rng_>1e-9,(c-l)/rng_,0.5)
/root/BlueHorseshoe/research/indicator_screen/deepos_volume_capitulation.py:89: RuntimeWarning: invalid value encountered in divide
  rng_=h-l; closepos=np.where(rng_>1e-9,(c-l)/rng_,0.5)
/root/BlueHorseshoe/research/indicator_screen/deepos_volume_capitulation.py:89: RuntimeWarning: invalid value encountered in divide
  rng_=h-l; closepos=np.where(rng_>1e-9,(c-l)/rng_,0.5)
/root/BlueHorseshoe/research/indicator_screen/deepos_volume_capitulation.py:89: RuntimeWarning: invalid value encountered in divide
  rng_=h-l; closepos=np.where(rng_>1e-9,(c-l)/rng_,0.5)
/root/BlueHorseshoe/research/indicator_screen/deepos_volume_capitulation.py:89: RuntimeWarning: invalid value encountered in divide
  rng_=h-l; closepos=np.where(rng_>1e-9,(c-l)/rng_,0.5)
/root/BlueHorseshoe/research/indicator_screen/deepos_volume_capitulation.py:89: RuntimeWarning: invalid value encountered in divide
  rng_=h-l; closepos=np.where(rng_>1e-9,(c-l)/rng_,0.5)
/root/BlueHorseshoe/research/indicator_screen/deepos_volume_capitulation.py:89: RuntimeWarning: invalid value encountered in divide
  rng_=h-l; closepos=np.where(rng_>1e-9,(c-l)/rng_,0.5)
/root/BlueHorseshoe/research/indicator_screen/deepos_volume_capitulation.py:89: RuntimeWarning: invalid value encountered in divide
  rng_=h-l; closepos=np.where(rng_>1e-9,(c-l)/rng_,0.5)
/root/BlueHorseshoe/research/indicator_screen/deepos_volume_capitulation.py:89: RuntimeWarning: invalid value encountered in divide
  rng_=h-l; closepos=np.where(rng_>1e-9,(c-l)/rng_,0.5)
/root/BlueHorseshoe/research/indicator_screen/deepos_volume_capitulation.py:89: RuntimeWarning: invalid value encountered in divide
  rng_=h-l; closepos=np.where(rng_>1e-9,(c-l)/rng_,0.5)
/root/BlueHorseshoe/research/indicator_screen/deepos_volume_capitulation.py:89: RuntimeWarning: invalid value encountered in divide
  rng_=h-l; closepos=np.where(rng_>1e-9,(c-l)/rng_,0.5)
/root/BlueHorseshoe/research/indicator_screen/deepos_volume_capitulation.py:89: RuntimeWarning: invalid value encountered in divide
  rng_=h-l; closepos=np.where(rng_>1e-9,(c-l)/rng_,0.5)
/root/BlueHorseshoe/research/indicator_screen/deepos_volume_capitulation.py:89: RuntimeWarning: invalid value encountered in divide
  rng_=h-l; closepos=np.where(rng_>1e-9,(c-l)/rng_,0.5)
/root/BlueHorseshoe/research/indicator_screen/deepos_volume_capitulation.py:89: RuntimeWarning: invalid value encountered in divide
  rng_=h-l; closepos=np.where(rng_>1e-9,(c-l)/rng_,0.5)
/root/BlueHorseshoe/research/indicator_screen/deepos_volume_capitulation.py:89: RuntimeWarning: invalid value encountered in divide
  rng_=h-l; closepos=np.where(rng_>1e-9,(c-l)/rng_,0.5)
/root/BlueHorseshoe/research/indicator_screen/deepos_volume_capitulation.py:89: RuntimeWarning: invalid value encountered in divide
  rng_=h-l; closepos=np.where(rng_>1e-9,(c-l)/rng_,0.5)
/root/BlueHorseshoe/research/indicator_screen/deepos_volume_capitulation.py:89: RuntimeWarning: invalid value encountered in divide
  rng_=h-l; closepos=np.where(rng_>1e-9,(c-l)/rng_,0.5)
/root/BlueHorseshoe/research/indicator_screen/deepos_volume_capitulation.py:89: RuntimeWarning: invalid value encountered in divide
  rng_=h-l; closepos=np.where(rng_>1e-9,(c-l)/rng_,0.5)
/root/BlueHorseshoe/research/indicator_screen/deepos_volume_capitulation.py:89: RuntimeWarning: invalid value encountered in divide
  rng_=h-l; closepos=np.where(rng_>1e-9,(c-l)/rng_,0.5)
/root/BlueHorseshoe/research/indicator_screen/deepos_volume_capitulation.py:89: RuntimeWarning: invalid value encountered in divide
  rng_=h-l; closepos=np.where(rng_>1e-9,(c-l)/rng_,0.5)
/root/BlueHorseshoe/research/indicator_screen/deepos_volume_capitulation.py:89: RuntimeWarning: invalid value encountered in divide
  rng_=h-l; closepos=np.where(rng_>1e-9,(c-l)/rng_,0.5)
/root/BlueHorseshoe/research/indicator_screen/deepos_volume_capitulation.py:89: RuntimeWarning: invalid value encountered in divide
  rng_=h-l; closepos=np.where(rng_>1e-9,(c-l)/rng_,0.5)
/root/BlueHorseshoe/research/indicator_screen/deepos_volume_capitulation.py:89: RuntimeWarning: invalid value encountered in divide
  rng_=h-l; closepos=np.where(rng_>1e-9,(c-l)/rng_,0.5)
/root/BlueHorseshoe/research/indicator_screen/deepos_volume_capitulation.py:89: RuntimeWarning: invalid value encountered in divide
  rng_=h-l; closepos=np.where(rng_>1e-9,(c-l)/rng_,0.5)
/root/BlueHorseshoe/research/indicator_screen/deepos_volume_capitulation.py:89: RuntimeWarning: invalid value encountered in divide
  rng_=h-l; closepos=np.where(rng_>1e-9,(c-l)/rng_,0.5)
/root/BlueHorseshoe/research/indicator_screen/deepos_volume_capitulation.py:89: RuntimeWarning: invalid value encountered in divide
  rng_=h-l; closepos=np.where(rng_>1e-9,(c-l)/rng_,0.5)
/root/BlueHorseshoe/research/indicator_screen/deepos_volume_capitulation.py:89: RuntimeWarning: invalid value encountered in divide
  rng_=h-l; closepos=np.where(rng_>1e-9,(c-l)/rng_,0.5)
/root/BlueHorseshoe/research/indicator_screen/deepos_volume_capitulation.py:89: RuntimeWarning: invalid value encountered in divide
  rng_=h-l; closepos=np.where(rng_>1e-9,(c-l)/rng_,0.5)
/root/BlueHorseshoe/research/indicator_screen/deepos_volume_capitulation.py:89: RuntimeWarning: invalid value encountered in divide
  rng_=h-l; closepos=np.where(rng_>1e-9,(c-l)/rng_,0.5)
/root/BlueHorseshoe/research/indicator_screen/deepos_volume_capitulation.py:89: RuntimeWarning: invalid value encountered in divide
  rng_=h-l; closepos=np.where(rng_>1e-9,(c-l)/rng_,0.5)
/root/BlueHorseshoe/research/indicator_screen/deepos_volume_capitulation.py:89: RuntimeWarning: invalid value encountered in divide
  rng_=h-l; closepos=np.where(rng_>1e-9,(c-l)/rng_,0.5)
/root/BlueHorseshoe/research/indicator_screen/deepos_volume_capitulation.py:89: RuntimeWarning: invalid value encountered in divide
  rng_=h-l; closepos=np.where(rng_>1e-9,(c-l)/rng_,0.5)
/root/BlueHorseshoe/research/indicator_screen/deepos_volume_capitulation.py:89: RuntimeWarning: invalid value encountered in divide
  rng_=h-l; closepos=np.where(rng_>1e-9,(c-l)/rng_,0.5)
/root/BlueHorseshoe/research/indicator_screen/deepos_volume_capitulation.py:89: RuntimeWarning: invalid value encountered in divide
  rng_=h-l; closepos=np.where(rng_>1e-9,(c-l)/rng_,0.5)
/root/BlueHorseshoe/research/indicator_screen/deepos_volume_capitulation.py:89: RuntimeWarning: invalid value encountered in divide
  rng_=h-l; closepos=np.where(rng_>1e-9,(c-l)/rng_,0.5)
/root/BlueHorseshoe/research/indicator_screen/deepos_volume_capitulation.py:89: RuntimeWarning: invalid value encountered in divide
  rng_=h-l; closepos=np.where(rng_>1e-9,(c-l)/rng_,0.5)
/root/BlueHorseshoe/research/indicator_screen/deepos_volume_capitulation.py:89: RuntimeWarning: invalid value encountered in divide
  rng_=h-l; closepos=np.where(rng_>1e-9,(c-l)/rng_,0.5)
/root/BlueHorseshoe/research/indicator_screen/deepos_volume_capitulation.py:89: RuntimeWarning: invalid value encountered in divide
  rng_=h-l; closepos=np.where(rng_>1e-9,(c-l)/rng_,0.5)
/root/BlueHorseshoe/research/indicator_screen/deepos_volume_capitulation.py:89: RuntimeWarning: invalid value encountered in divide
  rng_=h-l; closepos=np.where(rng_>1e-9,(c-l)/rng_,0.5)
/root/BlueHorseshoe/research/indicator_screen/deepos_volume_capitulation.py:89: RuntimeWarning: invalid value encountered in divide
  rng_=h-l; closepos=np.where(rng_>1e-9,(c-l)/rng_,0.5)
/root/BlueHorseshoe/research/indicator_screen/deepos_volume_capitulation.py:89: RuntimeWarning: invalid value encountered in divide
  rng_=h-l; closepos=np.where(rng_>1e-9,(c-l)/rng_,0.5)
/root/BlueHorseshoe/research/indicator_screen/deepos_volume_capitulation.py:89: RuntimeWarning: invalid value encountered in divide
  rng_=h-l; closepos=np.where(rng_>1e-9,(c-l)/rng_,0.5)
/root/BlueHorseshoe/research/indicator_screen/deepos_volume_capitulation.py:89: RuntimeWarning: invalid value encountered in divide
  rng_=h-l; closepos=np.where(rng_>1e-9,(c-l)/rng_,0.5)
/root/BlueHorseshoe/research/indicator_screen/deepos_volume_capitulation.py:89: RuntimeWarning: invalid value encountered in divide
  rng_=h-l; closepos=np.where(rng_>1e-9,(c-l)/rng_,0.5)
/root/BlueHorseshoe/research/indicator_screen/deepos_volume_capitulation.py:89: RuntimeWarning: invalid value encountered in divide
  rng_=h-l; closepos=np.where(rng_>1e-9,(c-l)/rng_,0.5)
/root/BlueHorseshoe/research/indicator_screen/deepos_volume_capitulation.py:89: RuntimeWarning: invalid value encountered in divide
  rng_=h-l; closepos=np.where(rng_>1e-9,(c-l)/rng_,0.5)
/root/BlueHorseshoe/research/indicator_screen/deepos_volume_capitulation.py:89: RuntimeWarning: invalid value encountered in divide
  rng_=h-l; closepos=np.where(rng_>1e-9,(c-l)/rng_,0.5)
/root/BlueHorseshoe/research/indicator_screen/deepos_volume_capitulation.py:89: RuntimeWarning: invalid value encountered in divide
  rng_=h-l; closepos=np.where(rng_>1e-9,(c-l)/rng_,0.5)
/root/BlueHorseshoe/research/indicator_screen/deepos_volume_capitulation.py:89: RuntimeWarning: invalid value encountered in divide
  rng_=h-l; closepos=np.where(rng_>1e-9,(c-l)/rng_,0.5)
/root/BlueHorseshoe/research/indicator_screen/deepos_volume_capitulation.py:89: RuntimeWarning: invalid value encountered in divide
  rng_=h-l; closepos=np.where(rng_>1e-9,(c-l)/rng_,0.5)
/root/BlueHorseshoe/research/indicator_screen/deepos_volume_capitulation.py:89: RuntimeWarning: invalid value encountered in divide
  rng_=h-l; closepos=np.where(rng_>1e-9,(c-l)/rng_,0.5)
/root/BlueHorseshoe/research/indicator_screen/deepos_volume_capitulation.py:89: RuntimeWarning: invalid value encountered in divide
  rng_=h-l; closepos=np.where(rng_>1e-9,(c-l)/rng_,0.5)
/root/BlueHorseshoe/research/indicator_screen/deepos_volume_capitulation.py:89: RuntimeWarning: invalid value encountered in divide
  rng_=h-l; closepos=np.where(rng_>1e-9,(c-l)/rng_,0.5)
/root/BlueHorseshoe/research/indicator_screen/deepos_volume_capitulation.py:89: RuntimeWarning: invalid value encountered in divide
  rng_=h-l; closepos=np.where(rng_>1e-9,(c-l)/rng_,0.5)
/root/BlueHorseshoe/research/indicator_screen/deepos_volume_capitulation.py:89: RuntimeWarning: invalid value encountered in divide
  rng_=h-l; closepos=np.where(rng_>1e-9,(c-l)/rng_,0.5)
/root/BlueHorseshoe/research/indicator_screen/deepos_volume_capitulation.py:89: RuntimeWarning: invalid value encountered in divide
  rng_=h-l; closepos=np.where(rng_>1e-9,(c-l)/rng_,0.5)
/root/BlueHorseshoe/research/indicator_screen/deepos_volume_capitulation.py:89: RuntimeWarning: invalid value encountered in divide
  rng_=h-l; closepos=np.where(rng_>1e-9,(c-l)/rng_,0.5)
/root/BlueHorseshoe/research/indicator_screen/deepos_volume_capitulation.py:89: RuntimeWarning: invalid value encountered in divide
  rng_=h-l; closepos=np.where(rng_>1e-9,(c-l)/rng_,0.5)
/root/BlueHorseshoe/research/indicator_screen/deepos_volume_capitulation.py:89: RuntimeWarning: invalid value encountered in divide
  rng_=h-l; closepos=np.where(rng_>1e-9,(c-l)/rng_,0.5)
/root/BlueHorseshoe/research/indicator_screen/deepos_volume_capitulation.py:89: RuntimeWarning: invalid value encountered in divide
  rng_=h-l; closepos=np.where(rng_>1e-9,(c-l)/rng_,0.5)

################ DEEPOS x VOLUME-SIGNATURE — DE-OVERLAP | FULL-POP | NEWEY-WEST ################
  lift = NW(cell) - NW(deepos base). CLIMAX thesis: rvol>3/climax_bar lift>0. DRY-UP thesis: rvol<0.7 lift>0.

  ===== tier=$1M  hold10  regime=nonbull   [deepos base NW=+0.123R]
    cell                   DE-OVERLAP         FULL-POP             NEWEY-WEST
    deepos(base)         +0.186 t+6.9    +0.240 t+12.0   +0.123R t+7.2 n13867  lift base
    rvol<0.7            +0.534 t+10.1     +0.167 t+2.8    +0.092R t+1.9 n1173  lift -0.031
    rvol0.7-1            +0.259 t+6.1     +0.129 t+2.6    +0.119R t+2.4 n1249  lift -0.004
    rvol1-1.5            +0.256 t+7.3     +0.134 t+4.1    +0.089R t+2.8 n2919  lift -0.033
    rvol1.5-2            +0.132 t+3.1     -0.019 t-0.4    -0.072R t-1.6 n1442  lift -0.194
    rvol2-3              +0.032 t+0.7     -0.258 t-5.9    -0.268R t-5.6 n1093  lift -0.391
    rvol>3               +0.081 t+1.3     -0.392 t-5.4     -0.393R t-4.1 n342  lift -0.516
    vol_expanding        +0.110 t+3.1     -0.110 t-3.4    -0.126R t-3.8 n2291  lift -0.249
    vol_contracting      +0.365 t+9.7     +0.137 t+3.6    +0.123R t+3.6 n2406  lift +0.001
    climax_bar           +0.141 t+1.9           (thin)                 (thin)  lift —
    RANDOM                     (thin)           (thin)  +0.000R t+0.0 n400322  lift -0.123

  ===== tier=$1M  hold10  regime=all   [deepos base NW=+0.096R]
    cell                   DE-OVERLAP         FULL-POP             NEWEY-WEST
    deepos(base)         +0.191 t+9.1    +0.192 t+13.6   +0.096R t+9.0 n38804  lift base
    rvol<0.7             +0.213 t+6.3     +0.146 t+4.7    +0.123R t+4.8 n5235  lift +0.027
    rvol0.7-1            +0.174 t+6.3     +0.097 t+4.2    +0.039R t+2.0 n7061  lift -0.056
    rvol1-1.5            +0.206 t+8.1     +0.155 t+8.2   +0.090R t+5.5 n10983  lift -0.006
    rvol1.5-2            +0.088 t+3.1     +0.079 t+3.1    +0.026R t+1.2 n4872  lift -0.069
    rvol2-3              +0.074 t+2.4     -0.022 t-0.8    -0.046R t-1.7 n2820  lift -0.142
    rvol>3               +0.157 t+3.7     +0.005 t+0.1     -0.029R t-0.6 n981  lift -0.125
    vol_expanding        +0.104 t+4.0     +0.076 t+3.9    +0.028R t+1.6 n7024  lift -0.068
    vol_contracting      +0.164 t+6.5     +0.135 t+6.4   +0.089R t+5.2 n10679  lift -0.007
    climax_bar           +0.154 t+2.9           (thin)      -0.250R t-1.6 n69  lift -0.346
    RANDOM                     (thin)           (thin) +0.000R t+0.0 n1750756  lift -0.096

  ===== tier=$1M  hold20  regime=nonbull   [deepos base NW=+0.134R]
    cell                   DE-OVERLAP         FULL-POP             NEWEY-WEST
    deepos(base)         +0.154 t+5.1    +0.246 t+11.2   +0.134R t+7.1 n13768  lift base
    rvol<0.7             +0.483 t+8.4     +0.203 t+2.7    +0.128R t+2.1 n1149  lift -0.006
    rvol0.7-1            +0.216 t+4.7     +0.101 t+1.8    +0.099R t+1.8 n1246  lift -0.035
    rvol1-1.5            +0.189 t+5.0     +0.126 t+3.5    +0.084R t+2.4 n2918  lift -0.050
    rvol1.5-2            +0.084 t+1.9     +0.001 t+0.0    -0.056R t-1.2 n1441  lift -0.190
    rvol2-3              +0.033 t+0.7     -0.222 t-4.8    -0.232R t-4.5 n1087  lift -0.366
    rvol>3               +0.052 t+0.8     -0.360 t-4.7     -0.374R t-3.8 n342  lift -0.508
    vol_expanding        +0.098 t+2.5     -0.084 t-2.5    -0.106R t-3.1 n2283  lift -0.240
    vol_contracting      +0.305 t+7.4     +0.137 t+3.3    +0.145R t+3.7 n2376  lift +0.011
    climax_bar           +0.160 t+2.0           (thin)                 (thin)  lift —
    RANDOM                     (thin)           (thin)  -0.000R t-0.0 n399589  lift -0.134

  ===== tier=$1M  hold20  regime=all   [deepos base NW=+0.108R]
    cell                   DE-OVERLAP         FULL-POP             NEWEY-WEST
    deepos(base)         +0.155 t+6.8    +0.192 t+12.2   +0.108R t+8.5 n38322  lift base
    rvol<0.7             +0.184 t+5.0     +0.156 t+4.3    +0.139R t+4.3 n5115  lift +0.031
    rvol0.7-1            +0.128 t+4.2     +0.095 t+3.7    +0.033R t+1.4 n6989  lift -0.074
    rvol1-1.5            +0.165 t+6.0     +0.159 t+7.7   +0.097R t+5.3 n10883  lift -0.011
    rvol1.5-2            +0.046 t+1.5     +0.103 t+3.8    +0.049R t+2.0 n4811  lift -0.059
    rvol2-3              +0.089 t+2.6     +0.010 t+0.3    -0.013R t-0.4 n2765  lift -0.120
    rvol>3               +0.165 t+3.6     +0.021 t+0.4     -0.020R t-0.4 n954  lift -0.128
    vol_expanding        +0.096 t+3.4     +0.102 t+4.7    +0.050R t+2.5 n6940  lift -0.058
    vol_contracting      +0.109 t+4.0     +0.134 t+5.8   +0.101R t+5.0 n10499  lift -0.006
    climax_bar           +0.153 t+2.7           (thin)      -0.265R t-1.6 n64  lift -0.372
    RANDOM                     (thin)           (thin) +0.000R t+0.0 n1738319  lift -0.108

  ===== tier=$25M  hold10  regime=nonbull   [deepos base NW=+0.143R]
    cell                   DE-OVERLAP         FULL-POP             NEWEY-WEST
    deepos(base)         +0.259 t+6.5     +0.246 t+8.1    +0.143R t+5.5 n5833  lift base
    rvol<0.7             +0.783 t+9.7     +0.228 t+2.6     +0.167R t+2.0 n302  lift +0.024
    rvol0.7-1            +0.257 t+3.9     +0.162 t+1.9     +0.116R t+1.4 n441  lift -0.027
    rvol1-1.5            +0.302 t+5.8     +0.124 t+2.7    +0.124R t+2.6 n1331  lift -0.019
    rvol1.5-2            +0.155 t+2.5     +0.090 t+1.3     +0.017R t+0.3 n661  lift -0.126
    rvol2-3              +0.004 t+0.1     -0.253 t-4.0     -0.273R t-3.8 n493  lift -0.416
    rvol>3               +0.098 t+1.0           (thin)     -0.363R t-2.3 n111  lift -0.505
    vol_expanding        +0.110 t+2.0     -0.147 t-2.8     -0.161R t-2.9 n790  lift -0.304
    vol_contracting      +0.426 t+7.6     +0.239 t+4.1     +0.217R t+3.9 n882  lift +0.074
    climax_bar           +0.101 t+0.9           (thin)                 (thin)  lift —
    RANDOM                     (thin)           (thin)  +0.000R t+0.0 n187112  lift -0.143

  ===== tier=$25M  hold10  regime=all   [deepos base NW=+0.090R]
    cell                   DE-OVERLAP         FULL-POP             NEWEY-WEST
    deepos(base)         +0.191 t+6.6     +0.182 t+9.0   +0.090R t+5.9 n18558  lift base
    rvol<0.7             +0.289 t+5.9     +0.170 t+3.7    +0.131R t+3.2 n2101  lift +0.041
    rvol0.7-1            +0.181 t+4.7     +0.066 t+2.0    +0.024R t+0.8 n3231  lift -0.066
    rvol1-1.5            +0.180 t+5.1     +0.103 t+4.0    +0.077R t+3.3 n5527  lift -0.013
    rvol1.5-2            +0.102 t+2.6     +0.104 t+2.9    +0.047R t+1.5 n2429  lift -0.043
    rvol2-3              +0.030 t+0.7     -0.058 t-1.5    -0.089R t-2.1 n1307  lift -0.179
    rvol>3               +0.138 t+2.2     -0.060 t-0.8     -0.109R t-1.5 n381  lift -0.199
    vol_expanding        +0.076 t+2.1     +0.068 t+2.3    +0.007R t+0.2 n2826  lift -0.084
    vol_contracting      +0.145 t+4.3     +0.132 t+4.5    +0.103R t+4.2 n5011  lift +0.013
    climax_bar           +0.053 t+0.7           (thin)      -0.298R t-1.5 n41  lift -0.388
    RANDOM                     (thin)           (thin)  +0.000R t+0.0 n859893  lift -0.090

  ===== tier=$25M  hold20  regime=nonbull   [deepos base NW=+0.149R]
    cell                   DE-OVERLAP         FULL-POP             NEWEY-WEST
    deepos(base)         +0.211 t+4.7     +0.238 t+7.4    +0.149R t+5.2 n5786  lift base
    rvol<0.7             +0.718 t+8.0     +0.216 t+2.0     +0.187R t+1.9 n290  lift +0.038
    rvol0.7-1            +0.153 t+2.2     +0.116 t+1.2     +0.080R t+0.8 n441  lift -0.069
    rvol1-1.5            +0.235 t+4.1     +0.121 t+2.3    +0.128R t+2.5 n1331  lift -0.021
    rvol1.5-2            +0.100 t+1.5     +0.110 t+1.5     +0.027R t+0.4 n661  lift -0.122
    rvol2-3              -0.024 t-0.3     -0.201 t-3.0     -0.228R t-3.0 n488  lift -0.377
    rvol>3               +0.056 t+0.5           (thin)     -0.375R t-2.3 n111  lift -0.524
    vol_expanding        +0.134 t+2.2     -0.132 t-2.4     -0.152R t-2.6 n784  lift -0.301
    vol_contracting      +0.344 t+5.5     +0.207 t+3.0     +0.210R t+3.3 n869  lift +0.061
    climax_bar           +0.103 t+0.9           (thin)                 (thin)  lift —
    RANDOM                     (thin)           (thin)  +0.000R t+0.0 n186754  lift -0.149

  ===== tier=$25M  hold20  regime=all   [deepos base NW=+0.097R]
    cell                   DE-OVERLAP         FULL-POP             NEWEY-WEST
    deepos(base)         +0.147 t+4.5     +0.181 t+7.8   +0.097R t+5.3 n18307  lift base
    rvol<0.7             +0.254 t+4.8     +0.184 t+3.4    +0.152R t+2.9 n2048  lift +0.056
    rvol0.7-1            +0.125 t+3.0     +0.047 t+1.3    +0.006R t+0.2 n3199  lift -0.091
    rvol1-1.5            +0.108 t+2.8     +0.100 t+3.6    +0.085R t+3.3 n5474  lift -0.011
    rvol1.5-2            +0.079 t+1.9     +0.116 t+3.0    +0.060R t+1.7 n2391  lift -0.036
    rvol2-3              +0.021 t+0.4     -0.072 t-1.6    -0.104R t-2.3 n1277  lift -0.200
    rvol>3               +0.159 t+2.3     -0.084 t-1.0     -0.133R t-1.7 n377  lift -0.230
    vol_expanding        +0.090 t+2.3     +0.100 t+3.0    +0.027R t+0.9 n2790  lift -0.070
    vol_contracting      +0.089 t+2.4     +0.133 t+4.0    +0.111R t+3.7 n4922  lift +0.015
    climax_bar           +0.039 t+0.5           (thin)                 (thin)  lift —
    RANDOM                     (thin)           (thin)  -0.000R t-0.0 n853292  lift -0.097

############### PER-YEAR NW ($25M, hold10, nonbull, demean vs random; 2020=COVID) ###############
    deepos(base)     16:+0.14(t+2)  17: .    18:+0.05(t+1)  19:+0.27(t+1)  20:-0.29(t-5)  21: .    22:+0.06(t+1)  23:+0.06(t+1)  24: .    25:+0.48(t+4)  26:-0.37(t-2)
    rvol>3           16: .    17: .    18: .    19: .    20:-0.45(t-2)  21: .    22: .    23:+0.04(t+0)  24: .    25: .    26: .  
    climax_bar       16: .    17: .    18: .    19: .    20: .    21: .    22: .    23: .    24: .    25: .    26: .  
    rvol<0.7         16:+0.08(t+0)  17: .    18:+0.28(t+1)  19: .    20: .    21: .    22:+0.05(t+0)  23: .    24: .    25:+0.08(t+0)  26: .  
    vol_expanding    16: .    17: .    18:+0.06(t+0)  19: .    20:-0.66(t-4)  21: .    22:-0.22(t-1)  23: .    24: .    25: .    26: .  

done.
