cell,direction,level,pair_or_POOLED,regime_bucket,regime,half,n,mean_R,NW_SE,NW_CI_low
bb,long,pair,AUD_CAD,ATR_high_67_100,high,full,140,0.17987698477757236,0.07338976011580631,0.036033054950592
bb,long,pair,AUD_CAD,ATR_low_0_33,low,full,106,-0.05286773569127429,0.07418533780267311,-0.1982709977845136
bb,long,pair,AUD_CAD,ATR_mid_33_67,mid,full,93,0.08646086140608898,0.05854360044399494,-0.028284595464141096
bb,long,pair,AUD_CAD,ATR_high_67_100,high,h1,66,0.09251661728980479,0.056587319146458,-0.01839452823725289
bb,long,pair,AUD_CAD,ATR_low_0_33,low,h1,53,-0.02983372592164511,0.10359822368866325,-0.23288624435142508
bb,long,pair,AUD_CAD,ATR_mid_33_67,mid,h1,44,0.11837014050071469,0.13973018299467657,-0.15550101816885137
bb,long,pair,AUD_CAD,ATR_high_67_100,high,h2,74,0.25779298821260827,0.07709940816863249,0.1066781482020886
bb,long,pair,AUD_CAD,ATR_low_0_33,low,h2,53,-0.07590174546090347,0.13095014744902275,-0.33256403446098803
bb,long,pair,AUD_CAD,ATR_mid_33_67,mid,h2,49,0.057807631198669954,0.12464827168643106,-0.18650298130673493
bb,long,pair,AUD_JPY,ATR_high_67_100,high,full,149,-0.12571600529091148,0.06319101743927306,-0.2495703994718867
bb,long,pair,AUD_JPY,ATR_low_0_33,low,full,67,-0.14753002696834647,0.08446342233096207,-0.3130783347370321
bb,long,pair,AUD_JPY,ATR_mid_33_67,mid,full,82,-0.03270677254310217,0.08629430830760282,-0.20184361682600369
bb,long,pair,AUD_JPY,ATR_high_67_100,high,h1,78,-0.20168826651725397,0.07457259386334039,-0.34785055048940117
bb,long,pair,AUD_JPY,ATR_low_0_33,low,h1,38,-0.05263157894736842,0.09270471208133804,-0.23433281462679098
bb,long,pair,AUD_JPY,ATR_mid_33_67,mid,h1,40,-0.21704888371335943,0.10183359885073946,-0.41664273746080877
bb,long,pair,AUD_JPY,ATR_high_67_100,high,h2,71,-0.04225352112676056,0.06714754373510017,-0.1738627068475569
bb,long,pair,AUD_JPY,ATR_low_0_33,low,h2,29,-0.2718797174785935,0.25833896942866824,-0.7782240975587833
bb,long,pair,AUD_JPY,ATR_mid_33_67,mid,h2,42,0.14285714285714285,0.05269365096880858,0.03957758695827804
bb,long,pair,CAD_CHF,ATR_high_67_100,high,full,131,-0.13506156832867078,0.12789323522186688,-0.38573230936352987
bb,long,pair,CAD_CHF,ATR_low_0_33,low,full,103,0.052741818837255684,0.04738811196117092,-0.04013888060663932
bb,long,pair,CAD_CHF,ATR_mid_33_67,mid,full,109,-0.15572296291649357,0.09609290646616217,-0.3440650595901714
bb,long,pair,CAD_CHF,ATR_high_67_100,high,h1,72,-0.035811844215951974,0.17880451155429308,-0.3862686868623664
bb,long,pair,CAD_CHF,ATR_low_0_33,low,h1,42,0.029943432338890682,0.13039551951551784,-0.22563178591152427
bb,long,pair,CAD_CHF,ATR_mid_33_67,mid,h1,59,-0.3729673810107256,0.07535941397207788,-0.5206718323959982
bb,long,pair,CAD_CHF,ATR_high_67_100,high,h2,59,-0.2561798757204632,0.05378354471165437,-0.36159562335530576
bb,long,pair,CAD_CHF,ATR_low_0_33,low,h2,61,0.06843906855744139,0.052344622738013095,-0.03415639200906427
bb,long,pair,CAD_CHF,ATR_mid_33_67,mid,h2,50,0.10062545043470018,0.10531503529989177,-0.10579201875308768
bb,long,pair,CAD_JPY,ATR_high_67_100,high,full,149,0.026735741618634987,0.0500796191496318,-0.07142031191464333
bb,long,pair,CAD_JPY,ATR_low_0_33,low,full,90,0.07407201908296347,0.08923966864818086,-0.100837731467471
bb,long,pair,CAD_JPY,ATR_mid_33_67,mid,full,88,-0.022727272727272728,0.04726125421465874,-0.11535933098800386
bb,long,pair,CAD_JPY,ATR_high_67_100,high,h1,62,0.12903225806451613,0.056453411116624025,0.01838357227593304
bb,long,pair,CAD_JPY,ATR_low_0_33,low,h1,48,0.09721836911388983,0.07217749009191962,-0.04424951146627264
bb,long,pair,CAD_JPY,ATR_mid_33_67,mid,h1,51,-0.09803921568627451,0.05957799347228826,-0.2148120828919595
bb,long,pair,CAD_JPY,ATR_high_67_100,high,h2,87,-0.04616522412440675,0.09986744868057133,-0.24190542353832656
bb,long,pair,CAD_JPY,ATR_low_0_33,low,h2,42,0.047619047619047616,0.2738824786338823,-0.4891906105033617
bb,long,pair,CAD_JPY,ATR_mid_33_67,mid,h2,37,0.08108108108108109,0.05566854312127877,-0.028029263436625304
bb,long,pair,CHF_JPY,ATR_high_67_100,high,full,129,0.1940189876699963,0.04517113874444587,0.1054835557308824
bb,long,pair,CHF_JPY,ATR_low_0_33,low,full,77,0.19933394100082386,0.04733982544883846,0.10654788312110047
bb,long,pair,CHF_JPY,ATR_mid_33_67,mid,full,86,0.3278046009811543,0.041743678577079224,0.24598699097007903
bb,long,pair,CHF_JPY,ATR_high_67_100,high,h1,61,0.17913534346486107,0.05690771177750778,0.06759622838094582
bb,long,pair,CHF_JPY,ATR_low_0_33,low,h1,56,0.25026596905164517,0.09849391343483793,0.05721789871936281
bb,long,pair,CHF_JPY,ATR_mid_33_67,mid,h1,46,0.4209361024827544,0.0675177996115677,0.2886012152440817
bb,long,pair,CHF_JPY,ATR_high_67_100,high,h2,68,0.20737049203048527,0.07658842562485456,0.05725717780577033
bb,long,pair,CHF_JPY,ATR_low_0_33,low,h2,21,0.06351519953196708,0.14379459430763863,-0.21832220531100463
bb,long,pair,CHF_JPY,ATR_mid_33_67,mid,h2,40,0.22070337425431413,0.15147967956749153,-0.07619679769796928
bb,long,pair,EUR_CAD,ATR_high_67_100,high,full,109,0.038672202222104324,0.05052327853390411,-0.060353423704347736
bb,long,pair,EUR_CAD,ATR_low_0_33,low,full,92,0.22159207315491167,0.061763253528061765,0.10053609623991061
bb,long,pair,EUR_CAD,ATR_mid_33_67,mid,full,94,0.2758330723834558,0.05011000867052037,0.17761745538923585
bb,long,pair,EUR_CAD,ATR_high_67_100,high,h1,54,0.03137172975743382,0.09991898990331839,-0.16446949045307022
bb,long,pair,EUR_CAD,ATR_low_0_33,low,h1,49,0.3462257300757431,0.08994793752778607,0.16992777252128238
bb,long,pair,EUR_CAD,ATR_mid_33_67,mid,h1,42,0.20819166964073146,0.09930002224650344,0.013563626037584708
bb,long,pair,EUR_CAD,ATR_high_67_100,high,h2,55,0.04583993882378083,0.07290331836488789,-0.09705056517139944
bb,long,pair,EUR_CAD,ATR_low_0_33,low,h2,43,0.07956767340791768,0.052484510875754495,-0.023301967908561136
bb,long,pair,EUR_CAD,ATR_mid_33_67,mid,h2,52,0.3304665130602716,0.05678842171425579,0.21916120650033022
bb,long,pair,EUR_CHF,ATR_high_67_100,high,full,144,-0.15743983185591462,0.08956563996867316,-0.33298848619451404
bb,long,pair,EUR_CHF,ATR_low_0_33,low,full,102,0.10792804150512861,0.06211890070980236,-0.013825003886084014
bb,long,pair,EUR_CHF,ATR_mid_33_67,mid,full,93,-0.011573477688335077,0.06432349711420479,-0.13764753203217647
bb,long,pair,EUR_CHF,ATR_high_67_100,high,h1,68,0.010845095032385082,0.07836085491168357,-0.1427421805945147
bb,long,pair,EUR_CHF,ATR_low_0_33,low,h1,54,0.043488924329221294,0.08656737837019826,-0.1261831372763673
bb,long,pair,EUR_CHF,ATR_mid_33_67,mid,h1,36,-0.06071794540402039,0.12143723503066423,-0.2987349260641223
bb,long,pair,EUR_CHF,ATR_high_67_100,high,h2,76,-0.308010555913867,0.06624907462541425,-0.4378587421796789
bb,long,pair,EUR_CHF,ATR_low_0_33,low,h2,48,0.18042204832802433,0.05339941661726724,0.07575919175818054
bb,long,pair,EUR_CHF,ATR_mid_33_67,mid,h2,57,0.019465133500518803,0.0839475749702875,-0.1450721134412447
bb,long,pair,EUR_GBP,ATR_high_67_100,high,full,102,0.01566786602910275,0.10727724070586947,-0.1945955257544014
bb,long,pair,EUR_GBP,ATR_low_0_33,low,full,114,0.042195691997980636,0.12551285397320075,-0.2038095017894928
bb,long,pair,EUR_GBP,ATR_mid_33_67,mid,full,104,0.14881059312066575,0.14657673258668058,-0.13847980274922816
bb,long,pair,EUR_GBP,ATR_high_67_100,high,h1,61,-0.13219442008501425,0.08394097849011772,-0.29671873792564496
bb,long,pair,EUR_GBP,ATR_low_0_33,low,h1,53,-0.26633102241846984,0.07162031688670738,-0.4067068435164163
bb,long,pair,EUR_GBP,ATR_mid_33_67,mid,h1,44,0.4573393466643884,0.03951426064406755,0.37989139580201603
bb,long,pair,EUR_GBP,ATR_high_67_100,high,h2,41,0.23565809658913062,0.08086762825346623,0.07715754521233681
bb,long,pair,EUR_GBP,ATR_low_0_33,low,h2,61,0.31025988649096226,0.0437447332238237,0.2245202093722678
bb,long,pair,EUR_GBP,ATR_mid_33_67,mid,h2,60,-0.07744382614473082,0.10291360862436685,-0.2791544990484898
bb,long,pair,EUR_NOK,ATR_high_67_100,high,full,79,0.08579408240630922,0.05249014011086865,-0.017086592210993345
bb,long,pair,EUR_NOK,ATR_low_0_33,low,full,127,0.17465850659428084,0.05681784651476406,0.06329552742534328
bb,long,pair,EUR_NOK,ATR_mid_33_67,mid,full,106,0.2127383848014019,0.04916527359160875,0.11637444856184874
bb,long,pair,EUR_NOK,ATR_high_67_100,high,h1,25,0.11110930040393711,0.08909224080951246,-0.06351149158270732
bb,long,pair,EUR_NOK,ATR_low_0_33,low,h1,69,0.1376265659314638,0.06732153690858235,0.005676353590642391
bb,long,pair,EUR_NOK,ATR_mid_33_67,mid,h1,57,0.2571395878319977,0.06300321752174788,0.13365328148937183
bb,long,pair,EUR_NOK,ATR_high_67_100,high,h2,54,0.07407407407407407,0.09143032492697424,-0.10512936278279544
bb,long,pair,EUR_NOK,ATR_low_0_33,low,h2,58,0.21871374634832175,0.07770749216552178,0.06640706170389907
bb,long,pair,EUR_NOK,ATR_mid_33_67,mid,h2,49,0.16108800576581084,0.09371835355397438,-0.02259996719997895
bb,long,pair,EUR_USD,ATR_high_67_100,high,full,109,-0.0714310539113866,0.08677718047183398,-0.2415143276361812
bb,long,pair,EUR_USD,ATR_low_0_33,low,full,99,0.18069298636291833,0.03462871317894812,0.11282070853218003
bb,long,pair,EUR_USD,ATR_mid_33_67,mid,full,98,-0.18738744563946155,0.0760347380104308,-0.33641553213990594
bb,long,pair,EUR_USD,ATR_high_67_100,high,h1,54,0.09047318416397021,0.08231223754954974,-0.07085880143314727
bb,long,pair,EUR_USD,ATR_low_0_33,low,h1,53,0.2159023730054527,0.05956879216497699,0.0991475403620978
bb,long,pair,EUR_USD,ATR_mid_33_67,mid,h1,41,-0.20784048914834377,0.10848842008338161,-0.42047779251177175
bb,long,pair,EUR_USD,ATR_high_67_100,high,h2,55,-0.23039157856719145,0.11654387481736539,-0.4588175732092276
bb,long,pair,EUR_USD,ATR_low_0_33,low,h2,46,0.14012564957912874,0.082309490180603,-0.021200951174853155
bb,long,pair,EUR_USD,ATR_mid_33_67,mid,h2,57,-0.17267560732605503,0.1378697163931302,-0.44290025145659023
bb,long,pair,GBP_CAD,ATR_high_67_100,high,full,143,-0.0869160490057086,0.05043083283357077,-0.1857604813595073
bb,long,pair,GBP_CAD,ATR_low_0_33,low,full,81,-0.006906719910005616,0.06405494901262068,-0.13245441997474214
bb,long,pair,GBP_CAD,ATR_mid_33_67,mid,full,111,0.09615612450537642,0.061939247839381796,-0.025244801259811905
bb,long,pair,GBP_CAD,ATR_high_67_100,high,h1,62,-0.10851309244048987,0.0618861069715594,-0.2298098621047463
bb,long,pair,GBP_CAD,ATR_low_0_33,low,h1,43,-0.06976744186046512,0.11763830069722024,-0.30033851122701677
bb,long,pair,GBP_CAD,ATR_mid_33_67,mid,h1,61,0.11475409836065574,0.08827607240823751,-0.058267003559489786
bb,long,pair,GBP_CAD,ATR_high_67_100,high,h2,81,-0.07038497872229575,0.07978246247064898,-0.22675860516476776
bb,long,pair,GBP_CAD,ATR_low_0_33,low,h2,38,0.06422514966551436,0.07474794862564173,-0.08228082964074342
bb,long,pair,GBP_CAD,ATR_mid_33_67,mid,h2,50,0.07346659640193567,0.10467220200183595,-0.13169091952166279
bb,long,pair,NZD_CHF,ATR_high_67_100,high,full,134,0.06511213489411052,0.09838902376052812,-0.12773035167652458
bb,long,pair,NZD_CHF,ATR_low_0_33,low,full,98,0.2644179613808933,0.06249969791906291,0.14191855345953
bb,long,pair,NZD_CHF,ATR_mid_33_67,mid,full,105,-0.1329388616560553,0.06318389339249936,-0.25677929270535405
bb,long,pair,NZD_CHF,ATR_high_67_100,high,h1,57,0.24959167633868373,0.10173760427077339,0.050185971967967896
bb,long,pair,NZD_CHF,ATR_low_0_33,low,h1,42,0.17097101700738515,0.100709392470814,-0.02641939223541026
bb,long,pair,NZD_CHF,ATR_mid_33_67,mid,h1,41,-0.3489516474112113,0.07974666341528062,-0.5052551077051614
bb,long,pair,NZD_CHF,ATR_high_67_100,high,h2,77,-0.07145064253888522,0.05041398895493398,-0.17026206089055582
bb,long,pair,NZD_CHF,ATR_low_0_33,low,h2,56,0.33450316966102445,0.04660059548263642,0.24316600251505707
bb,long,pair,NZD_CHF,ATR_mid_33_67,mid,h2,64,0.0054443292183414815,0.12924307654753825,-0.24787210081483346
bb,long,pair,NZD_JPY,ATR_high_67_100,high,full,150,-0.03999999999999993,0.0402232921018809,-0.1188376525196865
bb,long,pair,NZD_JPY,ATR_low_0_33,low,full,73,-0.0958904109589041,0.1373390451392779,-0.36507493943188873
bb,long,pair,NZD_JPY,ATR_mid_33_67,mid,full,95,-0.010526315789473684,0.10090411355976829,-0.20829837836661955
bb,long,pair,NZD_JPY,ATR_high_67_100,high,h1,78,-0.025641025641025505,0.06713630179257751,-0.15722817715447743
bb,long,pair,NZD_JPY,ATR_low_0_33,low,h1,47,-0.23404255319148937,0.11036070262338606,-0.45034953033332603
bb,long,pair,NZD_JPY,ATR_mid_33_67,mid,h1,41,-0.07317073170731707,0.10730361818807357,-0.28348582335594125
bb,long,pair,NZD_JPY,ATR_high_67_100,high,h2,72,-0.05555555555555555,0.06259201680322185,-0.17823590848987036
bb,long,pair,NZD_JPY,ATR_low_0_33,low,h2,26,0.15384615384615385,0.21344877497547637,-0.26451344510577984
bb,long,pair,NZD_JPY,ATR_mid_33_67,mid,h2,54,0.037037037037037035,0.16373989404736602,-0.2838931552958004
bb,long,pair,NZD_USD,ATR_high_67_100,high,full,147,-0.006802721088435374,0.07990572234290386,-0.16341793688052694
bb,long,pair,NZD_USD,ATR_low_0_33,low,full,92,0.08965294599886443,0.07458319860353128,-0.05653012326405689
bb,long,pair,NZD_USD,ATR_mid_33_67,mid,full,96,0.0625,0.07503486374664843,-0.08456833294343091
bb,long,pair,NZD_USD,ATR_high_67_100,high,h1,73,-0.0684931506849315,0.09481186191901551,-0.25432440004620194
bb,long,pair,NZD_USD,ATR_low_0_33,low,h1,38,-0.05263157894736842,0.10979457718895519,-0.2678289502377206
bb,long,pair,NZD_USD,ATR_mid_33_67,mid,h1,37,0.2972972972972973,0.06960484587039624,0.16087179939132068
bb,long,pair,NZD_USD,ATR_high_67_100,high,h2,74,0.05405405405405406,0.08600606527231486,-0.11451783387968306
bb,long,pair,NZD_USD,ATR_low_0_33,low,h2,54,0.1897790931832505,0.060644322458488865,0.07091622116461234
bb,long,pair,NZD_USD,ATR_mid_33_67,mid,h2,59,-0.0847457627118644,0.0664043747680752,-0.2148983372572918
bb,long,pair,USD_CAD,ATR_high_67_100,high,full,116,0.0780367717519577,0.10135303210866511,-0.12061517118102594
bb,long,pair,USD_CAD,ATR_low_0_33,low,full,81,0.19115430907026862,0.041451671686648955,0.10990903256443667
bb,long,pair,USD_CAD,ATR_mid_33_67,mid,full,99,0.038721953413590596,0.10020937293325301,-0.15768841753558527
bb,long,pair,USD_CAD,ATR_high_67_100,high,h1,55,-0.033289923540658316,0.06601687177981108,-0.16268299222908805
bb,long,pair,USD_CAD,ATR_low_0_33,low,h1,43,0.12977211345777323,0.0970380667078532,-0.06042249728961904
bb,long,pair,USD_CAD,ATR_mid_33_67,mid,h1,58,-0.08423921621060516,0.08426163552037676,-0.2493920218305436
bb,long,pair,USD_CAD,ATR_high_67_100,high,h2,61,0.17841330029448035,0.12186236167603724,-0.060436928590552635
bb,long,pair,USD_CAD,ATR_low_0_33,low,h2,38,0.2606131093686187,0.08031805352909763,0.10318972445158736
bb,long,pair,USD_CAD,ATR_mid_33_67,mid,h2,41,0.21266702263806264,0.0899505033858627,0.03636403600177174
bb,long,pair,USD_JPY,ATR_high_67_100,high,full,143,0.06501979226660595,0.04457686733793246,-0.02235086771574167
bb,long,pair,USD_JPY,ATR_low_0_33,low,full,74,0.26285082527531245,0.14929727472499077,-0.02977183318566945
bb,long,pair,USD_JPY,ATR_mid_33_67,mid,full,74,0.36868815414734324,0.06597174593668684,0.23938353211143704
bb,long,pair,USD_JPY,ATR_high_67_100,high,h1,77,0.07000228381528512,0.06186754130132943,-0.05125809713532056
bb,long,pair,USD_JPY,ATR_low_0_33,low,h1,53,0.09415633609954557,0.10720909210241102,-0.11597348442118002
bb,long,pair,USD_JPY,ATR_mid_33_67,mid,h1,50,0.265658468138068,0.04023649341746796,0.1867949410398308
bb,long,pair,USD_JPY,ATR_high_67_100,high,h2,66,0.05920688545981362,0.06518920816829314,-0.06856396255004094
bb,long,pair,USD_JPY,ATR_low_0_33,low,h2,21,0.6886035836712955,0.08254347200756638,0.5268183785364654
bb,long,pair,USD_JPY,ATR_mid_33_67,mid,h2,24,0.5833333333333334,0.08450659414940659,0.41770040880049647
bb,long,pair,USD_SGD,ATR_high_67_100,high,full,124,-0.07208333050952308,0.1220617223123019,-0.3113243062416348
bb,long,pair,USD_SGD,ATR_low_0_33,low,full,99,0.040683152097444206,0.06019054781020911,-0.07729032161056565
bb,long,pair,USD_SGD,ATR_mid_33_67,mid,full,102,0.05409758485069504,0.06197827705295627,-0.06737983817309925
bb,long,pair,USD_SGD,ATR_high_67_100,high,h1,48,0.13703222086517783,0.1442658594940188,-0.14572886374309899
bb,long,pair,USD_SGD,ATR_low_0_33,low,h1,67,0.07186484001703795,0.07299843188121165,-0.07121208647013687
bb,long,pair,USD_SGD,ATR_mid_33_67,mid,h1,57,-0.038025566249294214,0.05483777197851918,-0.14550759932719182
bb,long,pair,USD_SGD,ATR_high_67_100,high,h2,76,-0.20415631032512366,0.12650486706242892,-0.45210584976748436
bb,long,pair,USD_SGD,ATR_low_0_33,low,h2,32,-0.024603506984205145,0.14871502740905845,-0.3160849607059597
bb,long,pair,USD_SGD,ATR_mid_33_67,mid,h2,45,0.1707869095773481,0.11395854063373421,-0.05257183006477095
bb,long,pooled,POOLED,ATR_high_67_100,high,full,2198,-0.000631619351267789,0.02825662736225351,-0.056014608981284665
bb,long,pooled,POOLED,ATR_low_0_33,low,full,1575,0.09764981946716511,0.02795614401790673,0.04285577719206792
bb,long,pooled,POOLED,ATR_mid_33_67,mid,full,1635,0.05959631404550726,0.03489650035044803,-0.00880082664137087
bb,long,pooled,POOLED,ATR_high_67_100,high,h1,1051,0.018448972692696238,0.027842098163456654,-0.0361215397076788
bb,long,pooled,POOLED,ATR_low_0_33,low,h1,848,0.057854957162768166,0.03999286839429979,-0.020531064890059424
bb,long,pooled,POOLED,ATR_mid_33_67,mid,h1,805,0.035557170074075384,0.055483461164713525,-0.07319041380876312
bb,long,pooled,POOLED,ATR_high_67_100,high,h2,1147,-0.018115230718492022,0.03705778597068097,-0.09074849122102673
bb,long,pooled,POOLED,ATR_low_0_33,low,h2,727,0.1440680357451962,0.04514599263000829,0.05558189019037994
bb,long,pooled,POOLED,ATR_mid_33_67,mid,h2,830,0.08291138741539003,0.041208045557693994,0.002143618122309801
bb,short,pair,AUD_CAD,ATR_high_67_100,high,full,115,0.16549422071654488,0.05943715888689109,0.04899738929823834
bb,short,pair,AUD_CAD,ATR_low_0_33,low,full,94,0.18745734623988908,0.08763967035358922,0.015683592346854208
bb,short,pair,AUD_CAD,ATR_mid_33_67,mid,full,91,-0.03661068636738063,0.06777670326843982,-0.16945302477352267
bb,short,pair,AUD_CAD,ATR_high_67_100,high,h1,50,0.10382236787538432,0.10264405025150368,-0.09735997061756288
bb,short,pair,AUD_CAD,ATR_low_0_33,low,h1,58,0.066419726008316,0.05891251166794568,-0.04904879686085753
bb,short,pair,AUD_CAD,ATR_mid_33_67,mid,h1,41,-0.09619163093049443,0.1518308157982103,-0.3937800298949866
bb,short,pair,AUD_CAD,ATR_high_67_100,high,h2,65,0.21293410751743766,0.08758436148439525,0.04126875900802299
bb,short,pair,AUD_CAD,ATR_low_0_33,low,h2,36,0.3824624010574234,0.10063565927467297,0.1852165088790644
bb,short,pair,AUD_CAD,ATR_mid_33_67,mid,h2,50,0.012245688174372714,0.09804918931209196,-0.17993072287732753
bb,short,pair,AUD_JPY,ATR_high_67_100,high,full,96,0.016181763048183556,0.042018482548922195,-0.06617446274770394
bb,short,pair,AUD_JPY,ATR_low_0_33,low,full,141,-0.037915053041519944,0.03580791823822376,-0.10809857278843851
bb,short,pair,AUD_JPY,ATR_mid_33_67,mid,full,93,-0.01491964016068556,0.06606561903922661,-0.14440825347756972
bb,short,pair,AUD_JPY,ATR_high_67_100,high,h1,52,-0.008587514372584204,0.05134202727563217,-0.10921788783282325
bb,short,pair,AUD_JPY,ATR_low_0_33,low,h1,79,-0.05029888163958011,0.05411130905743555,-0.15635704739215378
bb,short,pair,AUD_JPY,ATR_mid_33_67,mid,h1,44,-0.07867902547798798,0.06013664877530371,-0.19654685707758324
bb,short,pair,AUD_JPY,ATR_high_67_100,high,h2,44,0.045454545454545456,0.11558712520023678,-0.18109621993791863
bb,short,pair,AUD_JPY,ATR_low_0_33,low,h2,62,-0.022135658537540057,0.05547648807889295,-0.13086957517217024
bb,short,pair,AUD_JPY,ATR_mid_33_67,mid,h2,49,0.04233368543036151,0.11118514990310635,-0.17558920837972694
bb,short,pair,CAD_CHF,ATR_high_67_100,high,full,97,0.12596212235298154,0.044958987103385264,0.037842507630346425
bb,short,pair,CAD_CHF,ATR_low_0_33,low,full,100,0.06410575734558296,0.08269723599775214,-0.09798082521001122
bb,short,pair,CAD_CHF,ATR_mid_33_67,mid,full,100,0.1583541888541137,0.07271524555714172,0.015832307562115927
bb,short,pair,CAD_CHF,ATR_high_67_100,high,h1,63,0.07936507936507936,0.09691676057952969,-0.11059177137079884
bb,short,pair,CAD_CHF,ATR_low_0_33,low,h1,47,0.006812206140179349,0.10945334314221851,-0.20771634641856893
bb,short,pair,CAD_CHF,ATR_mid_33_67,mid,h1,51,0.13515207688134992,0.05304345148246969,0.03118691197570933
bb,short,pair,CAD_CHF,ATR_high_67_100,high,h2,34,0.21230370200703566,0.08539370902028082,0.044932032327285265
bb,short,pair,CAD_CHF,ATR_low_0_33,low,h2,53,0.11491324615037485,0.1419457389420949,-0.16330040217613112
bb,short,pair,CAD_CHF,ATR_mid_33_67,mid,h2,49,0.18250332580535772,0.16851411254984844,-0.1477843347923452
bb,short,pair,CAD_JPY,ATR_high_67_100,high,full,96,-0.16836344904404799,0.062362333326024214,-0.2905936223630554
bb,short,pair,CAD_JPY,ATR_low_0_33,low,full,130,0.22186608475559155,0.04280912127781004,0.13796020705108386
bb,short,pair,CAD_JPY,ATR_mid_33_67,mid,full,112,-0.011617150298334575,0.059264658319355824,-0.127775880604272
bb,short,pair,CAD_JPY,ATR_high_67_100,high,h1,54,-0.07894892795825112,0.056133957834604474,-0.18897148531407587
bb,short,pair,CAD_JPY,ATR_low_0_33,low,h1,49,0.2653061224489796,0.06057362419890982,0.14658181901911638
bb,short,pair,CAD_JPY,ATR_mid_33_67,mid,h1,55,-0.04183856060751768,0.11408788320706602,-0.2654508116933671
bb,short,pair,CAD_JPY,ATR_high_67_100,high,h2,42,-0.2833249761543583,0.061955229565961535,-0.4047572261036429
bb,short,pair,CAD_JPY,ATR_low_0_33,low,h2,81,0.1955875434349,0.046886824728171,0.10368936696768484
bb,short,pair,CAD_JPY,ATR_mid_33_67,mid,h2,57,0.017543859649122806,0.07569141171320234,-0.1308113073087538
bb,short,pair,CHF_JPY,ATR_high_67_100,high,full,134,-0.03232593750135324,0.056277508604056115,-0.14262985436530323
bb,short,pair,CHF_JPY,ATR_low_0_33,low,full,123,-0.023789805233593433,0.12331904721354303,-0.2654951377721378
bb,short,pair,CHF_JPY,ATR_mid_33_67,mid,full,90,0.030962846661078163,0.10981812363177049,-0.184280675657192
bb,short,pair,CHF_JPY,ATR_high_67_100,high,h1,59,0.06077793521005111,0.08005680876015214,-0.09613340995984708
bb,short,pair,CHF_JPY,ATR_low_0_33,low,h1,58,0.1479619686547307,0.055238087702618295,0.03969531675759885
bb,short,pair,CHF_JPY,ATR_mid_33_67,mid,h1,47,0.11660884044310063,0.21396763112949665,-0.3027677165707128
bb,short,pair,CHF_JPY,ATR_high_67_100,high,h2,75,-0.10556765070099135,0.05168247959092834,-0.20686531069921088
bb,short,pair,CHF_JPY,ATR_low_0_33,low,h2,65,-0.17704523424163648,0.13566784283852684,-0.4429542062051491
bb,short,pair,CHF_JPY,ATR_mid_33_67,mid,h2,43,-0.06265021630996968,0.09074478713761759,-0.24050999909970017
bb,short,pair,EUR_CAD,ATR_high_67_100,high,full,147,0.05287727634646751,0.043627638964701454,-0.03263289602434734
bb,short,pair,EUR_CAD,ATR_low_0_33,low,full,99,-0.031566731994025585,0.07168598438496725,-0.17207126138856138
bb,short,pair,EUR_CAD,ATR_mid_33_67,mid,full,113,0.1565719726643981,0.09263416830993981,-0.024990997223083927
bb,short,pair,EUR_CAD,ATR_high_67_100,high,h1,62,-0.0370353667095784,0.09262132996558958,-0.21857317344213398
bb,short,pair,EUR_CAD,ATR_low_0_33,low,h1,47,0.09605692724790565,0.09745799087439579,-0.09496073486591008
bb,short,pair,EUR_CAD,ATR_mid_33_67,mid,h1,60,0.07064745654985925,0.1496523851982799,-0.2226712184387693
bb,short,pair,EUR_CAD,ATR_high_67_100,high,h2,85,0.11846061598734804,0.07719483436612469,-0.03284125937025635
bb,short,pair,EUR_CAD,ATR_low_0_33,low,h2,52,-0.1469188855396173,0.07700219768738734,-0.29784319300689643
bb,short,pair,EUR_CAD,ATR_mid_33_67,mid,h2,53,0.25384500977519675,0.062016839057201255,0.1322920052230823
bb,short,pair,EUR_CHF,ATR_high_67_100,high,full,96,0.16541228213223627,0.05090072520594033,0.06564686072859323
bb,short,pair,EUR_CHF,ATR_low_0_33,low,full,105,-0.08803455245216482,0.08651342842142123,-0.2576008721581504
bb,short,pair,EUR_CHF,ATR_mid_33_67,mid,full,85,-0.025108816518581552,0.09018669868267748,-0.2018747459366294
bb,short,pair,EUR_CHF,ATR_high_67_100,high,h1,52,0.29596319855974984,0.0589314372744974,0.18045758150173494
bb,short,pair,EUR_CHF,ATR_low_0_33,low,h1,57,-0.1996643865614661,0.07941510866246408,-0.3553179995398957
bb,short,pair,EUR_CHF,ATR_mid_33_67,mid,h1,45,-0.105889166734974,0.13250747247369557,-0.3656038127834173
bb,short,pair,EUR_CHF,ATR_high_67_100,high,h2,44,0.011124835445174775,0.11174434964111717,-0.20789408985141486
bb,short,pair,EUR_CHF,ATR_low_0_33,low,h2,48,0.044525875552630455,0.11283451957122076,-0.17662978280696223
bb,short,pair,EUR_CHF,ATR_mid_33_67,mid,h2,40,0.06576907747485997,0.10958600352729642,-0.14901948943864102
bb,short,pair,EUR_GBP,ATR_high_67_100,high,full,132,0.21123378197923406,0.06539389301134677,0.0830617516769944
bb,short,pair,EUR_GBP,ATR_low_0_33,low,full,81,0.02882771626159995,0.08420014515326268,-0.13620456823879493
bb,short,pair,EUR_GBP,ATR_mid_33_67,mid,full,94,0.02878739981380366,0.04612174789938302,-0.06161122606898705
bb,short,pair,EUR_GBP,ATR_high_67_100,high,h1,55,0.04112821648320697,0.052185622062479044,-0.061155602759251956
bb,short,pair,EUR_GBP,ATR_low_0_33,low,h1,58,0.016516283387163152,0.13128513845438808,-0.24080258798343745
bb,short,pair,EUR_GBP,ATR_mid_33_67,mid,h1,50,0.036987114125111624,0.09014478702990729,-0.13969666845350664
bb,short,pair,EUR_GBP,ATR_high_67_100,high,h2,77,0.33273775733353916,0.08902737722865342,0.15824409796537847
bb,short,pair,EUR_GBP,ATR_low_0_33,low,h2,23,0.05987393829278843,0.06620686960111079,-0.06989152612538871
bb,short,pair,EUR_GBP,ATR_mid_33_67,mid,h2,44,0.019469542641862767,0.07681852155563955,-0.13109475960719075
bb,short,pair,EUR_NOK,ATR_high_67_100,high,full,145,-0.08203976057273694,0.09489603116622493,-0.2680359816585378
bb,short,pair,EUR_NOK,ATR_low_0_33,low,full,82,-0.09083430732353241,0.047431299599002774,-0.18379965453757785
bb,short,pair,EUR_NOK,ATR_mid_33_67,mid,full,96,0.030084644559472157,0.038068087518164574,-0.0445288069761304
bb,short,pair,EUR_NOK,ATR_high_67_100,high,h1,73,-0.09073767212259656,0.13392024330720254,-0.3532213490047136
bb,short,pair,EUR_NOK,ATR_low_0_33,low,h1,26,0.05074767131550776,0.11045443424691521,-0.16574301980844605
bb,short,pair,EUR_NOK,ATR_mid_33_67,mid,h1,55,0.11962404187712168,0.11007502781550246,-0.09612301264126315
bb,short,pair,EUR_NOK,ATR_high_67_100,high,h2,72,-0.07322104469579595,0.10621368167568053,-0.2813998607801298
bb,short,pair,EUR_NOK,ATR_low_0_33,low,h2,56,-0.15656879740594393,0.08676650550495901,-0.3266311481956636
bb,short,pair,EUR_NOK,ATR_mid_33_67,mid,h2,41,-0.09002918111054552,0.13572125423633555,-0.3560428394137632
bb,short,pair,EUR_USD,ATR_high_67_100,high,full,136,0.04052031668549897,0.07896841133990502,-0.11425776954071487
bb,short,pair,EUR_USD,ATR_low_0_33,low,full,89,0.15328044069783195,0.09193896762584863,-0.026919935848831372
bb,short,pair,EUR_USD,ATR_mid_33_67,mid,full,93,0.16158585483400995,0.06072445814469009,0.04256591687041737
bb,short,pair,EUR_USD,ATR_high_67_100,high,h1,64,0.03508242708042156,0.13073027391356462,-0.22114890979016508
bb,short,pair,EUR_USD,ATR_low_0_33,low,h1,47,-0.01022613846119266,0.11954613428779896,-0.24453656166527862
bb,short,pair,EUR_USD,ATR_mid_33_67,mid,h1,51,0.1537494253285513,0.09122730638849805,-0.025056095192904887
bb,short,pair,EUR_USD,ATR_high_67_100,high,h2,72,0.045353996334456664,0.14694232814508656,-0.24265296682991302
bb,short,pair,EUR_USD,ATR_low_0_33,low,h2,42,0.33625208880435953,0.07893777394019162,0.18153405188158395
bb,short,pair,EUR_USD,ATR_mid_33_67,mid,h2,42,0.17110151923349542,0.1569268176655386,-0.13647504339096023
bb,short,pair,GBP_CAD,ATR_high_67_100,high,full,117,0.0675081850165982,0.08235183658067197,-0.09390141468151886
bb,short,pair,GBP_CAD,ATR_low_0_33,low,full,98,-0.018105240576432747,0.045161001022089586,-0.10662080257972834
bb,short,pair,GBP_CAD,ATR_mid_33_67,mid,full,101,0.10200040058374416,0.03747480618382415,0.028549780463448818
bb,short,pair,GBP_CAD,ATR_high_67_100,high,h1,52,-0.017958119602524435,0.14796170677620082,-0.30796306488387803
bb,short,pair,GBP_CAD,ATR_low_0_33,low,h1,55,-0.08598993775288628,0.05845908656232188,-0.20056974741503716
bb,short,pair,GBP_CAD,ATR_mid_33_67,mid,h1,50,0.12,0.07683332610267503,-0.030593319161243054
bb,short,pair,GBP_CAD,ATR_high_67_100,high,h2,65,0.1358812287118963,0.060838027183278964,0.016638695432669548
bb,short,pair,GBP_CAD,ATR_low_0_33,low,h2,43,0.06872402325391481,0.11596637624649403,-0.15857007418921348
bb,short,pair,GBP_CAD,ATR_mid_33_67,mid,h2,51,0.08435373448937569,0.05364111643680884,-0.020782853726769634
bb,short,pair,NZD_CHF,ATR_high_67_100,high,full,98,0.10702141923186743,0.0675101690189307,-0.02529851204523674
bb,short,pair,NZD_CHF,ATR_low_0_33,low,full,120,0.15579509778507444,0.0404504036664992,0.07651230659873602
bb,short,pair,NZD_CHF,ATR_mid_33_67,mid,full,95,0.06746985289708077,0.06922283949663674,-0.06820691251632724
bb,short,pair,NZD_CHF,ATR_high_67_100,high,h1,48,-0.041666666666666664,0.1747539065972872,-0.3841843235973496
bb,short,pair,NZD_CHF,ATR_low_0_33,low,h1,65,0.1076923076923077,0.0462841431917838,0.016975387036411452
bb,short,pair,NZD_CHF,ATR_mid_33_67,mid,h1,49,0.04588801770293891,0.11049998010342402,-0.17069194329977216
bb,short,pair,NZD_CHF,ATR_high_67_100,high,h2,50,0.24976198169446018,0.06752290519528367,0.11741708751170418
bb,short,pair,NZD_CHF,ATR_low_0_33,low,h2,55,0.21264384971288963,0.08700387471224418,0.04211625527689106
bb,short,pair,NZD_CHF,ATR_mid_33_67,mid,h2,46,0.0904591990821449,0.12563002871937584,-0.15577565720783176
bb,short,pair,NZD_JPY,ATR_high_67_100,high,full,74,-0.11889191326327399,0.10144583712809256,-0.3177257540343354
bb,short,pair,NZD_JPY,ATR_low_0_33,low,full,151,-0.09030203095638753,0.10551423491172275,-0.2971099313833641
bb,short,pair,NZD_JPY,ATR_mid_33_67,mid,full,102,-0.17647058823529413,0.08992930284415343,-0.3527320218098349
bb,short,pair,NZD_JPY,ATR_high_67_100,high,h1,41,-0.04385369710932378,0.13925041933313712,-0.31678451900227256
bb,short,pair,NZD_JPY,ATR_low_0_33,low,h1,71,-0.23943661971830985,0.04310502473490515,-0.32392246819872395
bb,short,pair,NZD_JPY,ATR_mid_33_67,mid,h1,52,-0.2692307692307692,0.11508790176284057,-0.4948030566859367
bb,short,pair,NZD_JPY,ATR_high_67_100,high,h2,33,-0.21212121212121213,0.1584902360704174,-0.5227620748192302
bb,short,pair,NZD_JPY,ATR_low_0_33,low,h2,80,0.04205491656981854,0.11055225279530657,-0.17462749890898233
bb,short,pair,NZD_JPY,ATR_mid_33_67,mid,h2,50,-0.08,0.11161361924066424,-0.2987626937117019
bb,short,pair,NZD_USD,ATR_high_67_100,high,full,134,-0.029850746268656716,0.05011876754667473,-0.12808353066013917
bb,short,pair,NZD_USD,ATR_low_0_33,low,full,93,0.16129032258064516,0.08442558010701369,-0.004183814429101679
bb,short,pair,NZD_USD,ATR_mid_33_67,mid,full,96,0.20833333333333334,0.09222223397247148,0.02757775474728924
bb,short,pair,NZD_USD,ATR_high_67_100,high,h1,69,0.043478260869565216,0.04197436167795614,-0.03879148801922881
bb,short,pair,NZD_USD,ATR_low_0_33,low,h1,48,-0.041666666666666664,0.08554789161576264,-0.20934053423356141
bb,short,pair,NZD_USD,ATR_mid_33_67,mid,h1,53,0.018867924528301886,0.09454292729197755,-0.16643621296397412
bb,short,pair,NZD_USD,ATR_high_67_100,high,h2,65,-0.1076923076923077,0.052375655331309126,-0.2103485921416736
bb,short,pair,NZD_USD,ATR_low_0_33,low,h2,45,0.37777777777777777,0.0929515128565195,0.19559281257899958
bb,short,pair,NZD_USD,ATR_mid_33_67,mid,h2,43,0.4418604651162791,0.0823487996135176,0.2804568178737846
bb,short,pair,USD_CAD,ATR_high_67_100,high,full,157,0.017551687387126556,0.047715392506874704,-0.07597048192634787
bb,short,pair,USD_CAD,ATR_low_0_33,low,full,102,-0.01484707346678795,0.03726981804480099,-0.08789591683459788
bb,short,pair,USD_CAD,ATR_mid_33_67,mid,full,88,0.18577083673693434,0.05673330985659848,0.07457354941800132
bb,short,pair,USD_CAD,ATR_high_67_100,high,h1,81,0.05001864495666055,0.08307496031218022,-0.11280827725521267
bb,short,pair,USD_CAD,ATR_low_0_33,low,h1,42,0.04052353696967225,0.07831317783720915,-0.11297029159125765
bb,short,pair,USD_CAD,ATR_mid_33_67,mid,h1,48,0.3327155736772054,0.04581695772071247,0.24291433654460895
bb,short,pair,USD_CAD,ATR_high_67_100,high,h2,76,-0.017051254233034656,0.04443288595766485,-0.10413971071005776
bb,short,pair,USD_CAD,ATR_low_0_33,low,h2,60,-0.05360650077231008,0.07831282118862191,-0.20709963030200904
bb,short,pair,USD_CAD,ATR_mid_33_67,mid,h2,40,0.009437152408609017,0.07046909998010925,-0.12868228355240513
bb,short,pair,USD_JPY,ATR_high_67_100,high,full,95,-0.032082627846305736,0.03652396627657025,-0.10366960174838342
bb,short,pair,USD_JPY,ATR_low_0_33,low,full,139,-0.13809130210979678,0.09586054553861652,-0.3259779713654851
bb,short,pair,USD_JPY,ATR_mid_33_67,mid,full,84,-0.11367884022105007,0.061400454487042566,-0.2340237310156535
bb,short,pair,USD_JPY,ATR_high_67_100,high,h1,47,-0.04000465580036336,0.08271557021531795,-0.20212717342238654
bb,short,pair,USD_JPY,ATR_low_0_33,low,h1,59,0.0024472861247069005,0.06974329565558339,-0.13424957336023655
bb,short,pair,USD_JPY,ATR_mid_33_67,mid,h1,40,-0.026457668919202804,0.1011444068218226,-0.2247007062899751
bb,short,pair,USD_JPY,ATR_high_67_100,high,h2,48,-0.024325642141290977,0.05116633804341357,-0.12461166470638158
bb,short,pair,USD_JPY,ATR_low_0_33,low,h2,80,-0.24173851093274323,0.1196687460448939,-0.4762892531807353
bb,short,pair,USD_JPY,ATR_mid_33_67,mid,h2,44,-0.19297081413182032,0.11009254993722156,-0.40875221200877454
bb,short,pair,USD_SGD,ATR_high_67_100,high,full,109,-0.07083002108929028,0.07685101302220318,-0.2214580066128085
bb,short,pair,USD_SGD,ATR_low_0_33,low,full,133,0.17647174958876408,0.0859439824603196,0.008021543966537648
bb,short,pair,USD_SGD,ATR_mid_33_67,mid,full,83,0.1614285144223072,0.08736105493853524,-0.00979915325722186
bb,short,pair,USD_SGD,ATR_high_67_100,high,h1,56,-0.13698367367427922,0.14942797774844244,-0.4298625100612264
bb,short,pair,USD_SGD,ATR_low_0_33,low,h1,64,0.37687986308888854,0.05156425776257234,0.27581391787424675
bb,short,pair,USD_SGD,ATR_mid_33_67,mid,h1,38,0.4113554758513706,0.08794853189434022,0.2389763533384638
bb,short,pair,USD_SGD,ATR_high_67_100,high,h2,53,-0.0009318221315661022,0.07241871273010572,-0.1428724990825733
bb,short,pair,USD_SGD,ATR_low_0_33,low,h2,69,-0.009414036846134026,0.06230858803508796,-0.13153886939490642
bb,short,pair,USD_SGD,ATR_mid_33_67,mid,h2,45,-0.04962091967334634,0.11223551867554564,-0.2696025362774158
bb,short,pooled,POOLED,ATR_high_67_100,high,full,1978,0.027823704555486738,0.02512198115441566,-0.021415378507167952
bb,short,pooled,POOLED,ATR_low_0_33,low,full,1880,0.032877120761896333,0.029308076791664958,-0.024566709749766984
bb,short,pooled,POOLED,ATR_mid_33_67,mid,full,1616,0.05426418252438195,0.025654158459888204,0.00398203194300107
bb,short,pooled,POOLED,ATR_high_67_100,high,h1,978,0.013101202832544463,0.026500922108125862,-0.038840604499382224
bb,short,pooled,POOLED,ATR_low_0_33,low,h1,930,0.027901617585497824,0.03692189824290984,-0.04446530297060547
bb,short,pooled,POOLED,ATR_mid_33_67,mid,h1,829,0.0533200385040824,0.03244977037886035,-0.010281511438483881
bb,short,pooled,POOLED,ATR_high_67_100,high,h2,1000,0.04222231124052429,0.038371597685066795,-0.03298602022220662
bb,short,pooled,POOLED,ATR_low_0_33,low,h2,950,0.037747876503002244,0.045992233583227626,-0.0523969013201239
bb,short,pooled,POOLED,ATR_mid_33_67,mid,h2,787,0.055258712883757194,0.031245836648816964,-0.005983126947924057
cci,long,pair,AUD_CAD,ATR_high_67_100,high,full,368,0.13059756584122048,0.05157428438179028,0.02951196845291154
cci,long,pair,AUD_CAD,ATR_low_0_33,low,full,438,-0.05712571727994659,0.0942127118406269,-0.2417826324875753
cci,long,pair,AUD_CAD,ATR_mid_33_67,mid,full,325,0.003992888574366998,0.056858410485855444,-0.10744959597790966
cci,long,pair,AUD_CAD,ATR_high_67_100,high,h1,161,0.0668659932907939,0.05083223786938713,-0.03276519293320486
cci,long,pair,AUD_CAD,ATR_low_0_33,low,h1,217,-0.03001688442302792,0.09232058359473515,-0.2109652282687088
cci,long,pair,AUD_CAD,ATR_mid_33_67,mid,h1,179,0.037906226971284956,0.05964559672759539,-0.07899914261480201
cci,long,pair,AUD_CAD,ATR_high_67_100,high,h2,207,0.18016656671377448,0.06914703299175144,0.044638382049941666
cci,long,pair,AUD_CAD,ATR_low_0_33,low,h2,221,-0.08374389252859525,0.1742776827394361,-0.42532815069789004
cci,long,pair,AUD_CAD,ATR_mid_33_67,mid,h2,146,-0.0375857934328132,0.10345728261171315,-0.24036206735177099
cci,long,pair,AUD_JPY,ATR_high_67_100,high,full,424,0.03955343770954763,0.05007520537710463,-0.05859396482957744
cci,long,pair,AUD_JPY,ATR_low_0_33,low,full,350,-0.03844485616666128,0.07512366841277876,-0.18568724625570765
cci,long,pair,AUD_JPY,ATR_mid_33_67,mid,full,310,0.07385983412372549,0.0889019301978775,-0.10038794906411441
cci,long,pair,AUD_JPY,ATR_high_67_100,high,h1,212,-0.009433962264150943,0.07313060919764904,-0.15276995629154305
cci,long,pair,AUD_JPY,ATR_low_0_33,low,h1,172,0.04967616477714274,0.08737188573491005,-0.12157273126328094
cci,long,pair,AUD_JPY,ATR_mid_33_67,mid,h1,159,-0.06905218387558636,0.09553961563550407,-0.25630983052117434
cci,long,pair,AUD_JPY,ATR_high_67_100,high,h2,212,0.0885408376832462,0.05210624327123416,-0.013587399128372743
cci,long,pair,AUD_JPY,ATR_low_0_33,low,h2,178,-0.12359550561797752,0.12020254912677474,-0.359192501906456
cci,long,pair,AUD_JPY,ATR_mid_33_67,mid,h2,151,0.22434334976538503,0.049725950166597324,0.12688048743885427
cci,long,pair,CAD_CHF,ATR_high_67_100,high,full,403,-0.03511612645585787,0.039741801050149676,-0.11301005651415125
cci,long,pair,CAD_CHF,ATR_low_0_33,low,full,405,-0.010852773512732347,0.029962172665075063,-0.06957863193627947
cci,long,pair,CAD_CHF,ATR_mid_33_67,mid,full,373,-0.0553609537989004,0.03093732094517485,-0.1159981028514431
cci,long,pair,CAD_CHF,ATR_high_67_100,high,h1,199,0.019356519974106527,0.07372444873201854,-0.1251433995406498
cci,long,pair,CAD_CHF,ATR_low_0_33,low,h1,196,0.02583957908952808,0.06117034729418939,-0.09405430160708311
cci,long,pair,CAD_CHF,ATR_mid_33_67,mid,h1,197,-0.07127224276613864,0.05420216458152591,-0.17750848534592942
cci,long,pair,CAD_CHF,ATR_high_67_100,high,h2,204,-0.0882536590027349,0.034054410967815626,-0.15500030449965352
cci,long,pair,CAD_CHF,ATR_low_0_33,low,h2,209,-0.04526282667083304,0.03684724137333336,-0.11748341976256643
cci,long,pair,CAD_CHF,ATR_mid_33_67,mid,h2,176,-0.03755115876170759,0.030910757189481577,-0.09813624285309147
cci,long,pair,CAD_JPY,ATR_high_67_100,high,full,417,0.011538868031201502,0.0373448020630224,-0.061656944012322405
cci,long,pair,CAD_JPY,ATR_low_0_33,low,full,377,-0.04744651902178297,0.06764783965177176,-0.18003628473925565
cci,long,pair,CAD_JPY,ATR_mid_33_67,mid,full,285,0.09297668314774518,0.09624843948322351,-0.09567025823937289
cci,long,pair,CAD_JPY,ATR_high_67_100,high,h1,197,-0.03944892931955374,0.05624554386079679,-0.14969019528671546
cci,long,pair,CAD_JPY,ATR_low_0_33,low,h1,198,-0.026789089359299433,0.06451217621063461,-0.15323295473214327
cci,long,pair,CAD_JPY,ATR_mid_33_67,mid,h1,154,0.009729575955242696,0.13006916488343118,-0.2452059872162824
cci,long,pair,CAD_JPY,ATR_high_67_100,high,h2,220,0.05719612293165051,0.02574137291413805,0.006743032019939935
cci,long,pair,CAD_JPY,ATR_low_0_33,low,h2,179,-0.07029663674899937,0.14200854235715055,-0.34863337976901443
cci,long,pair,CAD_JPY,ATR_mid_33_67,mid,h2,131,0.19083969465648856,0.14286766773703535,-0.08918093410810071
cci,long,pair,CHF_JPY,ATR_high_67_100,high,full,367,0.15153388286891092,0.07673979974755996,0.0011238753636934051
cci,long,pair,CHF_JPY,ATR_low_0_33,low,full,412,0.11933830597139523,0.05235945252645129,0.016713779019550706
cci,long,pair,CHF_JPY,ATR_mid_33_67,mid,full,338,0.06208073415551821,0.04644950786921696,-0.02896030126814704
cci,long,pair,CHF_JPY,ATR_high_67_100,high,h1,180,0.012954317673186298,0.08481594916685062,-0.1532849426938409
cci,long,pair,CHF_JPY,ATR_low_0_33,low,h1,247,0.15672282483852215,0.09645559325925458,-0.03233013794961684
cci,long,pair,CHF_JPY,ATR_mid_33_67,mid,h1,174,0.021923738753853252,0.050274570236378234,-0.07661441890944808
cci,long,pair,CHF_JPY,ATR_high_67_100,high,h2,187,0.2849259777097153,0.0441535513534643,0.19838501705692524
cci,long,pair,CHF_JPY,ATR_low_0_33,low,h2,165,0.06337481409151433,0.05070720280966432,-0.03601130341542774
cci,long,pair,CHF_JPY,ATR_mid_33_67,mid,h2,164,0.10468632683777247,0.07843008133704965,-0.04903663258284484
cci,long,pair,EUR_CAD,ATR_high_67_100,high,full,381,-0.016509547732150385,0.05333151138194275,-0.12103931004075817
cci,long,pair,EUR_CAD,ATR_low_0_33,low,full,391,0.10686780478851543,0.0744134154377241,-0.038982489469423814
cci,long,pair,EUR_CAD,ATR_mid_33_67,mid,full,360,0.027239855339439543,0.08198921575531197,-0.13345900754097192
cci,long,pair,EUR_CAD,ATR_high_67_100,high,h1,180,-0.02399847867059126,0.11051262969895005,-0.24060323288053337
cci,long,pair,EUR_CAD,ATR_low_0_33,low,h1,214,0.1815641352905544,0.10246067329191522,-0.019258784361599418
cci,long,pair,EUR_CAD,ATR_mid_33_67,mid,h1,171,0.09833986144946086,0.07729381954284689,-0.053156024854519035
cci,long,pair,EUR_CAD,ATR_high_67_100,high,h2,201,-0.009803042414143627,0.041719032922949775,-0.09157234694312519
cci,long,pair,EUR_CAD,ATR_low_0_33,low,h2,177,0.01655698711938355,0.05796774433833593,-0.09705979178375487
cci,long,pair,EUR_CAD,ATR_mid_33_67,mid,h2,189,-0.03708872161724639,0.12277836696977687,-0.27773432087800903
cci,long,pair,EUR_CHF,ATR_high_67_100,high,full,393,-0.10872703669199822,0.06078388285432956,-0.22786344708648415
cci,long,pair,EUR_CHF,ATR_low_0_33,low,full,433,-0.016583006158312916,0.07563608597875349,-0.16482973467666973
cci,long,pair,EUR_CHF,ATR_mid_33_67,mid,full,333,-0.04897049030851808,0.05280187457711681,-0.15246216447966704
cci,long,pair,EUR_CHF,ATR_high_67_100,high,h1,195,-0.07316096448895516,0.07946078439799024,-0.22890410190901606
cci,long,pair,EUR_CHF,ATR_low_0_33,low,h1,216,0.0170084539262098,0.1460112086796398,-0.26917351508588416
cci,long,pair,EUR_CHF,ATR_mid_33_67,mid,h1,147,0.05885385211280245,0.057199579876844854,-0.05325732444581346
cci,long,pair,EUR_CHF,ATR_high_67_100,high,h2,198,-0.14375422901317697,0.08682603951403921,-0.3139332664606938
cci,long,pair,EUR_CHF,ATR_low_0_33,low,h2,217,-0.050019666887607415,0.05872462433939886,-0.16511993059282917
cci,long,pair,EUR_CHF,ATR_mid_33_67,mid,h2,186,-0.13418650286730366,0.06917989222988816,-0.26977909163788444
cci,long,pair,EUR_GBP,ATR_high_67_100,high,full,409,0.1630863670071266,0.03801013758999943,0.08858649733072771
cci,long,pair,EUR_GBP,ATR_low_0_33,low,full,433,0.011109913485614744,0.052425777246401586,-0.09164460991733236
cci,long,pair,EUR_GBP,ATR_mid_33_67,mid,full,322,0.1609560708187513,0.05291979574927471,0.05723327115017286
cci,long,pair,EUR_GBP,ATR_high_67_100,high,h1,220,0.18603942075630484,0.053687279064320886,0.0808123537902359
cci,long,pair,EUR_GBP,ATR_low_0_33,low,h1,198,-0.09962513127378125,0.07906257695241459,-0.2545877821005138
cci,long,pair,EUR_GBP,ATR_mid_33_67,mid,h1,148,0.2351697397356988,0.06355412825641665,0.11060364835312216
cci,long,pair,EUR_GBP,ATR_high_67_100,high,h2,189,0.13636852666416777,0.0408620717795833,0.056278865976184506
cci,long,pair,EUR_GBP,ATR_low_0_33,low,h2,235,0.10441007885736119,0.06310821109709591,-0.0192820148929468
cci,long,pair,EUR_GBP,ATR_mid_33_67,mid,h2,174,0.09783180070548561,0.0386828453092254,0.02201342389940382
cci,long,pair,EUR_NOK,ATR_high_67_100,high,full,341,0.02757948672518062,0.06173812217099166,-0.09342723272996302
cci,long,pair,EUR_NOK,ATR_low_0_33,low,full,439,0.12728586725823468,0.058809369277704464,0.012019503473933935
cci,long,pair,EUR_NOK,ATR_mid_33_67,mid,full,349,0.0634202112453168,0.06726620168840097,-0.0684215440639491
cci,long,pair,EUR_NOK,ATR_high_67_100,high,h1,161,0.01581569724436486,0.04982415035043337,-0.08183963744248454
cci,long,pair,EUR_NOK,ATR_low_0_33,low,h1,238,0.15741130454885216,0.09953084072771426,-0.03766914327746779
cci,long,pair,EUR_NOK,ATR_mid_33_67,mid,h1,160,0.0791093374378871,0.032396941604835555,0.015611331892409416
cci,long,pair,EUR_NOK,ATR_high_67_100,high,h2,180,0.038101542871910275,0.11055011814988908,-0.1785766887018723
cci,long,pair,EUR_NOK,ATR_low_0_33,low,h2,201,0.09161495146138413,0.057670559395536114,-0.02141934495386666
cci,long,pair,EUR_NOK,ATR_mid_33_67,mid,h2,189,0.05013841129393453,0.1214556278685631,-0.18791461932844916
cci,long,pair,EUR_USD,ATR_high_67_100,high,full,380,-0.032655496593117374,0.08499029987144852,-0.19923648434115646
cci,long,pair,EUR_USD,ATR_low_0_33,low,full,451,0.03416692931021295,0.051157737100458026,-0.06610223540668478
cci,long,pair,EUR_USD,ATR_mid_33_67,mid,full,328,0.0053809590499496835,0.04701205713986963,-0.08676267294419479
cci,long,pair,EUR_USD,ATR_high_67_100,high,h1,185,0.10136470836242285,0.11900635393528984,-0.1318877453507452
cci,long,pair,EUR_USD,ATR_low_0_33,low,h1,229,0.07016249794154912,0.09632481485246383,-0.11863413916927999
cci,long,pair,EUR_USD,ATR_mid_33_67,mid,h1,147,0.08613573920415023,0.05045589340953693,-0.01275781187854215
cci,long,pair,EUR_USD,ATR_high_67_100,high,h2,195,-0.15980287052529654,0.03249628726941912,-0.22349559357335802
cci,long,pair,EUR_USD,ATR_low_0_33,low,h2,222,-0.0029636347284175924,0.05079369601573626,-0.10251927891926066
cci,long,pair,EUR_USD,ATR_mid_33_67,mid,h2,181,-0.060204414887439675,0.04063822711416338,-0.1398553400311999
cci,long,pair,GBP_CAD,ATR_high_67_100,high,full,407,-0.09416025954370645,0.0670502718874514,-0.2255787924431112
cci,long,pair,GBP_CAD,ATR_low_0_33,low,full,379,0.009638764035033394,0.05460371646224102,-0.097384520230959
cci,long,pair,GBP_CAD,ATR_mid_33_67,mid,full,325,0.0436629031875284,0.048841571290312684,-0.05206657654148446
cci,long,pair,GBP_CAD,ATR_high_67_100,high,h1,201,-0.07882154635869003,0.08728342562977721,-0.2498970605930534
cci,long,pair,GBP_CAD,ATR_low_0_33,low,h1,201,0.026482037031878777,0.08183446904316,-0.1339135222927148
cci,long,pair,GBP_CAD,ATR_mid_33_67,mid,h1,155,0.036947665738100745,0.05102127298344789,-0.06305402930945711
cci,long,pair,GBP_CAD,ATR_high_67_100,high,h2,206,-0.1091266738650089,0.09240547397498158,-0.2902414028559728
cci,long,pair,GBP_CAD,ATR_low_0_33,low,h2,178,-0.00938088693331449,0.06796383826354359,-0.14259000992985993
cci,long,pair,GBP_CAD,ATR_mid_33_67,mid,h2,170,0.049785619685535965,0.08408224973586413,-0.11501558979675772
cci,long,pair,NZD_CHF,ATR_high_67_100,high,full,379,-0.0029276786801956133,0.04083234275574524,-0.08295907048145627
cci,long,pair,NZD_CHF,ATR_low_0_33,low,full,468,0.0939675629317224,0.05707232655777628,-0.017894197121519115
cci,long,pair,NZD_CHF,ATR_mid_33_67,mid,full,327,-0.018266504422895156,0.060398819799430334,-0.13664819122977861
cci,long,pair,NZD_CHF,ATR_high_67_100,high,h1,192,0.0032964396736757475,0.07182639447109807,-0.13748329348967647
cci,long,pair,NZD_CHF,ATR_low_0_33,low,h1,217,0.14818171164206537,0.09954327668926188,-0.046923110668887935
cci,long,pair,NZD_CHF,ATR_mid_33_67,mid,h1,158,0.020308822154959442,0.10931971628339,-0.19395782176048496
cci,long,pair,NZD_CHF,ATR_high_67_100,high,h2,187,-0.009318217310908454,0.04497089719910531,-0.09746117582115486
cci,long,pair,NZD_CHF,ATR_low_0_33,low,h2,251,0.04709716344907528,0.07597449311591216,-0.10181284305811256
cci,long,pair,NZD_CHF,ATR_mid_33_67,mid,h2,169,-0.05433101092763497,0.04680841416305838,-0.1460755026872294
cci,long,pair,NZD_JPY,ATR_high_67_100,high,full,403,-0.022332506203473945,0.06307286346804421,-0.14595531860084057
cci,long,pair,NZD_JPY,ATR_low_0_33,low,full,412,-0.06365079915890211,0.07336469971237315,-0.20744561059515348
cci,long,pair,NZD_JPY,ATR_mid_33_67,mid,full,301,0.02616038832049969,0.05106812357824555,-0.07393313389286159
cci,long,pair,NZD_JPY,ATR_high_67_100,high,h1,201,-0.1044776119402985,0.07821390624273601,-0.25777686817606105
cci,long,pair,NZD_JPY,ATR_low_0_33,low,h1,207,-0.09760193422918134,0.10427602063115077,-0.3019829346662368
cci,long,pair,NZD_JPY,ATR_mid_33_67,mid,h1,157,-0.026278491181717153,0.06794128298937391,-0.15944340584089
cci,long,pair,NZD_JPY,ATR_high_67_100,high,h2,202,0.0594059405940594,0.06969557751384287,-0.0771973913330726
cci,long,pair,NZD_JPY,ATR_low_0_33,low,h2,205,-0.029368433502571338,0.1131279796951331,-0.2510992737050322
cci,long,pair,NZD_JPY,ATR_mid_33_67,mid,h2,144,0.08333333333333333,0.055404790422625944,-0.025260055895013525
cci,long,pair,NZD_USD,ATR_high_67_100,high,full,374,-0.0871827844632965,0.0534513114340252,-0.1919473548739859
cci,long,pair,NZD_USD,ATR_low_0_33,low,full,429,0.08624708624708624,0.07779715551538548,-0.06623533856306929
cci,long,pair,NZD_USD,ATR_mid_33_67,mid,full,377,0.023872679045092837,0.07800448273471657,-0.12901610711495165
cci,long,pair,NZD_USD,ATR_high_67_100,high,h1,169,-0.18701988987735438,0.05334750579129488,-0.29158100122829234
cci,long,pair,NZD_USD,ATR_low_0_33,low,h1,208,0.1346153846153846,0.10828847577058173,-0.07763002789495557
cci,long,pair,NZD_USD,ATR_mid_33_67,mid,h1,196,0.04081632653061224,0.12772231922083144,-0.2095194191422174
cci,long,pair,NZD_USD,ATR_high_67_100,high,h2,205,-0.004878048780487805,0.03487882016482993,-0.07324053630355448
cci,long,pair,NZD_USD,ATR_low_0_33,low,h2,221,0.04072398190045249,0.11266299142746475,-0.18009548129737843
cci,long,pair,NZD_USD,ATR_mid_33_67,mid,h2,181,0.0055248618784530384,0.09683811817707101,-0.18427784974860612
cci,long,pair,USD_CAD,ATR_high_67_100,high,full,368,0.10945417311058897,0.0621917384838206,-0.012441634317699402
cci,long,pair,USD_CAD,ATR_low_0_33,low,full,452,0.04820116403177347,0.06168106003701573,-0.07269371364077734
cci,long,pair,USD_CAD,ATR_mid_33_67,mid,full,315,0.037922087414973986,0.06547093814040118,-0.09040095134021231
cci,long,pair,USD_CAD,ATR_high_67_100,high,h1,172,0.040877756316182984,0.08002059130618065,-0.1159626026439311
cci,long,pair,USD_CAD,ATR_low_0_33,low,h1,241,-0.021822335399813434,0.11532101390087367,-0.24785152264552582
cci,long,pair,USD_CAD,ATR_mid_33_67,mid,h1,175,-0.04438546486949408,0.09649737940573351,-0.23352032850473176
cci,long,pair,USD_CAD,ATR_high_67_100,high,h2,196,0.16963347764445547,0.07866624653580954,0.015447634434268748
cci,long,pair,USD_CAD,ATR_low_0_33,low,h2,211,0.12818061124984195,0.0760179851217588,-0.020814639588805278
cci,long,pair,USD_CAD,ATR_mid_33_67,mid,h2,140,0.14080652777055908,0.034969049215750336,0.07226719130768841
cci,long,pair,USD_JPY,ATR_high_67_100,high,full,412,0.11333203723911565,0.07363219251230138,-0.030987060084995063
cci,long,pair,USD_JPY,ATR_low_0_33,low,full,337,0.07709833571267054,0.06923408047566174,-0.05860046201962647
cci,long,pair,USD_JPY,ATR_mid_33_67,mid,full,298,0.1497925905813529,0.08499600791918199,-0.016799584940243778
cci,long,pair,USD_JPY,ATR_high_67_100,high,h1,204,0.128515591225889,0.06437736749956845,0.002335950926734831
cci,long,pair,USD_JPY,ATR_low_0_33,low,h1,199,-0.042582202092295726,0.04638647372216274,-0.1334996905877347
cci,long,pair,USD_JPY,ATR_mid_33_67,mid,h1,145,0.014407214573761526,0.0858889789836943,-0.15393518423427932
cci,long,pair,USD_JPY,ATR_high_67_100,high,h2,208,0.0984404746751649,0.11621569203373747,-0.12934228171096054
cci,long,pair,USD_JPY,ATR_low_0_33,low,h2,138,0.2496811402285277,0.05891720497256301,0.13420341848230422
cci,long,pair,USD_JPY,ATR_mid_33_67,mid,h2,153,0.2780989926800506,0.04580424070607086,0.18832268089615173
cci,long,pair,USD_SGD,ATR_high_67_100,high,full,393,-0.0954362244082682,0.0813717738056198,-0.254924901067283
cci,long,pair,USD_SGD,ATR_low_0_33,low,full,421,0.05917739340947704,0.06407658578485881,-0.06641271472884624
cci,long,pair,USD_SGD,ATR_mid_33_67,mid,full,351,0.08099535356680548,0.038665496648156494,0.005210980136418755
cci,long,pair,USD_SGD,ATR_high_67_100,high,h1,181,0.05102788089381183,0.07598872874290434,-0.09791002744228067
cci,long,pair,USD_SGD,ATR_low_0_33,low,h1,234,-0.011023488144959495,0.07259786463124407,-0.15331530282219785
cci,long,pair,USD_SGD,ATR_mid_33_67,mid,h1,167,0.06598897466299503,0.057156673223507336,-0.04603810485507935
cci,long,pair,USD_SGD,ATR_high_67_100,high,h2,212,-0.22048340865202515,0.05667122134408407,-0.3315590024864299
cci,long,pair,USD_SGD,ATR_low_0_33,low,h2,187,0.14702234679845108,0.06256437411589663,0.024396173531293683
cci,long,pair,USD_SGD,ATR_mid_33_67,mid,h2,184,0.09461527355015517,0.043242698476451034,0.009859584536311139
cci,long,pooled,POOLED,ATR_high_67_100,high,full,6619,0.014232921093507711,0.017574858822214465,-0.020213802198032642
cci,long,pooled,POOLED,ATR_low_0_33,low,full,7027,0.032759311277995994,0.01774688758869377,-0.002024588395843796
cci,long,pooled,POOLED,ATR_mid_33_67,mid,full,5617,0.04101058826612866,0.016818824682303602,0.0080456918888136
cci,long,pooled,POOLED,ATR_high_67_100,high,h1,3210,0.007939779589355994,0.022794662534765645,-0.03673775897878467
cci,long,pooled,POOLED,ATR_low_0_33,low,h1,3632,0.040142497988799104,0.027408794275095866,-0.013578738790388796
cci,long,pooled,POOLED,ATR_mid_33_67,mid,h1,2789,0.032564460384904716,0.02309307508401588,-0.01269796677976641
cci,long,pooled,POOLED,ATR_high_67_100,high,h2,3409,0.0201587011546186,0.02550784147994237,-0.029836668146068442
cci,long,pooled,POOLED,ATR_low_0_33,low,h2,3395,0.024860715067793648,0.023764626461566376,-0.02171795279687645
cci,long,pooled,POOLED,ATR_mid_33_67,mid,h2,2828,0.04934023842904718,0.025008397158193068,0.0003237799989887699
cci,short,pair,AUD_CAD,ATR_high_67_100,high,full,386,-0.0459443974835867,0.07409066060500541,-0.1911620922693973
cci,short,pair,AUD_CAD,ATR_low_0_33,low,full,456,0.13484392442878593,0.06580576058720045,0.0058646336778730435
cci,short,pair,AUD_CAD,ATR_mid_33_67,mid,full,377,0.04054563044812957,0.04696112265554822,-0.05149816995674495
cci,short,pair,AUD_CAD,ATR_high_67_100,high,h1,177,0.07480692518753694,0.08160837423814979,-0.08514548831923664
cci,short,pair,AUD_CAD,ATR_low_0_33,low,h1,251,0.08796558903642421,0.10608241044921114,-0.11995593544402963
cci,short,pair,AUD_CAD,ATR_mid_33_67,mid,h1,196,0.023316415339583563,0.05766853937849945,-0.08971392184227536
cci,short,pair,AUD_CAD,ATR_high_67_100,high,h2,209,-0.14820747936295936,0.05493103466807804,-0.2558723073123923
cci,short,pair,AUD_CAD,ATR_low_0_33,low,h2,205,0.19224130093358005,0.07921923689999631,0.03697159660958729
cci,short,pair,AUD_CAD,ATR_mid_33_67,mid,h2,181,0.05920268106290869,0.06658183449370066,-0.0712977145447446
cci,short,pair,AUD_JPY,ATR_high_67_100,high,full,340,0.07067740417052588,0.035492061730086136,0.0011129631795570583
cci,short,pair,AUD_JPY,ATR_low_0_33,low,full,557,0.01726470084322937,0.05206221799007993,-0.08477724641732728
cci,short,pair,AUD_JPY,ATR_mid_33_67,mid,full,356,-0.07687893394455261,0.04381600652858732,-0.16275830674058375
cci,short,pair,AUD_JPY,ATR_high_67_100,high,h1,166,0.030548351007579258,0.06830659229655685,-0.10333256989367216
cci,short,pair,AUD_JPY,ATR_low_0_33,low,h1,285,-0.01643256979361229,0.08113162777810602,-0.1754505602387001
cci,short,pair,AUD_JPY,ATR_mid_33_67,mid,h1,157,-0.0017431496319644897,0.03974757017644137,-0.07964838717778958
cci,short,pair,AUD_JPY,ATR_high_67_100,high,h2,174,0.10896144339494623,0.05123810934335722,0.008534749081966081
cci,short,pair,AUD_JPY,ATR_low_0_33,low,h2,272,0.05257250279727302,0.06341019890476252,-0.07171148705606151
cci,short,pair,AUD_JPY,ATR_mid_33_67,mid,h2,199,-0.13615691453287593,0.04020278105573831,-0.214954365402123
cci,short,pair,CAD_CHF,ATR_high_67_100,high,full,356,0.015538061111254529,0.050963867959447434,-0.08435112008926245
cci,short,pair,CAD_CHF,ATR_low_0_33,low,full,416,0.22408072688761146,0.05661514404425418,0.11311504456087326
cci,short,pair,CAD_CHF,ATR_mid_33_67,mid,full,340,0.16143007339580762,0.048643288931566116,0.06608922708993803
cci,short,pair,CAD_CHF,ATR_high_67_100,high,h1,196,-0.031494142937762794,0.07356766930662861,-0.17568677477875486
cci,short,pair,CAD_CHF,ATR_low_0_33,low,h1,210,0.17777539720929936,0.0727511609540958,0.0351831217392716
cci,short,pair,CAD_CHF,ATR_mid_33_67,mid,h1,163,0.14558473747794243,0.06833043155256417,0.011657091634916655
cci,short,pair,CAD_CHF,ATR_high_67_100,high,h2,160,0.07315251107130076,0.05270727345004418,-0.03015374489078583
cci,short,pair,CAD_CHF,ATR_low_0_33,low,h2,206,0.2712851891810365,0.10633434112819316,0.06286988056977791
cci,short,pair,CAD_CHF,ATR_mid_33_67,mid,h2,177,0.17602210590773992,0.08022681768966167,0.018777543236003058
cci,short,pair,CAD_JPY,ATR_high_67_100,high,full,322,-0.0916500832007763,0.039498348171617105,-0.16906684561714583
cci,short,pair,CAD_JPY,ATR_low_0_33,low,full,499,0.06688978693749006,0.05748539195684016,-0.04578158129791665
cci,short,pair,CAD_JPY,ATR_mid_33_67,mid,full,393,-0.07678975363857139,0.06629366977199243,-0.20672534639167656
cci,short,pair,CAD_JPY,ATR_high_67_100,high,h1,175,-0.11163868527031325,0.06977164306638456,-0.248391105680427
cci,short,pair,CAD_JPY,ATR_low_0_33,low,h1,234,0.11965811965811966,0.075894034036925,-0.02909418705425333
cci,short,pair,CAD_JPY,ATR_mid_33_67,mid,h1,181,-0.12317343975880807,0.06169404328388789,-0.24409376459522833
cci,short,pair,CAD_JPY,ATR_high_67_100,high,h2,147,-0.06785412835608948,0.06602957630683584,-0.19727209791748773
cci,short,pair,CAD_JPY,ATR_low_0_33,low,h2,265,0.020294353516254908,0.07469834143153142,-0.12611439568954666
cci,short,pair,CAD_JPY,ATR_mid_33_67,mid,h2,212,-0.037188587658558016,0.12443937661796117,-0.2810897658297619
cci,short,pair,CHF_JPY,ATR_high_67_100,high,full,418,-0.17723041010419968,0.08057902894830307,-0.3351653068428737
cci,short,pair,CHF_JPY,ATR_low_0_33,low,full,486,-0.08867052317963373,0.04975967709287976,-0.18619949028167804
cci,short,pair,CHF_JPY,ATR_mid_33_67,mid,full,335,-0.14938048271135582,0.13292438317440733,-0.40991227373319417
cci,short,pair,CHF_JPY,ATR_high_67_100,high,h1,208,-0.0683365376900878,0.09038355243258556,-0.24548830045795547
cci,short,pair,CHF_JPY,ATR_low_0_33,low,h1,234,-0.10185447338838122,0.0708367146510515,-0.24069443410444216
cci,short,pair,CHF_JPY,ATR_mid_33_67,mid,h1,161,0.012814343670976702,0.1984436705089222,-0.37613525052651076
cci,short,pair,CHF_JPY,ATR_high_67_100,high,h2,210,-0.2850871980191296,0.08095415624243714,-0.44375734425430635
cci,short,pair,CHF_JPY,ATR_low_0_33,low,h2,252,-0.07642828370008249,0.0804819042143419,-0.23417281596019263
cci,short,pair,CHF_JPY,ATR_mid_33_67,mid,h2,174,-0.29945730482374394,0.0652039636881924,-0.427257073652601
cci,short,pair,EUR_CAD,ATR_high_67_100,high,full,393,-0.02869625948203894,0.05759521896863468,-0.1415828886605629
cci,short,pair,EUR_CAD,ATR_low_0_33,low,full,427,0.003564933690378303,0.05274318397217152,-0.09981170689507789
cci,short,pair,EUR_CAD,ATR_mid_33_67,mid,full,350,-0.030785741233996588,0.03385025987463022,-0.09713225058827182
cci,short,pair,EUR_CAD,ATR_high_67_100,high,h1,191,0.042581802649399515,0.07768817709880699,-0.10968702446426218
cci,short,pair,EUR_CAD,ATR_low_0_33,low,h1,206,0.060205694946117064,0.05905324054976274,-0.055538656531417915
cci,short,pair,EUR_CAD,ATR_mid_33_67,mid,h1,186,-0.04599858290274917,0.05605029267528413,-0.15585715654630605
cci,short,pair,EUR_CAD,ATR_high_67_100,high,h2,202,-0.09609284298255748,0.05314562098409087,-0.2002582601113756
cci,short,pair,EUR_CAD,ATR_low_0_33,low,h2,221,-0.0492314320050162,0.06661812095730607,-0.1798029490813361
cci,short,pair,EUR_CAD,ATR_mid_33_67,mid,h2,164,-0.013532152512118652,0.026915631495499814,-0.06628679024329828
cci,short,pair,EUR_CHF,ATR_high_67_100,high,full,346,0.08667799447982652,0.03953264983422182,0.009194000804751759
cci,short,pair,EUR_CHF,ATR_low_0_33,low,full,451,-0.042823923578786886,0.07886459712056064,-0.19739853393508575
cci,short,pair,EUR_CHF,ATR_mid_33_67,mid,full,328,0.1311533661666579,0.1102225439024323,-0.08488281988210941
cci,short,pair,EUR_CHF,ATR_high_67_100,high,h1,181,0.09912212250430229,0.059842185063585,-0.0181685602203243
cci,short,pair,EUR_CHF,ATR_low_0_33,low,h1,235,-0.15556569109690804,0.11086834477267396,-0.372867646851349
cci,short,pair,EUR_CHF,ATR_mid_33_67,mid,h1,167,-0.01762955581056817,0.14492698711691634,-0.3016864505597242
cci,short,pair,EUR_CHF,ATR_high_67_100,high,h2,165,0.07302716313176523,0.05030410238246295,-0.025568877537862147
cci,short,pair,EUR_CHF,ATR_low_0_33,low,h2,216,0.07983494385990972,0.08289502538667304,-0.08263930589796945
cci,short,pair,EUR_CHF,ATR_mid_33_67,mid,h2,161,0.2854809933107372,0.07534502450801343,0.13780474527503084
cci,short,pair,EUR_GBP,ATR_high_67_100,high,full,411,0.0318482081941536,0.07189587678174952,-0.10906771029807547
cci,short,pair,EUR_GBP,ATR_low_0_33,low,full,401,-0.0030850309439231244,0.06916510901303029,-0.1386486446094625
cci,short,pair,EUR_GBP,ATR_mid_33_67,mid,full,309,0.04213177506789091,0.06804489008370612,-0.09123620949617307
cci,short,pair,EUR_GBP,ATR_high_67_100,high,h1,213,-0.07183396513642275,0.08126375555439565,-0.23111092602303823
cci,short,pair,EUR_GBP,ATR_low_0_33,low,h1,188,0.006154999789939426,0.13176088805402159,-0.25209634079594284
cci,short,pair,EUR_GBP,ATR_mid_33_67,mid,h1,165,-0.026539655228599607,0.07075605659472588,-0.16522152615426233
cci,short,pair,EUR_GBP,ATR_high_67_100,high,h2,198,0.14338509162553117,0.048654374742887065,0.04802251712947253
cci,short,pair,EUR_GBP,ATR_low_0_33,low,h2,213,-0.011240551028271279,0.0436861886343688,-0.09686548075163412
cci,short,pair,EUR_GBP,ATR_mid_33_67,mid,h2,144,0.1208177889492863,0.060390529612922295,0.002452350907958603
cci,short,pair,EUR_NOK,ATR_high_67_100,high,full,386,0.05532498632974383,0.04899912729021745,-0.04071330315908237
cci,short,pair,EUR_NOK,ATR_low_0_33,low,full,403,-0.12953151692514667,0.06440523360123872,-0.25576577478357454
cci,short,pair,EUR_NOK,ATR_mid_33_67,mid,full,345,-0.10038711580701679,0.05433874372627064,-0.20689105351050724
cci,short,pair,EUR_NOK,ATR_high_67_100,high,h1,188,0.027665575684198664,0.04674956022668647,-0.06396356236010681
cci,short,pair,EUR_NOK,ATR_low_0_33,low,h1,214,-0.12047187531383118,0.10349506709153986,-0.3233222068132493
cci,short,pair,EUR_NOK,ATR_mid_33_67,mid,h1,174,-0.08325628581849981,0.05049697196265836,-0.1822303508653102
cci,short,pair,EUR_NOK,ATR_high_67_100,high,h2,198,0.08158745704369581,0.08437756412639387,-0.08379256864403616
cci,short,pair,EUR_NOK,ATR_low_0_33,low,h2,189,-0.13978952382896417,0.07237479420386624,-0.281644120468542
cci,short,pair,EUR_NOK,ATR_mid_33_67,mid,h2,171,-0.11781848667252529,0.09403896754677735,-0.3021348630642089
cci,short,pair,EUR_USD,ATR_high_67_100,high,full,380,0.11646711294817187,0.044731783957729296,0.02879281639102245
cci,short,pair,EUR_USD,ATR_low_0_33,low,full,368,0.06764648755758446,0.08947175559120009,-0.10771815340116772
cci,short,pair,EUR_USD,ATR_mid_33_67,mid,full,337,0.03745916532044371,0.06706210085394644,-0.09398255235329131
cci,short,pair,EUR_USD,ATR_high_67_100,high,h1,200,0.13144995741167487,0.05860105296723532,0.016591893595893636
cci,short,pair,EUR_USD,ATR_low_0_33,low,h1,204,-0.019047897087915145,0.1557882340153658,-0.32439283575803207
cci,short,pair,EUR_USD,ATR_mid_33_67,mid,h1,175,0.0005139268666460494,0.13868098218937627,-0.27130079822453146
cci,short,pair,EUR_USD,ATR_high_67_100,high,h2,180,0.09981950798872409,0.08008047045948079,-0.05713821411185825
cci,short,pair,EUR_USD,ATR_low_0_33,low,h2,164,0.17548584406784004,0.08366672707360953,0.011499059003565376
cci,short,pair,EUR_USD,ATR_mid_33_67,mid,h2,162,0.07736914513164489,0.048829033371383904,-0.018335760276267557
cci,short,pair,GBP_CAD,ATR_high_67_100,high,full,405,-0.03137837402934044,0.06655121988954733,-0.1618187650128532
cci,short,pair,GBP_CAD,ATR_low_0_33,low,full,401,0.0028958124231946844,0.051930721717547396,-0.0988884021431982
cci,short,pair,GBP_CAD,ATR_mid_33_67,mid,full,340,-0.0522487950519533,0.04040763789310287,-0.13144776532243493
cci,short,pair,GBP_CAD,ATR_high_67_100,high,h1,208,0.050919144478220026,0.06918725475321484,-0.08468787483808107
cci,short,pair,GBP_CAD,ATR_low_0_33,low,h1,205,-0.042087219341159415,0.06655084724020974,-0.1725268799319705
cci,short,pair,GBP_CAD,ATR_mid_33_67,mid,h1,155,0.02145230002109718,0.048539899146321355,-0.07368590230569266
cci,short,pair,GBP_CAD,ATR_high_67_100,high,h2,197,-0.11827118544849058,0.07251534725661135,-0.2604012660714488
cci,short,pair,GBP_CAD,ATR_low_0_33,low,h2,196,0.04994439156448342,0.06711738782628991,-0.08160568857504481
cci,short,pair,GBP_CAD,ATR_mid_33_67,mid,h2,185,-0.11399836119423883,0.040377722543870044,-0.1931386973802241
cci,short,pair,NZD_CHF,ATR_high_67_100,high,full,328,0.05603821916744849,0.06153086603985935,-0.06456227827067582
cci,short,pair,NZD_CHF,ATR_low_0_33,low,full,460,0.11160874204169605,0.0852516050609032,-0.0554844038776742
cci,short,pair,NZD_CHF,ATR_mid_33_67,mid,full,371,0.05150026003386394,0.0686384063328548,-0.08303101637853147
cci,short,pair,NZD_CHF,ATR_high_67_100,high,h1,163,0.04527936126946692,0.07385445545289832,-0.09947537141821378
cci,short,pair,NZD_CHF,ATR_low_0_33,low,h1,239,0.006481364086318457,0.09675929145147975,-0.18316684715858184
cci,short,pair,NZD_CHF,ATR_mid_33_67,mid,h1,190,0.029203526332116595,0.09822885650237113,-0.16332503241253082
cci,short,pair,NZD_CHF,ATR_high_67_100,high,h2,165,0.06666666666666667,0.09211555808239776,-0.11387982717483293
cci,short,pair,NZD_CHF,ATR_low_0_33,low,h2,221,0.22529853087126728,0.12458173846185874,-0.018881676513975848
cci,short,pair,NZD_CHF,ATR_mid_33_67,mid,h2,181,0.0749056711019965,0.10391534559449228,-0.12876840626320837
cci,short,pair,NZD_JPY,ATR_high_67_100,high,full,355,-0.10211412962014764,0.058920514449643795,-0.21759833794144948
cci,short,pair,NZD_JPY,ATR_low_0_33,low,full,513,-0.08149135977637748,0.06193191048344062,-0.2028779043239211
cci,short,pair,NZD_JPY,ATR_mid_33_67,mid,full,353,-0.10473897041067057,0.0578206434203056,-0.21806743151446956
cci,short,pair,NZD_JPY,ATR_high_67_100,high,h1,176,-0.1590909090909091,0.09689933356050968,-0.34901360286950806
cci,short,pair,NZD_JPY,ATR_low_0_33,low,h1,256,-0.12262789543735914,0.08928260133131939,-0.29762179404674516
cci,short,pair,NZD_JPY,ATR_mid_33_67,mid,h1,169,-0.03499130433832108,0.04549005747520621,-0.12415181698972524
cci,short,pair,NZD_JPY,ATR_high_67_100,high,h2,179,-0.04609226824107496,0.04340754276802894,-0.13117105206641166
cci,short,pair,NZD_JPY,ATR_low_0_33,low,h2,257,-0.04051488845648915,0.08914966605692301,-0.21524823392805825
cci,short,pair,NZD_JPY,ATR_mid_33_67,mid,h2,184,-0.1688006854445133,0.07319783220651449,-0.3122684365692817
cci,short,pair,NZD_USD,ATR_high_67_100,high,full,401,-0.021690905911079576,0.03923244131660387,-0.09858649089162316
cci,short,pair,NZD_USD,ATR_low_0_33,low,full,409,-0.061124694376528114,0.0754563726019983,-0.20901918467644479
cci,short,pair,NZD_USD,ATR_mid_33_67,mid,full,346,0.07423803145636478,0.05306771387419478,-0.029774687737056993
cci,short,pair,NZD_USD,ATR_high_67_100,high,h1,192,0.0,0.05637112180022563,-0.11048739872844224
cci,short,pair,NZD_USD,ATR_low_0_33,low,h1,215,-0.22790697674418606,0.06610214152562326,-0.35746717413440765
cci,short,pair,NZD_USD,ATR_mid_33_67,mid,h1,182,0.053221752109352816,0.06877532985256489,-0.08157789440167437
cci,short,pair,NZD_USD,ATR_high_67_100,high,h2,209,-0.04161747976240627,0.05125338448846217,-0.14207411335979211
cci,short,pair,NZD_USD,ATR_low_0_33,low,h2,194,0.12371134020618557,0.10011601412487751,-0.07251604747857435
cci,short,pair,NZD_USD,ATR_mid_33_67,mid,h2,164,0.0975609756097561,0.05725784229593059,-0.014664395290267848
cci,short,pair,USD_CAD,ATR_high_67_100,high,full,376,-0.0008532857423316468,0.08629867222742056,-0.16999868330807594
cci,short,pair,USD_CAD,ATR_low_0_33,low,full,433,-0.034821678182231114,0.056274724114436785,-0.14512013744652721
cci,short,pair,USD_CAD,ATR_mid_33_67,mid,full,367,-0.014427548359764928,0.04463960248626317,-0.10192116923284074
cci,short,pair,USD_CAD,ATR_high_67_100,high,h1,185,0.0807985344968888,0.138400372257345,-0.1904661951275074
cci,short,pair,USD_CAD,ATR_low_0_33,low,h1,220,0.08197451870100389,0.06948353641545518,-0.05421321267328827
cci,short,pair,USD_CAD,ATR_mid_33_67,mid,h1,177,0.05537542968955927,0.03624212776088426,-0.015659140721773872
cci,short,pair,USD_CAD,ATR_high_67_100,high,h2,191,-0.07994012733529388,0.0829361184307349,-0.24249491945953427
cci,short,pair,USD_CAD,ATR_low_0_33,low,h2,213,-0.15545624773299027,0.11272211805817552,-0.37639159912701425
cci,short,pair,USD_CAD,ATR_mid_33_67,mid,h2,190,-0.07945453317413535,0.05657178624761564,-0.19033523421946202
cci,short,pair,USD_JPY,ATR_high_67_100,high,full,329,-0.11271278075527949,0.04746406837808656,-0.20574235477632913
cci,short,pair,USD_JPY,ATR_low_0_33,low,full,518,-0.08188171020192504,0.065615216171438,-0.21048753389794356
cci,short,pair,USD_JPY,ATR_mid_33_67,mid,full,348,-0.04855535283067106,0.05642464342767354,-0.1591476539489112
cci,short,pair,USD_JPY,ATR_high_67_100,high,h1,165,-0.11511271921696135,0.08117308887111459,-0.27421197340434594
cci,short,pair,USD_JPY,ATR_low_0_33,low,h1,227,0.004926276383294659,0.07987140391961589,-0.1516216752991525
cci,short,pair,USD_JPY,ATR_mid_33_67,mid,h1,172,0.030966494206209696,0.060198812781587216,-0.08702317884570124
cci,short,pair,USD_JPY,ATR_high_67_100,high,h2,164,-0.11029820852248978,0.044533241055757504,-0.19758336099177448
cci,short,pair,USD_JPY,ATR_low_0_33,low,h2,291,-0.14959790592304145,0.0905195419847458,-0.3270162082131432
cci,short,pair,USD_JPY,ATR_mid_33_67,mid,h2,176,-0.12626988516216817,0.052711540008129394,-0.22958450357810178
cci,short,pair,USD_SGD,ATR_high_67_100,high,full,352,0.06893097984111056,0.05651638322984692,-0.041841131289389405
cci,short,pair,USD_SGD,ATR_low_0_33,low,full,474,0.02973000429465315,0.06187235673269867,-0.09153981490143624
cci,short,pair,USD_SGD,ATR_mid_33_67,mid,full,307,0.03547693578627802,0.10370405173032528,-0.16778300560515952
cci,short,pair,USD_SGD,ATR_high_67_100,high,h1,181,-0.02745250586217969,0.06256047164425535,-0.1500710302849202
cci,short,pair,USD_SGD,ATR_low_0_33,low,h1,240,0.1633144829644439,0.07040403441833291,0.02532257550451139
cci,short,pair,USD_SGD,ATR_mid_33_67,mid,h1,131,0.24870898682850243,0.060987962626837304,0.12917258007990132
cci,short,pair,USD_SGD,ATR_high_67_100,high,h2,171,0.17095092669664,0.05262268212357687,0.06781046973442934
cci,short,pair,USD_SGD,ATR_low_0_33,low,h2,234,-0.10727971741795277,0.0706741696260079,-0.24580108988492821
cci,short,pair,USD_SGD,ATR_mid_33_67,mid,h2,176,-0.12323555675083217,0.10549310722986903,-0.33000204692137547
cci,short,pooled,POOLED,ATR_high_67_100,high,full,6284,-0.007442186732703711,0.016800577492493075,-0.04037131861799014
cci,short,pooled,POOLED,ATR_low_0_33,low,full,7672,0.006591098749781216,0.01796297973030656,-0.028616341521619636
cci,short,pooled,POOLED,ATR_mid_33_67,mid,full,5902,-0.005999806180206208,0.019484955615828674,-0.04419031918723041
cci,short,pooled,POOLED,ATR_high_67_100,high,h1,3165,0.0005086535394919603,0.021549348739208177,-0.04172806998935606
cci,short,pooled,POOLED,ATR_low_0_33,low,h1,3863,-0.005926391387263997,0.026770664105447345,-0.05839689303394079
cci,short,pooled,POOLED,ATR_mid_33_67,mid,h1,2901,0.013055832562677878,0.024435966360752567,-0.03483866150439715
cci,short,pooled,POOLED,ATR_high_67_100,high,h2,3119,-0.015510288515807035,0.024317847215188645,-0.06317326905757678
cci,short,pooled,POOLED,ATR_low_0_33,low,h2,3809,0.019286048710244762,0.027081506260266768,-0.0337937035598781
cci,short,pooled,POOLED,ATR_mid_33_67,mid,h2,3001,-0.0244204686237606,0.029706654273215533,-0.08264551099926304
ema,long,pair,AUD_CAD,ATR_high_67_100,high,full,132,0.11644001846420256,0.08054300019751871,-0.04142426192293412
ema,long,pair,AUD_CAD,ATR_low_0_33,low,full,84,-0.14065765481965467,0.07603982771092152,-0.28969571713306086
ema,long,pair,AUD_CAD,ATR_mid_33_67,mid,full,73,0.1256736824208329,0.0589332317286626,0.01016454823265421
ema,long,pair,AUD_CAD,ATR_high_67_100,high,h1,67,0.07697065095130748,0.06416885090535417,-0.04880029682318668
ema,long,pair,AUD_CAD,ATR_low_0_33,low,h1,40,-0.054374894319439135,0.0637856243103791,-0.17939471796778217
ema,long,pair,AUD_CAD,ATR_mid_33_67,mid,h1,38,0.1850778043231101,0.18389667086215475,-0.1753596705667132
ema,long,pair,AUD_CAD,ATR_high_67_100,high,h2,65,0.1571238280544175,0.16050765279365792,-0.15747117142115202
ema,long,pair,AUD_CAD,ATR_low_0_33,low,h2,44,-0.21909652800166884,0.2076431971371124,-0.6260771943904091
ema,long,pair,AUD_CAD,ATR_mid_33_67,mid,h2,35,0.06117777864121765,0.04900050913696479,-0.034863219267233334
ema,long,pair,AUD_JPY,ATR_high_67_100,high,full,159,-0.08176100628930817,0.07248601429282071,-0.2238335943032368
ema,long,pair,AUD_JPY,ATR_low_0_33,low,full,68,-0.07183105598351783,0.08459677371978556,-0.23764073247429754
ema,long,pair,AUD_JPY,ATR_mid_33_67,mid,full,87,-0.034482758620689655,0.1057802624798801,-0.24181207308125463
ema,long,pair,AUD_JPY,ATR_high_67_100,high,h1,77,-0.09090909090909091,0.11646069729788466,-0.31917205761294487
ema,long,pair,AUD_JPY,ATR_low_0_33,low,h1,35,-0.02857142857142857,0.13995179749705702,-0.30287695166566037
ema,long,pair,AUD_JPY,ATR_mid_33_67,mid,h1,42,-0.19047619047619047,0.1366311159031749,-0.45827317764641323
ema,long,pair,AUD_JPY,ATR_high_67_100,high,h2,82,-0.07317073170731707,0.07693577497284441,-0.2239648506540921
ema,long,pair,AUD_JPY,ATR_low_0_33,low,h2,33,-0.11771247899633976,0.20420102277407626,-0.5179464836335292
ema,long,pair,AUD_JPY,ATR_mid_33_67,mid,h2,45,0.1111111111111111,0.06561276401437068,-0.017489906357055413
ema,long,pair,CAD_CHF,ATR_high_67_100,high,full,136,-0.08982828717412737,0.03890369290464189,-0.16607952526722547
ema,long,pair,CAD_CHF,ATR_low_0_33,low,full,70,-0.007280007633004128,0.06479411710725348,-0.13427647716322094
ema,long,pair,CAD_CHF,ATR_mid_33_67,mid,full,110,-0.054508099588859764,0.059782928515271665,-0.17168263947879223
ema,long,pair,CAD_CHF,ATR_high_67_100,high,h1,76,-0.05548219810107004,0.0654488678750759,-0.18376197913621878
ema,long,pair,CAD_CHF,ATR_low_0_33,low,h1,25,0.03225474327369838,0.1279902958848962,-0.21860623666069817
ema,long,pair,CAD_CHF,ATR_mid_33_67,mid,h1,59,-0.004062808316212584,0.04882602399685342,-0.09976181535004529
ema,long,pair,CAD_CHF,ATR_high_67_100,high,h2,60,-0.13333333333333333,0.041221074157916975,-0.2141266386828506
ema,long,pair,CAD_CHF,ATR_low_0_33,low,h2,45,-0.029243758136727745,0.10007854784084094,-0.225397711904776
ema,long,pair,CAD_CHF,ATR_mid_33_67,mid,h2,51,-0.11286637772780454,0.11284506522544648,-0.33404270556967963
ema,long,pair,CAD_JPY,ATR_high_67_100,high,full,158,0.08217484494415578,0.07084093479153859,-0.05667338724725987
ema,long,pair,CAD_JPY,ATR_low_0_33,low,full,75,0.16017915236501495,0.06781792315593013,0.027256022979391892
ema,long,pair,CAD_JPY,ATR_mid_33_67,mid,full,108,0.014738983757975008,0.05842105319390846,-0.09976628050208557
ema,long,pair,CAD_JPY,ATR_high_67_100,high,h1,70,-0.05714285714285714,0.05980532070677056,-0.17436128572812745
ema,long,pair,CAD_JPY,ATR_low_0_33,low,h1,50,0.2602687285475225,0.05728775827507039,0.1479847223283845
ema,long,pair,CAD_JPY,ATR_mid_33_67,mid,h1,65,-0.015384615384615385,0.05794129249147023,-0.12894954866789704
ema,long,pair,CAD_JPY,ATR_high_67_100,high,h2,88,0.1929957443315524,0.04400607150549514,0.10674384418078192
ema,long,pair,CAD_JPY,ATR_low_0_33,low,h2,25,-0.04,0.2557198467072903,-0.541210899546289
ema,long,pair,CAD_JPY,ATR_mid_33_67,mid,h2,43,0.06027465688049537,0.15214014685040933,-0.23792003094630693
ema,long,pair,CHF_JPY,ATR_high_67_100,high,full,109,0.1106000577524517,0.05256220846426929,0.00757812916248389
ema,long,pair,CHF_JPY,ATR_low_0_33,low,full,63,0.15821920227217753,0.04279272651835302,0.0743454582962056
ema,long,pair,CHF_JPY,ATR_mid_33_67,mid,full,80,0.30189625953757193,0.05728300874694239,0.18962156239356484
ema,long,pair,CHF_JPY,ATR_high_67_100,high,h1,50,0.07013599355619092,0.09689467959734215,-0.11977757845459967
ema,long,pair,CHF_JPY,ATR_low_0_33,low,h1,41,0.24447097662068165,0.08367296914875719,0.08047195708911756
ema,long,pair,CHF_JPY,ATR_mid_33_67,mid,h1,43,0.31181625867020163,0.12235473993835468,0.07200096839102646
ema,long,pair,CHF_JPY,ATR_high_67_100,high,h2,59,0.14489163757979134,0.07185416228668556,0.0040574794978876505
ema,long,pair,CHF_JPY,ATR_low_0_33,low,h2,22,-0.0025227408318528877,0.07164306260730094,-0.14294314354216273
ema,long,pair,CHF_JPY,ATR_mid_33_67,mid,h2,37,0.2903676118969483,0.1133081375934536,0.06828366221377927
ema,long,pair,EUR_CAD,ATR_high_67_100,high,full,146,0.02058256541406758,0.06221756722365212,-0.10136386634429057
ema,long,pair,EUR_CAD,ATR_low_0_33,low,full,83,0.1936700042741492,0.05197278880535349,0.09180333821565637
ema,long,pair,EUR_CAD,ATR_mid_33_67,mid,full,98,0.22274321190990204,0.060588349359201085,0.10399004716586792
ema,long,pair,EUR_CAD,ATR_high_67_100,high,h1,58,0.20682011286590074,0.0413580001825266,0.1257584325081486
ema,long,pair,EUR_CAD,ATR_low_0_33,low,h1,52,0.2731052479842445,0.1125860303936603,0.05243662841267033
ema,long,pair,EUR_CAD,ATR_mid_33_67,mid,h1,44,0.2720375671585923,0.05182785606165651,0.1704549692777455
ema,long,pair,EUR_CAD,ATR_high_67_100,high,h2,88,-0.10216490904282245,0.06581747282454913,-0.23116715577893876
ema,long,pair,EUR_CAD,ATR_low_0_33,low,h2,31,0.06042378901850538,0.0851975660194059,-0.10656344037953018
ema,long,pair,EUR_CAD,ATR_mid_33_67,mid,h2,54,0.18257744096652473,0.1433432734163581,-0.09837537492953718
ema,long,pair,EUR_CHF,ATR_high_67_100,high,full,131,-0.07133177736626116,0.07015831585132705,-0.2088420764348622
ema,long,pair,EUR_CHF,ATR_low_0_33,low,full,66,-0.08445396562821031,0.09551420683875665,-0.27166181103217335
ema,long,pair,EUR_CHF,ATR_mid_33_67,mid,full,76,-0.06861171030313143,0.03487150409208074,-0.13695985832360968
ema,long,pair,EUR_CHF,ATR_high_67_100,high,h1,54,0.0685623538366612,0.07899436012043938,-0.08626659199939998
ema,long,pair,EUR_CHF,ATR_low_0_33,low,h1,37,-0.22939587689959823,0.08748414311690964,-0.40086479740874115
ema,long,pair,EUR_CHF,ATR_mid_33_67,mid,h1,25,0.04906065409212914,0.09753670228452475,-0.14211128238553936
ema,long,pair,EUR_CHF,ATR_high_67_100,high,h2,77,-0.16943934989818074,0.11129307890000194,-0.3875737845421845
ema,long,pair,EUR_CHF,ATR_low_0_33,low,h2,29,0.10047192116631909,0.06896993979388405,-0.034709160829693636
ema,long,pair,EUR_CHF,ATR_mid_33_67,mid,h2,51,-0.1262942418694356,0.044001605419435395,-0.21253738849152898
ema,long,pair,EUR_GBP,ATR_high_67_100,high,full,114,0.058069810504038005,0.1151098492436524,-0.1675454940135207
ema,long,pair,EUR_GBP,ATR_low_0_33,low,full,98,0.09734351090119985,0.12542820810316782,-0.14849577698100908
ema,long,pair,EUR_GBP,ATR_mid_33_67,mid,full,96,0.22373375797252404,0.050982654821343516,0.12380775452269074
ema,long,pair,EUR_GBP,ATR_high_67_100,high,h1,65,-0.06806758291437805,0.10206423417505026,-0.2681134818974765
ema,long,pair,EUR_GBP,ATR_low_0_33,low,h1,41,-0.1282134257394642,0.07240394006095013,-0.2701251482589265
ema,long,pair,EUR_GBP,ATR_mid_33_67,mid,h1,40,0.38784898547166524,0.08049436976799067,0.23008002072640354
ema,long,pair,EUR_GBP,ATR_high_67_100,high,h2,49,0.22539492422234503,0.06906478979915505,0.09002793621600114
ema,long,pair,EUR_GBP,ATR_low_0_33,low,h2,57,0.2595862197129056,0.11196855738205112,0.040127847244085385
ema,long,pair,EUR_GBP,ATR_mid_33_67,mid,h2,56,0.10650859547313736,0.03718060341989326,0.03363461277014658
ema,long,pair,EUR_NOK,ATR_high_67_100,high,full,98,-0.12511838311621662,0.08013017540018479,-0.2821735269005788
ema,long,pair,EUR_NOK,ATR_low_0_33,low,full,92,0.13951376548420294,0.045644619128005715,0.05005031199331174
ema,long,pair,EUR_NOK,ATR_mid_33_67,mid,full,80,0.14388939032334988,0.05891354646965841,0.028418839242819405
ema,long,pair,EUR_NOK,ATR_high_67_100,high,h1,41,0.056409936513394494,0.11892338645220042,-0.17667990093291833
ema,long,pair,EUR_NOK,ATR_low_0_33,low,h1,43,0.0891922424313179,0.06671698356804642,-0.041573045362053085
ema,long,pair,EUR_NOK,ATR_mid_33_67,mid,h1,40,0.03527179192664318,0.0453161657114487,-0.05354789286779626
ema,long,pair,EUR_NOK,ATR_high_67_100,high,h2,57,-0.2556913849550597,0.0428456790977057,-0.3396689159865629
ema,long,pair,EUR_NOK,ATR_low_0_33,low,h2,49,0.1836734693877551,0.09702055216730333,-0.006486812860159424
ema,long,pair,EUR_NOK,ATR_mid_33_67,mid,h2,40,0.25250698872005656,0.08469536710395656,0.08650406919630171
ema,long,pair,EUR_USD,ATR_high_67_100,high,full,143,-0.07118356618688358,0.07242808647183532,-0.2131426156716808
ema,long,pair,EUR_USD,ATR_low_0_33,low,full,133,0.04771099684305503,0.05206126161344031,-0.05432907591928798
ema,long,pair,EUR_USD,ATR_mid_33_67,mid,full,112,0.11776403742938023,0.0473334305666391,0.02499051351876759
ema,long,pair,EUR_USD,ATR_high_67_100,high,h1,65,0.07284643370623271,0.03681705628137785,0.0006850033947321255
ema,long,pair,EUR_USD,ATR_low_0_33,low,h1,75,0.05036613378061162,0.0674658716133485,-0.08186697458155143
ema,long,pair,EUR_USD,ATR_mid_33_67,mid,h1,53,0.18768475682403996,0.040144731984392175,0.10900108213463129
ema,long,pair,EUR_USD,ATR_high_67_100,high,h2,78,-0.19120856609781384,0.10489536967240881,-0.3968034906557351
ema,long,pair,EUR_USD,ATR_low_0_33,low,h2,58,0.04427763011345594,0.08315427411800073,-0.11870474715782549
ema,long,pair,EUR_USD,ATR_mid_33_67,mid,h2,59,0.05495389966807572,0.1164168030687054,-0.17322303434658687
ema,long,pair,GBP_CAD,ATR_high_67_100,high,full,144,-0.05905766961479354,0.04545366144591114,-0.14814684604877937
ema,long,pair,GBP_CAD,ATR_low_0_33,low,full,79,0.09107425623847669,0.04434961313507683,0.004149014493726108
ema,long,pair,GBP_CAD,ATR_mid_33_67,mid,full,93,-0.08533032234443928,0.07033345056194983,-0.22318388544586093
ema,long,pair,GBP_CAD,ATR_high_67_100,high,h1,66,-0.014591042776485182,0.11752781079555122,-0.24494555193576556
ema,long,pair,GBP_CAD,ATR_low_0_33,low,h1,45,0.0784370414272664,0.07711676039799614,-0.07271180895280605
ema,long,pair,GBP_CAD,ATR_mid_33_67,mid,h1,46,0.043478260869565216,0.10513184545545819,-0.16258015622313282
ema,long,pair,GBP_CAD,ATR_high_67_100,high,h2,78,-0.096683276939516,0.046346653018926126,-0.1875227168566112
ema,long,pair,GBP_CAD,ATR_low_0_33,low,h2,34,0.10779998172390205,0.09088372064645471,-0.07033211074314917
ema,long,pair,GBP_CAD,ATR_mid_33_67,mid,h2,47,-0.21139829740495442,0.09321293248180375,-0.39409564506928974
ema,long,pair,NZD_CHF,ATR_high_67_100,high,full,143,0.007147884816990713,0.051377536341854185,-0.09355208641304348
ema,long,pair,NZD_CHF,ATR_low_0_33,low,full,68,-0.004252262831628351,0.07840155771136316,-0.15791931594590014
ema,long,pair,NZD_CHF,ATR_mid_33_67,mid,full,100,-0.21651562930026136,0.06065799660445135,-0.335405302644986
ema,long,pair,NZD_CHF,ATR_high_67_100,high,h1,72,0.04481563265701352,0.03533401518212609,-0.02443903709995361
ema,long,pair,NZD_CHF,ATR_low_0_33,low,h1,34,0.15159559276388018,0.08277315258488777,-0.010639786302499843
ema,long,pair,NZD_CHF,ATR_mid_33_67,mid,h1,46,-0.17391304347826086,0.09444704334015736,-0.3590292484249693
ema,long,pair,NZD_CHF,ATR_high_67_100,high,h2,71,-0.031050394682750723,0.08352888961509795,-0.1947670183283427
ema,long,pair,NZD_CHF,ATR_low_0_33,low,h2,34,-0.1601001184271369,0.09491745029637241,-0.34613832100802683
ema,long,pair,NZD_CHF,ATR_mid_33_67,mid,h2,54,-0.2528067209264099,0.08267627868179726,-0.4148522271427325
ema,long,pair,NZD_JPY,ATR_high_67_100,high,full,142,0.0,0.04001445030452984,-0.07842832259687849
ema,long,pair,NZD_JPY,ATR_low_0_33,low,full,87,-0.1724137931034485,0.08159860686263766,-0.3323470625542183
ema,long,pair,NZD_JPY,ATR_mid_33_67,mid,full,93,0.0004909763156096682,0.09399310401896234,-0.1837355075615565
ema,long,pair,NZD_JPY,ATR_high_67_100,high,h1,64,-0.0625,0.0496896649734709,-0.15989174334800296
ema,long,pair,NZD_JPY,ATR_low_0_33,low,h1,62,-0.19354838709677455,0.10451124095568469,-0.39839041936991654
ema,long,pair,NZD_JPY,ATR_mid_33_67,mid,h1,40,-0.12385848006620752,0.10760056850074383,-0.33475559432766544
ema,long,pair,NZD_JPY,ATR_high_67_100,high,h2,78,0.05128205128205128,0.051242349360192826,-0.04915295346392666
ema,long,pair,NZD_JPY,ATR_low_0_33,low,h2,25,-0.12,0.18620590753249477,-0.48496357876368973
ema,long,pair,NZD_JPY,ATR_mid_33_67,mid,h2,53,0.09433962264150944,0.1172527666798941,-0.13547580005108298
ema,long,pair,NZD_USD,ATR_high_67_100,high,full,149,-0.087248322147651,0.036617699141645366,-0.15901901246527592
ema,long,pair,NZD_USD,ATR_low_0_33,low,full,109,0.06422018348623854,0.06320832357396321,-0.059668130718729354
ema,long,pair,NZD_USD,ATR_mid_33_67,mid,full,101,0.18811881188118812,0.04528807090832141,0.09935419290087816
ema,long,pair,NZD_USD,ATR_high_67_100,high,h1,66,-0.12121212121212122,0.04738312772974827,-0.21408305156242782
ema,long,pair,NZD_USD,ATR_low_0_33,low,h1,55,-0.01818181818181818,0.06293159158633146,-0.14152773769102786
ema,long,pair,NZD_USD,ATR_mid_33_67,mid,h1,47,0.2765957446808511,0.054803969037289395,0.16917996536776386
ema,long,pair,NZD_USD,ATR_high_67_100,high,h2,83,-0.060240963855421686,0.06037774766893151,-0.17858134928652744
ema,long,pair,NZD_USD,ATR_low_0_33,low,h2,54,0.14814814814814814,0.04796359279370503,0.054139506272486274
ema,long,pair,NZD_USD,ATR_mid_33_67,mid,h2,54,0.1111111111111111,0.05090253858787254,0.011342135478880924
ema,long,pair,USD_CAD,ATR_high_67_100,high,full,132,0.0865540058171428,0.043632513826363156,0.0010342787174710127
ema,long,pair,USD_CAD,ATR_low_0_33,low,full,123,0.1565866066654622,0.04893493008669301,0.060674143695543914
ema,long,pair,USD_CAD,ATR_mid_33_67,mid,full,115,-0.002195068500175527,0.09206316713527903,-0.18263887608532242
ema,long,pair,USD_CAD,ATR_high_67_100,high,h1,66,0.09021169093490196,0.05746431104136865,-0.022418358706180586
ema,long,pair,USD_CAD,ATR_low_0_33,low,h1,63,0.1657536724737977,0.09168902821354644,-0.013956822824753329
ema,long,pair,USD_CAD,ATR_mid_33_67,mid,h1,61,-0.055420953251208424,0.16442888879660825,-0.3777015752925606
ema,long,pair,USD_CAD,ATR_high_67_100,high,h2,66,0.08289632069938364,0.08027829341596808,-0.07444913439591379
ema,long,pair,USD_CAD,ATR_low_0_33,low,h2,60,0.14696118756671,0.05554991082831899,0.03808336234320478
ema,long,pair,USD_CAD,ATR_mid_33_67,mid,h2,54,0.057930467977843104,0.03983728976423046,-0.020150619960048598
ema,long,pair,USD_JPY,ATR_high_67_100,high,full,165,-0.09145035724413095,0.03326325954428047,-0.15664634595092067
ema,long,pair,USD_JPY,ATR_low_0_33,low,full,85,0.06483729541305013,0.07544781878110104,-0.08304042939790791
ema,long,pair,USD_JPY,ATR_mid_33_67,mid,full,101,0.3959631580190603,0.06730783449653847,0.2640398024058449
ema,long,pair,USD_JPY,ATR_high_67_100,high,h1,93,-0.08768168935655361,0.05594579058303487,-0.19733543889930197
ema,long,pair,USD_JPY,ATR_low_0_33,low,h1,57,-0.022478491155380427,0.06428333580411785,-0.1484738293314514
ema,long,pair,USD_JPY,ATR_mid_33_67,mid,h1,54,0.30554334191373966,0.05036085846841134,0.20683605931565344
ema,long,pair,USD_JPY,ATR_high_67_100,high,h2,72,-0.09631821993225168,0.0465283646280573,-0.18751381460324398
ema,long,pair,USD_JPY,ATR_low_0_33,low,h2,28,0.24258728949878375,0.15731231093430562,-0.06574483993245525
ema,long,pair,USD_JPY,ATR_mid_33_67,mid,h2,47,0.49984975524644987,0.11290644216152479,0.27855312860986126
ema,long,pair,USD_SGD,ATR_high_67_100,high,full,132,-0.12412180046250118,0.05461178714323644,-0.2311609032632446
ema,long,pair,USD_SGD,ATR_low_0_33,low,full,80,0.04217605302852967,0.0552265191889601,-0.06606792458183212
ema,long,pair,USD_SGD,ATR_mid_33_67,mid,full,105,0.12529154840237053,0.026159117298178665,0.07401967849794035
ema,long,pair,USD_SGD,ATR_high_67_100,high,h1,59,-0.11632590258180094,0.05320346167321138,-0.22060468746129525
ema,long,pair,USD_SGD,ATR_low_0_33,low,h1,50,-0.04318281767891392,0.06029429173449012,-0.16135962947851457
ema,long,pair,USD_SGD,ATR_mid_33_67,mid,h1,55,0.1259506716807289,0.04389257063203,0.03992123324195011
ema,long,pair,USD_SGD,ATR_high_67_100,high,h2,73,-0.13042259464005343,0.0948840668681777,-0.3163953657016817
ema,long,pair,USD_SGD,ATR_low_0_33,low,h2,30,0.1844408375409357,0.06507979606771204,0.05688443724822012
ema,long,pair,USD_SGD,ATR_mid_33_67,mid,h2,50,0.12456651279617635,0.06054828030645761,0.005891883395519437
ema,long,pooled,POOLED,ATR_high_67_100,high,full,2333,-0.02035930088022368,0.02099535207693862,-0.06151019095102338
ema,long,pooled,POOLED,ATR_low_0_33,low,full,1463,0.04856059594210409,0.028728393086367588,-0.0077470545071763874
ema,long,pooled,POOLED,ATR_mid_33_67,mid,full,1628,0.08050930245221935,0.034346591509215194,0.013189983094157573
ema,long,pooled,POOLED,ATR_high_67_100,high,h1,1109,-0.006340292556300955,0.027190784852330323,-0.059634230866868386
ema,long,pooled,POOLED,ATR_low_0_33,low,h1,805,0.039035905881745124,0.03507163713113505,-0.029704502895279573
ema,long,pooled,POOLED,ATR_mid_33_67,mid,h1,798,0.09193139419315549,0.03907548019790968,0.015343453005252528
ema,long,pooled,POOLED,ATR_high_67_100,high,h2,1224,-0.03306116381423535,0.031066936400601448,-0.09395235915941419
ema,long,pooled,POOLED,ATR_low_0_33,low,h2,658,0.06021314229254327,0.0474984664655394,-0.032883851979913954
ema,long,pooled,POOLED,ATR_mid_33_67,mid,h2,830,0.06952758051334339,0.04450645995670764,-0.017705081001803583
ema,short,pair,AUD_CAD,ATR_high_67_100,high,full,108,0.19496640146021996,0.04822774804670421,0.1004400152886797
ema,short,pair,AUD_CAD,ATR_low_0_33,low,full,72,0.16870630768797198,0.07354008976027596,0.024567731757831113
ema,short,pair,AUD_CAD,ATR_mid_33_67,mid,full,92,0.1537706662421348,0.04326989647219247,0.06896166915663758
ema,short,pair,AUD_CAD,ATR_high_67_100,high,h1,47,0.1643481259406436,0.099021659386071,-0.02973432645605556
ema,short,pair,AUD_CAD,ATR_low_0_33,low,h1,42,0.059669302555832034,0.06779224846793887,-0.07320350444132814
ema,short,pair,AUD_CAD,ATR_mid_33_67,mid,h1,45,0.1144759650917975,0.0665390540203716,-0.01594058078813082
ema,short,pair,AUD_CAD,ATR_high_67_100,high,h2,61,0.2185575317785821,0.06610926587480372,0.0889833706639668
ema,short,pair,AUD_CAD,ATR_low_0_33,low,h2,30,0.32135811487296795,0.1223342801027051,0.08158292587166596
ema,short,pair,AUD_CAD,ATR_mid_33_67,mid,h2,47,0.19139325244990463,0.0955894010798577,0.004038026333383543
ema,short,pair,AUD_JPY,ATR_high_67_100,high,full,112,0.13887008261272876,0.053096935050506056,0.0348000899137369
ema,short,pair,AUD_JPY,ATR_low_0_33,low,full,152,0.08795597091128134,0.06293451915018958,-0.03539568662309023
ema,short,pair,AUD_JPY,ATR_mid_33_67,mid,full,106,0.07547169811320754,0.058716116940913735,-0.03961189109098337
ema,short,pair,AUD_JPY,ATR_high_67_100,high,h1,57,0.04479735530922143,0.05813663523857818,-0.0691504497583918
ema,short,pair,AUD_JPY,ATR_low_0_33,low,h1,76,0.13727936982758185,0.09143167332814217,-0.041926709895576814
ema,short,pair,AUD_JPY,ATR_mid_33_67,mid,h1,43,0.11627906976744186,0.1547424858959399,-0.18701620258860036
ema,short,pair,AUD_JPY,ATR_high_67_100,high,h2,55,0.23636363636363636,0.0735104339161639,0.09228318588795512
ema,short,pair,AUD_JPY,ATR_low_0_33,low,h2,76,0.03863257199498083,0.041744701068926075,-0.04318704210011428
ema,short,pair,AUD_JPY,ATR_mid_33_67,mid,h2,63,0.047619047619047616,0.056211981929490826,-0.0625564369627544
ema,short,pair,CAD_CHF,ATR_high_67_100,high,full,117,0.03032601738697951,0.05055331430849168,-0.06875847865766417
ema,short,pair,CAD_CHF,ATR_low_0_33,low,full,89,0.15507244373839832,0.05986305898634742,0.03774084812515738
ema,short,pair,CAD_CHF,ATR_mid_33_67,mid,full,87,0.014715578562561707,0.05135353522620202,-0.08593735048079425
ema,short,pair,CAD_CHF,ATR_high_67_100,high,h1,66,-0.030303030303030304,0.04171159695404525,-0.11205776033295899
ema,short,pair,CAD_CHF,ATR_low_0_33,low,h1,52,0.1520820888331892,0.1185917988522602,-0.0803578369172408
ema,short,pair,CAD_CHF,ATR_mid_33_67,mid,h1,48,0.08930329882783501,0.04356683953030837,0.003912293348430615
ema,short,pair,CAD_CHF,ATR_high_67_100,high,h2,51,0.10878713792699223,0.09230265502300913,-0.07212606591810568
ema,short,pair,CAD_CHF,ATR_low_0_33,low,h2,37,0.15927510468625974,0.08838107599064902,-0.013951804255412342
ema,short,pair,CAD_CHF,ATR_mid_33_67,mid,h2,39,-0.07708469253315929,0.109109323456571,-0.29093896650803847
ema,short,pair,CAD_JPY,ATR_high_67_100,high,full,128,-0.10107205137047685,0.09920199983840204,-0.2955079710537449
ema,short,pair,CAD_JPY,ATR_low_0_33,low,full,123,0.10449852223822617,0.055904734501574196,-0.005074757384859255
ema,short,pair,CAD_JPY,ATR_mid_33_67,mid,full,121,0.03784254383659305,0.0326452979302704,-0.026142240106736936
ema,short,pair,CAD_JPY,ATR_high_67_100,high,h1,60,-0.2383368115609103,0.048615026737700386,-0.33362226396680306
ema,short,pair,CAD_JPY,ATR_low_0_33,low,h1,61,0.21311475409836064,0.09824457165290092,0.020555393658674842
ema,short,pair,CAD_JPY,ATR_mid_33_67,mid,h1,63,0.04093567943218666,0.05369126957041218,-0.06429920892582122
ema,short,pair,CAD_JPY,ATR_high_67_100,high,h2,68,0.020043913503435026,0.0838076910390398,-0.14421916093308296
ema,short,pair,CAD_JPY,ATR_low_0_33,low,h2,62,-0.0023658349144867878,0.07181436267256906,-0.14312198575272214
ema,short,pair,CAD_JPY,ATR_mid_33_67,mid,h2,58,0.034482758620689655,0.05783774795251042,-0.07887922736623076
ema,short,pair,CHF_JPY,ATR_high_67_100,high,full,137,-0.023578606261162965,0.0447592319450155,-0.11130670087339335
ema,short,pair,CHF_JPY,ATR_low_0_33,low,full,111,0.04519546273416529,0.038338048867734,-0.02994711304659335
ema,short,pair,CHF_JPY,ATR_mid_33_67,mid,full,98,-0.12201232404576169,0.08373586318316445,-0.286134615884764
ema,short,pair,CHF_JPY,ATR_high_67_100,high,h1,58,0.031987304649855317,0.08391621306023873,-0.1324884729482126
ema,short,pair,CHF_JPY,ATR_low_0_33,low,h1,58,0.13821890281883356,0.06580679084860946,0.009237592755559021
ema,short,pair,CHF_JPY,ATR_mid_33_67,mid,h1,40,0.13095813356878655,0.03313564037254937,0.0660122784385898
ema,short,pair,CHF_JPY,ATR_high_67_100,high,h2,79,-0.06437383199330296,0.06112552818465153,-0.18417986723521995
ema,short,pair,CHF_JPY,ATR_low_0_33,low,h2,53,-0.05660377358490566,0.08020008737816278,-0.2137959448461047
ema,short,pair,CHF_JPY,ATR_mid_33_67,mid,h2,58,-0.2964747086075191,0.08736881511339652,-0.4677175862297763
ema,short,pair,EUR_CAD,ATR_high_67_100,high,full,155,0.15291927199502303,0.08610345871621712,-0.015843507088762532
ema,short,pair,EUR_CAD,ATR_low_0_33,low,full,87,-0.21600225426279446,0.03934386522687635,-0.2931162301074721
ema,short,pair,EUR_CAD,ATR_mid_33_67,mid,full,108,0.20557986666795391,0.061282092070180566,0.08546696621040001
ema,short,pair,EUR_CAD,ATR_high_67_100,high,h1,72,0.24370208457649362,0.041662743232347636,0.16204310784109227
ema,short,pair,EUR_CAD,ATR_low_0_33,low,h1,34,-0.20671923208776147,0.09502812105866539,-0.3929743493627456
ema,short,pair,EUR_CAD,ATR_mid_33_67,mid,h1,55,0.23154850100614957,0.1515455460429536,-0.06548076923803944
ema,short,pair,EUR_CAD,ATR_high_67_100,high,h2,83,0.07416791650266302,0.11305675567051429,-0.14742332461154498
ema,short,pair,EUR_CAD,ATR_low_0_33,low,h2,53,-0.2219574005637589,0.06458780072835717,-0.34854948999133895
ema,short,pair,EUR_CAD,ATR_mid_33_67,mid,h2,53,0.17863128386416596,0.05478571531330378,0.07125128185009057
ema,short,pair,EUR_CHF,ATR_high_67_100,high,full,98,0.13978047474888153,0.027573009624202213,0.0857373758854452
ema,short,pair,EUR_CHF,ATR_low_0_33,low,full,76,0.04079106238849764,0.10259953673631175,-0.16030402961467338
ema,short,pair,EUR_CHF,ATR_mid_33_67,mid,full,87,0.02051143885661599,0.07377672468574537,-0.12409094152744493
ema,short,pair,EUR_CHF,ATR_high_67_100,high,h1,47,0.14530505819860798,0.06283606608046059,0.02214636868090522
ema,short,pair,EUR_CHF,ATR_low_0_33,low,h1,45,-0.17528124485950666,0.037535056084512394,-0.24884995478515096
ema,short,pair,EUR_CHF,ATR_mid_33_67,mid,h1,49,-0.07044062889603686,0.09717569751478701,-0.2609049960250194
ema,short,pair,EUR_CHF,ATR_high_67_100,high,h2,51,0.1346891919618787,0.04189663180475833,0.052571793624552374
ema,short,pair,EUR_CHF,ATR_low_0_33,low,h2,31,0.35444441161947166,0.10658141616937948,0.14554483592748788
ema,short,pair,EUR_CHF,ATR_mid_33_67,mid,h2,38,0.13779173674819467,0.06208273174889815,0.0161095825203543
ema,short,pair,EUR_GBP,ATR_high_67_100,high,full,142,0.1885669981103845,0.06307551298631255,0.06493899265721191
ema,short,pair,EUR_GBP,ATR_low_0_33,low,full,93,-0.10136514770151596,0.07733368575119973,-0.25293917177386743
ema,short,pair,EUR_GBP,ATR_mid_33_67,mid,full,97,-0.01712787197449793,0.052732250293332956,-0.12048308254943052
ema,short,pair,EUR_GBP,ATR_high_67_100,high,h1,69,0.06519051979326534,0.05938947238768698,-0.051212846086601135
ema,short,pair,EUR_GBP,ATR_low_0_33,low,h1,65,-0.09295470097760826,0.12628053120228225,-0.34046454213408145
ema,short,pair,EUR_GBP,ATR_mid_33_67,mid,h1,52,-0.05726004928341501,0.11922416539974613,-0.29093941346691743
ema,short,pair,EUR_GBP,ATR_high_67_100,high,h2,73,0.3051831214512231,0.056077298047939386,0.19527161727726192
ema,short,pair,EUR_GBP,ATR_low_0_33,low,h2,28,-0.1208893990248731,0.10290261489878073,-0.3225785242264833
ema,short,pair,EUR_GBP,ATR_mid_33_67,mid,h2,45,0.029247088471361815,0.08353143372337904,-0.1344745216264611
ema,short,pair,EUR_NOK,ATR_high_67_100,high,full,138,0.052469384379084924,0.055386801879595424,-0.05608874730492211
ema,short,pair,EUR_NOK,ATR_low_0_33,low,full,78,0.017501507484069215,0.05073568083180379,-0.08194042694626621
ema,short,pair,EUR_NOK,ATR_mid_33_67,mid,full,83,-0.17241279507335852,0.05177295969708571,-0.27388779607964653
ema,short,pair,EUR_NOK,ATR_high_67_100,high,h1,65,0.003222643459731368,0.14817794579355342,-0.2872061302956333
ema,short,pair,EUR_NOK,ATR_low_0_33,low,h1,33,0.047918177846774324,0.10914513373170517,-0.16600628426736783
ema,short,pair,EUR_NOK,ATR_mid_33_67,mid,h1,41,0.007693213923285296,0.06932296988418479,-0.1281798070497169
ema,short,pair,EUR_NOK,ATR_high_67_100,high,h2,73,0.09631922218398876,0.0687317850735556,-0.038395076560180194
ema,short,pair,EUR_NOK,ATR_low_0_33,low,h2,45,-0.004804050781914541,0.10530243658986363,-0.21119682649804725
ema,short,pair,EUR_NOK,ATR_mid_33_67,mid,h2,42,-0.3482305657605584,0.15220330215677358,-0.6465490379878346
ema,short,pair,EUR_USD,ATR_high_67_100,high,full,141,-0.03618035737649713,0.06986448771471639,-0.17311475329734125
ema,short,pair,EUR_USD,ATR_low_0_33,low,full,98,0.199898857935217,0.07222735799601851,0.05833323626302073
ema,short,pair,EUR_USD,ATR_mid_33_67,mid,full,130,0.08586664026914045,0.033618373303318634,0.019974628594635932
ema,short,pair,EUR_USD,ATR_high_67_100,high,h1,71,-0.0007729820990017859,0.10498731116086074,-0.20654811197428882
ema,short,pair,EUR_USD,ATR_low_0_33,low,h1,50,0.11108008171893585,0.087057650086388,-0.059552912450384604
ema,short,pair,EUR_USD,ATR_mid_33_67,mid,h1,62,0.042060407521918156,0.05509703078736985,-0.06592977282132674
ema,short,pair,EUR_USD,ATR_high_67_100,high,h2,70,-0.07209355230081385,0.07992210788204963,-0.22874088374963114
ema,short,pair,EUR_USD,ATR_low_0_33,low,h2,48,0.2924184164938432,0.05761526575104649,0.1794924956217921
ema,short,pair,EUR_USD,ATR_mid_33_67,mid,h2,68,0.12580761718572547,0.07343288459652654,-0.01812083662346653
ema,short,pair,GBP_CAD,ATR_high_67_100,high,full,143,0.020936411135364496,0.08404852832460043,-0.14379870438085235
ema,short,pair,GBP_CAD,ATR_low_0_33,low,full,98,-0.04307083813729727,0.0351300120028071,-0.11192566166279919
ema,short,pair,GBP_CAD,ATR_mid_33_67,mid,full,100,0.09235821737726393,0.0359585043910506,0.021879548770804766
ema,short,pair,GBP_CAD,ATR_high_67_100,high,h1,73,-0.09685859961798855,0.0803215549955094,-0.254288847409187
ema,short,pair,GBP_CAD,ATR_low_0_33,low,h1,48,-0.03514215370157949,0.08225516950351569,-0.19636228592847024
ema,short,pair,GBP_CAD,ATR_mid_33_67,mid,h1,54,0.07407407407407407,0.05852989607652998,-0.0406445222359247
ema,short,pair,GBP_CAD,ATR_high_67_100,high,h2,70,0.14377977949243267,0.05335447241166871,0.039205013565562
ema,short,pair,GBP_CAD,ATR_low_0_33,low,h2,50,-0.0506823751955863,0.05359179381400429,-0.15572229107103472
ema,short,pair,GBP_CAD,ATR_mid_33_67,mid,h2,46,0.11382221168970422,0.06821508690963456,-0.019879358653179524
ema,short,pair,NZD_CHF,ATR_high_67_100,high,full,77,0.04529998811328584,0.09431927515776362,-0.13956579119593085
ema,short,pair,NZD_CHF,ATR_low_0_33,low,full,73,0.24593342042340666,0.05000963895671011,0.14791452806825484
ema,short,pair,NZD_CHF,ATR_mid_33_67,mid,full,88,0.2854324042902196,0.13133217699542682,0.028021337379183053
ema,short,pair,NZD_CHF,ATR_high_67_100,high,h1,38,-0.21052631578947367,0.05102144170746236,-0.31052834153609987
ema,short,pair,NZD_CHF,ATR_low_0_33,low,h1,40,0.21781349735757863,0.09270096406357953,0.03611960779296275
ema,short,pair,NZD_CHF,ATR_mid_33_67,mid,h1,53,0.11789646919705672,0.09221671853234353,-0.06284829912633659
ema,short,pair,NZD_CHF,ATR_high_67_100,high,h2,39,0.2945666431980259,0.07880374798200473,0.14011129715329662
ema,short,pair,NZD_CHF,ATR_low_0_33,low,h2,33,0.2800181756547133,0.07358528953790937,0.13579100816041095
ema,short,pair,NZD_CHF,ATR_mid_33_67,mid,h2,35,0.5391296774312948,0.1392725976372857,0.26615538606221484
ema,short,pair,NZD_JPY,ATR_high_67_100,high,full,89,-0.12758977731250407,0.05525016509957727,-0.23588010090767553
ema,short,pair,NZD_JPY,ATR_low_0_33,low,full,129,0.06976744186046512,0.1465252479438757,-0.21742204410953125
ema,short,pair,NZD_JPY,ATR_mid_33_67,mid,full,110,-0.18181818181818182,0.05377195949295638,-0.28721122242437636
ema,short,pair,NZD_JPY,ATR_high_67_100,high,h1,48,-0.22495836628088073,0.06397953532025484,-0.35035825550858024
ema,short,pair,NZD_JPY,ATR_low_0_33,low,h1,55,-0.2,0.12267981941485094,-0.44045244605310785
ema,short,pair,NZD_JPY,ATR_mid_33_67,mid,h1,54,-0.18518518518518517,0.13107376918710834,-0.4420897727919175
ema,short,pair,NZD_JPY,ATR_high_67_100,high,h2,41,-0.013597282910502082,0.1492960517134816,-0.306217544268926
ema,short,pair,NZD_JPY,ATR_low_0_33,low,h2,74,0.2702702702702703,0.08229356200420197,0.10897488874203443
ema,short,pair,NZD_JPY,ATR_mid_33_67,mid,h2,56,-0.17857142857142858,0.046564858000693314,-0.26983855025278747
ema,short,pair,NZD_USD,ATR_high_67_100,high,full,141,0.03546099290780142,0.08889211416915026,-0.13876755086373307
ema,short,pair,NZD_USD,ATR_low_0_33,low,full,84,0.09523809523809523,0.08347846535920915,-0.06837969686595469
ema,short,pair,NZD_USD,ATR_mid_33_67,mid,full,105,0.14285714285714285,0.0916458922437352,-0.03676880594057816
ema,short,pair,NZD_USD,ATR_high_67_100,high,h1,73,0.1506849315068493,0.06462659446738103,0.024016806350782488
ema,short,pair,NZD_USD,ATR_low_0_33,low,h1,51,-0.058823529411764705,0.0548806332335427,-0.16638957054950837
ema,short,pair,NZD_USD,ATR_mid_33_67,mid,h1,59,-0.01694915254237288,0.04981694981199741,-0.1145903741738878
ema,short,pair,NZD_USD,ATR_high_67_100,high,h2,68,-0.08823529411764706,0.08152511840662907,-0.24802452619464005
ema,short,pair,NZD_USD,ATR_low_0_33,low,h2,33,0.3333333333333333,0.08454769077368315,0.16761985941691435
ema,short,pair,NZD_USD,ATR_mid_33_67,mid,h2,46,0.34782608695652173,0.06463950429157345,0.22113265854503777
ema,short,pair,USD_CAD,ATR_high_67_100,high,full,168,0.07874711758119174,0.06407904803420843,-0.046847816565856765
ema,short,pair,USD_CAD,ATR_low_0_33,low,full,125,-0.06283633224954613,0.049050788333136745,-0.15897587738249414
ema,short,pair,USD_CAD,ATR_mid_33_67,mid,full,96,0.032036697725637615,0.04683740072453556,-0.05976460769445207
ema,short,pair,USD_CAD,ATR_high_67_100,high,h1,79,0.19175397919098633,0.07413923164549945,0.046441085165807416
ema,short,pair,USD_CAD,ATR_low_0_33,low,h1,55,0.07805980921969959,0.06472367376786083,-0.048798591365307634
ema,short,pair,USD_CAD,ATR_mid_33_67,mid,h1,49,0.026219906303447678,0.10295783177452517,-0.17557744397462166
ema,short,pair,USD_CAD,ATR_high_67_100,high,h2,89,-0.021562343847727053,0.052227704665663705,-0.12392864499242791
ema,short,pair,USD_CAD,ATR_low_0_33,low,h2,70,-0.1735404434039535,0.08053619772213934,-0.3313913909393466
ema,short,pair,USD_CAD,ATR_mid_33_67,mid,h2,47,0.03810101218706967,0.07112357827826574,-0.10130120123833118
ema,short,pair,USD_JPY,ATR_high_67_100,high,full,125,-0.1119936021229593,0.06148904747005919,-0.23251213516427532
ema,short,pair,USD_JPY,ATR_low_0_33,low,full,167,-0.11119143909010312,0.07696958116651842,-0.2620518181764792
ema,short,pair,USD_JPY,ATR_mid_33_67,mid,full,116,0.03171069588900955,0.08945807269221405,-0.14362712658773
ema,short,pair,USD_JPY,ATR_high_67_100,high,h1,63,-0.09796648943952023,0.10156298883434108,-0.29702994755482875
ema,short,pair,USD_JPY,ATR_low_0_33,low,h1,68,0.027542703863151104,0.03939351188388393,-0.049668579429261395
ema,short,pair,USD_JPY,ATR_mid_33_67,mid,h1,54,0.21827391086137435,0.04760945958063174,0.12495937008333614
ema,short,pair,USD_JPY,ATR_high_67_100,high,h2,62,-0.12624695855935705,0.13025119937822982,-0.38153930934068747
ema,short,pair,USD_JPY,ATR_low_0_33,low,h2,99,-0.20648357768425754,0.10599433193182158,-0.4142324682706278
ema,short,pair,USD_JPY,ATR_mid_33_67,mid,h2,62,-0.13077984618369523,0.05228256611173946,-0.23325367576270456
ema,short,pair,USD_SGD,ATR_high_67_100,high,full,122,-0.05347040076024373,0.0899400953460422,-0.22975298763848645
ema,short,pair,USD_SGD,ATR_low_0_33,low,full,118,0.15152844140355673,0.09491825617689452,-0.034511340703156534
ema,short,pair,USD_SGD,ATR_mid_33_67,mid,full,75,-0.00044814311024303483,0.07369444661788366,-0.144889258481295
ema,short,pair,USD_SGD,ATR_high_67_100,high,h1,68,0.07465387632405698,0.09706436681608441,-0.11559228263546845
ema,short,pair,USD_SGD,ATR_low_0_33,low,h1,59,0.37657266422322394,0.05712238027490918,0.2646127988844019
ema,short,pair,USD_SGD,ATR_mid_33_67,mid,h1,39,0.20241868364314358,0.07623480289045433,0.0529984699778531
ema,short,pair,USD_SGD,ATR_high_67_100,high,h2,54,-0.21481208301454832,0.06070185685456005,-0.333787722449486
ema,short,pair,USD_SGD,ATR_low_0_33,low,h2,59,-0.07351578141611043,0.08016590823772674,-0.23064096156205482
ema,short,pair,USD_SGD,ATR_mid_33_67,mid,h2,36,-0.22022053875974518,0.06073074839048843,-0.3392528056051025
ema,short,pooled,POOLED,ATR_high_67_100,high,full,2141,0.03883267042209932,0.024256616698281257,-0.008710298306531944
ema,short,pooled,POOLED,ATR_low_0_33,low,full,1773,0.04242122794654456,0.028057950301368182,-0.012572354644137078
ema,short,pooled,POOLED,ATR_mid_33_67,mid,full,1699,0.04196659294101472,0.026810676695821434,-0.010582333382795288
ema,short,pooled,POOLED,ATR_high_67_100,high,h1,1054,0.022813994015315257,0.03538322103219948,-0.04653711920779573
ema,short,pooled,POOLED,ATR_low_0_33,low,h1,892,0.055438501518294575,0.0375540614227599,-0.01816745887031483
ema,short,pooled,POOLED,ATR_mid_33_67,mid,h1,860,0.06011497588216792,0.02528755354723046,0.010551370929596224
ema,short,pooled,POOLED,ATR_high_67_100,high,h2,1087,0.05436503926547595,0.037972782932329245,-0.020061615281889364
ema,short,pooled,POOLED,ATR_low_0_33,low,h2,881,0.029241423149721633,0.04450301653223937,-0.05798448925346753
ema,short,pooled,POOLED,ATR_mid_33_67,mid,h2,839,0.023363959652109193,0.038688163692674936,-0.052464841185533684
rsi,long,pair,AUD_CAD,ATR_high_67_100,high,full,239,0.060623141312445034,0.07595908637081318,-0.08825666797434881
rsi,long,pair,AUD_CAD,ATR_low_0_33,low,full,231,-0.13331253405090332,0.08338026829851651,-0.29673785991599566
rsi,long,pair,AUD_CAD,ATR_mid_33_67,mid,full,179,0.11175195330361126,0.07355889708844465,-0.032423484989740264
rsi,long,pair,AUD_CAD,ATR_high_67_100,high,h1,113,-0.014613665022564275,0.04072284255160943,-0.09443043642371876
rsi,long,pair,AUD_CAD,ATR_low_0_33,low,h1,125,-0.13835401471758269,0.10735041300899541,-0.3487608242152137
rsi,long,pair,AUD_CAD,ATR_mid_33_67,mid,h1,92,0.04331964892406568,0.07411479777832852,-0.10194535472145824
rsi,long,pair,AUD_CAD,ATR_high_67_100,high,h2,126,0.12809742000971527,0.10819285514328393,-0.08396057607112123
rsi,long,pair,AUD_CAD,ATR_low_0_33,low,h2,106,-0.12736739175529088,0.1412294759698297,-0.4041771646561571
rsi,long,pair,AUD_CAD,ATR_mid_33_67,mid,h2,87,0.18411714873945256,0.09467871969621511,-0.0014531418651290429
rsi,long,pair,AUD_JPY,ATR_high_67_100,high,full,319,-0.034482758620689655,0.059594045352448374,-0.15128708751148845
rsi,long,pair,AUD_JPY,ATR_low_0_33,low,full,111,0.04504504504504504,0.06130637615709605,-0.07511545222286321
rsi,long,pair,AUD_JPY,ATR_mid_33_67,mid,full,147,0.034013605442176874,0.047695043482857684,-0.05946867978422419
rsi,long,pair,AUD_JPY,ATR_high_67_100,high,h1,173,-0.05202312138728324,0.09107497854841473,-0.23053007934217612
rsi,long,pair,AUD_JPY,ATR_low_0_33,low,h1,63,0.015873015873015872,0.10088094486795436,-0.18185363606817467
rsi,long,pair,AUD_JPY,ATR_mid_33_67,mid,h1,79,0.08860759493670886,0.11126060230534941,-0.129463185581776
rsi,long,pair,AUD_JPY,ATR_high_67_100,high,h2,146,-0.0136986301369863,0.08587077524375203,-0.18200534961474027
rsi,long,pair,AUD_JPY,ATR_low_0_33,low,h2,48,0.08333333333333333,0.10674377668321794,-0.12588446896577382
rsi,long,pair,AUD_JPY,ATR_mid_33_67,mid,h2,68,-0.029411764705882353,0.06514794270737448,-0.15710173241233633
rsi,long,pair,CAD_CHF,ATR_high_67_100,high,full,293,-0.15627820326413353,0.046267540347473046,-0.2469625823451807
rsi,long,pair,CAD_CHF,ATR_low_0_33,low,full,192,-0.05533937401641061,0.09262305826913335,-0.23688056822391199
rsi,long,pair,CAD_CHF,ATR_mid_33_67,mid,full,193,-0.16167600277089902,0.06516618645857675,-0.28940172822970944
rsi,long,pair,CAD_CHF,ATR_high_67_100,high,h1,146,-0.14470086594170292,0.07416018964827467,-0.29005483765232126
rsi,long,pair,CAD_CHF,ATR_low_0_33,low,h1,83,0.07991711515414983,0.16224582412395142,-0.2380847001287949
rsi,long,pair,CAD_CHF,ATR_mid_33_67,mid,h1,95,-0.08272364008050544,0.0604219668608861,-0.20115069512784217
rsi,long,pair,CAD_CHF,ATR_high_67_100,high,h2,147,-0.16777678318981293,0.05121179323857615,-0.26815189793742217
rsi,long,pair,CAD_CHF,ATR_low_0_33,low,h2,109,-0.15833284742151627,0.06110348983558005,-0.2780956874992532
rsi,long,pair,CAD_CHF,ATR_mid_33_67,mid,h2,98,-0.23821145639934177,0.05218993511692785,-0.34050372922852035
rsi,long,pair,CAD_JPY,ATR_high_67_100,high,full,321,0.03476348367891348,0.08311686358224678,-0.12814556894229018
rsi,long,pair,CAD_JPY,ATR_low_0_33,low,full,151,-0.00955767773620916,0.0793061950952912,-0.16499782012297992
rsi,long,pair,CAD_JPY,ATR_mid_33_67,mid,full,159,0.00908500148641975,0.04095913916412559,-0.0711949112752664
rsi,long,pair,CAD_JPY,ATR_high_67_100,high,h1,149,-0.14093959731543623,0.05092955183946897,-0.2407615189207954
rsi,long,pair,CAD_JPY,ATR_low_0_33,low,h1,94,0.09548488066858023,0.046227005397222805,0.004879950090023524
rsi,long,pair,CAD_JPY,ATR_mid_33_67,mid,h1,93,0.03004713011200148,0.06754720326278255,-0.1023453882830523
rsi,long,pair,CAD_JPY,ATR_high_67_100,high,h2,172,0.18697138523797224,0.08789915492524533,0.014689041584491386
rsi,long,pair,CAD_JPY,ATR_low_0_33,low,h2,57,-0.18278575650901974,0.23452185198492234,-0.6424485863994676
rsi,long,pair,CAD_JPY,ATR_mid_33_67,mid,h2,66,-0.02045254339508177,0.10322502477838223,-0.22277359196071092
rsi,long,pair,CHF_JPY,ATR_high_67_100,high,full,234,0.15245878195985113,0.13066363953533575,-0.10364195152940692
rsi,long,pair,CHF_JPY,ATR_low_0_33,low,full,154,0.25055628986691764,0.059492402337472765,0.133951181285471
rsi,long,pair,CHF_JPY,ATR_mid_33_67,mid,full,166,0.15616637344822737,0.0776644975486801,0.003943958252814378
rsi,long,pair,CHF_JPY,ATR_high_67_100,high,h1,114,-0.05287216266727324,0.12318056584030321,-0.2943060717142675
rsi,long,pair,CHF_JPY,ATR_low_0_33,low,h1,104,0.32323489742472533,0.11531832813740912,0.09721097427540346
rsi,long,pair,CHF_JPY,ATR_mid_33_67,mid,h1,88,0.11495380028409823,0.12344741944326139,-0.12700314182469408
rsi,long,pair,CHF_JPY,ATR_high_67_100,high,h2,120,0.3475231793556193,0.07982826787184231,0.1910597743268084
rsi,long,pair,CHF_JPY,ATR_low_0_33,low,h2,50,0.09938478614667762,0.05573388797214512,-0.009853634278726806
rsi,long,pair,CHF_JPY,ATR_mid_33_67,mid,h2,78,0.20266260983852694,0.1219420219716064,-0.03634375322582162
rsi,long,pair,EUR_CAD,ATR_high_67_100,high,full,242,0.021256223403594038,0.05730175772981588,-0.09105522174684509
rsi,long,pair,EUR_CAD,ATR_low_0_33,low,full,220,0.23046609242344407,0.0799185209187749,0.07382579142264528
rsi,long,pair,EUR_CAD,ATR_mid_33_67,mid,full,201,0.0903315323368697,0.06463586391995826,-0.036354760946248496
rsi,long,pair,EUR_CAD,ATR_high_67_100,high,h1,102,0.11499199803693064,0.07226166510676983,-0.026640865572338218
rsi,long,pair,EUR_CAD,ATR_low_0_33,low,h1,129,0.24300060104235055,0.15136629165663337,-0.05367733060465085
rsi,long,pair,EUR_CAD,ATR_mid_33_67,mid,h1,87,0.0940010721463035,0.06183236746732855,-0.027190368089660452
rsi,long,pair,EUR_CAD,ATR_high_67_100,high,h2,140,-0.04703698382926548,0.08805243846200948,-0.2196197632148041
rsi,long,pair,EUR_CAD,ATR_low_0_33,low,h2,91,0.21269739339224694,0.0729802780415857,0.06965604843073897
rsi,long,pair,EUR_CAD,ATR_mid_33_67,mid,h2,114,0.08753109406124918,0.12198571803799602,-0.15156091329322302
rsi,long,pair,EUR_CHF,ATR_high_67_100,high,full,277,-0.10224978024254683,0.058194537674489726,-0.2163110740845467
rsi,long,pair,EUR_CHF,ATR_low_0_33,low,full,219,0.07278336902290494,0.045000387259023465,-0.015417390004781054
rsi,long,pair,EUR_CHF,ATR_mid_33_67,mid,full,161,-0.06396938620687934,0.04658979504641721,-0.15528538449785706
rsi,long,pair,EUR_CHF,ATR_high_67_100,high,h1,103,-0.029742559069298,0.07695003479158154,-0.1805646272607978
rsi,long,pair,EUR_CHF,ATR_low_0_33,low,h1,107,0.02796383993361784,0.0489054607008727,-0.06789086304009265
rsi,long,pair,EUR_CHF,ATR_mid_33_67,mid,h1,57,0.020066772803491326,0.08268481189667633,-0.14199545851399425
rsi,long,pair,EUR_CHF,ATR_high_67_100,high,h2,174,-0.14517072151176882,0.09374656811952892,-0.32891399502604546
rsi,long,pair,EUR_CHF,ATR_low_0_33,low,h2,112,0.11560202627784888,0.04270134046229066,0.03190739897175919
rsi,long,pair,EUR_CHF,ATR_mid_33_67,mid,h2,104,-0.11002766566448637,0.07184480602992875,-0.2508434854831467
rsi,long,pair,EUR_GBP,ATR_high_67_100,high,full,225,0.14632134558512433,0.07653376335144087,-0.0036848305836997552
rsi,long,pair,EUR_GBP,ATR_low_0_33,low,full,281,0.01428618051134841,0.08536811885572655,-0.1530353324458756
rsi,long,pair,EUR_GBP,ATR_mid_33_67,mid,full,211,0.28763412462556326,0.08093319473047796,0.12900506295382647
rsi,long,pair,EUR_GBP,ATR_high_67_100,high,h1,121,0.04220710659282584,0.06531688904376459,-0.08581399593295275
rsi,long,pair,EUR_GBP,ATR_low_0_33,low,h1,115,-0.04747169881278053,0.07887481315082609,-0.20206633258839968
rsi,long,pair,EUR_GBP,ATR_mid_33_67,mid,h1,82,0.3745052024217695,0.0572922352144099,0.26221242140152606
rsi,long,pair,EUR_GBP,ATR_high_67_100,high,h2,104,0.26745425825885627,0.04909949530533303,0.17121924746040354
rsi,long,pair,EUR_GBP,ATR_low_0_33,low,h2,166,0.057070253537100414,0.13201211713526284,-0.20167349604801474
rsi,long,pair,EUR_GBP,ATR_mid_33_67,mid,h2,129,0.23241374959231595,0.1123936181199298,0.012122258077253534
rsi,long,pair,EUR_NOK,ATR_high_67_100,high,full,174,0.046904865774157214,0.09508485014204222,-0.13946144050424553
rsi,long,pair,EUR_NOK,ATR_low_0_33,low,full,311,0.1702646178648621,0.04409364834943589,0.08384106709996776
rsi,long,pair,EUR_NOK,ATR_mid_33_67,mid,full,233,0.016939762886362116,0.09205438940788611,-0.16348684035309466
rsi,long,pair,EUR_NOK,ATR_high_67_100,high,h1,67,0.18090503312182107,0.10492823971765024,-0.02475431672477338
rsi,long,pair,EUR_NOK,ATR_low_0_33,low,h1,159,0.1687004436468808,0.05329738414632225,0.0642375707200892
rsi,long,pair,EUR_NOK,ATR_mid_33_67,mid,h1,110,-0.05604844571207007,0.07198962314768512,-0.1971481070815329
rsi,long,pair,EUR_NOK,ATR_high_67_100,high,h2,107,-0.03700178106970706,0.09660638304422768,-0.2263502918363933
rsi,long,pair,EUR_NOK,ATR_low_0_33,low,h2,152,0.17190082642182938,0.07178901982243843,0.031194347569850067
rsi,long,pair,EUR_NOK,ATR_mid_33_67,mid,h2,123,0.08221377057601692,0.13423128664536854,-0.18087955124890542
rsi,long,pair,EUR_USD,ATR_high_67_100,high,full,260,-0.10246711422074961,0.06708739600512197,-0.23395841039078866
rsi,long,pair,EUR_USD,ATR_low_0_33,low,full,311,0.11921417021290022,0.07326021080164886,-0.024375842958331548
rsi,long,pair,EUR_USD,ATR_mid_33_67,mid,full,216,0.13069772594689505,0.062380571895994975,0.008431805030744893
rsi,long,pair,EUR_USD,ATR_high_67_100,high,h1,104,0.035024168199970306,0.07250582691427628,-0.10708725255201118
rsi,long,pair,EUR_USD,ATR_low_0_33,low,h1,159,0.19170868023489288,0.0845241452210598,0.026041355601615662
rsi,long,pair,EUR_USD,ATR_mid_33_67,mid,h1,116,0.2481452291132725,0.07093814570266153,0.10910646353605588
rsi,long,pair,EUR_USD,ATR_high_67_100,high,h2,156,-0.1941279691678962,0.08651312965710066,-0.3636937032958135
rsi,long,pair,EUR_USD,ATR_low_0_33,low,h2,152,0.043381097229368434,0.09712666994805408,-0.14698717586881754
rsi,long,pair,EUR_USD,ATR_mid_33_67,mid,h2,100,-0.005541377726102783,0.05853480599237083,-0.12026959747114961
rsi,long,pair,GBP_CAD,ATR_high_67_100,high,full,275,-0.014166974978776345,0.09654264057142266,-0.20339055049876476
rsi,long,pair,GBP_CAD,ATR_low_0_33,low,full,233,-0.006956825939666077,0.07400686425878135,-0.15201027988687751
rsi,long,pair,GBP_CAD,ATR_mid_33_67,mid,full,198,0.028170628919869614,0.07902174213674759,-0.12671198566815567
rsi,long,pair,GBP_CAD,ATR_high_67_100,high,h1,131,0.008269882659013298,0.15088919607988277,-0.28747294165755694
rsi,long,pair,GBP_CAD,ATR_low_0_33,low,h1,137,-0.03600816513421928,0.10850008652448045,-0.24866833472220098
rsi,long,pair,GBP_CAD,ATR_mid_33_67,mid,h1,87,-0.1229516294077735,0.08853866695799784,-0.29648741664544925
rsi,long,pair,GBP_CAD,ATR_high_67_100,high,h2,144,-0.034578282968709954,0.15529432113493155,-0.3389551523931758
rsi,long,pair,GBP_CAD,ATR_low_0_33,low,h2,96,0.03450185603589415,0.10842386170225346,-0.17800891290052262
rsi,long,pair,GBP_CAD,ATR_mid_33_67,mid,h2,111,0.14661780436586017,0.03816843627054086,0.07180766927560008
rsi,long,pair,NZD_CHF,ATR_high_67_100,high,full,277,-0.12818490428448032,0.06909652260401254,-0.2636140885883449
rsi,long,pair,NZD_CHF,ATR_low_0_33,low,full,225,0.08938206823111704,0.05655216979482269,-0.021460184566735444
rsi,long,pair,NZD_CHF,ATR_mid_33_67,mid,full,201,-0.0787940174440309,0.07356682925764801,-0.222985002789021
rsi,long,pair,NZD_CHF,ATR_high_67_100,high,h1,138,-0.10721291382237608,0.11357806928560536,-0.3298259296221626
rsi,long,pair,NZD_CHF,ATR_low_0_33,low,h1,106,0.14788791131068607,0.08365352852426113,-0.016073004596865725
rsi,long,pair,NZD_CHF,ATR_mid_33_67,mid,h1,94,-0.19148936170212766,0.07266921329327135,-0.3339210197569395
rsi,long,pair,NZD_CHF,ATR_high_67_100,high,h2,139,-0.14900601711736078,0.09168752953851063,-0.3287135750128416
rsi,long,pair,NZD_CHF,ATR_low_0_33,low,h2,119,0.0372676197736858,0.07685237253063491,-0.11336303038635863
rsi,long,pair,NZD_CHF,ATR_mid_33_67,mid,h2,107,0.020209369100465325,0.1512569397196342,-0.2762542327500177
rsi,long,pair,NZD_JPY,ATR_high_67_100,high,full,328,-0.05660864128715405,0.06481389526622953,-0.18364387600896392
rsi,long,pair,NZD_JPY,ATR_low_0_33,low,full,166,-0.18072289156626506,0.07121436356057871,-0.3203030441449993
rsi,long,pair,NZD_JPY,ATR_mid_33_67,mid,full,174,-0.044080762339044156,0.06049497922999987,-0.1626509216298439
rsi,long,pair,NZD_JPY,ATR_high_67_100,high,h1,158,-0.15549135659611726,0.0639183401303072,-0.28077130325151933
rsi,long,pair,NZD_JPY,ATR_low_0_33,low,h1,121,-0.2066115702479339,0.07812559091370862,-0.3597377284388028
rsi,long,pair,NZD_JPY,ATR_mid_33_67,mid,h1,80,-0.04587565808742104,0.12200436441455068,-0.2850042123399404
rsi,long,pair,NZD_JPY,ATR_high_67_100,high,h2,170,0.03529411764705882,0.08700042128669336,-0.13522670807486015
rsi,long,pair,NZD_JPY,ATR_low_0_33,low,h2,45,-0.1111111111111111,0.11939320579838054,-0.34512179447593694
rsi,long,pair,NZD_JPY,ATR_mid_33_67,mid,h2,94,-0.0425531914893617,0.0924068804113044,-0.22367067709551833
rsi,long,pair,NZD_USD,ATR_high_67_100,high,full,262,-0.15267175572519084,0.06506817885436669,-0.28020538627974956
rsi,long,pair,NZD_USD,ATR_low_0_33,low,full,244,0.19672131147540983,0.07376418317156745,0.05214351245913762
rsi,long,pair,NZD_USD,ATR_mid_33_67,mid,full,231,0.10822510822510822,0.058433652806476756,-0.006304851275586221
rsi,long,pair,NZD_USD,ATR_high_67_100,high,h1,120,-0.25,0.06574731923639539,-0.37886474570333495
rsi,long,pair,NZD_USD,ATR_low_0_33,low,h1,116,0.08620689655172414,0.04245403001903421,0.002996997714417096
rsi,long,pair,NZD_USD,ATR_mid_33_67,mid,h1,111,0.0990990990990991,0.11142808497334515,-0.11929994744865739
rsi,long,pair,NZD_USD,ATR_high_67_100,high,h2,142,-0.07042253521126761,0.07932085549867571,-0.22589141198867202
rsi,long,pair,NZD_USD,ATR_low_0_33,low,h2,128,0.296875,0.07590542817384624,0.14810036077926136
rsi,long,pair,NZD_USD,ATR_mid_33_67,mid,h2,120,0.11666666666666667,0.07692234965372072,-0.03410113865462594
rsi,long,pair,USD_CAD,ATR_high_67_100,high,full,227,0.06690685209614143,0.04647295316212961,-0.02418013610163261
rsi,long,pair,USD_CAD,ATR_low_0_33,low,full,288,0.07618213813216726,0.10910625625460445,-0.13766612412685744
rsi,long,pair,USD_CAD,ATR_mid_33_67,mid,full,227,0.07693509503390038,0.06449339855356322,-0.049471966131083525
rsi,long,pair,USD_CAD,ATR_high_67_100,high,h1,125,0.03323874471891583,0.07058379841176503,-0.10510550016814363
rsi,long,pair,USD_CAD,ATR_low_0_33,low,h1,153,0.24311346566576972,0.08155381281038379,0.08326799255741749
rsi,long,pair,USD_CAD,ATR_mid_33_67,mid,h1,128,0.00813287136390859,0.0732613312559213,-0.13545933789769715
rsi,long,pair,USD_CAD,ATR_high_67_100,high,h2,102,0.10816678760744732,0.05173958002017144,0.00675721076791129
rsi,long,pair,USD_CAD,ATR_low_0_33,low,h2,135,-0.1130066997392489,0.12287328298439221,-0.35383833438865764
rsi,long,pair,USD_CAD,ATR_mid_33_67,mid,h2,99,0.1658915054355059,0.05530253571267683,0.05749853543865932
rsi,long,pair,USD_JPY,ATR_high_67_100,high,full,340,0.07560365487553357,0.05211561411066147,-0.026542948781362916
rsi,long,pair,USD_JPY,ATR_low_0_33,low,full,129,0.14614585145175674,0.14115924288970969,-0.13052626461207423
rsi,long,pair,USD_JPY,ATR_mid_33_67,mid,full,180,0.24728991270549933,0.06393314069389226,0.12198095694547048
rsi,long,pair,USD_JPY,ATR_high_67_100,high,h1,186,0.07303790002599567,0.05452710251937058,-0.03383522091197068
rsi,long,pair,USD_JPY,ATR_low_0_33,low,h1,84,-0.06947820322245743,0.04523680003146239,-0.1581423312841237
rsi,long,pair,USD_JPY,ATR_mid_33_67,mid,h1,108,0.14802094948201652,0.05037227813439636,0.04929128433859965
rsi,long,pair,USD_JPY,ATR_high_67_100,high,h2,154,0.07870255358991053,0.0831195128292106,-0.08421169155534224
rsi,long,pair,USD_JPY,ATR_low_0_33,low,h2,45,0.5486440868436231,0.08440889653357758,0.38320264963781103
rsi,long,pair,USD_JPY,ATR_mid_33_67,mid,h2,72,0.3961933575407235,0.05970964122325835,0.2791624607431371
rsi,long,pair,USD_SGD,ATR_high_67_100,high,full,269,-0.05767146894465428,0.061679185771214506,-0.17856267305623472
rsi,long,pair,USD_SGD,ATR_low_0_33,low,full,222,0.12100260936045378,0.0534736104065715,0.01619433296357363
rsi,long,pair,USD_SGD,ATR_mid_33_67,mid,full,249,0.11194616871552589,0.07382254535375224,-0.0327460201778285
rsi,long,pair,USD_SGD,ATR_high_67_100,high,h1,118,-0.057184216296038946,0.05496137243020048,-0.1649085062592319
rsi,long,pair,USD_SGD,ATR_low_0_33,low,h1,129,0.08833352639209938,0.04837253118322631,-0.0064766347270242
rsi,long,pair,USD_SGD,ATR_mid_33_67,mid,h1,129,0.044040071651478774,0.07424011741008016,-0.10147055847227834
rsi,long,pair,USD_SGD,ATR_high_67_100,high,h2,151,-0.058052235915095396,0.09584127342280385,-0.24590113182379095
rsi,long,pair,USD_SGD,ATR_low_0_33,low,h2,93,0.16631778896171953,0.07922319825397305,0.011040320383932378
rsi,long,pair,USD_SGD,ATR_mid_33_67,mid,h2,120,0.18494522305937655,0.08393995137369423,0.020422918366935883
rsi,long,pooled,POOLED,ATR_high_67_100,high,full,4562,-0.016833478937635288,0.02149833674756694,-0.058970218962866486
rsi,long,pooled,POOLED,ATR_low_0_33,low,full,3688,0.07200444601271577,0.02563536830768779,0.021759124129647707
rsi,long,pooled,POOLED,ATR_mid_33_67,mid,full,3326,0.06578938251698728,0.022830374425835208,0.021041848642350272
rsi,long,pooled,POOLED,ATR_high_67_100,high,h1,2168,-0.039924673959116266,0.028412545920774607,-0.09561326396383449
rsi,long,pooled,POOLED,ATR_low_0_33,low,h1,1984,0.07944259406779688,0.034314206709299994,0.012186748917568893
rsi,long,pooled,POOLED,ATR_mid_33_67,mid,h1,1636,0.04891773704701473,0.02952276925863834,-0.008946890699916416
rsi,long,pooled,POOLED,ATR_high_67_100,high,h2,2394,0.004077845542970711,0.03284960364773979,-0.06030737760659927
rsi,long,pooled,POOLED,ATR_low_0_33,low,h2,1704,0.06334406705656499,0.03655096331814267,-0.00829582104699464
rsi,long,pooled,POOLED,ATR_mid_33_67,mid,h2,1690,0.08212193398969443,0.03710260655169527,0.009400825148371705
rsi,short,pair,AUD_CAD,ATR_high_67_100,high,full,242,0.0728041137021933,0.05634420444752661,-0.03763052701495885
rsi,short,pair,AUD_CAD,ATR_low_0_33,low,full,194,0.24468660709820625,0.05091169838181518,0.1448996782698485
rsi,short,pair,AUD_CAD,ATR_mid_33_67,mid,full,202,0.07210819168790321,0.08510881963434302,-0.0947050947954091
rsi,short,pair,AUD_CAD,ATR_high_67_100,high,h1,112,0.16792979006530365,0.05610976063272681,0.057954659225159105
rsi,short,pair,AUD_CAD,ATR_low_0_33,low,h1,113,0.24824076135545192,0.0717065141419181,0.10769599363729246
rsi,short,pair,AUD_CAD,ATR_mid_33_67,mid,h1,103,0.007327501199274965,0.11447660471324385,-0.21704664403868296
rsi,short,pair,AUD_CAD,ATR_high_67_100,high,h2,130,-0.009150315164486363,0.053638741059870244,-0.11428224764183204
rsi,short,pair,AUD_CAD,ATR_low_0_33,low,h2,81,0.23972834251711045,0.06113441951068875,0.1199048802761605
rsi,short,pair,AUD_CAD,ATR_mid_33_67,mid,h2,99,0.13950628381243563,0.06595576628540026,0.010232981893051135
rsi,short,pair,AUD_JPY,ATR_high_67_100,high,full,189,0.090434886679541,0.0779408869669544,-0.062329251775689626
rsi,short,pair,AUD_JPY,ATR_low_0_33,low,full,359,-0.04631468448346653,0.0835618283044466,-0.21009586796018187
rsi,short,pair,AUD_JPY,ATR_mid_33_67,mid,full,206,-0.13239647811756516,0.056331079284451725,-0.24280539351509056
rsi,short,pair,AUD_JPY,ATR_high_67_100,high,h1,91,-0.05393193865457967,0.042543645331113496,-0.1373174835035621
rsi,short,pair,AUD_JPY,ATR_low_0_33,low,h1,181,-0.1651114032729807,0.07842266251205955,-0.31881982179661744
rsi,short,pair,AUD_JPY,ATR_mid_33_67,mid,h1,86,-0.06132179642114448,0.058367749250606345,-0.1757225849523329
rsi,short,pair,AUD_JPY,ATR_high_67_100,high,h2,98,0.22448979591836735,0.04559442677968258,0.1351247194301895
rsi,short,pair,AUD_JPY,ATR_low_0_33,low,h2,178,0.07448422619575859,0.09723152682563983,-0.11608956638249548
rsi,short,pair,AUD_JPY,ATR_mid_33_67,mid,h2,120,-0.18333333333333332,0.055097274822152036,-0.29132399198475134
rsi,short,pair,CAD_CHF,ATR_high_67_100,high,full,193,-0.009807324256446186,0.06402968868603995,-0.13530551408108446
rsi,short,pair,CAD_CHF,ATR_low_0_33,low,full,282,0.19782117132500085,0.08414733145268927,0.03289240167772989
rsi,short,pair,CAD_CHF,ATR_mid_33_67,mid,full,187,0.05057868452239386,0.0937999011404606,-0.13326912171290892
rsi,short,pair,CAD_CHF,ATR_high_67_100,high,h1,116,0.0031178026570282662,0.10480887133257563,-0.20230758515481997
rsi,short,pair,CAD_CHF,ATR_low_0_33,low,h1,156,0.07638757009971635,0.09211610773535628,-0.10416000106158195
rsi,short,pair,CAD_CHF,ATR_mid_33_67,mid,h1,87,-0.10180212696227876,0.06822836475404656,-0.23552972188021004
rsi,short,pair,CAD_CHF,ATR_high_67_100,high,h2,77,-0.029278944022199906,0.056649116282199874,-0.14031121193531165
rsi,short,pair,CAD_CHF,ATR_low_0_33,low,h2,126,0.34816753474678164,0.08253720799486508,0.18639460707684607
rsi,short,pair,CAD_CHF,ATR_mid_33_67,mid,h2,100,0.18314999051405903,0.09037777165794963,0.006009558064477755
rsi,short,pair,CAD_JPY,ATR_high_67_100,high,full,215,-0.008942624367109108,0.08111647573398315,-0.16793091680571606
rsi,short,pair,CAD_JPY,ATR_low_0_33,low,full,320,0.12548270690813773,0.10322239535615899,-0.07683318798993388
rsi,short,pair,CAD_JPY,ATR_mid_33_67,mid,full,279,-0.1531720858720809,0.04374655815654467,-0.23891533985890845
rsi,short,pair,CAD_JPY,ATR_high_67_100,high,h1,120,-0.09809716260360611,0.046377206731024044,-0.18899648779641323
rsi,short,pair,CAD_JPY,ATR_low_0_33,low,h1,142,0.2870245223595401,0.05843772609331428,0.17248657921664412
rsi,short,pair,CAD_JPY,ATR_mid_33_67,mid,h1,136,-0.15981626439934243,0.05051486203951519,-0.2588253939967922
rsi,short,pair,CAD_JPY,ATR_high_67_100,high,h2,95,0.10367363445793974,0.12996234156601222,-0.1510525550114442
rsi,short,pair,CAD_JPY,ATR_low_0_33,low,h2,178,-0.003387730137363073,0.13102000579389222,-0.26018694149339183
rsi,short,pair,CAD_JPY,ATR_mid_33_67,mid,h2,143,-0.14685314685314685,0.06156881733566063,-0.26752802883104165
rsi,short,pair,CHF_JPY,ATR_high_67_100,high,full,294,-0.19699586909554784,0.0671802713880231,-0.3286692010160731
rsi,short,pair,CHF_JPY,ATR_low_0_33,low,full,312,-0.11143269396941477,0.07972645809343304,-0.2676965518325435
rsi,short,pair,CHF_JPY,ATR_mid_33_67,mid,full,217,-0.02079061731841098,0.08786345345971452,-0.19300298609945143
rsi,short,pair,CHF_JPY,ATR_high_67_100,high,h1,132,-0.051612426331028166,0.09108902609816658,-0.23014691748343466
rsi,short,pair,CHF_JPY,ATR_low_0_33,low,h1,132,-0.13347302424414534,0.0826281146662454,-0.29542412898998627
rsi,short,pair,CHF_JPY,ATR_mid_33_67,mid,h1,83,0.12755224179963082,0.13922956885020474,-0.14533771314677046
rsi,short,pair,CHF_JPY,ATR_high_67_100,high,h2,162,-0.3154564520888602,0.08219044534301617,-0.47654972496117187
rsi,short,pair,CHF_JPY,ATR_low_0_33,low,h2,180,-0.09526978510127901,0.11292251380005087,-0.3165979121493787
rsi,short,pair,CHF_JPY,ATR_mid_33_67,mid,h2,134,-0.1126746270706309,0.04709206622465839,-0.20497507687096134
rsi,short,pair,EUR_CAD,ATR_high_67_100,high,full,276,0.005794711511313219,0.06365468802699763,-0.11896847702160213
rsi,short,pair,EUR_CAD,ATR_low_0_33,low,full,190,-0.09026318478026664,0.10576553656825473,-0.2975636364540459
rsi,short,pair,EUR_CAD,ATR_mid_33_67,mid,full,223,0.08655304369160853,0.08024158706054484,-0.07072046694705934
rsi,short,pair,EUR_CAD,ATR_high_67_100,high,h1,141,0.059250458435684925,0.06877631178719269,-0.07555111266721275
rsi,short,pair,EUR_CAD,ATR_low_0_33,low,h1,76,0.13237680028813836,0.10668302873039126,-0.0767219360234285
rsi,short,pair,EUR_CAD,ATR_mid_33_67,mid,h1,123,0.11187866573965044,0.1281043492190941,-0.13920585872977403
rsi,short,pair,EUR_CAD,ATR_high_67_100,high,h2,135,-0.050036846387475,0.09541786726304702,-0.23705586622304714
rsi,short,pair,EUR_CAD,ATR_low_0_33,low,h2,114,-0.23868984149253666,0.05680469997317831,-0.35002705343996615
rsi,short,pair,EUR_CAD,ATR_mid_33_67,mid,h2,100,0.05540252857251697,0.0480542003133365,-0.03878370404162257
rsi,short,pair,EUR_CHF,ATR_high_67_100,high,full,198,0.08050413214095234,0.05799213105835193,-0.033160444733417435
rsi,short,pair,EUR_CHF,ATR_low_0_33,low,full,236,-0.005780118731827434,0.0997976861170988,-0.2013835835213411
rsi,short,pair,EUR_CHF,ATR_mid_33_67,mid,full,185,0.10678601764500163,0.14215333949323797,-0.1718345277617448
rsi,short,pair,EUR_CHF,ATR_high_67_100,high,h1,103,0.035264252730144614,0.05786271993732258,-0.07814667834700764
rsi,short,pair,EUR_CHF,ATR_low_0_33,low,h1,121,-0.17367604327454722,0.08938813879255271,-0.3488767953079505
rsi,short,pair,EUR_CHF,ATR_mid_33_67,mid,h1,89,-0.16637072631243402,0.08088699585872114,-0.3249092381955274
rsi,short,pair,EUR_CHF,ATR_high_67_100,high,h2,95,0.12955368560740704,0.08047539634797451,-0.028178091234623004
rsi,short,pair,EUR_CHF,ATR_low_0_33,low,h2,115,0.17087559317833861,0.11144750587006423,-0.04756151832698727
rsi,short,pair,EUR_CHF,ATR_mid_33_67,mid,h2,96,0.3600250823555409,0.06691177955386002,0.2288779944299753
rsi,short,pair,EUR_GBP,ATR_high_67_100,high,full,324,0.09397643667042956,0.11750355800569702,-0.1363305370207366
rsi,short,pair,EUR_GBP,ATR_low_0_33,low,full,201,-0.03291068627562057,0.11103537701556024,-0.2505400252261186
rsi,short,pair,EUR_GBP,ATR_mid_33_67,mid,full,180,-0.05519884655589353,0.07690543406242059,-0.20593349731823787
rsi,short,pair,EUR_GBP,ATR_high_67_100,high,h1,163,-0.16044631298666134,0.061408108825920175,-0.2808062062854649
rsi,short,pair,EUR_GBP,ATR_low_0_33,low,h1,129,-0.08365487662045587,0.16053640128377614,-0.3983062231366571
rsi,short,pair,EUR_GBP,ATR_mid_33_67,mid,h1,110,-0.04110540157352302,0.06396128081605097,-0.16646951197298293
rsi,short,pair,EUR_GBP,ATR_high_67_100,high,h2,161,0.35155971737916136,0.05406299697011324,0.2455962433177394
rsi,short,pair,EUR_GBP,ATR_low_0_33,low,h2,72,0.05800598809220933,0.10072894556878967,-0.1394227452226184
rsi,short,pair,EUR_GBP,ATR_mid_33_67,mid,h2,70,-0.07734568867104717,0.16173659286771722,-0.39434941069177293
rsi,short,pair,EUR_NOK,ATR_high_67_100,high,full,323,-0.006928498279126617,0.036575634507219686,-0.0786167419132772
rsi,short,pair,EUR_NOK,ATR_low_0_33,low,full,185,0.012896025398562352,0.11498402770254496,-0.21247266889842575
rsi,short,pair,EUR_NOK,ATR_mid_33_67,mid,full,212,-0.04577251919136177,0.09059807774879393,-0.22334475157899786
rsi,short,pair,EUR_NOK,ATR_high_67_100,high,h1,168,-0.0072562423360134735,0.040134522470957765,-0.0859199063790907
rsi,short,pair,EUR_NOK,ATR_low_0_33,low,h1,72,0.14905912137711053,0.16839637283549158,-0.18099776938045298
rsi,short,pair,EUR_NOK,ATR_mid_33_67,mid,h1,102,0.09466921320788099,0.06487224659548638,-0.03248039011927231
rsi,short,pair,EUR_NOK,ATR_high_67_100,high,h2,155,-0.006573266011016993,0.06387360060134473,-0.13176552318965265
rsi,short,pair,EUR_NOK,ATR_low_0_33,low,h2,113,-0.07386276141962762,0.09986060508013714,-0.26958954737669644
rsi,short,pair,EUR_NOK,ATR_mid_33_67,mid,h2,110,-0.17600030741611414,0.1352809812624368,-0.4411510306904902
rsi,short,pair,EUR_USD,ATR_high_67_100,high,full,279,-0.0379356463342649,0.04282290188901207,-0.12186853403672855
rsi,short,pair,EUR_USD,ATR_low_0_33,low,full,208,0.21468943780343813,0.05464005627492273,0.10759492750458959
rsi,short,pair,EUR_USD,ATR_mid_33_67,mid,full,200,0.05515457768757637,0.051592340603762714,-0.045966409895798546
rsi,short,pair,EUR_USD,ATR_high_67_100,high,h1,158,-0.050483814016137725,0.06966951125666145,-0.18703605607919416
rsi,short,pair,EUR_USD,ATR_low_0_33,low,h1,111,0.1581984993791449,0.06736683730449962,0.026159498262325664
rsi,short,pair,EUR_USD,ATR_mid_33_67,mid,h1,100,0.045888912274349526,0.08990473516888468,-0.13032436865666447
rsi,short,pair,EUR_USD,ATR_high_67_100,high,h2,121,-0.02155043564223259,0.1029040963614743,-0.2232424645107222
rsi,short,pair,EUR_USD,ATR_low_0_33,low,h2,97,0.2793337075467015,0.05702812447566481,0.16755858357439846
rsi,short,pair,EUR_USD,ATR_mid_33_67,mid,h2,100,0.0644202431008032,0.045318023094809146,-0.024403082165022724
rsi,short,pair,GBP_CAD,ATR_high_67_100,high,full,275,-0.027181197255649547,0.09549914616328466,-0.21435952373568748
rsi,short,pair,GBP_CAD,ATR_low_0_33,low,full,216,-0.10180776855031877,0.09787638149192808,-0.29364547627449783
rsi,short,pair,GBP_CAD,ATR_mid_33_67,mid,full,217,0.046975025454023996,0.04708828938969206,-0.045318021749772446
rsi,short,pair,GBP_CAD,ATR_high_67_100,high,h1,140,-0.07142857142857142,0.14719748813643138,-0.3599356481759769
rsi,short,pair,GBP_CAD,ATR_low_0_33,low,h1,94,-0.14893617021276595,0.1356870342502444,-0.414882757343245
rsi,short,pair,GBP_CAD,ATR_mid_33_67,mid,h1,104,0.038461538461538464,0.07087081994332077,-0.10044526862737024
rsi,short,pair,GBP_CAD,ATR_high_67_100,high,h2,135,0.01870496855330648,0.0846116880488172,-0.14713394002237526
rsi,short,pair,GBP_CAD,ATR_low_0_33,low,h2,122,-0.0654957213677775,0.10839444590130562,-0.2779488353343365
rsi,short,pair,GBP_CAD,ATR_mid_33_67,mid,h2,113,0.05481044711082485,0.08014970908164991,-0.10228298268920898
rsi,short,pair,NZD_CHF,ATR_high_67_100,high,full,168,0.09284281759209467,0.061500525338445126,-0.027698212071257777
rsi,short,pair,NZD_CHF,ATR_low_0_33,low,full,233,0.20960623890645588,0.05538782613427081,0.1010460996832851
rsi,short,pair,NZD_CHF,ATR_mid_33_67,mid,full,193,0.1226388488452025,0.08298060327950338,-0.040003133582624126
rsi,short,pair,NZD_CHF,ATR_high_67_100,high,h1,99,0.04644033692395863,0.09577788520106341,-0.14128431807012565
rsi,short,pair,NZD_CHF,ATR_low_0_33,low,h1,131,0.16610110147517473,0.0703157812061942,0.02828217031103411
rsi,short,pair,NZD_CHF,ATR_mid_33_67,mid,h1,108,0.037037037037037035,0.05932761037795084,-0.07924507930374661
rsi,short,pair,NZD_CHF,ATR_high_67_100,high,h2,69,0.15942028985507245,0.09046780745509904,-0.01789661275692167
rsi,short,pair,NZD_CHF,ATR_low_0_33,low,h2,102,0.2654804840387876,0.088488671144724,0.09204268859512857
rsi,short,pair,NZD_CHF,ATR_mid_33_67,mid,h2,85,0.23140350384851863,0.1169328717269441,0.002215075263708205
rsi,short,pair,NZD_JPY,ATR_high_67_100,high,full,188,0.1276595744680851,0.06360015124239393,0.0030032780329929953
rsi,short,pair,NZD_JPY,ATR_low_0_33,low,full,326,0.06920878405125695,0.07778133375703941,-0.08324263011254028
rsi,short,pair,NZD_JPY,ATR_mid_33_67,mid,full,245,-0.15364362940101575,0.03647248399883878,-0.22512969803873978
rsi,short,pair,NZD_JPY,ATR_high_67_100,high,h1,102,0.0784313725490196,0.06133213757511489,-0.041779617098205574
rsi,short,pair,NZD_JPY,ATR_low_0_33,low,h1,152,-0.0021477737209516044,0.13271425025400502,-0.2622677042188014
rsi,short,pair,NZD_JPY,ATR_mid_33_67,mid,h1,121,-0.22833187218076245,0.046282736339412864,-0.3190460354060117
rsi,short,pair,NZD_JPY,ATR_high_67_100,high,h2,86,0.18604651162790697,0.07701691198902115,0.035093364129425514
rsi,short,pair,NZD_JPY,ATR_low_0_33,low,h2,174,0.13154324831203684,0.07605543043720218,-0.01752539534487943
rsi,short,pair,NZD_JPY,ATR_mid_33_67,mid,h2,124,-0.08076236023690803,0.06818383599114172,-0.2144026787795458
rsi,short,pair,NZD_USD,ATR_high_67_100,high,full,238,0.058823529411764705,0.06526286851069234,-0.06909169286919227
rsi,short,pair,NZD_USD,ATR_low_0_33,low,full,243,0.053497942386831275,0.12297002269443008,-0.18752330209425166
rsi,short,pair,NZD_USD,ATR_mid_33_67,mid,full,197,-0.047277366071562375,0.04260015550791143,-0.1307736708670688
rsi,short,pair,NZD_USD,ATR_high_67_100,high,h1,127,0.10236220472440945,0.060770002174912296,-0.016746999538418655
rsi,short,pair,NZD_USD,ATR_low_0_33,low,h1,137,-0.1386861313868613,0.0673727780731006,-0.2707367764101385
rsi,short,pair,NZD_USD,ATR_mid_33_67,mid,h1,120,-0.06928034263414823,0.05244822241539012,-0.17207885856831287
rsi,short,pair,NZD_USD,ATR_high_67_100,high,h2,111,0.009009009009009009,0.11252837954771765,-0.2115466149045176
rsi,short,pair,NZD_USD,ATR_low_0_33,low,h2,106,0.3018867924528302,0.10737924504194635,0.09142347217061533
rsi,short,pair,NZD_USD,ATR_mid_33_67,mid,h2,77,-0.012987012987012988,0.07038058228072908,-0.15093295425724199
rsi,short,pair,USD_CAD,ATR_high_67_100,high,full,277,0.01622830095162997,0.0830520376193869,-0.14655369278236835
rsi,short,pair,USD_CAD,ATR_low_0_33,low,full,279,0.037930545927248496,0.07739096283204015,-0.11375574122355021
rsi,short,pair,USD_CAD,ATR_mid_33_67,mid,full,193,-0.01366625794077223,0.0823482139447812,-0.17506875727254337
rsi,short,pair,USD_CAD,ATR_high_67_100,high,h1,137,0.07500417825205748,0.1362498735251152,-0.1920455738571683
rsi,short,pair,USD_CAD,ATR_low_0_33,low,h1,123,0.2584630345237305,0.06389783346790708,0.13322328092663263
rsi,short,pair,USD_CAD,ATR_mid_33_67,mid,h1,96,0.05589070725179033,0.07883734757434047,-0.09863049399391699
rsi,short,pair,USD_CAD,ATR_high_67_100,high,h2,140,-0.041288093263788385,0.09495653618425927,-0.22740290418493653
rsi,short,pair,USD_CAD,ATR_low_0_33,low,h2,156,-0.13595083931228538,0.11371587408656604,-0.3588339525219548
rsi,short,pair,USD_CAD,ATR_mid_33_67,mid,h2,97,-0.08250614101794755,0.11320229385359679,-0.30438263697099727
rsi,short,pair,USD_JPY,ATR_high_67_100,high,full,245,-0.22245927436871996,0.07439110661283191,-0.3682658433298705
rsi,short,pair,USD_JPY,ATR_low_0_33,low,full,395,-0.06540562630080946,0.09995363489203801,-0.26131475068920396
rsi,short,pair,USD_JPY,ATR_mid_33_67,mid,full,239,-0.0033557240386664525,0.042820621622464985,-0.08728414241869782
rsi,short,pair,USD_JPY,ATR_high_67_100,high,h1,119,-0.32106657755955376,0.10316907327247332,-0.5232779611736015
rsi,short,pair,USD_JPY,ATR_low_0_33,low,h1,176,0.08846734158113408,0.09345586809534798,-0.09470615988574795
rsi,short,pair,USD_JPY,ATR_mid_33_67,mid,h1,104,0.04613839983935164,0.04914767726744767,-0.05019104760484579
rsi,short,pair,USD_JPY,ATR_high_67_100,high,h2,126,-0.12933015468848802,0.07274130472328483,-0.27190311194612626
rsi,short,pair,USD_JPY,ATR_low_0_33,low,h2,219,-0.189066093639723,0.1324351642267031,-0.44863901552406105
rsi,short,pair,USD_JPY,ATR_mid_33_67,mid,h2,135,-0.04148453058173224,0.04067828218009546,-0.12121396365471934
rsi,short,pair,USD_SGD,ATR_high_67_100,high,full,263,-0.07815587567804085,0.07145597513878604,-0.21820958695006148
rsi,short,pair,USD_SGD,ATR_low_0_33,low,full,246,0.06627280858737608,0.09083119344303975,-0.11175633056098183
rsi,short,pair,USD_SGD,ATR_mid_33_67,mid,full,162,0.07774515167447704,0.07394829206430623,-0.06719350077156316
rsi,short,pair,USD_SGD,ATR_high_67_100,high,h1,146,-0.08543251138185703,0.12090742170391787,-0.322411057921536
rsi,short,pair,USD_SGD,ATR_low_0_33,low,h1,120,0.2223936695928666,0.05784293112913577,0.1090215245797605
rsi,short,pair,USD_SGD,ATR_mid_33_67,mid,h1,62,0.26356619426435074,0.052936980306576904,0.15980971286346002
rsi,short,pair,USD_SGD,ATR_high_67_100,high,h2,117,-0.06907562941515913,0.07616241332232894,-0.21835395952692385
rsi,short,pair,USD_SGD,ATR_low_0_33,low,h2,126,-0.08241372570356725,0.06600134511239882,-0.21177636212386894
rsi,short,pair,USD_SGD,ATR_mid_33_67,mid,h2,100,-0.037463894731244646,0.053121951653183466,-0.14158291997148426
rsi,short,pooled,POOLED,ATR_high_67_100,high,full,4187,-0.0038919069823760604,0.021656028353942005,-0.04633772255610239
rsi,short,pooled,POOLED,ATR_low_0_33,low,full,4425,0.040087598382190774,0.02680357244392904,-0.012447403607910142
rsi,short,pooled,POOLED,ATR_mid_33_67,mid,full,3537,-0.006781575858293678,0.02097011685595479,-0.047883004895965066
rsi,short,pooled,POOLED,ATR_high_67_100,high,h1,2174,-0.024144947515496562,0.028100962113954985,-0.07922283325884832
rsi,short,pooled,POOLED,ATR_low_0_33,low,h1,2166,0.047206565570878135,0.036317945869900975,-0.02397660833412777
rsi,short,pooled,POOLED,ATR_mid_33_67,mid,h1,1734,-0.009967160832610596,0.027137137748191528,-0.063155950819066
rsi,short,pooled,POOLED,ATR_high_67_100,high,h2,2013,0.017980974348475384,0.033274878474201935,-0.04723778746096041
rsi,short,pooled,POOLED,ATR_low_0_33,low,h2,2259,0.03326170952398059,0.03707612214214393,-0.03940748987462151
rsi,short,pooled,POOLED,ATR_mid_33_67,mid,h2,1803,-0.003717901789815838,0.0307444649981521,-0.06397705318619396
sma,long,pair,AUD_CAD,ATR_high_67_100,high,full,123,0.17179007553659337,0.09063598002176469,-0.005856445306065439
sma,long,pair,AUD_CAD,ATR_low_0_33,low,full,111,-0.2621854812172479,0.1274939152621909,-0.512073555131142
sma,long,pair,AUD_CAD,ATR_mid_33_67,mid,full,103,-0.1597210431694059,0.10020316662719372,-0.35611924975870557
sma,long,pair,AUD_CAD,ATR_high_67_100,high,h1,52,0.0740082610431375,0.15838077477962165,-0.2364180575249209
sma,long,pair,AUD_CAD,ATR_low_0_33,low,h1,56,-0.14285714285714265,0.22851220078121137,-0.590741056388317
sma,long,pair,AUD_CAD,ATR_mid_33_67,mid,h1,56,-0.28194318395183615,0.07867594366836594,-0.4361480335418334
sma,long,pair,AUD_CAD,ATR_high_67_100,high,h2,71,0.24340492558813845,0.09131505924550992,0.064427409466939
sma,long,pair,AUD_CAD,ATR_low_0_33,low,h2,55,-0.383683425729355,0.0623200927175215,-0.5058308074556971
sma,long,pair,AUD_CAD,ATR_mid_33_67,mid,h2,47,-0.014094662662680505,0.1544847652179651,-0.3168848024898921
sma,long,pair,AUD_JPY,ATR_high_67_100,high,full,96,0.10416666666666667,0.09385537383999804,-0.07978986605972947
sma,long,pair,AUD_JPY,ATR_low_0_33,low,full,60,0.1,0.14307793783912431,-0.18043275816468365
sma,long,pair,AUD_JPY,ATR_mid_33_67,mid,full,57,-0.05263157894736842,0.16709858612122325,-0.38014480774496595
sma,long,pair,AUD_JPY,ATR_high_67_100,high,h1,47,0.23404255319148937,0.12742498568227548,-0.01571041874577056
sma,long,pair,AUD_JPY,ATR_low_0_33,low,h1,34,-0.058823529411764705,0.0971942692400565,-0.24932429712227544
sma,long,pair,AUD_JPY,ATR_mid_33_67,mid,h1,31,-0.2903225806451613,0.17661726958815507,-0.6364924290379452
sma,long,pair,AUD_JPY,ATR_high_67_100,high,h2,49,-0.02040816326530612,0.058877457882789974,-0.13580798071557448
sma,long,pair,AUD_JPY,ATR_low_0_33,low,h2,26,0.3076923076923077,0.2706575109861398,-0.2227964138405263
sma,long,pair,AUD_JPY,ATR_mid_33_67,mid,h2,26,0.23076923076923078,0.08554338635976926,0.06310419350408306
sma,long,pair,CAD_CHF,ATR_high_67_100,high,full,99,0.05571581371448044,0.0770684454464453,-0.09533833936055233
sma,long,pair,CAD_CHF,ATR_low_0_33,low,full,91,-0.016099295809045924,0.08152327206193993,-0.17588490905044818
sma,long,pair,CAD_CHF,ATR_mid_33_67,mid,full,90,0.039714769406448434,0.1848823905917081,-0.3226547161532995
sma,long,pair,CAD_CHF,ATR_high_67_100,high,h1,49,0.1981653913272549,0.06755204655789876,0.06576338007377333
sma,long,pair,CAD_CHF,ATR_low_0_33,low,h1,49,-0.1884193122874461,0.11137209478447758,-0.4067086180650222
sma,long,pair,CAD_CHF,ATR_mid_33_67,mid,h1,45,-0.2539037945204365,0.18510879965729873,-0.616717041848742
sma,long,pair,CAD_CHF,ATR_high_67_100,high,h2,50,-0.08388477234603847,0.06552214638322142,-0.21230817925715245
sma,long,pair,CAD_CHF,ATR_low_0_33,low,h2,42,0.1849407234157542,0.13139934074694776,-0.0726019844482634
sma,long,pair,CAD_CHF,ATR_mid_33_67,mid,h2,45,0.3333333333333333,0.1237133137392335,0.09085523840443566
sma,long,pair,CAD_JPY,ATR_high_67_100,high,full,99,0.25252525252525254,0.05137502404208381,0.1518302054027683
sma,long,pair,CAD_JPY,ATR_low_0_33,low,full,74,0.22361384917088145,0.11827946707128174,-0.008213906288830758
sma,long,pair,CAD_JPY,ATR_mid_33_67,mid,full,83,0.13253012048192772,0.06798027762272653,-0.0007112236586162834
sma,long,pair,CAD_JPY,ATR_high_67_100,high,h1,44,0.2727272727272727,0.12461949462810096,0.028473063256194836
sma,long,pair,CAD_JPY,ATR_low_0_33,low,h1,49,0.14285714285714285,0.13987225821609242,-0.1312924832463983
sma,long,pair,CAD_JPY,ATR_mid_33_67,mid,h1,43,0.3488372093023256,0.06981563899666827,0.21199855686885577
sma,long,pair,CAD_JPY,ATR_high_67_100,high,h2,55,0.23636363636363636,0.07006393013812316,0.09903833329291498
sma,long,pair,CAD_JPY,ATR_low_0_33,low,h2,25,0.3818969935458091,0.19545840313778928,-0.0012014766042579006
sma,long,pair,CAD_JPY,ATR_mid_33_67,mid,h2,40,-0.1,0.21847482692520898,-0.5282106607734096
sma,long,pair,CHF_JPY,ATR_high_67_100,high,full,92,0.0330125961021465,0.1265414026087861,-0.21500855301107427
sma,long,pair,CHF_JPY,ATR_low_0_33,low,full,71,0.07170143421030763,0.035546036397333336,0.002031202871534285
sma,long,pair,CHF_JPY,ATR_mid_33_67,mid,full,69,0.0025240644731465765,0.1614269990125676,-0.3138728535914859
sma,long,pair,CHF_JPY,ATR_high_67_100,high,h1,47,-0.13941568401378007,0.17303626895546775,-0.4785667711664969
sma,long,pair,CHF_JPY,ATR_low_0_33,low,h1,45,0.07263640566238144,0.06303549359953775,-0.05091316179271255
sma,long,pair,CHF_JPY,ATR_mid_33_67,mid,h1,36,-0.18960665420424683,0.13906163932316076,-0.4621674672776419
sma,long,pair,CHF_JPY,ATR_high_67_100,high,h2,45,0.21310435533433647,0.08544441182884055,0.04563330814980901
sma,long,pair,CHF_JPY,ATR_low_0_33,low,h2,26,0.07008321438941056,0.07368978680086023,-0.07434876774027549
sma,long,pair,CHF_JPY,ATR_mid_33_67,mid,h2,33,0.21212121212121213,0.21368236281896336,-0.20669621900395604
sma,long,pair,EUR_CAD,ATR_high_67_100,high,full,100,0.258314009852103,0.0819207768000641,0.09774928732397739
sma,long,pair,EUR_CAD,ATR_low_0_33,low,full,101,0.2552625616524477,0.0644643482019277,0.12891243917666942
sma,long,pair,EUR_CAD,ATR_mid_33_67,mid,full,71,0.23173494580053774,0.10850958412471504,0.01905616091609627
sma,long,pair,EUR_CAD,ATR_high_67_100,high,h1,53,0.2622779871977051,0.10984778486133373,0.04697632886949102
sma,long,pair,EUR_CAD,ATR_low_0_33,low,h1,45,0.35059028233091283,0.09266196302168443,0.16897283480841135
sma,long,pair,EUR_CAD,ATR_mid_33_67,mid,h1,29,0.06926402458891683,0.09209138482760446,-0.11123508967318792
sma,long,pair,EUR_CAD,ATR_high_67_100,high,h2,47,0.2538439928453601,0.1898625543835851,-0.1182866137464667
sma,long,pair,EUR_CAD,ATR_low_0_33,low,h2,56,0.17865992896439536,0.12147338373853794,-0.059427903163139006
sma,long,pair,EUR_CAD,ATR_mid_33_67,mid,h2,42,0.34391724854189504,0.1374952990198283,0.07442646246303158
sma,long,pair,EUR_CHF,ATR_high_67_100,high,full,83,-0.14605312162169737,0.06958429678330086,-0.28243834331696704
sma,long,pair,EUR_CHF,ATR_low_0_33,low,full,139,0.1251269122309758,0.04031357191761669,0.046112311272447096
sma,long,pair,EUR_CHF,ATR_mid_33_67,mid,full,62,0.04838279966392619,0.08214632649130842,-0.11262400025903829
sma,long,pair,EUR_CHF,ATR_high_67_100,high,h1,35,0.06407783152238629,0.0814060380821168,-0.09547800311856262
sma,long,pair,EUR_CHF,ATR_low_0_33,low,h1,75,0.19226211663766896,0.04287185408814109,0.10823328262491241
sma,long,pair,EUR_CHF,ATR_mid_33_67,mid,h1,18,-0.038817999261273606,0.10019876077539243,-0.23520757038104276
sma,long,pair,EUR_CHF,ATR_high_67_100,high,h2,48,-0.29927360828925836,0.06135712027315076,-0.4195335640246338
sma,long,pair,EUR_CHF,ATR_low_0_33,low,h2,64,0.04645284456688224,0.06903033597131891,-0.08884661393690281
sma,long,pair,EUR_CHF,ATR_mid_33_67,mid,h2,44,0.08405585376968977,0.11007862913112162,-0.1316982593273086
sma,long,pair,EUR_GBP,ATR_high_67_100,high,full,77,0.13665492002053825,0.10428202920786356,-0.06773785722687431
sma,long,pair,EUR_GBP,ATR_low_0_33,low,full,109,0.18051577347668532,0.1466251567083761,-0.10686953367173183
sma,long,pair,EUR_GBP,ATR_mid_33_67,mid,full,86,0.16989389843197655,0.07056191069781803,0.031592553464253215
sma,long,pair,EUR_GBP,ATR_high_67_100,high,h1,39,-0.11134433914397877,0.07740522636973231,-0.2630585828286541
sma,long,pair,EUR_GBP,ATR_low_0_33,low,h1,32,-0.35340642649325227,0.08675261374632318,-0.5234415494360457
sma,long,pair,EUR_GBP,ATR_mid_33_67,mid,h1,34,0.29411764705882354,0.14433670321532324,0.011217708756790012
sma,long,pair,EUR_GBP,ATR_high_67_100,high,h2,38,0.39118047547885837,0.06435663028623419,0.26504148011783935
sma,long,pair,EUR_GBP,ATR_low_0_33,low,h2,77,0.4024055189187374,0.051668519162991304,0.3011352213592744
sma,long,pair,EUR_GBP,ATR_mid_33_67,mid,h2,52,0.0886706781759612,0.03205424662809477,0.025844354784895454
sma,long,pair,EUR_NOK,ATR_high_67_100,high,full,56,-0.3121074865137489,0.06610466930235007,-0.44167263834635506
sma,long,pair,EUR_NOK,ATR_low_0_33,low,full,106,0.0016080079216964427,0.10438184860237909,-0.20298041533896657
sma,long,pair,EUR_NOK,ATR_mid_33_67,mid,full,72,0.2678071397531651,0.06260875556424308,0.14509397884724867
sma,long,pair,EUR_NOK,ATR_high_67_100,high,h1,28,-0.24691407198351983,0.12888979146052087,-0.49953806324614075
sma,long,pair,EUR_NOK,ATR_low_0_33,low,h1,63,-0.20303179040693176,0.05625535109881668,-0.3132922785606124
sma,long,pair,EUR_NOK,ATR_mid_33_67,mid,h1,34,0.1872351451002104,0.06652491232289148,0.05684631694734307
sma,long,pair,EUR_NOK,ATR_high_67_100,high,h2,28,-0.37730090104397807,0.17957510714371652,-0.7292681110456625
sma,long,pair,EUR_NOK,ATR_low_0_33,low,h2,43,0.3014291077985238,0.09396454106912003,0.11725860730304852
sma,long,pair,EUR_NOK,ATR_mid_33_67,mid,h2,38,0.33989787181107195,0.14120190419435383,0.06314213959013848
sma,long,pair,EUR_USD,ATR_high_67_100,high,full,101,-0.11481023777660504,0.07388198705112256,-0.2596189323968052
sma,long,pair,EUR_USD,ATR_low_0_33,low,full,104,0.07574799619769984,0.10422174429647653,-0.12852662262339415
sma,long,pair,EUR_USD,ATR_mid_33_67,mid,full,87,-0.2894481180657913,0.0530548911889259,-0.393435704796086
sma,long,pair,EUR_USD,ATR_high_67_100,high,h1,36,-0.05089765101125575,0.20163177929852355,-0.4460959384363619
sma,long,pair,EUR_USD,ATR_low_0_33,low,h1,73,0.17610624989863172,0.10097985586619782,-0.021814267599116005
sma,long,pair,EUR_USD,ATR_mid_33_67,mid,h1,43,-0.3597036245412842,0.06676741547754195,-0.4905677588772664
sma,long,pair,EUR_USD,ATR_high_67_100,high,h2,65,-0.15020797813895234,0.12045536124694123,-0.38630048618295715
sma,long,pair,EUR_USD,ATR_low_0_33,low,h2,31,-0.16057950445288166,0.11112054988767042,-0.3783757822327157
sma,long,pair,EUR_USD,ATR_mid_33_67,mid,h2,44,-0.2207893276465596,0.0780889415478307,-0.37384365308030776
sma,long,pair,GBP_CAD,ATR_high_67_100,high,full,71,0.2860445456387412,0.07140262926359825,0.14609539228208865
sma,long,pair,GBP_CAD,ATR_low_0_33,low,full,85,-0.09990361440601007,0.06246043655730642,-0.22232607005833066
sma,long,pair,GBP_CAD,ATR_mid_33_67,mid,full,42,0.10141861063015685,0.1038676519047391,-0.10216198710313178
sma,long,pair,GBP_CAD,ATR_high_67_100,high,h1,41,0.3334765679276666,0.1086650993250651,0.12049297325053901
sma,long,pair,GBP_CAD,ATR_low_0_33,low,h1,51,-0.1187115402535725,0.10991939005874937,-0.3341535447687213
sma,long,pair,GBP_CAD,ATR_mid_33_67,mid,h1,17,-0.11236811306960377,0.08212248530599882,-0.27332818426936145
sma,long,pair,GBP_CAD,ATR_high_67_100,high,h2,30,0.2212207818438766,0.1303904508923019,-0.034344501905035074
sma,long,pair,GBP_CAD,ATR_low_0_33,low,h2,34,-0.07169172563466641,0.14090176184139677,-0.3478591788438041
sma,long,pair,GBP_CAD,ATR_mid_33_67,mid,h2,25,0.24679358274599408,0.1181776262117132,0.015165435371036234
sma,long,pair,NZD_CHF,ATR_high_67_100,high,full,89,-0.08293337629469336,0.056471259349315316,-0.19361704461935136
sma,long,pair,NZD_CHF,ATR_low_0_33,low,full,97,-0.15133215674293468,0.13063122961003812,-0.40736936677860935
sma,long,pair,NZD_CHF,ATR_mid_33_67,mid,full,84,0.017113481914947597,0.055501426559109494,-0.09166931414090701
sma,long,pair,NZD_CHF,ATR_high_67_100,high,h1,33,-0.2307012969367222,0.08335204729390018,-0.39407130963276654
sma,long,pair,NZD_CHF,ATR_low_0_33,low,h1,40,-0.36995044170574876,0.09285002115655401,-0.5519364831725946
sma,long,pair,NZD_CHF,ATR_mid_33_67,mid,h1,25,0.05537878787878842,0.11490082736237521,-0.16982683375146698
sma,long,pair,NZD_CHF,ATR_high_67_100,high,h2,56,0.004144148369359375,0.09437766064892249,-0.1808360665025287
sma,long,pair,NZD_CHF,ATR_low_0_33,low,h2,57,0.0020841835818470713,0.12543832985405776,-0.24377494293210614
sma,long,pair,NZD_CHF,ATR_mid_33_67,mid,h2,59,0.0008993692184048875,0.09447272300872539,-0.18426716787869687
sma,long,pair,NZD_JPY,ATR_high_67_100,high,full,98,-0.02040816326530612,0.09789021018163974,-0.21227297522132
sma,long,pair,NZD_JPY,ATR_low_0_33,low,full,93,0.11827956989247312,0.09239995208234329,-0.06282433618891972
sma,long,pair,NZD_JPY,ATR_mid_33_67,mid,full,71,0.12976816715047018,0.08179442441599873,-0.03054890470488733
sma,long,pair,NZD_JPY,ATR_high_67_100,high,h1,37,-0.1891891891891892,0.16344036547491006,-0.5095323055200129
sma,long,pair,NZD_JPY,ATR_low_0_33,low,h1,57,0.2982456140350877,0.1047911193733612,0.09285502006329974
sma,long,pair,NZD_JPY,ATR_mid_33_67,mid,h1,33,0.21859211720252672,0.13423738770632773,-0.044513162701875636
sma,long,pair,NZD_JPY,ATR_high_67_100,high,h2,61,0.08196721311475409,0.10183129221119447,-0.11762211961918707
sma,long,pair,NZD_JPY,ATR_low_0_33,low,h2,36,-0.16666666666666666,0.13335155053876516,-0.4280357057226464
sma,long,pair,NZD_JPY,ATR_mid_33_67,mid,h2,38,0.05263157894736842,0.15723729580408174,-0.2555535208286318
sma,long,pair,NZD_USD,ATR_high_67_100,high,full,99,-0.15151515151515152,0.05610259575691017,-0.26147623919869545
sma,long,pair,NZD_USD,ATR_low_0_33,low,full,112,0.07142857142857142,0.08528211043796036,-0.09572436502983087
sma,long,pair,NZD_USD,ATR_mid_33_67,mid,full,63,-0.047619047619047616,0.05167916404965028,-0.14891020915636216
sma,long,pair,NZD_USD,ATR_high_67_100,high,h1,46,0.043478260869565216,0.15341053735556517,-0.25720639234734255
sma,long,pair,NZD_USD,ATR_low_0_33,low,h1,54,0.0,0.13705927969860815,-0.268636188209272
sma,long,pair,NZD_USD,ATR_mid_33_67,mid,h1,30,-0.13333333333333333,0.09914033782654828,-0.327648395473368
sma,long,pair,NZD_USD,ATR_high_67_100,high,h2,53,-0.32075471698113206,0.04154062554877824,-0.4021743430567374
sma,long,pair,NZD_USD,ATR_low_0_33,low,h2,58,0.13793103448275862,0.07061909135635479,-0.0004823845756967704
sma,long,pair,NZD_USD,ATR_mid_33_67,mid,h2,33,0.030303030303030304,0.08737282456411082,-0.1409477058426269
sma,long,pair,USD_CAD,ATR_high_67_100,high,full,69,-0.1712326199161235,0.05398429274354433,-0.2770418336934704
sma,long,pair,USD_CAD,ATR_low_0_33,low,full,92,0.20315088692420077,0.08870136122194792,0.029296218929182855
sma,long,pair,USD_CAD,ATR_mid_33_67,mid,full,84,-0.029254545306842267,0.0787709450273982,-0.18364559756054274
sma,long,pair,USD_CAD,ATR_high_67_100,high,h1,28,-0.17123948172156142,0.08008963411340446,-0.32821516458383415
sma,long,pair,USD_CAD,ATR_low_0_33,low,h1,49,-0.021839488980953593,0.09289803352812302,-0.20391963469607471
sma,long,pair,USD_CAD,ATR_mid_33_67,mid,h1,55,-0.21668368040191907,0.08291868244598966,-0.3792042979960588
sma,long,pair,USD_CAD,ATR_high_67_100,high,h2,41,-0.17122793380509277,0.10884880344026371,-0.38457158854800966
sma,long,pair,USD_CAD,ATR_low_0_33,low,h2,43,0.4595352687696092,0.09051431640491396,0.28212720861597784
sma,long,pair,USD_CAD,ATR_mid_33_67,mid,h2,29,0.3262145040114069,0.12723295778738747,0.07683790674812746
sma,long,pair,USD_JPY,ATR_high_67_100,high,full,90,0.030140589121956433,0.0869886995997245,-0.14035726209350358
sma,long,pair,USD_JPY,ATR_low_0_33,low,full,53,-0.09487199121564402,0.1011271770859553,-0.2930812583041164
sma,long,pair,USD_JPY,ATR_mid_33_67,mid,full,57,0.2104117868313146,0.05890545518379215,0.09495709467108197
sma,long,pair,USD_JPY,ATR_high_67_100,high,h1,41,0.04455026827621436,0.16618261127626985,-0.28116764982527453
sma,long,pair,USD_JPY,ATR_low_0_33,low,h1,41,-0.2520073153752738,0.056951509247975714,-0.3636322735013062
sma,long,pair,USD_JPY,ATR_mid_33_67,mid,h1,36,0.17731585869162275,0.10320215328213231,-0.024960361741356574
sma,long,pair,USD_JPY,ATR_high_67_100,high,h2,49,0.018083510645944687,0.1620001268147079,-0.29943673791088277
sma,long,pair,USD_JPY,ATR_low_0_33,low,h2,12,0.44200703299642435,0.24271972735965358,-0.03372363262849665
sma,long,pair,USD_JPY,ATR_mid_33_67,mid,h2,21,0.26714766364221487,0.18463161058363362,-0.094730293101707
sma,long,pair,USD_SGD,ATR_high_67_100,high,full,68,-0.19329582053987182,0.1448086319489248,-0.4771207391597644
sma,long,pair,USD_SGD,ATR_low_0_33,low,full,117,-0.04608588691122584,0.048143862650014566,-0.14044785770525436
sma,long,pair,USD_SGD,ATR_mid_33_67,mid,full,92,0.11457244049953595,0.10573795609880672,-0.09267395345412523
sma,long,pair,USD_SGD,ATR_high_67_100,high,h1,36,0.08217345196400803,0.08479779293061307,-0.08403022217999358
sma,long,pair,USD_SGD,ATR_low_0_33,low,h1,79,-0.11079256394911308,0.0905684731902523,-0.28830677140200756
sma,long,pair,USD_SGD,ATR_mid_33_67,mid,h1,50,-0.08697930065809585,0.06356460208785766,-0.21156592075029687
sma,long,pair,USD_SGD,ATR_high_67_100,high,h2,32,-0.5031987521067367,0.06576631609802625,-0.6321007316588682
sma,long,pair,USD_SGD,ATR_low_0_33,low,h2,38,0.08843588903596084,0.1308267789468528,-0.16798459769987062
sma,long,pair,USD_SGD,ATR_mid_33_67,mid,h2,42,0.35451498949671667,0.05534128169956578,0.24604607736556774
sma,long,pooled,POOLED,ATR_high_67_100,high,full,1510,0.022200231696881473,0.03535770909414047,-0.04710087812763385
sma,long,pooled,POOLED,ATR_low_0_33,low,full,1615,0.04462403249502782,0.0372442146622292,-0.028374628242941416
sma,long,pooled,POOLED,ATR_mid_33_67,mid,full,1273,0.04355738303221316,0.03921659578473749,-0.03330714470587232
sma,long,pooled,POOLED,ATR_high_67_100,high,h1,692,0.049292791350840734,0.04368460891284337,-0.036329042118332266
sma,long,pooled,POOLED,ATR_low_0_33,low,h1,892,-0.015716695581812917,0.045497436558087245,-0.10489167123566392
sma,long,pooled,POOLED,ATR_mid_33_67,mid,h1,615,-0.053702604392211126,0.055588534049755584,-0.16265613112973207
sma,long,pooled,POOLED,ATR_high_67_100,high,h2,818,-0.0007191463966879691,0.044363549969166916,-0.08767170433625511
sma,long,pooled,POOLED,ATR_low_0_33,low,h2,723,0.11906930143630295,0.059884404226589916,0.0016958691521867242
sma,long,pooled,POOLED,ATR_mid_33_67,mid,h2,658,0.13446147462191063,0.037348137180149975,0.06125912574881669
sma,short,pair,AUD_CAD,ATR_high_67_100,high,full,91,-0.03441513268423119,0.12392426495847943,-0.27730669200285085
sma,short,pair,AUD_CAD,ATR_low_0_33,low,full,89,0.35412047225817056,0.09763501291061236,0.16275584695337034
sma,short,pair,AUD_CAD,ATR_mid_33_67,mid,full,88,0.08551477353912357,0.08581092662146685,-0.08267464263895144
sma,short,pair,AUD_CAD,ATR_high_67_100,high,h1,37,-0.22410350054017356,0.1003450155760875,-0.42077973106930505
sma,short,pair,AUD_CAD,ATR_low_0_33,low,h1,55,0.44071989823542607,0.13613478364244622,0.17389572229623151
sma,short,pair,AUD_CAD,ATR_mid_33_67,mid,h1,43,0.06156872203954664,0.20372191212419682,-0.3377262257238791
sma,short,pair,AUD_CAD,ATR_high_67_100,high,h2,54,0.09555652677261822,0.16511388431012097,-0.22806668647521888
sma,short,pair,AUD_CAD,ATR_low_0_33,low,h2,34,0.21403316553025717,0.09608861767456876,0.025699474888102397
sma,short,pair,AUD_CAD,ATR_mid_33_67,mid,h2,45,0.10839655608316374,0.12379693008220974,-0.1342454268779673
sma,short,pair,AUD_JPY,ATR_high_67_100,high,full,81,-0.2345679012345679,0.1369109001665423,-0.5029132655609908
sma,short,pair,AUD_JPY,ATR_low_0_33,low,full,142,0.005570516682681641,0.0800463027260539,-0.151320236660384
sma,short,pair,AUD_JPY,ATR_mid_33_67,mid,full,105,-0.047619047619047616,0.07459363961609435,-0.19382258126659252
sma,short,pair,AUD_JPY,ATR_high_67_100,high,h1,39,0.07692307692307693,0.10988866490875063,-0.1384587062980743
sma,short,pair,AUD_JPY,ATR_low_0_33,low,h1,70,0.03987161955629704,0.14905900910531125,-0.25228403829011303
sma,short,pair,AUD_JPY,ATR_mid_33_67,mid,h1,54,0.0,0.0963569504030296,-0.18885962278993804
sma,short,pair,AUD_JPY,ATR_high_67_100,high,h2,42,-0.5238095238095238,0.10480835845466138,-0.7292339063806601
sma,short,pair,AUD_JPY,ATR_low_0_33,low,h2,72,-0.027777777777777776,0.12034336941280468,-0.26365078182687496
sma,short,pair,AUD_JPY,ATR_mid_33_67,mid,h2,51,-0.09803921568627451,0.1329420242429523,-0.358605583202461
sma,short,pair,CAD_CHF,ATR_high_67_100,high,full,81,0.15591669439068745,0.04879016068313491,0.06028797945174302
sma,short,pair,CAD_CHF,ATR_low_0_33,low,full,110,0.30244661105981435,0.061959054295428875,0.18100686464077376
sma,short,pair,CAD_CHF,ATR_mid_33_67,mid,full,68,0.1198240244587333,0.06041729904003577,0.0014061183402632044
sma,short,pair,CAD_CHF,ATR_high_67_100,high,h1,33,0.09095258699486863,0.06722000071143493,-0.040798614399543826
sma,short,pair,CAD_CHF,ATR_low_0_33,low,h1,52,0.23076923076923078,0.16585208778904115,-0.09430086129728987
sma,short,pair,CAD_CHF,ATR_mid_33_67,mid,h1,42,0.19047619047619047,0.10996173845969882,-0.02504881690481922
sma,short,pair,CAD_CHF,ATR_high_67_100,high,h2,48,0.20057951822531284,0.08363977216830243,0.03664556477544009
sma,short,pair,CAD_CHF,ATR_low_0_33,low,h2,58,0.36670908994102724,0.07602578779814112,0.21769854585667064
sma,short,pair,CAD_CHF,ATR_mid_33_67,mid,h2,26,0.005693602430533218,0.08210106842644099,-0.15522449168529112
sma,short,pair,CAD_JPY,ATR_high_67_100,high,full,58,-0.14660442690610373,0.077555302234629,-0.2986128192859766
sma,short,pair,CAD_JPY,ATR_low_0_33,low,full,115,0.1876669297058843,0.08190259257384781,0.0271378482611426
sma,short,pair,CAD_JPY,ATR_mid_33_67,mid,full,85,-0.2699221090533234,0.12121808782537756,-0.5075095611910634
sma,short,pair,CAD_JPY,ATR_high_67_100,high,h1,26,-0.1731944907905391,0.09843733180484877,-0.36613166112804274
sma,short,pair,CAD_JPY,ATR_low_0_33,low,h1,52,0.23076923076923078,0.12065058286451895,-0.0057059116452263525
sma,short,pair,CAD_JPY,ATR_mid_33_67,mid,h1,36,0.010359790303760129,0.17173121133164745,-0.3262333839062689
sma,short,pair,CAD_JPY,ATR_high_67_100,high,h2,32,-0.125,0.1653133122617096,-0.4490140920329508
sma,short,pair,CAD_JPY,ATR_low_0_33,low,h2,63,0.15209042724089994,0.11005469424228335,-0.06361677347397543
sma,short,pair,CAD_JPY,ATR_mid_33_67,mid,h2,49,-0.475843504499344,0.040322108310764965,-0.5548748367884433
sma,short,pair,CHF_JPY,ATR_high_67_100,high,full,80,-0.21854368355142811,0.06375821720003053,-0.34350978926348796
sma,short,pair,CHF_JPY,ATR_low_0_33,low,full,110,-0.26236963969134874,0.061547674220761364,-0.383003081164041
sma,short,pair,CHF_JPY,ATR_mid_33_67,mid,full,64,-0.17455579801952847,0.09194698751562672,-0.3547718935501568
sma,short,pair,CHF_JPY,ATR_high_67_100,high,h1,38,-0.14430249168721707,0.09115400981342339,-0.3229643509215269
sma,short,pair,CHF_JPY,ATR_low_0_33,low,h1,65,-0.22354699885314133,0.07749095383036388,-0.3754292683606545
sma,short,pair,CHF_JPY,ATR_mid_33_67,mid,h1,24,-0.00014595251807588325,0.24109014178347518,-0.4726826304136872
sma,short,pair,CHF_JPY,ATR_high_67_100,high,h2,42,-0.2857142857142857,0.10797199249029506,-0.49733939099526403
sma,short,pair,CHF_JPY,ATR_low_0_33,low,h2,45,-0.3184467875687596,0.0954727639337169,-0.5055734048788447
sma,short,pair,CHF_JPY,ATR_mid_33_67,mid,h2,40,-0.2792017053204,0.08025792088223524,-0.43650723024958105
sma,short,pair,EUR_CAD,ATR_high_67_100,high,full,106,0.30968396146365346,0.06242558730319515,0.18732981034939097
sma,short,pair,EUR_CAD,ATR_low_0_33,low,full,100,-0.06865407639632232,0.06827762281239401,-0.20247821710861458
sma,short,pair,EUR_CAD,ATR_mid_33_67,mid,full,92,0.4432794321363947,0.03742822210646074,0.3699201168077316
sma,short,pair,EUR_CAD,ATR_high_67_100,high,h1,46,0.35817142867794455,0.14601259048520146,0.0719867513269497
sma,short,pair,EUR_CAD,ATR_low_0_33,low,h1,49,-0.09036360359565253,0.10589904588902005,-0.29792573353813184
sma,short,pair,EUR_CAD,ATR_mid_33_67,mid,h1,42,0.47123798766879627,0.09715133572524368,0.28082136964731863
sma,short,pair,EUR_CAD,ATR_high_67_100,high,h2,60,0.27251023659936363,0.08183060135493704,0.11212225794368702
sma,short,pair,EUR_CAD,ATR_low_0_33,low,h2,51,-0.047795903204808955,0.16631892452840244,-0.37378099528047776
sma,short,pair,EUR_CAD,ATR_mid_33_67,mid,h2,50,0.4197942454891775,0.06726785393737758,0.28794925177191744
sma,short,pair,EUR_CHF,ATR_high_67_100,high,full,81,0.3082073915713838,0.05130270473875768,0.20765409028341877
sma,short,pair,EUR_CHF,ATR_low_0_33,low,full,66,0.09467167352608416,0.06386686155054472,-0.030507375112983487
sma,short,pair,EUR_CHF,ATR_mid_33_67,mid,full,77,0.03164770409938236,0.1179964341225824,-0.19962530678087914
sma,short,pair,EUR_CHF,ATR_high_67_100,high,h1,52,0.32902039575758274,0.04848781034394101,0.23398428748345837
sma,short,pair,EUR_CHF,ATR_low_0_33,low,h1,39,0.026433604315696285,0.07722529651456751,-0.12492797685285605
sma,short,pair,EUR_CHF,ATR_mid_33_67,mid,h1,50,-0.14670263351285326,0.07191966788421335,-0.28766518256591145
sma,short,pair,EUR_CHF,ATR_high_67_100,high,h2,29,0.2708875219961305,0.17971667556512694,-0.08135716211151833
sma,short,pair,EUR_CHF,ATR_low_0_33,low,h2,27,0.1932377734966444,0.11756784713908247,-0.037195206895957234
sma,short,pair,EUR_CHF,ATR_mid_33_67,mid,h2,27,0.3619261070850039,0.14263520857752768,0.08236109827304966
sma,short,pair,EUR_GBP,ATR_high_67_100,high,full,120,0.15344112811380603,0.0640564123893925,0.02789055983059674
sma,short,pair,EUR_GBP,ATR_low_0_33,low,full,104,0.24393707657546518,0.10891386249883435,0.03046590607774985
sma,short,pair,EUR_GBP,ATR_mid_33_67,mid,full,62,0.04398946797511311,0.08252434902728276,-0.1177582561183611
sma,short,pair,EUR_GBP,ATR_high_67_100,high,h1,60,0.02056879478683697,0.05718046601345974,-0.09150491859954411
sma,short,pair,EUR_GBP,ATR_low_0_33,low,h1,55,0.11166457454253663,0.14627591767116363,-0.17503622409294406
sma,short,pair,EUR_GBP,ATR_mid_33_67,mid,h1,22,-0.09090909090909091,0.12560895994686477,-0.33710265240494586
sma,short,pair,EUR_GBP,ATR_high_67_100,high,h2,60,0.28631346144077496,0.13935076177228256,0.013185968367101175
sma,short,pair,EUR_GBP,ATR_low_0_33,low,h2,49,0.392406211510385,0.05519950936913797,0.2842151731468746
sma,short,pair,EUR_GBP,ATR_mid_33_67,mid,h2,40,0.11818367536142534,0.10371002651754307,-0.0850879766129591
sma,short,pair,EUR_NOK,ATR_high_67_100,high,full,100,0.06637217849662715,0.06428374979824816,-0.05962397110793925
sma,short,pair,EUR_NOK,ATR_low_0_33,low,full,86,-0.29713343866407665,0.10017961480026076,-0.4934854836725877
sma,short,pair,EUR_NOK,ATR_mid_33_67,mid,full,66,-0.2138188315136432,0.05672212356757161,-0.3249941937060835
sma,short,pair,EUR_NOK,ATR_high_67_100,high,h1,42,-0.047619047619047616,0.0852780574618253,-0.2147640402442252
sma,short,pair,EUR_NOK,ATR_low_0_33,low,h1,45,-0.23452168278023544,0.2136365253679268,-0.6532492725013719
sma,short,pair,EUR_NOK,ATR_mid_33_67,mid,h1,37,-0.15809182884873377,0.07915228061084187,-0.31323029884598386
sma,short,pair,EUR_NOK,ATR_high_67_100,high,h2,58,0.14891754913211577,0.0691815857709905,0.013321641020974412
sma,short,pair,EUR_NOK,ATR_low_0_33,low,h2,41,-0.36585365853658536,0.08833176058665355,-0.5389839092864264
sma,short,pair,EUR_NOK,ATR_mid_33_67,mid,h2,29,-0.2849188004309415,0.1491264721265686,-0.5772066857990159
sma,short,pair,EUR_USD,ATR_high_67_100,high,full,78,0.022130876313765018,0.08111748762845865,-0.13685939943801395
sma,short,pair,EUR_USD,ATR_low_0_33,low,full,82,-0.13482580303394434,0.09148001829383225,-0.31412663888985554
sma,short,pair,EUR_USD,ATR_mid_33_67,mid,full,63,-0.10879846883628254,0.061287969331852786,-0.228922888726714
sma,short,pair,EUR_USD,ATR_high_67_100,high,h1,37,-0.1040578069434151,0.07129317078727698,-0.243792421686478
sma,short,pair,EUR_USD,ATR_low_0_33,low,h1,44,-0.370554909864645,0.07184650124008421,-0.51137405229521
sma,short,pair,EUR_USD,ATR_mid_33_67,mid,h1,40,-0.096357588417145,0.0995703829761108,-0.2915155390503222
sma,short,pair,EUR_USD,ATR_high_67_100,high,h2,41,0.13600846852146414,0.12209446477030604,-0.1032966824283357
sma,short,pair,EUR_USD,ATR_low_0_33,low,h2,38,0.13812368908581435,0.17578196333669144,-0.20640895905410084
sma,short,pair,EUR_USD,ATR_mid_33_67,mid,h2,23,-0.13043478260869565,0.11430031348076347,-0.35446339703099206
sma,short,pair,GBP_CAD,ATR_high_67_100,high,full,104,0.22250981743706516,0.12243299180072359,-0.017458846492353075
sma,short,pair,GBP_CAD,ATR_low_0_33,low,full,97,-0.09682151640100353,0.06365117413213388,-0.2215778176999859
sma,short,pair,GBP_CAD,ATR_mid_33_67,mid,full,83,-0.1374663834959141,0.05673435551807535,-0.2486657203113418
sma,short,pair,GBP_CAD,ATR_high_67_100,high,h1,49,0.10204081632653061,0.1945054121559946,-0.2791897914992188
sma,short,pair,GBP_CAD,ATR_low_0_33,low,h1,47,-0.23404255319148937,0.07180581279818313,-0.3747819462759283
sma,short,pair,GBP_CAD,ATR_mid_33_67,mid,h1,35,-0.2571428571428571,0.10338703803420447,-0.45978145168989787
sma,short,pair,GBP_CAD,ATR_high_67_100,high,h2,55,0.32983674569917776,0.11727467671048604,0.09997837934662512
sma,short,pair,GBP_CAD,ATR_low_0_33,low,h2,50,0.03216625818205315,0.06594142593012517,-0.09707893664099218
sma,short,pair,GBP_CAD,ATR_mid_33_67,mid,h2,48,-0.0502022881283515,0.07882167164184065,-0.20469276454635918
sma,short,pair,NZD_CHF,ATR_high_67_100,high,full,70,0.14285714285714285,0.17807335786974735,-0.20616663856756196
sma,short,pair,NZD_CHF,ATR_low_0_33,low,full,116,-0.18292026363131483,0.11371497934947497,-0.40580162315628576
sma,short,pair,NZD_CHF,ATR_mid_33_67,mid,full,81,-0.023131094629944143,0.14093792083974596,-0.2993694194758463
sma,short,pair,NZD_CHF,ATR_high_67_100,high,h1,39,-0.23076923076923078,0.1363849822715506,-0.49808379602146996
sma,short,pair,NZD_CHF,ATR_low_0_33,low,h1,78,-0.3724681183108619,0.0642305470483902,-0.4983599905257067
sma,short,pair,NZD_CHF,ATR_mid_33_67,mid,h1,54,-0.217181457093407,0.06969395756169454,-0.3537816139143283
sma,short,pair,NZD_CHF,ATR_high_67_100,high,h2,31,0.6129032258064516,0.04588014086378477,0.5229781497134335
sma,short,pair,NZD_CHF,ATR_low_0_33,low,h2,38,0.20615164860565027,0.17629327226533417,-0.13938316503440468
sma,short,pair,NZD_CHF,ATR_mid_33_67,mid,h2,27,0.3649696302969816,0.174498204056385,0.022953150346467
sma,short,pair,NZD_JPY,ATR_high_67_100,high,full,79,-0.0379746835443038,0.053177294696854074,-0.14220218115013777
sma,short,pair,NZD_JPY,ATR_low_0_33,low,full,132,0.015151515151515152,0.05363657672332326,-0.08997617522619844
sma,short,pair,NZD_JPY,ATR_mid_33_67,mid,full,77,-0.11688311688311688,0.06143206208895414,-0.237289958577467
sma,short,pair,NZD_JPY,ATR_high_67_100,high,h1,39,-0.02564102564102564,0.05369229874538109,-0.13087793118197258
sma,short,pair,NZD_JPY,ATR_low_0_33,low,h1,44,-0.18181818181818182,0.11486934399931938,-0.4069620960568478
sma,short,pair,NZD_JPY,ATR_mid_33_67,mid,h1,31,-0.22580645161290322,0.18567915107758975,-0.5897375877249791
sma,short,pair,NZD_JPY,ATR_high_67_100,high,h2,40,-0.05,0.1285921362292423,-0.30204058700931485
sma,short,pair,NZD_JPY,ATR_low_0_33,low,h2,88,0.11363636363636363,0.04690764013485298,0.021697388972051784
sma,short,pair,NZD_JPY,ATR_mid_33_67,mid,h2,46,-0.043478260869565216,0.05923795696027384,-0.15958465651170195
sma,short,pair,NZD_USD,ATR_high_67_100,high,full,97,0.13402061855670103,0.041699559429343704,0.05228948207518737
sma,short,pair,NZD_USD,ATR_low_0_33,low,full,92,-0.13043478260869565,0.08810569696692758,-0.3031219486638737
sma,short,pair,NZD_USD,ATR_mid_33_67,mid,full,85,0.10588235294117647,0.04323391259059158,0.021143884263616963
sma,short,pair,NZD_USD,ATR_high_67_100,high,h1,61,0.11475409836065574,0.05884962405018425,-0.0005911647777053913
sma,short,pair,NZD_USD,ATR_low_0_33,low,h1,60,-0.3,0.07848684721139716,-0.4538342205343384
sma,short,pair,NZD_USD,ATR_mid_33_67,mid,h1,32,0.1875,0.0721070896170888,0.046170104350505975
sma,short,pair,NZD_USD,ATR_high_67_100,high,h2,36,0.16666666666666666,0.08673608331108901,-0.0033360566230677957
sma,short,pair,NZD_USD,ATR_low_0_33,low,h2,32,0.1875,0.10281306397071763,-0.014013605382606542
sma,short,pair,NZD_USD,ATR_mid_33_67,mid,h2,53,0.05660377358490566,0.05320481792031143,-0.047677669538904746
sma,short,pair,USD_CAD,ATR_high_67_100,high,full,136,-0.04541520562638659,0.12295343714665281,-0.2864039424338261
sma,short,pair,USD_CAD,ATR_low_0_33,low,full,99,-0.0758750481255539,0.08229705325374467,-0.23717727250289344
sma,short,pair,USD_CAD,ATR_mid_33_67,mid,full,102,0.1064557436088868,0.035798612776470604,0.03629046256700441
sma,short,pair,USD_CAD,ATR_high_67_100,high,h1,74,0.10677526201641291,0.1306706308129782,-0.14933917437702438
sma,short,pair,USD_CAD,ATR_low_0_33,low,h1,48,0.12627323728525164,0.07880002528029642,-0.02817481226412935
sma,short,pair,USD_CAD,ATR_mid_33_67,mid,h1,54,0.18933381585514847,0.055330354604276766,0.08088632083076601
sma,short,pair,USD_CAD,ATR_high_67_100,high,h2,62,-0.22706189281295372,0.05765015495325073,-0.3400561965213251
sma,short,pair,USD_CAD,ATR_low_0_33,low,h2,51,-0.2661322579239591,0.08838137586053893,-0.4393597546106154
sma,short,pair,USD_CAD,ATR_mid_33_67,mid,h2,48,0.013217912331842432,0.10109638244213422,-0.18493099725474063
sma,short,pair,USD_JPY,ATR_high_67_100,high,full,73,0.09643991139032541,0.04466032394457259,0.008905676458963147
sma,short,pair,USD_JPY,ATR_low_0_33,low,full,109,-0.15874249796795023,0.07730617932837636,-0.3102626094515679
sma,short,pair,USD_JPY,ATR_mid_33_67,mid,full,63,-0.3048919258768591,0.08446408058139937,-0.47044152381640186
sma,short,pair,USD_JPY,ATR_high_67_100,high,h1,33,0.15273071307556835,0.1451964668200856,-0.13185436189179944
sma,short,pair,USD_JPY,ATR_low_0_33,low,h1,60,-0.0075745007550301665,0.062295241611782945,-0.12967317431412473
sma,short,pair,USD_JPY,ATR_mid_33_67,mid,h1,26,-0.17301088876878487,0.09933271417069696,-0.3677030085433509
sma,short,pair,USD_JPY,ATR_high_67_100,high,h2,40,0.05,0.08565008756562964,-0.11787417162863408
sma,short,pair,USD_JPY,ATR_low_0_33,low,h2,49,-0.343846168024587,0.05319870575936086,-0.4481156313129343
sma,short,pair,USD_JPY,ATR_mid_33_67,mid,h2,37,-0.39756508708793836,0.1028338000055651,-0.599119335098846
sma,short,pair,USD_SGD,ATR_high_67_100,high,full,68,-0.13536308703745342,0.07891793388829649,-0.29004223745851454
sma,short,pair,USD_SGD,ATR_low_0_33,low,full,78,0.1273178625832187,0.06096271050886809,0.007830949985837249
sma,short,pair,USD_SGD,ATR_mid_33_67,mid,full,60,-0.1276041349643327,0.06949136551887683,-0.2638072113813313
sma,short,pair,USD_SGD,ATR_high_67_100,high,h1,22,-0.023367343227890792,0.15099468615214554,-0.319316928086096
sma,short,pair,USD_SGD,ATR_low_0_33,low,h1,37,0.2617162042709998,0.10119987433381611,0.06336445057672022
sma,short,pair,USD_SGD,ATR_mid_33_67,mid,h1,26,-0.026809899350884632,0.26946834442039147,-0.5549678544148519
sma,short,pair,USD_SGD,ATR_high_67_100,high,h2,46,-0.18892626885941818,0.08760289952429637,-0.36062795192703906
sma,short,pair,USD_SGD,ATR_low_0_33,low,h2,41,0.006031554230830856,0.09266248335401775,-0.17558691314304395
sma,short,pair,USD_SGD,ATR_mid_33_67,mid,h2,34,-0.20468207984520478,0.055239529654880264,-0.3129515579687701
sma,short,pooled,POOLED,ATR_high_67_100,high,full,1503,0.055807425546339294,0.03636903088545391,-0.015475874989150366
sma,short,pooled,POOLED,ATR_low_0_33,low,full,1727,-0.005242107738219841,0.04139856501298753,-0.0863832951636754
sma,short,pooled,POOLED,ATR_mid_33_67,mid,full,1321,-0.021007810078165053,0.03963138609686052,-0.09868532682801168
sma,short,pooled,POOLED,ATR_high_67_100,high,h1,727,0.0428052144494557,0.04452909108944149,-0.04447180408584961
sma,short,pooled,POOLED,ATR_low_0_33,low,h1,900,-0.04263951294065026,0.06356871145494257,-0.1672341873923377
sma,short,pooled,POOLED,ATR_mid_33_67,mid,h1,648,-0.007606552279965257,0.04676956050854447,-0.09927489087671243
sma,short,pooled,POOLED,ATR_high_67_100,high,h2,776,0.06798862073633204,0.059249199832011226,-0.04813981093440997
sma,short,pooled,POOLED,ATR_low_0_33,low,h2,827,0.03545639852802846,0.0477293794462033,-0.05809318518653
sma,short,pooled,POOLED,ATR_mid_33_67,mid,h2,673,-0.03391124997895772,0.06436633507982717,-0.16006926673541896
stoch,long,pair,AUD_CAD,ATR_high_67_100,high,full,564,0.0935687398989586,0.0597656984518475,-0.023572029066662503
stoch,long,pair,AUD_CAD,ATR_low_0_33,low,full,583,0.02135648375380965,0.095062573196912,-0.16496615971213785
stoch,long,pair,AUD_CAD,ATR_mid_33_67,mid,full,483,0.004461854433776052,0.05714765554561605,-0.1075475504356314
stoch,long,pair,AUD_CAD,ATR_high_67_100,high,h1,265,0.03283745383002298,0.071329795217744,-0.10696894479675526
stoch,long,pair,AUD_CAD,ATR_low_0_33,low,h1,301,0.09366106245928489,0.10340907104576184,-0.10902071679040833
stoch,long,pair,AUD_CAD,ATR_mid_33_67,mid,h1,255,0.008920570355531537,0.08690754870920872,-0.16141822511451756
stoch,long,pair,AUD_CAD,ATR_high_67_100,high,h2,299,0.14739412721758047,0.07635190633129818,-0.0022556091917639576
stoch,long,pair,AUD_CAD,ATR_low_0_33,low,h2,282,-0.055819680041750835,0.17340029881645824,-0.395684265722009
stoch,long,pair,AUD_CAD,ATR_mid_33_67,mid,h2,228,-0.0005248673208189075,0.07134292375277214,-0.1403569978762523
stoch,long,pair,AUD_JPY,ATR_high_67_100,high,full,595,0.04712432403445779,0.05527103746060589,-0.06120690938832975
stoch,long,pair,AUD_JPY,ATR_low_0_33,low,full,467,-0.06745734533707694,0.045972534063505266,-0.15756351210154726
stoch,long,pair,AUD_JPY,ATR_mid_33_67,mid,full,418,0.11702239574027025,0.0778882513000952,-0.035638576807916336
stoch,long,pair,AUD_JPY,ATR_high_67_100,high,h1,300,-0.012438949294486032,0.07128438707877827,-0.15215634796889144
stoch,long,pair,AUD_JPY,ATR_low_0_33,low,h1,249,-0.014066587439417381,0.06579617033466012,-0.14302708129535122
stoch,long,pair,AUD_JPY,ATR_mid_33_67,mid,h1,212,-0.01614358765959713,0.05885297136331296,-0.13149541153169053
stoch,long,pair,AUD_JPY,ATR_high_67_100,high,h2,295,0.10769714436897693,0.07190172898698333,-0.0332302444455104
stoch,long,pair,AUD_JPY,ATR_low_0_33,low,h2,218,-0.12844036697247707,0.0773732219453293,-0.28009188198532253
stoch,long,pair,AUD_JPY,ATR_mid_33_67,mid,h2,206,0.2540670000158619,0.08990934157205349,0.07784469053463708
stoch,long,pair,CAD_CHF,ATR_high_67_100,high,full,550,-0.0654539547705971,0.054276882722894305,-0.17183664490746992
stoch,long,pair,CAD_CHF,ATR_low_0_33,low,full,609,-0.05119460010526146,0.03929853447636999,-0.12821972767894663
stoch,long,pair,CAD_CHF,ATR_mid_33_67,mid,full,505,-0.11462722738457727,0.03217475475846204,-0.1776897467111629
stoch,long,pair,CAD_CHF,ATR_high_67_100,high,h1,254,-0.02869627767204362,0.09616675767641134,-0.21718312271780982
stoch,long,pair,CAD_CHF,ATR_low_0_33,low,h1,310,-0.03185031725856371,0.06675493811347863,-0.16268999596098183
stoch,long,pair,CAD_CHF,ATR_mid_33_67,mid,h1,257,-0.07649636981063769,0.0545528825500267,-0.18342001960869003
stoch,long,pair,CAD_CHF,ATR_high_67_100,high,h2,296,-0.09699601552408554,0.05442167477663971,-0.20366249808629938
stoch,long,pair,CAD_CHF,ATR_low_0_33,low,h2,299,-0.07125054553160362,0.04565571775841702,-0.160735752338101
stoch,long,pair,CAD_CHF,ATR_mid_33_67,mid,h2,248,-0.15414186608015176,0.04879381184940019,-0.24977773730497613
stoch,long,pair,CAD_JPY,ATR_high_67_100,high,full,556,0.0491614998727627,0.047023524536303984,-0.0430046082183931
stoch,long,pair,CAD_JPY,ATR_low_0_33,low,full,551,-0.026351590595475514,0.06825426130068415,-0.16012994274481646
stoch,long,pair,CAD_JPY,ATR_mid_33_67,mid,full,408,0.029411764705882353,0.07158540949351887,-0.11089563790141463
stoch,long,pair,CAD_JPY,ATR_high_67_100,high,h1,260,0.007692307692307693,0.06607700768089654,-0.12181862736224952
stoch,long,pair,CAD_JPY,ATR_low_0_33,low,h1,296,-0.044019192439913944,0.06744802662416917,-0.17621732462328552
stoch,long,pair,CAD_JPY,ATR_mid_33_67,mid,h1,222,-0.009009009009009009,0.10034663027686659,-0.20568840435166752
stoch,long,pair,CAD_JPY,ATR_high_67_100,high,h2,296,0.0855871416528921,0.05486903071803339,-0.021956158554453348
stoch,long,pair,CAD_JPY,ATR_low_0_33,low,h2,255,-0.005843315513303863,0.13702802599152708,-0.27441824645669693
stoch,long,pair,CAD_JPY,ATR_mid_33_67,mid,h2,186,0.07526881720430108,0.14408736846310652,-0.2071424249833877
stoch,long,pair,CHF_JPY,ATR_high_67_100,high,full,532,0.11818547789315395,0.06885930286697547,-0.016778755726117978
stoch,long,pair,CHF_JPY,ATR_low_0_33,low,full,563,0.10848844388279447,0.06950451290911344,-0.02774040141906789
stoch,long,pair,CHF_JPY,ATR_mid_33_67,mid,full,443,0.08626219765484691,0.04445166051270763,-0.0008630569500600455
stoch,long,pair,CHF_JPY,ATR_high_67_100,high,h1,251,-0.0023368127336055155,0.08602375175552604,-0.17094336617443653
stoch,long,pair,CHF_JPY,ATR_low_0_33,low,h1,335,0.18366720874925943,0.11543644836741583,-0.042588230050875586
stoch,long,pair,CHF_JPY,ATR_mid_33_67,mid,h1,217,0.0749478115584719,0.06260276419931754,-0.04775360627219048
stoch,long,pair,CHF_JPY,ATR_high_67_100,high,h2,281,0.22584062005442307,0.06500708424793733,0.0984267349284659
stoch,long,pair,CHF_JPY,ATR_low_0_33,low,h2,228,-0.0019715834429325394,0.08558409403317593,-0.16971640774795738
stoch,long,pair,CHF_JPY,ATR_mid_33_67,mid,h2,226,0.09712601085357868,0.06372340999055712,-0.027771872727913274
stoch,long,pair,EUR_CAD,ATR_high_67_100,high,full,601,-0.039202786925764586,0.05200524602939078,-0.1411330691433705
stoch,long,pair,EUR_CAD,ATR_low_0_33,low,full,616,0.16947032215774113,0.07442625369133458,0.02359486492272536
stoch,long,pair,EUR_CAD,ATR_mid_33_67,mid,full,519,0.09870501573869184,0.04657327963943255,0.007421387645404037
stoch,long,pair,EUR_CAD,ATR_high_67_100,high,h1,278,-0.08717123371813852,0.09620792134809966,-0.2757387595604139
stoch,long,pair,EUR_CAD,ATR_low_0_33,low,h1,325,0.2155136546535688,0.10979829074082591,0.0003090048015500224
stoch,long,pair,EUR_CAD,ATR_mid_33_67,mid,h1,258,0.06039759733623452,0.061349538660166694,-0.05984749843769221
stoch,long,pair,EUR_CAD,ATR_high_67_100,high,h2,323,0.0020827493227801802,0.045386604353000674,-0.08687499520910114
stoch,long,pair,EUR_CAD,ATR_low_0_33,low,h2,291,0.1180473563118855,0.0813408777053202,-0.041380763990542094
stoch,long,pair,EUR_CAD,ATR_mid_33_67,mid,h2,261,0.1365721189870979,0.06774021106363043,0.003801305302382263
stoch,long,pair,EUR_CHF,ATR_high_67_100,high,full,551,-0.14463330634317206,0.054896630663145554,-0.2522307024429373
stoch,long,pair,EUR_CHF,ATR_low_0_33,low,full,604,0.05580711612222546,0.07631271082488826,-0.09376579709455551
stoch,long,pair,EUR_CHF,ATR_mid_33_67,mid,full,499,-0.06294760856923516,0.07439982326961436,-0.20877126217767933
stoch,long,pair,EUR_CHF,ATR_high_67_100,high,h1,281,-0.08620051321464374,0.06418305258272863,-0.21199929627679187
stoch,long,pair,EUR_CHF,ATR_low_0_33,low,h1,315,0.0868350392653788,0.14162653000013434,-0.1907529595348845
stoch,long,pair,EUR_CHF,ATR_mid_33_67,mid,h1,230,0.09225278744201966,0.10271211329527544,-0.1090629546167202
stoch,long,pair,EUR_CHF,ATR_high_67_100,high,h2,270,-0.20544669474730706,0.0890700495716213,-0.3800239919076848
stoch,long,pair,EUR_CHF,ATR_low_0_33,low,h2,289,0.021987753526746884,0.053236469814436915,-0.08235572730954947
stoch,long,pair,EUR_CHF,ATR_mid_33_67,mid,h2,269,-0.19564683192458318,0.060451608467223104,-0.31413198452034047
stoch,long,pair,EUR_GBP,ATR_high_67_100,high,full,563,0.08033898117682103,0.040748886327172315,0.0004711639755632935
stoch,long,pair,EUR_GBP,ATR_low_0_33,low,full,623,0.01960830146157148,0.056851074812693365,-0.09181980517130751
stoch,long,pair,EUR_GBP,ATR_mid_33_67,mid,full,516,0.14349300254924452,0.05928886614314108,0.027286824908688015
stoch,long,pair,EUR_GBP,ATR_high_67_100,high,h1,281,0.12598130369724939,0.05786642129286216,0.012563117963239556
stoch,long,pair,EUR_GBP,ATR_low_0_33,low,h1,290,-0.0813967570481236,0.08679897648932673,-0.251522750967204
stoch,long,pair,EUR_GBP,ATR_mid_33_67,mid,h1,226,0.24307984683347025,0.06508646209644824,0.11551038112443171
stoch,long,pair,EUR_GBP,ATR_high_67_100,high,h2,282,0.034858510863911916,0.04721879727584507,-0.05769033179674441
stoch,long,pair,EUR_GBP,ATR_low_0_33,low,h2,333,0.10757066472827288,0.05786715932734141,-0.005848967553316278
stoch,long,pair,EUR_GBP,ATR_mid_33_67,mid,h2,290,0.06588394458981345,0.06349473904204772,-0.058565743932600084
stoch,long,pair,EUR_NOK,ATR_high_67_100,high,full,504,-0.10478036401218165,0.05332711750055724,-0.20930151431327382
stoch,long,pair,EUR_NOK,ATR_low_0_33,low,full,672,0.14598327956607376,0.0641185278136769,0.02031096505126706
stoch,long,pair,EUR_NOK,ATR_mid_33_67,mid,full,489,0.08160841227345753,0.05330492740674358,-0.022869245443759886
stoch,long,pair,EUR_NOK,ATR_high_67_100,high,h1,250,-0.0543315154430596,0.07947822597078552,-0.21010883834579924
stoch,long,pair,EUR_NOK,ATR_low_0_33,low,h1,348,0.15526960805444273,0.08609952118028383,-0.013485453458913554
stoch,long,pair,EUR_NOK,ATR_mid_33_67,mid,h1,237,0.055371936921074914,0.04966898980882785,-0.04197928310422767
stoch,long,pair,EUR_NOK,ATR_high_67_100,high,h2,254,-0.15443474252509704,0.05857246846754172,-0.26923678072147883
stoch,long,pair,EUR_NOK,ATR_low_0_33,low,h2,324,0.13600907489338118,0.0974691390528635,-0.05503043765023127
stoch,long,pair,EUR_NOK,ATR_mid_33_67,mid,h2,252,0.10628319266438879,0.08866347350530483,-0.06749721540600867
stoch,long,pair,EUR_USD,ATR_high_67_100,high,full,555,-0.004009406024145316,0.0621352953110915,-0.12579458483388464
stoch,long,pair,EUR_USD,ATR_low_0_33,low,full,679,0.10630549315500135,0.06486138461265996,-0.020822820685812177
stoch,long,pair,EUR_USD,ATR_mid_33_67,mid,full,492,0.022387848906906645,0.04852787769674991,-0.07272679137872318
stoch,long,pair,EUR_USD,ATR_high_67_100,high,h1,258,0.07454471126360361,0.09930410135754056,-0.12009132739717589
stoch,long,pair,EUR_USD,ATR_low_0_33,low,h1,338,0.16854645073517552,0.10220636755692829,-0.03177802967640392
stoch,long,pair,EUR_USD,ATR_mid_33_67,mid,h1,225,0.09480639416085844,0.06603125135466278,-0.03461485849428063
stoch,long,pair,EUR_USD,ATR_high_67_100,high,h2,297,-0.07224833619330095,0.0430836893816655,-0.15669236738136533
stoch,long,pair,EUR_USD,ATR_low_0_33,low,h2,341,0.04461210998169089,0.0686350726313777,-0.08991263237580942
stoch,long,pair,EUR_USD,ATR_mid_33_67,mid,h2,267,-0.03863901507114262,0.052271873432990036,-0.14109188699980307
stoch,long,pair,GBP_CAD,ATR_high_67_100,high,full,572,-0.029805160233870105,0.06718061407683358,-0.16147916382446392
stoch,long,pair,GBP_CAD,ATR_low_0_33,low,full,570,0.041563248989454876,0.06948319476767752,-0.09462381275519305
stoch,long,pair,GBP_CAD,ATR_mid_33_67,mid,full,488,-0.005887812839863201,0.0525368964886547,-0.10886012995762641
stoch,long,pair,GBP_CAD,ATR_high_67_100,high,h1,300,0.01128716096213715,0.08531514668967145,-0.15593052654961892
stoch,long,pair,GBP_CAD,ATR_low_0_33,low,h1,303,0.059152129037018865,0.11353586608694187,-0.1633781684933872
stoch,long,pair,GBP_CAD,ATR_mid_33_67,mid,h1,219,-0.02138325151325077,0.08743073604267801,-0.19274749415689965
stoch,long,pair,GBP_CAD,ATR_high_67_100,high,h2,272,-0.07512757331770162,0.09007254289588468,-0.2516697573936356
stoch,long,pair,GBP_CAD,ATR_low_0_33,low,h2,267,0.021602834553455286,0.06290424488962862,-0.1016894854302168
stoch,long,pair,GBP_CAD,ATR_mid_33_67,mid,h2,269,0.0067274327715564275,0.05325743545269338,-0.09765714071572261
stoch,long,pair,NZD_CHF,ATR_high_67_100,high,full,558,-0.01296533282487269,0.03667825775330505,-0.08485471802135058
stoch,long,pair,NZD_CHF,ATR_low_0_33,low,full,659,0.06204936923556301,0.06297390373839633,-0.06137948209169379
stoch,long,pair,NZD_CHF,ATR_mid_33_67,mid,full,508,-0.05842362200125408,0.04397039168278478,-0.14460558969951223
stoch,long,pair,NZD_CHF,ATR_high_67_100,high,h1,268,-0.0012063060054936846,0.056742440309922836,-0.11242148901294244
stoch,long,pair,NZD_CHF,ATR_low_0_33,low,h1,317,0.12068329277395166,0.10008541202370815,-0.07548411479251631
stoch,long,pair,NZD_CHF,ATR_mid_33_67,mid,h1,255,-0.061626623454748494,0.061090335318402286,-0.18136368067881697
stoch,long,pair,NZD_CHF,ATR_high_67_100,high,h2,290,-0.02383229554071261,0.05703805443346397,-0.135626882230302
stoch,long,pair,NZD_CHF,ATR_low_0_33,low,h2,342,0.007701551218986385,0.08138463916027476,-0.15181234153515213
stoch,long,pair,NZD_CHF,ATR_mid_33_67,mid,h2,253,-0.05519530037816683,0.06635210167549548,-0.18524541966213795
stoch,long,pair,NZD_JPY,ATR_high_67_100,high,full,574,0.005979731111173293,0.05057584987673542,-0.09314893464722812
stoch,long,pair,NZD_JPY,ATR_low_0_33,low,full,572,-0.06184994545673165,0.04897817607696919,-0.15784717056759126
stoch,long,pair,NZD_JPY,ATR_mid_33_67,mid,full,440,0.04609792330718773,0.06251271765247883,-0.07642700329167078
stoch,long,pair,NZD_JPY,ATR_high_67_100,high,h1,286,-0.04394277742023262,0.06803534454196453,-0.17729205272248308
stoch,long,pair,NZD_JPY,ATR_low_0_33,low,h1,302,-0.09065618808361095,0.07567380515411641,-0.2389768461856791
stoch,long,pair,NZD_JPY,ATR_mid_33_67,mid,h1,222,-0.034760872724492776,0.07562536064204266,-0.18298657958289638
stoch,long,pair,NZD_JPY,ATR_high_67_100,high,h2,288,0.05555555555555555,0.05536300638782569,-0.0529559369645828
stoch,long,pair,NZD_JPY,ATR_low_0_33,low,h2,270,-0.02962962962962963,0.05710356475851882,-0.1415526165563265
stoch,long,pair,NZD_JPY,ATR_mid_33_67,mid,h2,218,0.12844036697247707,0.06541445721423013,0.00022803083258601808
stoch,long,pair,NZD_USD,ATR_high_67_100,high,full,570,-0.11710585927512092,0.05372803056033647,-0.2224127991733804
stoch,long,pair,NZD_USD,ATR_low_0_33,low,full,641,0.09204368174726989,0.07908718568465299,-0.06296720219464998
stoch,long,pair,NZD_USD,ATR_mid_33_67,mid,full,568,-0.004349580025570596,0.05616889461825692,-0.11444061347735415
stoch,long,pair,NZD_USD,ATR_high_67_100,high,h1,273,-0.1309536255927433,0.07138179770802702,-0.27086194910047623
stoch,long,pair,NZD_USD,ATR_low_0_33,low,h1,314,0.06369426751592357,0.10937658380525919,-0.15068383674238445
stoch,long,pair,NZD_USD,ATR_mid_33_67,mid,h1,287,0.0018447336079299708,0.10608826407282818,-0.20608826397481325
stoch,long,pair,NZD_USD,ATR_high_67_100,high,h2,297,-0.10437710437710437,0.06951386448969281,-0.2406242787769023
stoch,long,pair,NZD_USD,ATR_low_0_33,low,h2,327,0.11926605504587157,0.10240466674644053,-0.08144709177715187
stoch,long,pair,NZD_USD,ATR_mid_33_67,mid,h2,281,-0.010676156583629894,0.056273802173970884,-0.12097280884461281
stoch,long,pair,USD_CAD,ATR_high_67_100,high,full,549,0.05112410158270293,0.055868116645417236,-0.05837740704231485
stoch,long,pair,USD_CAD,ATR_low_0_33,low,full,713,0.05589920831267106,0.06397187874881205,-0.06948567403500056
stoch,long,pair,USD_CAD,ATR_mid_33_67,mid,full,528,-0.015319304738595054,0.06499321235274405,-0.14270600094997338
stoch,long,pair,USD_CAD,ATR_high_67_100,high,h1,255,-0.01140445788944008,0.07684076602563375,-0.16201235929968222
stoch,long,pair,USD_CAD,ATR_low_0_33,low,h1,354,0.03900026932638364,0.10354552807127332,-0.16394896569331205
stoch,long,pair,USD_CAD,ATR_mid_33_67,mid,h1,291,-0.11230276076274708,0.08176450790733394,-0.27256119626112163
stoch,long,pair,USD_CAD,ATR_high_67_100,high,h2,294,0.10535805622690862,0.06991865000661102,-0.031682497786048966
stoch,long,pair,USD_CAD,ATR_low_0_33,low,h2,359,0.07256278603173999,0.0667935068343074,-0.058352487363502514
stoch,long,pair,USD_CAD,ATR_mid_33_67,mid,h2,237,0.10376164759485743,0.04769235247421512,0.0102846367453958
stoch,long,pair,USD_JPY,ATR_high_67_100,high,full,517,0.08842359740931242,0.07004454708714322,-0.04886371488148829
stoch,long,pair,USD_JPY,ATR_low_0_33,low,full,504,0.14824129582069137,0.07340920776589313,0.004359248599540844
stoch,long,pair,USD_JPY,ATR_mid_33_67,mid,full,418,0.13880800424302575,0.050285266198219145,0.04024888249451623
stoch,long,pair,USD_JPY,ATR_high_67_100,high,h1,255,0.04314690086156986,0.06821084937512915,-0.09054636391368329
stoch,long,pair,USD_JPY,ATR_low_0_33,low,h1,291,0.0049074482892895845,0.058547051053607066,-0.10984477177578025
stoch,long,pair,USD_JPY,ATR_mid_33_67,mid,h1,213,0.1157921259641759,0.08667708999771369,-0.054094970431342926
stoch,long,pair,USD_JPY,ATR_high_67_100,high,h2,262,0.1324906112248634,0.09869320428199271,-0.06094806916784229
stoch,long,pair,USD_JPY,ATR_low_0_33,low,h2,213,0.3440635945607755,0.05475785002151416,0.23673820851860777
stoch,long,pair,USD_JPY,ATR_mid_33_67,mid,h2,205,0.16272206313763563,0.04707520537992533,0.07045466059298199
stoch,long,pair,USD_SGD,ATR_high_67_100,high,full,604,-0.08303221909506567,0.07056422177682103,-0.2213380937776349
stoch,long,pair,USD_SGD,ATR_low_0_33,low,full,660,0.07990171723334458,0.06332257646034077,-0.04421053262892333
stoch,long,pair,USD_SGD,ATR_mid_33_67,mid,full,560,0.07419558433887803,0.05566552923488904,-0.03490885296150448
stoch,long,pair,USD_SGD,ATR_high_67_100,high,h1,268,0.022352994720646897,0.08774039363745426,-0.14961817680876344
stoch,long,pair,USD_SGD,ATR_low_0_33,low,h1,366,0.017893890381077155,0.08727227678680974,-0.15315977212106993
stoch,long,pair,USD_SGD,ATR_mid_33_67,mid,h1,278,-0.008113859822782926,0.06192627233396822,-0.12948935359736063
stoch,long,pair,USD_SGD,ATR_high_67_100,high,h2,336,-0.16708947297188403,0.08075622694968798,-0.3253716777932725
stoch,long,pair,USD_SGD,ATR_low_0_33,low,h2,294,0.15709513433514682,0.059390066055008746,0.040690604867329686
stoch,long,pair,USD_SGD,ATR_mid_33_67,mid,h2,282,0.1553375186542743,0.05680871062533189,0.043992445828623813
stoch,long,pooled,POOLED,ATR_high_67_100,high,full,9515,-0.004414869069397899,0.015471643639359232,-0.034739290602541995
stoch,long,pooled,POOLED,ATR_low_0_33,low,full,10286,0.05565211815492928,0.0173647419958189,0.021617223843124235
stoch,long,pooled,POOLED,ATR_mid_33_67,mid,full,8282,0.031987607362233834,0.015272602783237511,0.0020533059070883125
stoch,long,pooled,POOLED,ATR_high_67_100,high,h1,4583,-0.008614638568147377,0.020414483665862782,-0.04862702655323843
stoch,long,pooled,POOLED,ATR_low_0_33,low,h1,5354,0.059524081334413975,0.026482902738329577,0.007617591967288007
stoch,long,pooled,POOLED,ATR_mid_33_67,mid,h1,4104,0.019929468183454636,0.021859486711101793,-0.02291512577030488
stoch,long,pooled,POOLED,ATR_high_67_100,high,h2,4932,-0.0005122852063060796,0.02239204094359475,-0.044400685455751786
stoch,long,pooled,POOLED,ATR_low_0_33,low,h2,4932,0.05144885561174982,0.023337009561886356,0.005708316870452562
stoch,long,pooled,POOLED,ATR_mid_33_67,mid,h2,4178,0.043832174904050454,0.02101332705801715,0.0026460538703368466
stoch,short,pair,AUD_CAD,ATR_high_67_100,high,full,586,-0.030722922768130694,0.06479586347717159,-0.157722815183387
stoch,short,pair,AUD_CAD,ATR_low_0_33,low,full,625,0.1117101947063553,0.07369932177618417,-0.03274047597496567
stoch,short,pair,AUD_CAD,ATR_mid_33_67,mid,full,549,-0.0069513905605304935,0.04353274911771422,-0.09227557883125037
stoch,short,pair,AUD_CAD,ATR_high_67_100,high,h1,263,0.049419624687009465,0.09142018346424427,-0.1297639349029093
stoch,short,pair,AUD_CAD,ATR_low_0_33,low,h1,356,0.08519938257692067,0.11181155308425243,-0.1339512614682141
stoch,short,pair,AUD_CAD,ATR_mid_33_67,mid,h1,275,-0.030883571229873195,0.05637369469235653,-0.141376012826892
stoch,short,pair,AUD_CAD,ATR_high_67_100,high,h2,323,-0.09597830970528819,0.07501035368413604,-0.24299860292619485
stoch,short,pair,AUD_CAD,ATR_low_0_33,low,h2,269,0.14679513566575578,0.08153463709148928,-0.013012753033563224
stoch,short,pair,AUD_CAD,ATR_mid_33_67,mid,h2,274,0.0170681338338828,0.04858307072237328,-0.07815468478196883
stoch,short,pair,AUD_JPY,ATR_high_67_100,high,full,571,-0.03436682338897453,0.03777346520487552,-0.10840281519053055
stoch,short,pair,AUD_JPY,ATR_low_0_33,low,full,847,-0.04729938144889102,0.055359664706199366,-0.15580432427304178
stoch,short,pair,AUD_JPY,ATR_mid_33_67,mid,full,548,-0.11357485447733243,0.05730343208970452,-0.2258895813731533
stoch,short,pair,AUD_JPY,ATR_high_67_100,high,h1,276,-0.057636979773792583,0.07218130811479012,-0.19911234367878122
stoch,short,pair,AUD_JPY,ATR_low_0_33,low,h1,431,-0.10484093293940533,0.07386973785635478,-0.24962561913786072
stoch,short,pair,AUD_JPY,ATR_mid_33_67,mid,h1,242,-0.022797557897026154,0.08618443884327019,-0.19171905802983571
stoch,short,pair,AUD_JPY,ATR_high_67_100,high,h2,295,-0.012595422839110863,0.043136197693518716,-0.09714237031840754
stoch,short,pair,AUD_JPY,ATR_low_0_33,low,h2,416,0.012316985600175467,0.08809293985696003,-0.16034517651946617
stoch,short,pair,AUD_JPY,ATR_mid_33_67,mid,h2,306,-0.18536604981208446,0.052646633544173586,-0.2885534515586647
stoch,short,pair,CAD_CHF,ATR_high_67_100,high,full,556,-0.031580173443310905,0.04712142634971005,-0.1239381690887426
stoch,short,pair,CAD_CHF,ATR_low_0_33,low,full,625,0.21470964482161484,0.06218957723625329,0.09281807343855838
stoch,short,pair,CAD_CHF,ATR_mid_33_67,mid,full,491,0.17552179561760867,0.04625404182478721,0.08486387364102572
stoch,short,pair,CAD_CHF,ATR_high_67_100,high,h1,300,-0.07502991287172046,0.07305055396462382,-0.21820899864238313
stoch,short,pair,CAD_CHF,ATR_low_0_33,low,h1,318,0.21430108079850166,0.06635284437308292,0.08424950582725912
stoch,short,pair,CAD_CHF,ATR_mid_33_67,mid,h1,244,0.1493643664391036,0.04852569250659399,0.05425400912617939
stoch,short,pair,CAD_CHF,ATR_high_67_100,high,h2,256,0.019337489949356544,0.07401253417338603,-0.12572707703048008
stoch,short,pair,CAD_CHF,ATR_low_0_33,low,h2,307,0.2151328479465334,0.10964737097580075,0.00022400083396392767
stoch,short,pair,CAD_CHF,ATR_mid_33_67,mid,h2,247,0.20136152322714407,0.07602994457636689,0.052342831857464966
stoch,short,pair,CAD_JPY,ATR_high_67_100,high,full,591,-0.10276826081290431,0.056727530516067,-0.21395422062439562
stoch,short,pair,CAD_JPY,ATR_low_0_33,low,full,784,0.0720594459976038,0.05272568163470643,-0.0312828900064208
stoch,short,pair,CAD_JPY,ATR_mid_33_67,mid,full,577,-0.13753451832090335,0.0552398442294605,-0.24580461301064593
stoch,short,pair,CAD_JPY,ATR_high_67_100,high,h1,305,-0.1703018174194903,0.0859050545206939,-0.3386757242800503
stoch,short,pair,CAD_JPY,ATR_low_0_33,low,h1,377,0.08056247159317258,0.08215940060906628,-0.08046995360059732
stoch,short,pair,CAD_JPY,ATR_mid_33_67,mid,h1,260,-0.17776753286114225,0.0864353596750317,-0.3471808378242044
stoch,short,pair,CAD_JPY,ATR_high_67_100,high,h2,286,-0.030748209186999685,0.053954853201427275,-0.13649972146179715
stoch,short,pair,CAD_JPY,ATR_low_0_33,low,h2,407,0.06418317904544305,0.0759594345240628,-0.08469731262172003
stoch,short,pair,CAD_JPY,ATR_mid_33_67,mid,h2,317,-0.104535831316291,0.07607368192406846,-0.2536402478874652
stoch,short,pair,CHF_JPY,ATR_high_67_100,high,full,645,-0.1898282807460174,0.06726369195652708,-0.32166511698081046
stoch,short,pair,CHF_JPY,ATR_low_0_33,low,full,754,-0.04513220721644807,0.062176114530749976,-0.166997391696718
stoch,short,pair,CHF_JPY,ATR_mid_33_67,mid,full,502,-0.07265491745029846,0.10989109604330623,-0.2880414656951787
stoch,short,pair,CHF_JPY,ATR_high_67_100,high,h1,289,-0.07608724616462155,0.10408314312731991,-0.28009020669416856
stoch,short,pair,CHF_JPY,ATR_low_0_33,low,h1,371,-0.09421794350811787,0.09795348551446903,-0.2862067751164772
stoch,short,pair,CHF_JPY,ATR_mid_33_67,mid,h1,238,0.057926213763917996,0.1809633852317687,-0.2967620212903486
stoch,short,pair,CHF_JPY,ATR_high_67_100,high,h2,356,-0.28216299702136405,0.05283673893703113,-0.38572300533794507
stoch,short,pair,CHF_JPY,ATR_low_0_33,low,h2,383,0.0024155947788769725,0.08706090316714092,-0.16822377542871922
stoch,short,pair,CHF_JPY,ATR_mid_33_67,mid,h2,264,-0.1903757857419027,0.07294931887392352,-0.3333564507347928
stoch,short,pair,EUR_CAD,ATR_high_67_100,high,full,539,0.025832031502640528,0.054519140376520434,-0.08102548363533951
stoch,short,pair,EUR_CAD,ATR_low_0_33,low,full,627,-0.0410362405396691,0.05926764726384703,-0.15720082917680928
stoch,short,pair,EUR_CAD,ATR_mid_33_67,mid,full,485,-0.015368555679342762,0.047011216641169966,-0.1075105402960359
stoch,short,pair,EUR_CAD,ATR_high_67_100,high,h1,259,0.11482269684650012,0.05148664575745003,0.013908871161898068
stoch,short,pair,EUR_CAD,ATR_low_0_33,low,h1,311,0.04942918708969383,0.07053172644515228,-0.08881299674280466
stoch,short,pair,EUR_CAD,ATR_mid_33_67,mid,h1,263,0.0018959384849232574,0.07294172020933891,-0.14106983312538102
stoch,short,pair,EUR_CAD,ATR_high_67_100,high,h2,280,-0.05648433394042962,0.07380007371303024,-0.20113247841796889
stoch,short,pair,EUR_CAD,ATR_low_0_33,low,h2,316,-0.1300702531748965,0.06929680448372122,-0.2658919899629901
stoch,short,pair,EUR_CAD,ATR_mid_33_67,mid,h2,222,-0.03582153750457684,0.0502811452928476,-0.13437258227855814
stoch,short,pair,EUR_CHF,ATR_high_67_100,high,full,514,0.13815607670812646,0.051331930474677726,0.037545492977758124
stoch,short,pair,EUR_CHF,ATR_low_0_33,low,full,681,-0.052552021491352886,0.06852598379473408,-0.18686294972903167
stoch,short,pair,EUR_CHF,ATR_mid_33_67,mid,full,456,0.08339260385967075,0.10512165610768621,-0.12264584211139422
stoch,short,pair,EUR_CHF,ATR_high_67_100,high,h1,273,0.14742226602446737,0.07842069122784225,-0.0062822887821034346
stoch,short,pair,EUR_CHF,ATR_low_0_33,low,h1,346,-0.1295308544276486,0.11174098957607863,-0.3485431939967627
stoch,short,pair,EUR_CHF,ATR_mid_33_67,mid,h1,232,-0.08062236160403174,0.13140630935944125,-0.3381787279485366
stoch,short,pair,EUR_CHF,ATR_high_67_100,high,h2,241,0.12765952200538347,0.06106121551689827,0.007979539592262858
stoch,short,pair,EUR_CHF,ATR_low_0_33,low,h2,335,0.026954474615985394,0.072448345005398,-0.11504428159459469
stoch,short,pair,EUR_CHF,ATR_mid_33_67,mid,h2,224,0.25326524666136263,0.07672876437546598,0.1028768684854493
stoch,short,pair,EUR_GBP,ATR_high_67_100,high,full,547,0.0770407958782563,0.06543507668632775,-0.051211954426946094
stoch,short,pair,EUR_GBP,ATR_low_0_33,low,full,598,-0.008525835765072721,0.08902357788446053,-0.18301204841861535
stoch,short,pair,EUR_GBP,ATR_mid_33_67,mid,full,459,-0.022430190803106525,0.06294836386571406,-0.14580898397990608
stoch,short,pair,EUR_GBP,ATR_high_67_100,high,h1,287,-0.024100088078942865,0.07447555662103701,-0.17007217905617542
stoch,short,pair,EUR_GBP,ATR_low_0_33,low,h1,306,0.062126387965327226,0.1556841399047186,-0.24301452624792125
stoch,short,pair,EUR_GBP,ATR_mid_33_67,mid,h1,240,-0.04108722143193141,0.10611894568552237,-0.24908035497555525
stoch,short,pair,EUR_GBP,ATR_high_67_100,high,h2,260,0.18868477163101072,0.0608692548738878,0.06938103207819063
stoch,short,pair,EUR_GBP,ATR_low_0_33,low,h2,292,-0.08256549487980691,0.05767230874129159,-0.19560322001273844
stoch,short,pair,EUR_GBP,ATR_mid_33_67,mid,h2,219,-0.0019841298400107535,0.07090162231632179,-0.14095130958000146
stoch,short,pair,EUR_NOK,ATR_high_67_100,high,full,493,0.014654288301264152,0.05626332113971888,-0.09562182113258486
stoch,short,pair,EUR_NOK,ATR_low_0_33,low,full,546,-0.09553262150554373,0.0722007948557973,-0.23704617942290646
stoch,short,pair,EUR_NOK,ATR_mid_33_67,mid,full,484,-0.05123432252951526,0.07706438667234652,-0.20228052040731445
stoch,short,pair,EUR_NOK,ATR_high_67_100,high,h1,245,-0.0336726718593069,0.050230542518439364,-0.13212453519544806
stoch,short,pair,EUR_NOK,ATR_low_0_33,low,h1,280,-0.07351144423794882,0.09248086586861706,-0.25477394134043824
stoch,short,pair,EUR_NOK,ATR_mid_33_67,mid,h1,242,-0.01856465555832197,0.09647663043600409,-0.20765885121288996
stoch,short,pair,EUR_NOK,ATR_high_67_100,high,h2,248,0.062396648137312175,0.09728759676778667,-0.12828704152754972
stoch,short,pair,EUR_NOK,ATR_low_0_33,low,h2,266,-0.11871280810301203,0.11391471911566282,-0.34198565756971117
stoch,short,pair,EUR_NOK,ATR_mid_33_67,mid,h2,242,-0.08390398950070854,0.09322535321395342,-0.26662568180005725
stoch,short,pair,EUR_USD,ATR_high_67_100,high,full,571,0.029557876062460603,0.06533873890671149,-0.09850605219469391
stoch,short,pair,EUR_USD,ATR_low_0_33,low,full,625,0.054737356929266026,0.07777554511502947,-0.09770271149619174
stoch,short,pair,EUR_USD,ATR_mid_33_67,mid,full,468,0.055272839616316356,0.046827187136449795,-0.036508447171125245
stoch,short,pair,EUR_USD,ATR_high_67_100,high,h1,290,0.03616163887429764,0.07149448419863379,-0.1039675501550246
stoch,short,pair,EUR_USD,ATR_low_0_33,low,h1,342,-0.009436801826217301,0.12831416073712587,-0.260932556870984
stoch,short,pair,EUR_USD,ATR_mid_33_67,mid,h1,241,0.04033229504136722,0.0682118176397806,-0.09336286753260274
stoch,short,pair,EUR_USD,ATR_high_67_100,high,h2,281,0.02274260483316263,0.11520383799500027,-0.2030569176370379
stoch,short,pair,EUR_USD,ATR_low_0_33,low,h2,283,0.1322905805843024,0.08574051158373726,-0.03576082211982262
stoch,short,pair,EUR_USD,ATR_mid_33_67,mid,h2,227,0.07113482746901566,0.05542840872044325,-0.037504853623053114
stoch,short,pair,GBP_CAD,ATR_high_67_100,high,full,589,-0.04350568433454928,0.048383910469004594,-0.13833814885379828
stoch,short,pair,GBP_CAD,ATR_low_0_33,low,full,648,0.033987265231815424,0.05426796528324583,-0.07237794672334641
stoch,short,pair,GBP_CAD,ATR_mid_33_67,mid,full,500,0.0025784259351277184,0.06061250001375089,-0.11622207409182402
stoch,short,pair,GBP_CAD,ATR_high_67_100,high,h1,290,0.01350359424634658,0.0666533450233665,-0.11713696199945177
stoch,short,pair,GBP_CAD,ATR_low_0_33,low,h1,343,0.031431405194780486,0.0665117581047328,-0.09893164069049579
stoch,short,pair,GBP_CAD,ATR_mid_33_67,mid,h1,248,0.07863978570769183,0.06825398742806137,-0.05513802965130844
stoch,short,pair,GBP_CAD,ATR_high_67_100,high,h2,299,-0.09879896456351182,0.05587732197606077,-0.20831851563659093
stoch,short,pair,GBP_CAD,ATR_low_0_33,low,h2,305,0.036861560289857986,0.08578440488479203,-0.13127587328433438
stoch,short,pair,GBP_CAD,ATR_mid_33_67,mid,h2,252,-0.07227561066644331,0.07856860228432895,-0.22627007114372805
stoch,short,pair,NZD_CHF,ATR_high_67_100,high,full,533,0.005408613603345396,0.04933708457658053,-0.09129207216675245
stoch,short,pair,NZD_CHF,ATR_low_0_33,low,full,641,0.0862479578726913,0.07792639760774293,-0.06648778143848486
stoch,short,pair,NZD_CHF,ATR_mid_33_67,mid,full,529,0.04835964315997347,0.06647589377076064,-0.08193310863071739
stoch,short,pair,NZD_CHF,ATR_high_67_100,high,h1,271,-0.00232152101783421,0.055179362001549916,-0.11047307054087205
stoch,short,pair,NZD_CHF,ATR_low_0_33,low,h1,337,0.03219016351052024,0.09144462899180086,-0.14704130931340945
stoch,short,pair,NZD_CHF,ATR_mid_33_67,mid,h1,294,0.0,0.07098369798911396,-0.13912804805866336
stoch,short,pair,NZD_CHF,ATR_high_67_100,high,h2,262,0.013404287200061706,0.08381907622139652,-0.15088110219387546
stoch,short,pair,NZD_CHF,ATR_low_0_33,low,h2,304,0.1461738680702296,0.12473355452258503,-0.09830389879403703
stoch,short,pair,NZD_CHF,ATR_mid_33_67,mid,h2,235,0.10886064353883389,0.11290701323318669,-0.11243710239821202
stoch,short,pair,NZD_JPY,ATR_high_67_100,high,full,589,-0.04456976360591232,0.043377089931345925,-0.12958885987135033
stoch,short,pair,NZD_JPY,ATR_low_0_33,low,full,766,-0.0557981091318269,0.05343136073471482,-0.16052357617186794
stoch,short,pair,NZD_JPY,ATR_mid_33_67,mid,full,576,-0.10181022431119592,0.03215798845879555,-0.16483988169043517
stoch,short,pair,NZD_JPY,ATR_high_67_100,high,h1,291,-0.03838497547543045,0.06725130573994599,-0.17019753472572458
stoch,short,pair,NZD_JPY,ATR_low_0_33,low,h1,377,-0.12427624911532859,0.07588690974188997,-0.2730145922094329
stoch,short,pair,NZD_JPY,ATR_mid_33_67,mid,h1,279,-0.08468873309631633,0.033238868737837865,-0.14983691582247854
stoch,short,pair,NZD_JPY,ATR_high_67_100,high,h2,298,-0.05060927147829562,0.05890383376997676,-0.16606078566745008
stoch,short,pair,NZD_JPY,ATR_low_0_33,low,h2,389,0.010567594656810965,0.07047436915557007,-0.12756216888810637
stoch,short,pair,NZD_JPY,ATR_mid_33_67,mid,h2,297,-0.11789404939184038,0.059346069950755906,-0.23421234649532197
stoch,short,pair,NZD_USD,ATR_high_67_100,high,full,594,0.0,0.04112249373863356,-0.08060008772772177
stoch,short,pair,NZD_USD,ATR_low_0_33,low,full,631,-0.004754358161648178,0.07706421422674047,-0.15580021804605948
stoch,short,pair,NZD_USD,ATR_mid_33_67,mid,full,525,0.03238095238095238,0.0441423719847983,-0.054138096709252286
stoch,short,pair,NZD_USD,ATR_high_67_100,high,h1,302,0.039735099337748346,0.04682653184512262,-0.052044903078691994
stoch,short,pair,NZD_USD,ATR_low_0_33,low,h1,344,-0.1511627906976744,0.08021395705440527,-0.30838214652430873
stoch,short,pair,NZD_USD,ATR_mid_33_67,mid,h1,277,-0.018050541516245487,0.06738307824772792,-0.15012137488179222
stoch,short,pair,NZD_USD,ATR_high_67_100,high,h2,292,-0.0410958904109589,0.0662503085055349,-0.17094649508180731
stoch,short,pair,NZD_USD,ATR_low_0_33,low,h2,287,0.17073170731707318,0.10554996200108012,-0.03614621820504385
stoch,short,pair,NZD_USD,ATR_mid_33_67,mid,h2,248,0.08870967741935484,0.038436450435458486,0.013374234565856208
stoch,short,pair,USD_CAD,ATR_high_67_100,high,full,557,-0.032703246956640696,0.08134388910120129,-0.19213726959499522
stoch,short,pair,USD_CAD,ATR_low_0_33,low,full,688,-0.027705762888790845,0.0710927207418446,-0.16704749554280626
stoch,short,pair,USD_CAD,ATR_mid_33_67,mid,full,500,-0.03624596413802966,0.03313280536644868,-0.10118626265626907
stoch,short,pair,USD_CAD,ATR_high_67_100,high,h1,270,0.0284306660846269,0.12600062263704667,-0.21853055428398457
stoch,short,pair,USD_CAD,ATR_low_0_33,low,h1,329,0.12528428298755467,0.09514086612991933,-0.0611918146270872
stoch,short,pair,USD_CAD,ATR_mid_33_67,mid,h1,240,0.005210030712145272,0.03931943026076219,-0.07185605259894862
stoch,short,pair,USD_CAD,ATR_high_67_100,high,h2,287,-0.09021598744842553,0.09577932003113257,-0.27794345470944537
stoch,short,pair,USD_CAD,ATR_low_0_33,low,h2,359,-0.16791112526572033,0.12371568375439135,-0.4103938654243274
stoch,short,pair,USD_CAD,ATR_mid_33_67,mid,h2,260,-0.07451303630742191,0.056218947021261546,-0.18470217246909454
stoch,short,pair,USD_JPY,ATR_high_67_100,high,full,568,-0.0707446418939245,0.06383009802624767,-0.19585163402536993
stoch,short,pair,USD_JPY,ATR_low_0_33,low,full,839,-0.09887274067745903,0.06479474832547047,-0.22587044739538115
stoch,short,pair,USD_JPY,ATR_mid_33_67,mid,full,548,-0.04915653819400545,0.05443156791436617,-0.15584241130616316
stoch,short,pair,USD_JPY,ATR_high_67_100,high,h1,266,-0.018976964839086567,0.09552036180103071,-0.20619687396910674
stoch,short,pair,USD_JPY,ATR_low_0_33,low,h1,387,0.02178166857112575,0.06352861783514621,-0.10273442238576082
stoch,short,pair,USD_JPY,ATR_mid_33_67,mid,h1,255,0.05223362547785713,0.04912321553412274,-0.04404787696902344
stoch,short,pair,USD_JPY,ATR_high_67_100,high,h2,302,-0.11634133757798706,0.06831295417360442,-0.25023472775825173
stoch,short,pair,USD_JPY,ATR_low_0_33,low,h2,452,-0.20217640523321637,0.08373834917099757,-0.3663035696083716
stoch,short,pair,USD_JPY,ATR_mid_33_67,mid,h2,293,-0.13739712432480736,0.05397436940440456,-0.2431868883574403
stoch,short,pair,USD_SGD,ATR_high_67_100,high,full,566,0.006591543950762555,0.07590760828045663,-0.14218736827893244
stoch,short,pair,USD_SGD,ATR_low_0_33,low,full,687,0.042374476527375415,0.06591756420646377,-0.08682394931729359
stoch,short,pair,USD_SGD,ATR_mid_33_67,mid,full,493,0.06302122217291616,0.07010670963667982,-0.0743879287149763
stoch,short,pair,USD_SGD,ATR_high_67_100,high,h1,276,-0.10761143040113774,0.09972638751461577,-0.3030751499297847
stoch,short,pair,USD_SGD,ATR_low_0_33,low,h1,342,0.1970541015527688,0.07617843175268492,0.04774437531750636
stoch,short,pair,USD_SGD,ATR_mid_33_67,mid,h1,235,0.22201816364622243,0.06634455367991766,0.09198283843358382
stoch,short,pair,USD_SGD,ATR_high_67_100,high,h2,290,0.1152812712649849,0.06610081770643514,-0.014276331439627962
stoch,short,pair,USD_SGD,ATR_low_0_33,low,h2,345,-0.11096010828040585,0.06743677683828915,-0.24313619088345256
stoch,short,pair,USD_SGD,ATR_mid_33_67,mid,h2,258,-0.08180157335509537,0.10258610614553575,-0.28287034140034545
stoch,short,pooled,POOLED,ATR_high_67_100,high,full,9609,-0.019860894213408063,0.015582115415600707,-0.05040184042798545
stoch,short,pooled,POOLED,ATR_low_0_33,low,full,11612,0.0052111170242869495,0.017503858789887725,-0.02909644620389299
stoch,short,pooled,POOLED,ATR_mid_33_67,mid,full,8690,-0.011866369161491645,0.016669304447893968,-0.044538205879363815
stoch,short,pooled,POOLED,ATR_high_67_100,high,h1,4753,-0.011992520569417534,0.021358390561669764,-0.05385496607029027
stoch,short,pooled,POOLED,ATR_low_0_33,low,h1,5897,0.009204987441414058,0.02559121985319482,-0.04095380347084779
stoch,short,pooled,POOLED,ATR_mid_33_67,mid,h1,4305,0.005756400124417853,0.023755465671712526,-0.040804312592138695
stoch,short,pooled,POOLED,ATR_high_67_100,high,h2,4856,-0.02756237278216568,0.022703862711357766,-0.0720619436964269
stoch,short,pooled,POOLED,ATR_low_0_33,low,h2,5715,0.0010900577329836078,0.02579369550660853,-0.04946558545996911
stoch,short,pooled,POOLED,ATR_mid_33_67,mid,h2,4385,-0.02916762840341647,0.02428769928536404,-0.07677151900273
