tr_n,tr_mean_r,tr_se_r,tr_ci_low_r,tr_ci_high_r,te_n,te_mean_r,te_se_r,te_ci_low_r,te_ci_high_r,pair,period,threshold,recovery,direction,total_n
67.0,-0.029212930135917525,0.11775217239932358,-0.26000718803859174,0.2015813277667567,29.0,-0.013875942020057673,0.1862130510668725,-0.3788535221111277,0.3511016380710124,EUR_USD,7,20,1,long,96
32.0,-0.14952925128434957,0.17485813547871823,-0.4922511968226373,0.19319269425393815,14.0,-0.42857142857142855,0.25058800551629407,-0.9197239193833648,0.0625810622405078,EUR_USD,7,20,2,long,46
14.0,0.14285714285714285,0.2745054065230065,-0.39517345392794984,0.6808877396422355,7.0,0.14285714285714285,0.40406101782088427,-0.6491024520717903,0.9348167377860761,EUR_USD,7,20,3,long,21
6.0,0.6666666666666666,0.33333333333333337,0.013333333333333197,1.32,3.0,0.3333333333333333,0.6666666666666667,-0.9733333333333336,1.6400000000000001,EUR_USD,7,20,4,long,9
128.0,0.05916286526798752,0.08423557863988129,-0.10593886886617979,0.22426459940215485,55.0,0.04786728577874487,0.1336324165942777,-0.2140522507460394,0.30978682230352916,EUR_USD,7,25,1,long,183
63.0,-0.02003965759746009,0.12288547722081287,-0.2608951929502533,0.22081587775533312,28.0,-0.35714285714285715,0.17975796274454164,-0.7094684641221587,-0.004817250163555553,EUR_USD,7,25,2,long,91
28.0,0.1391960173669324,0.18591291989122224,-0.2251933056198632,0.503585340353728,13.0,0.2989004189698533,0.26374550985302314,-0.21804078034207208,0.8158416182817787,EUR_USD,7,25,3,long,41
21.0,0.13198453893602352,0.21443037001939105,-0.2882989863019829,0.55226806417403,10.0,0.4,0.30550504633038933,-0.19878989080756304,0.9987898908075631,EUR_USD,7,25,4,long,31
200.0,0.12464800475681778,0.06674203896676906,-0.006166391618049577,0.25546240113168517,86.0,0.1098875931104466,0.10572353427608361,-0.09733053407067727,0.31710572029157047,EUR_USD,7,30,1,long,286
100.0,0.06554904607106782,0.09694768051412556,-0.12446840773661827,0.2555664998787539,43.0,-0.1809377346873828,0.1489786892190339,-0.47293596555668926,0.11106049618192362,EUR_USD,7,30,2,long,143
54.0,0.19368451488329191,0.1292923216654985,-0.05972843558108515,0.447097465347669,24.0,0.20357106027533722,0.1997211598186443,-0.1878824129692056,0.59502453351988,EUR_USD,7,30,3,long,78
32.0,0.2828971172189625,0.1655744329321746,-0.04162877132809972,0.6074230057660247,14.0,0.2857142857142857,0.26578871697687523,-0.23523159956038975,0.8066601709889611,EUR_USD,7,30,4,long,46
287.0,0.07394440148654893,0.056140972781213605,-0.036091905164629734,0.1839807081377276,124.0,0.08989471855415644,0.08745551496327178,-0.08151809077385623,0.2613075278821691,EUR_USD,7,35,1,long,411
148.0,0.10394980542947023,0.07936205295666002,-0.0515998183655834,0.25949942922452385,64.0,-0.19969254049308532,0.12192564217668192,-0.4386667991593819,0.039281718173211244,EUR_USD,7,35,2,long,212
77.0,0.17479173771036055,0.10977191553445652,-0.040361216737174216,0.3899446921578953,34.0,0.026050160194355687,0.17147257378847844,-0.31003608443106206,0.36213640481977344,EUR_USD,7,35,3,long,111
42.0,0.22730347466390546,0.1462710073246986,-0.05938769969250382,0.5139946490203148,18.0,0.4444444444444444,0.2172649691319564,0.018605104945809914,0.8702837839430789,EUR_USD,7,35,4,long,60
71.0,-0.2545229243816783,0.1067201161411294,-0.4636943520182919,-0.04535149674506467,31.0,0.02684099970106254,0.17140212663038723,-0.30910716849449643,0.36278916789662147,EUR_USD,7,20,1,short,102
45.0,-0.007611867170418551,0.14287804993699532,-0.2876528450469294,0.27242911070609227,20.0,-0.012769145866576426,0.21610985603766908,-0.4363444637004078,0.410806171967255,EUR_USD,7,20,2,short,65
13.0,-0.38461538461538464,0.2664693550105965,-0.9068953204361538,0.1376645512053845,6.0,0.4979143074696035,0.3324075737972522,-0.1536045371730108,1.1494331521122179,EUR_USD,7,20,3,short,19
5.0,-0.12438462705296915,0.4641891160368867,-1.034195294485267,0.7854260403793287,3.0,-0.3333333333333333,0.6666666666666667,-1.6400000000000001,0.9733333333333336,EUR_USD,7,20,4,short,8
122.0,0.021245000071189044,0.08592614926473738,-0.14717025248769622,0.1896602526300743,53.0,0.05188755222324591,0.132486036845399,-0.20778507999373613,0.311560184440228,EUR_USD,7,25,1,short,175
77.0,0.06395632508063281,0.10966313151778546,-0.1509834126942267,0.2788960628554923,33.0,0.022564154020256404,0.17059881700621668,-0.3118095273119283,0.3569378353524411,EUR_USD,7,25,2,short,110
24.0,-0.25,0.2018932132718121,-0.6457106980127516,0.14571069801275166,11.0,0.5443168949834202,0.24389390568297542,0.06628483984478833,1.022348950122052,EUR_USD,7,25,3,short,35
13.0,-0.20168639502037275,0.27570401912248604,-0.7420662725004454,0.3386934824596999,6.0,-0.6666666666666666,0.33333333333333337,-1.32,-0.013333333333333197,EUR_USD,7,25,4,short,19
186.0,0.005743809573569211,0.06971335645011852,-0.13089436906866309,0.1423819882158015,81.0,-0.015001472551219011,0.10860423743015192,-0.22786577791431675,0.19786283281187875,EUR_USD,7,30,1,short,267
108.0,0.05485775028896949,0.09365751607929698,-0.12871098122645258,0.23842648180439158,47.0,-0.04421572645174685,0.14215551623072742,-0.32284053826397263,0.2344090853604789,EUR_USD,7,30,2,short,155
46.0,-0.1313852992164609,0.1459924471560715,-0.417530495642361,0.1547598972094392,21.0,0.18988027832464865,0.21294539249144712,-0.2274926909585877,0.607253247607885,EUR_USD,7,30,3,short,67
21.0,-0.1248534826316593,0.2185418786909716,-0.5531955648659637,0.30348859960264507,10.0,-0.4,0.30550504633038933,-0.9987898908075631,0.19878989080756304,EUR_USD,7,30,4,short,31
272.0,0.03454117998207566,0.05794518754698554,-0.079031387610016,0.14811374757416734,117.0,-0.025554628953765576,0.08906582623956456,-0.2001236483833121,0.14901439047578097,EUR_USD,7,35,1,short,389
152.0,0.04671882215724169,0.07896302829195172,-0.10804871329498367,0.20148635760946704,66.0,-0.013598107165099106,0.11961383445559542,-0.24804122269806614,0.22084500836786794,EUR_USD,7,35,2,short,218
65.0,-0.11665059054669331,0.1214096553225495,-0.3546135149788903,0.1213123338855037,29.0,0.029734423917758265,0.1816467766077113,-0.32629325823335587,0.3857621060688724,EUR_USD,7,35,3,short,94
32.0,0.08413747579591367,0.17571974839588056,-0.2602732310600122,0.4285481826518396,15.0,-0.4211047105021897,0.23340420001835546,-0.8785769425381664,0.03636752153378697,EUR_USD,7,35,4,short,47
5.0,0.6,0.4,-0.18400000000000005,1.384,3.0,0.3333333333333333,0.6666666666666667,-0.9733333333333336,1.6400000000000001,EUR_USD,14,20,1,long,8
0.0,,,,,1.0,1.0,,,,EUR_USD,14,20,2,long,1
1.0,-1.0,,,,1.0,1.0,,,,EUR_USD,14,20,3,long,2
,,,,,,,,,,EUR_USD,14,20,4,long,0
25.0,0.12661654892809182,0.19333052421295865,-0.2523112785293071,0.5055443763854908,11.0,-0.40021839259833386,0.27633979818144794,-0.9418443970339718,0.14140761183730405,EUR_USD,14,25,1,long,36
10.0,-0.07849360410991865,0.3159578039259962,-0.6977708998048713,0.5407836915850339,5.0,-0.2,0.48989794855663565,-1.1601999791710058,0.7601999791710059,EUR_USD,14,25,2,long,15
6.0,0.3333333333333333,0.421637021355784,-0.4930752285240034,1.15974189519067,3.0,0.3333333333333333,0.6666666666666667,-0.9733333333333336,1.6400000000000001,EUR_USD,14,25,3,long,9
2.0,0.0,1.0,-1.96,1.96,1.0,1.0,,,,EUR_USD,14,25,4,long,3
77.0,0.13353179994725703,0.10669048208355143,-0.07558154493650376,0.3426451448310178,33.0,0.10901811155813114,0.1734501836629578,-0.23094424842126615,0.4489804715375284,EUR_USD,14,30,1,long,110
43.0,0.0002573652013391421,0.1506080818813471,-0.2949344752861012,0.29544920568877947,19.0,-0.3684210526315789,0.21912273678590868,-0.7979016167319599,0.061059511468802063,EUR_USD,14,30,2,long,62
16.0,0.125,0.25617376914899,-0.37710058753202036,0.6271005875320204,8.0,0.36071318082601167,0.32656631503204514,-0.2793567966367968,1.00078315828882,EUR_USD,14,30,3,long,24
10.0,0.1281032433350306,0.31472871597024726,-0.48876503996665405,0.7449715266367152,5.0,0.6,0.4,-0.18400000000000005,1.384,EUR_USD,14,30,4,long,15
175.0,0.19067028292414281,0.07043982331958401,0.05260822921775815,0.3287323366305275,75.0,0.027921630279405002,0.1141366706371319,-0.1957862441693735,0.2516295047281835,EUR_USD,14,35,1,long,250
81.0,0.015408333769108449,0.1085089119120451,-0.19726913357849996,0.22808580111671684,36.0,-0.1111111111111111,0.16798421022632326,-0.44036016315470466,0.21813794093248245,EUR_USD,14,35,2,long,117
40.0,0.2233143088623372,0.14892029330599302,-0.06856946601740913,0.5151980837420835,18.0,0.1603169692560052,0.2325648106559873,-0.2955100596297299,0.6161439981417403,EUR_USD,14,35,3,long,58
25.0,0.242108310040272,0.18837528048687976,-0.12710723971401233,0.6113238597945563,11.0,0.6363636363636364,0.2439346884545225,0.15825164699277222,1.1144756257345005,EUR_USD,14,35,4,long,36
10.0,0.0,0.3333333333333333,-0.6533333333333333,0.6533333333333333,5.0,-0.2,0.48989794855663565,-1.1601999791710058,0.7601999791710059,EUR_USD,14,20,1,short,15
7.0,0.7142857142857143,0.28571428571428575,0.15428571428571425,1.2742857142857145,4.0,0.4527515804513741,0.4862951161249388,-0.500386847153506,1.4058900080562542,EUR_USD,14,20,2,short,11
1.0,0.09701149425287643,,,,1.0,0.8904743505647449,,,,EUR_USD,14,20,3,short,2
1.0,-1.0,,,,1.0,1.0,,,,EUR_USD,14,20,4,short,2
32.0,-0.33439586127631826,0.1659675068861926,-0.6596921747732558,-0.009099547779380768,14.0,0.0,0.2773500981126146,-0.5436061923007246,0.5436061923007246,EUR_USD,14,25,1,short,46
24.0,0.029933919799395636,0.20438040727121654,-0.37065167845218877,0.43051951805098004,11.0,0.07372784743686331,0.31039472675411917,-0.5346458170012102,0.6821015118749368,EUR_USD,14,25,2,short,35
7.0,-0.14285714285714285,0.40406101782088427,-0.9348167377860761,0.6491024520717903,4.0,0.24687146120440534,0.461751531815009,-0.6581615411530122,1.151904463561823,EUR_USD,14,25,3,short,11
2.0,-0.8109615676324229,0.18903843236757711,-1.181476895072874,-0.44044624019197176,2.0,0.0,1.0,-1.96,1.96,EUR_USD,14,25,4,short,4
77.0,-0.18123169199287856,0.10924787028147899,-0.3953575177445774,0.03289413375882025,33.0,0.1633000851422439,0.16648126451646666,-0.16300319331003074,0.4896033635945185,EUR_USD,14,30,1,short,110
53.0,-0.021933592856721754,0.1337879164709622,-0.28415790913980765,0.24029072342636415,23.0,0.03526114442632593,0.21147484289110952,-0.3792295476402487,0.44975183649290057,EUR_USD,14,30,2,short,76
19.0,-0.2631578947368421,0.22739441047045122,-0.7088509392589265,0.18253514978524232,9.0,0.4430539827575135,0.2895322932069166,-0.12442931192804296,1.01053727744307,EUR_USD,14,30,3,short,28
7.0,-0.37456044789497794,0.3587252457790028,-1.0776619296218233,0.32854103383186745,4.0,0.0,0.5773502691896257,-1.1316065276116665,1.1316065276116665,EUR_USD,14,30,4,short,11
130.0,-0.02440530033116638,0.08267745950958977,-0.18645312096996233,0.13764252030762955,56.0,0.1304004960904938,0.1272465807267511,-0.11900280213393835,0.37980379431492595,EUR_USD,14,35,1,short,186
86.0,0.06889112826986867,0.10414328554525333,-0.13522971139882783,0.2730119679385652,38.0,0.0034508652384087333,0.15439169371496397,-0.29915685444292067,0.3060585849197381,EUR_USD,14,35,2,short,124
35.0,-0.08696353611306284,0.16815588593746914,-0.41654907255050233,0.24262200032437664,15.0,0.19081988624099935,0.2417381925735397,-0.2829869712031384,0.6646267436851372,EUR_USD,14,35,3,short,50
18.0,-0.09010684084804699,0.23736462957594884,-0.5553415148169067,0.3751278331208127,8.0,-0.5,0.32732683535398854,-1.1415605972938176,0.14156059729381754,EUR_USD,14,35,4,short,26
0.0,,,,,1.0,1.0,,,,EUR_USD,21,20,1,long,1
,,,,,,,,,,EUR_USD,21,20,2,long,0
0.0,,,,,1.0,-1.0,,,,EUR_USD,21,20,3,long,1
,,,,,,,,,,EUR_USD,21,20,4,long,0
4.0,0.5,0.5,-0.48,1.48,2.0,0.0,1.0,-1.96,1.96,EUR_USD,21,25,1,long,6
0.0,,,,,1.0,1.0,,,,EUR_USD,21,25,2,long,1
1.0,-1.0,,,,1.0,1.0,,,,EUR_USD,21,25,3,long,2
,,,,,,,,,,EUR_USD,21,25,4,long,0
25.0,0.10996312231100173,0.20107552780787966,-0.28414491219244237,0.5040711568144458,12.0,0.0,0.30151134457776363,-0.5909622353724167,0.5909622353724167,EUR_USD,21,30,1,long,37
14.0,0.08679028277862955,0.26665198088737163,-0.4358475997606188,0.6094281653178779,7.0,-0.42857142857142855,0.36885555678165877,-1.1515283198634798,0.29438546272062266,EUR_USD,21,30,2,long,21
7.0,0.42857142857142855,0.36885555678165877,-0.29438546272062266,1.1515283198634798,4.0,0.5,0.5,-0.48,1.48,EUR_USD,21,30,3,long,11
2.0,0.0,1.0,-1.96,1.96,2.0,0.0,1.0,-1.96,1.96,EUR_USD,21,30,4,long,4
93.0,0.1910640421922943,0.0960352277398848,0.002834995822120129,0.37929308856246846,41.0,-0.009814690697114246,0.15648185855209867,-0.31651913345922766,0.2968897520649991,EUR_USD,21,35,1,long,134
51.0,0.10055579989747893,0.13591615416655986,-0.1658398622689784,0.36695146206393625,22.0,-0.18181818181818182,0.2145806706734845,-0.6023962963382115,0.23875993270184775,EUR_USD,21,35,2,long,73
23.0,0.16098392006692458,0.20609470990857454,-0.2429617113538815,0.5649295514877306,10.0,0.08857054466080931,0.3150769893766695,-0.528980354517463,0.7061214438390815,EUR_USD,21,35,3,long,33
12.0,-0.0599139638874745,0.28914585592441006,-0.6266398414993182,0.5068119137243692,6.0,0.6666666666666666,0.33333333333333337,0.013333333333333197,1.32,EUR_USD,21,35,4,long,18
0.0,,,,,1.0,-1.0,,,,EUR_USD,21,20,1,short,1
1.0,1.0,,,,1.0,-1.0,,,,EUR_USD,21,20,2,short,2
,,,,,,,,,,EUR_USD,21,20,3,short,0
0.0,,,,,1.0,-0.6219231352648458,,,,EUR_USD,21,20,4,short,1
9.0,0.1111111111111111,0.35136418446315326,-0.5775626904366693,0.7997849126588914,4.0,0.0,0.5773502691896257,-1.1316065276116665,1.1316065276116665,EUR_USD,21,25,1,short,13
9.0,0.3333333333333333,0.3333333333333333,-0.32,0.9866666666666666,4.0,0.4527515804513741,0.4862951161249388,-0.500386847153506,1.4058900080562542,EUR_USD,21,25,2,short,13
2.0,0.4937429224088107,0.39673142815593426,-0.2838506767768204,1.2713365215944417,1.0,1.0,,,,EUR_USD,21,25,3,short,3
1.0,-0.6219231352648458,,,,1.0,-1.0,,,,EUR_USD,21,25,4,short,2
35.0,-0.33430478745263387,0.15875439886326698,-0.6454634092246372,-0.023146165680630604,15.0,0.06666666666666667,0.2666666666666666,-0.45599999999999985,0.5893333333333332,EUR_USD,21,30,1,short,50
23.0,0.21739130434782608,0.20810192223064325,-0.19048846322423466,0.6252710719198868,11.0,0.07372784743686331,0.31039472675411917,-0.5346458170012102,0.6821015118749368,EUR_USD,21,30,2,short,34
9.0,-0.3333333333333333,0.3333333333333333,-0.9866666666666666,0.32,5.0,0.3974971689635243,0.3880937903626388,-0.3631666601472477,1.1581609980742964,EUR_USD,21,30,3,short,14
4.0,-0.9054807838162114,0.09451921618378856,-1.090738447536437,-0.7202231200959859,2.0,0.0,1.0,-1.96,1.96,EUR_USD,21,30,4,short,6
86.0,-0.2349011400860469,0.10056971443296557,-0.43201778037465943,-0.037784499797434395,37.0,0.1335483871062073,0.1569064366463756,-0.17398822872068886,0.4410850029331035,EUR_USD,21,35,1,short,123
61.0,0.0208526191393712,0.12549311733439572,-0.2251138908360444,0.26681912911478683,27.0,-0.08803446320738922,0.18827031876615127,-0.4570442879890457,0.2809753615742673,EUR_USD,21,35,2,short,88
21.0,-0.18585659551176778,0.2142762740127881,-0.6058380925768324,0.23412490155329688,9.0,0.19614297770690156,0.32193787967591764,-0.43485526645789696,0.8271412218717001,EUR_USD,21,35,3,short,30
10.0,-0.16219231352648458,0.31839397189483,-0.7862444984403513,0.46185987138738216,5.0,-0.2,0.48989794855663565,-1.1601999791710058,0.7601999791710059,EUR_USD,21,35,4,short,15
,,,,,,,,,,EUR_USD,28,20,1,long,0
,,,,,,,,,,EUR_USD,28,20,2,long,0
,,,,,,,,,,EUR_USD,28,20,3,long,0
,,,,,,,,,,EUR_USD,28,20,4,long,0
0.0,,,,,1.0,1.0,,,,EUR_USD,28,25,1,long,1
,,,,,,,,,,EUR_USD,28,25,2,long,0
0.0,,,,,1.0,-1.0,,,,EUR_USD,28,25,3,long,1
,,,,,,,,,,EUR_USD,28,25,4,long,0
12.0,0.3333333333333333,0.28426762180748055,-0.2238312054093286,0.8904978720759953,6.0,0.0,0.4472135954999579,-0.8765386471799175,0.8765386471799175,EUR_USD,28,30,1,long,18
4.0,0.5,0.5,-0.48,1.48,3.0,0.3333333333333333,0.6666666666666667,-0.9733333333333336,1.6400000000000001,EUR_USD,28,30,2,long,7
5.0,0.6,0.4,-0.18400000000000005,1.384,3.0,0.3333333333333333,0.6666666666666667,-0.9733333333333336,1.6400000000000001,EUR_USD,28,30,3,long,8
0.0,,,,,1.0,1.0,,,,EUR_USD,28,30,4,long,1
49.0,0.11834964823636379,0.14117657035366366,-0.15835642965681695,0.39505572612954454,22.0,0.18181818181818132,0.21458067067348435,-0.23875993270184798,0.6023962963382106,EUR_USD,28,35,1,long,71
27.0,0.007965331811141245,0.19261485806629408,-0.3695597899987952,0.38549045362107764,12.0,-0.1666666666666676,0.29729419500528126,-0.7493632888770189,0.4160299555436836,EUR_USD,28,35,2,long,39
13.0,0.38461538461538464,0.2664693550105965,-0.1376645512053845,0.9068953204361538,6.0,0.6666666666666666,0.33333333333333337,0.013333333333333197,1.32,EUR_USD,28,35,3,long,19
7.0,-0.24556679523567057,0.36699740079975424,-0.9648817008031889,0.4737481103318477,4.0,1.0,0.0,1.0,1.0,EUR_USD,28,35,4,long,11
,,,,,,,,,,EUR_USD,28,20,1,short,0
,,,,,,,,,,EUR_USD,28,20,2,short,0
,,,,,,,,,,EUR_USD,28,20,3,short,0
,,,,,,,,,,EUR_USD,28,20,4,short,0
0.0,,,,,1.0,-1.0,,,,EUR_USD,28,25,1,short,1
0.0,,,,,1.0,-1.0,,,,EUR_USD,28,25,2,short,1
,,,,,,,,,,EUR_USD,28,25,3,short,0
,,,,,,,,,,EUR_USD,28,25,4,short,0
16.0,-0.5,0.22360679774997896,-0.9382693235899587,-0.06173067641004126,8.0,0.0,0.3779644730092272,-0.7408103670980853,0.7408103670980853,EUR_USD,28,30,1,short,24
10.0,0.2,0.32659863237109044,-0.4401333194473372,0.8401333194473373,5.0,-0.23779873563890072,0.46770664206589907,-1.154503754088063,0.6789062828102614,EUR_USD,28,30,2,short,15
5.0,-0.3805977011494247,0.4052862062429488,-1.1749586653856043,0.41376326308675493,3.0,0.9634914501882483,0.03650854981175171,0.891934692557215,1.0350482078192818,EUR_USD,28,30,3,short,8
1.0,-1.0,,,,1.0,-1.0,,,,EUR_USD,28,30,4,short,2
58.0,-0.26575247345927877,0.12528163015456406,-0.5113044685622243,-0.020200478356333207,25.0,0.12,0.20264912204760885,-0.27719227921331335,0.5171922792133133,EUR_USD,28,35,1,short,83
38.0,0.024269031862342947,0.16096384372230388,-0.2912201018333726,0.33975816555805854,17.0,0.16535331304738213,0.2439934458927246,-0.31287384090235804,0.6435804669971223,EUR_USD,28,35,2,short,55
14.0,-0.20735632183908023,0.2610993054641661,-0.7191109605488458,0.3043983168706853,6.0,0.12754779989368567,0.39627456157078345,-0.6491503407850499,0.9042459405724212,EUR_USD,28,35,3,short,20
6.0,0.0,0.4472135954999579,-0.8765386471799175,0.8765386471799175,3.0,-0.3333333333333333,0.6666666666666667,-1.6400000000000001,0.9733333333333336,EUR_USD,28,35,4,short,9
56.0,-0.03571428571428571,0.13475395017289296,-0.2998320280531559,0.2284034566245845,25.0,0.09361395390929056,0.19956931974040754,-0.2975419127819082,0.48476982060048934,GBP_USD,7,20,1,long,81
37.0,0.08108108108108109,0.16611791814942145,-0.24451003849178493,0.4066722006539471,16.0,0.25,0.25,-0.24,0.74,GBP_USD,7,20,2,long,53
21.0,-0.11857983159651737,0.21791756993187147,-0.5456982686629854,0.3085386054699507,10.0,-0.010359977324264635,0.33002457947568153,-0.6572081530966004,0.6364881984480711,GBP_USD,7,20,3,long,31
8.0,0.0,0.3779644730092272,-0.7408103670980853,0.7408103670980853,4.0,0.5,0.5,-0.48,1.48,GBP_USD,7,20,4,long,12
118.0,-0.06111503451082049,0.0919015512237011,-0.24124207490927463,0.11901200588763367,51.0,0.03952733249078769,0.1393155757829772,-0.23353119604384762,0.31258586102542296,GBP_USD,7,25,1,long,169
60.0,0.0,0.13018891098082386,-0.25517026552241473,0.25517026552241473,26.0,0.0313603058137947,0.19614954579511817,-0.35309280394463693,0.4158134155722263,GBP_USD,7,25,2,long,86
38.0,-0.09184674904018066,0.1620453188188363,-0.4094555739250998,0.2257620758447385,17.0,-0.10892056597771577,0.23998567298423468,-0.5792924850268157,0.3614513530713842,GBP_USD,7,25,3,long,55
17.0,-0.058823529411764705,0.2495670992423109,-0.547975043926694,0.43032798510316467,8.0,-0.25,0.3659625273556999,-0.9672865536171718,0.46728655361717175,GBP_USD,7,25,4,long,25
188.0,0.007384339596996718,0.07218092010098753,-0.13409026380093883,0.14885894299493227,81.0,0.041857181850100685,0.11011397235228663,-0.17396620396038112,0.2576805676605825,GBP_USD,7,30,1,long,269
102.0,-0.09803921568627451,0.09902436504792521,-0.2921269711802079,0.09604853980765889,45.0,0.08478595447019249,0.14858014770810504,-0.2064311350376934,0.3760030439780784,GBP_USD,7,30,2,long,147
58.0,-0.09465821488839422,0.1309842015636496,-0.3513872499531474,0.162070820176359,25.0,-0.0740659848648467,0.19887126486156284,-0.4638536639935098,0.31572169426381647,GBP_USD,7,30,3,long,83
29.0,-0.10344827586206896,0.1879683155501371,-0.4718661743403377,0.2649696226161998,13.0,-0.07692307692307693,0.2878197989826109,-0.6410498829289943,0.48720372908284043,GBP_USD,7,30,4,long,42
262.0,-0.038686001032645634,0.061192566068700854,-0.15862343052729933,0.08125142846200804,113.0,-0.005394409470281801,0.09352842074969821,-0.1887101141396903,0.1779212951991267,GBP_USD,7,35,1,long,375
154.0,-0.05194805194805195,0.0807360502084425,-0.21019071035659925,0.10629460646049536,66.0,0.06350920273598633,0.12205451747128356,-0.17571765150772944,0.3027360569797021,GBP_USD,7,35,2,long,220
79.0,-0.10747058814590968,0.11202296437974449,-0.3270355983302089,0.11209442203838951,35.0,-0.11004713204631907,0.1676409459693068,-0.43862338614616037,0.21852912205352226,GBP_USD,7,35,3,long,114
42.0,0.036052924088880375,0.15469769879978745,-0.26715456555870304,0.3392604137364638,18.0,-0.2222222222222222,0.23647127470752347,-0.6857059206489682,0.24126147620452376,GBP_USD,7,35,4,long,60
53.0,0.06857166713863044,0.13524730831665002,-0.19651305716200357,0.33365639143926445,24.0,-0.16865522446090828,0.19373249513832072,-0.5483709149320168,0.21106046601020031,GBP_USD,7,20,1,short,77
37.0,0.2972972972972973,0.15913082642032159,-0.014599122486533,0.6091937170811277,16.0,0.2123598220832998,0.24526060670627647,-0.2683509670610021,0.6930706112276017,GBP_USD,7,20,2,short,53
28.0,-0.36596089982758,0.17243078181396207,-0.7039252321829457,-0.02799656747221435,13.0,0.07692307692307693,0.2878197989826109,-0.48720372908284043,0.6410498829289943,GBP_USD,7,20,3,short,41
12.0,-0.16666666666666666,0.2972941950052816,-0.7493632888770185,0.41602995554368527,6.0,0.6037772570410502,0.32662047446144715,-0.03639887290338617,1.2439533869854866,GBP_USD,7,20,4,short,18
105.0,0.08703076496313869,0.09593585477286286,-0.10100351039167252,0.27506504031794987,45.0,-0.15661611971248443,0.14441924976273346,-0.439677849247442,0.12644560982247313,GBP_USD,7,25,1,short,150
67.0,-0.13432835820895522,0.1219758975310216,-0.37340111736975756,0.10474440095184712,30.0,0.11325857177775989,0.18185944310554494,-0.2431859367091082,0.469703080264628,GBP_USD,7,25,2,short,97
44.0,-0.09652057261755093,0.14866873667980754,-0.3879112965099737,0.19487015127487184,19.0,0.15789473684210525,0.23274559932318592,-0.29828663783133913,0.6140761115155496,GBP_USD,7,25,3,short,63
16.0,-0.25,0.25,-0.74,0.24,8.0,0.2028329427807877,0.35502968350310904,-0.4930252368853061,0.8986911224468814,GBP_USD,7,25,4,short,24
172.0,0.05949083033896867,0.07501698548595999,-0.0875424612135129,0.20652412189145025,75.0,-0.08748411926003241,0.11232780677148632,-0.3076466205321456,0.13267838201208076,GBP_USD,7,30,1,short,247
105.0,-0.09212667754782265,0.09645993642209999,-0.2811881529351386,0.09693479783949331,45.0,-0.0175199143734388,0.1442599077041814,-0.3002693334736343,0.2652295047267567,GBP_USD,7,30,2,short,150
62.0,-0.10754954035270488,0.12473720890343798,-0.35203446980344333,0.13693538909803354,28.0,0.14285714285714285,0.1904761904761905,-0.2304761904761905,0.5161904761904762,GBP_USD,7,30,3,short,90
27.0,-0.25925925925925924,0.18941048590991066,-0.6305038116426842,0.11198529312416566,12.0,-0.36477803814614157,0.2723488416100691,-0.898581767701877,0.16902569140959384,GBP_USD,7,30,4,short,39
260.0,0.017816298875458676,0.06108216224579763,-0.10190473912630467,0.13753733687722203,112.0,0.07199802440657098,0.09196805382231736,-0.10825936108517105,0.252255409898313,GBP_USD,7,35,1,short,372
146.0,-0.08991804819458069,0.08156401633772302,-0.2497835202165178,0.06994742382735644,63.0,0.018459940335145773,0.12109777295610265,-0.21889169465881542,0.255811575329107,GBP_USD,7,35,2,short,209
84.0,-0.00795323216509168,0.10815657734672515,-0.21994012376467295,0.20403365943448962,37.0,-0.02702702702702703,0.16660578386402639,-0.35357436340051873,0.2995203093464647,GBP_USD,7,35,3,short,121
34.0,-0.23529411764705882,0.16919028897921254,-0.5669070840463154,0.09631884875219776,15.0,-0.3584890971835799,0.2435842808562146,-0.8359142876617606,0.11893609329460075,GBP_USD,7,35,4,short,49
9.0,-0.5555555555555556,0.2939723678960656,-1.1317413966318441,0.020630285520732983,4.0,-0.5,0.5,-1.48,0.48,GBP_USD,14,20,1,long,13
4.0,-1.0,0.0,-1.0,-1.0,3.0,-0.3333333333333333,0.6666666666666667,-1.6400000000000001,0.9733333333333336,GBP_USD,14,20,2,long,7
4.0,-0.5,0.5,-1.48,0.48,3.0,-0.3333333333333333,0.6666666666666667,-1.6400000000000001,0.9733333333333336,GBP_USD,14,20,3,long,7
0.0,,,,,1.0,1.0,,,,GBP_USD,14,20,4,long,1
27.0,-0.1111111111111111,0.19490178206822872,-0.4931186039648394,0.2708963817426172,12.0,0.0,0.30151134457776363,-0.5909622353724167,0.5909622353724167,GBP_USD,14,25,1,long,39
16.0,-0.25,0.25,-0.74,0.24,8.0,0.25,0.3659625273556999,-0.46728655361717175,0.9672865536171718,GBP_USD,14,25,2,long,24
8.0,-0.25,0.3659625273556999,-0.9672865536171718,0.46728655361717175,4.0,0.0,0.5773502691896257,-1.1316065276116665,1.1316065276116665,GBP_USD,14,25,3,long,12
4.0,-0.5,0.5,-1.48,0.48,3.0,1.0,0.0,1.0,1.0,GBP_USD,14,25,4,long,7
77.0,-0.11688311688311688,0.11392162223650035,-0.34016949646665756,0.10640326270042379,33.0,0.010313601446432244,0.1743829139503815,-0.3314769098963155,0.35210411278917997,GBP_USD,14,30,1,long,110
46.0,-0.043478260869565216,0.14893023279611745,-0.33538151714995545,0.248424995410825,20.0,0.2,0.22478059477960655,-0.2405699657680288,0.6405699657680288,GBP_USD,14,30,2,long,66
20.0,0.025491176823656758,0.22494020821612154,-0.41539163127994144,0.46637398492725496,9.0,-0.3333333333333333,0.3333333333333333,-0.9866666666666666,0.32,GBP_USD,14,30,3,long,29
8.0,0.0,0.3779644730092272,-0.7408103670980853,0.7408103670980853,4.0,0.5,0.5,-0.48,1.48,GBP_USD,14,30,4,long,12
140.0,0.07142857142857142,0.0846022415465612,-0.0943918220026885,0.23724896485983135,61.0,-0.15835493692242192,0.12651938218351808,-0.40633292600211735,0.08962305215727351,GBP_USD,14,35,1,long,201
85.0,0.011764705882352941,0.10910139406465535,-0.20207402648437156,0.22560343824907741,37.0,0.1891891891891892,0.16365677589716174,-0.13157809156924782,0.5099564699476262,GBP_USD,14,35,2,long,122
45.0,0.033551634143847445,0.14939206082525017,-0.2592568050736429,0.32636007336133777,20.0,-0.1051799886621323,0.22700728463984604,-0.5501142665562305,0.33975428923196593,GBP_USD,14,35,3,long,65
20.0,-0.1,0.22826577307580462,-0.547400915228577,0.3474009152285771,9.0,-0.1111111111111111,0.35136418446315326,-0.7997849126588914,0.5775626904366693,GBP_USD,14,35,4,long,29
5.0,0.2,0.48989794855663565,-0.7601999791710059,1.1601999791710058,3.0,-0.3333333333333333,0.6666666666666667,-1.6400000000000001,0.9733333333333336,GBP_USD,14,20,1,short,8
2.0,0.0,1.0,-1.96,1.96,1.0,-1.0,,,,GBP_USD,14,20,2,short,3
2.0,-0.7187138352426573,0.2812861647573427,-1.2700347181670488,-0.16739295231826568,2.0,0.0,1.0,-1.96,1.96,GBP_USD,14,20,3,short,4
,,,,,,,,,,GBP_USD,14,20,4,short,0
19.0,0.15789473684210525,0.23274559932318592,-0.29828663783133913,0.6140761115155496,9.0,-0.22084504472168803,0.3240627687407905,-0.8560080714536373,0.4143179820102613,GBP_USD,14,25,1,short,28
16.0,0.125,0.25617376914899,-0.37710058753202036,0.6271005875320204,7.0,0.42857142857142855,0.36885555678165877,-0.29438546272062266,1.1515283198634798,GBP_USD,14,25,2,short,23
8.0,-1.0,0.0,-1.0,-1.0,4.0,0.14064308237867135,0.5092658981663635,-0.857518078027401,1.1388042427847438,GBP_USD,14,25,3,short,12
2.0,-1.0,0.0,-1.0,-1.0,2.0,0.0,1.0,-1.96,1.96,GBP_USD,14,25,4,short,4
65.0,0.19749773087221179,0.12074880559545632,-0.039169928094882595,0.4341653898393062,29.0,-0.15194046134636496,0.18100173005037104,-0.5067038522450922,0.20282292955236225,GBP_USD,14,30,1,short,94
47.0,0.02127659574468085,0.14740857936756402,-0.26764421981574466,0.3101974113051063,21.0,0.2900960129997565,0.1978326934675468,-0.09765606619663525,0.6778480921961483,GBP_USD,14,30,2,short,68
29.0,-0.24989328259214624,0.17692184984206832,-0.5966601082826002,0.09687354309830767,13.0,-0.07692307692307693,0.2878197989826109,-0.6410498829289943,0.48720372908284043,GBP_USD,14,30,3,short,42
11.0,-0.2727272727272727,0.30424000964875475,-0.869037691638832,0.32358314618428663,5.0,0.5245327084492603,0.3880745466838252,-0.2360934030510371,1.2851588199495576,GBP_USD,14,30,4,short,16
135.0,0.04718325854529346,0.0848074840676949,-0.11903941022738854,0.21340592731797545,59.0,-0.10271751938474079,0.1241938264473083,-0.346137419221465,0.14070238045198347,GBP_USD,14,35,1,short,194
81.0,-0.06779001924102933,0.11103251051131809,-0.2854137398432128,0.1498337013611541,36.0,0.2525560075831913,0.1566233264141921,-0.05442571218862524,0.5595377273550078,GBP_USD,14,35,2,short,117
49.0,-0.11567492860954491,0.13970790175957734,-0.3895024160583165,0.15815255883922663,22.0,0.09090909090909091,0.21731429260625335,-0.33502692259916567,0.5168451044173474,GBP_USD,14,35,3,short,71
18.0,-0.4444444444444444,0.2172649691319564,-0.8702837839430789,-0.018605104945809914,9.0,0.29140706024958907,0.3253939324959514,-0.34636504744247565,0.9291791679416538,GBP_USD,14,35,4,short,27
1.0,1.0,,,,1.0,-1.0,,,,GBP_USD,21,20,1,long,2
1.0,-1.0,,,,1.0,-1.0,,,,GBP_USD,21,20,2,long,2
0.0,,,,,1.0,1.0,,,,GBP_USD,21,20,3,long,1
,,,,,,,,,,GBP_USD,21,20,4,long,0
9.0,-0.3333333333333333,0.3333333333333333,-0.9866666666666666,0.32,4.0,0.0,0.5773502691896257,-1.1316065276116665,1.1316065276116665,GBP_USD,21,25,1,long,13
4.0,-1.0,0.0,-1.0,-1.0,2.0,0.0,1.0,-1.96,1.96,GBP_USD,21,25,2,long,6
4.0,-0.5,0.5,-1.48,0.48,3.0,-0.3333333333333333,0.6666666666666667,-1.6400000000000001,0.9733333333333336,GBP_USD,21,25,3,long,7
0.0,,,,,1.0,1.0,,,,GBP_USD,21,25,4,long,1
29.0,-0.034482758620689655,0.18886984741557453,-0.4046676595552157,0.3357021423138364,13.0,0.07692307692307693,0.28781979898261095,-0.48720372908284054,0.6410498829289943,GBP_USD,21,30,1,long,42
17.0,-0.4117647058823529,0.22782254977690689,-0.8582969034450905,0.034767491680384566,8.0,0.25,0.3659625273556999,-0.46728655361717175,0.9672865536171718,GBP_USD,21,30,2,long,25
8.0,-0.25,0.3659625273556999,-0.9672865536171718,0.46728655361717175,4.0,0.0,0.5773502691896257,-1.1316065276116665,1.1316065276116665,GBP_USD,21,30,3,long,12
4.0,-0.5,0.5,-1.48,0.48,3.0,1.0,0.0,1.0,1.0,GBP_USD,21,30,4,long,7
93.0,-0.010752688172043012,0.10425117972938341,-0.21508500044163448,0.19357962409754847,40.0,-0.26649127880669343,0.15249029660375873,-0.5653722601500606,0.03238970253667367,GBP_USD,21,35,1,long,133
52.0,-0.038461538461538464,0.1399243990594229,-0.31271336061800736,0.2357902836949304,23.0,0.13043478260869565,0.21137931948017294,-0.2838686835724433,0.5447382487898346,GBP_USD,21,35,2,long,75
25.0,-0.04,0.20396078054371142,-0.43976312986567434,0.3597631298656744,12.0,0.0,0.30151134457776363,-0.5909622353724167,0.5909622353724167,GBP_USD,21,35,3,long,37
12.0,0.3333333333333333,0.28426762180748055,-0.2238312054093286,0.8904978720759953,6.0,0.0,0.4472135954999579,-0.8765386471799175,0.8765386471799175,GBP_USD,21,35,4,long,18
,,,,,,,,,,GBP_USD,21,20,1,short,0
0.0,,,,,1.0,-1.0,,,,GBP_USD,21,20,2,short,1
0.0,,,,,1.0,-1.0,,,,GBP_USD,21,20,3,short,1
,,,,,,,,,,GBP_USD,21,20,4,short,0
5.0,0.2,0.48989794855663565,-0.7601999791710059,1.1601999791710058,3.0,-0.3333333333333333,0.6666666666666667,-1.6400000000000001,0.9733333333333336,GBP_USD,21,25,1,short,8
3.0,0.3333333333333333,0.6666666666666667,-0.9733333333333336,1.6400000000000001,2.0,-1.0,0.0,-1.0,-1.0,GBP_USD,21,25,2,short,5
2.0,-1.0,0.0,-1.0,-1.0,2.0,0.2812861647573427,0.7187138352426572,-1.1273929523182655,1.6899652818329507,GBP_USD,21,25,3,short,4
0.0,,,,,1.0,-1.0,,,,GBP_USD,21,25,4,short,1
25.0,0.19283512739100195,0.19893133796757606,-0.19707029502544715,0.582740549807451,11.0,-0.18069140022683564,0.29604991014679854,-0.7609492241145608,0.39956642366088957,GBP_USD,21,30,1,short,36
16.0,0.125,0.25617376914899,-0.37710058753202036,0.6271005875320204,8.0,0.5,0.32732683535398854,-0.14156059729381754,1.1415605972938176,GBP_USD,21,30,2,short,24
9.0,-0.9374919633872572,0.06250803661274282,-1.060007715148233,-0.8149762116262812,4.0,0.5,0.5,-0.48,1.48,GBP_USD,21,30,3,short,13
4.0,-0.5,0.5,-1.48,0.48,2.0,-0.1886682288768492,0.8113317711231508,-1.7788785002782248,1.4015420425245262,GBP_USD,21,30,4,short,6
78.0,0.27397102440531557,0.10605599505250575,0.0661012741024043,0.48184077470822684,34.0,-0.012320048108308609,0.16151598451714363,-0.32889137776191013,0.3042512815452929,GBP_USD,21,35,1,short,112
51.0,0.0196078431372549,0.14139416766525448,-0.2575247254866439,0.2967404117611537,23.0,0.438783316217169,0.17657773595376067,0.09269095374779807,0.7848756786865398,GBP_USD,21,35,2,short,74
32.0,-0.25771578734913253,0.1683119586911332,-0.5876072263837535,0.0721756516854885,15.0,0.06666666666666667,0.2666666666666666,-0.45599999999999985,0.5893333333333332,GBP_USD,21,35,3,short,47
12.0,-0.3333333333333333,0.2842676218074806,-0.8904978720759953,0.22383120540932872,6.0,0.2704439237077169,0.406155569194045,-0.5256209919126114,1.066508839328045,GBP_USD,21,35,4,short,18
0.0,,,,,1.0,1.0,,,,GBP_USD,28,20,1,long,1
,,,,,,,,,,GBP_USD,28,20,2,long,0
0.0,,,,,1.0,1.0,,,,GBP_USD,28,20,3,long,1
,,,,,,,,,,GBP_USD,28,20,4,long,0
2.0,0.0,1.0,-1.96,1.96,2.0,0.0,1.0,-1.96,1.96,GBP_USD,28,25,1,long,4
2.0,-1.0,0.0,-1.0,-1.0,1.0,-1.0,,,,GBP_USD,28,25,2,long,3
2.0,-1.0,0.0,-1.0,-1.0,1.0,1.0,,,,GBP_USD,28,25,3,long,3
,,,,,,,,,,GBP_USD,28,25,4,long,0
14.0,-0.2857142857142857,0.2657887169768753,-0.8066601709889613,0.23523159956038986,6.0,-0.3333333333333333,0.421637021355784,-1.15974189519067,0.4930752285240034,GBP_USD,28,30,1,long,20
8.0,-1.0,0.0,-1.0,-1.0,4.0,0.0,0.5773502691896257,-1.1316065276116665,1.1316065276116665,GBP_USD,28,30,2,long,12
5.0,-0.6,0.4000000000000001,-1.3840000000000001,0.18400000000000016,3.0,0.3333333333333333,0.6666666666666667,-0.9733333333333336,1.6400000000000001,GBP_USD,28,30,3,long,8
1.0,-1.0,,,,1.0,1.0,,,,GBP_USD,28,30,4,long,2
56.0,0.0,0.13483997249264842,-0.26428634608559093,0.26428634608559093,24.0,-0.08333333333333333,0.20778914433245896,-0.49060005622495284,0.3239333895582862,GBP_USD,28,35,1,long,80
28.0,-0.07142857142857142,0.19195851781663212,-0.4476672663491704,0.3048101234920275,13.0,0.07692307692307693,0.28781979898261095,-0.48720372908284054,0.6410498829289943,GBP_USD,28,35,2,long,41
17.0,-0.058823529411764705,0.2495670992423109,-0.547975043926694,0.43032798510316467,8.0,0.0,0.3779644730092272,-0.7408103670980853,0.7408103670980853,GBP_USD,28,35,3,long,25
7.0,-0.14285714285714285,0.40406101782088427,-0.9348167377860761,0.6491024520717903,3.0,1.0,0.0,1.0,1.0,GBP_USD,28,35,4,long,10
,,,,,,,,,,GBP_USD,28,20,1,short,0
,,,,,,,,,,GBP_USD,28,20,2,short,0
,,,,,,,,,,GBP_USD,28,20,3,short,0
,,,,,,,,,,GBP_USD,28,20,4,short,0
0.0,,,,,1.0,1.0,,,,GBP_USD,28,25,1,short,1
0.0,,,,,1.0,-1.0,,,,GBP_USD,28,25,2,short,1
0.0,,,,,1.0,-1.0,,,,GBP_USD,28,25,3,short,1
,,,,,,,,,,GBP_USD,28,25,4,short,0
11.0,0.4382616531613681,0.2789759675425057,-0.10853124322194307,0.9850545495446793,5.0,0.0024789195009615518,0.4472204658128832,-0.8740731934922895,0.8790310324942127,GBP_USD,28,30,1,short,16
6.0,0.0,0.4472135954999579,-0.8765386471799175,0.8765386471799175,3.0,-0.3333333333333333,0.6666666666666667,-1.6400000000000001,0.9733333333333336,GBP_USD,28,30,2,short,9
4.0,-0.8593569176213286,0.14064308237867137,-1.1350173590835244,-0.5836964761591328,3.0,1.0,0.0,1.0,1.0,GBP_USD,28,30,3,short,7
1.0,-1.0,,,,1.0,-1.0,,,,GBP_USD,28,30,4,short,2
46.0,0.20038271236977037,0.14258983333212052,-0.07909336096118583,0.4798587857007266,20.0,0.18168878896670748,0.20909151462023529,-0.22813057968895367,0.5915081576223686,GBP_USD,28,35,1,short,66
31.0,0.03225806451612903,0.1824791693384639,-0.32540110738726025,0.38991723641951825,14.0,0.4067327942615779,0.2312279961595708,-0.04647407821118088,0.8599396667343366,GBP_USD,28,35,2,short,45
18.0,-0.5692725108429023,0.18430544705990154,-0.9305111870803093,-0.2080338346054953,9.0,0.3333333333333333,0.3333333333333333,-0.32,0.9866666666666666,GBP_USD,28,35,3,short,27
8.0,-0.5,0.32732683535398854,-1.1415605972938176,0.14156059729381754,4.0,0.4056658855615754,0.47692160816435397,-0.5291004664405583,1.3404322375637092,GBP_USD,28,35,4,short,12
68.0,-0.029411764705882353,0.12211659146853801,-0.26876028398421686,0.20993675457245214,30.0,0.2,0.18194353045893683,-0.15660931969951614,0.5566093196995161,AUD_USD,7,20,1,long,98
31.0,0.16129032258064516,0.1801837425002444,-0.19186981271983386,0.5144504578811242,14.0,0.2857142857142857,0.26578871697687523,-0.23523159956038975,0.8066601709889611,AUD_USD,7,20,2,long,45
13.0,-0.23076923076923078,0.2808833628231621,-0.7813006219026286,0.319762160364167,6.0,0.6666666666666666,0.33333333333333337,0.013333333333333197,1.32,AUD_USD,7,20,3,long,19
4.0,-0.5,0.5,-1.48,0.48,2.0,0.0,1.0,-1.96,1.96,AUD_USD,7,20,4,long,6
121.0,-0.04132231404958678,0.09120912172774477,-0.22009219263596652,0.13744756453679297,52.0,0.20467132112677222,0.13585827947404353,-0.06161090664235308,0.4709535488958975,AUD_USD,7,25,1,long,173
58.0,0.22769508067797212,0.1278463622294769,-0.022883789291802625,0.47827395064774686,25.0,0.12,0.20264912204760885,-0.27719227921331335,0.5171922792133133,AUD_USD,7,25,2,long,83
28.0,-0.07142857142857142,0.19195851781663212,-0.4476672663491704,0.3048101234920275,13.0,0.5384615384615384,0.24325212770525995,0.06168736815922893,1.015235708763848,AUD_USD,7,25,3,long,41
14.0,-0.7142857142857143,0.19410463442478787,-1.0947307977582985,-0.3338406308131301,6.0,-0.3333333333333333,0.421637021355784,-1.15974189519067,0.4930752285240034,AUD_USD,7,25,4,long,20
190.0,0.031578947368421054,0.0727030187972868,-0.11091896947426107,0.1740768642111032,82.0,0.08101108169014824,0.11015125032952089,-0.13488536895571268,0.2969075323360092,AUD_USD,7,30,1,long,272
98.0,0.23679912938084063,0.09813500248043457,0.04445452451918888,0.4291437342424924,43.0,0.023255813953488372,0.15426161815606512,-0.2790969576323993,0.325608585539376,AUD_USD,7,30,2,long,141
53.0,0.09433962264150944,0.13805656836684024,-0.17625125135749745,0.36493049664051636,24.0,0.25,0.2018932132718121,-0.14571069801275166,0.6457106980127516,AUD_USD,7,30,3,long,77
23.0,-0.30434782608695654,0.2030866810856147,-0.7023977210147614,0.09370206884084825,11.0,-0.45454545454545453,0.2816715160878121,-1.0066216260775662,0.09753071698665722,AUD_USD,7,30,4,long,34
282.0,0.015979955525866906,0.059453921538665924,-0.10054973068991829,0.1325096417416521,122.0,0.15281072703764062,0.08951186997011931,-0.02263253810379323,0.32825399217907447,AUD_USD,7,35,1,long,404
147.0,0.1546638579863747,0.08126864754795525,-0.004622691207617602,0.313950407180367,64.0,0.125,0.125,-0.12,0.37,AUD_USD,7,35,2,long,211
81.0,0.13148019938216554,0.10963068598962006,-0.08339594515748977,0.34635634392182085,35.0,0.2571428571428571,0.1657316710671738,-0.06769121814880352,0.5819769324345178,AUD_USD,7,35,3,long,116
37.0,-0.13513513513513514,0.16513786288129156,-0.4588053463824666,0.18853507611219633,17.0,-0.17647058823529413,0.24607647839237515,-0.6587804858843495,0.30583930941376114,AUD_USD,7,35,4,long,54
60.0,0.15541167458514066,0.1276208445625665,-0.0947251807574897,0.405548529927771,26.0,0.09420643351231194,0.19169110023829583,-0.28150812295474786,0.46992098997937176,AUD_USD,7,20,1,short,86
32.0,0.160870861711039,0.17446266274615424,-0.1810759572714233,0.5028176806935013,15.0,0.3333333333333333,0.25197631533948484,-0.16054024473205697,0.8272069113987236,AUD_USD,7,20,2,short,47
16.0,0.0,0.2581988897471611,-0.5060698239044358,0.5060698239044358,8.0,0.5,0.32732683535398854,-0.14156059729381754,1.1415605972938176,AUD_USD,7,20,3,short,24
11.0,0.6866127897762516,0.21350393947090823,0.2681450684132715,1.1050805111392317,5.0,0.6,0.4000000000000001,-0.18400000000000016,1.3840000000000001,AUD_USD,7,20,4,short,16
117.0,0.019869234829986666,0.09247363647966343,-0.16137909267015366,0.201117562330127,51.0,-0.06682840049499549,0.13706705428720603,-0.33547982689791933,0.20182302590792833,AUD_USD,7,25,1,short,168
70.0,0.2163981082107607,0.11666864381618924,-0.012272433668970212,0.44506865009049157,30.0,0.17528333184341965,0.1798629581584349,-0.17724806614711275,0.5278147298339521,AUD_USD,7,25,2,short,100
30.0,-0.034483098452744367,0.1824656076599434,-0.3921156894662335,0.3231494925607447,14.0,0.42857142857142855,0.25058800551629407,-0.0625810622405078,0.9197239193833648,AUD_USD,7,25,3,short,44
17.0,0.44427886397286864,0.21730736770523357,0.018356423270610878,0.8702013046751265,8.0,0.25,0.3659625273556999,-0.46728655361717175,0.9672865536171718,AUD_USD,7,25,4,short,25
198.0,0.06729646704600221,0.07092403733747984,-0.07171464613545829,0.2063075802274627,85.0,-0.13421468735582082,0.10625034229047202,-0.34246535824514596,0.07403598353350432,AUD_USD,7,30,1,short,283
105.0,0.1918844530928881,0.09576939367339152,0.004176441493040722,0.37959246469273544,46.0,0.20127173815875193,0.1444686212827399,-0.0818867595554183,0.48443023587292217,AUD_USD,7,30,2,short,151
54.0,-0.019157276918191316,0.13605884637575658,-0.2858326158146742,0.24751806197829157,24.0,0.0,0.2085144140570748,-0.4086882515518666,0.4086882515518666,AUD_USD,7,30,3,short,78
27.0,0.42787928472365805,0.1740127319186801,0.08681433016304502,0.7689442392842711,12.0,0.3333333333333333,0.28426762180748055,-0.2238312054093286,0.8904978720759953,AUD_USD,7,30,4,short,39
284.0,0.09492490711450012,0.059018277710766315,-0.02075091719860185,0.2106007314276021,122.0,-0.15088728217413744,0.08878212612954445,-0.3249002493880445,0.023125685039769667,AUD_USD,7,35,1,short,406
154.0,0.16329784139450162,0.07949934384778154,0.007479127452849815,0.31911655533615346,67.0,0.21281343216869536,0.11939128544312486,-0.021193487299829367,0.4468203516372201,AUD_USD,7,35,2,short,221
77.0,0.07747411748594375,0.113614433363766,-0.1452101719070376,0.30015840687892514,34.0,0.11764705882352941,0.1728687687191937,-0.22117572786609027,0.45646984551314906,AUD_USD,7,35,3,short,111
42.0,0.3464938258937802,0.14490496323728935,0.06248009794869308,0.6305075538388674,18.0,0.1111111111111111,0.24103384202072908,-0.36131521924951787,0.58353744147174,AUD_USD,7,35,4,short,60
10.0,0.0,0.3333333333333333,-0.6533333333333333,0.6533333333333333,5.0,0.6,0.4,-0.18400000000000005,1.384,AUD_USD,14,20,1,long,15
0.0,,,,,1.0,-1.0,,,,AUD_USD,14,20,2,long,1
2.0,-1.0,0.0,-1.0,-1.0,1.0,-1.0,,,,AUD_USD,14,20,3,long,3
0.0,,,,,1.0,1.0,,,,AUD_USD,14,20,4,long,1
34.0,-0.17647058823529413,0.17134566617751038,-0.5123080939432144,0.15936691747262619,15.0,0.3333333333333333,0.25197631533948484,-0.16054024473205697,0.8272069113987236,AUD_USD,14,25,1,long,49
9.0,-0.1111111111111111,0.35136418446315326,-0.7997849126588914,0.5775626904366693,5.0,0.2,0.48989794855663565,-0.7601999791710059,1.1601999791710058,AUD_USD,14,25,2,long,14
6.0,-0.6666666666666666,0.33333333333333337,-1.32,-0.013333333333333197,3.0,0.3333333333333333,0.6666666666666667,-0.9733333333333336,1.6400000000000001,AUD_USD,14,25,3,long,9
2.0,0.0,1.0,-1.96,1.96,1.0,-1.0,,,,AUD_USD,14,25,4,long,3
77.0,0.03896103896103896,0.11462077274780362,-0.1856956756246561,0.26361775354673406,33.0,0.29220935450279256,0.16659970076411706,-0.034326058994876896,0.6187447680004621,AUD_USD,14,30,1,long,110
38.0,0.03174512314006267,0.16223078397159782,-0.28622721344426905,0.3497174597243944,17.0,0.4117647058823529,0.22782254977690689,-0.034767491680384566,0.8582969034450905,AUD_USD,14,30,2,long,55
16.0,-0.125,0.25617376914899,-0.6271005875320204,0.37710058753202036,8.0,0.5,0.32732683535398854,-0.14156059729381754,1.1415605972938176,AUD_USD,14,30,3,long,24
5.0,-0.6,0.4,-1.384,0.18400000000000005,3.0,-0.3333333333333333,0.6666666666666667,-1.6400000000000001,0.9733333333333336,AUD_USD,14,30,4,long,8
142.0,0.035926570868670724,0.08386664877527505,-0.1284520607308684,0.20030520246820982,61.0,0.22365424096052713,0.12487832308280611,-0.021107272281772838,0.4684157542028271,AUD_USD,14,35,1,long,203
84.0,0.1095989842776474,0.10847186275671895,-0.10300586672552174,0.32220383528081653,36.0,0.16666666666666666,0.16666666666666666,-0.16,0.4933333333333333,AUD_USD,14,35,2,long,120
42.0,0.0796227865572942,0.1540249255119563,-0.22226606744614014,0.38151164056072856,18.0,0.4444444444444444,0.2172649691319564,0.018605104945809914,0.8702837839430789,AUD_USD,14,35,3,long,60
21.0,-0.3333333333333333,0.21081851067789195,-0.7465376142620015,0.07987094759533492,9.0,-0.5555555555555556,0.2939723678960656,-1.1317413966318441,0.020630285520732983,AUD_USD,14,35,4,long,30
6.0,0.0,0.4472135954999579,-0.8765386471799175,0.8765386471799175,3.0,-0.3333333333333333,0.6666666666666667,-1.6400000000000001,0.9733333333333336,AUD_USD,14,20,1,short,9
2.0,0.0,1.0,-1.96,1.96,1.0,1.0,,,,AUD_USD,14,20,2,short,3
4.0,-0.5,0.5,-1.48,0.48,3.0,0.3333333333333333,0.6666666666666667,-0.9733333333333336,1.6400000000000001,AUD_USD,14,20,3,short,7
0.0,,,,,1.0,1.0,,,,AUD_USD,14,20,4,short,1
27.0,0.1111111111111111,0.19490178206822872,-0.2708963817426172,0.4931186039648394,12.0,0.09500032270396186,0.2875088977349622,-0.46851711685656405,0.6585177622644878,AUD_USD,14,25,1,short,39
12.0,0.262322297896104,0.27792669847845236,-0.2824140311216626,0.8070586269138706,6.0,0.0,0.4472135954999579,-0.8765386471799175,0.8765386471799175,AUD_USD,14,25,2,short,18
9.0,-0.1111111111111111,0.35136418446315326,-0.7997849126588914,0.5775626904366693,5.0,0.6,0.4000000000000001,-0.18400000000000016,1.3840000000000001,AUD_USD,14,25,3,short,14
3.0,0.5175802291795891,0.4824197708204108,-0.4279625216284161,1.4631229799875944,2.0,1.0,0.0,1.0,1.0,AUD_USD,14,25,4,short,5
68.0,0.10771618345747705,0.12064761742213295,-0.12875314668990354,0.3441855136048576,30.0,-0.05725372747057792,0.17921134602989522,-0.4085079656891726,0.2940005107480167,AUD_USD,14,30,1,short,98
42.0,0.17018732320841068,0.15203877411050237,-0.12780867404817398,0.46818332046499533,18.0,0.2921388864056994,0.2252856567628929,-0.14942100084957066,0.7336987736609695,AUD_USD,14,30,2,short,60
20.0,0.0,0.22941573387056172,-0.44965483838630094,0.44965483838630094,9.0,0.3333333333333333,0.3333333333333333,-0.32,0.9866666666666666,AUD_USD,14,30,3,short,29
15.0,0.5035160458359178,0.2225085848142635,0.06739921959996137,0.9396328720718743,7.0,0.7142857142857143,0.28571428571428575,0.15428571428571425,1.2742857142857145,AUD_USD,14,30,4,short,22
146.0,0.13236096215827697,0.08205773352973689,-0.028472195560007324,0.2931941198765613,63.0,-0.21282934008325033,0.12109957841016111,-0.4501845137671661,0.02452583360066546,AUD_USD,14,35,1,short,209
88.0,0.21758940425855966,0.10403026077494576,0.013690093139665988,0.42148871537745336,38.0,0.13838157777112078,0.16076617476649788,-0.17672012477121504,0.45348328031345664,AUD_USD,14,35,2,short,126
42.0,-0.02463078460910312,0.15425763438044202,-0.3269757479947695,0.27771417877656324,18.0,0.2222222222222222,0.23647127470752347,-0.24126147620452376,0.6857059206489682,AUD_USD,14,35,3,short,60
26.0,0.40587464182841415,0.17938763805157715,0.05427487124732294,0.7574744124095054,12.0,0.0,0.30151134457776363,-0.5909622353724167,0.5909622353724167,AUD_USD,14,35,4,short,38
,,,,,,,,,,AUD_USD,21,20,1,long,0
,,,,,,,,,,AUD_USD,21,20,2,long,0
0.0,,,,,1.0,-1.0,,,,AUD_USD,21,20,3,long,1
,,,,,,,,,,AUD_USD,21,20,4,long,0
6.0,1.0,0.0,1.0,1.0,3.0,0.3333333333333333,0.6666666666666667,-0.9733333333333336,1.6400000000000001,AUD_USD,21,25,1,long,9
2.0,-1.0,0.0,-1.0,-1.0,1.0,-1.0,,,,AUD_USD,21,25,2,long,3
0.0,,,,,1.0,-1.0,,,,AUD_USD,21,25,3,long,1
0.0,,,,,1.0,-1.0,,,,AUD_USD,21,25,4,long,1
32.0,-0.1875,0.176419930663981,-0.5332830641014028,0.1582830641014028,15.0,0.4666666666666667,0.23637473611411156,0.0033721838830080286,0.9299611494503253,AUD_USD,21,30,1,long,47
10.0,-0.8,0.19999999999999998,-1.192,-0.4080000000000001,5.0,0.6,0.4,-0.18400000000000005,1.384,AUD_USD,21,30,2,long,15
6.0,-0.3333333333333333,0.421637021355784,-1.15974189519067,0.4930752285240034,3.0,0.3333333333333333,0.6666666666666667,-0.9733333333333336,1.6400000000000001,AUD_USD,21,30,3,long,9
3.0,-0.3333333333333333,0.6666666666666667,-1.6400000000000001,0.9733333333333336,2.0,0.0,1.0,-1.96,1.96,AUD_USD,21,30,4,long,5
91.0,0.07692307692307693,0.10509693093291896,-0.1290669077054442,0.28291306155159807,40.0,0.35,0.15,0.055999999999999994,0.6439999999999999,AUD_USD,21,35,1,long,131
51.0,0.04326107214357611,0.13995393949353802,-0.2310486492637584,0.3175707935509106,22.0,0.45454545454545453,0.194371812299945,0.07357670243756237,0.8355142066533467,AUD_USD,21,35,2,long,73
22.0,-0.09090909090909091,0.21731429260625335,-0.5168451044173474,0.33502692259916567,10.0,0.4,0.3055050463303893,-0.19878989080756293,0.998789890807563,AUD_USD,21,35,3,long,32
11.0,-0.6363636363636364,0.24393468845452249,-1.1144756257345003,-0.15825164699277228,5.0,-0.2,0.48989794855663565,-1.1601999791710058,0.7601999791710059,AUD_USD,21,35,4,long,16
2.0,0.0,1.0,-1.96,1.96,1.0,-1.0,,,,AUD_USD,21,20,1,short,3
,,,,,,,,,,AUD_USD,21,20,2,short,0
1.0,-1.0,,,,1.0,-1.0,,,,AUD_USD,21,20,3,short,2
,,,,,,,,,,AUD_USD,21,20,4,short,0
5.0,-0.6,0.4,-1.384,0.18400000000000005,3.0,-0.3333333333333333,0.6666666666666667,-1.6400000000000001,0.9733333333333336,AUD_USD,21,25,1,short,8
2.0,0.0,1.0,-1.96,1.96,1.0,1.0,,,,AUD_USD,21,25,2,short,3
3.0,-1.0,0.0,-1.0,-1.0,2.0,0.0,1.0,-1.96,1.96,AUD_USD,21,25,3,short,5
,,,,,,,,,,AUD_USD,21,25,4,short,0
26.0,0.3076923076923077,0.1902971827208151,-0.0652901704404899,0.6806747858251053,12.0,-0.23833301062937148,0.2798534464521644,-0.7868457656756138,0.3101797444168708,AUD_USD,21,30,1,short,38
14.0,0.08199054105380345,0.26651753479364076,-0.4403838271417324,0.6043649092493393,6.0,0.3333333333333333,0.421637021355784,-0.4930752285240034,1.15974189519067,AUD_USD,21,30,2,short,20
9.0,-0.3333333333333333,0.3333333333333333,-0.9866666666666666,0.32,4.0,0.5,0.5,-0.48,1.48,AUD_USD,21,30,3,short,13
4.0,0.6381851718846918,0.3618148281153082,-0.0709718912213122,1.3473422349906958,3.0,0.3333333333333333,0.6666666666666667,-0.9733333333333336,1.6400000000000001,AUD_USD,21,30,4,short,7
77.0,0.08213896720920051,0.11364970436862706,-0.14061445335330852,0.30489238777170957,33.0,-0.021745812852040542,0.1714031590091381,-0.3576960045099512,0.31420437880587015,AUD_USD,21,35,1,short,110
51.0,0.12054642303437742,0.139017224739278,-0.15192733745460746,0.39302018352336227,22.0,0.2390227252410268,0.20707152724572503,-0.16683746816059425,0.6448829186426479,AUD_USD,21,35,2,short,73
25.0,0.04,0.20396078054371142,-0.3597631298656744,0.43976312986567434,11.0,0.2727272727272727,0.30424000964875475,-0.32358314618428663,0.869037691638832,AUD_USD,21,35,3,short,36
15.0,0.3701827125025845,0.24048079106583767,-0.10115963798645733,0.8415250629916263,7.0,0.42857142857142855,0.36885555678165877,-0.29438546272062266,1.1515283198634798,AUD_USD,21,35,4,short,22
,,,,,,,,,,AUD_USD,28,20,1,long,0
,,,,,,,,,,AUD_USD,28,20,2,long,0
0.0,,,,,1.0,-1.0,,,,AUD_USD,28,20,3,long,1
,,,,,,,,,,AUD_USD,28,20,4,long,0
,,,,,,,,,,AUD_USD,28,25,1,long,0
,,,,,,,,,,AUD_USD,28,25,2,long,0
0.0,,,,,1.0,-1.0,,,,AUD_USD,28,25,3,long,1
0.0,,,,,1.0,-1.0,,,,AUD_USD,28,25,4,long,1
11.0,0.45454545454545453,0.2816715160878121,-0.09753071698665722,1.0066216260775662,6.0,0.3333333333333333,0.421637021355784,-0.4930752285240034,1.15974189519067,AUD_USD,28,30,1,long,17
3.0,-1.0,0.0,-1.0,-1.0,2.0,0.0,1.0,-1.96,1.96,AUD_USD,28,30,2,long,5
2.0,0.0,1.0,-1.96,1.96,2.0,0.0,1.0,-1.96,1.96,AUD_USD,28,30,3,long,4
2.0,0.0,1.0,-1.96,1.96,1.0,-1.0,,,,AUD_USD,28,30,4,long,3
60.0,0.1,0.12953633087651184,-0.1538912085179632,0.3538912085179632,26.0,0.46153846153846156,0.17742403991801228,0.11378734329915752,0.8092895797777656,AUD_USD,28,35,1,long,86
25.0,-0.28,0.19595917942265426,-0.6640799916684024,0.10407999166840232,11.0,0.2727272727272727,0.30424000964875475,-0.32358314618428663,0.869037691638832,AUD_USD,28,35,2,long,36
15.0,-0.06666666666666667,0.2666666666666666,-0.5893333333333332,0.45599999999999985,7.0,0.42857142857142855,0.36885555678165877,-0.29438546272062266,1.1515283198634798,AUD_USD,28,35,3,long,22
6.0,-0.3333333333333333,0.421637021355784,-1.15974189519067,0.4930752285240034,3.0,-1.0,0.0,-1.0,-1.0,AUD_USD,28,35,4,long,9
,,,,,,,,,,AUD_USD,28,20,1,short,0
,,,,,,,,,,AUD_USD,28,20,2,short,0
,,,,,,,,,,AUD_USD,28,20,3,short,0
,,,,,,,,,,AUD_USD,28,20,4,short,0
2.0,0.0,1.0,-1.96,1.96,2.0,0.0,1.0,-1.96,1.96,AUD_USD,28,25,1,short,4
,,,,,,,,,,AUD_USD,28,25,2,short,0
1.0,-1.0,,,,1.0,-1.0,,,,AUD_USD,28,25,3,short,2
,,,,,,,,,,AUD_USD,28,25,4,short,0
9.0,-0.3333333333333333,0.3333333333333333,-0.9866666666666666,0.32,4.0,-0.5,0.5,-1.48,0.48,AUD_USD,28,30,1,short,13
3.0,-0.3333333333333333,0.6666666666666667,-1.6400000000000001,0.9733333333333336,2.0,1.0,0.0,1.0,1.0,AUD_USD,28,30,2,short,5
4.0,-1.0,0.0,-1.0,-1.0,3.0,0.3333333333333333,0.6666666666666667,-0.9733333333333336,1.6400000000000001,AUD_USD,28,30,3,short,7
0.0,,,,,1.0,-1.0,,,,AUD_USD,28,30,4,short,1
42.0,0.047619047619047616,0.1559965936388461,-0.25813427591309074,0.35337237115118597,18.0,0.01568823199348124,0.2289179163541808,-0.4329908840607131,0.4643673480476756,AUD_USD,28,35,1,short,60
24.0,0.21449448228138535,0.19926347912039954,-0.17606193679459775,0.6050509013573684,11.0,0.20531817775478087,0.2954674437012625,-0.3737980118996935,0.7844343674092553,AUD_USD,28,35,2,short,35
13.0,-0.23076923076923078,0.2808833628231621,-0.7813006219026286,0.319762160364167,6.0,0.6666666666666666,0.33333333333333337,0.013333333333333197,1.32,AUD_USD,28,35,3,short,19
8.0,0.3190925859423459,0.33767800240752144,-0.34275629877639613,0.9809414706610879,4.0,0.5,0.5,-0.48,1.48,AUD_USD,28,35,4,short,12
65.0,0.08413501506158405,0.12176687670609539,-0.1545280632823629,0.322798093405531,28.0,0.1314036671915175,0.1827541121361202,-0.2267943925952781,0.48960172697831306,USD_CAD,7,20,1,long,93
32.0,0.06436121200664016,0.17548789885086652,-0.2795950697410582,0.40831749375433857,15.0,0.3578468570637025,0.20528032837150273,-0.044502586544442835,0.7601963006718478,USD_CAD,7,20,2,long,47
14.0,0.4946824118180252,0.22942346041031322,0.045012429413811283,0.9443523942222392,7.0,-0.026512903470953333,0.3506249319571077,-0.7137377701068844,0.6607119631649777,USD_CAD,7,20,3,long,21
6.0,0.0,0.4472135954999579,-0.8765386471799175,0.8765386471799175,3.0,-0.11377021094336115,0.5884530518498738,-1.2671381925691139,1.0395977706823916,USD_CAD,7,20,4,long,9
126.0,0.06884766584556017,0.08616261089679027,-0.10003105151214876,0.2377263832032691,55.0,0.22623573713915662,0.12248946826066452,-0.013843620651745825,0.46631509493005907,USD_CAD,7,25,1,long,181
65.0,0.10828721893745219,0.11961801273007455,-0.12616408601349394,0.3427385238883983,28.0,0.23972127515382521,0.17059643026400817,-0.09464772816363079,0.5740902784712812,USD_CAD,7,25,2,long,93
28.0,0.10448406305186975,0.18792893968913202,-0.263856658738829,0.4728247848425685,13.0,-0.045495068769770525,0.24457443473430102,-0.5248609608490005,0.4338708233094595,USD_CAD,7,25,3,long,41
15.0,0.2,0.2618614682831909,-0.3132484778350541,0.7132484778350541,7.0,0.07253352298456507,0.34854980131062746,-0.6106240875842648,0.7556911335533949,USD_CAD,7,25,4,long,22
198.0,0.03696502746208045,0.06912228605218357,-0.09851465320019934,0.17244470812436022,86.0,0.15480409487801988,0.09941402046354395,-0.040047385230526256,0.349655574986566,USD_CAD,7,30,1,long,284
102.0,0.03476692572948048,0.09519605902063707,-0.15181734995096818,0.22135120140992914,45.0,0.1335224130836382,0.13827521179024208,-0.13749700202523626,0.4045418281925126,USD_CAD,7,30,2,long,147
44.0,-0.006492512351093271,0.1490780391271226,-0.2986854690402536,0.28570044433806707,20.0,0.12042820529964912,0.2056328256078046,-0.2826121328916479,0.5234685434909462,USD_CAD,7,30,3,long,64
27.0,-0.05600234828154763,0.18379020922873582,-0.41623115836986985,0.30422646180677454,12.0,0.07980732287751413,0.2649372089770887,-0.43946960671757973,0.599084252472608,USD_CAD,7,30,4,long,39
296.0,0.044054942358908514,0.055996080629669695,-0.06569737567524409,0.1538072603930611,128.0,0.14072765924894168,0.08244341612093305,-0.020861436348087098,0.3023167548459704,USD_CAD,7,35,1,long,424
157.0,0.020861571761605305,0.07745199671302012,-0.13094434179591413,0.17266748531912474,68.0,0.1744309052317863,0.11291770426105821,-0.046887795119887776,0.3957496055834604,USD_CAD,7,35,2,long,225
72.0,-0.04956203585173551,0.11450828967169772,-0.27399828360826306,0.17487421190479202,32.0,0.05151693937939528,0.16364452679324962,-0.269226333135374,0.3722602118941645,USD_CAD,7,35,3,long,104
35.0,0.007625662241220661,0.16367839630233985,-0.3131839945113654,0.3284353189938068,16.0,0.11718295679005532,0.2248043404030033,-0.3234335503998311,0.5577994639799417,USD_CAD,7,35,4,long,51
63.0,0.04902450435281519,0.12274082973499624,-0.19154752192777744,0.28959653063340784,28.0,-0.00484939622610832,0.17303801590586004,-0.344003907401594,0.33430511494937737,USD_CAD,7,20,1,short,91
35.0,0.13464623636913825,0.16568960373053623,-0.19010538694271278,0.4593978596809893,15.0,0.20695094873019781,0.23772390205611665,-0.2589878992997908,0.6728897967601865,USD_CAD,7,20,2,short,50
16.0,-0.07653854837104968,0.2496390920320925,-0.565831168753951,0.4127540720118516,7.0,0.42857142857142855,0.36885555678165877,-0.29438546272062266,1.1515283198634798,USD_CAD,7,20,3,short,23
2.0,0.0,1.0,-1.96,1.96,2.0,1.0,0.0,1.0,1.0,USD_CAD,7,20,4,short,4
121.0,0.01970003475776994,0.08597513710187456,-0.14881123396190418,0.18821130347744405,53.0,0.0550662453748298,0.128069895343373,-0.1959507494981813,0.3060832402478409,USD_CAD,7,25,1,short,174
58.0,-0.02831497677403976,0.12837929397137532,-0.2799383929579354,0.22330843940985584,26.0,0.11938851169966512,0.17152063071567625,-0.21679192450306028,0.45556894790239055,USD_CAD,7,25,2,short,84
32.0,-0.22576927418552484,0.17221094356188074,-0.5633027235668111,0.11176417519576143,15.0,0.06666666666666667,0.2666666666666666,-0.45599999999999985,0.5893333333333332,USD_CAD,7,25,3,short,47
11.0,0.2727272727272727,0.30424000964875475,-0.32358314618428663,0.869037691638832,6.0,0.46359342000876674,0.35393985609361855,-0.23012869793472562,1.157315537952259,USD_CAD,7,25,4,short,17
192.0,0.11006834690969015,0.0681772026969379,-0.023558970376308122,0.24369566419568844,83.0,-0.010812388236618713,0.09980400217582479,-0.2064282325012353,0.1848034560279979,USD_CAD,7,30,1,short,275
89.0,-0.033516713753490995,0.10301438565785737,-0.23542490964289142,0.16839148213590943,39.0,0.156515418056187,0.1458785346461822,-0.12940650985033011,0.4424373459627041,USD_CAD,7,30,2,short,128
51.0,-0.16126699556738813,0.138229836253643,-0.4321974746245284,0.1096634834897521,23.0,0.11504878973009298,0.20904942348338942,-0.2946880802973503,0.5247856597575362,USD_CAD,7,30,3,short,74
24.0,0.2077691571211748,0.19716303660057075,-0.17867039461594383,0.5942087088582935,11.0,0.37327472003126777,0.24583035305972648,-0.1085527719657961,0.8551022120283316,USD_CAD,7,30,4,short,35
273.0,0.03379102495672107,0.05807079941417257,-0.08002774189505715,0.1476097918084993,118.0,0.0017245692617562651,0.08456911612529154,-0.16403089834381515,0.16748003686732768,USD_CAD,7,35,1,short,391
136.0,0.06979208022152567,0.0837492178530216,-0.09435638677039668,0.233940547213448,59.0,0.09942892330237824,0.11692003018652328,-0.12973433586320737,0.32859218246796384,USD_CAD,7,35,2,short,195
79.0,-0.10831981311045681,0.11016777098573188,-0.3242486442424913,0.10760901802157767,35.0,0.11975468987906066,0.1589497123826062,-0.19178674639084745,0.43129612614896873,USD_CAD,7,35,3,short,114
37.0,0.220963757959517,0.15508068280045123,-0.0829943803293674,0.5249218962484015,17.0,0.22127562028796327,0.20490713237285826,-0.18034235916283892,0.6228935997387655,USD_CAD,7,35,4,short,54
4.0,-0.5,0.5,-1.48,0.48,3.0,-1.0,0.0,-1.0,-1.0,USD_CAD,14,20,1,long,7
2.0,0.22325278628567818,0.7767472137143219,-1.2991717525943927,1.745677325165749,2.0,0.44892768822318546,0.5510723117768145,-0.6311740428593711,1.5290294193057419,USD_CAD,14,20,2,long,4
0.0,,,,,1.0,-1.0,,,,USD_CAD,14,20,3,long,1
1.0,1.0,,,,1.0,-1.0,,,,USD_CAD,14,20,4,long,2
22.0,-0.24924208549462606,0.19603620753952017,-0.6334730522720856,0.13498888128283348,10.0,0.2,0.32659863237109044,-0.4401333194473372,0.8401333194473373,USD_CAD,14,25,1,long,32
14.0,0.031893255183668305,0.2702472978692779,-0.49779144864011643,0.561577959007453,7.0,0.45609316466970384,0.294440221089279,-0.12100966866528295,1.0331959980046905,USD_CAD,14,25,2,long,21
7.0,0.14285714285714285,0.40406101782088427,-0.6491024520717903,0.9348167377860761,3.0,-0.5274635611764256,0.47253643882357443,-1.4536349812706315,0.39870785891778027,USD_CAD,14,25,3,long,10
2.0,0.0,1.0,-1.96,1.96,1.0,-1.0,,,,USD_CAD,14,25,4,long,3
79.0,0.1350689840107346,0.10798284417603009,-0.07657739057428437,0.3467153585957536,34.0,0.23756416170934916,0.15684873051546358,-0.06985935010095948,0.5449876735196578,USD_CAD,14,30,1,long,113
37.0,0.08283625797189127,0.1551238123893677,-0.22120641431126942,0.38687893025505193,17.0,0.15696385585035255,0.22604248853528702,-0.28607942167881,0.6000071333795152,USD_CAD,14,30,2,long,54
18.0,-0.03433936678001522,0.23065610846338486,-0.4864253393682495,0.4177466058082191,9.0,-0.12850238972294753,0.2891688078498808,-0.6952732531087138,0.4382684736628188,USD_CAD,14,30,3,long,27
9.0,0.06034369670733329,0.3387513436776564,-0.6036089369008732,0.7242963303155399,4.0,0.16467234179247914,0.5006683056573147,-0.8166375372958576,1.145982220880816,USD_CAD,14,30,4,long,13
177.0,0.05317781618237626,0.07328059856716307,-0.09045215700926335,0.19680778937401588,76.0,0.060497975304023496,0.10708253500548828,-0.14938379330673351,0.27037974391478053,USD_CAD,14,35,1,long,253
85.0,0.028553956178604817,0.10489718883654345,-0.17704453394102035,0.23415244629822998,37.0,0.07809689314541486,0.1536235089735862,-0.2230051844428141,0.3791989707336438,USD_CAD,14,35,2,long,122
38.0,0.05090494374436559,0.15670655216851342,-0.2562398985059207,0.3580497859946519,17.0,0.12164273316165912,0.2119828589469458,-0.2938436703743546,0.5371291366976728,USD_CAD,14,35,3,long,55
21.0,0.05541810282978667,0.21477748312360218,-0.3655457640924736,0.4763819697520469,10.0,0.15077346608919556,0.2964972154762417,-0.4303610762442382,0.7319080084226293,USD_CAD,14,35,4,long,31
7.0,0.14285714285714285,0.40406101782088427,-0.6491024520717903,0.9348167377860761,4.0,0.0,0.5773502691896257,-1.1316065276116665,1.1316065276116665,USD_CAD,14,20,1,short,11
2.0,-1.0,0.0,-1.0,-1.0,1.0,1.0,,,,USD_CAD,14,20,2,short,3
1.0,1.0,,,,1.0,-1.0,,,,USD_CAD,14,20,3,short,2
,,,,,,,,,,USD_CAD,14,20,4,short,0
29.0,0.0021924413590971494,0.1846986283145942,-0.35981687013750746,0.3642017528557017,13.0,-0.14594261416249077,0.24088980726223308,-0.6180866363964677,0.32620140807148607,USD_CAD,14,25,1,short,42
16.0,-0.048843705327715065,0.250079747626856,-0.5390000106763527,0.44131260002092265,8.0,0.16031269010172777,0.3258771433711841,-0.4784065109057931,0.7990318911092487,USD_CAD,14,25,2,short,24
7.0,-0.14285714285714285,0.40406101782088427,-0.9348167377860761,0.6491024520717903,3.0,0.3333333333333333,0.6666666666666667,-0.9733333333333336,1.6400000000000001,USD_CAD,14,25,3,short,10
3.0,-0.3333333333333333,0.6666666666666667,-1.6400000000000001,0.9733333333333336,2.0,1.0,0.0,1.0,1.0,USD_CAD,14,25,4,short,5
72.0,-0.010860499401941547,0.11530726948522985,-0.23686274759299206,0.21514174878910894,32.0,0.08055411114570718,0.1660353843872718,-0.24487524225334553,0.40598346454475986,USD_CAD,14,30,1,short,104
37.0,-0.03479410073189626,0.16269794208508065,-0.3536820672186543,0.2840938657548618,16.0,0.20362527438764194,0.2188181848548936,-0.2252583679279495,0.6325089167032334,USD_CAD,14,30,2,short,53
19.0,-0.3684210526315789,0.21912273678590866,-0.7979016167319599,0.06105951146880201,9.0,0.3333333333333333,0.3333333333333333,-0.32,0.9866666666666666,USD_CAD,14,30,3,short,28
8.0,0.5,0.32732683535398854,-0.14156059729381754,1.1415605972938176,4.0,0.5,0.5,-0.48,1.48,USD_CAD,14,30,4,short,12
156.0,0.09270021691584253,0.07632173924686678,-0.05689039200801636,0.2422908258397014,67.0,0.09507377050266215,0.11391390593021096,-0.12819748512055135,0.3183450261258756,USD_CAD,14,35,1,short,223
78.0,-0.014185555806504069,0.10968811708711297,-0.2291742652972455,0.20080315368423735,34.0,0.11537266884190829,0.1579945349464931,-0.1942966196532182,0.42504195733703476,USD_CAD,14,35,2,short,112
39.0,-0.10832350702402038,0.1592679512343383,-0.4204886914433234,0.20384167739528264,17.0,0.03958672312385899,0.24574506721285327,-0.44207360861333345,0.5212470548610514,USD_CAD,14,35,3,short,56
20.0,0.24932298854540974,0.21306556112426966,-0.16828551125815877,0.6669314883489783,9.0,0.4562246578159939,0.2445797873271176,-0.023151725345156582,0.9356010409771445,USD_CAD,14,35,4,short,29
,,,,,,,,,,USD_CAD,21,20,1,long,0
,,,,,,,,,,USD_CAD,21,20,2,long,0
,,,,,,,,,,USD_CAD,21,20,3,long,0
,,,,,,,,,,USD_CAD,21,20,4,long,0
4.0,-0.5,0.5,-1.48,0.48,3.0,-0.3333333333333333,0.6666666666666667,-1.6400000000000001,0.9733333333333336,USD_CAD,21,25,1,long,7
2.0,0.44892768822318546,0.5510723117768145,-0.6311740428593711,1.5290294193057419,1.0,1.0,,,,USD_CAD,21,25,2,long,3
0.0,,,,,1.0,-1.0,,,,USD_CAD,21,25,3,long,1
0.0,,,,,1.0,1.0,,,,USD_CAD,21,25,4,long,1
26.0,-0.12238360912019844,0.19471356886496177,-0.5040222040955235,0.25925498585512663,12.0,0.2543925178154469,0.27833639622509315,-0.2911468187857357,0.7999318544166295,USD_CAD,21,30,1,long,38
13.0,0.26511581327471967,0.2702400755236272,-0.26455473475158964,0.794786361301029,6.0,0.3654420254479878,0.3314639960147588,-0.28422740674093944,1.0151114576369151,USD_CAD,21,30,2,long,19
9.0,-0.1111111111111111,0.35136418446315326,-0.7997849126588914,0.5775626904366693,4.0,-0.2742460585579395,0.3122455903881527,-0.8862474157187188,0.3377552986028398,USD_CAD,21,30,3,long,13
2.0,-1.0,0.0,-1.0,-1.0,2.0,0.0,1.0,-1.96,1.96,USD_CAD,21,30,4,long,4
100.0,0.13169600191320402,0.09570760272802217,-0.05589089943371944,0.3192829032601275,44.0,0.08507669822859641,0.1410914088077296,-0.1914624630345536,0.36161585949174646,USD_CAD,21,35,1,long,144
49.0,0.03022954693196511,0.1388073757283083,-0.24183290949551917,0.3022920033594494,22.0,0.0388977136987483,0.19952798037737943,-0.35217712784091537,0.42997255523841194,USD_CAD,21,35,2,long,71
23.0,0.21739130434782608,0.20810192223064325,-0.19048846322423466,0.6252710719198868,11.0,-0.08410318164372128,0.2537029492136855,-0.581360962102545,0.41315459881510236,USD_CAD,21,35,3,long,34
13.0,0.08952155072503999,0.26955144758769933,-0.43879928654685074,0.6178423879969307,6.0,0.1097815611949861,0.410048005360853,-0.6939125293122859,0.913475651702258,USD_CAD,21,35,4,long,19
0.0,,,,,1.0,1.0,,,,USD_CAD,21,20,1,short,1
,,,,,,,,,,USD_CAD,21,20,2,short,0
,,,,,,,,,,USD_CAD,21,20,3,short,0
,,,,,,,,,,USD_CAD,21,20,4,short,0
8.0,0.25,0.3659625273556999,-0.46728655361717175,0.9672865536171718,4.0,-0.5,0.5,-1.48,0.48,USD_CAD,21,25,1,short,12
2.0,-1.0,0.0,-1.0,-1.0,1.0,1.0,,,,USD_CAD,21,25,2,short,3
1.0,1.0,,,,1.0,-1.0,,,,USD_CAD,21,25,3,short,2
0.0,,,,,1.0,-1.0,,,,USD_CAD,21,25,4,short,1
32.0,0.03323689998168178,0.17581899058054395,-0.3113683215561844,0.37784212151954794,14.0,-0.06408957029374143,0.23756708556022973,-0.5297210579917917,0.4015419174043089,USD_CAD,21,30,1,short,46
17.0,0.01285298322097403,0.24287595309013885,-0.46318388483569806,0.48888985127764617,8.0,0.029755206747067914,0.3031815248921094,-0.5644805820414666,0.6239909955356023,USD_CAD,21,30,2,short,25
8.0,-0.5,0.32732683535398854,-1.1415605972938176,0.14156059729381754,4.0,0.5,0.5,-0.48,1.48,USD_CAD,21,30,3,short,12
4.0,0.0,0.5773502691896257,-1.1316065276116665,1.1316065276116665,2.0,1.0,0.0,1.0,1.0,USD_CAD,21,30,4,short,6
88.0,0.09272032489591776,0.10248458994698666,-0.10814947140017607,0.2935901211920116,39.0,0.18432458024333354,0.14534113901731885,-0.10054405223061141,0.4691932127172785,USD_CAD,21,35,1,short,127
47.0,0.044355187328586856,0.14023169190612333,-0.2304989288074149,0.3192093034645886,21.0,0.0855126350573842,0.19694435866797622,-0.3004983079318492,0.4715235780466176,USD_CAD,21,35,2,short,68
23.0,-0.391304347826087,0.19620037384965786,-0.7758570805714163,-0.006751615080757611,10.0,0.3672974293105603,0.3000707395006037,-0.2208412201106229,0.9554360787317435,USD_CAD,21,35,3,short,33
9.0,0.3333333333333333,0.3333333333333333,-0.32,0.9866666666666666,4.0,0.5,0.5,-0.48,1.48,USD_CAD,21,35,4,short,13
,,,,,,,,,,USD_CAD,28,20,1,long,0
,,,,,,,,,,USD_CAD,28,20,2,long,0
,,,,,,,,,,USD_CAD,28,20,3,long,0
,,,,,,,,,,USD_CAD,28,20,4,long,0
,,,,,,,,,,USD_CAD,28,25,1,long,0
1.0,-0.10214462355362905,,,,1.0,1.0,,,,USD_CAD,28,25,2,long,2
,,,,,,,,,,USD_CAD,28,25,3,long,0
0.0,,,,,1.0,1.0,,,,USD_CAD,28,25,4,long,1
11.0,-0.1983612579204691,0.2954241235043789,-0.7773925399890518,0.3806700241481136,6.0,0.0,0.4472135954999579,-0.8765386471799175,0.8765386471799175,USD_CAD,28,30,1,long,17
4.0,0.0,0.5773502691896257,-1.1316065276116665,1.1316065276116665,2.0,0.44892768822318546,0.5510723117768145,-0.6311740428593711,1.5290294193057419,USD_CAD,28,30,2,long,6
2.0,-1.0,0.0,-1.0,-1.0,2.0,-0.7718311837463134,0.22816881625368657,-1.219042063603539,-0.32462030388908775,USD_CAD,28,30,3,long,4
0.0,,,,,1.0,1.0,,,,USD_CAD,28,30,4,long,1
62.0,0.12245088764985823,0.12295462623361711,-0.1185401797680313,0.3634419550677478,28.0,0.16255471301725147,0.17397266466933384,-0.17843170973464287,0.5035411357691458,USD_CAD,28,35,1,long,90
29.0,-0.03174151990376436,0.17885372965190857,-0.3822948300215051,0.31881179021397643,13.0,0.17621368845846364,0.24940057501388277,-0.31261143856874657,0.6650388154856739,USD_CAD,28,35,2,long,42
17.0,0.058823529411764705,0.2495670992423109,-0.43032798510316467,0.547975043926694,8.0,-0.13712302927896974,0.3082319831912113,-0.7412577163337439,0.4670116577758044,USD_CAD,28,35,3,long,25
7.0,-0.11945997722492573,0.3565353763699875,-0.8182693149101012,0.5793493604602498,4.0,0.5,0.5,-0.48,1.48,USD_CAD,28,35,4,long,11
,,,,,,,,,,USD_CAD,28,20,1,short,0
,,,,,,,,,,USD_CAD,28,20,2,short,0
,,,,,,,,,,USD_CAD,28,20,3,short,0
,,,,,,,,,,USD_CAD,28,20,4,short,0
1.0,1.0,,,,1.0,1.0,,,,USD_CAD,28,25,1,short,2
,,,,,,,,,,USD_CAD,28,25,2,short,0
,,,,,,,,,,USD_CAD,28,25,3,short,0
,,,,,,,,,,USD_CAD,28,25,4,short,0
9.0,0.5555555555555556,0.2939723678960656,-0.020630285520732983,1.1317413966318441,5.0,-0.6,0.4,-1.384,0.18400000000000005,USD_CAD,28,30,1,short,14
4.0,0.0,0.5773502691896257,-1.1316065276116665,1.1316065276116665,3.0,-0.3333333333333333,0.6666666666666667,-1.6400000000000001,0.9733333333333336,USD_CAD,28,30,2,short,7
2.0,0.0,1.0,-1.96,1.96,2.0,-1.0,0.0,-1.0,-1.0,USD_CAD,28,30,3,short,4
1.0,-1.0,,,,1.0,1.0,,,,USD_CAD,28,30,4,short,2
49.0,0.10185506933603133,0.13735023876671126,-0.16735139864672272,0.3710615373187854,21.0,0.038825437272379,0.20393009445303925,-0.3608775478555779,0.43852842240033596,USD_CAD,28,35,1,short,70
26.0,-0.030057664817055425,0.19621123828387102,-0.4146316918534426,0.3545163622193318,12.0,0.18650347116471191,0.2572751521343784,-0.3177558270186698,0.6907627693480936,USD_CAD,28,35,2,short,38
14.0,-0.2857142857142857,0.26578871697687523,-0.8066601709889611,0.23523159956038975,7.0,0.38185347044365753,0.3596363867704875,-0.32303384762649795,1.086740788513813,USD_CAD,28,35,3,short,21
6.0,0.3333333333333333,0.421637021355784,-0.4930752285240034,1.15974189519067,3.0,1.0,0.0,1.0,1.0,USD_CAD,28,35,4,short,9
79.0,0.042855640517480344,0.1063031614425535,-0.16549855590992452,0.2512098369448852,35.0,-0.17674119067951208,0.1646069408079411,-0.49937079466307666,0.14588841330405247,USD_CHF,7,20,1,long,114
36.0,-0.05695413606450642,0.16200635700776617,-0.37448659579972815,0.26057832367071526,16.0,0.125,0.25617376914899,-0.37710058753202036,0.6271005875320204,USD_CHF,7,20,2,long,52
21.0,-0.03173425564077266,0.21313272537056807,-0.44947439736708605,0.38600588608554076,9.0,-0.4326396094325473,0.2964300179650049,-1.013642444643957,0.1483632257788623,USD_CHF,7,20,3,long,30
9.0,0.2959953647559756,0.32600957078849985,-0.34298339398948413,0.9349741235014353,5.0,-0.2,0.48989794855663565,-1.1601999791710058,0.7601999791710059,USD_CHF,7,20,4,long,14
130.0,0.0275665228994216,0.08314517739955891,-0.13539802480371388,0.19053107060255708,57.0,-0.10852529252250741,0.13086558644021928,-0.3650218419453372,0.14797125690032237,USD_CHF,7,25,1,long,187
61.0,-0.24316287503402212,0.11994657665916612,-0.47825816528598775,-0.00806758478205652,27.0,0.18518518518518517,0.1927240401742195,-0.19255393355628508,0.5629243039266554,USD_CHF,7,25,2,long,88
39.0,0.03419437516778935,0.15812301961059108,-0.2757267432689692,0.34411549360454785,18.0,0.061457973061504134,0.23530886530824038,-0.399747402942647,0.5226633490656553,USD_CHF,7,25,3,long,57
14.0,0.11885416305741289,0.26974827737015933,-0.4098524605880993,0.6475607867029252,6.0,0.0,0.4472135954999579,-0.8765386471799175,0.8765386471799175,USD_CHF,7,25,4,long,20
188.0,0.0799525742200338,0.06909870533524337,-0.0554808882370432,0.2153860366771108,81.0,-0.07636965029361632,0.11031973173371203,-0.2925963244916919,0.13985702390445925,USD_CHF,7,30,1,long,269
102.0,-0.1881173422354898,0.09490022843754738,-0.37412178997308265,-0.002112894497896922,44.0,0.06877543519870156,0.1503915951663428,-0.22599209132733034,0.36354296172473344,USD_CHF,7,30,2,long,146
56.0,-0.021608370346248247,0.12878489390214873,-0.2740267623944597,0.23081002170196324,25.0,-0.04111051514351223,0.1957336350616542,-0.42474843986435445,0.34252740957733,USD_CHF,7,30,3,long,81
21.0,0.03161706108589431,0.2204964538734281,-0.40055598850602475,0.46379011067781334,9.0,-0.1111111111111111,0.35136418446315326,-0.7997849126588914,0.5775626904366693,USD_CHF,7,30,4,long,30
265.0,0.046595490042953755,0.059171696172257766,-0.06938103445467146,0.16257201454057896,114.0,-0.11232457678765911,0.09212428549276772,-0.29288817635348385,0.0682390227781656,USD_CHF,7,35,1,long,379
149.0,-0.15395601157066305,0.07836054916575816,-0.30754268793554906,-0.00036933520577706047,65.0,0.031171063826813356,0.12397418109055323,-0.21181833111067097,0.2741604587642977,USD_CHF,7,35,2,long,214
82.0,-0.06353742365109637,0.10751539869451178,-0.27426760509233944,0.14719275779014673,36.0,-0.11188230218299461,0.16324732919021354,-0.43184706739581313,0.20808246302982392,USD_CHF,7,35,3,long,118
30.0,0.022887847406191215,0.18075715355134858,-0.331396173554452,0.3771718683668344,13.0,0.07692307692307693,0.2878197989826109,-0.48720372908284043,0.6410498829289943,USD_CHF,7,35,4,long,43
60.0,-0.15969408472114266,0.12009001703788219,-0.39507051811539173,0.07568234867310644,27.0,-0.2790405239880477,0.185341567656978,-0.6423099965957246,0.08422894861962921,USD_CHF,7,20,1,short,87
27.0,0.22347909342619396,0.1873974294160573,-0.14381986822927836,0.5907780550816663,12.0,0.16666666666666666,0.2972941950052816,-0.41602995554368527,0.7493632888770185,USD_CHF,7,20,2,short,39
16.0,0.2184277158581134,0.2456411624946995,-0.26302896263149755,0.6998843943477244,8.0,0.5,0.32732683535398854,-0.14156059729381754,1.1415605972938176,USD_CHF,7,20,3,short,24
8.0,0.75,0.25,0.26,1.24,4.0,0.0,0.5773502691896257,-1.1316065276116665,1.1316065276116665,USD_CHF,7,20,4,short,12
130.0,-0.09006554451394821,0.08282539239409634,-0.252403313606377,0.07227222457848059,57.0,0.043261506181100244,0.13258372001831928,-0.2166025850548055,0.303125597417006,USD_CHF,7,25,1,short,187
60.0,0.1613761145980189,0.1255085776733317,-0.08462069764171123,0.40737292683774906,26.0,0.13012228858473873,0.19125466985025677,-0.2447368643217645,0.5049814414912419,USD_CHF,7,25,2,short,86
25.0,0.1552652788031825,0.1874436213101658,-0.21212421896474246,0.5226547765711075,12.0,0.3333333333333333,0.2842676218074806,-0.22383120540932872,0.8904978720759953,USD_CHF,7,25,3,short,37
16.0,0.6042396096738636,0.2000449306785521,0.21215154554390148,0.9963276738038257,8.0,0.0,0.3779644730092272,-0.7408103670980853,0.7408103670980853,USD_CHF,7,25,4,short,24
207.0,0.025033376764737946,0.06657015641468401,-0.10544412980804273,0.1555108833375186,89.0,-0.0015765172215374964,0.1056208316844026,-0.2085933473229666,0.2054403128798916,USD_CHF,7,30,1,short,296
93.0,0.15657920850813642,0.10051183808571543,-0.040423994139865804,0.35358241115613864,40.0,0.23457948758008018,0.15194266019644193,-0.06322812640494596,0.5323871015651063,USD_CHF,7,30,2,short,133
44.0,-0.07625149743819291,0.14265282950456107,-0.3558510432671326,0.20334804839074677,20.0,0.6,0.18353258709644943,0.2402761292909591,0.9597238707090409,USD_CHF,7,30,3,short,64
30.0,0.3222611251593939,0.1739680078276913,-0.01871617018288102,0.6632384205016688,13.0,-0.07692307692307693,0.2878197989826109,-0.6410498829289943,0.48720372908284043,USD_CHF,7,30,4,short,43
310.0,0.003218868669940381,0.054351693364713266,-0.10331045032489762,0.10974818766477838,133.0,0.007169756787409627,0.08617531823756436,-0.1617338669582165,0.17607338053303578,USD_CHF,7,35,1,short,443
144.0,0.06046242667005286,0.08146022870989983,-0.09919962160135079,0.2201244749414565,62.0,0.2965334511685639,0.11906148357048615,0.06317294337041104,0.5298939589667168,USD_CHF,7,35,2,short,206
63.0,-0.005635966464769657,0.1215993707108333,-0.2439707330580029,0.23269880012846358,28.0,0.5,0.16666666666666666,0.17333333333333334,0.8266666666666667,USD_CHF,7,35,3,short,91
44.0,0.2089644344526054,0.14667314661213562,-0.0785149329071804,0.4964438018123912,20.0,0.0,0.22941573387056172,-0.44965483838630094,0.44965483838630094,USD_CHF,7,35,4,short,64
11.0,0.3641060324259332,0.27866110828718915,-0.1820697398169575,0.9102818046688239,6.0,0.0,0.4472135954999579,-0.8765386471799175,0.8765386471799175,USD_CHF,14,20,1,long,17
6.0,0.0,0.4472135954999579,-0.8765386471799175,0.8765386471799175,3.0,0.3333333333333333,0.6666666666666667,-0.9733333333333336,1.6400000000000001,USD_CHF,14,20,2,long,9
0.0,,,,,1.0,1.0,,,,USD_CHF,14,20,3,long,1
1.0,-1.0,,,,1.0,1.0,,,,USD_CHF,14,20,4,long,2
44.0,-0.07756458029265381,0.14223232286008636,-0.35633993309842305,0.20121077251311545,20.0,-0.15929708368914614,0.21660890651136314,-0.5838505404514178,0.2652563730731256,USD_CHF,14,25,1,long,64
23.0,0.10226539529886618,0.20427373643886165,-0.29811112812130264,0.502641918719035,11.0,-0.2727272727272727,0.30424000964875475,-0.869037691638832,0.32358314618428663,USD_CHF,14,25,2,long,34
9.0,-0.1111111111111111,0.35136418446315326,-0.7997849126588914,0.5775626904366693,4.0,-0.5,0.5,-1.48,0.48,USD_CHF,14,25,3,long,13
5.0,0.2,0.48989794855663565,-0.7601999791710059,1.1601999791710058,3.0,-0.3333333333333333,0.6666666666666667,-1.6400000000000001,0.9733333333333336,USD_CHF,14,25,4,long,8
93.0,-0.014708115125924705,0.09888969146359808,-0.20853191039457694,0.17911568014272752,40.0,-0.12964854184457306,0.15538319140228196,-0.43419959699304567,0.17490251330389958,USD_CHF,14,30,1,long,133
42.0,0.038409746986688406,0.15210254570045054,-0.2597112425861946,0.33653073655957144,18.0,0.0,0.24253562503633302,-0.4753698250712127,0.4753698250712127,USD_CHF,14,30,2,long,60
24.0,0.01389919298099058,0.20006903900370535,-0.3782361234662719,0.40603450942825303,11.0,-0.2727272727272727,0.30424000964875475,-0.869037691638832,0.32358314618428663,USD_CHF,14,30,3,long,35
10.0,0.4,0.3055050463303893,-0.19878989080756293,0.998789890807563,5.0,-0.2,0.48989794855663565,-1.1601999791710058,0.7601999791710059,USD_CHF,14,30,4,long,15
154.0,0.05037747335233988,0.076935099728598,-0.10041532211571219,0.20117026882039196,66.0,-0.1753489933255403,0.11990986005915143,-0.4103723190414771,0.05967433239039649,USD_CHF,14,35,1,long,220
81.0,-0.08656497604278418,0.10600473077485388,-0.2943342483614978,0.12120429627592944,36.0,0.16666666666666666,0.16666666666666666,-0.16,0.4933333333333333,USD_CHF,14,35,2,long,117
44.0,0.09849046889872239,0.14841136647101047,-0.19239580938445816,0.3893767471819029,20.0,-0.24468782424464627,0.2165145252075951,-0.6690562936515326,0.1796806451622401,USD_CHF,14,35,3,long,64
15.0,0.04426388552025203,0.26196556687476436,-0.46918862555428614,0.5577163965947902,7.0,-0.14285714285714285,0.40406101782088427,-0.9348167377860761,0.6491024520717903,USD_CHF,14,35,4,long,22
5.0,0.020856548245818774,0.4437385730416558,-0.8488710549158267,0.8905841514074642,3.0,1.0,0.0,1.0,1.0,USD_CHF,14,20,1,short,8
0.0,,,,,1.0,-1.0,,,,USD_CHF,14,20,2,short,1
0.0,,,,,1.0,1.0,,,,USD_CHF,14,20,3,short,1
1.0,1.000000000000011,,,,1.0,1.0,,,,USD_CHF,14,20,4,short,2
27.0,-0.1006241170072186,0.1805191538444819,-0.45444165854240315,0.2531934245279659,12.0,0.16666666666666666,0.2972941950052816,-0.41602995554368527,0.7493632888770185,USD_CHF,14,25,1,short,39
12.0,0.5,0.2611164839335468,-0.011788308509751766,1.0117883085097517,6.0,-0.3333333333333333,0.421637021355784,-1.15974189519067,0.4930752285240034,USD_CHF,14,25,2,short,18
4.0,0.5,0.5,-0.48,1.48,2.0,1.0,0.0,1.0,1.0,USD_CHF,14,25,3,short,6
5.0,1.0,3.493323406903479e-15,0.9999999999999931,1.0000000000000069,3.0,1.0,0.0,1.0,1.0,USD_CHF,14,25,4,short,8
74.0,0.010723726045791875,0.11050396431841204,-0.20586404401829572,0.2273114961098795,33.0,-0.10709376205082685,0.17363806844133536,-0.4474243761958442,0.23323685209419046,USD_CHF,14,30,1,short,107
35.0,0.15788646130194228,0.16493140944552084,-0.16537910121127858,0.48115202381516314,15.0,0.2,0.26186146828319085,-0.313248477835054,0.7132484778350541,USD_CHF,14,30,2,short,50
15.0,0.2,0.26186146828319085,-0.313248477835054,0.7132484778350541,7.0,1.0,0.0,1.0,1.0,USD_CHF,14,30,3,short,22
10.0,0.6,0.26666666666666666,0.07733333333333337,1.1226666666666665,5.0,-0.2,0.48989794855663565,-1.1601999791710058,0.7601999791710059,USD_CHF,14,30,4,short,15
170.0,-0.05090807164040266,0.07370919791622092,-0.19537809955619567,0.09356195627539034,73.0,0.05117507199805695,0.11618335110313098,-0.17654429616407977,0.27889444016019366,USD_CHF,14,35,1,short,243
81.0,0.15019553924109066,0.10653392907914194,-0.05861096175402755,0.35900204023620885,35.0,0.1538592563557418,0.16201334264116266,-0.16368689522093702,0.4714054079324206,USD_CHF,14,35,2,short,116
35.0,-0.014790540593342755,0.16435574625161534,-0.33692780324650884,0.3073467220598233,16.0,0.375,0.23935677693908453,-0.09413928280060568,0.8441392828006057,USD_CHF,14,35,3,short,51
18.0,0.3333333333333333,0.2286647801900118,-0.1148496358390898,0.7815163025057564,9.0,-0.1111111111111111,0.35136418446315326,-0.7997849126588914,0.5775626904366693,USD_CHF,14,35,4,short,27
3.0,0.3333333333333333,0.6666666666666667,-0.9733333333333336,1.6400000000000001,2.0,1.0,0.0,1.0,1.0,USD_CHF,21,20,1,long,5
0.0,,,,,1.0,1.0,,,,USD_CHF,21,20,2,long,1
0.0,,,,,1.0,1.0,,,,USD_CHF,21,20,3,long,1
,,,,,,,,,,USD_CHF,21,20,4,long,0
9.0,0.22279626185391832,0.3238930533922999,-0.4120341227949895,0.8576266465028262,4.0,0.5,0.5,-0.48,1.48,USD_CHF,21,25,1,long,13
7.0,0.14285714285714285,0.40406101782088427,-0.6491024520717903,0.9348167377860761,3.0,0.3333333333333333,0.6666666666666667,-0.9733333333333336,1.6400000000000001,USD_CHF,21,25,2,long,10
0.0,,,,,1.0,1.0,,,,USD_CHF,21,25,3,long,1
1.0,1.0,,,,1.0,1.0,,,,USD_CHF,21,25,4,long,2
45.0,0.035270188158294045,0.14121400039995022,-0.24150925262560838,0.31204962894219646,20.0,0.040702916310853876,0.21947158822194285,-0.3894613966041541,0.4708672292258618,USD_CHF,21,30,1,long,65
23.0,0.276178438777127,0.1968149093347166,-0.10957878351891753,0.6619356610731715,10.0,-0.2,0.32659863237109044,-0.8401333194473373,0.4401333194473372,USD_CHF,21,30,2,long,33
11.0,-0.09090909090909091,0.3149183286488867,-0.7081490150609089,0.526330833242727,5.0,-0.2,0.48989794855663565,-1.1601999791710058,0.7601999791710059,USD_CHF,21,30,3,long,16
5.0,0.2,0.48989794855663565,-0.7601999791710059,1.1601999791710058,3.0,0.3333333333333333,0.6666666666666667,-0.9733333333333336,1.6400000000000001,USD_CHF,21,30,4,long,8
106.0,-0.020450532332009316,0.09374228984516154,-0.20418542042852594,0.16328435576450728,46.0,-0.12115290346707959,0.14419082458492694,-0.40376691965353634,0.1614611127193772,USD_CHF,21,35,1,long,152
55.0,-0.0570362604492273,0.12965935462809325,-0.3111685955202901,0.19709607462183545,24.0,0.08333333333333333,0.20778914433245896,-0.3239333895582862,0.49060005622495284,USD_CHF,21,35,2,long,79
27.0,0.1111111111111111,0.19490178206822872,-0.2708963817426172,0.4931186039648394,12.0,-0.16666666666666666,0.2972941950052816,-0.7493632888770185,0.41602995554368527,USD_CHF,21,35,3,long,39
11.0,0.2727272727272727,0.30424000964875475,-0.32358314618428663,0.869037691638832,5.0,-0.2,0.48989794855663565,-1.1601999791710058,0.7601999791710059,USD_CHF,21,35,4,long,16
0.0,,,,,1.0,1.0,,,,USD_CHF,21,20,1,short,1
,,,,,,,,,,USD_CHF,21,20,2,short,0
,,,,,,,,,,USD_CHF,21,20,3,short,0
,,,,,,,,,,USD_CHF,21,20,4,short,0
6.0,-0.40620634177510184,0.32880980406980503,-1.0506735577519197,0.23826087420171604,3.0,1.0,0.0,1.0,1.0,USD_CHF,21,25,1,short,9
,,,,,,,,,,USD_CHF,21,25,2,short,0
0.0,,,,,1.0,1.0,,,,USD_CHF,21,25,3,short,1
2.0,1.0000000000000056,5.551115123125783e-15,0.9999999999999947,1.0000000000000164,1.0,1.0,,,,USD_CHF,21,25,4,short,3
30.0,-0.014666420093037284,0.17638276929766472,-0.3603766479164601,0.3310438077303856,13.0,0.07692307692307693,0.28781979898261095,-0.48720372908284054,0.6410498829289943,USD_CHF,21,30,1,short,43
12.0,0.4576742185883962,0.2571487733662659,-0.04633737720948494,0.9616858143862773,6.0,-0.3333333333333333,0.421637021355784,-1.15974189519067,0.4930752285240034,USD_CHF,21,30,2,short,18
5.0,0.6,0.4000000000000001,-0.18400000000000016,1.3840000000000001,3.0,1.0,0.0,1.0,1.0,USD_CHF,21,30,3,short,8
4.0,1.0,4.509861125951243e-15,0.9999999999999911,1.0000000000000089,3.0,1.0,0.0,1.0,1.0,USD_CHF,21,30,4,short,7
98.0,-0.049134384079399435,0.09689650245786105,-0.2390515288968071,0.14078276073800822,43.0,-0.08218823599249503,0.15236527062229388,-0.380824166412191,0.21644769442720097,USD_CHF,21,35,1,short,141
52.0,0.1187188309391985,0.13505923275388967,-0.14599726525842527,0.38343492713682226,23.0,0.016659978400139445,0.20473529607444757,-0.3846212019057778,0.4179411587060567,USD_CHF,21,35,2,short,75
18.0,0.2222222222222222,0.23647127470752347,-0.24126147620452376,0.6857059206489682,9.0,0.5555555555555556,0.2939723678960656,-0.020630285520732983,1.1317413966318441,USD_CHF,21,35,3,short,27
12.0,0.3333333333333333,0.2842676218074806,-0.22383120540932872,0.8904978720759953,6.0,0.0,0.4472135954999579,-0.8765386471799175,0.8765386471799175,USD_CHF,21,35,4,short,18
0.0,,,,,1.0,1.0,,,,USD_CHF,28,20,1,long,1
0.0,,,,,1.0,1.0,,,,USD_CHF,28,20,2,long,1
0.0,,,,,1.0,1.0,,,,USD_CHF,28,20,3,long,1
,,,,,,,,,,USD_CHF,28,20,4,long,0
2.0,1.0,0.0,1.0,1.0,2.0,1.0,0.0,1.0,1.0,USD_CHF,28,25,1,long,4
1.0,1.0,,,,1.0,-1.0,,,,USD_CHF,28,25,2,long,2
0.0,,,,,1.0,1.0,,,,USD_CHF,28,25,3,long,1
,,,,,,,,,,USD_CHF,28,25,4,long,0
16.0,0.44528282646047973,0.2024347181580026,0.048510778870794635,0.8420548740501648,7.0,0.6370974829358477,0.28326562797414423,0.08189685210652498,1.1922981137651703,USD_CHF,28,30,1,long,23
12.0,0.07876816163119497,0.2877360426900048,-0.48519448204121446,0.6427308053036044,6.0,0.0,0.4472135954999579,-0.8765386471799175,0.8765386471799175,USD_CHF,28,30,2,long,18
1.0,1.0,,,,1.0,-1.0,,,,USD_CHF,28,30,3,long,2
3.0,-0.3333333333333333,0.6666666666666667,-1.6400000000000001,0.9733333333333336,2.0,1.0,0.0,1.0,1.0,USD_CHF,28,30,4,long,5
76.0,-0.07122159911679958,0.11094049937404828,-0.28866497788993417,0.14622177965633504,33.0,-0.07797071392380789,0.16998196566230375,-0.41113536662192324,0.25519393877430746,USD_CHF,28,35,1,long,109
37.0,0.19462462515480827,0.1573429681693493,-0.11376759245711637,0.503016842766733,16.0,0.0,0.2581988897471611,-0.5060698239044358,0.5060698239044358,USD_CHF,28,35,2,long,53
17.0,-0.058823529411764705,0.2495670992423109,-0.547975043926694,0.43032798510316467,8.0,0.0,0.3779644730092272,-0.7408103670980853,0.7408103670980853,USD_CHF,28,35,3,long,25
7.0,0.14285714285714285,0.40406101782088427,-0.6491024520717903,0.9348167377860761,4.0,-0.5,0.5,-1.48,0.48,USD_CHF,28,35,4,long,11
,,,,,,,,,,USD_CHF,28,20,1,short,0
,,,,,,,,,,USD_CHF,28,20,2,short,0
,,,,,,,,,,USD_CHF,28,20,3,short,0
,,,,,,,,,,USD_CHF,28,20,4,short,0
2.0,0.016479974212260495,0.9835200257877394,-1.9112192763317086,1.9441792247562297,1.0,1.0,,,,USD_CHF,28,25,1,short,3
,,,,,,,,,,USD_CHF,28,25,2,short,0
,,,,,,,,,,USD_CHF,28,25,3,short,0
,,,,,,,,,,USD_CHF,28,25,4,short,0
12.0,-0.39923048753593204,0.24213076684956614,-0.8738067905610817,0.0753458154892176,6.0,0.0,0.4472135954999579,-0.8765386471799175,0.8765386471799175,USD_CHF,28,30,1,short,18
2.0,-0.25395468846961733,0.7460453115303827,-1.7162034990691672,1.2082941221299326,1.0,-1.0,,,,USD_CHF,28,30,2,short,3
1.0,1.0,,,,1.0,1.0,,,,USD_CHF,28,30,3,short,2
2.0,1.0000000000000056,5.551115123125783e-15,0.9999999999999947,1.0000000000000164,2.0,1.0,0.0,1.0,1.0,USD_CHF,28,30,4,short,4
53.0,-0.0765237621521862,0.13056118383831214,-0.332423682475278,0.17937615817090558,23.0,-0.21739130434782608,0.20810192223064325,-0.6252710719198868,0.19048846322423466,USD_CHF,28,35,1,short,76
28.0,0.25498013165468203,0.17923430165824955,-0.09631909959548707,0.6062793629048511,12.0,0.04814565039867195,0.29064297676610334,-0.5215145840628906,0.6178058848602345,USD_CHF,28,35,2,short,40
8.0,0.25,0.3659625273556999,-0.46728655361717175,0.9672865536171718,4.0,1.0,0.0,1.0,1.0,USD_CHF,28,35,3,short,12
7.0,1.0,2.4106221707485877e-15,0.9999999999999952,1.0000000000000047,3.0,0.3333333333333333,0.6666666666666667,-0.9733333333333336,1.6400000000000001,USD_CHF,28,35,4,short,10
66.0,0.06060606060606061,0.12380672936959905,-0.18205512895835352,0.30326725017047473,29.0,0.10344827586206896,0.1879683155501371,-0.2649696226161998,0.4718661743403377,NZD_USD,7,20,1,long,95
32.0,0.0,0.17960530202677488,-0.35202639197247876,0.35202639197247876,14.0,0.14285714285714285,0.2745054065230065,-0.39517345392794984,0.6808877396422355,NZD_USD,7,20,2,long,46
16.0,0.375,0.23935677693908453,-0.09413928280060568,0.8441392828006057,8.0,0.08130410700365037,0.35529952971347717,-0.615082971234765,0.7776911852420656,NZD_USD,7,20,3,long,24
7.0,-0.14285714285714285,0.40406101782088427,-0.9348167377860761,0.6491024520717903,3.0,0.3333333333333333,0.6666666666666667,-0.9733333333333336,1.6400000000000001,NZD_USD,7,20,4,long,10
128.0,-0.0625,0.08856216954216821,-0.2360818523026497,0.11108185230264969,56.0,0.21428571428571427,0.13170777796132696,-0.04386153051848654,0.4724329590899151,NZD_USD,7,25,1,long,184
65.0,0.07692307692307693,0.12462962881553576,-0.16735099555537314,0.321197149401527,28.0,0.14285714285714285,0.1904761904761905,-0.2304761904761905,0.5161904761904762,NZD_USD,7,25,2,long,93
35.0,0.02857142857142857,0.17142857142857143,-0.30742857142857144,0.3645714285714286,16.0,0.16565205350182519,0.24734546979607586,-0.31914506729848346,0.6504491743021339,NZD_USD,7,25,3,long,51
14.0,0.14285714285714285,0.2745054065230065,-0.39517345392794984,0.6808877396422355,7.0,-0.14285714285714285,0.40406101782088427,-0.9348167377860761,0.6491024520717903,NZD_USD,7,25,4,long,21
205.0,-0.13170731707317074,0.06940408752970052,-0.2677393286313837,0.004324694485042274,88.0,0.20454545454545456,0.104944493102158,-0.0011457519347751188,0.41023666102568423,NZD_USD,7,30,1,long,293
113.0,0.1504424778761062,0.09341569255075177,-0.03265227952336727,0.33353723527557966,49.0,0.14285714285714285,0.14285714285714285,-0.13714285714285712,0.4228571428571428,NZD_USD,7,30,2,long,162
60.0,0.1,0.12953633087651184,-0.1538912085179632,0.3538912085179632,27.0,0.20927529096404457,0.18848511850439228,-0.16015554130456428,0.5787061232326534,NZD_USD,7,30,3,long,87
24.0,-0.08333333333333333,0.20778914433245896,-0.49060005622495284,0.3239333895582862,11.0,0.09090909090909091,0.3149183286488867,-0.526330833242727,0.7081490150609089,NZD_USD,7,30,4,long,35
287.0,-0.12195121951219512,0.058689889649420436,-0.23698340322505917,-0.006919035799331064,123.0,0.15447154471544716,0.08944906701092405,-0.020848626625963956,0.3297917160568583,NZD_USD,7,35,1,long,410
151.0,0.0728476821192053,0.08143272131888422,-0.08676045166580777,0.23245581590421838,66.0,0.06060606060606061,0.12380672936959905,-0.18205512895835352,0.30326725017047473,NZD_USD,7,35,2,long,217
87.0,0.12643678160919541,0.10696737930574193,-0.08321928183005878,0.3360928450484496,38.0,-0.08814650378870517,0.1618416075752158,-0.4053560546361281,0.22906304705871774,NZD_USD,7,35,3,long,125
33.0,-0.21212121212121213,0.17275385228774817,-0.5507187626051986,0.1264763383627743,15.0,0.06666666666666667,0.2666666666666666,-0.45599999999999985,0.5893333333333332,NZD_USD,7,35,4,long,48
51.0,0.058823529411764705,0.1411764705882353,-0.21788235294117647,0.3355294117647059,23.0,0.30434782608695654,0.2030866810856147,-0.09370206884084825,0.7023977210147614,NZD_USD,7,20,1,short,74
25.0,0.11234363332503686,0.2014046169476531,-0.28240941589236324,0.5070966825424369,12.0,0.0,0.30151134457776363,-0.5909622353724167,0.5909622353724167,NZD_USD,7,20,2,short,37
19.0,0.3684210526315789,0.21912273678590866,-0.06105951146880201,0.7979016167319599,9.0,-0.3333333333333333,0.3333333333333333,-0.9866666666666666,0.32,NZD_USD,7,20,3,short,28
5.0,0.6,0.4000000000000001,-0.18400000000000016,1.3840000000000001,3.0,-0.3333333333333333,0.6666666666666667,-1.6400000000000001,0.9733333333333336,NZD_USD,7,20,4,short,8
98.0,-0.08163265306122448,0.10119574325600825,-0.27997630984300065,0.11671100372055167,43.0,0.2558139534883721,0.1491690652534462,-0.03655741440838245,0.5481853213851267,NZD_USD,7,25,1,short,141
54.0,0.18164057098381334,0.13462708425681863,-0.08222851415955115,0.44550965612717786,24.0,0.25,0.2018932132718121,-0.14571069801275166,0.6457106980127516,NZD_USD,7,25,2,short,78
33.0,0.09090909090909091,0.17604469755488258,-0.25413851629847894,0.4359566981166608,15.0,-0.06666666666666667,0.2666666666666666,-0.5893333333333332,0.45599999999999985,NZD_USD,7,25,3,short,48
9.0,0.1111111111111111,0.35136418446315326,-0.5775626904366693,0.7997849126588914,4.0,0.5,0.5,-0.48,1.48,NZD_USD,7,25,4,short,13
165.0,-0.09090909090909091,0.07776353843348195,-0.24332562623871554,0.06150744442053371,71.0,0.15492957746478872,0.11807968411365159,-0.07650660339796839,0.3863657583275458,NZD_USD,7,30,1,short,236
105.0,0.007700865077389727,0.09789337488691299,-0.18417014970095974,0.1995718798557392,46.0,-0.13043478260869565,0.14779766706066041,-0.4201182100475901,0.15924864483019877,NZD_USD,7,30,2,short,151
44.0,0.045454545454545456,0.15234094902916004,-0.2531337146426082,0.34404280555169914,20.0,-0.1,0.22826577307580465,-0.5474009152285771,0.3474009152285771,NZD_USD,7,30,3,short,64
20.0,-0.2,0.22478059477960655,-0.6405699657680288,0.2405699657680288,9.0,0.3333333333333333,0.3333333333333333,-0.32,0.9866666666666666,NZD_USD,7,30,4,short,29
257.0,-0.06614785992217899,0.062363114493480955,-0.18837956432940167,0.05608384448504368,111.0,0.15315315315315314,0.09422140809040484,-0.03152080670404034,0.3378271130103466,NZD_USD,7,35,1,short,368
156.0,0.05005506944311488,0.08013196301250197,-0.10700357806138897,0.20711371694761874,68.0,-0.08823529411764706,0.12169294199918702,-0.32675346043605363,0.15028287220075948,NZD_USD,7,35,2,short,224
63.0,0.07936507936507936,0.1265995199614666,-0.16876997975939517,0.3275001384895539,28.0,0.0,0.19245008972987526,-0.3772021758705555,0.3772021758705555,NZD_USD,7,35,3,short,91
28.0,-0.07142857142857142,0.19195851781663212,-0.4476672663491704,0.3048101234920275,13.0,0.23076923076923078,0.2808833628231621,-0.319762160364167,0.7813006219026286,NZD_USD,7,35,4,short,41
4.0,0.0,0.5773502691896257,-1.1316065276116665,1.1316065276116665,2.0,-1.0,0.0,-1.0,-1.0,NZD_USD,14,20,1,long,6
4.0,-0.5,0.5,-1.48,0.48,3.0,-0.3333333333333333,0.6666666666666667,-1.6400000000000001,0.9733333333333336,NZD_USD,14,20,2,long,7
2.0,0.0,1.0,-1.96,1.96,1.0,-1.0,,,,NZD_USD,14,20,3,long,3
0.0,,,,,1.0,-1.0,,,,NZD_USD,14,20,4,long,1
27.0,0.1111111111111111,0.19490178206822872,-0.2708963817426172,0.4931186039648394,12.0,-0.16666666666666666,0.2972941950052816,-0.7493632888770185,0.41602995554368527,NZD_USD,14,25,1,long,39
16.0,-0.375,0.23935677693908453,-0.8441392828006057,0.09413928280060568,7.0,0.14285714285714285,0.40406101782088427,-0.6491024520717903,0.9348167377860761,NZD_USD,14,25,2,long,23
7.0,0.42857142857142855,0.3688555567816587,-0.29438546272062255,1.1515283198634796,4.0,0.0,0.5773502691896257,-1.1316065276116665,1.1316065276116665,NZD_USD,14,25,3,long,11
6.0,0.0,0.4472135954999579,-0.8765386471799175,0.8765386471799175,3.0,-0.3333333333333333,0.6666666666666667,-1.6400000000000001,0.9733333333333336,NZD_USD,14,25,4,long,9
79.0,0.08860759493670886,0.11278233484378002,-0.13244578135709997,0.3096609712305177,34.0,0.17647058823529413,0.17134566617751038,-0.15936691747262619,0.5123080939432144,NZD_USD,14,30,1,long,113
42.0,0.047619047619047616,0.1559965936388461,-0.25813427591309074,0.35337237115118597,18.0,0.1111111111111111,0.24103384202072908,-0.36131521924951787,0.58353744147174,NZD_USD,14,30,2,long,60
20.0,0.3,0.2188486619609662,-0.12894337744349377,0.7289433774434937,9.0,0.18338142844768923,0.32955227315607616,-0.4625410269382201,0.8293038838335985,NZD_USD,14,30,3,long,29
11.0,-0.09090909090909091,0.3149183286488867,-0.7081490150609089,0.526330833242727,6.0,0.0,0.4472135954999579,-0.8765386471799175,0.8765386471799175,NZD_USD,14,30,4,long,17
165.0,-0.04242424242424243,0.078016578274746,-0.19533673584274458,0.11048825099425974,71.0,0.2112676056338028,0.11682502170888853,-0.017709436915618715,0.44024464818322434,NZD_USD,14,35,1,long,236
89.0,0.10112359550561797,0.10605391094927404,-0.10674206995495913,0.30898926096619506,39.0,0.28205128205128205,0.15563512273509847,-0.02299355850951096,0.587096122612075,NZD_USD,14,35,2,long,128
43.0,0.16279069767441862,0.15224503969952957,-0.13560958013665936,0.4611909754854966,19.0,0.2973912029489054,0.219261174099669,-0.1323606982864458,0.7271431041842567,NZD_USD,14,35,3,long,62
18.0,0.0,0.24253562503633302,-0.4753698250712127,0.4753698250712127,8.0,0.25,0.3659625273556999,-0.46728655361717175,0.9672865536171718,NZD_USD,14,35,4,long,26
3.0,1.0,0.0,1.0,1.0,2.0,0.0,1.0,-1.96,1.96,NZD_USD,14,20,1,short,5
2.0,1.0,0.0,1.0,1.0,1.0,-1.0,,,,NZD_USD,14,20,2,short,3
3.0,0.3333333333333333,0.6666666666666667,-0.9733333333333336,1.6400000000000001,2.0,-1.0,0.0,-1.0,-1.0,NZD_USD,14,20,3,short,5
0.0,,,,,1.0,-1.0,,,,NZD_USD,14,20,4,short,1
15.0,0.2,0.26186146828319085,-0.313248477835054,0.7132484778350541,7.0,0.14285714285714285,0.40406101782088427,-0.6491024520717903,0.9348167377860761,NZD_USD,14,25,1,short,22
11.0,0.6189628030114473,0.24195331384353705,0.14473430787811475,1.09319129814478,6.0,0.0,0.4472135954999579,-0.8765386471799175,0.8765386471799175,NZD_USD,14,25,2,short,17
10.0,0.4,0.3055050463303893,-0.19878989080756293,0.998789890807563,5.0,0.2,0.48989794855663565,-0.7601999791710059,1.1601999791710058,NZD_USD,14,25,3,short,15
2.0,0.0,1.0,-1.96,1.96,1.0,-1.0,,,,NZD_USD,14,25,4,short,3
53.0,-0.05660377358490566,0.13845271428402695,-0.3279710935815985,0.2147635464117872,23.0,0.30434782608695654,0.2030866810856147,-0.09370206884084825,0.7023977210147614,NZD_USD,14,30,1,short,76
34.0,-0.005629681378649387,0.17318640479156608,-0.3450750347701189,0.33381567201282014,15.0,-0.4666666666666667,0.23637473611411156,-0.9299611494503253,-0.0033721838830080286,NZD_USD,14,30,2,short,49
25.0,0.2,0.2,-0.192,0.5920000000000001,12.0,-0.3333333333333333,0.2842676218074806,-0.8904978720759953,0.22383120540932872,NZD_USD,14,30,3,short,37
6.0,-0.3333333333333333,0.421637021355784,-1.15974189519067,0.4930752285240034,3.0,1.0,0.0,1.0,1.0,NZD_USD,14,30,4,short,9
125.0,-0.184,0.08826938240957473,-0.35700798952276647,-0.010992010477233527,54.0,-0.037037037037037035,0.13726631998291228,-0.3060790242035451,0.23200495012947103,NZD_USD,14,35,1,short,179
76.0,0.02379724780428844,0.11517399472802452,-0.20194378186263962,0.24953827747121649,33.0,-0.030303030303030304,0.1766955119650091,-0.37662623375444815,0.3160201731483875,NZD_USD,14,35,2,short,109
39.0,0.07692307692307693,0.1617407640116452,-0.24008882053974767,0.3939349743859015,17.0,-0.058823529411764705,0.2495670992423109,-0.547975043926694,0.43032798510316467,NZD_USD,14,35,3,short,56
10.0,0.2,0.3265986323710904,-0.4401333194473371,0.840133319447337,5.0,0.6,0.4000000000000001,-0.18400000000000016,1.3840000000000001,NZD_USD,14,35,4,short,15
,,,,,,,,,,NZD_USD,21,20,1,long,0
1.0,-1.0,,,,1.0,-1.0,,,,NZD_USD,21,20,2,long,2
0.0,,,,,1.0,-1.0,,,,NZD_USD,21,20,3,long,1
,,,,,,,,,,NZD_USD,21,20,4,long,0
6.0,0.3333333333333333,0.421637021355784,-0.4930752285240034,1.15974189519067,3.0,1.0,0.0,1.0,1.0,NZD_USD,21,25,1,long,9
2.0,-1.0,0.0,-1.0,-1.0,2.0,-1.0,0.0,-1.0,-1.0,NZD_USD,21,25,2,long,4
2.0,0.0,1.0,-1.96,1.96,1.0,-1.0,,,,NZD_USD,21,25,3,long,3
0.0,,,,,1.0,-1.0,,,,NZD_USD,21,25,4,long,1
27.0,0.037037037037037035,0.19598157859737708,-0.347086857013822,0.4211609310878961,12.0,0.0,0.30151134457776363,-0.5909622353724167,0.5909622353724167,NZD_USD,21,30,1,long,39
17.0,-0.17647058823529413,0.24607647839237515,-0.6587804858843495,0.30583930941376114,8.0,0.5,0.32732683535398854,-0.14156059729381754,1.1415605972938176,NZD_USD,21,30,2,long,25
8.0,0.75,0.25,0.26,1.24,4.0,0.0,0.5773502691896257,-1.1316065276116665,1.1316065276116665,NZD_USD,21,30,3,long,12
6.0,0.0,0.4472135954999579,-0.8765386471799175,0.8765386471799175,3.0,-0.3333333333333333,0.6666666666666667,-1.6400000000000001,0.9733333333333336,NZD_USD,21,30,4,long,9
102.0,0.1568627450980392,0.09827190402549002,-0.03575018679192121,0.34947567698799964,44.0,0.22727272727272727,0.14850785802073693,-0.06380267444791712,0.5183481289933717,NZD_USD,21,35,1,long,146
50.0,0.08,0.14239926622145274,-0.19910256179404734,0.35910256179404737,22.0,0.0,0.21821789023599236,-0.427707064862545,0.427707064862545,NZD_USD,21,35,2,long,72
25.0,0.04,0.20396078054371142,-0.3597631298656744,0.43976312986567434,12.0,0.22086940466910024,0.28253181184679743,-0.33289294655062274,0.7746317558888232,NZD_USD,21,35,3,long,37
14.0,0.0,0.2773500981126146,-0.5436061923007246,0.5436061923007246,6.0,0.0,0.4472135954999579,-0.8765386471799175,0.8765386471799175,NZD_USD,21,35,4,long,20
0.0,,,,,1.0,1.0,,,,NZD_USD,21,20,1,short,1
,,,,,,,,,,NZD_USD,21,20,2,short,0
0.0,,,,,1.0,-1.0,,,,NZD_USD,21,20,3,short,1
,,,,,,,,,,NZD_USD,21,20,4,short,0
3.0,1.0,0.0,1.0,1.0,2.0,0.0,1.0,-1.96,1.96,NZD_USD,21,25,1,short,5
2.0,1.0,0.0,1.0,1.0,2.0,0.0,1.0,-1.96,1.96,NZD_USD,21,25,2,short,4
2.0,0.0,1.0,-1.96,1.96,2.0,-1.0,0.0,-1.0,-1.0,NZD_USD,21,25,3,short,4
0.0,,,,,1.0,-1.0,,,,NZD_USD,21,25,4,short,1
13.0,-0.07692307692307693,0.2878197989826109,-0.6410498829289943,0.48720372908284043,6.0,0.3333333333333333,0.421637021355784,-0.4930752285240034,1.15974189519067,NZD_USD,21,30,1,short,19
12.0,0.3333333333333333,0.2842676218074806,-0.22383120540932872,0.8904978720759953,6.0,-0.3333333333333333,0.421637021355784,-1.15974189519067,0.4930752285240034,NZD_USD,21,30,2,short,18
13.0,0.07692307692307693,0.28781979898261095,-0.48720372908284054,0.6410498829289943,6.0,0.3333333333333333,0.421637021355784,-0.4930752285240034,1.15974189519067,NZD_USD,21,30,3,short,19
2.0,0.0,1.0,-1.96,1.96,1.0,1.0,,,,NZD_USD,21,30,4,short,3
60.0,-0.2,0.12755856082865613,-0.45001477922416605,0.05001477922416603,26.0,0.0,0.20000000000000004,-0.39200000000000007,0.39200000000000007,NZD_USD,21,35,1,short,86
46.0,-0.004161068845088677,0.14850791333474705,-0.2952365789811929,0.28691444129101557,20.0,-0.4,0.2102629932151387,-0.8121154667016719,0.012115466701671795,NZD_USD,21,35,2,short,66
30.0,0.06666666666666667,0.18528222234124034,-0.2964864891221644,0.4298198224554977,14.0,-0.14285714285714285,0.2745054065230065,-0.6808877396422355,0.39517345392794984,NZD_USD,21,35,3,short,44
6.0,-0.3333333333333333,0.421637021355784,-1.15974189519067,0.4930752285240034,3.0,1.0,0.0,1.0,1.0,NZD_USD,21,35,4,short,9
,,,,,,,,,,NZD_USD,28,20,1,long,0
,,,,,,,,,,NZD_USD,28,20,2,long,0
,,,,,,,,,,NZD_USD,28,20,3,long,0
,,,,,,,,,,NZD_USD,28,20,4,long,0
,,,,,,,,,,NZD_USD,28,25,1,long,0
2.0,-1.0,0.0,-1.0,-1.0,1.0,-1.0,,,,NZD_USD,28,25,2,long,3
1.0,1.0,,,,1.0,-1.0,,,,NZD_USD,28,25,3,long,2
,,,,,,,,,,NZD_USD,28,25,4,long,0
10.0,0.4,0.3055050463303893,-0.19878989080756293,0.998789890807563,5.0,1.0,0.0,1.0,1.0,NZD_USD,28,30,1,long,15
8.0,0.0,0.3779644730092272,-0.7408103670980853,0.7408103670980853,4.0,0.0,0.5773502691896257,-1.1316065276116665,1.1316065276116665,NZD_USD,28,30,2,long,12
2.0,0.0,1.0,-1.96,1.96,2.0,0.0,1.0,-1.96,1.96,NZD_USD,28,30,3,long,4
2.0,0.0,1.0,-1.96,1.96,2.0,0.0,1.0,-1.96,1.96,NZD_USD,28,30,4,long,4
55.0,0.09090909090909091,0.13551927136362363,-0.1747086809636114,0.35652686278179324,24.0,0.25,0.2018932132718121,-0.14571069801275166,0.6457106980127516,NZD_USD,28,35,1,long,79
28.0,0.0,0.19245008972987526,-0.3772021758705555,0.3772021758705555,13.0,0.38461538461538464,0.2664693550105965,-0.1376645512053845,0.9068953204361538,NZD_USD,28,35,2,long,41
14.0,0.2857142857142857,0.26578871697687523,-0.23523159956038975,0.8066601709889611,6.0,0.3333333333333333,0.421637021355784,-0.4930752285240034,1.15974189519067,NZD_USD,28,35,3,long,20
9.0,0.1111111111111111,0.35136418446315326,-0.5775626904366693,0.7997849126588914,5.0,-0.2,0.48989794855663565,-1.1601999791710058,0.7601999791710059,NZD_USD,28,35,4,long,14
,,,,,,,,,,NZD_USD,28,20,1,short,0
,,,,,,,,,,NZD_USD,28,20,2,short,0
,,,,,,,,,,NZD_USD,28,20,3,short,0
,,,,,,,,,,NZD_USD,28,20,4,short,0
1.0,1.0,,,,1.0,1.0,,,,NZD_USD,28,25,1,short,2
1.0,1.0,,,,1.0,-1.0,,,,NZD_USD,28,25,2,short,2
0.0,,,,,1.0,-1.0,,,,NZD_USD,28,25,3,short,1
,,,,,,,,,,NZD_USD,28,25,4,short,0
5.0,1.0,0.0,1.0,1.0,3.0,0.3333333333333333,0.6666666666666667,-0.9733333333333336,1.6400000000000001,NZD_USD,28,30,1,short,8
4.0,0.0,0.5773502691896257,-1.1316065276116665,1.1316065276116665,2.0,0.0,1.0,-1.96,1.96,NZD_USD,28,30,2,short,6
3.0,0.3333333333333333,0.6666666666666667,-0.9733333333333336,1.6400000000000001,2.0,-1.0,0.0,-1.0,-1.0,NZD_USD,28,30,3,short,5
1.0,1.0,,,,1.0,-1.0,,,,NZD_USD,28,30,4,short,2
29.0,-0.1724137931034483,0.1861521539674008,-0.5372720148795539,0.19244442867265732,13.0,0.23076923076923078,0.2808833628231621,-0.319762160364167,0.7813006219026286,NZD_USD,28,35,1,short,42
26.0,0.15384615384615385,0.19761896274869428,-0.23348701314128695,0.5411793208335947,12.0,-0.3333333333333333,0.2842676218074806,-0.8904978720759953,0.22383120540932872,NZD_USD,28,35,2,short,38
21.0,0.047619047619047616,0.22335313142016333,-0.3901530899644725,0.48539118520256774,9.0,0.1111111111111111,0.35136418446315326,-0.5775626904366693,0.7997849126588914,NZD_USD,28,35,3,short,30
3.0,-0.3333333333333333,0.6666666666666667,-1.6400000000000001,0.9733333333333336,2.0,0.0,1.0,-1.96,1.96,NZD_USD,28,35,4,short,5
63.0,-0.14713363654925207,0.12514191136107458,-0.3924117828169582,0.09814450971845409,28.0,0.0,0.19245008972987526,-0.3772021758705555,0.3772021758705555,USD_SEK,7,20,1,long,91
32.0,0.05979030542876057,0.1749053707151382,-0.2830242211729103,0.40260483203043146,15.0,0.06666666666666667,0.2666666666666666,-0.45599999999999985,0.5893333333333332,USD_SEK,7,20,2,long,47
15.0,-0.2,0.26186146828319085,-0.7132484778350541,0.313248477835054,7.0,-0.14285714285714285,0.40406101782088427,-0.9348167377860761,0.6491024520717903,USD_SEK,7,20,3,long,22
14.0,0.2857142857142857,0.26578871697687523,-0.23523159956038975,0.8066601709889611,6.0,0.3333333333333333,0.421637021355784,-0.4930752285240034,1.15974189519067,USD_SEK,7,20,4,long,20
125.0,-0.09015535282082303,0.0892686232462523,-0.2651218543834775,0.08481114874183147,54.0,-0.017594102672549492,0.1360645015219487,-0.284280525655569,0.24909232031047,USD_SEK,7,25,1,long,179
62.0,0.030859512479360474,0.12637661495055388,-0.21683865282372514,0.2785576777824461,27.0,0.052741216582028606,0.19339763530426915,-0.3263181486143389,0.43180058177839614,USD_SEK,7,25,2,long,89
26.0,-0.23076923076923078,0.19460170216420797,-0.6121885670110784,0.1506501054726168,12.0,0.0,0.30151134457776363,-0.5909622353724167,0.5909622353724167,USD_SEK,7,25,3,long,38
16.0,0.0,0.2581988897471611,-0.5060698239044358,0.5060698239044358,8.0,0.5,0.32732683535398854,-0.14156059729381754,1.1415605972938176,USD_SEK,7,25,4,long,24
203.0,-0.10590540877422013,0.069811859394676,-0.2427366531877851,0.030925835639344854,88.0,0.011930891541844629,0.10659421033887552,-0.1969937607223514,0.22085554380604064,USD_SEK,7,30,1,long,291
106.0,0.03691782805396555,0.09681220862634869,-0.15283410085367788,0.22666975696160896,46.0,0.009217670602495053,0.14797808427114656,-0.2808193745689522,0.2992547157739423,USD_SEK,7,30,2,long,152
45.0,0.09619385525727084,0.14854795935094076,-0.19496014507057305,0.38734785558511475,20.0,0.0,0.22941573387056172,-0.44965483838630094,0.44965483838630094,USD_SEK,7,30,3,long,65
24.0,0.16666666666666666,0.20559798491465375,-0.23630538376605467,0.569638717099388,11.0,0.2727272727272727,0.30424000964875475,-0.32358314618428663,0.869037691638832,USD_SEK,7,30,4,long,35
284.0,-0.029925345004108036,0.05932579574724117,-0.14620390466870073,0.08635321466048465,122.0,0.09057310209575678,0.09016148125178595,-0.08614340115774369,0.2672896053492573,USD_SEK,7,35,1,long,406
143.0,0.04423353686639359,0.08313740645054424,-0.11871577977667311,0.20718285350946028,62.0,0.03909698141475439,0.12724659040016276,-0.2103063357695646,0.2885002985990734,USD_SEK,7,35,2,long,205
62.0,0.021431023977051412,0.12708294491322597,-0.2276515480528715,0.27051359600697433,28.0,-0.07142857142857142,0.19195851781663212,-0.4476672663491704,0.3048101234920275,USD_SEK,7,35,3,long,90
36.0,0.16666666666666666,0.1666666666666667,-0.16000000000000011,0.4933333333333334,16.0,0.125,0.25617376914899,-0.37710058753202036,0.6271005875320204,USD_SEK,7,35,4,long,52
69.0,-0.291836566067348,0.11484055954272669,-0.5169240627710923,-0.06674906936360367,30.0,0.2,0.18194353045893685,-0.1566093196995162,0.5566093196995162,USD_SEK,7,20,1,short,99
35.0,0.22039086869481198,0.16328079834304576,-0.0996394960575577,0.5404212334471816,15.0,0.3333333333333333,0.25197631533948484,-0.16054024473205697,0.8272069113987236,USD_SEK,7,20,2,short,50
21.0,0.047619047619047616,0.22335313142016328,-0.3901530899644724,0.48539118520256763,10.0,0.2,0.32659863237109044,-0.4401333194473372,0.8401333194473373,USD_SEK,7,20,3,short,31
4.0,0.0,0.5773502691896257,-1.1316065276116665,1.1316065276116665,3.0,0.3333333333333333,0.6666666666666667,-0.9733333333333336,1.6400000000000001,USD_SEK,7,20,4,short,7
125.0,-0.2864593316881869,0.08484813086137488,-0.45276166817648167,-0.12015699519989212,55.0,0.05454545454545454,0.1358801755216181,-0.21177968947691692,0.320870598567826,USD_SEK,7,25,1,short,180
58.0,0.21920138628135205,0.12737674503838484,-0.03045703399388222,0.4688598065565863,26.0,0.15384615384615385,0.19761896274869428,-0.23348701314128695,0.5411793208335947,USD_SEK,7,25,2,short,84
36.0,0.16666666666666666,0.16666666666666666,-0.16,0.4933333333333333,16.0,0.375,0.23935677693908453,-0.09413928280060568,0.8441392828006057,USD_SEK,7,25,3,short,52
9.0,-0.3333333333333333,0.3333333333333333,-0.9866666666666666,0.32,5.0,0.6,0.4000000000000001,-0.18400000000000016,1.3840000000000001,USD_SEK,7,25,4,short,14
201.0,-0.1482956042836983,0.06936541463843116,-0.2842518169750234,-0.012339391592373239,87.0,-0.034482758620689655,0.10776864428120184,-0.24570930141184527,0.17674378417046593,USD_SEK,7,30,1,short,288
101.0,0.13577901390414274,0.09828435784050803,-0.056858327463253006,0.32841635527153845,44.0,0.09090909090909091,0.1518671035608285,-0.20675043207013297,0.38856861388831476,USD_SEK,7,30,2,short,145
58.0,0.13793103448275862,0.13118722590563484,-0.11919592829228565,0.3950579972578029,25.0,0.12,0.20264912204760885,-0.27719227921331335,0.5171922792133133,USD_SEK,7,30,3,short,83
21.0,-0.14285714285714285,0.2213133340689953,-0.5766312776323737,0.29091699191808795,10.0,0.2,0.32659863237109044,-0.4401333194473372,0.8401333194473373,USD_SEK,7,30,4,short,31
285.0,-0.1256400577579767,0.0585368723047574,-0.24037232747530118,-0.01090778804065222,123.0,-0.10569105691056911,0.09002865666221327,-0.2821472239685071,0.0707651101473689,USD_SEK,7,35,1,short,408
142.0,0.058634362237094784,0.08341460416655448,-0.10485826192935199,0.22212698640354156,61.0,0.08196721311475409,0.12866502865802354,-0.17021624305497207,0.33415066928448023,USD_SEK,7,35,2,short,203
81.0,0.1050278600440847,0.1106684309044143,-0.11188226452856735,0.3219379846167367,35.0,0.14285714285714285,0.16973957879600132,-0.1898324315830197,0.4755467172973054,USD_SEK,7,35,3,short,116
34.0,0.0,0.17407765595569782,-0.3411922056731677,0.3411922056731677,15.0,0.2,0.26186146828319085,-0.313248477835054,0.7132484778350541,USD_SEK,7,35,4,short,49
7.0,-0.14285714285714285,0.40406101782088427,-0.9348167377860761,0.6491024520717903,4.0,-0.5,0.5,-1.48,0.48,USD_SEK,14,20,1,long,11
2.0,0.0,1.0,-1.96,1.96,2.0,0.0,1.0,-1.96,1.96,USD_SEK,14,20,2,long,4
0.0,,,,,1.0,-1.0,,,,USD_SEK,14,20,3,long,1
0.0,,,,,1.0,1.0,,,,USD_SEK,14,20,4,long,1
30.0,0.05768602991323769,0.18393501509302812,-0.3028265996690974,0.4181986594955728,14.0,0.14285714285714285,0.2745054065230065,-0.39517345392794984,0.6808877396422355,USD_SEK,14,25,1,long,44
11.0,0.03955225834859915,0.3040945117057611,-0.5564729845946926,0.6355775012918908,5.0,0.6,0.4,-0.18400000000000005,1.384,USD_SEK,14,25,2,long,16
6.0,0.0,0.4472135954999579,-0.8765386471799175,0.8765386471799175,3.0,-0.3333333333333333,0.6666666666666667,-1.6400000000000001,0.9733333333333336,USD_SEK,14,25,3,long,9
6.0,0.3333333333333333,0.421637021355784,-0.4930752285240034,1.15974189519067,3.0,1.0,0.0,1.0,1.0,USD_SEK,14,25,4,long,9
76.0,-0.0561765671395116,0.11493240358040016,-0.2814440781570959,0.1690909438780727,33.0,0.15151515151515152,0.17473579688895147,-0.19096701038719335,0.4939973134174964,USD_SEK,14,30,1,long,109
37.0,0.17392094167120548,0.1622618278650828,-0.14411224094435682,0.49195412428676777,17.0,0.17647058823529413,0.24607647839237515,-0.30583930941376114,0.6587804858843495,USD_SEK,14,30,2,long,54
17.0,-0.058823529411764705,0.2495670992423109,-0.547975043926694,0.43032798510316467,8.0,-0.25,0.3659625273556999,-0.9672865536171718,0.46728655361717175,USD_SEK,14,30,3,long,25
11.0,0.09090909090909091,0.3149183286488867,-0.526330833242727,0.7081490150609089,5.0,0.6,0.4,-0.18400000000000005,1.384,USD_SEK,14,30,4,long,16
157.0,-0.060501897969214485,0.07969424208631082,-0.21670261245838368,0.09569881651995471,68.0,0.28014585964238714,0.11634027933133544,0.05211891215296968,0.5081728071318046,USD_SEK,14,35,1,long,225
77.0,0.11575701004831622,0.11277716976740362,-0.10528624269579488,0.3368002627924273,33.0,-0.07806021673591598,0.17443273613567428,-0.4199483795618376,0.2638279460900056,USD_SEK,14,35,2,long,110
34.0,0.058823529411764705,0.173776222559058,-0.281777866803989,0.3994249256275184,15.0,-0.2,0.26186146828319085,-0.7132484778350541,0.313248477835054,USD_SEK,14,35,3,long,49
23.0,0.30434782608695654,0.20308668108561473,-0.09370206884084831,0.7023977210147614,11.0,0.09090909090909091,0.3149183286488867,-0.526330833242727,0.7081490150609089,USD_SEK,14,35,4,long,34
14.0,-0.5238214217269274,0.22568306377523512,-0.9661602267263882,-0.08148261672746654,6.0,0.3333333333333333,0.421637021355784,-0.4930752285240034,1.15974189519067,USD_SEK,14,20,1,short,20
4.0,-0.2339959096349117,0.48175735175424356,-1.1782403190732291,0.7102484998034057,2.0,0.0,1.0,-1.96,1.96,USD_SEK,14,20,2,short,6
3.0,0.3333333333333333,0.6666666666666667,-0.9733333333333336,1.6400000000000001,2.0,0.0,1.0,-1.96,1.96,USD_SEK,14,20,3,short,5
1.0,1.0,,,,1.0,1.0,,,,USD_SEK,14,20,4,short,2
34.0,-0.3333382324757936,0.16169041676510945,-0.6502514493354081,-0.01642501561617904,15.0,-0.06666666666666667,0.2666666666666666,-0.5893333333333332,0.45599999999999985,USD_SEK,14,25,1,short,49
16.0,0.3165010225912721,0.2363025227128836,-0.14665192192597976,0.779653967108524,7.0,0.42857142857142855,0.36885555678165877,-0.29438546272062266,1.1515283198634798,USD_SEK,14,25,2,short,23
7.0,-0.14285714285714285,0.40406101782088427,-0.9348167377860761,0.6491024520717903,3.0,0.3333333333333333,0.6666666666666667,-0.9733333333333336,1.6400000000000001,USD_SEK,14,25,3,short,10
2.0,1.0,0.0,1.0,1.0,1.0,1.0,,,,USD_SEK,14,25,4,short,3
76.0,-0.2543881566339077,0.11097100046675748,-0.47189131754875235,-0.036884995719063035,33.0,0.030303030303030304,0.1766955119650091,-0.3160201731483875,0.37662623375444815,USD_SEK,14,30,1,short,109
39.0,0.36061580414000904,0.14906906695877498,0.06844043290081009,0.6527911753792079,17.0,0.29411764705882354,0.23894230601870473,-0.1742092727378377,0.7624445668554848,USD_SEK,14,30,2,short,56
23.0,0.21739130434782608,0.20810192223064325,-0.19048846322423466,0.6252710719198868,11.0,0.09090909090909091,0.3149183286488867,-0.526330833242727,0.7081490150609089,USD_SEK,14,30,3,short,34
6.0,0.3333333333333333,0.421637021355784,-0.4930752285240034,1.15974189519067,3.0,0.3333333333333333,0.6666666666666667,-0.9733333333333336,1.6400000000000001,USD_SEK,14,30,4,short,9
158.0,-0.2223843231559937,0.07748738385311187,-0.37425959550809296,-0.07050905080389447,69.0,-0.15942028985507245,0.11971689467377294,-0.3940654034156674,0.07522482370552253,USD_SEK,14,35,1,short,227
75.0,0.15618240539091224,0.11357950795506025,-0.06643343020100584,0.3787982409828303,33.0,-0.030303030303030304,0.1766955119650091,-0.37662623375444815,0.3160201731483875,USD_SEK,14,35,2,short,108
43.0,0.11627906976744186,0.15325664577635612,-0.18410395595421614,0.4166620954890998,19.0,0.15789473684210525,0.23274559932318592,-0.29828663783133913,0.6140761115155496,USD_SEK,14,35,3,short,62
17.0,-0.17647058823529413,0.24607647839237515,-0.6587804858843495,0.30583930941376114,8.0,0.5,0.32732683535398854,-0.14156059729381754,1.1415605972938176,USD_SEK,14,35,4,short,25
0.0,,,,,1.0,-1.0,,,,USD_SEK,21,20,1,long,1
,,,,,,,,,,USD_SEK,21,20,2,long,0
,,,,,,,,,,USD_SEK,21,20,3,long,0
,,,,,,,,,,USD_SEK,21,20,4,long,0
9.0,0.3333333333333333,0.3333333333333333,-0.32,0.9866666666666666,4.0,0.0,0.5773502691896257,-1.1316065276116665,1.1316065276116665,USD_SEK,21,25,1,long,13
2.0,1.0,0.0,1.0,1.0,1.0,-1.0,,,,USD_SEK,21,25,2,long,3
0.0,,,,,1.0,-1.0,,,,USD_SEK,21,25,3,long,1
,,,,,,,,,,USD_SEK,21,25,4,long,0
30.0,-0.008980636753428979,0.1842391277615304,-0.37008932716602855,0.3521280536591706,13.0,0.07692307692307693,0.2878197989826109,-0.48720372908284043,0.6410498829289943,USD_SEK,21,30,1,long,43
13.0,0.4950057570642002,0.24024414697305232,0.024127228997017636,0.9658842851313827,6.0,0.3333333333333333,0.421637021355784,-0.4930752285240034,1.15974189519067,USD_SEK,21,30,2,long,19
3.0,-1.0,0.0,-1.0,-1.0,2.0,0.0,1.0,-1.96,1.96,USD_SEK,21,30,3,long,5
5.0,0.2,0.48989794855663565,-0.7601999791710059,1.1601999791710058,3.0,1.0,0.0,1.0,1.0,USD_SEK,21,30,4,long,8
93.0,-0.03515504411400935,0.10393092738224609,-0.2388596617832117,0.16854957355519298,40.0,0.2,0.1568929081105472,-0.10751009989667248,0.5075100998966725,USD_SEK,21,35,1,long,133
46.0,0.24858858351814353,0.14302910257666068,-0.03174845753211139,0.5289256245683984,20.0,0.1,0.22826577307580465,-0.3474009152285771,0.5474009152285771,USD_SEK,21,35,2,long,66
20.0,0.2,0.22478059477960655,-0.2405699657680288,0.6405699657680288,9.0,-0.1111111111111111,0.35136418446315326,-0.7997849126588914,0.5775626904366693,USD_SEK,21,35,3,long,29
14.0,0.2857142857142857,0.26578871697687523,-0.23523159956038975,0.8066601709889611,7.0,0.14285714285714285,0.40406101782088427,-0.6491024520717903,0.9348167377860761,USD_SEK,21,35,4,long,21
3.0,-0.3333333333333333,0.6666666666666667,-1.6400000000000001,0.9733333333333336,2.0,1.0,0.0,1.0,1.0,USD_SEK,21,20,1,short,5
,,,,,,,,,,USD_SEK,21,20,2,short,0
,,,,,,,,,,USD_SEK,21,20,3,short,0
0.0,,,,,1.0,1.0,,,,USD_SEK,21,20,4,short,1
13.0,-0.33334614647515254,0.2614881804981728,-0.8458629802515711,0.17917068730126612,6.0,0.0,0.4472135954999579,-0.8765386471799175,0.8765386471799175,USD_SEK,21,25,1,short,19
3.0,-0.6453278795132156,0.3546721204867844,-1.340485235667313,0.04982947664088189,2.0,1.0,0.0,1.0,1.0,USD_SEK,21,25,2,short,5
3.0,0.3333333333333333,0.6666666666666667,-0.9733333333333336,1.6400000000000001,2.0,0.0,1.0,-1.96,1.96,USD_SEK,21,25,3,short,5
1.0,1.0,,,,1.0,1.0,,,,USD_SEK,21,25,4,short,2
36.0,-0.25926388622713836,0.16107619888821748,-0.5749732360480446,0.0564454635937679,16.0,0.0,0.2581988897471611,-0.5060698239044358,0.5060698239044358,USD_SEK,21,30,1,short,52
20.0,0.4532008180730177,0.1979917493263264,0.06513698939341794,0.8412646467526175,9.0,0.3333333333333333,0.3333333333333333,-0.32,0.9866666666666666,USD_SEK,21,30,2,short,29
7.0,0.14285714285714285,0.40406101782088427,-0.6491024520717903,0.9348167377860761,3.0,0.3333333333333333,0.6666666666666667,-0.9733333333333336,1.6400000000000001,USD_SEK,21,30,3,short,10
2.0,1.0,0.0,1.0,1.0,1.0,1.0,,,,USD_SEK,21,30,4,short,3
90.0,-0.3259277767130776,0.09965647598566132,-0.5212544696449738,-0.1306010837811814,39.0,-0.07692307692307693,0.16174076401164517,-0.39393497438590147,0.24008882053974762,USD_SEK,21,35,1,short,129
43.0,0.23404689212698496,0.14816830382535487,-0.05636298337071058,0.5244567676246805,19.0,0.3684210526315789,0.21912273678590868,-0.061059511468802063,0.7979016167319599,USD_SEK,21,35,2,short,62
30.0,0.13333333333333333,0.1840373108931074,-0.22737979601715716,0.4940464626838238,13.0,0.07692307692307693,0.28781979898261095,-0.48720372908284054,0.6410498829289943,USD_SEK,21,35,3,short,43
11.0,-0.09090909090909091,0.3149183286488867,-0.7081490150609089,0.526330833242727,5.0,0.2,0.48989794855663565,-0.7601999791710059,1.1601999791710058,USD_SEK,21,35,4,short,16
,,,,,,,,,,USD_SEK,28,20,1,long,0
,,,,,,,,,,USD_SEK,28,20,2,long,0
,,,,,,,,,,USD_SEK,28,20,3,long,0
,,,,,,,,,,USD_SEK,28,20,4,long,0
1.0,1.0,,,,1.0,-1.0,,,,USD_SEK,28,25,1,long,2
,,,,,,,,,,USD_SEK,28,25,2,long,0
0.0,,,,,1.0,-1.0,,,,USD_SEK,28,25,3,long,1
,,,,,,,,,,USD_SEK,28,25,4,long,0
14.0,-0.2857142857142857,0.26578871697687523,-0.8066601709889611,0.23523159956038975,6.0,0.3333333333333333,0.421637021355784,-0.4930752285240034,1.15974189519067,USD_SEK,28,30,1,long,20
4.0,0.5,0.5,-0.48,1.48,3.0,0.3333333333333333,0.6666666666666667,-0.9733333333333336,1.6400000000000001,USD_SEK,28,30,2,long,7
1.0,-1.0,,,,1.0,-1.0,,,,USD_SEK,28,30,3,long,2
2.0,0.0,1.0,-1.96,1.96,1.0,1.0,,,,USD_SEK,28,30,4,long,3
53.0,-0.023951303822695648,0.13802376718021117,-0.2944778874959096,0.24657527985051828,24.0,0.16666666666666666,0.20559798491465375,-0.23630538376605467,0.569638717099388,USD_SEK,28,35,1,long,77
28.0,0.26553838720837863,0.1826284875512091,-0.09241344839199123,0.6234902228087484,13.0,-0.07692307692307693,0.2878197989826109,-0.6410498829289943,0.48720372908284043,USD_SEK,28,35,2,long,41
12.0,0.16666666666666666,0.2972941950052816,-0.41602995554368527,0.7493632888770185,6.0,0.0,0.4472135954999579,-0.8765386471799175,0.8765386471799175,USD_SEK,28,35,3,long,18
9.0,0.1111111111111111,0.35136418446315326,-0.5775626904366693,0.7997849126588914,4.0,0.5,0.5,-0.48,1.48,USD_SEK,28,35,4,long,13
,,,,,,,,,,USD_SEK,28,20,1,short,0
,,,,,,,,,,USD_SEK,28,20,2,short,0
,,,,,,,,,,USD_SEK,28,20,3,short,0
,,,,,,,,,,USD_SEK,28,20,4,short,0
4.0,-0.8333749760442457,0.16662502395575426,-1.159960022997524,-0.5067899290909674,3.0,1.0,0.0,1.0,1.0,USD_SEK,28,25,1,short,7
1.0,0.06401636146035321,,,,1.0,1.0,,,,USD_SEK,28,25,2,short,2
,,,,,,,,,,USD_SEK,28,25,3,short,0
0.0,,,,,1.0,1.0,,,,USD_SEK,28,25,4,short,1
21.0,-0.20635713829414204,0.21390348038677767,-0.6256079598522263,0.2128936832639422,9.0,-0.1111111111111111,0.35136418446315326,-0.7997849126588914,0.5775626904366693,USD_SEK,28,30,1,short,30
7.0,0.009145194494336182,0.3780750949738452,-0.7318819916544005,0.7501723806430728,3.0,-0.3333333333333333,0.6666666666666667,-1.6400000000000001,0.9733333333333336,USD_SEK,28,30,2,short,10
3.0,0.3333333333333333,0.6666666666666667,-0.9733333333333336,1.6400000000000001,2.0,0.0,1.0,-1.96,1.96,USD_SEK,28,30,3,short,5
2.0,1.0,0.0,1.0,1.0,1.0,1.0,,,,USD_SEK,28,30,4,short,3
61.0,-0.26776229351109804,0.12340537711655346,-0.5096368326595428,-0.025887754362653254,27.0,-0.1111111111111111,0.19490178206822872,-0.4931186039648394,0.2708963817426172,USD_SEK,28,35,1,short,88
30.0,0.16880054538201178,0.1798763603812885,-0.1837571209653137,0.5213582117293373,13.0,0.07692307692307693,0.28781979898261095,-0.48720372908284054,0.6410498829289943,USD_SEK,28,35,2,short,43
18.0,0.1111111111111111,0.24103384202072908,-0.36131521924951787,0.58353744147174,9.0,0.1111111111111111,0.35136418446315326,-0.5775626904366693,0.7997849126588914,USD_SEK,28,35,3,short,27
5.0,0.2,0.48989794855663565,-0.7601999791710059,1.1601999791710058,3.0,-0.3333333333333333,0.6666666666666667,-1.6400000000000001,0.9733333333333336,USD_SEK,28,35,4,short,8
54.0,-0.30760184820206604,0.12956181859400223,-0.5615430126463103,-0.05366068375782168,24.0,-0.07594102324901798,0.19908006970186326,-0.46613795986466994,0.314255913366634,AUD_CHF,7,20,1,long,78
31.0,-0.19180550807072336,0.17616722633186588,-0.5370932716811805,0.15348225553973374,14.0,-0.14285714285714285,0.2745054065230065,-0.6808877396422355,0.39517345392794984,AUD_CHF,7,20,2,long,45
13.0,-0.07835970496516113,0.2646278287265246,-0.5970302492691494,0.44031083933882714,6.0,0.0,0.4472135954999579,-0.8765386471799175,0.8765386471799175,AUD_CHF,7,20,3,long,19
7.0,-0.42857142857142855,0.36885555678165877,-1.1515283198634798,0.29438546272062266,4.0,-0.5,0.5,-1.48,0.48,AUD_CHF,7,20,4,long,11
100.0,-0.10495637306285589,0.09818198353152968,-0.29739306078465405,0.08748031465894228,44.0,-0.1486602960555654,0.14562437669165834,-0.43408407437121577,0.13676348226008495,AUD_CHF,7,25,1,long,144
54.0,-0.07064641707469775,0.13446920200320897,-0.3342060530009873,0.1929132188515918,24.0,-0.16666666666666666,0.20559798491465375,-0.569638717099388,0.23630538376605467,AUD_CHF,7,25,2,long,78
24.0,0.16483187287418688,0.1899855645309295,-0.2075398336064349,0.5372035793548087,11.0,0.09090909090909091,0.3149183286488867,-0.526330833242727,0.7081490150609089,AUD_CHF,7,25,3,long,35
8.0,-0.5,0.32732683535398854,-1.1415605972938176,0.14156059729381754,4.0,-0.5,0.5,-1.48,0.48,AUD_CHF,7,25,4,long,12
179.0,-0.02969942018511012,0.07381962988321461,-0.17438589475621075,0.1149870543859905,78.0,-0.026899413186699306,0.11023062221885427,-0.24295143273565367,0.18915260636225506,AUD_CHF,7,30,1,long,257
104.0,0.06694194167625073,0.0956567737191402,-0.12054533481326407,0.2544292181657655,45.0,-0.06666666666666667,0.15042028661807097,-0.36149042843808576,0.22815709510475246,AUD_CHF,7,30,2,long,149
51.0,-0.13811833433371598,0.13518807647614348,-0.4030869642269572,0.12685029555952523,22.0,0.09090909090909091,0.21731429260625335,-0.33502692259916567,0.5168451044173474,AUD_CHF,7,30,3,long,73
19.0,0.05263157894736842,0.23537557657892524,-0.40870455114732507,0.5139677090420619,9.0,-0.1111111111111111,0.35136418446315326,-0.7997849126588914,0.5775626904366693,AUD_CHF,7,30,4,long,28
267.0,0.03902167580556851,0.06015523489167709,-0.07888258458211858,0.1569259361932556,115.0,-0.06172308024836996,0.09143151908496722,-0.24092885765490568,0.11748269715816577,AUD_CHF,7,35,1,long,382
152.0,0.08080767033336769,0.07937143044670789,-0.07476033334217977,0.23637567400891515,66.0,-0.12318963643819163,0.12119181829843487,-0.36072560030312395,0.11434632742674071,AUD_CHF,7,35,2,long,218
73.0,-0.16140413036746626,0.11123301228861696,-0.3794208344531555,0.05661257371822298,32.0,0.0,0.17960530202677488,-0.35202639197247876,0.35202639197247876,AUD_CHF,7,35,3,long,105
32.0,0.03421667680281229,0.1766955515905588,-0.31210660431468296,0.3805399579203076,14.0,0.14285714285714285,0.2745054065230065,-0.39517345392794984,0.6808877396422355,AUD_CHF,7,35,4,long,46
56.0,0.03571428571428571,0.13475395017289296,-0.2284034566245845,0.2998320280531559,24.0,0.16666666666666666,0.20559798491465375,-0.23630538376605467,0.569638717099388,AUD_CHF,7,20,1,short,80
30.0,0.2,0.18194353045893685,-0.1566093196995162,0.5566093196995162,14.0,0.0,0.2773500981126146,-0.5436061923007246,0.5436061923007246,AUD_CHF,7,20,2,short,44
18.0,0.5126167677679193,0.20066562541114605,0.11931214196207307,0.9059213935737656,8.0,0.25,0.3659625273556999,-0.46728655361717175,0.9672865536171718,AUD_CHF,7,20,3,short,26
7.0,-0.42857142857142855,0.3688555567816587,-1.1515283198634796,0.29438546272062255,3.0,0.3333333333333333,0.6666666666666667,-0.9733333333333336,1.6400000000000001,AUD_CHF,7,20,4,short,10
105.0,-0.05975606153957338,0.09744931776873053,-0.2507567243662852,0.13124460128713844,46.0,0.21739130434782608,0.1455060915711436,-0.06780063513161541,0.5025832438272676,AUD_CHF,7,25,1,short,151
62.0,0.12903225806451613,0.1269665424096257,-0.11982216505835025,0.3778866811873825,27.0,-0.037037037037037035,0.19598157859737708,-0.4211609310878961,0.347086857013822,AUD_CHF,7,25,2,short,89
28.0,0.3295393507079481,0.17821455061299982,-0.019761168493531545,0.6788398699094278,12.0,0.3333333333333333,0.2842676218074806,-0.22383120540932872,0.8904978720759953,AUD_CHF,7,25,3,short,40
10.0,-0.4,0.30550504633038933,-0.9987898908075631,0.19878989080756304,5.0,0.2,0.48989794855663565,-0.7601999791710059,1.1601999791710058,AUD_CHF,7,25,4,short,15
196.0,0.03626424884910668,0.0712817596847565,-0.10344800013301605,0.1759764978312294,84.0,0.21428571428571427,0.10721454859092099,0.004145199047509152,0.4244262295239194,AUD_CHF,7,30,1,short,280
105.0,0.03397869887641507,0.09718967761950019,-0.15651306925780528,0.22447046701063544,46.0,0.0,0.14907119849998599,-0.2921795490599725,0.2921795490599725,AUD_CHF,7,30,2,short,151
48.0,0.23389795457963639,0.14032886128929575,-0.041146613547383276,0.5089425227066561,21.0,0.42857142857142855,0.20203050891044214,0.03259163110696195,0.8245512260358951,AUD_CHF,7,30,3,short,69
21.0,-0.3333333333333333,0.21081851067789198,-0.7465376142620016,0.07987094759533497,9.0,-0.1111111111111111,0.35136418446315326,-0.7997849126588914,0.5775626904366693,AUD_CHF,7,30,4,short,30
280.0,0.024325607514316974,0.05947560378909361,-0.0922465759123065,0.14089779094094046,121.0,0.04285819528682214,0.09107583119276887,-0.13565043385100484,0.2213668244246491,AUD_CHF,7,35,1,short,401
156.0,0.07601404087317334,0.07940345406379587,-0.07961672909186657,0.23164481083821326,68.0,0.0,0.12216944435630522,-0.23945211093835822,0.23945211093835822,AUD_CHF,7,35,2,short,224
69.0,0.11923335970757315,0.11956035391396871,-0.11510493396380553,0.3535716533789518,30.0,0.2,0.18194353045893683,-0.15660931969951614,0.5566093196995161,AUD_CHF,7,35,3,short,99
33.0,-0.16513662731254758,0.17244654195401335,-0.5031318495424137,0.1728585949173186,15.0,0.06666666666666667,0.2666666666666666,-0.45599999999999985,0.5893333333333332,AUD_CHF,7,35,4,short,48
9.0,-0.6233888669901738,0.2542469077749875,-1.1217128062291493,-0.12506492775119837,4.0,0.0,0.5773502691896257,-1.1316065276116665,1.1316065276116665,AUD_CHF,14,20,1,long,13
6.0,0.0,0.4472135954999579,-0.8765386471799175,0.8765386471799175,3.0,0.3333333333333333,0.6666666666666667,-0.9733333333333336,1.6400000000000001,AUD_CHF,14,20,2,long,9
2.0,-0.48231045485494856,0.5176895451450514,-1.4969819633392494,0.5323610536293522,2.0,0.0,1.0,-1.96,1.96,AUD_CHF,14,20,3,long,4
0.0,,,,,1.0,1.0,,,,AUD_CHF,14,20,4,long,1
28.0,-0.5218035643896988,0.16071886924798665,-0.8368125481157526,-0.20679458066364498,13.0,0.07692307692307693,0.2878197989826109,-0.48720372908284043,0.6410498829289943,AUD_CHF,14,25,1,long,41
16.0,-0.375,0.23935677693908453,-0.8441392828006057,0.09413928280060568,8.0,-0.5,0.32732683535398854,-1.1415605972938176,0.14156059729381754,AUD_CHF,14,25,2,long,24
4.0,-0.2411552274274743,0.4803322031996335,-1.182606345698756,0.7002958908438073,2.0,0.0,1.0,-1.96,1.96,AUD_CHF,14,25,3,long,6
4.0,0.0,0.5773502691896257,-1.1316065276116665,1.1316065276116665,2.0,0.0,1.0,-1.96,1.96,AUD_CHF,14,25,4,long,6
68.0,-0.2500046497910738,0.11574768549228427,-0.476870113355951,-0.023139186226196623,30.0,-0.2,0.18194353045893685,-0.5566093196995162,0.1566093196995162,AUD_CHF,14,30,1,long,98
30.0,-0.09563119239470848,0.1817628178001243,-0.4518863152829521,0.26062393049353516,14.0,0.0,0.2773500981126146,-0.5436061923007246,0.5436061923007246,AUD_CHF,14,30,2,long,44
11.0,-0.3604200827008997,0.279159821996361,-0.9075733338137673,0.1867331684119679,6.0,-0.3333333333333333,0.421637021355784,-1.15974189519067,0.4930752285240034,AUD_CHF,14,30,3,long,17
7.0,-0.42857142857142855,0.36885555678165877,-1.1515283198634798,0.29438546272062266,3.0,-0.3333333333333333,0.6666666666666667,-1.6400000000000001,0.9733333333333336,AUD_CHF,14,30,4,long,10
133.0,-0.053040386771655776,0.08569274790837543,-0.2209981726720716,0.11491739912876008,58.0,-0.18174229355939445,0.12682933681526182,-0.4303277937173076,0.06684320659851872,AUD_CHF,14,35,1,long,191
75.0,0.012980816819910241,0.1147102478955327,-0.21185126905533386,0.23781290269515432,33.0,-0.09090909090909091,0.17604469755488258,-0.4359566981166608,0.25413851629847894,AUD_CHF,14,35,2,long,108
32.0,-0.1559368686306974,0.17037434308702765,-0.48987058108127157,0.1779968438198768,15.0,0.2,0.26186146828319085,-0.313248477835054,0.7132484778350541,AUD_CHF,14,35,3,long,47
14.0,-0.06464759587928617,0.2667519533098489,-0.58748142436659,0.4581862326080177,6.0,-0.3333333333333333,0.421637021355784,-1.15974189519067,0.4930752285240034,AUD_CHF,14,35,4,long,20
7.0,-0.42857142857142855,0.36885555678165877,-1.1515283198634798,0.29438546272062266,4.0,0.5,0.5,-0.48,1.48,AUD_CHF,14,20,1,short,11
,,,,,,,,,,AUD_CHF,14,20,2,short,0
1.0,0.22710181982254757,,,,1.0,1.0,,,,AUD_CHF,14,20,3,short,2
0.0,,,,,1.0,-1.0,,,,AUD_CHF,14,20,4,short,1
23.0,0.21739130434782608,0.20810192223064325,-0.19048846322423466,0.6252710719198868,11.0,-0.09090909090909091,0.3149183286488867,-0.7081490150609089,0.526330833242727,AUD_CHF,14,25,1,short,34
7.0,0.14285714285714285,0.40406101782088427,-0.6491024520717903,0.9348167377860761,3.0,1.0,0.0,1.0,1.0,AUD_CHF,14,25,2,short,10
7.0,0.6038716885460781,0.28863175265768065,0.038153453337024024,1.1695899237551322,4.0,1.0,0.0,1.0,1.0,AUD_CHF,14,25,3,short,11
2.0,-1.0,0.0,-1.0,-1.0,2.0,1.0,0.0,1.0,1.0,AUD_CHF,14,25,4,short,4
60.0,0.13333333333333333,0.12902648671863043,-0.1195585806351823,0.38622524730184893,27.0,0.18518518518518517,0.1927240401742195,-0.19255393355628508,0.5629243039266554,AUD_CHF,14,30,1,short,87
30.0,0.2,0.18194353045893685,-0.1566093196995162,0.5566093196995162,14.0,-0.14285714285714285,0.2745054065230065,-0.6808877396422355,0.39517345392794984,AUD_CHF,14,30,2,short,44
19.0,0.327742201043292,0.21636748020735205,-0.09633806016311802,0.7518224622497021,9.0,0.5555555555555556,0.2939723678960656,-0.020630285520732983,1.1317413966318441,AUD_CHF,14,30,3,short,28
4.0,-0.5,0.5,-1.48,0.48,3.0,0.3333333333333333,0.6666666666666667,-0.9733333333333336,1.6400000000000001,AUD_CHF,14,30,4,short,7
136.0,0.003154344617122352,0.08515019814966138,-0.16374004375621393,0.17004873299045864,59.0,0.3559322033898305,0.1227074082712866,0.11542568317810878,0.5964387236015523,AUD_CHF,14,35,1,short,195
74.0,0.13513513513513514,0.11596754950286203,-0.09216126189047444,0.36243153216074475,32.0,0.0,0.17960530202677488,-0.35202639197247876,0.35202639197247876,AUD_CHF,14,35,2,short,106
40.0,0.2806775454955637,0.1517005735304096,-0.016655578624039158,0.5780106696151666,18.0,0.3333333333333333,0.2286647801900118,-0.1148496358390898,0.7815163025057564,AUD_CHF,14,35,3,short,58
17.0,-0.29411764705882354,0.23894230601870473,-0.7624445668554848,0.1742092727378377,8.0,-0.25,0.3659625273556999,-0.9672865536171718,0.46728655361717175,AUD_CHF,14,35,4,short,25
2.0,0.0,1.0,-1.96,1.96,2.0,0.0,1.0,-1.96,1.96,AUD_CHF,21,20,1,long,4
1.0,-1.0,,,,1.0,1.0,,,,AUD_CHF,21,20,2,long,2
0.0,,,,,1.0,-1.0,,,,AUD_CHF,21,20,3,long,1
,,,,,,,,,,AUD_CHF,21,20,4,long,0
8.0,-0.5763124753639456,0.28330390829369406,-1.131588135619586,-0.02103681510830524,4.0,0.0,0.5773502691896257,-1.1316065276116665,1.1316065276116665,AUD_CHF,21,25,1,long,12
5.0,0.2,0.48989794855663565,-0.7601999791710059,1.1601999791710058,3.0,-0.3333333333333333,0.6666666666666667,-1.6400000000000001,0.9733333333333336,AUD_CHF,21,25,2,long,8
2.0,-0.48231045485494856,0.5176895451450514,-1.4969819633392494,0.5323610536293522,1.0,-1.0,,,,AUD_CHF,21,25,3,long,3
0.0,,,,,1.0,-1.0,,,,AUD_CHF,21,25,4,long,1
28.0,-0.4503749929611273,0.16853028178260424,-0.7806943452550317,-0.12005564066722302,13.0,-0.07692307692307693,0.28781979898261095,-0.6410498829289943,0.48720372908284054,AUD_CHF,21,30,1,long,41
13.0,0.07692307692307693,0.2878197989826109,-0.48720372908284043,0.6410498829289943,6.0,-0.3333333333333333,0.421637021355784,-1.15974189519067,0.4930752285240034,AUD_CHF,21,30,2,long,19
5.0,0.007075818058020556,0.44726956882979435,-0.8695725368483763,0.8837241729644175,3.0,-0.3333333333333333,0.6666666666666667,-1.6400000000000001,0.9733333333333336,AUD_CHF,21,30,3,long,8
4.0,0.0,0.5773502691896257,-1.1316065276116665,1.1316065276116665,2.0,0.0,1.0,-1.96,1.96,AUD_CHF,21,30,4,long,6
74.0,-0.17567994845666243,0.1130223238816205,-0.3972037032646386,0.04584380635131374,32.0,-0.25,0.1739020859100631,-0.5908480883837237,0.09084808838372366,AUD_CHF,21,35,1,long,106
45.0,-0.13042079492980566,0.14779822883253377,-0.4201053234415718,0.15926373358196053,20.0,0.1,0.22826577307580465,-0.3474009152285771,0.5474009152285771,AUD_CHF,21,35,2,long,65
14.0,-0.3546157792649926,0.24852000126659388,-0.8417149817475166,0.13248342321753137,6.0,0.0,0.4472135954999579,-0.8765386471799175,0.8765386471799175,AUD_CHF,21,35,3,long,20
9.0,-0.21167403803444518,0.3250162242523469,-0.848705837569045,0.4253577615001547,5.0,-0.6,0.4,-1.384,0.18400000000000005,AUD_CHF,21,35,4,long,14
2.0,0.0,1.0,-1.96,1.96,1.0,1.0,,,,AUD_CHF,21,20,1,short,3
,,,,,,,,,,AUD_CHF,21,20,2,short,0
,,,,,,,,,,AUD_CHF,21,20,3,short,0
0.0,,,,,1.0,-1.0,,,,AUD_CHF,21,20,4,short,1
7.0,-0.42857142857142855,0.36885555678165877,-1.1515283198634798,0.29438546272062266,4.0,0.5,0.5,-0.48,1.48,AUD_CHF,21,25,1,short,11
0.0,,,,,1.0,1.0,,,,AUD_CHF,21,25,2,short,1
1.0,1.0,,,,1.0,1.0,,,,AUD_CHF,21,25,3,short,2
0.0,,,,,1.0,-1.0,,,,AUD_CHF,21,25,4,short,1
23.0,0.30434782608695654,0.2030866810856147,-0.09370206884084825,0.7023977210147614,11.0,-0.09090909090909091,0.3149183286488867,-0.7081490150609089,0.526330833242727,AUD_CHF,21,30,1,short,34
7.0,0.42857142857142855,0.36885555678165877,-0.29438546272062266,1.1515283198634798,3.0,1.0,0.0,1.0,1.0,AUD_CHF,21,30,2,short,10
7.0,0.3181574028317925,0.35667132748612496,-0.38091839904101243,1.0172332047045973,4.0,1.0,0.0,1.0,1.0,AUD_CHF,21,30,3,short,11
2.0,-1.0,0.0,-1.0,-1.0,2.0,1.0,0.0,1.0,1.0,AUD_CHF,21,30,4,short,4
75.0,0.13090513020364938,0.11448903678990625,-0.09349338190456688,0.3553036423118656,33.0,0.15151515151515152,0.17473579688895144,-0.1909670103871933,0.4939973134174963,AUD_CHF,21,35,1,short,108
38.0,0.0,0.1643989873053573,-0.3222220151185003,0.3222220151185003,17.0,0.17647058823529413,0.24607647839237515,-0.30583930941376114,0.6587804858843495,AUD_CHF,21,35,2,short,55
25.0,0.4090840727929019,0.1819699186278051,0.052423032282403914,0.7657451133033999,11.0,0.45454545454545453,0.2816715160878121,-0.09753071698665722,1.0066216260775662,AUD_CHF,21,35,3,short,36
6.0,-0.3333333333333333,0.421637021355784,-1.15974189519067,0.4930752285240034,3.0,0.3333333333333333,0.6666666666666667,-0.9733333333333336,1.6400000000000001,AUD_CHF,21,35,4,short,9
0.0,,,,,1.0,-1.0,,,,AUD_CHF,28,20,1,long,1
,,,,,,,,,,AUD_CHF,28,20,2,long,0
0.0,,,,,1.0,-1.0,,,,AUD_CHF,28,20,3,long,1
,,,,,,,,,,AUD_CHF,28,20,4,long,0
3.0,-0.3333333333333333,0.6666666666666667,-1.6400000000000001,0.9733333333333336,2.0,0.0,1.0,-1.96,1.96,AUD_CHF,28,25,1,long,5
2.0,1.0,0.0,1.0,1.0,1.0,-1.0,,,,AUD_CHF,28,25,2,long,3
0.0,,,,,1.0,-1.0,,,,AUD_CHF,28,25,3,long,1
,,,,,,,,,,AUD_CHF,28,25,4,long,0
14.0,-0.47217855735082603,0.23475933600582716,-0.9323068559222473,-0.012050258779404799,6.0,0.0,0.4472135954999579,-0.8765386471799175,0.8765386471799175,AUD_CHF,28,30,1,long,20
7.0,0.42857142857142855,0.36885555678165877,-0.29438546272062266,1.1515283198634798,3.0,-0.3333333333333333,0.6666666666666667,-1.6400000000000001,0.9733333333333336,AUD_CHF,28,30,2,long,10
2.0,0.5176895451450514,0.48231045485494856,-0.4276389463706478,1.4630180366607506,2.0,-1.0,0.0,-1.0,-1.0,AUD_CHF,28,30,3,long,4
1.0,-1.0,,,,1.0,-1.0,,,,AUD_CHF,28,30,4,long,2
47.0,-0.3963810085672329,0.1321695879821197,-0.6554334010121875,-0.1373286161222783,21.0,-0.3333333333333333,0.21081851067789195,-0.7465376142620015,0.07987094759533492,AUD_CHF,28,35,1,long,68
29.0,0.07348497338478432,0.1852324349776596,-0.28957059917142847,0.4365405459409971,13.0,-0.07692307692307693,0.2878197989826109,-0.6410498829289943,0.48720372908284043,AUD_CHF,28,35,2,long,42
9.0,-0.2182912121899886,0.3243025036768094,-0.853924119396535,0.4173416950165578,5.0,-0.6,0.4,-1.384,0.18400000000000005,AUD_CHF,28,35,3,long,14
5.0,-0.2,0.48989794855663565,-1.1601999791710058,0.7601999791710059,3.0,-0.3333333333333333,0.6666666666666667,-1.6400000000000001,0.9733333333333336,AUD_CHF,28,35,4,long,8
0.0,,,,,1.0,1.0,,,,AUD_CHF,28,20,1,short,1
,,,,,,,,,,AUD_CHF,28,20,2,short,0
,,,,,,,,,,AUD_CHF,28,20,3,short,0
,,,,,,,,,,AUD_CHF,28,20,4,short,0
3.0,-1.0,0.0,-1.0,-1.0,2.0,1.0,0.0,1.0,1.0,AUD_CHF,28,25,1,short,5
,,,,,,,,,,AUD_CHF,28,25,2,short,0
,,,,,,,,,,AUD_CHF,28,25,3,short,0
0.0,,,,,1.0,-1.0,,,,AUD_CHF,28,25,4,short,1
9.0,-0.3333333333333333,0.3333333333333333,-0.9866666666666666,0.32,5.0,1.0,0.0,1.0,1.0,AUD_CHF,28,30,1,short,14
2.0,1.0,0.0,1.0,1.0,1.0,1.0,,,,AUD_CHF,28,30,2,short,3
3.0,1.0,0.0,1.0,1.0,2.0,1.0,0.0,1.0,1.0,AUD_CHF,28,30,3,short,5
0.0,,,,,1.0,-1.0,,,,AUD_CHF,28,30,4,short,1
46.0,0.043478260869565216,0.14893023279611745,-0.248424995410825,0.33538151714995545,20.0,0.2,0.22478059477960655,-0.2405699657680288,0.6405699657680288,AUD_CHF,28,35,1,short,66
14.0,0.2857142857142857,0.26578871697687523,-0.23523159956038975,0.8066601709889611,7.0,0.7142857142857143,0.2857142857142857,0.15428571428571436,1.2742857142857142,AUD_CHF,28,35,2,short,21
13.0,0.632853986140196,0.20947157348773582,0.22228970210423377,1.043418270176158,6.0,0.6666666666666666,0.33333333333333337,0.013333333333333197,1.32,AUD_CHF,28,35,3,short,19
3.0,-1.0,0.0,-1.0,-1.0,2.0,1.0,0.0,1.0,1.0,AUD_CHF,28,35,4,short,5
55.0,-0.05810658337155372,0.1239771598524488,-0.30110181668235336,0.18488864993924592,24.0,0.10983062519830138,0.19462107967288686,-0.27162669096055686,0.49128794135715964,AUD_NZD,7,20,1,long,79
37.0,-0.22682200441053335,0.14705246611777273,-0.5150448380013679,0.06140082918030121,16.0,-0.14905102180588417,0.2167242455802135,-0.5738305431431027,0.27572849953133427,AUD_NZD,7,20,2,long,53
16.0,-0.20570162257412822,0.23793316867166373,-0.6720506331705891,0.26064738802233267,8.0,-0.27738958820975435,0.32248766950627206,-0.9094654204420476,0.3546862440225389,AUD_NZD,7,20,3,long,24
6.0,-0.3002513428981514,0.41237159426042286,-1.10849966764858,0.5079969818522774,3.0,-1.0,0.0,-1.0,-1.0,AUD_NZD,7,20,4,long,9
105.0,-0.03368783255573426,0.08876663905625695,-0.2076704451059979,0.14029477999452936,46.0,0.12185209966029423,0.13159552361324417,-0.13607512662166435,0.37977932594225283,AUD_NZD,7,25,1,long,151
60.0,-0.18933818508413947,0.1159149106936315,-0.4165314100436572,0.03785503987537825,27.0,0.022784579670587158,0.17948207491729878,-0.32900028716731844,0.3745694465084928,AUD_NZD,7,25,2,long,87
28.0,-0.1370548390099638,0.1762664440697711,-0.48253706938671515,0.20842739136678756,13.0,-0.036526096079277266,0.25928296708774523,-0.5447207115712579,0.4716685194127034,AUD_NZD,7,25,3,long,41
11.0,-0.25468255067171897,0.30043786149667023,-0.8435407592051926,0.3341756578617546,6.0,-0.46761107028924437,0.32318135889869615,-1.1010465337306887,0.16582439315220004,AUD_NZD,7,25,4,long,17
186.0,0.040068961314530055,0.06665776770766421,-0.09058026339249181,0.17071818602155192,80.0,0.1599516348789457,0.10059396032202654,-0.0372125273522263,0.3571157971101177,AUD_NZD,7,30,1,long,266
107.0,-0.07856928477731563,0.08754904652379393,-0.25016541596395175,0.09302684640932048,47.0,0.02578292463143436,0.13069862579149283,-0.23038638191989155,0.28195223118276025,AUD_NZD,7,30,2,long,154
45.0,-0.003599306020826592,0.138094818265709,-0.2742651498216162,0.26706653777996303,20.0,-0.0014757053780505513,0.1960500120566022,-0.38573372900899083,0.3827823182528898,AUD_NZD,7,30,3,long,65
20.0,-0.05939138720074698,0.2095897691119423,-0.4701873346601539,0.3514045602586599,9.0,-0.42285182463727405,0.28470534012619725,-0.9808742912846207,0.1351706420100725,AUD_NZD,7,30,4,long,29
273.0,0.02919903189311372,0.05509040269965587,-0.07877815739821178,0.13717622118443923,118.0,0.22608133979794331,0.0767953501126577,0.07556245357713423,0.3766002260187524,AUD_NZD,7,35,1,long,391
158.0,-0.01444442585843865,0.07232529347784686,-0.15620200107501847,0.1273131493581412,68.0,0.07135773654687022,0.10667389765515298,-0.1377231028572296,0.28043857595097005,AUD_NZD,7,35,2,long,226
67.0,-0.07618682931260622,0.10981414097135013,-0.2914225456164525,0.13904888699124002,29.0,0.024687253471391234,0.1624641581798156,-0.29374249656104734,0.3431170035038298,AUD_NZD,7,35,3,long,96
26.0,-0.12260875938518999,0.18552330242556173,-0.48623443213929096,0.24101691336891096,12.0,-0.038785158165907364,0.22938797491758423,-0.48838558900437246,0.4108152726725577,AUD_NZD,7,35,4,long,38
58.0,0.23283528314100896,0.12225604270622856,-0.006786560563199012,0.4724571268452169,25.0,-0.2472042409887989,0.14838444112709603,-0.5380377455979071,0.04362926362030933,AUD_NZD,7,20,1,short,83
35.0,0.041654140071816885,0.1634575907780499,-0.2787227378531609,0.36203101799679466,16.0,0.11445729545496419,0.2023282349073183,-0.28210604496337965,0.511020635873308,AUD_NZD,7,20,2,short,51
17.0,0.421887731031763,0.20891711337358929,0.012410188819528045,0.831365273243998,8.0,-0.5833562014052275,0.21948082080288014,-1.0135386101788726,-0.15317379263158243,AUD_NZD,7,20,3,short,25
5.0,0.6,0.4000000000000001,-0.18400000000000016,1.3840000000000001,3.0,-0.36802894496048416,0.3640616535554231,-1.0815897859291135,0.3455318960081451,AUD_NZD,7,20,4,short,8
122.0,0.22039666023054225,0.0833419820680564,0.05704637537715171,0.3837469450839328,53.0,-0.3013298390367945,0.11033853344266825,-0.5175933645844243,-0.08506631348916474,AUD_NZD,7,25,1,short,175
62.0,0.10445118678050992,0.12027218698157693,-0.13128229970338084,0.3401846732644007,28.0,-0.10866868448659571,0.1569571597654954,-0.4163047176269667,0.19896734865377524,AUD_NZD,7,25,2,short,90
29.0,0.2861626186071758,0.16164880586733904,-0.030669040892808697,0.6029942781071602,13.0,-0.37575100440336917,0.22118691808057367,-0.8092773638412936,0.05777535503455522,AUD_NZD,7,25,3,short,42
12.0,0.5386447501976318,0.22407353559420443,0.09946062043299114,0.9778288799622725,6.0,0.2517008684208054,0.34611171240369676,-0.42667808789044026,0.9300798247320511,AUD_NZD,7,25,4,short,18
210.0,0.10345774035661545,0.06424107852135517,-0.022454773545240697,0.2293702542584716,91.0,-0.1803670012718356,0.08848191474693205,-0.3537915541758224,-0.006942448367848797,AUD_NZD,7,30,1,short,301
104.0,0.12338759040414021,0.09246506792618443,-0.057843942731181264,0.3046191235394617,45.0,-0.15798193238332187,0.12744655929228588,-0.40777718859620216,0.09181332382955845,AUD_NZD,7,30,2,short,149
51.0,0.06579898542036462,0.12720681023078315,-0.18352636263197036,0.3151243334726996,23.0,-0.2891510810192688,0.1649587833450893,-0.6124702963756438,0.03416813433710619,AUD_NZD,7,30,3,short,74
20.0,0.6271873014377707,0.1474173966132986,0.3382492040757054,0.9161253987998359,9.0,0.03846476840334177,0.31182230135396627,-0.5727069422504321,0.6496364790571156,AUD_NZD,7,30,4,short,29
312.0,0.10756298811018163,0.052900522605020615,0.003877963804341217,0.21124801241602204,134.0,-0.14558455115272967,0.07273328870531304,-0.2881417970151432,-0.0030273052903161124,AUD_NZD,7,35,1,short,446
148.0,0.11774622432074972,0.0774200403813459,-0.033997054826688244,0.2694895034681877,64.0,-0.1702304293823132,0.10389308965353589,-0.37386088510324356,0.033400026338617134,AUD_NZD,7,35,2,short,212
70.0,0.05068914943246633,0.10827315813594977,-0.16152624051399522,0.2629045393789279,31.0,-0.2690825874634502,0.1459972455493126,-0.5552371887401029,0.017072013813202447,AUD_NZD,7,35,3,short,101
28.0,0.643541927913338,0.12469716623414877,0.3991354820944064,0.8879483737322695,12.0,0.2788485763025063,0.26228922464790827,-0.23523830400739393,0.7929354566124065,AUD_NZD,7,35,4,short,40
4.0,0.0,0.5773502691896257,-1.1316065276116665,1.1316065276116665,3.0,1.0,0.0,1.0,1.0,AUD_NZD,14,20,1,long,7
1.0,-1.0,,,,1.0,-0.6658903337307264,,,,AUD_NZD,14,20,2,long,2
1.0,-1.0,,,,1.0,-1.0,,,,AUD_NZD,14,20,3,long,2
1.0,-1.0,,,,1.0,-1.0,,,,AUD_NZD,14,20,4,long,2
18.0,0.2222222222222222,0.23647127470752347,-0.24126147620452376,0.6857059206489682,8.0,0.25,0.3659625273556999,-0.46728655361717175,0.9672865536171718,AUD_NZD,14,25,1,long,26
15.0,-0.26789173792640775,0.23028598179312007,-0.7192522622409231,0.1834687863881076,7.0,0.006354565507414153,0.3627609563871333,-0.704656909011367,0.7173660400261954,AUD_NZD,14,25,2,long,22
9.0,-0.1111111111111111,0.35136418446315326,-0.7997849126588914,0.5775626904366693,4.0,-0.05477917641950876,0.449764889283044,-0.936318359414275,0.8267600065752574,AUD_NZD,14,25,3,long,13
2.0,0.0,1.0,-1.96,1.96,2.0,-1.0,0.0,-1.0,-1.0,AUD_NZD,14,25,4,long,4
70.0,-0.06942032695405284,0.11047110342418742,-0.2859436896654602,0.1471030357573545,30.0,0.0044401597177142985,0.16827077261048956,-0.32537055459884523,0.3342508740342738,AUD_NZD,14,30,1,long,100
37.0,-0.14823583250893704,0.1477937162173618,-0.43791151629496616,0.14143985127709205,16.0,-0.2633877499233068,0.22073763221629283,-0.6960335090672407,0.16925800922062711,AUD_NZD,14,30,2,long,53
18.0,-0.031430508412465405,0.2368833033347349,-0.4957217829485458,0.43286076612361496,8.0,0.2226104117902456,0.32849824245993425,-0.4212461434312255,0.8664669670117167,AUD_NZD,14,30,3,long,26
7.0,0.17121313465872737,0.3914934045452372,-0.5961139382499375,0.9385402075673922,4.0,-1.0,0.0,-1.0,-1.0,AUD_NZD,14,30,4,long,11
129.0,-0.013285389916395498,0.08158228846138314,-0.17318667530070644,0.14661589546791545,56.0,0.03067906205545935,0.12190870737536103,-0.20826200440024828,0.26962012851116696,AUD_NZD,14,35,1,long,185
80.0,-0.16048052755359957,0.1000152480919362,-0.3565104138137945,0.03554935870659537,35.0,-0.13565176874655102,0.1515260073286803,-0.43264274311076445,0.16133920561766238,AUD_NZD,14,35,2,long,115
37.0,-0.15265711534129034,0.1562826015616779,-0.458971014402179,0.15365678371959834,16.0,-0.05199939729709094,0.22903013298905725,-0.5008984579556431,0.3968996633614613,AUD_NZD,14,35,3,long,53
11.0,-0.25468255067171897,0.30043786149667023,-0.8435407592051926,0.3341756578617546,5.0,-0.7611332843470933,0.1656392190614266,-1.0857861537074893,-0.43648041498669715,AUD_NZD,14,35,4,long,16
4.0,0.5,0.5,-0.48,1.48,2.0,0.30456014099629947,0.013149428635061492,0.27878726087157896,0.33033302112102,AUD_NZD,14,20,1,short,6
4.0,-0.5,0.5,-1.48,0.48,3.0,-0.16369161658310724,0.420085757115001,-0.9870597005285092,0.6596764673622947,AUD_NZD,14,20,2,short,7
2.0,0.4836715544680201,0.5163284455319798,-0.5283321987746601,1.4956753077107003,2.0,-0.23906823010259826,0.7609317698974017,-1.7304944991015057,1.252358038896309,AUD_NZD,14,20,3,short,4
,,,,,,,,,,AUD_NZD,14,20,4,short,0
25.0,-0.014689364555885032,0.1928957901335791,-0.3927651132177001,0.36338638410593,11.0,0.26165180987364267,0.20716605087063877,-0.14439364983280933,0.6676972695800947,AUD_NZD,14,25,1,short,36
15.0,0.0132091041830081,0.25455183368552436,-0.48571248984061965,0.5121306982066358,7.0,0.2155607357500969,0.338552664554227,-0.4480024867761879,0.8791239582763818,AUD_NZD,14,25,2,short,22
9.0,-0.015333974724225992,0.32912659923698584,-0.6604221092287182,0.6297541597802662,4.0,-0.3294075083010342,0.394130545333166,-1.1019033771540396,0.44308836055197115,AUD_NZD,14,25,3,short,13
1.0,-0.0404813088025875,,,,1.0,-0.36522403938708414,,,,AUD_NZD,14,25,4,short,2
70.0,0.09470829108275189,0.11243328631840342,-0.1256609501013188,0.31507753226682256,31.0,-0.22093933530641385,0.14511723559287024,-0.5053691170684396,0.0634904464556118,AUD_NZD,14,30,1,short,101
45.0,0.1875952854562292,0.1378498691336263,-0.08259045804567836,0.45778102895813677,20.0,-0.030393883206282713,0.18475630865058426,-0.3925162481614279,0.33172848174886244,AUD_NZD,14,30,2,short,65
22.0,0.11433264324334534,0.1944501446691007,-0.26678964030809205,0.49545492679478276,10.0,-0.3418825879512567,0.2388769045740455,-0.810081320916386,0.1263161450138725,AUD_NZD,14,30,3,short,32
6.0,0.4932531151995687,0.34360087904611536,-0.18020460773081737,1.166710838129955,3.0,-0.12174134646236141,0.5900460056400705,-1.2782315175168995,1.0347488245921768,AUD_NZD,14,30,4,short,9
179.0,0.1296633624686795,0.06952539582479246,-0.006606413347913731,0.2659331382852727,77.0,-0.2171273715315731,0.08921213160105247,-0.39198314946963597,-0.042271593593510265,AUD_NZD,14,35,1,short,256
82.0,0.08794540001516678,0.1033645881789111,-0.11464919281549897,0.29053999284583254,36.0,-0.08039869993496356,0.14087218612012553,-0.3565081847304096,0.1957107848604825,AUD_NZD,14,35,2,short,118
42.0,0.08201727906996822,0.1399665099601061,-0.19231708045183973,0.3563516385917762,18.0,-0.43091227038117563,0.16765876077733546,-0.7595234415047531,-0.10230109925759812,AUD_NZD,14,35,3,short,60
17.0,0.5778685449253558,0.17730113768096145,0.23035831507067134,0.9253787747800402,8.0,0.0688358149159275,0.35189217593679517,-0.620872849920191,0.758544479752046,AUD_NZD,14,35,4,short,25
0.0,,,,,1.0,1.0,,,,AUD_NZD,21,20,1,long,1
,,,,,,,,,,AUD_NZD,21,20,2,long,0
,,,,,,,,,,AUD_NZD,21,20,3,long,0
,,,,,,,,,,AUD_NZD,21,20,4,long,0
4.0,0.0,0.5773502691896257,-1.1316065276116665,1.1316065276116665,2.0,1.0,0.0,1.0,1.0,AUD_NZD,21,25,1,long,6
0.0,,,,,1.0,-1.0,,,,AUD_NZD,21,25,2,long,1
0.0,,,,,1.0,-1.0,,,,AUD_NZD,21,25,3,long,1
0.0,,,,,1.0,-1.0,,,,AUD_NZD,21,25,4,long,1
22.0,-0.09090909090909091,0.21731429260625335,-0.5168451044173474,0.33502692259916567,10.0,0.286695754716881,0.2879685584757114,-0.2777226198955133,0.8511141293292753,AUD_NZD,21,30,1,long,32
11.0,-0.12386753691780772,0.2848589303078712,-0.6821910403212352,0.4344559664856198,5.0,-0.39110360828962015,0.37165064129823827,-1.1195388652341671,0.3373316486549269,AUD_NZD,21,30,2,long,16
8.0,0.0,0.3779644730092272,-0.7408103670980853,0.7408103670980853,4.0,-0.05477917641950876,0.449764889283044,-0.936318359414275,0.8267600065752574,AUD_NZD,21,30,3,long,12
2.0,0.0,1.0,-1.96,1.96,2.0,-1.0,0.0,-1.0,-1.0,AUD_NZD,21,30,4,long,4
76.0,-0.03972918368348178,0.10523945233951121,-0.24599851026892375,0.1665401429019602,33.0,0.04604276257612148,0.15535958601108205,-0.2584620260055993,0.3505475511578423,AUD_NZD,21,35,1,long,109
44.0,-0.07852724133571697,0.13724376527718302,-0.3475250212789957,0.19047053860756175,20.0,-0.04193751087682267,0.19893731013052543,-0.4318546387326525,0.34797961697900714,AUD_NZD,21,35,2,long,64
23.0,-0.05412830564369309,0.2065264288480066,-0.458920106185786,0.3506634948983998,11.0,-0.052387983036444166,0.2785813396082671,-0.5984074086686477,0.49363144259575936,AUD_NZD,21,35,3,long,34
6.0,0.0,0.4472135954999579,-0.8765386471799175,0.8765386471799175,3.0,-1.0,0.0,-1.0,-1.0,AUD_NZD,21,35,4,long,9
,,,,,,,,,,AUD_NZD,21,20,1,short,0
,,,,,,,,,,AUD_NZD,21,20,2,short,0
,,,,,,,,,,AUD_NZD,21,20,3,short,0
,,,,,,,,,,AUD_NZD,21,20,4,short,0
4.0,0.5,0.5,-0.48,1.48,2.0,0.6588547848156805,0.3411452151843195,-0.009789836945585773,1.3274994065769468,AUD_NZD,21,25,1,short,6
5.0,0.2,0.48989794855663565,-0.7601999791710059,1.1601999791710058,3.0,0.5029750500835594,0.25174901290253265,0.00954698479459537,0.9964031153725234,AUD_NZD,21,25,2,short,8
2.0,0.4836715544680201,0.5163284455319798,-0.5283321987746601,1.4956753077107003,2.0,-0.23906823010259826,0.7609317698974017,-1.7304944991015057,1.252358038896309,AUD_NZD,21,25,3,short,4
,,,,,,,,,,AUD_NZD,21,25,4,short,0
29.0,0.05798596310204526,0.17288163754688352,-0.2808620464898465,0.39683397269393694,13.0,0.2357076453792274,0.1889691172621324,-0.1346718244545521,0.606087115213007,AUD_NZD,21,30,1,short,42
19.0,0.06417471006035784,0.23277635642686828,-0.39206694853630397,0.5204163686570197,9.0,0.21741277325998606,0.2891255582009416,-0.3492733208138594,0.7840988673338316,AUD_NZD,21,30,2,short,28
9.0,0.1136111838314473,0.3053018064995012,-0.48478035690757504,0.7120027245704696,5.0,-0.10083022941866929,0.4013841453195395,-0.8875431542449667,0.6858826954076281,AUD_NZD,21,30,3,short,14
2.0,0.47975934559870625,0.5202406544012937,-0.5399123370278295,1.499431028225242,1.0,-0.36522403938708414,,,,AUD_NZD,21,30,4,short,3
103.0,0.04067843358115119,0.09343686256126314,-0.14245781703892457,0.22381468420122697,45.0,-0.25339456118824083,0.11967254834587689,-0.4879527559461595,-0.018836366430322132,AUD_NZD,21,35,1,short,148
56.0,0.08722270130531375,0.12377603232521464,-0.15537832205210694,0.32982372466273446,24.0,0.08307272490107748,0.17283828329397347,-0.25569031035511053,0.4218357601572655,AUD_NZD,21,35,2,short,80
25.0,0.028565984210699325,0.18154583113512954,-0.32726384481415455,0.3843958132355532,12.0,-0.4515688232927139,0.21065302528058485,-0.8644487528426602,-0.03868889374276763,AUD_NZD,21,35,3,short,37
6.0,0.15991978186623543,0.40200301477184247,-0.6280061270865758,0.9478456908190467,3.0,0.5168955064424733,0.441727264415814,-0.34888993181252215,1.3826809446974688,AUD_NZD,21,35,4,short,9
,,,,,,,,,,AUD_NZD,28,20,1,long,0
,,,,,,,,,,AUD_NZD,28,20,2,long,0
,,,,,,,,,,AUD_NZD,28,20,3,long,0
,,,,,,,,,,AUD_NZD,28,20,4,long,0
0.0,,,,,1.0,1.0,,,,AUD_NZD,28,25,1,long,1
,,,,,,,,,,AUD_NZD,28,25,2,long,0
,,,,,,,,,,AUD_NZD,28,25,3,long,0
,,,,,,,,,,AUD_NZD,28,25,4,long,0
4.0,-0.5,0.5,-1.48,0.48,3.0,1.0,0.0,1.0,1.0,AUD_NZD,28,30,1,long,7
3.0,-0.3333333333333333,0.6666666666666667,-1.6400000000000001,0.9733333333333336,2.0,0.0,1.0,-1.96,1.96,AUD_NZD,28,30,2,long,5
2.0,0.0,1.0,-1.96,1.96,1.0,-1.0,,,,AUD_NZD,28,30,3,long,3
1.0,-1.0,,,,1.0,-1.0,,,,AUD_NZD,28,30,4,long,2
43.0,-0.02421982077640522,0.1416586986370981,-0.3018708701051175,0.25343122855230704,19.0,0.18003753990012117,0.20907901800515066,-0.22975733538997412,0.5898324151902165,AUD_NZD,28,35,1,long,62
23.0,-0.2570439357568563,0.17905733117825695,-0.6079963048662399,0.0939084333525273,11.0,-0.17777436740437277,0.28887954650633074,-0.743978278556781,0.3884295437480354,AUD_NZD,28,35,2,long,34
13.0,-0.07692307692307693,0.2878197989826109,-0.6410498829289943,0.48720372908284043,6.0,-0.26271130223348094,0.3241870881697098,-0.8981179950461121,0.37269539057915024,AUD_NZD,28,35,3,long,19
4.0,0.0,0.5773502691896257,-1.1316065276116665,1.1316065276116665,2.0,-1.0,0.0,-1.0,-1.0,AUD_NZD,28,35,4,long,6
,,,,,,,,,,AUD_NZD,28,20,1,short,0
,,,,,,,,,,AUD_NZD,28,20,2,short,0
,,,,,,,,,,AUD_NZD,28,20,3,short,0
,,,,,,,,,,AUD_NZD,28,20,4,short,0
,,,,,,,,,,AUD_NZD,28,25,1,short,0
0.0,,,,,1.0,0.18476791347454646,,,,AUD_NZD,28,25,2,short,1
,,,,,,,,,,AUD_NZD,28,25,3,short,0
,,,,,,,,,,AUD_NZD,28,25,4,short,0
12.0,0.6544397171251521,0.19737951539639048,0.2675758669482268,1.0413035673020774,6.0,0.43347815420841607,0.18922138154548807,0.06260424637925949,0.8043520620375726,AUD_NZD,28,30,1,short,18
9.0,0.3333333333333333,0.3333333333333333,-0.32,0.9866666666666666,5.0,0.7017850300501356,0.18394373514633838,0.34125530916331237,1.0623147509369588,AUD_NZD,28,30,2,short,14
4.0,-0.014667894488027411,0.4083383654063752,-0.8150110906845228,0.785675301708468,2.0,-0.23906823010259826,0.7609317698974017,-1.7304944991015057,1.252358038896309,AUD_NZD,28,30,3,short,6
1.0,1.0,,,,1.0,-0.36522403938708414,,,,AUD_NZD,28,30,4,short,2
63.0,0.07376874345942804,0.1202136267491949,-0.16184996496899395,0.30938745188785005,28.0,0.026894303821762316,0.1421416814847702,-0.25170339188838725,0.3054919995319119,AUD_NZD,28,35,1,short,91
31.0,0.08521918749874893,0.17829182266320096,-0.2642327849211249,0.4346711599186228,14.0,0.2347496531017436,0.2204395872669718,-0.1973119379415211,0.6668112441450083,AUD_NZD,28,35,2,short,45
16.0,-0.04756280263881067,0.2325169565709548,-0.5032960375178821,0.4081704322402607,8.0,-0.2929555900115358,0.28698546533185887,-0.8554471020619792,0.2695359220389075,AUD_NZD,28,35,3,short,24
4.0,0.23987967279935313,0.4805786188433924,-0.702054420133696,1.1818137657324022,2.0,0.31738798030645793,0.682612019693542,-1.0205315782928845,1.6553075389058003,AUD_NZD,28,35,4,short,6
56.0,0.03513966261398963,0.12803311092973782,-0.21580523480829647,0.28608456003627575,25.0,0.6169833186601991,0.15713261052803135,0.3090034020252576,0.9249632352951405,AUD_CAD,7,20,1,long,81
32.0,-0.13306262313112727,0.17396071709029223,-0.47402562862810005,0.20790038236584552,15.0,0.43562332370490003,0.23339129789359428,-0.021823620166544766,0.8930702675763449,AUD_CAD,7,20,2,long,47
20.0,-0.6494515166869517,0.16673627839888702,-0.9762546223487703,-0.3226484110251331,9.0,0.21813655990892056,0.32431766137708945,-0.4175260563901747,0.8537991762080158,AUD_CAD,7,20,3,long,29
4.0,0.4999999999999972,0.49999999999999906,-0.48000000000000087,1.4799999999999953,3.0,0.17772022670119844,0.6040842758357965,-1.0062849539369627,1.3617254073393594,AUD_CAD,7,20,4,long,7
97.0,-0.059452190081849376,0.098041958220064,-0.2516144281931748,0.13271004802947606,42.0,0.4345292677013412,0.13514594272317054,0.16964321996392695,0.6994153154387555,AUD_CAD,7,25,1,long,139
58.0,0.07889131723871007,0.12894955388260354,-0.17384980837119285,0.331632442848613,26.0,0.07560065978948054,0.19398804364272604,-0.3046159057502625,0.4558172253292236,AUD_CAD,7,25,2,long,84
39.0,-0.42887017868719074,0.14203096656260372,-0.7072508731498941,-0.15048948422448744,18.0,0.20620016905182215,0.22360193513083046,-0.23205962380460554,0.6444599619082498,AUD_CAD,7,25,3,long,57
12.0,0.3333333333333324,0.28426762180748044,-0.22383120540932927,0.8904978720759942,6.0,0.7568022646558759,0.1681091779248667,0.42730827592313714,1.0862962533886145,AUD_CAD,7,25,4,long,18
175.0,0.032174799724274734,0.073108522259503,-0.11111790390435114,0.1754675033529006,75.0,0.33850856575785976,0.10569254914410524,0.1313511694354135,0.545665962080306,AUD_CAD,7,30,1,long,250
95.0,0.15962348999746812,0.09997699358759764,-0.036331417434223245,0.3555783974291595,41.0,-0.18467463553426056,0.14712151342946872,-0.47303280185601926,0.10368353078749815,AUD_CAD,7,30,2,long,136
60.0,-0.2770452895520297,0.12175128300047494,-0.5156778042329606,-0.03841277487109884,27.0,0.32265196455306655,0.1780467459559323,-0.026319657520560757,0.6716235866266939,AUD_CAD,7,30,3,long,87
18.0,0.33333333333333276,0.22866478019001168,-0.11484963583909014,0.7815163025057557,8.0,0.5676016984919068,0.2572847704101301,0.06332354848805177,1.0718798484957617,AUD_CAD,7,30,4,long,26
258.0,0.03164267243068036,0.06054602578562412,-0.0870275381091429,0.15031288297050363,111.0,0.3350845821605309,0.0852467718077589,0.16800090941732346,0.5021682549037383,AUD_CAD,7,35,1,long,369
145.0,0.08964823766965432,0.08159831228555003,-0.07028445441002373,0.24958092974933238,63.0,-0.15316908141079696,0.11937449609739811,-0.38714309376169725,0.08080493094010333,AUD_CAD,7,35,2,long,208
84.0,-0.20969311536443,0.10300045588594646,-0.411574008900885,-0.007812221827974947,37.0,0.1554896370488581,0.15780932994568075,-0.15381664964467617,0.46479592374239237,AUD_CAD,7,35,3,long,121
30.0,0.2388239253823442,0.177194048837863,-0.10847641033986727,0.5861242611045556,13.0,0.4635565211623502,0.2229696110769971,0.026536083451435932,0.9005769588732644,AUD_CAD,7,35,4,long,43
49.0,0.36615180752215604,0.1302044982659111,0.11095099092097027,0.6213526241233418,21.0,0.05112653673599762,0.19401717499148635,-0.3291471262473156,0.4314001997193108,AUD_CAD,7,20,1,short,70
24.0,-0.28319659575234996,0.19558772433234883,-0.6665485354437537,0.10015534393905373,11.0,0.38561176249778045,0.2542703478172336,-0.11275811922399742,0.8839816442195583,AUD_CAD,7,20,2,short,35
12.0,0.07609148612868598,0.28786140677520816,-0.488116871150722,0.640299843408094,6.0,0.15875298833376505,0.4021210215487305,-0.6294042139017466,0.9469101905692767,AUD_CAD,7,20,3,short,18
5.0,0.5783596865193392,0.39514584708865297,-0.19612617377442054,1.352845546813099,3.0,-0.21908893371838423,0.4040766919955725,-1.0110792500297063,0.5729013825929379,AUD_CAD,7,20,4,short,8
104.0,0.2615264508116075,0.09275967386259563,0.07971749004092007,0.44333541158229495,45.0,-0.09613760254996229,0.13792496039457294,-0.36647052492332527,0.1741953198234007,AUD_CAD,7,25,1,short,149
49.0,-0.15189949988432194,0.1384049695737407,-0.4231732402488537,0.11937424048020984,21.0,0.4780844705073674,0.16981807964242857,0.1452410344082074,0.8109279066065274,AUD_CAD,7,25,2,short,70
25.0,0.23652391334176973,0.19411750284716772,-0.14394639223867903,0.6169942189222185,11.0,0.28417430377848213,0.27209651560852455,-0.24913486681422597,0.8174834743711903,AUD_CAD,7,25,3,short,36
12.0,0.01954430262012864,0.27406021800018976,-0.5176137246602432,0.5567023299005005,6.0,0.2889322082766456,0.34970492119265095,-0.39648943726095026,0.9743538538142416,AUD_CAD,7,25,4,short,18
168.0,0.1961615771328661,0.07345184715294155,0.05219595671310068,0.34012719755263154,72.0,0.008250718178811893,0.11085979460296486,-0.20903447924299923,0.22553591560062303,AUD_CAD,7,30,1,short,240
94.0,0.011592389248513921,0.10106274504418206,-0.1864905910380829,0.20967536953511073,41.0,0.2247037036922331,0.14280025518359676,-0.055184796467616565,0.5045922038520828,AUD_CAD,7,30,2,short,135
43.0,0.04449064729172631,0.15235769284841832,-0.2541304306911736,0.3431117252746262,19.0,0.23536413704463435,0.21012047166307954,-0.17647198741500156,0.6472002615042702,AUD_CAD,7,30,3,short,62
23.0,-0.033281233415585545,0.20320308789034056,-0.431559285680653,0.36499681884948193,10.0,0.2772969972391502,0.26671481154103016,-0.24546403338126893,0.8000580278595693,AUD_CAD,7,30,4,short,33
266.0,0.10098806651519356,0.05936769828223762,-0.015372622117992174,0.21734875514837929,114.0,-0.008346756511137527,0.08901989434735523,-0.1828257494319538,0.16613223640967872,AUD_CAD,7,35,1,short,380
142.0,-0.04860976883734947,0.08165708771478873,-0.2086576607583354,0.11143812308363646,62.0,0.1758103418184086,0.11915249079670692,-0.05772854014313697,0.4093492237799542,AUD_CAD,7,35,2,short,204
65.0,0.05806659540681592,0.12357856051679526,-0.1841473832061028,0.3002805740197346,29.0,-0.14132414097173854,0.17151752978384713,-0.47749849934807886,0.19485021740460182,AUD_CAD,7,35,3,short,94
41.0,0.030110527596134938,0.1539753697565707,-0.27168119712674366,0.3319022523190135,18.0,-0.4015016682004722,0.20024154366078245,-0.7939750937756058,-0.009028242625338578,AUD_CAD,7,35,4,short,59
5.0,-0.2,0.48989794855663565,-1.1601999791710058,0.7601999791710059,3.0,1.0,0.0,1.0,1.0,AUD_CAD,14,20,1,long,8
2.0,0.0,1.0,-1.96,1.96,2.0,0.0,1.0,-1.96,1.96,AUD_CAD,14,20,2,long,4
2.0,0.0,1.0,-1.96,1.96,1.0,-1.0,,,,AUD_CAD,14,20,3,long,3
0.0,,,,,1.0,0.9999999999999888,,,,AUD_CAD,14,20,4,long,1
21.0,0.17373417182728293,0.21541629335749962,-0.24848176315341633,0.5959501068079822,9.0,1.0,0.0,1.0,1.0,AUD_CAD,14,25,1,long,30
14.0,0.2857142857142849,0.26578871697687506,-0.2352315995603902,0.80666017098896,6.0,0.0,0.4472135954999579,-0.8765386471799175,0.8765386471799175,AUD_CAD,14,25,2,long,20
9.0,-0.1111111111111111,0.35136418446315326,-0.7997849126588914,0.5775626904366693,5.0,-0.2,0.48989794855663565,-1.1601999791710058,0.7601999791710059,AUD_CAD,14,25,3,long,14
1.0,0.9999999999999888,,,,1.0,1.0,,,,AUD_CAD,14,25,4,long,2
57.0,0.05914405724113957,0.1258143442785543,-0.18745205754482686,0.305740172027106,25.0,0.6,0.16329931618554522,0.2799333402763314,0.9200666597236686,AUD_CAD,14,30,1,long,82
35.0,0.07834274456582649,0.16746252087530591,-0.24988379634977312,0.4065692854814261,16.0,0.25,0.25,-0.24,0.74,AUD_CAD,14,30,2,long,51
27.0,-0.36996408643477907,0.1782493925451536,-0.7193328958232801,-0.020595277046278004,12.0,0.16666666666666666,0.2972941950052816,-0.41602995554368527,0.7493632888770185,AUD_CAD,14,30,3,long,39
9.0,0.3333333333333321,0.33333333333333304,-0.3200000000000007,0.9866666666666648,4.0,0.5,0.5,-0.48,1.48,AUD_CAD,14,30,4,long,13
133.0,-0.07148705465121313,0.08309942118527336,-0.23436192017434893,0.09138781087192266,57.0,0.4994780920290625,0.11349003740846056,0.2770376187084798,0.7219185653496452,AUD_CAD,14,35,1,long,190
75.0,-0.01667569953167567,0.11409663585531093,-0.2403051058080851,0.20695370674473376,33.0,0.15047324710686347,0.1709537476109149,-0.18459609821052972,0.4855425924242567,AUD_CAD,14,35,2,long,108
48.0,-0.3276236868500092,0.1346738064090286,-0.5915843474117053,-0.06366302628831316,21.0,0.28396328758001355,0.20878340326418354,-0.12525218281778622,0.6931787579778133,AUD_CAD,14,35,3,long,69
16.0,0.1249999999999993,0.25617376914898976,-0.3771005875320206,0.6271005875320192,8.0,0.31760169849190684,0.31274567961864724,-0.29537983356064174,0.9305832305444555,AUD_CAD,14,35,4,long,24
3.0,0.491549026568001,0.5084509734319935,-0.5050148813587063,1.4881129344947082,2.0,-1.0,0.0,-1.0,-1.0,AUD_CAD,14,20,1,short,5
2.0,0.9999999999999944,5.495884324093248e-15,0.9999999999999837,1.0000000000000053,1.0,-1.0,,,,AUD_CAD,14,20,2,short,3
0.0,,,,,1.0,-1.0,,,,AUD_CAD,14,20,3,short,1
,,,,,,,,,,AUD_CAD,14,20,4,short,0
16.0,0.6368628244216881,0.17879179349937946,0.2864309091629043,0.9872947396804719,7.0,-0.5233312813729383,0.28359515540823593,-1.0791777859730807,0.032515223227204126,AUD_CAD,14,25,1,short,23
8.0,-0.2500000000000014,0.3659625273556993,-0.967286553617172,0.46728655361716925,4.0,-0.7417938932669036,0.15620936895477305,-1.0479642564182587,-0.4356235301155484,AUD_CAD,14,25,2,short,12
7.0,0.2732996905063188,0.3613698455256173,-0.4349852067238911,0.9815845877365288,3.0,0.6508393100008635,0.3491606899991366,-0.0335156423974442,1.3351942623991713,AUD_CAD,14,25,3,short,10
1.0,0.8917984325966962,,,,1.0,-1.0,,,,AUD_CAD,14,25,4,short,2
51.0,0.3824757133601884,0.1257161397496738,0.13607207945082772,0.6288793472695491,22.0,0.1140379299396368,0.19328379108682667,-0.2647983005905435,0.4928741604698171,AUD_CAD,14,30,1,short,73
30.0,0.04010939006478667,0.18255234033012172,-0.31769319698225185,0.39791197711182524,14.0,0.32783444613814056,0.2378854167945568,-0.13842097077919074,0.7940898630554718,AUD_CAD,14,30,2,short,44
15.0,0.1275398555696162,0.25600926104113564,-0.37423829607100967,0.6293180072102421,7.0,0.2789311328575129,0.360477081658097,-0.42760394719235717,0.985466212907383,AUD_CAD,14,30,3,short,22
7.0,0.12739977608524233,0.39885817755652536,-0.6543622519255473,0.909161804096032,4.0,0.5856832997112118,0.2502611986298235,0.09517135039675778,1.0761952490256659,AUD_CAD,14,30,4,short,11
125.0,0.23762645268376287,0.08503410645750625,0.07095960402705062,0.40429330134047514,55.0,0.12361068893418667,0.12438214521303846,-0.1201783156833687,0.36739969355174207,AUD_CAD,14,35,1,short,180
69.0,0.02898265323735199,0.11861648084811117,-0.2035056492249459,0.2614709556996499,30.0,0.4346591293551572,0.15254183104684754,0.135677140503336,0.7336411182069784,AUD_CAD,14,35,2,short,99
32.0,0.0910343072982576,0.17604057033077644,-0.2540052105500642,0.43607382514657944,14.0,0.29470838154023593,0.24378403657317615,-0.18310833014318934,0.7725250932236611,AUD_CAD,14,35,3,short,46
16.0,0.13965822696509647,0.23810800629962253,-0.3270334653821637,0.6063499193123566,8.0,0.09662124654893767,0.30167869873320574,-0.49466900296814553,0.6879114960660209,AUD_CAD,14,35,4,short,24
1.0,1.0,,,,1.0,1.0,,,,AUD_CAD,21,20,1,long,2
0.0,,,,,1.0,1.0,,,,AUD_CAD,21,20,2,long,1
,,,,,,,,,,AUD_CAD,21,20,3,long,0
0.0,,,,,1.0,0.9999999999999888,,,,AUD_CAD,21,20,4,long,1
3.0,0.3333333333333333,0.6666666666666667,-0.9733333333333336,1.6400000000000001,2.0,1.0,0.0,1.0,1.0,AUD_CAD,21,25,1,long,5
2.0,0.0,1.0,-1.96,1.96,2.0,0.0,1.0,-1.96,1.96,AUD_CAD,21,25,2,long,4
2.0,1.0,0.0,1.0,1.0,2.0,-1.0,0.0,-1.0,-1.0,AUD_CAD,21,25,3,long,4
0.0,,,,,1.0,0.9999999999999888,,,,AUD_CAD,21,25,4,long,1
21.0,0.2689722670653782,0.21046627650147537,-0.14354163487751354,0.6814861690082699,10.0,0.6,0.26666666666666666,0.07733333333333337,1.1226666666666665,AUD_CAD,21,30,1,long,31
12.0,0.3333333333333324,0.28426762180748044,-0.22383120540932927,0.8904978720759942,6.0,0.6666666666666666,0.33333333333333337,0.013333333333333197,1.32,AUD_CAD,21,30,2,long,18
10.0,0.0,0.3333333333333333,-0.6533333333333333,0.6533333333333333,5.0,-0.6,0.4,-1.384,0.18400000000000005,AUD_CAD,21,30,3,long,15
2.0,0.9999999999999944,5.606901075301911e-15,0.9999999999999835,1.0000000000000053,1.0,1.0,,,,AUD_CAD,21,30,4,long,3
71.0,0.04329647464034581,0.11148247572713114,-0.17520917778483122,0.26180212706552286,31.0,0.5979958275864116,0.14369821849064784,0.3163473193447418,0.8796443358280813,AUD_CAD,21,35,1,long,102
40.0,0.083263280242955,0.15536531863239103,-0.2212527442765314,0.3877793047624414,18.0,0.3333333333333333,0.2286647801900118,-0.1148496358390898,0.7815163025057564,AUD_CAD,21,35,2,long,58
27.0,-0.29589001236070495,0.18349350442782664,-0.6555372810392451,0.06375725631783524,12.0,0.0,0.30151134457776363,-0.5909622353724167,0.5909622353724167,AUD_CAD,21,35,3,long,39
9.0,0.3333333333333333,0.3333333333333333,-0.32,0.9866666666666666,5.0,0.2,0.48989794855663565,-0.7601999791710059,1.1601999791710058,AUD_CAD,21,35,4,long,14
,,,,,,,,,,AUD_CAD,21,20,1,short,0
,,,,,,,,,,AUD_CAD,21,20,2,short,0
,,,,,,,,,,AUD_CAD,21,20,3,short,0
,,,,,,,,,,AUD_CAD,21,20,4,short,0
4.0,0.6186617699260007,0.3813382300739955,-0.12876116101903035,1.3660847008710317,2.0,-1.0,0.0,-1.0,-1.0,AUD_CAD,21,25,1,short,6
2.0,0.9999999999999944,5.495884324093248e-15,0.9999999999999837,1.0000000000000053,1.0,-1.0,,,,AUD_CAD,21,25,2,short,3
0.0,,,,,1.0,-1.0,,,,AUD_CAD,21,25,3,short,1
,,,,,,,,,,AUD_CAD,21,25,4,short,0
18.0,0.725102174524023,0.13668085893924203,0.45720769100310865,0.9929966580449374,8.0,-0.19066911503699824,0.35317837458650264,-0.8828987292265434,0.501560499152547,AUD_CAD,21,30,1,short,26
9.0,0.11111111111110988,0.3513641844631528,-0.5775626904366695,0.7997849126588894,4.0,-0.8423187484452305,0.15768125155476956,-1.1513740014925788,-0.5332634953978821,AUD_CAD,21,30,2,short,13
6.0,0.3333333333333352,0.4216370213557845,-0.4930752285240025,1.1597418951906728,3.0,0.6508393100008635,0.3491606899991366,-0.0335156423974442,1.3351942623991713,AUD_CAD,21,30,3,short,9
0.0,,,,,1.0,-1.0,,,,AUD_CAD,21,30,4,short,1
63.0,0.4118846237867291,0.110572014660362,0.19516347505241957,0.6286057725210386,28.0,0.2045923292818892,0.176203088199841,-0.14076572358979916,0.5499503821535776,AUD_CAD,21,35,1,short,91
37.0,0.15733979324798444,0.16236769027132325,-0.16090087968380914,0.475580466179778,17.0,0.32880483799611576,0.21833279701795882,-0.09912744415908353,0.7567371201513151,AUD_CAD,21,35,2,short,54
19.0,0.1006893596602233,0.22823325627759733,-0.34664782264386745,0.548026541964314,9.0,0.4391686588891767,0.2950148901236591,-0.1390605257531951,1.0173978435315485,AUD_CAD,21,35,3,short,28
10.0,0.0882978048689478,0.3112236998278364,-0.5217006467936115,0.6982962565315071,5.0,0.27818606109673866,0.3700137176441101,-0.44704082548571716,1.0034129476791944,AUD_CAD,21,35,4,short,15
0.0,,,,,1.0,1.0,,,,AUD_CAD,28,20,1,long,1
,,,,,,,,,,AUD_CAD,28,20,2,long,0
,,,,,,,,,,AUD_CAD,28,20,3,long,0
,,,,,,,,,,AUD_CAD,28,20,4,long,0
0.0,,,,,1.0,1.0,,,,AUD_CAD,28,25,1,long,1
0.0,,,,,1.0,1.0,,,,AUD_CAD,28,25,2,long,1
1.0,-1.0,,,,1.0,-1.0,,,,AUD_CAD,28,25,3,long,2
,,,,,,,,,,AUD_CAD,28,25,4,long,0
7.0,0.7142857142857143,0.2857142857142857,0.15428571428571436,1.2742857142857142,3.0,1.0,0.0,1.0,1.0,AUD_CAD,28,30,1,long,10
4.0,0.5,0.5,-0.48,1.48,2.0,0.0,1.0,-1.96,1.96,AUD_CAD,28,30,2,long,6
5.0,0.2,0.48989794855663565,-0.7601999791710059,1.1601999791710058,3.0,-0.3333333333333333,0.6666666666666667,-1.6400000000000001,0.9733333333333336,AUD_CAD,28,30,3,long,8
1.0,1.000000000000011,,,,1.0,1.0,,,,AUD_CAD,28,30,4,long,2
36.0,0.08378866948886454,0.15521152144163639,-0.22042591253674276,0.38800325151447185,16.0,0.5961169159486724,0.2000376923026,0.20404303903557647,0.9881907928617684,AUD_CAD,28,35,1,long,52
21.0,0.20938490040186442,0.21401486413293494,-0.21008423329868808,0.6288540341024169,10.0,0.4,0.30550504633038933,-0.19878989080756304,0.9987898908075631,AUD_CAD,28,35,2,long,31
19.0,-0.10468580703889656,0.22808570954838814,-0.5517337977537373,0.3423621836759442,9.0,0.1111111111111111,0.35136418446315326,-0.5775626904366693,0.7997849126588914,AUD_CAD,28,35,3,long,28
3.0,1.0000000000000038,3.701113471256863e-15,0.9999999999999966,1.000000000000011,2.0,0.0,1.0,-1.96,1.96,AUD_CAD,28,35,4,long,5
,,,,,,,,,,AUD_CAD,28,20,1,short,0
,,,,,,,,,,AUD_CAD,28,20,2,short,0
,,,,,,,,,,AUD_CAD,28,20,3,short,0
,,,,,,,,,,AUD_CAD,28,20,4,short,0
,,,,,,,,,,AUD_CAD,28,25,1,short,0
0.0,,,,,1.0,-1.0,,,,AUD_CAD,28,25,2,short,1
,,,,,,,,,,AUD_CAD,28,25,3,short,0
,,,,,,,,,,AUD_CAD,28,25,4,short,0
7.0,0.4519660581584209,0.26254332739085356,-0.06261886352765206,0.9665509798444938,3.0,-0.3333333333333333,0.6666666666666667,-1.6400000000000001,0.9733333333333336,AUD_CAD,28,30,1,short,10
4.0,0.6576812515547668,0.3423187484452295,-0.013263495397883074,1.3286259985074165,2.0,-1.0,0.0,-1.0,-1.0,AUD_CAD,28,30,2,short,6
2.0,0.0,1.0,-1.96,1.96,1.0,-0.04748206999740972,,,,AUD_CAD,28,30,3,short,3
,,,,,,,,,,AUD_CAD,28,30,4,short,0
30.0,0.4454241271342495,0.16322711409265128,0.12549898351265298,0.765349270755846,14.0,0.011697314793496958,0.2494280885981795,-0.47718173885893483,0.5005763684459288,AUD_CAD,28,35,1,short,44
19.0,0.15789473684210467,0.2327455993231858,-0.29828663783133946,0.6140761115155489,9.0,0.003647158548042848,0.32261366231001937,-0.6286756195795951,0.6359699366756808,AUD_CAD,28,35,2,short,28
10.0,0.20000000000000107,0.3265986323710907,-0.4401333194473367,0.8401333194473388,5.0,0.39050358600051804,0.4024791481291248,-0.3983555443325665,1.1793627163336025,AUD_CAD,28,35,3,short,15
7.0,-0.0012600548438883453,0.37796657338361606,-0.7420745386757758,0.7395544289879991,4.0,0.33788839568801643,0.4714265274836338,-0.5861075981799058,1.2618843895559386,AUD_CAD,28,35,4,short,11
49.0,-0.026260467808846534,0.1416367441163374,-0.30386848627686786,0.25134755065917475,22.0,-0.1312366484690246,0.21133371136565762,-0.5454507227457135,0.28297742580766433,EUR_AUD,7,20,1,long,71
32.0,0.3125,0.17061026611322602,-0.021896121581923,0.646896121581923,15.0,-0.05701149061116455,0.2538839431352162,-0.5546240191561882,0.44060103793385913,EUR_AUD,7,20,2,long,47
9.0,0.5555555555555556,0.2939723678960656,-0.020630285520732983,1.1317413966318441,5.0,-0.34293477438660896,0.41793478569866066,-1.1620869543559837,0.4762174055827659,EUR_AUD,7,20,3,long,14
3.0,0.3333333333333333,0.6666666666666667,-0.9733333333333336,1.6400000000000001,2.0,0.0,1.0,-1.96,1.96,EUR_AUD,7,20,4,long,5
107.0,0.01964469664899674,0.09501110939358585,-0.16657707776243152,0.205866471060425,47.0,-0.03230916141981603,0.14365100636762798,-0.3138651339003669,0.24924681106073482,EUR_AUD,7,25,1,long,154
63.0,0.1760854249083026,0.12235397206613298,-0.06372836034131804,0.4158992101579232,28.0,0.009439829674575398,0.18048335711750116,-0.34430755027572685,0.36318720962487766,EUR_AUD,7,25,2,long,91
30.0,-0.06666666666666667,0.18528222234124034,-0.4298198224554977,0.2964864891221644,14.0,0.053696944303705384,0.2584158633927871,-0.4527981479461573,0.5601920365535681,EUR_AUD,7,25,3,long,44
14.0,0.0894239960807999,0.2667624226527253,-0.43343035231854177,0.6122783444801415,6.0,0.4325021644347815,0.34899999736858917,-0.2515378304076532,1.1165421592772162,EUR_AUD,7,25,4,long,20
183.0,0.051187382996047935,0.07290328384902849,-0.09170305334804787,0.19407781934014376,79.0,0.06153465290575828,0.11017501121304822,-0.1544083690718162,0.2774776748833328,EUR_AUD,7,30,1,long,262
101.0,0.116567699010833,0.09757361865459717,-0.07467659355217746,0.3078119915738434,44.0,-0.1303564720252702,0.1451851237874632,-0.41491931464869813,0.1542063705981577,EUR_AUD,7,30,2,long,145
51.0,-0.21568627450980393,0.1380926812679138,-0.486347929794915,0.054975380775307114,23.0,0.07616335740225545,0.20401446023689815,-0.32370498466206493,0.4760316994665758,EUR_AUD,7,30,3,long,74
22.0,0.05690617932414539,0.2131612646289431,-0.3608898993485831,0.4747022579968739,10.0,0.05950129866086891,0.31164393202142276,-0.5513208081011196,0.6703234054228575,EUR_AUD,7,30,4,long,32
282.0,0.11263325793924425,0.058113467813313856,-0.0012691389748508974,0.2265356548533394,122.0,-0.0042955208002245305,0.08801864545824617,-0.17681206589838702,0.16822102429793798,EUR_AUD,7,35,1,long,404
145.0,0.07065046920441656,0.08151877820411585,-0.08912633607565051,0.23042727448448364,63.0,-0.15824243187878168,0.12029991836266074,-0.3940302718695967,0.07754540811203336,EUR_AUD,7,35,2,long,208
84.0,-0.11154752699200127,0.10726692672950833,-0.3217907033818376,0.09869564939783504,37.0,-0.114817372425625,0.16141809866169649,-0.43119684580255013,0.20156210095130012,EUR_AUD,7,35,3,long,121
31.0,0.00812696597197415,0.17978907667608357,-0.34425962431314966,0.36051355625709797,14.0,0.04250092761490636,0.26469026139075263,-0.47629198471096873,0.5612938399407814,EUR_AUD,7,35,4,long,45
60.0,-0.05007366277523875,0.12842929966611305,-0.3017950901208203,0.2016477645703428,26.0,-0.19384888299563674,0.19042398867611435,-0.5670799008008209,0.1793821348095474,EUR_AUD,7,20,1,short,86
30.0,-0.13824356977684912,0.17516082549426712,-0.48155878774561267,0.20507164819191445,14.0,0.2857142857142857,0.26578871697687523,-0.23523159956038975,0.8066601709889611,EUR_AUD,7,20,2,short,44
17.0,0.20020065841495865,0.24005631265566219,-0.27030971439013923,0.6707110312200566,8.0,0.75,0.25,0.26,1.24,EUR_AUD,7,20,3,short,25
6.0,0.0,0.4472135954999579,-0.8765386471799175,0.8765386471799175,3.0,0.03171169424271313,0.5782205157939977,-1.1016005167135223,1.1650239051989486,EUR_AUD,7,20,4,short,9
102.0,-0.049062938887395345,0.09866807203817837,-0.24245236008222495,0.14432648230743425,45.0,-0.30554139087255083,0.1374451331411897,-0.5749338518292826,-0.03614892991581903,EUR_AUD,7,25,1,short,147
50.0,-0.055767165095043786,0.13737989609706075,-0.3250317614452829,0.2134974312551953,22.0,0.016039690072228,0.2152875513028386,-0.4059239104813357,0.4380032906257917,EUR_AUD,7,25,2,short,72
31.0,0.18820546232710914,0.17169856715811005,-0.14832372930278656,0.5247346539570048,14.0,0.49862187650463147,0.22870441823850804,0.05036121675715571,0.9468825362521072,EUR_AUD,7,25,3,short,45
12.0,-0.07536941363102367,0.2878994784105731,-0.639652391315747,0.4889135640536997,6.0,-0.1508108195453101,0.4030131207216511,-0.9407165361597462,0.639094897069126,EUR_AUD,7,25,4,short,18
164.0,0.005685494759822136,0.077507572475633,-0.14622934729241854,0.1576003368120628,71.0,-0.2014703032314419,0.11340849977386248,-0.42375096278821234,0.020810356325328544,EUR_AUD,7,30,1,short,235
84.0,0.01442430649104536,0.10737135197999946,-0.19602354338975356,0.2248721563718443,36.0,0.1492773793333779,0.16334063239371074,-0.17087026015829518,0.46942501882505094,EUR_AUD,7,30,2,short,120
50.0,0.27904451958536697,0.13125686251416455,0.021781069057604463,0.5363079701131295,22.0,0.2263957395938564,0.2073996996831367,-0.18010767178509157,0.6328991509728044,EUR_AUD,7,30,3,short,72
21.0,0.03195066094060696,0.20876552225340964,-0.37722976267607594,0.44113108455728983,10.0,-0.29048649172718605,0.3012054792405197,-0.8808492310386047,0.29987624758423254,EUR_AUD,7,30,4,short,31
254.0,0.010518718217801199,0.062020562827820314,-0.11104158492472661,0.132079021360329,110.0,-0.02103862135459429,0.09272607052877328,-0.20278171959098992,0.16070447688180137,EUR_AUD,7,35,1,short,364
132.0,-0.10877517019568317,0.08539370252878246,-0.2761468271520968,0.058596486760730454,57.0,0.17326837079822913,0.12766388168153642,-0.07695283729758226,0.4234895788940405,EUR_AUD,7,35,2,short,189
72.0,0.061238483685118895,0.11459229103261977,-0.16336240673881586,0.28583937410905363,32.0,0.3832198652367058,0.15995413677296372,0.06970975716169692,0.6967299733117147,EUR_AUD,7,35,3,short,104
35.0,0.0763132537072213,0.16429755230089388,-0.24570994880253066,0.3983364562169733,16.0,-0.21117113637527973,0.2378056633412422,-0.6772702365241144,0.254927963773555,EUR_AUD,7,35,4,short,51
6.0,-0.3333333333333333,0.421637021355784,-1.15974189519067,0.4930752285240034,3.0,-1.0,0.0,-1.0,-1.0,EUR_AUD,14,20,1,long,9
0.0,,,,,1.0,-1.0,,,,EUR_AUD,14,20,2,long,1
,,,,,,,,,,EUR_AUD,14,20,3,long,0
,,,,,,,,,,EUR_AUD,14,20,4,long,0
23.0,-0.019134261634934948,0.20939049844221533,-0.429539638581677,0.39127111531180714,11.0,-0.09090909090909091,0.3149183286488867,-0.7081490150609089,0.526330833242727,EUR_AUD,14,25,1,long,34
9.0,0.7777777777777778,0.2222222222222222,0.34222222222222226,1.2133333333333334,5.0,0.2,0.48989794855663565,-0.7601999791710059,1.1601999791710058,EUR_AUD,14,25,2,long,14
2.0,-1.0,0.0,-1.0,-1.0,2.0,0.0,1.0,-1.96,1.96,EUR_AUD,14,25,3,long,4
0.0,,,,,1.0,1.0,,,,EUR_AUD,14,25,4,long,1
60.0,-0.019680748625889036,0.12712061619615306,-0.26883715637034905,0.22947565911857096,27.0,-0.0698965283821682,0.19200847730276616,-0.4462331438955899,0.3064400871312535,EUR_AUD,14,30,1,long,87
37.0,0.14563144153581123,0.16345873171104094,-0.174747672617829,0.4660105556894515,16.0,0.26651970193050695,0.21882354160912937,-0.1623744396233866,0.6954138434844005,EUR_AUD,14,30,2,long,53
14.0,0.0,0.2773500981126146,-0.5436061923007246,0.5436061923007246,7.0,0.3264751611524222,0.3564143115950733,-0.37209688957392145,1.025047211878766,EUR_AUD,14,30,3,long,21
5.0,0.2,0.48989794855663565,-0.7601999791710059,1.1601999791710058,3.0,-0.08330772009020289,0.5833296748494464,-1.2266338827951178,1.0600184426147121,EUR_AUD,14,30,4,long,8
128.0,-0.007015761394979295,0.08713382479609079,-0.17779805799531723,0.16376653520535867,56.0,-0.08263571248698409,0.13134519222673693,-0.3400722892513885,0.1748008642774203,EUR_AUD,14,35,1,long,184
77.0,0.03785618719745539,0.11273670986190207,-0.18310776413187266,0.2588201385267834,33.0,0.13166377728584885,0.1630179690305849,-0.18785144201409756,0.4511789965857953,EUR_AUD,14,35,2,long,110
39.0,-0.1794871794871795,0.15958699594164086,-0.49227769153279555,0.1333033325584366,18.0,0.2864131027635555,0.22405879793554934,-0.15274214119012114,0.7255683467172322,EUR_AUD,14,35,3,long,57
15.0,-0.06666666666666667,0.2666666666666666,-0.5893333333333332,0.45599999999999985,7.0,-0.05785528762733013,0.37010127437016976,-0.783253785392863,0.6675432101382026,EUR_AUD,14,35,4,long,22
11.0,-0.09090909090909091,0.3149183286488867,-0.7081490150609089,0.526330833242727,6.0,-0.6666666666666666,0.33333333333333337,-1.32,-0.013333333333333197,EUR_AUD,14,20,1,short,17
6.0,-1.0,0.0,-1.0,-1.0,3.0,-1.0,0.0,-1.0,-1.0,EUR_AUD,14,20,2,short,9
1.0,-1.0,,,,1.0,1.0,,,,EUR_AUD,14,20,3,short,2
1.0,-1.0,,,,1.0,-1.0,,,,EUR_AUD,14,20,4,short,2
32.0,-0.1875,0.176419930663981,-0.5332830641014028,0.1582830641014028,14.0,-0.5714285714285714,0.2276078590901976,-1.0175399752453587,-0.12531716761178413,EUR_AUD,14,25,1,short,46
13.0,-0.6923076923076923,0.2083086770419477,-1.1005926993099098,-0.2840226853054748,6.0,0.0,0.4472135954999579,-0.8765386471799175,0.8765386471799175,EUR_AUD,14,25,2,short,19
7.0,-0.08522697242081469,0.38745422914863265,-0.8446372615521346,0.6741833167105052,4.0,1.0,0.0,1.0,1.0,EUR_AUD,14,25,3,short,11
4.0,0.0,0.5773502691896257,-1.1316065276116665,1.1316065276116665,2.0,0.0,1.0,-1.96,1.96,EUR_AUD,14,25,4,short,6
67.0,-0.06522064306516426,0.12203214821678518,-0.3044036535700632,0.1739623674397347,29.0,-0.4482758620689655,0.16893032708849504,-0.7793793031624158,-0.11717242097551528,EUR_AUD,14,30,1,short,96
33.0,-0.23343089976503972,0.1693624102086619,-0.565381223774017,0.09851942424393761,15.0,0.06666666666666667,0.2666666666666666,-0.45599999999999985,0.5893333333333332,EUR_AUD,14,30,2,short,48
17.0,0.261009586223323,0.22847733924373678,-0.18680599869440112,0.7088251711410472,8.0,1.0,0.0,1.0,1.0,EUR_AUD,14,30,3,short,25
8.0,0.0,0.3779644730092272,-0.7408103670980853,0.7408103670980853,4.0,0.3907636603848822,0.4748899500805108,-0.540020641772919,1.3215479625426834,EUR_AUD,14,30,4,short,12
133.0,-0.10415452888731762,0.08547257688487514,-0.2716807795816729,0.06337172180703766,58.0,-0.12513294554291343,0.12964590591432187,-0.3792389211349843,0.12897303004915744,EUR_AUD,14,35,1,short,191
63.0,-0.08170328719532499,0.12377978986165067,-0.3243116753241603,0.16090510093351032,28.0,0.012602613628179144,0.19042672074022998,-0.3606337590226716,0.3858389862790299,EUR_AUD,14,35,2,short,91
36.0,0.2141285270703563,0.15655011998521515,-0.09270970810066537,0.520966762241378,16.0,0.6862941419415525,0.1763563846751273,0.340635627978303,1.031952655904802,EUR_AUD,14,35,3,short,52
15.0,-0.15609188813551703,0.2484302472256465,-0.6430151726977842,0.3308313964267501,7.0,0.29930501181830566,0.3579693473598781,-0.4023149090070554,1.0009249326436667,EUR_AUD,14,35,4,short,22
1.0,-1.0,,,,1.0,-1.0,,,,EUR_AUD,21,20,1,long,2
,,,,,,,,,,EUR_AUD,21,20,2,long,0
,,,,,,,,,,EUR_AUD,21,20,3,long,0
,,,,,,,,,,EUR_AUD,21,20,4,long,0
6.0,-0.3333333333333333,0.421637021355784,-1.15974189519067,0.4930752285240034,3.0,-1.0,0.0,-1.0,-1.0,EUR_AUD,21,25,1,long,9
,,,,,,,,,,EUR_AUD,21,25,2,long,0
,,,,,,,,,,EUR_AUD,21,25,3,long,0
,,,,,,,,,,EUR_AUD,21,25,4,long,0
21.0,0.07428152297126173,0.21864193834563142,-0.35425667618617585,0.5028197221286993,9.0,0.1111111111111111,0.35136418446315326,-0.5775626904366693,0.7997849126588914,EUR_AUD,21,30,1,long,30
9.0,1.0,0.0,1.0,1.0,4.0,0.5,0.5,-0.48,1.48,EUR_AUD,21,30,2,long,13
4.0,0.0,0.5773502691896257,-1.1316065276116665,1.1316065276116665,2.0,0.0,1.0,-1.96,1.96,EUR_AUD,21,30,3,long,6
0.0,,,,,1.0,1.0,,,,EUR_AUD,21,30,4,long,1
71.0,-0.11522316785286398,0.11635457309887137,-0.34327813112665184,0.1128317954209239,31.0,-0.011463584031428267,0.17997077061282662,-0.36420629443256847,0.3412791263697119,EUR_AUD,21,35,1,long,102
43.0,0.03228751946104688,0.15309518423890597,-0.2677790416472088,0.3323540805693026,19.0,0.38233238057305846,0.19384716394655868,0.002391939237803453,0.7622728219083135,EUR_AUD,21,35,2,long,62
20.0,-0.1,0.22826577307580465,-0.5474009152285771,0.3474009152285771,9.0,0.46171509441599995,0.2867411354681935,-0.10029753110165934,1.0237277199336592,EUR_AUD,21,35,3,long,29
6.0,-0.3333333333333333,0.421637021355784,-1.15974189519067,0.4930752285240034,3.0,0.5316709955362297,0.3933523729557308,-0.2392996554570027,1.302641646529462,EUR_AUD,21,35,4,long,9
4.0,0.5,0.5,-0.48,1.48,3.0,-0.3333333333333333,0.6666666666666667,-1.6400000000000001,0.9733333333333336,EUR_AUD,21,20,1,short,7
1.0,-1.0,,,,1.0,-1.0,,,,EUR_AUD,21,20,2,short,2
0.0,,,,,1.0,-1.0,,,,EUR_AUD,21,20,3,short,1
0.0,,,,,1.0,1.0,,,,EUR_AUD,21,20,4,short,1
14.0,-0.14285714285714285,0.2745054065230065,-0.6808877396422355,0.39517345392794984,7.0,-0.14285714285714285,0.40406101782088427,-0.9348167377860761,0.6491024520717903,EUR_AUD,21,25,1,short,21
7.0,-1.0,0.0,-1.0,-1.0,3.0,-1.0,0.0,-1.0,-1.0,EUR_AUD,21,25,2,short,10
1.0,-1.0,,,,1.0,1.0,,,,EUR_AUD,21,25,3,short,2
2.0,0.0,1.0,-1.96,1.96,2.0,0.0,1.0,-1.96,1.96,EUR_AUD,21,25,4,short,4
24.0,-0.16666666666666666,0.20559798491465375,-0.569638717099388,0.23630538376605467,11.0,-0.45454545454545453,0.2816715160878121,-1.0066216260775662,0.09753071698665722,EUR_AUD,21,30,1,short,35
14.0,-0.5714285714285714,0.22760785909019762,-1.0175399752453587,-0.12531716761178407,7.0,-0.42857142857142855,0.36885555678165877,-1.1515283198634798,0.29438546272062266,EUR_AUD,21,30,2,short,21
8.0,0.05042639913178715,0.36192875262606466,-0.6589539560152996,0.7598067542788739,4.0,1.0,0.0,1.0,1.0,EUR_AUD,21,30,3,short,12
3.0,0.3333333333333333,0.6666666666666667,-0.9733333333333336,1.6400000000000001,2.0,-1.0,0.0,-1.0,-1.0,EUR_AUD,21,30,4,short,5
81.0,-0.10333065537488896,0.11060431947916184,-0.32011512155404614,0.11345381080426824,35.0,-0.37142857142857144,0.15922983909011107,-0.6835190560451891,-0.05933808681195374,EUR_AUD,21,35,1,short,116
37.0,-0.17072707732958628,0.16013989245029925,-0.48460126653217284,0.14314711187300025,17.0,0.17647058823529413,0.24607647839237515,-0.30583930941376114,0.6587804858843495,EUR_AUD,21,35,2,short,54
19.0,0.12827173504192055,0.22324322785962777,-0.30928499156294986,0.565828461646791,9.0,1.0,0.0,1.0,1.0,EUR_AUD,21,35,3,short,28
9.0,-0.1111111111111111,0.35136418446315326,-0.7997849126588914,0.5775626904366693,5.0,0.5126109283079058,0.3875035941933792,-0.2468961163111174,1.272117972926929,EUR_AUD,21,35,4,short,14
1.0,-1.0,,,,1.0,-1.0,,,,EUR_AUD,28,20,1,long,2
,,,,,,,,,,EUR_AUD,28,20,2,long,0
,,,,,,,,,,EUR_AUD,28,20,3,long,0
,,,,,,,,,,EUR_AUD,28,20,4,long,0
2.0,-1.0,0.0,-1.0,-1.0,2.0,-1.0,0.0,-1.0,-1.0,EUR_AUD,28,25,1,long,4
,,,,,,,,,,EUR_AUD,28,25,2,long,0
,,,,,,,,,,EUR_AUD,28,25,3,long,0
,,,,,,,,,,EUR_AUD,28,25,4,long,0
7.0,-0.42857142857142855,0.36885555678165877,-1.1515283198634798,0.29438546272062266,3.0,-0.3333333333333333,0.6666666666666667,-1.6400000000000001,0.9733333333333336,EUR_AUD,28,30,1,long,10
3.0,1.0,0.0,1.0,1.0,2.0,0.0,1.0,-1.96,1.96,EUR_AUD,28,30,2,long,5
0.0,,,,,1.0,-1.0,,,,EUR_AUD,28,30,3,long,1
,,,,,,,,,,EUR_AUD,28,30,4,long,0
35.0,-0.1268596576458144,0.16810963163936338,-0.45635453565896655,0.2026352203673378,15.0,-0.06666666666666667,0.2666666666666666,-0.5893333333333332,0.45599999999999985,EUR_AUD,28,35,1,long,50
21.0,0.23809523809523808,0.21717627144745486,-0.1875702539417734,0.6637607301322496,10.0,0.4119487590055579,0.26555744006517484,-0.10854382352218478,0.9324413415333006,EUR_AUD,28,35,2,long,31
11.0,-0.45454545454545453,0.2816715160878121,-1.0066216260775662,0.09753071698665722,6.0,0.0,0.4472135954999579,-0.8765386471799175,0.8765386471799175,EUR_AUD,28,35,3,long,17
1.0,1.0,,,,1.0,-0.2499231602706086,,,,EUR_AUD,28,35,4,long,2
1.0,1.0,,,,1.0,1.0,,,,EUR_AUD,28,20,1,short,2
0.0,,,,,1.0,-1.0,,,,EUR_AUD,28,20,2,short,1
,,,,,,,,,,EUR_AUD,28,20,3,short,0
0.0,,,,,1.0,1.0,,,,EUR_AUD,28,20,4,short,1
6.0,-0.3333333333333333,0.421637021355784,-1.15974189519067,0.4930752285240034,3.0,1.0,0.0,1.0,1.0,EUR_AUD,28,25,1,short,9
3.0,-1.0,0.0,-1.0,-1.0,2.0,-1.0,0.0,-1.0,-1.0,EUR_AUD,28,25,2,short,5
1.0,-1.0,,,,1.0,1.0,,,,EUR_AUD,28,25,3,short,2
2.0,0.0,1.0,-1.96,1.96,1.0,-1.0,,,,EUR_AUD,28,25,4,short,3
15.0,-0.2,0.26186146828319085,-0.7132484778350541,0.313248477835054,7.0,-0.14285714285714285,0.40406101782088427,-0.9348167377860761,0.6491024520717903,EUR_AUD,28,30,1,short,22
8.0,-0.75,0.25,-1.24,-0.26,4.0,-1.0,0.0,-1.0,-1.0,EUR_AUD,28,30,2,short,12
4.0,0.0,0.5773502691896257,-1.1316065276116665,1.1316065276116665,2.0,1.0,0.0,1.0,1.0,EUR_AUD,28,30,3,short,6
3.0,0.3333333333333333,0.6666666666666667,-0.9733333333333336,1.6400000000000001,2.0,-1.0,0.0,-1.0,-1.0,EUR_AUD,28,30,4,short,5
48.0,-0.125,0.14472093468524244,-0.4086530319830752,0.15865303198307518,21.0,-0.14285714285714285,0.2213133340689953,-0.5766312776323737,0.29091699191808795,EUR_AUD,28,35,1,short,69
23.0,-0.4782608695652174,0.1872366684952887,-0.8452447398159832,-0.11127699931445156,10.0,-0.2,0.32659863237109044,-0.8401333194473373,0.4401333194473372,EUR_AUD,28,35,2,short,33
11.0,0.03974208779968092,0.29138670990106924,-0.5313758636064148,0.6108600392057766,6.0,1.0,0.0,1.0,1.0,EUR_AUD,28,35,3,short,17
6.0,-0.3333333333333333,0.421637021355784,-1.15974189519067,0.4930752285240034,3.0,0.18768488051317625,0.6070905597244769,-1.0022126165467984,1.377582377573151,EUR_AUD,28,35,4,short,9
54.0,-0.07776398544907341,0.1303636588500965,-0.33327675679526253,0.17774878589711568,24.0,0.3305775338374609,0.17068316531532357,-0.003961470180573301,0.6651165378554951,EUR_CAD,7,20,1,long,78
25.0,0.13890484501297898,0.1942803380467502,-0.24188461755865145,0.5196943075846094,12.0,-0.2232523034607541,0.2509385944606653,-0.715091948603658,0.26858734168214987,EUR_CAD,7,20,2,long,37
17.0,0.12831485386619965,0.22186269460289137,-0.3065360275554675,0.5631657352878667,8.0,0.10798732809709623,0.29978566685664354,-0.4795925789419251,0.6955672351361175,EUR_CAD,7,20,3,long,25
6.0,1.0,0.0,1.0,1.0,3.0,0.6288292311763927,0.3711707688236074,-0.09866547571787776,1.356323938070663,EUR_CAD,7,20,4,long,9
106.0,-0.033355801925218365,0.0947691211205099,-0.21910327932141777,0.15239167547098104,46.0,0.22928622686748182,0.13003562585594272,-0.02558359981016592,0.4841560535451296,EUR_CAD,7,25,1,long,152
41.0,-0.007087243255372946,0.15363419830655053,-0.30821027193621203,0.2940357854254661,18.0,-0.05043267834958631,0.20120186112560656,-0.4447883261557752,0.34392296945660256,EUR_CAD,7,25,2,long,59
37.0,0.1959182296931514,0.15317691159835317,-0.10430851703962082,0.4961449764259236,17.0,0.12594811794389923,0.2055753297383842,-0.2769795283433337,0.5288757642311323,EUR_CAD,7,25,3,long,54
11.0,0.6363636363636364,0.24393468845452249,0.15825164699277228,1.1144756257345003,6.0,0.19667238206872836,0.37770717478218957,-0.5436336805043631,0.9369784446418199,EUR_CAD,7,25,4,long,17
165.0,0.012426832620655678,0.07465562591343455,-0.13389819416967602,0.1587518594109874,72.0,0.22650811843441326,0.1030902114219952,0.02445130404730267,0.42856493282152386,EUR_CAD,7,30,1,long,237
80.0,0.03987180196864867,0.10806460647247886,-0.17193482671740987,0.2516784306547072,35.0,-0.11165109172264438,0.1561001164965031,-0.41760732005579043,0.1943051366105017,EUR_CAD,7,30,2,long,115
58.0,0.07419529738978925,0.12278611906859793,-0.1664654959846627,0.3148560907642412,25.0,0.18842017814044848,0.1684771686388526,-0.14179507239170258,0.5186354286725996,EUR_CAD,7,30,3,long,83
28.0,0.38248993843175555,0.16877600796637687,0.05168896281765689,0.7132909140458542,12.0,0.31549040551622687,0.24982554346620356,-0.17416765967753212,0.8051484707099859,EUR_CAD,7,30,4,long,40
243.0,0.05934175480614288,0.061654997379352164,-0.06150204005738736,0.18018554966967312,105.0,0.0980731714845646,0.08882422630072696,-0.07602231206486024,0.27216865503398946,EUR_CAD,7,35,1,long,348
125.0,0.038244798470847385,0.08611056426471594,-0.13053190748799587,0.20702150442969064,55.0,0.0191076209394622,0.12294512338169834,-0.22186482088866655,0.26008006276759094,EUR_CAD,7,35,2,long,180
81.0,0.06721287668676632,0.1049103996291299,-0.13841150658632828,0.2728372599598609,36.0,0.09078077751724895,0.14564762561391062,-0.19468856868601586,0.37625012372051375,EUR_CAD,7,35,3,long,117
40.0,0.3058496359694328,0.14580539639296,0.02007105903923123,0.5916282128996344,18.0,-0.011895285211404297,0.22455732253091193,-0.4520276373719917,0.42823706694918307,EUR_CAD,7,35,4,long,58
68.0,0.2361319716564537,0.1160922829684342,0.00859109703832267,0.4636728462745847,30.0,-0.2652298408251276,0.170330787246357,-0.5990781838279873,0.06861850217773208,EUR_CAD,7,20,1,short,98
28.0,0.11693603404944516,0.18790236383276152,-0.2513525990627674,0.4852246671616577,12.0,-0.12494436059022958,0.28948752595136357,-0.6923399114549021,0.44245119027444296,EUR_CAD,7,20,2,short,40
14.0,0.24046939441812107,0.2602283154925952,-0.2695781039473655,0.7505168927836077,6.0,0.17940110303744372,0.4005300420144213,-0.605637779310822,0.9644399853857094,EUR_CAD,7,20,3,short,20
7.0,0.14285714285714285,0.40406101782088427,-0.6491024520717903,0.9348167377860761,3.0,0.3333333333333333,0.6666666666666667,-0.9733333333333336,1.6400000000000001,EUR_CAD,7,20,4,short,10
121.0,0.2179975821274603,0.08674449015029785,0.0479783814328765,0.3880167828220441,52.0,-0.28083454619151593,0.12524778192243197,-0.5263201987594825,-0.03534889362354929,EUR_CAD,7,25,1,short,173
58.0,-0.010804797032724767,0.12842655327761648,-0.26252084145685306,0.24091124739140354,25.0,-0.12940128275059884,0.17658334818013538,-0.4755046451836642,0.2167020796824665,EUR_CAD,7,25,2,short,83
27.0,0.16172487117976647,0.19032208217290067,-0.2113064098791188,0.5347561522386517,12.0,0.14654244218430915,0.273157746964919,-0.38884674186693213,0.6819316262355504,EUR_CAD,7,25,3,short,39
15.0,-0.2,0.26186146828319085,-0.7132484778350541,0.313248477835054,7.0,0.3137890613045773,0.35688388245094643,-0.38570334829927766,1.0132814709084323,EUR_CAD,7,25,4,short,22
192.0,0.16104828339710828,0.06958279577510912,0.0246660036778944,0.29743056311632216,83.0,-0.16547432009556368,0.09962260532526027,-0.36073462653307375,0.02978598634194643,EUR_CAD,7,30,1,short,275
91.0,0.0038416016938856976,0.10219393626227237,-0.19645851338016815,0.20414171676793955,39.0,-0.09703613672799054,0.14091329468238928,-0.37322619430547355,0.17915392084949244,EUR_CAD,7,30,2,short,130
45.0,-0.013624110742438722,0.14758396993635048,-0.3028886918176857,0.2756404703328082,20.0,-0.03938710296978828,0.20726446720154174,-0.44562545868481007,0.36685125274523356,EUR_CAD,7,30,3,short,65
22.0,-0.30644629580535726,0.20279781357566753,-0.7039300104136657,0.09103741880295108,10.0,0.19422798501742525,0.29299253221427163,-0.3800373781225471,0.7684933481573976,EUR_CAD,7,30,4,short,32
273.0,0.1527169378799404,0.058244898985010424,0.038556935869319964,0.2668769398905608,117.0,-0.11141542246864346,0.08387143746756054,-0.2758034399050621,0.05297259496777519,EUR_CAD,7,35,1,short,390
137.0,0.03444232740151418,0.08255336234988095,-0.12736226280425247,0.19624691760728083,60.0,-0.0981431900242648,0.11514276714263329,-0.32382301362382604,0.12753663357529643,EUR_CAD,7,35,2,short,197
69.0,0.032583579049664566,0.11867479692547422,-0.20001902292426493,0.26518618102359404,30.0,-0.08141560079020944,0.15831863140081548,-0.3917201183358078,0.22888891675538892,EUR_CAD,7,35,3,short,99
35.0,-0.25327788874826057,0.1601449867865508,-0.5671620628499001,0.06060628535337903,15.0,0.08940869032370019,0.24245503523019804,-0.385803178727488,0.5646205593748883,EUR_CAD,7,35,4,short,50
7.0,-0.14285714285714285,0.40406101782088427,-0.9348167377860761,0.6491024520717903,4.0,0.12250760018111156,0.5164007280992099,-0.8896378268933398,1.134653027255563,EUR_CAD,14,20,1,long,11
0.0,,,,,1.0,1.0,,,,EUR_CAD,14,20,2,long,1
1.0,-0.6985827164947394,,,,1.0,1.0,,,,EUR_CAD,14,20,3,long,2
1.0,1.0,,,,1.0,1.0,,,,EUR_CAD,14,20,4,long,2
26.0,-0.11349726058314531,0.1948075407360193,-0.4953200404257431,0.2683255192594525,12.0,0.6035996587640432,0.21229278102709492,0.18750580795093713,1.0196935095771493,EUR_CAD,14,25,1,long,38
10.0,0.3142533203757704,0.2987522983733341,-0.27130118443596446,0.8998078251875052,5.0,-0.001454531710568019,0.43612066411350264,-0.8562510333730331,0.8533419699518972,EUR_CAD,14,25,2,long,15
8.0,0.22042206214172094,0.31526423225563105,-0.39749583307931585,0.8383399573627577,4.0,0.10104456065805867,0.5255285873605808,-0.9289914705686798,1.131080591884797,EUR_CAD,14,25,3,long,12
1.0,1.0,,,,1.0,1.0,,,,EUR_CAD,14,25,4,long,2
64.0,0.13098112108822565,0.12097185973648512,-0.10612372399528519,0.3680859661717365,28.0,0.15488249420339456,0.17318889170788115,-0.18456773354405248,0.4943327219508416,EUR_CAD,14,30,1,long,92
30.0,0.1569807675509903,0.1760761859880145,-0.1881285569855181,0.5020900920874987,13.0,-0.23113770225785396,0.2545675207435686,-0.7300900429152484,0.26781463839954045,EUR_CAD,14,30,2,long,43
22.0,0.13609907077088987,0.20065033931715354,-0.257175594290731,0.5293737358325108,10.0,0.12680768674090043,0.2650008963417471,-0.39259407008892394,0.6462094435707249,EUR_CAD,14,30,3,long,32
7.0,0.7142857142857143,0.2857142857142857,0.15428571428571436,1.2742857142857142,4.0,0.22162192338229453,0.48446017518003615,-0.7279200199705762,1.1711638667351654,EUR_CAD,14,30,4,long,11
130.0,-0.04436940906712423,0.08457936331880124,-0.21014496117197465,0.1214061430377262,56.0,0.23367782087116568,0.11875965020452288,0.0009089064703008409,0.4664467352720305,EUR_CAD,14,35,1,long,186
58.0,0.1195812955480571,0.12665345271788486,-0.12865947177899723,0.36782206287511143,26.0,0.08472500044657237,0.17040164619697126,-0.24926222609949128,0.41871222699263605,EUR_CAD,14,35,2,long,84
44.0,0.17601336156614253,0.13878038706026624,-0.09599619707197929,0.4480229202042644,19.0,0.08386145957483741,0.19954302237303542,-0.307242864276312,0.47496578342598683,EUR_CAD,14,35,3,long,63
18.0,0.5718636999379552,0.19480651339606375,0.1900429336816702,0.9536844661942401,8.0,0.030998611995073408,0.3310125389164367,-0.6177859642811426,0.6797831882712894,EUR_CAD,14,35,4,long,26
11.0,-0.10697100133872722,0.3097210387827187,-0.714024237352856,0.5000822346754015,6.0,-0.3333333333333333,0.421637021355784,-1.15974189519067,0.4930752285240034,EUR_CAD,14,20,1,short,17
4.0,-0.5,0.5,-1.48,0.48,3.0,0.3333333333333333,0.6666666666666667,-0.9733333333333336,1.6400000000000001,EUR_CAD,14,20,2,short,7
0.0,,,,,1.0,-1.0,,,,EUR_CAD,14,20,3,short,1
0.0,,,,,1.0,-1.0,,,,EUR_CAD,14,20,4,short,1
36.0,0.4395366384798333,0.1509833526909064,0.14360926720565675,0.7354640097540099,16.0,-0.375,0.23935677693908453,-0.8441392828006057,0.09413928280060568,EUR_CAD,14,25,1,short,52
13.0,-0.07692307692307693,0.2878197989826109,-0.6410498829289943,0.48720372908284043,6.0,0.0,0.4472135954999579,-0.8765386471799175,0.8765386471799175,EUR_CAD,14,25,2,short,19
4.0,-0.5,0.5,-1.48,0.48,3.0,0.0254688727415541,0.5779117552118653,-1.1072381674737017,1.15817591295681,EUR_CAD,14,25,3,short,7
2.0,-1.0,0.0,-1.0,-1.0,2.0,1.0,0.0,1.0,1.0,EUR_CAD,14,25,4,short,4
77.0,0.2717303410363656,0.10776681604861449,0.06050738158108124,0.48295330049165,34.0,-0.31579073404729524,0.16052591490402335,-0.630421527259181,-0.0011599408354094898,EUR_CAD,14,30,1,short,111
36.0,0.022958878915414038,0.16513885855320734,-0.30071328384887236,0.34663104167970044,16.0,-0.2187082704426722,0.2456623686748871,-0.7002065130454509,0.2627899721601066,EUR_CAD,14,30,2,short,52
16.0,0.25,0.25,-0.24,0.74,7.0,0.010915231174951757,0.3781220505719621,-0.7302039879460939,0.7520344502959974,EUR_CAD,14,30,3,short,23
9.0,-0.1111111111111111,0.35136418446315326,-0.7997849126588914,0.5775626904366693,5.0,0.2,0.48989794855663565,-0.7601999791710059,1.1601999791710058,EUR_CAD,14,30,4,short,14
142.0,0.25201402805803386,0.07979503714631217,0.09561575525126201,0.40841230086480573,62.0,-0.2875555916083576,0.11454737431606186,-0.5120684452678388,-0.06304273794887633,EUR_CAD,14,35,1,short,204
64.0,-0.014780671270172602,0.12241186761538064,-0.2547079317963187,0.22514658925597344,28.0,-0.22503991104053897,0.16762486816468614,-0.5535846526433238,0.10350483056224583,EUR_CAD,14,35,2,short,92
33.0,-0.023396258797263862,0.171710242694599,-0.3599483344786779,0.3131558168841502,15.0,0.04856157636336529,0.22964237444248667,-0.40153747754390856,0.4986606302706391,EUR_CAD,14,35,3,short,48
16.0,-0.17136365673236625,0.24661719355256187,-0.6547333560953875,0.312006042630655,8.0,0.3995654286415051,0.3207524970416681,-0.22910946556016432,1.0282403228431747,EUR_CAD,14,35,4,short,24
,,,,,,,,,,EUR_CAD,21,20,1,long,0
,,,,,,,,,,EUR_CAD,21,20,2,long,0
0.0,,,,,1.0,-0.6985827164947394,,,,EUR_CAD,21,20,3,long,1
,,,,,,,,,,EUR_CAD,21,20,4,long,0
9.0,0.3333333333333333,0.3333333333333333,-0.32,0.9866666666666666,5.0,0.2980060801448893,0.43680836033486464,-0.5581383061114454,1.1541504664012239,EUR_CAD,21,25,1,long,14
1.0,1.0,,,,1.0,1.0,,,,EUR_CAD,21,25,2,long,2
2.0,0.15070864175263032,0.8492913582473697,-1.5139024204122142,1.8153197039174747,1.0,1.0,,,,EUR_CAD,21,25,3,long,3
1.0,1.0,,,,1.0,1.0,,,,EUR_CAD,21,25,4,long,2
30.0,-0.14291295216616534,0.17779909176542114,-0.4913991720263908,0.2055732676940601,14.0,0.23165685036917985,0.252130348634447,-0.2625186329543363,0.725832333692696,EUR_CAD,21,30,1,long,44
11.0,0.1554020933208827,0.2770969172665375,-0.38770786452153083,0.6985120511632963,6.0,0.16545455690785998,0.39326767768018933,-0.6053500913453111,0.936259205161031,EUR_CAD,21,30,2,long,17
11.0,-0.11242031844238479,0.2830931664772046,-0.6672829247377058,0.44244228785293627,5.0,0.28083564852644693,0.4450090032311965,-0.5913819978066982,1.1530532948595922,EUR_CAD,21,30,3,long,16
2.0,1.0,0.0,1.0,1.0,2.0,0.44324384676458906,0.556756153235411,-0.6479982135768166,1.5344859071059949,EUR_CAD,21,30,4,long,4
70.0,0.04933243104173827,0.11419482694982147,-0.1744894297799118,0.27315429186338835,31.0,0.31408988010280064,0.16304718670259255,-0.005482605834280729,0.633662366039882,EUR_CAD,21,35,1,long,101
35.0,0.10598351504370598,0.16479834225783155,-0.21702123578164387,0.4289882658690558,15.0,-0.00048484390352265816,0.2563854215967713,-0.5030002702331944,0.5020305824261491,EUR_CAD,21,35,2,long,50
23.0,0.20777567090270796,0.18892941214157358,-0.16252597689477624,0.5780773187001922,11.0,0.01476772624116416,0.26111534717998924,-0.4970183542316148,0.5265538067139431,EUR_CAD,21,35,3,long,34
9.0,0.7777777777777778,0.2222222222222222,0.34222222222222226,1.2133333333333334,5.0,0.24959777919211748,0.3763025980638119,-0.4879553130129538,0.9871508713971887,EUR_CAD,21,35,4,long,14
4.0,0.0,0.5773502691896257,-1.1316065276116665,1.1316065276116665,2.0,-1.0,0.0,-1.0,-1.0,EUR_CAD,21,20,1,short,6
1.0,1.0,,,,1.0,-1.0,,,,EUR_CAD,21,20,2,short,2
0.0,,,,,1.0,-1.0,,,,EUR_CAD,21,20,3,short,1
0.0,,,,,1.0,-1.0,,,,EUR_CAD,21,20,4,short,1
12.0,-0.16666666666666666,0.2972941950052816,-0.7493632888770185,0.41602995554368527,6.0,-0.3333333333333333,0.421637021355784,-1.15974189519067,0.4930752285240034,EUR_CAD,21,25,1,short,18
4.0,-0.5,0.5,-1.48,0.48,3.0,0.3333333333333333,0.6666666666666667,-0.9733333333333336,1.6400000000000001,EUR_CAD,21,25,2,short,7
0.0,,,,,1.0,-1.0,,,,EUR_CAD,21,25,3,short,1
0.0,,,,,1.0,-1.0,,,,EUR_CAD,21,25,4,short,1
35.0,0.30923768529354284,0.16226049199237444,-0.008792879011511046,0.6272682495985967,16.0,-0.25,0.25,-0.74,0.24,EUR_CAD,21,30,1,short,51
15.0,-0.06666666666666667,0.2666666666666666,-0.5893333333333332,0.45599999999999985,7.0,-0.14285714285714285,0.40406101782088427,-0.9348167377860761,0.6491024520717903,EUR_CAD,21,30,2,short,22
6.0,0.3333333333333333,0.421637021355784,-0.4930752285240034,1.15974189519067,3.0,-1.0,0.0,-1.0,-1.0,EUR_CAD,21,30,3,short,9
4.0,0.0,0.5773502691896257,-1.1316065276116665,1.1316065276116665,2.0,0.0,1.0,-1.96,1.96,EUR_CAD,21,30,4,short,6
88.0,0.22640041204318354,0.10231013932909999,0.025872538958147562,0.4269282851282195,38.0,-0.18474554264465973,0.1495463050877548,-0.47785630061665907,0.10836521532733964,EUR_CAD,21,35,1,short,126
45.0,-0.0766153180539902,0.14914046880557322,-0.36893063691291367,0.2157000008049333,20.0,-0.25777655094730206,0.20524463963874906,-0.6600560446392503,0.1445029427446461,EUR_CAD,21,35,2,short,65
19.0,0.09796589146508407,0.22837382329705297,-0.3496468021971398,0.545578585127308,9.0,0.08427881180130105,0.31276034509104567,-0.5287314645771485,0.6972890881797505,EUR_CAD,21,35,3,short,28
12.0,-0.3333333333333333,0.28426762180748055,-0.8904978720759953,0.2238312054093286,6.0,0.5327539048553401,0.3334497023223612,-0.12080751169648785,1.186315321407168,EUR_CAD,21,35,4,short,18
,,,,,,,,,,EUR_CAD,28,20,1,long,0
,,,,,,,,,,EUR_CAD,28,20,2,long,0
,,,,,,,,,,EUR_CAD,28,20,3,long,0
,,,,,,,,,,EUR_CAD,28,20,4,long,0
1.0,1.0,,,,1.0,-1.0,,,,EUR_CAD,28,25,1,long,2
,,,,,,,,,,EUR_CAD,28,25,2,long,0
0.0,,,,,1.0,-0.6985827164947394,,,,EUR_CAD,28,25,3,long,1
,,,,,,,,,,EUR_CAD,28,25,4,long,0
17.0,0.2381806602846013,0.23513135821246262,-0.2226768018118254,0.699038122381028,8.0,-0.18874619990944422,0.352923200071894,-0.8804756720503564,0.502983272231468,EUR_CAD,28,30,1,long,25
3.0,0.7141777345859014,0.2858222654140985,0.15396609437426834,1.2743893747975346,2.0,0.0,1.0,-1.96,1.96,EUR_CAD,28,30,2,long,5
4.0,0.07535432087631516,0.5373782588554552,-0.9779070664803771,1.1286157082330075,3.0,-0.19860725245592178,0.61055562732762,-1.395296282018057,0.9980817771062135,EUR_CAD,28,30,3,long,7
1.0,1.0,,,,1.0,1.0,,,,EUR_CAD,28,30,4,long,2
41.0,-0.027701353720352723,0.15046734706132256,-0.3226173539605449,0.2672146465198395,18.0,0.1801775502871399,0.22677509781825833,-0.2643016414366464,0.6246567420109261,EUR_CAD,28,35,1,long,59
18.0,0.37274572369609493,0.2077803354485998,-0.034503733783160684,0.7799951811753505,8.0,-0.12590908231910503,0.34530551885160393,-0.8027078992682487,0.5508897346300387,EUR_CAD,28,35,2,long,26
16.0,0.11021103107086047,0.23944614535197203,-0.3591034138190047,0.5795254759607257,8.0,0.3893913473866498,0.3054723225530786,-0.2093344048173842,0.9881170995906838,EUR_CAD,28,35,3,long,24
4.0,1.0,0.0,1.0,1.0,3.0,0.38353981293992284,0.3269409371381439,-0.2572644238508391,1.0243440497306848,EUR_CAD,28,35,4,long,7
1.0,-1.0,,,,1.0,-1.0,,,,EUR_CAD,28,20,1,short,2
0.0,,,,,1.0,-1.0,,,,EUR_CAD,28,20,2,short,1
0.0,,,,,1.0,-1.0,,,,EUR_CAD,28,20,3,short,1
,,,,,,,,,,EUR_CAD,28,20,4,short,0
4.0,0.0,0.5773502691896257,-1.1316065276116665,1.1316065276116665,3.0,-0.3333333333333333,0.6666666666666667,-1.6400000000000001,0.9733333333333336,EUR_CAD,28,25,1,short,7
1.0,1.0,,,,1.0,-1.0,,,,EUR_CAD,28,25,2,short,2
1.0,-1.0,,,,1.0,-1.0,,,,EUR_CAD,28,25,3,short,2
,,,,,,,,,,EUR_CAD,28,25,4,short,0
16.0,0.125,0.25617376914899,-0.37710058753202036,0.6271005875320204,8.0,-0.75,0.25,-1.24,-0.26,EUR_CAD,28,30,1,short,24
7.0,-0.7142857142857143,0.28571428571428575,-1.2742857142857145,-0.15428571428571425,4.0,0.0,0.5773502691896257,-1.1316065276116665,1.1316065276116665,EUR_CAD,28,30,2,short,11
2.0,0.0,1.0,-1.96,1.96,1.0,-1.0,,,,EUR_CAD,28,30,3,short,3
2.0,0.0,1.0,-1.96,1.96,2.0,0.0,1.0,-1.96,1.96,EUR_CAD,28,30,4,short,4
54.0,0.2559873886161852,0.13235920201728557,-0.0034366473376944984,0.515411424570065,24.0,-0.16666666666666666,0.20559798491465375,-0.569638717099388,0.23630538376605467,EUR_CAD,28,35,1,short,78
28.0,-0.14285714285714285,0.19047619047619052,-0.5161904761904763,0.23047619047619056,13.0,-0.38461538461538464,0.2664693550105965,-0.9068953204361538,0.1376645512053845,EUR_CAD,28,35,2,short,41
9.0,0.1111111111111111,0.35136418446315326,-0.5775626904366693,0.7997849126588914,5.0,-0.6,0.4000000000000001,-1.3840000000000001,0.18400000000000016,EUR_CAD,28,35,3,short,14
7.0,-0.42857142857142855,0.3688555567816587,-1.1515283198634796,0.29438546272062255,3.0,0.3333333333333333,0.6666666666666667,-0.9733333333333336,1.6400000000000001,EUR_CAD,28,35,4,short,10
60.0,0.18973441259554177,0.10883019964073248,-0.023572778700293895,0.40304160389137744,26.0,-0.3936834049069586,0.17679409343594937,-0.7401998280414193,-0.04716698177249784,EUR_CHF,7,20,1,long,86
30.0,0.1685369323698834,0.16450145197060778,-0.15388591349250783,0.49095977823227466,13.0,-0.19128394552862352,0.274576647231501,-0.7294541741023655,0.3468862830451185,EUR_CHF,7,20,2,long,43
18.0,0.006922714068748929,0.204682276164756,-0.3942545472141728,0.4080999753516707,8.0,-0.5,0.32732683535398854,-1.1415605972938176,0.14156059729381754,EUR_CHF,7,20,3,long,26
9.0,-0.3371956465370936,0.28814148217478314,-0.9019529515996685,0.22756165852548133,4.0,-0.3405787448982842,0.471460197907488,-1.2646407327969607,0.5834832430003922,EUR_CHF,7,20,4,long,13
107.0,0.11836004638872182,0.08267795973281422,-0.04368875468759405,0.2804088474650377,46.0,-0.13604216978940858,0.13742979704610156,-0.40540457199976765,0.13332023242095048,EUR_CHF,7,25,1,long,153
62.0,0.03268455565436078,0.10503612234759173,-0.17318624414691902,0.23855535545564055,27.0,-0.072348555271449,0.17936810142681747,-0.42391003406801125,0.27921292352511323,EUR_CHF,7,25,2,long,89
34.0,-0.18730062214178855,0.14484573895144098,-0.4711982704866129,0.09659702620303579,15.0,0.05405771952716202,0.2310748463559425,-0.39884897933048524,0.5069644183848093,EUR_CHF,7,25,3,long,49
14.0,-0.07460777554873924,0.24498611384994523,-0.5547805586946318,0.4055650075971534,7.0,-0.6231878542275909,0.2850534800632886,-1.1818926751516368,-0.06448303330354521,EUR_CHF,7,25,4,long,21
176.0,0.08201597994796773,0.0628805567501403,-0.041229911282307255,0.20526187117824274,76.0,0.015865934275849064,0.10762350064018768,-0.19507612697891877,0.2268079955306169,EUR_CHF,7,30,1,long,252
99.0,0.04414093946997861,0.08160940070774726,-0.11581348591720603,0.20409536485716323,43.0,0.055909599756966376,0.13316585363896705,-0.20509547337540904,0.3169146728893418,EUR_CHF,7,30,2,long,142
56.0,-0.08930096748987322,0.11458511533841355,-0.31388779355316376,0.13528585857341735,24.0,0.08727488345376948,0.1786062989884439,-0.26279346256358055,0.43734322947111953,EUR_CHF,7,30,3,long,80
26.0,-0.32134649424004624,0.16156290129192974,-0.6380097807722285,-0.004683207707863957,12.0,-0.24275874678283724,0.24102209334020125,-0.7151620497296317,0.2296445561639572,EUR_CHF,7,30,4,long,38
270.0,0.050887296706591756,0.049092937891061984,-0.045334861559889736,0.14710945497307326,117.0,0.04299773578829097,0.08407532065125807,-0.12178989268817483,0.20778536426475677,EUR_CHF,7,35,1,long,387
148.0,-0.004033646377242182,0.06617179192066337,-0.1337303585417424,0.12566306578725803,64.0,0.025714810017552173,0.10494260770731136,-0.17997270108877805,0.23140232112388243,EUR_CHF,7,35,2,long,212
87.0,-0.07327169944463124,0.08535253945172547,-0.24056267677001317,0.09401927788075068,38.0,0.19919746983156858,0.13857968676997204,-0.07241871623757659,0.4708136559007138,EUR_CHF,7,35,3,long,125
37.0,-0.2098079691663407,0.13251146888367601,-0.46953044817834566,0.04991450984566426,16.0,-0.05976578892793405,0.2257736204526129,-0.5022820850150553,0.38275050715918724,EUR_CHF,7,35,4,long,53
51.0,0.013515183365785319,0.12360927166905167,-0.22875898910555592,0.2557893558371266,22.0,0.0442011112258565,0.18340549682753815,-0.3152736625561183,0.4036758850078313,EUR_CHF,7,20,1,short,73
31.0,0.23921549984970011,0.13625372245894582,-0.027841796169833705,0.5062727958692339,14.0,0.5379938309964135,0.19861062230985327,0.14871701126910114,0.9272706507237258,EUR_CHF,7,20,2,short,45
10.0,0.0396748715998327,0.3007300818357643,-0.5497560887982652,0.6291058319979307,5.0,-0.5731339607344071,0.39414283732259014,-1.3456539218866839,0.19938600041786958,EUR_CHF,7,20,3,short,15
6.0,-0.13535764145520235,0.4051896278512496,-0.9295293120436516,0.6588140291332469,3.0,-0.09519301846956696,0.5851453187872953,-1.2420778432926656,1.0516918063535319,EUR_CHF,7,20,4,short,9
105.0,-0.008229109245787045,0.08753908245534273,-0.17980571085825878,0.1633474923666847,46.0,-0.022845658547054618,0.12318179419302261,-0.26428197516537894,0.2185906580712697,EUR_CHF,7,25,1,short,151
58.0,0.1572904817364929,0.10835265842860338,-0.055080728783569705,0.36966169225655554,25.0,0.38130130434968634,0.16199380819829418,0.06379344028102979,0.6988091684183428,EUR_CHF,7,25,2,short,83
23.0,0.20140190083260529,0.1853470868359438,-0.1618783893658446,0.5646821910310551,11.0,-0.3261453764008659,0.26909452209045925,-0.8535706396981659,0.20127988689643422,EUR_CHF,7,25,3,short,34
14.0,0.1455104990630057,0.2542125911928672,-0.352746179675014,0.6437671778010254,6.0,0.11907015743188132,0.40810493677251747,-0.6808155186422529,0.9189558335060155,EUR_CHF,7,25,4,short,20
171.0,0.029958950797960498,0.06798444399548963,-0.10329055943319916,0.16320846102912015,74.0,0.06480124943782378,0.0981691868265536,-0.12761035674222126,0.25721285561786883,EUR_CHF,7,30,1,short,245
100.0,0.13129722602790145,0.08218757769109061,-0.029790426246636137,0.29238487830243903,44.0,0.10619911384317847,0.12942680593787162,-0.1474774257950499,0.3598756534814069,EUR_CHF,7,30,2,short,144
42.0,0.1643065890201885,0.13765042050074833,-0.10548823516127823,0.4341014132016552,18.0,-0.20136752535326327,0.20547362780287257,-0.6040958358468935,0.20136078514036695,EUR_CHF,7,30,3,short,60
23.0,0.030187371153396002,0.17805527313777422,-0.3188009641966415,0.37917570650343346,11.0,0.01935272961126193,0.2730579318777961,-0.5158408168692185,0.5545462760917422,EUR_CHF,7,30,4,short,34
268.0,0.004420853604714307,0.05240903995334879,-0.09830086470384933,0.10714257191327795,115.0,0.05614320102095872,0.07862369097239698,-0.09795923328493936,0.21024563532685678,EUR_CHF,7,35,1,short,383
146.0,0.08146752806115766,0.06874431491576531,-0.053271329173742346,0.21620638529605768,63.0,0.1335500833560246,0.10877914347304485,-0.07965703785114328,0.3467572045631925,EUR_CHF,7,35,2,short,209
65.0,0.0751602253088598,0.10703495422790615,-0.13462828497783627,0.2849487355955559,28.0,-0.14222631732451965,0.16393822569291758,-0.46354523968263806,0.17909260503359878,EUR_CHF,7,35,3,short,93
32.0,-0.08983101839462919,0.15551241848782157,-0.3946353586307595,0.21497332184150109,15.0,0.1069767838427722,0.2308123766286087,-0.34541547434930087,0.5593690420348453,EUR_CHF,7,35,4,short,47
7.0,0.3724332326569456,0.311503764103648,-0.23811414498620442,0.9829806103000956,3.0,-1.0,0.0,-1.0,-1.0,EUR_CHF,14,20,1,long,10
4.0,0.06202747715995088,0.5439017280871558,-1.0040199098908744,1.1280748642107763,2.0,-0.7433456459360529,0.25665435406394704,-1.246388179901389,-0.24030311197071674,EUR_CHF,14,20,2,long,6
1.0,-0.3455190356669248,,,,1.0,-1.0,,,,EUR_CHF,14,20,3,long,2
0.0,,,,,1.0,0.999999999999989,,,,EUR_CHF,14,20,4,long,1
23.0,0.20571130869621967,0.18541694754343774,-0.1577059084889183,0.5691285258813576,11.0,-0.3311672570363191,0.2847833964042506,-0.8893427139886503,0.22700819991601207,EUR_CHF,14,25,1,long,34
11.0,-0.021689216657482024,0.2984358082304592,-0.606623400789182,0.5632449674742179,5.0,-0.2,0.48989794855663565,-1.1601999791710058,0.7601999791710059,EUR_CHF,14,25,2,long,16
8.0,-0.10934863215146774,0.30412957228541276,-0.7054425938308767,0.48674532952794125,4.0,0.0,0.5773502691896257,-1.1316065276116665,1.1316065276116665,EUR_CHF,14,25,3,long,12
4.0,-0.250233498650382,0.4786729622054646,-1.1884325045730928,0.6879655072723286,3.0,-0.3333333333333333,0.6666666666666667,-1.6400000000000001,0.9733333333333336,EUR_CHF,14,25,4,long,7
67.0,0.04415545537644694,0.10544543060486591,-0.16251758860909024,0.25082849936198415,30.0,-0.04410147518025355,0.17712720123486694,-0.39127078960059275,0.3030678392400857,EUR_CHF,14,30,1,long,97
35.0,-0.03931338114705418,0.15296515797590723,-0.3391250907798324,0.260498328485724,15.0,-0.16577941945814037,0.2565766030127304,-0.6686695613630919,0.3371107224468112,EUR_CHF,14,30,2,long,50
20.0,-0.029647113604420117,0.19733472230222784,-0.4164231693167867,0.35712894210794643,9.0,-0.2706530453459369,0.32340874284522364,-0.9045341813225752,0.3632280906307014,EUR_CHF,14,30,3,long,29
9.0,-0.22232599940016978,0.3239328896173801,-0.8572344630502347,0.41258246424989514,4.0,-0.3405787448982842,0.471460197907488,-1.2646407327969607,0.5834832430003922,EUR_CHF,14,30,4,long,13
135.0,0.08377763320551304,0.07334489717868309,-0.05997836526470582,0.2275336316757319,58.0,-0.056170057155226986,0.1208462062713474,-0.29302862144706787,0.1806885071366139,EUR_CHF,14,35,1,long,193
81.0,0.02930612022051431,0.090018602310813,-0.14713034030867916,0.2057425807497078,36.0,-0.04709802271133309,0.14850338207000777,-0.33816465156854836,0.24396860614588214,EUR_CHF,14,35,2,long,117
40.0,-0.10159301046753315,0.12685113984249652,-0.3502212445588263,0.14703522362376004,18.0,0.15781201201262127,0.19761681664498354,-0.22951694861154645,0.545140972636789,EUR_CHF,14,35,3,long,58
19.0,-0.31242097992729956,0.17962669466208114,-0.6644893014649786,0.03964734161037947,9.0,-0.379109596018879,0.28480555303236105,-0.9373284799623067,0.17910928792454867,EUR_CHF,14,35,4,long,28
7.0,-0.45827321830994333,0.3504181911417923,-1.1450928729478562,0.2285464363279695,3.0,0.11716009420837882,0.589117832872378,-1.037510858221482,1.2718310466382396,EUR_CHF,14,20,1,short,10
4.0,0.5,0.5,-0.48,1.48,3.0,0.7201086580521153,0.23290187287072073,0.2636209872255027,1.176596328878728,EUR_CHF,14,20,2,short,7
1.0,-1.0,,,,1.0,-1.0,,,,EUR_CHF,14,20,3,short,2
,,,,,,,,,,EUR_CHF,14,20,4,short,0
23.0,-0.31006243860990756,0.18213383463235036,-0.6670447544893143,0.046919877269499144,11.0,0.33709352451024216,0.2696919577071929,-0.19150271259585588,0.8656897616163401,EUR_CHF,14,25,1,short,34
14.0,0.3882412912719543,0.22255054902291388,-0.04795778481295693,0.8244403673568654,6.0,0.8600543290260575,0.1215138454753501,0.6218871918943714,1.0982214661577436,EUR_CHF,14,25,2,short,20
3.0,-0.3333333333333333,0.6666666666666667,-1.6400000000000001,0.9733333333333336,2.0,5.551115123125783e-15,1.0000000000000056,-1.9600000000000053,1.9600000000000164,EUR_CHF,14,25,3,short,5
3.0,-0.3333333333333333,0.6666666666666667,-1.6400000000000001,0.9733333333333336,2.0,1.0000000000000056,5.551115123125783e-15,0.9999999999999947,1.0000000000000164,EUR_CHF,14,25,4,short,5
57.0,-0.11098004782386373,0.12199111395600193,-0.3500826311776275,0.12812253552990005,25.0,0.34852192434961565,0.16697466881916145,0.021251573464059204,0.6757922752351722,EUR_CHF,14,30,1,short,82
40.0,0.14133680883963576,0.13253050523514603,-0.11842298142125049,0.401096599100522,18.0,0.4634777190514249,0.18436039429629597,0.10213134623068476,0.824824091872165,EUR_CHF,14,30,2,short,58
13.0,0.040637814259449394,0.275996111661185,-0.5003145645964732,0.5815901931153719,6.0,-0.26856213578593763,0.40583342206320244,-1.0639956430298143,0.5268713714579392,EUR_CHF,14,30,3,short,19
7.0,0.18050912454850807,0.3385169453316761,-0.482984088301577,0.8440023373985932,4.0,0.6786052361478248,0.3213947638521789,0.048671498997554075,1.3085389732980954,EUR_CHF,14,30,4,short,11
128.0,-0.01360982189817897,0.07877202107953259,-0.16800298321406285,0.1407833394177049,56.0,0.1452779884801485,0.1135747734682598,-0.0773285675176407,0.3678845444779377,EUR_CHF,14,35,1,short,184
80.0,0.04902894906339289,0.08844688989941507,-0.12432695513946065,0.22238485326624644,35.0,0.2816714730296049,0.14826980839532897,-0.008937351425239881,0.5722802974844496,EUR_CHF,14,35,2,short,115
32.0,0.19037465372444817,0.14820297244802122,-0.10010317227367344,0.4808524797225698,15.0,-0.15272452464125558,0.23778302847830537,-0.6187792604587341,0.31333021117622295,EUR_CHF,14,35,3,short,47
15.0,0.2763193074779045,0.19995796912271713,-0.11559831200262105,0.6682369269584301,7.0,-0.04079700791552871,0.38015988572178844,-0.785910383930234,0.7043163680991765,EUR_CHF,14,35,4,short,22
2.0,0.0,1.0,-1.96,1.96,1.0,-1.0,,,,EUR_CHF,21,20,1,long,3
0.0,,,,,1.0,-0.4866912918721058,,,,EUR_CHF,21,20,2,long,1
0.0,,,,,1.0,-0.3455190356669248,,,,EUR_CHF,21,20,3,long,1
,,,,,,,,,,EUR_CHF,21,20,4,long,0
8.0,0.2817571347116032,0.3350562367087975,-0.37495308923763987,0.9384673586608463,4.0,-0.5,0.5,-1.48,0.48,EUR_CHF,21,25,1,long,12
3.0,0.41603663621326786,0.5839633637867322,-0.7285315568087272,1.560604829235263,2.0,-0.7433456459360529,0.25665435406394704,-1.246388179901389,-0.24030311197071674,EUR_CHF,21,25,2,long,5
2.0,0.32724048216653756,0.6727595178334624,-0.9913681727870487,1.6458491371201238,1.0,-1.0,,,,EUR_CHF,21,25,3,long,3
1.0,0.999999999999989,,,,1.0,-1.0,,,,EUR_CHF,21,25,4,long,2
25.0,0.006300217145978592,0.1884381854930352,-0.3630386264203704,0.3756390607123276,11.0,0.17388402474302983,0.2965716969576665,-0.40739650129399646,0.7551645507800562,EUR_CHF,21,30,1,long,36
14.0,0.06024547852493811,0.26305563565860984,-0.4553435673659372,0.5758345244158134,6.0,0.3333333333333333,0.421637021355784,-0.4930752285240034,1.15974189519067,EUR_CHF,21,30,2,long,20
8.0,0.005020045478331021,0.334555419185273,-0.650708576124804,0.6607486670814661,4.0,-0.8589693520283581,0.14103064797164194,-1.1353894220527763,-0.58254928200394,EUR_CHF,21,30,3,long,12
4.0,-0.25023349865038214,0.4786729622054647,-1.1884325045730928,0.6879655072723286,3.0,-0.3333333333333333,0.6666666666666667,-1.6400000000000001,0.9733333333333336,EUR_CHF,21,30,4,long,7
80.0,-0.003678482644634229,0.09554096409818622,-0.1909387722770792,0.18358180698781076,35.0,0.017163920268044575,0.16248800221911738,-0.3013125640814255,0.33564040461751465,EUR_CHF,21,35,1,long,115
47.0,-0.02351376170171594,0.12687639937063683,-0.27219150446816415,0.22516398106473226,21.0,0.03772326980566881,0.21428040428629003,-0.3822663225954596,0.45771286220679724,EUR_CHF,21,35,2,long,68
22.0,0.03503634041976161,0.16803304667950028,-0.29430843107205895,0.3643811119115822,10.0,-0.14358774081134323,0.3159432917082612,-0.7628365925595351,0.47566111093684865,EUR_CHF,21,35,3,long,32
11.0,-0.2350222944470498,0.2594720877372182,-0.7435875864119974,0.2735429975178978,5.0,-0.2,0.48989794855663565,-1.1601999791710058,0.7601999791710059,EUR_CHF,21,35,4,long,16
2.0,-1.0,0.0,-1.0,-1.0,2.0,0.8960437359151984,0.10395626408480163,0.6922894583089871,1.0997980135214096,EUR_CHF,21,20,1,short,4
0.0,,,,,1.0,1.0,,,,EUR_CHF,21,20,2,short,1
,,,,,,,,,,EUR_CHF,21,20,3,short,0
,,,,,,,,,,EUR_CHF,21,20,4,short,0
7.0,-0.3395928560726926,0.3397751612007349,-1.005552172026133,0.3263664598807478,4.0,-0.5000000000000028,0.49999999999999717,-1.4799999999999973,0.47999999999999166,EUR_CHF,21,25,1,short,11
4.0,0.33217955189200865,0.4714059327520566,-0.5917760763020223,1.2561351800860396,3.0,0.9675384232948421,0.03246157670515237,0.9039137329527435,1.0311631136369408,EUR_CHF,21,25,2,short,7
2.0,-1.0,0.0,-1.0,-1.0,1.0,-1.0,,,,EUR_CHF,21,25,3,short,3
,,,,,,,,,,EUR_CHF,21,25,4,short,0
23.0,-0.23181356024788996,0.1959175503635835,-0.6158119589605136,0.15218483846473368,11.0,0.518911706328424,0.23910253152600539,0.05027074453745345,0.9875526681193945,EUR_CHF,21,30,1,short,34
14.0,0.4310123664132914,0.20452653428160655,0.03014035922134256,0.8318843736052401,6.0,0.8600543290260557,0.12151384547534967,0.6218871918943704,1.098221466157741,EUR_CHF,21,30,2,short,20
4.0,-0.4999999999999972,0.5000000000000028,-1.4800000000000026,0.4800000000000082,2.0,0.0,1.0,-1.96,1.96,EUR_CHF,21,30,3,short,6
3.0,-0.6414300931430764,0.35856990685692347,-1.3442271105826464,0.0613669242964936,2.0,1.0000000000000056,5.551115123125783e-15,0.9999999999999947,1.0000000000000164,EUR_CHF,21,30,4,short,5
70.0,-0.18171718771765397,0.10471388861008227,-0.38695640939341525,0.023522033958107286,31.0,0.3315366139783777,0.15300712369615163,0.031642651533920485,0.631430576422835,EUR_CHF,21,35,1,short,101
46.0,0.09973374367709927,0.12059049443069447,-0.1366236254070619,0.3360911127612604,20.0,0.38880828552123936,0.19042227982440932,0.015580617065397095,0.7620359539770816,EUR_CHF,21,35,2,short,66
16.0,0.0325745924539983,0.24258061388895372,-0.44288341076835097,0.5080325956763476,8.0,-0.09024116709218748,0.33596480781978594,-0.7487321904189679,0.568249856234593,EUR_CHF,21,35,3,short,24
11.0,0.12996911344070597,0.2530295556790836,-0.3659688156902978,0.6259070425717098,5.0,0.3428841889182598,0.4179537989920351,-0.47630525710612903,1.1620736349426486,EUR_CHF,21,35,4,short,16
,,,,,,,,,,EUR_CHF,28,20,1,long,0
,,,,,,,,,,EUR_CHF,28,20,2,long,0
,,,,,,,,,,EUR_CHF,28,20,3,long,0
,,,,,,,,,,EUR_CHF,28,20,4,long,0
2.0,1.0,0.0,1.0,1.0,2.0,-1.0,0.0,-1.0,-1.0,EUR_CHF,28,25,1,long,4
1.0,1.0,,,,1.0,-0.4866912918721058,,,,EUR_CHF,28,25,2,long,2
0.0,,,,,1.0,-0.3455190356669248,,,,EUR_CHF,28,25,3,long,1
0.0,,,,,1.0,0.999999999999989,,,,EUR_CHF,28,25,4,long,1
15.0,0.23465046005146312,0.23122966379847248,-0.21855968099354295,0.6878606010964692,7.0,0.42857142857142855,0.3688555567816587,-0.29438546272062255,1.1515283198634796,EUR_CHF,28,30,1,long,22
9.0,0.3609011009599782,0.32044006779346357,-0.26716143191521036,0.9889636338351667,4.0,0.12832717703197355,0.5140522797767555,-0.8792152913304672,1.1358696453944144,EUR_CHF,28,30,2,long,13
2.0,1.0,0.0,1.0,1.0,2.0,-0.6727595178334624,0.32724048216653756,-1.3141508628798761,-0.03136817278704884,EUR_CHF,28,30,3,long,4
2.0,-5.495603971894525e-15,0.9999999999999943,-1.9599999999999944,1.9599999999999833,1.0,-1.0,,,,EUR_CHF,28,30,4,long,3
50.0,-0.07903645448140326,0.12687625883208795,-0.32771392179229564,0.16964101282948912,22.0,0.03400738092483326,0.20482244084794346,-0.36744460313713595,0.43545936498680243,EUR_CHF,28,35,1,long,72
29.0,-0.05298770626304208,0.16817870272899174,-0.38261796361186584,0.27664255108578173,13.0,0.11640836216368419,0.2780507542838884,-0.428571116232737,0.6613878405601055,EUR_CHF,28,35,2,long,42
14.0,-0.11440567269527861,0.22573726341798245,-0.5568507089945242,0.32803936360396696,7.0,-0.3479824868733475,0.35664930209319895,-1.0470151189760175,0.3510501452293225,EUR_CHF,28,35,3,long,21
7.0,-0.5442948678507912,0.29199209207730464,-1.116599368322308,0.028009632620725866,4.0,0.0,0.5773502691896257,-1.1316065276116665,1.1316065276116665,EUR_CHF,28,35,4,long,11
1.0,-1.0,,,,1.0,-1.0,,,,EUR_CHF,28,20,1,short,2
,,,,,,,,,,EUR_CHF,28,20,2,short,0
,,,,,,,,,,EUR_CHF,28,20,3,short,0
,,,,,,,,,,EUR_CHF,28,20,4,short,0
3.0,-1.0,0.0,-1.0,-1.0,2.0,0.8960437359151984,0.10395626408480163,0.6922894583089871,1.0997980135214096,EUR_CHF,28,25,1,short,5
1.0,1.0,,,,1.0,0.32871820756803455,,,,EUR_CHF,28,25,2,short,2
0.0,,,,,1.0,-1.0,,,,EUR_CHF,28,25,3,short,1
,,,,,,,,,,EUR_CHF,28,25,4,short,0
12.0,-0.28142916604240403,0.27115934285021487,-0.8129014780288251,0.25004314594401705,6.0,-0.3333333333333352,0.4216370213557828,-1.1597418951906695,0.49307522852399904,EUR_CHF,28,30,1,short,18
7.0,0.49361167245872356,0.28529460951278257,-0.06556576218633031,1.0527891071037774,4.0,0.9756538174711316,0.02434618252886474,0.9279352997145567,1.0233723352277064,EUR_CHF,28,30,2,short,11
2.0,-1.0,0.0,-1.0,-1.0,1.0,-1.0,,,,EUR_CHF,28,30,3,short,3
1.0,-1.0,,,,1.0,-1.0,,,,EUR_CHF,28,30,4,short,2
41.0,-0.3747253609559974,0.13201390648318118,-0.6334726176630325,-0.11597810424896232,18.0,0.3317569062227046,0.20103113389317756,-0.06226411620792344,0.7257779286533326,EUR_CHF,28,35,1,short,59
26.0,0.1815610930261013,0.16692886711566007,-0.14561948652059242,0.508741672572795,12.0,0.747109316045404,0.15247052433214447,0.4482670883544008,1.045951543736407,EUR_CHF,28,35,2,short,38
10.0,-0.14788065207360274,0.29666995895059994,-0.7293537716167786,0.4335924674695732,5.0,-0.2,0.48989794855663565,-1.1601999791710058,0.7601999791710059,EUR_CHF,28,35,3,short,15
4.0,-0.23107256985730734,0.48236862042313855,-1.1765150658866588,0.7143699261720442,3.0,1.0000000000000038,3.701113471256863e-15,0.9999999999999966,1.000000000000011,EUR_CHF,28,35,4,short,7
56.0,0.1369419820320464,0.13045596174055482,-0.11875170297944102,0.3926356670435338,25.0,0.3795578780539573,0.18058916270079475,0.02560311916039959,0.733512636947515,EUR_NZD,7,20,1,long,81
31.0,0.16129032258064516,0.18018374250024446,-0.19186981271983397,0.5144504578811243,14.0,0.20483714189200916,0.26133724618361304,-0.3073838606278724,0.7170581444118908,EUR_NZD,7,20,2,long,45
12.0,0.5996393608438593,0.22568883284725597,0.1572892484632376,1.041989473224481,6.0,-0.6446414785950393,0.329635447544432,-1.2907269557821262,0.0014439985920474685,EUR_NZD,7,20,3,long,18
7.0,0.14285714285714285,0.40406101782088427,-0.6491024520717903,0.9348167377860761,4.0,0.5,0.5,-0.48,1.48,EUR_NZD,7,20,4,long,11
112.0,0.02326438996615205,0.09220145521360362,-0.15745046225251105,0.20397924218481514,48.0,0.2707658423546544,0.13447367006721703,0.0071974490229090304,0.5343342356863998,EUR_NZD,7,25,1,long,160
60.0,0.16331694018495135,0.12804272089882784,-0.08764679277675119,0.4142806731466539,27.0,0.17059004532649258,0.18605327080030498,-0.19407436544210516,0.5352544560950903,EUR_NZD,7,25,2,long,87
28.0,0.225245051082663,0.18049777348337023,-0.12853058494474265,0.5790206871100686,12.0,-0.15565407263085296,0.2946804044338966,-0.7332276653212902,0.42191952005958433,EUR_NZD,7,25,3,long,40
11.0,0.2727272727272727,0.30424000964875475,-0.32358314618428663,0.869037691638832,6.0,0.0,0.4472135954999579,-0.8765386471799175,0.8765386471799175,EUR_NZD,7,25,4,long,17
185.0,-0.00472245902760627,0.07231553671172315,-0.14646091098258363,0.1370159929273711,80.0,0.2785155282816233,0.10463163504815017,0.07343752358724898,0.4835935329759976,EUR_NZD,7,30,1,long,265
107.0,0.13098688742799178,0.09568796776396624,-0.056561529389382054,0.3185353042453656,46.0,0.20882459182207178,0.14257818719713553,-0.07062865508431385,0.4882778387284574,EUR_NZD,7,30,2,long,153
46.0,0.18058394413727313,0.14337303945530364,-0.10042721319512199,0.46159510146966826,21.0,0.053911958496655456,0.2219616289192147,-0.3811328341850053,0.4889567511783163,EUR_NZD,7,30,3,long,67
25.0,0.2,0.2,-0.192,0.5920000000000001,12.0,0.0,0.30151134457776363,-0.5909622353724167,0.5909622353724167,EUR_NZD,7,30,4,long,37
269.0,0.061949327524773085,0.059953380100561456,-0.055559297472327365,0.17945795252187352,116.0,0.288201328556747,0.08569969204431058,0.1202299321498983,0.45617272496359573,EUR_NZD,7,35,1,long,385
154.0,-0.000902521414650243,0.07977858819122008,-0.1572685542694416,0.15546351144014112,66.0,0.21513288670219322,0.11845665333406108,-0.017042153832566492,0.4473079272369529,EUR_NZD,7,35,2,long,220
70.0,0.11866944900449378,0.11783491980144933,-0.11228699380634691,0.34962589181533443,31.0,0.13899761460661825,0.17715032373336484,-0.20821701991077685,0.48621224912401334,EUR_NZD,7,35,3,long,101
39.0,0.23076923076923078,0.157842823397716,-0.07860270309029255,0.5401411646287542,18.0,0.2222222222222222,0.23647127470752347,-0.24126147620452376,0.6857059206489682,EUR_NZD,7,35,4,long,57
60.0,0.06666666666666667,0.12989928011932128,-0.18793592236720308,0.3212692557005364,26.0,-0.10377711809570346,0.19537367838317696,-0.48670952772673026,0.27915529153532337,EUR_NZD,7,20,1,short,86
36.0,-0.07179564809699068,0.16075074160850816,-0.3868671016496667,0.24327580545568533,16.0,-0.23281511812123137,0.23147206429269354,-0.6865003641349107,0.22087012789244795,EUR_NZD,7,20,2,short,52
14.0,-0.08336970225972275,0.26654732438723594,-0.6058024580587051,0.4390630535392597,7.0,-0.03292238586356433,0.3793956066536515,-0.7765377749047213,0.7106930031775927,EUR_NZD,7,20,3,short,21
9.0,-0.42100050007316103,0.29928958271550976,-1.0076080821955602,0.16560708204923813,4.0,0.5,0.5,-0.48,1.48,EUR_NZD,7,20,4,short,13
125.0,0.016684399911308097,0.08809192520570751,-0.1559757734918786,0.1893445733144948,55.0,0.02154272398070634,0.13290082262280956,-0.23894288836000038,0.28202833632141305,EUR_NZD,7,25,1,short,180
65.0,-0.05123426817725663,0.12209948054017597,-0.2905492500360015,0.18808071368148827,28.0,-0.14212349249677447,0.18081460019267961,-0.4965201088744265,0.21227312388087755,EUR_NZD,7,25,2,short,93
29.0,-0.14369571833227995,0.1837926333174101,-0.5039292796344037,0.21653784296984385,13.0,-0.017727438541919247,0.2779160646676159,-0.5624429252904465,0.5269880482066079,EUR_NZD,7,25,3,short,42
17.0,-0.45817673533285,0.21416543261283325,-0.8779409832540032,-0.038412487411696894,8.0,0.1443262352075948,0.34993018992960706,-0.5415369370544351,0.8301894074696247,EUR_NZD,7,25,4,short,25
199.0,0.004088610079440758,0.06995589217977961,-0.1330249385929273,0.1412021587518088,86.0,0.05851588730936812,0.10581929962362012,-0.14888993995292732,0.2659217145716635,EUR_NZD,7,30,1,short,285
96.0,0.017393464254982487,0.10106886902717721,-0.18070151903828485,0.2154884475482498,42.0,-0.15675307407413339,0.1453331330162276,-0.4416060147859395,0.12809986663767273,EUR_NZD,7,30,2,short,138
53.0,-0.07862595908747394,0.13696415520906047,-0.3470757032972325,0.1898237851222846,23.0,-0.1839329000454326,0.20504983546143182,-0.5858305775498389,0.21796477745897375,EUR_NZD,7,30,3,short,76
25.0,-0.311560180026338,0.18981471428865962,-0.6835970200321109,0.060476659979434855,12.0,-0.07044917652827014,0.28820693294166966,-0.6353347650939426,0.49443641203740235,EUR_NZD,7,30,4,short,37
291.0,-0.0451933175937888,0.05787387410435801,-0.1586261108383305,0.06823947565075289,125.0,0.05121071825153409,0.087595286832149,-0.12047604393947794,0.22289748044254612,EUR_NZD,7,35,1,short,416
139.0,-0.04138137785977169,0.08314482631708357,-0.2043452374412555,0.1215824817217121,60.0,-0.0430604851852267,0.12497723278282986,-0.2880158614395732,0.20189489106911981,EUR_NZD,7,35,2,short,199
80.0,-0.08958969789545149,0.11136796308955157,-0.3078709055509726,0.1286915097600696,35.0,-0.1419888979018516,0.1636502769812134,-0.4627434407850299,0.1787656449813267,EUR_NZD,7,35,3,short,115
36.0,-0.24413901390717918,0.16158633303221628,-0.5608482266503231,0.07257019883596472,16.0,0.0721631176037974,0.24950437510217435,-0.4168654575964643,0.5611916928040591,EUR_NZD,7,35,4,short,52
5.0,0.13460432144204723,0.4670313943953595,-0.7807772115728574,1.0499858544569518,3.0,0.3333333333333333,0.6666666666666667,-0.9733333333333336,1.6400000000000001,EUR_NZD,14,20,1,long,8
4.0,0.0,0.5773502691896257,-1.1316065276116665,1.1316065276116665,3.0,0.3333333333333333,0.6666666666666667,-0.9733333333333336,1.6400000000000001,EUR_NZD,14,20,2,long,7
2.0,1.0,0.0,1.0,1.0,1.0,-1.0,,,,EUR_NZD,14,20,3,long,3
,,,,,,,,,,EUR_NZD,14,20,4,long,0
18.0,-0.01816546626609799,0.23878107106314977,-0.48617636554987154,0.44984543301767554,9.0,0.5555555555555556,0.2939723678960656,-0.020630285520732983,1.1317413966318441,EUR_NZD,14,25,1,long,27
14.0,0.42857142857142855,0.25058800551629407,-0.0625810622405078,0.9197239193833648,7.0,-0.14285714285714285,0.40406101782088427,-0.9348167377860761,0.6491024520717903,EUR_NZD,14,25,2,long,21
7.0,0.31366747573233017,0.35689056157218546,-0.38583802494915337,1.0131729764138138,4.0,-1.0,0.0,-1.0,-1.0,EUR_NZD,14,25,3,long,11
2.0,1.0,0.0,1.0,1.0,2.0,1.0,0.0,1.0,1.0,EUR_NZD,14,25,4,long,4
62.0,-0.022833259861524995,0.12640380291780073,-0.2705847135804144,0.22491819385736445,28.0,0.20836507924344924,0.17844359006761756,-0.1413843572890812,0.5581145157759797,EUR_NZD,14,30,1,long,90
39.0,0.32817990797684826,0.15243867198342134,0.029400110889342412,0.6269597050643541,18.0,0.1111111111111111,0.24103384202072908,-0.36131521924951787,0.58353744147174,EUR_NZD,14,30,2,long,57
16.0,0.26917883939466025,0.231762582502116,-0.1850758223094871,0.7234335010988076,8.0,0.0,0.3779644730092272,-0.7408103670980853,0.7408103670980853,EUR_NZD,14,30,3,long,24
8.0,0.0,0.3779644730092272,-0.7408103670980853,0.7408103670980853,4.0,0.5,0.5,-0.48,1.48,EUR_NZD,14,30,4,long,12
134.0,0.07366861594505528,0.08482854180776134,-0.09259532599815695,0.2399325578882675,58.0,0.21174555625051453,0.12395374249307663,-0.031203779035915646,0.4546948915369447,EUR_NZD,14,35,1,long,192
81.0,0.2482655687719616,0.10739790942964923,0.03776566628984909,0.4587654712540741,36.0,0.2668314228837581,0.15817126307150978,-0.04318425273640103,0.5768470985039172,EUR_NZD,14,35,2,long,117
35.0,0.26591032658041613,0.160293481140494,-0.04826489645495208,0.5800855496157844,16.0,0.08180787830032216,0.24729646997195534,-0.4028932028447103,0.5665089594453546,EUR_NZD,14,35,3,long,51
18.0,0.2222222222222222,0.23647127470752347,-0.24126147620452376,0.6857059206489682,9.0,0.5555555555555556,0.2939723678960656,-0.020630285520732983,1.1317413966318441,EUR_NZD,14,35,4,long,27
7.0,-0.14285714285714285,0.40406101782088427,-0.9348167377860761,0.6491024520717903,3.0,-0.3333333333333333,0.6666666666666667,-1.6400000000000001,0.9733333333333336,EUR_NZD,14,20,1,short,10
4.0,-0.5,0.5,-1.48,0.48,2.0,-1.0,0.0,-1.0,-1.0,EUR_NZD,14,20,2,short,6
2.0,-1.0,0.0,-1.0,-1.0,2.0,0.0,1.0,-1.96,1.96,EUR_NZD,14,20,3,short,4
1.0,-1.0,,,,1.0,1.0,,,,EUR_NZD,14,20,4,short,2
33.0,0.15151515151515152,0.17473579688895144,-0.1909670103871933,0.4939973134174963,15.0,0.02011966196744733,0.2589815967677066,-0.48748426769725756,0.5277235916321522,EUR_NZD,14,25,1,short,48
18.0,-0.49299106530006864,0.2032512943248058,-0.891363602176688,-0.09461852842344931,8.0,0.206826892809494,0.341327621210283,-0.46217524476266064,0.8758290303816487,EUR_NZD,14,25,2,short,26
7.0,-0.42857142857142855,0.36885555678165877,-1.1515283198634798,0.29438546272062266,4.0,-0.3076141752612376,0.4721055997487847,-1.2329411507688555,0.6177128002463804,EUR_NZD,14,25,3,short,11
4.0,-0.6972511251646123,0.3027488748353877,-1.2906389198419723,-0.10386333048725238,3.0,1.0,0.0,1.0,1.0,EUR_NZD,14,25,4,short,7
75.0,0.03727953311104322,0.11463073277625042,-0.18739670313040763,0.26195576935249404,33.0,-0.06730026067117464,0.17180366803615943,-0.4040354500220471,0.26943492867969787,EUR_NZD,14,30,1,short,108
35.0,-0.18540929073950277,0.16388299369641712,-0.5066199583844804,0.1358013769054748,16.0,-0.09875033860833735,0.23949159837423104,-0.5681538714218302,0.3706531942051555,EUR_NZD,14,30,2,short,51
17.0,-0.24512799009624225,0.23488464254614802,-0.7055018894866923,0.21524590929420784,8.0,-0.1538070876306188,0.35009838743184596,-0.8399999269970368,0.5323857517357993,EUR_NZD,14,30,3,short,25
11.0,-0.16263677278713173,0.297772963884379,-0.7462717820005146,0.4209982364262511,5.0,0.030921976332151702,0.44828134984659596,-0.8477094693671764,0.9095534220314797,EUR_NZD,14,30,4,short,16
160.0,0.025612913624477585,0.0778577390417452,-0.126988254897343,0.1782140821462982,69.0,-0.0532304368684692,0.11775461914682088,-0.2840294903962381,0.1775686166592997,EUR_NZD,14,35,1,short,229
86.0,-0.036341698639691805,0.10551916733633429,-0.24315926661890702,0.1704758693395234,38.0,-0.04756892746597077,0.15611628749861406,-0.3535568509632543,0.2584189960313128,EUR_NZD,14,35,2,short,124
39.0,-0.15813271363169534,0.15811967722977696,-0.46804728100205817,0.15178185373866748,17.0,-0.11488469663270934,0.23756471485105066,-0.5805115377407686,0.35074214447534996,EUR_NZD,14,35,3,short,56
21.0,-0.37090497622183094,0.20210522113159823,-0.7670312096397635,0.025221257196101576,10.0,0.11546098816607583,0.31429978289709126,-0.500566586312223,0.7314885626443747,EUR_NZD,14,35,4,short,31
0.0,,,,,1.0,-1.0,,,,EUR_NZD,21,20,1,long,1
0.0,,,,,1.0,1.0,,,,EUR_NZD,21,20,2,long,1
,,,,,,,,,,EUR_NZD,21,20,3,long,0
,,,,,,,,,,EUR_NZD,21,20,4,long,0
7.0,-0.47528262754139483,0.3405773477449476,-1.142814229121492,0.19224897403870245,3.0,1.0,0.0,1.0,1.0,EUR_NZD,21,25,1,long,10
4.0,0.0,0.5773502691896257,-1.1316065276116665,1.1316065276116665,3.0,0.3333333333333333,0.6666666666666667,-0.9733333333333336,1.6400000000000001,EUR_NZD,21,25,2,long,7
1.0,1.0,,,,1.0,-1.0,,,,EUR_NZD,21,25,3,long,2
,,,,,,,,,,EUR_NZD,21,25,4,long,0
22.0,-0.10577174512680744,0.21424805342073933,-0.5256979298314566,0.31415443957784167,10.0,0.5345275267467645,0.2637763834476452,0.0175258151893799,1.0515292383041492,EUR_NZD,21,30,1,long,32
13.0,0.5384615384615384,0.24325212770525995,0.06168736815922893,1.015235708763848,6.0,0.0,0.4472135954999579,-0.8765386471799175,0.8765386471799175,EUR_NZD,21,30,2,long,19
7.0,0.31366747573233017,0.35689056157218546,-0.38583802494915337,1.0131729764138138,4.0,-0.5,0.5,-1.48,0.48,EUR_NZD,21,30,3,long,11
3.0,1.0,0.0,1.0,1.0,2.0,1.0,0.0,1.0,1.0,EUR_NZD,21,30,4,long,5
73.0,0.011998152740452638,0.11536020597370276,-0.21410785096800478,0.23810415644891003,32.0,0.05731944433801807,0.1715182158833085,-0.27885625879326664,0.39349514746930275,EUR_NZD,21,35,1,long,105
43.0,0.28161653652392765,0.14567328618485476,-0.0039031043983876468,0.5671361774462429,19.0,0.05263157894736842,0.23537557657892524,-0.40870455114732507,0.5139677090420619,EUR_NZD,21,35,2,long,62
21.0,0.39027011095839576,0.20023653697755045,-0.0021935015176031136,0.7827337234343946,10.0,-0.08232250756246098,0.3155855126475972,-0.7008701123517515,0.5362250972268295,EUR_NZD,21,35,3,long,31
11.0,0.09090909090909091,0.3149183286488867,-0.526330833242727,0.7081490150609089,5.0,0.6,0.4000000000000001,-0.18400000000000016,1.3840000000000001,EUR_NZD,21,35,4,long,16
1.0,-1.0,,,,1.0,-1.0,,,,EUR_NZD,21,20,1,short,2
0.0,,,,,1.0,-1.0,,,,EUR_NZD,21,20,2,short,1
,,,,,,,,,,EUR_NZD,21,20,3,short,0
,,,,,,,,,,EUR_NZD,21,20,4,short,0
7.0,-0.7142857142857143,0.2857142857142857,-1.2742857142857142,-0.15428571428571436,4.0,-0.5,0.5,-1.48,0.48,EUR_NZD,21,25,1,short,11
7.0,-0.26769131077160496,0.3623437623447124,-0.9778850849672411,0.44250246342403127,3.0,-0.3333333333333333,0.6666666666666667,-1.6400000000000001,0.9733333333333336,EUR_NZD,21,25,2,short,10
2.0,0.0,1.0,-1.96,1.96,1.0,1.0,,,,EUR_NZD,21,25,3,short,3
2.0,-0.39450225032922454,0.6054977496707753,-1.5812778396839442,0.792273339025495,1.0,1.0,,,,EUR_NZD,21,25,4,short,3
37.0,0.1891891891891892,0.16365677589716177,-0.13157809156924788,0.5099564699476262,17.0,-0.09989441591107591,0.24193945961159774,-0.5740957567498075,0.37430692492765566,EUR_NZD,21,30,1,short,54
20.0,-0.34369195877006176,0.20934379494530925,-0.754005796862868,0.06662187932274438,9.0,0.1678848377578519,0.3196628994553328,-0.4586544451746004,0.7944241206903042,EUR_NZD,21,30,2,short,29
8.0,-0.39589697895451487,0.32110502329346835,-1.0252628246097129,0.23346886670068306,4.0,-0.3076141752612376,0.4721055997487847,-1.2329411507688555,0.6177128002463804,EUR_NZD,21,30,3,short,12
6.0,-0.13150075010974152,0.4058228027545127,-0.9269134435085864,0.6639119432891034,3.0,0.3333333333333333,0.6666666666666667,-0.9733333333333336,1.6400000000000001,EUR_NZD,21,30,4,short,9
93.0,-0.034451989426578046,0.10308585186551876,-0.2365002590829948,0.16759628022983872,41.0,-0.07508923329297523,0.15193803579338114,-0.3728877834480023,0.2227093168620518,EUR_NZD,21,35,1,short,134
47.0,-0.05296436544431057,0.14432195295933448,-0.3358353932446061,0.22990666235598498,21.0,-0.010518636466140305,0.20890833919897203,-0.4199789812961255,0.39894170836384485,EUR_NZD,21,35,2,short,68
22.0,-0.3257807196198236,0.20114940312599958,-0.7200335497467827,0.06847211050713559,10.0,0.10469601572439416,0.3066960879121579,-0.49642831658343534,0.7058203480322236,EUR_NZD,21,35,3,short,32
13.0,-0.4453080385121884,0.2463402491345902,-0.9281349268159853,0.03751884979160841,6.0,0.5257683136101264,0.3349283653722856,-0.1306912825195533,1.1822279097398063,EUR_NZD,21,35,4,short,19
0.0,,,,,1.0,-1.0,,,,EUR_NZD,28,20,1,long,1
0.0,,,,,1.0,1.0,,,,EUR_NZD,28,20,2,long,1
,,,,,,,,,,EUR_NZD,28,20,3,long,0
,,,,,,,,,,EUR_NZD,28,20,4,long,0
0.0,,,,,1.0,-1.0,,,,EUR_NZD,28,25,1,long,1
1.0,-1.0,,,,1.0,1.0,,,,EUR_NZD,28,25,2,long,2
,,,,,,,,,,EUR_NZD,28,25,3,long,0
,,,,,,,,,,EUR_NZD,28,25,4,long,0
11.0,-0.4842707629808876,0.26753518363543155,-1.0086397229063335,0.04009819694455824,5.0,0.6,0.4000000000000001,-0.18400000000000016,1.3840000000000001,EUR_NZD,28,30,1,long,16
6.0,0.3333333333333333,0.421637021355784,-0.4930752285240034,1.15974189519067,3.0,0.3333333333333333,0.6666666666666667,-0.9733333333333336,1.6400000000000001,EUR_NZD,28,30,2,long,9
2.0,0.0,1.0,-1.96,1.96,2.0,0.0,1.0,-1.96,1.96,EUR_NZD,28,30,3,long,4
0.0,,,,,1.0,1.0,,,,EUR_NZD,28,30,4,long,1
35.0,-0.051606999688741544,0.1681108739700357,-0.38110431267001155,0.27789031329252845,16.0,0.08407970421672784,0.2500508670229761,-0.4060199951483053,0.5741794035817609,EUR_NZD,28,35,1,long,51
21.0,0.3237626862427182,0.20951849224066882,-0.08689355854899267,0.7344189310344291,9.0,0.1111111111111111,0.35136418446315326,-0.5775626904366693,0.7997849126588914,EUR_NZD,28,35,2,long,30
11.0,0.1996065754660283,0.295419840321518,-0.379416311564147,0.7786294624962037,6.0,-0.3333333333333333,0.421637021355784,-1.15974189519067,0.4930752285240034,EUR_NZD,28,35,3,long,17
6.0,0.3333333333333333,0.421637021355784,-0.4930752285240034,1.15974189519067,3.0,0.3333333333333333,0.6666666666666667,-0.9733333333333336,1.6400000000000001,EUR_NZD,28,35,4,long,9
0.0,,,,,1.0,-1.0,,,,EUR_NZD,28,20,1,short,1
,,,,,,,,,,EUR_NZD,28,20,2,short,0
,,,,,,,,,,EUR_NZD,28,20,3,short,0
,,,,,,,,,,EUR_NZD,28,20,4,short,0
2.0,-1.0,0.0,-1.0,-1.0,1.0,-1.0,,,,EUR_NZD,28,25,1,short,3
2.0,1.0,0.0,1.0,1.0,2.0,-1.0,0.0,-1.0,-1.0,EUR_NZD,28,25,2,short,4
,,,,,,,,,,EUR_NZD,28,25,3,short,0
,,,,,,,,,,EUR_NZD,28,25,4,short,0
20.0,0.0,0.22941573387056172,-0.44965483838630094,0.44965483838630094,9.0,0.1111111111111111,0.35136418446315326,-0.5775626904366693,0.7997849126588914,EUR_NZD,28,30,1,short,29
10.0,0.1126160824598765,0.31427328400219773,-0.503359554184431,0.7285917191041841,5.0,-0.2,0.48989794855663565,-1.1601999791710058,0.7601999791710059,EUR_NZD,28,30,2,short,15
4.0,0.0,0.5773502691896257,-1.1316065276116665,1.1316065276116665,2.0,0.3847716494775249,0.615228350522475,-0.8210759175465263,1.590619216501576,EUR_NZD,28,30,3,short,6
2.0,-0.39450225032922454,0.6054977496707753,-1.5812778396839442,0.792273339025495,2.0,1.0,0.0,1.0,1.0,EUR_NZD,28,30,4,short,4
54.0,0.14436972191348596,0.13336853328578588,-0.11703260332665438,0.4057720471536263,24.0,0.004403685046550042,0.19701160631332623,-0.38173906332756935,0.3905464334206694,EUR_NZD,28,35,1,short,78
28.0,-0.10263711340718697,0.18800313094145016,-0.4711232500524293,0.26584902323805537,13.0,0.2976982762896245,0.2515281733178775,-0.19529694341341547,0.7906934959926644,EUR_NZD,28,35,2,short,41
14.0,-0.3690839879740085,0.2471910981204629,-0.8535785402901157,0.11541056434209879,7.0,0.29242287960627733,0.3442264863540333,-0.382261033647628,0.9671067928601826,EUR_NZD,28,35,3,short,21
9.0,-0.42100050007316103,0.29928958271550976,-1.0076080821955602,0.16560708204923813,4.0,0.28865247041518965,0.47351726656303905,-0.6394413720483669,1.2167463128787461,EUR_NZD,28,35,4,short,13
65.0,0.02017491538395667,0.10129980551172195,-0.17837270341901837,0.2187225341869317,29.0,-0.04015553949090712,0.1277330590388088,-0.29051233520697234,0.21020125622515812,EUR_CZK,7,20,1,long,94
35.0,0.10728547478917119,0.12661047780016516,-0.1408710616991525,0.35544201127749486,16.0,0.18008933254777734,0.1527776498824405,-0.11935486122180602,0.4795335263173607,EUR_CZK,7,20,2,long,51
18.0,0.1835936763191818,0.1955789388550146,-0.1997410438366468,0.5669283964750104,9.0,0.11260182368042865,0.12578210589002756,-0.13393110386402535,0.35913475122488264,EUR_CZK,7,20,3,long,27
4.0,-0.7832049787057664,0.12593400384754413,-1.030035626246953,-0.5363743311645799,3.0,-0.3022334930369061,0.3818229885197171,-1.0506065505355515,0.44613956446173936,EUR_CZK,7,20,4,long,7
139.0,-0.11537749703254263,0.06504767186050506,-0.24287093387913253,0.012115939814047266,60.0,0.06567001038250977,0.08546612887560606,-0.10184360221367811,0.23318362297869766,EUR_CZK,7,25,1,long,199
65.0,0.007086666431882968,0.08867225229466706,-0.16671094806566447,0.1808842809294304,28.0,0.006601593036060257,0.13276793654047434,-0.2536235625832694,0.26682674865538997,EUR_CZK,7,25,2,long,93
35.0,0.049223173468814226,0.13273053503940305,-0.21092867520841574,0.3093750221460442,16.0,0.04293469663626211,0.12413547804535391,-0.20037084033263153,0.28624023360515577,EUR_CZK,7,25,3,long,51
12.0,-0.41399142666467204,0.21991993609936009,-0.8450345014194178,0.0170516480900737,6.0,0.07671168636233605,0.2798151804921953,-0.47172606740236667,0.6251494401270388,EUR_CZK,7,25,4,long,18
226.0,-0.10625111235043583,0.05009045533837755,-0.20442840481365582,-0.008073819887215838,97.0,0.18014869287302626,0.06188913590722451,0.05884598649486622,0.3014513992511863,EUR_CZK,7,30,1,long,323
104.0,-0.027792853792995675,0.06669538644048521,-0.1585158112163467,0.10293010363035535,45.0,0.09315430012958766,0.09922647928350876,-0.10132959926608952,0.2876381995252648,EUR_CZK,7,30,2,long,149
61.0,0.020114800678532257,0.09628852302588259,-0.1686107044521976,0.2088403058092621,27.0,0.0014717661110383018,0.09740980614351263,-0.18945145393024646,0.19239498615232306,EUR_CZK,7,30,3,long,88
18.0,-0.15328661669803975,0.19845493778452206,-0.542258294755703,0.2356850613596235,8.0,0.0023920664342369086,0.1677673574109166,-0.32643195409115966,0.33121608695963345,EUR_CZK,7,30,4,long,26
345.0,-0.11504195160648209,0.039513396218885895,-0.19248820819549844,-0.037595695017465736,148.0,0.1281119969480881,0.048673353515166363,0.03271222405836205,0.22351176983781418,EUR_CZK,7,35,1,long,493
161.0,5.727130378721644e-05,0.05299747641808127,-0.10381778247565207,0.1039323250832265,70.0,0.06338052249259592,0.07923934186736417,-0.09192858756743787,0.2186896325526297,EUR_CZK,7,35,2,long,231
86.0,-0.022956007035806667,0.08236962197076358,-0.18440046609850327,0.13848845202688995,38.0,0.012691212762177157,0.07513037321496407,-0.13456431873915242,0.15994674426350675,EUR_CZK,7,35,3,long,124
27.0,-0.048482587752785876,0.16192864364633602,-0.36586272929960445,0.26889755379403274,12.0,-0.20338669482946456,0.16339890573408541,-0.5236485500682719,0.11687516040934284,EUR_CZK,7,35,4,long,39
49.0,0.08037957601456605,0.10904653113075562,-0.13335162500171496,0.2941107770308471,22.0,0.2190389161229386,0.16229739810570395,-0.09906398416424114,0.5371418164101184,EUR_CZK,7,20,1,short,71
38.0,0.07009339336290331,0.12338207585111527,-0.1717354753052826,0.31192226203108925,17.0,0.017961218313048827,0.16891572624947443,-0.31311360513592107,0.3490360417620187,EUR_CZK,7,20,2,short,55
23.0,-0.28186158863876504,0.15240045480944317,-0.5805664800652737,0.016843302787743597,11.0,0.03453398499448685,0.23556587746642235,-0.42717513483970093,0.4962431048286746,EUR_CZK,7,20,3,short,34
7.0,-0.2462744194898449,0.3668288176571395,-0.9652589020978384,0.4727100631181485,4.0,-0.46719940993331766,0.4900432110401032,-1.4276841035719199,0.49328528370528457,EUR_CZK,7,20,4,short,11
100.0,-0.0695542571553392,0.07534104226092533,-0.21722269998675284,0.07811418567607445,44.0,0.19539682445245177,0.10711497165622476,-0.01454851999374876,0.40534216889865227,EUR_CZK,7,25,1,short,144
63.0,0.03412587643366101,0.09582107478886287,-0.15368343015251024,0.22193518301983223,28.0,0.07714279762202593,0.12510745853418975,-0.16806782110498597,0.32235341634903786,EUR_CZK,7,25,2,short,91
40.0,-0.21288217777153892,0.11156481241035465,-0.431549210095834,0.00578485455275618,18.0,-0.07608073136366778,0.17696350202731545,-0.4229291953372061,0.2707677326098705,EUR_CZK,7,25,3,short,58
15.0,-0.26647288598030555,0.22166579585734583,-0.7009378458607034,0.1679920739000923,7.0,0.08941851796599475,0.22276496328486017,-0.34720081007233117,0.5260378460043207,EUR_CZK,7,25,4,short,22
175.0,-0.032844920444170714,0.05845205248147718,-0.14741094330786597,0.08172110241952456,76.0,0.0917640459974867,0.081159826921444,-0.06730921476854353,0.25083730676351695,EUR_CZK,7,30,1,short,251
96.0,0.029926330839403714,0.07469040795760588,-0.11646686875750381,0.17631953043631124,42.0,-0.062009634086028005,0.10719403205244872,-0.2721099369088275,0.14809066873677149,EUR_CZK,7,30,2,short,138
61.0,-0.040997128387954246,0.09675899171076321,-0.23064475214105015,0.14865049536514166,27.0,0.050394133149381404,0.145678016706038,-0.23513477959445306,0.33592304589321587,EUR_CZK,7,30,3,short,88
23.0,-0.1487174717023559,0.16718525791354488,-0.47640057721290385,0.17896563380819205,10.0,-0.02227148756620284,0.16552972302917282,-0.34670974470338156,0.3021667695709759,EUR_CZK,7,30,4,short,33
286.0,-0.058507194912047714,0.043818556709383054,-0.1443915660624385,0.02737717623834307,123.0,0.025199946019483836,0.06436760048397214,-0.10096055092910156,0.15136044296806922,EUR_CZK,7,35,1,short,409
149.0,0.03657692949182248,0.05873736505170504,-0.0785483060095194,0.15170216499316436,65.0,-0.08641257183510596,0.08794580665809026,-0.2587863528849629,0.08596120921475096,EUR_CZK,7,35,2,short,214
86.0,-0.00322269270030804,0.0802724445131464,-0.16055668394607497,0.1541112985454589,37.0,-0.048916604874169094,0.11660884725290438,-0.27746994548986165,0.17963673574152347,EUR_CZK,7,35,3,short,123
37.0,-0.010845568650209898,0.12929333064019563,-0.26426049670499335,0.24256935940457355,17.0,-0.13670823713366992,0.14419064702156809,-0.4193219052959434,0.14590543102860354,EUR_CZK,7,35,4,short,54
10.0,-0.35628832298770197,0.2972556290206222,-0.9389093558681214,0.22633270989271748,5.0,0.9729728622841552,0.027027137715844883,0.9199996723610993,1.0259460522072112,EUR_CZK,14,20,1,long,15
7.0,0.13094468648020743,0.31756429674688996,-0.49148133514369696,0.7533707081041118,4.0,0.0,0.5773502691896257,-1.1316065276116665,1.1316065276116665,EUR_CZK,14,20,2,long,11
0.0,,,,,1.0,0.9014413848105272,,,,EUR_CZK,14,20,3,long,1
1.0,-1.0,,,,1.0,-1.0,,,,EUR_CZK,14,20,4,long,2
35.0,-0.028699946600949947,0.13846446606944754,-0.3000903000970671,0.24269040689516724,15.0,0.3840250504197003,0.18153874505895895,0.02820911010414079,0.7398409907352599,EUR_CZK,14,25,1,long,50
16.0,0.02965657582923767,0.17926774864474193,-0.3217082115144565,0.3810213631729319,8.0,-0.008306213716960664,0.2815995012385935,-0.5602412361446039,0.5436288087106826,EUR_CZK,14,25,2,long,24
5.0,0.6178611141431254,0.2171784073751196,0.192191435687891,1.04353079259836,3.0,-0.05724141665403614,0.10730212470320669,-0.26755358107232124,0.15307074776424895,EUR_CZK,14,25,3,long,8
4.0,-0.7832049787057664,0.12593400384754413,-1.030035626246953,-0.5363743311645799,2.0,0.10446714894694084,0.21089772087336575,-0.3088923839648561,0.5178266818587377,EUR_CZK,14,25,4,long,6
87.0,-0.03702732127883538,0.08482990306883183,-0.20329393129374576,0.12923928873607501,38.0,0.062420327980338246,0.09789143846937275,-0.12944689141963234,0.25428754738030884,EUR_CZK,14,30,1,long,125
39.0,0.1578739663121307,0.10832971393607031,-0.05445227300256711,0.3702002056268285,17.0,0.04804844138543987,0.13547205387470512,-0.21747678420898217,0.3135736669798619,EUR_CZK,14,30,2,long,56
22.0,0.06655215308192407,0.17793886245508855,-0.28220801733004947,0.41531232349389763,10.0,0.20609376840387136,0.14971560703858572,-0.08734882139175662,0.4995363581994994,EUR_CZK,14,30,3,long,32
6.0,-0.2765697909353177,0.33710118194400435,-0.9372881075455661,0.3841485256749308,3.0,-0.004377017012381079,0.163318713012034,-0.3244816945159677,0.31572766049120554,EUR_CZK,14,30,4,long,9
183.0,-0.08000068729483975,0.05558664320779562,-0.18895050798211915,0.028949133392439666,79.0,0.04911756530913415,0.06683586221871865,-0.08188072463955441,0.1801158552578227,EUR_CZK,14,35,1,long,262
84.0,-5.5814731026060714e-06,0.07766329003425089,-0.15222562994023436,0.15221446699402913,36.0,-0.007037617835616475,0.1023371942040684,-0.20761851847559054,0.19354328280435756,EUR_CZK,14,35,2,long,120
49.0,-0.043789185125839784,0.11108182884775082,-0.2615095696674314,0.1739311994157518,22.0,0.07356713221612833,0.10070802752682625,-0.12382060173645114,0.2709548661687078,EUR_CZK,14,35,3,long,71
11.0,-0.21344870573115357,0.2545533548034906,-0.7123732811459952,0.285475869683688,6.0,-0.010744363722287634,0.1746941660359001,-0.35314492915265183,0.3316562017080765,EUR_CZK,14,35,4,long,17
11.0,0.5097766115791927,0.20630599325973234,0.10541686479011736,0.9141363583682681,5.0,-0.3045118354859556,0.43383824458554837,-1.1548347948736304,0.5458111239017192,EUR_CZK,14,20,1,short,16
7.0,-0.2127805410453513,0.34242694618345126,-0.8839373555649157,0.45837627347421317,3.0,0.488073380627948,0.3269876968000917,-0.15282250510023182,1.1289692663561277,EUR_CZK,14,20,2,short,10
4.0,-0.32141388358541234,0.47155518818534425,-1.245662052428687,0.6028342852578624,2.0,-0.7000812221055356,0.2999187778944644,-1.287922026778686,-0.11224041743238533,EUR_CZK,14,20,3,short,6
1.0,1.0,,,,1.0,-1.0,,,,EUR_CZK,14,20,4,short,2
24.0,0.10389862749262445,0.15771009357011556,-0.20521315590480205,0.41301041089005097,11.0,0.07599324443458591,0.2735186816445904,-0.4601033715888113,0.6120898604579831,EUR_CZK,14,25,1,short,35
17.0,-0.057760493288239734,0.20216832610202487,-0.45401041244820844,0.338489425871729,8.0,0.11872147639911979,0.27980709409877097,-0.4297004280344713,0.6671433808327109,EUR_CZK,14,25,2,short,25
10.0,-0.2308349340928318,0.28962171544545223,-0.7984934963659183,0.33682362818025463,5.0,-0.2795371956137646,0.3721176491369021,-1.0088877879220928,0.4498133966945635,EUR_CZK,14,25,3,short,15
4.0,-0.5,0.5,-1.48,0.48,2.0,0.0,1.0,-1.96,1.96,EUR_CZK,14,25,4,short,6
57.0,0.0704318786384183,0.10314942522854212,-0.13174099480952425,0.2726047520863608,25.0,0.1792846969583092,0.17731264406128666,-0.16824808540181266,0.526817479318431,EUR_CZK,14,30,1,short,82
41.0,-0.04277295963766369,0.12362640974298737,-0.28508072273391893,0.19953480345859154,18.0,-0.11567581309998186,0.15827528628108903,-0.4258953742109164,0.19454374801095264,EUR_CZK,14,30,2,short,59
26.0,-0.1196823686390259,0.1494831316107307,-0.41266930659605805,0.17330456931800628,12.0,-0.05167718042172039,0.23167887379846536,-0.5057677730667125,0.4024134122232717,EUR_CZK,14,30,3,short,38
11.0,-0.12790888636672576,0.2702798224006108,-0.6576573382719231,0.4018395655384715,6.0,-0.31146627328887844,0.415240568924703,-1.1253377883812963,0.5024052418035394,EUR_CZK,14,30,4,short,17
132.0,-0.023408282094234067,0.06859439847321663,-0.15785330310173867,0.11103673891327054,57.0,0.21580866390469486,0.09668308377440835,0.026309819706854504,0.40530750810253524,EUR_CZK,14,35,1,short,189
81.0,-0.033196498309100035,0.08592796593851675,-0.20161531154859286,0.13522231493039277,35.0,-0.02787873264869456,0.11344101660141352,-0.25022312518746503,0.19446565989007594,EUR_CZK,14,35,2,short,116
46.0,-0.16668738647718032,0.1127537581041742,-0.3876847523613618,0.054309979407001135,21.0,0.05319450840832477,0.17131045006652088,-0.2825739737220561,0.3889629905387057,EUR_CZK,14,35,3,short,67
19.0,-0.27477474412041153,0.18067460884933534,-0.6288969774651088,0.07934748922428575,9.0,-0.01755596545587561,0.23995144964648238,-0.4878608067629811,0.45274887585122986,EUR_CZK,14,35,4,short,28
4.0,0.0,0.5773502691896257,-1.1316065276116665,1.1316065276116665,2.0,0.9324321557103878,0.06756784428961221,0.7999991809027479,1.0648651305180277,EUR_CZK,21,20,1,long,6
1.0,1.0,,,,1.0,-0.8480786148237708,,,,EUR_CZK,21,20,2,long,2
0.0,,,,,1.0,0.9014413848105272,,,,EUR_CZK,21,20,3,long,1
,,,,,,,,,,EUR_CZK,21,20,4,long,0
11.0,-0.23298938453427454,0.2958004688854196,-0.8127583035496969,0.34677953448114784,5.0,0.9729728622841552,0.027027137715844883,0.9199996723610993,1.0259460522072112,EUR_CZK,21,25,1,long,16
7.0,0.0386677514375212,0.35253426600013277,-0.652299409922739,0.7296349127977815,3.0,0.3333333333333333,0.6666666666666667,-0.9733333333333336,1.6400000000000001,EUR_CZK,21,25,2,long,10
0.0,,,,,1.0,0.9014413848105272,,,,EUR_CZK,21,25,3,long,1
1.0,-1.0,,,,1.0,-1.0,,,,EUR_CZK,21,25,4,long,2
41.0,0.014744494790387381,0.1276216793117244,-0.23539399666059244,0.2648829862413672,18.0,0.23131710439278408,0.16437916934344485,-0.0908660675203678,0.553500276305936,EUR_CZK,21,30,1,long,59
21.0,0.18816023114464406,0.15701065738230957,-0.11958065732468268,0.49590111961397076,9.0,0.0587316377428342,0.2546936444195366,-0.44046790531945756,0.5579311808051259,EUR_CZK,21,30,2,long,30
7.0,0.24049703329140662,0.3376276498552319,-0.42125316042484795,0.9022472270076611,4.0,0.2070689375094729,0.2749851565102212,-0.3319019692505607,0.7460398442695064,EUR_CZK,21,30,3,long,11
5.0,-0.4265639829646132,0.36974102266084197,-1.1512563873798634,0.2981284214506371,3.0,-0.004377017012381079,0.163318713012034,-0.3244816945159677,0.31572766049120554,EUR_CZK,21,30,4,long,8
105.0,-0.011864895998067558,0.07418789827906927,-0.15727317662504334,0.13354338462890822,46.0,0.07770710899590913,0.08235842251837448,-0.08371539914010484,0.2391296171319231,EUR_CZK,21,35,1,long,151
51.0,0.03850181780285435,0.09192227227124755,-0.14166583584879083,0.21866947145449955,23.0,0.1628203771194156,0.11782290439290731,-0.06811251549068273,0.39375326972951397,EUR_CZK,21,35,2,long,74
30.0,0.02630823357573453,0.13867488749850915,-0.2454945459213434,0.29811101307281246,14.0,-0.05503945858651998,0.13808737322309272,-0.3256907101037817,0.21561179293074173,EUR_CZK,21,35,3,long,44
8.0,-0.1929783186683277,0.30915534159013114,-0.7989227881849847,0.4129661508483293,4.0,-0.17988661712353782,0.2100955038574879,-0.591673804684214,0.23190057043713846,EUR_CZK,21,35,4,long,12
2.0,0.0,1.0,-1.96,1.96,1.0,-1.0,,,,EUR_CZK,21,20,1,short,3
2.0,-0.49892442381577895,0.5010755761842209,-1.481032553136852,0.4831837055052941,1.0,1.0,,,,EUR_CZK,21,20,2,short,3
1.0,-0.2856555343416491,,,,1.0,-1.0,,,,EUR_CZK,21,20,3,short,2
0.0,,,,,1.0,1.0,,,,EUR_CZK,21,20,4,short,1
8.0,0.4832072264817665,0.27520592260230103,-0.056196381818743535,1.0226108347822764,4.0,-0.6306397943574445,0.36936020564255545,-1.3545857974168531,0.09330620870196416,EUR_CZK,21,25,1,short,12
4.0,-0.24946221190788948,0.47880746363374893,-1.1879248406300373,0.6890004168142585,3.0,0.6265579859271728,0.37344201407282723,-0.10538836165556853,1.3585043335099143,EUR_CZK,21,25,2,short,7
5.0,-0.057131106868329874,0.4508480490941493,-0.9407932830928625,0.8265310693562027,3.0,-0.13338748140369036,0.5925584811042309,-1.294802104367983,1.0280271415606022,EUR_CZK,21,25,3,short,8
1.0,1.0,,,,1.0,-1.0,,,,EUR_CZK,21,25,4,short,2
25.0,0.0023971410548860204,0.16385676564424606,-0.31876211960783624,0.3235564017176083,11.0,-0.004685213721829637,0.29309585519513404,-0.5791530899042924,0.5697826624606331,EUR_CZK,21,30,1,short,36
23.0,-0.1844879438976596,0.17359594209934862,-0.524735990412383,0.1557601026170637,10.0,-0.025486069102400345,0.25569191856576,-0.52664222949129,0.4756700912864893,EUR_CZK,21,30,2,short,33
10.0,-0.08778283378405459,0.2826541696959479,-0.6417850063881125,0.4662193388200033,5.0,-0.48003248884221417,0.38781271446645005,-1.2401454091964563,0.2800804315120279,EUR_CZK,21,30,3,short,15
4.0,-0.5,0.5,-1.48,0.48,2.0,0.0,1.0,-1.96,1.96,EUR_CZK,21,30,4,short,6
79.0,0.06343318375523199,0.09184838886292308,-0.11658965841609725,0.24345602592656124,35.0,0.14464540271909065,0.14025702869652015,-0.13025837352608882,0.41954917896427013,EUR_CZK,21,35,1,short,114
45.0,-0.026787988717402525,0.11559878116207993,-0.25336159979507916,0.19978562236027414,20.0,-0.0941705873432698,0.14453943003173467,-0.3774678702054698,0.18912669551893016,EUR_CZK,21,35,2,short,65
28.0,-0.08679527841083011,0.1445085088120986,-0.3700319556825434,0.19644139886088313,12.0,0.10672570073241623,0.22943683700945056,-0.3429704998061069,0.5564219012709394,EUR_CZK,21,35,3,short,40
12.0,-0.2770685878343631,0.2351844252354412,-0.7380300612958278,0.1838928856271016,6.0,-0.17182747410692545,0.3917464935391283,-0.939650601443617,0.5959956532297661,EUR_CZK,21,35,4,short,18
0.0,,,,,1.0,1.0,,,,EUR_CZK,28,20,1,long,1
,,,,,,,,,,EUR_CZK,28,20,2,long,0
,,,,,,,,,,EUR_CZK,28,20,3,long,0
,,,,,,,,,,EUR_CZK,28,20,4,long,0
7.0,-0.14285714285714285,0.40406101782088427,-0.9348167377860761,0.6491024520717903,4.0,0.9662160778551939,0.033783922144806106,0.899999590451374,1.0324325652590138,EUR_CZK,28,25,1,long,11
3.0,0.3333333333333333,0.6666666666666667,-0.9733333333333336,1.6400000000000001,2.0,1.0,0.0,1.0,1.0,EUR_CZK,28,25,2,long,5
0.0,,,,,1.0,0.9014413848105272,,,,EUR_CZK,28,25,3,long,1
0.0,,,,,1.0,-1.0,,,,EUR_CZK,28,25,4,long,1
18.0,-0.15484263434724443,0.2080073219698788,-0.562536985408207,0.25285171671371803,8.0,0.6721991834971534,0.24626015304662005,0.18952928352577808,1.1548690834685287,EUR_CZK,28,30,1,long,26
12.0,-0.08907185378356453,0.22871030596778408,-0.5373440534804212,0.35920034591329225,6.0,-0.15602237714967415,0.40241027734336704,-0.9447465207426735,0.6327017664433252,EUR_CZK,28,30,2,long,18
2.0,0.0,1.0,-1.96,1.96,1.0,0.9014413848105272,,,,EUR_CZK,28,30,3,long,3
2.0,-0.7662044093439393,0.23379559065606076,-1.2244437670298183,-0.3079650516580602,1.0,-1.0,,,,EUR_CZK,28,30,4,long,3
65.0,-0.02675925724525024,0.09297105784407804,-0.2089825306196432,0.1554640161291427,29.0,0.2807114377038524,0.11355060886147246,0.058152244335366365,0.5032706310723384,EUR_CZK,28,35,1,long,94
32.0,0.08216091719574539,0.10839708201911191,-0.13029736356171395,0.29461919795320474,14.0,0.04188162767836563,0.21308532992792995,-0.3757656189803771,0.4595288743371083,EUR_CZK,28,35,2,long,46
14.0,0.13987713877066252,0.20758957093797828,-0.26699842026777487,0.5467526978091,7.0,0.10409040481724005,0.24475406206029723,-0.3756275568209425,0.5838083664554227,EUR_CZK,28,35,3,long,21
6.0,-0.18880331913717763,0.38427735099688914,-0.9419869270910803,0.5643802888167251,3.0,-0.004377017012381079,0.163318713012034,-0.3244816945159677,0.31572766049120554,EUR_CZK,28,35,4,long,9
0.0,,,,,1.0,1.0,,,,EUR_CZK,28,20,1,short,1
0.0,,,,,1.0,1.0,,,,EUR_CZK,28,20,2,short,1
,,,,,,,,,,EUR_CZK,28,20,3,short,0
0.0,,,,,1.0,1.0,,,,EUR_CZK,28,20,4,short,1
3.0,0.05223263921576645,0.5797081868774822,-1.0839954070640987,1.1884606854956314,2.0,0.0,1.0,-1.96,1.96,EUR_CZK,28,25,1,short,5
2.0,-0.49892442381577895,0.5010755761842209,-1.481032553136852,0.4831837055052941,1.0,1.0,,,,EUR_CZK,28,25,2,short,3
2.0,-0.6428277671708246,0.35717223282917543,-1.3428853435160084,0.05722980917435927,2.0,1.0,0.0,1.0,1.0,EUR_CZK,28,25,3,short,4
0.0,,,,,1.0,1.0,,,,EUR_CZK,28,25,4,short,1
11.0,0.13753396245677957,0.2701118251718586,-0.3918852148800633,0.6669531397936224,5.0,-0.3045118354859556,0.43383824458554837,-1.1548347948736304,0.5458111239017192,EUR_CZK,28,30,1,short,16
9.0,-0.44420542751461756,0.2940176315328044,-1.0204799853189142,0.13206913028967904,5.0,0.11811083729450829,0.33869130057447516,-0.545724111831463,0.7819457864204796,EUR_CZK,28,30,2,short,14
6.0,-0.0513915568213863,0.36816063253613684,-0.7729863965922145,0.6702032829494419,3.0,-0.13338748140369036,0.5925584811042309,-1.294802104367983,1.0280271415606022,EUR_CZK,28,30,3,short,9
1.0,1.0,,,,1.0,-1.0,,,,EUR_CZK,28,30,4,short,2
46.0,0.10511041854127791,0.12715647723090992,-0.1441162768313055,0.35433711391386136,20.0,0.10289562468903321,0.18841975154161117,-0.2664070883325247,0.47219833771059105,EUR_CZK,28,35,1,short,66
30.0,-0.14134701460199128,0.15034946041401515,-0.436031957013461,0.1533379278094784,14.0,-0.007718276196543179,0.18728402308232941,-0.37479496143790886,0.35935840904482247,EUR_CZK,28,35,2,short,44
16.0,-0.21492277385542047,0.20384640623692823,-0.6144617300797999,0.18461618236895888,8.0,-0.10747955867197591,0.30660645595286995,-0.708428212339601,0.49346909499564917,EUR_CZK,28,35,3,short,24
6.0,-0.1050668792148739,0.4111110524201501,-0.9108445419583681,0.7007107835286203,3.0,-0.3333333333333333,0.6666666666666667,-1.6400000000000001,0.9733333333333336,EUR_CZK,28,35,4,short,9
55.0,0.05454545454545454,0.13588017552161807,-0.21177968947691686,0.32087059856782596,24.0,-0.08333333333333333,0.20778914433245896,-0.49060005622495284,0.3239333895582862,CAD_JPY,7,20,1,long,79
28.0,0.42857142857142855,0.17388017698576702,0.08776628167932521,0.7693765754635319,12.0,0.3333333333333333,0.2842676218074806,-0.22383120540932872,0.8904978720759953,CAD_JPY,7,20,2,long,40
16.0,0.0,0.2581988897471611,-0.5060698239044358,0.5060698239044358,7.0,0.14285714285714285,0.40406101782088427,-0.6491024520717903,0.9348167377860761,CAD_JPY,7,20,3,long,23
8.0,-0.25,0.3659625273556999,-0.9672865536171718,0.46728655361717175,4.0,-0.5,0.5,-1.48,0.48,CAD_JPY,7,20,4,long,12
112.0,0.12331020633844177,0.09404497729704273,-0.06101794916376198,0.3076383618406455,48.0,-0.08333333333333333,0.14535763346850764,-0.36823429493160825,0.20156762826494162,CAD_JPY,7,25,1,long,160
61.0,0.2786885245901639,0.12398472394222321,0.03567846566340643,0.5216985835169214,27.0,0.25925925925925924,0.18941048590991066,-0.11198529312416566,0.6305038116426842,CAD_JPY,7,25,2,long,88
30.0,-0.0727404118820092,0.18417271255786877,-0.433718928495432,0.2882381047314136,13.0,-0.07692307692307693,0.2878197989826109,-0.6410498829289943,0.48720372908284043,CAD_JPY,7,25,3,long,43
19.0,0.2631578947368421,0.22739441047045122,-0.18253514978524232,0.7088509392589265,9.0,-0.1111111111111111,0.35136418446315326,-0.7997849126588914,0.5775626904366693,CAD_JPY,7,25,4,long,28
180.0,0.12473818342299915,0.07390513590003445,-0.02011588294106835,0.26959224978706664,78.0,0.09825344259504963,0.11299777728252297,-0.12322220087869538,0.31972908606879463,CAD_JPY,7,30,1,long,258
94.0,0.1702127659574468,0.10218198052037238,-0.030063915862483054,0.3704894477773767,41.0,0.2682926829268293,0.15231702435118044,-0.03024868480148435,0.5668340506551429,CAD_JPY,7,30,2,long,135
53.0,-0.21098513880113728,0.13510934130836,-0.47579944776552285,0.053829170163248286,24.0,-0.08333333333333333,0.20778914433245896,-0.49060005622495284,0.3239333895582862,CAD_JPY,7,30,3,long,77
27.0,0.14058292616949433,0.19062091696403177,-0.23303407108000793,0.5141999234189966,12.0,-0.16666666666666666,0.2972941950052816,-0.7493632888770185,0.41602995554368527,CAD_JPY,7,30,4,long,39
261.0,0.08219491577065076,0.061662551336344046,-0.03866368484858357,0.20305351638988509,113.0,0.0926860271175212,0.09370412437317682,-0.09097405665390536,0.2763461108889478,CAD_JPY,7,35,1,long,374
135.0,0.15555555555555556,0.08533526808199171,-0.0117015698851482,0.3228126809962593,58.0,0.2413793103448276,0.1285367056960129,-0.010552632819357671,0.49331125350901284,CAD_JPY,7,35,2,long,193
73.0,-0.18057825145835996,0.11564157921142444,-0.40723574671275187,0.046079243796031955,32.0,-0.0625,0.17925416718060672,-0.4138381676739892,0.2888381676739892,CAD_JPY,7,35,3,long,105
34.0,0.02340408842871608,0.17155859656825448,-0.3128507608450627,0.3596589377024949,15.0,-0.06666666666666667,0.2666666666666666,-0.5893333333333332,0.45599999999999985,CAD_JPY,7,35,4,long,49
74.0,-0.06692688223214116,0.11598521718930686,-0.2942579079231826,0.16040414345890028,33.0,0.039510925028421136,0.17208755134453088,-0.2977806756068594,0.37680252566370165,CAD_JPY,7,20,1,short,107
36.0,0.3333333333333333,0.15936381457791915,0.02098025676061177,0.6456864099060549,16.0,0.04244393417963829,0.25061716419942265,-0.44876570765123014,0.5336535760105067,CAD_JPY,7,20,2,short,52
21.0,0.14285714285714285,0.22131333406899525,-0.29091699191808784,0.5766312776323735,9.0,0.1111111111111111,0.35136418446315326,-0.5775626904366693,0.7997849126588914,CAD_JPY,7,20,3,short,30
6.0,-0.6666666666666666,0.33333333333333337,-1.32,-0.013333333333333197,3.0,-0.3333333333333333,0.6666666666666667,-1.6400000000000001,0.9733333333333336,CAD_JPY,7,20,4,short,9
148.0,-0.07982933359712012,0.08113209455299503,-0.23884823892099039,0.07918957172675013,64.0,-0.09640131344373366,0.12300634615639428,-0.3374937519102664,0.14469112502279913,CAD_JPY,7,25,1,short,212
71.0,0.29577464788732394,0.11417513850391234,0.07199137641965575,0.5195579193549922,31.0,0.24771299828626495,0.1741361514768471,-0.09359385860835537,0.5890198551808853,CAD_JPY,7,25,2,short,102
34.0,0.058823529411764705,0.173776222559058,-0.281777866803989,0.3994249256275184,15.0,-0.06666666666666667,0.2666666666666666,-0.5893333333333332,0.45599999999999985,CAD_JPY,7,25,3,short,49
7.0,-0.7142857142857143,0.28571428571428575,-1.2742857142857145,-0.15428571428571425,4.0,0.0,0.5773502691896257,-1.1316065276116665,1.1316065276116665,CAD_JPY,7,25,4,short,11
233.0,-0.057715720123430986,0.06445774921840859,-0.18405290859151183,0.06862146834464986,101.0,-0.07783983061782629,0.09804222363811067,-0.2700025889485232,0.11432292771287061,CAD_JPY,7,30,1,short,334
116.0,0.3275862068965517,0.08810503993140331,0.15490032863100123,0.5002720851621022,51.0,0.09766631370694634,0.13820648339033237,-0.1732183937381051,0.3685510211519978,CAD_JPY,7,30,2,short,167
52.0,0.11538461538461539,0.13909274593315915,-0.15723716664437656,0.3880063974136073,23.0,0.043478260869565216,0.21299910806810243,-0.37399999094391556,0.46095651268304594,CAD_JPY,7,30,3,short,75
20.0,-0.06219586933872554,0.22350161407821095,-0.500259032932019,0.3758672942545679,9.0,-0.1111111111111111,0.35136418446315326,-0.7997849126588914,0.5775626904366693,CAD_JPY,7,30,4,short,29
331.0,-0.03136942650210916,0.05429856446866128,-0.13779461286068526,0.07505575985646695,142.0,-0.10929664741824162,0.0824520660740807,-0.2709026969234398,0.05230940208695657,CAD_JPY,7,35,1,short,473
156.0,0.16877296544265294,0.0790261362127493,0.013881738465664317,0.32366419241964156,68.0,0.07712795956705337,0.11931464057042242,-0.15672873595097456,0.31098465508508133,CAD_JPY,7,35,2,short,224
70.0,0.1342403971566877,0.11856285594159835,-0.09814280048884505,0.36662359480222045,31.0,0.05834470181528137,0.1793988585233738,-0.2932770608905313,0.4099664645210941,CAD_JPY,7,35,3,short,101
27.0,-0.03258773983587332,0.18932837508557865,-0.40367135500360746,0.3384958753318608,12.0,-0.16666666666666666,0.2972941950052816,-0.7493632888770185,0.41602995554368527,CAD_JPY,7,35,4,short,39
7.0,0.14285714285714285,0.40406101782088427,-0.6491024520717903,0.9348167377860761,3.0,-0.3333333333333333,0.6666666666666667,-1.6400000000000001,0.9733333333333336,CAD_JPY,14,20,1,long,10
3.0,1.0,0.0,1.0,1.0,2.0,1.0,0.0,1.0,1.0,CAD_JPY,14,20,2,long,5
1.0,-1.0,,,,1.0,1.0,,,,CAD_JPY,14,20,3,long,2
0.0,,,,,1.0,-1.0,,,,CAD_JPY,14,20,4,long,1
25.0,0.36,0.19043809142780935,-0.013258659198506328,0.7332586591985063,12.0,0.0,0.30151134457776363,-0.5909622353724167,0.5909622353724167,CAD_JPY,14,25,1,long,37
16.0,0.625,0.20155644370746376,0.22994937033337104,1.020050629666629,8.0,0.5,0.32732683535398854,-0.14156059729381754,1.1415605972938176,CAD_JPY,14,25,2,long,24
9.0,0.3333333333333333,0.3333333333333333,-0.32,0.9866666666666666,4.0,-0.5,0.5,-1.48,0.48,CAD_JPY,14,25,3,long,13
4.0,0.0,0.5773502691896257,-1.1316065276116665,1.1316065276116665,2.0,0.0,1.0,-1.96,1.96,CAD_JPY,14,25,4,long,6
68.0,0.23529411764705882,0.11873944120854617,0.0025648128783083424,0.4680234224158093,30.0,-0.2,0.18194353045893685,-0.5566093196995162,0.1566093196995162,CAD_JPY,14,30,1,long,98
35.0,0.4857142857142857,0.14990993694774965,0.19189080929669639,0.7795377621318751,16.0,0.125,0.25617376914899,-0.37710058753202036,0.6271005875320204,CAD_JPY,14,30,2,long,51
22.0,-0.008282379839103444,0.21656141705052678,-0.43274275725813593,0.416177997579929,10.0,0.0,0.3333333333333333,-0.6533333333333333,0.6533333333333333,CAD_JPY,14,30,3,long,32
11.0,0.45454545454545453,0.2816715160878121,-0.09753071698665722,1.0066216260775662,6.0,-0.3333333333333333,0.421637021355784,-1.15974189519067,0.4930752285240034,CAD_JPY,14,30,4,long,17
144.0,0.1837005070565267,0.08184153332938686,0.023291101730928465,0.34410991238212496,62.0,-0.06451612903225806,0.12777013614329807,-0.31494559587312226,0.18591333780860614,CAD_JPY,14,35,1,long,206
70.0,0.2571428571428571,0.11633768633235463,0.029120991931442047,0.4851647223542722,30.0,0.13333333333333333,0.18403731089310746,-0.22737979601715727,0.4940464626838239,CAD_JPY,14,35,2,long,100
37.0,-0.031951685309737195,0.16583350978473876,-0.35698536448782514,0.29308199386835077,17.0,-0.17647058823529413,0.24607647839237515,-0.6587804858843495,0.30583930941376114,CAD_JPY,14,35,3,long,54
21.0,0.14285714285714285,0.2213133340689953,-0.29091699191808795,0.5766312776323737,10.0,-0.4,0.3055050463303893,-0.998789890807563,0.19878989080756293,CAD_JPY,14,35,4,long,31
11.0,-0.2727272727272727,0.30424000964875475,-0.869037691638832,0.32358314618428663,5.0,-0.2,0.48989794855663565,-1.1601999791710058,0.7601999791710059,CAD_JPY,14,20,1,short,16
5.0,0.2,0.48989794855663565,-0.7601999791710059,1.1601999791710058,3.0,1.0,0.0,1.0,1.0,CAD_JPY,14,20,2,short,8
2.0,-1.0,0.0,-1.0,-1.0,1.0,1.0,,,,CAD_JPY,14,20,3,short,3
0.0,,,,,1.0,-1.0,,,,CAD_JPY,14,20,4,short,1
34.0,-0.26331144956407193,0.165265757225902,-0.5872323337268399,0.060609434598696,15.0,-0.17974263160414014,0.2472652506477613,-0.6643825228737523,0.304897259665472,CAD_JPY,14,25,1,short,49
12.0,0.3333333333333333,0.2842676218074806,-0.22383120540932872,0.8904978720759953,6.0,0.3333333333333333,0.421637021355784,-0.4930752285240034,1.15974189519067,CAD_JPY,14,25,2,short,18
9.0,-0.1111111111111111,0.35136418446315326,-0.7997849126588914,0.5775626904366693,4.0,0.5,0.5,-0.48,1.48,CAD_JPY,14,25,3,short,13
3.0,-1.0,0.0,-1.0,-1.0,2.0,0.0,1.0,-1.96,1.96,CAD_JPY,14,25,4,short,5
88.0,-0.11088605976104277,0.1053419693559226,-0.3173563196986511,0.09558420017656555,38.0,-0.010217850159568536,0.15870843439626175,-0.32128638157624156,0.30085068125710446,CAD_JPY,14,30,1,short,126
45.0,0.2,0.14770978917519928,-0.0895111867833906,0.4895111867833906,20.0,0.39904909995271315,0.1987414493188027,0.009515859287859862,0.7885823406175665,CAD_JPY,14,30,2,short,65
21.0,0.14285714285714285,0.2213133340689953,-0.29091699191808795,0.5766312776323737,10.0,0.0,0.3333333333333333,-0.6533333333333333,0.6533333333333333,CAD_JPY,14,30,3,short,31
7.0,-0.42857142857142855,0.3688555567816587,-1.1515283198634796,0.29438546272062255,4.0,-0.5,0.5,-1.48,0.48,CAD_JPY,14,30,4,short,11
184.0,-0.0781641591961236,0.07211894576932545,-0.2195172929040015,0.06318897451175429,79.0,-0.0428895988109317,0.11125664550472272,-0.2609526240001882,0.17517342637832484,CAD_JPY,14,35,1,short,263
96.0,0.2708333333333333,0.09876336981074649,0.07725712850427019,0.46440953816239644,42.0,0.1724928869180864,0.1485782295515995,-0.11872044300304863,0.4637062168392214,CAD_JPY,14,35,2,short,138
42.0,0.047619047619047616,0.15599659363884613,-0.2581342759130908,0.353372371151186,19.0,0.2631578947368421,0.22739441047045122,-0.18253514978524232,0.7088509392589265,CAD_JPY,14,35,3,short,61
18.0,-0.10443716530936555,0.2286340423642419,-0.5525598883432796,0.34368555772454856,8.0,-0.25,0.3659625273556999,-0.9672865536171718,0.46728655361717175,CAD_JPY,14,35,4,short,26
2.0,0.0,1.0,-1.96,1.96,1.0,1.0,,,,CAD_JPY,21,20,1,long,3
0.0,,,,,1.0,1.0,,,,CAD_JPY,21,20,2,long,1
0.0,,,,,1.0,-1.0,,,,CAD_JPY,21,20,3,long,1
,,,,,,,,,,CAD_JPY,21,20,4,long,0
8.0,0.25,0.3659625273556999,-0.46728655361717175,0.9672865536171718,4.0,0.0,0.5773502691896257,-1.1316065276116665,1.1316065276116665,CAD_JPY,21,25,1,long,12
2.0,1.0,0.0,1.0,1.0,1.0,1.0,,,,CAD_JPY,21,25,2,long,3
2.0,0.0,1.0,-1.96,1.96,2.0,0.0,1.0,-1.96,1.96,CAD_JPY,21,25,3,long,4
0.0,,,,,1.0,1.0,,,,CAD_JPY,21,25,4,long,1
31.0,0.22580645161290322,0.17785869357535775,-0.12279658779479793,0.5744094910206043,14.0,-0.2857142857142857,0.26578871697687523,-0.8066601709889611,0.23523159956038975,CAD_JPY,21,30,1,long,45
16.0,0.5,0.22360679774997896,0.06173067641004126,0.9382693235899587,7.0,0.42857142857142855,0.36885555678165877,-0.29438546272062266,1.1515283198634798,CAD_JPY,21,30,2,long,23
9.0,-0.1111111111111111,0.35136418446315326,-0.7997849126588914,0.5775626904366693,4.0,0.0,0.5773502691896257,-1.1316065276116665,1.1316065276116665,CAD_JPY,21,30,3,long,13
4.0,0.0,0.5773502691896257,-1.1316065276116665,1.1316065276116665,3.0,0.3333333333333333,0.6666666666666667,-0.9733333333333336,1.6400000000000001,CAD_JPY,21,30,4,long,7
79.0,0.2911392405063291,0.10832275743075662,0.07882663594204614,0.503451845070612,34.0,-0.11764705882352941,0.1728687687191937,-0.45646984551314906,0.22117572786609027,CAD_JPY,21,35,1,long,113
39.0,0.38461538461538464,0.14974285027455003,0.0911193980772666,0.6781113711535027,18.0,0.1111111111111111,0.24103384202072908,-0.36131521924951787,0.58353744147174,CAD_JPY,21,35,2,long,57
27.0,0.03028843124221199,0.19481895725044635,-0.35155672496866286,0.4121335874530868,12.0,-0.16666666666666666,0.2972941950052816,-0.7493632888770185,0.41602995554368527,CAD_JPY,21,35,3,long,39
14.0,0.14285714285714285,0.2745054065230065,-0.39517345392794984,0.6808877396422355,6.0,-0.3333333333333333,0.421637021355784,-1.15974189519067,0.4930752285240034,CAD_JPY,21,35,4,long,20
2.0,-1.0,0.0,-1.0,-1.0,2.0,-1.0,0.0,-1.0,-1.0,CAD_JPY,21,20,1,short,4
2.0,0.0,1.0,-1.96,1.96,1.0,1.0,,,,CAD_JPY,21,20,2,short,3
0.0,,,,,1.0,-1.0,,,,CAD_JPY,21,20,3,short,1
,,,,,,,,,,CAD_JPY,21,20,4,short,0
15.0,-0.3333333333333333,0.25197631533948484,-0.8272069113987236,0.16054024473205697,7.0,0.14285714285714285,0.40406101782088427,-0.6491024520717903,0.9348167377860761,CAD_JPY,21,25,1,short,22
7.0,0.42857142857142855,0.3688555567816587,-0.29438546272062255,1.1515283198634796,3.0,1.0,0.0,1.0,1.0,CAD_JPY,21,25,2,short,10
2.0,0.0,1.0,-1.96,1.96,2.0,0.0,1.0,-1.96,1.96,CAD_JPY,21,25,3,short,4
1.0,-1.0,,,,1.0,1.0,,,,CAD_JPY,21,25,4,short,2
39.0,-0.07692307692307693,0.16174076401164517,-0.39393497438590147,0.24008882053974762,18.0,-0.2437932392257558,0.21654581092029201,-0.6682230286295281,0.18063655017801655,CAD_JPY,21,30,1,short,57
16.0,0.375,0.23935677693908453,-0.09413928280060568,0.8441392828006057,8.0,0.1627348815225063,0.35049123253839776,-0.5242279342527534,0.8496976972977659,CAD_JPY,21,30,2,short,24
10.0,0.0,0.3333333333333333,-0.6533333333333333,0.6533333333333333,5.0,-0.2,0.48989794855663565,-1.1601999791710058,0.7601999791710059,CAD_JPY,21,30,3,short,15
3.0,-1.0,0.0,-1.0,-1.0,2.0,0.0,1.0,-1.96,1.96,CAD_JPY,21,30,4,short,5
109.0,-0.12284026231156236,0.09381155541989843,-0.30671091093456326,0.061030386311438534,47.0,-0.11464421927794903,0.14233593151724924,-0.39362264505175754,0.16433420649585945,CAD_JPY,21,35,1,short,156
52.0,0.15384615384615385,0.13836094888163492,-0.11734130596185055,0.42503361365415826,23.0,0.2715087500243317,0.19156193176846217,-0.10395263624185413,0.6469701362905176,CAD_JPY,21,35,2,short,75
28.0,0.07142857142857142,0.19195851781663212,-0.3048101234920275,0.4476672663491704,12.0,0.16666666666666666,0.2972941950052816,-0.41602995554368527,0.7493632888770185,CAD_JPY,21,35,3,short,40
11.0,-0.44362445232441633,0.2527520836272526,-0.9390185362338315,0.051769631584998754,6.0,-0.3333333333333333,0.421637021355784,-1.15974189519067,0.4930752285240034,CAD_JPY,21,35,4,short,17
0.0,,,,,1.0,1.0,,,,CAD_JPY,28,20,1,long,1
,,,,,,,,,,CAD_JPY,28,20,2,long,0
1.0,-1.0,,,,1.0,-1.0,,,,CAD_JPY,28,20,3,long,2
,,,,,,,,,,CAD_JPY,28,20,4,long,0
2.0,0.0,1.0,-1.96,1.96,1.0,1.0,,,,CAD_JPY,28,25,1,long,3
1.0,-1.0,,,,1.0,1.0,,,,CAD_JPY,28,25,2,long,2
1.0,-1.0,,,,1.0,-1.0,,,,CAD_JPY,28,25,3,long,2
,,,,,,,,,,CAD_JPY,28,25,4,long,0
13.0,0.6923076923076923,0.2083086770419477,0.2840226853054748,1.1005926993099098,6.0,-0.3333333333333333,0.421637021355784,-1.15974189519067,0.4930752285240034,CAD_JPY,28,30,1,long,19
5.0,-0.2,0.48989794855663565,-1.1601999791710058,0.7601999791710059,3.0,1.0,0.0,1.0,1.0,CAD_JPY,28,30,2,long,8
4.0,-0.5,0.5,-1.48,0.48,2.0,0.0,1.0,-1.96,1.96,CAD_JPY,28,30,3,long,6
2.0,1.0,0.0,1.0,1.0,1.0,1.0,,,,CAD_JPY,28,30,4,long,3
51.0,0.17647058823529413,0.13920187724940272,-0.09636509117353523,0.4493062676441235,22.0,-0.2727272727272727,0.20994555243259116,-0.6842205554951514,0.13876601004060596,CAD_JPY,28,35,1,long,73
21.0,0.42857142857142855,0.20203050891044216,0.032591631106961894,0.8245512260358951,9.0,0.1111111111111111,0.35136418446315326,-0.5775626904366693,0.7997849126588914,CAD_JPY,28,35,2,long,30
15.0,-0.06666666666666667,0.2666666666666666,-0.5893333333333332,0.45599999999999985,7.0,-0.14285714285714285,0.40406101782088427,-0.9348167377860761,0.6491024520717903,CAD_JPY,28,35,3,long,22
8.0,0.5,0.32732683535398854,-0.14156059729381754,1.1415605972938176,4.0,0.0,0.5773502691896257,-1.1316065276116665,1.1316065276116665,CAD_JPY,28,35,4,long,12
,,,,,,,,,,CAD_JPY,28,20,1,short,0
1.0,1.0,,,,1.0,1.0,,,,CAD_JPY,28,20,2,short,2
,,,,,,,,,,CAD_JPY,28,20,3,short,0
,,,,,,,,,,CAD_JPY,28,20,4,short,0
3.0,-1.0,0.0,-1.0,-1.0,2.0,-1.0,0.0,-1.0,-1.0,CAD_JPY,28,25,1,short,5
4.0,0.5,0.5,-0.48,1.48,2.0,1.0,0.0,1.0,1.0,CAD_JPY,28,25,2,short,6
0.0,,,,,1.0,-1.0,,,,CAD_JPY,28,25,3,short,1
0.0,,,,,1.0,1.0,,,,CAD_JPY,28,25,4,short,1
22.0,0.09090909090909091,0.21731429260625335,-0.33502692259916567,0.5168451044173474,10.0,-0.2,0.3265986323710904,-0.840133319447337,0.4401333194473371,CAD_JPY,28,30,1,short,32
9.0,0.5555555555555556,0.2939723678960656,-0.020630285520732983,1.1317413966318441,4.0,1.0,0.0,1.0,1.0,CAD_JPY,28,30,2,short,13
4.0,0.0,0.5773502691896257,-1.1316065276116665,1.1316065276116665,3.0,0.3333333333333333,0.6666666666666667,-0.9733333333333336,1.6400000000000001,CAD_JPY,28,30,3,short,7
2.0,-1.0,0.0,-1.0,-1.0,2.0,0.0,1.0,-1.96,1.96,CAD_JPY,28,30,4,short,4
70.0,-0.19654247512816805,0.11630624337376108,-0.42450271214073976,0.03141776188440365,30.0,-0.07960927686878681,0.1769105315522057,-0.42635391871111,0.26713536497353635,CAD_JPY,28,35,1,short,100
35.0,0.14285714285714285,0.16973957879600132,-0.1898324315830197,0.4755467172973054,15.0,0.55345860347867,0.2126520137026545,0.13666065662146726,0.9702565503358729,CAD_JPY,28,35,2,short,50
18.0,0.0,0.24253562503633302,-0.4753698250712127,0.4753698250712127,8.0,0.0,0.3779644730092272,-0.7408103670980853,0.7408103670980853,CAD_JPY,28,35,3,short,26
7.0,-0.7142857142857143,0.2857142857142857,-1.2742857142857142,-0.15428571428571436,3.0,-0.3333333333333333,0.6666666666666667,-1.6400000000000001,0.9733333333333336,CAD_JPY,28,35,4,short,10
62.0,-0.12405084172017815,0.12650322716839743,-0.3719971669702371,0.12389548352988082,28.0,-0.286209264994871,0.1746160660224308,-0.6284567543988353,0.05603822440909334,CAD_CHF,7,20,1,long,90
31.0,-0.050787586480388565,0.17737683001718238,-0.398446173314066,0.2968710003532889,14.0,0.34985254941513066,0.24913985915450898,-0.1384615745277069,0.8381666733579682,CAD_CHF,7,20,2,long,45
13.0,0.07692307692307693,0.2878197989826109,-0.48720372908284043,0.6410498829289943,6.0,-1.0,0.0,-1.0,-1.0,CAD_CHF,7,20,3,long,19
7.0,0.14285714285714285,0.40406101782088427,-0.6491024520717903,0.9348167377860761,4.0,-0.5,0.5,-1.48,0.48,CAD_CHF,7,20,4,long,11
114.0,-0.01761330661163935,0.09362091772655391,-0.201110305355685,0.1658836921324063,50.0,-0.289440782420027,0.1316294028193629,-0.5474344119459783,-0.031447152894075736,CAD_CHF,7,25,1,long,164
51.0,0.04756048664917558,0.13893821562656344,-0.22475841597888876,0.3198793892772399,22.0,0.22263344053690134,0.20764591098118557,-0.18435254498622236,0.6296194260600251,CAD_CHF,7,25,2,long,73
28.0,0.14285714285714285,0.1904761904761905,-0.2304761904761905,0.5161904761904762,13.0,-0.28875433827242725,0.26526091905274823,-0.8086657396158138,0.2311570630709593,CAD_CHF,7,25,3,long,41
14.0,-0.2857142857142857,0.26578871697687523,-0.8066601709889611,0.23523159956038975,7.0,-0.42857142857142855,0.36885555678165877,-1.1515283198634798,0.29438546272062266,CAD_CHF,7,25,4,long,21
198.0,-0.026181228383090435,0.06991066799841232,-0.1632061376599786,0.11084368089379772,86.0,-0.2103908441373874,0.0999203572477476,-0.4062347443429727,-0.014546943931802114,CAD_CHF,7,30,1,long,284
93.0,0.04540329194742691,0.10235125759754496,-0.15520517294376118,0.24601175683861504,41.0,0.13130078226348535,0.14933094831779775,-0.16138787643939823,0.4239894409663689,CAD_CHF,7,30,2,long,134
45.0,0.2,0.14770978917519928,-0.0895111867833906,0.4895111867833906,20.0,-0.43769031987707774,0.20019171710880632,-0.8300660854103381,-0.04531455434381737,CAD_CHF,7,30,3,long,65
24.0,-0.33405354993231734,0.1881702451834659,-0.7028672304919105,0.03476013062727579,11.0,-0.09090909090909091,0.3149183286488867,-0.7081490150609089,0.526330833242727,CAD_CHF,7,30,4,long,35
289.0,-0.03734991366017505,0.057622399223714205,-0.15028981613865489,0.07558998881830478,124.0,-0.1872666469549922,0.0832046030877571,-0.3503476690069961,-0.024185624902988312,CAD_CHF,7,35,1,long,413
149.0,-0.007927976723924406,0.08048074726071607,-0.1656702413549279,0.1498142879070791,64.0,0.051170717478561334,0.1192727228297905,-0.18260381926782804,0.2849452542249507,CAD_CHF,7,35,2,long,213
66.0,0.15151515151515152,0.12260274553716728,-0.08878622973769634,0.3918165327679994,29.0,-0.36358424849559545,0.1607710851481325,-0.6786955753859352,-0.04847292160525579,CAD_CHF,7,35,3,long,95
42.0,-0.2691841459477008,0.1451166371941433,-0.5536127548482217,0.01524446295282006,19.0,-0.3684210526315789,0.21912273678590868,-0.7979016167319599,0.061059511468802063,CAD_CHF,7,35,4,long,61
54.0,0.18518518518518517,0.1349847264027912,-0.07938487856428555,0.4497552489346559,24.0,0.3210936117185971,0.18995699184772424,-0.05122209230294239,0.6934093157401366,CAD_CHF,7,20,1,short,78
30.0,0.06666666666666667,0.18528222234124034,-0.2964864891221644,0.4298198224554977,14.0,0.0,0.2773500981126146,-0.5436061923007246,0.5436061923007246,CAD_CHF,7,20,2,short,44
13.0,0.23076923076923078,0.2808833628231621,-0.319762160364167,0.7813006219026286,6.0,0.0,0.4472135954999579,-0.8765386471799175,0.8765386471799175,CAD_CHF,7,20,3,short,19
6.0,0.0,0.4472135954999579,-0.8765386471799175,0.8765386471799175,3.0,-0.3333333333333333,0.6666666666666667,-1.6400000000000001,0.9733333333333336,CAD_CHF,7,20,4,short,9
102.0,0.05261313069293157,0.09894218255533839,-0.14131354711553168,0.24653980850139479,44.0,0.38795993322771594,0.13582129623985362,0.12175019259760284,0.6541696738578291,CAD_CHF,7,25,1,short,146
58.0,-0.060359629642486874,0.13015482621717764,-0.315463089028155,0.19474382974318127,26.0,0.15384615384615385,0.19761896274869428,-0.23348701314128695,0.5411793208335947,CAD_CHF,7,25,2,short,84
30.0,0.13333333333333333,0.1840373108931074,-0.22737979601715716,0.4940464626838238,13.0,-0.15362218704699318,0.2737818168448607,-0.6902345480629201,0.38299017396893376,CAD_CHF,7,25,3,short,43
12.0,0.3333333333333333,0.2842676218074806,-0.22383120540932872,0.8904978720759953,6.0,0.0,0.4472135954999579,-0.8765386471799175,0.8765386471799175,CAD_CHF,7,25,4,short,18
175.0,0.01616515763030885,0.07507146363143642,-0.13097491108730655,0.16330522634792424,76.0,0.36716139387871943,0.10398553593383718,0.16334974344839856,0.5709730443090403,CAD_CHF,7,30,1,short,251
105.0,0.10405571471886754,0.09529048247469336,-0.08271363093153145,0.29082506036926653,45.0,0.13814974947231687,0.14493896604905662,-0.14593062398383408,0.42223012292846784,CAD_CHF,7,30,2,short,150
52.0,0.08453374216347596,0.13645344328285133,-0.18291500667091265,0.3519824909978646,23.0,-0.043478260869565216,0.2129991080681025,-0.46095651268304605,0.37399999094391567,CAD_CHF,7,30,3,short,75
23.0,0.391304347826087,0.19620037384965786,0.006751615080757611,0.7758570805714163,10.0,0.2,0.32659863237109044,-0.4401333194473372,0.8401333194473373,CAD_CHF,7,30,4,short,33
256.0,0.07495664614056738,0.06149746109567312,-0.045578377606951936,0.1954916698880867,110.0,0.3457715252399037,0.0855682685560423,0.17805771887006078,0.5134853316097465,CAD_CHF,7,35,1,short,366
141.0,0.10831796794182338,0.08199073990020064,-0.052383882262569875,0.26901981814621667,61.0,0.21488349332837992,0.11828787749471312,-0.01696074656125779,0.4467277332180176,CAD_CHF,7,35,2,short,202
74.0,0.15468403087043395,0.11300364945445619,-0.06680312206030017,0.3761711838011681,33.0,0.1545619657353243,0.17006998752770006,-0.1787752098189678,0.4878991412896164,CAD_CHF,7,35,3,short,107
31.0,0.22580645161290322,0.17785869357535775,-0.12279658779479793,0.5744094910206043,14.0,0.5714285714285714,0.22760785909019762,0.12531716761178407,1.0175399752453587,CAD_CHF,7,35,4,short,45
10.0,-0.2,0.3265986323710904,-0.840133319447337,0.4401333194473371,5.0,0.2,0.48989794855663565,-0.7601999791710059,1.1601999791710058,CAD_CHF,14,20,1,long,15
6.0,0.0,0.4472135954999579,-0.8765386471799175,0.8765386471799175,3.0,-0.3333333333333333,0.6666666666666667,-1.6400000000000001,0.9733333333333336,CAD_CHF,14,20,2,long,9
0.0,,,,,1.0,-1.0,,,,CAD_CHF,14,20,3,long,1
2.0,-1.0,0.0,-1.0,-1.0,2.0,0.0,1.0,-1.96,1.96,CAD_CHF,14,20,4,long,4
33.0,0.10026811555602892,0.1744740999767455,-0.24170112039839226,0.4422373515104501,15.0,0.15251340238899835,0.24789417428381894,-0.33335917920728675,0.6383859839852835,CAD_CHF,14,25,1,long,48
15.0,-0.06666666666666667,0.2666666666666666,-0.5893333333333332,0.45599999999999985,7.0,0.14285714285714285,0.40406101782088427,-0.6491024520717903,0.9348167377860761,CAD_CHF,14,25,2,long,22
3.0,0.3333333333333333,0.6666666666666667,-0.9733333333333336,1.6400000000000001,2.0,-1.0,0.0,-1.0,-1.0,CAD_CHF,14,25,3,long,5
4.0,-0.5,0.5,-1.48,0.48,3.0,-0.3333333333333333,0.6666666666666667,-1.6400000000000001,0.9733333333333336,CAD_CHF,14,25,4,long,7
74.0,-0.07690746198177088,0.11627948247298228,-0.3048152476288162,0.15100032366527438,33.0,-0.15523101362970015,0.16405582678527217,-0.4767804341288336,0.16631840686943328,CAD_CHF,14,30,1,long,107
33.0,0.07350257027599862,0.17178275366852824,-0.26319162691431675,0.41019676746631395,15.0,0.2,0.26186146828319085,-0.313248477835054,0.7132484778350541,CAD_CHF,14,30,2,long,48
16.0,0.5,0.22360679774997896,0.06173067641004126,0.9382693235899587,8.0,-0.3442257996926943,0.33038613989917887,-0.9917826338950848,0.30333103450969623,CAD_CHF,14,30,3,long,24
8.0,-0.25,0.3659625273556999,-0.9672865536171718,0.46728655361717175,4.0,0.0,0.5773502691896257,-1.1316065276116665,1.1316065276116665,CAD_CHF,14,30,4,long,12
144.0,-0.05241654921063786,0.08265286008040575,-0.21441615496823313,0.1095830565469574,63.0,-0.23076212214284147,0.11384591337425726,-0.4539001123563857,-0.0076241319292972565,CAD_CHF,14,35,1,long,207
72.0,-0.0721591987560129,0.11627098197471826,-0.30005032342646065,0.15573192591443488,32.0,0.1875,0.176419930663981,-0.1582830641014028,0.5332830641014028,CAD_CHF,14,35,2,long,104
34.0,0.17647058823529413,0.17134566617751038,-0.15936691747262619,0.5123080939432144,15.0,-0.38358709316943695,0.2375823207628082,-0.849248441864541,0.0820742555256671,CAD_CHF,14,35,3,long,49
22.0,-0.18260387265343703,0.20539197808519635,-0.5851721497004219,0.2199644043935478,10.0,0.0,0.3333333333333333,-0.6533333333333333,0.6533333333333333,CAD_CHF,14,35,4,long,32
7.0,0.7142857142857143,0.28571428571428575,0.15428571428571425,1.2742857142857145,3.0,1.0,0.0,1.0,1.0,CAD_CHF,14,20,1,short,10
2.0,1.0,0.0,1.0,1.0,2.0,0.0,1.0,-1.96,1.96,CAD_CHF,14,20,2,short,4
1.0,1.0,,,,1.0,1.0,,,,CAD_CHF,14,20,3,short,2
0.0,,,,,1.0,-1.0,,,,CAD_CHF,14,20,4,short,1
18.0,0.1111111111111111,0.24103384202072908,-0.36131521924951787,0.58353744147174,9.0,0.5555555555555556,0.2939723678960656,-0.020630285520732983,1.1317413966318441,CAD_CHF,14,25,1,short,27
13.0,0.23076923076923078,0.2808833628231621,-0.319762160364167,0.7813006219026286,6.0,0.0,0.4472135954999579,-0.8765386471799175,0.8765386471799175,CAD_CHF,14,25,2,short,19
2.0,1.0,0.0,1.0,1.0,2.0,0.0,1.0,-1.96,1.96,CAD_CHF,14,25,3,short,4
1.0,1.0,,,,1.0,-1.0,,,,CAD_CHF,14,25,4,short,2
60.0,0.2,0.12755856082865613,-0.05001477922416603,0.45001477922416605,26.0,0.219471026201782,0.18868064348072736,-0.1503430350204436,0.5892850874240076,CAD_CHF,14,30,1,short,86
38.0,0.05263157894736842,0.16417112997159045,-0.26914383579694884,0.3744069936916857,17.0,0.058823529411764705,0.2495670992423109,-0.43032798510316467,0.547975043926694,CAD_CHF,14,30,2,short,55
16.0,0.0,0.2581988897471611,-0.5060698239044358,0.5060698239044358,7.0,0.14285714285714285,0.40406101782088427,-0.6491024520717903,0.9348167377860761,CAD_CHF,14,30,3,short,23
6.0,0.6666666666666666,0.33333333333333337,0.013333333333333197,1.32,3.0,-0.3333333333333333,0.6666666666666667,-1.6400000000000001,0.9733333333333336,CAD_CHF,14,30,4,short,9
130.0,0.020872415926497453,0.08771446873531971,-0.15104794279472916,0.1927927746477241,57.0,0.2985578447421292,0.12309422026349112,0.05729317302568662,0.5398225164585718,CAD_CHF,14,35,1,short,187
72.0,0.1388888888888889,0.11752793354169223,-0.09146586085282787,0.36924363863060566,31.0,0.3256326565215544,0.16950851172966946,-0.006604026468597757,0.6578693395117066,CAD_CHF,14,35,2,short,103
36.0,0.2299832663885905,0.15973860581431146,-0.08310440100745992,0.5430709337846409,16.0,-0.125,0.25617376914899,-0.6271005875320204,0.37710058753202036,CAD_CHF,14,35,3,short,52
19.0,0.15789473684210525,0.23274559932318592,-0.29828663783133913,0.6140761115155496,9.0,0.3333333333333333,0.3333333333333333,-0.32,0.9866666666666666,CAD_CHF,14,35,4,short,28
2.0,0.0,1.0,-1.96,1.96,1.0,1.0,,,,CAD_CHF,21,20,1,long,3
1.0,1.0,,,,1.0,-1.0,,,,CAD_CHF,21,20,2,long,2
0.0,,,,,1.0,-1.0,,,,CAD_CHF,21,20,3,long,1
,,,,,,,,,,CAD_CHF,21,20,4,long,0
10.0,0.2,0.32659863237109044,-0.4401333194473372,0.8401333194473373,5.0,0.2,0.48989794855663565,-0.7601999791710059,1.1601999791710058,CAD_CHF,21,25,1,long,15
5.0,0.2,0.48989794855663565,-0.7601999791710059,1.1601999791710058,3.0,-0.3333333333333333,0.6666666666666667,-1.6400000000000001,0.9733333333333336,CAD_CHF,21,25,2,long,8
1.0,1.0,,,,1.0,-1.0,,,,CAD_CHF,21,25,3,long,2
2.0,0.0,1.0,-1.96,1.96,1.0,-1.0,,,,CAD_CHF,21,25,4,long,3
33.0,0.09090909090909091,0.17604469755488258,-0.25413851629847894,0.4359566981166608,15.0,-0.11415326427766832,0.24936357180072444,-0.6029058650070882,0.3745993364517516,CAD_CHF,21,30,1,long,48
18.0,-0.1111111111111111,0.24103384202072908,-0.58353744147174,0.36131521924951787,8.0,0.25,0.3659625273556999,-0.46728655361717175,0.9672865536171718,CAD_CHF,21,30,2,long,26
5.0,0.6,0.4,-0.18400000000000005,1.384,3.0,-1.0,0.0,-1.0,-1.0,CAD_CHF,21,30,3,long,8
5.0,-1.0,0.0,-1.0,-1.0,3.0,0.3333333333333333,0.6666666666666667,-0.9733333333333336,1.6400000000000001,CAD_CHF,21,30,4,long,8
89.0,-0.09765339535562972,0.10577609165568408,-0.30497453500077054,0.10966774428951107,39.0,-0.0688562777794444,0.14579734113062948,-0.3546190663954782,0.21690651083658935,CAD_CHF,21,35,1,long,128
46.0,-0.012487286541131423,0.14634508536094631,-0.29932365384858617,0.27434908076632336,20.0,0.3,0.21884866196096617,-0.1289433774434937,0.7289433774434937,CAD_CHF,21,35,2,long,66
21.0,0.3333333333333333,0.21081851067789195,-0.07987094759533492,0.7465376142620015,9.0,-0.41708959972683934,0.30034558063468997,-1.0057669377708316,0.17158773831715302,CAD_CHF,21,35,3,long,30
12.0,-0.3333333333333333,0.2842676218074806,-0.8904978720759953,0.22383120540932872,6.0,0.0,0.4472135954999579,-0.8765386471799175,0.8765386471799175,CAD_CHF,21,35,4,long,18
0.0,,,,,1.0,1.0,,,,CAD_CHF,21,20,1,short,1
0.0,,,,,1.0,1.0,,,,CAD_CHF,21,20,2,short,1
,,,,,,,,,,CAD_CHF,21,20,3,short,0
,,,,,,,,,,CAD_CHF,21,20,4,short,0
6.0,0.6666666666666666,0.33333333333333337,0.013333333333333197,1.32,3.0,1.0,0.0,1.0,1.0,CAD_CHF,21,25,1,short,9
2.0,1.0,0.0,1.0,1.0,1.0,-1.0,,,,CAD_CHF,21,25,2,short,3
1.0,1.0,,,,1.0,1.0,,,,CAD_CHF,21,25,3,short,2
0.0,,,,,1.0,-1.0,,,,CAD_CHF,21,25,4,short,1
21.0,0.42857142857142855,0.20203050891044214,0.03259163110696195,0.8245512260358951,9.0,-0.1111111111111111,0.35136418446315326,-0.7997849126588914,0.5775626904366693,CAD_CHF,21,30,1,short,30
14.0,0.14285714285714285,0.2745054065230065,-0.39517345392794984,0.6808877396422355,6.0,0.0,0.4472135954999579,-0.8765386471799175,0.8765386471799175,CAD_CHF,21,30,2,short,20
2.0,1.0,0.0,1.0,1.0,2.0,0.0,1.0,-1.96,1.96,CAD_CHF,21,30,3,short,4
2.0,1.0,0.0,1.0,1.0,1.0,-1.0,,,,CAD_CHF,21,30,4,short,3
71.0,0.15492957746478872,0.11807968411365159,-0.07650660339796839,0.3863657583275458,31.0,0.14641090041342417,0.17556456115529107,-0.19769563945094634,0.49051744027779465,CAD_CHF,21,35,1,short,102
39.0,0.07692307692307693,0.16174076401164517,-0.24008882053974762,0.39393497438590147,17.0,0.058823529411764705,0.2495670992423109,-0.43032798510316467,0.547975043926694,CAD_CHF,21,35,2,short,56
15.0,-0.06666666666666667,0.2666666666666666,-0.5893333333333332,0.45599999999999985,7.0,0.14285714285714285,0.40406101782088427,-0.6491024520717903,0.9348167377860761,CAD_CHF,21,35,3,short,22
7.0,0.42857142857142855,0.36885555678165877,-0.29438546272062266,1.1515283198634798,4.0,0.0,0.5773502691896257,-1.1316065276116665,1.1316065276116665,CAD_CHF,21,35,4,short,11
,,,,,,,,,,CAD_CHF,28,20,1,long,0
,,,,,,,,,,CAD_CHF,28,20,2,long,0
0.0,,,,,1.0,1.0,,,,CAD_CHF,28,20,3,long,1
,,,,,,,,,,CAD_CHF,28,20,4,long,0
2.0,1.0,0.0,1.0,1.0,2.0,0.0,1.0,-1.96,1.96,CAD_CHF,28,25,1,long,4
2.0,0.0,1.0,-1.96,1.96,1.0,1.0,,,,CAD_CHF,28,25,2,long,3
1.0,1.0,,,,1.0,-1.0,,,,CAD_CHF,28,25,3,long,2
,,,,,,,,,,CAD_CHF,28,25,4,long,0
15.0,0.3333333333333333,0.25197631533948484,-0.16054024473205697,0.8272069113987236,7.0,0.14285714285714285,0.40406101782088427,-0.6491024520717903,0.9348167377860761,CAD_CHF,28,30,1,long,22
10.0,0.2,0.32659863237109044,-0.4401333194473372,0.8401333194473373,5.0,-0.2,0.48989794855663565,-1.1601999791710058,0.7601999791710059,CAD_CHF,28,30,2,long,15
4.0,0.0,0.5773502691896257,-1.1316065276116665,1.1316065276116665,2.0,-1.0,0.0,-1.0,-1.0,CAD_CHF,28,30,3,long,6
3.0,-1.0,0.0,-1.0,-1.0,2.0,0.0,1.0,-1.96,1.96,CAD_CHF,28,30,4,long,5
59.0,0.04308169998059388,0.1303953249341363,-0.21249313689031327,0.298656536851501,26.0,-0.19861228629913613,0.1755131005775361,-0.5426179634311069,0.14539339083283465,CAD_CHF,28,35,1,long,85
30.0,-0.06666666666666667,0.18528222234124034,-0.4298198224554977,0.2964864891221644,14.0,0.42857142857142855,0.25058800551629407,-0.0625810622405078,0.9197239193833648,CAD_CHF,28,35,2,long,44
11.0,0.45454545454545453,0.2816715160878121,-0.09753071698665722,1.0066216260775662,6.0,-0.45896773292359233,0.3557481792270733,-1.156234164208656,0.23829869836147138,CAD_CHF,28,35,3,long,17
8.0,-0.25,0.3659625273556999,-0.9672865536171718,0.46728655361717175,4.0,0.0,0.5773502691896257,-1.1316065276116665,1.1316065276116665,CAD_CHF,28,35,4,long,12
,,,,,,,,,,CAD_CHF,28,20,1,short,0
,,,,,,,,,,CAD_CHF,28,20,2,short,0
,,,,,,,,,,CAD_CHF,28,20,3,short,0
,,,,,,,,,,CAD_CHF,28,20,4,short,0
3.0,1.0,0.0,1.0,1.0,2.0,1.0,0.0,1.0,1.0,CAD_CHF,28,25,1,short,5
0.0,,,,,1.0,1.0,,,,CAD_CHF,28,25,2,short,1
0.0,,,,,1.0,1.0,,,,CAD_CHF,28,25,3,short,1
0.0,,,,,1.0,-1.0,,,,CAD_CHF,28,25,4,short,1
10.0,0.6,0.26666666666666666,0.07733333333333337,1.1226666666666665,5.0,-0.2,0.48989794855663565,-1.1601999791710058,0.7601999791710059,CAD_CHF,28,30,1,short,15
4.0,-0.5,0.5,-1.48,0.48,2.0,0.0,1.0,-1.96,1.96,CAD_CHF,28,30,2,short,6
1.0,-1.0,,,,1.0,1.0,,,,CAD_CHF,28,30,3,short,2
1.0,1.0,,,,1.0,-1.0,,,,CAD_CHF,28,30,4,short,2
44.0,0.09090909090909091,0.1518671035608285,-0.20675043207013297,0.38856861388831476,19.0,0.07553240748826774,0.23075452437439534,-0.37674646028554715,0.5278112752620826,CAD_CHF,28,35,1,short,63
25.0,0.12,0.20264912204760885,-0.27719227921331335,0.5171922792133133,12.0,0.0,0.30151134457776363,-0.5909622353724167,0.5909622353724167,CAD_CHF,28,35,2,short,37
7.0,0.42857142857142855,0.3688555567816587,-0.29438546272062255,1.1515283198634796,4.0,-0.5,0.5,-1.48,0.48,CAD_CHF,28,35,3,short,11
4.0,0.5,0.5,-0.48,1.48,2.0,1.0,0.0,1.0,1.0,CAD_CHF,28,35,4,short,6
74.0,0.1464778103116267,0.11135983254211491,-0.07178746147091852,0.36474308209417194,33.0,0.09090909090909091,0.17604469755488258,-0.25413851629847894,0.4359566981166608,USD_JPY,7,20,1,long,107
26.0,0.2551091786075402,0.1861695630372277,-0.10978316494542611,0.6200015221605064,12.0,0.3333333333333333,0.28426762180748055,-0.2238312054093286,0.8904978720759953,USD_JPY,7,20,2,long,38
14.0,0.37619709627581527,0.2468462725806016,-0.10762159798216386,0.8600157905337944,6.0,-0.6666666666666666,0.33333333333333337,-1.32,-0.013333333333333197,USD_JPY,7,20,3,long,20
5.0,1.0,0.0,1.0,1.0,3.0,0.31156356341104247,0.6560527321631395,-0.9742997916287108,1.5974269184507959,USD_JPY,7,20,4,long,8
125.0,0.23392296106561097,0.08496633514788472,0.06738894417575692,0.40045697795546503,55.0,0.12727272727272707,0.13497610576557625,-0.1372804400278024,0.39182589457325656,USD_JPY,7,25,1,long,180
58.0,0.10977674194656227,0.1276898572145761,-0.14049537819400687,0.36004886208713144,25.0,0.416496277651001,0.1810277078232853,0.06168197031736178,0.7713105849846402,USD_JPY,7,25,2,long,83
29.0,0.10579594295680522,0.18162526528583925,-0.2501895770034397,0.46178146291705013,13.0,-0.3191526598818231,0.2570369383364725,-0.8229450590213092,0.18463973925766303,USD_JPY,7,25,3,long,42
14.0,0.7096207635880806,0.19363191393020399,0.3301022122848808,1.0891393148912805,6.0,0.0,0.4472135954999579,-0.8765386471799175,0.8765386471799175,USD_JPY,7,25,4,long,20
187.0,0.15342792963473834,0.06988924833850939,0.01644500289125994,0.29041085637821673,81.0,0.23456790123456778,0.10868405470159881,0.021547154019434106,0.4475886484497015,USD_JPY,7,30,1,long,268
88.0,0.13722555567679548,0.10377385944719551,-0.06617120883970773,0.3406223201932987,38.0,0.3003264984546059,0.15452376965635672,-0.002540090071853296,0.6031930869810651,USD_JPY,7,30,2,long,126
47.0,0.12627969688999818,0.14070588184469077,-0.1495038315255957,0.4020632253055921,21.0,0.18338168673982377,0.21226981839600936,-0.2326671573163546,0.5994305307960022,USD_JPY,7,30,3,long,68
22.0,0.32925285561883383,0.20056243933171883,-0.06384952547133504,0.7223552367090027,10.0,0.2,0.32659863237109044,-0.4401333194473372,0.8401333194473373,USD_JPY,7,30,4,long,32
248.0,0.1836167457532136,0.06034513590148216,0.06534027938630857,0.30189321212011866,107.0,0.17757009345794383,0.09558503385602736,-0.009776572899869801,0.36491675981575744,USD_JPY,7,35,1,long,355
126.0,0.1366298826436298,0.08683939454282191,-0.03357533066030116,0.30683509594756075,55.0,0.3347710352959095,0.12691019492212469,0.08602705324854512,0.5835150173432739,USD_JPY,7,35,2,long,181
65.0,0.12207916544353714,0.1206795286545645,-0.11445271071940927,0.35861104160648355,28.0,0.17325055076915355,0.1847002592751157,-0.18876195741007326,0.5352630589483803,USD_JPY,7,35,3,long,93
32.0,0.28886133823794824,0.16889984611602307,-0.04218236014945698,0.6199050366253535,14.0,0.2857142857142857,0.26578871697687523,-0.23523159956038975,0.8066601709889611,USD_JPY,7,35,4,long,46
80.0,-0.03438744870900179,0.10480023847785984,-0.23979591612560708,0.1710210187076035,35.0,0.23572336436788785,0.1626049316765715,-0.08298230171819229,0.554429030453968,USD_JPY,7,20,1,short,115
41.0,0.00759679321394591,0.1455813892046238,-0.2777427296271167,0.2929363160550085,18.0,0.20069805385327458,0.22570598909360368,-0.24168568477018862,0.6430817924767378,USD_JPY,7,20,2,short,59
18.0,0.2735832106876353,0.20830939063682405,-0.13470319496053984,0.6818696163358104,9.0,0.18507686003821033,0.3292137311370302,-0.46018205299036885,0.8303357730667895,USD_JPY,7,20,3,short,27
5.0,-0.2,0.48989794855663565,-1.1601999791710058,0.7601999791710059,3.0,-0.3333333333333333,0.6666666666666667,-1.6400000000000001,0.9733333333333336,USD_JPY,7,20,4,short,8
148.0,-0.057105550808332704,0.07761001079295315,-0.20922117196252088,0.09501007034585546,64.0,0.09767239997047372,0.1227963218826661,-0.14300839091955184,0.3383531908604993,USD_JPY,7,25,1,short,212
73.0,-0.08335467962184788,0.10741783926828773,-0.2938936445876918,0.12718428534399606,32.0,0.05039265529246695,0.1745743398789684,-0.2917730508703111,0.392558361455245,USD_JPY,7,25,2,short,105
32.0,0.13370054539420545,0.16552302788378245,-0.19072458925800817,0.45812568004641907,14.0,0.33326369573884956,0.2519904971597957,-0.16063767869435003,0.8271650701720492,USD_JPY,7,25,3,short,46
9.0,-0.3333333333333333,0.3333333333333333,-0.9866666666666666,0.32,5.0,-0.2,0.48989794855663565,-1.1601999791710058,0.7601999791710059,USD_JPY,7,25,4,short,14
228.0,-0.026242230807333948,0.062184794188022356,-0.14812442741585777,0.09563996580118986,99.0,0.05304074341525574,0.09954043408712836,-0.14205850739551582,0.2481399942260273,USD_JPY,7,30,1,short,327
109.0,-0.08171544783428358,0.08858654384148971,-0.2553450737636034,0.09191417809503624,47.0,-0.10160472039443716,0.14262469648341036,-0.3811491255019215,0.17793968471304714,USD_JPY,7,30,2,short,156
48.0,-0.006623336317985266,0.13632671214656777,-0.27382369212525814,0.2605770194892876,21.0,0.17455674954018535,0.2153175438933079,-0.24746563649069814,0.5965791355710688,USD_JPY,7,30,3,short,69
18.0,0.1111111111111111,0.24103384202072908,-0.36131521924951787,0.58353744147174,8.0,-0.5,0.32732683535398854,-1.1415605972938176,0.14156059729381754,USD_JPY,7,30,4,short,26
307.0,0.008494825704653191,0.05332353225215793,-0.09601929750957636,0.11300894891888275,132.0,0.08433410775409601,0.085862887858196,-0.08395715244796816,0.2526253679561602,USD_JPY,7,35,1,short,439
147.0,-0.09091095389686227,0.0770050497252106,-0.24184085135827504,0.06001894356455051,64.0,-0.05899096653966478,0.12324307947640618,-0.3005474023134209,0.18256546923409134,USD_JPY,7,35,2,short,211
72.0,-0.06500333019077353,0.11278954099305841,-0.286070830537168,0.15606417015562093,32.0,0.17874459366510514,0.17125104333934021,-0.15690745128000166,0.5143966386102119,USD_JPY,7,35,3,short,104
32.0,-0.1425664581160993,0.17251545020515335,-0.4806967405181999,0.19556382428600128,15.0,-0.3655787325423116,0.24163991487438438,-0.839192965696105,0.10803550061148176,USD_JPY,7,35,4,short,47
7.0,0.39796195846631655,0.3621615470625045,-0.31187467377619216,1.1077985907088252,3.0,0.3333333333333333,0.6666666666666667,-0.9733333333333336,1.6400000000000001,USD_JPY,14,20,1,long,10
4.0,0.0,0.5773502691896257,-1.1316065276116665,1.1316065276116665,2.0,1.0,0.0,1.0,1.0,USD_JPY,14,20,2,long,6
0.0,,,,,1.0,1.0,,,,USD_JPY,14,20,3,long,1
2.0,0.9673453451165637,0.032654654883436274,0.9033422215450286,1.0313484686880987,1.0,-1.0,,,,USD_JPY,14,20,4,long,3
42.0,0.34129071267646516,0.14444639493643974,0.05817577860104328,0.624405646751887,18.0,0.1111111111111111,0.24103384202072908,-0.36131521924951787,0.58353744147174,USD_JPY,14,25,1,long,60
16.0,0.4509834360537706,0.22166382792721545,0.016522333316428328,0.885444538791113,7.0,0.14285714285714285,0.40406101782088427,-0.6491024520717903,0.9348167377860761,USD_JPY,14,25,2,long,23
6.0,0.21112655797690227,0.40015472044249756,-0.573176694090393,0.9954298100441975,3.0,-0.3333333333333333,0.6666666666666667,-1.6400000000000001,0.9733333333333336,USD_JPY,14,25,3,long,9
4.0,0.9836726725582818,0.016327327441718137,0.9516711107725143,1.0156742343440495,2.0,0.0,1.0,-1.96,1.96,USD_JPY,14,25,4,long,6
83.0,0.23430344255027286,0.10347191376872783,0.03149849156356632,0.4371083935369794,36.0,0.1111111111111111,0.16798421022632326,-0.21813794093248245,0.44036016315470466,USD_JPY,14,30,1,long,119
32.0,0.26977620761862636,0.16767979811675926,-0.05887619669022176,0.5984286119274744,15.0,0.6,0.21380899352993954,0.1809343726813185,1.0190656273186813,USD_JPY,14,30,2,long,47
19.0,0.10184977651736392,0.21189747145373078,-0.31346926753194837,0.5171688205666762,9.0,-0.1111111111111111,0.35136418446315326,-0.7997849126588914,0.5775626904366693,USD_JPY,14,30,3,long,28
8.0,0.7418363362791409,0.248964910314974,0.25386511206179185,1.22980756049649,4.0,0.5,0.5,-0.48,1.48,USD_JPY,14,30,4,long,12
144.0,0.20747606334145363,0.0793549676179875,0.05194032681019811,0.36301179987270915,63.0,0.20634920634920617,0.12426688273949404,-0.03721388382020216,0.44991229651861453,USD_JPY,14,35,1,long,207
65.0,0.08665905605840067,0.1228002409416989,-0.15402941618732918,0.3273475283041305,28.0,0.35714285714285715,0.17975796274454164,0.004817250163555553,0.7094684641221587,USD_JPY,14,35,2,long,93
38.0,0.1298722566797346,0.15530482068270232,-0.17452519185836193,0.43426970521783115,17.0,0.1211178030428449,0.24066466965036645,-0.3505849494718733,0.5928205555575631,USD_JPY,14,35,3,long,55
14.0,0.5667636207309377,0.22697911824165157,0.12188454897730061,1.0116426924845747,7.0,0.14285714285714285,0.40406101782088427,-0.6491024520717903,0.9348167377860761,USD_JPY,14,35,4,long,21
14.0,-0.14285714285714285,0.2745054065230065,-0.6808877396422355,0.39517345392794984,6.0,0.20838629214601256,0.3718546537686213,-0.5204488292404852,0.9372214135325103,USD_JPY,14,20,1,short,20
7.0,0.31894534417645615,0.3566386703879788,-0.3800664497839823,1.0179571381368946,3.0,0.7172266992375053,0.28277330076249485,0.16299102974301538,1.2714623687319953,USD_JPY,14,20,2,short,10
3.0,1.0,0.0,1.0,1.0,2.0,0.0,1.0,-1.96,1.96,USD_JPY,14,20,3,short,5
1.0,-1.0,,,,1.0,1.0,,,,USD_JPY,14,20,4,short,2
44.0,-0.2467396972873944,0.140568160040969,-0.5222532909676937,0.02877389639290487,20.0,0.26251588764380374,0.21170071825139405,-0.15241752012892862,0.6774492954165361,USD_JPY,14,25,1,short,64
19.0,-0.11517143124292331,0.20592166157807915,-0.5187778879359585,0.2884350254501118,9.0,0.23907556641250174,0.3229334450252472,-0.39387398583698274,0.8720251186619862,USD_JPY,14,25,2,short,28
7.0,0.4324301680045653,0.2976068412968295,-0.15087924093722055,1.015739576946351,4.0,0.5,0.5,-0.48,1.48,USD_JPY,14,25,3,short,11
1.0,-1.0,,,,1.0,1.0,,,,USD_JPY,14,25,4,short,2
92.0,-0.1853626415024319,0.09820541104986456,-0.37784524716016643,0.007119964155302638,40.0,0.05627583995275796,0.15459240720969694,-0.24672527817824805,0.359276958083764,USD_JPY,14,30,1,short,132
45.0,-0.1521317009120679,0.1359556195213051,-0.4186047151738259,0.11434131334969011,20.0,0.18062824846794712,0.2155843997063856,-0.24191717495656867,0.603173671892463,USD_JPY,14,30,2,short,65
20.0,0.14622488961887176,0.20646028694076635,-0.25843727278503026,0.5508870520227738,9.0,0.4072990822604326,0.30319431637662897,-0.1869617778377602,1.0015599423586254,USD_JPY,14,30,3,short,29
4.0,0.0,0.5773502691896257,-1.1316065276116665,1.1316065276116665,2.0,0.0,1.0,-1.96,1.96,USD_JPY,14,30,4,short,6
187.0,-0.10410174693201026,0.06778639400227282,-0.23696307917646497,0.028759585312444477,81.0,0.11421029133469529,0.10925693388204133,-0.09993329907410572,0.32835388174349633,USD_JPY,14,35,1,short,268
89.0,-0.19798817698708704,0.09615970614546034,-0.3864612010321893,-0.009515152941984795,39.0,0.08268149080670394,0.15628439772376257,-0.22363592873187066,0.38899891034527856,USD_JPY,14,35,2,short,128
44.0,0.022852829959264128,0.1432081233548404,-0.25783509181622305,0.3035407517347513,20.0,0.13328458701719464,0.22216912944485037,-0.3021669066947121,0.5687360807291013,USD_JPY,14,35,3,short,64
14.0,-0.14285714285714285,0.2745054065230065,-0.6808877396422355,0.39517345392794984,7.0,-0.21195442687638197,0.3764531390715348,-0.9498025794565902,0.5258937257038262,USD_JPY,14,35,4,short,21
2.0,0.0,1.0,-1.96,1.96,2.0,1.0,0.0,1.0,1.0,USD_JPY,21,20,1,long,4
,,,,,,,,,,USD_JPY,21,20,2,long,0
0.0,,,,,1.0,-1.0,,,,USD_JPY,21,20,3,long,1
0.0,,,,,1.0,1.0,,,,USD_JPY,21,20,4,long,1
6.0,0.3333333333333333,0.421637021355784,-0.4930752285240034,1.15974189519067,3.0,1.0,0.0,1.0,1.0,USD_JPY,21,25,1,long,9
3.0,0.3333333333333333,0.6666666666666667,-0.9733333333333336,1.6400000000000001,2.0,1.0,0.0,1.0,1.0,USD_JPY,21,25,2,long,5
2.0,0.0,1.0,-1.96,1.96,1.0,1.0,,,,USD_JPY,21,25,3,long,3
0.0,,,,,1.0,1.0,,,,USD_JPY,21,25,4,long,1
41.0,0.3064312517687509,0.14458163505765909,0.023051247055739132,0.5898112564817627,18.0,0.2222222222222222,0.23647127470752347,-0.24126147620452376,0.6857059206489682,USD_JPY,21,30,1,long,59
16.0,0.25,0.25,-0.24,0.74,8.0,0.40196687210754123,0.32054425396685987,-0.22629986566750415,1.0302336098825866,USD_JPY,21,30,2,long,24
5.0,0.2,0.48989794855663565,-0.7601999791710059,1.1601999791710058,3.0,-0.3333333333333333,0.6666666666666667,-1.6400000000000001,0.9733333333333336,USD_JPY,21,30,3,long,8
4.0,0.9836726725582818,0.016327327441718137,0.9516711107725143,1.0156742343440495,2.0,0.0,1.0,-1.96,1.96,USD_JPY,21,30,4,long,6
90.0,0.2799984923387416,0.09881212377755941,0.08632672973472513,0.47367025494275805,39.0,0.23076923076923078,0.15784282339771596,-0.07860270309029249,0.5401411646287541,USD_JPY,21,35,1,long,129
44.0,0.15074633281354646,0.14760355047150758,-0.1385566261106084,0.44004929173770135,19.0,0.47368421052631576,0.2075817467754251,0.06682398684648261,0.8805444342061489,USD_JPY,21,35,2,long,63
21.0,0.09214979780142449,0.20339238998924825,-0.30649928657750203,0.49079888218035106,10.0,0.0,0.3333333333333333,-0.6533333333333333,0.6533333333333333,USD_JPY,21,35,3,long,31
9.0,0.7705211878036808,0.22143222498088447,0.3365140268411473,1.2045283487662144,4.0,0.5,0.5,-0.48,1.48,USD_JPY,21,35,4,long,13
2.0,0.0,1.0,-1.96,1.96,2.0,1.0,0.0,1.0,1.0,USD_JPY,21,20,1,short,4
2.0,1.0,0.0,1.0,1.0,2.0,0.0,1.0,-1.96,1.96,USD_JPY,21,20,2,short,4
1.0,1.0,,,,1.0,-1.0,,,,USD_JPY,21,20,3,short,2
,,,,,,,,,,USD_JPY,21,20,4,short,0
16.0,-0.24412938229614567,0.24889235099102458,-0.7319583902385538,0.24369962564626252,7.0,0.03575967898229648,0.3585644095663254,-0.6670265637677013,0.7385459217322943,USD_JPY,21,25,1,short,23
6.0,0.20543623487253218,0.40003693910636473,-0.5786361657759427,0.989508635521007,3.0,0.7172266992375053,0.28277330076249485,0.16299102974301538,1.2714623687319953,USD_JPY,21,25,2,short,9
2.0,1.0,0.0,1.0,1.0,2.0,0.0,1.0,-1.96,1.96,USD_JPY,21,25,3,short,4
0.0,,,,,1.0,1.0,,,,USD_JPY,21,25,4,short,1
47.0,-0.3922239995257498,0.13048380275883661,-0.6479722529330696,-0.13647574611843005,21.0,0.10715798823219405,0.2136289956193872,-0.3115548431818048,0.525870819646193,USD_JPY,21,30,1,short,68
19.0,-0.0773128276828858,0.21533633883735917,-0.4993720518041098,0.34474639643833815,9.0,0.46129778863472404,0.2912579518191664,-0.10956779693084218,1.0321633742002903,USD_JPY,21,30,2,short,28
10.0,0.28940503808706136,0.3013612184939073,-0.30126295016099697,0.8800730263351197,5.0,0.6,0.4000000000000001,-0.18400000000000016,1.3840000000000001,USD_JPY,21,30,3,short,15
1.0,-1.0,,,,1.0,1.0,,,,USD_JPY,21,30,4,short,2
112.0,-0.15395484481744198,0.09013427143121433,-0.33061801682262204,0.022708327187738103,49.0,0.10716395098184323,0.13961515465037638,-0.16648175213289446,0.3808096540965809,USD_JPY,21,35,1,short,161
54.0,-0.1452949359452418,0.1260867384773839,-0.3924249433609142,0.10183507147043064,24.0,0.09269075589422725,0.19624180922077372,-0.29194319017848924,0.47732470196694377,USD_JPY,21,35,2,short,78
28.0,-0.03841079312937729,0.18032945491335176,-0.39185652475954674,0.31503493850079217,13.0,0.28197628771876104,0.26648379783830317,-0.24033195604431312,0.8042845314818352,USD_JPY,21,35,3,short,41
9.0,0.1111111111111111,0.35136418446315326,-0.5775626904366693,0.7997849126588914,4.0,-0.12092024703366847,0.5170508112879925,-1.1343398371581337,0.8924993430907967,USD_JPY,21,35,4,short,13
0.0,,,,,1.0,1.0,,,,USD_JPY,28,20,1,long,1
0.0,,,,,1.0,-1.0,,,,USD_JPY,28,20,2,long,1
0.0,,,,,1.0,-1.0,,,,USD_JPY,28,20,3,long,1
,,,,,,,,,,USD_JPY,28,20,4,long,0
2.0,1.0,0.0,1.0,1.0,2.0,1.0,0.0,1.0,1.0,USD_JPY,28,25,1,long,4
3.0,-1.0,0.0,-1.0,-1.0,2.0,1.0,0.0,1.0,1.0,USD_JPY,28,25,2,long,5
0.0,,,,,1.0,-1.0,,,,USD_JPY,28,25,3,long,1
0.0,,,,,1.0,1.0,,,,USD_JPY,28,25,4,long,1
11.0,0.45454545454545453,0.2816715160878121,-0.09753071698665722,1.0066216260775662,5.0,0.6,0.4,-0.18400000000000005,1.384,USD_JPY,28,30,1,long,16
8.0,-0.25,0.3659625273556999,-0.9672865536171718,0.46728655361717175,4.0,0.0,0.5773502691896257,-1.1316065276116665,1.1316065276116665,USD_JPY,28,30,2,long,12
2.0,0.0,1.0,-1.96,1.96,2.0,0.0,1.0,-1.96,1.96,USD_JPY,28,30,3,long,4
1.0,1.0,,,,1.0,1.0,,,,USD_JPY,28,30,4,long,2
58.0,0.29654938466356445,0.12070026526270303,0.059976864748666536,0.5331219045784623,26.0,0.23076923076923078,0.19460170216420797,-0.1506501054726168,0.6121885670110784,USD_JPY,28,35,1,long,84
27.0,0.18518518518518517,0.1927240401742195,-0.19255393355628508,0.5629243039266554,12.0,0.4346445814050275,0.25789871506289097,-0.07083690011823884,0.9401260629282938,USD_JPY,28,35,2,long,39
10.0,0.1266759347861414,0.3146548836976795,-0.4900476372613105,0.7433995068335932,5.0,0.2,0.48989794855663565,-0.7601999791710059,1.1601999791710058,USD_JPY,28,35,3,long,15
6.0,0.3224484483721879,0.4183223906375995,-0.4974634372775072,1.142360334021883,3.0,0.3333333333333333,0.6666666666666667,-0.9733333333333336,1.6400000000000001,USD_JPY,28,35,4,long,9
1.0,1.0,,,,1.0,1.0,,,,USD_JPY,28,20,1,short,2
1.0,1.0,,,,1.0,1.0,,,,USD_JPY,28,20,2,short,2
1.0,1.0,,,,1.0,-1.0,,,,USD_JPY,28,20,3,short,2
,,,,,,,,,,USD_JPY,28,20,4,short,0
7.0,-0.14285714285714285,0.40406101782088427,-0.9348167377860761,0.6491024520717903,4.0,0.0,0.5773502691896257,-1.1316065276116665,1.1316065276116665,USD_JPY,28,25,1,short,11
3.0,1.0,0.0,1.0,1.0,2.0,0.0,1.0,-1.96,1.96,USD_JPY,28,25,2,short,5
2.0,1.0,0.0,1.0,1.0,1.0,-1.0,,,,USD_JPY,28,25,3,short,3
,,,,,,,,,,USD_JPY,28,25,4,short,0
25.0,-0.2618585141753201,0.19372153072009313,-0.6415527143867026,0.11783568603606243,12.0,0.10419314607300627,0.2790480441709641,-0.44274102050208336,0.6511273126480959,USD_JPY,28,30,1,short,37
9.0,0.41753776625328526,0.2828655315532827,-0.1368786755911488,0.9719542080977193,4.0,0.2879200244281289,0.4735869411712508,-0.6403103802675226,1.2161504291237804,USD_JPY,28,30,2,short,13
4.0,0.5,0.5,-0.48,1.48,2.0,0.0,1.0,-1.96,1.96,USD_JPY,28,30,3,short,6
0.0,,,,,1.0,1.0,,,,USD_JPY,28,30,4,short,1
76.0,-0.1503736160360698,0.11028052455959214,-0.3665234441728704,0.06577621210073079,33.0,0.18940356826897198,0.16918082798577572,-0.1421908545831484,0.5209979911210924,USD_JPY,28,35,1,short,109
35.0,-0.04961673408317105,0.15903832430010675,-0.3613318497113803,0.2620983815450382,15.0,0.05091288465433511,0.25009197168533864,-0.4392673798489286,0.5410931491575989,USD_JPY,28,35,2,short,50
15.0,-0.007063307941959085,0.2582954838663456,-0.5133224563199964,0.49919584043607823,7.0,0.42857142857142855,0.3688555567816587,-0.29438546272062255,1.1515283198634796,USD_JPY,28,35,3,short,22
5.0,0.6,0.4,-0.18400000000000005,1.384,3.0,0.17210633728844205,0.6024565749231859,-1.0087085495610024,1.3529212241378863,USD_JPY,28,35,4,short,8
68.0,0.15838307039703625,0.11772793192782938,-0.07236367618150932,0.3891298169755818,30.0,0.40912052640706775,0.124431258395724,0.16523525995144872,0.6530057928626868,EUR_GBP,7,20,1,long,98
37.0,-0.06313183304902883,0.1600099461228084,-0.3767513274497333,0.25048766135167555,17.0,0.07083832243172611,0.20296230155642564,-0.32696778861886816,0.4686444334823204,EUR_GBP,7,20,2,long,54
18.0,0.3055839636731212,0.21773128266687178,-0.12116935035394749,0.7323372777001899,9.0,-0.19916024854889308,0.2632276076822551,-0.715086359606113,0.3167658625083269,EUR_GBP,7,20,3,long,27
9.0,0.1111111111111111,0.35136418446315326,-0.5775626904366693,0.7997849126588914,4.0,0.37254821250321385,0.3742756349778613,-0.36103203205339435,1.106128457059822,EUR_GBP,7,20,4,long,13
114.0,0.16784845608432183,0.08977060939727144,-0.008101938334330178,0.3437988505029739,49.0,0.2906442602437009,0.11409187761027292,0.06702418012756595,0.5142643403598358,EUR_GBP,7,25,1,long,163
71.0,0.1505338942602397,0.11488940883175588,-0.07464934705000184,0.37571713557048125,31.0,-0.07502603827408345,0.1422937853846053,-0.35392185762790984,0.20386978107974296,EUR_GBP,7,25,2,long,102
35.0,0.421004566403051,0.13783573469450114,0.15084652640182877,0.6911626064042733,15.0,-0.09472362560184772,0.21046360825305008,-0.5072322977778259,0.3177850465741304,EUR_GBP,7,25,3,long,50
16.0,0.16377356006550836,0.24761331739292078,-0.32154854202461636,0.6490956621556331,7.0,0.21474373362774246,0.30525246933536015,-0.38355110626956346,0.8130385735250484,EUR_GBP,7,25,4,long,23
203.0,0.16972357910968772,0.06707952702606748,0.03824770613859546,0.30119945208078,88.0,0.29150047652590555,0.08388769855366524,0.1270805873607217,0.4559203656910894,EUR_GBP,7,30,1,long,291
113.0,0.05918501320776122,0.09272483624674588,-0.12255566583586071,0.24092569225138316,49.0,-0.031741303078511265,0.1138982913763746,-0.25498195417620545,0.19149934801918295,EUR_GBP,7,30,2,long,162
56.0,0.4480834967762591,0.10774069994650172,0.23691172488111573,0.6592552686714024,24.0,0.010053428990500579,0.16408248085680738,-0.31154823348884186,0.33165509146984307,EUR_GBP,7,30,3,long,80
25.0,0.1240993116240702,0.19118371770161333,-0.25062077507109193,0.4988193983192323,11.0,0.007064952856271173,0.2372574239243778,-0.4579595980355093,0.47208950374805164,EUR_GBP,7,30,4,long,36
299.0,0.1825687843264857,0.05501162357775348,0.0747460021140889,0.29039156653888254,129.0,0.16612099610750813,0.07011595698871446,0.028693720409627782,0.30354827180538846,EUR_GBP,7,35,1,long,428
167.0,0.07813001568439619,0.07527666330245712,-0.06941224438841977,0.22567227575721216,72.0,0.04222928683254254,0.09670663674593896,-0.14731572118949782,0.2317742948545829,EUR_GBP,7,35,2,long,239
86.0,0.46449012557389374,0.08712106298181317,0.29373284212953993,0.6352474090182476,37.0,0.13799570123797544,0.12292985774554979,-0.10294681994330215,0.378938222419253,EUR_GBP,7,35,3,long,123
31.0,0.16459621905166952,0.17188360325152288,-0.17229564332131533,0.5014880814246544,14.0,-0.3206250738669055,0.17186160470122855,-0.6574738190813134,0.016223671347502466,EUR_GBP,7,35,4,long,45
57.0,-0.30519466160653086,0.12493077749957354,-0.550058985505695,-0.06033033770736673,25.0,0.10581946248658752,0.1509134525606828,-0.18997090453235077,0.4016098295055258,EUR_GBP,7,20,1,short,82
18.0,-0.1111111111111111,0.24103384202072908,-0.58353744147174,0.36131521924951787,9.0,-0.28117672307948494,0.2766106432378466,-0.8233335838256644,0.2609801376666945,EUR_GBP,7,20,2,short,27
18.0,0.10114540234013934,0.22472698474548797,-0.33931948776101706,0.5416102924412958,8.0,-0.0841082007035387,0.3548244887208382,-0.7795641985963815,0.6113477971893042,EUR_GBP,7,20,3,short,26
7.0,-0.3317588710156972,0.3563518007751843,-1.0302084005350585,0.36669065850366406,4.0,0.8790315147954221,0.12096848520457792,0.6419332837944494,1.1161297457963948,EUR_GBP,7,20,4,short,11
112.0,-0.12598171376283612,0.09118136805907293,-0.30469719515861904,0.05273376763294682,49.0,-0.02739332791387958,0.11787479507552127,-0.2584279262619013,0.20364127043414212,EUR_GBP,7,25,1,short,161
53.0,0.055848650410114345,0.1351157112959254,-0.20897814372989942,0.3206754445501281,23.0,0.08746087439764309,0.17397417846855567,-0.253528515400726,0.42845026419601223,EUR_GBP,7,25,2,short,76
28.0,0.11887507497821133,0.17587748056853367,-0.22584478693611465,0.4635949368925373,13.0,-0.1517970057589152,0.2513367449482235,-0.6444170258574333,0.3408230143396029,EUR_GBP,7,25,3,short,41
16.0,-0.02728135976748955,0.2424271024860919,-0.5024384806402297,0.4478757611052505,7.0,0.3594465798830983,0.3573038323744874,-0.340868931570897,1.0597620913370935,EUR_GBP,7,25,4,short,23
180.0,-0.11414302232793852,0.07137523912454405,-0.25403849101204484,0.025752446356167802,78.0,0.16847450157142993,0.09111971637657929,-0.01012014252666546,0.3470691456695253,EUR_GBP,7,30,1,short,258
101.0,0.000985090431180032,0.09792606962278602,-0.19095000602948056,0.19292018689184062,44.0,0.15548184691005298,0.1237037882250791,-0.08697757801110206,0.39794127183120803,EUR_GBP,7,30,2,short,145
44.0,0.11610211475113384,0.1402433011024038,-0.15877475540957758,0.3909789849118453,20.0,-0.4581458728955366,0.17323438975748942,-0.7976852768202158,-0.11860646897085736,EUR_GBP,7,30,3,short,64
26.0,-0.09118395289322946,0.18476917443028334,-0.4533315347765848,0.2709636289901259,12.0,0.13993046742764417,0.26194565051771795,-0.3734830075870831,0.6533439424423714,EUR_GBP,7,30,4,short,38
266.0,-0.06196809869089941,0.059440349133761124,-0.17847118299307121,0.05453498561127238,114.0,0.18959790456936046,0.07520467802244153,0.04219673564537507,0.33699907349334585,EUR_GBP,7,35,1,short,380
139.0,0.04461533803284197,0.0826236860496708,-0.11732708662451279,0.2065577626901967,60.0,-0.021054502720286892,0.10819919482972841,-0.23312492458655457,0.1910159191459808,EUR_GBP,7,35,2,short,199
68.0,-0.004085858552715306,0.11291711951386466,-0.22540341279989004,0.2172316956944594,30.0,-0.15529227357795136,0.1588980371440257,-0.4667324263802417,0.156147879224339,EUR_GBP,7,35,3,short,98
38.0,-0.0370348085547056,0.15312953171005675,-0.3371686907064168,0.26309907359700563,17.0,0.10443099812313411,0.2147701942313268,-0.3165185825702664,0.5253805788165347,EUR_GBP,7,35,4,short,55
4.0,0.5,0.5,-0.48,1.48,3.0,1.0,0.0,1.0,1.0,EUR_GBP,14,20,1,long,7
5.0,0.3187076122376124,0.42762943053605174,-0.5194460716130489,1.1568612960882738,3.0,-0.5800485694170868,0.4199514305829133,-1.403153373359597,0.24305623452542324,EUR_GBP,14,20,2,long,8
2.0,0.0,1.0,-1.96,1.96,1.0,1.0,,,,EUR_GBP,14,20,3,long,3
1.0,-1.0,,,,1.0,1.0,,,,EUR_GBP,14,20,4,long,2
27.0,0.5894836418806109,0.15388969194129232,0.2878598456756779,0.8911074380855438,12.0,0.3716472127097881,0.18562008634868418,0.007831843466367117,0.7354625819532091,EUR_GBP,14,25,1,long,39
16.0,-0.1484647521943327,0.2399088836768497,-0.6186861642009581,0.32175665981229273,8.0,0.11419136902251731,0.3009855081424625,-0.4757402269367092,0.7041229649817438,EUR_GBP,14,25,2,long,24
9.0,0.21413645965841224,0.3247350615386324,-0.42234426095730726,0.8506171802741317,4.0,0.24272498705047457,0.48003343075075167,-0.6981405372209988,1.1835905113219478,EUR_GBP,14,25,3,long,13
2.0,0.0,1.0,-1.96,1.96,2.0,0.48776758409786325,0.5122324159021368,-0.5162079510703248,1.4917431192660513,EUR_GBP,14,25,4,long,4
72.0,0.3354536939917135,0.10980591747470093,0.12023409574129965,0.5506732922421274,32.0,0.3796965920836288,0.11975189115689513,0.14498288541611437,0.6144102987511433,EUR_GBP,14,30,1,long,104
42.0,0.04929962180947313,0.15237877170524827,-0.2493627707328135,0.3479620143517597,18.0,0.16395661155808566,0.19041791662652047,-0.20926250502989446,0.5371757281460658,EUR_GBP,14,30,2,long,60
18.0,0.2129628416425043,0.20947384987768689,-0.197605904117762,0.6235315874027706,9.0,0.08803667669823977,0.2706270661868278,-0.44239237302794265,0.6184657264244222,EUR_GBP,14,30,3,long,27
11.0,0.40894576312551756,0.2579532761374924,-0.09664265810396755,0.9145341843550027,5.0,0.1954713920817246,0.24170366220799702,-0.2782677858459496,0.6692105700093988,EUR_GBP,14,30,4,long,16
157.0,0.2373033875850675,0.07513624472218695,0.09003634792958107,0.3845704272405539,68.0,0.3806120319013806,0.08936050533449728,0.20546544144576592,0.5557586223569952,EUR_GBP,14,35,1,long,225
83.0,0.022447971459582897,0.10725406693346601,-0.18776999973001046,0.23266594264917628,36.0,0.009002101513985512,0.13034619908406944,-0.2464764486907906,0.2644806517187616,EUR_GBP,14,35,2,long,119
40.0,0.4118452863618535,0.12704311051290648,0.16284078975655683,0.6608497829671502,18.0,0.05908973935831447,0.19477140945565102,-0.3226622231747615,0.44084170189139044,EUR_GBP,14,35,3,long,58
21.0,0.24297537098103594,0.2016359678219903,-0.15223112595006505,0.6381818679121369,10.0,-0.0322105419526544,0.21964742416999514,-0.46271949332584483,0.39829840942053607,EUR_GBP,14,35,4,long,31
7.0,-0.14285714285714285,0.40406101782088427,-0.9348167377860761,0.6491024520717903,3.0,-0.5251555428175658,0.4748444571824342,-1.4558506788951369,0.4055395932600051,EUR_GBP,14,20,1,short,10
3.0,-0.3333333333333333,0.6666666666666667,-1.6400000000000001,0.9733333333333336,2.0,-1.0,0.0,-1.0,-1.0,EUR_GBP,14,20,2,short,5
1.0,-1.0,,,,1.0,-1.0,,,,EUR_GBP,14,20,3,short,2
1.0,1.0,,,,1.0,1.0,,,,EUR_GBP,14,20,4,short,2
27.0,-0.4585643869377694,0.17075226442329455,-0.7932388252074267,-0.1238899486681121,12.0,0.1409321494505301,0.2393727408586399,-0.3282384226324041,0.6101027215334643,EUR_GBP,14,25,1,short,39
10.0,0.0,0.3333333333333333,-0.6533333333333333,0.6533333333333333,5.0,-0.2,0.48989794855663565,-1.1601999791710058,0.7601999791710059,EUR_GBP,14,25,2,short,15
10.0,-0.21793827578774919,0.2821121674244904,-0.7708781239397503,0.335001572364252,5.0,0.0654268788743381,0.4519741989087843,-0.8204425509868791,0.9512963087355553,EUR_GBP,14,25,3,short,15
3.0,0.5592293009633732,0.44077069903662675,-0.3046812691484152,1.4231398710751617,2.0,0.7580630295908442,0.24193697040915585,0.2838665675888987,1.2322594915927896,EUR_GBP,14,25,4,short,5
67.0,-0.15494385742268318,0.12080765595999582,-0.39172686310427496,0.08183914825890862,29.0,0.21155558855874837,0.1409286364485616,-0.06466453888043236,0.4877757159979291,EUR_GBP,14,30,1,short,96
32.0,0.02170456583512189,0.17699959922048497,-0.32521464863702865,0.3686237803072724,15.0,0.14068341628582065,0.22941570390709032,-0.30897136337207637,0.5903381959437177,EUR_GBP,14,30,2,short,47
21.0,-0.06069928210357971,0.21039788469615206,-0.47307913610803776,0.3516805719008783,9.0,0.00295988057045577,0.2923567150177819,-0.5700592808643966,0.5759790420053083,EUR_GBP,14,30,3,short,30
7.0,0.23966970041287425,0.36845217208748476,-0.48249655687859583,0.9618359577043444,4.0,0.8790315147954221,0.12096848520457792,0.6419332837944494,1.1161297457963948,EUR_GBP,14,30,4,short,11
146.0,-0.15834570824835664,0.07969583989994528,-0.3145495544522494,-0.002141862044463899,63.0,0.14446802226168715,0.10234070824081028,-0.05611976589030099,0.3450558104136753,EUR_GBP,14,35,1,short,209
67.0,-0.09007859569294575,0.11962049307825451,-0.3245347621263246,0.14437757074043306,30.0,0.16705333703819303,0.15776397785947324,-0.1421640595663745,0.47627073364276057,EUR_GBP,14,35,2,short,97
35.0,-0.12090813422963882,0.16173205331307036,-0.4379029587232567,0.19608669026397907,16.0,0.11325933418162189,0.22355888591793474,-0.3249160822175302,0.551434750580774,EUR_GBP,14,35,3,short,51
18.0,-0.13536120868221294,0.22713846906489646,-0.58055260804941,0.3098301906849841,8.0,0.18951575739771104,0.3530240868590726,-0.5024114528460712,0.8814429676414934,EUR_GBP,14,35,4,short,26
1.0,1.0,,,,1.0,1.0,,,,EUR_GBP,21,20,1,long,2
0.0,,,,,1.0,1.0,,,,EUR_GBP,21,20,2,long,1
,,,,,,,,,,EUR_GBP,21,20,3,long,0
,,,,,,,,,,EUR_GBP,21,20,4,long,0
3.0,1.0,0.0,1.0,1.0,2.0,1.0,0.0,1.0,1.0,EUR_GBP,21,25,1,long,5
4.0,0.5,0.5,-0.48,1.48,3.0,-0.5800485694170868,0.4199514305829133,-1.403153373359597,0.24305623452542324,EUR_GBP,21,25,2,long,7
1.0,1.0,,,,1.0,1.0,,,,EUR_GBP,21,25,3,long,2
1.0,-1.0,,,,1.0,1.0,,,,EUR_GBP,21,25,4,long,2
27.0,0.737631790028759,0.12696505815717554,0.48878027604069496,0.986483304016823,12.0,0.5705653605490218,0.1779660271061443,0.22175194742097903,0.9193787736770647,EUR_GBP,21,30,1,long,39
14.0,0.04239557579914729,0.26869697708315643,-0.4842504992838393,0.5690416508821339,7.0,0.17782738451177765,0.33969149463285453,-0.48796794496861723,0.8436227139921726,EUR_GBP,21,30,2,long,21
8.0,0.11590351711571378,0.3509636413254879,-0.5719852198822425,0.8037922541136701,4.0,0.5652204014971478,0.25933243880409934,0.05692882144111311,1.0735119815531826,EUR_GBP,21,30,3,long,12
4.0,0.1550942402620335,0.5039755911957461,-0.8326979184816288,1.1428863990056959,3.0,0.4224251041165621,0.3028701410237617,-0.17120037229001084,1.016050580523135,EUR_GBP,21,30,4,long,7
88.0,0.37294198254223887,0.09738688777899122,0.18206368249541607,0.5638202825890617,38.0,0.4530842238486674,0.10521564707815177,0.24686155557548994,0.6593068921218449,EUR_GBP,21,35,1,long,126
51.0,0.05673488466997853,0.13600623292689962,-0.20983733186674472,0.3233071012067018,23.0,0.20096224089940642,0.15432658683638725,-0.1015178692999126,0.5034423510987255,EUR_GBP,21,35,2,long,74
22.0,0.1742423249802308,0.19504407571653432,-0.20804406342417647,0.556528713384638,10.0,0.32767997827615336,0.22370446659980286,-0.11078077625946026,0.766140732811767,EUR_GBP,21,35,3,long,32
13.0,0.392498676200135,0.23084330608634232,-0.059954203729095934,0.8449515561293659,6.0,0.32955949340143714,0.2385932224492079,-0.1380832225990103,0.7972022094018846,EUR_GBP,21,35,4,long,19
0.0,,,,,1.0,-1.0,,,,EUR_GBP,21,20,1,short,1
,,,,,,,,,,EUR_GBP,21,20,2,short,0
,,,,,,,,,,EUR_GBP,21,20,3,short,0
0.0,,,,,1.0,1.0,,,,EUR_GBP,21,20,4,short,1
7.0,-0.14285714285714285,0.40406101782088427,-0.9348167377860761,0.6491024520717903,4.0,0.0,0.5773502691896257,-1.1316065276116665,1.1316065276116665,EUR_GBP,21,25,1,short,11
2.0,-1.0,0.0,-1.0,-1.0,2.0,-1.0,0.0,-1.0,-1.0,EUR_GBP,21,25,2,short,4
1.0,-1.0,,,,1.0,-1.0,,,,EUR_GBP,21,25,3,short,2
1.0,1.0,,,,1.0,1.0,,,,EUR_GBP,21,25,4,short,2
26.0,-0.5146630172046067,0.1676007811643394,-0.8431605482867119,-0.1861654861225015,12.0,0.30759881611719675,0.2247295827109872,-0.13287116599633814,0.7480687982307317,EUR_GBP,21,30,1,short,38
14.0,0.2857142857142857,0.26578871697687523,-0.23523159956038975,0.8066601709889611,7.0,-0.052943185699645456,0.3816544559797121,-0.8009859194198812,0.6950995480205902,EUR_GBP,21,30,2,short,21
10.0,-0.49201049802089597,0.26083531571245244,-1.0032477168173028,0.019226720775510853,5.0,0.0654268788743381,0.4519741989087843,-0.8204425509868791,0.9512963087355553,EUR_GBP,21,30,3,short,15
3.0,1.0,0.0,1.0,1.0,2.0,0.7580630295908442,0.24193697040915585,0.2838665675888987,1.2322594915927896,EUR_GBP,21,30,4,short,5
85.0,-0.260786499816111,0.10450745908911993,-0.4656211196307861,-0.055951880001435944,37.0,0.3282346753358409,0.12426132563205364,0.08468247709701576,0.5717868735746661,EUR_GBP,21,35,1,short,122
37.0,-0.05173081969014309,0.1629418563162262,-0.37109685806994647,0.2676352186896603,16.0,0.06939070276795689,0.2261310915155802,-0.3738262366025803,0.5126076421384941,EUR_GBP,21,35,2,short,53
25.0,-0.21098739696700697,0.1895465368072411,-0.5824986091091995,0.16052381517518555,11.0,0.0024217204667365596,0.27226375331748853,-0.5312152360355409,0.5360586769690141,EUR_GBP,21,35,3,short,36
10.0,0.06776879028901198,0.3172443677561687,-0.5540301705130787,0.6895677510911026,5.0,0.5032252118363376,0.3873117633010767,-0.2559058442337727,1.262356267906448,EUR_GBP,21,35,4,short,15
,,,,,,,,,,EUR_GBP,28,20,1,long,0
,,,,,,,,,,EUR_GBP,28,20,2,long,0
,,,,,,,,,,EUR_GBP,28,20,3,long,0
,,,,,,,,,,EUR_GBP,28,20,4,long,0
1.0,1.0,,,,1.0,1.0,,,,EUR_GBP,28,25,1,long,2
1.0,1.0,,,,1.0,1.0,,,,EUR_GBP,28,25,2,long,2
0.0,,,,,1.0,1.0,,,,EUR_GBP,28,25,3,long,1
0.0,,,,,1.0,-1.0,,,,EUR_GBP,28,25,4,long,1
7.0,0.7142857142857143,0.28571428571428575,0.15428571428571425,1.2742857142857145,3.0,0.9538492543329326,0.04615074566706745,0.8633937928254803,1.0443047158403846,EUR_GBP,28,30,1,long,10
7.0,0.22764829445543747,0.3716899977491314,-0.5008641011328602,0.956160690043735,3.0,-0.2517361028058521,0.38245652007698283,-1.0013508821567385,0.49787867654503426,EUR_GBP,28,30,2,long,10
3.0,1.0,0.0,1.0,1.0,2.0,1.0,0.0,1.0,1.0,EUR_GBP,28,30,3,long,5
1.0,-1.0,,,,1.0,1.0,,,,EUR_GBP,28,30,4,long,2
44.0,0.5359610642520487,0.12482389725183966,0.291306225638443,0.7806159028656544,20.0,0.5967420121700082,0.1354442476634482,0.33127128674964973,0.8622127375903668,EUR_GBP,28,35,1,long,64
29.0,0.12313550392938996,0.1848458057271442,-0.23916227529581266,0.48543328315459255,13.0,0.2621981731410531,0.2077058363508177,-0.14490526610654964,0.6693016123886558,EUR_GBP,28,35,2,long,42
12.0,0.12504261217634843,0.27523757100850654,-0.41442302700032435,0.6645082513530212,6.0,0.48830627860526415,0.17540658951213575,0.1445093631614781,0.8321031940490502,EUR_GBP,28,35,3,long,18
9.0,0.2776003771534104,0.29966262228701984,-0.3097383625291485,0.8649391168359692,5.0,0.1954713920817246,0.24170366220799702,-0.2782677858459496,0.6692105700093988,EUR_GBP,28,35,4,long,14
,,,,,,,,,,EUR_GBP,28,20,1,short,0
,,,,,,,,,,EUR_GBP,28,20,2,short,0
,,,,,,,,,,EUR_GBP,28,20,3,short,0
,,,,,,,,,,EUR_GBP,28,20,4,short,0
0.0,,,,,1.0,-1.0,,,,EUR_GBP,28,25,1,short,1
,,,,,,,,,,EUR_GBP,28,25,2,short,0
1.0,-1.0,,,,1.0,-1.0,,,,EUR_GBP,28,25,3,short,2
1.0,1.0,,,,1.0,1.0,,,,EUR_GBP,28,25,4,short,2
11.0,-0.6363636363636364,0.2439346884545225,-1.1144756257345005,-0.15825164699277222,6.0,0.0,0.4472135954999579,-0.8765386471799175,0.8765386471799175,EUR_GBP,28,30,1,short,17
6.0,0.0,0.4472135954999579,-0.8765386471799175,0.8765386471799175,3.0,-0.3333333333333333,0.6666666666666667,-1.6400000000000001,0.9733333333333336,EUR_GBP,28,30,2,short,9
3.0,-0.3333333333333333,0.6666666666666667,-1.6400000000000001,0.9733333333333336,2.0,-1.0,0.0,-1.0,-1.0,EUR_GBP,28,30,3,short,5
1.0,1.0,,,,1.0,1.0,,,,EUR_GBP,28,30,4,short,2
51.0,-0.3212007538690152,0.13267042552827646,-0.5812347879044371,-0.06116671983359334,22.0,0.30163968858903706,0.16836186707190606,-0.02834957087189882,0.6316289480499729,EUR_GBP,28,35,1,short,73
23.0,0.30434782608695654,0.2030866810856147,-0.09370206884084825,0.7023977210147614,11.0,-0.3973274818088653,0.27635263472078264,-0.9389786458615992,0.14432368224386866,EUR_GBP,28,35,2,short,34
16.0,-0.5171678077609484,0.19780277581886826,-0.9048612483659302,-0.1294743671559666,8.0,-0.12167013435823722,0.29987098982104204,-0.7094172744074797,0.46607700569100524,EUR_GBP,28,35,3,short,24
5.0,0.735537580578024,0.264462419421976,0.217191238510951,1.2538839226450968,3.0,0.8387086863938961,0.1612913136061039,0.5225777117259325,1.1548396610618596,EUR_GBP,28,35,4,short,8
48.0,0.2533783406910029,0.13634689999432908,-0.013861583297882119,0.5206182646798879,21.0,-0.14285714285714285,0.2213133340689953,-0.5766312776323737,0.29091699191808795,EUR_JPY,7,20,1,long,69
20.0,0.3,0.21884866196096617,-0.1289433774434937,0.7289433774434937,9.0,0.49461254706676144,0.28872540238510574,-0.07128924160804578,1.0605143357415687,EUR_JPY,7,20,2,long,29
13.0,0.3846153846153838,0.2664693550105963,-0.137664551205385,0.9068953204361526,6.0,-0.44297397733494104,0.36238631108345454,-1.153251147058512,0.2673031923886299,EUR_JPY,7,20,3,long,19
10.0,0.2,0.32659863237109044,-0.4401333194473372,0.8401333194473373,5.0,0.2,0.48989794855663565,-0.7601999791710059,1.1601999791710058,EUR_JPY,7,20,4,long,15
99.0,0.2355317862968966,0.09644414950214178,0.04650125327269872,0.4245623193210945,43.0,-0.09646598952182535,0.15181035732072728,-0.3940142898704508,0.20108231082680011,EUR_JPY,7,25,1,long,142
46.0,0.20663775506587695,0.14359038032232532,-0.07479939036588068,0.4880749004976346,21.0,0.30721490112385014,0.20829159400119884,-0.10103662311849959,0.7154664253661999,EUR_JPY,7,25,2,long,67
32.0,-6.904199434387692e-16,0.17960530202677477,-0.3520263919724792,0.35202639197247787,15.0,-0.24385625760064306,0.2509513584611186,-0.7357209201844355,0.2480084049831494,EUR_JPY,7,25,3,long,47
17.0,0.05882352941176536,0.24956709924231102,-0.4303279851031643,0.5479750439266949,8.0,0.5,0.32732683535398854,-0.14156059729381754,1.1415605972938176,EUR_JPY,7,25,4,long,25
177.0,0.050546111977326495,0.07374759151416999,-0.09399916739044667,0.19509139134509967,76.0,0.10737761541319389,0.11335471175378864,-0.11479761962423184,0.3295528504506196,EUR_JPY,7,30,1,long,253
84.0,-0.053507896035353095,0.10871605676618565,-0.26659136729707694,0.15957557522637078,36.0,0.2814600267490486,0.15799759741416922,-0.028215264182723077,0.5911353176808203,EUR_JPY,7,30,2,long,120
52.0,-0.05874296554116405,0.13843494236362705,-0.33007545257387305,0.21258952149154497,23.0,0.10183287547784146,0.20793812894434083,-0.30572585725306656,0.5093916082087495,EUR_JPY,7,30,3,long,75
30.0,-0.06666666666666629,0.1852822223412404,-0.42981982245549744,0.2964864891221649,14.0,0.2857142857142857,0.26578871697687523,-0.23523159956038975,0.8066601709889611,EUR_JPY,7,30,4,long,44
261.0,-0.026519631199558902,0.060741871288008294,-0.14557369892405517,0.09253443652493736,112.0,0.126434810458953,0.09334638685091734,-0.05652410776884498,0.30939372868675097,EUR_JPY,7,35,1,long,373
123.0,0.03364718371258508,0.0892698234811496,-0.14132167031046816,0.2086160377356383,53.0,0.19903823538614762,0.13249226800803895,-0.06064660990960874,0.458723080681904,EUR_JPY,7,35,2,long,176
81.0,0.030806301332825175,0.10854826226773484,-0.18194829271193513,0.24356089537758546,35.0,0.1528319380241888,0.16474988234469495,-0.17007783137141333,0.47574170741979094,EUR_JPY,7,35,3,long,116
43.0,0.023255813953488372,0.15426161815606512,-0.2790969576323993,0.325608585539376,19.0,0.3684210526315789,0.21912273678590868,-0.061059511468802063,0.7979016167319599,EUR_JPY,7,35,4,long,62
80.0,-0.0916139784099448,0.1100842968203133,-0.3073792001777589,0.12415124335786927,35.0,-0.29597499173271163,0.16107954062214486,-0.6116908913521155,0.019740907886692305,EUR_JPY,7,20,1,short,115
36.0,0.0,0.16903085094570333,-0.33130046785357853,0.33130046785357853,16.0,0.20359710295750588,0.2449753847832204,-0.2765546512176061,0.6837488571326178,EUR_JPY,7,20,2,short,52
14.0,-0.14285714285714285,0.2745054065230065,-0.6808877396422355,0.39517345392794984,7.0,-0.14285714285714285,0.40406101782088427,-0.9348167377860761,0.6491024520717903,EUR_JPY,7,20,3,short,21
8.0,0.25,0.3659625273556999,-0.46728655361717175,0.9672865536171718,4.0,0.2644182456344782,0.47641527214685625,-0.66935568777336,1.1981921790423165,EUR_JPY,7,20,4,short,12
144.0,-0.01426049816770066,0.08151333008008892,-0.17402662512467496,0.14550562878927362,62.0,-0.33763541890728394,0.11860779003891342,-0.5701066873835543,-0.10516415043101363,EUR_JPY,7,25,1,short,206
69.0,-1.4571730852600116e-05,0.11807170659312367,-0.231435116653375,0.2314059731916698,30.0,-0.02474821175599686,0.18272509236899517,-0.3828893927992274,0.3333929692872337,EUR_JPY,7,25,2,short,99
32.0,-0.18305387740454204,0.17581438241403916,-0.5276500669360588,0.16154231212697467,14.0,-0.051568498383962776,0.26767288210175383,-0.5762073473034003,0.4730703505354747,EUR_JPY,7,25,3,short,46
14.0,0.14285714285714285,0.2745054065230065,-0.39517345392794984,0.6808877396422355,6.0,-0.26896018516778925,0.3501068522878264,-0.9551696156519289,0.4172492453163505,EUR_JPY,7,25,4,short,20
223.0,-0.10162655360210703,0.06501570022027796,-0.22905732603385182,0.02580421882963778,96.0,-0.3107253904196421,0.09597962440783307,-0.4988454542589949,-0.12260532658028928,EUR_JPY,7,30,1,short,319
102.0,0.009794064221285991,0.09773251896125694,-0.18176167294277762,0.20134980138534958,45.0,-0.008396510372800453,0.14443357058402895,-0.29148630871749714,0.2746932879718963,EUR_JPY,7,30,2,short,147
49.0,-0.2215862056519458,0.14034967372581555,-0.4966715661545443,0.05349915485065265,22.0,-0.30554358988070357,0.2029194673884282,-0.7032657459620228,0.09217856620061571,EUR_JPY,7,30,3,short,71
17.0,0.29411764705882354,0.23894230601870473,-0.1742092727378377,0.7624445668554848,8.0,-0.45172013887584195,0.28280713572249844,-1.0060221248919388,0.10258184714025498,EUR_JPY,7,30,4,short,25
323.0,-0.04404100556238116,0.05425709857271369,-0.15038491876489998,0.06230290764013768,139.0,-0.2958973121579395,0.0798480154342902,-0.4523994224091483,-0.13939520190673074,EUR_JPY,7,35,1,short,462
151.0,-0.016726628822096433,0.07986970438418706,-0.17327124941510308,0.1398179917709102,66.0,-0.05117943889054576,0.12034835601403988,-0.2870622166780639,0.1847033388969724,EUR_JPY,7,35,2,short,217
74.0,-0.09497453488034709,0.11552660352284079,-0.32140667778511506,0.13145760802442086,33.0,-0.07906836145854157,0.17101440661420722,-0.4142565984223877,0.2561198755053046,EUR_JPY,7,35,3,short,107
23.0,0.30434782608695654,0.2030866810856147,-0.09370206884084825,0.7023977210147614,11.0,-0.05579646463697596,0.2872603511494219,-0.6188267528898429,0.507233823615891,EUR_JPY,7,35,4,short,34
6.0,0.6972576477452721,0.3027423522547301,0.10388263732600111,1.290632658164543,3.0,-0.3333333333333333,0.6666666666666667,-1.6400000000000001,0.9733333333333336,EUR_JPY,14,20,1,long,9
1.0,-1.0,,,,1.0,1.0,,,,EUR_JPY,14,20,2,long,2
1.0,0.9999999999999889,,,,1.0,1.0,,,,EUR_JPY,14,20,3,long,2
1.0,-1.0,,,,1.0,1.0,,,,EUR_JPY,14,20,4,long,2
21.0,0.437311708879601,0.19910828098771183,0.04705947814368583,0.8275639396155162,9.0,-0.11111111111110988,0.3513641844631537,-0.7997849126588912,0.5775626904366713,EUR_JPY,14,25,1,long,30
7.0,0.46314847580891866,0.347540980857064,-0.21803184667092673,1.144328798288764,4.0,0.0,0.5773502691896257,-1.1316065276116665,1.1316065276116665,EUR_JPY,14,25,2,long,11
7.0,0.14285714285714127,0.4040610178208837,-0.6491024520717908,0.9348167377860733,3.0,0.3333333333333333,0.6666666666666667,-0.9733333333333336,1.6400000000000001,EUR_JPY,14,25,3,long,10
6.0,-0.3333333333333333,0.421637021355784,-1.15974189519067,0.4930752285240034,3.0,1.0,0.0,1.0,1.0,EUR_JPY,14,25,4,long,9
52.0,0.26020072151789236,0.13350239308344958,-0.0014639689256688015,0.5218654119614535,23.0,-0.13043478260869565,0.2113793194801729,-0.5447382487898346,0.2838686835724432,EUR_JPY,14,30,1,long,75
30.0,0.27473464435541434,0.1771749269773055,-0.07252821252010444,0.6219975012309331,13.0,0.38461538461538464,0.2664693550105965,-0.1376645512053845,0.9068953204361538,EUR_JPY,14,30,2,long,43
18.0,0.3333333333333321,0.2286647801900116,-0.11484963583909064,0.7815163025057548,8.0,-0.5,0.32732683535398854,-1.1415605972938176,0.14156059729381754,EUR_JPY,14,30,3,long,26
14.0,7.930164461608261e-16,0.2773500981126148,-0.5436061923007243,0.5436061923007258,6.0,0.0,0.4472135954999579,-0.8765386471799175,0.8765386471799175,EUR_JPY,14,30,4,long,20
116.0,0.11730135773112964,0.08983846127404428,-0.05878202636599715,0.2933847418282564,50.0,0.057039249011230204,0.14121808481002143,-0.2197481972164118,0.3338266952388722,EUR_JPY,14,35,1,long,166
66.0,0.24610420766364732,0.11798154224429334,0.014860384864832377,0.47734803046246227,29.0,0.36039699736554665,0.17347921201320127,0.020377741819672168,0.7004162529114211,EUR_JPY,14,35,2,long,95
35.0,-0.00855475235936316,0.16924719306197822,-0.3402792507608404,0.3231697460421141,16.0,-0.29111524150060286,0.23945338342473346,-0.7604438730130805,0.1782133900118747,EUR_JPY,14,35,3,long,51
22.0,-0.0909090909090904,0.2173142926062535,-0.5168451044173473,0.3350269225991665,10.0,0.0,0.3333333333333333,-0.6533333333333333,0.6533333333333333,EUR_JPY,14,35,4,long,32
11.0,-0.2727272727272727,0.30424000964875475,-0.869037691638832,0.32358314618428663,5.0,-0.2,0.48989794855663565,-1.1601999791710058,0.7601999791710059,EUR_JPY,14,20,1,short,16
7.0,-0.42857142857142855,0.36885555678165877,-1.1515283198634798,0.29438546272062266,3.0,1.0,0.0,1.0,1.0,EUR_JPY,14,20,2,short,10
3.0,1.0,0.0,1.0,1.0,2.0,0.0,1.0,-1.96,1.96,EUR_JPY,14,20,3,short,5
0.0,,,,,1.0,1.0,,,,EUR_JPY,14,20,4,short,1
36.0,0.002275813786020844,0.16556043784994265,-0.32222264439986675,0.3267742719719084,16.0,-0.08494529441530672,0.24855470982493177,-0.572112525672173,0.40222193684155955,EUR_JPY,14,25,1,short,52
19.0,-0.05263157894736842,0.23537557657892524,-0.5139677090420619,0.40870455114732507,9.0,0.1111111111111111,0.35136418446315326,-0.5775626904366693,0.7997849126588914,EUR_JPY,14,25,2,short,28
9.0,0.1111111111111111,0.35136418446315326,-0.5775626904366693,0.7997849126588914,5.0,-0.2,0.48989794855663565,-1.1601999791710058,0.7601999791710059,EUR_JPY,14,25,3,short,14
3.0,0.3333333333333333,0.6666666666666667,-0.9733333333333336,1.6400000000000001,2.0,1.0,0.0,1.0,1.0,EUR_JPY,14,25,4,short,5
94.0,-0.03904371505573425,0.10065293877977191,-0.2363234750640872,0.1582360449526187,41.0,-0.44778352952792455,0.13907710638389958,-0.7203746580403677,-0.1751924010154814,EUR_JPY,14,30,1,short,135
46.0,0.015449211482484064,0.14620207953988218,-0.271106864415685,0.30200528738065313,20.0,0.1,0.22826577307580465,-0.3474009152285771,0.5474009152285771,EUR_JPY,14,30,2,short,66
17.0,-0.01002302965884347,0.24274264259768358,-0.4857986091503033,0.4657525498326163,8.0,-0.5,0.32732683535398854,-1.1415605972938176,0.14156059729381754,EUR_JPY,14,30,3,short,25
9.0,0.1111111111111111,0.35136418446315326,-0.5775626904366693,0.7997849126588914,4.0,0.0,0.5773502691896257,-1.1316065276116665,1.1316065276116665,EUR_JPY,14,30,4,short,13
177.0,0.003922354002512714,0.07309401533658902,-0.13934191605720178,0.14718662406222718,77.0,-0.46666748015911175,0.09998577982022722,-0.6626396086067571,-0.2706953517114664,EUR_JPY,14,35,1,short,254
82.0,-0.012207383529619871,0.10864375236661093,-0.22514913816817728,0.20073437110893755,36.0,-0.033070562155969624,0.16665936590491356,-0.3597229193296002,0.2935817950176609,EUR_JPY,14,35,2,short,118
39.0,-0.15821516677436767,0.15811982282319303,-0.46813001950782607,0.1516996859590907,18.0,-0.15121994318752663,0.23337319217222774,-0.608631399845093,0.30619151347003976,EUR_JPY,14,35,3,short,57
15.0,0.2,0.26186146828319085,-0.313248477835054,0.7132484778350541,7.0,0.046937986636478815,0.380867847745946,-0.6995629949455753,0.793438968218533,EUR_JPY,14,35,4,short,22
1.0,-1.0,,,,1.0,1.0,,,,EUR_JPY,21,20,1,long,2
0.0,,,,,1.0,1.0,,,,EUR_JPY,21,20,2,long,1
,,,,,,,,,,EUR_JPY,21,20,3,long,0
,,,,,,,,,,EUR_JPY,21,20,4,long,0
4.0,0.5458864716179054,0.4541135283820946,-0.3441760440110001,1.4359489872468107,3.0,-0.3333333333333333,0.6666666666666667,-1.6400000000000001,0.9733333333333336,EUR_JPY,21,25,1,long,7
1.0,-1.0,,,,1.0,1.0,,,,EUR_JPY,21,25,2,long,2
0.0,,,,,1.0,1.0,,,,EUR_JPY,21,25,3,long,1
2.0,0.0,1.0,-1.96,1.96,1.0,1.0,,,,EUR_JPY,21,25,4,long,3
18.0,0.3435303270262006,0.22537087646212875,-0.09819659083957172,0.785257244891973,9.0,-0.3333333333333321,0.3333333333333339,-0.9866666666666666,0.32000000000000234,EUR_JPY,21,30,1,long,27
5.0,-0.15159213386751388,0.4722077668256911,-1.0771193568458683,0.7739350891108406,3.0,0.3333333333333333,0.6666666666666667,-0.9733333333333336,1.6400000000000001,EUR_JPY,21,30,2,long,8
7.0,0.14285714285714285,0.40406101782088427,-0.6491024520717903,0.9348167377860761,3.0,0.3333333333333333,0.6666666666666667,-0.9733333333333336,1.6400000000000001,EUR_JPY,21,30,3,long,10
7.0,-0.14285714285714285,0.40406101782088427,-0.9348167377860761,0.6491024520717903,4.0,0.5,0.5,-0.48,1.48,EUR_JPY,21,30,4,long,11
58.0,0.11627627228448466,0.13009102129736827,-0.13870212945835714,0.3712546740273265,26.0,-0.28265909576221193,0.18829026697210471,-0.6517080190275372,0.0863898275031133,EUR_JPY,21,35,1,long,84
35.0,0.3994165800980806,0.15355647405344236,0.09844589095333361,0.7003872692428277,16.0,0.25,0.25,-0.24,0.74,EUR_JPY,21,35,2,long,51
19.0,-0.015758754346194125,0.2299563377815711,-0.46647317639807345,0.4349556677056852,9.0,-0.3333333333333333,0.3333333333333333,-0.9866666666666666,0.32,EUR_JPY,21,35,3,long,28
13.0,-0.07692307692307607,0.2878197989826111,-0.6410498829289939,0.4872037290828417,6.0,0.0,0.4472135954999579,-0.8765386471799175,0.8765386471799175,EUR_JPY,21,35,4,long,19
,,,,,,,,,,EUR_JPY,21,20,1,short,0
,,,,,,,,,,EUR_JPY,21,20,2,short,0
,,,,,,,,,,EUR_JPY,21,20,3,short,0
,,,,,,,,,,EUR_JPY,21,20,4,short,0
12.0,0.0,0.30151134457776363,-0.5909622353724167,0.5909622353724167,6.0,-0.3333333333333333,0.421637021355784,-1.15974189519067,0.4930752285240034,EUR_JPY,21,25,1,short,18
7.0,-0.14285714285714285,0.40406101782088427,-0.9348167377860761,0.6491024520717903,4.0,0.5,0.5,-0.48,1.48,EUR_JPY,21,25,2,short,11
2.0,1.0,0.0,1.0,1.0,1.0,1.0,,,,EUR_JPY,21,25,3,short,3
0.0,,,,,1.0,1.0,,,,EUR_JPY,21,25,4,short,1
42.0,0.0801326332827108,0.1474476121970207,-0.20886468662344976,0.3691299531888714,18.0,-0.4088402617024949,0.21339009111984042,-0.827084840297382,0.00940431689239235,EUR_JPY,21,30,1,short,60
21.0,0.2050621554753785,0.21386891109355427,-0.21412091026798788,0.6242452212187449,9.0,0.1111111111111111,0.35136418446315326,-0.5775626904366693,0.7997849126588914,EUR_JPY,21,30,2,short,30
8.0,0.35370106197495765,0.3280950900589958,-0.28936531454067405,0.9967674384905894,4.0,0.0,0.5773502691896257,-1.1316065276116665,1.1316065276116665,EUR_JPY,21,30,3,short,12
3.0,0.3333333333333333,0.6666666666666667,-0.9733333333333336,1.6400000000000001,2.0,1.0,0.0,1.0,1.0,EUR_JPY,21,30,4,short,5
107.0,-0.08102905808634607,0.09436891380449071,-0.26599212914314785,0.10393401297045572,47.0,-0.34806648320521083,0.13644158656446306,-0.6154919928715584,-0.08064097353886324,EUR_JPY,21,35,1,short,154
52.0,0.0017578173560953874,0.13648536662979058,-0.26575350123829417,0.2692691359504849,23.0,0.13043478260869565,0.21137931948017294,-0.2838686835724433,0.5447382487898346,EUR_JPY,21,35,2,short,75
20.0,-0.05851957521001696,0.22337449349660385,-0.49633358246336046,0.3792944320433266,9.0,-0.3333333333333333,0.3333333333333333,-0.9866666666666666,0.32,EUR_JPY,21,35,3,short,29
11.0,0.09090909090909091,0.3149183286488867,-0.526330833242727,0.7081490150609089,5.0,0.2,0.48989794855663565,-0.7601999791710059,1.1601999791710058,EUR_JPY,21,35,4,short,16
0.0,,,,,1.0,1.0,,,,EUR_JPY,28,20,1,long,1
,,,,,,,,,,EUR_JPY,28,20,2,long,0
,,,,,,,,,,EUR_JPY,28,20,3,long,0
,,,,,,,,,,EUR_JPY,28,20,4,long,0
1.0,-1.0,,,,1.0,1.0,,,,EUR_JPY,28,25,1,long,2
0.0,,,,,1.0,1.0,,,,EUR_JPY,28,25,2,long,1
,,,,,,,,,,EUR_JPY,28,25,3,long,0
0.0,,,,,1.0,1.0,,,,EUR_JPY,28,25,4,long,1
7.0,0.4547922694959459,0.35249941778893146,-0.23610658937035972,1.1456911283622515,4.0,-0.5,0.5,-1.48,0.48,EUR_JPY,28,30,1,long,11
2.0,-1.0,0.0,-1.0,-1.0,1.0,1.0,,,,EUR_JPY,28,30,2,long,3
2.0,0.0,1.0,-1.96,1.96,2.0,1.0,0.0,1.0,1.0,EUR_JPY,28,30,3,long,4
2.0,0.0,1.0,-1.96,1.96,2.0,0.0,1.0,-1.96,1.96,EUR_JPY,28,30,4,long,4
35.0,0.0954009250484643,0.169183043457181,-0.23619784012761041,0.42699969022453904,16.0,-0.375,0.23935677693908453,-0.8441392828006057,0.09413928280060568,EUR_JPY,28,35,1,long,51
20.0,0.21210196653312155,0.22168469484072897,-0.22240003535470723,0.6466039684209504,9.0,0.3333333333333333,0.3333333333333333,-0.32,0.9866666666666666,EUR_JPY,28,35,2,long,29
11.0,-0.09090909090909091,0.3149183286488867,-0.7081490150609089,0.526330833242727,6.0,0.3333333333333333,0.421637021355784,-0.4930752285240034,1.15974189519067,EUR_JPY,28,35,3,long,17
10.0,1.1102230246251565e-15,0.3333333333333337,-0.653333333333333,0.6533333333333352,5.0,0.2,0.48989794855663565,-0.7601999791710059,1.1601999791710058,EUR_JPY,28,35,4,long,15
,,,,,,,,,,EUR_JPY,28,20,1,short,0
,,,,,,,,,,EUR_JPY,28,20,2,short,0
,,,,,,,,,,EUR_JPY,28,20,3,short,0
,,,,,,,,,,EUR_JPY,28,20,4,short,0
2.0,1.0,0.0,1.0,1.0,2.0,1.0,0.0,1.0,1.0,EUR_JPY,28,25,1,short,4
0.0,,,,,1.0,1.0,,,,EUR_JPY,28,25,2,short,1
0.0,,,,,1.0,1.0,,,,EUR_JPY,28,25,3,short,1
,,,,,,,,,,EUR_JPY,28,25,4,short,0
19.0,-0.21634285639552978,0.21986020692347544,-0.6472688619655417,0.2145831491744821,9.0,-0.3333333333333333,0.3333333333333333,-0.9866666666666666,0.32,EUR_JPY,28,30,1,short,28
9.0,0.03403391833143873,0.33506629002050053,-0.6226960101087423,0.6907638467716198,5.0,0.2,0.48989794855663565,-0.7601999791710059,1.1601999791710058,EUR_JPY,28,30,2,short,14
3.0,0.3333333333333333,0.6666666666666667,-0.9733333333333336,1.6400000000000001,2.0,0.0,1.0,-1.96,1.96,EUR_JPY,28,30,3,short,5
1.0,1.0,,,,1.0,1.0,,,,EUR_JPY,28,30,4,short,2
70.0,-0.06620613431608781,0.11636356882676867,-0.2942787292165544,0.16186646058437876,30.0,-0.24530415702149694,0.17661339645173518,-0.5914664140668979,0.100858100023904,EUR_JPY,28,35,1,short,100
28.0,0.04665375946367673,0.18909726670363383,-0.3239768832754456,0.41728440220279905,13.0,0.23076923076923078,0.2808833628231621,-0.319762160364167,0.7813006219026286,EUR_JPY,28,35,2,short,41
13.0,-0.01310703878464146,0.27765963226363866,-0.5573199180213733,0.5311058404520903,6.0,0.0,0.4472135954999579,-0.8765386471799175,0.8765386471799175,EUR_JPY,28,35,3,short,19
4.0,0.5,0.5,-0.48,1.48,3.0,1.0,0.0,1.0,1.0,EUR_JPY,28,35,4,short,7
59.0,-0.11864406779660999,0.13037899563597696,-0.37418689924312487,0.13689876364990486,26.0,-0.07692307692307693,0.19940740610485724,-0.46776159288859714,0.3139154390424433,GBP_JPY,7,20,1,long,85
24.0,0.41666666666666713,0.18955197622504832,0.045144793265572414,0.7881885400677618,11.0,0.2727272727272727,0.30424000964875475,-0.32358314618428663,0.869037691638832,GBP_JPY,7,20,2,long,35
17.0,0.17647058823529413,0.24607647839237515,-0.30583930941376114,0.6587804858843495,8.0,0.0,0.3779644730092272,-0.7408103670980853,0.7408103670980853,GBP_JPY,7,20,3,long,25
7.0,0.7142857142857143,0.2857142857142857,0.15428571428571436,1.2742857142857142,3.0,1.0,0.0,1.0,1.0,GBP_JPY,7,20,4,long,10
110.0,-0.041672137421528616,0.09533842429505254,-0.22853544903983158,0.14519117419677435,48.0,-0.08333333333333333,0.14535763346850764,-0.36823429493160825,0.20156762826494162,GBP_JPY,7,25,1,long,158
48.0,0.2916666666666669,0.1395227851105755,0.018202007849938917,0.565131325483395,21.0,0.2864356498137975,0.20860806535056897,-0.12243615827331766,0.6953074579009126,GBP_JPY,7,25,2,long,69
28.0,-0.07142857142857181,0.19195851781663203,-0.44766726634917064,0.30481012349202696,13.0,0.07692307692307693,0.28781979898261095,-0.48720372908284054,0.6410498829289943,GBP_JPY,7,25,3,long,41
18.0,0.3333333333333333,0.2286647801900118,-0.1148496358390898,0.7815163025057564,8.0,1.0,0.0,1.0,1.0,GBP_JPY,7,25,4,long,26
179.0,-0.10940745875066012,0.07432885139673771,-0.25509200748826605,0.0362770899869458,77.0,0.05506301575040745,0.113828598193569,-0.1680410367089878,0.2781670682098027,GBP_JPY,7,30,1,long,256
94.0,0.008176107713474691,0.10316834124855018,-0.19403384113368366,0.21038605656063303,41.0,0.19549143039243286,0.15308481749098357,-0.10455481188989493,0.4955376726747607,GBP_JPY,7,30,2,long,135
50.0,-0.2400000000000002,0.13868184113727533,-0.5118164086290599,0.031816408629059434,22.0,0.09090909090909091,0.21731429260625335,-0.33502692259916567,0.5168451044173474,GBP_JPY,7,30,3,long,72
26.0,0.07692307692307693,0.19940740610485724,-0.3139154390424433,0.46776159288859714,12.0,0.3333333333333333,0.28426762180748055,-0.2238312054093286,0.8904978720759953,GBP_JPY,7,30,4,long,38
256.0,-0.11946849654831312,0.06207197717074291,-0.24112957180296923,0.0021925787063429847,110.0,0.12036229284346703,0.09467205593366511,-0.06519493678651658,0.30591952247345067,GBP_JPY,7,35,1,long,366
139.0,-0.07360752428009625,0.08460363952386557,-0.23943065774687278,0.09221560918668027,60.0,0.28358581076816247,0.12370798351637693,0.041118163076063696,0.5260534584602612,GBP_JPY,7,35,2,long,199
70.0,-0.14285714285714302,0.11915109374689985,-0.37639328660106675,0.09067900088678069,30.0,0.2,0.18194353045893683,-0.15660931969951614,0.5566093196995161,GBP_JPY,7,35,3,long,100
37.0,0.1891891891891892,0.16365677589716174,-0.13157809156924782,0.5099564699476262,16.0,0.5,0.22360679774997896,0.06173067641004126,0.9382693235899587,GBP_JPY,7,35,4,long,53
75.0,0.060764574691402326,0.11549634861657701,-0.1656082685970886,0.2871374179798933,33.0,0.09090909090909091,0.17604469755488258,-0.25413851629847894,0.4359566981166608,GBP_JPY,7,20,1,short,108
37.0,-0.16862872311358468,0.16211146147566857,-0.4863671876058951,0.14910974137872574,17.0,-0.4117647058823529,0.22782254977690689,-0.8582969034450905,0.034767491680384566,GBP_JPY,7,20,2,short,54
23.0,0.043478260869565216,0.21299910806810243,-0.37399999094391556,0.46095651268304594,10.0,-0.5292023342544091,0.2642542236977169,-1.0471406127019343,-0.011264055806883944,GBP_JPY,7,20,3,short,33
11.0,0.09090909090909091,0.3149183286488867,-0.526330833242727,0.7081490150609089,5.0,-0.6,0.4,-1.384,0.18400000000000005,GBP_JPY,7,20,4,short,16
134.0,-0.01777296853768253,0.08583053740726472,-0.1860008218559214,0.15045488478055632,58.0,0.052557027372154244,0.13112446306769357,-0.2044469202405252,0.30956097498483365,GBP_JPY,7,25,1,short,192
71.0,-0.1723839824676427,0.1169252231505948,-0.40155741984280846,0.0567894549075231,31.0,-0.16129032258064516,0.18018374250024446,-0.5144504578811243,0.19186981271983397,GBP_JPY,7,25,2,short,102
43.0,0.023255813953488372,0.15426161815606512,-0.2790969576323993,0.325608585539376,19.0,-0.04823973793817454,0.22414254888322,-0.4875591337492857,0.39107965787293664,GBP_JPY,7,25,3,short,62
18.0,0.3333333333333333,0.22866478019001182,-0.11484963583908986,0.7815163025057565,8.0,-0.25,0.3659625273556999,-0.9672865536171718,0.46728655361717175,GBP_JPY,7,25,4,short,26
219.0,-0.07936793508698382,0.06710020063005066,-0.21088432832188314,0.05214845814791548,94.0,0.011982585123847566,0.10203265025206959,-0.18800140937020884,0.21196657961790397,GBP_JPY,7,30,1,short,313
114.0,-0.1689287087289822,0.09139050881663623,-0.3480541060095892,0.01019668855162481,50.0,-0.1626317366535386,0.1380420197138994,-0.4331940952927814,0.10793062198570422,GBP_JPY,7,30,2,short,164
60.0,-0.06666666666666667,0.12989928011932128,-0.3212692557005364,0.18793592236720308,26.0,-0.07371365464712755,0.19249366750138763,-0.4510012429498473,0.3035739336555922,GBP_JPY,7,30,3,short,86
25.0,0.36,0.19043809142780932,-0.013258659198506273,0.7332586591985062,11.0,-0.2727272727272727,0.30424000964875475,-0.869037691638832,0.32358314618428663,GBP_JPY,7,30,4,short,36
292.0,-0.044334370230317464,0.05801013101431749,-0.15803422701837974,0.06936548655774483,126.0,-0.05806352664613475,0.08797895225307369,-0.23050227306215915,0.11437521976988967,GBP_JPY,7,35,1,short,418
168.0,-0.13843971901847602,0.07590034577161024,-0.2872043967308321,0.01032495869388006,72.0,-0.07917921706066396,0.11607950896164275,-0.30669505462548374,0.1483366205041558,GBP_JPY,7,35,2,short,240
78.0,-0.0018416491765898047,0.11376541484631798,-0.22482186227537304,0.22113856392219344,34.0,-0.23283985355368575,0.1645578654177952,-0.5553732697725644,0.08969356266519285,GBP_JPY,7,35,3,short,112
36.0,0.5,0.14638501094227999,0.21308537855313125,0.7869146214468687,16.0,-0.375,0.23935677693908453,-0.8441392828006057,0.09413928280060568,GBP_JPY,7,35,4,short,52
7.0,-0.42857142857142855,0.3688555567816587,-1.1515283198634796,0.29438546272062255,3.0,0.3333333333333333,0.6666666666666667,-0.9733333333333336,1.6400000000000001,GBP_JPY,14,20,1,long,10
4.0,0.5,0.5,-0.48,1.48,2.0,1.0,0.0,1.0,1.0,GBP_JPY,14,20,2,long,6
2.0,0.0,1.0,-1.96,1.96,2.0,0.0,1.0,-1.96,1.96,GBP_JPY,14,20,3,long,4
2.0,0.0,1.0,-1.96,1.96,1.0,1.0,,,,GBP_JPY,14,20,4,long,3
24.0,-0.16666666666666666,0.20559798491465375,-0.569638717099388,0.23630538376605467,11.0,-0.09090909090909091,0.3149183286488867,-0.7081490150609089,0.526330833242727,GBP_JPY,14,25,1,long,35
13.0,0.5384615384615393,0.24325212770526008,0.06168736815922954,1.015235708763849,6.0,0.6666666666666666,0.33333333333333337,0.013333333333333197,1.32,GBP_JPY,14,25,2,long,19
7.0,-0.14285714285714285,0.40406101782088427,-0.9348167377860761,0.6491024520717903,3.0,0.3333333333333333,0.6666666666666667,-0.9733333333333336,1.6400000000000001,GBP_JPY,14,25,3,long,10
6.0,0.3333333333333333,0.421637021355784,-0.4930752285240034,1.15974189519067,3.0,1.0,0.0,1.0,1.0,GBP_JPY,14,25,4,long,9
67.0,-0.04477611940298491,0.12296803595091041,-0.2857934698667693,0.1962412310607995,29.0,0.034482758620689655,0.18886984741557453,-0.3357021423138364,0.4046676595552157,GBP_JPY,14,30,1,long,96
30.0,0.3333333333333337,0.17507524381296344,-0.00981414454007462,0.676480811206742,13.0,0.5384615384615384,0.24325212770525995,0.06168736815922893,1.015235708763848,GBP_JPY,14,30,2,long,43
21.0,-0.04761904761904815,0.22335313142016322,-0.4853911852025681,0.39015308996447173,9.0,0.1111111111111111,0.35136418446315326,-0.5775626904366693,0.7997849126588914,GBP_JPY,14,30,3,long,30
11.0,0.2727272727272727,0.30424000964875475,-0.32358314618428663,0.869037691638832,5.0,0.6,0.4000000000000001,-0.18400000000000016,1.3840000000000001,GBP_JPY,14,30,4,long,16
128.0,-0.08268699309662615,0.08814370795222988,-0.2554486606829967,0.09007467448974442,56.0,0.10714285714285714,0.13406378455884793,-0.1556221605924848,0.3699078748781991,GBP_JPY,14,35,1,long,184
70.0,0.06812220178666603,0.11928767426351217,-0.1656816397698178,0.3019260433431499,31.0,0.41935483870967744,0.1657449364989049,0.09449476317182381,0.7442149142475311,GBP_JPY,14,35,2,long,101
39.0,-0.07692307692307719,0.16174076401164508,-0.3939349743859016,0.24008882053974717,17.0,-0.058823529411764705,0.2495670992423109,-0.547975043926694,0.43032798510316467,GBP_JPY,14,35,3,long,56
22.0,0.09090909090909091,0.21731429260625335,-0.33502692259916567,0.5168451044173474,10.0,0.6,0.26666666666666666,0.07733333333333337,1.1226666666666665,GBP_JPY,14,35,4,long,32
8.0,0.25,0.3659625273556999,-0.46728655361717175,0.9672865536171718,4.0,0.5,0.5,-0.48,1.48,GBP_JPY,14,20,1,short,12
4.0,-1.0,0.0,-1.0,-1.0,3.0,-0.3333333333333333,0.6666666666666667,-1.6400000000000001,0.9733333333333336,GBP_JPY,14,20,2,short,7
2.0,0.0,1.0,-1.96,1.96,2.0,1.0,0.0,1.0,1.0,GBP_JPY,14,20,3,short,4
,,,,,,,,,,GBP_JPY,14,20,4,short,0
38.0,-0.05263157894736842,0.16417112997159045,-0.3744069936916857,0.26914383579694884,17.0,0.4117647058823529,0.22782254977690689,-0.034767491680384566,0.8582969034450905,GBP_JPY,14,25,1,short,55
16.0,-0.375,0.23935677693908453,-0.8441392828006057,0.09413928280060568,8.0,-0.25,0.3659625273556999,-0.9672865536171718,0.46728655361717175,GBP_JPY,14,25,2,short,24
11.0,-0.09090909090909091,0.3149183286488867,-0.7081490150609089,0.526330833242727,6.0,0.0,0.4472135954999579,-0.8765386471799175,0.8765386471799175,GBP_JPY,14,25,3,short,17
7.0,-0.42857142857142855,0.3688555567816587,-1.1515283198634796,0.29438546272062255,3.0,-0.3333333333333333,0.6666666666666667,-1.6400000000000001,0.9733333333333336,GBP_JPY,14,25,4,short,10
86.0,-0.1055262745740213,0.10722720018025764,-0.31569158692732624,0.10463903777928366,38.0,0.13511094083739575,0.16073339461551678,-0.17992651260901713,0.4501483942838086,GBP_JPY,14,30,1,short,124
45.0,-0.30962076152107626,0.14158299149891573,-0.5871234248589511,-0.03211809818320144,20.0,-0.35315458992834514,0.20843790749851906,-0.7616928886254425,0.055383708768752204,GBP_JPY,14,30,2,short,65
31.0,-0.0967741935483871,0.18171724881099013,-0.45294000121792777,0.2593916141211535,14.0,-0.27975393005895116,0.2472995073585134,-0.7644609644816374,0.2049531043637351,GBP_JPY,14,30,3,short,45
11.0,-0.09090909090909091,0.3149183286488867,-0.7081490150609089,0.526330833242727,6.0,0.0,0.4472135954999579,-0.8765386471799175,0.8765386471799175,GBP_JPY,14,30,4,short,17
170.0,-0.06724882937431313,0.07591388850319301,-0.21604005084057143,0.08154239209194518,74.0,0.015327239889473505,0.11624813993816094,-0.21251911438932192,0.24317359416826895,GBP_JPY,14,35,1,short,244
94.0,-0.23577805789519532,0.0996630733370056,-0.4311176816357263,-0.04043843415466436,41.0,-0.08859533156726287,0.15422166448264135,-0.39086979395323995,0.21367913081871417,GBP_JPY,14,35,2,short,135
50.0,0.04,0.14274281139196338,-0.23977591032824822,0.3197759103282482,22.0,-0.35984341003751436,0.19394254258454793,-0.7399707935032283,0.020283973428199598,GBP_JPY,14,35,3,short,72
23.0,0.391304347826087,0.19620037384965786,0.006751615080757611,0.7758570805714163,10.0,0.0,0.3333333333333333,-0.6533333333333333,0.6533333333333333,GBP_JPY,14,35,4,short,33
2.0,1.0,0.0,1.0,1.0,1.0,1.0,,,,GBP_JPY,21,20,1,long,3
1.0,1.0,,,,1.0,1.0,,,,GBP_JPY,21,20,2,long,2
1.0,1.0,,,,1.0,1.0,,,,GBP_JPY,21,20,3,long,2
1.0,-1.0,,,,1.0,1.0,,,,GBP_JPY,21,20,4,long,2
8.0,0.0,0.3779644730092272,-0.7408103670980853,0.7408103670980853,4.0,0.0,0.5773502691896257,-1.1316065276116665,1.1316065276116665,GBP_JPY,21,25,1,long,12
2.0,1.0,0.0,1.0,1.0,1.0,1.0,,,,GBP_JPY,21,25,2,long,3
3.0,-0.3333333333333333,0.6666666666666667,-1.6400000000000001,0.9733333333333336,2.0,0.0,1.0,-1.96,1.96,GBP_JPY,21,25,3,long,5
2.0,0.0,1.0,-1.96,1.96,1.0,1.0,,,,GBP_JPY,21,25,4,long,3
26.0,-0.0769230769230765,0.19940740610485735,-0.46776159288859687,0.3139154390424439,12.0,0.0,0.30151134457776363,-0.5909622353724167,0.5909622353724167,GBP_JPY,21,30,1,long,38
14.0,0.5714285714285722,0.22760785909019768,0.12531716761178474,1.0175399752453596,6.0,0.3333333333333333,0.421637021355784,-0.4930752285240034,1.15974189519067,GBP_JPY,21,30,2,long,20
11.0,-0.09090909090909192,0.3149183286488864,-0.7081490150609093,0.5263308332427254,5.0,-0.2,0.48989794855663565,-1.1601999791710058,0.7601999791710059,GBP_JPY,21,30,3,long,16
7.0,0.14285714285714285,0.40406101782088427,-0.6491024520717903,0.9348167377860761,3.0,1.0,0.0,1.0,1.0,GBP_JPY,21,30,4,long,10
77.0,-0.06493506493506479,0.11446577501260038,-0.2892879839597615,0.15941785408963197,33.0,0.15151515151515152,0.17473579688895144,-0.1909670103871933,0.4939973134174963,GBP_JPY,21,35,1,long,110
42.0,0.0952380952380955,0.15546387747761892,-0.20947110461803758,0.3999472950942286,19.0,0.2631578947368421,0.22739441047045122,-0.18253514978524232,0.7088509392589265,GBP_JPY,21,35,2,long,61
27.0,-0.11111111111111151,0.1949017820682286,-0.4931186039648396,0.2708963817426166,12.0,0.3333333333333333,0.2842676218074806,-0.22383120540932872,0.8904978720759953,GBP_JPY,21,35,3,long,39
16.0,0.0,0.2581988897471611,-0.5060698239044358,0.5060698239044358,7.0,0.7142857142857143,0.2857142857142857,0.15428571428571436,1.2742857142857142,GBP_JPY,21,35,4,long,23
2.0,1.0,0.0,1.0,1.0,1.0,1.0,,,,GBP_JPY,21,20,1,short,3
0.0,,,,,1.0,-1.0,,,,GBP_JPY,21,20,2,short,1
0.0,,,,,1.0,1.0,,,,GBP_JPY,21,20,3,short,1
,,,,,,,,,,GBP_JPY,21,20,4,short,0
11.0,0.45454545454545453,0.2816715160878121,-0.09753071698665722,1.0066216260775662,6.0,0.3333333333333333,0.421637021355784,-0.4930752285240034,1.15974189519067,GBP_JPY,21,25,1,short,17
6.0,-0.6666666666666666,0.33333333333333337,-1.32,-0.013333333333333197,3.0,-0.3333333333333333,0.6666666666666667,-1.6400000000000001,0.9733333333333336,GBP_JPY,21,25,2,short,9
4.0,0.0,0.5773502691896257,-1.1316065276116665,1.1316065276116665,2.0,1.0,0.0,1.0,1.0,GBP_JPY,21,25,3,short,6
1.0,-1.0,,,,1.0,1.0,,,,GBP_JPY,21,25,4,short,2
41.0,-0.17073170731707318,0.15579238461142741,-0.4760847811554709,0.13462136652132453,18.0,0.3333333333333333,0.2286647801900118,-0.1148496358390898,0.7815163025057564,GBP_JPY,21,30,1,short,59
19.0,-0.6280491720236017,0.17530281507830528,-0.97164268957708,-0.28445565447012333,9.0,-0.3333333333333333,0.3333333333333333,-0.9866666666666666,0.32,GBP_JPY,21,30,2,short,28
13.0,0.07692307692307693,0.2878197989826109,-0.48720372908284043,0.6410498829289943,6.0,0.0,0.4472135954999579,-0.8765386471799175,0.8765386471799175,GBP_JPY,21,30,3,short,19
7.0,-0.42857142857142855,0.36885555678165877,-1.1515283198634798,0.29438546272062266,3.0,0.3333333333333333,0.6666666666666667,-0.9733333333333336,1.6400000000000001,GBP_JPY,21,30,4,short,10
100.0,-0.2107525961336583,0.09773391951315401,-0.40231107837944013,-0.01919411388787645,43.0,0.14265618027490787,0.1509345748707613,-0.15317558647178428,0.4384879470216,GBP_JPY,21,35,1,short,143
58.0,-0.2786747834853166,0.12487529470469724,-0.5234303611065232,-0.033919205864110014,26.0,-0.19473429994488087,0.19222592052100415,-0.571497104166049,0.18202850427628728,GBP_JPY,21,35,2,short,84
35.0,0.08571428571428572,0.17086742893632048,-0.24918587500090242,0.4206144464294739,15.0,-0.461103668055021,0.21862127725925198,-0.8896013714831549,-0.03260596462688714,GBP_JPY,21,35,3,short,50
16.0,0.25,0.25,-0.24,0.74,7.0,0.14285714285714285,0.40406101782088427,-0.6491024520717903,0.9348167377860761,GBP_JPY,21,35,4,short,23
,,,,,,,,,,GBP_JPY,28,20,1,long,0
,,,,,,,,,,GBP_JPY,28,20,2,long,0
0.0,,,,,1.0,1.0,,,,GBP_JPY,28,20,3,long,1
1.0,-1.0,,,,1.0,1.0,,,,GBP_JPY,28,20,4,long,2
4.0,0.0,0.5773502691896257,-1.1316065276116665,1.1316065276116665,3.0,0.3333333333333333,0.6666666666666667,-0.9733333333333336,1.6400000000000001,GBP_JPY,28,25,1,long,7
1.0,1.0,,,,1.0,1.0,,,,GBP_JPY,28,25,2,long,2
2.0,0.0,1.0,-1.96,1.96,1.0,1.0,,,,GBP_JPY,28,25,3,long,3
2.0,-1.0,0.0,-1.0,-1.0,1.0,1.0,,,,GBP_JPY,28,25,4,long,3
16.0,-0.125,0.25617376914899,-0.6271005875320204,0.37710058753202036,8.0,-0.25,0.3659625273556999,-0.9672865536171718,0.46728655361717175,GBP_JPY,28,30,1,long,24
5.0,0.6,0.4000000000000001,-0.18400000000000016,1.3840000000000001,3.0,0.3333333333333333,0.6666666666666667,-0.9733333333333336,1.6400000000000001,GBP_JPY,28,30,2,long,8
6.0,-0.6666666666666666,0.33333333333333337,-1.32,-0.013333333333333197,3.0,0.33333333333332965,0.6666666666666649,-0.9733333333333334,1.6399999999999928,GBP_JPY,28,30,3,long,9
2.0,-1.0,0.0,-1.0,-1.0,2.0,1.0,0.0,1.0,1.0,GBP_JPY,28,30,4,long,4
49.0,-0.020408163265305906,0.14430750636460157,-0.303250875739925,0.26243454920931314,22.0,0.2727272727272727,0.20994555243259116,-0.13876601004060596,0.6842205554951514,GBP_JPY,28,35,1,long,71
26.0,0.3076923076923081,0.1902971827208152,-0.06529017044048968,0.6806747858251059,12.0,0.3333333333333333,0.28426762180748055,-0.2238312054093286,0.8904978720759953,GBP_JPY,28,35,2,long,38
17.0,-0.29411764705882415,0.2389423060187045,-0.7624445668554849,0.17420927273783665,8.0,0.0,0.3779644730092272,-0.7408103670980853,0.7408103670980853,GBP_JPY,28,35,3,long,25
11.0,0.09090909090909091,0.3149183286488867,-0.526330833242727,0.7081490150609089,5.0,0.6,0.4000000000000001,-0.18400000000000016,1.3840000000000001,GBP_JPY,28,35,4,long,16
,,,,,,,,,,GBP_JPY,28,20,1,short,0
,,,,,,,,,,GBP_JPY,28,20,2,short,0
,,,,,,,,,,GBP_JPY,28,20,3,short,0
,,,,,,,,,,GBP_JPY,28,20,4,short,0
4.0,1.0,0.0,1.0,1.0,3.0,0.3333333333333333,0.6666666666666667,-0.9733333333333336,1.6400000000000001,GBP_JPY,28,25,1,short,7
2.0,-1.0,0.0,-1.0,-1.0,1.0,-1.0,,,,GBP_JPY,28,25,2,short,3
2.0,0.0,1.0,-1.96,1.96,2.0,1.0,0.0,1.0,1.0,GBP_JPY,28,25,3,short,4
,,,,,,,,,,GBP_JPY,28,25,4,short,0
23.0,0.21739130434782608,0.20810192223064325,-0.19048846322423466,0.6252710719198868,10.0,0.6,0.26666666666666666,0.07733333333333337,1.1226666666666665,GBP_JPY,28,30,1,short,33
9.0,-0.4369926964942702,0.29547123993444185,-1.0161163267657762,0.14213093377723585,5.0,-0.6,0.4000000000000001,-1.3840000000000001,0.18400000000000016,GBP_JPY,28,30,2,short,14
7.0,0.14285714285714285,0.40406101782088427,-0.6491024520717903,0.9348167377860761,3.0,1.0,0.0,1.0,1.0,GBP_JPY,28,30,3,short,10
3.0,-0.3333333333333333,0.6666666666666667,-1.6400000000000001,0.9733333333333336,2.0,0.0,1.0,-1.96,1.96,GBP_JPY,28,30,4,short,5
67.0,-0.3891829793039676,0.1123910767607808,-0.609469489755098,-0.16889646885283724,29.0,0.2413793103448276,0.18339419181267275,-0.11807330560801096,0.6008319262976661,GBP_JPY,28,35,1,short,96
37.0,-0.3765657910391468,0.1519587608976657,-0.6744049623985715,-0.07872661967972205,16.0,-0.125,0.25617376914899,-0.6271005875320204,0.37710058753202036,GBP_JPY,28,35,2,short,53
23.0,0.13043478260869565,0.21137931948017294,-0.2838686835724433,0.5447382487898346,11.0,-0.390183940231281,0.27651399854802905,-0.932151377385418,0.15178349692285598,GBP_JPY,28,35,3,short,34
11.0,-0.09090909090909091,0.3149183286488867,-0.7081490150609089,0.526330833242727,5.0,0.2,0.48989794855663565,-0.7601999791710059,1.1601999791710058,GBP_JPY,28,35,4,short,16
58.0,0.028605258368070555,0.13175138397509992,-0.2296274542231253,0.2868379709592664,25.0,-0.07512649101278776,0.17997780966825402,-0.4278829979625657,0.2776300159369901,GBP_AUD,7,20,1,long,83
22.0,-0.36363636363636365,0.20327890704543541,-0.762063021445417,0.03479029417268975,10.0,-0.2,0.3265986323710904,-0.840133319447337,0.4401333194473371,GBP_AUD,7,20,2,long,32
14.0,-0.14285714285714285,0.2745054065230065,-0.6808877396422355,0.39517345392794984,7.0,0.45434042551681353,0.2920490736830187,-0.11807575890190314,1.0267566099355303,GBP_AUD,7,20,3,long,21
9.0,0.5555555555555556,0.2939723678960656,-0.020630285520732983,1.1317413966318441,4.0,0.01185851779547787,0.41129767262042916,-0.7942849205405633,0.818001956131519,GBP_AUD,7,20,4,long,13
108.0,0.1079546757902602,0.09585371108598649,-0.07991859793827331,0.2958279495187937,47.0,-0.0462998174755453,0.13363661188817771,-0.3082275767763736,0.215627941825283,GBP_AUD,7,25,1,long,155
48.0,-0.125,0.14472093468524244,-0.4086530319830752,0.15865303198307518,21.0,-0.047619047619047616,0.22335313142016333,-0.48539118520256774,0.3901530899644725,GBP_AUD,7,25,2,long,69
32.0,0.0625,0.17925416718060672,-0.2888381676739892,0.4138381676739892,14.0,0.056078913700687884,0.24739839025739063,-0.42882193120379775,0.5409797586051736,GBP_AUD,7,25,3,long,46
15.0,0.3333333333333333,0.25197631533948484,-0.16054024473205697,0.8272069113987236,7.0,0.14963343874027307,0.340651359334421,-0.5180432255551921,0.8173101030357381,GBP_AUD,7,25,4,long,22
183.0,0.10325528683857643,0.07321063684984835,-0.040237561387126336,0.2467481350642792,79.0,-0.02589418335030507,0.10571171078234241,-0.2330891364836962,0.18130076978308604,GBP_AUD,7,30,1,long,262
77.0,-0.14285714285714285,0.11353134489128948,-0.3653785788440702,0.07966429312978451,34.0,0.2460982311030983,0.1637307263795821,-0.07481399260088262,0.5670104548070792,GBP_AUD,7,30,2,long,111
51.0,0.0196078431372549,0.14139416766525448,-0.2575247254866439,0.2967404117611537,23.0,-0.05881729565155693,0.1944027155316984,-0.4398466180936858,0.322212026790572,GBP_AUD,7,30,3,long,74
28.0,0.14285714285714285,0.1904761904761905,-0.2304761904761905,0.5161904761904762,12.0,-0.11929002001808141,0.2464877097777465,-0.6024059311824645,0.3638258911463017,GBP_AUD,7,30,4,long,40
277.0,0.07803637645196487,0.05917325135962617,-0.037943196212902416,0.19401594911683218,119.0,0.1034260769986513,0.08625830027235674,-0.0656401915351679,0.2724923455324705,GBP_AUD,7,35,1,long,396
128.0,0.0,0.08873565094161137,-0.1739218758455583,0.1739218758455583,56.0,0.23572311737528368,0.12748014807111832,-0.014137972844108226,0.4855842075946756,GBP_AUD,7,35,2,long,184
76.0,-0.058038650203699256,0.11477742754027728,-0.2830024081826427,0.16692510777524422,33.0,-0.0409938727268427,0.16613667784275524,-0.36662176129864293,0.28463401584495757,GBP_AUD,7,35,3,long,109
37.0,0.1891891891891892,0.16365677589716174,-0.13157809156924782,0.5099564699476262,17.0,-0.3155952427831007,0.19649292993293832,-0.7007213854516599,0.06953089988545841,GBP_AUD,7,35,4,long,54
70.0,-0.09150981171479342,0.11823551744946582,-0.3232514259157464,0.1402318024861596,30.0,-0.0030691675618901588,0.17992616410283027,-0.3557244492034375,0.3495861140796571,GBP_AUD,7,20,1,short,100
32.0,0.02492311677505156,0.17683688316685134,-0.32167717423197706,0.37152340778208015,15.0,0.31910537296661345,0.23057075767844942,-0.1328133120831474,0.7710240580163743,GBP_AUD,7,20,2,short,47
18.0,-0.05298198811130309,0.22138388423030353,-0.486894401202698,0.3809304249800918,8.0,0.25,0.3659625273556999,-0.46728655361717175,0.9672865536171718,GBP_AUD,7,20,3,short,26
2.0,0.0,1.0,-1.96,1.96,2.0,0.7337632129842607,0.2662367870157392,0.21193911043341185,1.2555873155351096,GBP_AUD,7,20,4,short,4
113.0,-0.031211590703689954,0.09293738721337028,-0.2133688696418957,0.1509456882345158,49.0,-0.10391989850727992,0.14081274355445006,-0.379912875874002,0.1720730788594422,GBP_AUD,7,25,1,short,162
63.0,-0.1619438137015611,0.12434031233013983,-0.40565082586863516,0.08176319846551294,28.0,0.16164354304851525,0.17827776038624146,-0.187780867308518,0.5110679534055484,GBP_AUD,7,25,2,short,91
36.0,-0.2244593159172084,0.15990571390198835,-0.5378745151651056,0.08895588333068877,16.0,0.195428724188503,0.24499162549471928,-0.2847548617811468,0.6756123101581528,GBP_AUD,7,25,3,short,52
8.0,0.25,0.3659625273556999,-0.46728655361717175,0.9672865536171718,4.0,0.8668816064921303,0.13311839350786964,0.6059695552167058,1.1277936577675547,GBP_AUD,7,25,4,short,12
177.0,0.004493488464896378,0.07425958204306952,-0.14105529233951988,0.15004226926931266,76.0,-0.13279046087969362,0.11303238989268559,-0.35433394506935734,0.08875302330997012,GBP_AUD,7,30,1,short,253
99.0,-0.10525644523700534,0.09902782466388943,-0.2993509815782286,0.08883809110421795,43.0,0.09793169608233394,0.1454886858166983,-0.18722612811839473,0.3830895202830626,GBP_AUD,7,30,2,short,142
49.0,-0.19765973276229948,0.1393562522461528,-0.47079798716475896,0.07547852164016,21.0,0.04605767498105499,0.21267588503953222,-0.3707870596964281,0.4629024096585381,GBP_AUD,7,30,3,short,70
18.0,-0.2222222222222222,0.23647127470752347,-0.6857059206489682,0.24126147620452376,9.0,0.7186140473298357,0.22270201870689207,0.28211809066432725,1.1551100039953441,GBP_AUD,7,30,4,short,27
278.0,-0.007746922444234987,0.05910306783959661,-0.12358893540984434,0.10809509052137437,120.0,-0.21513977706172865,0.08809233873375788,-0.38780076097989413,-0.042478793143563204,GBP_AUD,7,35,1,short,398
144.0,-0.1097301486540761,0.08127938236689258,-0.26903773809318554,0.04957744078503337,62.0,0.022735566061186797,0.11999463821374302,-0.21245392483774952,0.25792505696012313,GBP_AUD,7,35,2,short,206
72.0,-0.15832220875563063,0.1152222372048072,-0.3841577936770527,0.06751337616579148,32.0,0.10016934436292316,0.1703212075348074,-0.23366022240529935,0.43399891113114564,GBP_AUD,7,35,3,short,104
35.0,-0.07777594386357886,0.16830951186150203,-0.4076625871121229,0.2521106993849651,15.0,0.3689320436401251,0.2274271377588117,-0.07682514636714582,0.8146892336473961,GBP_AUD,7,35,4,short,50
2.0,-1.0,0.0,-1.0,-1.0,1.0,1.0,,,,GBP_AUD,14,20,1,long,3
0.0,,,,,1.0,-1.0,,,,GBP_AUD,14,20,2,long,1
0.0,,,,,1.0,1.0,,,,GBP_AUD,14,20,3,long,1
0.0,,,,,1.0,1.0,,,,GBP_AUD,14,20,4,long,1
21.0,0.22186214215943295,0.2149237980636043,-0.19938850204523145,0.6431127863640973,10.0,0.44578596688528427,0.26097274522887126,-0.0657206137633034,0.9572925475338719,GBP_AUD,14,25,1,long,31
9.0,-0.1111111111111111,0.35136418446315326,-0.7997849126588914,0.5775626904366693,4.0,0.0,0.5773502691896257,-1.1316065276116665,1.1316065276116665,GBP_AUD,14,25,2,long,13
4.0,0.5,0.5,-0.48,1.48,3.0,1.0,0.0,1.0,1.0,GBP_AUD,14,25,3,long,7
5.0,0.6,0.4000000000000001,-0.18400000000000016,1.3840000000000001,3.0,-0.032527262013636475,0.5782658178618525,-1.1659282650228675,1.1008737409955944,GBP_AUD,14,25,4,long,8
67.0,-0.04986410469629697,0.12241707578560623,-0.2898015732360852,0.19007336384349122,29.0,-0.1045888028585268,0.16565692206429106,-0.42927637010453723,0.22009876438748366,GBP_AUD,14,30,1,long,96
33.0,-0.15151515151515152,0.17473579688895144,-0.4939973134174963,0.1909670103871933,15.0,0.15805148768778324,0.2560019346876347,-0.3437123042999808,0.6598152796755472,GBP_AUD,14,30,2,long,48
14.0,0.0,0.2773500981126146,-0.5436061923007246,0.5436061923007246,7.0,0.28800453913452084,0.3592197469066049,-0.41606616480242475,0.9920752430714664,GBP_AUD,14,30,3,long,21
14.0,0.2857142857142857,0.26578871697687523,-0.23523159956038975,0.8066601709889611,6.0,0.23635279560317554,0.3072882254910139,-0.3659321263592117,0.8386377175655628,GBP_AUD,14,30,4,long,20
140.0,0.03389395597059594,0.08429655469936505,-0.13132729124015954,0.19911520318135142,61.0,0.16082238741042484,0.1182063411494107,-0.07086204124242013,0.3925068160632698,GBP_AUD,14,35,1,long,201
60.0,-0.13333333333333333,0.12902648671863043,-0.38622524730184893,0.1195585806351823,26.0,0.27694209896214994,0.18047459296963808,-0.07678810325834068,0.6306723011826405,GBP_AUD,14,35,2,long,86
39.0,-0.1900240362943883,0.15787629573745227,-0.49946157593979473,0.11941350335101814,17.0,0.038070717647893576,0.22010935495582212,-0.39334361806551776,0.46948505336130497,GBP_AUD,14,35,3,long,56
23.0,0.13043478260869565,0.21137931948017294,-0.2838686835724433,0.5447382487898346,11.0,-0.14380756603463152,0.26867470519303804,-0.670409988212986,0.382794856143723,GBP_AUD,14,35,4,long,34
9.0,0.3333333333333333,0.3333333333333333,-0.32,0.9866666666666666,4.0,-2.7755575615628914e-15,0.5773502691896241,-1.131606527611666,1.1316065276116603,GBP_AUD,14,20,1,short,13
5.0,1.0000000000000022,2.220446049250313e-15,0.9999999999999979,1.0000000000000067,3.0,-0.1871986431764104,0.6069404133359569,-1.3768018533148858,1.0024045669620651,GBP_AUD,14,20,2,short,8
2.0,0.5395565196971948,0.46044348030280524,-0.3629127016963035,1.442025741090693,1.0,-1.0,,,,GBP_AUD,14,20,3,short,3
,,,,,,,,,,GBP_AUD,14,20,4,short,0
35.0,0.39743328813907347,0.1547014138543068,0.09421851698463213,0.7006480592935148,15.0,-0.07280500179044776,0.24962498929985483,-0.5620699808181632,0.4164599772372677,GBP_AUD,14,25,1,short,50
19.0,0.09460735456850791,0.22859173289467138,-0.35343244190504797,0.5426471510420638,9.0,0.3820448967189755,0.31184409521966416,-0.2291695299115662,0.9932593233495173,GBP_AUD,14,25,2,short,28
7.0,-0.27441242294365864,0.36118665626691565,-0.9823382692268133,0.43351342333949605,4.0,0.2817148967540119,0.47422218971397323,-0.6477605950853755,1.2111903885933994,GBP_AUD,14,25,3,short,11
1.0,1.0,,,,1.0,1.0,,,,GBP_AUD,14,25,4,short,2
74.0,0.11000600790504608,0.11417356866435989,-0.11377418667709929,0.3337862024871915,32.0,-0.06537734458927237,0.17398434423846576,-0.40638665929666523,0.2756319701181205,GBP_AUD,14,30,1,short,106
36.0,-0.08895722953328751,0.16608495666296186,-0.4144837445926927,0.23656928552611772,16.0,0.27740025440442373,0.24224794090770582,-0.1974057097746797,0.7522062185835272,GBP_AUD,14,30,2,short,52
18.0,-0.2733826089225339,0.22622920557673146,-0.7167918518529275,0.17002663400785972,8.0,0.14085744837700595,0.3499328197952438,-0.545010878421672,0.8267257751756839,GBP_AUD,14,30,3,short,26
2.0,0.0,1.0,-1.96,1.96,2.0,1.0,0.0,1.0,1.0,GBP_AUD,14,30,4,short,4
153.0,0.059747012179978846,0.07890176517751138,-0.09490044756794344,0.21439447192790115,66.0,-0.1832132579826777,0.120168620333605,-0.4187437538365435,0.05231723787118808,GBP_AUD,14,35,1,short,219
80.0,-0.20488740078812243,0.10854395195902368,-0.4176335466278088,0.007858745051563976,35.0,0.2273820620069141,0.15613033259021766,-0.0786333898699125,0.5333975138837407,GBP_AUD,14,35,2,short,115
46.0,-0.275767976203319,0.14089503471973935,-0.5519222442540082,0.0003862918473701571,20.0,0.19836055873010774,0.2130890766619848,-0.21929403152738244,0.6160151489875979,GBP_AUD,14,35,3,short,66
14.0,0.12882731303783965,0.2714773782222385,-0.4032683482777478,0.6609229743534272,6.0,0.9112544043280869,0.08874559567191309,0.7373130368111372,1.0851957718450365,GBP_AUD,14,35,4,short,20
1.0,-1.0,,,,1.0,1.0,,,,GBP_AUD,21,20,1,long,2
,,,,,,,,,,GBP_AUD,21,20,2,long,0
,,,,,,,,,,GBP_AUD,21,20,3,long,0
,,,,,,,,,,GBP_AUD,21,20,4,long,0
3.0,-0.3333333333333333,0.6666666666666667,-1.6400000000000001,0.9733333333333336,2.0,0.0,1.0,-1.96,1.96,GBP_AUD,21,25,1,long,5
0.0,,,,,1.0,-1.0,,,,GBP_AUD,21,25,2,long,1
0.0,,,,,1.0,1.0,,,,GBP_AUD,21,25,3,long,1
0.0,,,,,1.0,1.0,,,,GBP_AUD,21,25,4,long,1
23.0,0.11561326023252574,0.2091153566372631,-0.29425283877651,0.5254793592415614,10.0,0.33065287462869025,0.2981544461311221,-0.25372983978830904,0.9150355890456896,GBP_AUD,21,30,1,long,33
12.0,0.0,0.30151134457776363,-0.5909622353724167,0.5909622353724167,6.0,0.3333333333333333,0.421637021355784,-0.4930752285240034,1.15974189519067,GBP_AUD,21,30,2,long,18
4.0,0.5,0.5,-0.48,1.48,3.0,1.0,0.0,1.0,1.0,GBP_AUD,21,30,3,long,7
4.0,0.0,0.5773502691896257,-1.1316065276116665,1.1316065276116665,3.0,-0.032527262013636475,0.5782658178618525,-1.1659282650228675,1.1008737409955944,GBP_AUD,21,30,4,long,7
79.0,-0.0929227217044544,0.11232999231078854,-0.3130895066335999,0.12724406322469115,34.0,0.15804277462312163,0.15680011857078904,-0.14928545777562488,0.4653710070218682,GBP_AUD,21,35,1,long,113
40.0,0.05,0.15992786835609066,-0.2634586219779377,0.36345862197793766,18.0,0.4000274762786609,0.2003667027812262,0.007308738827457584,0.7927462137298642,GBP_AUD,21,35,2,long,58
17.0,-0.29411764705882354,0.23894230601870473,-0.7624445668554848,0.1742092727378377,8.0,0.575590226648992,0.28365635562544084,0.01962376962312795,1.131556683674856,GBP_AUD,21,35,3,long,25
15.0,0.06666666666666667,0.2666666666666666,-0.45599999999999985,0.5893333333333332,7.0,0.4675858451994617,0.2934390588324849,-0.10755471011220868,1.042726400511132,GBP_AUD,21,35,4,long,22
1.0,1.0,,,,1.0,-1.0,,,,GBP_AUD,21,20,1,short,2
2.0,0.0,1.0,-1.96,1.96,1.0,-0.5615959295292312,,,,GBP_AUD,21,20,2,short,3
,,,,,,,,,,GBP_AUD,21,20,3,short,0
,,,,,,,,,,GBP_AUD,21,20,4,short,0
8.0,0.75,0.25,0.26,1.24,4.0,-0.5000000000000028,0.49999999999999717,-1.4799999999999973,0.47999999999999166,GBP_AUD,21,25,1,short,12
5.0,0.20000000000000223,0.48989794855663654,-0.7601999791710055,1.1601999791710098,3.0,-0.1871986431764104,0.6069404133359569,-1.3768018533148858,1.0024045669620651,GBP_AUD,21,25,2,short,8
2.0,0.5395565196971948,0.46044348030280524,-0.3629127016963035,1.442025741090693,2.0,-1.0,0.0,-1.0,-1.0,GBP_AUD,21,25,3,short,4
,,,,,,,,,,GBP_AUD,21,25,4,short,0
39.0,0.3053888483299377,0.15228985147365828,0.006900739441567438,0.6038769572183079,17.0,0.053407351361369,0.23574562613414374,-0.4086540758615527,0.5154687785842907,GBP_AUD,21,30,1,short,56
21.0,-0.10487906015230239,0.21717887183339665,-0.5305496489457598,0.320791528641155,10.0,0.24384040704707796,0.3112842314415659,-0.3662766865783912,0.8539575006725472,GBP_AUD,21,30,2,short,31
7.0,0.1722818037729196,0.338574922722021,-0.4913250447622416,0.8358886523080807,4.0,0.5,0.5,-0.48,1.48,GBP_AUD,21,30,3,short,11
2.0,1.0,0.0,1.0,1.0,1.0,1.0,,,,GBP_AUD,21,30,4,short,3
88.0,0.08529824281424354,0.10257440321550422,-0.11574758748814472,0.2863440731166318,38.0,0.05020855192482326,0.1601683142604872,-0.2637213440257316,0.36413844787537814,GBP_AUD,21,35,1,short,126
42.0,-0.24740457292975704,0.14707452757305375,-0.5356706469729424,0.04086150111342829,19.0,0.2198864569121061,0.21941330063076625,-0.21016361232419575,0.6499365261484079,GBP_AUD,21,35,2,short,61
24.0,-0.2883702900252338,0.1950960405119565,-0.6707585294286685,0.09401794937820096,11.0,0.37516905336509526,0.27745308121270135,-0.1686389858117993,0.9189770925419898,GBP_AUD,21,35,3,short,35
6.0,-0.032736269578374166,0.4335633235348193,-0.88252038370662,0.8170478445498717,3.0,1.0,0.0,1.0,1.0,GBP_AUD,21,35,4,short,9
1.0,-1.0,,,,1.0,1.0,,,,GBP_AUD,28,20,1,long,2
,,,,,,,,,,GBP_AUD,28,20,2,long,0
,,,,,,,,,,GBP_AUD,28,20,3,long,0
,,,,,,,,,,GBP_AUD,28,20,4,long,0
1.0,-1.0,,,,1.0,1.0,,,,GBP_AUD,28,25,1,long,2
,,,,,,,,,,GBP_AUD,28,25,2,long,0
,,,,,,,,,,GBP_AUD,28,25,3,long,0
0.0,,,,,1.0,1.0,,,,GBP_AUD,28,25,4,long,1
10.0,0.0,0.3333333333333333,-0.6533333333333333,0.6533333333333333,5.0,-0.2,0.48989794855663565,-1.1601999791710058,0.7601999791710059,GBP_AUD,28,30,1,long,15
2.0,-1.0,0.0,-1.0,-1.0,1.0,-1.0,,,,GBP_AUD,28,30,2,long,3
2.0,0.0,1.0,-1.96,1.96,1.0,1.0,,,,GBP_AUD,28,30,3,long,3
0.0,,,,,1.0,1.0,,,,GBP_AUD,28,30,4,long,1
51.0,-0.10472343165984133,0.1398530076055927,-0.37883532656680297,0.1693884632471203,23.0,0.22398329298736178,0.19863209110889196,-0.16533560558606644,0.61330219156079,GBP_AUD,28,35,1,long,74
23.0,0.043478260869565216,0.21299910806810243,-0.37399999094391556,0.46095651268304594,11.0,0.4879399870459412,0.24343272639907657,0.010811843303751179,0.9650681307881313,GBP_AUD,28,35,2,long,34
9.0,0.1111111111111111,0.35136418446315326,-0.5775626904366693,0.7997849126588914,5.0,0.6,0.4000000000000001,-0.18400000000000016,1.3840000000000001,GBP_AUD,28,35,3,long,14
11.0,0.09090909090909091,0.3149183286488867,-0.526330833242727,0.7081490150609089,5.0,0.25462018327924646,0.3756840881769715,-0.4817206295476177,0.9909609961061105,GBP_AUD,28,35,4,long,16
,,,,,,,,,,GBP_AUD,28,20,1,short,0
0.0,,,,,1.0,-0.5615959295292312,,,,GBP_AUD,28,20,2,short,1
,,,,,,,,,,GBP_AUD,28,20,3,short,0
,,,,,,,,,,GBP_AUD,28,20,4,short,0
1.0,-1.0,,,,1.0,-1.0,,,,GBP_AUD,28,25,1,short,2
2.0,0.0,1.0,-1.96,1.96,1.0,-0.5615959295292312,,,,GBP_AUD,28,25,2,short,3
,,,,,,,,,,GBP_AUD,28,25,3,short,0
0.0,,,,,1.0,1.0,,,,GBP_AUD,28,25,4,short,1
14.0,0.49358322034768365,0.22963574567933048,0.043497158816195924,0.9436692818791714,7.0,-0.14285714285714443,0.40406101782088355,-0.9348167377860762,0.6491024520717873,GBP_AUD,28,30,1,short,21
9.0,0.5555555555555556,0.2939723678960656,-0.020630285520732983,1.1317413966318441,5.0,-0.11231918590584403,0.461102591103708,-1.0160802644691116,0.7914418926574236,GBP_AUD,28,30,2,short,14
2.0,0.5395565196971948,0.46044348030280524,-0.3629127016963035,1.442025741090693,2.0,-1.0,0.0,-1.0,-1.0,GBP_AUD,28,30,3,short,4
1.0,1.0,,,,1.0,1.0,,,,GBP_AUD,28,30,4,short,2
54.0,0.24182323762993232,0.12746646730289896,-0.008011038283749633,0.4916575135436143,24.0,0.07949687388096927,0.19969854029942166,-0.3119122651058972,0.47090601286783573,GBP_AUD,28,35,1,short,78
30.0,-0.15356968349257985,0.17778071976950593,-0.5020198942408115,0.19488052725565178,13.0,0.4752186677946166,0.23270229766350498,0.01912216437414682,0.9313151712150863,GBP_AUD,28,35,2,short,43
13.0,-0.1477605354312008,0.27412363375786747,-0.6850428575966211,0.38952178673421944,6.0,0.5211432645026747,0.3359837070453891,-0.13738480130628794,1.1796713303116373,GBP_AUD,28,35,3,short,19
4.0,0.45089559563243875,0.48584267797210434,-0.5013560531928858,1.4031472444577633,3.0,0.3333333333333333,0.6666666666666667,-0.9733333333333336,1.6400000000000001,GBP_AUD,28,35,4,short,7
53.0,-0.21441341614520174,0.13029049199951265,-0.4697827804642465,0.04095594817384304,24.0,-0.0115835555828158,0.1865626563030784,-0.37724636193684946,0.3540792507712178,GBP_CAD,7,20,1,long,77
27.0,-0.28649685230920674,0.18261914240713967,-0.6444303714272005,0.07143666680878702,12.0,0.4382398608419528,0.2576462203591633,-0.06674673106200718,0.9432264527459129,GBP_CAD,7,20,2,long,39
18.0,0.04055916876796096,0.23600192513840834,-0.4220046045033194,0.5031229420392413,8.0,-0.6357722588169391,0.25959362951653053,-1.1445757726693389,-0.12696874496453925,GBP_CAD,7,20,3,long,26
8.0,-0.0055599041223128864,0.32969580419690936,-0.6517636803482553,0.6406438721036295,4.0,-0.24354042064780737,0.47988018232760216,-1.1841055780099077,0.6970247367142929,GBP_CAD,7,20,4,long,12
103.0,-0.13588253506908501,0.09581724153246123,-0.323684328472709,0.051919258334538976,45.0,0.0906093633392388,0.1383286912029418,-0.18051487141852712,0.3617335980970047,GBP_CAD,7,25,1,long,148
51.0,-0.1908904904382075,0.13686876386342053,-0.45915326761051173,0.07737228673409674,22.0,0.24533234151591896,0.19631775954260489,-0.1394504671875866,0.6301151502194245,GBP_CAD,7,25,2,long,73
35.0,0.16371614393780848,0.16686622411078775,-0.16334165531933548,0.49077394319495243,15.0,0.046859087960219564,0.2489882754895648,-0.4411579319993274,0.5348761079197666,GBP_CAD,7,25,3,long,50
16.0,-0.06808343664494261,0.2328738551093255,-0.5245161926592207,0.3883493193693354,7.0,0.003691188201252931,0.3779824965887705,-0.7371545051127372,0.744536881515243,GBP_CAD,7,25,4,long,23
188.0,-0.13818069005904118,0.0709020625800577,-0.2771487327159543,0.0007873525978719098,81.0,0.11747579070651105,0.10478254653751365,-0.0878980005070157,0.3228495819200378,GBP_CAD,7,30,1,long,269
91.0,-0.10122910946577546,0.103046867916773,-0.30320097058265055,0.10074275165109964,39.0,0.24737651183021625,0.1446261153634359,-0.036090674282118096,0.5308436979425506,GBP_CAD,7,30,2,long,130
55.0,0.14111274560910989,0.13114460235925832,-0.11593067501503643,0.3981561662332562,24.0,0.03807591372768696,0.20400266433545572,-0.3617693083698062,0.43792113582518016,GBP_CAD,7,30,3,long,79
24.0,0.0036648397994808457,0.19091945361170204,-0.3705372892794551,0.3778669688784168,11.0,0.0023489379462518652,0.3015204941932907,-0.5886312306725978,0.5933291065651016,GBP_CAD,7,30,4,long,35
270.0,-0.12509024746353725,0.05912921221225889,-0.24098350339956467,-0.009196991527509829,116.0,0.02073122988540653,0.08858243222624058,-0.15289033727802503,0.19435279704883807,GBP_CAD,7,35,1,long,386
133.0,-0.09933721023598172,0.08558261315095422,-0.26707913201185196,0.06840471153988856,57.0,0.11146582045289549,0.12456875604879074,-0.13268894140273435,0.35562058230852533,GBP_CAD,7,35,2,long,190
76.0,0.16164729032997588,0.1111855236042341,-0.05627633593432296,0.3795709165942747,33.0,-0.07627717908755875,0.16850331550218905,-0.40654367747184933,0.2539893192967318,GBP_CAD,7,35,3,long,109
33.0,0.07248458712106766,0.1629507399669142,-0.24689886321408416,0.39186803745621945,15.0,0.13505588782725136,0.2556696736592375,-0.36605667254485413,0.6361684481993568,GBP_CAD,7,35,4,long,48
65.0,0.0007449090403239071,0.12403697140003758,-0.24236755490374975,0.24385737298439755,28.0,0.06500620902483513,0.17552939966210113,-0.2790314143128831,0.4090438323625533,GBP_CAD,7,20,1,short,93
31.0,-0.06709479624955522,0.17920624608378344,-0.41833903857377075,0.2841494460746603,14.0,-0.03161884223189818,0.2562836411970595,-0.5339347789781347,0.47069709451433833,GBP_CAD,7,20,2,short,45
16.0,-0.125,0.25617376914899,-0.6271005875320204,0.37710058753202036,8.0,0.15427251608482956,0.35011325358769857,-0.5319494609470596,0.8404944931167186,GBP_CAD,7,20,3,short,24
10.0,-0.8,0.19999999999999998,-1.192,-0.4080000000000001,5.0,0.2,0.48989794855663565,-0.7601999791710059,1.1601999791710058,GBP_CAD,7,20,4,short,15
106.0,0.0005880218546338672,0.09666612507767969,-0.18887758329761833,0.19005362700688605,46.0,-0.008644419650097285,0.13395619382085105,-0.2711985595389653,0.2539097202387708,GBP_CAD,7,25,1,short,152
58.0,-0.053102391098900206,0.13112528711478805,-0.3101079538438848,0.2039031716460844,25.0,-0.22015015530426738,0.18504537017255102,-0.5828390808424674,0.1425387702339326,GBP_CAD,7,25,2,short,83
27.0,-0.25925925925925924,0.18941048590991066,-0.6305038116426842,0.11198529312416566,12.0,0.10284834405655303,0.28772760358521865,-0.4610977589704755,0.6667944470835816,GBP_CAD,7,25,3,short,39
15.0,-0.6,0.21380899352993954,-1.0190656273186813,-0.1809343726813185,7.0,0.14285714285714285,0.40406101782088427,-0.6491024520717903,0.9348167377860761,GBP_CAD,7,25,4,short,22
175.0,0.0007110175649457671,0.07474145089784429,-0.14578222619482903,0.14720426132472056,75.0,0.005037219967065007,0.10317048267380402,-0.19717692607359089,0.20725136600772087,GBP_CAD,7,30,1,short,250
91.0,0.029827546511422144,0.10382460919009581,-0.17366868750116565,0.23332378052400993,40.0,-0.19915330581873117,0.14367149750423477,-0.4807494409270313,0.082442829289569,GBP_CAD,7,30,2,short,131
47.0,0.035883665484170615,0.14455231742412,-0.24743887666710462,0.3192062076354458,21.0,0.314508904427061,0.19157558910731431,-0.06097925022327505,0.689997059077397,GBP_CAD,7,30,3,short,68
23.0,-0.30434782608695654,0.2030866810856147,-0.7023977210147614,0.09370206884084825,11.0,0.45454545454545453,0.2816715160878121,-0.09753071698665722,1.0066216260775662,GBP_CAD,7,30,4,short,34
270.0,0.01198578440388971,0.06011355286361741,-0.1058367792088004,0.1298083480165798,117.0,-0.005122152312722556,0.08500856887350976,-0.1717389473048017,0.16149464267935656,GBP_CAD,7,35,1,short,387
137.0,-0.08102771968737732,0.08411730572188919,-0.24589763890228014,0.0838421995275255,60.0,-0.07861288685720197,0.12175575378905441,-0.31725416428374864,0.16002839056934468,GBP_CAD,7,35,2,short,197
66.0,-0.04421507471613909,0.12094430933556069,-0.28126592101383807,0.19283577158155987,29.0,0.11490590594703355,0.17257486491788585,-0.2233408292920227,0.4531526411860898,GBP_CAD,7,35,3,short,95
37.0,-0.24412830309337435,0.15792021664808814,-0.5536519277236271,0.06539532153687838,16.0,0.125,0.25617376914899,-0.37710058753202036,0.6271005875320204,GBP_CAD,7,35,4,short,53
2.0,-1.0,0.0,-1.0,-1.0,1.0,1.0,,,,GBP_CAD,14,20,1,long,3
5.0,-0.7890098792274856,0.2109901207725145,-1.2025505159416139,-0.3754692425133571,3.0,-0.3333333333333333,0.6666666666666667,-1.6400000000000001,0.9733333333333336,GBP_CAD,14,20,2,long,8
0.0,,,,,1.0,-0.08617807053551274,,,,GBP_CAD,14,20,3,long,1
2.0,-0.6150550069685403,0.3849449930314596,-1.369547193310201,0.1394371793731205,2.0,0.5129191587043852,0.48708084129561474,-0.4417592902350197,1.46759760764379,GBP_CAD,14,20,4,long,4
20.0,-0.0982515292415976,0.2167877629977251,-0.5231555447171388,0.3266524862339436,9.0,0.6065130286556087,0.263058210395907,0.0909189362796311,1.1221071210315863,GBP_CAD,14,25,1,long,29
16.0,-0.5459634382717864,0.2026746177300051,-0.9432056890225964,-0.1487211875209764,7.0,0.2722765105748688,0.36154123221215795,-0.43634430456096074,0.9808973257106983,GBP_CAD,14,25,2,long,23
9.0,-0.029992773575189195,0.3346799629165805,-0.6859655008916868,0.6259799537413085,4.0,-0.2715445176338782,0.4754367255143038,-1.2034004996419136,0.6603114643741572,GBP_CAD,14,25,3,long,13
4.0,-0.30752750348427016,0.47211032934730524,-1.2328637490049883,0.6178087420364481,3.0,0.00861277246959016,0.5774145072501611,-1.1231196617407255,1.1403452066799058,GBP_CAD,14,25,4,long,7
70.0,-0.41966419631313495,0.1066067457957277,-0.6286134180727612,-0.21071497455350868,30.0,0.004100568364145696,0.1677975499385868,-0.3247826295154845,0.33298376624377585,GBP_CAD,14,30,1,long,100
35.0,-0.4061216521025609,0.15098161811655472,-0.7020456236110082,-0.11019768059411367,15.0,0.28828771144598,0.22735183402577322,-0.1573218832445355,0.7338973061364955,GBP_CAD,14,30,2,long,50
24.0,-0.02003627384324569,0.20012552157518645,-0.4122822961306111,0.37220974844411975,11.0,-0.37147073368504663,0.2778084869115879,-0.9159753680317588,0.17303390066166563,GBP_CAD,14,30,3,long,35
9.0,-0.23307495841900414,0.27882390350164493,-0.7795698092822282,0.31341989244421986,5.0,0.005167663481754096,0.44724345131690935,-0.8714295010993882,0.8817648280628965,GBP_CAD,14,30,4,long,14
143.0,-0.21907990349077397,0.0801188183982279,-0.3761127875513006,-0.06204701943024729,62.0,0.1238545201878067,0.11799083102128573,-0.10740750861391334,0.3551165489895267,GBP_CAD,14,35,1,long,205
70.0,-0.15135983167453862,0.11639933072315856,-0.3795025198919294,0.07678285654285213,30.0,0.3979390568301782,0.1536907310945367,0.09670522388488628,0.6991728897754701,GBP_CAD,14,35,2,long,100
44.0,0.21634385063095693,0.14550697548782152,-0.06884982132517323,0.5015375225870871,20.0,-0.05430890352677564,0.22330317790533125,-0.49198313222122486,0.3833653251676736,GBP_CAD,14,35,3,long,64
17.0,-0.053649637930144704,0.21922258003775325,-0.48332589480414107,0.37602661894385164,8.0,-0.1217702103239037,0.3505618894225357,-0.8088715135920737,0.5653310929442663,GBP_CAD,14,35,4,long,25
11.0,0.09090909090909091,0.3149183286488867,-0.526330833242727,0.7081490150609089,6.0,-0.09295344918586168,0.4140760365454682,-0.9045424808149793,0.718635582443256,GBP_CAD,14,20,1,short,17
3.0,-1.0,0.0,-1.0,-1.0,2.0,-0.5266671181734348,0.4733328818265651,-1.4543995665535023,0.4010653302066327,GBP_CAD,14,20,2,short,5
3.0,-0.3333333333333333,0.6666666666666667,-1.6400000000000001,0.9733333333333336,2.0,1.0,0.0,1.0,1.0,GBP_CAD,14,20,3,short,5
2.0,0.0,1.0,-1.96,1.96,2.0,0.0,1.0,-1.96,1.96,GBP_CAD,14,20,4,short,4
37.0,0.2972972972972973,0.15913082642032159,-0.014599122486533,0.6091937170811277,16.0,-0.05799180627382308,0.22015864906551105,-0.4895027584422247,0.3735191458945786,GBP_CAD,14,25,1,short,53
14.0,-0.32823314687577465,0.24193760077691498,-0.802430844398528,0.14596455064697872,6.0,-0.5088890393911449,0.33906912836431313,-1.1734645309851985,0.15568645220290878,GBP_CAD,14,25,2,short,20
5.0,0.2,0.48989794855663565,-0.7601999791710059,1.1601999791710058,3.0,1.0,0.0,1.0,1.0,GBP_CAD,14,25,3,short,8
6.0,-0.6666666666666666,0.33333333333333337,-1.32,-0.013333333333333197,3.0,-0.3333333333333333,0.6666666666666667,-1.6400000000000001,0.9733333333333336,GBP_CAD,14,25,4,short,9
76.0,-0.05263157894736842,0.11531001210635072,-0.2786392026758158,0.173376044781079,33.0,0.22433423880377187,0.14611858204844508,-0.06205818201118049,0.5107266596187242,GBP_CAD,14,30,1,short,109
40.0,0.1307335500859494,0.15566201247135222,-0.17436399435790095,0.43583109452979973,18.0,0.008747841398908706,0.2151746302609577,-0.4129944339125684,0.43049011671038584,GBP_CAD,14,30,2,short,58
18.0,0.0,0.24253562503633302,-0.4753698250712127,0.4753698250712127,8.0,0.40427251608482956,0.3203611297810051,-0.22363529828594048,1.0321803304555996,GBP_CAD,14,30,3,short,26
9.0,-0.7777777777777778,0.2222222222222222,-1.2133333333333334,-0.34222222222222226,5.0,0.2,0.48989794855663565,-0.7601999791710059,1.1601999791710058,GBP_CAD,14,30,4,short,14
150.0,-0.045176878321179906,0.08102319959815339,-0.20398234953356054,0.11362859289120074,65.0,-0.009384192912639809,0.11107979025699137,-0.2271005818163429,0.20833219599106328,GBP_CAD,14,35,1,short,215
77.0,9.49828527180069e-06,0.11203052749767306,-0.2195703356101674,0.219589332180711,34.0,-0.06838708897679457,0.15858488853584732,-0.37921347050705534,0.2424392925534662,GBP_CAD,14,35,2,short,111
34.0,0.0,0.17407765595569782,-0.3411922056731677,0.3411922056731677,15.0,0.19745096054495517,0.24440644748474621,-0.28158567652514743,0.6764875976150577,GBP_CAD,14,35,3,short,49
17.0,-0.5294117647058824,0.21209125149788172,-0.9451106176417305,-0.11371291177003418,8.0,0.25,0.3659625273556999,-0.46728655361717175,0.9672865536171718,GBP_CAD,14,35,4,short,25
,,,,,,,,,,GBP_CAD,21,20,1,long,0
2.0,-1.0,0.0,-1.0,-1.0,1.0,-1.0,,,,GBP_CAD,21,20,2,long,3
,,,,,,,,,,GBP_CAD,21,20,3,long,0
,,,,,,,,,,GBP_CAD,21,20,4,long,0
3.0,0.3333333333333333,0.6666666666666667,-0.9733333333333336,1.6400000000000001,2.0,1.0,0.0,1.0,1.0,GBP_CAD,21,25,1,long,5
5.0,-0.7890098792274856,0.21099012077251447,-1.2025505159416139,-0.37546924251335717,3.0,-0.3333333333333333,0.6666666666666667,-1.6400000000000001,0.9733333333333336,GBP_CAD,21,25,2,long,8
1.0,1.0,,,,1.0,-0.08617807053551274,,,,GBP_CAD,21,25,3,long,2
2.0,-0.6150550069685403,0.3849449930314596,-1.369547193310201,0.1394371793731205,2.0,0.5129191587043852,0.48708084129561474,-0.4417592902350197,1.46759760764379,GBP_CAD,21,25,4,long,4
24.0,-0.47402057257997704,0.16933647204786859,-0.8059200577937995,-0.14212108736615464,11.0,0.5126683665623566,0.2565319324776257,0.00986577890621032,1.015470954218503,GBP_CAD,21,30,1,long,35
17.0,-0.4673558468316134,0.21256360882075892,-0.8839805201203008,-0.050731173542925945,8.0,0.5081796676982833,0.2662006605120246,-0.013573626905284963,1.0299329623018516,GBP_CAD,21,30,2,long,25
10.0,-0.32699349621767027,0.29820979598856584,-0.9114846963552593,0.2574977039199188,5.0,-0.2594227361193412,0.36847114618073457,-0.9816261826335809,0.46278071039489854,GBP_CAD,21,30,3,long,15
6.0,-0.3791609612129432,0.3262097714699514,-1.018532113294048,0.26021019086816155,3.0,0.00861277246959016,0.5774145072501611,-1.1231196617407255,1.1403452066799058,GBP_CAD,21,30,4,long,9
89.0,-0.27389318811145447,0.10077879109057576,-0.47141961864898296,-0.07636675757392597,39.0,0.08330113014781791,0.15299115577700015,-0.21656153517510235,0.3831637954707382,GBP_CAD,21,35,1,long,128
42.0,-0.267006138656896,0.14639498087429573,-0.5539403011705156,0.019928023856723653,19.0,0.33285871956261576,0.20229822308234918,-0.06364579767878864,0.7293632368040202,GBP_CAD,21,35,2,long,61
30.0,-0.016029019074596536,0.17974966894226357,-0.3683383702014331,0.33628033205224006,14.0,-0.22044129075253663,0.2602524723307866,-0.7305361365208782,0.28965355501580503,GBP_CAD,21,35,3,long,44
9.0,-0.010852736196781941,0.29072072244471586,-0.5806653521884251,0.5589598797948612,5.0,0.005167663481754096,0.44724345131690935,-0.8714295010993882,0.8817648280628965,GBP_CAD,21,35,4,long,14
3.0,-1.0,0.0,-1.0,-1.0,2.0,0.721139652442415,0.278860347557585,0.1745733712295484,1.2677059336552814,GBP_CAD,21,20,1,short,5
0.0,,,,,1.0,-0.05333423634686967,,,,GBP_CAD,21,20,2,short,1
0.0,,,,,1.0,-1.0,,,,GBP_CAD,21,20,3,short,1
0.0,,,,,1.0,1.0,,,,GBP_CAD,21,20,4,short,1
10.0,0.0,0.3333333333333333,-0.6533333333333333,0.6533333333333333,5.0,0.12090067068184965,0.38687271961308783,-0.6373698597598025,0.8791712011235018,GBP_CAD,21,25,1,short,15
3.0,-0.8995367473579642,0.10046325264203583,-1.0964447225363545,-0.702628772179574,2.0,-0.5266671181734348,0.4733328818265651,-1.4543995665535023,0.4010653302066327,GBP_CAD,21,25,2,short,5
3.0,-0.3333333333333333,0.6666666666666667,-1.6400000000000001,0.9733333333333336,2.0,1.0,0.0,1.0,1.0,GBP_CAD,21,25,3,short,5
2.0,0.0,1.0,-1.96,1.96,2.0,0.0,1.0,-1.96,1.96,GBP_CAD,21,25,4,short,4
43.0,0.11627906976744186,0.15325664577635612,-0.18410395595421614,0.4166620954890998,19.0,-0.15206522139074585,0.21113535418221224,-0.5658905155878818,0.26176007280639013,GBP_CAD,21,30,1,short,62
15.0,-0.10635093708405634,0.24872831076072252,-0.5938584261750725,0.3811565520069598,7.0,-0.007619176620981375,0.37804126059138643,-0.7485800473800988,0.7333416941381361,GBP_CAD,21,30,2,short,22
4.0,0.0,0.5773502691896257,-1.1316065276116665,1.1316065276116665,2.0,1.0,0.0,1.0,1.0,GBP_CAD,21,30,3,short,6
4.0,-0.5,0.5,-1.48,0.48,3.0,-0.3333333333333333,0.6666666666666667,-1.6400000000000001,0.9733333333333336,GBP_CAD,21,30,4,short,7
86.0,0.023255813953488372,0.10843589416128399,-0.18927853860262822,0.235790166509605,38.0,0.06323762843485453,0.14375345137385862,-0.21851913625790836,0.3449943931276174,GBP_CAD,21,35,1,short,124
44.0,0.157274120824177,0.1488469488523698,-0.1344658989264678,0.4490141405748218,20.0,-0.17666290838227278,0.1988262408003466,-0.5663623403509521,0.21303652358640657,GBP_CAD,21,35,2,short,64
19.0,0.15789473684210525,0.23274559932318592,-0.29828663783133913,0.6140761115155496,9.0,0.47046445874207066,0.29018215232976025,-0.09829255982425944,1.0392214773084008,GBP_CAD,21,35,3,short,28
9.0,-0.7777777777777778,0.2222222222222222,-1.2133333333333334,-0.34222222222222226,5.0,0.2,0.48989794855663565,-0.7601999791710059,1.1601999791710058,GBP_CAD,21,35,4,short,14
,,,,,,,,,,GBP_CAD,28,20,1,long,0
,,,,,,,,,,GBP_CAD,28,20,2,long,0
,,,,,,,,,,GBP_CAD,28,20,3,long,0
,,,,,,,,,,GBP_CAD,28,20,4,long,0
1.0,1.0,,,,1.0,1.0,,,,GBP_CAD,28,25,1,long,2
2.0,-1.0,0.0,-1.0,-1.0,1.0,-1.0,,,,GBP_CAD,28,25,2,long,3
,,,,,,,,,,GBP_CAD,28,25,3,long,0
,,,,,,,,,,GBP_CAD,28,25,4,long,0
13.0,-0.38461538461538464,0.2664693550105965,-0.9068953204361538,0.1376645512053845,6.0,0.3333333333333333,0.421637021355784,-0.4930752285240034,1.15974189519067,GBP_CAD,28,30,1,long,19
7.0,-0.8492927708767753,0.1507072291232246,-1.1446789399582955,-0.5539066017952552,4.0,0.0,0.5773502691896257,-1.1316065276116665,1.1316065276116665,GBP_CAD,28,30,2,long,11
4.0,-0.5,0.5,-1.48,0.48,2.0,-0.5430890352677564,0.4569109647322436,-1.4386345261429538,0.352456455607441,GBP_CAD,28,30,3,long,6
3.0,-0.7433700046456936,0.2566299953543064,-1.246364795540134,-0.24037521375125304,2.0,0.5129191587043852,0.48708084129561474,-0.4417592902350197,1.46759760764379,GBP_CAD,28,30,4,long,5
53.0,-0.42219799513055567,0.12163301859871647,-0.6605987115840399,-0.18379727867707138,23.0,0.11580845293495391,0.20031288278721465,-0.2768047973279868,0.5084217031978946,GBP_CAD,28,35,1,long,76
26.0,-0.285534315668403,0.1846195606072544,-0.6473886544586216,0.07632002312181563,12.0,0.33878644513218875,0.2560920446687499,-0.163153962418561,0.8407268526829386,GBP_CAD,28,35,2,long,38
18.0,-0.24893725401321648,0.22141776605035793,-0.682916075471918,0.18504156744548506,8.0,-0.1357722588169391,0.34999882167473056,-0.821769949299411,0.5502254316655328,GBP_CAD,28,35,3,long,26
7.0,-0.29966780368157675,0.28692911261756815,-0.8620488644120103,0.26271325704885684,4.0,0.2564595793521926,0.477631443974719,-0.6796980508382566,1.192617209542642,GBP_CAD,28,35,4,long,11
1.0,-1.0,,,,1.0,-1.0,,,,GBP_CAD,28,20,1,short,2
,,,,,,,,,,GBP_CAD,28,20,2,short,0
,,,,,,,,,,GBP_CAD,28,20,3,short,0
,,,,,,,,,,GBP_CAD,28,20,4,short,0
5.0,-0.6,0.4,-1.384,0.18400000000000005,3.0,0.8140931016282766,0.18590689837172336,0.44971558081969887,1.1784706224368544,GBP_CAD,28,25,1,short,8
1.0,-1.0,,,,1.0,-0.05333423634686967,,,,GBP_CAD,28,25,2,short,2
0.0,,,,,1.0,-1.0,,,,GBP_CAD,28,25,3,short,1
1.0,-1.0,,,,1.0,1.0,,,,GBP_CAD,28,25,4,short,2
21.0,0.14285714285714285,0.22131333406899525,-0.29091699191808784,0.5766312776323735,10.0,0.16045033534092484,0.29456279812183783,-0.41689274897787726,0.7377934196597269,GBP_CAD,28,30,1,short,31
7.0,-0.3855157488676989,0.360148762978756,-1.0914073243060605,0.32037582657066277,4.0,-0.7175123416994027,0.2255682275037188,-1.1596260676066916,-0.2753986157921139,GBP_CAD,28,30,2,short,11
3.0,-0.3333333333333333,0.6666666666666667,-1.6400000000000001,0.9733333333333336,2.0,1.0,0.0,1.0,1.0,GBP_CAD,28,30,3,short,5
3.0,-0.3333333333333333,0.6666666666666667,-1.6400000000000001,0.9733333333333336,2.0,0.0,1.0,-1.96,1.96,GBP_CAD,28,30,4,short,5
58.0,0.0,0.13245323570650439,-0.2596083419847486,0.2596083419847486,26.0,-0.04717680674704735,0.17909876423336768,-0.39821038464444797,0.3038567711503533,GBP_CAD,28,35,1,short,84
23.0,0.14353868512722207,0.20858159759790124,-0.26528124616466436,0.5523586164191086,11.0,-0.03233464093982768,0.28481161383048015,-0.5905654040475687,0.5258961221679135,GBP_CAD,28,35,2,short,34
11.0,0.45454545454545453,0.2816715160878121,-0.09753071698665722,1.0066216260775662,5.0,1.0,0.0,1.0,1.0,GBP_CAD,28,35,3,short,16
7.0,-0.7142857142857143,0.28571428571428575,-1.2742857142857145,-0.15428571428571425,4.0,0.0,0.5773502691896257,-1.1316065276116665,1.1316065276116665,GBP_CAD,28,35,4,short,11
65.0,-0.35855934799441336,0.11468237530942031,-0.5833368036008771,-0.13378189238794955,29.0,-0.24814410797161776,0.1766222698917466,-0.5943237569594411,0.09803554101620557,GBP_CHF,7,20,1,long,94
33.0,0.09251530397814224,0.17574072075127598,-0.2519365086943587,0.43696711665064314,15.0,-0.5452429068845351,0.1948536832485147,-0.9271561260516239,-0.16332968771744633,GBP_CHF,7,20,2,long,48
21.0,-0.03250248168163249,0.21315470266717212,-0.4502856989092899,0.3852807355460249,9.0,0.12567085586799667,0.29469158787805244,-0.4519246563729862,0.7032663681089795,GBP_CHF,7,20,3,long,30
8.0,-0.0361295546802978,0.33691037079245917,-0.6964738814335177,0.6242147720729222,4.0,0.0,0.5773502691896257,-1.1316065276116665,1.1316065276116665,GBP_CHF,7,20,4,long,12
123.0,-0.24144905706121883,0.08628611347986526,-0.41056983948175474,-0.07232827464068292,54.0,-0.04076837414252384,0.13229261646509755,-0.300061902414115,0.21852515412906734,GBP_CHF,7,25,1,long,177
58.0,0.03539663847032231,0.13225226814728314,-0.22381780709835264,0.2946110840389973,25.0,-0.13608437484422853,0.18717007234488087,-0.502937716640195,0.23076896695173799,GBP_CHF,7,25,2,long,83
35.0,-0.14445024154755273,0.1601564848426456,-0.45835695183913816,0.16945646874403267,15.0,0.0577970240438049,0.2440032110904933,-0.420449269693562,0.5360433177811718,GBP_CHF,7,25,3,long,50
17.0,0.2771155036798599,0.227368604608634,-0.16852696135306278,0.7227579687127825,8.0,-0.25,0.3659625273556999,-0.9672865536171718,0.46728655361717175,GBP_CHF,7,25,4,long,25
203.0,-0.2296590709469903,0.06756503688238681,-0.3620865432364685,-0.09723159865751216,87.0,-0.06789494137036298,0.10371940932268756,-0.2711849836428306,0.13539510090210463,GBP_CHF,7,30,1,long,290
99.0,-0.1365759489053622,0.09959286790576512,-0.33177797000066184,0.05862607218993743,43.0,-0.09342516100899757,0.14638816548809488,-0.3803459653656635,0.1934956433476684,GBP_CHF,7,30,2,long,142
56.0,-0.06903660113616461,0.12948900195695676,-0.3228350449717998,0.1847618426994706,25.0,-0.017171639473470036,0.1898832394872006,-0.3893427888683832,0.3549995099214431,GBP_CHF,7,30,3,long,81
26.0,-0.026705793628557645,0.19095723348231997,-0.4009819712539048,0.3475703839967895,12.0,-0.2475270896092806,0.2788727943975096,-0.7941177666283994,0.2990635874098382,GBP_CHF,7,30,4,long,38
283.0,-0.17128690137856392,0.05784727614972273,-0.2846675626320205,-0.05790624012510737,122.0,-0.01898000566635212,0.08610492216821432,-0.18774565311605218,0.14978564178334797,GBP_CHF,7,35,1,long,405
144.0,-0.15830556781298621,0.08181848493979955,-0.3186697982949933,0.002058662669020911,63.0,0.05936796481535449,0.11888070281241915,-0.17363821269698704,0.29237414232769604,GBP_CHF,7,35,2,long,207
78.0,-0.1728827875690809,0.10778211422840693,-0.3841357314567585,0.038370156318596665,34.0,0.10153332362488185,0.1616104119897974,-0.21522308387512104,0.41828973112488477,GBP_CHF,7,35,3,long,112
35.0,0.00873283901878575,0.16581326507369146,-0.3162611605256495,0.333726838563221,16.0,-0.39766412167453313,0.22008135348325655,-0.829023574501716,0.03369533115264972,GBP_CHF,7,35,4,long,51
60.0,0.11521814133130058,0.12823336822017217,-0.13611926038023686,0.36655554304283805,27.0,0.2308068498986351,0.17923181511282826,-0.12048750772250832,0.5821012075197785,GBP_CHF,7,20,1,short,87
36.0,0.3046664756971849,0.158513543132646,-0.006020068842801263,0.6153530202371711,16.0,0.4228838533703655,0.2254014721092736,-0.018903031963810768,0.8646707387045418,GBP_CHF,7,20,2,short,52
17.0,-0.17647058823529413,0.24607647839237515,-0.6587804858843495,0.30583930941376114,8.0,0.25,0.3659625273556999,-0.46728655361717175,0.9672865536171718,GBP_CHF,7,20,3,short,25
14.0,0.42857142857142855,0.25058800551629407,-0.0625810622405078,0.9197239193833648,6.0,0.5209177382420325,0.33603671048179,-0.13771421430227593,1.1795496907863408,GBP_CHF,7,20,4,short,20
100.0,0.009130884798780348,0.09999960419447379,-0.18686833942238829,0.205130109019949,43.0,0.12038977758941047,0.14575806325187401,-0.16529602638426258,0.40607558156308354,GBP_CHF,7,25,1,short,143
64.0,0.09375,0.12543327686241973,-0.15209922265034267,0.3395992226503427,28.0,0.13336195639373227,0.18386547103023584,-0.22701436682553,0.49373827961299455,GBP_CHF,7,25,2,short,92
34.0,-0.058823529411764705,0.173776222559058,-0.3994249256275184,0.281777866803989,15.0,0.06666666666666667,0.2666666666666666,-0.45599999999999985,0.5893333333333332,GBP_CHF,7,25,3,short,49
21.0,0.17147296833693204,0.21570367926809086,-0.25130624302852606,0.5942521797023901,9.0,0.6806118254946882,0.23114028180369317,0.22757687315944963,1.1336467778299268,GBP_CHF,7,25,4,short,30
186.0,0.015610874261633415,0.07252161326186723,-0.12653148773162637,0.15775323625489318,80.0,0.0665180621971581,0.10558783772570637,-0.14043409974522642,0.2734702241395426,GBP_CHF,7,30,1,short,266
112.0,-0.024046928408309225,0.09422408456404635,-0.20872613415384006,0.16063227733722163,48.0,-0.06944150047387156,0.13477491714769763,-0.33360033808335887,0.1947173371356158,GBP_CHF,7,30,2,short,160
50.0,-0.16,0.14101671633432072,-0.4363927640152686,0.11639276401526863,22.0,0.17084874576758935,0.20077913469985167,-0.2226783582441199,0.5643758497792986,GBP_CHF,7,30,3,short,72
28.0,0.09289044053841332,0.18869382990129993,-0.27694946606813453,0.4627303471449612,12.0,0.5181452698017911,0.22701230184927185,0.07320115817721828,0.9630893814263639,GBP_CHF,7,30,4,short,40
291.0,0.0390693230729478,0.05760319914391259,-0.07383294724912087,0.15197159339501648,126.0,0.14307120187183256,0.08482359230438914,-0.02318303904477015,0.30932544278843527,GBP_CHF,7,35,1,short,417
154.0,-0.08091591709403519,0.07947972780185199,-0.23669618358566508,0.07486434939759472,67.0,-0.0710738300029419,0.1128129789956849,-0.2921872688344843,0.1500396088286005,GBP_CHF,7,35,2,short,221
80.0,-0.23788234257586724,0.10718812851180813,-0.4479710744590112,-0.02779361069272332,35.0,0.12538739923866488,0.16169510707804757,-0.19153501063430833,0.4423098091116381,GBP_CHF,7,35,3,short,115
33.0,0.08931457948342365,0.1713804183167391,-0.246591040417385,0.4252201993842323,15.0,0.48118288250809965,0.21326492574721911,0.06318362804355021,0.8991821369726491,GBP_CHF,7,35,4,short,48
14.0,-0.2857142857142857,0.26578871697687523,-0.8066601709889611,0.23523159956038975,6.0,-0.3333333333333333,0.421637021355784,-1.15974189519067,0.4930752285240034,GBP_CHF,14,20,1,long,20
2.0,0.0,1.0,-1.96,1.96,1.0,1.0,,,,GBP_CHF,14,20,2,long,3
3.0,-1.0,0.0,-1.0,-1.0,2.0,0.0,1.0,-1.96,1.96,GBP_CHF,14,20,3,long,5
0.0,,,,,1.0,-1.0,,,,GBP_CHF,14,20,4,long,1
35.0,-0.4645364397599723,0.14926759870632308,-0.7571009332243654,-0.17197194629557905,16.0,-0.25,0.25,-0.74,0.24,GBP_CHF,14,25,1,long,51
11.0,-0.3249112702645047,0.286359832548014,-0.8861765420586122,0.23635400152960273,5.0,-0.023480740202382177,0.44782959388639304,-0.9012267442197126,0.8542652638149482,GBP_CHF,14,25,2,long,16
14.0,-0.2857142857142857,0.26578871697687523,-0.8066601709889611,0.23523159956038975,6.0,-0.3146576811491877,0.3055413856071126,-0.9135187969391283,0.2842034346407529,GBP_CHF,14,25,3,long,20
0.0,,,,,1.0,-1.0,,,,GBP_CHF,14,25,4,long,1
81.0,-0.32988139781011816,0.10350798679891551,-0.5327570519359925,-0.12700574368424375,36.0,-0.24846875942339672,0.1597470130971203,-0.5615729050937525,0.06463538624695905,GBP_CHF,14,30,1,long,117
38.0,-0.05123670970319229,0.16395937171259226,-0.3725970782598731,0.27012365885348855,17.0,-0.5530652571238656,0.17450113221268132,-0.8950874762607209,-0.21104303798701018,GBP_CHF,14,30,2,long,55
24.0,-0.15343967147142842,0.1975383126657973,-0.5406147642963911,0.23373542135353428,11.0,-0.07899657247163909,0.2751230953360984,-0.6182378393303919,0.46024469438711374,GBP_CHF,14,30,3,long,35
10.0,0.37109635625576176,0.2786833963592383,-0.17512310060834524,0.9173158131198688,5.0,-0.6,0.4,-1.384,0.18400000000000005,GBP_CHF,14,30,4,long,15
151.0,-0.2613632595726897,0.07776983123084966,-0.41379212878515503,-0.10893439036022437,66.0,-0.2079980435214876,0.1162776083895012,-0.43590215596490994,0.01990606892193475,GBP_CHF,14,35,1,long,217
75.0,-0.03929326624961742,0.11607779498594992,-0.26680574442207927,0.1882192119228444,33.0,-0.10678343890828298,0.16536690074399038,-0.4309025643665041,0.21733568654993815,GBP_CHF,14,35,2,long,108
42.0,-0.09656567748010343,0.14828143861562987,-0.38719729716673795,0.19406594220653112,19.0,0.12704229900102249,0.22260616272795478,-0.30926577994576887,0.5633503779478138,GBP_CHF,14,35,3,long,61
16.0,0.15326711794797582,0.24936712346435808,-0.335492444042166,0.6420266799381176,8.0,-0.3426637905762494,0.33078835921543753,-0.991008974638507,0.3056813934860082,GBP_CHF,14,35,4,long,24
7.0,0.42857142857142855,0.36885555678165877,-0.29438546272062266,1.1515283198634798,3.0,-0.3333333333333333,0.6666666666666667,-1.6400000000000001,0.9733333333333336,GBP_CHF,14,20,1,short,10
7.0,-0.42857142857142855,0.36885555678165877,-1.1515283198634798,0.29438546272062266,3.0,1.0,0.0,1.0,1.0,GBP_CHF,14,20,2,short,10
3.0,0.3333333333333333,0.6666666666666667,-0.9733333333333336,1.6400000000000001,2.0,0.0,1.0,-1.96,1.96,GBP_CHF,14,20,3,short,5
2.0,0.0,1.0,-1.96,1.96,1.0,1.0,,,,GBP_CHF,14,20,4,short,3
24.0,0.6666666666666666,0.1554174680400523,0.3620484293081641,0.9712849040251692,11.0,0.2727272727272727,0.30424000964875475,-0.32358314618428663,0.869037691638832,GBP_CHF,14,25,1,short,35
16.0,0.0,0.2581988897471611,-0.5060698239044358,0.5060698239044358,8.0,0.595767706740731,0.2743556230667618,0.05803068552987789,1.1335047279515842,GBP_CHF,14,25,2,short,24
10.0,0.0,0.3333333333333333,-0.6533333333333333,0.6533333333333333,5.0,-0.2,0.48989794855663565,-1.1601999791710058,0.7601999791710059,GBP_CHF,14,25,3,short,15
2.0,0.0,1.0,-1.96,1.96,2.0,1.0,0.0,1.0,1.0,GBP_CHF,14,25,4,short,4
70.0,0.08571428571428572,0.11994280407606901,-0.14937361027480955,0.320802181703381,30.0,0.33922534787815495,0.1609605856716022,0.023742599961814603,0.6547080957944953,GBP_CHF,14,30,1,short,100
42.0,-0.09523809523809523,0.15546387747761883,-0.39994729509422816,0.2094711046180377,19.0,0.45969130415918447,0.1952709046307582,0.0769603310828984,0.8424222772354706,GBP_CHF,14,30,2,short,61
24.0,-0.25,0.2018932132718121,-0.6457106980127516,0.14571069801275166,11.0,0.2727272727272727,0.30424000964875475,-0.32358314618428663,0.869037691638832,GBP_CHF,14,30,3,short,35
14.0,0.18578088107682664,0.26391027758945734,-0.3314832629985097,0.703045025152163,6.0,0.6666666666666666,0.33333333333333337,0.013333333333333197,1.32,GBP_CHF,14,30,4,short,20
147.0,0.006802721088435374,0.08275867388160843,-0.15540427971951715,0.1690097218963879,63.0,0.24644947616713017,0.1154094786680952,0.020246897977663575,0.47265205435659674,GBP_CHF,14,35,1,short,210
80.0,-0.025,0.11247362560038776,-0.24544830617676,0.19544830617676,35.0,0.20419985934291612,0.15686801310533846,-0.10326144634354728,0.5116611650293795,GBP_CHF,14,35,2,short,115
42.0,-0.23809523809523808,0.1516824875011801,-0.535392913597551,0.059202437407074926,18.0,0.2222222222222222,0.23647127470752347,-0.24126147620452376,0.6857059206489682,GBP_CHF,14,35,3,short,60
21.0,0.17147296833693204,0.21570367926809086,-0.25130624302852606,0.5942521797023901,9.0,0.6806118254946882,0.23114028180369317,0.22757687315944963,1.1336467778299268,GBP_CHF,14,35,4,short,30
3.0,-1.0,0.0,-1.0,-1.0,2.0,0.0,1.0,-1.96,1.96,GBP_CHF,21,20,1,long,5
1.0,-1.0,,,,1.0,1.0,,,,GBP_CHF,21,20,2,long,2
1.0,-1.0,,,,1.0,-1.0,,,,GBP_CHF,21,20,3,long,2
,,,,,,,,,,GBP_CHF,21,20,4,long,0
17.0,-0.17647058823529413,0.24607647839237515,-0.6587804858843495,0.30583930941376114,8.0,-0.25,0.3659625273556999,-0.9672865536171718,0.46728655361717175,GBP_CHF,21,25,1,long,25
3.0,-0.3333333333333333,0.6666666666666667,-1.6400000000000001,0.9733333333333336,2.0,0.0,1.0,-1.96,1.96,GBP_CHF,21,25,2,long,5
4.0,-0.5,0.5,-1.48,0.48,3.0,-1.0,0.0,-1.0,-1.0,GBP_CHF,21,25,3,long,7
0.0,,,,,1.0,-1.0,,,,GBP_CHF,21,25,4,long,1
35.0,-0.350250725474258,0.15817584016180808,-0.6602753721914019,-0.0402260787571142,16.0,-0.14189796348251688,0.2517455990627819,-0.6353193376455694,0.3515234106805356,GBP_CHF,21,30,1,long,51
14.0,-0.2857142857142857,0.26578871697687523,-0.8066601709889611,0.23523159956038975,7.0,-0.2248605675585075,0.37249223870970416,-0.9549453554295276,0.5052242203125127,GBP_CHF,21,30,2,long,21
14.0,-0.42857142857142855,0.25058800551629407,-0.9197239193833648,0.0625810622405078,6.0,-0.3146576811491877,0.3055413856071126,-0.9135187969391283,0.2842034346407529,GBP_CHF,21,30,3,long,20
1.0,-1.0,,,,1.0,1.0,,,,GBP_CHF,21,30,4,long,2
99.0,-0.32745727239836675,0.0939784572583872,-0.5116550486248057,-0.14325949617192785,43.0,-0.1911887308039507,0.14837132755469268,-0.48199653281114835,0.09961907120324692,GBP_CHF,21,35,1,long,142
51.0,-0.17543127389649618,0.13908273281399763,-0.44803343021193154,0.0971708824189392,22.0,-0.018277698686623354,0.19997405612003255,-0.4102268486818872,0.37367145130864043,GBP_CHF,21,35,2,long,73
33.0,-0.20250157925194795,0.16785079372029538,-0.531489134943727,0.126485976439831,15.0,0.06852774264495502,0.24233410477652081,-0.4064471027170258,0.5435025880069358,GBP_CHF,21,35,3,long,48
12.0,0.14258029687980148,0.27692815157972417,-0.4001988802164579,0.6853594739760608,6.0,-0.3333333333333333,0.421637021355784,-1.15974189519067,0.4930752285240034,GBP_CHF,21,35,4,long,18
0.0,,,,,1.0,-1.0,,,,GBP_CHF,21,20,1,short,1
1.0,-1.0,,,,1.0,1.0,,,,GBP_CHF,21,20,2,short,2
,,,,,,,,,,GBP_CHF,21,20,3,short,0
1.0,-1.0,,,,1.0,1.0,,,,GBP_CHF,21,20,4,short,2
9.0,0.1111111111111111,0.35136418446315326,-0.5775626904366693,0.7997849126588914,4.0,0.0,0.5773502691896257,-1.1316065276116665,1.1316065276116665,GBP_CHF,21,25,1,short,13
7.0,-0.14285714285714285,0.40406101782088427,-0.9348167377860761,0.6491024520717903,3.0,1.0,0.0,1.0,1.0,GBP_CHF,21,25,2,short,10
2.0,1.0,0.0,1.0,1.0,2.0,0.0,1.0,-1.96,1.96,GBP_CHF,21,25,3,short,4
2.0,0.0,1.0,-1.96,1.96,2.0,1.0,0.0,1.0,1.0,GBP_CHF,21,25,4,short,4
27.0,0.25925925925925924,0.18941048590991066,-0.11198529312416566,0.6305038116426842,12.0,0.6666666666666666,0.22473328748774735,0.22618942319068186,1.1071439101426515,GBP_CHF,21,30,1,short,39
21.0,-0.14285714285714285,0.2213133340689953,-0.5766312776323737,0.29091699191808795,9.0,0.8629046282139831,0.13709537178601686,0.59419769951339,1.1316115569145762,GBP_CHF,21,30,2,short,30
10.0,0.0,0.3333333333333333,-0.6533333333333333,0.6533333333333333,5.0,0.2,0.48989794855663565,-0.7601999791710059,1.1601999791710058,GBP_CHF,21,30,3,short,15
3.0,-0.13302255497480905,0.5924764412745535,-1.2942763798729338,1.0282312699233158,2.0,1.0,0.0,1.0,1.0,GBP_CHF,21,30,4,short,5
91.0,0.054945054945054944,0.10525002195497712,-0.15134498808670022,0.2612350979768101,39.0,0.49171180606011927,0.13133541603960974,0.2342943906224842,0.7491292214977543,GBP_CHF,21,35,1,short,130
49.0,-0.061224489795918366,0.144066793092159,-0.34359540425655,0.22114642466471324,21.0,0.3206730847154526,0.20057214824447828,-0.07244832584372485,0.71379449527463,GBP_CHF,21,35,2,short,70
26.0,-0.3076923076923077,0.1902971827208151,-0.6806747858251053,0.0652901704404899,12.0,0.3333333333333333,0.2842676218074806,-0.22383120540932872,0.8904978720759953,GBP_CHF,21,35,3,short,38
11.0,0.3273574850068703,0.2857281423804163,-0.23266967405874556,0.8873846440724862,6.0,0.3333333333333333,0.421637021355784,-0.4930752285240034,1.15974189519067,GBP_CHF,21,35,4,short,17
,,,,,,,,,,GBP_CHF,28,20,1,long,0
,,,,,,,,,,GBP_CHF,28,20,2,long,0
,,,,,,,,,,GBP_CHF,28,20,3,long,0
,,,,,,,,,,GBP_CHF,28,20,4,long,0
4.0,-1.0,0.0,-1.0,-1.0,2.0,0.0,1.0,-1.96,1.96,GBP_CHF,28,25,1,long,6
2.0,-1.0,0.0,-1.0,-1.0,2.0,0.0,1.0,-1.96,1.96,GBP_CHF,28,25,2,long,4
2.0,-1.0,0.0,-1.0,-1.0,1.0,-1.0,,,,GBP_CHF,28,25,3,long,3
,,,,,,,,,,GBP_CHF,28,25,4,long,0
25.0,-0.44,0.1833030277982336,-0.7992739344845379,-0.08072606551546213,12.0,0.0,0.30151134457776363,-0.5909622353724167,0.5909622353724167,GBP_CHF,28,30,1,long,37
8.0,0.0,0.3779644730092272,-0.7408103670980853,0.7408103670980853,4.0,-0.5,0.5,-1.48,0.48,GBP_CHF,28,30,2,long,12
5.0,-0.6,0.4000000000000001,-1.3840000000000001,0.18400000000000016,3.0,-0.3333333333333333,0.6666666666666667,-1.6400000000000001,0.9733333333333336,GBP_CHF,28,30,3,long,8
0.0,,,,,1.0,-1.0,,,,GBP_CHF,28,30,4,long,1
62.0,-0.24868177366835978,0.12110558324869566,-0.4860487168358033,-0.011314830500916279,28.0,-0.15251312199000963,0.1885655845705334,-0.5221016677482551,0.21707542376823583,GBP_CHF,28,35,1,long,90
32.0,-0.375,0.16649857114566596,-0.7013371994455053,-0.048662800554494734,14.0,0.16489802329132405,0.25478454797574923,-0.3344796907411445,0.6642757373237925,GBP_CHF,28,35,2,long,46
23.0,-0.2611435907483503,0.20094407761311697,-0.6549939828700595,0.13270680137335894,11.0,-0.1710584999711881,0.287193505406699,-0.7339577705683182,0.39184077062594197,GBP_CHF,28,35,3,long,34
7.0,-0.07824658754748384,0.38597884828053586,-0.8347651301773341,0.6782719550823665,3.0,-0.3333333333333333,0.6666666666666667,-1.6400000000000001,0.9733333333333336,GBP_CHF,28,35,4,long,10
,,,,,,,,,,GBP_CHF,28,20,1,short,0
,,,,,,,,,,GBP_CHF,28,20,2,short,0
,,,,,,,,,,GBP_CHF,28,20,3,short,0
,,,,,,,,,,GBP_CHF,28,20,4,short,0
1.0,1.0,,,,1.0,-1.0,,,,GBP_CHF,28,25,1,short,2
3.0,-0.3333333333333333,0.6666666666666667,-1.6400000000000001,0.9733333333333336,2.0,1.0,0.0,1.0,1.0,GBP_CHF,28,25,2,short,5
0.0,,,,,1.0,1.0,,,,GBP_CHF,28,25,3,short,1
2.0,0.0,1.0,-1.96,1.96,2.0,1.0,0.0,1.0,1.0,GBP_CHF,28,25,4,short,4
13.0,0.07692307692307693,0.2878197989826109,-0.48720372908284043,0.6410498829289943,6.0,0.3333333333333333,0.421637021355784,-0.4930752285240034,1.15974189519067,GBP_CHF,28,30,1,short,19
8.0,0.0,0.3779644730092272,-0.7408103670980853,0.7408103670980853,4.0,1.0,0.0,1.0,1.0,GBP_CHF,28,30,2,short,12
4.0,1.0,0.0,1.0,1.0,2.0,0.0,1.0,-1.96,1.96,GBP_CHF,28,30,3,short,6
2.0,0.0,1.0,-1.96,1.96,2.0,1.0,0.0,1.0,1.0,GBP_CHF,28,30,4,short,4
54.0,0.1111111111111111,0.13651002596310027,-0.15644853977656542,0.37867076199878763,24.0,0.4196766639230544,0.1778911965942988,0.07100991859822875,0.76834340924788,GBP_CHF,28,35,1,short,78
31.0,-0.0967741935483871,0.18171724881099016,-0.45294000121792777,0.25939161412115364,14.0,0.6952953413588931,0.17044891603738524,0.3612154659256181,1.0293752167921681,GBP_CHF,28,35,2,short,45
17.0,0.058823529411764705,0.2495670992423109,-0.43032798510316467,0.547975043926694,8.0,0.25,0.3659625273556999,-0.46728655361717175,0.9672865536171718,GBP_CHF,28,35,3,short,25
6.0,0.10015538917926214,0.41227290271123157,-0.7078995001347517,0.908210278493276,3.0,1.0,0.0,1.0,1.0,GBP_CHF,28,35,4,short,9
41.0,0.024390243902438755,0.15806684630263074,-0.2854207748507175,0.334201262655595,18.0,0.08300598705192302,0.23008225561948548,-0.3679552339622685,0.5339672080661145,GBP_NZD,7,20,1,long,59
22.0,0.0,0.21821789023599236,-0.427707064862545,0.427707064862545,10.0,0.0,0.3333333333333333,-0.6533333333333333,0.6533333333333333,GBP_NZD,7,20,2,long,32
12.0,-0.21224593749644116,0.28424105638911407,-0.7693584080191047,0.3448665330262224,6.0,0.0,0.4472135954999579,-0.8765386471799175,0.8765386471799175,GBP_NZD,7,20,3,long,18
7.0,-0.14285714285714285,0.40406101782088427,-0.9348167377860761,0.6491024520717903,3.0,0.3333333333333333,0.6666666666666667,-0.9733333333333336,1.6400000000000001,GBP_NZD,7,20,4,long,10
89.0,0.09518940515642131,0.10490097980113956,-0.11041651525381223,0.30079532556665484,39.0,0.24186299102015474,0.14713090224843836,-0.046513577386784466,0.5302395594270939,GBP_NZD,7,25,1,long,128
49.0,-0.008214805487908783,0.143093138530505,-0.2886773570076986,0.27224774603188107,21.0,0.0801121943572346,0.2180329836427084,-0.34723245358247384,0.507456842296943,GBP_NZD,7,25,2,long,70
26.0,-0.17488274038297286,0.19378842497359347,-0.5547080533312161,0.20494257256527032,12.0,0.2015162376021753,0.27572669567723707,-0.3389080859252094,0.74194056112956,GBP_NZD,7,25,3,long,38
15.0,-0.2,0.26186146828319085,-0.7132484778350541,0.313248477835054,7.0,0.28151667312365,0.36009595007360573,-0.4242713890206173,0.9873047352679172,GBP_NZD,7,25,4,long,22
175.0,0.10918314101314097,0.07437124795306548,-0.03658450497486734,0.25495078700114926,75.0,0.3292623673910292,0.10198275742264995,0.1293761628426353,0.5291485719394231,GBP_NZD,7,30,1,long,250
83.0,0.05537631231927107,0.10903060806494151,-0.1583236794880143,0.2690763041265564,36.0,0.04393092756799767,0.15925088512726931,-0.2682008072814502,0.3560626624174455,GBP_NZD,7,30,2,long,119
43.0,0.010536017442853629,0.15286210000207537,-0.28907369856121407,0.31014573344692137,19.0,0.23439211742092117,0.21275155495297124,-0.18260093028690247,0.6513851651287448,GBP_NZD,7,30,3,long,62
27.0,-0.037037037037037035,0.19598157859737708,-0.4211609310878961,0.347086857013822,12.0,0.24755139265546341,0.2788705993167541,-0.2990349820053746,0.7941377673163015,GBP_NZD,7,30,4,long,39
263.0,0.10914036970639124,0.06080124708531107,-0.010030074580818463,0.22831081399360093,113.0,0.2544574470195333,0.08518506255500506,0.0874947244117234,0.42142016962734324,GBP_NZD,7,35,1,long,376
128.0,-0.016199008169100484,0.08745728627106539,-0.18761528926038862,0.15521727292218768,56.0,0.07960952686374627,0.12787583260403626,-0.17102710504016477,0.33024615876765734,GBP_NZD,7,35,2,long,184
58.0,0.05953532327659838,0.13130605828604003,-0.19782455096404006,0.3168951975172368,26.0,0.2986640885624397,0.17836120318122461,-0.050923869672760524,0.6482520467976399,GBP_NZD,7,35,3,long,84
39.0,0.025641025641025925,0.16216808513684,-0.29220842122718044,0.3434904725092323,17.0,0.029306041309238553,0.23646786581468762,-0.4341709756875492,0.49278305830602626,GBP_NZD,7,35,4,long,56
57.0,0.12771618089998707,0.13196617152167425,-0.13093751528249445,0.3863698770824686,25.0,-0.14552884946905423,0.1900648814294759,-0.5180560170708269,0.2269983181327185,GBP_NZD,7,20,1,short,82
30.0,-0.17470945100779112,0.17895173531951836,-0.5254548522340471,0.17603595021846485,13.0,0.007109670217946182,0.27744120878788875,-0.5366750990063157,0.5508944394422081,GBP_NZD,7,20,2,short,43
15.0,-0.2,0.26186146828319085,-0.7132484778350541,0.313248477835054,7.0,-0.21550980821497728,0.3753218752690054,-0.9511406837422278,0.5201210673122734,GBP_NZD,7,20,3,short,22
9.0,0.24145433959369184,0.3228617273360945,-0.3913546459850534,0.874263325172437,4.0,0.0,0.5773502691896257,-1.1316065276116665,1.1316065276116665,GBP_NZD,7,20,4,short,13
115.0,0.06330280270695011,0.09327412694455194,-0.11951448610437167,0.2461200915182719,50.0,-0.13162832486546658,0.1324086823134234,-0.3911493421997765,0.1278926924688433,GBP_NZD,7,25,1,short,165
60.0,-0.04335603987324731,0.12777232277330297,-0.2937897925089211,0.20707771276242648,26.0,-0.1887528571987192,0.19248266193158628,-0.5660188745846283,0.1885131601871899,GBP_NZD,7,25,2,short,86
28.0,0.0,0.19245008972987526,-0.3772021758705555,0.3772021758705555,13.0,-0.2698898967311416,0.26907459564954234,-0.7972761042042446,0.25749631074196133,GBP_NZD,7,25,3,short,41
13.0,-0.07692307692307693,0.2878197989826109,-0.6410498829289943,0.48720372908284043,6.0,0.1955148427238711,0.4000251450044005,-0.5885344414847539,0.9795641269324961,GBP_NZD,7,25,4,short,19
186.0,0.07677323823279174,0.07320899362870471,-0.0667163892794695,0.220262865745053,81.0,-0.11828908942312752,0.10663661954901171,-0.3272968637391905,0.09071868489293544,GBP_NZD,7,30,1,short,267
94.0,-0.1917798261245951,0.10012012395252494,-0.388015269071544,0.004455616822353792,41.0,-0.0748376180645624,0.15382275484091665,-0.376330217552759,0.22665498142363422,GBP_NZD,7,30,2,short,135
46.0,-0.1296324651671209,0.14603194210202586,-0.41585507168709157,0.15659014135284977,20.0,-0.25950334837366235,0.21148664468594158,-0.6740171719581078,0.15501047521078315,GBP_NZD,7,30,3,short,66
23.0,-0.07943091059377276,0.20796799038053856,-0.48704817173962833,0.3281863505520828,10.0,0.2,0.32659863237109044,-0.4401333194473372,0.8401333194473373,GBP_NZD,7,30,4,short,33
277.0,0.04004194982996681,0.059891656826890724,-0.077345697550739,0.15742959721067262,120.0,-0.03716416367198803,0.08751298436378918,-0.20868961302501482,0.13436128568103878,GBP_NZD,7,35,1,short,397
131.0,-0.15604565918445418,0.08535425785637918,-0.32334000458295736,0.011248686214049008,57.0,-0.1012014164615733,0.12951196159040276,-0.35504486117876266,0.1526420282556161,GBP_NZD,7,35,2,short,188
66.0,0.030862221247157973,0.12295277035046907,-0.2101252086397614,0.27184965113407733,29.0,-0.24344565858585257,0.17420182997924633,-0.5848812453451754,0.09798992817347021,GBP_NZD,7,35,3,short,95
36.0,-0.1111111111111111,0.16798421022632323,-0.4403601631547046,0.2181379409324824,16.0,0.19831806602145166,0.24495474868209474,-0.28179324139545403,0.6784293734383573,GBP_NZD,7,35,4,short,52
3.0,-0.3333333333333333,0.6666666666666667,-1.6400000000000001,0.9733333333333336,2.0,0.0,1.0,-1.96,1.96,GBP_NZD,14,20,1,long,5
2.0,0.0,1.0,-1.96,1.96,1.0,-1.0,,,,GBP_NZD,14,20,2,long,3
,,,,,,,,,,GBP_NZD,14,20,3,long,0
0.0,,,,,1.0,1.0,,,,GBP_NZD,14,20,4,long,1
13.0,0.07692307692307693,0.28781979898261095,-0.48720372908284054,0.6410498829289943,6.0,0.3333333333333333,0.421637021355784,-0.4930752285240034,1.15974189519067,GBP_NZD,14,25,1,long,19
7.0,0.42857142857142855,0.36885555678165877,-0.29438546272062266,1.1515283198634798,3.0,-0.3333333333333333,0.6666666666666667,-1.6400000000000001,0.9733333333333336,GBP_NZD,14,25,2,long,10
4.0,-0.13673781248932343,0.5107563225630689,-1.1378202047129384,0.8643445797342915,3.0,0.3333333333333333,0.6666666666666667,-0.9733333333333336,1.6400000000000001,GBP_NZD,14,25,3,long,7
2.0,0.0,1.0,-1.96,1.96,2.0,1.0,0.0,1.0,1.0,GBP_NZD,14,25,4,long,4
47.0,-0.06382978723404278,0.14714129251236693,-0.35222672055828197,0.22456714609019637,21.0,-0.007475210881562037,0.21834588706172472,-0.43543314952254253,0.4204827277594184,GBP_NZD,14,30,1,long,68
25.0,0.2,0.2,-0.192,0.5920000000000001,12.0,-0.11687712240896088,0.2886502498858295,-0.6826316121851866,0.4488773673672649,GBP_NZD,14,30,2,long,37
9.0,0.05033875000474514,0.33711289038414316,-0.6104025151481753,0.7110800151576657,5.0,0.2,0.48989794855663565,-0.7601999791710059,1.1601999791710058,GBP_NZD,14,30,3,long,14
11.0,0.09090909090909091,0.3149183286488867,-0.526330833242727,0.7081490150609089,6.0,-0.3333333333333333,0.421637021355784,-1.15974189519067,0.4930752285240034,GBP_NZD,14,30,4,long,17
133.0,-0.021751506185716755,0.08553528678497031,-0.18940066828425856,0.14589765591282505,58.0,0.18650881238119513,0.12027023710758335,-0.04922085234966822,0.4222384771120585,GBP_NZD,14,35,1,long,191
67.0,0.04539530660237542,0.12144641566365531,-0.19263966809838898,0.2834302813031398,30.0,0.06702012644721389,0.17867993736254828,-0.28319255078338074,0.4172328036778085,GBP_NZD,14,35,2,long,97
32.0,-0.14209222656116544,0.1755152746510411,-0.486102164877206,0.2019177117548751,14.0,-0.11298608205527831,0.260429815643724,-0.6234285207169774,0.3974563566064208,GBP_NZD,14,35,3,long,46
20.0,0.1,0.22826577307580465,-0.3474009152285771,0.5474009152285771,9.0,-0.003264809792716693,0.33334932142437873,-0.656629479784499,0.6500998601990656,GBP_NZD,14,35,4,long,29
7.0,-0.14285714285714285,0.40406101782088427,-0.9348167377860761,0.6491024520717903,3.0,0.3333333333333333,0.6666666666666667,-0.9733333333333336,1.6400000000000001,GBP_NZD,14,20,1,short,10
4.0,-0.5,0.5,-1.48,0.48,3.0,0.3333333333333333,0.6666666666666667,-0.9733333333333336,1.6400000000000001,GBP_NZD,14,20,2,short,7
2.0,1.0,0.0,1.0,1.0,1.0,-1.0,,,,GBP_NZD,14,20,3,short,3
,,,,,,,,,,GBP_NZD,14,20,4,short,0
28.0,0.11726709396909858,0.18421634905794623,-0.24379695018447606,0.4783311381226732,12.0,0.14459271707619828,0.29244924314763293,-0.4286077994931623,0.7177932336455588,GBP_NZD,14,25,1,short,40
15.0,-0.19999999999999926,0.26186146828319107,-0.7132484778350537,0.31324847783505516,7.0,-0.14285714285714285,0.40406101782088427,-0.9348167377860761,0.6491024520717903,GBP_NZD,14,25,2,short,22
6.0,-0.3333333333333333,0.421637021355784,-1.15974189519067,0.4930752285240034,3.0,-1.0,0.0,-1.0,-1.0,GBP_NZD,14,25,3,short,9
4.0,0.29327226408580664,0.47310370056836093,-0.6340109890281808,1.2205555171997942,2.0,0.0,1.0,-1.96,1.96,GBP_NZD,14,25,4,short,6
68.0,0.12176209281322461,0.12082399948762439,-0.11505294618251918,0.35857713180896844,30.0,-0.04204103584167044,0.1794279434653109,-0.3937198050336798,0.3096377333503389,GBP_NZD,14,30,1,short,98
31.0,-0.21532839272531462,0.17664286444412466,-0.561548407035799,0.1308916215851697,14.0,0.14285714285714285,0.2745054065230065,-0.39517345392794984,0.6808877396422355,GBP_NZD,14,30,2,short,45
16.0,-0.25,0.25,-0.74,0.24,7.0,-0.21550980821497728,0.3753218752690054,-0.9511406837422278,0.5201210673122734,GBP_NZD,14,30,3,short,23
7.0,0.3104412937633181,0.35708286497646746,-0.3894411215905581,1.0103237091171944,4.0,0.0,0.5773502691896257,-1.1316065276116665,1.1316065276116665,GBP_NZD,14,30,4,short,11
148.0,0.12351231291418421,0.08171180414067788,-0.03664282320154444,0.28366744902991287,64.0,-0.015732435045835422,0.120110307382384,-0.2511486375153081,0.2196837674236372,GBP_NZD,14,35,1,short,212
65.0,-0.21026499682385913,0.12018018149384471,-0.4458181525517948,0.025288158904076513,29.0,-0.17477042553955374,0.1794511079995413,-0.5264945972186548,0.17695374613954723,GBP_NZD,14,35,2,short,94
39.0,-0.06815934632852234,0.16065836246212042,-0.38304973675427834,0.24673104409723368,17.0,0.028907726029127005,0.24425229996038886,-0.44982678189323516,0.5076422339514892,GBP_NZD,14,35,3,short,56
16.0,-0.17668193397854834,0.24605635981006624,-0.6589523992062781,0.3055885312491815,7.0,0.14285714285714285,0.40406101782088427,-0.6491024520717903,0.9348167377860761,GBP_NZD,14,35,4,short,23
,,,,,,,,,,GBP_NZD,21,20,1,long,0
,,,,,,,,,,GBP_NZD,21,20,2,long,0
,,,,,,,,,,GBP_NZD,21,20,3,long,0
,,,,,,,,,,GBP_NZD,21,20,4,long,0
2.0,-1.0,0.0,-1.0,-1.0,2.0,0.0,1.0,-1.96,1.96,GBP_NZD,21,25,1,long,4
0.0,,,,,1.0,-1.0,,,,GBP_NZD,21,25,2,long,1
,,,,,,,,,,GBP_NZD,21,25,3,long,0
0.0,,,,,1.0,1.0,,,,GBP_NZD,21,25,4,long,1
20.0,-0.3,0.21884866196096617,-0.7289433774434937,0.1289433774434937,9.0,0.3333333333333333,0.3333333333333333,-0.32,0.9866666666666666,GBP_NZD,21,30,1,long,29
7.0,0.42857142857142855,0.36885555678165877,-0.29438546272062266,1.1515283198634798,4.0,0.0,0.5773502691896257,-1.1316065276116665,1.1316065276116665,GBP_NZD,21,30,2,long,11
6.0,-0.091158541659549,0.41454368051349694,-0.903664155466003,0.7213470721469051,3.0,1.0,0.0,1.0,1.0,GBP_NZD,21,30,3,long,9
4.0,0.0,0.5773502691896257,-1.1316065276116665,1.1316065276116665,3.0,0.3333333333333333,0.6666666666666667,-0.9733333333333336,1.6400000000000001,GBP_NZD,21,30,4,long,7
65.0,-0.06395352966942758,0.12380077535810971,-0.3066030493713226,0.17869599003246744,28.0,-0.16605092959407444,0.18669664085897048,-0.5319763456776566,0.1998744864895077,GBP_NZD,21,35,1,long,93
34.0,0.11764705882352941,0.1728687687191937,-0.22117572786609027,0.45646984551314906,15.0,-0.06390096384272319,0.2516414922780579,-0.5571182887077166,0.4293163610222702,GBP_NZD,21,35,2,long,49
14.0,-0.3247822321398067,0.2538547238944635,-0.8223374909729552,0.1727730266933417,7.0,-0.14285714285714285,0.40406101782088427,-0.9348167377860761,0.6491024520717903,GBP_NZD,21,35,3,long,21
11.0,0.09090909090909091,0.3149183286488867,-0.526330833242727,0.7081490150609089,5.0,-0.2,0.48989794855663565,-1.1601999791710058,0.7601999791710059,GBP_NZD,21,35,4,long,16
0.0,,,,,1.0,1.0,,,,GBP_NZD,21,20,1,short,1
0.0,,,,,1.0,1.0,,,,GBP_NZD,21,20,2,short,1
0.0,,,,,1.0,-1.0,,,,GBP_NZD,21,20,3,short,1
,,,,,,,,,,GBP_NZD,21,20,4,short,0
9.0,0.5555555555555567,0.29397236789606584,-0.020630285520732317,1.1317413966318457,4.0,0.5,0.5,-0.48,1.48,GBP_NZD,21,25,1,short,13
5.0,0.2,0.48989794855663565,-0.7601999791710059,1.1601999791710058,3.0,0.3333333333333333,0.6666666666666667,-0.9733333333333336,1.6400000000000001,GBP_NZD,21,25,2,short,8
2.0,1.0,0.0,1.0,1.0,1.0,-1.0,,,,GBP_NZD,21,25,3,short,3
,,,,,,,,,,GBP_NZD,21,25,4,short,0
34.0,0.029958565766151492,0.16768923498180244,-0.2987123347981813,0.35862946633048426,15.0,0.06666666666666667,0.2666666666666666,-0.45599999999999985,0.5893333333333332,GBP_NZD,21,30,1,short,49
16.0,-0.2499999999999993,0.2500000000000002,-0.7399999999999998,0.24000000000000113,8.0,0.0,0.3779644730092272,-0.7408103670980853,0.7408103670980853,GBP_NZD,21,30,2,short,24
8.0,0.25,0.3659625273556999,-0.46728655361717175,0.9672865536171718,4.0,-1.0,0.0,-1.0,-1.0,GBP_NZD,21,30,3,short,12
4.0,0.29327226408580664,0.47310370056836093,-0.6340109890281808,1.2205555171997942,2.0,0.0,1.0,-1.96,1.96,GBP_NZD,21,30,4,short,6
77.0,0.09454314689999056,0.11383334837310088,-0.12857021591128714,0.3176565097112683,33.0,0.04369041410482091,0.16993029336471235,-0.2893729608900153,0.37675378909965707,GBP_NZD,21,35,1,short,110
39.0,-0.23076923076923078,0.157842823397716,-0.5401411646287542,0.07860270309029255,18.0,0.2402677680841798,0.23162366268356396,-0.21371461077560558,0.6942501469439651,GBP_NZD,21,35,2,short,57
18.0,-0.3333333333333333,0.2286647801900118,-0.7815163025057564,0.1148496358390898,9.0,0.09257964840919865,0.3248421022347437,-0.544110871970899,0.7292701687892963,GBP_NZD,21,35,3,short,27
9.0,0.019232117371469612,0.3338876838844181,-0.6351877430419899,0.673651977784929,5.0,0.2,0.48989794855663565,-0.7601999791710059,1.1601999791710058,GBP_NZD,21,35,4,short,14
,,,,,,,,,,GBP_NZD,28,20,1,long,0
,,,,,,,,,,GBP_NZD,28,20,2,long,0
,,,,,,,,,,GBP_NZD,28,20,3,long,0
,,,,,,,,,,GBP_NZD,28,20,4,long,0
1.0,-1.0,,,,1.0,-1.0,,,,GBP_NZD,28,25,1,long,2
,,,,,,,,,,GBP_NZD,28,25,2,long,0
,,,,,,,,,,GBP_NZD,28,25,3,long,0
,,,,,,,,,,GBP_NZD,28,25,4,long,0
7.0,-0.14285714285714285,0.40406101782088427,-0.9348167377860761,0.6491024520717903,3.0,0.3333333333333333,0.6666666666666667,-0.9733333333333336,1.6400000000000001,GBP_NZD,28,30,1,long,10
2.0,1.0,0.0,1.0,1.0,1.0,-1.0,,,,GBP_NZD,28,30,2,long,3
1.0,1.0,,,,1.0,1.0,,,,GBP_NZD,28,30,3,long,2
0.0,,,,,1.0,1.0,,,,GBP_NZD,28,30,4,long,1
42.0,-0.13824774897968725,0.1511566365864365,-0.4345147566891028,0.15801925872972825,18.0,0.0,0.24253562503633302,-0.4753698250712127,0.4753698250712127,GBP_NZD,28,35,1,long,60
19.0,0.1893407647943405,0.22608334496720772,-0.2537825913413866,0.6324641209300677,9.0,0.049334556807409204,0.3369644040644273,-0.6111156751588683,0.7097847887736867,GBP_NZD,28,35,2,long,28
7.0,0.06472125000610086,0.3834657521337402,-0.6868716241760299,0.8163141241882316,4.0,0.5,0.5,-0.48,1.48,GBP_NZD,28,35,3,long,11
9.0,0.1111111111111111,0.35136418446315326,-0.5775626904366693,0.7997849126588914,4.0,0.5,0.5,-0.48,1.48,GBP_NZD,28,35,4,long,13
0.0,,,,,1.0,1.0,,,,GBP_NZD,28,20,1,short,1
0.0,,,,,1.0,1.0,,,,GBP_NZD,28,20,2,short,1
,,,,,,,,,,GBP_NZD,28,20,3,short,0
,,,,,,,,,,GBP_NZD,28,20,4,short,0
4.0,0.0,0.5773502691896257,-1.1316065276116665,1.1316065276116665,2.0,1.0,0.0,1.0,1.0,GBP_NZD,28,25,1,short,6
2.0,1.0,0.0,1.0,1.0,1.0,1.0,,,,GBP_NZD,28,25,2,short,3
2.0,1.0,0.0,1.0,1.0,2.0,0.0,1.0,-1.96,1.96,GBP_NZD,28,25,3,short,4
,,,,,,,,,,GBP_NZD,28,25,4,short,0
13.0,0.07692307692307775,0.2878197989826111,-0.48720372908284004,0.6410498829289956,6.0,1.0,0.0,1.0,1.0,GBP_NZD,28,30,1,short,19
7.0,0.14285714285714285,0.40406101782088427,-0.6491024520717903,0.9348167377860761,3.0,0.3333333333333333,0.6666666666666667,-0.9733333333333336,1.6400000000000001,GBP_NZD,28,30,2,short,10
3.0,1.0,0.0,1.0,1.0,2.0,0.0,1.0,-1.96,1.96,GBP_NZD,28,30,3,short,5
,,,,,,,,,,GBP_NZD,28,30,4,short,0
53.0,-0.019191753735689113,0.13735179965322228,-0.28840128105600477,0.25001777358462657,24.0,0.197448705197912,0.19563384661712405,-0.18599363417165113,0.5808910445674751,GBP_NZD,28,35,1,short,77
28.0,-0.07142857142857142,0.19195851781663212,-0.4476672663491704,0.3048101234920275,12.0,0.3333333333333333,0.2842676218074806,-0.22383120540932872,0.8904978720759953,GBP_NZD,28,35,2,short,40
11.0,-0.09090909090909091,0.3149183286488867,-0.7081490150609089,0.526330833242727,6.0,-0.361130527386202,0.36019714761518357,-1.0671169367119617,0.34485588193955774,GBP_NZD,28,35,3,short,17
5.0,0.4346178112686453,0.39277834793086863,-0.3352277506758572,1.2044633732131478,3.0,0.3333333333333333,0.6666666666666667,-0.9733333333333336,1.6400000000000001,GBP_NZD,28,35,4,short,8
42.0,0.21187994823573594,0.14472741842301767,-0.07178579187337872,0.4955456883448506,18.0,-0.08945414662954532,0.23727949028613948,-0.5545219475903786,0.37561365433128807,CHF_JPY,7,20,1,long,60
21.0,0.22374316409571232,0.20266676365316993,-0.17348369266450075,0.6209700208559255,9.0,0.7777777777777778,0.2222222222222222,0.34222222222222226,1.2133333333333334,CHF_JPY,7,20,2,long,30
12.0,0.12176110133772171,0.27981409900426835,-0.4266745327106442,0.6701967353860876,6.0,0.0,0.4472135954999579,-0.8765386471799175,0.8765386471799175,CHF_JPY,7,20,3,long,18
9.0,-0.03515062486231329,0.31687127728785713,-0.6562183283465132,0.5859170786218867,4.0,0.316522957147255,0.47170415619298894,-0.6080171889910033,1.2410631032855133,CHF_JPY,7,20,4,long,13
91.0,0.262822687339337,0.09782025844041758,0.07109498079611853,0.45455039388255547,40.0,0.037904212899175074,0.1567514906262791,-0.269328708728332,0.3451371345266821,CHF_JPY,7,25,1,long,131
46.0,0.37410696255596426,0.13210434969909052,0.11518243714574683,0.6330314879661817,20.0,0.6,0.18353258709644943,0.2402761292909591,0.9597238707090409,CHF_JPY,7,25,2,long,66
27.0,0.17898974437487136,0.18058408535864726,-0.17495506292807728,0.53293455167782,12.0,0.0,0.30151134457776363,-0.5909622353724167,0.5909622353724167,CHF_JPY,7,25,3,long,39
14.0,0.3345460268742272,0.2421692117881605,-0.14010562823056738,0.8091976819790218,7.0,-0.24770116734442574,0.3664928305384415,-0.966027115199771,0.4706247805109196,CHF_JPY,7,25,4,long,21
165.0,0.13572547067380455,0.07416053608629036,-0.009629180055324565,0.2810801214029337,71.0,0.10920947943149914,0.11436587310133611,-0.11494763184711965,0.3333665907101179,CHF_JPY,7,30,1,long,236
81.0,0.24927339653421163,0.10392177280731009,0.045586721831883864,0.45296007123653936,35.0,0.5428571428571428,0.144028808642881,0.26056067791709603,0.8251536077971896,CHF_JPY,7,30,2,long,116
43.0,0.2445159242071087,0.14001762183107389,-0.02991861458179615,0.5189504629960136,19.0,0.3541647309777791,0.2172960488798983,-0.07173552482682155,0.7800649867823798,CHF_JPY,7,30,3,long,62
25.0,0.2643880550584574,0.18483503831016873,-0.0978886200294733,0.6266647301463881,11.0,0.20600834805354726,0.29548067198898115,-0.37313376904485573,0.7851504651519503,CHF_JPY,7,30,4,long,36
260.0,0.0918822578152094,0.058721745391320725,-0.023212363151779228,0.206976878782198,112.0,0.06555272151209278,0.09170326394086709,-0.11418567581200671,0.24529111883619226,CHF_JPY,7,35,1,long,372
118.0,0.18942647711001823,0.08712343069270369,0.018664552952319002,0.36018840126771745,52.0,0.35894941151442394,0.12940875859703638,0.10530824466423266,0.6125905783646153,CHF_JPY,7,35,2,long,170
63.0,0.09588999109700265,0.12030683634374807,-0.13991140813674358,0.33169139033074885,28.0,0.3792348364306089,0.17258123986979193,0.0409756062858167,0.717494066575401,CHF_JPY,7,35,3,long,91
37.0,0.17793087356850926,0.1527536842702431,-0.12146634760116723,0.4773280947381857,17.0,0.13329951932876588,0.24077643943250435,-0.3386223019589426,0.6052213406164744,CHF_JPY,7,35,4,long,54
87.0,-0.08357213426230502,0.1036667668268214,-0.28675899724287496,0.11961472871826491,38.0,0.056028723996047476,0.15191445949966648,-0.24172361662329883,0.35378106461539377,CHF_JPY,7,20,1,short,125
45.0,-0.21356587130389643,0.14518401183836516,-0.49812653450709216,0.0709947918992993,20.0,-0.12501778450616902,0.20226689300696787,-0.521460894799826,0.271425325787488,CHF_JPY,7,20,2,short,65
21.0,-0.2834889946918919,0.20663182305327624,-0.6884873678763133,0.12150937849252946,10.0,-0.11514151167958427,0.31080353883602807,-0.7243164477981994,0.4940334244390308,CHF_JPY,7,20,3,short,31
8.0,0.302385037344838,0.3434586170957438,-0.3707938521628199,0.9755639268524959,4.0,0.7796523633715745,0.2203476366284255,0.3477709955798606,1.2115337311632883,CHF_JPY,7,20,4,short,12
151.0,-0.11185498632794136,0.07852113814201418,-0.26575641708628917,0.04204644443040645,66.0,-0.1495592195174272,0.11736290135534996,-0.3795905061739131,0.08047206713905872,CHF_JPY,7,25,1,short,217
73.0,-0.16188963047233831,0.11253694493627872,-0.3824620425474446,0.058682781602767964,32.0,-0.1781182794112221,0.16153137350947627,-0.49471977148979557,0.13848321266735136,CHF_JPY,7,25,2,short,105
34.0,-0.1262010352472967,0.16355847970431675,-0.44677565546775755,0.19437358497316415,15.0,-0.10069305337273866,0.24691672030853287,-0.5846498251774631,0.38326371843198576,CHF_JPY,7,25,3,short,49
15.0,0.09085706814908928,0.24160453354708167,-0.38268781760319076,0.5644019539013694,7.0,0.42857142857142855,0.36885555678165877,-0.29438546272062266,1.1515283198634798,CHF_JPY,7,25,4,short,22
231.0,-0.06823001779686787,0.06327120199954027,-0.19224157371596678,0.055781538122231064,100.0,-0.11870908488150196,0.09700451818201485,-0.30883794051825103,0.07141977075524712,CHF_JPY,7,30,1,short,331
115.0,-0.16003189528728629,0.08910502899404409,-0.3346777521156127,0.01461396154104011,50.0,-0.08846473541286519,0.13337695523131327,-0.3498835676662392,0.17295409684050878,CHF_JPY,7,30,2,short,165
51.0,-0.08559969936797657,0.13458497830388233,-0.34938625684358593,0.1781868581076328,22.0,-0.02319980911777636,0.20776848431830827,-0.43042603838166055,0.3840264201461078,CHF_JPY,7,30,3,short,73
22.0,0.08349678330024558,0.20481521744212836,-0.317941042886326,0.48493460948681716,10.0,0.11186094534862981,0.3142705750625553,-0.5041093817739786,0.7278312724712381,CHF_JPY,7,30,4,short,32
333.0,-0.042168328390189726,0.05269161951897971,-0.14544390264738996,0.0611072458670105,144.0,-0.18375965490326718,0.07971685972398804,-0.3400046999622837,-0.027514609844250637,CHF_JPY,7,35,1,short,477
165.0,-0.11762608169214839,0.07485268724065314,-0.2643373486838285,0.029085185299531746,71.0,-0.16089065874145436,0.11271076232330307,-0.38180375289512836,0.06002243541221966,CHF_JPY,7,35,2,short,236
81.0,0.05845027422309564,0.10705300275213622,-0.15137361117109135,0.2682741596172826,36.0,-0.035433097340143604,0.1617495449954908,-0.3524622055313056,0.2815960108510184,CHF_JPY,7,35,3,short,117
32.0,0.025305160153306097,0.16954097360575493,-0.30699514811397355,0.3576054684205857,15.0,-0.2587593697675801,0.24889969322924516,-0.7466027684969005,0.22908402896174035,CHF_JPY,7,35,4,short,47
3.0,-0.18712242359630096,0.606916909260145,-1.376679565746185,1.0024347185535831,2.0,1.0,0.0,1.0,1.0,CHF_JPY,14,20,1,long,5
3.0,0.3333333333333333,0.6666666666666667,-0.9733333333333336,1.6400000000000001,2.0,1.0,0.0,1.0,1.0,CHF_JPY,14,20,2,long,5
1.0,-1.0,,,,1.0,1.0,,,,CHF_JPY,14,20,3,long,2
3.0,0.3333333333333333,0.6666666666666667,-0.9733333333333336,1.6400000000000001,2.0,0.6999983333472168,0.30000166665278316,0.11199506670776183,1.2880015999866719,CHF_JPY,14,20,4,long,5
11.0,-0.05103338825353664,0.3057997672100604,-0.6504009319852551,0.5483341554781818,5.0,-0.2,0.48989794855663565,-1.1601999791710058,0.7601999791710059,CHF_JPY,14,25,1,long,16
7.0,0.7142857142857143,0.28571428571428575,0.15428571428571425,1.2742857142857145,4.0,0.5,0.5,-0.48,1.48,CHF_JPY,14,25,2,long,11
2.0,-1.0,0.0,-1.0,-1.0,2.0,0.0,1.0,-1.96,1.96,CHF_JPY,14,25,3,long,4
6.0,-0.10000055555092772,0.41231042782122695,-0.9081289940805325,0.7081278829786771,3.0,1.0,0.0,1.0,1.0,CHF_JPY,14,25,4,long,9
41.0,0.21561886107846046,0.14937986999812963,-0.07716568411787361,0.5084034062747945,18.0,-0.1111111111111111,0.24103384202072908,-0.58353744147174,0.36131521924951787,CHF_JPY,14,30,1,long,59
25.0,0.3479442578403983,0.17923752437580825,-0.003361289936185896,0.6992498056169825,12.0,0.5,0.2611164839335468,-0.011788308509751766,1.0117883085097517,CHF_JPY,14,30,2,long,37
13.0,0.12627206332763363,0.266152415527895,-0.3953866711070405,0.6479307977623078,6.0,0.0,0.4472135954999579,-0.8765386471799175,0.8765386471799175,CHF_JPY,14,30,3,long,19
9.0,-0.03515062486231329,0.31687127728785713,-0.6562183283465132,0.5859170786218867,4.0,0.316522957147255,0.47170415619298894,-0.6080171889910033,1.2410631032855133,CHF_JPY,14,30,4,long,13
108.0,0.21243900333247578,0.09175051199730049,0.032607999817766825,0.3922700068471847,47.0,0.09608869182908517,0.1441975514299336,-0.18653850897358468,0.378715892631755,CHF_JPY,14,35,1,long,155
53.0,0.2666505254133903,0.12869675882564383,0.014404878115128417,0.5188961727116521,23.0,0.5652173913043478,0.17587822499041095,0.22049607032314233,0.9099387122855532,CHF_JPY,14,35,2,long,76
32.0,0.05727259681629772,0.16995223654215677,-0.2758337868063296,0.390378980438925,14.0,0.14285714285714285,0.2745054065230065,-0.39517345392794984,0.6808877396422355,CHF_JPY,14,35,3,long,46
15.0,0.1599997777796289,0.25612495462384216,-0.34200513328310167,0.6620046888423595,7.0,0.2213913625905381,0.3383490004476205,-0.44177267828679806,0.8845554034678742,CHF_JPY,14,35,4,long,22
11.0,-0.38627586120812346,0.26384828913970093,-0.9034185079219372,0.13086678550569036,6.0,0.0,0.4472135954999579,-0.8765386471799175,0.8765386471799175,CHF_JPY,14,20,1,short,17
8.0,-0.5,0.32732683535398854,-1.1415605972938176,0.14156059729381754,4.0,-0.009414646014117307,0.4090202395688665,-0.8110943155690957,0.792265023540861,CHF_JPY,14,20,2,short,12
2.0,1.0,0.0,1.0,1.0,2.0,-0.046393869771134966,0.9536061302288649,-1.91546188501971,1.82267414547744,CHF_JPY,14,20,3,short,4
0.0,,,,,1.0,1.0,,,,CHF_JPY,14,20,4,short,1
46.0,-0.09620019524306214,0.1428741844250451,-0.37623359671615053,0.18383320623002622,20.0,0.11575799263975432,0.21125581443210026,-0.2983034036471622,0.5298193889266708,CHF_JPY,14,25,1,short,66
23.0,-0.09496883615746048,0.20458934780660726,-0.4959639578584107,0.3060262855434897,10.0,0.049591775992119724,0.2828600518355848,-0.5048139256056265,0.603997477589866,CHF_JPY,14,25,2,short,33
9.0,-0.3333333333333333,0.3333333333333333,-0.9866666666666666,0.32,5.0,-0.43028302335916857,0.38083814501261054,-1.1767257875838852,0.3161597408655481,CHF_JPY,14,25,3,short,14
4.0,0.7796523633715745,0.2203476366284255,0.3477709955798606,1.2115337311632883,2.0,1.0,0.0,1.0,1.0,CHF_JPY,14,25,4,short,6
105.0,-0.1471969543041497,0.09418982139912162,-0.33180900424642806,0.03741509563812867,45.0,0.12144297752945304,0.144400942404516,-0.16158286958339835,0.40446882464230444,CHF_JPY,14,30,1,short,150
47.0,-0.15628859961007618,0.14075344879025833,-0.4321653592389825,0.11958816001883016,21.0,-0.20306098872666783,0.20081660060097015,-0.5966615259045693,0.19053954845123366,CHF_JPY,14,30,2,short,68
21.0,-0.31244962303881707,0.20799178688593842,-0.7201135253352564,0.09521427925762221,10.0,-0.05103958005910801,0.2968218320605524,-0.6328103708977907,0.5307312107795746,CHF_JPY,14,30,3,short,31
11.0,0.20402241534091284,0.2846075116695731,-0.35380830753145043,0.761853138213276,6.0,0.5197682422477163,0.336309086434916,-0.13939756716471907,1.1789340516601516,CHF_JPY,14,30,4,short,17
197.0,-0.10732635394676285,0.06779787948479003,-0.24021019773695132,0.025557489843425624,85.0,-0.11750911677915149,0.10412165908694938,-0.32158756858957227,0.08656933503126929,CHF_JPY,14,35,1,short,282
89.0,-0.17485357250334607,0.10087653615995895,-0.3725715833768656,0.022864438370173462,39.0,-0.19033940437546823,0.14593554550942012,-0.47637307357393166,0.09569426482299517,CHF_JPY,14,35,2,short,128
49.0,-0.12990989117891436,0.1363630905958261,-0.3971815487467335,0.13736176638890482,22.0,-0.11410890002686726,0.2063330634668859,-0.5185217044219637,0.2903039043682291,CHF_JPY,14,35,3,short,71
18.0,-0.009059487077477588,0.22529910842921003,-0.4506457395987293,0.43252676544377405,9.0,0.23540105038736645,0.3230786220047047,-0.39783304874185477,0.8686351495165877,CHF_JPY,14,35,4,short,27
,,,,,,,,,,CHF_JPY,21,20,1,long,0
,,,,,,,,,,CHF_JPY,21,20,2,long,0
,,,,,,,,,,CHF_JPY,21,20,3,long,0
0.0,,,,,1.0,0.3999966666944337,,,,CHF_JPY,21,20,4,long,1
2.0,0.21931636460554854,0.7806836353944515,-1.3108235607675764,1.7494562899786734,1.0,1.0,,,,CHF_JPY,21,25,1,long,3
3.0,0.3333333333333333,0.6666666666666667,-0.9733333333333336,1.6400000000000001,2.0,1.0,0.0,1.0,1.0,CHF_JPY,21,25,2,long,5
1.0,-1.0,,,,1.0,1.0,,,,CHF_JPY,21,25,3,long,2
2.0,0.6999983333472168,0.30000166665278316,0.11199506670776183,1.2880015999866719,1.0,1.0,,,,CHF_JPY,21,25,4,long,3
17.0,0.004582902756323559,0.23829123246942663,-0.4624679128837526,0.4716337183963997,8.0,-0.5,0.32732683535398854,-1.1415605972938176,0.14156059729381754,CHF_JPY,21,30,1,long,25
8.0,0.75,0.25,0.26,1.24,4.0,0.5,0.5,-0.48,1.48,CHF_JPY,21,30,2,long,12
4.0,0.0,0.5773502691896257,-1.1316065276116665,1.1316065276116665,2.0,0.0,1.0,-1.96,1.96,CHF_JPY,21,30,3,long,6
5.0,0.07999933333888673,0.45431255027201956,-0.8104532651942715,0.970451931872045,3.0,1.0,0.0,1.0,1.0,CHF_JPY,21,30,4,long,8
47.0,0.18809304902589105,0.1407638491493739,-0.0878040953068818,0.46399019335866387,21.0,0.047619047619047616,0.22335313142016333,-0.3901530899644725,0.48539118520256774,CHF_JPY,21,35,1,long,68
31.0,0.4741485950325793,0.15145516620904675,0.17729646926284764,0.7710007208023109,14.0,0.5714285714285714,0.22760785909019762,0.12531716761178407,1.0175399752453587,CHF_JPY,21,35,2,long,45
17.0,-0.021086069220044863,0.23678538430363932,-0.48518542245517793,0.4430132840150882,8.0,0.0,0.3779644730092272,-0.7408103670980853,0.7408103670980853,CHF_JPY,21,35,3,long,25
9.0,-0.03515062486231329,0.31687127728785713,-0.6562183283465132,0.5859170786218867,4.0,0.316522957147255,0.47170415619298894,-0.6080171889910033,1.2410631032855133,CHF_JPY,21,35,4,long,13
3.0,-0.3333333333333333,0.6666666666666667,-1.6400000000000001,0.9733333333333336,2.0,0.0,1.0,-1.96,1.96,CHF_JPY,21,20,1,short,5
0.0,,,,,1.0,1.0,,,,CHF_JPY,21,20,2,short,1
0.0,,,,,1.0,-1.0,,,,CHF_JPY,21,20,3,short,1
,,,,,,,,,,CHF_JPY,21,20,4,short,0
13.0,-0.48069495948379676,0.23059526151168722,-0.9326616720467037,-0.02872824692088982,6.0,0.0,0.4472135954999579,-0.8765386471799175,0.8765386471799175,CHF_JPY,21,25,1,short,19
9.0,-0.1111111111111111,0.35136418446315326,-0.7997849126588914,0.5775626904366693,4.0,-0.00941464601411729,0.4090202395688665,-0.8110943155690957,0.792265023540861,CHF_JPY,21,25,2,short,13
3.0,0.3333333333333333,0.6666666666666667,-0.9733333333333336,1.6400000000000001,2.0,-0.046393869771134966,0.9536061302288649,-1.91546188501971,1.82267414547744,CHF_JPY,21,25,3,short,5
,,,,,,,,,,CHF_JPY,21,25,4,short,0
51.0,-0.26323939178785993,0.13157662279947202,-0.521129572474825,-0.005349211100894757,22.0,-0.06218973093385127,0.21345673738526688,-0.48056493620897434,0.3561854743412718,CHF_JPY,21,30,1,short,73
25.0,-0.23070481182742797,0.18884140010879555,-0.6008339560406672,0.1394243323858113,12.0,-0.12534018667323354,0.2616520112222244,-0.6381781286687934,0.38749775532232633,CHF_JPY,21,30,2,short,37
11.0,-0.07243265899070396,0.3100896338118295,-0.6802083412618898,0.5353430232804819,5.0,-0.4903536846675015,0.37078750899456836,-1.2170972022968556,0.23638983296185245,CHF_JPY,21,30,3,short,16
4.0,0.5,0.5,-0.48,1.48,3.0,0.7062031511620993,0.2937968488379007,0.130361327439814,1.2820449748843847,CHF_JPY,21,30,4,short,7
123.0,-0.03314407417569355,0.08556824471016655,-0.20085783380762,0.13456968545623288,54.0,0.20736654471698898,0.1293951319307663,-0.046247913867312945,0.4609810033012909,CHF_JPY,21,35,1,short,177
55.0,-0.12445608490187238,0.13023957633335811,-0.37972565451525425,0.1308134847115095,24.0,-0.05267836513583437,0.19382111970360982,-0.4325677597549096,0.3272110294832409,CHF_JPY,21,35,2,short,79
28.0,-0.27005150299339853,0.18249297420407365,-0.6277377324333828,0.08763472644658582,13.0,-0.11618429235315998,0.26287188698623365,-0.6314131908461779,0.3990446061398579,CHF_JPY,21,35,3,short,41
14.0,0.16877543015973853,0.24565801625918984,-0.31271428170827353,0.6502651420277507,6.0,0.3333333333333333,0.421637021355784,-0.4930752285240034,1.15974189519067,CHF_JPY,21,35,4,short,20
,,,,,,,,,,CHF_JPY,28,20,1,long,0
,,,,,,,,,,CHF_JPY,28,20,2,long,0
,,,,,,,,,,CHF_JPY,28,20,3,long,0
,,,,,,,,,,CHF_JPY,28,20,4,long,0
0.0,,,,,1.0,1.0,,,,CHF_JPY,28,25,1,long,1
,,,,,,,,,,CHF_JPY,28,25,2,long,0
,,,,,,,,,,CHF_JPY,28,25,3,long,0
0.0,,,,,1.0,0.3999966666944337,,,,CHF_JPY,28,25,4,long,1
3.0,-0.18712242359630102,0.6069169092601447,-1.3766795657461846,1.0024347185535827,2.0,1.0,0.0,1.0,1.0,CHF_JPY,28,30,1,long,5
4.0,0.5,0.5,-0.48,1.48,3.0,1.0,0.0,1.0,1.0,CHF_JPY,28,30,2,long,7
1.0,-1.0,,,,1.0,1.0,,,,CHF_JPY,28,30,3,long,2
3.0,0.1333322222314779,0.592546044471244,-1.0280580249321605,1.2947224693951163,2.0,1.0,0.0,1.0,1.0,CHF_JPY,28,30,4,long,5
25.0,0.0831163738743,0.19694561974116648,-0.3028970408183863,0.4691297885669863,11.0,-0.09090909090909091,0.3149183286488867,-0.7081490150609089,0.526330833242727,CHF_JPY,28,35,1,long,36
14.0,0.5714285714285714,0.22760785909019765,0.12531716761178402,1.0175399752453589,6.0,0.6666666666666666,0.33333333333333337,0.013333333333333197,1.32,CHF_JPY,28,35,2,long,20
7.0,-0.42857142857142855,0.36885555678165877,-1.1515283198634798,0.29438546272062266,4.0,0.0,0.5773502691896257,-1.1316065276116665,1.1316065276116665,CHF_JPY,28,35,3,long,11
7.0,-0.22857190475793804,0.37142843711983686,-0.9565716415128183,0.49942783199694224,3.0,1.0,0.0,1.0,1.0,CHF_JPY,28,35,4,long,10
,,,,,,,,,,CHF_JPY,28,20,1,short,0
,,,,,,,,,,CHF_JPY,28,20,2,short,0
,,,,,,,,,,CHF_JPY,28,20,3,short,0
,,,,,,,,,,CHF_JPY,28,20,4,short,0
5.0,-0.6,0.4000000000000001,-1.3840000000000001,0.18400000000000016,3.0,1.0,0.0,1.0,1.0,CHF_JPY,28,25,1,short,8
1.0,1.0,,,,1.0,-1.0,,,,CHF_JPY,28,25,2,short,2
0.0,,,,,1.0,-1.0,,,,CHF_JPY,28,25,3,short,1
,,,,,,,,,,CHF_JPY,28,25,4,short,0
20.0,-0.3845855497350595,0.196358554783766,-0.7694483171112407,0.00027721764112181857,9.0,-0.2631304533938586,0.32301559633088145,-0.8962410222023862,0.3699801154146691,CHF_JPY,28,30,1,short,29
17.0,-0.363781366565976,0.21976970948633892,-0.7945299971592003,0.06696726402724829,8.0,-0.18801028000985037,0.2970898530069932,-0.7703063919035571,0.3942858318838563,CHF_JPY,28,30,2,short,25
5.0,0.2,0.48989794855663565,-0.7601999791710059,1.1601999791710058,3.0,-0.36426257984742333,0.6357374201525767,-1.6103079233464737,0.8817827636516271,CHF_JPY,28,30,3,short,8
2.0,0.0,1.0,-1.96,1.96,2.0,0.559304726743149,0.44069527325685104,-0.30445800884027896,1.423067462326577,CHF_JPY,28,30,4,short,4
88.0,-0.134485260900519,0.10032733781586112,-0.33112684301960676,0.06215632121856879,38.0,0.1634832909948949,0.15601949897882184,-0.14231492700359588,0.46928150899338567,CHF_JPY,28,35,1,short,126
41.0,-0.23151192385473257,0.14827147076204694,-0.5221240065483446,0.059100158838879424,18.0,0.15198440204110975,0.21683697219262704,-0.27301606345643925,0.5769848675386587,CHF_JPY,28,35,2,short,59
18.0,-0.21093106938320796,0.23454845237236785,-0.670646036033049,0.248783897266633,8.0,-0.1814710529171884,0.34559594678943295,-0.8588391086244769,0.4958970027901001,CHF_JPY,28,35,3,short,26
9.0,0.15767558875096715,0.3356940028942239,-0.5002846569217116,0.8156358344236461,4.0,0.2796523633715745,0.4744511236768836,-0.6502718390351173,1.2095765657782662,CHF_JPY,28,35,4,short,13
61.0,-0.2459016393442623,0.12513541889807514,-0.49116706038448954,-0.0006362183040350133,27.0,-0.3544862408298099,0.18018310328549425,-0.7076451232693786,-0.0013273583902411734,NZD_JPY,7,20,1,long,88
31.0,-0.03225806451612903,0.1824791693384639,-0.38991723641951825,0.32540110738726025,14.0,0.0,0.2773500981126146,-0.5436061923007246,0.5436061923007246,NZD_JPY,7,20,2,long,45
16.0,0.10001070470582368,0.2516625659389552,-0.3932479245345285,0.5932693339461759,7.0,0.42857142857142855,0.36885555678165877,-0.29438546272062266,1.1515283198634798,NZD_JPY,7,20,3,long,23
8.0,0.25,0.3659625273556999,-0.46728655361717175,0.9672865536171718,4.0,1.0,0.0,1.0,1.0,NZD_JPY,7,20,4,long,12
125.0,-0.168,0.0885262855077883,-0.34151151959526505,0.005511519595265052,54.0,-0.15872460189638643,0.1345638732704794,-0.422469793506526,0.10502058971375317,NZD_JPY,7,25,1,long,179
59.0,-0.15254237288135594,0.12976974465911464,-0.40689107241322064,0.10180632665050873,26.0,0.07692307692307693,0.19940740610485724,-0.3139154390424433,0.46776159288859714,NZD_JPY,7,25,2,long,85
30.0,-0.013327624156894036,0.18368788118103538,-0.37335587127172337,0.3467006229579353,13.0,0.38461538461538464,0.2664693550105965,-0.1376645512053845,0.9068953204361538,NZD_JPY,7,25,3,long,43
11.0,0.2727272727272727,0.30424000964875475,-0.32358314618428663,0.869037691638832,6.0,0.6666666666666666,0.33333333333333337,0.013333333333333197,1.32,NZD_JPY,7,25,4,long,17
200.0,-0.1,0.07053278933842966,-0.23824426710332214,0.03824426710332213,86.0,-0.053152657004707775,0.10779531900023971,-0.2644314822451776,0.15812616823576206,NZD_JPY,7,30,1,long,286
91.0,-0.0989010989010989,0.10489246200202455,-0.304490324425067,0.10668812662286924,40.0,0.25,0.15504341823651058,-0.053885099743560705,0.5538850997435607,NZD_JPY,7,30,2,long,131
54.0,-0.04444127267975594,0.13640788778800636,-0.3118007327442484,0.2229181873847365,24.0,0.16666666666666666,0.20559798491465375,-0.23630538376605467,0.569638717099388,NZD_JPY,7,30,3,long,78
23.0,0.30434782608695654,0.2030866810856147,-0.09370206884084825,0.7023977210147614,11.0,0.45454545454545453,0.2816715160878121,-0.09753071698665722,1.0066216260775662,NZD_JPY,7,30,4,long,34
293.0,-0.051194539249146756,0.05844383555945757,-0.16574445694568357,0.06335537844739007,126.0,-0.004532765892102132,0.08915167812418884,-0.17927005501551224,0.17020452323130797,NZD_JPY,7,35,1,long,419
140.0,-0.04285714285714286,0.08474096226533868,-0.2089494288972067,0.12323514318292096,60.0,0.2,0.12755856082865613,-0.05001477922416603,0.45001477922416605,NZD_JPY,7,35,2,long,200
70.0,0.022859589647045413,0.11980282826651495,-0.2119539537553239,0.2576731330494147,30.0,0.13333333333333333,0.1840373108931074,-0.22737979601715716,0.4940464626838238,NZD_JPY,7,35,3,long,100
36.0,0.3333333333333333,0.15936381457791915,0.02098025676061177,0.6456864099060549,16.0,0.25,0.25,-0.24,0.74,NZD_JPY,7,35,4,long,52
63.0,0.10328434259211768,0.12556569291967423,-0.14282441553044384,0.34939310071467916,28.0,-0.07142857142857142,0.19195851781663212,-0.4476672663491704,0.3048101234920275,NZD_JPY,7,20,1,short,91
38.0,-0.11585950182788164,0.16188506292632157,-0.4331542251634719,0.20143522150770865,17.0,-0.17647058823529413,0.24607647839237515,-0.6587804858843495,0.30583930941376114,NZD_JPY,7,20,2,short,55
11.0,-0.45454545454545453,0.2816715160878121,-1.0066216260775662,0.09753071698665722,5.0,0.2,0.48989794855663565,-0.7601999791710059,1.1601999791710058,NZD_JPY,7,20,3,short,16
3.0,0.3333333333333333,0.6666666666666667,-0.9733333333333336,1.6400000000000001,2.0,0.0,1.0,-1.96,1.96,NZD_JPY,7,20,4,short,5
124.0,0.060539625671801725,0.08973052279974417,-0.11533219901569684,0.23641145035930028,54.0,-0.08599944907831612,0.13472672659772622,-0.3500638332098595,0.17806493505322724,NZD_JPY,7,25,1,short,178
70.0,-0.14860944384942146,0.11848847916133196,-0.3808468630056321,0.08362797530678917,30.0,0.11479082858111177,0.181948532950639,-0.24182829600214067,0.47140995316436424,NZD_JPY,7,25,2,short,100
26.0,-0.38461538461538464,0.18461538461538463,-0.7464615384615385,-0.022769230769230764,12.0,0.3333333333333333,0.2842676218074806,-0.22383120540932872,0.8904978720759953,NZD_JPY,7,25,3,short,38
8.0,0.25,0.3659625273556999,-0.46728655361717175,0.9672865536171718,4.0,0.0,0.5773502691896257,-1.1316065276116665,1.1316065276116665,NZD_JPY,7,25,4,short,12
198.0,0.005591390318821825,0.07099670379856587,-0.13356214912636727,0.14474492976401093,85.0,-0.06375004586123648,0.10652940519273701,-0.272547680039001,0.14504758831652806,NZD_JPY,7,30,1,short,283
103.0,-0.14954039873261651,0.09758822769896183,-0.3408133250225817,0.041732527557348686,45.0,0.009860552387407849,0.14939696354212503,-0.2829574961551572,0.3026786009299729,NZD_JPY,7,30,2,short,148
46.0,-0.34782608695652173,0.13976305450714424,-0.6217616737905245,-0.07389050012251902,21.0,0.3333333333333333,0.21081851067789195,-0.07987094759533492,0.7465376142620015,NZD_JPY,7,30,3,short,67
18.0,0.1111111111111111,0.24103384202072908,-0.36131521924951787,0.58353744147174,9.0,-0.1111111111111111,0.35136418446315326,-0.7997849126588914,0.5775626904366693,NZD_JPY,7,30,4,short,27
285.0,0.021428404502199027,0.05918129288923579,-0.09456692956070312,0.13742373856510118,123.0,-0.10037998109260327,0.08835263470973245,-0.27355114512367884,0.07279118293847234,NZD_JPY,7,35,1,short,408
149.0,-0.13021920180845303,0.08132044860854655,-0.28960728108120426,0.029168877464298193,65.0,-0.08548115603948687,0.1237649902795813,-0.32806053698746623,0.15709822490849246,NZD_JPY,7,35,2,short,214
78.0,-0.20512820512820512,0.11153721756476337,-0.42374115155514136,0.01348474129873109,34.0,0.0,0.17407765595569782,-0.3411922056731677,0.3411922056731677,NZD_JPY,7,35,3,short,112
30.0,0.13333333333333333,0.1840373108931074,-0.22737979601715716,0.4940464626838238,13.0,0.07692307692307693,0.28781979898261095,-0.48720372908284054,0.6410498829289943,NZD_JPY,7,35,4,short,43
7.0,0.42857142857142855,0.36885555678165877,-0.29438546272062266,1.1515283198634798,4.0,-0.5,0.5,-1.48,0.48,NZD_JPY,14,20,1,long,11
4.0,1.0,0.0,1.0,1.0,2.0,1.0,0.0,1.0,1.0,NZD_JPY,14,20,2,long,6
2.0,1.0,0.0,1.0,1.0,1.0,1.0,,,,NZD_JPY,14,20,3,long,3
1.0,-1.0,,,,1.0,1.0,,,,NZD_JPY,14,20,4,long,2
25.0,0.04,0.20396078054371142,-0.3597631298656744,0.43976312986567434,11.0,-0.3246480456731699,0.2864289674326063,-0.8860488218410782,0.2367527304947385,NZD_JPY,14,25,1,long,36
14.0,0.14285714285714285,0.2745054065230065,-0.39517345392794984,0.6808877396422355,6.0,1.0,0.0,1.0,1.0,NZD_JPY,14,25,2,long,20
5.0,0.5200342550586358,0.3878161566718882,-0.24008541201826505,1.2801539221355367,3.0,1.0,0.0,1.0,1.0,NZD_JPY,14,25,3,long,8
4.0,0.0,0.5773502691896257,-1.1316065276116665,1.1316065276116665,2.0,1.0,0.0,1.0,1.0,NZD_JPY,14,25,4,long,6
67.0,-0.04477611940298507,0.12296803595091035,-0.28579346986676935,0.19624123106079921,29.0,-0.3300389138760299,0.17555361378434708,-0.6741239968933501,0.014046169141290366,NZD_JPY,14,30,1,long,96
39.0,-0.1794871794871795,0.15958699594164083,-0.49227769153279555,0.13330333255843654,17.0,-0.058823529411764705,0.2495670992423109,-0.547975043926694,0.43032798510316467,NZD_JPY,14,30,2,long,56
17.0,-0.08234286615922477,0.24438502988566155,-0.5613375247351214,0.39665179241667187,8.0,0.25,0.3659625273556999,-0.46728655361717175,0.9672865536171718,NZD_JPY,14,30,3,long,25
9.0,0.3333333333333333,0.3333333333333333,-0.32,0.9866666666666666,4.0,0.5,0.5,-0.48,1.48,NZD_JPY,14,30,4,long,13
147.0,-0.10204081632653061,0.08232859619887968,-0.2634048648763348,0.05932323222327357,63.0,-0.24716076987944235,0.12220805064656094,-0.4866885491467018,-0.007632990612182922,NZD_JPY,14,35,1,long,210
79.0,-0.11392405063291139,0.11249053012492674,-0.3344054896777678,0.10655738841194501,34.0,0.17647058823529413,0.17134566617751038,-0.15936691747262619,0.5123080939432144,NZD_JPY,14,35,2,long,113
37.0,0.07027489933224808,0.16480372980657956,-0.25274041108864786,0.393290209753144,17.0,0.058823529411764705,0.2495670992423109,-0.43032798510316467,0.547975043926694,NZD_JPY,14,35,3,long,54
16.0,0.25,0.25,-0.24,0.74,8.0,0.5,0.32732683535398854,-0.14156059729381754,1.1415605972938176,NZD_JPY,14,35,4,long,24
8.0,0.0,0.3779644730092272,-0.7408103670980853,0.7408103670980853,4.0,0.0,0.5773502691896257,-1.1316065276116665,1.1316065276116665,NZD_JPY,14,20,1,short,12
9.0,-0.1111111111111111,0.35136418446315326,-0.7997849126588914,0.5775626904366693,5.0,-0.2,0.48989794855663565,-1.1601999791710058,0.7601999791710059,NZD_JPY,14,20,2,short,14
2.0,-1.0,0.0,-1.0,-1.0,2.0,0.0,1.0,-1.96,1.96,NZD_JPY,14,20,3,short,4
,,,,,,,,,,NZD_JPY,14,20,4,short,0
25.0,0.2,0.2,-0.192,0.5920000000000001,11.0,0.09090909090909091,0.3149183286488867,-0.526330833242727,0.7081490150609089,NZD_JPY,14,25,1,short,36
26.0,-0.07692307692307693,0.19940740610485724,-0.46776159288859714,0.3139154390424433,12.0,-0.3333333333333333,0.28426762180748055,-0.8904978720759953,0.2238312054093286,NZD_JPY,14,25,2,short,38
5.0,-0.6,0.4000000000000001,-1.3840000000000001,0.18400000000000016,3.0,-0.3333333333333333,0.6666666666666667,-1.6400000000000001,0.9733333333333336,NZD_JPY,14,25,3,short,8
0.0,,,,,1.0,1.0,,,,NZD_JPY,14,25,4,short,1
76.0,0.046143599780308076,0.11478059907285618,-0.17882637440249002,0.2711135739631062,33.0,0.09090909090909091,0.17604469755488258,-0.25413851629847894,0.4359566981166608,NZD_JPY,14,30,1,short,109
46.0,-0.09571002324911962,0.14733614497386596,-0.3844888673978969,0.19306882089965768,20.0,0.0,0.22941573387056172,-0.44965483838630094,0.44965483838630094,NZD_JPY,14,30,2,short,66
21.0,-0.23809523809523808,0.21717627144745486,-0.6637607301322496,0.1875702539417734,9.0,-0.1111111111111111,0.35136418446315326,-0.7997849126588914,0.5775626904366693,NZD_JPY,14,30,3,short,30
4.0,0.5,0.5,-0.48,1.48,2.0,0.0,1.0,-1.96,1.96,NZD_JPY,14,30,4,short,6
148.0,0.07774941610340144,0.08202100681170715,-0.08301175724754459,0.23851058945434747,64.0,-0.01006203515982923,0.12434540274817184,-0.253779024546246,0.23365495422658758,NZD_JPY,14,35,1,short,212
85.0,-0.08709013022893532,0.10827920329286046,-0.29931736868294184,0.12513710822507118,37.0,0.011992563714414952,0.1648358232043973,-0.3110856497662038,0.33507077719503364,NZD_JPY,14,35,2,short,122
37.0,-0.35135135135135137,0.15604061329449345,-0.6571909534085585,-0.0455117492941442,16.0,0.125,0.25617376914899,-0.37710058753202036,0.6271005875320204,NZD_JPY,14,35,3,short,53
17.0,0.17647058823529413,0.24607647839237515,-0.30583930941376114,0.6587804858843495,8.0,-0.25,0.3659625273556999,-0.9672865536171718,0.46728655361717175,NZD_JPY,14,35,4,short,25
3.0,0.3333333333333333,0.6666666666666667,-0.9733333333333336,1.6400000000000001,2.0,0.0,1.0,-1.96,1.96,NZD_JPY,21,20,1,long,5
2.0,0.0,1.0,-1.96,1.96,1.0,1.0,,,,NZD_JPY,21,20,2,long,3
,,,,,,,,,,NZD_JPY,21,20,3,long,0
,,,,,,,,,,NZD_JPY,21,20,4,long,0
7.0,0.42857142857142855,0.36885555678165877,-0.29438546272062266,1.1515283198634798,3.0,-0.3333333333333333,0.6666666666666667,-1.6400000000000001,0.9733333333333336,NZD_JPY,21,25,1,long,10
3.0,0.3333333333333333,0.6666666666666667,-0.9733333333333336,1.6400000000000001,2.0,1.0,0.0,1.0,1.0,NZD_JPY,21,25,2,long,5
0.0,,,,,1.0,1.0,,,,NZD_JPY,21,25,3,long,1
1.0,-1.0,,,,1.0,1.0,,,,NZD_JPY,21,25,4,long,2
25.0,0.04,0.20396078054371142,-0.3597631298656744,0.43976312986567434,11.0,-0.2727272727272727,0.30424000964875475,-0.869037691638832,0.32358314618428663,NZD_JPY,21,30,1,long,36
15.0,0.3333333333333333,0.25197631533948484,-0.16054024473205697,0.8272069113987236,7.0,1.0,0.0,1.0,1.0,NZD_JPY,21,30,2,long,22
4.0,0.4000428188232948,0.47610122629180196,-0.5331155847086371,1.3332012223552265,2.0,1.0,0.0,1.0,1.0,NZD_JPY,21,30,3,long,6
4.0,0.5,0.5,-0.48,1.48,3.0,0.3333333333333333,0.6666666666666667,-0.9733333333333336,1.6400000000000001,NZD_JPY,21,30,4,long,7
79.0,-0.012658227848101266,0.11321863177214125,-0.23456674612149814,0.20925029042529558,35.0,-0.3877465286401391,0.15589743664354305,-0.6933055044614835,-0.0821875528187947,NZD_JPY,21,35,1,long,114
47.0,-0.19148936170212766,0.14471349688826027,-0.4751278156031178,0.09214909219886247,21.0,0.3333333333333333,0.21081851067789192,-0.07987094759533486,0.7465376142620015,NZD_JPY,21,35,2,long,68
22.0,0.07273505796787177,0.21443481037076223,-0.34755717035882217,0.4930272862945657,10.0,0.2,0.32659863237109044,-0.4401333194473372,0.8401333194473373,NZD_JPY,21,35,3,long,32
8.0,0.25,0.3659625273556999,-0.46728655361717175,0.9672865536171718,4.0,0.5,0.5,-0.48,1.48,NZD_JPY,21,35,4,long,12
2.0,0.0,1.0,-1.96,1.96,2.0,1.0,0.0,1.0,1.0,NZD_JPY,21,20,1,short,4
2.0,0.0,1.0,-1.96,1.96,2.0,1.0,0.0,1.0,1.0,NZD_JPY,21,20,2,short,4
0.0,,,,,1.0,-1.0,,,,NZD_JPY,21,20,3,short,1
,,,,,,,,,,NZD_JPY,21,20,4,short,0
6.0,0.0,0.4472135954999579,-0.8765386471799175,0.8765386471799175,3.0,-0.3333333333333333,0.6666666666666667,-1.6400000000000001,0.9733333333333336,NZD_JPY,21,25,1,short,9
7.0,-0.14285714285714285,0.40406101782088427,-0.9348167377860761,0.6491024520717903,4.0,0.0,0.5773502691896257,-1.1316065276116665,1.1316065276116665,NZD_JPY,21,25,2,short,11
2.0,-1.0,0.0,-1.0,-1.0,1.0,-1.0,,,,NZD_JPY,21,25,3,short,3
,,,,,,,,,,NZD_JPY,21,25,4,short,0
28.0,0.14285714285714285,0.1904761904761905,-0.2304761904761905,0.5161904761904762,13.0,0.38461538461538464,0.2664693550105965,-0.1376645512053845,0.9068953204361538,NZD_JPY,21,30,1,short,41
26.0,-0.07692307692307693,0.19940740610485724,-0.46776159288859714,0.3139154390424433,12.0,-0.16666666666666666,0.2972941950052816,-0.7493632888770185,0.41602995554368527,NZD_JPY,21,30,2,short,38
7.0,-0.42857142857142855,0.36885555678165877,-1.1515283198634798,0.29438546272062266,3.0,1.0,0.0,1.0,1.0,NZD_JPY,21,30,3,short,10
0.0,,,,,1.0,1.0,,,,NZD_JPY,21,30,4,short,1
86.0,0.06403387887562109,0.10777207312676983,-0.14719938445284778,0.27526714220409,37.0,-0.02702702702702703,0.16660578386402639,-0.35357436340051873,0.2995203093464647,NZD_JPY,21,35,1,short,123
51.0,0.011712528049813698,0.14051699701663342,-0.2637007861027878,0.2871258422024152,23.0,-0.043478260869565216,0.21299910806810243,-0.46095651268304594,0.37399999094391556,NZD_JPY,21,35,2,short,74
22.0,-0.45454545454545453,0.194371812299945,-0.8355142066533467,-0.07357670243756237,10.0,0.0,0.3333333333333333,-0.6533333333333333,0.6533333333333333,NZD_JPY,21,35,3,short,32
8.0,0.5,0.32732683535398854,-0.14156059729381754,1.1415605972938176,4.0,-0.5,0.5,-1.48,0.48,NZD_JPY,21,35,4,short,12
1.0,-1.0,,,,1.0,1.0,,,,NZD_JPY,28,20,1,long,2
0.0,,,,,1.0,1.0,,,,NZD_JPY,28,20,2,long,1
,,,,,,,,,,NZD_JPY,28,20,3,long,0
,,,,,,,,,,NZD_JPY,28,20,4,long,0
3.0,0.3333333333333333,0.6666666666666667,-0.9733333333333336,1.6400000000000001,2.0,0.0,1.0,-1.96,1.96,NZD_JPY,28,25,1,long,5
2.0,1.0,0.0,1.0,1.0,2.0,1.0,0.0,1.0,1.0,NZD_JPY,28,25,2,long,4
0.0,,,,,1.0,-1.0,,,,NZD_JPY,28,25,3,long,1
0.0,,,,,1.0,1.0,,,,NZD_JPY,28,25,4,long,1
14.0,0.14285714285714285,0.2745054065230065,-0.39517345392794984,0.6808877396422355,7.0,0.14285714285714285,0.40406101782088427,-0.6491024520717903,0.9348167377860761,NZD_JPY,28,30,1,long,21
9.0,0.3333333333333333,0.3333333333333333,-0.32,0.9866666666666666,5.0,1.0,0.0,1.0,1.0,NZD_JPY,28,30,2,long,14
2.0,-0.19991436235341042,0.8000856376465895,-1.7680822121407256,1.368253487433905,1.0,1.0,,,,NZD_JPY,28,30,3,long,3
1.0,-1.0,,,,1.0,1.0,,,,NZD_JPY,28,30,4,long,2
48.0,0.041666666666666664,0.1457383175777801,-0.24398043578578235,0.3273137691191157,21.0,-0.42857142857142855,0.20203050891044214,-0.8245512260358951,-0.03259163110696195,NZD_JPY,28,35,1,long,69
28.0,0.0,0.19245008972987526,-0.3772021758705555,0.3772021758705555,13.0,0.38461538461538464,0.2664693550105965,-0.1376645512053845,0.9068953204361538,NZD_JPY,28,35,2,long,41
7.0,0.6571673250418827,0.28187819507082085,0.10468606270307379,1.2096485873806917,4.0,0.0,0.5773502691896257,-1.1316065276116665,1.1316065276116665,NZD_JPY,28,35,3,long,11
7.0,0.42857142857142855,0.36885555678165877,-0.29438546272062266,1.1515283198634798,3.0,0.3333333333333333,0.6666666666666667,-0.9733333333333336,1.6400000000000001,NZD_JPY,28,35,4,long,10
,,,,,,,,,,NZD_JPY,28,20,1,short,0
,,,,,,,,,,NZD_JPY,28,20,2,short,0
0.0,,,,,1.0,-1.0,,,,NZD_JPY,28,20,3,short,1
,,,,,,,,,,NZD_JPY,28,20,4,short,0
4.0,-0.5,0.5,-1.48,0.48,3.0,1.0,0.0,1.0,1.0,NZD_JPY,28,25,1,short,7
3.0,-0.3333333333333333,0.6666666666666667,-1.6400000000000001,0.9733333333333336,2.0,1.0,0.0,1.0,1.0,NZD_JPY,28,25,2,short,5
1.0,-1.0,,,,1.0,-1.0,,,,NZD_JPY,28,25,3,short,2
,,,,,,,,,,NZD_JPY,28,25,4,short,0
13.0,0.38461538461538464,0.2664693550105965,-0.1376645512053845,0.9068953204361538,6.0,-0.3333333333333333,0.421637021355784,-1.15974189519067,0.4930752285240034,NZD_JPY,28,30,1,short,19
10.0,0.2,0.32659863237109044,-0.4401333194473372,0.8401333194473373,5.0,0.6,0.4,-0.18400000000000005,1.384,NZD_JPY,28,30,2,short,15
2.0,-1.0,0.0,-1.0,-1.0,1.0,-1.0,,,,NZD_JPY,28,30,3,short,3
,,,,,,,,,,NZD_JPY,28,30,4,short,0
50.0,0.07013827166606827,0.14143721838403497,-0.20707867636664024,0.3473552196987768,22.0,0.0,0.21821789023599236,-0.427707064862545,0.427707064862545,NZD_JPY,28,35,1,short,72
35.0,-0.04007603055598578,0.16977642418820815,-0.37283782196487375,0.29268576085290215,15.0,-0.06666666666666667,0.2666666666666666,-0.5893333333333332,0.45599999999999985,NZD_JPY,28,35,2,short,50
10.0,-0.4,0.30550504633038933,-0.9987898908075631,0.19878989080756304,5.0,0.2,0.48989794855663565,-0.7601999791710059,1.1601999791710058,NZD_JPY,28,35,3,short,15
1.0,1.0,,,,1.0,-1.0,,,,NZD_JPY,28,35,4,short,2
62.0,0.06451612903225806,0.12777013614329807,-0.18591333780860614,0.31494559587312226,27.0,-0.26725832943857303,0.18752460795728634,-0.6348065610348543,0.10028990215770822,AUD_JPY,7,20,1,long,89
24.0,-0.08333333333333333,0.20778914433245896,-0.49060005622495284,0.3239333895582862,11.0,0.4299441843348127,0.27795735381369857,-0.11485222914003651,0.9747405978096619,AUD_JPY,7,20,2,long,35
14.0,0.0,0.2773500981126146,-0.5436061923007246,0.5436061923007246,7.0,0.14285714285714285,0.40406101782088427,-0.6491024520717903,0.9348167377860761,AUD_JPY,7,20,3,long,21
8.0,0.0,0.3779644730092272,-0.7408103670980853,0.7408103670980853,4.0,0.0,0.5773502691896257,-1.1316065276116665,1.1316065276116665,AUD_JPY,7,20,4,long,12
106.0,0.0,0.09759000729485331,-0.1912764142979125,0.1912764142979125,46.0,-0.13512988901829287,0.1470724481628615,-0.4233918874175014,0.15313210938091565,AUD_JPY,7,25,1,long,152
48.0,-0.041666666666666664,0.1457383175777801,-0.3273137691191157,0.24398043578578235,21.0,0.3204469536991876,0.20916838013645864,-0.08952307136827137,0.7304169787666466,AUD_JPY,7,25,2,long,69
28.0,0.0,0.19245008972987526,-0.3772021758705555,0.3772021758705555,12.0,0.5,0.2611164839335468,-0.011788308509751766,1.0117883085097517,AUD_JPY,7,25,3,long,40
15.0,-0.06666666666666667,0.2666666666666666,-0.5893333333333332,0.45599999999999985,7.0,-0.42857142857142855,0.36885555678165877,-1.1515283198634798,0.29438546272062266,AUD_JPY,7,25,4,long,22
175.0,-0.005714285714285714,0.07580856663669487,-0.15429907632220768,0.14287050489363623,76.0,0.076105593488928,0.11484123189967255,-0.14898322103443018,0.3011944080122862,AUD_JPY,7,30,1,long,251
84.0,-0.023809523809523808,0.10973314326050672,-0.23888648460011697,0.19126743698106935,37.0,0.344037460207647,0.1553660270334716,0.03952004722204261,0.6485548731932513,AUD_JPY,7,30,2,long,121
39.0,0.07692307692307693,0.16174076401164517,-0.24008882053974762,0.39393497438590147,17.0,0.4117647058823529,0.22782254977690689,-0.034767491680384566,0.8582969034450905,AUD_JPY,7,30,3,long,56
23.0,0.13043478260869565,0.21137931948017294,-0.2838686835724433,0.5447382487898346,10.0,-0.2,0.32659863237109044,-0.8401333194473373,0.4401333194473372,AUD_JPY,7,30,4,long,33
246.0,0.0289372198900707,0.06373269218512861,-0.09597885679278138,0.1538532965729228,106.0,0.13003797269017478,0.0965823199968238,-0.059263374503599864,0.3193393198839494,AUD_JPY,7,35,1,long,352
132.0,-0.03552028633551341,0.08701569594223461,-0.20607105038229326,0.13503047771126644,57.0,0.2934980004856656,0.12717033481387607,0.04424414425046849,0.5427518567208627,AUD_JPY,7,35,2,long,189
60.0,0.13333333333333333,0.12902648671863043,-0.1195585806351823,0.38622524730184893,26.0,0.23076923076923078,0.19460170216420797,-0.1506501054726168,0.6121885670110784,AUD_JPY,7,35,3,long,86
34.0,0.23529411764705882,0.16919028897921254,-0.09631884875219776,0.5669070840463154,15.0,-0.2,0.26186146828319085,-0.7132484778350541,0.313248477835054,AUD_JPY,7,35,4,long,49
79.0,-0.21518987341772153,0.1105750307036291,-0.4319169335968346,0.0015371867613915013,34.0,0.058823529411764705,0.173776222559058,-0.281777866803989,0.3994249256275184,AUD_JPY,7,20,1,short,113
40.0,-0.2955180815593744,0.1522909437436181,-0.5940083312968658,0.0029721681781170184,18.0,0.1111111111111111,0.24103384202072908,-0.36131521924951787,0.58353744147174,AUD_JPY,7,20,2,short,58
23.0,-0.13043478260869565,0.21137931948017294,-0.5447382487898346,0.2838686835724433,10.0,0.2,0.3265986323710904,-0.4401333194473371,0.840133319447337,AUD_JPY,7,20,3,short,33
6.0,0.0,0.4472135954999579,-0.8765386471799175,0.8765386471799175,3.0,-1.0,0.0,-1.0,-1.0,AUD_JPY,7,20,4,short,9
140.0,-0.2,0.08310520332773326,-0.3628861985223572,-0.037113801477642816,60.0,0.053273562741846255,0.12895526971360527,-0.19947876589682006,0.30602589138051256,AUD_JPY,7,25,1,short,200
65.0,-0.31480031793136115,0.11771400154211577,-0.5455197609539081,-0.08408087490881425,28.0,0.21428571428571427,0.18797967114804776,-0.15415444116445934,0.5827258697358879,AUD_JPY,7,25,2,short,93
35.0,-0.08571428571428572,0.17086742893632048,-0.4206144464294739,0.24918587500090242,15.0,0.06666666666666667,0.2666666666666666,-0.45599999999999985,0.5893333333333332,AUD_JPY,7,25,3,short,50
9.0,-0.1111111111111111,0.35136418446315326,-0.7997849126588914,0.5775626904366693,4.0,-1.0,0.0,-1.0,-1.0,AUD_JPY,7,25,4,short,13
221.0,-0.14027149321266968,0.06675341013392935,-0.2711081770751712,-0.00943480935016816,95.0,-0.034696778859921666,0.10100588150731715,-0.2326683066142633,0.16327474889441995,AUD_JPY,7,30,1,short,316
108.0,-0.2172409320883192,0.09394434410006475,-0.40137184652444613,-0.03311001765219232,47.0,-0.02127659574468085,0.14740857936756402,-0.3101974113051063,0.26764421981574466,AUD_JPY,7,30,2,short,155
55.0,-0.037836788699953834,0.13474983123870324,-0.30194645792781216,0.2262728805279045,24.0,0.1347162927922621,0.20242557473804518,-0.26203783369430644,0.5314704192788307,AUD_JPY,7,30,3,short,79
14.0,-0.2857142857142857,0.26578871697687523,-0.8066601709889611,0.23523159956038975,7.0,-0.7142857142857143,0.28571428571428575,-1.2742857142857145,-0.15428571428571425,AUD_JPY,7,30,4,short,21
315.0,-0.09841269841269841,0.056159320136450336,-0.20848496588014107,0.011659569054744245,135.0,-0.1577495851236486,0.08407150385020698,-0.32252973267005425,0.007030562422757097,AUD_JPY,7,35,1,short,450
154.0,-0.1783248095164836,0.07930489371453432,-0.33376240119697087,-0.022887217835996343,67.0,0.10016610124072636,0.12201522521151026,-0.13898374017383375,0.3393159426552865,AUD_JPY,7,35,2,short,221
74.0,0.01241860299327756,0.11624377892534715,-0.21541920370040285,0.240256409686958,33.0,0.12827851597013,0.17274343438033138,-0.21029861541531947,0.4668556473555795,AUD_JPY,7,35,3,short,107
18.0,-0.4444444444444444,0.2172649691319564,-0.8702837839430789,-0.018605104945809914,9.0,-0.5555555555555556,0.2939723678960656,-1.1317413966318441,0.020630285520732983,AUD_JPY,7,35,4,short,27
10.0,0.4,0.3055050463303893,-0.19878989080756293,0.998789890807563,5.0,-0.6,0.4,-1.384,0.18400000000000005,AUD_JPY,14,20,1,long,15
2.0,0.0,1.0,-1.96,1.96,2.0,0.0,1.0,-1.96,1.96,AUD_JPY,14,20,2,long,4
1.0,1.0,,,,1.0,1.0,,,,AUD_JPY,14,20,3,long,2
1.0,1.0,,,,1.0,1.0,,,,AUD_JPY,14,20,4,long,2
31.0,0.16129032258064516,0.18018374250024446,-0.19186981271983397,0.5144504578811243,14.0,-0.14285714285714285,0.2745054065230065,-0.6808877396422355,0.39517345392794984,AUD_JPY,14,25,1,long,45
14.0,0.0,0.2773500981126146,-0.5436061923007246,0.5436061923007246,6.0,0.6666666666666666,0.33333333333333337,0.013333333333333197,1.32,AUD_JPY,14,25,2,long,20
5.0,0.2,0.48989794855663565,-0.7601999791710059,1.1601999791710058,3.0,0.3333333333333333,0.6666666666666667,-0.9733333333333336,1.6400000000000001,AUD_JPY,14,25,3,long,8
5.0,-0.2,0.48989794855663565,-1.1601999791710058,0.7601999791710059,3.0,0.3333333333333333,0.6666666666666667,-0.9733333333333336,1.6400000000000001,AUD_JPY,14,25,4,long,8
65.0,0.1076923076923077,0.12427303401079624,-0.13588283896885295,0.35126745435346834,28.0,-0.35714285714285715,0.17975796274454164,-0.7094684641221587,-0.004817250163555553,AUD_JPY,14,30,1,long,93
29.0,-0.034482758620689655,0.18886984741557453,-0.4046676595552157,0.3357021423138364,13.0,0.5384615384615384,0.24325212770525995,0.06168736815922893,1.015235708763848,AUD_JPY,14,30,2,long,42
15.0,0.2,0.26186146828319085,-0.313248477835054,0.7132484778350541,7.0,0.42857142857142855,0.36885555678165877,-0.29438546272062266,1.1515283198634798,AUD_JPY,14,30,3,long,22
11.0,0.09090909090909091,0.3149183286488867,-0.526330833242727,0.7081490150609089,5.0,-0.6,0.4,-1.384,0.18400000000000005,AUD_JPY,14,30,4,long,16
130.0,0.07692307692307693,0.08778421571653164,-0.09513398588132507,0.24898013972747893,56.0,-0.2181424088364549,0.13111642637300913,-0.47513060452755274,0.03884578685464299,AUD_JPY,14,35,1,long,186
60.0,0.0,0.13018891098082386,-0.25517026552241473,0.25517026552241473,26.0,0.37420715491088224,0.18351775480204874,0.014512355498866703,0.7339019543228977,AUD_JPY,14,35,2,long,86
30.0,0.06666666666666667,0.18528222234124034,-0.2964864891221644,0.4298198224554977,13.0,0.23076923076923078,0.2808833628231621,-0.319762160364167,0.7813006219026286,AUD_JPY,14,35,3,long,43
20.0,0.16497783684952724,0.22091544289522466,-0.2680164312251131,0.5979721049241675,9.0,-0.3333333333333333,0.3333333333333333,-0.9866666666666666,0.32,AUD_JPY,14,35,4,long,29
13.0,-0.23076923076923078,0.2808833628231621,-0.7813006219026286,0.319762160364167,6.0,0.0,0.4472135954999579,-0.8765386471799175,0.8765386471799175,AUD_JPY,14,20,1,short,19
11.0,-0.2727272727272727,0.30424000964875475,-0.869037691638832,0.32358314618428663,6.0,-0.3333333333333333,0.421637021355784,-1.15974189519067,0.4930752285240034,AUD_JPY,14,20,2,short,17
2.0,0.0,1.0,-1.96,1.96,2.0,1.0,0.0,1.0,1.0,AUD_JPY,14,20,3,short,4
0.0,,,,,1.0,1.0,,,,AUD_JPY,14,20,4,short,1
40.0,-0.35,0.15,-0.6439999999999999,-0.055999999999999994,18.0,0.0,0.24253562503633302,-0.4753698250712127,0.4753698250712127,AUD_JPY,14,25,1,short,58
22.0,-0.2727272727272727,0.20994555243259116,-0.6842205554951514,0.13876601004060596,10.0,0.2,0.3265986323710904,-0.4401333194473371,0.840133319447337,AUD_JPY,14,25,2,short,32
10.0,-0.2,0.3265986323710904,-0.840133319447337,0.4401333194473371,5.0,-0.2,0.48989794855663565,-1.1601999791710058,0.7601999791710059,AUD_JPY,14,25,3,short,15
3.0,-0.3333333333333333,0.6666666666666667,-1.6400000000000001,0.9733333333333336,2.0,-1.0,0.0,-1.0,-1.0,AUD_JPY,14,25,4,short,5
92.0,-0.15217391304347827,0.1036076230907595,-0.3552448543013669,0.05089702821441036,40.0,-0.1,0.1593255013631383,-0.4122779826717511,0.21227798267175105,AUD_JPY,14,30,1,short,132
46.0,-0.3004505057038039,0.14162811645995801,-0.5780416139653216,-0.022859397442286156,20.0,0.3,0.2188486619609662,-0.12894337744349377,0.7289433774434937,AUD_JPY,14,30,2,short,66
28.0,0.0,0.19245008972987526,-0.3772021758705555,0.3772021758705555,13.0,-0.23076923076923078,0.2808833628231621,-0.7813006219026286,0.319762160364167,AUD_JPY,14,30,3,short,41
5.0,-0.2,0.48989794855663565,-1.1601999791710058,0.7601999791710059,3.0,-1.0,0.0,-1.0,-1.0,AUD_JPY,14,30,4,short,8
166.0,-0.1927710843373494,0.07638972281516798,-0.34249494105507866,-0.043047227619620154,72.0,0.042339136922809675,0.11615589257190392,-0.18532641251812199,0.27000468636374136,AUD_JPY,14,35,1,short,238
84.0,-0.23596099121874972,0.10644510648700022,-0.44459339993327013,-0.027328582504229315,36.0,0.10308691064246295,0.16695958864952873,-0.22415388311061335,0.43032770439553925,AUD_JPY,14,35,2,short,120
44.0,-0.045454545454545456,0.15234094902916004,-0.34404280555169914,0.2531337146426082,19.0,0.11753636984285737,0.2280857082711259,-0.32951161836854936,0.5645843580542641,AUD_JPY,14,35,3,short,63
14.0,-0.14285714285714285,0.2745054065230065,-0.6808877396422355,0.39517345392794984,6.0,-0.6666666666666666,0.33333333333333337,-1.32,-0.013333333333333197,AUD_JPY,14,35,4,short,20
2.0,0.0,1.0,-1.96,1.96,1.0,-1.0,,,,AUD_JPY,21,20,1,long,3
0.0,,,,,1.0,-1.0,,,,AUD_JPY,21,20,2,long,1
,,,,,,,,,,AUD_JPY,21,20,3,long,0
0.0,,,,,1.0,-1.0,,,,AUD_JPY,21,20,4,long,1
12.0,0.5,0.2611164839335468,-0.011788308509751766,1.0117883085097517,6.0,-0.3333333333333333,0.421637021355784,-1.15974189519067,0.4930752285240034,AUD_JPY,21,25,1,long,18
2.0,0.0,1.0,-1.96,1.96,1.0,1.0,,,,AUD_JPY,21,25,2,long,3
0.0,,,,,1.0,-1.0,,,,AUD_JPY,21,25,3,long,1
2.0,0.0,1.0,-1.96,1.96,1.0,1.0,,,,AUD_JPY,21,25,4,long,3
32.0,0.1875,0.176419930663981,-0.1582830641014028,0.5332830641014028,14.0,-0.2857142857142857,0.26578871697687523,-0.8066601709889611,0.23523159956038975,AUD_JPY,21,30,1,long,46
17.0,0.29411764705882354,0.2389423060187047,-0.17420927273783765,0.7624445668554847,8.0,0.25,0.3659625273556999,-0.46728655361717175,0.9672865536171718,AUD_JPY,21,30,2,long,25
6.0,0.0,0.4472135954999579,-0.8765386471799175,0.8765386471799175,3.0,0.3333333333333333,0.6666666666666667,-0.9733333333333336,1.6400000000000001,AUD_JPY,21,30,3,long,9
5.0,-0.2,0.48989794855663565,-1.1601999791710058,0.7601999791710059,3.0,0.3333333333333333,0.6666666666666667,-0.9733333333333336,1.6400000000000001,AUD_JPY,21,30,4,long,8
70.0,0.22857142857142856,0.11719889585229606,-0.0011384072990717198,0.45828126444192885,31.0,-0.4838709677419355,0.15977785480435883,-0.7970355631584788,-0.1707063723253922,AUD_JPY,21,35,1,long,101
39.0,0.07692307692307693,0.16174076401164517,-0.24008882053974762,0.39393497438590147,17.0,0.5294117647058824,0.21209125149788172,0.11371291177003418,0.9451106176417305,AUD_JPY,21,35,2,long,56
18.0,0.1111111111111111,0.24103384202072908,-0.36131521924951787,0.58353744147174,8.0,0.25,0.3659625273556999,-0.46728655361717175,0.9672865536171718,AUD_JPY,21,35,3,long,26
11.0,0.2727272727272727,0.30424000964875475,-0.32358314618428663,0.869037691638832,6.0,-0.3333333333333333,0.421637021355784,-1.15974189519067,0.4930752285240034,AUD_JPY,21,35,4,long,17
2.0,-1.0,0.0,-1.0,-1.0,1.0,-1.0,,,,AUD_JPY,21,20,1,short,3
3.0,-1.0,0.0,-1.0,-1.0,2.0,1.0,0.0,1.0,1.0,AUD_JPY,21,20,2,short,5
0.0,,,,,1.0,-1.0,,,,AUD_JPY,21,20,3,short,1
,,,,,,,,,,AUD_JPY,21,20,4,short,0
11.0,0.09090909090909091,0.3149183286488867,-0.526330833242727,0.7081490150609089,6.0,0.3333333333333333,0.421637021355784,-0.4930752285240034,1.15974189519067,AUD_JPY,21,25,1,short,17
9.0,-0.1111111111111111,0.35136418446315326,-0.7997849126588914,0.5775626904366693,5.0,-0.2,0.48989794855663565,-1.1601999791710058,0.7601999791710059,AUD_JPY,21,25,2,short,14
2.0,0.0,1.0,-1.96,1.96,2.0,1.0,0.0,1.0,1.0,AUD_JPY,21,25,3,short,4
1.0,1.0,,,,1.0,-1.0,,,,AUD_JPY,21,25,4,short,2
42.0,-0.38095238095238093,0.14439742611775322,-0.6639713361431772,-0.09793342576158465,19.0,-0.2631578947368421,0.2273944104704512,-0.7088509392589264,0.18253514978524227,AUD_JPY,21,30,1,short,61
24.0,-0.3333333333333333,0.19658927487319622,-0.718648312084798,0.05198164541813127,11.0,0.09090909090909091,0.3149183286488867,-0.526330833242727,0.7081490150609089,AUD_JPY,21,30,2,short,35
8.0,-0.25,0.3659625273556999,-0.9672865536171718,0.46728655361717175,4.0,-0.5,0.5,-1.48,0.48,AUD_JPY,21,30,3,short,12
2.0,0.0,1.0,-1.96,1.96,1.0,-1.0,,,,AUD_JPY,21,30,4,short,3
105.0,-0.10476190476190476,0.09751848657634582,-0.29589813845154256,0.08637432892773304,45.0,-0.1734130274553161,0.1468272792285164,-0.4611944947432083,0.11436843983257608,AUD_JPY,21,35,1,short,150
52.0,-0.2273216011995188,0.13590998392610215,-0.49370516969467904,0.0390619672956414,23.0,0.13043478260869565,0.21137931948017294,-0.2838686835724433,0.5447382487898346,AUD_JPY,21,35,2,short,75
29.0,0.034482758620689655,0.18886984741557453,-0.3357021423138364,0.4046676595552157,13.0,0.07692307692307693,0.2878197989826109,-0.48720372908284043,0.6410498829289943,AUD_JPY,21,35,3,short,42
7.0,-0.42857142857142855,0.36885555678165877,-1.1515283198634798,0.29438546272062266,4.0,-0.5,0.5,-1.48,0.48,AUD_JPY,21,35,4,short,11
,,,,,,,,,,AUD_JPY,28,20,1,long,0
,,,,,,,,,,AUD_JPY,28,20,2,long,0
,,,,,,,,,,AUD_JPY,28,20,3,long,0
0.0,,,,,1.0,-1.0,,,,AUD_JPY,28,20,4,long,1
4.0,0.5,0.5,-0.48,1.48,2.0,-1.0,0.0,-1.0,-1.0,AUD_JPY,28,25,1,long,6
2.0,1.0,0.0,1.0,1.0,1.0,1.0,,,,AUD_JPY,28,25,2,long,3
,,,,,,,,,,AUD_JPY,28,25,3,long,0
0.0,,,,,1.0,-1.0,,,,AUD_JPY,28,25,4,long,1
19.0,0.2631578947368421,0.22739441047045122,-0.18253514978524232,0.7088509392589265,9.0,-0.3333333333333333,0.3333333333333333,-0.9866666666666666,0.32,AUD_JPY,28,30,1,long,28
4.0,0.5,0.5,-0.48,1.48,3.0,0.3333333333333333,0.6666666666666667,-0.9733333333333336,1.6400000000000001,AUD_JPY,28,30,2,long,7
2.0,-1.0,0.0,-1.0,-1.0,2.0,0.0,1.0,-1.96,1.96,AUD_JPY,28,30,3,long,4
3.0,0.3333333333333333,0.6666666666666667,-0.9733333333333336,1.6400000000000001,2.0,1.0,0.0,1.0,1.0,AUD_JPY,28,30,4,long,5
48.0,0.20833333333333334,0.1426644047676464,-0.07128890001125363,0.4879555666779203,21.0,-0.23809523809523808,0.21717627144745486,-0.6637607301322496,0.1875702539417734,AUD_JPY,28,35,1,long,69
28.0,0.35714285714285715,0.17975796274454164,0.004817250163555553,0.7094684641221587,12.0,0.16666666666666666,0.2972941950052816,-0.41602995554368527,0.7493632888770185,AUD_JPY,28,35,2,long,40
11.0,-0.2727272727272727,0.30424000964875475,-0.869037691638832,0.32358314618428663,5.0,0.2,0.48989794855663565,-0.7601999791710059,1.1601999791710058,AUD_JPY,28,35,3,long,16
9.0,0.3333333333333333,0.3333333333333333,-0.32,0.9866666666666666,5.0,-0.2,0.48989794855663565,-1.1601999791710058,0.7601999791710059,AUD_JPY,28,35,4,long,14
1.0,-1.0,,,,1.0,-1.0,,,,AUD_JPY,28,20,1,short,2
2.0,-1.0,0.0,-1.0,-1.0,2.0,0.0,1.0,-1.96,1.96,AUD_JPY,28,20,2,short,4
0.0,,,,,1.0,-1.0,,,,AUD_JPY,28,20,3,short,1
,,,,,,,,,,AUD_JPY,28,20,4,short,0
4.0,-0.5,0.5,-1.48,0.48,2.0,-1.0,0.0,-1.0,-1.0,AUD_JPY,28,25,1,short,6
4.0,-0.5,0.5,-1.48,0.48,2.0,1.0,0.0,1.0,1.0,AUD_JPY,28,25,2,short,6
0.0,,,,,1.0,-1.0,,,,AUD_JPY,28,25,3,short,1
,,,,,,,,,,AUD_JPY,28,25,4,short,0
22.0,-0.09090909090909091,0.21731429260625335,-0.5168451044173474,0.33502692259916567,10.0,0.2,0.32659863237109044,-0.4401333194473372,0.8401333194473373,AUD_JPY,28,30,1,short,32
13.0,-0.23076923076923078,0.2808833628231621,-0.7813006219026286,0.319762160364167,6.0,0.3333333333333333,0.421637021355784,-0.4930752285240034,1.15974189519067,AUD_JPY,28,30,2,short,19
3.0,0.3333333333333333,0.6666666666666667,-0.9733333333333336,1.6400000000000001,2.0,0.0,1.0,-1.96,1.96,AUD_JPY,28,30,3,short,5
2.0,0.0,1.0,-1.96,1.96,1.0,-1.0,,,,AUD_JPY,28,30,4,short,3
67.0,-0.16417910447761194,0.12142120662793537,-0.40216466946836527,0.07380646051314138,30.0,-0.2,0.18194353045893685,-0.5566093196995162,0.1566093196995162,AUD_JPY,28,35,1,short,97
35.0,-0.2571428571428571,0.1657316710671738,-0.5819769324345178,0.06769121814880352,16.0,0.25,0.25,-0.24,0.74,AUD_JPY,28,35,2,short,51
15.0,-0.06666666666666667,0.2666666666666666,-0.5893333333333332,0.45599999999999985,7.0,0.14285714285714285,0.40406101782088427,-0.6491024520717903,0.9348167377860761,AUD_JPY,28,35,3,short,22
4.0,-0.5,0.5,-1.48,0.48,2.0,-1.0,0.0,-1.0,-1.0,AUD_JPY,28,35,4,short,6
67.0,-0.01828879849138524,0.09884435477155408,-0.2120237338436312,0.17544613686086075,29.0,-0.08157635239269692,0.15925322744038142,-0.39371267817584454,0.23055997339045067,USD_SGD,7,20,1,long,96
37.0,-0.14758470771079993,0.1326853510451757,-0.4076479957593443,0.11247858033774447,17.0,0.22964387886892332,0.18644941316365932,-0.13579697093184892,0.5950847286696955,USD_SGD,7,20,2,long,54
16.0,0.06311664001130343,0.14292187659892186,-0.21701023812258338,0.3432435181451903,8.0,0.28013242514056724,0.32513026662395794,-0.35712289744239034,0.9173877477235248,USD_SGD,7,20,3,long,24
7.0,0.18022577574148718,0.3417962487960044,-0.4896948718986814,0.8501464233816558,4.0,-0.3850081029205265,0.3580403603895348,-1.0867672092840146,0.31675100344296164,USD_SGD,7,20,4,long,11
125.0,-0.029455300331866135,0.07068223609645127,-0.16799248308091064,0.10908188241717837,54.0,-0.03165961940640013,0.11878744416099013,-0.2644830099619408,0.20116377114914052,USD_SGD,7,25,1,long,179
66.0,-0.13593706516006004,0.09805509343895576,-0.32812504830041334,0.05625091798029325,29.0,0.04933909334502005,0.1518378405300971,-0.24826307409397028,0.3469412607840104,USD_SGD,7,25,2,long,95
24.0,-0.0711342629901121,0.14185806035904538,-0.34917606129384104,0.20690753531361683,11.0,-0.06899459989776928,0.29380224111642284,-0.644846992485958,0.5068577926904195,USD_SGD,7,25,3,long,35
14.0,-0.10501033783604526,0.2169336304024934,-0.5302002534249323,0.3201795777528418,7.0,0.02916463640013623,0.3124616510407198,-0.5832601996396746,0.641589472439947,USD_SGD,7,25,4,long,21
196.0,-0.031363433577769,0.05656707614708328,-0.14223490282605222,0.07950803567051423,84.0,-0.03778684533849615,0.09642974281916433,-0.22678914126405825,0.15121545058706592,USD_SGD,7,30,1,long,280
98.0,-0.010705722827899165,0.0800331499574538,-0.1675706967445086,0.14615925108871028,43.0,-0.024538997092574764,0.1354838415908303,-0.29008732661060216,0.2410093324254526,USD_SGD,7,30,2,long,141
39.0,0.09740724353443699,0.1268196392573732,-0.15115924941001446,0.34597373647888846,18.0,0.03360589417134103,0.22817762458748372,-0.4136222500201271,0.48083403836280914,USD_SGD,7,30,3,long,57
23.0,-0.04162816349673915,0.15876207009269014,-0.35280182087841183,0.26954549388493354,11.0,-0.09166665832323902,0.2496865945044375,-0.5810523835519366,0.3977190669054585,USD_SGD,7,30,4,long,34
303.0,0.001593488622003652,0.04531656679604322,-0.08722698229824107,0.09041395954224836,130.0,0.042747750723354856,0.0755796274182762,-0.1053883190164665,0.1908838204631762,USD_SGD,7,35,1,long,433
147.0,-0.014070320304332322,0.06629436212193476,-0.14400727006332448,0.11586662945465982,63.0,0.24709906744489424,0.10324144698890934,0.04474583134663193,0.4494523035431566,USD_SGD,7,35,2,long,210
62.0,0.0931290474910803,0.10260693752636013,-0.10798055006058556,0.29423864504274616,28.0,-0.024977928547355803,0.17446554063092248,-0.3669303881839639,0.3169745310892523,USD_SGD,7,35,3,long,90
35.0,-0.16734863204116637,0.1333306969924016,-0.42867679814627346,0.09397953406394075,15.0,-0.07920724833366674,0.19949607225685692,-0.47021954995710635,0.3118050532897728,USD_SGD,7,35,4,long,50
63.0,-0.002567873207790907,0.1075021413034068,-0.2132720701624682,0.20813632374688643,28.0,0.1399785394278009,0.14754610195160453,-0.14921182039734396,0.42916889925294577,USD_SGD,7,20,1,short,91
32.0,-0.16459824845268395,0.15211693973385138,-0.46274745033103265,0.13355095342566475,15.0,0.032653950364039265,0.19943451927010103,-0.3582377074053587,0.4235456081334373,USD_SGD,7,20,2,short,47
15.0,-0.031472046948294884,0.23803481458158401,-0.49802028352819955,0.4350761896316098,7.0,0.15962730443430365,0.31623346169154437,-0.4601902804811233,0.7794448893497306,USD_SGD,7,20,3,short,22
7.0,-0.14285714285714285,0.40406101782088427,-0.9348167377860761,0.6491024520717903,3.0,-0.37356168272195917,0.31760945264725876,-0.9960762099105864,0.24895284446666804,USD_SGD,7,20,4,short,10
128.0,0.0844321672447722,0.07636102577809228,-0.06523544328028866,0.23409977776983307,55.0,0.08290390895278921,0.10921728898278472,-0.13116197745346886,0.2969697953590473,USD_SGD,7,25,1,short,183
59.0,-0.05165412846635657,0.11500736758534554,-0.2770685689336338,0.17376031200092068,26.0,-0.04893223488608002,0.14944665386073325,-0.34184767645311714,0.24398320668095713,USD_SGD,7,25,2,short,85
25.0,-0.09114256226922653,0.18203724311646705,-0.4479355587775019,0.2656504342390489,11.0,0.10158101191273868,0.2741103246501122,-0.43567522440148126,0.6388372482269586,USD_SGD,7,25,3,short,36
17.0,-0.12217124352398043,0.2047635073687808,-0.5235077179667907,0.27916523091882994,8.0,-0.073736696872284,0.30654009185303965,-0.6745552769042418,0.5270818831596737,USD_SGD,7,25,4,short,25
209.0,0.15106491705911926,0.058049135012807146,0.03728861243401725,0.26484122168422125,90.0,0.10345955658942611,0.08883440527827616,-0.07065587775599515,0.2775749909348474,USD_SGD,7,30,1,short,299
96.0,0.057227880445133876,0.08872612213365204,-0.11667531893682412,0.23113107982709188,42.0,-0.08639323722392037,0.12708365543455394,-0.3354772018756461,0.16269072742780535,USD_SGD,7,30,2,short,138
48.0,0.04862903032300996,0.1287421803263507,-0.2037056431166374,0.30096370376265735,21.0,0.0027167592203682167,0.19347546401420507,-0.3764951502474737,0.3819286686882102,USD_SGD,7,30,3,short,69
27.0,0.07245354741376131,0.1602231434251309,-0.24158381369949522,0.38649090852701784,12.0,-0.182847136766934,0.23389179354483214,-0.641275052114805,0.275580778580937,USD_SGD,7,30,4,short,39
308.0,0.09427588754947755,0.04815297224760341,-0.00010393805582513405,0.18865571315478025,133.0,0.12913719532110637,0.07315499667944751,-0.014246598170610747,0.2725209888128235,USD_SGD,7,35,1,short,441
144.0,0.024582875214051343,0.07222819390596158,-0.11698438484163337,0.16615013526973604,62.0,-0.04412675492107478,0.10460538962605974,-0.24915331858815187,0.1608998087460023,USD_SGD,7,35,2,short,206
70.0,0.07594188141209302,0.10308909764580237,-0.12611274997367963,0.27799651279786564,31.0,-0.043068288180292125,0.1495435015719667,-0.33617355126134685,0.2500369749007626,USD_SGD,7,35,3,short,101
39.0,0.09678326498361663,0.1324829110350911,-0.16288324064516196,0.3564497706123952,17.0,-0.15925597696542668,0.1966773677430601,-0.5447436177418244,0.22623166381097112,USD_SGD,7,35,4,short,56
8.0,0.315793005555696,0.24927134400333362,-0.17277882869083788,0.8043648398022298,4.0,-0.36217320090597604,0.31059963677659114,-0.9709484889880947,0.24660208717614263,USD_SGD,14,20,1,long,12
2.0,0.0,1.0,-1.96,1.96,2.0,-0.8698895599330232,0.13011044006697686,-1.1249060224642977,-0.6148730974017486,USD_SGD,14,20,2,long,4
1.0,1.0,,,,1.0,-0.38862707435284527,,,,USD_SGD,14,20,3,long,2
,,,,,,,,,,USD_SGD,14,20,4,long,0
28.0,0.11684194031035318,0.15558280928002022,-0.18810036587848644,0.42178424649919277,12.0,-0.023423004989038692,0.2567845319057828,-0.5267206875243731,0.47987467754629565,USD_SGD,14,25,1,long,40
18.0,-0.28228403878117897,0.1917277531972562,-0.6580704350478012,0.09350235748544322,8.0,-0.1717827319888755,0.21326094158954823,-0.5897741775043901,0.24620871352663903,USD_SGD,14,25,2,long,26
9.0,0.34817326241966845,0.1700247038063072,0.01492484295930635,0.6814216818800305,4.0,0.6528432314117887,0.3471567685882113,-0.027584035021105513,1.333270497844683,USD_SGD,14,25,3,long,13
4.0,-0.16145848673165858,0.5017600872095861,-1.1449082576624472,0.8219912841991301,3.0,-0.24992878507561622,0.39553555310955035,-1.025178469170335,0.5253208990191025,USD_SGD,14,25,4,long,7
79.0,-0.007883148327201498,0.0895905808269636,-0.18348068674805015,0.16771439009364716,34.0,0.026146779008648226,0.15124428137864832,-0.2702920124935025,0.3225855705107989,USD_SGD,14,30,1,long,113
41.0,-0.07724117821055013,0.12706451155363183,-0.32628762085566854,0.17180526443456826,18.0,-0.03630515344541216,0.1738864594403587,-0.3771226139485152,0.30451230705769083,USD_SGD,14,30,2,long,59
16.0,0.016049226032741,0.14214372718503365,-0.262552479249925,0.294650931315407,8.0,0.5078552324368026,0.2768289732540436,-0.03472955514112275,1.0504400200147281,USD_SGD,14,30,3,long,24
9.0,-0.10814636034535138,0.26787289307722956,-0.6331772307767213,0.41688451008601846,4.0,-0.3723125596247059,0.36414879491667107,-1.0860441976613813,0.3414190784119694,USD_SGD,14,30,4,long,13
167.0,0.04326955577369347,0.0591078878268639,-0.07258190436695977,0.15912101591434671,72.0,0.04282468122434083,0.1030837978436297,-0.15921956254917338,0.24486892499785504,USD_SGD,14,35,1,long,239
82.0,-0.025481186622702094,0.0882184749279178,-0.19838939748142098,0.14742702423601678,36.0,0.09063092781250696,0.1340587355189009,-0.1721241938045388,0.35338604942955276,USD_SGD,14,35,2,long,118
33.0,0.2157828173312154,0.1285587480911762,-0.03619232892748997,0.4677579635899208,15.0,0.08273729340830253,0.25302789385579805,-0.41319737854906163,0.5786719653656667,USD_SGD,14,35,3,long,48
16.0,-0.18630868513548182,0.19238209659791575,-0.5633775944673967,0.19076022419643301,7.0,-0.2187931884192366,0.2840100089508216,-0.7754528059628469,0.3378664291243738,USD_SGD,14,35,4,long,23
6.0,0.0,0.4472135954999579,-0.8765386471799175,0.8765386471799175,3.0,0.35265187060368436,0.3510077196826119,-0.335323259974235,1.0406270011816037,USD_SGD,14,20,1,short,9
7.0,-0.4407422674409179,0.282736255059008,-0.9949053273565736,0.11342079247473785,3.0,-0.04665214990725112,0.5792320402259376,-1.1819469487500889,1.0886426489355865,USD_SGD,14,20,2,short,10
2.0,-1.0,0.0,-1.0,-1.0,2.0,1.0,0.0,1.0,1.0,USD_SGD,14,20,3,short,4
0.0,,,,,1.0,-1.0,,,,USD_SGD,14,20,4,short,1
23.0,-0.18719886781740167,0.19535276449672856,-0.5700902862309897,0.19569255059618632,10.0,0.24936297922292514,0.2561183793907147,-0.2526290443828756,0.7513550028287259,USD_SGD,14,25,1,short,33
21.0,-0.33359453005080414,0.17500244444616422,-0.6765993211652861,0.00941026106367776,10.0,-0.00017305748713772467,0.2602608204344603,-0.5102842655386799,0.5099381505644045,USD_SGD,14,25,2,short,31
6.0,-0.23889085706929966,0.3791110326610731,-0.981948481085003,0.5041667669464036,3.0,0.5403360036402405,0.4596639963597595,-0.36060542922488814,1.441277436505369,USD_SGD,14,25,3,short,9
4.0,0.0,0.5773502691896257,-1.1316065276116665,1.1316065276116665,2.0,-1.0,0.0,-1.0,-1.0,USD_SGD,14,25,4,short,6
70.0,-0.01425437364363911,0.10633212436706871,-0.22266533740309377,0.19415659011581557,31.0,0.2659210913060014,0.13898117065289473,-0.006482003173672257,0.5383241857856751,USD_SGD,14,30,1,short,101
44.0,-0.16831812521112602,0.13023081106862092,-0.42357051490562303,0.08693426448337097,20.0,0.10039938171390424,0.1718968225841239,-0.23651839055097862,0.43731715397878707,USD_SGD,14,30,2,short,64
16.0,0.03299495598597356,0.23180594427474227,-0.4213446947925213,0.48733460676446844,7.0,-0.06585787472764373,0.3836592270763011,-0.8178299597971939,0.6861142103419064,USD_SGD,14,30,3,short,23
10.0,-0.19251222519795957,0.29173118491812805,-0.7643053476374906,0.3792808972415714,5.0,-0.3563187389223024,0.29712418893906184,-0.9386821492428636,0.22604467139825873,USD_SGD,14,30,4,short,15
146.0,0.13472067434254706,0.06956195675308462,-0.0016207608934987738,0.2710621095785929,63.0,-0.007976456853019944,0.10291017020709389,-0.20968039045892398,0.19372747675288407,USD_SGD,14,35,1,short,209
77.0,-0.062199819897791234,0.09943064414328313,-0.2570838824186262,0.13268424262304368,33.0,-0.13870383305522907,0.1359695875438865,-0.4052042246412466,0.12779655853078845,USD_SGD,14,35,2,short,110
37.0,0.04640585990667247,0.1521841809029338,-0.2518751346630778,0.3446868544764227,16.0,-0.16112791716786914,0.2056291814635056,-0.5641611128363401,0.2419052785006018,USD_SGD,14,35,3,short,53
23.0,-0.1731874312321035,0.17215177513377042,-0.5106049104942936,0.1642300480300865,10.0,-0.06252877776726272,0.23349588223293877,-0.5201807069438227,0.39512315140929727,USD_SGD,14,35,4,short,33
0.0,,,,,1.0,0.47341899254353387,,,,USD_SGD,21,20,1,long,1
1.0,-0.7397791198660463,,,,1.0,-1.0,,,,USD_SGD,21,20,2,long,2
,,,,,,,,,,USD_SGD,21,20,3,long,0
,,,,,,,,,,USD_SGD,21,20,4,long,0
9.0,0.4275751601057974,0.2310002426024631,-0.025185315395030272,0.880335635606625,4.0,-0.2339491932627693,0.4307110540588682,-1.078142859218151,0.6102444726926124,USD_SGD,21,25,1,long,13
2.0,-0.8698895599330232,0.13011044006697686,-1.1249060224642977,-0.6148730974017486,2.0,-0.29773810636507514,0.7022618936349247,-1.6741714178895277,1.0786952051593772,USD_SGD,21,25,2,long,4
0.0,,,,,1.0,-0.38862707435284527,,,,USD_SGD,21,25,3,long,1
,,,,,,,,,,USD_SGD,21,25,4,long,0
33.0,0.04197485993014191,0.13376522746235006,-0.22020498589606421,0.30415470575634806,15.0,0.047928262675435714,0.2357963398838257,-0.41423256349686266,0.5100890888477341,USD_SGD,21,30,1,long,48
14.0,-0.4875772184201175,0.1976026712272744,-0.8748784540255753,-0.10027598281465966,7.0,-0.11292533642103567,0.23668836387292475,-0.5768345296119681,0.35098385676989685,USD_SGD,21,30,2,long,21
7.0,0.12378214021385449,0.16630823227655658,-0.20218199504819645,0.4497462754759054,4.0,0.6528432314117887,0.3471567685882113,-0.027584035021105513,1.333270497844683,USD_SGD,21,30,3,long,11
4.0,-0.16145848673165858,0.5017600872095861,-1.1449082576624472,0.8219912841991301,3.0,-0.24992878507561622,0.39553555310955035,-1.025178469170335,0.5253208990191025,USD_SGD,21,30,4,long,7
95.0,0.007197628406793112,0.07809288998204471,-0.14586443595801452,0.16025969277160074,41.0,0.04607293869009853,0.14099337280727584,-0.2302740720121621,0.3224199493923592,USD_SGD,21,35,1,long,136
49.0,-0.011140608623490561,0.11251907062848529,-0.23167798705532172,0.2093967698083406,22.0,0.07567461040175384,0.17128706550118863,-0.2600480379805759,0.41139725878408356,USD_SGD,21,35,2,long,71
20.0,0.16533542569627002,0.13868801300445263,-0.10649307979245715,0.4371639311849972,9.0,0.4012636584052394,0.30509375359854646,-0.19672009864791168,0.9992474154583906,USD_SGD,21,35,3,long,29
11.0,-0.11574406222134263,0.21753187333711618,-0.5421065339620903,0.31061840951940506,5.0,-0.4978500476997647,0.3087430449674191,-1.1029864158359062,0.10728632043637676,USD_SGD,21,35,4,long,16
0.0,,,,,1.0,-1.0,,,,USD_SGD,21,20,1,short,1
1.0,-1.0,,,,1.0,-1.0,,,,USD_SGD,21,20,2,short,2
0.0,,,,,1.0,-1.0,,,,USD_SGD,21,20,3,short,1
,,,,,,,,,,USD_SGD,21,20,4,short,0
6.0,-0.6666666666666666,0.33333333333333337,-1.32,-0.013333333333333197,3.0,0.5979220257085066,0.40207797429149333,-0.19015080390282035,1.3859948553198336,USD_SGD,21,25,1,short,9
8.0,-0.707008411040484,0.13655548510097082,-0.9746571618383868,-0.43935966024258116,4.0,0.21501088756956166,0.48602718380121795,-0.7376023926808255,1.1676241678199488,USD_SGD,21,25,2,short,12
2.0,-1.0,0.0,-1.0,-1.0,2.0,1.0,0.0,1.0,1.0,USD_SGD,21,25,3,short,4
,,,,,,,,,,USD_SGD,21,25,4,short,0
27.0,-0.2937582846927588,0.16435775888329157,-0.6158994921040102,0.028382922718492687,12.0,0.20780248268577095,0.2462957798685605,-0.2749372458566076,0.6905422112281495,USD_SGD,21,30,1,short,39
23.0,-0.41423043813245025,0.16648358193423848,-0.7405382587235576,-0.08792261754134284,10.0,-0.00017305748713772467,0.2602608204344603,-0.5102842655386799,0.5099381505644045,USD_SGD,21,30,2,short,33
4.0,-0.5,0.5,-1.48,0.48,2.0,1.0,0.0,1.0,1.0,USD_SGD,21,30,3,short,6
5.0,-0.6,0.4000000000000001,-1.3840000000000001,0.18400000000000016,3.0,-0.4897361756041316,0.5102638243958685,-1.4898532714200339,0.5103809202117706,USD_SGD,21,30,4,short,8
79.0,-0.02482759808714314,0.09577487986753846,-0.21254636262751853,0.16289116645323226,35.0,0.11107700511866372,0.13463849352644236,-0.15281444219316329,0.3749684524304907,USD_SGD,21,35,1,short,114
53.0,-0.1892297586813117,0.11476940476450671,-0.41417779201974486,0.03571827465712146,23.0,-0.044794179744328706,0.17001762174846582,-0.37802871837132174,0.28844035888266434,USD_SGD,21,35,2,short,76
17.0,-0.027769453189671948,0.22606340406782852,-0.4708537251626158,0.4153148187832719,8.0,-0.3059844399750184,0.3073482329417565,-0.9083869765408612,0.29641809659082435,USD_SGD,21,35,3,short,25
14.0,-0.16637824590346093,0.2316235535656054,-0.6203604108920475,0.2876039190851256,7.0,-0.2881267261447366,0.2693425964916309,-0.8160382152683332,0.23978476297885992,USD_SGD,21,35,4,short,21
,,,,,,,,,,USD_SGD,28,20,1,long,0
,,,,,,,,,,USD_SGD,28,20,2,long,0
,,,,,,,,,,USD_SGD,28,20,3,long,0
,,,,,,,,,,USD_SGD,28,20,4,long,0
0.0,,,,,1.0,0.47341899254353387,,,,USD_SGD,28,25,1,long,1
1.0,-0.7397791198660463,,,,1.0,-1.0,,,,USD_SGD,28,25,2,long,2
,,,,,,,,,,USD_SGD,28,25,3,long,0
,,,,,,,,,,USD_SGD,28,25,4,long,0
12.0,0.34927605079157403,0.21569482584082095,-0.07348580785643499,0.7720379094395831,6.0,0.03863666178406048,0.3398142467172078,-0.6273992617816668,0.7046725853497877,USD_SGD,28,30,1,long,18
7.0,-0.07483350967844189,0.32975944184856193,-0.7211620157016233,0.5714949963447394,3.0,-0.38475437236599824,0.4146835174354617,-1.1975340665395031,0.4280253218075067,USD_SGD,28,30,2,long,10
4.0,0.27045996281137297,0.26860119710536007,-0.2559983835151327,0.7969183091378786,2.0,0.30568646282357737,0.6943135371764225,-1.0551680700422108,1.6665409956893655,USD_SGD,28,30,3,long,6
1.0,1.0,,,,1.0,-0.0925856228829556,,,,USD_SGD,28,30,4,long,2
51.0,0.058830605424616246,0.1057618606567697,-0.14846264146265237,0.26612385231188485,23.0,0.034311069387714076,0.1870602693546486,-0.3323270585473972,0.4009491973228253,USD_SGD,28,35,1,long,74
23.0,-0.3450142484738954,0.15318484168476387,-0.6452565381760326,-0.044771958771758213,11.0,0.10583694469570869,0.22558036347334037,-0.3363005677120384,0.5479744571034558,USD_SGD,28,35,2,long,34
11.0,0.20008496657675823,0.14351321367673428,-0.08120093222964098,0.48137086538315743,5.0,-0.07772541487056905,0.453917657859663,-0.9674040242755085,0.8119531945343704,USD_SGD,28,35,3,long,16
7.0,-0.19635081042256047,0.27030492889004265,-0.726148471047044,0.33344685020192316,3.0,-0.5524002441146311,0.44759975588536893,-1.4296957656499543,0.324895277420692,USD_SGD,28,35,4,long,10
0.0,,,,,1.0,-1.0,,,,USD_SGD,28,20,1,short,1
0.0,,,,,1.0,-1.0,,,,USD_SGD,28,20,2,short,1
0.0,,,,,1.0,-1.0,,,,USD_SGD,28,20,3,short,1
,,,,,,,,,,USD_SGD,28,20,4,short,0
4.0,-1.0,0.0,-1.0,-1.0,2.0,1.0,0.0,1.0,1.0,USD_SGD,28,25,1,short,6
2.0,-1.0,0.0,-1.0,-1.0,1.0,1.0,,,,USD_SGD,28,25,2,short,3
2.0,0.0,1.0,-1.96,1.96,1.0,1.0,,,,USD_SGD,28,25,3,short,3
,,,,,,,,,,USD_SGD,28,25,4,short,0
12.0,-0.4349127928737169,0.2578781570502934,-0.940353980692292,0.07052839494485813,6.0,0.45159375909322413,0.21364776247148626,0.03284414464911106,0.8703433735373372,USD_SGD,28,30,1,short,18
13.0,-0.6043065749191747,0.15552027940100582,-0.9091263225451461,-0.2994868272932033,6.0,0.47667392504637446,0.349107415318171,-0.20757660897724078,1.1609244590699896,USD_SGD,28,30,2,short,19
2.0,-1.0,0.0,-1.0,-1.0,2.0,1.0,0.0,1.0,1.0,USD_SGD,28,30,3,short,4
3.0,-0.3333333333333333,0.6666666666666667,-1.6400000000000001,0.9733333333333336,2.0,-1.0,0.0,-1.0,-1.0,USD_SGD,28,30,4,short,5
49.0,-0.09231521089793522,0.12585860856125683,-0.3389980836779986,0.15436766188212814,21.0,0.25466533737002556,0.16757714367765245,-0.07378586423817324,0.5831165389782244,USD_SGD,28,35,1,short,70
39.0,-0.16126996638011815,0.13020246145462316,-0.41646679083117955,0.09392685807094325,18.0,-0.07141272880118224,0.18304030074025893,-0.4301717182520898,0.28734626064972524,USD_SGD,28,35,2,short,57
9.0,-0.3991626706755696,0.28272551725444967,-0.953304684494291,0.1549793431431517,5.0,-0.2,0.48989794855663565,-1.1601999791710058,0.7601999791710059,USD_SGD,28,35,3,short,14
9.0,-0.22899768817836202,0.3234312349921077,-0.8629229087628931,0.404927532406169,4.0,-0.4531006309689985,0.3626661665695625,-1.163926317445341,0.257725055507344,USD_SGD,28,35,4,short,13
69.0,-0.07799918958789019,0.12029531832858886,-0.31377801351192436,0.15777963433614395,30.0,0.0666666666666663,0.18528222234124028,-0.29648648912216463,0.42981982245549727,USD_PLN,7,20,1,long,99
34.0,-0.012327674706523753,0.17235971126195587,-0.35015270877995724,0.32549735936690977,15.0,-0.2,0.26186146828319085,-0.7132484778350541,0.313248477835054,USD_PLN,7,20,2,long,49
20.0,-0.39999999999999947,0.21026299321513892,-0.8121154667016717,0.012115466701672795,9.0,-0.1111111111111111,0.35136418446315326,-0.7997849126588914,0.5775626904366693,USD_PLN,7,20,3,long,29
9.0,0.1111111111111111,0.35136418446315326,-0.5775626904366693,0.7997849126588914,5.0,0.6,0.4000000000000001,-0.18400000000000016,1.3840000000000001,USD_PLN,7,20,4,long,14
127.0,-0.11586035053112148,0.08793027141763765,-0.2882036825096913,0.056482981447448316,55.0,0.05454545454545416,0.13588017552161802,-0.2117796894769171,0.32087059856782546,USD_PLN,7,25,1,long,182
67.0,0.12807252328325658,0.12146254164193504,-0.10999405833493608,0.36613910490144924,29.0,-0.1724137931034483,0.1861521539674008,-0.5372720148795539,0.19244442867265732,USD_PLN,7,25,2,long,96
35.0,-0.10937311617557031,0.16806080566212875,-0.43877229527334266,0.220026062922202,15.0,-0.4666666666666667,0.23637473611411156,-0.9299611494503253,-0.0033721838830080286,USD_PLN,7,25,3,long,50
14.0,0.14285714285714285,0.2745054065230065,-0.39517345392794984,0.6808877396422355,6.0,0.5870903968167835,0.32685367447990366,-0.05354280516382759,1.2277235987973947,USD_PLN,7,25,4,long,20
202.0,-0.04058127779689097,0.07007255803044685,-0.17792349153656678,0.09676093594278484,87.0,-0.034482758620690036,0.10776864428120182,-0.2457093014118456,0.17674378417046555,USD_PLN,7,30,1,long,289
116.0,0.065352233275674,0.09278385321072714,-0.1165041190173512,0.24720858556869918,50.0,-0.04,0.14274281139196338,-0.3197759103282482,0.23977591032824822,USD_PLN,7,30,2,long,166
53.0,-0.03449168049330137,0.13731632521164713,-0.3036316779081297,0.234648316921527,24.0,-0.08333333333333288,0.2077891443324591,-0.4906000562249527,0.32393338955828693,USD_PLN,7,30,3,long,77
22.0,0.0,0.21821789023599236,-0.427707064862545,0.427707064862545,10.0,0.7522542380900701,0.20039367234944358,0.3594826402851607,1.1450258358949794,USD_PLN,7,30,4,long,32
297.0,-0.0511697579628686,0.057821402050897856,-0.1644997059826284,0.06216019005689119,128.0,-0.031110462889796273,0.08706573591716646,-0.20175930528744251,0.13953837950784997,USD_PLN,7,35,1,long,425
165.0,0.0035203579392617023,0.07792944873811558,-0.14922136158744484,0.15626207746596824,71.0,0.20409874841264442,0.11635259558391264,-0.023952338931824357,0.4321498357571132,USD_PLN,7,35,2,long,236
75.0,0.03853259368356061,0.11468541272528579,-0.18625081525799955,0.2633160026251208,33.0,-0.09090909090909058,0.17604469755488267,-0.4359566981166606,0.2541385162984794,USD_PLN,7,35,3,long,108
32.0,-0.125,0.1781966112418093,-0.4742653580339462,0.2242653580339462,15.0,0.7015028253933807,0.18115314922165607,0.34644265291893483,1.0565629978678266,USD_PLN,7,35,4,long,47
81.0,0.03703703703703676,0.11172668984443226,-0.18194727505805047,0.256021349132124,35.0,-0.0857142857142851,0.1708674289363206,-0.42061444642947343,0.24918587500090325,USD_PLN,7,20,1,short,116
34.0,0.1176470588235291,0.17286876871919368,-0.22117572786609052,0.45646984551314873,15.0,0.46666666666666595,0.23637473611411136,0.0033721838830076956,0.9299611494503242,USD_PLN,7,20,2,short,49
27.0,-0.3333333333333333,0.1849000654084097,-0.6957374615338163,0.029070794867149696,12.0,0.16666666666666666,0.2972941950052816,-0.41602995554368527,0.7493632888770185,USD_PLN,7,20,3,short,39
9.0,0.1111111111111111,0.35136418446315326,-0.5775626904366693,0.7997849126588914,5.0,0.2,0.48989794855663565,-0.7601999791710059,1.1601999791710058,USD_PLN,7,20,4,short,14
144.0,0.04661304341089297,0.08302444868236449,-0.11611487600654141,0.20934096282832737,63.0,-0.01587301587301552,0.12698412698412703,-0.26476190476190453,0.23301587301587348,USD_PLN,7,25,1,short,207
68.0,0.05882352941176422,0.12195789537619196,-0.18021394552557202,0.29786100434910046,30.0,0.333333333333333,0.1750752438129634,-0.009814144540075287,0.6764808112067413,USD_PLN,7,25,2,short,98
41.0,-0.08730692132824203,0.15590848504678012,-0.3928875520199311,0.21827370936344703,18.0,-0.1111111111111111,0.24103384202072908,-0.58353744147174,0.36131521924951787,USD_PLN,7,25,3,short,59
18.0,0.1111111111111111,0.24103384202072908,-0.36131521924951787,0.58353744147174,9.0,-0.1111111111111111,0.35136418446315326,-0.7997849126588914,0.5775626904366693,USD_PLN,7,25,4,short,27
234.0,0.08616829543953271,0.06491039808486462,-0.041056084806801965,0.2133926756858674,101.0,0.0891089108910891,0.09960218883136072,-0.1061113792183779,0.28432920100055614,USD_PLN,7,30,1,short,335
99.0,0.010101010101009545,0.10101010101010097,-0.18787878787878834,0.20808080808080745,43.0,0.3488372093023253,0.14461052795486531,0.06540057451078929,0.6322738440938613,USD_PLN,7,30,2,short,142
63.0,-0.21554894880091924,0.1231620481986126,-0.4569465632701999,0.025848665668361442,28.0,0.0,0.19245008972987526,-0.3772021758705555,0.3772021758705555,USD_PLN,7,30,3,short,91
26.0,0.026755357645327764,0.1964062640322431,-0.35820091985786867,0.4117116351485242,12.0,-0.3333333333333333,0.2842676218074806,-0.8904978720759953,0.22383120540932872,USD_PLN,7,30,4,short,38
319.0,0.10155594661494549,0.05547830466944342,-0.007181530537163611,0.2102934237670546,137.0,0.09489051094890527,0.08536236733392463,-0.07241972902558699,0.26220075092339756,USD_PLN,7,35,1,short,456
138.0,0.0038149527670396535,0.08487704297105737,-0.1625440514562328,0.17017395699031213,60.0,0.5,0.11274690420042432,0.27901606776716836,0.7209839322328316,USD_PLN,7,35,2,short,198
90.0,-0.18421759749397681,0.10369123636265876,-0.387452420764788,0.019017225776834346,39.0,0.02564102564102564,0.16216808513683997,-0.29220842122718066,0.343490472509232,USD_PLN,7,35,3,short,129
39.0,0.04347793073791138,0.16016799663075448,-0.2704513426583674,0.3574072041341902,18.0,-0.3333333333333333,0.2286647801900118,-0.7815163025057564,0.1148496358390898,USD_PLN,7,35,4,short,57
7.0,0.14285714285714285,0.40406101782088427,-0.6491024520717903,0.9348167377860761,4.0,-0.5,0.5,-1.48,0.48,USD_PLN,14,20,1,long,11
4.0,0.0,0.5773502691896257,-1.1316065276116665,1.1316065276116665,2.0,0.0,1.0,-1.96,1.96,USD_PLN,14,20,2,long,6
3.0,-1.0,0.0,-1.0,-1.0,2.0,1.0,0.0,1.0,1.0,USD_PLN,14,20,3,long,5
0.0,,,,,1.0,-1.0,,,,USD_PLN,14,20,4,long,1
37.0,-0.19951200220444387,0.16173970231770188,-0.5165218187471395,0.1174978143382518,16.0,-0.25,0.25,-0.74,0.24,USD_PLN,14,25,1,long,53
15.0,-0.09460939600145454,0.2600653139609936,-0.604337411365002,0.4151186193620928,7.0,0.14285714285714285,0.40406101782088427,-0.6491024520717903,0.9348167377860761,USD_PLN,14,25,2,long,22
11.0,-0.45454545454545453,0.2816715160878121,-1.0066216260775662,0.09753071698665722,5.0,-0.2,0.48989794855663565,-1.1601999791710058,0.7601999791710059,USD_PLN,14,25,3,long,16
4.0,0.0,0.5773502691896257,-1.1316065276116665,1.1316065276116665,3.0,0.3333333333333333,0.6666666666666667,-0.9733333333333336,1.6400000000000001,USD_PLN,14,25,4,long,7
84.0,-0.21088410139824318,0.10623986480001363,-0.4191142364062699,-0.002653966390216478,37.0,0.13513513513513514,0.16513786288129156,-0.18853507611219633,0.4588053463824666,USD_PLN,14,30,1,long,121
45.0,0.14624131244395985,0.1480086739568805,-0.14385568851152594,0.4363383133994456,20.0,0.1,0.22826577307580465,-0.3474009152285771,0.5474009152285771,USD_PLN,14,30,2,long,65
22.0,-0.27272727272727226,0.2099455524325913,-0.6842205554951513,0.13876601004060668,10.0,0.0,0.3333333333333333,-0.6533333333333333,0.6533333333333333,USD_PLN,14,30,3,long,32
11.0,0.09090909090909091,0.3149183286488867,-0.526330833242727,0.7081490150609089,5.0,0.5045084761801403,0.38732457494647415,-0.2546476907149491,1.2636646430752296,USD_PLN,14,30,4,long,16
165.0,-0.0891773607118329,0.07740139428130956,-0.24088409350319961,0.06252937207953384,71.0,-0.013832947181604249,0.11553216167467166,-0.2402759840639607,0.2126100897007522,USD_PLN,14,35,1,long,236
88.0,-0.027490237954793384,0.10676619154090071,-0.23675197337495876,0.181771497465372,39.0,0.012590029161480882,0.16062233492049782,-0.30222974728269486,0.32740980560565663,USD_PLN,14,35,2,long,127
43.0,-0.11627906976744161,0.15325664577635614,-0.41666209548909966,0.18410395595421641,19.0,-0.15789473684210525,0.23274559932318592,-0.6140761115155496,0.29828663783133913,USD_PLN,14,35,3,long,62
16.0,0.125,0.25617376914899,-0.37710058753202036,0.6271005875320204,8.0,0.19031779761258766,0.3531309860967347,-0.5018189351370124,0.8824545303621876,USD_PLN,14,35,4,long,24
11.0,0.0909090909090899,0.3149183286488865,-0.5263308332427277,0.7081490150609075,6.0,0.0,0.4472135954999579,-0.8765386471799175,0.8765386471799175,USD_PLN,14,20,1,short,17
5.0,0.6,0.4000000000000001,-0.18400000000000016,1.3840000000000001,3.0,0.3333333333333296,0.6666666666666647,-0.9733333333333333,1.6399999999999926,USD_PLN,14,20,2,short,8
5.0,-0.6,0.4000000000000001,-1.3840000000000001,0.18400000000000016,3.0,-0.3333333333333333,0.6666666666666667,-1.6400000000000001,0.9733333333333336,USD_PLN,14,20,3,short,8
1.0,1.0,,,,1.0,-1.0,,,,USD_PLN,14,20,4,short,2
44.0,0.0909090909090904,0.15186710356082844,-0.20675043207013338,0.38856861388831415,19.0,-0.26315789473684154,0.22739441047045142,-0.7088509392589263,0.1825351497852432,USD_PLN,14,25,1,short,63
18.0,0.33333333333333276,0.22866478019001168,-0.11484963583909014,0.7815163025057557,9.0,0.5555555555555544,0.2939723678960654,-0.02063028552073387,1.1317413966318426,USD_PLN,14,25,2,short,27
15.0,-0.3333333333333333,0.25197631533948484,-0.8272069113987236,0.16054024473205697,7.0,-0.42857142857142855,0.3688555567816587,-1.1515283198634796,0.29438546272062255,USD_PLN,14,25,3,short,22
6.0,0.3333333333333333,0.421637021355784,-0.4930752285240034,1.15974189519067,3.0,-0.3333333333333333,0.6666666666666667,-1.6400000000000001,0.9733333333333336,USD_PLN,14,25,4,short,9
101.0,0.06930693069306886,0.09975953835889105,-0.1262217644903576,0.2648356258764953,44.0,-0.09090909090909066,0.15186710356082858,-0.38856861388831465,0.20675043207013333,USD_PLN,14,30,1,short,145
43.0,0.3023255813953481,0.14708268186829665,0.01404352493348665,0.5906076378572096,19.0,0.15789473684210467,0.2327455993231858,-0.29828663783133946,0.6140761115155489,USD_PLN,14,30,2,short,62
24.0,-0.25,0.2018932132718121,-0.6457106980127516,0.14571069801275166,11.0,0.09090909090909091,0.3149183286488867,-0.526330833242727,0.7081490150609089,USD_PLN,14,30,3,short,35
11.0,0.09090909090909091,0.3149183286488867,-0.526330833242727,0.7081490150609089,6.0,0.0,0.4472135954999579,-0.8765386471799175,0.8765386471799175,USD_PLN,14,30,4,short,17
179.0,0.03191216900094171,0.07454851471271326,-0.11420291983597627,0.1780272578378597,78.0,0.1025641025641027,0.11335959362039932,-0.11962070093187996,0.32474890606008533,USD_PLN,14,35,1,short,257
84.0,0.0714285714285708,0.10948389105162128,-0.14315985503260692,0.2860169978897485,36.0,0.33333333333333304,0.15936381457791912,0.02098025676061155,0.6456864099060545,USD_PLN,14,35,2,short,120
47.0,-0.16126773988208323,0.14419768695218865,-0.443895206308373,0.12135972654420654,21.0,-0.23809523809523808,0.21717627144745486,-0.6637607301322496,0.1875702539417734,USD_PLN,14,35,3,short,68
22.0,0.03161996812629695,0.21355899528588795,-0.3869556626340434,0.45019559888663735,10.0,-0.4,0.3055050463303893,-0.998789890807563,0.19878989080756293,USD_PLN,14,35,4,short,32
,,,,,,,,,,USD_PLN,21,20,1,long,0
,,,,,,,,,,USD_PLN,21,20,2,long,0
,,,,,,,,,,USD_PLN,21,20,3,long,0
,,,,,,,,,,USD_PLN,21,20,4,long,0
5.0,0.2,0.48989794855663565,-0.7601999791710059,1.1601999791710058,3.0,-0.3333333333333333,0.6666666666666667,-1.6400000000000001,0.9733333333333336,USD_PLN,21,25,1,long,8
4.0,0.0,0.5773502691896257,-1.1316065276116665,1.1316065276116665,2.0,0.0,1.0,-1.96,1.96,USD_PLN,21,25,2,long,6
3.0,-1.0,0.0,-1.0,-1.0,2.0,1.0,0.0,1.0,1.0,USD_PLN,21,25,3,long,5
0.0,,,,,1.0,-1.0,,,,USD_PLN,21,25,4,long,1
39.0,-0.131430643745811,0.1603188195992779,-0.4456555301603957,0.18279424266877367,18.0,-0.1111111111111111,0.24103384202072908,-0.58353744147174,0.36131521924951787,USD_PLN,21,30,1,long,57
16.0,-0.15119630875136364,0.24976348868377907,-0.6407327465715706,0.3383401290688433,7.0,0.42857142857142855,0.36885555678165877,-0.29438546272062266,1.1515283198634798,USD_PLN,21,30,2,long,23
12.0,-0.3333333333333333,0.2842676218074806,-0.8904978720759953,0.22383120540932872,6.0,0.0,0.4472135954999579,-0.8765386471799175,0.8765386471799175,USD_PLN,21,30,3,long,18
4.0,0.0,0.5773502691896257,-1.1316065276116665,1.1316065276116665,2.0,0.0,1.0,-1.96,1.96,USD_PLN,21,30,4,long,6
98.0,-0.18075780119849416,0.09903064464563578,-0.3748578647039403,0.013342262306951957,42.0,-0.0005216199465218896,0.15114893049132516,-0.2967735237095192,0.2957302838164754,USD_PLN,21,35,1,long,140
56.0,-0.00748465964324677,0.1340360730185006,-0.27019536275950795,0.25522604347301436,24.0,0.3121254640540731,0.1945961844877408,-0.06928305754189884,0.6935339856500451,USD_PLN,21,35,2,long,80
28.0,-0.07142857142857105,0.1919585178166322,-0.44766726634917015,0.304810123492028,12.0,0.0,0.30151134457776363,-0.5909622353724167,0.5909622353724167,USD_PLN,21,35,3,long,40
11.0,0.09090909090909091,0.3149183286488867,-0.526330833242727,0.7081490150609089,6.0,0.25375706348345023,0.4035961123132429,-0.5372913166505058,1.0448054436174063,USD_PLN,21,35,4,long,17
2.0,0.0,1.0,-1.96,1.96,2.0,1.0,0.0,1.0,1.0,USD_PLN,21,20,1,short,4
0.0,,,,,1.0,1.0,,,,USD_PLN,21,20,2,short,1
0.0,,,,,1.0,-1.0,,,,USD_PLN,21,20,3,short,1
,,,,,,,,,,USD_PLN,21,20,4,short,0
11.0,0.45454545454545453,0.2816715160878121,-0.09753071698665722,1.0066216260775662,5.0,-0.6,0.4,-1.384,0.18400000000000005,USD_PLN,21,25,1,short,16
5.0,-0.2,0.48989794855663565,-1.1601999791710058,0.7601999791710059,3.0,0.3333333333333333,0.6666666666666667,-0.9733333333333336,1.6400000000000001,USD_PLN,21,25,2,short,8
6.0,-0.6666666666666666,0.33333333333333337,-1.32,-0.013333333333333197,3.0,-0.3333333333333333,0.6666666666666667,-1.6400000000000001,0.9733333333333336,USD_PLN,21,25,3,short,9
4.0,0.5,0.5,-0.48,1.48,2.0,0.0,1.0,-1.96,1.96,USD_PLN,21,25,4,short,6
49.0,0.10204081632653016,0.14358415591296203,-0.1793841292628754,0.38346576191593573,21.0,-0.42857142857142855,0.20203050891044214,-0.8245512260358951,-0.03259163110696195,USD_PLN,21,30,1,short,70
22.0,0.4545454545454541,0.19437181229994493,0.07357670243756204,0.8355142066533461,10.0,0.1999999999999978,0.32659863237108977,-0.4401333194473382,0.8401333194473337,USD_PLN,21,30,2,short,32
14.0,-0.2857142857142857,0.26578871697687523,-0.8066601709889611,0.23523159956038975,6.0,-0.3333333333333333,0.421637021355784,-1.15974189519067,0.4930752285240034,USD_PLN,21,30,3,short,20
4.0,0.5,0.5,-0.48,1.48,3.0,0.3333333333333333,0.6666666666666667,-0.9733333333333336,1.6400000000000001,USD_PLN,21,30,4,short,7
116.0,0.051724137931034204,0.09312565674377307,-0.130802149286761,0.2342504251488294,50.0,-0.03999999999999978,0.14274281139196343,-0.3197759103282481,0.23977591032824855,USD_PLN,21,35,1,short,166
54.0,0.2222222222222214,0.13392600632020482,-0.04027275016538004,0.4847171946098229,24.0,0.16666666666666574,0.2055979849146536,-0.23630538376605525,0.5696387170993867,USD_PLN,21,35,2,short,78
25.0,-0.2,0.2,-0.5920000000000001,0.192,12.0,0.0,0.30151134457776363,-0.5909622353724167,0.5909622353724167,USD_PLN,21,35,3,short,37
14.0,7.930164461608261e-16,0.2773500981126148,-0.5436061923007243,0.5436061923007258,7.0,0.14285714285714285,0.40406101782088427,-0.6491024520717903,0.9348167377860761,USD_PLN,21,35,4,short,21
,,,,,,,,,,USD_PLN,28,20,1,long,0
,,,,,,,,,,USD_PLN,28,20,2,long,0
,,,,,,,,,,USD_PLN,28,20,3,long,0
,,,,,,,,,,USD_PLN,28,20,4,long,0
,,,,,,,,,,USD_PLN,28,25,1,long,0
,,,,,,,,,,USD_PLN,28,25,2,long,0
,,,,,,,,,,USD_PLN,28,25,3,long,0
,,,,,,,,,,USD_PLN,28,25,4,long,0
13.0,-0.23076923076923078,0.2808833628231621,-0.7813006219026286,0.319762160364167,6.0,-0.3333333333333333,0.421637021355784,-1.15974189519067,0.4930752285240034,USD_PLN,28,30,1,long,19
8.0,0.0,0.3779644730092272,-0.7408103670980853,0.7408103670980853,4.0,-0.5,0.5,-1.48,0.48,USD_PLN,28,30,2,long,12
7.0,-0.7142857142857143,0.2857142857142857,-1.2742857142857142,-0.15428571428571436,4.0,0.5,0.5,-0.48,1.48,USD_PLN,28,30,3,long,11
1.0,-1.0,,,,1.0,-1.0,,,,USD_PLN,28,30,4,long,2
68.0,-0.20168036055077096,0.11820846565568027,-0.4333689532359043,0.030008232134362378,30.0,-0.06666666666666667,0.1852822223412403,-0.42981982245549766,0.29648648912216435,USD_PLN,28,35,1,long,98
34.0,-0.24762179235358256,0.1668963688352861,-0.5747386752707433,0.07949509056357823,15.0,0.2,0.2618614682831909,-0.3132484778350541,0.7132484778350541,USD_PLN,28,35,2,long,49
19.0,-0.1578947368421047,0.2327455993231861,-0.6140761115155494,0.29828663783134,9.0,0.1111111111111111,0.35136418446315326,-0.5775626904366693,0.7997849126588914,USD_PLN,28,35,3,long,28
7.0,-0.14285714285714285,0.40406101782088427,-0.9348167377860761,0.6491024520717903,4.0,-0.11936440477482468,0.5176919205576792,-1.134040569067876,0.8953117595182266,USD_PLN,28,35,4,long,11
,,,,,,,,,,USD_PLN,28,20,1,short,0
,,,,,,,,,,USD_PLN,28,20,2,short,0
,,,,,,,,,,USD_PLN,28,20,3,short,0
,,,,,,,,,,USD_PLN,28,20,4,short,0
4.0,0.5,0.5,-0.48,1.48,2.0,0.0,1.0,-1.96,1.96,USD_PLN,28,25,1,short,6
1.0,-1.0,,,,1.0,1.0,,,,USD_PLN,28,25,2,short,2
0.0,,,,,1.0,-1.0,,,,USD_PLN,28,25,3,short,1
,,,,,,,,,,USD_PLN,28,25,4,short,0
24.0,0.1666666666666662,0.20559798491465367,-0.23630538376605495,0.5696387170993874,11.0,-0.45454545454545453,0.2816715160878121,-1.0066216260775662,0.09753071698665722,USD_PLN,28,30,1,short,35
9.0,0.1111111111111111,0.35136418446315326,-0.5775626904366693,0.7997849126588914,5.0,0.5999999999999978,0.39999999999999947,-0.18400000000000116,1.3839999999999968,USD_PLN,28,30,2,short,14
9.0,-0.3333333333333333,0.3333333333333333,-0.9866666666666666,0.32,4.0,-0.5,0.5,-1.48,0.48,USD_PLN,28,30,3,short,13
4.0,0.5,0.5,-0.48,1.48,3.0,0.3333333333333333,0.6666666666666667,-0.9733333333333336,1.6400000000000001,USD_PLN,28,30,4,short,7
76.0,0.07894736842105204,0.11510964703385432,-0.14666753976530242,0.30456227660740653,33.0,-0.030303030303030304,0.1766955119650091,-0.37662623375444815,0.3160201731483875,USD_PLN,28,35,1,short,109
34.0,0.2941176470588226,0.16637806616154044,-0.03198336261779666,0.6202186567354419,15.0,-0.0666666666666674,0.26666666666666644,-0.5893333333333336,0.45599999999999874,USD_PLN,28,35,2,short,49
18.0,-0.2222222222222222,0.23647127470752347,-0.6857059206489682,0.24126147620452376,8.0,-0.25,0.3659625273556999,-0.9672865536171718,0.46728655361717175,USD_PLN,28,35,3,short,26
9.0,0.1111111111111123,0.35136418446315365,-0.5775626904366689,0.7997849126588934,5.0,0.2,0.48989794855663565,-0.7601999791710059,1.1601999791710058,USD_PLN,28,35,4,short,14
65.0,-0.13846153846153847,0.12379597645716217,-0.3811016523175763,0.10417857539449937,29.0,0.30489595464831537,0.17386449464598183,-0.035878454857808995,0.6456703641544397,USD_CZK,7,20,1,long,94
37.0,0.054536873393376296,0.16414825003724878,-0.2671936966796313,0.3762674434663839,16.0,0.125,0.25617376914899,-0.37710058753202036,0.6271005875320204,USD_CZK,7,20,2,long,53
18.0,-0.21931997607232465,0.23064334371142098,-0.6713809297467097,0.23274097760206044,9.0,-0.1111111111111111,0.35136418446315326,-0.7997849126588914,0.5775626904366693,USD_CZK,7,20,3,long,27
4.0,-0.5,0.5,-1.48,0.48,3.0,-0.3333333333333333,0.6666666666666667,-1.6400000000000001,0.9733333333333336,USD_CZK,7,20,4,long,7
134.0,0.07156506734469913,0.08432335886216884,-0.09370871602515178,0.23683885071455002,58.0,0.10072383939312317,0.12974601063653063,-0.15357834145447685,0.3550260202407232,USD_CZK,7,25,1,long,192
69.0,0.1909166360395713,0.1172553692357061,-0.03890388766241268,0.42073715974155523,30.0,-0.13333333333333333,0.1840373108931074,-0.4940464626838238,0.22737979601715716,USD_CZK,7,25,2,long,99
36.0,-0.10965998803616232,0.16597713310335946,-0.4349751689187469,0.2156551928464222,16.0,-0.3681197366457636,0.23825542892234505,-0.8351003773335599,0.09886090404203274,USD_CZK,7,25,3,long,52
14.0,-0.14285714285714285,0.2745054065230065,-0.6808877396422355,0.39517345392794984,6.0,-0.3333333333333333,0.421637021355784,-1.15974189519067,0.4930752285240034,USD_CZK,7,25,4,long,20
209.0,0.0730691989647579,0.06780577901638572,-0.0598301279073581,0.20596852583687392,90.0,-0.01372123343891451,0.10401160947712439,-0.2175839880140783,0.19014152113624927,USD_CZK,7,30,1,long,299
105.0,0.08736426558790873,0.09675270065765391,-0.10227102770109293,0.2769995588769104,46.0,-0.1513949289398068,0.1457065817626706,-0.4369798291946412,0.13418997131502755,USD_CZK,7,30,2,long,151
58.0,-0.10631527396953262,0.13026456045969134,-0.3616338124705276,0.1490032645314624,25.0,-0.3409315198164576,0.18835804969918413,-0.7101132972268585,0.028250257593943284,USD_CZK,7,30,3,long,83
24.0,-0.16666666666666666,0.20559798491465375,-0.569638717099388,0.23630538376605467,11.0,-0.19270860719819757,0.29550954583856925,-0.7719073170417934,0.3864901026453982,USD_CZK,7,30,4,long,35
296.0,0.06867332893389011,0.0571107219511889,-0.04326368609044014,0.18061034395822034,128.0,-0.028180624003406197,0.08732579633116154,-0.19933918481248283,0.14297793680567042,USD_CZK,7,35,1,long,424
153.0,-0.015672248067604137,0.0802215042023517,-0.17290639630421348,0.1415619001690052,66.0,-0.08203395009169344,0.12200686967595241,-0.3211674146565602,0.15709951447317327,USD_CZK,7,35,2,long,219
80.0,0.022921426372088848,0.11159982760375517,-0.19581423573127127,0.24165708847544898,35.0,-0.35780822844032684,0.15801333570492548,-0.6675143664219807,-0.04810209045867292,USD_CZK,7,35,3,long,115
34.0,-0.11764705882352941,0.1728687687191937,-0.45646984551314906,0.22117572786609027,15.0,-0.007986311945344892,0.2583223719408658,-0.5142981609494419,0.4983255370587521,USD_CZK,7,35,4,long,49
67.0,-0.17941887488444186,0.12015710151014573,-0.4149267938443275,0.05608904407544377,30.0,0.2,0.18194353045893683,-0.15660931969951614,0.5566093196995161,USD_CZK,7,20,1,short,97
38.0,0.05117021467003946,0.16195874429316365,-0.26626892414456127,0.3686093534846402,17.0,-0.29411764705882354,0.2389423060187047,-0.7624445668554847,0.17420927273783765,USD_CZK,7,20,2,short,55
21.0,0.34194708422145326,0.20825499040933224,-0.06623269698083789,0.7501268654237444,9.0,0.3333333333333333,0.3333333333333333,-0.32,0.9866666666666666,USD_CZK,7,20,3,short,30
10.0,-0.2,0.32659863237109044,-0.8401333194473373,0.4401333194473372,5.0,-0.6,0.4,-1.384,0.18400000000000005,USD_CZK,7,20,4,short,15
127.0,-0.0409519342462962,0.0877445278791256,-0.21293120888938236,0.13102734039678995,55.0,0.2505905890179091,0.13001138737375278,-0.004231730234646347,0.5054129082704646,USD_CZK,7,25,1,short,182
70.0,-0.06768306678060282,0.11844405850642648,-0.2998334214531987,0.16446728789199308,31.0,-0.41935483870967744,0.1657449364989049,-0.7442149142475311,-0.09449476317182381,USD_CZK,7,25,2,short,101
35.0,0.03373967910430051,0.1705923944466289,-0.3006214140110921,0.3681007722196932,15.0,0.2,0.26186146828319085,-0.313248477835054,0.7132484778350541,USD_CZK,7,25,3,short,50
20.0,-0.1,0.22826577307580465,-0.5474009152285771,0.3474009152285771,9.0,-0.3333333333333333,0.3333333333333333,-0.9866666666666666,0.32,USD_CZK,7,25,4,short,29
210.0,-0.02048231016579397,0.06783267905637462,-0.15343436111628822,0.11246974078470029,91.0,0.1954118944613736,0.10258005332960811,-0.005645010064658285,0.3964687989874055,USD_CZK,7,30,1,short,301
101.0,-0.017206085887546508,0.09903035571545463,-0.21130558308983757,0.17689341131474454,44.0,-0.36363636363636365,0.14205866746158427,-0.6420713518610688,-0.08520137541165851,USD_CZK,7,30,2,short,145
56.0,0.11037301372590211,0.133616941204177,-0.1515161910342848,0.372262218486089,24.0,0.5,0.18057877962865382,0.14606559192783852,0.8539344080721615,USD_CZK,7,30,3,short,80
33.0,0.15151515151515152,0.17473579688895147,-0.19096701038719335,0.4939973134174964,15.0,-0.2,0.26186146828319085,-0.7132484778350541,0.313248477835054,USD_CZK,7,30,4,short,48
298.0,0.01572987356385187,0.05687771613003755,-0.09575045005102173,0.12721019717872548,129.0,0.13784870074406977,0.08707825478586487,-0.032824678636225374,0.3085220801243649,USD_CZK,7,35,1,short,427
142.0,-0.03441219992755378,0.08351161855236454,-0.19809497229018827,0.1292705724350807,61.0,-0.2786885245901639,0.12398472394222321,-0.5216985835169214,-0.03567846566340643,USD_CZK,7,35,2,short,203
81.0,0.16272702183519158,0.11008278060453622,-0.05303522814969941,0.3784892718200826,36.0,0.3888888888888889,0.15572553071705222,0.08366684868346652,0.6941109290943113,USD_CZK,7,35,3,short,117
48.0,0.0,0.14586499149789456,-0.28589538333587333,0.28589538333587333,21.0,0.047619047619047616,0.22335313142016333,-0.3901530899644725,0.48539118520256774,USD_CZK,7,35,4,short,69
10.0,-0.4,0.3055050463303893,-0.998789890807563,0.19878989080756293,5.0,0.6,0.4,-0.18400000000000005,1.384,USD_CZK,14,20,1,long,15
2.0,1.0,0.0,1.0,1.0,2.0,0.0,1.0,-1.96,1.96,USD_CZK,14,20,2,long,4
0.0,,,,,1.0,1.0,,,,USD_CZK,14,20,3,long,1
0.0,,,,,1.0,-1.0,,,,USD_CZK,14,20,4,long,1
33.0,-0.2776853812990008,0.1689846373943382,-0.6088952705919036,0.05352450799390207,15.0,0.06666666666666667,0.2666666666666666,-0.45599999999999985,0.5893333333333332,USD_CZK,14,25,1,long,48
20.0,0.05089321577774615,0.22330364473376793,-0.386781927900439,0.4885683594559313,9.0,0.3333333333333333,0.3333333333333333,-0.32,0.9866666666666666,USD_CZK,14,25,2,long,29
8.0,-0.2772568954950262,0.35346414846015184,-0.9700466264769237,0.41553283548687137,4.0,0.0,0.5773502691896257,-1.1316065276116665,1.1316065276116665,USD_CZK,14,25,3,long,12
1.0,-1.0,,,,1.0,-1.0,,,,USD_CZK,14,25,4,long,2
75.0,-0.009635681939974373,0.11335230651410917,-0.23180620270762836,0.2125348388276796,33.0,0.3333333333333333,0.16666666666666666,0.006666666666666654,0.6599999999999999,USD_CZK,14,30,1,long,108
39.0,0.154304213219357,0.15816025908609907,-0.1556898945893972,0.4642983210281112,18.0,0.1111111111111111,0.24103384202072908,-0.36131521924951787,0.58353744147174,USD_CZK,14,30,2,long,57
23.0,-0.3985341691405605,0.18913956004207885,-0.769247706823035,-0.027820631458085943,10.0,0.4,0.30550504633038933,-0.19878989080756304,0.9987898908075631,USD_CZK,14,30,3,long,33
7.0,-1.0,0.0,-1.0,-1.0,3.0,0.3333333333333333,0.6666666666666667,-0.9733333333333336,1.6400000000000001,USD_CZK,14,30,4,long,10
168.0,0.05535525368837788,0.07617607833926292,-0.09394985985657744,0.2046603672333332,73.0,0.011534009380837595,0.11641526211900312,-0.21663990437240851,0.2397079231340837,USD_CZK,14,35,1,long,241
83.0,0.14479354597054125,0.1085935856513935,-0.06804988190618999,0.3576369738472725,36.0,-0.026782409200864235,0.1666082309825195,-0.35333454192660246,0.299769723524874,USD_CZK,14,35,2,long,119
44.0,-0.011536657111106307,0.14931591948531944,-0.3041958593023324,0.2811225450801198,20.0,-0.2944957893166109,0.21798958635351448,-0.7217553785694992,0.13276379993627746,USD_CZK,14,35,3,long,64
21.0,-0.14285714285714285,0.2213133340689953,-0.5766312776323737,0.29091699191808795,10.0,0.08802053208198266,0.31511681475076164,-0.5296084248295101,0.7056494889934755,USD_CZK,14,35,4,long,31
5.0,0.6,0.4000000000000001,-0.18400000000000016,1.3840000000000001,3.0,1.0,0.0,1.0,1.0,USD_CZK,14,20,1,short,8
5.0,-0.2,0.48989794855663565,-1.1601999791710058,0.7601999791710059,3.0,-1.0,0.0,-1.0,-1.0,USD_CZK,14,20,2,short,8
1.0,1.0,,,,1.0,1.0,,,,USD_CZK,14,20,3,short,2
2.0,0.0,1.0,-1.96,1.96,1.0,-1.0,,,,USD_CZK,14,20,4,short,3
31.0,0.0967741935483871,0.18171724881099016,-0.25939161412115364,0.45294000121792777,14.0,-0.14285714285714285,0.2745054065230065,-0.6808877396422355,0.39517345392794984,USD_CZK,14,25,1,short,45
20.0,-0.1,0.22826577307580465,-0.5474009152285771,0.3474009152285771,9.0,-0.3333333333333333,0.3333333333333333,-0.9866666666666666,0.32,USD_CZK,14,25,2,short,29
9.0,0.3333333333333333,0.3333333333333333,-0.32,0.9866666666666666,4.0,1.0,0.0,1.0,1.0,USD_CZK,14,25,3,short,13
6.0,0.0,0.4472135954999579,-0.8765386471799175,0.8765386471799175,3.0,-0.3333333333333333,0.6666666666666667,-1.6400000000000001,0.9733333333333336,USD_CZK,14,25,4,short,9
80.0,0.03723669228427993,0.11172519265466159,-0.1817446853188568,0.25621806988741663,35.0,-0.02857142857142857,0.17142857142857143,-0.3645714285714286,0.30742857142857144,USD_CZK,14,30,1,short,115
44.0,-0.0529181478593179,0.15132926527211202,-0.34952350779265745,0.24368721207402164,20.0,-0.1,0.22826577307580465,-0.5474009152285771,0.3474009152285771,USD_CZK,14,30,2,short,64
21.0,0.14285714285714285,0.2213133340689953,-0.29091699191808795,0.5766312776323737,9.0,0.5555555555555556,0.2939723678960656,-0.020630285520732983,1.1317413966318441,USD_CZK,14,30,3,short,30
15.0,-0.2,0.26186146828319085,-0.7132484778350541,0.313248477835054,7.0,-0.14285714285714285,0.40406101782088427,-0.9348167377860761,0.6491024520717903,USD_CZK,14,30,4,short,22
165.0,0.0052000364636727685,0.07651959694973899,-0.14477837355781567,0.1551784464851612,71.0,0.18041156773634107,0.11726589112452183,-0.04942957886772173,0.4102527143404039,USD_CZK,14,35,1,short,236
81.0,-0.03772261533998149,0.11101698012990788,-0.25531589639460095,0.17987066571463795,35.0,-0.3142857142857143,0.16280848454873728,-0.6333903440012394,0.004818915429810777,USD_CZK,14,35,2,short,116
44.0,0.09502019928751176,0.1512346550588346,-0.20139972462780403,0.39144012320282756,19.0,0.3684210526315789,0.21912273678590868,-0.061059511468802063,0.7979016167319599,USD_CZK,14,35,3,short,63
23.0,-0.043478260869565216,0.21299910806810243,-0.46095651268304594,0.37399999094391556,11.0,-0.2727272727272727,0.30424000964875475,-0.869037691638832,0.32358314618428663,USD_CZK,14,35,4,short,34
0.0,,,,,1.0,1.0,,,,USD_CZK,21,20,1,long,1
0.0,,,,,1.0,1.0,,,,USD_CZK,21,20,2,long,1
,,,,,,,,,,USD_CZK,21,20,3,long,0
,,,,,,,,,,USD_CZK,21,20,4,long,0
7.0,-0.14285714285714285,0.40406101782088427,-0.9348167377860761,0.6491024520717903,3.0,0.3333333333333333,0.6666666666666667,-0.9733333333333336,1.6400000000000001,USD_CZK,21,25,1,long,10
3.0,1.0,0.0,1.0,1.0,2.0,0.0,1.0,-1.96,1.96,USD_CZK,21,25,2,long,5
1.0,0.7819448360397903,,,,1.0,1.0,,,,USD_CZK,21,25,3,long,2
,,,,,,,,,,USD_CZK,21,25,4,long,0
35.0,-0.2112349110581682,0.16578153986877683,-0.5361667292009707,0.1136969070846344,15.0,0.06666666666666667,0.2666666666666666,-0.45599999999999985,0.5893333333333332,USD_CZK,21,30,1,long,50
22.0,0.046266559797951044,0.21296314973771568,-0.3711412136879717,0.46367433328387375,10.0,0.2,0.32659863237109044,-0.4401333194473372,0.8401333194473373,USD_CZK,21,30,2,long,32
11.0,-0.31241649862647797,0.2883888486517111,-0.8776586419838317,0.2528256447308758,5.0,0.2,0.48989794855663565,-0.7601999791710059,1.1601999791710058,USD_CZK,21,30,3,long,16
2.0,-1.0,0.0,-1.0,-1.0,2.0,-1.0,0.0,-1.0,-1.0,USD_CZK,21,30,4,long,4
94.0,-0.06087953346274551,0.10144748918617395,-0.2597166122676465,0.13795754534215543,41.0,0.12195121951219512,0.15693373602093086,-0.18563890308882935,0.4295413421132196,USD_CZK,21,35,1,long,135
49.0,0.12281355746030455,0.1417535405034566,-0.15502338192647036,0.40065049684707943,21.0,0.047619047619047616,0.22335313142016333,-0.3901530899644725,0.48539118520256774,USD_CZK,21,35,2,long,70
28.0,-0.3752718897460242,0.17153695860041587,-0.7114843286028394,-0.03905945088920909,13.0,0.07692307692307693,0.2878197989826109,-0.48720372908284043,0.6410498829289943,USD_CZK,21,35,3,long,41
9.0,-1.0,0.0,-1.0,-1.0,4.0,0.0,0.5773502691896257,-1.1316065276116665,1.1316065276116665,USD_CZK,21,35,4,long,13
,,,,,,,,,,USD_CZK,21,20,1,short,0
0.0,,,,,1.0,-1.0,,,,USD_CZK,21,20,2,short,1
,,,,,,,,,,USD_CZK,21,20,3,short,0
0.0,,,,,1.0,-1.0,,,,USD_CZK,21,20,4,short,1
7.0,0.7142857142857143,0.28571428571428575,0.15428571428571425,1.2742857142857145,3.0,0.3333333333333333,0.6666666666666667,-0.9733333333333336,1.6400000000000001,USD_CZK,21,25,1,short,10
7.0,-0.14285714285714285,0.40406101782088427,-0.9348167377860761,0.6491024520717903,3.0,-1.0,0.0,-1.0,-1.0,USD_CZK,21,25,2,short,10
2.0,0.0,1.0,-1.96,1.96,1.0,1.0,,,,USD_CZK,21,25,3,short,3
3.0,-0.3333333333333333,0.6666666666666667,-1.6400000000000001,0.9733333333333336,2.0,0.0,1.0,-1.96,1.96,USD_CZK,21,25,4,short,5
32.0,0.125,0.1781966112418093,-0.2242653580339462,0.4742653580339462,15.0,-0.2,0.26186146828319085,-0.7132484778350541,0.313248477835054,USD_CZK,21,30,1,short,47
18.0,-0.1111111111111111,0.24103384202072908,-0.58353744147174,0.36131521924951787,8.0,-0.25,0.3659625273556999,-0.9672865536171718,0.46728655361717175,USD_CZK,21,30,2,short,26
7.0,0.42857142857142855,0.36885555678165877,-0.29438546272062266,1.1515283198634798,4.0,0.5,0.5,-0.48,1.48,USD_CZK,21,30,3,short,11
6.0,0.0,0.4472135954999579,-0.8765386471799175,0.8765386471799175,3.0,0.3333333333333333,0.6666666666666667,-0.9733333333333336,1.6400000000000001,USD_CZK,21,30,4,short,9
95.0,0.08398879350255152,0.10223170582290624,-0.1163853499103447,0.28436293691544773,41.0,-0.024390243902439025,0.15806684630263074,-0.3342012626555953,0.2854207748507172,USD_CZK,21,35,1,short,136
49.0,0.05452247947326556,0.1433108661240388,-0.2263668181298505,0.3354117770763816,22.0,-0.36363636363636365,0.20327890704543541,-0.762063021445417,0.03479029417268975,USD_CZK,21,35,2,short,71
23.0,0.13043478260869565,0.2113793194801729,-0.2838686835724432,0.5447382487898346,11.0,0.45454545454545453,0.2816715160878121,-0.09753071698665722,1.0066216260775662,USD_CZK,21,35,3,short,34
16.0,-0.25,0.25,-0.74,0.24,8.0,0.0,0.3779644730092272,-0.7408103670980853,0.7408103670980853,USD_CZK,21,35,4,short,24
,,,,,,,,,,USD_CZK,28,20,1,long,0
,,,,,,,,,,USD_CZK,28,20,2,long,0
,,,,,,,,,,USD_CZK,28,20,3,long,0
,,,,,,,,,,USD_CZK,28,20,4,long,0
1.0,1.0,,,,1.0,1.0,,,,USD_CZK,28,25,1,long,2
,,,,,,,,,,USD_CZK,28,25,2,long,0
0.0,,,,,1.0,1.0,,,,USD_CZK,28,25,3,long,1
,,,,,,,,,,USD_CZK,28,25,4,long,0
16.0,-0.14957636793974294,0.24924155530752512,-0.6380898163424922,0.3389370804630063,8.0,0.25,0.3659625273556999,-0.46728655361717175,0.9672865536171718,USD_CZK,28,30,1,long,24
7.0,0.14285714285714285,0.40406101782088427,-0.6491024520717903,0.9348167377860761,3.0,0.3333333333333333,0.6666666666666667,-0.9733333333333336,1.6400000000000001,USD_CZK,28,30,2,long,10
7.0,-0.49094021212732253,0.3285966841303555,-1.1349897130228193,0.1531092887681742,4.0,0.0,0.5773502691896257,-1.1316065276116665,1.1316065276116665,USD_CZK,28,30,3,long,11
2.0,-1.0,0.0,-1.0,-1.0,1.0,-1.0,,,,USD_CZK,28,30,4,long,3
61.0,-0.044634035172099615,0.12500926346071356,-0.2896521915550982,0.20038412121089894,27.0,0.25925925925925924,0.18941048590991066,-0.11198529312416566,0.6305038116426842,USD_CZK,28,35,1,long,88
30.0,0.03392881051849743,0.18246644852437074,-0.3237054285892692,0.3915630496262641,14.0,0.14285714285714285,0.2745054065230065,-0.39517345392794984,0.6808877396422355,USD_CZK,28,35,2,long,44
18.0,-0.37655047264150243,0.21468752392838028,-0.7973380195411277,0.0442370742581229,8.0,0.25,0.3659625273556999,-0.46728655361717175,0.9672865536171718,USD_CZK,28,35,3,long,26
6.0,-1.0,0.0,-1.0,-1.0,3.0,-0.3333333333333333,0.6666666666666667,-1.6400000000000001,0.9733333333333336,USD_CZK,28,35,4,long,9
,,,,,,,,,,USD_CZK,28,20,1,short,0
,,,,,,,,,,USD_CZK,28,20,2,short,0
,,,,,,,,,,USD_CZK,28,20,3,short,0
,,,,,,,,,,USD_CZK,28,20,4,short,0
1.0,1.0,,,,1.0,1.0,,,,USD_CZK,28,25,1,short,2
2.0,0.0,1.0,-1.96,1.96,1.0,-1.0,,,,USD_CZK,28,25,2,short,3
1.0,1.0,,,,1.0,1.0,,,,USD_CZK,28,25,3,short,2
1.0,-1.0,,,,1.0,1.0,,,,USD_CZK,28,25,4,short,2
16.0,0.375,0.23935677693908453,-0.09413928280060568,0.8441392828006057,7.0,0.42857142857142855,0.36885555678165877,-0.29438546272062266,1.1515283198634798,USD_CZK,28,30,1,short,23
11.0,-0.09090909090909091,0.3149183286488867,-0.7081490150609089,0.526330833242727,6.0,-0.3333333333333333,0.421637021355784,-1.15974189519067,0.4930752285240034,USD_CZK,28,30,2,short,17
4.0,0.5,0.5,-0.48,1.48,2.0,0.0,1.0,-1.96,1.96,USD_CZK,28,30,3,short,6
4.0,0.0,0.5773502691896257,-1.1316065276116665,1.1316065276116665,2.0,0.0,1.0,-1.96,1.96,USD_CZK,28,30,4,short,6
53.0,0.11281010156117725,0.1364674044272028,-0.1546660111161402,0.38028621423849474,23.0,0.043478260869565216,0.21299910806810243,-0.37399999094391556,0.46095651268304594,USD_CZK,28,35,1,short,76
31.0,0.03225806451612903,0.1824791693384639,-0.32540110738726025,0.38991723641951825,14.0,-0.2857142857142857,0.26578871697687523,-0.8066601709889611,0.23523159956038975,USD_CZK,28,35,2,short,45
13.0,0.23076923076923078,0.2808833628231621,-0.319762160364167,0.7813006219026286,6.0,0.6666666666666666,0.33333333333333337,0.013333333333333197,1.32,USD_CZK,28,35,3,short,19
11.0,-0.09090909090909091,0.3149183286488867,-0.7081490150609089,0.526330833242727,5.0,-0.6,0.4,-1.384,0.18400000000000005,USD_CZK,28,35,4,short,16
77.0,-0.06370633025105926,0.11434022913316387,-0.2878131793520604,0.16040051884994191,34.0,0.11764705882352941,0.1728687687191937,-0.22117572786609027,0.45646984551314906,USD_HUF,7,20,1,long,111
43.0,0.11627906976744186,0.15325664577635612,-0.18410395595421614,0.4166620954890998,19.0,0.05263157894736842,0.23537557657892524,-0.40870455114732507,0.5139677090420619,USD_HUF,7,20,2,long,62
14.0,-0.42857142857142855,0.25058800551629407,-0.9197239193833648,0.0625810622405078,7.0,0.42857142857142855,0.36885555678165877,-0.29438546272062266,1.1515283198634798,USD_HUF,7,20,3,long,21
4.0,0.0,0.5773502691896257,-1.1316065276116665,1.1316065276116665,3.0,0.3333333333333333,0.6666666666666667,-0.9733333333333336,1.6400000000000001,USD_HUF,7,20,4,long,7
137.0,0.0663840333625434,0.08550358155555754,-0.10120298648634937,0.23397105321143616,59.0,0.22033898305084745,0.1280793620181158,-0.03069656650465949,0.4713745326063544,USD_HUF,7,25,1,long,196
81.0,0.1111111111111111,0.1111111111111111,-0.10666666666666666,0.3288888888888889,36.0,0.1111111111111111,0.16798421022632323,-0.2181379409324824,0.4403601631547046,USD_HUF,7,25,2,long,117
31.0,-0.2903225806451613,0.1747105033255045,-0.6327551671631502,0.05211000587282749,14.0,0.5714285714285714,0.22760785909019762,0.12531716761178407,1.0175399752453587,USD_HUF,7,25,3,long,45
12.0,0.16666666666666666,0.2972941950052816,-0.41602995554368527,0.7493632888770185,6.0,0.3333333333333333,0.421637021355784,-0.4930752285240034,1.15974189519067,USD_HUF,7,25,4,long,18
214.0,0.1125916475264881,0.06805413203345546,-0.020794451259084593,0.24597774631206082,92.0,0.15217391304347827,0.10360762309075948,-0.050897028214410306,0.3552448543013669,USD_HUF,7,30,1,long,306
125.0,0.168,0.0885262855077883,-0.005511519595265052,0.34151151959526505,54.0,-0.037037037037037035,0.13726631998291228,-0.3060790242035451,0.23200495012947103,USD_HUF,7,30,2,long,179
51.0,-0.058823529411764705,0.1411764705882353,-0.3355294117647059,0.21788235294117647,22.0,0.5454545454545454,0.18289723094612648,0.1869759728001375,0.9039331181089534,USD_HUF,7,30,3,long,73
18.0,0.3333333333333333,0.2286647801900118,-0.1148496358390898,0.7815163025057564,9.0,0.1111111111111111,0.35136418446315326,-0.5775626904366693,0.7997849126588914,USD_HUF,7,30,4,long,27
301.0,0.06899386395538952,0.05752742433895399,-0.043759887748960294,0.18174761565973935,129.0,0.11627906976744186,0.08778877250314826,-0.05578692433872874,0.2883450638736125,USD_HUF,7,35,1,long,430
172.0,0.14700994052009486,0.07543436469063668,-0.0008414142735530261,0.2948612953137427,75.0,-0.06666666666666667,0.11598902298689065,-0.29400515172097236,0.160671818387639,USD_HUF,7,35,2,long,247
67.0,-0.07462686567164178,0.12274825376280751,-0.3152134430467445,0.16595971170346094,29.0,0.3103448275862069,0.17965105939714746,-0.041771248832202124,0.6624609040046159,USD_HUF,7,35,3,long,96
30.0,0.06666666666666667,0.18528222234124034,-0.2964864891221644,0.4298198224554977,13.0,0.23076923076923078,0.2808833628231621,-0.319762160364167,0.7813006219026286,USD_HUF,7,35,4,long,43
76.0,0.07197502882836622,0.11374540153179243,-0.15096595817394692,0.2949160158306794,33.0,0.3333333333333333,0.16666666666666666,0.006666666666666654,0.6599999999999999,USD_HUF,7,20,1,short,109
46.0,-0.12773148984043659,0.14462436885052923,-0.4111952527874739,0.1557322731066007,20.0,0.1,0.22826577307580465,-0.3474009152285771,0.5474009152285771,USD_HUF,7,20,2,short,66
22.0,-0.09090909090909091,0.21731429260625335,-0.5168451044173474,0.33502692259916567,10.0,-0.2,0.32659863237109044,-0.8401333194473373,0.4401333194473372,USD_HUF,7,20,3,short,32
12.0,-0.7814956044532613,0.16998260982856025,-1.1146615197172394,-0.4483296891892832,6.0,0.0,0.4472135954999579,-0.8765386471799175,0.8765386471799175,USD_HUF,7,20,4,short,18
149.0,0.0031550482614484733,0.08168452564723412,-0.15694662200713042,0.16325671853002735,64.0,0.25,0.12198750911856665,0.01090448212760936,0.48909551787239064,USD_HUF,7,25,1,short,213
73.0,-0.14898148674876813,0.11493064693596647,-0.3742455547432624,0.07628258124572615,32.0,0.125,0.1781966112418093,-0.2242653580339462,0.4742653580339462,USD_HUF,7,25,2,short,105
39.0,-0.28205128205128205,0.15563512273509847,-0.587096122612075,0.02299355850951096,17.0,-0.17647058823529413,0.24607647839237515,-0.6587804858843495,0.30583930941376114,USD_HUF,7,25,3,short,56
22.0,-0.5171794206108697,0.18173290399421915,-0.8733759124395393,-0.16098292878220022,10.0,-0.2,0.32659863237109044,-0.8401333194473373,0.4401333194473372,USD_HUF,7,25,4,short,32
219.0,0.06607352598609958,0.06729174409693067,-0.06581829244388454,0.1979653444160837,95.0,0.2631578947368421,0.09950665124982334,0.06812485828718834,0.45819093118649584,USD_HUF,7,30,1,short,314
118.0,-0.1055408463811184,0.09083393987426527,-0.28357536853467835,0.07249367577244155,51.0,0.0196078431372549,0.14139416766525448,-0.2575247254866439,0.2967404117611537,USD_HUF,7,30,2,short,169
60.0,-0.13333333333333316,0.12902648671863048,-0.38622524730184893,0.11955858063518257,26.0,0.0,0.20000000000000004,-0.39200000000000007,0.39200000000000007,USD_HUF,7,30,3,short,86
35.0,-0.4107984929554039,0.15403918813538758,-0.7127153017007635,-0.10888168421004424,15.0,0.3333333333333333,0.25197631533948484,-0.16054024473205697,0.8272069113987236,USD_HUF,7,30,4,short,50
305.0,0.034328203904773154,0.057144914431018975,-0.07767582838002404,0.14633223618957034,132.0,0.24242424242424243,0.08476417608408629,0.07628645729943331,0.4085620275490516,USD_HUF,7,35,1,short,437
159.0,-0.09719383567906908,0.07847842965469652,-0.25101155780227424,0.0566238864441361,69.0,-0.014492753623188406,0.12125507630928632,-0.2521527031893896,0.22316719594301276,USD_HUF,7,35,2,short,228
84.0,-0.02380952380952355,0.10973314326050675,-0.23888648460011677,0.19126743698106966,37.0,-0.02702702702702703,0.16660578386402639,-0.35357436340051873,0.2995203093464647,USD_HUF,7,35,3,short,121
44.0,-0.21313516485088943,0.14746640028774455,-0.5021693094148687,0.07589897971308987,19.0,0.2631578947368421,0.22739441047045122,-0.18253514978524232,0.7088509392589265,USD_HUF,7,35,4,short,63
7.0,-0.7142857142857143,0.28571428571428575,-1.2742857142857145,-0.15428571428571425,4.0,0.5,0.5,-0.48,1.48,USD_HUF,14,20,1,long,11
5.0,0.2,0.48989794855663565,-0.7601999791710059,1.1601999791710058,3.0,-0.3333333333333333,0.6666666666666667,-1.6400000000000001,0.9733333333333336,USD_HUF,14,20,2,long,8
1.0,-1.0,,,,1.0,1.0,,,,USD_HUF,14,20,3,long,2
,,,,,,,,,,USD_HUF,14,20,4,long,0
36.0,-0.4418163174814329,0.15116601484358053,-0.7381017065748507,-0.14553092838801507,16.0,0.125,0.25617376914899,-0.37710058753202036,0.6271005875320204,USD_HUF,14,25,1,long,52
20.0,0.0,0.22941573387056172,-0.44965483838630094,0.44965483838630094,9.0,-0.1111111111111111,0.35136418446315326,-0.7997849126588914,0.5775626904366693,USD_HUF,14,25,2,long,29
7.0,-0.14285714285714285,0.40406101782088427,-0.9348167377860761,0.6491024520717903,3.0,0.3333333333333333,0.6666666666666667,-0.9733333333333336,1.6400000000000001,USD_HUF,14,25,3,long,10
0.0,,,,,1.0,1.0,,,,USD_HUF,14,25,4,long,1
85.0,0.08346603024315806,0.10861205295081736,-0.12941359354044396,0.29634565402676005,37.0,0.2972972972972973,0.15913082642032159,-0.014599122486533,0.6091937170811277,USD_HUF,14,30,1,long,122
51.0,0.09803921568627451,0.14074006623471655,-0.17781131413376994,0.3738897455063189,23.0,0.391304347826087,0.19620037384965786,0.006751615080757611,0.7758570805714163,USD_HUF,14,30,2,long,74
21.0,-0.047619047619047616,0.22335313142016333,-0.48539118520256774,0.3901530899644725,10.0,0.4,0.3055050463303893,-0.19878989080756293,0.998789890807563,USD_HUF,14,30,3,long,31
5.0,-0.2,0.48989794855663565,-1.1601999791710058,0.7601999791710059,3.0,0.3333333333333333,0.6666666666666667,-0.9733333333333336,1.6400000000000001,USD_HUF,14,30,4,long,8
170.0,0.07114477982746138,0.07668725341518323,-0.07916223686629774,0.2214517965212205,74.0,0.1891891891891892,0.11492746078454315,-0.036068633948515366,0.41444701232689374,USD_HUF,14,35,1,long,244
98.0,0.09475214050465627,0.10059876975325327,-0.10242144821172014,0.29192572922103266,43.0,-0.06976744186046512,0.15392735640216215,-0.3714650604087029,0.23193017668777266,USD_HUF,14,35,2,long,141
42.0,-0.09523809523809523,0.15546387747761883,-0.39994729509422816,0.2094711046180377,18.0,0.5555555555555556,0.2016633806606734,0.16029532946063568,0.9508157816504754,USD_HUF,14,35,3,long,60
15.0,0.3333333333333333,0.25197631533948484,-0.16054024473205697,0.8272069113987236,7.0,-0.14285714285714285,0.40406101782088427,-0.9348167377860761,0.6491024520717903,USD_HUF,14,35,4,long,22
7.0,0.7142857142857143,0.28571428571428575,0.15428571428571425,1.2742857142857145,4.0,-1.0,0.0,-1.0,-1.0,USD_HUF,14,20,1,short,11
7.0,-0.2968637457054845,0.3582096562152845,-0.998954671887442,0.40522718047647305,3.0,0.3333333333333333,0.6666666666666667,-0.9733333333333336,1.6400000000000001,USD_HUF,14,20,2,short,10
1.0,-1.0,,,,1.0,1.0,,,,USD_HUF,14,20,3,short,2
1.0,-1.0,,,,1.0,-1.0,,,,USD_HUF,14,20,4,short,2
42.0,-0.01261661450105157,0.15266452360439783,-0.3118390807656713,0.2866058517635682,19.0,0.2631578947368421,0.22739441047045122,-0.18253514978524232,0.7088509392589265,USD_HUF,14,25,1,short,61
16.0,-0.3672280332912552,0.22257351951380458,-0.8034721315383122,0.06901606495580176,8.0,0.25,0.3659625273556999,-0.46728655361717175,0.9672865536171718,USD_HUF,14,25,2,short,24
14.0,-0.2857142857142857,0.26578871697687523,-0.8066601709889611,0.23523159956038975,7.0,-0.14285714285714285,0.40406101782088427,-0.9348167377860761,0.6491024520717903,USD_HUF,14,25,3,short,21
7.0,-0.9111353219198763,0.08886467808012365,-1.0853100909569187,-0.736960552882834,3.0,-0.3333333333333333,0.6666666666666667,-1.6400000000000001,0.9733333333333336,USD_HUF,14,25,4,short,10
104.0,0.1102894441438061,0.09704145387921223,-0.07991180545944986,0.30049069374706205,45.0,0.3333333333333333,0.14213381090374028,0.054751063962002355,0.6119156027046643,USD_HUF,14,30,1,short,149
41.0,-0.16769874469902643,0.15200693663637624,-0.46563234050632385,0.13023485110827102,18.0,0.2222222222222222,0.23647127470752347,-0.24126147620452376,0.6857059206489682,USD_HUF,14,30,2,short,59
28.0,-0.35714285714285715,0.17975796274454164,-0.7094684641221587,-0.004817250163555553,12.0,0.0,0.30151134457776363,-0.5909622353724167,0.5909622353724167,USD_HUF,14,30,3,short,40
14.0,-0.6698533752456525,0.1941591409381406,-1.050405291484408,-0.2893014590068969,7.0,-0.42857142857142855,0.36885555678165877,-1.1515283198634798,0.29438546272062266,USD_HUF,14,30,4,short,21
184.0,0.032688253826729775,0.07334764981145227,-0.11107313980371666,0.1764496474571762,79.0,0.21518987341772153,0.11057503070362913,-0.0015371867613915569,0.4319169335968346,USD_HUF,14,35,1,short,263
93.0,-0.030920951964086917,0.10310634533620094,-0.23300938882304076,0.1711674848948669,41.0,-0.024390243902439025,0.15806684630263074,-0.3342012626555953,0.2854207748507172,USD_HUF,14,35,2,short,134
48.0,-0.3333333333333331,0.13752283283450584,-0.6028780856889645,-0.06378858097770168,21.0,-0.14285714285714285,0.22131333406899525,-0.5766312776323735,0.29091699191808784,USD_HUF,14,35,3,short,69
22.0,-0.5171794206108697,0.18173290399421915,-0.8733759124395393,-0.16098292878220022,10.0,0.0,0.3333333333333333,-0.6533333333333333,0.6533333333333333,USD_HUF,14,35,4,short,32
,,,,,,,,,,USD_HUF,21,20,1,long,0
0.0,,,,,1.0,-1.0,,,,USD_HUF,21,20,2,long,1
,,,,,,,,,,USD_HUF,21,20,3,long,0
,,,,,,,,,,USD_HUF,21,20,4,long,0
6.0,-0.3333333333333333,0.421637021355784,-1.15974189519067,0.4930752285240034,3.0,0.3333333333333333,0.6666666666666667,-0.9733333333333336,1.6400000000000001,USD_HUF,21,25,1,long,9
7.0,-0.14285714285714285,0.40406101782088427,-0.9348167377860761,0.6491024520717903,3.0,-0.3333333333333333,0.6666666666666667,-1.6400000000000001,0.9733333333333336,USD_HUF,21,25,2,long,10
2.0,0.0,1.0,-1.96,1.96,1.0,1.0,,,,USD_HUF,21,25,3,long,3
,,,,,,,,,,USD_HUF,21,25,4,long,0
42.0,-0.19047619047618997,0.1533145038611393,-0.490972618044023,0.11002023709164305,19.0,-0.047651969964820295,0.23431237523634244,-0.5069042254280515,0.4116002854984109,USD_HUF,21,30,1,long,61
25.0,-0.04,0.20396078054371142,-0.43976312986567434,0.3597631298656744,11.0,0.09090909090909091,0.3149183286488867,-0.526330833242727,0.7081490150609089,USD_HUF,21,30,2,long,36
9.0,-0.3333333333333333,0.3333333333333333,-0.9866666666666666,0.32,5.0,0.2,0.48989794855663565,-0.7601999791710059,1.1601999791710058,USD_HUF,21,30,3,long,14
1.0,-1.0,,,,1.0,-1.0,,,,USD_HUF,21,30,4,long,2
93.0,0.033275403985682114,0.10409831899683468,-0.17075730124811384,0.2373081092194781,41.0,0.4146341463414634,0.14388176784148904,0.13262588137214487,0.6966424113107819,USD_HUF,21,35,1,long,134
56.0,0.07142857142857142,0.13449555309875313,-0.19218271264498474,0.33503985550212756,24.0,0.3333333333333333,0.19658927487319622,-0.05198164541813127,0.718648312084798,USD_HUF,21,35,2,long,80
30.0,0.06666666666666667,0.18528222234124034,-0.2964864891221644,0.4298198224554977,14.0,0.42857142857142855,0.25058800551629407,-0.0625810622405078,0.9197239193833648,USD_HUF,21,35,3,long,44
8.0,0.0,0.3779644730092272,-0.7408103670980853,0.7408103670980853,4.0,0.5,0.5,-0.48,1.48,USD_HUF,21,35,4,long,12
1.0,1.0,,,,1.0,-1.0,,,,USD_HUF,21,20,1,short,2
0.0,,,,,1.0,1.0,,,,USD_HUF,21,20,2,short,1
,,,,,,,,,,USD_HUF,21,20,3,short,0
,,,,,,,,,,USD_HUF,21,20,4,short,0
9.0,0.7777777777777778,0.2222222222222222,0.34222222222222226,1.2133333333333334,4.0,0.0,0.5773502691896257,-1.1316065276116665,1.1316065276116665,USD_HUF,21,25,1,short,13
6.0,-0.179674369989732,0.4005160811194906,-0.9646858889839336,0.6053371490044697,3.0,0.3333333333333333,0.6666666666666667,-0.9733333333333336,1.6400000000000001,USD_HUF,21,25,2,short,9
1.0,1.0,,,,1.0,1.0,,,,USD_HUF,21,25,3,short,2
2.0,-1.0,0.0,-1.0,-1.0,1.0,-1.0,,,,USD_HUF,21,25,4,short,3
46.0,0.03195874328164855,0.14594920274949805,-0.2541016941073676,0.3180191806706647,20.0,0.2,0.22478059477960655,-0.2405699657680288,0.6405699657680288,USD_HUF,21,30,1,short,66
18.0,-0.2153138073700046,0.2229670349522172,-0.6523291958763503,0.22170158113634109,9.0,0.1111111111111111,0.35136418446315326,-0.5775626904366693,0.7997849126588914,USD_HUF,21,30,2,short,27
12.0,-0.16666666666666666,0.2972941950052816,-0.7493632888770185,0.41602995554368527,6.0,0.3333333333333333,0.421637021355784,-0.4930752285240034,1.15974189519067,USD_HUF,21,30,3,short,18
6.0,-0.8963245422398557,0.10367545776014428,-1.0995284394497384,-0.693120645029973,3.0,-1.0,0.0,-1.0,-1.0,USD_HUF,21,30,4,short,9
125.0,0.024117109632946238,0.08881846171263554,-0.1499670753238194,0.1982012945897119,54.0,0.18518518518518517,0.1349847264027912,-0.07938487856428555,0.4497552489346559,USD_HUF,21,35,1,short,179
51.0,-0.13481663789529574,0.1373704084036872,-0.4040626383665226,0.13442936257593113,23.0,0.043478260869565216,0.21299910806810243,-0.37399999094391556,0.46095651268304594,USD_HUF,21,35,2,short,74
31.0,-0.2903225806451609,0.1747105033255046,-0.63275516716315,0.0521100058728281,14.0,-0.14285714285714285,0.2745054065230065,-0.6808877396422355,0.39517345392794984,USD_HUF,21,35,3,short,45
16.0,-0.711121703339946,0.1714125006989048,-1.0470902047097994,-0.37515320197009255,7.0,-0.14285714285714285,0.40406101782088427,-0.9348167377860761,0.6491024520717903,USD_HUF,21,35,4,short,23
,,,,,,,,,,USD_HUF,28,20,1,long,0
,,,,,,,,,,USD_HUF,28,20,2,long,0
,,,,,,,,,,USD_HUF,28,20,3,long,0
,,,,,,,,,,USD_HUF,28,20,4,long,0
0.0,,,,,1.0,-1.0,,,,USD_HUF,28,25,1,long,1
1.0,1.0,,,,1.0,-1.0,,,,USD_HUF,28,25,2,long,2
,,,,,,,,,,USD_HUF,28,25,3,long,0
,,,,,,,,,,USD_HUF,28,25,4,long,0
16.0,-0.25,0.25,-0.74,0.24,7.0,-0.14285714285714285,0.40406101782088427,-0.9348167377860761,0.6491024520717903,USD_HUF,28,30,1,long,23
12.0,-0.5,0.2611164839335468,-1.0117883085097517,0.011788308509751766,6.0,0.3333333333333333,0.421637021355784,-0.4930752285240034,1.15974189519067,USD_HUF,28,30,2,long,18
2.0,-1.0,0.0,-1.0,-1.0,2.0,1.0,0.0,1.0,1.0,USD_HUF,28,30,3,long,4
0.0,,,,,1.0,-1.0,,,,USD_HUF,28,30,4,long,1
65.0,-0.13700596045125482,0.1236461639339769,-0.37935244176184957,0.1053405208593399,28.0,0.21428571428571427,0.18797967114804776,-0.15415444116445934,0.5827258697358879,USD_HUF,28,35,1,long,93
35.0,-0.02857142857142857,0.17142857142857143,-0.3645714285714286,0.30742857142857144,15.0,0.2,0.26186146828319085,-0.313248477835054,0.7132484778350541,USD_HUF,28,35,2,long,50
14.0,-0.14285714285714285,0.2745054065230065,-0.6808877396422355,0.39517345392794984,7.0,0.14285714285714285,0.40406101782088427,-0.6491024520717903,0.9348167377860761,USD_HUF,28,35,3,long,21
4.0,-0.5,0.5,-1.48,0.48,2.0,1.0,0.0,1.0,1.0,USD_HUF,28,35,4,long,6
,,,,,,,,,,USD_HUF,28,20,1,short,0
,,,,,,,,,,USD_HUF,28,20,2,short,0
,,,,,,,,,,USD_HUF,28,20,3,short,0
,,,,,,,,,,USD_HUF,28,20,4,short,0
4.0,1.0,0.0,1.0,1.0,2.0,-1.0,0.0,-1.0,-1.0,USD_HUF,28,25,1,short,6
2.0,0.0,1.0,-1.96,1.96,2.0,1.0,0.0,1.0,1.0,USD_HUF,28,25,2,short,4
,,,,,,,,,,USD_HUF,28,25,3,short,0
1.0,-1.0,,,,1.0,-1.0,,,,USD_HUF,28,25,4,short,2
20.0,0.3,0.2188486619609662,-0.12894337744349377,0.7289433774434937,9.0,0.1111111111111111,0.35136418446315326,-0.5775626904366693,0.7997849126588914,USD_HUF,28,30,1,short,29
9.0,-0.0972942814066759,0.3109541865486223,-0.7067644870419756,0.5121759242286237,4.0,0.0,0.5773502691896257,-1.1316065276116665,1.1316065276116665,USD_HUF,28,30,2,short,13
5.0,0.2,0.48989794855663565,-0.7601999791710059,1.1601999791710058,3.0,-0.3333333333333333,0.6666666666666667,-1.6400000000000001,0.9733333333333336,USD_HUF,28,30,3,short,8
4.0,-0.8444868133597836,0.15551318664021643,-1.1492926591746078,-0.5396809675449594,3.0,-1.0,0.0,-1.0,-1.0,USD_HUF,28,30,4,short,7
84.0,-0.02363525352240142,0.1079863988030721,-0.23528859517642275,0.1880180881316199,36.0,0.2222222222222222,0.16480441082434807,-0.1007944229935,0.5452388674379445,USD_HUF,28,35,1,short,120
30.0,-0.19585495108866943,0.17582737478693206,-0.5404766056710563,0.14876670349371737,13.0,0.07692307692307693,0.2878197989826109,-0.48720372908284043,0.6410498829289943,USD_HUF,28,35,2,short,43
21.0,-0.23809523809523808,0.21717627144745486,-0.6637607301322496,0.1875702539417734,10.0,-0.2,0.32659863237109044,-0.8401333194473373,0.4401333194473372,USD_HUF,28,35,3,short,31
9.0,-0.9308830281599039,0.06911697184009619,-1.0663522929664924,-0.7954137633533154,4.0,0.0,0.5773502691896257,-1.1316065276116665,1.1316065276116665,USD_HUF,28,35,4,short,13
81.0,0.24144013607411238,0.09899107887989203,0.047417621469523996,0.43546265067870077,35.0,0.2896944621159422,0.13780447308541835,0.019597694868522253,0.5597912293633621,EUR_HUF,7,20,1,long,116
41.0,0.16816593203242414,0.13559407983231492,-0.09759846443891312,0.4339303285037614,18.0,0.039393836828692574,0.23609496977525943,-0.4233523039308159,0.5021399775882011,EUR_HUF,7,20,2,long,59
22.0,0.19539791406441653,0.19972168883552535,-0.19605659605321313,0.5868524241820462,10.0,0.06804888283729274,0.2902105753899278,-0.5007638449269657,0.6368616106015511,EUR_HUF,7,20,3,long,32
11.0,0.5613562269475442,0.23138439889827175,0.10784280510693156,1.0148696487881568,5.0,0.4708512419367329,0.38839367926966945,-0.29040036943181924,1.232102853305285,EUR_HUF,7,20,4,long,16
152.0,0.17741280906156312,0.07188761351094441,0.03651308658011207,0.3183125315430142,66.0,0.15647126584429083,0.10501202278818211,-0.04935229882054612,0.3622948305091278,EUR_HUF,7,25,1,long,218
76.0,0.11458485383251431,0.1021412974029545,-0.08561208907727651,0.3147817967423051,33.0,0.06793143276032754,0.1717522287026058,-0.26870293549677987,0.40456580101743495,EUR_HUF,7,25,2,long,109
38.0,0.1810704905558283,0.14539356782964802,-0.10390090239028182,0.4660418835019384,17.0,0.2437681363614922,0.21780886495661306,-0.1831372389534694,0.6706735116764537,EUR_HUF,7,25,3,long,55
18.0,0.01052085548837277,0.22399964231391806,-0.4285184434469066,0.44956015442365216,8.0,0.6692820262104581,0.2514951723916253,0.17635148832287256,1.1622125640980436,EUR_HUF,7,25,4,long,26
245.0,0.14038804217067152,0.05670177615250084,0.02925256091176988,0.2515235234295732,106.0,0.1370437503524609,0.08433071606179483,-0.02824445312865695,0.3023319538335788,EUR_HUF,7,30,1,long,351
133.0,0.15235624075802978,0.07632963802803329,0.00275015022308453,0.301962331292975,57.0,0.10199072072151048,0.12848638483622027,-0.14984259355748125,0.35382403500050225,EUR_HUF,7,30,2,long,190
69.0,0.15138718141529323,0.1089695624808575,-0.06219316104718747,0.3649675238777739,30.0,0.28188068963808904,0.15410299697746405,-0.02016118443774051,0.5839225637139186,EUR_HUF,7,30,3,long,99
27.0,0.03296899812086667,0.1756810543442909,-0.3113658683939435,0.37730386463567683,12.0,0.03428695924223254,0.2930028905892783,-0.5399987063127529,0.6085726247972181,EUR_HUF,7,30,4,long,39
358.0,0.11467629824807678,0.04677578869041327,0.022995752414866774,0.2063568440812868,154.0,0.12251932502118287,0.07191703945094328,-0.018438072302665975,0.2634767223450317,EUR_HUF,7,35,1,long,512
183.0,0.12360703547748762,0.06617762370813947,-0.006101106990465746,0.253315177945441,79.0,0.1386683907074929,0.1081559872745728,-0.0733173443506698,0.3506541257656556,EUR_HUF,7,35,2,long,262
88.0,0.0581671840634415,0.09819559836557232,-0.13429618873308025,0.2506305568599632,39.0,0.2263597380033737,0.13564038498915282,-0.039495416575365844,0.49221489258211326,EUR_HUF,7,35,3,long,127
38.0,-0.07184279373600819,0.1512760495453636,-0.36834385084492083,0.22465826337290448,17.0,0.28033527768179145,0.2279697997319572,-0.16648552979284464,0.7271560851564276,EUR_HUF,7,35,4,long,55
94.0,0.06131290152536033,0.09262070024736224,-0.12022367095946966,0.2428494740101903,41.0,0.10656455246703743,0.1532001852551786,-0.1937078106331126,0.4068369155671875,EUR_HUF,7,20,1,short,135
50.0,0.039677660027173385,0.12968102927663555,-0.21449715735503228,0.29385247740937903,22.0,-0.09971330407356663,0.20561502030542256,-0.5027187438721948,0.30329213572506153,EUR_HUF,7,20,2,short,72
23.0,0.08076035563722157,0.20404102406341848,-0.31916005152707866,0.4806807628015218,10.0,0.4845286631877291,0.27236119750905524,-0.0492992839300192,1.0183566103054773,EUR_HUF,7,20,3,short,33
9.0,-0.031258115087572716,0.33479573006527286,-0.6874577460155075,0.6249415158403621,4.0,-0.5,0.5,-1.48,0.48,EUR_HUF,7,20,4,short,13
166.0,-0.03810354255878521,0.07059546412629364,-0.17647065224632072,0.10026356712875031,72.0,0.0008177479772782813,0.11441311182460764,-0.22343195119895268,0.22506744715350926,EUR_HUF,7,25,1,short,238
81.0,-0.03571016099290003,0.10218975976662673,-0.2360020901354884,0.16458176814968833,35.0,-0.2055340768462419,0.16210903390051834,-0.5232677832912578,0.11219962959877403,EUR_HUF,7,25,2,short,116
41.0,-0.012443281491321794,0.1506605259046378,-0.3077379122644119,0.2828513492817683,18.0,0.32494932143931393,0.2148361099622675,-0.0961294540867304,0.7460280969653583,EUR_HUF,7,25,3,short,59
18.0,0.0399264980117692,0.23605173076052716,-0.422734894278864,0.5025878903024025,8.0,-0.3779245312845816,0.3234283916592899,-1.0118441789367898,0.2559951163676266,EUR_HUF,7,25,4,short,26
252.0,-0.02423329862350269,0.05744853751044236,-0.13683243214396973,0.08836583489696434,109.0,0.05287957045015346,0.09340293653603018,-0.1301901851604657,0.23594932606077262,EUR_HUF,7,30,1,short,361
125.0,-0.049423208557461844,0.08266803247424219,-0.21145255220697654,0.11260613509205283,55.0,-0.17879693525929707,0.12642459385566412,-0.42658913921639874,0.06899526869780462,EUR_HUF,7,30,2,short,180
65.0,0.0105979079310173,0.11541015526664253,-0.21560599639160205,0.23680181225363667,28.0,0.11279228870241169,0.1809852239919996,-0.24193875032190748,0.4675233277267309,EUR_HUF,7,30,3,short,93
33.0,-0.06728828230818087,0.16646645573038327,-0.3935625355397321,0.2589859709233703,15.0,0.11796894200216575,0.2450928108915336,-0.3624129673452401,0.5983508513495716,EUR_HUF,7,30,4,short,48
350.0,-0.03253453894564145,0.048804651875692114,-0.128191656621998,0.06312257873071508,151.0,0.1389893244241423,0.0786233254315325,-0.015112393421661402,0.293091042269946,EUR_HUF,7,35,1,short,501
177.0,-0.05688910966563341,0.06951483758486403,-0.19313819133196689,0.07935997200070008,77.0,0.07343872414765293,0.10941008808730654,-0.14100504850346787,0.28788249679877376,EUR_HUF,7,35,2,short,254
93.0,-0.02898182000902952,0.09470958559083574,-0.21461260776706756,0.15664896774900852,40.0,0.023571834454601204,0.15009318609948213,-0.27061081030038375,0.31775447920958616,EUR_HUF,7,35,3,short,133
45.0,-0.07196668905444012,0.14245250014970878,-0.35117358934786935,0.20724021123898909,20.0,0.2384767065016243,0.20954919864424476,-0.17223972284109543,0.649193135844344,EUR_HUF,7,35,4,short,65
9.0,-0.1345746954943047,0.2707327394696473,-0.6652108648548134,0.39606147386620405,5.0,0.7061633332245769,0.2938366667754231,0.1302434663447477,1.282083200104406,EUR_HUF,14,20,1,long,14
2.0,1.0,0.0,1.0,1.0,2.0,-1.0,0.0,-1.0,-1.0,EUR_HUF,14,20,2,long,4
2.0,-1.0,0.0,-1.0,-1.0,2.0,0.0,1.0,-1.96,1.96,EUR_HUF,14,20,3,long,4
1.0,-0.49974915440762596,,,,1.0,1.0,,,,EUR_HUF,14,20,4,long,2
32.0,0.13503914380015625,0.16090987351626068,-0.18034420829171466,0.45042249589202715,14.0,0.2267271319804789,0.214077396749964,-0.19286456564945054,0.6463188296104083,EUR_HUF,14,25,1,long,46
16.0,0.3659178764687403,0.21259678770213916,-0.050771827427452454,0.782607580364933,7.0,0.24415558041663804,0.36733744513648225,-0.4758258120508672,0.9641369728841434,EUR_HUF,14,25,2,long,23
9.0,-0.2161969183135305,0.3124200236836063,-0.8285401647333988,0.39614632810633776,5.0,0.26416490012890137,0.37863949115245127,-0.4779685025299031,1.0062983027877057,EUR_HUF,14,25,3,long,14
5.0,0.7000501691184748,0.29994983088152516,0.11214850059068548,1.2879518376462642,3.0,1.0,0.0,1.0,1.0,EUR_HUF,14,25,4,long,8
96.0,0.23649218509823214,0.09045163988664008,0.05920697092041757,0.41377739927604673,42.0,0.3195432580963174,0.12256123342529819,0.07932324058273293,0.5597632756099018,EUR_HUF,14,30,1,long,138
53.0,0.18277365433815654,0.12135200590985713,-0.05507627724516345,0.42062358592147653,23.0,0.07430822012680288,0.20831352646983595,-0.33398629175407557,0.48260273200768133,EUR_HUF,14,30,2,long,76
26.0,0.25859952933573427,0.17563267832916937,-0.08564052018943769,0.6028395788609062,12.0,0.09533819317878056,0.25827205192082137,-0.4108750285860293,0.6015514149435904,EUR_HUF,14,30,3,long,38
13.0,0.32114757664792204,0.25337245055095226,-0.17546242643194437,0.8177575797277885,6.0,0.06857391848446505,0.4210377832244134,-0.7566601366353851,0.8938079736043152,EUR_HUF,14,30,4,long,19
202.0,0.12024691224066764,0.06155513130439894,-0.00040114511595429336,0.24089496959728957,87.0,0.1894452949363452,0.09372785994166948,0.005738689450673046,0.3731519004220174,EUR_HUF,14,35,1,long,289
103.0,0.1926803465586211,0.08507037371603601,0.025942414075190517,0.3594182790420517,45.0,0.11401917337712297,0.1445178719760153,-0.16923585569586697,0.3972742024501129,EUR_HUF,14,35,2,long,148
51.0,0.07653449830650151,0.12355127026322354,-0.16562599140941664,0.31869498802241963,23.0,0.25245446864387733,0.1806377504678961,-0.10159552227319901,0.6065044595609537,EUR_HUF,14,35,3,long,74
23.0,0.18117018813920766,0.18920917964906983,-0.18967980397296919,0.5520201802513844,10.0,0.04114435109067904,0.321963941469417,-0.5899049741893783,0.6721936763707363,EUR_HUF,14,35,4,long,33
13.0,0.12425389261759424,0.25750033049765875,-0.3804467551578169,0.6289545403930054,6.0,0.11190001903664491,0.4095871172848867,-0.690890730841733,0.9146907689150229,EUR_HUF,14,20,1,short,19
4.0,-0.02391303241718548,0.48477593814991116,-0.9740738711910113,0.9262478063566404,3.0,-0.1376681315754429,0.5935367282526052,-1.301000118950549,1.0256638557996631,EUR_HUF,14,20,2,short,7
3.0,-0.48994776001266205,0.510052239987338,-1.4896501503878445,0.5097546303625203,2.0,1.0,0.0,1.0,1.0,EUR_HUF,14,20,3,short,5
2.0,0.0,1.0,-1.96,1.96,2.0,-1.0,0.0,-1.0,-1.0,EUR_HUF,14,20,4,short,4
49.0,0.14808917892491905,0.1303138593904812,-0.10732598548042413,0.4035043433302622,22.0,0.3032454597372668,0.20324694472875424,-0.09511855193109148,0.7016094714056251,EUR_HUF,14,25,1,short,71
24.0,0.15515318342899542,0.190881561405831,-0.21897467692643335,0.5292810437844242,11.0,-0.21936403588421172,0.2960535309001605,-0.7996289564485263,0.36090088468010284,EUR_HUF,14,25,2,short,35
11.0,0.04819606545109217,0.30533907649375125,-0.5502685244766603,0.6466606553788445,5.0,0.2,0.48989794855663565,-0.7601999791710059,1.1601999791710058,EUR_HUF,14,25,3,short,16
5.0,0.2,0.48989794855663565,-0.7601999791710059,1.1601999791710058,3.0,-0.3333333333333333,0.6666666666666667,-1.6400000000000001,0.9733333333333336,EUR_HUF,14,25,4,short,8
118.0,0.10054914858055959,0.08213687420562443,-0.06043912486246429,0.2615374220235835,52.0,0.17389094690689844,0.13583345435384547,-0.0923426236266387,0.44012451744043557,EUR_HUF,14,30,1,short,170
53.0,0.05930832732389697,0.12263551060808818,-0.18105727346795586,0.2996739281157498,24.0,-0.2527388414847507,0.19053406150634702,-0.6261856020371908,0.12070791906768946,EUR_HUF,14,30,2,short,77
27.0,0.10204784996510717,0.1774260481222879,-0.2457072043545771,0.44980290428479147,12.0,0.16666666666666666,0.2972941950052816,-0.41602995554368527,0.7493632888770185,EUR_HUF,14,30,3,short,39
11.0,0.15624336038289505,0.2986425468403799,-0.4290960314242495,0.7415827521900396,6.0,-0.6666666666666666,0.33333333333333337,-1.32,-0.013333333333333197,EUR_HUF,14,30,4,short,17
217.0,0.03342589204133887,0.061815772869451086,-0.08773302278278525,0.154584806865463,93.0,0.11539849938036795,0.10096908349107653,-0.08250090426214204,0.31329790302287797,EUR_HUF,14,35,1,short,310
100.0,0.002088938190651781,0.09144254624724842,-0.1771384524539551,0.18131632883525867,43.0,-0.22617710349281206,0.14407530826588413,-0.508564707693945,0.05621050070832084,EUR_HUF,14,35,2,short,143
51.0,-0.04055256117104558,0.13104982197641274,-0.29741021224481456,0.21630508990272337,22.0,0.3111493923580586,0.2022280090423551,-0.08521750536495737,0.7075162900810745,EUR_HUF,14,35,3,short,73
23.0,0.01270534805117967,0.20496453387728772,-0.38902513834830427,0.4144358344506636,11.0,-0.3657632954796957,0.27845248840699377,-0.9115301727574034,0.18000358179801207,EUR_HUF,14,35,4,short,34
0.0,,,,,1.0,1.0,,,,EUR_HUF,21,20,1,long,1
0.0,,,,,1.0,-1.0,,,,EUR_HUF,21,20,2,long,1
,,,,,,,,,,EUR_HUF,21,20,3,long,0
,,,,,,,,,,EUR_HUF,21,20,4,long,0
5.0,-0.3727317315058976,0.28503598755454734,-0.9314022671128104,0.1859388041010152,3.0,-0.15639444462570515,0.5981576344435605,-1.3287834081350836,1.0159945188836734,EUR_HUF,21,25,1,long,8
3.0,0.3333333333333333,0.6666666666666667,-0.9733333333333336,1.6400000000000001,2.0,0.0,1.0,-1.96,1.96,EUR_HUF,21,25,2,long,5
2.0,-1.0,0.0,-1.0,-1.0,1.0,1.0,,,,EUR_HUF,21,25,3,long,3
1.0,-0.49974915440762596,,,,1.0,1.0,,,,EUR_HUF,21,25,4,long,2
35.0,0.1002106559053358,0.1565768915935299,-0.2066800516179828,0.4071013634286544,15.0,0.17501593943729896,0.20356957818242866,-0.2239804338002612,0.5740123126748591,EUR_HUF,21,30,1,long,50
16.0,0.4673239153350781,0.1844949224933716,0.1057138672480698,0.8289339634220865,7.0,0.14285714285714285,0.40406101782088427,-0.6491024520717903,0.9348167377860761,EUR_HUF,21,30,2,long,23
9.0,-0.4384191405357527,0.2818199634269812,-0.9907862688526358,0.11394798778113036,4.0,0.361868430577035,0.47226737553734294,-0.5637756254761571,1.2875124866302272,EUR_HUF,21,30,3,long,13
4.0,0.1250627113980935,0.5153628568140256,-0.8850484879573965,1.1351739107535836,3.0,0.4704811703022635,0.5295188296977366,-0.5673757359053,1.508338076509827,EUR_HUF,21,30,4,long,7
118.0,0.17009686028832927,0.07879869595274143,0.01565141622095606,0.32454230435570247,52.0,0.218858708465298,0.1150505006055831,-0.006640272721644858,0.4443576896522409,EUR_HUF,21,35,1,long,170
57.0,0.32860509756737255,0.11141991715729349,0.1102220599390773,0.5469881351956678,25.0,-0.09163643748334134,0.1994772261706787,-0.4826118007778716,0.2993389258111889,EUR_HUF,21,35,2,long,82
33.0,0.14304931638298937,0.1482309629251214,-0.14748337095024852,0.43358200371622724,15.0,0.009603887876357782,0.2381743729273004,-0.45721788306115096,0.47642565881386656,EUR_HUF,21,35,3,long,48
14.0,0.25105055342572136,0.24991854600634167,-0.2387897967467083,0.740890903598151,6.0,0.06857391848446508,0.4210377832244134,-0.7566601366353851,0.8938079736043152,EUR_HUF,21,35,4,long,20
2.0,1.0,0.0,1.0,1.0,2.0,1.0,0.0,1.0,1.0,EUR_HUF,21,20,1,short,4
,,,,,,,,,,EUR_HUF,21,20,2,short,0
0.0,,,,,1.0,1.0,,,,EUR_HUF,21,20,3,short,1
,,,,,,,,,,EUR_HUF,21,20,4,short,0
12.0,0.21063432356849354,0.2827582461420147,-0.3435718388698553,0.7648404860068424,6.0,0.11190001903664491,0.4095871172848867,-0.690890730841733,0.9146907689150229,EUR_HUF,21,25,1,short,18
4.0,-0.02391303241718548,0.48477593814991116,-0.9740738711910113,0.9262478063566404,3.0,-0.1376681315754429,0.5935367282526052,-1.301000118950549,1.0256638557996631,EUR_HUF,21,25,2,short,7
2.0,-0.23492164001899302,0.7650783599810068,-1.7344752255817664,1.2646319455437802,2.0,1.0,0.0,1.0,1.0,EUR_HUF,21,25,3,short,4
0.0,,,,,1.0,-1.0,,,,EUR_HUF,21,25,4,short,1
53.0,0.18391846932016634,0.12348119822953675,-0.0581046792097257,0.42594161785005835,23.0,0.4204956571399943,0.18882409227375602,0.05040043628343255,0.790590877996556,EUR_HUF,21,30,1,short,76
26.0,-0.01115038904557105,0.18673969634861287,-0.37716019388885225,0.3548594157977102,12.0,-0.42055313600172156,0.2530074323237088,-0.9164477033561909,0.07534143135274768,EUR_HUF,21,30,2,short,38
13.0,0.3484735938432318,0.2619261267311376,-0.16490161454979785,0.8618488022362614,6.0,0.0,0.4472135954999579,-0.8765386471799175,0.8765386471799175,EUR_HUF,21,30,3,short,19
9.0,0.1111111111111111,0.35136418446315326,-0.5775626904366693,0.7997849126588914,5.0,-0.2,0.48989794855663565,-1.1601999791710058,0.7601999791710059,EUR_HUF,21,30,4,short,14
140.0,0.07919236110976076,0.07653338197798758,-0.07081306756709489,0.22919778978661642,60.0,0.19654090006787045,0.12555518786260061,-0.049547268142826756,0.44262906827856763,EUR_HUF,21,35,1,short,200
60.0,0.11647724527424735,0.11496210820578844,-0.10884848680909798,0.3418029773575927,26.0,-0.3102204690628468,0.18004389672761664,-0.6631065066489754,0.04266556852328185,EUR_HUF,21,35,2,short,86
32.0,-0.09942618036716401,0.1624027917337998,-0.4177356521654116,0.2188832914310836,15.0,0.2,0.26186146828319085,-0.313248477835054,0.7132484778350541,EUR_HUF,21,35,3,short,47
14.0,-0.09152307398486816,0.26686902606703466,-0.6145863650762561,0.4315402171065198,7.0,-0.2890566071823789,0.3590885064476077,-0.99287007981969,0.4147568654549322,EUR_HUF,21,35,4,short,21
,,,,,,,,,,EUR_HUF,28,20,1,long,0
0.0,,,,,1.0,-1.0,,,,EUR_HUF,28,20,2,long,1
,,,,,,,,,,EUR_HUF,28,20,3,long,0
,,,,,,,,,,EUR_HUF,28,20,4,long,0
0.0,,,,,1.0,1.0,,,,EUR_HUF,28,25,1,long,1
1.0,-1.0,,,,1.0,1.0,,,,EUR_HUF,28,25,2,long,2
,,,,,,,,,,EUR_HUF,28,25,3,long,0
0.0,,,,,1.0,1.0,,,,EUR_HUF,28,25,4,long,1
14.0,-0.20454704696639198,0.24285167182467765,-0.6805363237427602,0.27144222980997623,6.0,-0.4194840224425378,0.30415937462309006,-1.0156363967037945,0.17666835181871876,EUR_HUF,28,30,1,long,20
7.0,0.09477197181670993,0.3119055367300036,-0.5165628801740971,0.706106823807517,3.0,-0.3333333333333333,0.6666666666666667,-1.6400000000000001,0.9733333333333336,EUR_HUF,28,30,2,long,10
3.0,-0.14988667105359377,0.5964891847241336,-1.3190054731128955,1.019232131005708,2.0,0.0,1.0,-1.96,1.96,EUR_HUF,28,30,3,long,5
2.0,0.250125422796187,0.749874577203813,-1.2196287485232866,1.7198795941156604,1.0,1.0,,,,EUR_HUF,28,30,4,long,3
56.0,0.1960257563652692,0.11945889805465759,-0.03811368382185967,0.43016519655239804,25.0,0.14060175790870022,0.14839747312101387,-0.15025728940848698,0.4314608052258874,EUR_HUF,28,35,1,long,81
28.0,0.28436079668787395,0.15769242977921086,-0.02471636567937935,0.5934379590551273,13.0,0.07692307692307693,0.28781979898261095,-0.48720372908284054,0.6410498829289943,EUR_HUF,28,35,2,long,41
18.0,0.1987220890118025,0.21091091833681438,-0.21466331092835367,0.6121074889519587,8.0,0.29010306258056334,0.3146141191476623,-0.3265406109488547,0.9067467361099815,EUR_HUF,28,35,3,long,26
7.0,0.21432154937033915,0.37569659528159344,-0.522043777381584,0.9506868761222622,3.0,0.4704811703022635,0.5295188296977366,-0.5673757359053,1.508338076509827,EUR_HUF,28,35,4,long,10
2.0,1.0,0.0,1.0,1.0,1.0,1.0,,,,EUR_HUF,28,20,1,short,3
,,,,,,,,,,EUR_HUF,28,20,2,short,0
0.0,,,,,1.0,1.0,,,,EUR_HUF,28,20,3,short,1
,,,,,,,,,,EUR_HUF,28,20,4,short,0
4.0,0.5577886199877209,0.44221138001227916,-0.3089456848363462,1.424522924811788,3.0,0.5571333714066231,0.4428666285933769,-0.31088522063639557,1.425151963449642,EUR_HUF,28,25,1,short,7
0.0,,,,,1.0,-1.0,,,,EUR_HUF,28,25,2,short,1
1.0,-1.0,,,,1.0,1.0,,,,EUR_HUF,28,25,3,short,2
0.0,,,,,1.0,-1.0,,,,EUR_HUF,28,25,4,short,1
26.0,0.2676724438558585,0.18375716320306343,-0.09249159602214585,0.6278364837338628,12.0,0.3892833428516558,0.2652825770797485,-0.13067050822465132,0.9092371939279629,EUR_HUF,28,30,1,short,38
10.0,0.10607346694056038,0.2874094884919048,-0.45724913050357296,0.6693960643846938,5.0,-0.4093275264041317,0.3697511724191505,-1.1340398243456669,0.3153847715374033,EUR_HUF,28,30,2,short,15
4.0,0.38253917999050346,0.4739656501978505,-0.5464334943972835,1.3115118543782904,3.0,-0.3333333333333333,0.6666666666666667,-1.6400000000000001,0.9733333333333336,EUR_HUF,28,30,3,short,7
2.0,0.0,1.0,-1.96,1.96,2.0,0.0,1.0,-1.96,1.96,EUR_HUF,28,30,4,short,4
92.0,0.12021707894876382,0.09519076738588356,-0.06635682512756794,0.30679098302509555,40.0,0.4167850028554968,0.14357966684469503,0.13536885583989455,0.698201149871099,EUR_HUF,28,35,1,short,132
38.0,0.06102349601326864,0.14492654187184928,-0.22303252605555593,0.3450795180820932,17.0,-0.23803750776592109,0.231751738466014,-0.6922709151593085,0.21619589962746633,EUR_HUF,28,35,2,short,55
20.0,0.19920688009750914,0.2073772392938886,-0.2072525089185125,0.6056662691135308,9.0,0.1111111111111111,0.35136418446315326,-0.5775626904366693,0.7997849126588914,EUR_HUF,28,35,3,short,29
12.0,-0.10677691964901286,0.28791737719021593,-0.671094978941836,0.4575411396438103,6.0,-0.3333333333333333,0.421637021355784,-1.15974189519067,0.4930752285240034,EUR_HUF,28,35,4,short,18
56.0,0.1533094660713665,0.11168948271286804,-0.06560192004585486,0.37222085218858786,25.0,0.31653786452813903,0.1190681750999927,0.08316424133215333,0.5499114877241247,EUR_PLN,7,20,1,long,81
35.0,0.06085759734469026,0.14879767925071674,-0.23078585398671453,0.35250104867609505,16.0,0.3584338715174269,0.2235847322278847,-0.07979220364922707,0.7966599466840809,EUR_PLN,7,20,2,long,51
21.0,-0.027717574783456208,0.18804336152195558,-0.39628256336648915,0.3408474137995767,10.0,0.11674124097832969,0.17151560576806407,-0.21942934632707586,0.4529118282837352,EUR_PLN,7,20,3,long,31
14.0,-0.2630071892839683,0.22979588825567043,-0.7134071302650824,0.1873927516971457,6.0,0.7101436311579469,0.13940721437610742,0.4369054909807763,0.9833817713351174,EUR_PLN,7,20,4,long,20
118.0,0.0011520264703071294,0.0787736975217091,-0.1532444206722427,0.15554847361285695,52.0,0.14853032745600045,0.09131605292305645,-0.03044913627319018,0.3275097911851911,EUR_PLN,7,25,1,long,170
76.0,0.10752477220787622,0.10317880233403286,-0.09470568036682818,0.3097552247825806,33.0,0.06294893283338979,0.16618414110945498,-0.26277198374114197,0.3886698494079216,EUR_PLN,7,25,2,long,109
35.0,0.08405458190342628,0.1488043797402984,-0.20760200238755855,0.37571116619441114,16.0,0.010242129554711682,0.1566750951167956,-0.2968410568742077,0.317325315983631,EUR_PLN,7,25,3,long,51
25.0,0.11551096873843593,0.1851590580104513,-0.2474007849620486,0.4784227224389204,11.0,0.22767178124842058,0.23984838544037607,-0.2424310542147165,0.6977746167115577,EUR_PLN,7,25,4,long,36
207.0,-0.05139754338895869,0.06051419889960288,-0.17000537323218035,0.06721028645426295,90.0,0.07145611485656155,0.07431411739811744,-0.07419955524374865,0.21711178495687172,EUR_PLN,7,30,1,long,297
118.0,0.12606120136937582,0.08031002749293291,-0.03134645251677268,0.28346885525552434,51.0,-0.007778384782214495,0.12094728599596294,-0.24483506533430185,0.22927829576987288,EUR_PLN,7,30,2,long,169
60.0,0.05356885399275998,0.11261727538259085,-0.1671610057571181,0.27429871374263803,26.0,-0.07871786345079723,0.13263219797606798,-0.3386769714838905,0.181241244582296,EUR_PLN,7,30,3,long,86
36.0,0.18955057246172255,0.15330881433603927,-0.1109347036369144,0.49003584856035953,16.0,-0.16580561320920406,0.19360182717020152,-0.5452651944627991,0.2136539680443909,EUR_PLN,7,30,4,long,52
326.0,-0.0279485301631006,0.04792953761659721,-0.12189042389163114,0.06599336356542994,141.0,0.031654674201927156,0.0638096525711064,-0.0934122448374414,0.15672159324129573,EUR_PLN,7,35,1,long,467
174.0,0.11385699514429751,0.06487287244830187,-0.013293834854374159,0.24100782514296917,75.0,-0.005425628277663301,0.09764354243508702,-0.19680697145043385,0.18595571489510726,EUR_PLN,7,35,2,long,249
91.0,-0.05953709030269481,0.09350328872073771,-0.2428035361953407,0.1237293555899511,39.0,0.08006243896023764,0.11732321284636131,-0.14989105821863052,0.31001593613910583,EUR_PLN,7,35,3,long,130
51.0,0.15464245049744257,0.12735092297717848,-0.09496535853782725,0.40425025953271243,23.0,-0.05611264702588582,0.1689902212900857,-0.3873334807544538,0.27510818670268217,EUR_PLN,7,35,4,long,74
74.0,0.05853284256806373,0.10543877399021702,-0.14812715445276162,0.26519283958888906,33.0,0.3008215709790413,0.1482422123546769,0.010266834763874522,0.591376307194208,EUR_PLN,7,20,1,short,107
39.0,0.20418611465979888,0.14439429358469877,-0.0788267007662107,0.4871989300858085,17.0,0.06876765478584704,0.19201473403870736,-0.3075812239300194,0.44511653350171343,EUR_PLN,7,20,2,short,56
25.0,0.40375460270304697,0.17342925433000936,0.06383326421622865,0.7436759411898652,12.0,-0.4585898736057749,0.21800797853560688,-0.8858855115355644,-0.03129423567598544,EUR_PLN,7,20,3,short,37
9.0,0.3333333333333333,0.3333333333333333,-0.32,0.9866666666666666,5.0,-0.2704642342482014,0.3700304125001557,-0.9957238427485067,0.45479537425210387,EUR_PLN,7,20,4,short,14
120.0,0.10960708823781787,0.08232164125438818,-0.05174332862078296,0.2709575050964187,52.0,0.07828166578387942,0.12865270978189766,-0.17387764538863998,0.3304409769563988,EUR_PLN,7,25,1,short,172
69.0,0.18376263181457525,0.10824515571401241,-0.028397873384889083,0.3959231370140396,30.0,0.2200479936668879,0.12723011620347477,-0.029323034091922634,0.46941902142569847,EUR_PLN,7,25,2,short,99
41.0,0.2201183311629514,0.14637967636005536,-0.06678583450275707,0.5070224968286599,18.0,0.11610344605441858,0.16191015401085143,-0.20124045580685024,0.4334473479156874,EUR_PLN,7,25,3,short,59
16.0,0.4804911650318281,0.2215400768347281,0.04627261443576103,0.9147097156278952,7.0,-0.274528882551321,0.19890137581870196,-0.6643755791559769,0.1153178140533348,EUR_PLN,7,25,4,short,23
194.0,0.10243460779346401,0.06446512517495008,-0.02391703754943815,0.2287862531363662,84.0,0.14288314584543396,0.09959875414825871,-0.052330412285153116,0.33809670397602104,EUR_PLN,7,30,1,short,278
111.0,0.07674232848394882,0.08486349822771964,-0.08959012804238167,0.24307478501027932,48.0,0.2913412096591388,0.09750298174244554,0.10023536544394554,0.48244705387433207,EUR_PLN,7,30,2,short,159
63.0,0.12975172376708718,0.11418446073240714,-0.09404981926843081,0.3535532668026052,28.0,0.13755981250267285,0.14496360501643088,-0.14656885332953168,0.4216884783348774,EUR_PLN,7,30,3,short,91
23.0,0.11146245945366955,0.19993892039522332,-0.28041782452096814,0.5033427434283072,10.0,0.2316801980872089,0.20301296209484435,-0.16622520761868598,0.6295856037931038,EUR_PLN,7,30,4,short,33
290.0,0.08295946692762511,0.05189373321526986,-0.01875225017430382,0.18467118402955404,125.0,0.15472919161760937,0.07766585663561908,0.0025041126117959778,0.30695427062342273,EUR_PLN,7,35,1,short,415
159.0,-0.02101092463007421,0.07052544570016069,-0.15924079820238915,0.11721894894224075,69.0,0.31067311657263624,0.08199066350308705,0.14997141610658563,0.4713748170386869,EUR_PLN,7,35,2,short,228
90.0,0.07693280161724184,0.09640071005856692,-0.11201259009754932,0.265878193332033,39.0,0.049580159383283084,0.12112787003414167,-0.18783046588363458,0.2869907846502008,EUR_PLN,7,35,3,short,129
39.0,0.1777835183571402,0.1441336058528101,-0.10471834911436759,0.460285385828648,17.0,0.07423246259697776,0.1801880751758732,-0.27893616474773375,0.42740108994168924,EUR_PLN,7,35,4,short,56
4.0,-0.4374061670947158,0.34568568624715185,-1.1149501121391334,0.24013777794970181,3.0,0.04247605725996465,0.5254661230431383,-0.9874375439045865,1.0723896584245158,EUR_PLN,14,20,1,long,7
2.0,0.2565928239925629,0.1319720020384832,-0.0020723000028641803,0.51525794798799,2.0,0.11470777352871292,0.885292226471287,-1.6204649903550095,1.8498805374124354,EUR_PLN,14,20,2,long,4
2.0,-0.596822685584667,0.403177314415333,-1.3870502218387197,0.19340485066938562,2.0,0.7652719581275179,0.23472804187248206,0.3052049960574531,1.2253389201975828,EUR_PLN,14,20,3,long,4
1.0,1.0,,,,1.0,1.0,,,,EUR_PLN,14,20,4,long,2
23.0,0.00924972265315031,0.1747954256134037,-0.3333493115491209,0.35184875685542155,11.0,0.34183242088797533,0.22636322800890582,-0.10183950600948005,0.7855043477854307,EUR_PLN,14,25,1,long,34
14.0,0.15448581479378395,0.20562226930558306,-0.24853383304515883,0.5575054626327267,6.0,0.7953893209755268,0.2046106790244731,0.39435239008755957,1.196426251863494,EUR_PLN,14,25,2,long,20
8.0,-0.03781403741679329,0.3116076030776967,-0.6485649394490789,0.5729368646154922,4.0,0.10913619965690562,0.14035591379059073,-0.1659613913726522,0.38423379068646346,EUR_PLN,14,25,3,long,12
4.0,-0.0009123674774032531,0.45622523730808734,-0.8951138326012544,0.8932890976464478,3.0,0.6796102363084827,0.3203897636915173,0.051646299473108837,1.3075741731438566,EUR_PLN,14,25,4,long,7
70.0,0.06413785471669124,0.09983345271112858,-0.13153571259712077,0.2598114220305032,31.0,0.3006972059200704,0.11111483602722112,0.08291212730671699,0.5184822845334238,EUR_PLN,14,30,1,long,101
46.0,0.24769384398875866,0.12122559453124036,0.010091678707527557,0.4852960092699897,20.0,0.1867470972139415,0.21371242159154494,-0.23212924910548655,0.6056234435333696,EUR_PLN,14,30,2,long,66
21.0,0.059835671834047324,0.18794646885287347,-0.3085394071175847,0.42821075078567933,9.0,0.11203881381294284,0.18780223146852218,-0.2560535598653606,0.4801311874912463,EUR_PLN,14,30,3,long,30
14.0,0.21679865992970246,0.24406342102985304,-0.26156564528880955,0.6951629651482144,6.0,0.10252704289454324,0.3709832140946438,-0.6246000567309585,0.8296541425200451,EUR_PLN,14,30,4,long,20
163.0,-0.01784379943569334,0.06441675199364112,-0.14410063334322992,0.10841303447184325,70.0,0.16041492108062547,0.08076411903789064,0.0021172477663597977,0.31871259439489114,EUR_PLN,14,35,1,long,233
98.0,0.09687127464006141,0.08561268595843928,-0.07092958983847956,0.2646721391186024,42.0,-0.005628680662496926,0.14360801330443235,-0.28710038673918437,0.2758430254141905,EUR_PLN,14,35,2,long,140
49.0,0.10093582699325887,0.1231200758442758,-0.14037952166152168,0.3422511756480394,21.0,0.093717697313423,0.13228583795787915,-0.16556254508402013,0.3529979397108661,EUR_PLN,14,35,3,long,70
29.0,0.11441032241463597,0.17616444524292796,-0.23087199026150282,0.45969263509077474,13.0,0.03879919951789435,0.23856685090995158,-0.42879182826561074,0.5063902273013995,EUR_PLN,14,35,4,long,42
15.0,0.17561509577316795,0.25764162305075644,-0.32936248540631474,0.6805926769526506,7.0,0.36838674556988155,0.3096762001496967,-0.238578606723524,0.975352097863287,EUR_PLN,14,20,1,short,22
6.0,-0.2513054993378836,0.40327689527458627,-1.0417282140760726,0.5391172154003054,3.0,0.3333333333333333,0.6666666666666667,-0.9733333333333336,1.6400000000000001,EUR_PLN,14,20,2,short,9
4.0,1.0,0.0,1.0,1.0,3.0,0.2730217262586256,0.4626780511383884,-0.6338272539726157,1.1798707064898668,EUR_PLN,14,20,3,short,7
2.0,1.0,0.0,1.0,1.0,1.0,-1.0,,,,EUR_PLN,14,20,4,short,3
40.0,0.08966203392094715,0.14761059907720542,-0.19965474027037547,0.3789788081122698,18.0,0.22542062951070863,0.21279654852722224,-0.19166060560264697,0.6425018646240642,EUR_PLN,14,25,1,short,58
17.0,0.027304724819566036,0.23675194336015748,-0.4367290841663426,0.49133853380547465,8.0,0.5,0.32732683535398854,-0.14156059729381754,1.1415605972938176,EUR_PLN,14,25,2,short,25
15.0,0.40198641613430197,0.2302208396530014,-0.04924642958558079,0.8532192618541847,7.0,-0.8283894522040779,0.11804573119341692,-1.059759085343175,-0.5970198190649807,EUR_PLN,14,25,3,short,22
3.0,1.0,0.0,1.0,1.0,2.0,-0.6606574325356163,0.33934256746438374,-1.3257688647658084,0.0044539996945758276,EUR_PLN,14,25,4,short,5
81.0,0.10328153726976612,0.10206666931796386,-0.09676913459344304,0.30333220913297526,36.0,-0.015571046633499723,0.15190199286982217,-0.31329895265835117,0.2821568593913517,EUR_PLN,14,30,1,short,117
42.0,0.08276978445853284,0.14481394099144929,-0.20106553988470777,0.36660510880177344,19.0,0.42214114655324986,0.17919492043182586,0.07091910250687117,0.7733631905996285,EUR_PLN,14,30,2,short,61
25.0,0.163754602703047,0.18908410380442883,-0.20685024075363348,0.5343594461597275,11.0,-0.6475729673320091,0.18227628129737172,-1.0048344786748578,-0.2903114559891605,EUR_PLN,14,30,3,short,36
9.0,0.3333333333333333,0.3333333333333333,-0.32,0.9866666666666666,5.0,-0.2704642342482014,0.3700304125001557,-0.9957238427485067,0.45479537425210387,EUR_PLN,14,30,4,short,14
142.0,0.0902952020715108,0.07714640933368475,-0.06091176022251131,0.2415021643655329,62.0,0.13251232659564854,0.11574561018304017,-0.09434906936311019,0.35937372255440725,EUR_PLN,14,35,1,short,204
87.0,0.06889996522488663,0.09865252884978487,-0.1244589913206917,0.26225892177046495,38.0,0.3506950159275388,0.10782442455275609,0.1393591438041369,0.5620308880509408,EUR_PLN,14,35,2,short,125
50.0,0.030599489651659005,0.13423452325797258,-0.23250017593396724,0.29369915523728524,22.0,0.09767673477025383,0.17018275467769137,-0.2358814643980212,0.4312349339385289,EUR_PLN,14,35,3,short,72
18.0,0.1753774599488687,0.21817408300353824,-0.25224374273806627,0.6029986626358036,8.0,0.14017205910310063,0.2334012491360549,-0.317294389203567,0.5976385074097682,EUR_PLN,14,35,4,short,26
0.0,,,,,1.0,-1.0,,,,EUR_PLN,21,20,1,long,1
1.0,0.3885648260310461,,,,1.0,1.0,,,,EUR_PLN,21,20,2,long,2
,,,,,,,,,,EUR_PLN,21,20,3,long,0
0.0,,,,,1.0,1.0,,,,EUR_PLN,21,20,4,long,1
2.0,-0.29252007354976217,0.7074799264502378,-1.6791807293922283,1.094140582292704,1.0,0.6789386142150778,,,,EUR_PLN,21,25,1,long,3
2.0,0.2565928239925629,0.1319720020384832,-0.0020723000028641803,0.51525794798799,2.0,1.0,0.0,1.0,1.0,EUR_PLN,21,25,2,long,4
1.0,0.5305439162550358,,,,1.0,1.0,,,,EUR_PLN,21,25,3,long,2
1.0,1.0,,,,1.0,1.0,,,,EUR_PLN,21,25,4,long,2
28.0,-0.07400665642856986,0.1582983674143574,-0.3842714565607104,0.23625814370357068,13.0,0.45431609866765715,0.20053407192292552,0.061269317698723125,0.8473628796365912,EUR_PLN,21,30,1,long,41
21.0,0.2258380208252307,0.17791304656960294,-0.12287155045119108,0.5745475921016525,9.0,0.4191484362059068,0.2997837699097195,-0.1684277528171434,1.006724625228957,EUR_PLN,21,30,2,long,30
9.0,-0.07170146655621697,0.2583127050931508,-0.5779943685387926,0.43459143542635864,5.0,0.2061183974300244,0.2395691395635547,-0.2634371161145428,0.6756739109745916,EUR_PLN,21,30,3,long,14
7.0,0.2907401770022622,0.30501755631875827,-0.30709423338250397,0.8885745873870283,3.0,-0.3333333333333333,0.6666666666666667,-1.6400000000000001,0.9733333333333336,EUR_PLN,21,30,4,long,10
95.0,0.0744898525461466,0.08117294687635579,-0.08460912333151074,0.23358882842380393,41.0,0.17421073876739193,0.11118772895892808,-0.0437172099921071,0.39213868752689096,EUR_PLN,21,35,1,long,136
58.0,0.3177772481618294,0.09800551117666016,0.12568644625557548,0.5098680500680833,25.0,0.21877125577647655,0.18734313192166088,-0.1484212827899788,0.5859637943429319,EUR_PLN,21,35,2,long,83
26.0,0.24059179096761557,0.15942556827330764,-0.07188232284806739,0.5530659047832985,12.0,0.15918430265311936,0.16070457660016088,-0.15579666748319596,0.47416527278943466,EUR_PLN,21,35,3,long,38
16.0,0.3146988274384897,0.2228101127982131,-0.12200899364600798,0.7514066485229873,8.0,0.07689528217090744,0.3312482896448248,-0.5723513655329491,0.726141929874764,EUR_PLN,21,35,4,long,24
5.0,0.2,0.48989794855663565,-0.7601999791710059,1.1601999791710058,3.0,0.3333333333333333,0.6666666666666667,-0.9733333333333336,1.6400000000000001,EUR_PLN,21,20,1,short,8
1.0,-1.0,,,,1.0,-1.0,,,,EUR_PLN,21,20,2,short,2
0.0,,,,,1.0,1.0,,,,EUR_PLN,21,20,3,short,1
0.0,,,,,1.0,-1.0,,,,EUR_PLN,21,20,4,short,1
18.0,0.0,0.24253562503633302,-0.4753698250712127,0.4753698250712127,8.0,0.44733840237364636,0.2795673010500794,-0.10061350768450922,0.995290312431802,EUR_PLN,21,25,1,short,26
4.0,0.0,0.5773502691896257,-1.1316065276116665,1.1316065276116665,3.0,-0.3333333333333333,0.6666666666666667,-1.6400000000000001,0.9733333333333336,EUR_PLN,21,25,2,short,7
7.0,0.42857142857142855,0.36885555678165877,-0.29438546272062266,1.1515283198634798,3.0,0.2730217262586256,0.4626780511383884,-0.6338272539726157,1.1798707064898668,EUR_PLN,21,25,3,short,10
2.0,1.0,0.0,1.0,1.0,2.0,0.0,1.0,-1.96,1.96,EUR_PLN,21,25,4,short,4
42.0,0.1842193164822438,0.1464855989790934,-0.1028924575167793,0.47133109048126687,19.0,0.23161403217858234,0.21380769164502308,-0.18744904344566288,0.6506771078028275,EUR_PLN,21,30,1,short,61
18.0,0.24956483355403877,0.22964029446192097,-0.20053014359132634,0.6996598106994039,8.0,0.5,0.32732683535398854,-0.14156059729381754,1.1415605972938176,EUR_PLN,21,30,2,short,26
14.0,0.40174580182827463,0.24729671631919464,-0.08295576215734685,0.886447365813896,7.0,-0.7401335458891605,0.1996106211272448,-1.1313703632985603,-0.34889672847976066,EUR_PLN,21,30,3,short,21
3.0,1.0,0.0,1.0,1.0,2.0,0.0,1.0,-1.96,1.96,EUR_PLN,21,30,4,short,5
92.0,0.17074517144079038,0.09571655089735132,-0.016859268318018206,0.35834961119959896,40.0,0.012478732198271092,0.14778806344977705,-0.2771858721632919,0.3021433365598341,EUR_PLN,21,35,1,short,132
49.0,0.02308214603890179,0.13679634812384703,-0.2450386962838384,0.291202988361642,22.0,0.4879788564770127,0.15872913132753008,0.17686975907505376,0.7990879538789717,EUR_PLN,21,35,2,short,71
29.0,0.31479606163147195,0.16472686885895252,-0.008068601332074987,0.6376607245950189,13.0,-0.5718511533364716,0.20477225862766743,-0.9732047802466998,-0.1704975264262435,EUR_PLN,21,35,3,short,42
11.0,0.2810348788336151,0.2737972725652961,-0.2556077753943653,0.8176775330615955,5.0,-0.2704642342482014,0.3700304125001557,-0.9957238427485067,0.45479537425210387,EUR_PLN,21,35,4,short,16
0.0,,,,,1.0,-1.0,,,,EUR_PLN,28,20,1,long,1
,,,,,,,,,,EUR_PLN,28,20,2,long,0
,,,,,,,,,,EUR_PLN,28,20,3,long,0
,,,,,,,,,,EUR_PLN,28,20,4,long,0
0.0,,,,,1.0,-1.0,,,,EUR_PLN,28,25,1,long,1
1.0,0.3885648260310461,,,,1.0,1.0,,,,EUR_PLN,28,25,2,long,2
,,,,,,,,,,EUR_PLN,28,25,3,long,0
0.0,,,,,1.0,1.0,,,,EUR_PLN,28,25,4,long,1
7.0,0.29912835244507907,0.3452674919790769,-0.3775959318339117,0.9758526367240699,3.0,0.149496519188272,0.5963912663535096,-1.0194303628646069,1.3184234012411509,EUR_PLN,28,30,1,long,10
4.0,0.18879678402076527,0.19878935568218084,-0.20083035311630915,0.5784239211578397,2.0,1.0,0.0,1.0,1.0,EUR_PLN,28,30,2,long,6
2.0,0.7652719581275179,0.23472804187248206,0.3052049960574531,1.2253389201975828,1.0,-0.21624533784208683,,,,EUR_PLN,28,30,3,long,3
1.0,1.0,,,,1.0,1.0,,,,EUR_PLN,28,30,4,long,2
54.0,0.11720847929401973,0.11379334402907554,-0.10582647500296832,0.3402434335910078,24.0,0.31904390181628167,0.14136844437789342,0.041961750835610545,0.5961260527969527,EUR_PLN,28,35,1,long,78
39.0,0.3273812099776523,0.12116905777940695,0.08988985673001468,0.5648725632252899,17.0,0.1706588467985799,0.23147005800183557,-0.2830224668850178,0.6243401604821777,EUR_PLN,28,35,2,long,56
15.0,0.17059245765205466,0.1889455465577579,-0.1997408136011508,0.5409257289052601,7.0,0.22064830220247958,0.16833422175677548,-0.10928677244080034,0.5505833768457595,EUR_PLN,28,35,3,long,22
11.0,0.36683465809234866,0.25260397372063575,-0.1282691304000974,0.8619384465847948,5.0,-0.2,0.48989794855663565,-1.1601999791710058,0.7601999791710059,EUR_PLN,28,35,4,long,16
4.0,0.0,0.5773502691896257,-1.1316065276116665,1.1316065276116665,2.0,0.0,1.0,-1.96,1.96,EUR_PLN,28,20,1,short,6
0.0,,,,,1.0,-1.0,,,,EUR_PLN,28,20,2,short,1
,,,,,,,,,,EUR_PLN,28,20,3,short,0
0.0,,,,,1.0,-1.0,,,,EUR_PLN,28,20,4,short,1
7.0,0.14285714285714285,0.40406101782088427,-0.6491024520717903,0.9348167377860761,4.0,0.0,0.5773502691896257,-1.1316065276116665,1.1316065276116665,EUR_PLN,28,25,1,short,11
2.0,0.0,1.0,-1.96,1.96,2.0,-1.0,0.0,-1.0,-1.0,EUR_PLN,28,25,2,short,4
2.0,1.0,0.0,1.0,1.0,1.0,1.0,,,,EUR_PLN,28,25,3,short,3
1.0,1.0,,,,1.0,-1.0,,,,EUR_PLN,28,25,4,short,2
23.0,0.20148810593902255,0.2059802633858381,-0.20223321029722013,0.6052094221752653,10.0,0.15787072189891707,0.2930396743578255,-0.41648703984242097,0.7322284836402551,EUR_PLN,28,30,1,short,33
6.0,0.3333333333333333,0.421637021355784,-0.4930752285240034,1.15974189519067,3.0,-0.3333333333333333,0.6666666666666667,-1.6400000000000001,0.9733333333333336,EUR_PLN,28,30,2,short,9
8.0,0.5,0.32732683535398854,-0.14156059729381754,1.1415605972938176,4.0,-0.5452337053060308,0.3315279386733552,-1.195028465105807,0.10456105449374542,EUR_PLN,28,30,3,short,12
3.0,1.0,0.0,1.0,1.0,2.0,0.0,1.0,-1.96,1.96,EUR_PLN,28,30,4,short,5
70.0,0.19224947605102075,0.11206203352192941,-0.0273921096519609,0.41189106175400236,30.0,0.08496816010831658,0.17439148685867895,-0.25683915413469416,0.42677547435132734,EUR_PLN,28,35,1,short,100
30.0,0.05843454851292122,0.17831254141770986,-0.29105803266579006,0.40792712969163253,13.0,0.5165271583063487,0.24076016002235667,0.04463724466252961,0.9884170719501677,EUR_PLN,28,35,2,short,43
19.0,0.4309656811353376,0.20361513891870042,0.03188000885468478,0.8300513534159905,9.0,-0.5756594245804583,0.25070995041537886,-1.0670509273946007,-0.0842679217663157,EUR_PLN,28,35,3,short,28
5.0,0.2,0.48989794855663565,-0.7601999791710059,1.1601999791710058,3.0,0.3333333333333333,0.6666666666666667,-0.9733333333333336,1.6400000000000001,EUR_PLN,28,35,4,short,8
62.0,0.35621156828533873,0.10796449293057772,0.1446011621414064,0.5678219744292711,28.0,-0.11196313164367343,0.1793009344559932,-0.4633929631774201,0.23946669989007324,EUR_SEK,7,20,1,long,90
37.0,0.22815543534514465,0.14139521999114688,-0.04897919583750321,0.5052900665277925,16.0,-0.24070774638176487,0.22784492669327697,-0.6872838027005878,0.20586830993705799,EUR_SEK,7,20,2,long,53
14.0,0.20624048889311272,0.26120172699912153,-0.30571489602516544,0.7181958738113909,7.0,-0.4735314989440735,0.25678846030408903,-0.976836881140088,0.029773883251941025,EUR_SEK,7,20,3,long,21
15.0,-0.2706547714732845,0.24091905595457908,-0.7428561211442595,0.2015465781976905,7.0,-0.14285714285714285,0.40406101782088427,-0.9348167377860761,0.6491024520717903,EUR_SEK,7,20,4,long,22
112.0,0.280148965751163,0.08276196471758344,0.11793551490469945,0.44236241659762654,49.0,-0.17738317489237818,0.13477223291804857,-0.4415367514117534,0.08677040162699703,EUR_SEK,7,25,1,long,161
65.0,0.17441958054081205,0.11151107731824306,-0.04414213100294434,0.39298129208456845,29.0,-0.09832151524511165,0.17930452522119397,-0.4497583846786518,0.25311535418842857,EUR_SEK,7,25,2,long,94
30.0,0.21963649663183643,0.16800005768359136,-0.10964361642800263,0.5489166096916755,13.0,-0.2549784994314242,0.246695276407936,-0.7385012411909788,0.22854424232813036,EUR_SEK,7,25,3,long,43
25.0,0.2260354394527134,0.18936487282415518,-0.14511971128263076,0.5971905901880575,12.0,-0.36340211672451866,0.2684030102990985,-0.8894720169107517,0.16266778346171445,EUR_SEK,7,25,4,long,37
182.0,0.25446041352779036,0.06513105554678675,0.12680354465608834,0.3821172823994924,79.0,-0.179786997010991,0.10731931507804093,-0.3901328545639512,0.03055886054196924,EUR_SEK,7,30,1,long,261
112.0,0.17481115203650802,0.08414718884921868,0.009882661892039402,0.33973964218097663,48.0,-0.06547542953485726,0.13618225113942364,-0.3323926417681276,0.20144178269841312,EUR_SEK,7,30,2,long,160
50.0,0.165129369364026,0.12782337486109938,-0.08540444536372876,0.41566318409178077,22.0,-0.28703274966402337,0.19477251764856868,-0.668786884255218,0.09472138492717125,EUR_SEK,7,30,3,long,72
32.0,0.1388037246413505,0.16818282236561444,-0.1908346071952538,0.4684420564779548,14.0,-0.311487528621016,0.2539327340003443,-0.8091956872616908,0.18622063001965877,EUR_SEK,7,30,4,long,46
273.0,0.2179141308681666,0.05367224574221426,0.11271652921342665,0.3231117325229066,118.0,-0.09637382807808469,0.08889179337695978,-0.27060174309692586,0.07785408694075648,EUR_SEK,7,35,1,long,391
159.0,0.09955504099927674,0.07081263118920988,-0.03923771613157463,0.23834779813012813,69.0,-0.04557250023199507,0.11354397280345754,-0.2681186869267718,0.1769736864627817,EUR_SEK,7,35,2,long,228
65.0,0.13254650390574435,0.11053383715175202,-0.0840998169116896,0.3491928247231783,29.0,-0.08347202934476383,0.1759852182766433,-0.4284030571669847,0.261458998477457,EUR_SEK,7,35,3,long,94
41.0,0.19129763398936275,0.1471964438863938,-0.0972073960279691,0.4798026640066946,18.0,-0.32330138204159653,0.21710304305647862,-0.7488233464322946,0.10222058234910159,EUR_SEK,7,35,4,long,59
73.0,0.012306966505067022,0.11442135353499014,-0.21195888642351365,0.2365728194336477,32.0,0.08468247003133389,0.16787060512298735,-0.24434391600972133,0.4137088560723891,EUR_SEK,7,20,1,short,105
36.0,0.04247754432750233,0.16255442961482702,-0.27612913771755865,0.3610842263725633,16.0,0.6167705921861999,0.17489471962470524,0.2739769417217776,0.9595642426506221,EUR_SEK,7,20,2,short,52
16.0,-0.26176866745905464,0.2310268187116784,-0.7145812321339443,0.19104389721583503,8.0,-0.36653179338455066,0.3139917666769454,-0.9819556560713636,0.24889206930226226,EUR_SEK,7,20,3,short,24
6.0,-0.48842585899832797,0.32406338840469584,-1.1235901002715318,0.14673838227487584,3.0,0.3333333333333333,0.6666666666666667,-0.9733333333333336,1.6400000000000001,EUR_SEK,7,20,4,short,9
132.0,0.05948039445617481,0.08422846886512303,-0.10560740451946632,0.22456819343181594,57.0,0.019631084774809456,0.1268264209085452,-0.22894870020593913,0.268210869755558,EUR_SEK,7,25,1,short,189
70.0,-0.11603640479411795,0.11496725806225322,-0.34137223059613425,0.10929942100789836,30.0,0.2622776491659733,0.17074538268183811,-0.07238330089042938,0.5969385992223759,EUR_SEK,7,25,2,short,100
37.0,-0.3257869254868183,0.14408125295389007,-0.6081861812764429,-0.043387669697193765,17.0,-0.058823529411764705,0.2495670992423109,-0.547975043926694,0.43032798510316467,EUR_SEK,7,25,3,short,54
16.0,-0.30815969712437297,0.2332958862211511,-0.7654196341178292,0.14910023986908322,8.0,-0.25,0.3659625273556999,-0.9672865536171718,0.46728655361717175,EUR_SEK,7,25,4,short,24
219.0,-0.056096978016047044,0.06503460498606817,-0.18356480378874065,0.07137084775664657,94.0,0.0012104882766714258,0.09759296359563902,-0.19007172037078104,0.19249269692412388,EUR_SEK,7,30,1,short,313
105.0,-0.17036847612453837,0.09223639966316664,-0.351151819464345,0.010414867215268242,45.0,0.24151843277731552,0.14178293378853052,-0.036376117448204265,0.5194129830028353,EUR_SEK,7,30,2,short,150
57.0,-0.180845698698344,0.12151075791202684,-0.4190067842059166,0.0573153868092286,25.0,-0.04490191702999681,0.19354739585086347,-0.4242548128976892,0.3344509788376956,EUR_SEK,7,30,3,short,82
24.0,-0.28877313141624866,0.19308945698111624,-0.6672284670992366,0.08968220426673917,11.0,-0.2727272727272727,0.30424000964875475,-0.869037691638832,0.32358314618428663,EUR_SEK,7,30,4,short,35
324.0,-0.06093540345425142,0.052881501281143654,-0.16458314596529297,0.04271233905679014,140.0,0.0007949969071200285,0.08062434917680213,-0.15722872747941213,0.1588187212936522,EUR_SEK,7,35,1,short,464
154.0,-0.1597324199248492,0.07487439913495475,-0.3064862422293605,-0.0129785976203379,67.0,0.20673898349200798,0.11512332915185507,-0.01890274164562794,0.4323807086296439,EUR_SEK,7,35,2,short,221
84.0,-0.13160763560954947,0.10089301372340358,-0.32935794250742045,0.06614267128832155,36.0,-0.022521919731983746,0.1608649592639505,-0.3378172398893267,0.2927734004253592,EUR_SEK,7,35,3,short,120
35.0,-0.21779501124601433,0.1588813572059188,-0.5292024713696152,0.09361244887758655,15.0,-0.40703313528423657,0.2342769019455569,-0.8662158630975281,0.05214959252905493,EUR_SEK,7,35,4,short,50
5.0,-0.31769330871201445,0.3713669579441157,-1.0455725462824812,0.41018592885845234,3.0,0.3333333333333333,0.6666666666666667,-0.9733333333333336,1.6400000000000001,EUR_SEK,14,20,1,long,8
3.0,-0.3333333333333333,0.6666666666666667,-1.6400000000000001,0.9733333333333336,2.0,-0.7330376043072827,0.2669623956927173,-1.2562838998650085,-0.20979130874955687,EUR_SEK,14,20,2,long,5
1.0,-1.0,,,,1.0,-1.0,,,,EUR_SEK,14,20,3,long,2
2.0,-0.192408090115266,0.807591909884734,-1.7752882334893445,1.3904720532588124,2.0,0.0,1.0,-1.96,1.96,EUR_SEK,14,20,4,long,4
24.0,0.20405235344836894,0.19270924863208877,-0.17365777387052503,0.5817624807672629,11.0,-0.5014982066625119,0.2605463902504109,-1.0121691315533172,0.009172718228293464,EUR_SEK,14,25,1,long,35
15.0,0.047032725942550285,0.2327857310374518,-0.4092273068908552,0.5032927587759558,7.0,-0.35229645837350937,0.3568525284980006,-1.0517274142295905,0.3471344974825718,EUR_SEK,14,25,2,long,22
6.0,0.0,0.4472135954999579,-0.8765386471799175,0.8765386471799175,3.0,-0.5170316832715592,0.48296831672844076,-1.4636495840593031,0.42958621751618464,EUR_SEK,14,25,3,long,9
8.0,-0.07463443625057425,0.3524005466224342,-0.7653395076305454,0.6160706351293967,4.0,-0.5,0.5,-1.48,0.48,EUR_SEK,14,25,4,long,12
67.0,0.39616015386683534,0.09964326840044098,0.20085934780197104,0.5914609599316997,30.0,-0.2588609788820226,0.17123278261397942,-0.5944772328054222,0.07675527504137708,EUR_SEK,14,30,1,long,97
34.0,0.3561570156489489,0.13640179751881074,0.08880949251207987,0.623504538785818,15.0,0.037268002683352314,0.25068498835562536,-0.4540745744936734,0.528610579860378,EUR_SEK,14,30,2,long,49
15.0,0.12582445630023856,0.2561176191915061,-0.3761660773151134,0.6278149899155905,7.0,-0.31410624598236997,0.33220145839265397,-0.9652211044319718,0.33700861246723185,EUR_SEK,14,30,3,long,22
11.0,0.17637985708188478,0.28517012315812035,-0.3825535843080311,0.7353132984718006,6.0,-0.3333333333333333,0.421637021355784,-1.15974189519067,0.4930752285240034,EUR_SEK,14,30,4,long,17
149.0,0.31873194686728157,0.07010889851966479,0.1813185057687386,0.45614538796582454,64.0,-0.22865769579784995,0.11726089547044898,-0.45848905091993,0.001173659324230053,EUR_SEK,14,35,1,long,213
78.0,0.18753409951845457,0.10139758096995333,-0.01120515918265394,0.3862733582195631,34.0,-0.0430344471158737,0.16540779930913468,-0.3672337337617777,0.28116483953003024,EUR_SEK,14,35,2,long,112
38.0,0.29429120573232664,0.14347827237515628,0.013073791877020347,0.5755086195876329,17.0,-0.19498355838873613,0.22436840869588753,-0.6347456394326757,0.24477852265520342,EUR_SEK,14,35,3,long,55
25.0,0.01211660052337491,0.19109398660975954,-0.36242761323175376,0.38666081427850363,12.0,-0.20526228629635954,0.285808520901702,-0.7654469872636954,0.3549224146709763,EUR_SEK,14,35,4,long,37
11.0,0.2727272727272727,0.30424000964875475,-0.32358314618428663,0.869037691638832,5.0,-0.3921878334559929,0.40202420729965094,-1.1801552797633088,0.39577961285132296,EUR_SEK,14,20,1,short,16
7.0,0.14285714285714285,0.40406101782088427,-0.6491024520717903,0.9348167377860761,4.0,0.7440536900085181,0.25594630999148194,0.24239892242521344,1.2457084575918227,EUR_SEK,14,20,2,short,11
1.0,-1.0,,,,1.0,-1.0,,,,EUR_SEK,14,20,3,short,2
,,,,,,,,,,EUR_SEK,14,20,4,short,0
40.0,0.01725050649947546,0.1582844409806808,-0.2929869978226589,0.32748801082160983,18.0,0.279947824040002,0.225722164471614,-0.1624676183243614,0.7223632664043654,EUR_SEK,14,25,1,short,58
21.0,0.20910901803829385,0.21400294372720133,-0.21033675166702076,0.6285547877436084,9.0,0.664023862226008,0.23664954548370373,0.20019075307794865,1.1278569713740674,EUR_SEK,14,25,2,short,30
11.0,-0.4314320825636496,0.24348159776701245,-0.9086560141869939,0.045791849059694745,5.0,-1.0,0.0,-1.0,-1.0,EUR_SEK,14,25,3,short,16
5.0,-0.3861110307979936,0.37659412296529965,-1.1242355118099807,0.35201345021399366,3.0,0.3333333333333333,0.6666666666666667,-0.9733333333333336,1.6400000000000001,EUR_SEK,14,25,4,short,8
100.0,-0.03001404208717368,0.09730082022740608,-0.22072364973288958,0.16069556555854222,43.0,0.05884801828562558,0.14888198972622452,-0.23296068157777444,0.3506567181490256,EUR_SEK,14,30,1,short,143
47.0,0.025440039991478636,0.14174793346621717,-0.252385909602307,0.3032659895852643,21.0,0.4544289667967497,0.18888899016631328,0.08420654607077571,0.8246513875227237,EUR_SEK,14,30,2,short,68
24.0,-0.59689505742503,0.14863174826644565,-0.8882132840272635,-0.3055768308227965,11.0,-0.2727272727272727,0.30424000964875475,-0.869037691638832,0.32358314618428663,EUR_SEK,14,30,3,short,35
14.0,-0.3521825109992834,0.24411103597247344,-0.8306401415053313,0.12627511950676457,7.0,-0.7142857142857143,0.28571428571428575,-1.2742857142857145,-0.15428571428571425,EUR_SEK,14,30,4,short,21
171.0,-0.07527406764014338,0.07351559530942274,-0.21936463444661194,0.06881649916632518,74.0,-0.016540056523190703,0.11257488831192838,-0.23718683761457035,0.20410672456818893,EUR_SEK,14,35,1,short,245
88.0,-0.21446072490640897,0.09949360530116226,-0.409468191296687,-0.019453258516130945,38.0,0.25969288092050524,0.15288808003025886,-0.03996775593880214,0.5593535177798126,EUR_SEK,14,35,2,short,126
44.0,-0.24758190171327774,0.1359291169129128,-0.5140029708625868,0.01883916743603134,19.0,-0.15789473684210525,0.23274559932318592,-0.6140761115155496,0.29828663783133913,EUR_SEK,14,35,3,short,63
20.0,-0.4465277576994984,0.19597348465677072,-0.8306357876267689,-0.06241972777222776,9.0,-0.3333333333333333,0.3333333333333333,-0.9866666666666666,0.32,EUR_SEK,14,35,4,short,29
,,,,,,,,,,EUR_SEK,21,20,1,long,0
,,,,,,,,,,EUR_SEK,21,20,2,long,0
,,,,,,,,,,EUR_SEK,21,20,3,long,0
,,,,,,,,,,EUR_SEK,21,20,4,long,0
5.0,-0.10121813169879061,0.4585249286403016,-0.9999269918337816,0.7974907284362005,3.0,-1.0,0.0,-1.0,-1.0,EUR_SEK,21,25,1,long,8
2.0,-1.0,0.0,-1.0,-1.0,1.0,-0.46607520861456536,,,,EUR_SEK,21,25,2,long,3
0.0,,,,,1.0,-1.0,,,,EUR_SEK,21,25,3,long,1
3.0,0.20506127325648935,0.6126854487605414,-0.9958022063141718,1.4059247528271506,2.0,-1.0,0.0,-1.0,-1.0,EUR_SEK,21,25,4,long,5
23.0,0.2564024557722111,0.19370921401568744,-0.12326760369853629,0.6360725152429585,11.0,-0.45454545454545453,0.2816715160878121,-1.0066216260775662,0.09753071698665722,EUR_SEK,21,30,1,long,34
10.0,0.29025293321835155,0.3012387919291866,-0.3001750989628542,0.8806809653995573,5.0,-0.49321504172291314,0.38735776184145554,-1.252436254932166,0.2660061714863397,EUR_SEK,21,30,2,long,15
4.0,-0.5,0.5,-1.48,0.48,3.0,-0.5170316832715592,0.48296831672844076,-1.4636495840593031,0.42958621751618464,EUR_SEK,21,30,3,long,7
7.0,0.05756064428505799,0.3772012830341701,-0.6817538704619154,0.7968751590320314,3.0,-0.3333333333333333,0.6666666666666667,-1.6400000000000001,0.9733333333333336,EUR_SEK,21,30,4,long,10
88.0,0.3705694656378052,0.08986769964691652,0.1944287743298488,0.5467101569457615,38.0,-0.46826591578608595,0.13900911798229793,-0.7407237870313899,-0.19580804454078204,EUR_SEK,21,35,1,long,126
42.0,0.34022346328650716,0.128377093748812,0.08860435953883561,0.5918425670341787,18.0,-0.1955864339375415,0.2179495596676737,-0.622767570886182,0.23159470301109897,EUR_SEK,21,35,2,long,60
21.0,0.22436785778598478,0.20049429774939898,-0.16860096580283718,0.6173366813748067,9.0,-0.46652708020850997,0.27301911470245593,-1.0016445450253237,0.06859038460830369,EUR_SEK,21,35,3,long,30
14.0,0.04649185616555962,0.25422228565585164,-0.4517838237199096,0.5447675360510289,7.0,-0.14285714285714285,0.40406101782088427,-0.9348167377860761,0.6491024520717903,EUR_SEK,21,35,4,long,21
2.0,1.0,0.0,1.0,1.0,1.0,1.0,,,,EUR_SEK,21,20,1,short,3
2.0,-1.0,0.0,-1.0,-1.0,2.0,0.0,1.0,-1.96,1.96,EUR_SEK,21,20,2,short,4
,,,,,,,,,,EUR_SEK,21,20,3,short,0
,,,,,,,,,,EUR_SEK,21,20,4,short,0
15.0,0.4666666666666667,0.23637473611411156,0.0033721838830080286,0.9299611494503253,7.0,0.2912944046742908,0.35881945112678465,-0.4119917195342071,0.9945805288827887,EUR_SEK,21,25,1,short,22
8.0,0.0,0.3779644730092272,-0.7408103670980853,0.7408103670980853,4.0,0.24405369000851806,0.47978440672288264,-0.6963237471683319,1.184431127185368,EUR_SEK,21,25,2,short,12
2.0,0.0,1.0,-1.96,1.96,1.0,-1.0,,,,EUR_SEK,21,25,3,short,3
,,,,,,,,,,EUR_SEK,21,25,4,short,0
46.0,0.07430210333694394,0.1473119546080375,-0.2144293276948096,0.36303353436869745,20.0,0.12276512737500947,0.2168758884937836,-0.3023116140728064,0.5478418688228253,EUR_SEK,21,30,1,short,66
25.0,0.01565157515216683,0.20061149469744732,-0.37754695445482994,0.40885010475916356,12.0,0.748017896669506,0.18019762830952324,0.3948305451828405,1.1012052481561716,EUR_SEK,21,30,2,short,37
12.0,-0.5018214270609134,0.23065633870072805,-0.9539078509143404,-0.04973500320748642,6.0,-0.6666666666666666,0.33333333333333337,-1.32,-0.013333333333333197,EUR_SEK,21,30,3,short,18
4.0,-0.29810446226652165,0.4727190450773739,-1.2246337906181743,0.6284248660851312,2.0,0.0,1.0,-1.96,1.96,EUR_SEK,21,30,4,short,6
120.0,-0.06024275599462096,0.08881527250670664,-0.23432069010776596,0.11383517811852406,52.0,0.07654767459969652,0.13478408539008863,-0.1876291327648772,0.34072448196427024,EUR_SEK,21,35,1,short,172
58.0,-0.20695035033844422,0.12526291612322255,-0.4524656659399604,0.03856496526307196,25.0,0.5417203321092697,0.16322427159264424,0.22180075978768704,0.8616399044308525,EUR_SEK,21,35,2,short,83
30.0,-0.5761252609134616,0.13471720621526323,-0.8401709850953776,-0.3120795367315457,14.0,-0.14285714285714285,0.2745054065230065,-0.6808877396422355,0.39517345392794984,EUR_SEK,21,35,3,short,44
16.0,-0.30815969712437297,0.23329588622115108,-0.7654196341178291,0.14910023986908316,8.0,-0.75,0.25,-1.24,-0.26,EUR_SEK,21,35,4,short,24
,,,,,,,,,,EUR_SEK,28,20,1,long,0
,,,,,,,,,,EUR_SEK,28,20,2,long,0
,,,,,,,,,,EUR_SEK,28,20,3,long,0
,,,,,,,,,,EUR_SEK,28,20,4,long,0
0.0,,,,,1.0,-0.5060906584939528,,,,EUR_SEK,28,25,1,long,1
1.0,-1.0,,,,1.0,-0.46607520861456536,,,,EUR_SEK,28,25,2,long,2
0.0,,,,,1.0,-1.0,,,,EUR_SEK,28,25,3,long,1
,,,,,,,,,,EUR_SEK,28,25,4,long,0
10.0,-0.1506090658493953,0.3167420409848888,-0.7714234661797773,0.4702053344809868,5.0,-0.6,0.4,-1.384,0.18400000000000005,EUR_SEK,28,30,1,long,15
3.0,0.3333333333333333,0.6666666666666667,-0.9733333333333336,1.6400000000000001,2.0,-0.7330376043072827,0.2669623956927173,-1.2562838998650085,-0.20979130874955687,EUR_SEK,28,30,2,long,5
2.0,-1.0,0.0,-1.0,-1.0,1.0,0.4489049501853224,,,,EUR_SEK,28,30,3,long,3
4.0,-0.096204045057633,0.5276860066179151,-1.1304686180287464,0.9380605279134805,2.0,0.0,1.0,-1.96,1.96,EUR_SEK,28,30,4,long,6
50.0,0.2637034579355887,0.1316574590575113,0.005654838182866551,0.5217520776883109,22.0,-0.5770943764560548,0.17261382091487293,-0.9154174654492058,-0.23877128746290383,EUR_SEK,28,35,1,long,72
21.0,0.31689296181414894,0.19847275712357215,-0.07211364214805249,0.7058995657763504,10.0,-0.2545651059740597,0.2901249631982685,-0.823210033842666,0.31407982189454664,EUR_SEK,28,35,2,long,31
11.0,0.19252777108575947,0.2896832930738907,-0.3752514833390662,0.7603070255105852,5.0,-0.7102190099629355,0.2897809900370645,-1.278189750435582,-0.14224826949028913,EUR_SEK,28,35,3,long,16
9.0,-0.006646841344363021,0.3181376072583673,-0.6301965515707629,0.6169028688820369,5.0,-0.2,0.48989794855663565,-1.1601999791710058,0.7601999791710059,EUR_SEK,28,35,4,long,14
,,,,,,,,,,EUR_SEK,28,20,1,short,0
,,,,,,,,,,EUR_SEK,28,20,2,short,0
,,,,,,,,,,EUR_SEK,28,20,3,short,0
,,,,,,,,,,EUR_SEK,28,20,4,short,0
5.0,0.6,0.4,-0.18400000000000005,1.384,3.0,0.013020277573345179,0.5774970657600091,-1.1188739713162728,1.1449145264629632,EUR_SEK,28,25,1,short,8
4.0,-0.5,0.5,-1.48,0.48,3.0,0.6587382533446907,0.34126174665530923,-0.010134770099715307,1.3276112767890966,EUR_SEK,28,25,2,short,7
,,,,,,,,,,EUR_SEK,28,25,3,short,0
,,,,,,,,,,EUR_SEK,28,25,4,short,0
33.0,0.07326959859089155,0.1740707998049013,-0.267909169026715,0.4144483662084981,15.0,0.3636868365000126,0.23084483747979276,-0.08876904496038118,0.8161427179604064,EUR_SEK,28,30,1,short,48
18.0,-0.1111111111111111,0.24103384202072908,-0.58353744147174,0.36131521924951787,8.0,0.622026845004259,0.26407610410071375,0.10443768096686001,1.1396160090416578,EUR_SEK,28,30,2,short,26
6.0,-0.3333333333333333,0.421637021355784,-1.15974189519067,0.4930752285240034,3.0,-0.3333333333333333,0.6666666666666667,-1.6400000000000001,0.9733333333333336,EUR_SEK,28,30,3,short,9
3.0,-0.3333333333333333,0.6666666666666667,-1.6400000000000001,0.9733333333333336,2.0,0.0,1.0,-1.96,1.96,EUR_SEK,28,30,4,short,5
75.0,0.07972125821421637,0.1146973452028995,-0.14508553838346666,0.3045280548118994,33.0,0.11834293455765182,0.1685923801943032,-0.21209813062318245,0.4487839997384861,EUR_SEK,28,35,1,short,108
38.0,-0.2791765952946271,0.15594297127141388,-0.5848248189865983,0.026471628397344127,17.0,0.7044832211784748,0.1667545239924084,0.3776443541533544,1.0313220882035954,EUR_SEK,28,35,2,short,55
22.0,-0.6373571420332255,0.15505672681972452,-0.9412683265998856,-0.3334459574665654,10.0,0.0,0.3333333333333333,-0.6533333333333333,0.6533333333333333,EUR_SEK,28,35,3,short,32
9.0,-0.4658242054517874,0.2906911045531579,-1.035578770375977,0.10393035947240203,4.0,-1.0,0.0,-1.0,-1.0,EUR_SEK,28,35,4,short,13
57.0,-0.21353617783476989,0.12937865381106167,-0.4671183393044508,0.04004598363491099,25.0,-0.04089962087056914,0.19650647283920547,-0.42605230763541185,0.34425306589427357,NZD_CAD,7,20,1,long,82
35.0,-0.14285714285714285,0.16973957879600132,-0.4755467172973054,0.1898324315830197,16.0,-0.09249377685228463,0.25077731524753644,-0.584017314737456,0.3990297610328868,NZD_CAD,7,20,2,long,51
20.0,-0.33370902704763644,0.21075630742407744,-0.7467913895988283,0.07937333550355535,9.0,-0.54185669956563,0.2916938748617474,-1.1135766942946548,0.02986329516339492,NZD_CAD,7,20,3,long,29
9.0,0.1111111111111111,0.35136418446315326,-0.5775626904366693,0.7997849126588914,5.0,-0.5387983956292273,0.389236837289846,-1.3017025967173255,0.22410580545887082,NZD_CAD,7,20,4,long,14
116.0,-0.1755087471332791,0.0910094097235963,-0.3538871901915278,0.002869695924969634,51.0,0.15314769573765527,0.13582343218119683,-0.11306623133749052,0.4193616228128011,NZD_CAD,7,25,1,long,167
68.0,-0.14245377617417287,0.11918906704072486,-0.3760643475739936,0.09115679522564785,30.0,0.18032655797888014,0.17502443675482518,-0.1627213380605772,0.5233744540183375,NZD_CAD,7,25,2,long,98
32.0,0.04143185809522723,0.17692269576974629,-0.3053366256134755,0.3882003418039299,14.0,-0.2769078782921907,0.2641087991804634,-0.794561124685899,0.24074536810151764,NZD_CAD,7,25,3,long,46
16.0,0.0,0.2581988897471611,-0.5060698239044358,0.5060698239044358,8.0,-0.21174899726826701,0.35664417448773816,-0.9107715792642338,0.48727358472769977,NZD_CAD,7,25,4,long,24
190.0,-0.11958630390376956,0.07134574851762777,-0.25942397099832,0.020251363190780858,82.0,0.12479675607006158,0.10715770298536302,-0.08523234178124994,0.3348258539213731,NZD_CAD,7,30,1,long,272
109.0,-0.07969593376003448,0.09507508688793621,-0.26604310406038945,0.1066512365403205,47.0,0.15487040711537434,0.14023332855952825,-0.119986916861301,0.42972773109204965,NZD_CAD,7,30,2,long,156
54.0,0.1126186939411883,0.13411851378698322,-0.15025359308129882,0.3754909809636754,24.0,-0.24486292900377793,0.20112740413558466,-0.6390726411095239,0.14934678310196803,NZD_CAD,7,30,3,long,78
23.0,0.043478260869565216,0.21299910806810243,-0.37399999094391556,0.46095651268304594,11.0,-0.06309017983146692,0.30804133115583326,-0.6668511888969001,0.5406708292339663,NZD_CAD,7,30,4,long,34
280.0,-0.0954335633632722,0.05911065372709324,-0.21129044466837493,0.02042331794183054,121.0,0.047334378939585545,0.08847475720215267,-0.12607614517663368,0.2207449030558048,NZD_CAD,7,35,1,long,401
161.0,-0.03259652304534263,0.07810217941853777,-0.18567679470567666,0.12048374861499139,69.0,0.10915459270615217,0.11541101720165672,-0.117051001009095,0.33536018642139936,NZD_CAD,7,35,2,long,230
81.0,0.16543175286841288,0.10859190705560672,-0.04740838496057628,0.3782718906974021,36.0,-0.1632419526691853,0.16621198760863984,-0.48901744838211936,0.16253354304374878,NZD_CAD,7,35,3,long,117
37.0,-0.02702702702702703,0.16660578386402639,-0.35357436340051873,0.2995203093464647,16.0,0.055598378523916914,0.24669129864246522,-0.4279165668153149,0.5391133238631487,NZD_CAD,7,35,4,long,53
49.0,0.05029057714810001,0.1386888209262078,-0.22153951186726725,0.32212066616346724,21.0,0.3333333333333333,0.21081851067789192,-0.07987094759533486,0.7465376142620015,NZD_CAD,7,20,1,short,70
31.0,0.002233122124525733,0.17961918424976794,-0.3498204790050194,0.3542867232540709,14.0,0.19157261000161332,0.2629849008762648,-0.3238777957158657,0.7070230157190923,NZD_CAD,7,20,2,short,45
13.0,0.1363424464025919,0.27514702091963295,-0.40294571459988865,0.6756306074050724,6.0,0.3333333333333333,0.421637021355784,-0.4930752285240034,1.15974189519067,NZD_CAD,7,20,3,short,19
7.0,0.42857142857142855,0.36885555678165877,-0.29438546272062266,1.1515283198634798,3.0,0.3333333333333333,0.6666666666666667,-0.9733333333333336,1.6400000000000001,NZD_CAD,7,20,4,short,10
102.0,0.17391975400031717,0.09536692698267621,-0.012999422885728196,0.36083893088636254,45.0,0.15555555555555556,0.1489205454059161,-0.13632871344004,0.4474398245511511,NZD_CAD,7,25,1,short,147
64.0,-0.08263141233190804,0.12348333814733542,-0.3246587551006854,0.15939593043686937,28.0,0.024357733572235234,0.18927773155050942,-0.3466266202667632,0.3953420874112337,NZD_CAD,7,25,2,short,92
27.0,0.07886865121168737,0.18970585129849452,-0.2929548173333618,0.4506921197567366,12.0,0.16666666666666666,0.2972941950052816,-0.41602995554368527,0.7493632888770185,NZD_CAD,7,25,3,short,39
17.0,0.14436466041264626,0.2414112711486417,-0.3288014310386914,0.617530751863984,8.0,0.5,0.32732683535398854,-0.14156059729381754,1.1415605972938176,NZD_CAD,7,25,4,short,25
180.0,0.11036154655543153,0.07243029136005139,-0.031601824510269175,0.25232491762113224,78.0,0.20512820512820512,0.11153721756476337,-0.01348474129873109,0.42374115155514136,NZD_CAD,7,30,1,short,258
108.0,-0.07450746423154886,0.09503797396811334,-0.260781893209051,0.11176696474595327,47.0,0.11294440647320692,0.14410061261437104,-0.1694927942509603,0.39538160719737414,NZD_CAD,7,30,2,short,155
49.0,0.12509088944317467,0.14085653005529078,-0.15098790946519527,0.40116968835154465,22.0,0.18181818181818182,0.2145806706734845,-0.23875993270184775,0.6023962963382115,NZD_CAD,7,30,3,short,71
31.0,-0.07216266181771672,0.17928999220035163,-0.4235710465304059,0.2792457228949725,14.0,0.38958565907249904,0.24675274737385924,-0.09404972578026505,0.8732210439252631,NZD_CAD,7,30,4,short,45
263.0,0.08693946152082765,0.06050265494713531,-0.03164574217555756,0.20552466521721285,113.0,0.10329775934531299,0.09360957745288079,-0.08017701246233336,0.2867725311529593,NZD_CAD,7,35,1,short,376
154.0,-0.07822601387667062,0.0797972633038537,-0.23462864995222388,0.07817662219888262,67.0,0.1389311508095631,0.12049219562563339,-0.09723355261667835,0.3750958542358045,NZD_CAD,7,35,2,short,221
72.0,0.04346463309327166,0.11726516523377915,-0.18637509076493547,0.2733043569514788,31.0,0.15948443328057785,0.17991238935123632,-0.19314384984784536,0.512112716409001,NZD_CAD,7,35,3,short,103
39.0,0.016137194771515418,0.15676863897562068,-0.2911293376207011,0.32340372716373195,17.0,0.4117647058823529,0.22782254977690689,-0.034767491680384566,0.8582969034450905,NZD_CAD,7,35,4,short,56
4.0,0.0,0.5773502691896257,-1.1316065276116665,1.1316065276116665,2.0,1.0,0.0,1.0,1.0,NZD_CAD,14,20,1,long,6
4.0,0.5,0.5,-0.48,1.48,2.0,0.0,1.0,-1.96,1.96,NZD_CAD,14,20,2,long,6
1.0,0.3258194590472711,,,,1.0,-1.0,,,,NZD_CAD,14,20,3,long,2
0.0,,,,,1.0,1.0,,,,NZD_CAD,14,20,4,long,1
24.0,0.0,0.2085144140570748,-0.4086882515518666,0.4086882515518666,11.0,-0.2727272727272727,0.30424000964875475,-0.869037691638832,0.32358314618428663,NZD_CAD,14,25,1,long,35
19.0,0.2631578947368421,0.2273944104704512,-0.18253514978524227,0.7088509392589264,9.0,-0.27554449218183935,0.32375791534338544,-0.9101100062548748,0.35902102189119606,NZD_CAD,14,25,2,long,28
6.0,-0.4456967568254548,0.361214835687641,-1.153677834773231,0.26228432112232153,3.0,-0.9589034320302234,0.04109656796977661,-1.0394527052509857,-0.8783541588094613,NZD_CAD,14,25,3,long,9
7.0,0.14285714285714285,0.40406101782088427,-0.6491024520717903,0.9348167377860761,3.0,-0.8979973260487121,0.10200267395128794,-1.0979225669932364,-0.6980720851041877,NZD_CAD,14,25,4,long,10
68.0,-0.16428767847914535,0.11962232376121675,-0.39874743305113014,0.07017207609283946,30.0,0.004871876350466472,0.179799446755352,-0.34753503929002344,0.3572787919909564,NZD_CAD,14,30,1,long,98
46.0,0.006807461307744407,0.14596089603335363,-0.2792758949176287,0.2928908175331175,21.0,0.2628618843030212,0.2114534770838624,-0.15158693078134905,0.6773106993873914,NZD_CAD,14,30,2,long,67
19.0,0.017148392581435336,0.2300557461040594,-0.4337608697825211,0.4680576549453918,9.0,-0.31963447734340783,0.3301751460990912,-0.9667777636976267,0.327508809010811,NZD_CAD,14,30,3,long,28
13.0,-0.07692307692307693,0.2878197989826109,-0.6410498829289943,0.48720372908284043,6.0,-0.28233199635768935,0.40838530534807765,-1.0827671948399216,0.5181032021245429,NZD_CAD,14,30,4,long,19
156.0,-0.048551245436534336,0.07931608089588044,-0.20401076399246,0.10690827311939133,68.0,0.0916666764374272,0.11756816545444194,-0.138766927853279,0.3221002807281334,NZD_CAD,14,35,1,long,224
88.0,-0.11645500238977456,0.1041913902058104,-0.32067012719316296,0.08776012241361382,39.0,0.20133080378083848,0.15341520985287946,-0.09936300753080526,0.5020246150924822,NZD_CAD,14,35,2,long,127
45.0,0.06847576606275929,0.1472901566500194,-0.22021294097127875,0.35716447309679733,20.0,-0.1938355148045335,0.2237078499392068,-0.6323029006853789,0.24463187107631182,NZD_CAD,14,35,3,long,65
22.0,-0.09090909090909091,0.21731429260625335,-0.5168451044173474,0.33502692259916567,10.0,-0.1693991978146136,0.31962936841022677,-0.7958727598986581,0.4570743642694309,NZD_CAD,14,35,4,long,32
1.0,1.0,,,,1.0,-1.0,,,,NZD_CAD,14,20,1,short,2
4.0,-0.5,0.5,-1.48,0.48,2.0,1.0,0.0,1.0,1.0,NZD_CAD,14,20,2,short,6
0.0,,,,,1.0,1.0,,,,NZD_CAD,14,20,3,short,1
2.0,1.0,0.0,1.0,1.0,1.0,1.0,,,,NZD_CAD,14,20,4,short,3
16.0,0.022442290119678722,0.23580150496375854,-0.439728659609288,0.48461323984864546,7.0,0.7142857142857143,0.28571428571428575,0.15428571428571425,1.2742857142857145,NZD_CAD,14,25,1,short,23
15.0,0.06666666666666667,0.2666666666666666,-0.45599999999999985,0.5893333333333332,7.0,-0.045426208568201905,0.3806844930937227,-0.7915678150318984,0.7007153978954946,NZD_CAD,14,25,2,short,22
5.0,0.354490360646739,0.4137306553117814,-0.4564217237643525,1.1654024450578304,3.0,0.3333333333333333,0.6666666666666667,-0.9733333333333336,1.6400000000000001,NZD_CAD,14,25,3,short,8
4.0,0.0,0.5773502691896257,-1.1316065276116665,1.1316065276116665,3.0,0.3333333333333333,0.6666666666666667,-0.9733333333333336,1.6400000000000001,NZD_CAD,14,25,4,short,7
51.0,0.2757188523703307,0.1307054960233633,0.01953608016453867,0.5319016245761228,22.0,0.45454545454545453,0.19437181229994505,0.07357670243756226,0.8355142066533467,NZD_CAD,14,30,1,short,73
42.0,-0.16097672528864904,0.1516570089957184,-0.4582244629202571,0.13627101234295902,18.0,-0.18433241444318962,0.23213629630165628,-0.639319555194436,0.27065472630805665,NZD_CAD,14,30,2,short,60
18.0,0.3929954525895596,0.21205275724486247,-0.022627951610370844,0.8086188567894901,9.0,0.1111111111111111,0.35136418446315326,-0.5775626904366693,0.7997849126588914,NZD_CAD,14,30,3,short,27
12.0,0.3333333333333333,0.28426762180748055,-0.2238312054093286,0.8904978720759953,6.0,0.5756998711691644,0.3275013937800294,-0.06620286063969316,1.217602602978022,NZD_CAD,14,30,4,short,18
135.0,0.18685121883094782,0.08258131865216133,0.02499183427271162,0.348710603389184,59.0,0.20720713353410017,0.12651674429317739,-0.040765685280527514,0.4551799523487279,NZD_CAD,14,35,1,short,194
77.0,-0.03956891087022437,0.11234108708507483,-0.259757441556971,0.18061961981652228,34.0,-0.2152348076463945,0.16762477385951657,-0.543779364411047,0.113309749118258,NZD_CAD,14,35,2,short,111
34.0,0.15086628184457526,0.16797493439883954,-0.1783645895771502,0.48009715326630076,15.0,-0.06666666666666667,0.2666666666666666,-0.5893333333333332,0.45599999999999985,NZD_CAD,14,35,3,short,49
21.0,0.24643577947971976,0.2067362622382062,-0.1587672945071644,0.6516388534666039,10.0,0.14541992270149864,0.3161368796131039,-0.47420836134018496,0.7650482067431822,NZD_CAD,14,35,4,short,31
,,,,,,,,,,NZD_CAD,21,20,1,long,0
,,,,,,,,,,NZD_CAD,21,20,2,long,0
,,,,,,,,,,NZD_CAD,21,20,3,long,0
,,,,,,,,,,NZD_CAD,21,20,4,long,0
3.0,1.0,0.0,1.0,1.0,2.0,0.0,1.0,-1.96,1.96,NZD_CAD,21,25,1,long,5
4.0,1.0,0.0,1.0,1.0,3.0,0.3333333333333333,0.6666666666666667,-0.9733333333333336,1.6400000000000001,NZD_CAD,21,25,2,long,7
,,,,,,,,,,NZD_CAD,21,25,3,long,0
2.0,1.0,0.0,1.0,1.0,1.0,1.0,,,,NZD_CAD,21,25,4,long,3
28.0,0.21428571428571427,0.18797967114804778,-0.1541544411644594,0.5827258697358879,13.0,-0.38461538461538464,0.2664693550105965,-0.9068953204361538,0.1376645512053845,NZD_CAD,21,30,1,long,41
18.0,0.3333333333333333,0.2286647801900118,-0.1148496358390898,0.7815163025057564,9.0,-0.05332226995961712,0.3375712896334009,-0.7149619976410828,0.6083174577218486,NZD_CAD,21,30,2,long,27
7.0,0.04654563700675306,0.3808196937941986,-0.6998609628298762,0.7929522368433823,4.0,-0.9691775740226676,0.03082242597733245,-1.029589528938239,-0.908765619107096,NZD_CAD,21,30,3,long,11
7.0,0.14285714285714285,0.40406101782088427,-0.6491024520717903,0.9348167377860761,3.0,-0.8979973260487121,0.10200267395128794,-1.0979225669932364,-0.6980720851041877,NZD_CAD,21,30,4,long,10
80.0,-0.09018724525798726,0.11092948749158742,-0.3076090407414986,0.1272345502255241,35.0,-0.06191362844615297,0.16876644870598323,-0.3926958679098801,0.2688686110175742,NZD_CAD,21,35,1,long,115
53.0,0.024776287172759304,0.13612681387558784,-0.24203226802339284,0.29158484236891147,24.0,0.10500414876514358,0.2039718096116734,-0.2947805980737363,0.5047888956040234,NZD_CAD,21,35,2,long,77
21.0,0.015515212335584342,0.21876875789944475,-0.4132715531473274,0.44430197781849606,10.0,-0.387671029609067,0.30305358292790857,-0.9816560521477677,0.20631399292963376,NZD_CAD,21,35,3,long,31
16.0,-0.125,0.25617376914899,-0.6271005875320204,0.37710058753202036,7.0,-0.09914171116373374,0.39075084356865575,-0.8650133645582989,0.6667299422308315,NZD_CAD,21,35,4,long,23
,,,,,,,,,,NZD_CAD,21,20,1,short,0
,,,,,,,,,,NZD_CAD,21,20,2,short,0
,,,,,,,,,,NZD_CAD,21,20,3,short,0
,,,,,,,,,,NZD_CAD,21,20,4,short,0
0.0,,,,,1.0,-1.0,,,,NZD_CAD,21,25,1,short,1
4.0,-0.5,0.5,-1.48,0.48,3.0,-0.10599448665913778,0.5869992883602735,-1.2565130918452738,1.0445241185269982,NZD_CAD,21,25,2,short,7
0.0,,,,,1.0,1.0,,,,NZD_CAD,21,25,3,short,1
0.0,,,,,1.0,1.0,,,,NZD_CAD,21,25,4,short,1
13.0,0.11448298302773376,0.254305153138106,-0.38395511712295394,0.6129210831784214,6.0,0.6666666666666666,0.33333333333333337,0.013333333333333197,1.32,NZD_CAD,21,30,1,short,19
15.0,-0.18868328319890385,0.25962695851471657,-0.6975521218877483,0.32018555548994065,7.0,0.2402880771460838,0.3682954611220153,-0.48157102665306617,0.9621471809452338,NZD_CAD,21,30,2,short,22
8.0,0.3842397683265091,0.3093370172867374,-0.22206078555549624,0.9905403222085144,4.0,0.0,0.5773502691896257,-1.1316065276116665,1.1316065276116665,NZD_CAD,21,30,3,short,12
5.0,0.09083984540299728,0.45634622548328413,-0.8035987565442396,0.9852784473502342,3.0,0.3333333333333333,0.6666666666666667,-0.9733333333333336,1.6400000000000001,NZD_CAD,21,30,4,short,8
69.0,0.2753861379941103,0.11233768356105556,0.05520427821444143,0.49556799777377925,30.0,0.37417402928373034,0.16646135842547308,0.04790976676980313,0.7004382917976575,NZD_CAD,21,35,1,short,99
47.0,-0.23043083506347994,0.1429724270972971,-0.5106567921741823,0.04979512204722236,21.0,-0.20561825999892444,0.21388279631541482,-0.6248285407771375,0.2135920207792886,NZD_CAD,21,35,2,short,68
23.0,0.4404110253354591,0.18313593368883574,0.08146459530534106,0.7993574553655771,11.0,-0.09090909090909091,0.3149183286488867,-0.7081490150609089,0.526330833242727,NZD_CAD,21,35,3,short,34
15.0,0.2,0.26186146828319085,-0.313248477835054,0.7132484778350541,7.0,0.35059988957356947,0.3567663954866324,-0.34866224558023007,1.0498620247273691,NZD_CAD,21,35,4,short,22
,,,,,,,,,,NZD_CAD,28,20,1,long,0
,,,,,,,,,,NZD_CAD,28,20,2,long,0
,,,,,,,,,,NZD_CAD,28,20,3,long,0
,,,,,,,,,,NZD_CAD,28,20,4,long,0
0.0,,,,,1.0,1.0,,,,NZD_CAD,28,25,1,long,1
1.0,1.0,,,,1.0,1.0,,,,NZD_CAD,28,25,2,long,2
,,,,,,,,,,NZD_CAD,28,25,3,long,0
0.0,,,,,1.0,1.0,,,,NZD_CAD,28,25,4,long,1
8.0,0.25,0.3659625273556999,-0.46728655361717175,0.9672865536171718,4.0,0.0,0.5773502691896257,-1.1316065276116665,1.1316065276116665,NZD_CAD,28,30,1,long,12
7.0,0.42857142857142855,0.36885555678165877,-0.29438546272062266,1.1515283198634798,3.0,1.0,0.0,1.0,1.0,NZD_CAD,28,30,2,long,10
2.0,0.0,1.0,-1.96,1.96,2.0,-1.0,0.0,-1.0,-1.0,NZD_CAD,28,30,3,long,4
3.0,1.0,0.0,1.0,1.0,2.0,0.0,1.0,-1.96,1.96,NZD_CAD,28,30,4,long,5
49.0,0.13529724975571944,0.14211023561593789,-0.14323881205151884,0.4138333115629577,22.0,-0.36363636363636365,0.20327890704543541,-0.762063021445417,0.03479029417268975,NZD_CAD,28,35,1,long,71
33.0,0.09090909090909091,0.17604469755488258,-0.25413851629847894,0.4359566981166608,15.0,0.10133997135756306,0.2589011355291922,-0.4061062542796536,0.6087861969947796,NZD_CAD,28,35,2,long,48
12.0,0.11048495492060595,0.288145523218687,-0.45428027058802056,0.6752501804292325,6.0,-0.31278504934844503,0.41559651990425905,-1.1273542283607927,0.5017841296639027,NZD_CAD,28,35,3,long,18
10.0,-0.2,0.32659863237109044,-0.8401333194473373,0.4401333194473372,5.0,0.2612016043707728,0.4549996414889718,-0.6305976929476119,1.1530009016891576,NZD_CAD,28,35,4,long,15
,,,,,,,,,,NZD_CAD,28,20,1,short,0
,,,,,,,,,,NZD_CAD,28,20,2,short,0
,,,,,,,,,,NZD_CAD,28,20,3,short,0
,,,,,,,,,,NZD_CAD,28,20,4,short,0
0.0,,,,,1.0,-1.0,,,,NZD_CAD,28,25,1,short,1
,,,,,,,,,,NZD_CAD,28,25,2,short,0
,,,,,,,,,,NZD_CAD,28,25,3,short,0
,,,,,,,,,,NZD_CAD,28,25,4,short,0
2.0,-1.0,0.0,-1.0,-1.0,1.0,-1.0,,,,NZD_CAD,28,30,1,short,3
6.0,-0.3333333333333333,0.421637021355784,-1.15974189519067,0.4930752285240034,3.0,0.5606721800075288,0.4393278199924711,-0.30041034717771453,1.4217547071927723,NZD_CAD,28,30,2,short,9
2.0,-0.6137740983831526,0.38622590161684744,-1.3707768655521735,0.14322866878586837,2.0,0.0,1.0,-1.96,1.96,NZD_CAD,28,30,3,short,4
1.0,1.0,,,,1.0,1.0,,,,NZD_CAD,28,30,4,short,2
32.0,0.40817692096521463,0.15263019780129558,0.10902173327467529,0.707332108655754,15.0,0.28168139190079405,0.24021006655948873,-0.18913033855580386,0.752493122357392,NZD_CAD,28,35,1,short,47
28.0,-0.06536604457084134,0.19096551414432011,-0.43965845229370876,0.3089263631520261,13.0,-0.02446026615210872,0.27842661787858736,-0.5701764371941399,0.5212559048899225,NZD_CAD,28,35,2,short,41
14.0,0.6521038273368257,0.18866781583126482,0.28231490830754663,1.0218927463661047,7.0,-0.14285714285714285,0.40406101782088427,-0.9348167377860761,0.6491024520717903,NZD_CAD,28,35,3,short,21
11.0,0.45454545454545453,0.2816715160878121,-0.09753071698665722,1.0066216260775662,5.0,0.4908398454029973,0.3874066447961895,-0.26847717839753416,1.2501568692035288,NZD_CAD,28,35,4,short,16
70.0,-0.19650248858039854,0.1176612695423324,-0.42711857688337007,0.03411359972257297,30.0,-0.06666666666666667,0.18528222234124034,-0.4298198224554977,0.2964864891221644,NZD_CHF,7,20,1,long,100
30.0,0.24196748718625613,0.17717659806883443,-0.10529864502865935,0.5892336194011716,13.0,0.07489996571133371,0.2761792888363008,-0.4664114404078158,0.6162113718304832,NZD_CHF,7,20,2,long,43
14.0,0.14285714285714285,0.2745054065230065,-0.39517345392794984,0.6808877396422355,6.0,0.3333333333333333,0.421637021355784,-0.4930752285240034,1.15974189519067,NZD_CHF,7,20,3,long,20
7.0,-0.14285714285714285,0.40406101782088427,-0.9348167377860761,0.6491024520717903,4.0,0.0,0.5773502691896257,-1.1316065276116665,1.1316065276116665,NZD_CHF,7,20,4,long,11
129.0,-0.11438119535370464,0.08765993606075279,-0.2861946700327801,0.057432279325370816,56.0,-0.14285714285714304,0.13345696185626105,-0.4044327880954147,0.1187185023811286,NZD_CHF,7,25,1,long,185
62.0,-0.011951215877617999,0.12706073760361927,-0.26099026158071176,0.23708782982547577,27.0,-0.14513247267519316,0.18649076592845096,-0.510654373894957,0.2203894285445707,NZD_CHF,7,25,2,long,89
28.0,0.14285714285714285,0.1904761904761905,-0.2304761904761905,0.5161904761904762,13.0,-0.23076923076923078,0.2808833628231621,-0.7813006219026286,0.319762160364167,NZD_CHF,7,25,3,long,41
17.0,-0.058823529411764705,0.2495670992423109,-0.547975043926694,0.43032798510316467,8.0,0.25,0.3659625273556999,-0.46728655361717175,0.9672865536171718,NZD_CHF,7,25,4,long,25
192.0,-0.02789179914008751,0.07193242090760381,-0.16887934411899097,0.11309574583881594,83.0,-0.1666091289241881,0.10823119627344674,-0.3787422736201437,0.045524015771767484,NZD_CHF,7,30,1,long,275
99.0,0.01879355377462011,0.09955832454254443,-0.17634076232876697,0.2139278698780072,43.0,-0.09609810596551552,0.14920367292344178,-0.38853730489546134,0.19634109296443034,NZD_CHF,7,30,2,long,142
49.0,0.10204081632653061,0.1435841559129621,-0.1793841292628751,0.38346576191593634,22.0,-0.2727272727272727,0.20994555243259116,-0.6842205554951514,0.13876601004060596,NZD_CHF,7,30,3,long,71
26.0,-0.07692307692307693,0.19940740610485724,-0.46776159288859714,0.3139154390424433,12.0,0.16666666666666666,0.2972941950052816,-0.41602995554368527,0.7493632888770185,NZD_CHF,7,30,4,long,38
287.0,-0.05422405803044558,0.05872803448306095,-0.16933100561724504,0.060882889556353875,123.0,-0.18452585745060068,0.08824659950714335,-0.35748919248460165,-0.011562522416599719,NZD_CHF,7,35,1,long,410
140.0,-0.008138844116518636,0.08396353097894135,-0.17270736483524368,0.1564296766022064,60.0,0.06315371884164886,0.1261877597254723,-0.18417429022027684,0.31048172790357453,NZD_CHF,7,35,2,long,200
77.0,0.06493506493506493,0.11446577501260036,-0.15941785408963177,0.28928798395976163,33.0,0.030303030303029967,0.17669551196500904,-0.31602017314838776,0.37662623375444765,NZD_CHF,7,35,3,long,110
40.0,-0.1,0.1593255013631383,-0.4122779826717511,0.21227798267175105,18.0,-0.3333333333333333,0.2286647801900118,-0.7815163025057564,0.1148496358390898,NZD_CHF,7,35,4,long,58
44.0,0.22727272727272727,0.1485078580207369,-0.06380267444791707,0.5183481289933716,19.0,0.2631578947368421,0.22739441047045122,-0.18253514978524232,0.7088509392589265,NZD_CHF,7,20,1,short,63
33.0,0.3939393939393939,0.16248189840550922,0.07547487306459583,0.7124039148141921,15.0,0.4666666666666667,0.23637473611411156,0.0033721838830080286,0.9299611494503253,NZD_CHF,7,20,2,short,48
16.0,0.0,0.2581988897471611,-0.5060698239044358,0.5060698239044358,8.0,0.5,0.32732683535398854,-0.14156059729381754,1.1415605972938176,NZD_CHF,7,20,3,short,24
5.0,-1.0,0.0,-1.0,-1.0,3.0,-0.3333333333333333,0.6666666666666667,-1.6400000000000001,0.9733333333333336,NZD_CHF,7,20,4,short,8
94.0,0.11139342091094245,0.10264933769976618,-0.08979928098059925,0.31258612280248416,41.0,0.37418324517870055,0.1454452120475331,0.08911062956553567,0.6592558607918655,NZD_CHF,7,25,1,short,135
57.0,0.3333333333333333,0.12598815766974242,0.08639654430063817,0.5802701223660285,25.0,0.2800000000000004,0.19595917942265434,-0.1040799916684021,0.6640799916684029,NZD_CHF,7,25,2,short,82
31.0,0.07199019402672668,0.17928478821153546,-0.2794079908678828,0.4233883789213362,14.0,0.42857142857142855,0.25058800551629407,-0.0625810622405078,0.9197239193833648,NZD_CHF,7,25,3,short,45
9.0,-0.3333333333333333,0.3333333333333333,-0.9866666666666666,0.32,5.0,-0.6,0.4000000000000001,-1.3840000000000001,0.18400000000000016,NZD_CHF,7,25,4,short,14
175.0,0.17136094420441841,0.07436080588349402,0.025613764672770156,0.31710812373606667,76.0,0.311606205575931,0.10811711253857567,0.09969666500032268,0.5235157461515393,NZD_CHF,7,30,1,short,251
93.0,0.11761264850140296,0.10264145580963661,-0.08356460488548481,0.3187899018882907,41.0,0.12195121951219538,0.15693373602093091,-0.1856389030888292,0.42954134211322,NZD_CHF,7,30,2,short,134
45.0,0.12307654402413791,0.14644977947577675,-0.1639650237483845,0.41011811179666036,20.0,0.3,0.21884866196096617,-0.1289433774434937,0.7289433774434937,NZD_CHF,7,30,3,short,65
17.0,-0.22903338146274232,0.23576822923459445,-0.6911391107625474,0.23307234783706277,8.0,-0.25,0.3659625273556999,-0.9672865536171718,0.46728655361717175,NZD_CHF,7,30,4,short,25
280.0,0.16781487584204724,0.058857928501875684,0.0524533359783709,0.2831764157057236,120.0,0.21267105534454608,0.08860946462295974,0.038996504683545014,0.3863456060055471,NZD_CHF,7,35,1,short,400
143.0,0.07648934482958374,0.08320785928759984,-0.08659805937411195,0.2395767490332794,62.0,0.06451612903225824,0.12777013614329816,-0.18591333780860614,0.3149455958731226,NZD_CHF,7,35,2,short,205
65.0,0.14674529970901856,0.12183301127850558,-0.09204740239685238,0.3855380018148895,28.0,0.3938064703363378,0.17137351144869828,0.057914387896889186,0.7296985527757864,NZD_CHF,7,35,3,short,93
35.0,-0.054101928139046275,0.16880420319223538,-0.38495816639582764,0.27675431011773505,15.0,-0.06666666666666667,0.2666666666666666,-0.5893333333333332,0.45599999999999985,NZD_CHF,7,35,4,short,50
11.0,-0.6141067455116271,0.24162122930476948,-1.0876843549489754,-0.14052913607427897,5.0,0.6,0.4,-0.18400000000000005,1.384,NZD_CHF,14,20,1,long,16
3.0,-1.0,0.0,-1.0,-1.0,2.0,1.0,0.0,1.0,1.0,NZD_CHF,14,20,2,long,5
2.0,-1.0,0.0,-1.0,-1.0,2.0,0.0,1.0,-1.96,1.96,NZD_CHF,14,20,3,long,4
0.0,,,,,1.0,-1.0,,,,NZD_CHF,14,20,4,long,1
35.0,-0.3072906914465114,0.16209065612745244,-0.6249883774563181,0.010406994563295358,16.0,0.125,0.25617376914899,-0.37710058753202036,0.6271005875320204,NZD_CHF,14,25,1,long,51
12.0,0.0,0.30151134457776363,-0.5909622353724167,0.5909622353724167,6.0,0.38164963186975065,0.39286581669735965,-0.38836736885707424,1.1516666325965756,NZD_CHF,14,25,2,long,18
6.0,-0.3333333333333333,0.421637021355784,-1.15974189519067,0.4930752285240034,3.0,1.0,0.0,1.0,1.0,NZD_CHF,14,25,3,long,9
4.0,0.0,0.5773502691896257,-1.1316065276116665,1.1316065276116665,2.0,-1.0,0.0,-1.0,-1.0,NZD_CHF,14,25,4,long,6
81.0,-0.18216264445219627,0.10963072593092309,-0.3970388672768055,0.03271357837241298,36.0,-0.1111111111111111,0.16798421022632326,-0.44036016315470466,0.21813794093248245,NZD_CHF,14,30,1,long,117
39.0,0.006641656809940629,0.1602658330593476,-0.3074793759863807,0.3207626896062619,18.0,-0.11257224698625896,0.23391890670560758,-0.5710533041292498,0.3459088101567319,NZD_CHF,14,30,2,long,57
14.0,0.14285714285714285,0.2745054065230065,-0.39517345392794984,0.6808877396422355,7.0,0.14285714285714285,0.40406101782088427,-0.6491024520717903,0.9348167377860761,NZD_CHF,14,30,3,long,21
12.0,0.0,0.30151134457776363,-0.5909622353724167,0.5909622353724167,6.0,0.0,0.4472135954999579,-0.8765386471799175,0.8765386471799175,NZD_CHF,14,30,4,long,18
151.0,-0.13745148477237018,0.0807573036938383,-0.29573580001229327,0.020832830467552882,66.0,-0.16406905607132743,0.12142583491558061,-0.40206369250586543,0.07392558036321056,NZD_CHF,14,35,1,long,217
76.0,0.03763897136430777,0.11323950983177265,-0.1843104679059666,0.25958841063458216,33.0,-0.11874475037061259,0.16999923119977195,-0.45194324352216564,0.21445374278094043,NZD_CHF,14,35,2,long,109
35.0,0.02857142857142857,0.17142857142857143,-0.30742857142857144,0.3645714285714286,16.0,-0.125,0.25617376914899,-0.6271005875320204,0.37710058753202036,NZD_CHF,14,35,3,long,51
19.0,0.05263157894736842,0.23537557657892524,-0.40870455114732507,0.5139677090420619,9.0,0.3333333333333333,0.3333333333333333,-0.32,0.9866666666666666,NZD_CHF,14,35,4,long,28
2.0,1.0,0.0,1.0,1.0,1.0,1.0,,,,NZD_CHF,14,20,1,short,3
4.0,0.0,0.5773502691896257,-1.1316065276116665,1.1316065276116665,2.0,0.0,1.0,-1.96,1.96,NZD_CHF,14,20,2,short,6
1.0,1.0,,,,1.0,-1.0,,,,NZD_CHF,14,20,3,short,2
,,,,,,,,,,NZD_CHF,14,20,4,short,0
12.0,0.0,0.30151134457776363,-0.5909622353724167,0.5909622353724167,6.0,-0.3333333333333333,0.421637021355784,-1.15974189519067,0.4930752285240034,NZD_CHF,14,25,1,short,18
11.0,0.09090909090909091,0.3149183286488867,-0.526330833242727,0.7081490150609089,6.0,0.3333333333333333,0.421637021355784,-0.4930752285240034,1.15974189519067,NZD_CHF,14,25,2,short,17
7.0,-0.14285714285714285,0.40406101782088427,-0.9348167377860761,0.6491024520717903,4.0,0.0,0.5773502691896257,-1.1316065276116665,1.1316065276116665,NZD_CHF,14,25,3,short,11
0.0,,,,,1.0,-1.0,,,,NZD_CHF,14,25,4,short,1
50.0,0.32,0.1353453632265944,0.05472308807587495,0.585276911924125,22.0,0.2727272727272727,0.20994555243259116,-0.13876601004060596,0.6842205554951514,NZD_CHF,14,30,1,short,72
33.0,0.3939393939393939,0.16248189840550922,0.07547487306459583,0.7124039148141921,15.0,0.4666666666666667,0.23637473611411156,0.0033721838830080286,0.9299611494503253,NZD_CHF,14,30,2,short,48
17.0,0.058823529411764705,0.2495670992423109,-0.43032798510316467,0.547975043926694,8.0,0.5,0.32732683535398854,-0.14156059729381754,1.1415605972938176,NZD_CHF,14,30,3,short,25
7.0,-0.7142857142857143,0.28571428571428575,-1.2742857142857145,-0.15428571428571425,3.0,-0.3333333333333333,0.6666666666666667,-1.6400000000000001,0.9733333333333336,NZD_CHF,14,30,4,short,10
116.0,0.1896551724137931,0.09155805549897762,0.010201383635796951,0.36910896119178926,50.0,0.3649496877168631,0.13233671652007048,0.10556972333752496,0.6243296520962012,NZD_CHF,14,35,1,short,166
66.0,0.23229371079971703,0.11977877010809747,-0.002472678612154,0.46706010021158806,29.0,0.31034482758620724,0.1796510593971475,-0.0417712488322019,0.6624609040046163,NZD_CHF,14,35,2,short,95
35.0,0.00661988613795792,0.16916043114129292,-0.32493455889897616,0.33817433117489204,15.0,0.3333333333333333,0.25197631533948484,-0.16054024473205697,0.8272069113987236,NZD_CHF,14,35,3,short,50
14.0,-0.14285714285714285,0.2745054065230065,-0.6808877396422355,0.39517345392794984,6.0,-0.6666666666666666,0.33333333333333337,-1.32,-0.013333333333333197,NZD_CHF,14,35,4,short,20
4.0,-0.43879355015697463,0.48305701480747765,-1.3855852991796307,0.5079981988656815,3.0,0.3333333333333333,0.6666666666666667,-0.9733333333333336,1.6400000000000001,NZD_CHF,21,20,1,long,7
,,,,,,,,,,NZD_CHF,21,20,2,long,0
0.0,,,,,1.0,-1.0,,,,NZD_CHF,21,20,3,long,1
,,,,,,,,,,NZD_CHF,21,20,4,long,0
9.0,-0.3061304667364332,0.3275931866854323,-0.9482131126398805,0.33595217916701414,5.0,0.2,0.48989794855663565,-0.7601999791710059,1.1601999791710058,NZD_CHF,21,25,1,long,14
2.0,-1.0,0.0,-1.0,-1.0,2.0,0.0,1.0,-1.96,1.96,NZD_CHF,21,25,2,long,4
2.0,-1.0,0.0,-1.0,-1.0,1.0,1.0,,,,NZD_CHF,21,25,3,long,3
0.0,,,,,1.0,-1.0,,,,NZD_CHF,21,25,4,long,1
37.0,-0.18257227569264592,0.16287806689288647,-0.5018132868027034,0.13666873541741156,17.0,-0.4117647058823529,0.22782254977690689,-0.8582969034450905,0.034767491680384566,NZD_CHF,21,30,1,long,54
16.0,-0.125,0.25617376914899,-0.6271005875320204,0.37710058753202036,8.0,0.5000000000000013,0.3273268353539888,-0.14156059729381676,1.1415605972938194,NZD_CHF,21,30,2,long,24
6.0,-0.3333333333333333,0.421637021355784,-1.15974189519067,0.4930752285240034,3.0,0.3333333333333333,0.6666666666666667,-0.9733333333333336,1.6400000000000001,NZD_CHF,21,30,3,long,9
4.0,0.0,0.5773502691896257,-1.1316065276116665,1.1316065276116665,3.0,-0.3333333333333333,0.6666666666666667,-1.6400000000000001,0.9733333333333336,NZD_CHF,21,30,4,long,7
100.0,-0.13755174200627898,0.09933020124226097,-0.33223893644111047,0.0571354524285525,43.0,-0.06976744186046512,0.15392735640216215,-0.3714650604087029,0.23193017668777266,NZD_CHF,21,35,1,long,143
53.0,-0.040366758043634134,0.1348458642293157,-0.3046646519330929,0.2239311358458246,23.0,-0.08341638096653113,0.2028619035133765,-0.48102571185274906,0.31419294991968677,NZD_CHF,21,35,2,long,76
21.0,-0.047619047619047616,0.22335313142016333,-0.48539118520256774,0.3901530899644725,10.0,-0.2,0.3265986323710904,-0.840133319447337,0.4401333194473371,NZD_CHF,21,35,3,long,31
14.0,0.0,0.2773500981126146,-0.5436061923007246,0.5436061923007246,6.0,0.0,0.4472135954999579,-0.8765386471799175,0.8765386471799175,NZD_CHF,21,35,4,long,20
0.0,,,,,1.0,1.0,,,,NZD_CHF,21,20,1,short,1
1.0,1.0,,,,1.0,1.0,,,,NZD_CHF,21,20,2,short,2
0.0,,,,,1.0,1.0,,,,NZD_CHF,21,20,3,short,1
,,,,,,,,,,NZD_CHF,21,20,4,short,0
2.0,0.0,1.0,-1.96,1.96,2.0,0.0,1.0,-1.96,1.96,NZD_CHF,21,25,1,short,4
4.0,0.0,0.5773502691896257,-1.1316065276116665,1.1316065276116665,2.0,0.0,1.0,-1.96,1.96,NZD_CHF,21,25,2,short,6
1.0,1.0,,,,1.0,-1.0,,,,NZD_CHF,21,25,3,short,2
,,,,,,,,,,NZD_CHF,21,25,4,short,0
12.0,0.0,0.30151134457776363,-0.5909622353724167,0.5909622353724167,6.0,0.3333333333333333,0.421637021355784,-0.4930752285240034,1.15974189519067,NZD_CHF,21,30,1,short,18
14.0,0.0,0.2773500981126146,-0.5436061923007246,0.5436061923007246,6.0,0.3333333333333333,0.421637021355784,-0.4930752285240034,1.15974189519067,NZD_CHF,21,30,2,short,20
9.0,0.1111111111111111,0.35136418446315326,-0.5775626904366693,0.7997849126588914,4.0,0.0,0.5773502691896257,-1.1316065276116665,1.1316065276116665,NZD_CHF,21,30,3,short,13
1.0,-1.0,,,,1.0,-1.0,,,,NZD_CHF,21,30,4,short,2
56.0,0.25,0.13055824196677338,-0.0058941542548758274,0.5058941542548758,25.0,0.2,0.2,-0.192,0.5920000000000001,NZD_CHF,21,35,1,short,81
39.0,0.367471408020034,0.1488676144929878,0.0756908836137779,0.65925193242629,18.0,0.4444444444444444,0.2172649691319564,0.018605104945809914,0.8702837839430789,NZD_CHF,21,35,2,short,57
19.0,0.15789473684210525,0.23274559932318592,-0.29828663783133913,0.6140761115155496,9.0,0.1111111111111111,0.35136418446315326,-0.5775626904366693,0.7997849126588914,NZD_CHF,21,35,3,short,28
7.0,-0.7142857142857143,0.28571428571428575,-1.2742857142857145,-0.15428571428571425,3.0,-0.3333333333333333,0.6666666666666667,-1.6400000000000001,0.9733333333333336,NZD_CHF,21,35,4,short,10
0.0,,,,,1.0,1.0,,,,NZD_CHF,28,20,1,long,1
0.0,,,,,1.0,1.0,,,,NZD_CHF,28,20,2,long,1
,,,,,,,,,,NZD_CHF,28,20,3,long,0
,,,,,,,,,,NZD_CHF,28,20,4,long,0
5.0,0.2489651598744203,0.46153926263848377,-0.655651794897008,1.1535821146458485,3.0,0.3333333333333333,0.6666666666666667,-0.9733333333333336,1.6400000000000001,NZD_CHF,28,25,1,long,8
2.0,0.0,1.0,-1.96,1.96,2.0,0.0,1.0,-1.96,1.96,NZD_CHF,28,25,2,long,4
0.0,,,,,1.0,1.0,,,,NZD_CHF,28,25,3,long,1
,,,,,,,,,,NZD_CHF,28,25,4,long,0
20.0,-0.38775871003139495,0.20877557661902077,-0.7969588402046757,0.02144142014188577,9.0,-0.3333333333333333,0.3333333333333333,-0.9866666666666666,0.32,NZD_CHF,28,30,1,long,29
11.0,-0.09090909090909091,0.3149183286488867,-0.7081490150609089,0.526330833242727,5.0,0.20000000000000223,0.48989794855663654,-0.7601999791710055,1.1601999791710098,NZD_CHF,28,30,2,long,16
2.0,0.0,1.0,-1.96,1.96,2.0,1.0,0.0,1.0,1.0,NZD_CHF,28,30,3,long,4
4.0,0.0,0.5773502691896257,-1.1316065276116665,1.1316065276116665,3.0,-0.3333333333333333,0.6666666666666667,-1.6400000000000001,0.9733333333333336,NZD_CHF,28,30,4,long,7
65.0,-0.22700268000965998,0.12131176458753638,-0.4647737386012313,0.01076837858191132,28.0,-0.2857142857142857,0.18442777839082938,-0.6471927313603113,0.0757641599317399,NZD_CHF,28,35,1,long,93
32.0,-0.10507998252081863,0.17614290289045187,-0.45032007218610426,0.240160107144467,14.0,-0.12215015777010686,0.2702802360545575,-0.6518994204370395,0.4075991048968258,NZD_CHF,28,35,2,long,46
13.0,-0.07692307692307693,0.2878197989826109,-0.6410498829289943,0.48720372908284043,6.0,-0.3333333333333333,0.421637021355784,-1.15974189519067,0.4930752285240034,NZD_CHF,28,35,3,long,19
10.0,-0.2,0.32659863237109044,-0.8401333194473373,0.4401333194473372,5.0,0.6,0.4,-0.18400000000000005,1.384,NZD_CHF,28,35,4,long,15
,,,,,,,,,,NZD_CHF,28,20,1,short,0
0.0,,,,,1.0,1.0,,,,NZD_CHF,28,20,2,short,1
,,,,,,,,,,NZD_CHF,28,20,3,short,0
,,,,,,,,,,NZD_CHF,28,20,4,short,0
0.0,,,,,1.0,1.0,,,,NZD_CHF,28,25,1,short,1
1.0,1.0,,,,1.0,1.0,,,,NZD_CHF,28,25,2,short,2
0.0,,,,,1.0,1.0,,,,NZD_CHF,28,25,3,short,1
,,,,,,,,,,NZD_CHF,28,25,4,short,0
6.0,0.3333333333333333,0.421637021355784,-0.4930752285240034,1.15974189519067,3.0,0.3333333333333333,0.6666666666666667,-0.9733333333333336,1.6400000000000001,NZD_CHF,28,30,1,short,9
7.0,-0.14285714285714285,0.40406101782088427,-0.9348167377860761,0.6491024520717903,3.0,0.3333333333333333,0.6666666666666667,-0.9733333333333336,1.6400000000000001,NZD_CHF,28,30,2,short,10
4.0,0.0,0.5773502691896257,-1.1316065276116665,1.1316065276116665,2.0,0.0,1.0,-1.96,1.96,NZD_CHF,28,30,3,short,6
,,,,,,,,,,NZD_CHF,28,30,4,short,0
23.0,0.21739130434782608,0.20810192223064325,-0.19048846322423466,0.6252710719198868,10.0,0.4,0.3055050463303893,-0.19878989080756293,0.998789890807563,NZD_CHF,28,35,1,short,33
22.0,0.15142658694460565,0.2111879187873373,-0.26250173387857545,0.5653549077677867,10.0,0.6,0.26666666666666666,0.07733333333333337,1.1226666666666665,NZD_CHF,28,35,2,short,32
11.0,0.09090909090909091,0.3149183286488867,-0.526330833242727,0.7081490150609089,6.0,-0.3333333333333333,0.421637021355784,-1.15974189519067,0.4930752285240034,NZD_CHF,28,35,3,short,17
3.0,-0.3333333333333333,0.6666666666666667,-1.6400000000000001,0.9733333333333336,2.0,-1.0,0.0,-1.0,-1.0,NZD_CHF,28,35,4,short,5
64.0,-0.026419311812171727,0.12347969764637623,-0.26843951919906917,0.2156008955747257,28.0,0.30849218364406344,0.17989751099978138,-0.04410693791550807,0.6610913052036349,EUR_NOK,7,20,1,long,92
30.0,0.21102129759873012,0.1726005785710566,-0.1272758364005408,0.5493184315980011,14.0,0.2857142857142857,0.26578871697687523,-0.23523159956038975,0.8066601709889611,EUR_NOK,7,20,2,long,44
16.0,-0.014327741024076704,0.24438744505159146,-0.49332713332519595,0.4646716512770426,7.0,0.7142857142857143,0.2857142857142857,0.15428571428571436,1.2742857142857142,EUR_NOK,7,20,3,long,23
9.0,0.3517225837826494,0.3245296989389827,-0.28435562613775667,0.9878007937030555,4.0,-0.5,0.5,-1.48,0.48,EUR_NOK,7,20,4,long,13
133.0,0.08622404026821229,0.08530446212342963,-0.08097270549370977,0.25342078603013435,57.0,0.5002989255522023,0.11316634651976167,0.2784928863734695,0.7221049647309352,EUR_NOK,7,25,1,long,190
62.0,0.11525640672189763,0.12326485144744054,-0.12634270211508583,0.35685551555888106,27.0,0.1275249244177942,0.19197194559212483,-0.24874008894277047,0.5037899377783589,EUR_NOK,7,25,2,long,89
33.0,0.09950452772042259,0.16924484997142522,-0.23221537822357083,0.431224433664416,15.0,0.3333333333333333,0.25197631533948484,-0.16054024473205697,0.8272069113987236,EUR_NOK,7,25,3,long,48
19.0,0.23080940673019493,0.22119124177996397,-0.20272542715853445,0.6643442406189243,9.0,-0.5555555555555556,0.2939723678960656,-1.1317413966318441,0.020630285520732983,EUR_NOK,7,25,4,long,28
217.0,0.10665533383217009,0.06643186549792836,-0.023551122543769495,0.23686179020810966,94.0,0.1524801905247362,0.10054404070856539,-0.04458612926405198,0.34954651031352435,EUR_NOK,7,30,1,long,311
103.0,0.1207070546287258,0.09535677641851917,-0.06619222715157178,0.30760633640902335,45.0,0.07651495465067651,0.14915012119250437,-0.21581928288663207,0.36884919218798506,EUR_NOK,7,30,2,long,148
46.0,0.15476568045441802,0.1406835504247602,-0.12097407837811197,0.430505439286948,20.0,0.4,0.2102629932151387,-0.012115466701671795,0.8121154667016719,EUR_NOK,7,30,3,long,66
32.0,0.2741991763916921,0.16646866247494246,-0.05207940205919509,0.6004777548425793,14.0,-0.2446396364234662,0.260417109964594,-0.7550571719540704,0.265777899107138,EUR_NOK,7,30,4,long,46
305.0,0.119106834400145,0.055991667917188896,0.00936316528245476,0.22885050351783523,131.0,0.10177967869713893,0.0860847556998852,-0.06694644247463606,0.27050579986891393,EUR_NOK,7,35,1,long,436
151.0,0.14788838842300403,0.07806357869805769,-0.00511622582518903,0.3008930026711971,66.0,0.13089052707016033,0.12197517706539464,-0.10818081997801315,0.3699618741183338,EUR_NOK,7,35,2,long,217
72.0,0.16917574699962568,0.11277380772165858,-0.05186091613482516,0.3902124101340765,32.0,0.22230723683091513,0.17224648676940454,-0.11529587723711776,0.559910350898948,EUR_NOK,7,35,3,long,104
43.0,0.17684138074123112,0.14584182505582707,-0.10900859636818994,0.4626913578506522,19.0,-0.33815552157518564,0.21634897557056748,-0.7621995136934978,0.0858884705431266,EUR_NOK,7,35,4,long,62
70.0,0.04130321573972125,0.1156632211428225,-0.18539669770021083,0.26800312917965335,31.0,-0.02579016883681554,0.18144750570002469,-0.38142728000886394,0.3298469423352328,EUR_NOK,7,20,1,short,101
38.0,-0.2631578947368421,0.1586043796843966,-0.5740224789182595,0.04770668944457529,17.0,0.058823529411764705,0.2495670992423109,-0.43032798510316467,0.547975043926694,EUR_NOK,7,20,2,short,55
21.0,0.3632090037388478,0.1958496177337391,-0.020656247019280816,0.7470742544969764,10.0,0.0,0.3333333333333333,-0.6533333333333333,0.6533333333333333,EUR_NOK,7,20,3,short,31
8.0,0.03777305015993199,0.36536508608490864,-0.6783425185664889,0.753888618886353,4.0,0.5,0.5,-0.48,1.48,EUR_NOK,7,20,4,short,12
135.0,0.07237211978446935,0.08438003726254882,-0.09301275325012633,0.23775699281906504,59.0,-0.06596261000370714,0.12950361419704662,-0.3197896938299185,0.18786447382250426,EUR_NOK,7,25,1,short,194
68.0,-0.15162716918457703,0.11879614046791097,-0.3844676045016825,0.08121326613252847,30.0,0.13333333333333333,0.1840373108931074,-0.22737979601715716,0.4940464626838238,EUR_NOK,7,25,2,short,98
35.0,0.33221111652902297,0.1561553822215835,0.026146567374719265,0.6382756656833266,15.0,-0.15564653497893044,0.2558704574581139,-0.6571526315968337,0.3458595616389728,EUR_NOK,7,25,3,short,50
15.0,0.06931583261588058,0.24773230013421849,-0.4162394756471876,0.5548711408789487,7.0,0.14285714285714285,0.40406101782088427,-0.6491024520717903,0.9348167377860761,EUR_NOK,7,25,4,short,22
217.0,0.011556747809898774,0.0665516227299044,-0.11888443274071385,0.1419979283605114,93.0,-0.03261455934604232,0.10184579262527184,-0.23223231289157512,0.16700319419949047,EUR_NOK,7,30,1,short,310
100.0,-0.21647969841293893,0.09655033198982063,-0.4057183491129874,-0.027241047712890487,43.0,0.16279069767441862,0.15224503969952957,-0.13560958013665936,0.4611909754854966,EUR_NOK,7,30,2,short,143
54.0,0.1597664644169593,0.13283704741909838,-0.10059414852447351,0.4201270773583921,24.0,0.027720915638168475,0.20453898315495916,-0.3731754913455515,0.42861732262188845,EUR_NOK,7,30,3,short,78
24.0,-0.08167760461507463,0.19872752883052794,-0.4711835611229094,0.30782835189276014,11.0,-0.2727272727272727,0.30424000964875475,-0.869037691638832,0.32358314618428663,EUR_NOK,7,30,4,short,35
308.0,-0.008887526503807983,0.055933563043334966,-0.11851731006874452,0.10074225706112855,133.0,-0.0006729497923394785,0.08393689803526483,-0.16518926994145855,0.1638433703567796,EUR_NOK,7,35,1,short,441
143.0,-0.15498265928898958,0.08177936315517721,-0.3152702110731369,0.005304892495157754,62.0,0.08757649645873174,0.12669700633422878,-0.16074963595635666,0.33590262887382016,EUR_NOK,7,35,2,short,205
72.0,0.11982484831271949,0.11605012421668391,-0.10763339515198096,0.34728309177741995,31.0,0.03646318517826248,0.17745841276416183,-0.3113553038394947,0.38428167419601966,EUR_NOK,7,35,3,short,103
33.0,-0.2414414285609488,0.16294052835879438,-0.5608048641441858,0.07792200702228819,15.0,-0.17076582061128331,0.2570700619344151,-0.674623142002737,0.33309150078017036,EUR_NOK,7,35,4,short,48
6.0,0.48770918323253404,0.34536342336294285,-0.18920312655883392,1.164621493023902,3.0,0.3333333333333333,0.6666666666666667,-0.9733333333333336,1.6400000000000001,EUR_NOK,14,20,1,long,9
3.0,0.4079706933403678,0.5920293066596322,-0.7524067477125114,1.5683481343932468,2.0,-1.0,0.0,-1.0,-1.0,EUR_NOK,14,20,2,long,5
1.0,-0.5089959673249915,,,,1.0,0.27975211093976415,,,,EUR_NOK,14,20,3,long,2
2.0,0.0,1.0,-1.96,1.96,1.0,-1.0,,,,EUR_NOK,14,20,4,long,3
21.0,0.1438689425630344,0.21032739896376115,-0.26837275940593747,0.5561106445320063,9.0,0.4041979046704197,0.3041568260007842,-0.1919494742911173,1.0003452836319568,EUR_NOK,14,25,1,long,30
14.0,0.14724474119506487,0.25045508153412255,-0.3436472186118153,0.638136701001945,7.0,0.42857142857142855,0.36885555678165877,-0.29438546272062266,1.1515283198634798,EUR_NOK,14,25,2,long,21
7.0,0.11010802051639608,0.35363660743810915,-0.5830197300622978,0.80323577109509,3.0,0.3333333333333333,0.6666666666666667,-0.9733333333333336,1.6400000000000001,EUR_NOK,14,25,3,long,10
3.0,-0.3333333333333333,0.6666666666666667,-1.6400000000000001,0.9733333333333336,2.0,0.0,1.0,-1.96,1.96,EUR_NOK,14,25,4,long,5
71.0,0.094027181522493,0.11531996698078888,-0.13199995375985318,0.3200543168048392,31.0,0.081194798595985,0.17640803985849537,-0.2645649595266659,0.4269545567186359,EUR_NOK,14,30,1,long,102
39.0,0.15786654810211848,0.15162991722557154,-0.1393280896600017,0.45506118586423866,18.0,0.02462071996002462,0.23776701616014786,-0.4414026317138652,0.49064407163391444,EUR_NOK,14,30,2,long,57
16.0,0.2677280884233716,0.22755729895930468,-0.17828421753686557,0.7137403943836087,8.0,0.5,0.32732683535398854,-0.14156059729381754,1.1415605972938176,EUR_NOK,14,30,3,long,24
11.0,0.10595484127671316,0.31002777158186245,-0.5016995910237372,0.7136092735771635,5.0,0.2,0.48989794855663565,-0.7601999791710059,1.1601999791710058,EUR_NOK,14,30,4,long,16
151.0,0.0896586974109251,0.07935125504619259,-0.06586976247961236,0.24518715730146257,65.0,0.2233390577919313,0.11999955876014277,-0.01186007737794853,0.45853819296181114,EUR_NOK,14,35,1,long,216
80.0,0.20502547327333645,0.10654444209955717,-0.00380163324179561,0.4138525797884685,35.0,0.161107851046588,0.16664928675915616,-0.16552475100135808,0.48774045309453407,EUR_NOK,14,35,2,long,115
33.0,0.09950452772042258,0.16924484997142522,-0.23221537822357086,0.431224433664416,15.0,0.2,0.26186146828319085,-0.313248477835054,0.7132484778350541,EUR_NOK,14,35,3,long,48
23.0,0.24365997269012774,0.19065389195834123,-0.1300216555482211,0.6173416009284766,10.0,-0.2,0.32659863237109044,-0.8401333194473373,0.4401333194473372,EUR_NOK,14,35,4,long,33
18.0,-0.09162147681497423,0.2291211824706454,-0.5406989944574392,0.3574560408274907,8.0,-0.7249369042426602,0.2476649705618809,-1.2103602465439467,-0.2395135619413737,EUR_NOK,14,20,1,short,26
7.0,-0.7142857142857143,0.28571428571428575,-1.2742857142857145,-0.15428571428571425,4.0,0.0,0.5773502691896257,-1.1316065276116665,1.1316065276116665,EUR_NOK,14,20,2,short,11
8.0,0.5,0.32732683535398854,-0.14156059729381754,1.1415605972938176,4.0,0.5,0.5,-0.48,1.48,EUR_NOK,14,20,3,short,12
0.0,,,,,1.0,-1.0,,,,EUR_NOK,14,20,4,short,1
38.0,-0.1877707854655474,0.1532257795289655,-0.48809331334231976,0.11255174241122493,17.0,-0.28232324905536954,0.23704820449230335,-0.7469377298602842,0.18229123174954504,EUR_NOK,14,25,1,short,55
21.0,-0.42857142857142855,0.20203050891044214,-0.8245512260358951,-0.03259163110696195,9.0,-0.1111111111111111,0.35136418446315326,-0.7997849126588914,0.5775626904366693,EUR_NOK,14,25,2,short,30
12.0,0.3333333333333333,0.2842676218074806,-0.22383120540932872,0.8904978720759953,6.0,0.3333333333333333,0.421637021355784,-0.4930752285240034,1.15974189519067,EUR_NOK,14,25,3,short,18
3.0,0.3333333333333333,0.6666666666666667,-0.9733333333333336,1.6400000000000001,2.0,0.0,1.0,-1.96,1.96,EUR_NOK,14,25,4,short,5
88.0,0.0409323083327097,0.10311191106560823,-0.16116703735588242,0.2430316540213018,38.0,0.05790802015943995,0.16333945174687836,-0.2622373052644416,0.37805334558332154,EUR_NOK,14,30,1,short,126
48.0,-0.375,0.13522046615836342,-0.6400321136703924,-0.10996788632960769,21.0,0.23809523809523808,0.21717627144745486,-0.1875702539417734,0.6637607301322496,EUR_NOK,14,30,2,short,69
24.0,0.18723124387083467,0.20151221248613466,-0.20773269260198923,0.5821951803436586,11.0,0.2727272727272727,0.30424000964875475,-0.32358314618428663,0.869037691638832,EUR_NOK,14,30,3,short,35
12.0,-0.22190823629098946,0.28234298413491277,-0.7753004851954185,0.3314840126134396,6.0,0.3333333333333333,0.421637021355784,-0.4930752285240034,1.15974189519067,EUR_NOK,14,30,4,short,18
170.0,0.08373829583601976,0.0747248969031618,-0.06272250209417736,0.2301990937662169,74.0,-0.010266288745999183,0.11445353274162015,-0.2345952129195747,0.2140626354275763,EUR_NOK,14,35,1,short,244
83.0,-0.1818620839067315,0.10846801887714161,-0.394459400905929,0.030735233092466036,36.0,0.0,0.16903085094570333,-0.33130046785357853,0.33130046785357853,EUR_NOK,14,35,2,short,119
46.0,0.23103019735903924,0.1414641504817025,-0.046239537585097634,0.508299932303176,21.0,0.05382660669172081,0.21418426194488846,-0.3659745467202606,0.47362776010370217,EUR_NOK,14,35,3,short,67
21.0,-0.04572678622675196,0.2122225470634055,-0.46168297847102674,0.3702294060175228,9.0,0.1111111111111111,0.35136418446315326,-0.5775626904366693,0.7997849126588914,EUR_NOK,14,35,4,short,30
,,,,,,,,,,EUR_NOK,21,20,1,long,0
,,,,,,,,,,EUR_NOK,21,20,2,long,0
,,,,,,,,,,EUR_NOK,21,20,3,long,0
,,,,,,,,,,EUR_NOK,21,20,4,long,0
7.0,0.7142857142857143,0.2857142857142857,0.15428571428571436,1.2742857142857142,4.0,0.5,0.5,-0.48,1.48,EUR_NOK,21,25,1,long,11
2.0,1.0,0.0,1.0,1.0,2.0,-0.8880439599894483,0.11195604001055169,-1.1074777984101296,-0.668610121568767,EUR_NOK,21,25,2,long,4
1.0,1.0,,,,1.0,0.27975211093976415,,,,EUR_NOK,21,25,3,long,2
2.0,0.0,1.0,-1.96,1.96,1.0,-1.0,,,,EUR_NOK,21,25,4,long,3
28.0,0.0962245115336691,0.18134604494297593,-0.2592137365545637,0.45166275962190194,12.0,0.16666666666666666,0.2972941950052816,-0.41602995554368527,0.7493632888770185,EUR_NOK,21,30,1,long,40
16.0,0.015503260041594219,0.23609422821552095,-0.44724142726082683,0.4782479473440153,8.0,0.0,0.3779644730092272,-0.7408103670980853,0.7408103670980853,EUR_NOK,21,30,2,long,24
7.0,0.18337848782484928,0.3214260418166233,-0.44661655413573237,0.813373529785431,3.0,0.3333333333333333,0.6666666666666667,-0.9733333333333336,1.6400000000000001,EUR_NOK,21,30,3,long,10
6.0,-0.3333333333333333,0.421637021355784,-1.15974189519067,0.4930752285240034,3.0,0.3333333333333333,0.6666666666666667,-0.9733333333333336,1.6400000000000001,EUR_NOK,21,30,4,long,9
82.0,0.17729833303719136,0.1042998167394615,-0.027129307772153166,0.3817259738465359,36.0,-0.013415590097901818,0.1646046297605852,-0.3360406644286488,0.30920948423284517,EUR_NOK,21,35,1,long,118
46.0,0.15558250817353525,0.14061988057487532,-0.12003245775322036,0.43119747410029086,20.0,0.022158647964022154,0.22536657997048082,-0.41955984877812025,0.4638771447061646,EUR_NOK,21,35,2,long,66
18.0,0.12686941193188583,0.2234963251097873,-0.3111833852832973,0.5649222091470689,9.0,0.5555555555555556,0.2939723678960656,-0.020630285520732983,1.1317413966318441,EUR_NOK,21,35,3,long,27
15.0,0.199687265425509,0.2484262232388349,-0.28722813212260745,0.6866026629736254,7.0,0.14285714285714285,0.40406101782088427,-0.6491024520717903,0.9348167377860761,EUR_NOK,21,35,4,long,22
7.0,-0.30023300952392595,0.3578823248225799,-1.0016823661761824,0.40121634712833065,4.0,-0.5,0.5,-1.48,0.48,EUR_NOK,21,20,1,short,11
2.0,-1.0,0.0,-1.0,-1.0,2.0,1.0,0.0,1.0,1.0,EUR_NOK,21,20,2,short,4
4.0,0.5,0.5,-0.48,1.48,3.0,1.0,0.0,1.0,1.0,EUR_NOK,21,20,3,short,7
,,,,,,,,,,EUR_NOK,21,20,4,short,0
20.0,-0.1550815533333741,0.22081978309320913,-0.587888328196064,0.2777252215293158,9.0,-0.533277248215698,0.29058683483967834,-1.1028274445014676,0.03627294807007153,EUR_NOK,21,25,1,short,29
9.0,-0.5555555555555556,0.2939723678960656,-1.1317413966318441,0.020630285520732983,4.0,0.0,0.5773502691896257,-1.1316065276116665,1.1316065276116665,EUR_NOK,21,25,2,short,13
8.0,0.5,0.32732683535398854,-0.14156059729381754,1.1415605972938176,4.0,0.5,0.5,-0.48,1.48,EUR_NOK,21,25,3,short,12
0.0,,,,,1.0,-1.0,,,,EUR_NOK,21,25,4,short,1
49.0,-0.08806226006547373,0.13816108856218706,-0.3588579936473604,0.1827334735164129,21.0,-0.3237854873305372,0.20952107946668394,-0.7344468030852377,0.0868758284241633,EUR_NOK,21,30,1,short,70
27.0,-0.3333333333333333,0.1849000654084097,-0.6957374615338163,0.029070794867149696,12.0,-0.16666666666666666,0.2972941950052816,-0.7493632888770185,0.41602995554368527,EUR_NOK,21,30,2,short,39
14.0,0.2857142857142857,0.26578871697687523,-0.23523159956038975,0.8066601709889611,7.0,0.42857142857142855,0.36885555678165877,-0.29438546272062266,1.1515283198634798,EUR_NOK,21,30,3,short,21
7.0,-0.42857142857142855,0.36885555678165877,-1.1515283198634798,0.29438546272062266,3.0,0.3333333333333333,0.6666666666666667,-0.9733333333333336,1.6400000000000001,EUR_NOK,21,30,4,short,10
104.0,0.08562205283156163,0.09460606676956712,-0.09980583803678991,0.2710499436999132,45.0,-0.04386055945400644,0.1483630886247124,-0.33465221315844274,0.24693109425042983,EUR_NOK,21,35,1,short,149
54.0,-0.25925925925925924,0.13266389909248674,-0.5192805014805333,0.00076198296201474,24.0,0.08333333333333333,0.20778914433245896,-0.3239333895582862,0.49060005622495284,EUR_NOK,21,35,2,short,78
25.0,0.2286706242111884,0.1948202819819855,-0.15317712847350318,0.61051837689588,12.0,0.2887547304341745,0.2781939352797646,-0.2565053827141642,0.8340148435825132,EUR_NOK,21,35,3,short,37
14.0,-0.04734991682084812,0.26810536913347216,-0.5728364403224535,0.4781366066807573,7.0,0.14285714285714285,0.40406101782088427,-0.6491024520717903,0.9348167377860761,EUR_NOK,21,35,4,short,21
,,,,,,,,,,EUR_NOK,28,20,1,long,0
,,,,,,,,,,EUR_NOK,28,20,2,long,0
,,,,,,,,,,EUR_NOK,28,20,3,long,0
,,,,,,,,,,EUR_NOK,28,20,4,long,0
,,,,,,,,,,EUR_NOK,28,25,1,long,0
,,,,,,,,,,EUR_NOK,28,25,2,long,0
,,,,,,,,,,EUR_NOK,28,25,3,long,0
,,,,,,,,,,EUR_NOK,28,25,4,long,0
7.0,0.5849989563469311,0.2933167132536903,0.010098198369698164,1.159899714324164,4.0,0.5,0.5,-0.48,1.48,EUR_NOK,28,30,1,long,11
5.0,-0.01717633777891355,0.4299307796552062,-0.8598406659031177,0.8254879903452905,3.0,0.3333333333333333,0.6666666666666667,-0.9733333333333336,1.6400000000000001,EUR_NOK,28,30,2,long,8
3.0,0.4970013442250028,0.5029986557749972,-0.4888760210939918,1.4828787095439975,2.0,-0.3601239445301179,0.639876055469882,-1.6142810132510865,0.8940331241908508,EUR_NOK,28,30,3,long,5
2.0,0.0,1.0,-1.96,1.96,2.0,0.0,1.0,-1.96,1.96,EUR_NOK,28,30,4,long,4
48.0,0.18338149804663728,0.13607438026987373,-0.08332428728231522,0.4500872833755898,21.0,-0.005749637407535365,0.21829362324485285,-0.43360513896744696,0.4221058641523762,EUR_NOK,28,35,1,long,69
30.0,0.09625276082505417,0.17364768878424372,-0.2440967091920635,0.43660223084217187,14.0,0.14285714285714285,0.2745054065230065,-0.39517345392794984,0.6808877396422355,EUR_NOK,28,35,2,long,44
11.0,0.11669540134308591,0.2767475896252019,-0.42572987432230985,0.6591206770084816,6.0,0.6666666666666666,0.33333333333333337,0.013333333333333197,1.32,EUR_NOK,28,35,3,long,17
9.0,-0.1300215858512455,0.32723299735070904,-0.7713982606586351,0.5113550889561442,5.0,0.6,0.4000000000000001,-0.18400000000000016,1.3840000000000001,EUR_NOK,28,35,4,long,14
0.0,,,,,1.0,1.0,,,,EUR_NOK,28,20,1,short,1
1.0,1.0,,,,1.0,1.0,,,,EUR_NOK,28,20,2,short,2
2.0,0.0,1.0,-1.96,1.96,2.0,1.0,0.0,1.0,1.0,EUR_NOK,28,20,3,short,4
,,,,,,,,,,EUR_NOK,28,20,4,short,0
9.0,-0.2335145629630535,0.32316936163715426,-0.8669265117718759,0.39989738584576884,5.0,-0.2,0.48989794855663565,-1.1601999791710058,0.7601999791710059,EUR_NOK,28,25,1,short,14
3.0,-1.0,0.0,-1.0,-1.0,2.0,1.0,0.0,1.0,1.0,EUR_NOK,28,25,2,short,5
4.0,0.0,0.5773502691896257,-1.1316065276116665,1.1316065276116665,3.0,1.0,0.0,1.0,1.0,EUR_NOK,28,25,3,short,7
,,,,,,,,,,EUR_NOK,28,25,4,short,0
29.0,-0.1299136285243503,0.17749612543413176,-0.47780603437524855,0.21797877732654797,13.0,-0.6768842487647141,0.20697691107699204,-1.0825589944756184,-0.2712095030538097,EUR_NOK,28,30,1,short,42
14.0,-0.2857142857142857,0.26578871697687523,-0.8066601709889611,0.23523159956038975,6.0,0.0,0.4472135954999579,-0.8765386471799175,0.8765386471799175,EUR_NOK,28,30,2,short,20
9.0,0.5555555555555556,0.2939723678960656,-0.020630285520732983,1.1317413966318441,5.0,0.2,0.48989794855663565,-0.7601999791710059,1.1601999791710058,EUR_NOK,28,30,3,short,14
1.0,-1.0,,,,1.0,1.0,,,,EUR_NOK,28,30,4,short,2
76.0,-0.012705080504827694,0.11110105569270885,-0.23046314966253703,0.20505298865288166,33.0,-0.05980985380091787,0.17285344907033748,-0.39860261397877933,0.2789829063769436,EUR_NOK,28,35,1,short,109
40.0,-0.25,0.15504341823651058,-0.5538850997435607,0.053885099743560705,18.0,-0.2222222222222222,0.23647127470752347,-0.6857059206489682,0.24126147620452376,EUR_NOK,28,35,2,short,58
18.0,0.03982031140442831,0.23606025521875199,-0.42285778882432556,0.5024984116331822,9.0,0.496117418356677,0.28870124311050416,-0.06973701813991118,1.0619718548532653,EUR_NOK,28,35,3,short,27
9.0,-0.4069887594990971,0.30328934071749064,-1.0014358673053787,0.18745834830718455,5.0,0.6,0.4000000000000001,-0.18400000000000016,1.3840000000000001,EUR_NOK,28,35,4,short,14
61.0,-0.016393442622951,0.1290820962952756,-0.26939435136169115,0.23660746611578914,27.0,-0.037037037037037035,0.19598157859737708,-0.4211609310878961,0.347086857013822,USD_ZAR,7,20,1,long,88
37.0,0.02702702702702644,0.16660578386402627,-0.29952030934646506,0.3535743634005179,17.0,0.29411764705882354,0.2389423060187047,-0.17420927273783765,0.7624445668554847,USD_ZAR,7,20,2,long,54
11.0,0.2727272727272727,0.30424000964875475,-0.32358314618428663,0.869037691638832,5.0,-0.6,0.4000000000000001,-1.3840000000000001,0.18400000000000016,USD_ZAR,7,20,3,long,16
7.0,-0.14285714285714285,0.40406101782088427,-0.9348167377860761,0.6491024520717903,3.0,0.3333333333333333,0.6666666666666667,-0.9733333333333336,1.6400000000000001,USD_ZAR,7,20,4,long,10
138.0,-0.04347826086956529,0.08535497543136394,-0.21077401271503862,0.12381749097590802,60.0,-0.16666666666666666,0.1283679973729013,-0.4182679415175532,0.08493460818421991,USD_ZAR,7,25,1,long,198
67.0,0.044776119402984746,0.12296803595091033,-0.1962412310607995,0.28579346986676896,29.0,-0.034482758620689655,0.18886984741557453,-0.4046676595552157,0.3357021423138364,USD_ZAR,7,25,2,long,96
31.0,0.0967741935483871,0.18171724881099016,-0.25939161412115364,0.45294000121792777,14.0,-0.2857142857142857,0.26578871697687523,-0.8066601709889611,0.23523159956038975,USD_ZAR,7,25,3,long,45
14.0,-0.14285714285714285,0.2745054065230065,-0.6808877396422355,0.39517345392794984,6.0,0.0,0.4472135954999579,-0.8765386471799175,0.8765386471799175,USD_ZAR,7,25,4,long,20
230.0,-0.1130434782608696,0.0656582781133896,-0.24173370336311323,0.015646746841374015,100.0,-0.059999999999999894,0.10032271160931838,-0.2566325147542639,0.13663251475426413,USD_ZAR,7,30,1,long,330
111.0,-0.04504504504504524,0.09524947835299245,-0.23173402261691045,0.14164393252681995,48.0,-0.125,0.14472093468524244,-0.4086530319830752,0.15865303198307518,USD_ZAR,7,30,2,long,159
52.0,-0.038461538461538464,0.1399243990594229,-0.31271336061800736,0.2357902836949304,23.0,-0.13043478260869565,0.21137931948017294,-0.5447382487898346,0.2838686835724433,USD_ZAR,7,30,3,long,75
23.0,-0.391304347826087,0.19620037384965786,-0.7758570805714163,-0.006751615080757611,10.0,0.4,0.3055050463303893,-0.19878989080756293,0.998789890807563,USD_ZAR,7,30,4,long,33
340.0,-0.07647058823529418,0.05415350870278726,-0.1826114652927572,0.02967028882216885,147.0,-0.006802721088435302,0.08275867388160844,-0.16900972189638785,0.15540427971951726,USD_ZAR,7,35,1,long,487
157.0,-0.04458598726114663,0.07998445721369184,-0.2013555233999826,0.11218354887768936,68.0,-0.08823529411764723,0.12169294199918697,-0.3267534604360537,0.1502828722007592,USD_ZAR,7,35,2,long,225
76.0,0.05263157894736842,0.11531001210635072,-0.173376044781079,0.2786392026758158,33.0,-0.030303030303030304,0.1766955119650091,-0.37662623375444815,0.3160201731483875,USD_ZAR,7,35,3,long,109
32.0,-0.0625,0.17925416718060672,-0.4138381676739892,0.2888381676739892,15.0,-0.06666666666666667,0.2666666666666666,-0.5893333333333332,0.45599999999999985,USD_ZAR,7,35,4,long,47
67.0,-0.25373134328358227,0.11906328883842768,-0.4870953894069005,-0.02036729716026403,30.0,0.13333333333333333,0.18403731089310746,-0.22737979601715727,0.4940464626838239,USD_ZAR,7,20,1,short,97
34.0,0.17647058823529413,0.17134566617751038,-0.15936691747262619,0.5123080939432144,15.0,0.06666666666666667,0.2666666666666666,-0.45599999999999985,0.5893333333333332,USD_ZAR,7,20,2,short,49
24.0,0.16666666666666666,0.20559798491465375,-0.23630538376605467,0.569638717099388,11.0,0.45454545454545453,0.2816715160878121,-0.09753071698665722,1.0066216260775662,USD_ZAR,7,20,3,short,35
7.0,0.42857142857142855,0.36885555678165877,-0.29438546272062266,1.1515283198634798,4.0,-0.5,0.5,-1.48,0.48,USD_ZAR,7,20,4,short,11
124.0,-0.04838709677419364,0.09006134715260025,-0.22490733719329015,0.12813314364490286,54.0,0.25925925925925924,0.13266389909248674,-0.00076198296201474,0.5192805014805333,USD_ZAR,7,25,1,short,178
74.0,-0.05405405405405406,0.11687003431633058,-0.28311932131406203,0.1750112132059539,32.0,0.0625,0.17925416718060672,-0.2888381676739892,0.4138381676739892,USD_ZAR,7,25,2,short,106
35.0,0.08571428571428572,0.17086742893632048,-0.24918587500090242,0.4206144464294739,16.0,0.5,0.22360679774997896,0.06173067641004126,0.9382693235899587,USD_ZAR,7,25,3,short,51
13.0,0.07692307692307693,0.2878197989826109,-0.48720372908284043,0.6410498829289943,6.0,0.0,0.4472135954999579,-0.8765386471799175,0.8765386471799175,USD_ZAR,7,25,4,short,19
191.0,-0.026178010471204244,0.07252276273396654,-0.16832262542977866,0.11596660448737017,83.0,0.1566265060240964,0.10906856970590224,-0.05714789059947201,0.3704009026476648,USD_ZAR,7,30,1,short,274
115.0,-0.21739130434782608,0.09141869270223424,-0.3965719420442052,-0.038210666651446984,50.0,0.0,0.14285714285714285,-0.27999999999999997,0.27999999999999997,USD_ZAR,7,30,2,short,165
59.0,0.1525423728813561,0.12976974465911467,-0.10180632665050862,0.40689107241322087,26.0,0.23076923076923078,0.19460170216420797,-0.1506501054726168,0.6121885670110784,USD_ZAR,7,30,3,short,85
25.0,-0.12,0.20264912204760885,-0.5171922792133133,0.27719227921331335,12.0,-0.16666666666666666,0.2972941950052816,-0.7493632888770185,0.41602995554368527,USD_ZAR,7,30,4,short,37
271.0,-0.003690036900369043,0.06085764761059276,-0.12297102621713084,0.11559095241639276,117.0,0.19658119658119666,0.09103598346687938,0.01815066898611306,0.37501172417628026,USD_ZAR,7,35,1,short,388
150.0,-0.12,0.0813312061921569,-0.27940916413662753,0.03940916413662754,65.0,-0.015384615384615385,0.12498520622516864,-0.2603556195859459,0.22958638881671514,USD_ZAR,7,35,2,short,215
84.0,0.1666666666666668,0.10822901990531622,-0.045462212347752995,0.3787955456810866,36.0,0.3888888888888889,0.15572553071705222,0.08366684868346652,0.6941109290943113,USD_ZAR,7,35,3,short,120
30.0,0.0,0.18569533817705186,-0.3639628628270216,0.3639628628270216,14.0,-0.14285714285714285,0.2745054065230065,-0.6808877396422355,0.39517345392794984,USD_ZAR,7,35,4,short,44
8.0,0.5,0.32732683535398854,-0.14156059729381754,1.1415605972938176,4.0,1.0,0.0,1.0,1.0,USD_ZAR,14,20,1,long,12
2.0,1.0,0.0,1.0,1.0,1.0,1.0,,,,USD_ZAR,14,20,2,long,3
,,,,,,,,,,USD_ZAR,14,20,3,long,0
,,,,,,,,,,USD_ZAR,14,20,4,long,0
27.0,0.25925925925925924,0.18941048590991066,-0.11198529312416566,0.6305038116426842,12.0,-0.16666666666666666,0.2972941950052816,-0.7493632888770185,0.41602995554368527,USD_ZAR,14,25,1,long,39
14.0,0.2857142857142849,0.2657887169768751,-0.2352315995603903,0.8066601709889601,7.0,-0.42857142857142855,0.36885555678165877,-1.1515283198634798,0.29438546272062266,USD_ZAR,14,25,2,long,21
2.0,1.0,0.0,1.0,1.0,2.0,-1.0,0.0,-1.0,-1.0,USD_ZAR,14,25,3,long,4
4.0,-0.5,0.5,-1.48,0.48,3.0,0.3333333333333333,0.6666666666666667,-0.9733333333333336,1.6400000000000001,USD_ZAR,14,25,4,long,7
72.0,0.02777777777777763,0.11863237065433108,-0.20474166870471128,0.2602972242602665,31.0,-0.0967741935483871,0.18171724881099016,-0.45294000121792777,0.25939161412115364,USD_ZAR,14,30,1,long,103
42.0,0.19047619047618997,0.15331450386113912,-0.11002023709164271,0.49097261804402265,18.0,0.0,0.24253562503633302,-0.4753698250712127,0.4753698250712127,USD_ZAR,14,30,2,long,60
11.0,0.09090909090909091,0.3149183286488867,-0.526330833242727,0.7081490150609089,6.0,-0.3333333333333333,0.421637021355784,-1.15974189519067,0.4930752285240034,USD_ZAR,14,30,3,long,17
9.0,-0.3333333333333333,0.3333333333333333,-0.9866666666666666,0.32,5.0,0.2,0.48989794855663565,-0.7601999791710059,1.1601999791710058,USD_ZAR,14,30,4,long,14
174.0,-0.08045977011494265,0.07578209655546178,-0.22899267936364773,0.06807313913376242,75.0,-0.09333333333333334,0.11574020820698307,-0.32018414141902013,0.13351747475235348,USD_ZAR,14,35,1,long,249
91.0,0.054945054945054576,0.10525002195497711,-0.15134498808670055,0.2612350979768097,40.0,-0.05,0.15992786835609066,-0.36345862197793766,0.2634586219779377,USD_ZAR,14,35,2,long,131
42.0,0.047619047619047616,0.1559965936388461,-0.25813427591309074,0.35337237115118597,18.0,0.1111111111111111,0.24103384202072908,-0.36131521924951787,0.58353744147174,USD_ZAR,14,35,3,long,60
21.0,-0.23809523809523808,0.21717627144745486,-0.6637607301322496,0.1875702539417734,9.0,0.1111111111111111,0.35136418446315326,-0.5775626904366693,0.7997849126588914,USD_ZAR,14,35,4,long,30
11.0,-0.09090909090909091,0.3149183286488867,-0.7081490150609089,0.526330833242727,6.0,0.0,0.4472135954999579,-0.8765386471799175,0.8765386471799175,USD_ZAR,14,20,1,short,17
6.0,-0.3333333333333333,0.421637021355784,-1.15974189519067,0.4930752285240034,3.0,0.3333333333333333,0.6666666666666667,-0.9733333333333336,1.6400000000000001,USD_ZAR,14,20,2,short,9
2.0,0.0,1.0,-1.96,1.96,1.0,1.0,,,,USD_ZAR,14,20,3,short,3
0.0,,,,,1.0,-1.0,,,,USD_ZAR,14,20,4,short,1
32.0,-0.3125,0.17061026611322602,-0.646896121581923,0.021896121581923,15.0,-0.2,0.26186146828319085,-0.7132484778350541,0.313248477835054,USD_ZAR,14,25,1,short,47
18.0,-0.1111111111111111,0.24103384202072908,-0.58353744147174,0.36131521924951787,8.0,-0.5,0.32732683535398854,-1.1415605972938176,0.14156059729381754,USD_ZAR,14,25,2,short,26
9.0,0.1111111111111111,0.35136418446315326,-0.5775626904366693,0.7997849126588914,4.0,1.0,0.0,1.0,1.0,USD_ZAR,14,25,3,short,13
2.0,0.0,1.0,-1.96,1.96,2.0,0.0,1.0,-1.96,1.96,USD_ZAR,14,25,4,short,4
75.0,-0.22666666666666682,0.11322199088171524,-0.4485817687948287,-0.004751564538504949,33.0,0.15151515151515152,0.17473579688895144,-0.1909670103871933,0.4939973134174963,USD_ZAR,14,30,1,short,108
46.0,-0.043478260869565216,0.14893023279611742,-0.33538151714995534,0.24842499541082494,20.0,0.2,0.22478059477960655,-0.2405699657680288,0.6405699657680288,USD_ZAR,14,30,2,short,66
25.0,0.04,0.20396078054371142,-0.3597631298656744,0.43976312986567434,12.0,0.5,0.2611164839335468,-0.011788308509751766,1.0117883085097517,USD_ZAR,14,30,3,short,37
10.0,0.0,0.3333333333333333,-0.6533333333333333,0.6533333333333333,5.0,0.2,0.48989794855663565,-0.7601999791710059,1.1601999791710058,USD_ZAR,14,30,4,short,15
158.0,-0.11392405063291146,0.07928909093112374,-0.269330668857914,0.04148256759209108,68.0,0.23529411764705882,0.11873944120854617,0.0025648128783083424,0.4680234224158093,USD_ZAR,14,35,1,short,226
91.0,-0.2087912087912088,0.10308606065546,-0.4108398876759104,-0.0067425299065072,40.0,0.05,0.15992786835609066,-0.2634586219779377,0.36345862197793766,USD_ZAR,14,35,2,short,131
48.0,0.041666666666666886,0.14573831757778016,-0.24398043578578224,0.327313769119116,21.0,0.3333333333333333,0.21081851067789195,-0.07987094759533492,0.7465376142620015,USD_ZAR,14,35,3,short,69
21.0,-0.04761904761904815,0.22335313142016322,-0.4853911852025681,0.39015308996447173,9.0,-0.1111111111111111,0.35136418446315326,-0.7997849126588914,0.5775626904366693,USD_ZAR,14,35,4,short,30
0.0,,,,,1.0,1.0,,,,USD_ZAR,21,20,1,long,1
0.0,,,,,1.0,1.0,,,,USD_ZAR,21,20,2,long,1
,,,,,,,,,,USD_ZAR,21,20,3,long,0
,,,,,,,,,,USD_ZAR,21,20,4,long,0
5.0,0.2,0.48989794855663565,-0.7601999791710059,1.1601999791710058,3.0,1.0,0.0,1.0,1.0,USD_ZAR,21,25,1,long,8
1.0,-1.0,,,,1.0,1.0,,,,USD_ZAR,21,25,2,long,2
,,,,,,,,,,USD_ZAR,21,25,3,long,0
0.0,,,,,1.0,1.0,,,,USD_ZAR,21,25,4,long,1
24.0,0.25,0.2018932132718121,-0.14571069801275166,0.6457106980127516,11.0,-0.09090909090909091,0.3149183286488867,-0.7081490150609089,0.526330833242727,USD_ZAR,21,30,1,long,35
15.0,0.33333333333333265,0.2519763153394846,-0.1605402447320572,0.8272069113987225,7.0,-0.42857142857142855,0.36885555678165877,-1.1515283198634798,0.29438546272062266,USD_ZAR,21,30,2,long,22
2.0,1.0,0.0,1.0,1.0,2.0,-1.0,0.0,-1.0,-1.0,USD_ZAR,21,30,3,long,4
3.0,-0.3333333333333333,0.6666666666666667,-1.6400000000000001,0.9733333333333336,2.0,1.0,0.0,1.0,1.0,USD_ZAR,21,30,4,long,5
94.0,-0.02127659574468097,0.10367169575016721,-0.2244731194150087,0.18191992792564676,41.0,-0.12195121951219512,0.1569337360209309,-0.42954134211321965,0.1856389030888294,USD_ZAR,21,35,1,long,135
53.0,0.1320754716981126,0.13746020891206467,-0.13734653776953418,0.40149748116575934,23.0,0.043478260869565216,0.21299910806810243,-0.37399999094391556,0.46095651268304594,USD_ZAR,21,35,2,long,76
20.0,0.1,0.22826577307580465,-0.3474009152285771,0.5474009152285771,9.0,-0.3333333333333333,0.3333333333333333,-0.9866666666666666,0.32,USD_ZAR,21,35,3,long,29
14.0,-0.2857142857142857,0.26578871697687523,-0.8066601709889611,0.23523159956038975,6.0,0.6666666666666666,0.33333333333333337,0.013333333333333197,1.32,USD_ZAR,21,35,4,long,20
3.0,-1.0,0.0,-1.0,-1.0,2.0,-1.0,0.0,-1.0,-1.0,USD_ZAR,21,20,1,short,5
0.0,,,,,1.0,-1.0,,,,USD_ZAR,21,20,2,short,1
,,,,,,,,,,USD_ZAR,21,20,3,short,0
,,,,,,,,,,USD_ZAR,21,20,4,short,0
10.0,0.0,0.3333333333333333,-0.6533333333333333,0.6533333333333333,5.0,-1.0,0.0,-1.0,-1.0,USD_ZAR,21,25,1,short,15
4.0,-1.0,0.0,-1.0,-1.0,3.0,0.3333333333333333,0.6666666666666667,-0.9733333333333336,1.6400000000000001,USD_ZAR,21,25,2,short,7
2.0,0.0,1.0,-1.96,1.96,1.0,1.0,,,,USD_ZAR,21,25,3,short,3
0.0,,,,,1.0,-1.0,,,,USD_ZAR,21,25,4,short,1
35.0,-0.14285714285714315,0.1697395787960012,-0.4755467172973056,0.18983243158301924,16.0,-0.25,0.25,-0.74,0.24,USD_ZAR,21,30,1,short,51
20.0,-0.1,0.22826577307580465,-0.5474009152285771,0.3474009152285771,9.0,-0.3333333333333333,0.3333333333333333,-0.9866666666666666,0.32,USD_ZAR,21,30,2,short,29
8.0,0.0,0.3779644730092272,-0.7408103670980853,0.7408103670980853,4.0,0.0,0.5773502691896257,-1.1316065276116665,1.1316065276116665,USD_ZAR,21,30,3,short,12
2.0,1.0,0.0,1.0,1.0,2.0,-1.0,0.0,-1.0,-1.0,USD_ZAR,21,30,4,short,4
91.0,-0.12087912087912099,0.1046363139713238,-0.3259662962629156,0.08420805450467365,40.0,0.2,0.15689290811054724,-0.10751009989667254,0.5075100998966726,USD_ZAR,21,35,1,short,131
51.0,-0.13725490196078433,0.14008291058424904,-0.41181740670591244,0.13730760278434379,23.0,0.043478260869565216,0.2129991080681025,-0.37399999094391567,0.46095651268304605,USD_ZAR,21,35,2,short,74
30.0,0.2,0.18194353045893683,-0.15660931969951614,0.5566093196995161,14.0,0.5714285714285714,0.22760785909019765,0.12531716761178402,1.0175399752453589,USD_ZAR,21,35,3,short,44
13.0,0.07692307692307693,0.2878197989826109,-0.48720372908284043,0.6410498829289943,6.0,0.0,0.4472135954999579,-0.8765386471799175,0.8765386471799175,USD_ZAR,21,35,4,short,19
,,,,,,,,,,USD_ZAR,28,20,1,long,0
,,,,,,,,,,USD_ZAR,28,20,2,long,0
,,,,,,,,,,USD_ZAR,28,20,3,long,0
,,,,,,,,,,USD_ZAR,28,20,4,long,0
2.0,1.0,0.0,1.0,1.0,1.0,1.0,,,,USD_ZAR,28,25,1,long,3
0.0,,,,,1.0,1.0,,,,USD_ZAR,28,25,2,long,1
,,,,,,,,,,USD_ZAR,28,25,3,long,0
,,,,,,,,,,USD_ZAR,28,25,4,long,0
9.0,0.5555555555555556,0.2939723678960656,-0.020630285520732983,1.1317413966318441,4.0,0.0,0.5773502691896257,-1.1316065276116665,1.1316065276116665,USD_ZAR,28,30,1,long,13
3.0,0.3333333333333333,0.6666666666666667,-0.9733333333333336,1.6400000000000001,2.0,0.0,1.0,-1.96,1.96,USD_ZAR,28,30,2,long,5
,,,,,,,,,,USD_ZAR,28,30,3,long,0
0.0,,,,,1.0,1.0,,,,USD_ZAR,28,30,4,long,1
51.0,0.09803921568627451,0.14074006623471658,-0.17781131413377,0.373889745506319,23.0,-0.13043478260869565,0.21137931948017294,-0.5447382487898346,0.2838686835724433,USD_ZAR,28,35,1,long,74
28.0,0.14285714285714246,0.1904761904761904,-0.23047619047619072,0.5161904761904756,12.0,0.16666666666666666,0.2972941950052816,-0.41602995554368527,0.7493632888770185,USD_ZAR,28,35,2,long,40
7.0,0.42857142857142855,0.36885555678165877,-0.29438546272062266,1.1515283198634798,4.0,-0.5,0.5,-1.48,0.48,USD_ZAR,28,35,3,long,11
8.0,-0.25,0.3659625273556999,-0.9672865536171718,0.46728655361717175,4.0,0.0,0.5773502691896257,-1.1316065276116665,1.1316065276116665,USD_ZAR,28,35,4,long,12
,,,,,,,,,,USD_ZAR,28,20,1,short,0
,,,,,,,,,,USD_ZAR,28,20,2,short,0
,,,,,,,,,,USD_ZAR,28,20,3,short,0
,,,,,,,,,,USD_ZAR,28,20,4,short,0
4.0,-0.5,0.5,-1.48,0.48,3.0,-1.0,0.0,-1.0,-1.0,USD_ZAR,28,25,1,short,7
2.0,0.0,1.0,-1.96,1.96,1.0,-1.0,,,,USD_ZAR,28,25,2,short,3
0.0,,,,,1.0,1.0,,,,USD_ZAR,28,25,3,short,1
0.0,,,,,1.0,-1.0,,,,USD_ZAR,28,25,4,short,1
14.0,0.0,0.2773500981126146,-0.5436061923007246,0.5436061923007246,6.0,-0.6666666666666666,0.33333333333333337,-1.32,-0.013333333333333197,USD_ZAR,28,30,1,short,20
5.0,0.2,0.48989794855663565,-0.7601999791710059,1.1601999791710058,3.0,-0.3333333333333333,0.6666666666666667,-1.6400000000000001,0.9733333333333336,USD_ZAR,28,30,2,short,8
4.0,0.5,0.5,-0.48,1.48,3.0,0.3333333333333333,0.6666666666666667,-0.9733333333333336,1.6400000000000001,USD_ZAR,28,30,3,short,7
1.0,1.0,,,,1.0,-1.0,,,,USD_ZAR,28,30,4,short,2
61.0,-0.1147540983606559,0.1282466046925111,-0.36611744355797765,0.1366092468366658,27.0,0.1111111111111111,0.19490178206822872,-0.2708963817426172,0.4931186039648394,USD_ZAR,28,35,1,short,88
35.0,-0.08571428571428572,0.17086742893632048,-0.4206144464294739,0.24918587500090242,16.0,-0.125,0.25617376914899,-0.6271005875320204,0.37710058753202036,USD_ZAR,28,35,2,short,51
16.0,0.25,0.25,-0.24,0.74,8.0,0.5,0.32732683535398854,-0.14156059729381754,1.1415605972938176,USD_ZAR,28,35,3,short,24
7.0,0.14285714285714285,0.40406101782088427,-0.6491024520717903,0.9348167377860761,4.0,0.0,0.5773502691896257,-1.1316065276116665,1.1316065276116665,USD_ZAR,28,35,4,short,11
52.0,0.26923076923076944,0.13485757141019214,0.004909929266792845,0.5335516091947461,23.0,-0.13043478260869565,0.21137931948017294,-0.5447382487898346,0.2838686835724433,USD_NOK,7,20,1,long,75
37.0,0.1891891891891889,0.16365677589716165,-0.13157809156924796,0.5099564699476258,16.0,0.25,0.25,-0.24,0.74,USD_NOK,7,20,2,long,53
18.0,0.1111111111111105,0.24103384202072894,-0.3613152192495182,0.5835374414717391,9.0,0.1111111111111111,0.35136418446315326,-0.5775626904366693,0.7997849126588914,USD_NOK,7,20,3,long,27
5.0,0.2,0.48989794855663565,-0.7601999791710059,1.1601999791710058,3.0,0.3333333333333333,0.6666666666666667,-0.9733333333333336,1.6400000000000001,USD_NOK,7,20,4,long,8
118.0,0.18644067796610186,0.09082903417723169,0.008415770978727755,0.364465584953476,52.0,0.11538461538461539,0.13909274593315912,-0.1572371666443765,0.3880063974136073,USD_NOK,7,25,1,long,170
70.0,0.14285714285714254,0.11915109374689985,-0.09067900088678116,0.37639328660106625,30.0,-0.26666666666666666,0.17897109079679924,-0.6174500046283932,0.08411667129505984,USD_NOK,7,25,2,long,100
36.0,-0.11111111111111141,0.16798421022632315,-0.44036016315470483,0.21813794093248198,16.0,0.25,0.25,-0.24,0.74,USD_NOK,7,25,3,long,52
11.0,0.09090909090909091,0.3149183286488867,-0.526330833242727,0.7081490150609089,6.0,-0.3333333333333333,0.421637021355784,-1.15974189519067,0.4930752285240034,USD_NOK,7,25,4,long,17
190.0,0.12631578947368433,0.07215666088961459,-0.015111265869960255,0.2677428448173289,82.0,0.07317073170731707,0.11081326992011314,-0.1440232773361047,0.2903647407507388,USD_NOK,7,30,1,long,272
102.0,0.0588235294117645,0.09933141807957062,-0.1358660500241939,0.25351310884772293,45.0,-0.022222222222222223,0.1507184440694504,-0.317630372598345,0.2731859281539006,USD_NOK,7,30,2,long,147
49.0,0.061224489795918144,0.144066793092159,-0.22114642466471346,0.3435954042565498,22.0,0.18181818181818182,0.21458067067348446,-0.2387599327018477,0.6023962963382113,USD_NOK,7,30,3,long,71
23.0,-0.043478260869565216,0.21299910806810243,-0.46095651268304594,0.37399999094391556,11.0,-0.2727272727272727,0.30424000964875475,-0.869037691638832,0.32358314618428663,USD_NOK,7,30,4,long,34
294.0,0.1224489795918368,0.0579809974577972,0.00880622457455428,0.2360917346091193,127.0,0.03937007874015748,0.08901801123707002,-0.13510522328449975,0.21384538076481474,USD_NOK,7,35,1,long,421
149.0,0.03355704697986556,0.08215319920231721,-0.12746322345667618,0.1945773174164073,64.0,-0.03125,0.1259266249883335,-0.27806618497713365,0.21556618497713367,USD_NOK,7,35,2,long,213
62.0,0.09677419354838693,0.12743592124665862,-0.15300021209506395,0.3465485991918378,27.0,0.18518518518518517,0.1927240401742195,-0.19255393355628508,0.5629243039266554,USD_NOK,7,35,3,long,89
35.0,-0.14285714285714285,0.16973957879600132,-0.4755467172973054,0.1898324315830197,16.0,0.0,0.2581988897471611,-0.5060698239044358,0.5060698239044358,USD_NOK,7,35,4,long,51
67.0,-0.22388059701492538,0.11996700798238684,-0.4590159326604036,0.011254738630552819,30.0,-0.06666666666666667,0.1852822223412403,-0.42981982245549766,0.29648648912216435,USD_NOK,7,20,1,short,97
37.0,-0.056173496644971524,0.16414625225125798,-0.37790015105743713,0.2655531577674941,16.0,0.0,0.2581988897471611,-0.5060698239044358,0.5060698239044358,USD_NOK,7,20,2,short,53
23.0,0.4782608695652174,0.18723666849528872,0.11127699931445151,0.8452447398159832,10.0,-0.2,0.3265986323710904,-0.840133319447337,0.4401333194473371,USD_NOK,7,20,3,short,33
8.0,1.3877787807814457e-15,0.3779644730092277,-0.7408103670980848,0.7408103670980877,4.0,-1.0,0.0,-1.0,-1.0,USD_NOK,7,20,4,short,12
133.0,-0.08270676691729331,0.08674062654389776,-0.2527183949433329,0.0873048611087463,57.0,0.12280701754385964,0.13261911333657098,-0.13712644459581946,0.38274047968353875,USD_NOK,7,25,1,short,190
66.0,-0.0466427178161204,0.1229612895594647,-0.2876468453526712,0.19436140972043042,29.0,0.1724137931034483,0.1861521539674008,-0.19244442867265732,0.5372720148795539,USD_NOK,7,25,2,short,95
40.0,0.3679306976228467,0.14690185134288797,0.0800030689907863,0.6558583262549071,18.0,0.1111111111111111,0.24103384202072908,-0.36131521924951787,0.58353744147174,USD_NOK,7,25,3,short,58
18.0,-0.1111111111111105,0.24103384202072925,-0.5835374414717398,0.3613152192495188,8.0,-0.75,0.25,-1.24,-0.26,USD_NOK,7,25,4,short,26
202.0,-0.049504950495049556,0.07044807762584109,-0.18758318264169807,0.08857328165159897,87.0,0.05747126436781609,0.1076545429847501,-0.15353163988229412,0.2684741686179263,USD_NOK,7,30,1,short,289
107.0,-0.07183071375700292,0.09613546759444325,-0.2602562302421117,0.11659480272810585,46.0,0.0,0.14907119849998599,-0.2921795490599725,0.2921795490599725,USD_NOK,7,30,2,short,153
66.0,0.25329133189263436,0.1190929502572351,0.019869149388453577,0.48671351439681515,29.0,-0.10344827586206896,0.18796831555013707,-0.4718661743403376,0.2649696226161997,USD_NOK,7,30,3,short,95
28.0,-0.1428571428571425,0.19047619047619058,-0.516190476190476,0.23047619047619103,12.0,-0.6666666666666666,0.22473328748774735,-1.1071439101426515,-0.22618942319068186,USD_NOK,7,30,4,short,40
289.0,-0.0034602076124567857,0.05892521233884568,-0.11895362379659431,0.11203320857168074,124.0,0.016129032258064516,0.0901552344307955,-0.16057522722629464,0.1928332917424237,USD_NOK,7,35,1,short,413
154.0,0.034507231350653825,0.08036917999463947,-0.12301636143883952,0.19203082414014716,67.0,0.014925373134328358,0.12307777986918389,-0.22630707540927208,0.2561578216779288,USD_NOK,7,35,2,short,221
87.0,0.11169227476912491,0.10658273694194081,-0.09720988963707908,0.3205944391753289,38.0,-0.2631578947368421,0.15860437968439664,-0.5740224789182595,0.047706689444575345,USD_NOK,7,35,3,short,125
39.0,-0.025641025641025366,0.16216808513684,-0.34349047250923176,0.292208421227181,18.0,-0.3333333333333333,0.2286647801900118,-0.7815163025057564,0.1148496358390898,USD_NOK,7,35,4,short,57
5.0,0.6,0.4,-0.18400000000000005,1.384,3.0,0.3333333333333333,0.6666666666666667,-0.9733333333333336,1.6400000000000001,USD_NOK,14,20,1,long,8
4.0,0.0,0.5773502691896257,-1.1316065276116665,1.1316065276116665,2.0,0.0,1.0,-1.96,1.96,USD_NOK,14,20,2,long,6
1.0,1.0,,,,1.0,-1.0,,,,USD_NOK,14,20,3,long,2
1.0,-1.0,,,,1.0,1.0,,,,USD_NOK,14,20,4,long,2
26.0,0.3076923076923081,0.1902971827208152,-0.06529017044048968,0.6806747858251059,12.0,-0.3333333333333333,0.28426762180748055,-0.8904978720759953,0.2238312054093286,USD_NOK,14,25,1,long,38
18.0,-0.1111111111111117,0.24103384202072894,-0.5835374414717404,0.361315219249517,8.0,-0.25,0.3659625273556999,-0.9672865536171718,0.46728655361717175,USD_NOK,14,25,2,long,26
10.0,0.1999999999999989,0.32659863237109016,-0.44013331944733775,0.8401333194473355,5.0,-0.2,0.48989794855663565,-1.1601999791710058,0.7601999791710059,USD_NOK,14,25,3,long,15
2.0,0.0,1.0,-1.96,1.96,2.0,-1.0,0.0,-1.0,-1.0,USD_NOK,14,25,4,long,4
70.0,0.17142857142857174,0.11860372729790548,-0.061034734075323005,0.4038918769324665,31.0,0.03225806451612903,0.1824791693384639,-0.32540110738726025,0.38991723641951825,USD_NOK,14,30,1,long,101
39.0,-0.025641025641025925,0.16216808513683992,-0.34349047250923215,0.29220842122718027,17.0,0.058823529411764705,0.2495670992423109,-0.43032798510316467,0.547975043926694,USD_NOK,14,30,2,long,56
20.0,-5.551115123125783e-16,0.22941573387056158,-0.4496548383863012,0.4496548383863001,9.0,-0.1111111111111111,0.35136418446315326,-0.7997849126588914,0.5775626904366693,USD_NOK,14,30,3,long,29
7.0,-0.42857142857142855,0.36885555678165877,-1.1515283198634798,0.29438546272062266,3.0,-0.3333333333333333,0.6666666666666667,-1.6400000000000001,0.9733333333333336,USD_NOK,14,30,4,long,10
152.0,0.1842105263157896,0.07998619425554944,0.027437585574912715,0.3409834670566665,66.0,0.030303030303030304,0.12397777259557788,-0.21269340398430234,0.2732994645903629,USD_NOK,14,35,1,long,218
82.0,0.1463414634146339,0.10991490401448913,-0.06909174845376478,0.36177467528303253,36.0,0.05555555555555555,0.16876979928266733,-0.2752332510384724,0.38634436214958356,USD_NOK,14,35,2,long,118
42.0,0.04761904761904735,0.1559965936388461,-0.258134275913091,0.3533723711511857,19.0,0.05263157894736842,0.2353755765789252,-0.40870455114732496,0.5139677090420618,USD_NOK,14,35,3,long,61
15.0,-0.06666666666666667,0.2666666666666666,-0.5893333333333332,0.45599999999999985,7.0,-0.14285714285714285,0.40406101782088427,-0.9348167377860761,0.6491024520717903,USD_NOK,14,35,4,long,22
10.0,-0.2,0.3265986323710904,-0.840133319447337,0.4401333194473371,5.0,0.2,0.48989794855663565,-0.7601999791710059,1.1601999791710058,USD_NOK,14,20,1,short,15
4.0,-0.5,0.5,-1.48,0.48,2.0,0.0,1.0,-1.96,1.96,USD_NOK,14,20,2,short,6
4.0,0.0,0.5773502691896257,-1.1316065276116665,1.1316065276116665,3.0,1.0,0.0,1.0,1.0,USD_NOK,14,20,3,short,7
,,,,,,,,,,USD_NOK,14,20,4,short,0
24.0,-0.25,0.2018932132718121,-0.6457106980127516,0.14571069801275166,11.0,-0.45454545454545453,0.2816715160878121,-1.0066216260775662,0.09753071698665722,USD_NOK,14,25,1,short,35
18.0,-0.28213440977021925,0.22559545568402,-0.7243015029108985,0.16003268337045995,9.0,-0.3333333333333333,0.3333333333333333,-0.9866666666666666,0.32,USD_NOK,14,25,2,short,27
9.0,0.5555555555555556,0.2939723678960656,-0.020630285520732983,1.1317413966318441,5.0,-0.2,0.48989794855663565,-1.1601999791710058,0.7601999791710059,USD_NOK,14,25,3,short,14
3.0,-1.0,0.0,-1.0,-1.0,2.0,-1.0,0.0,-1.0,-1.0,USD_NOK,14,25,4,short,5
81.0,-0.1851851851851853,0.10986960721623201,-0.40052961532900005,0.030159244958629428,35.0,0.08571428571428572,0.17086742893632048,-0.24918587500090242,0.4206144464294739,USD_NOK,14,30,1,short,116
41.0,-0.24581510672838894,0.15127249251014332,-0.5423091920482699,0.05067897859149198,18.0,-0.1111111111111111,0.24103384202072908,-0.58353744147174,0.36131521924951787,USD_NOK,14,30,2,short,59
25.0,0.44,0.18330302779823363,0.08072606551546208,0.7992739344845379,12.0,0.16666666666666666,0.2972941950052816,-0.41602995554368527,0.7493632888770185,USD_NOK,14,30,3,short,37
11.0,-0.2727272727272727,0.30424000964875475,-0.869037691638832,0.32358314618428663,5.0,-1.0,0.0,-1.0,-1.0,USD_NOK,14,30,4,short,16
160.0,-0.10000000000000006,0.07890763647670371,-0.25465896749433936,0.05465896749433921,69.0,0.043478260869565216,0.12115313843812803,-0.19398189046916572,0.2809384122082962,USD_NOK,14,35,1,short,229
84.0,-0.012838325903142215,0.10910388688035595,-0.22668194418863988,0.20100529238235545,36.0,0.05555555555555555,0.16876979928266733,-0.2752332510384724,0.38634436214958356,USD_NOK,14,35,2,short,120
46.0,0.17391304347826086,0.14679950448812287,-0.11381398531845999,0.4616400722749817,21.0,-0.047619047619047616,0.22335313142016333,-0.48539118520256774,0.3901530899644725,USD_NOK,14,35,3,short,67
21.0,-0.14285714285714232,0.22131333406899537,-0.5766312776323732,0.2909169919180886,9.0,-0.7777777777777778,0.2222222222222222,-1.2133333333333334,-0.34222222222222226,USD_NOK,14,35,4,short,30
1.0,1.0,,,,1.0,1.0,,,,USD_NOK,21,20,1,long,2
,,,,,,,,,,USD_NOK,21,20,2,long,0
0.0,,,,,1.0,-1.0,,,,USD_NOK,21,20,3,long,1
,,,,,,,,,,USD_NOK,21,20,4,long,0
8.0,0.5,0.32732683535398854,-0.14156059729381754,1.1415605972938176,4.0,0.5,0.5,-0.48,1.48,USD_NOK,21,25,1,long,12
5.0,-0.2,0.48989794855663565,-1.1601999791710058,0.7601999791710059,3.0,-1.0,0.0,-1.0,-1.0,USD_NOK,21,25,2,long,8
1.0,-1.0,,,,1.0,-1.0,,,,USD_NOK,21,25,3,long,2
1.0,-1.0,,,,1.0,1.0,,,,USD_NOK,21,25,4,long,2
32.0,0.0,0.17960530202677488,-0.35202639197247876,0.35202639197247876,14.0,-0.14285714285714285,0.2745054065230065,-0.6808877396422355,0.39517345392794984,USD_NOK,21,30,1,long,46
18.0,-0.2222222222222222,0.23647127470752347,-0.6857059206489682,0.24126147620452376,8.0,-0.25,0.3659625273556999,-0.9672865536171718,0.46728655361717175,USD_NOK,21,30,2,long,26
11.0,0.0909090909090899,0.3149183286488865,-0.5263308332427277,0.7081490150609075,5.0,-0.2,0.48989794855663565,-1.1601999791710058,0.7601999791710059,USD_NOK,21,30,3,long,16
4.0,0.0,0.5773502691896257,-1.1316065276116665,1.1316065276116665,2.0,0.0,1.0,-1.96,1.96,USD_NOK,21,30,4,long,6
79.0,0.16455696202531672,0.11168413599953007,-0.054343944533762206,0.3834578685843957,34.0,0.0,0.17407765595569782,-0.3411922056731677,0.3411922056731677,USD_NOK,21,35,1,long,113
49.0,0.14285714285714263,0.14285714285714282,-0.1371428571428573,0.42285714285714254,22.0,0.0,0.21821789023599236,-0.427707064862545,0.427707064862545,USD_NOK,21,35,2,long,71
23.0,0.04347826086956474,0.21299910806810243,-0.373999990943916,0.4609565126830455,11.0,-0.2727272727272727,0.30424000964875475,-0.869037691638832,0.32358314618428663,USD_NOK,21,35,3,long,34
8.0,-0.5,0.32732683535398854,-1.1415605972938176,0.14156059729381754,4.0,-0.5,0.5,-1.48,0.48,USD_NOK,21,35,4,long,12
2.0,-1.0,0.0,-1.0,-1.0,2.0,0.0,1.0,-1.96,1.96,USD_NOK,21,20,1,short,4
1.0,1.0,,,,1.0,-1.0,,,,USD_NOK,21,20,2,short,2
2.0,-1.0,0.0,-1.0,-1.0,2.0,1.0,0.0,1.0,1.0,USD_NOK,21,20,3,short,4
,,,,,,,,,,USD_NOK,21,20,4,short,0
9.0,-0.1111111111111111,0.35136418446315326,-0.7997849126588914,0.5775626904366693,4.0,0.5,0.5,-0.48,1.48,USD_NOK,21,25,1,short,13
5.0,-0.2,0.48989794855663565,-1.1601999791710058,0.7601999791710059,3.0,-0.3333333333333333,0.6666666666666667,-1.6400000000000001,0.9733333333333336,USD_NOK,21,25,2,short,8
4.0,0.0,0.5773502691896257,-1.1316065276116665,1.1316065276116665,3.0,1.0,0.0,1.0,1.0,USD_NOK,21,25,3,short,7
0.0,,,,,1.0,-1.0,,,,USD_NOK,21,25,4,short,1
32.0,-0.375,0.16649857114566596,-0.7013371994455053,-0.048662800554494734,14.0,-0.42857142857142855,0.25058800551629407,-0.9197239193833648,0.0625810622405078,USD_NOK,21,30,1,short,46
20.0,-0.4539209687931973,0.19791854172538942,-0.8418413105749606,-0.06600062701143405,9.0,-0.1111111111111111,0.35136418446315326,-0.7997849126588914,0.5775626904366693,USD_NOK,21,30,2,short,29
10.0,0.4,0.3055050463303893,-0.19878989080756293,0.998789890807563,5.0,-0.2,0.48989794855663565,-1.1601999791710058,0.7601999791710059,USD_NOK,21,30,3,short,15
4.0,-1.0,0.0,-1.0,-1.0,2.0,-1.0,0.0,-1.0,-1.0,USD_NOK,21,30,4,short,6
100.0,-0.16000000000000011,0.09920899274977166,-0.3544496257895525,0.034449625789552324,43.0,0.023255813953488372,0.15426161815606512,-0.2790969576323993,0.325608585539376,USD_NOK,21,35,1,short,143
51.0,-0.1976160661934107,0.13721957787487507,-0.46656643882816584,0.07133430644134442,22.0,0.0,0.21821789023599236,-0.427707064862545,0.427707064862545,USD_NOK,21,35,2,short,73
28.0,0.21428571428571427,0.18797967114804776,-0.15415444116445934,0.5827258697358879,13.0,-0.07692307692307693,0.2878197989826109,-0.6410498829289943,0.48720372908284043,USD_NOK,21,35,3,short,41
12.0,-0.3333333333333333,0.2842676218074806,-0.8904978720759953,0.22383120540932872,6.0,-1.0,0.0,-1.0,-1.0,USD_NOK,21,35,4,short,18
,,,,,,,,,,USD_NOK,28,20,1,long,0
,,,,,,,,,,USD_NOK,28,20,2,long,0
,,,,,,,,,,USD_NOK,28,20,3,long,0
,,,,,,,,,,USD_NOK,28,20,4,long,0
2.0,0.0,1.0,-1.96,1.96,1.0,1.0,,,,USD_NOK,28,25,1,long,3
1.0,-1.0,,,,1.0,-1.0,,,,USD_NOK,28,25,2,long,2
0.0,,,,,1.0,-1.0,,,,USD_NOK,28,25,3,long,1
,,,,,,,,,,USD_NOK,28,25,4,long,0
14.0,0.42857142857142855,0.25058800551629407,-0.0625810622405078,0.9197239193833648,6.0,-0.3333333333333333,0.421637021355784,-1.15974189519067,0.4930752285240034,USD_NOK,28,30,1,long,20
9.0,-0.5555555555555556,0.2939723678960656,-1.1317413966318441,0.020630285520732983,4.0,-0.5,0.5,-1.48,0.48,USD_NOK,28,30,2,long,13
4.0,-0.5,0.5,-1.48,0.48,2.0,-1.0,0.0,-1.0,-1.0,USD_NOK,28,30,3,long,6
1.0,-1.0,,,,1.0,1.0,,,,USD_NOK,28,30,4,long,2
53.0,0.09433962264150983,0.1380565683668403,-0.17625125135749717,0.3649304966405168,23.0,0.043478260869565216,0.21299910806810243,-0.37399999094391556,0.46095651268304594,USD_NOK,28,35,1,long,76
30.0,0.0,0.18569533817705186,-0.3639628628270216,0.3639628628270216,13.0,-0.23076923076923078,0.2808833628231621,-0.7813006219026286,0.319762160364167,USD_NOK,28,35,2,long,43
17.0,-0.05882352941176536,0.2495670992423107,-0.5479750439266944,0.4303279851031636,8.0,0.0,0.3779644730092272,-0.7408103670980853,0.7408103670980853,USD_NOK,28,35,3,long,25
6.0,-0.3333333333333333,0.421637021355784,-1.15974189519067,0.4930752285240034,3.0,-0.3333333333333333,0.6666666666666667,-1.6400000000000001,0.9733333333333336,USD_NOK,28,35,4,long,9
,,,,,,,,,,USD_NOK,28,20,1,short,0
,,,,,,,,,,USD_NOK,28,20,2,short,0
0.0,,,,,1.0,1.0,,,,USD_NOK,28,20,3,short,1
,,,,,,,,,,USD_NOK,28,20,4,short,0
4.0,-0.5,0.5,-1.48,0.48,3.0,-0.3333333333333333,0.6666666666666667,-1.6400000000000001,0.9733333333333336,USD_NOK,28,25,1,short,7
2.0,1.0,0.0,1.0,1.0,1.0,-1.0,,,,USD_NOK,28,25,2,short,3
2.0,-1.0,0.0,-1.0,-1.0,2.0,1.0,0.0,1.0,1.0,USD_NOK,28,25,3,short,4
,,,,,,,,,,USD_NOK,28,25,4,short,0
12.0,-0.16666666666666666,0.2972941950052816,-0.7493632888770185,0.41602995554368527,6.0,0.0,0.4472135954999579,-0.8765386471799175,0.8765386471799175,USD_NOK,28,30,1,short,18
9.0,-0.5555555555555556,0.2939723678960656,-1.1317413966318441,0.020630285520732983,4.0,-0.5,0.5,-1.48,0.48,USD_NOK,28,30,2,short,13
7.0,-0.14285714285714285,0.40406101782088427,-0.9348167377860761,0.6491024520717903,3.0,0.3333333333333333,0.6666666666666667,-0.9733333333333336,1.6400000000000001,USD_NOK,28,30,3,short,10
1.0,-1.0,,,,1.0,-1.0,,,,USD_NOK,28,30,4,short,2
58.0,-0.24137931034482776,0.12853670569601283,-0.49331125350901295,0.010552632819357394,25.0,-0.12,0.20264912204760885,-0.5171922792133133,0.27719227921331335,USD_NOK,28,35,1,short,83
32.0,-0.2837006054957483,0.16929227840886563,-0.615513471177125,0.04811226018562831,15.0,-0.3333333333333333,0.25197631533948484,-0.8272069113987236,0.16054024473205697,USD_NOK,28,35,2,short,47
17.0,0.17647058823529413,0.24607647839237515,-0.30583930941376114,0.6587804858843495,8.0,0.0,0.3779644730092272,-0.7408103670980853,0.7408103670980853,USD_NOK,28,35,3,short,25
8.0,-0.5,0.32732683535398854,-1.1415605972938176,0.14156059729381754,4.0,-1.0,0.0,-1.0,-1.0,USD_NOK,28,35,4,short,12
