tr_n,tr_mean_r,tr_se_r,tr_ci_low_r,tr_ci_high_r,te_n,te_mean_r,te_se_r,te_ci_low_r,te_ci_high_r,pair,period,threshold,trigger,direction,total_n
44.0,-0.11628444430749303,0.14973303358166468,-0.4097611901275558,0.17719230151256976,20.0,0.3,0.2188486619609662,-0.12894337744349377,0.7289433774434937,EUR_USD,14,20,adx_cross,long,64
40.0,0.006537645613391496,0.15206113699207172,-0.29150218289106905,0.304577474117852,18.0,0.0,0.24253562503633302,-0.4753698250712127,0.4753698250712127,EUR_USD,14,20,adx_cross,short,58
50.0,-0.10140857462411215,0.13639523350119936,-0.3687432322864629,0.1659260830382386,22.0,0.09090909090909091,0.21731429260625335,-0.33502692259916567,0.5168451044173474,EUR_USD,14,20,di_cross_with_adx,long,72
53.0,-0.09382247032681272,0.1342584648103836,-0.35696906135516454,0.16932412070153907,24.0,0.1490822119831381,0.20323756690349046,-0.24926341914770322,0.5474278431139794,EUR_USD,14,20,di_cross_with_adx,short,77
45.0,-0.15555555555555556,0.1489205454059161,-0.4474398245511511,0.13632871344004,20.0,-0.02214338150986108,0.21902178791953777,-0.4514260858321551,0.407139322812433,EUR_USD,14,25,adx_cross,long,65
42.0,0.16296936053457908,0.14840825889407336,-0.12791082689780467,0.45384954796696286,18.0,-0.16888686445048032,0.2321270441283642,-0.6238558709420742,0.2860821420411135,EUR_USD,14,25,adx_cross,short,60
25.0,-0.0714469691580344,0.19661682784349524,-0.45681595173128503,0.31392201341521625,11.0,0.2727272727272727,0.30424000964875475,-0.32358314618428663,0.869037691638832,EUR_USD,14,25,di_cross_with_adx,long,36
24.0,-0.18663457418079968,0.19534891067250307,-0.5695184390989056,0.19624929073730632,11.0,0.05254300796321037,0.3060553195010877,-0.5473254182589216,0.6524114341853422,EUR_USD,14,25,di_cross_with_adx,short,35
39.0,0.03517227400247767,0.15248642899505518,-0.2637011268278305,0.33404567483278585,17.0,-0.2373389606582028,0.23220039134288842,-0.6924517276902641,0.21777380637385846,EUR_USD,14,30,adx_cross,long,56
39.0,-0.004885673104214098,0.15831593375185946,-0.31518490325785864,0.3054135570494304,18.0,-0.20915124147567374,0.22455531589494554,-0.6492796606297669,0.2309771776784195,EUR_USD,14,30,adx_cross,short,57
10.0,-0.4786174228950861,0.2588817094694146,-0.9860255734551386,0.028790727664966542,5.0,0.2,0.48989794855663565,-0.7601999791710059,1.1601999791710058,EUR_USD,14,30,di_cross_with_adx,long,15
11.0,-0.09090909090909091,0.3149183286488867,-0.7081490150609089,0.526330833242727,6.0,0.5963288479325524,0.3266192646249896,-0.043844910732427245,1.236502606597532,EUR_USD,14,30,di_cross_with_adx,short,17
35.0,0.11497836119740726,0.16787822437672428,-0.21406295858097232,0.4440196809757868,16.0,0.27540809699317526,0.24271565371977705,-0.20031458429758775,0.7511307782839383,EUR_USD,20,20,adx_cross,long,51
33.0,0.26913166226884305,0.1568815123557895,-0.03835610194850436,0.5766194264861905,15.0,-0.2,0.26186146828319085,-0.7132484778350541,0.313248477835054,EUR_USD,20,20,adx_cross,short,48
29.0,0.2876275041288253,0.17424762587792508,-0.05389784259190783,0.6291528508495585,13.0,0.07692307692307693,0.2878197989826109,-0.48720372908284043,0.6410498829289943,EUR_USD,20,20,di_cross_with_adx,long,42
23.0,-0.20469601369484264,0.2063113137492861,-0.6090661886434434,0.1996741612537581,10.0,0.05447220682007374,0.3193327380304981,-0.5714199597197026,0.68036437335985,EUR_USD,20,20,di_cross_with_adx,short,33
25.0,-0.34615311459819376,0.18899709613439677,-0.7165874230216114,0.024281193825223923,12.0,-0.2299101659478714,0.2704684763609978,-0.760028379615427,0.30020804771968423,EUR_USD,20,25,adx_cross,long,37
22.0,0.009060684132164532,0.20143693324641646,-0.3857557050308117,0.4038770732951408,10.0,0.25004280220271624,0.30955807446246525,-0.35669102374371564,0.8567766281491481,EUR_USD,20,25,adx_cross,short,32
11.0,0.34938171540559165,0.27730101965505105,-0.19412828311830838,0.8928917139294916,5.0,0.2,0.48989794855663565,-0.7601999791710059,1.1601999791710058,EUR_USD,20,25,di_cross_with_adx,long,16
7.0,-0.14285714285714285,0.40406101782088427,-0.9348167377860761,0.6491024520717903,3.0,0.3333333333333333,0.6666666666666667,-0.9733333333333336,1.6400000000000001,EUR_USD,20,25,di_cross_with_adx,short,10
18.0,0.21682429051626712,0.22427330216959115,-0.22275138173613152,0.6563999627686657,8.0,-0.06507127668343189,0.332458492519686,-0.7166899220220165,0.5865473686551527,EUR_USD,20,30,adx_cross,long,26
18.0,-0.4025539159594042,0.19633640164344665,-0.7873732631805597,-0.0177345687382488,8.0,0.10095625506321301,0.3360193588229013,-0.5576416882296735,0.7595541983560996,EUR_USD,20,30,adx_cross,short,26
4.0,0.16967297977544604,0.4990059454043758,-0.8083786732171305,1.1477246327680226,2.0,0.0,1.0,-1.96,1.96,EUR_USD,20,30,di_cross_with_adx,long,6
4.0,0.0,0.5773502691896257,-1.1316065276116665,1.1316065276116665,3.0,0.3333333333333333,0.6666666666666667,-0.9733333333333336,1.6400000000000001,EUR_USD,20,30,di_cross_with_adx,short,7
51.0,-0.09766793590126842,0.1369819986231645,-0.3661526532026709,0.170816781400134,23.0,-0.094619793495399,0.20513705009835834,-0.49668841168818134,0.3074488246973833,GBP_USD,14,20,adx_cross,long,74
43.0,0.28346484154245427,0.14615895511548055,-0.00300671048388762,0.5699363935687962,19.0,-0.1725729857824793,0.22912340628584707,-0.6216548621027396,0.27650889053778094,GBP_USD,14,20,adx_cross,short,62
56.0,-0.19258685524417227,0.13024713101679028,-0.44787123203708123,0.06269752154873667,24.0,-0.3333333333333333,0.19658927487319622,-0.718648312084798,0.05198164541813127,GBP_USD,14,20,di_cross_with_adx,long,80
46.0,0.17391304347826086,0.1467995044881229,-0.11381398531846004,0.46164007227498177,21.0,0.1775944613146343,0.21497975225138563,-0.24376585309808152,0.5989547757273501,GBP_USD,14,20,di_cross_with_adx,short,67
39.0,-0.23076923076923078,0.157842823397716,-0.5401411646287542,0.07860270309029255,18.0,0.5693262788529605,0.1957999477820993,0.18555838120004586,0.9530941765058751,GBP_USD,14,25,adx_cross,long,57
51.0,0.04941962809962712,0.14023266374768248,-0.2254363928458305,0.32427564904508477,23.0,-0.21739130434782608,0.20810192223064325,-0.6252710719198868,0.19048846322423466,GBP_USD,14,25,adx_cross,short,74
28.0,-0.3137451390597731,0.17657419451298814,-0.6598305603052299,0.03234028218568369,13.0,-0.23076923076923078,0.2808833628231621,-0.7813006219026286,0.319762160364167,GBP_USD,14,25,di_cross_with_adx,long,41
17.0,0.17647058823529413,0.24607647839237515,-0.30583930941376114,0.6587804858843495,8.0,0.341185460950915,0.3311753669334481,-0.3079182582386433,0.9902891801404734,GBP_USD,14,25,di_cross_with_adx,short,25
36.0,0.1111111111111111,0.16798421022632323,-0.2181379409324824,0.4403601631547046,16.0,0.4523196998269794,0.22157329339608595,0.01803604477065096,0.8866033548833079,GBP_USD,14,30,adx_cross,long,52
35.0,-0.1598168429662727,0.16720947380797369,-0.4875474116299011,0.16791372569735574,15.0,-0.2812413421831811,0.24747625546656143,-0.7662948028976415,0.20381211853127934,GBP_USD,14,30,adx_cross,short,50
11.0,-0.6363636363636364,0.24393468845452249,-1.1144756257345003,-0.15825164699277228,5.0,0.2,0.48989794855663565,-0.7601999791710059,1.1601999791710058,GBP_USD,14,30,di_cross_with_adx,long,16
6.0,0.6666666666666666,0.33333333333333337,0.013333333333333197,1.32,3.0,-0.09017210413089334,0.5843495030345504,-1.235497130078612,1.0551529218168252,GBP_USD,14,30,di_cross_with_adx,short,9
33.0,-0.15151515151515152,0.17473579688895144,-0.4939973134174963,0.1909670103871933,15.0,-0.06666666666666667,0.2666666666666666,-0.5893333333333332,0.45599999999999985,GBP_USD,20,20,adx_cross,long,48
29.0,0.26954235786366043,0.17868791453262525,-0.08068595462028505,0.6197706703476059,13.0,-0.0015408059805031699,0.27735437801871177,-0.5451553868971782,0.5420737749361718,GBP_USD,20,20,adx_cross,short,42
27.0,-0.3333333333333333,0.1849000654084097,-0.6957374615338163,0.029070794867149696,12.0,0.0,0.30151134457776363,-0.5909622353724167,0.5909622353724167,GBP_USD,20,20,di_cross_with_adx,long,39
20.0,-0.1,0.22826577307580465,-0.5474009152285771,0.3474009152285771,9.0,0.5555555555555556,0.2939723678960656,-0.020630285520732983,1.1317413966318441,GBP_USD,20,20,di_cross_with_adx,short,29
23.0,0.04053570366820857,0.20546602760291624,-0.36217771043350727,0.44324911776992443,10.0,-0.15388740640949194,0.31716753228888306,-0.7755357696957027,0.4677609568767188,GBP_USD,20,25,adx_cross,long,33
30.0,0.06666666666666667,0.18528222234124034,-0.2964864891221644,0.4298198224554977,13.0,0.44472152825017564,0.24647112839296983,-0.03836188340004526,0.9278049399003965,GBP_USD,20,25,adx_cross,short,43
15.0,-0.3333333333333333,0.25197631533948484,-0.8272069113987236,0.16054024473205697,7.0,0.14285714285714285,0.40406101782088427,-0.6491024520717903,0.9348167377860761,GBP_USD,20,25,di_cross_with_adx,long,22
8.0,0.0,0.3779644730092272,-0.7408103670980853,0.7408103670980853,4.0,0.5,0.5,-0.48,1.48,GBP_USD,20,25,di_cross_with_adx,short,12
11.0,0.12502962995839237,0.2908415655230123,-0.4450198384667118,0.6950790983834966,6.0,0.0,0.4472135954999579,-0.8765386471799175,0.8765386471799175,GBP_USD,20,30,adx_cross,long,17
15.0,0.06666666666666667,0.2666666666666666,-0.45599999999999985,0.5893333333333332,7.0,0.14285714285714285,0.40406101782088427,-0.6491024520717903,0.9348167377860761,GBP_USD,20,30,adx_cross,short,22
4.0,0.0,0.5773502691896257,-1.1316065276116665,1.1316065276116665,3.0,-0.3333333333333333,0.6666666666666667,-1.6400000000000001,0.9733333333333336,GBP_USD,20,30,di_cross_with_adx,long,7
2.0,0.0,1.0,-1.96,1.96,2.0,0.0,1.0,-1.96,1.96,GBP_USD,20,30,di_cross_with_adx,short,4
42.0,0.0,0.15617376188860607,-0.3061005733016679,0.3061005733016679,19.0,-0.3684210526315789,0.21912273678590866,-0.7979016167319599,0.06105951146880201,AUD_USD,14,20,adx_cross,long,61
39.0,-0.07692307692307693,0.16174076401164517,-0.39393497438590147,0.24008882053974762,17.0,-0.058823529411764705,0.2495670992423109,-0.547975043926694,0.43032798510316467,AUD_USD,14,20,adx_cross,short,56
40.0,-0.15,0.15831646333879038,-0.46030026814402913,0.16030026814402912,18.0,-0.2222222222222222,0.23647127470752347,-0.6857059206489682,0.24126147620452376,AUD_USD,14,20,di_cross_with_adx,long,58
48.0,0.25,0.14123317071650804,-0.02681701460435576,0.5268170146043558,21.0,0.3333333333333333,0.21081851067789195,-0.07987094759533492,0.7465376142620015,AUD_USD,14,20,di_cross_with_adx,short,69
39.0,0.013267301322162592,0.16067684004049468,-0.30165930515720696,0.3281939078015321,17.0,-0.17647058823529413,0.24607647839237515,-0.6587804858843495,0.30583930941376114,AUD_USD,14,25,adx_cross,long,56
47.0,-0.07364037182853057,0.14410762455199566,-0.3560913159504421,0.20881057229338096,21.0,-0.23809523809523808,0.21717627144745486,-0.6637607301322496,0.1875702539417734,AUD_USD,14,25,adx_cross,short,68
16.0,-0.25,0.25,-0.74,0.24,8.0,-0.5,0.32732683535398854,-1.1415605972938176,0.14156059729381754,AUD_USD,14,25,di_cross_with_adx,long,24
21.0,0.5238095238095238,0.19047619047619047,0.15047619047619054,0.8971428571428571,10.0,0.0,0.3333333333333333,-0.6533333333333333,0.6533333333333333,AUD_USD,14,25,di_cross_with_adx,short,31
32.0,0.0,0.17960530202677488,-0.35202639197247876,0.35202639197247876,15.0,-0.2,0.26186146828319085,-0.7132484778350541,0.313248477835054,AUD_USD,14,30,adx_cross,long,47
30.0,0.10516201273157565,0.18085031232040896,-0.2493045994164259,0.45962862487957723,14.0,-0.14285714285714285,0.2745054065230065,-0.6808877396422355,0.39517345392794984,AUD_USD,14,30,adx_cross,short,44
4.0,0.0,0.5773502691896257,-1.1316065276116665,1.1316065276116665,3.0,-0.3333333333333333,0.6666666666666667,-1.6400000000000001,0.9733333333333336,AUD_USD,14,30,di_cross_with_adx,long,7
7.0,0.42857142857142855,0.3688555567816587,-0.29438546272062255,1.1515283198634796,3.0,-0.3333333333333333,0.6666666666666667,-1.6400000000000001,0.9733333333333336,AUD_USD,14,30,di_cross_with_adx,short,10
23.0,0.19640977180714528,0.20555747976657432,-0.2064828885353404,0.599302432149631,10.0,0.2,0.32659863237109044,-0.4401333194473372,0.8401333194473373,AUD_USD,20,20,adx_cross,long,33
38.0,0.027391811546236763,0.1621625724538583,-0.2904468304633255,0.345230453555799,17.0,-0.29411764705882354,0.23894230601870473,-0.7624445668554848,0.1742092727378377,AUD_USD,20,20,adx_cross,short,55
25.0,0.36,0.19043809142780935,-0.013258659198506328,0.7332586591985063,11.0,-0.2727272727272727,0.30424000964875475,-0.869037691638832,0.32358314618428663,AUD_USD,20,20,di_cross_with_adx,long,36
22.0,0.09090909090909091,0.21731429260625335,-0.33502692259916567,0.5168451044173474,10.0,-0.2,0.32659863237109044,-0.8401333194473373,0.4401333194473372,AUD_USD,20,20,di_cross_with_adx,short,32
23.0,-0.02108517747948762,0.20549989898203028,-0.42386497948426693,0.3816946245252917,11.0,-0.6363636363636364,0.2439346884545225,-1.1144756257345005,-0.15825164699277222,AUD_USD,20,25,adx_cross,long,34
22.0,0.021017156249061086,0.21461391974278612,-0.39962612644679973,0.4416604389449219,10.0,-0.6,0.26666666666666666,-1.1226666666666665,-0.07733333333333337,AUD_USD,20,25,adx_cross,short,32
10.0,0.2,0.3265986323710904,-0.4401333194473371,0.840133319447337,5.0,0.2,0.48989794855663565,-0.7601999791710059,1.1601999791710058,AUD_USD,20,25,di_cross_with_adx,long,15
7.0,0.42857142857142855,0.36885555678165877,-0.29438546272062266,1.1515283198634798,4.0,0.0,0.5773502691896257,-1.1316065276116665,1.1316065276116665,AUD_USD,20,25,di_cross_with_adx,short,11
9.0,0.3333333333333333,0.3333333333333333,-0.32,0.9866666666666666,5.0,0.2,0.48989794855663565,-0.7601999791710059,1.1601999791710058,AUD_USD,20,30,adx_cross,long,14
13.0,-0.07692307692307693,0.2878197989826109,-0.6410498829289943,0.48720372908284043,6.0,0.3333333333333333,0.421637021355784,-0.4930752285240034,1.15974189519067,AUD_USD,20,30,adx_cross,short,19
3.0,0.3333333333333333,0.6666666666666667,-0.9733333333333336,1.6400000000000001,2.0,0.0,1.0,-1.96,1.96,AUD_USD,20,30,di_cross_with_adx,long,5
2.0,1.0,0.0,1.0,1.0,2.0,1.0,0.0,1.0,1.0,AUD_USD,20,30,di_cross_with_adx,short,4
46.0,0.0828589180175662,0.13813333742419215,-0.18788242333385038,0.35360025936898276,20.0,-0.06674038851756689,0.18777122975715235,-0.43477199884158546,0.30129122180645174,USD_CAD,14,20,adx_cross,long,66
31.0,0.1326296345903501,0.1713432025608265,-0.20320304242886983,0.46846231160957,14.0,-0.11463225415162129,0.24825500301130043,-0.6012120600537701,0.3719475517505275,USD_CAD,14,20,adx_cross,short,45
43.0,-0.0443434433160131,0.14924827259561346,-0.3368700576034155,0.2481831709713893,19.0,0.06536579338646216,0.2173122036240874,-0.3605661257167492,0.49129771248967347,USD_CAD,14,20,di_cross_with_adx,long,62
57.0,0.12208386348838839,0.1266801493018437,-0.1262092291432253,0.37037695612000204,25.0,0.02643969729606674,0.1959043542894542,-0.3575328371112635,0.410412231703397,USD_CAD,14,20,di_cross_with_adx,short,82
45.0,0.07749545456352303,0.1428855634472832,-0.20256024979315207,0.3575511589201981,20.0,0.012527412593999948,0.18404962039922357,-0.34820984338847827,0.3732646685764781,USD_CAD,14,25,adx_cross,long,65
34.0,0.011140210305344818,0.16959940423241165,-0.321274621990182,0.34355504260087166,15.0,-0.4235115925809575,0.2138052915620363,-0.8425699640425486,-0.004453221119366357,USD_CAD,14,25,adx_cross,short,49
19.0,-0.10614919753656284,0.22804917661349397,-0.553125583699011,0.34082718862588535,9.0,0.2953898069238518,0.2951735642971592,-0.28315037909858015,0.8739299929462838,USD_CAD,14,25,di_cross_with_adx,long,28
25.0,0.22910737967156847,0.19477294879984744,-0.15264759997613253,0.6108623593192695,11.0,0.13946245708925956,0.2987022465385041,-0.44599394612620846,0.7249188603047275,USD_CAD,14,25,di_cross_with_adx,short,36
37.0,-0.20958011328057766,0.14897394236532543,-0.5015690403166155,0.08240881375546019,17.0,0.27107404911313,0.21665274968921672,-0.15356534027773477,0.6957134385039947,USD_CAD,14,30,adx_cross,long,54
25.0,-0.18327465981719093,0.19351511442097677,-0.5625642840823054,0.19601496444792355,12.0,-0.16666666666666666,0.2972941950052816,-0.7493632888770185,0.41602995554368527,USD_CAD,14,30,adx_cross,short,37
9.0,-0.0018705281327437736,0.33333858160525986,-0.6552141480790531,0.6514730918135655,4.0,0.5,0.5,-0.48,1.48,USD_CAD,14,30,di_cross_with_adx,long,13
7.0,0.42857142857142855,0.36885555678165877,-0.29438546272062266,1.1515283198634798,4.0,-0.413946597434918,0.4731779839968207,-1.3413754460686866,0.5134822511988506,USD_CAD,14,30,di_cross_with_adx,short,11
32.0,-0.12138534318604902,0.17283369558366712,-0.4601393865300366,0.21736870015793855,15.0,0.2306903374802247,0.2305006600832501,-0.22109095628294548,0.6824716312433948,USD_CAD,20,20,adx_cross,long,47
21.0,-0.06239239977976946,0.20830400957130046,-0.4706682585395184,0.34588345897997946,9.0,0.013105911491946792,0.3335908812110215,-0.6407322156816553,0.666944038665549,USD_CAD,20,20,adx_cross,short,30
12.0,0.09110266145095307,0.2641982006030533,-0.42672581173103147,0.6089311346329376,6.0,0.257905416648575,0.3515510025129556,-0.43113454827681796,0.946945381573968,USD_CAD,20,20,di_cross_with_adx,long,18
21.0,-0.18572627251820945,0.2121445642715133,-0.6015296184903756,0.23007707345395662,9.0,0.03990947161010047,0.31997842358943696,-0.5872482386251959,0.6670671818453969,USD_CAD,20,20,di_cross_with_adx,short,30
29.0,0.13533250372520722,0.17785351758666043,-0.2132603907446472,0.48392539819506164,13.0,0.049817072712029356,0.2817886045543228,-0.5024885922144433,0.6021227376385021,USD_CAD,20,25,adx_cross,long,42
21.0,0.14057003489296344,0.20862897746671874,-0.2683427609418053,0.5494828307277322,10.0,0.265204191629938,0.3058275148480434,-0.33421773747222694,0.864626120732103,USD_CAD,20,25,adx_cross,short,31
6.0,0.16386087446755102,0.40162922751494334,-0.6233324114617379,0.95105416039684,3.0,1.0,0.0,1.0,1.0,USD_CAD,20,25,di_cross_with_adx,long,9
8.0,0.25,0.3659625273556999,-0.46728655361717175,0.9672865536171718,4.0,0.0,0.5773502691896257,-1.1316065276116665,1.1316065276116665,USD_CAD,20,25,di_cross_with_adx,short,12
17.0,0.004497467057723437,0.24257732091376558,-0.4709540819332571,0.47994901604870394,8.0,-0.24856907947181167,0.3137019524009709,-0.8634249061777146,0.3662867472340912,USD_CAD,20,30,adx_cross,long,25
14.0,-0.013379148100101832,0.25885677762009446,-0.520738432235487,0.4939801360352833,6.0,-0.3333333333333333,0.421637021355784,-1.15974189519067,0.4930752285240034,USD_CAD,20,30,adx_cross,short,20
2.0,-0.508417376597347,0.49158262340265296,-1.4719193184665467,0.4550845652718528,1.0,1.0,,,,USD_CAD,20,30,di_cross_with_adx,long,3
3.0,-0.3333333333333333,0.6666666666666667,-1.6400000000000001,0.9733333333333336,2.0,0.0,1.0,-1.96,1.96,USD_CAD,20,30,di_cross_with_adx,short,5
36.0,-0.05463183854499665,0.16541896635591277,-0.3788530126025857,0.2695893355125924,16.0,0.21635634811158416,0.2454944604742586,-0.2648127944179627,0.697525490641131,USD_CHF,14,20,adx_cross,long,52
42.0,0.1704001309372927,0.14688944482666524,-0.11750318092297116,0.4583034427975565,18.0,-0.27439905230198014,0.22613830862671247,-0.7176301372103366,0.1688320326063763,USD_CHF,14,20,adx_cross,short,60
50.0,-0.09076830633927856,0.14113406008997614,-0.3673910641156318,0.18585445143707469,22.0,0.17700918138425478,0.20454137717974483,-0.22389191788804505,0.5779102806565546,USD_CHF,14,20,di_cross_with_adx,long,72
44.0,0.19206141099863877,0.14501462897398343,-0.09216726179036877,0.4762900837876463,19.0,0.09861615202875403,0.22833731707769772,-0.3489249894435335,0.5461572935010416,USD_CHF,14,20,di_cross_with_adx,short,63
55.0,0.03314468816465676,0.12603519308665762,-0.21388429028519215,0.28017366661450566,24.0,-0.08333333333333241,0.20778914433245918,-0.4906000562249524,0.32393338955828754,USD_CHF,14,25,adx_cross,long,79
42.0,-0.06829621020835035,0.15275771803812999,-0.36770133756308515,0.23110891714638443,18.0,0.0,0.24253562503633302,-0.4753698250712127,0.4753698250712127,USD_CHF,14,25,adx_cross,short,60
30.0,-0.0846138438987972,0.1825687568235174,-0.44244860727289126,0.2732209194752969,13.0,0.22263092234258502,0.25787277582721224,-0.282799718278751,0.7280615629639211,USD_CHF,14,25,di_cross_with_adx,long,43
23.0,0.30434782608695604,0.20308668108561465,-0.09370206884084864,0.7023977210147607,11.0,0.17033698986784787,0.2969050714333244,-0.4115969501414679,0.7522709298771636,USD_CHF,14,25,di_cross_with_adx,short,34
38.0,0.16961071596928728,0.1586087048839518,-0.14126234560325823,0.4804837775418328,17.0,-0.1375216455895478,0.2409589246593206,-0.6098011379218161,0.3347578467427206,USD_CHF,14,30,adx_cross,long,55
37.0,0.02913138685990527,0.16176151304943728,-0.2879211787169918,0.3461839524368024,16.0,0.125,0.25617376914899,-0.37710058753202036,0.6271005875320204,USD_CHF,14,30,adx_cross,short,53
9.0,0.0512871870040093,0.33725581783253983,-0.6097342159477688,0.7123085899557873,5.0,-0.39477617025142625,0.4013378306949855,-1.1813983184135979,0.3918459779107453,USD_CHF,14,30,di_cross_with_adx,long,14
9.0,0.5555555555555544,0.2939723678960654,-0.02063028552073387,1.1317413966318426,5.0,-0.025258622290734632,0.44792633099654455,-0.9031942310439619,0.8526769864624927,USD_CHF,14,30,di_cross_with_adx,short,14
46.0,0.10481861083176777,0.1452222959801835,-0.17981708928939186,0.3894543109529274,21.0,-0.10962667994026938,0.2173373647340225,-0.5356079148189534,0.3163545549384147,USD_CHF,20,20,adx_cross,long,67
34.0,0.21967839973147654,0.16745204600418317,-0.10852761043672246,0.5478844098996756,15.0,0.06666666666666667,0.2666666666666666,-0.45599999999999985,0.5893333333333332,USD_CHF,20,20,adx_cross,short,49
30.0,0.07879267276032674,0.17824085618632876,-0.2705594053648776,0.4281447508855311,14.0,0.14285714285714285,0.2745054065230065,-0.39517345392794984,0.6808877396422355,USD_CHF,20,20,di_cross_with_adx,long,44
24.0,-0.005816755287465859,0.2073795812128903,-0.4122807344647308,0.4006472238897991,11.0,0.3641577325562709,0.27060812028666154,-0.16623418320558575,0.8945496483181274,USD_CHF,20,20,di_cross_with_adx,short,35
26.0,-0.051494306675053024,0.19322233739691777,-0.4302100879730118,0.3272214746229058,12.0,-0.16666666666666666,0.2972941950052816,-0.7493632888770185,0.41602995554368527,USD_CHF,20,25,adx_cross,long,38
27.0,0.04268005551507324,0.18645756744478903,-0.32277677667671323,0.40813688770685974,12.0,0.16666666666666666,0.2972941950052816,-0.41602995554368527,0.7493632888770185,USD_CHF,20,25,adx_cross,short,39
11.0,-0.22518518235178286,0.29649118145877423,-0.8063078980109804,0.3559375333074146,6.0,0.576930780506014,0.3274123631671969,-0.0647974513016919,1.21865901231372,USD_CHF,20,25,di_cross_with_adx,long,17
12.0,0.32169982275840064,0.28201648335238616,-0.23105248461227618,0.8744521301290775,6.0,0.0,0.4472135954999579,-0.8765386471799175,0.8765386471799175,USD_CHF,20,25,di_cross_with_adx,short,18
16.0,-0.38032011926628645,0.23737020692760705,-0.8455657248443962,0.08492548631182334,8.0,-0.4516124493471415,0.32026817663470414,-1.0793380755511617,0.17611317685687855,USD_CHF,20,30,adx_cross,long,24
20.0,-0.06368065745984794,0.20888062227908968,-0.4730866771268637,0.3457253622071679,9.0,0.3333333333333333,0.3333333333333333,-0.32,0.9866666666666666,USD_CHF,20,30,adx_cross,short,29
2.0,-1.0,0.0,-1.0,-1.0,2.0,0.0,1.0,-1.96,1.96,USD_CHF,20,30,di_cross_with_adx,long,4
3.0,0.9534659577002658,0.04653404229973427,0.8622592347927867,1.0446726806077449,2.0,-1.0,0.0,-1.0,-1.0,USD_CHF,20,30,di_cross_with_adx,short,5
51.0,-0.13725490196078433,0.14008291058424904,-0.41181740670591244,0.13730760278434379,23.0,-0.13043478260869565,0.21137931948017294,-0.5447382487898346,0.2838686835724433,NZD_USD,14,20,adx_cross,long,74
42.0,0.14285714285714285,0.1545719373715598,-0.16010385439111435,0.44581814010540005,19.0,-0.6842105263157895,0.17189401703741597,-1.0211227997091248,-0.3472982529224542,NZD_USD,14,20,adx_cross,short,61
50.0,0.08,0.14239926622145274,-0.19910256179404734,0.35910256179404737,22.0,-0.2727272727272727,0.20994555243259116,-0.6842205554951514,0.13876601004060596,NZD_USD,14,20,di_cross_with_adx,long,72
50.0,-0.04,0.14274281139196338,-0.3197759103282482,0.23977591032824822,22.0,0.18181818181818182,0.2145806706734845,-0.23875993270184775,0.6023962963382115,NZD_USD,14,20,di_cross_with_adx,short,72
47.0,0.14893617021276595,0.1457975082689772,-0.13682694599442935,0.43469928641996125,21.0,-0.14285714285714285,0.22131333406899525,-0.5766312776323735,0.29091699191808784,NZD_USD,14,25,adx_cross,long,68
50.0,0.16,0.14101671633432072,-0.11639276401526863,0.4363927640152686,22.0,0.09090909090909091,0.21731429260625335,-0.33502692259916567,0.5168451044173474,NZD_USD,14,25,adx_cross,short,72
23.0,-0.043478260869565216,0.21299910806810243,-0.46095651268304594,0.37399999094391556,11.0,-0.45454545454545453,0.2816715160878121,-1.0066216260775662,0.09753071698665722,NZD_USD,14,25,di_cross_with_adx,long,34
21.0,0.23809523809523808,0.21717627144745486,-0.1875702539417734,0.6637607301322496,9.0,0.3333333333333333,0.3333333333333333,-0.32,0.9866666666666666,NZD_USD,14,25,di_cross_with_adx,short,30
36.0,0.1111111111111111,0.16798421022632323,-0.2181379409324824,0.4403601631547046,16.0,-0.125,0.25617376914899,-0.6271005875320204,0.37710058753202036,NZD_USD,14,30,adx_cross,long,52
35.0,0.14285714285714285,0.16973957879600132,-0.1898324315830197,0.4755467172973054,16.0,0.125,0.25617376914899,-0.37710058753202036,0.6271005875320204,NZD_USD,14,30,adx_cross,short,51
11.0,0.2727272727272727,0.30424000964875475,-0.32358314618428663,0.869037691638832,5.0,-0.2,0.48989794855663565,-1.1601999791710058,0.7601999791710059,NZD_USD,14,30,di_cross_with_adx,long,16
11.0,0.45454545454545453,0.2816715160878121,-0.09753071698665722,1.0066216260775662,5.0,0.2,0.48989794855663565,-0.7601999791710059,1.1601999791710058,NZD_USD,14,30,di_cross_with_adx,short,16
30.0,0.13333333333333333,0.1840373108931074,-0.22737979601715716,0.4940464626838238,14.0,0.14285714285714285,0.2745054065230065,-0.39517345392794984,0.6808877396422355,NZD_USD,20,20,adx_cross,long,44
33.0,0.21212121212121213,0.17275385228774817,-0.1264763383627743,0.5507187626051986,15.0,0.7333333333333333,0.1817027050317992,0.3771960314710069,1.0894706351956596,NZD_USD,20,20,adx_cross,short,48
29.0,0.3103448275862069,0.17965105939714746,-0.041771248832202124,0.6624609040046159,13.0,-0.07692307692307693,0.2878197989826109,-0.6410498829289943,0.48720372908284043,NZD_USD,20,20,di_cross_with_adx,long,42
18.0,0.1111111111111111,0.24103384202072908,-0.36131521924951787,0.58353744147174,9.0,-0.3333333333333333,0.3333333333333333,-0.9866666666666666,0.32,NZD_USD,20,20,di_cross_with_adx,short,27
24.0,-0.08333333333333333,0.20778914433245896,-0.49060005622495284,0.3239333895582862,11.0,-0.09090909090909091,0.3149183286488867,-0.7081490150609089,0.526330833242727,NZD_USD,20,25,adx_cross,long,35
23.0,0.30434782608695654,0.2030866810856147,-0.09370206884084825,0.7023977210147614,11.0,-0.09090909090909091,0.3149183286488867,-0.7081490150609089,0.526330833242727,NZD_USD,20,25,adx_cross,short,34
13.0,0.23076923076923078,0.2808833628231621,-0.319762160364167,0.7813006219026286,6.0,0.3333333333333333,0.421637021355784,-0.4930752285240034,1.15974189519067,NZD_USD,20,25,di_cross_with_adx,long,19
4.0,0.0,0.5773502691896257,-1.1316065276116665,1.1316065276116665,3.0,0.3333333333333333,0.6666666666666667,-0.9733333333333336,1.6400000000000001,NZD_USD,20,25,di_cross_with_adx,short,7
16.0,0.125,0.25617376914899,-0.37710058753202036,0.6271005875320204,8.0,0.5,0.32732683535398854,-0.14156059729381754,1.1415605972938176,NZD_USD,20,30,adx_cross,long,24
20.0,0.1,0.22826577307580465,-0.3474009152285771,0.5474009152285771,9.0,0.1111111111111111,0.35136418446315326,-0.5775626904366693,0.7997849126588914,NZD_USD,20,30,adx_cross,short,29
3.0,-0.3333333333333333,0.6666666666666667,-1.6400000000000001,0.9733333333333336,2.0,0.0,1.0,-1.96,1.96,NZD_USD,20,30,di_cross_with_adx,long,5
2.0,1.0,0.0,1.0,1.0,1.0,1.0,,,,NZD_USD,20,30,di_cross_with_adx,short,3
45.0,0.28888888888888886,0.1443278472686202,0.006006308242393288,0.5717714695353844,20.0,0.1,0.22826577307580462,-0.3474009152285771,0.547400915228577,USD_SEK,14,20,adx_cross,long,65
41.0,-0.04674781607023439,0.15601232320876438,-0.3525319695594125,0.2590363374189438,18.0,0.3333333333333333,0.2286647801900118,-0.1148496358390898,0.7815163025057564,USD_SEK,14,20,adx_cross,short,59
56.0,-0.16534233062944442,0.13086495176781335,-0.4218376360943586,0.09115297483546975,25.0,-0.2,0.2,-0.5920000000000001,0.192,USD_SEK,14,20,di_cross_with_adx,long,81
49.0,-0.14285714285714263,0.14285714285714293,-0.42285714285714276,0.1371428571428575,22.0,0.36363636363636365,0.20327890704543541,-0.03479029417268975,0.762063021445417,USD_SEK,14,20,di_cross_with_adx,short,71
50.0,0.3050684706560098,0.1346361459449925,0.04118162460382446,0.5689553167081951,22.0,-0.2727272727272727,0.20994555243259116,-0.6842205554951514,0.13876601004060596,USD_SEK,14,25,adx_cross,long,72
44.0,0.09090909090909115,0.15186710356082853,-0.20675043207013272,0.38856861388831504,19.0,0.15789473684210525,0.23274559932318592,-0.29828663783133913,0.6140761115155496,USD_SEK,14,25,adx_cross,short,63
24.0,-0.25,0.2018932132718121,-0.6457106980127516,0.14571069801275166,11.0,-0.09090909090909091,0.3149183286488867,-0.7081490150609089,0.526330833242727,USD_SEK,14,25,di_cross_with_adx,long,35
21.0,0.04761904761904815,0.22335313142016347,-0.39015308996447223,0.4853911852025686,9.0,0.1111111111111111,0.35136418446315326,-0.5775626904366693,0.7997849126588914,USD_SEK,14,25,di_cross_with_adx,short,30
32.0,0.3125,0.17061026611322602,-0.021896121581923,0.646896121581923,15.0,-0.3333333333333333,0.25197631533948484,-0.8272069113987236,0.16054024473205697,USD_SEK,14,30,adx_cross,long,47
33.0,0.10137333268267555,0.1743208675490945,-0.24029556771354965,0.4430422330789008,15.0,-0.2,0.2618614682831909,-0.7132484778350541,0.3132484778350541,USD_SEK,14,30,adx_cross,short,48
8.0,-0.75,0.25,-1.24,-0.26,4.0,-1.0,0.0,-1.0,-1.0,USD_SEK,14,30,di_cross_with_adx,long,12
7.0,0.42857142857142855,0.36885555678165877,-0.29438546272062266,1.1515283198634798,3.0,0.3333333333333333,0.6666666666666667,-0.9733333333333336,1.6400000000000001,USD_SEK,14,30,di_cross_with_adx,short,10
25.0,0.44,0.18330302779823363,0.08072606551546208,0.7992739344845379,12.0,-0.3333333333333333,0.2842676218074806,-0.8904978720759953,0.22383120540932872,USD_SEK,20,20,adx_cross,long,37
35.0,0.08571428571428572,0.17086742893632048,-0.24918587500090242,0.4206144464294739,16.0,0.5,0.22360679774997896,0.06173067641004126,0.9382693235899587,USD_SEK,20,20,adx_cross,short,51
22.0,-0.09090909090909091,0.21731429260625335,-0.5168451044173474,0.33502692259916567,10.0,0.0,0.3333333333333333,-0.6533333333333333,0.6533333333333333,USD_SEK,20,20,di_cross_with_adx,long,32
21.0,-0.01929499725344813,0.21906926881253383,-0.4486707641260144,0.41008076961911816,10.0,0.5371673426614558,0.2635790751227694,0.020552355420827784,1.0537823299020839,USD_SEK,20,20,di_cross_with_adx,short,31
25.0,-0.12,0.20264912204760885,-0.5171922792133133,0.27719227921331335,12.0,-0.3333333333333333,0.28426762180748055,-0.8904978720759953,0.2238312054093286,USD_SEK,20,25,adx_cross,long,37
17.0,-0.058823529411764705,0.2495670992423109,-0.547975043926694,0.43032798510316467,8.0,-0.5,0.32732683535398854,-1.1415605972938176,0.14156059729381754,USD_SEK,20,25,adx_cross,short,25
8.0,0.0,0.3779644730092272,-0.7408103670980853,0.7408103670980853,4.0,0.0,0.5773502691896257,-1.1316065276116665,1.1316065276116665,USD_SEK,20,25,di_cross_with_adx,long,12
8.0,0.5,0.32732683535398854,-0.14156059729381754,1.1415605972938176,4.0,0.14870126441939732,0.50627188653298,-0.8435916331852436,1.1409941620240382,USD_SEK,20,25,di_cross_with_adx,short,12
23.0,0.043478260869565216,0.21299910806810243,-0.37399999094391556,0.46095651268304594,11.0,-0.2727272727272727,0.30424000964875475,-0.869037691638832,0.32358314618428663,USD_SEK,20,30,adx_cross,long,34
16.0,0.0,0.2581988897471611,-0.5060698239044358,0.5060698239044358,7.0,0.4769477654892379,0.3396444329428209,-0.18875532307869103,1.142650854057167,USD_SEK,20,30,adx_cross,short,23
1.0,1.0,,,,1.0,1.0,,,,USD_SEK,20,30,di_cross_with_adx,long,2
2.0,1.0,0.0,1.0,1.0,1.0,1.0,,,,USD_SEK,20,30,di_cross_with_adx,short,3
50.0,0.04,0.14274281139196338,-0.23977591032824822,0.3197759103282482,22.0,-0.11728618189850798,0.2125576997290544,-0.5338992733674546,0.2993269095704386,AUD_CHF,14,20,adx_cross,long,72
36.0,0.1111111111111111,0.16798421022632323,-0.2181379409324824,0.4403601631547046,16.0,-0.75,0.1707825127659933,-1.084733725021347,-0.41526627497865315,AUD_CHF,14,20,adx_cross,short,52
42.0,0.2308128966539128,0.14828435574946192,-0.05982444061503256,0.5214502339228582,18.0,0.2222222222222222,0.23647127470752347,-0.24126147620452376,0.6857059206489682,AUD_CHF,14,20,di_cross_with_adx,long,60
42.0,0.14285714285714285,0.15457193737155983,-0.1601038543911144,0.4458181401054001,19.0,-0.15789473684210525,0.23274559932318592,-0.6140761115155496,0.29828663783133913,AUD_CHF,14,20,di_cross_with_adx,short,61
42.0,-0.19047619047619047,0.1533145038611392,-0.4909726180440233,0.11002023709164238,18.0,0.1111111111111111,0.24103384202072908,-0.36131521924951787,0.58353744147174,AUD_CHF,14,25,adx_cross,long,60
44.0,-0.037565619843713434,0.15139270661252158,-0.3342953248042557,0.25916408511682887,19.0,0.2631578947368421,0.22739441047045122,-0.18253514978524232,0.7088509392589265,AUD_CHF,14,25,adx_cross,short,63
17.0,0.17647058823529413,0.24607647839237515,-0.30583930941376114,0.6587804858843495,8.0,0.25,0.3659625273556999,-0.46728655361717175,0.9672865536171718,AUD_CHF,14,25,di_cross_with_adx,long,25
20.0,0.3,0.2188486619609662,-0.12894337744349377,0.7289433774434937,9.0,-0.1111111111111111,0.35136418446315326,-0.7997849126588914,0.5775626904366693,AUD_CHF,14,25,di_cross_with_adx,short,29
25.0,0.04,0.20396078054371142,-0.3597631298656744,0.43976312986567434,12.0,0.0,0.30151134457776363,-0.5909622353724167,0.5909622353724167,AUD_CHF,14,30,adx_cross,long,37
35.0,0.11365406514632385,0.16741349888616716,-0.2144763926705638,0.4417845229632115,15.0,0.23141927402959644,0.25332279425618004,-0.2650934027125164,0.7279319507717092,AUD_CHF,14,30,adx_cross,short,50
9.0,0.1111111111111111,0.35136418446315326,-0.5775626904366693,0.7997849126588914,4.0,0.5,0.5,-0.48,1.48,AUD_CHF,14,30,di_cross_with_adx,long,13
13.0,0.23076923076923078,0.2808833628231621,-0.319762160364167,0.7813006219026286,6.0,0.0,0.4472135954999579,-0.8765386471799175,0.8765386471799175,AUD_CHF,14,30,di_cross_with_adx,short,19
28.0,0.07142857142857142,0.19195851781663212,-0.3048101234920275,0.4476672663491704,13.0,-0.07692307692307693,0.2878197989826109,-0.6410498829289943,0.48720372908284043,AUD_CHF,20,20,adx_cross,long,41
30.0,-0.18842957577077968,0.18055180630325993,-0.5423111161251691,0.16545196458360978,13.0,0.38461538461538464,0.2664693550105965,-0.1376645512053845,0.9068953204361538,AUD_CHF,20,20,adx_cross,short,43
16.0,-0.125,0.25617376914899,-0.6271005875320204,0.37710058753202036,7.0,0.42857142857142855,0.36885555678165877,-0.29438546272062266,1.1515283198634798,AUD_CHF,20,20,di_cross_with_adx,long,23
16.0,0.0,0.2581988897471611,-0.5060698239044358,0.5060698239044358,8.0,0.25,0.3659625273556999,-0.46728655361717175,0.9672865536171718,AUD_CHF,20,20,di_cross_with_adx,short,24
19.0,-0.3684210526315789,0.21912273678590868,-0.7979016167319599,0.061059511468802063,9.0,0.2736396884740627,0.32361319740983585,-0.36064217844921553,0.907921555397341,AUD_CHF,20,25,adx_cross,long,28
25.0,0.12,0.20264912204760885,-0.27719227921331335,0.5171922792133133,12.0,-0.07095771198926797,0.28817127827036465,-0.6357734173991826,0.4938579934206467,AUD_CHF,20,25,adx_cross,short,37
2.0,0.0,1.0,-1.96,1.96,2.0,0.0,1.0,-1.96,1.96,AUD_CHF,20,25,di_cross_with_adx,long,4
6.0,-0.3333333333333333,0.421637021355784,-1.15974189519067,0.4930752285240034,3.0,1.0,0.0,1.0,1.0,AUD_CHF,20,25,di_cross_with_adx,short,9
9.0,0.3333333333333333,0.3333333333333333,-0.32,0.9866666666666666,5.0,-0.5269712778077593,0.388236332440156,-1.287914489390465,0.2339719337749464,AUD_CHF,20,30,adx_cross,long,14
13.0,0.2047708587648306,0.2761127563908965,-0.3364101437613265,0.7459518612909877,6.0,0.7927921079747969,0.20720789202520318,0.3866646396053987,1.198919576344195,AUD_CHF,20,30,adx_cross,short,19
1.0,-1.0,,,,1.0,1.0,,,,AUD_CHF,20,30,di_cross_with_adx,long,2
2.0,-1.0,0.0,-1.0,-1.0,1.0,1.0,,,,AUD_CHF,20,30,di_cross_with_adx,short,3
40.0,0.013742222179940167,0.14732542126271103,-0.27501560349497345,0.30250004785485374,18.0,0.42541123824245414,0.19626384708611,0.04073409795367855,0.8100883785312297,AUD_NZD,14,20,adx_cross,long,58
42.0,0.21793463922735568,0.13783861407534193,-0.0522290443603145,0.48809832281502585,18.0,0.034447945370502664,0.21260510336222851,-0.3822580572194652,0.45115394796047054,AUD_NZD,14,20,adx_cross,short,60
50.0,-0.12119634679974815,0.12900450892270596,-0.37404518428825184,0.1316524906887555,22.0,0.0573306704876599,0.18584771913172987,-0.30693085901053063,0.4215921999858504,AUD_NZD,14,20,di_cross_with_adx,long,72
50.0,0.1462654843633988,0.13586198564272187,-0.12002400749633602,0.41255497622313364,22.0,-0.09008122713173018,0.18961859221379612,-0.4617336678707706,0.28157121360731024,AUD_NZD,14,20,di_cross_with_adx,short,72
35.0,-0.03445153624840299,0.1528175563628318,-0.3339739467195533,0.2650708742227474,15.0,0.10622278351481665,0.2466943050246162,-0.3772980543334311,0.5897436213630644,AUD_NZD,14,25,adx_cross,long,50
49.0,0.018975953892667076,0.1298522542663362,-0.23553446446935186,0.273486372254686,21.0,0.1322885361010271,0.20422390125015863,-0.26799031034928383,0.532567382551338,AUD_NZD,14,25,adx_cross,short,70
21.0,-0.17793768232439908,0.2003554346033842,-0.5706343341470321,0.21475896949823395,9.0,-0.3132888937259102,0.27745617803837136,-0.857103002681118,0.2305252152292977,AUD_NZD,14,25,di_cross_with_adx,long,30
22.0,0.1346622809504911,0.21117305091187155,-0.27923689883677716,0.5485614607377594,10.0,0.1183901858910131,0.2838623694661293,-0.43798005826260034,0.6747604300446266,AUD_NZD,14,25,di_cross_with_adx,short,32
34.0,0.06375563126812803,0.1679149730240126,-0.26535771585893664,0.39286897839519275,15.0,0.4105852389619468,0.20922334226246994,0.0005074881275057286,0.820662989796388,AUD_NZD,14,30,adx_cross,long,49
37.0,0.09942826663352648,0.14851706708550833,-0.1916651848540698,0.3905217181211228,16.0,-0.15971230738207892,0.23629972164466234,-0.6228597618056171,0.30343514704145924,AUD_NZD,14,30,adx_cross,short,53
11.0,-0.29895238912796884,0.2707118614578146,-0.8295476375852855,0.2316428593293478,6.0,-0.6366000072555319,0.18207058847611196,-0.9934583606687113,-0.27974165384235244,AUD_NZD,14,30,di_cross_with_adx,long,17
6.0,-0.0921794503451475,0.414276804718626,-0.9041619875936544,0.7198030869033594,3.0,0.7164714591290332,0.2835285408709668,0.1607555190219383,1.2721873992361281,AUD_NZD,14,30,di_cross_with_adx,short,9
25.0,0.12106069139876592,0.18350676983617142,-0.2386125774801301,0.4807339602776619,11.0,0.46855429950821054,0.2585203950810937,-0.03814567485073311,0.9752542738671541,AUD_NZD,20,20,adx_cross,long,36
33.0,-0.13946921798130046,0.1607787734952976,-0.45459561403208376,0.17565717806948283,15.0,0.4377544262215626,0.21007458189102055,0.026008245715162304,0.8495006067279629,AUD_NZD,20,20,adx_cross,short,48
28.0,0.06331773654230712,0.1821912826708653,-0.29377717749258886,0.42041265057720306,12.0,0.1830753574866643,0.2623783917433735,-0.33118629033034785,0.6973370053036764,AUD_NZD,20,20,di_cross_with_adx,long,40
25.0,-0.019879138570662036,0.20098552224056232,-0.41381076216216417,0.3740524850208401,11.0,-0.03704386264441864,0.3011558652906971,-0.6273093586141849,0.5532216333253477,AUD_NZD,20,20,di_cross_with_adx,short,36
26.0,0.0024744013103407637,0.1852693233130981,-0.36065347238333145,0.365602275004013,12.0,0.2949348196785247,0.24035574905467083,-0.1761624484686301,0.7660320878256794,AUD_NZD,20,25,adx_cross,long,38
23.0,0.0295840276764142,0.197722276924502,-0.35795163509560973,0.41711969044843816,11.0,0.3437005348110435,0.25527020562283415,-0.1566290682097114,0.8440301378317985,AUD_NZD,20,25,adx_cross,short,34
10.0,-0.2,0.32659863237109044,-0.8401333194473373,0.4401333194473372,5.0,0.6506822629521016,0.15528723506885062,0.3463192822171544,0.9550452436870489,AUD_NZD,20,25,di_cross_with_adx,long,15
8.0,0.0,0.3779644730092272,-0.7408103670980853,0.7408103670980853,4.0,-0.42027481563267044,0.4793548201141073,-1.3598102630563207,0.5192606317909798,AUD_NZD,20,25,di_cross_with_adx,short,12
19.0,0.3287964743668472,0.19763617136321404,-0.05857042150505232,0.7161633702387468,9.0,0.10795379775312079,0.306392115738194,-0.4925747490937395,0.708482344599981,AUD_NZD,20,30,adx_cross,long,28
18.0,0.12302553692587316,0.22277561707384455,-0.31361467253886216,0.5596657463906085,9.0,0.06897135447656384,0.3124812800204652,-0.5434919543635479,0.6814346633166757,AUD_NZD,20,30,adx_cross,short,27
3.0,-0.3333333333333333,0.6666666666666667,-1.6400000000000001,0.9733333333333336,2.0,-1.0,0.0,-1.0,-1.0,AUD_NZD,20,30,di_cross_with_adx,long,5
2.0,0.0,1.0,-1.96,1.96,2.0,1.0,0.0,1.0,1.0,AUD_NZD,20,30,di_cross_with_adx,short,4
52.0,0.13062285772220844,0.13346775232826025,-0.13097393684118164,0.3922196522855985,23.0,0.056207990921863696,0.18215816477547617,-0.3008220120380696,0.41323799388179694,AUD_CAD,14,20,adx_cross,long,75
53.0,-0.1381177350164183,0.13663355953732978,-0.4059195117095846,0.12968404167674805,23.0,-0.13043478260869565,0.21137931948017294,-0.5447382487898346,0.2838686835724433,AUD_CAD,14,20,adx_cross,short,76
35.0,-0.12530015544189665,0.16803138445157248,-0.4546416689669787,0.2040413580831854,15.0,0.27579305994149655,0.2476346512844134,-0.2095708565759537,0.7611569764589468,AUD_CAD,14,20,di_cross_with_adx,long,50
44.0,-0.10938874481493635,0.14989148706525451,-0.4031760594628352,0.18439856983296252,19.0,-0.47368421052631576,0.2075817467754251,-0.8805444342061489,-0.06682398684648261,AUD_CAD,14,20,di_cross_with_adx,short,63
44.0,0.05247629833905501,0.14579844998583089,-0.2332886636331735,0.33824126031128354,19.0,-0.20215900726229927,0.2202096753614282,-0.6337699709706985,0.22945195644609997,AUD_CAD,14,25,adx_cross,long,63
38.0,-0.13189994475884123,0.1597247940188916,-0.4449605410358688,0.1811606515181863,17.0,0.006022455647551622,0.24037090745328896,-0.4651045229608947,0.47714943425599793,AUD_CAD,14,25,adx_cross,short,55
11.0,-0.09090909090909091,0.3149183286488867,-0.7081490150609089,0.526330833242727,6.0,0.0,0.4472135954999579,-0.8765386471799175,0.8765386471799175,AUD_CAD,14,25,di_cross_with_adx,long,17
18.0,-0.11111111111111173,0.24103384202072894,-0.5835374414717405,0.361315219249517,9.0,-0.5555555555555556,0.2939723678960656,-1.1317413966318441,0.020630285520732983,AUD_CAD,14,25,di_cross_with_adx,short,27
30.0,-0.3696645993805499,0.16920548399935192,-0.7013073480192797,-0.03802185074182013,13.0,0.29011262326232723,0.2650360318053196,-0.22935799907609922,0.8095832456007537,AUD_CAD,14,30,adx_cross,long,43
23.0,-0.10519033554239544,0.20814151519541968,-0.513147705325418,0.3027670342406271,11.0,0.1828691308251342,0.2959158562014101,-0.3971259473296296,0.762864208979898,AUD_CAD,14,30,adx_cross,short,34
2.0,0.0,1.0,-1.96,1.96,2.0,0.0,1.0,-1.96,1.96,AUD_CAD,14,30,di_cross_with_adx,long,4
5.0,-1.0,0.0,-1.0,-1.0,3.0,-1.0,0.0,-1.0,-1.0,AUD_CAD,14,30,di_cross_with_adx,short,8
35.0,0.057079731558452605,0.16874716687322536,-0.2736647155130691,0.38782417862997426,15.0,0.30442874369035855,0.24814254115982726,-0.18193063698290285,0.7907881243636199,AUD_CAD,20,20,adx_cross,long,50
37.0,0.1189080670274397,0.15882151640456663,-0.19238210512551088,0.43019823918039024,17.0,-0.19850503061168479,0.23146101940697345,-0.6521686286493527,0.25515856742598314,AUD_CAD,20,20,adx_cross,short,54
23.0,-0.5652173913043478,0.17587822499041095,-0.9099387122855532,-0.22049607032314233,10.0,0.0,0.3333333333333333,-0.6533333333333333,0.6533333333333333,AUD_CAD,20,20,di_cross_with_adx,long,33
21.0,0.1863562288901819,0.21424387553529492,-0.2335617671589961,0.6062742249393599,9.0,-0.3333333333333333,0.3333333333333333,-0.9866666666666666,0.32,AUD_CAD,20,20,di_cross_with_adx,short,30
28.0,-0.04073869448915059,0.18888884877738796,-0.41096083809283096,0.3294834491145298,12.0,-0.3333333333333333,0.2842676218074806,-0.8904978720759953,0.22383120540932872,AUD_CAD,20,25,adx_cross,long,40
29.0,-0.11289273511863139,0.17426788913396105,-0.45445779782119505,0.22867232758393224,13.0,-0.23076923076923078,0.2808833628231621,-0.7813006219026286,0.319762160364167,AUD_CAD,20,25,adx_cross,short,42
8.0,-1.0,0.0,-1.0,-1.0,4.0,-0.5,0.5,-1.48,0.48,AUD_CAD,20,25,di_cross_with_adx,long,12
8.0,0.5000000000000013,0.3273268353539888,-0.14156059729381676,1.1415605972938194,4.0,-0.5,0.5,-1.48,0.48,AUD_CAD,20,25,di_cross_with_adx,short,12
18.0,-0.2284953922369157,0.22418741501323364,-0.6679027256628536,0.2109119411890222,9.0,0.10723687504095053,0.31010464214745076,-0.5005682235680529,0.715041973649954,AUD_CAD,20,30,adx_cross,long,27
11.0,-0.09090909090909091,0.3149183286488867,-0.7081490150609089,0.526330833242727,5.0,0.2,0.48989794855663565,-0.7601999791710059,1.1601999791710058,AUD_CAD,20,30,adx_cross,short,16
2.0,-1.0,0.0,-1.0,-1.0,2.0,0.0,1.0,-1.96,1.96,AUD_CAD,20,30,di_cross_with_adx,long,4
2.0,5.551115123125783e-15,1.0000000000000056,-1.9600000000000053,1.9600000000000164,1.0,-1.0,,,,AUD_CAD,20,30,di_cross_with_adx,short,3
42.0,-0.07662564443705333,0.15392850642147693,-0.3783255170231481,0.22507422814904143,19.0,-0.0073205952853455485,0.22953250328156186,-0.4572043017172068,0.44256311114651564,EUR_AUD,14,20,adx_cross,long,61
51.0,0.028766731765133106,0.13893418702083743,-0.24354427479570823,0.30107773832597445,22.0,0.3020882446797351,0.2034214737165465,-0.09661784380469607,0.7007943331641663,EUR_AUD,14,20,adx_cross,short,73
49.0,0.16661302449358842,0.138926149791298,-0.10568222909735567,0.4389082780845325,22.0,-0.0769790226284351,0.20916269178778812,-0.4869378985324998,0.3329798532756296,EUR_AUD,14,20,di_cross_with_adx,long,71
43.0,-0.18667340194119975,0.14903940859166115,-0.4787906427808556,0.1054438388984561,19.0,0.3684210526315789,0.21912273678590868,-0.061059511468802063,0.7979016167319599,EUR_AUD,14,20,di_cross_with_adx,short,62
37.0,-0.1042325003376789,0.16352576345293648,-0.4247429967054344,0.21627799603007664,16.0,0.051405873369537475,0.24991021194477014,-0.43841814204221197,0.541229888781287,EUR_AUD,14,25,adx_cross,long,53
45.0,-0.08585217394971999,0.14595893987953207,-0.3719316961136028,0.20022734821416283,20.0,-0.3557954740969471,0.2082611380748365,-0.7639873047236267,0.05239635652973246,EUR_AUD,14,25,adx_cross,short,65
20.0,0.3,0.21884866196096622,-0.12894337744349382,0.7289433774434938,9.0,-0.025680666938984804,0.33432111474679876,-0.6809500518427104,0.6295887179647407,EUR_AUD,14,25,di_cross_with_adx,long,29
21.0,-0.3002157703129725,0.20816671177246684,-0.7082225253870075,0.10779098476106252,9.0,0.3333333333333333,0.3333333333333333,-0.32,0.9866666666666666,EUR_AUD,14,25,di_cross_with_adx,short,30
31.0,-0.22580645161290322,0.17785869357535775,-0.5744094910206043,0.12279658779479793,14.0,0.2792143958670342,0.2645214868978546,-0.23924771845276083,0.7976765101868293,EUR_AUD,14,30,adx_cross,long,45
33.0,-0.011295265848510695,0.17253367343885626,-0.349461265788669,0.3268707340916476,15.0,-0.40142708846208125,0.2299645695188911,-0.8521576447191078,0.04930346779494532,EUR_AUD,14,30,adx_cross,short,48
11.0,0.2727272727272727,0.30424000964875475,-0.32358314618428663,0.869037691638832,5.0,0.2,0.48989794855663565,-0.7601999791710059,1.1601999791710058,EUR_AUD,14,30,di_cross_with_adx,long,16
12.0,-0.4420442647143685,0.2574334520347573,-0.9466138307024927,0.06252530127375583,6.0,0.3333333333333333,0.421637021355784,-0.4930752285240034,1.15974189519067,EUR_AUD,14,30,di_cross_with_adx,short,18
27.0,-0.13316430342411426,0.18403086612831224,-0.49386480103560626,0.22753619418737772,12.0,0.0584067152119672,0.2893113072887587,-0.5086434470739999,0.6254568774979342,EUR_AUD,20,20,adx_cross,long,39
27.0,0.010393132498309475,0.1927305223366669,-0.3673586912815576,0.3881449562781766,12.0,-0.2517852807175404,0.2785202923580812,-0.7976850537393796,0.2941144923042987,EUR_AUD,20,20,adx_cross,short,39
23.0,-0.13043478260869565,0.21137931948017294,-0.5447382487898346,0.2838686835724433,11.0,-0.09329512209281834,0.2627717964381967,-0.6083278431116839,0.42173759892604723,EUR_AUD,20,20,di_cross_with_adx,long,34
17.0,0.21482773213477943,0.23745346333610767,-0.2505810560039916,0.6802365202735504,8.0,0.5,0.32732683535398854,-0.14156059729381754,1.1415605972938176,EUR_AUD,20,20,di_cross_with_adx,short,25
30.0,-0.27054584432420925,0.17250977631092004,-0.6086650058936125,0.06757331724519405,13.0,-0.3955589203914564,0.2619164882211615,-0.908915237304933,0.11779739652202009,EUR_AUD,20,25,adx_cross,long,43
23.0,-0.30434782608695654,0.2030866810856147,-0.7023977210147614,0.09370206884084825,10.0,-0.11655761100295611,0.2960168208024585,-0.6967505797757748,0.46363535776986253,EUR_AUD,20,25,adx_cross,short,33
7.0,0.14285714285714285,0.40406101782088427,-0.6491024520717903,0.9348167377860761,3.0,0.3333333333333333,0.6666666666666667,-0.9733333333333336,1.6400000000000001,EUR_AUD,20,25,di_cross_with_adx,long,10
4.0,0.5,0.5,-0.48,1.48,3.0,0.5506904820970834,0.4493095179029167,-0.32995617299263325,1.4313371371868,EUR_AUD,20,25,di_cross_with_adx,short,7
18.0,0.19241310687875818,0.21862099248887412,-0.2360840383994351,0.6209102521569514,8.0,-0.25,0.3659625273556999,-0.9672865536171718,0.46728655361717175,EUR_AUD,20,30,adx_cross,long,26
14.0,-0.009857253875414283,0.2747794420636735,-0.5484249603202143,0.5287104525693858,6.0,-0.440995169981486,0.3632481281932272,-1.1529615012402115,0.2709711612772393,EUR_AUD,20,30,adx_cross,short,20
1.0,-1.0,,,,1.0,1.0,,,,EUR_AUD,20,30,di_cross_with_adx,long,2
2.0,0.0,1.0,-1.96,1.96,2.0,0.326035723145625,0.673964276854375,-0.9949342594889499,1.6470057057802,EUR_AUD,20,30,di_cross_with_adx,short,4
54.0,0.0793803522340794,0.13050566848066208,-0.17641075798801825,0.33517146245617707,24.0,0.1383325107822652,0.19215576541550453,-0.23829278943212365,0.514957810996654,EUR_CAD,14,20,adx_cross,long,78
39.0,0.018810532666406334,0.1526600159942373,-0.28040309868229885,0.31802416401511147,18.0,-0.20239094336965488,0.23344660322998614,-0.6599462857004277,0.255164398961118,EUR_CAD,14,20,adx_cross,short,57
38.0,-0.05081133198609029,0.15593842775649125,-0.35645065038881313,0.25482798641663257,17.0,0.22616752677212007,0.2182663184324723,-0.20163445735552563,0.6539695108997657,EUR_CAD,14,20,di_cross_with_adx,long,55
42.0,-0.07003131641328422,0.1532499202157992,-0.3704011600362507,0.2303385272096822,19.0,-0.12332080053914826,0.19993462195826023,-0.5151926595773383,0.2685510584990418,EUR_CAD,14,20,di_cross_with_adx,short,61
49.0,-0.18878377919108577,0.13795906241797407,-0.45918354153031493,0.08161598314814342,21.0,0.02690874712797327,0.19430010515166052,-0.35391945896928134,0.40773695322522785,EUR_CAD,14,25,adx_cross,long,70
53.0,-0.13323189864716486,0.12989014188720702,-0.3878165767460906,0.1213527794517609,23.0,-0.1852786530507993,0.18844470471618072,-0.5546302742945135,0.18407296819291488,EUR_CAD,14,25,adx_cross,short,76
20.0,0.10712955822394551,0.216652058087797,-0.31750847562813656,0.5317675920760276,9.0,0.20330379750135125,0.3261091872279306,-0.43587020946539273,0.8424778044680952,EUR_CAD,14,25,di_cross_with_adx,long,29
21.0,-0.14285714285714285,0.2213133340689953,-0.5766312776323737,0.29091699191808795,9.0,-0.4059533941809863,0.2935307592401375,-0.9812736822916558,0.16936689392968318,EUR_CAD,14,25,di_cross_with_adx,short,30
37.0,-0.14934901882277515,0.15704427048560335,-0.45715578897455766,0.15845775132900738,16.0,0.16946701298600778,0.21317909435146282,-0.24836401194285931,0.5872980379148749,EUR_CAD,14,30,adx_cross,long,53
35.0,0.19247516244525523,0.16419836391223208,-0.12935363082271964,0.5143039557132301,15.0,0.028822481574932786,0.2178112771529268,-0.39808762164480377,0.4557325847946693,EUR_CAD,14,30,adx_cross,short,50
9.0,-0.01064615356736678,0.3335033008785537,-0.6643126232893319,0.6430203161545984,5.0,0.36594683550243223,0.40984173886002867,-0.43734297266322397,1.1692366436680883,EUR_CAD,14,30,di_cross_with_adx,long,14
8.0,-0.5,0.32732683535398854,-1.1415605972938176,0.14156059729381754,4.0,0.2898988098269968,0.4734012886066584,-0.6379677158420537,1.2177653354960474,EUR_CAD,14,30,di_cross_with_adx,short,12
37.0,0.05129192980832455,0.1642004530488758,-0.27054095816747203,0.3731248177841211,17.0,0.2843333882687537,0.2241637548314388,-0.15502757120086635,0.7236943477383737,EUR_CAD,20,20,adx_cross,long,54
28.0,-0.034480804471811885,0.1888698738536183,-0.4046657572249038,0.33570414828128,13.0,-0.3562296884644697,0.2207959122886631,-0.7889896765502493,0.07653029962131003,EUR_CAD,20,20,adx_cross,short,41
21.0,0.23809523809523808,0.21717627144745486,-0.1875702539417734,0.6637607301322496,10.0,-0.027421006294308038,0.28378046137915725,-0.5836307105974562,0.5287886980088402,EUR_CAD,20,20,di_cross_with_adx,long,31
26.0,-0.23076923076923078,0.19460170216420797,-0.6121885670110784,0.1506501054726168,12.0,0.20670385712894387,0.19409686880885216,-0.17372600573640637,0.5871337199942941,EUR_CAD,20,20,di_cross_with_adx,short,38
25.0,0.011895846206019663,0.1970834736647126,-0.374387762176817,0.3981794545888564,12.0,-0.019136804924310764,0.2755837283665472,-0.5592809125227434,0.5210073026741218,EUR_CAD,20,25,adx_cross,long,37
18.0,0.10306862865355379,0.2253681347861962,-0.33865291552739074,0.5447901728344983,9.0,-0.7063179701768342,0.19903748492587792,-1.096431440631555,-0.31620449972211345,EUR_CAD,20,25,adx_cross,short,27
8.0,0.25,0.3659625273556999,-0.46728655361717175,0.9672865536171718,4.0,0.31420365330708105,0.47179250405250084,-0.6105096546358206,1.2389169612499826,EUR_CAD,20,25,di_cross_with_adx,long,12
10.0,-0.4,0.3055050463303893,-0.998789890807563,0.19878989080756293,5.0,0.04073276255276108,0.32783102502831896,-0.6018160465027441,0.6832815716082662,EUR_CAD,20,25,di_cross_with_adx,short,15
15.0,0.06666666666666667,0.2666666666666666,-0.45599999999999985,0.5893333333333332,7.0,0.64458521225727,0.22204991034562457,0.20936738797984578,1.079803036534694,EUR_CAD,20,30,adx_cross,long,22
12.0,0.3068258922513228,0.2798172655133011,-0.24161594815474735,0.855267732657393,6.0,-0.3333333333333333,0.421637021355784,-1.15974189519067,0.4930752285240034,EUR_CAD,20,30,adx_cross,short,18
3.0,0.3333333333333333,0.6666666666666667,-0.9733333333333336,1.6400000000000001,2.0,0.6284073066141621,0.3715926933858378,-0.0999143724220799,1.3567289856504041,EUR_CAD,20,30,di_cross_with_adx,long,5
3.0,-1.0,0.0,-1.0,-1.0,2.0,0.5797976196539937,0.4202023803460063,-0.24379904582417866,1.403394285132166,EUR_CAD,20,30,di_cross_with_adx,short,5
42.0,-0.10335458981736378,0.11933268078155478,-0.33724664414921113,0.13053746451448356,18.0,-0.5246888996759088,0.18191757775298475,-0.881247352071759,-0.16813044728005871,EUR_CHF,14,20,adx_cross,long,60
49.0,-0.09757566726445775,0.11856361202093472,-0.3299603468254898,0.13480901229657433,21.0,0.31464777929773174,0.17880987597210685,-0.035819577607597686,0.6651151362030612,EUR_CHF,14,20,adx_cross,short,70
44.0,0.12417271577884836,0.12338755273493611,-0.11766688758162641,0.36601231913932314,20.0,0.18293209446499495,0.18463107922809427,-0.17894482082206983,0.5448090097520597,EUR_CHF,14,20,di_cross_with_adx,long,64
47.0,0.05223643505634432,0.12815640957449712,-0.19895012770967005,0.3034229978223587,21.0,0.17699206425589134,0.17996796772646778,-0.17574515248798553,0.5297292809997682,EUR_CHF,14,20,di_cross_with_adx,short,68
29.0,-0.09928848393398668,0.17321127065193923,-0.4387825744117876,0.2402056065438142,13.0,0.25233329720820435,0.23842455424959713,-0.21497882912100602,0.7196454235374148,EUR_CHF,14,25,adx_cross,long,42
52.0,-0.027637021498437626,0.12099305169582661,-0.26478340282225776,0.20950935982538252,23.0,0.26427850470123637,0.18431184372208598,-0.09697270899405214,0.6255297183965249,EUR_CHF,14,25,adx_cross,short,75
20.0,-0.07924306182375,0.19007388010818002,-0.45178786683578287,0.29330174318828284,9.0,0.18060219756319595,0.27186772753596883,-0.352258548407303,0.7134629435336949,EUR_CHF,14,25,di_cross_with_adx,long,29
20.0,0.022573416779716738,0.19359964157236628,-0.3568818807021212,0.4020287142615547,9.0,0.024469121847834292,0.32397497415551474,-0.6105218274969746,0.6594600711926433,EUR_CHF,14,25,di_cross_with_adx,short,29
32.0,-0.01883642535467686,0.14910245855497797,-0.31107724412243365,0.27340439341308,15.0,-0.4041110591824755,0.22855301865178668,-0.8520749757399774,0.04385285737502642,EUR_CHF,14,30,adx_cross,long,47
37.0,0.11713636239743344,0.14097370530178657,-0.15917209999406826,0.39344482478893517,17.0,-0.246817822667719,0.20089878727640412,-0.6405794457294711,0.14694380039403304,EUR_CHF,14,30,adx_cross,short,54
4.0,-0.08728707093671473,0.39224335082361467,-0.8560840385509995,0.68150989667757,3.0,-1.0,0.0,-1.0,-1.0,EUR_CHF,14,30,di_cross_with_adx,long,7
9.0,0.015734839419699515,0.32591957869557375,-0.623067534823625,0.6545372136630241,4.0,0.06265523232883252,0.5435888672384902,-1.0027789474586082,1.1280894121162732,EUR_CHF,14,30,di_cross_with_adx,short,13
23.0,-0.10800091161749699,0.1908842739276198,-0.4821340885156318,0.2661322652806378,11.0,0.38114471647865855,0.2769822342322817,-0.16174046261661357,0.9240298955739307,EUR_CHF,20,20,adx_cross,long,34
38.0,-0.08565583688510635,0.13762980912545134,-0.35541026277099097,0.18409858900077825,17.0,0.0743319279845304,0.21907988864154698,-0.35506465375290164,0.5037285097219625,EUR_CHF,20,20,adx_cross,short,55
26.0,-0.07483684827803017,0.1720311675595254,-0.41201793669469994,0.2623442401386396,12.0,0.17267006538632448,0.2604225610716587,-0.3377581543141266,0.6830982850867755,EUR_CHF,20,20,di_cross_with_adx,long,38
27.0,0.20123664296747512,0.1693193343522606,-0.13062925236295564,0.5331025382979059,12.0,0.4006867435239269,0.2184732787629641,-0.027520882851482742,0.8288943698993365,EUR_CHF,20,20,di_cross_with_adx,short,39
22.0,0.15145110623292693,0.1734817268244777,-0.1885730783430494,0.4914752908089033,10.0,0.04284067477112516,0.27789707759079735,-0.5018375973068376,0.587518946849088,EUR_CHF,20,25,adx_cross,long,32
21.0,-0.030079151594302047,0.1820303538556926,-0.3868586451514595,0.32670034196285547,10.0,0.08125947066036236,0.315684260830923,-0.5374816805682467,0.7000006218889714,EUR_CHF,20,25,adx_cross,short,31
6.0,-0.17013444927307556,0.3892822554985869,-0.9331276700503058,0.5928587715041548,3.0,0.08903660502674286,0.4561017981437425,-0.8049229193349925,0.9829961293884781,EUR_CHF,20,25,di_cross_with_adx,long,9
9.0,-0.022573702271918104,0.3340968170237069,-0.6774034636383837,0.6322560590945474,4.0,0.24699750053732,0.4325550305435771,-0.6008103593280911,1.094805360402731,EUR_CHF,20,25,di_cross_with_adx,short,13
18.0,-0.050763140258560435,0.2263081380843705,-0.4943270909039266,0.39280081038680575,8.0,-0.24156025285703583,0.24050312427494128,-0.7129463764359207,0.22982587072184904,EUR_CHF,20,30,adx_cross,long,26
18.0,0.2666142598158625,0.18222474483660173,-0.09054624006387685,0.6237747596956018,8.0,0.33177765854186325,0.2805436196093504,-0.2180878358924636,0.8816431529761901,EUR_CHF,20,30,adx_cross,short,26
2.0,0.0,1.0,-1.96,1.96,2.0,-0.5755012077861649,0.25023645740795414,-1.065964664305755,-0.08503775126657476,EUR_CHF,20,30,di_cross_with_adx,long,4
3.0,0.3333333333333333,0.6666666666666667,-0.9733333333333336,1.6400000000000001,2.0,0.7346727678022613,0.2653272321977386,0.21463139269469367,1.254714142909829,EUR_CHF,20,30,di_cross_with_adx,short,5
44.0,-0.034094724555064286,0.1511041463821495,-0.3302588514640773,0.2620694023539487,20.0,0.1,0.22826577307580465,-0.3474009152285771,0.5474009152285771,EUR_NZD,14,20,adx_cross,long,64
39.0,0.1822813831879869,0.1552345303945763,-0.12197829638538263,0.48654106276135645,18.0,-0.3652189680644701,0.2197785412828887,-0.7959849089789319,0.06554697284999178,EUR_NZD,14,20,adx_cross,short,57
54.0,0.045462090077142345,0.13393530331320797,-0.21705110441674524,0.30797528457102996,24.0,4.440892098500626e-16,0.20851441405707485,-0.4086882515518663,0.40868825155186717,EUR_NZD,14,20,di_cross_with_adx,long,78
44.0,-0.04689434120588784,0.14696630143387854,-0.33494829201628973,0.24115960960451407,20.0,0.28032540477822937,0.2164073000684237,-0.14383290335588111,0.7044837129123398,EUR_NZD,14,20,di_cross_with_adx,short,64
37.0,-0.05475509408319828,0.16414704083690432,-0.37648329412353077,0.2669731059571342,17.0,0.24965175529427341,0.23382662966443218,-0.20864843884801365,0.7079519494365605,EUR_NZD,14,25,adx_cross,long,54
39.0,0.02316908534814388,0.15812583270081051,-0.28675754674544474,0.3330957174417325,18.0,-0.3420429121722827,0.2258256628852728,-0.7846612114274174,0.10057538708285196,EUR_NZD,14,25,adx_cross,short,57
30.0,0.06666666666666667,0.1852822223412403,-0.29648648912216435,0.42981982245549766,13.0,-0.2120559017199536,0.2685422568653113,-0.7383987251759637,0.31428692173605655,EUR_NZD,14,25,di_cross_with_adx,long,43
25.0,-0.2825340405223626,0.1824217082002638,-0.6400805885948796,0.07501250755015443,12.0,0.4672090079637156,0.25744138762933205,-0.037376111789775235,0.9717941277172064,EUR_NZD,14,25,di_cross_with_adx,short,37
34.0,0.0003940919876494769,0.16935451822428807,-0.3315407637319551,0.33232894770725413,15.0,-0.003658739704099216,0.23634847635427844,-0.46690175335848494,0.45958427395028656,EUR_NZD,14,30,adx_cross,long,49
24.0,-0.08333333333333333,0.20778914433245896,-0.49060005622495284,0.3239333895582862,11.0,-0.2806467093171341,0.27424479491725084,-0.8181665073549458,0.2568730887206776,EUR_NZD,14,30,adx_cross,short,35
12.0,0.5,0.2611164839335468,-0.011788308509751766,1.0117883085097517,6.0,-0.0406609721496883,0.4305681430346216,-0.8845745324975467,0.80325258819817,EUR_NZD,14,30,di_cross_with_adx,long,18
12.0,-0.4416890769348442,0.24598044307207134,-0.923810745356104,0.04043259148641559,6.0,-0.29929637292235184,0.4121404732315607,-1.1070917004562109,0.5084989546115071,EUR_NZD,14,30,di_cross_with_adx,short,18
33.0,0.05171956764666384,0.17407147041555646,-0.28946051436782677,0.3928996496611545,15.0,0.5028638532871387,0.2227085084981882,0.0663551766306898,0.9393725299435876,EUR_NZD,20,20,adx_cross,long,48
25.0,-0.09387709704306041,0.1976506092090287,-0.48127229109275665,0.29351809700663584,12.0,0.16666666666666574,0.29729419500528137,-0.4160299555436857,0.7493632888770172,EUR_NZD,20,20,adx_cross,short,37
27.0,0.22010864232038296,0.1875587870384684,-0.14750658027501512,0.587723864915781,12.0,-0.6666666666666666,0.22473328748774735,-1.1071439101426515,-0.22618942319068186,EUR_NZD,20,20,di_cross_with_adx,long,39
29.0,-0.05710412154569534,0.17923542194921946,-0.40840554856616545,0.2941973054747748,13.0,0.46479818689001146,0.24275805926588387,-0.011007609271120933,0.9406039830511439,EUR_NZD,20,20,di_cross_with_adx,short,42
22.0,-0.18181818181818182,0.2145806706734845,-0.6023962963382115,0.23875993270184775,10.0,0.3342050729354692,0.2767505559802354,-0.20822601678579222,0.8766361626567306,EUR_NZD,20,25,adx_cross,long,32
28.0,-0.07142857142857142,0.19195851781663212,-0.4476672663491704,0.3048101234920275,12.0,-0.3926093884278444,0.2523169487143702,-0.88715060790801,0.10193183105232123,EUR_NZD,20,25,adx_cross,short,40
11.0,0.09090909090909091,0.3149183286488867,-0.526330833242727,0.7081490150609089,5.0,-1.0,0.0,-1.0,-1.0,EUR_NZD,20,25,di_cross_with_adx,long,16
9.0,-0.17838492595825262,0.3305985261562302,-0.8263580372244638,0.46958818530795854,5.0,0.6000000000000022,0.40000000000000063,-0.18399999999999905,1.3840000000000034,EUR_NZD,20,25,di_cross_with_adx,short,14
16.0,0.025071936737591283,0.2528880063982769,-0.47058855580303144,0.5207324292782141,8.0,0.11200585381677783,0.35128447393428713,-0.5765117150944249,0.8005234227279806,EUR_NZD,20,30,adx_cross,long,24
12.0,-0.5,0.2611164839335468,-1.0117883085097517,0.011788308509751766,6.0,0.6666666666666666,0.33333333333333337,0.013333333333333197,1.32,EUR_NZD,20,30,adx_cross,short,18
2.0,0.0,1.0,-1.96,1.96,2.0,-1.0,0.0,-1.0,-1.0,EUR_NZD,20,30,di_cross_with_adx,long,4
4.0,0.0,0.5773502691896257,-1.1316065276116665,1.1316065276116665,3.0,0.33333333333333703,0.6666666666666686,-0.9733333333333334,1.6400000000000075,EUR_NZD,20,30,di_cross_with_adx,short,7
44.0,0.12435289349911782,0.0931376828897229,-0.058196964964739056,0.3069027519629747,20.0,0.11132115358875053,0.13201895991384469,-0.14743600784238506,0.3700783150198861,EUR_CZK,14,20,adx_cross,long,64
35.0,0.3083609480778214,0.11956116117505329,0.07402107217471693,0.5427008239809259,15.0,0.024243481260166164,0.1417844212062334,-0.2536539843040513,0.30214094682438364,EUR_CZK,14,20,adx_cross,short,50
41.0,0.11265337288489889,0.11167036714441674,-0.10622054671815791,0.3315272924879557,18.0,-0.1156487293283265,0.1862100268451716,-0.48062038194486284,0.24932292328820987,EUR_CZK,14,20,di_cross_with_adx,long,59
51.0,0.016550207387027248,0.1058092414935753,-0.19083590594038033,0.22393632071443484,22.0,-0.11298780670375881,0.173400142391989,-0.4528520857920572,0.22687647238453962,EUR_CZK,14,20,di_cross_with_adx,short,73
46.0,-0.062230695676991,0.10056777861831905,-0.25934354176889635,0.13488215041491433,20.0,0.2806550515914191,0.1391476148422893,0.007925726500532082,0.5533843766823061,EUR_CZK,14,25,adx_cross,long,66
35.0,0.07771617763040069,0.11953428962863456,-0.15657103004172307,0.3120033853025244,15.0,-0.11485987448309282,0.17572172458158786,-0.459274454663005,0.22955470569681935,EUR_CZK,14,25,adx_cross,short,50
17.0,0.17837249031464383,0.18439758479202806,-0.18304677587773113,0.5397917565070188,8.0,-0.27765983884640344,0.2636934905609263,-0.794499080345819,0.23917940265301207,EUR_CZK,14,25,di_cross_with_adx,long,25
22.0,0.0118830467297841,0.17940472659954548,-0.3397502174053251,0.3635163108648932,10.0,0.1032649111601123,0.28220411731817896,-0.44985515878351845,0.656384981103743,EUR_CZK,14,25,di_cross_with_adx,short,32
36.0,-0.038168358142987385,0.12404617143509698,-0.2812988541557775,0.2049621378698027,16.0,-0.046117853912432824,0.19406476581961085,-0.4264847949188701,0.3342490870940044,EUR_CZK,14,30,adx_cross,long,52
23.0,0.3379772703597929,0.1388983999101119,0.06573640653597357,0.6102181341836123,11.0,0.04359873544449909,0.17914755799764098,-0.3075304782308772,0.3947279491198754,EUR_CZK,14,30,adx_cross,short,34
10.0,0.342964500173967,0.2540357014184656,-0.15494547460622554,0.8408744749541596,5.0,-0.1505354542477928,0.3887907052296848,-0.9125652364979749,0.6114943280023893,EUR_CZK,14,30,di_cross_with_adx,long,15
9.0,-0.0980468946950776,0.3144775635244035,-0.7144229192029083,0.5183291298127533,5.0,0.33068109002245516,0.4226924334264619,-0.4977960794934102,1.1591582595383205,EUR_CZK,14,30,di_cross_with_adx,short,14
24.0,-0.02552903660353979,0.12158039405952022,-0.26382660896019944,0.21276853575311985,11.0,0.2426278018499632,0.26248648850626777,-0.2718457156223217,0.757101319322248,EUR_CZK,20,20,adx_cross,long,35
31.0,-0.05937694477436523,0.12605394841963477,-0.3064426836768494,0.18768879412811892,14.0,-0.16835265427492757,0.20213732957923125,-0.5645418202502208,0.22783651170036567,EUR_CZK,20,20,adx_cross,short,45
20.0,-0.04357851813421605,0.13457391672447572,-0.30734339491418844,0.22018635864575636,9.0,0.006684504732303079,0.19479338171449065,-0.3751105234280986,0.38847953289270476,EUR_CZK,20,20,di_cross_with_adx,long,29
18.0,0.16705883897086748,0.12656210288301883,-0.08100288267984943,0.4151205606215844,9.0,0.2830553282936358,0.24916632110443146,-0.2053106610710499,0.7714213176583214,EUR_CZK,20,20,di_cross_with_adx,short,27
28.0,0.06369702751286592,0.1286204781304526,-0.18839910962282114,0.315793164648553,12.0,-0.24542805742019821,0.20511878010418508,-0.6474608664244009,0.15660475158400453,EUR_CZK,20,25,adx_cross,long,40
18.0,0.28290997557029945,0.16095122759709346,-0.03255443052000373,0.5983743816606026,8.0,0.13155555244414086,0.20596732332681084,-0.2721404012764084,0.5352515061646901,EUR_CZK,20,25,adx_cross,short,26
7.0,-0.27891654809319455,0.09806029988412791,-0.47111473586608527,-0.08671836032030383,4.0,0.041441679222661065,0.4092569119241733,-0.7607018681487185,0.8435852265940407,EUR_CZK,20,25,di_cross_with_adx,long,11
5.0,0.25266843297847724,0.15653199058825862,-0.05413426857450965,0.5594711345314641,3.0,0.5056785756246059,0.2926849435513884,-0.06798391373611534,1.0793410649853272,EUR_CZK,20,25,di_cross_with_adx,short,8
21.0,-0.22379984601715092,0.1500344511988691,-0.5178673703669343,0.07026767833263253,10.0,-0.23037008057589822,0.2493380849782537,-0.7190727271332754,0.258332565981479,EUR_CZK,20,30,adx_cross,long,31
15.0,0.2353507235885909,0.21039259117212739,-0.17701875510877876,0.6477202022859606,7.0,0.13717900675650238,0.2804181563263971,-0.4124405796432359,0.6867985931562407,EUR_CZK,20,30,adx_cross,short,22
3.0,-0.20750268350177714,0.02557234886396633,-0.25762448727515114,-0.15738087972840314,2.0,-0.6342669800420486,0.36573301995795127,-1.351103699159633,0.08256973907553589,EUR_CZK,20,30,di_cross_with_adx,long,5
2.0,0.4285895267207026,0.05347130327312712,0.3237857723053734,0.5333932811360318,2.0,0.22615072498799613,0.239162188876239,-0.2426071652094323,0.6949086151854246,EUR_CZK,20,30,di_cross_with_adx,short,4
44.0,-0.13636363636363635,0.15107405843505764,-0.4324687908963493,0.1597415181690766,19.0,0.022081769925170348,0.23047599334940846,-0.4296511770396702,0.4738147168900109,CAD_JPY,14,20,adx_cross,long,63
46.0,-0.07278999324633088,0.1472413230234499,-0.36138298637229266,0.21580299987963086,20.0,-0.3842470570034181,0.20847963644747042,-0.7928671444404601,0.024373030433623932,CAD_JPY,14,20,adx_cross,short,66
51.0,-0.03335463967894913,0.14007366419863473,-0.3078990215082732,0.24118974215037492,22.0,0.1517257555331093,0.21120026979280854,-0.2622267732607954,0.5656782843270141,CAD_JPY,14,20,di_cross_with_adx,long,73
34.0,0.08106125333016145,0.1710721256525373,-0.25424011294881166,0.41636261960913457,15.0,-0.48846781158728686,0.2180116543936618,-0.9157706541988639,-0.06116496897570972,CAD_JPY,14,20,di_cross_with_adx,short,49
44.0,-0.1548979877255302,0.1489539406422423,-0.4468477113843251,0.1370517359332647,20.0,-0.1,0.22826577307580465,-0.5474009152285771,0.3474009152285771,CAD_JPY,14,25,adx_cross,long,64
49.0,0.1836734693877551,0.14188199737832796,-0.0944152454737677,0.46176218424927795,21.0,0.047619047619047616,0.22335313142016333,-0.3901530899644725,0.48539118520256774,CAD_JPY,14,25,adx_cross,short,70
17.0,-0.1000639190368474,0.24192192934603257,-0.5742309005550712,0.3741030624813764,8.0,-0.5,0.32732683535398854,-1.1415605972938176,0.14156059729381754,CAD_JPY,14,25,di_cross_with_adx,long,25
16.0,0.047255163326593075,0.2501979789769372,-0.4431328754682038,0.5376432021213899,8.0,-0.25,0.3659625273556999,-0.9672865536171718,0.46728655361717175,CAD_JPY,14,25,di_cross_with_adx,short,24
26.0,-0.054542387307593504,0.19649804332003934,-0.4396785522148706,0.33059377759968356,12.0,-0.5,0.2611164839335468,-1.0117883085097517,0.011788308509751766,CAD_JPY,14,30,adx_cross,long,38
35.0,-0.023629048372361287,0.1706744283670286,-0.3581509279717373,0.3108928312270147,15.0,-0.1138330400489232,0.25719354772777975,-0.6179323935953716,0.3902663134975251,CAD_JPY,14,30,adx_cross,short,50
6.0,0.0,0.4472135954999579,-0.8765386471799175,0.8765386471799175,3.0,0.3333333333333333,0.6666666666666667,-0.9733333333333336,1.6400000000000001,CAD_JPY,14,30,di_cross_with_adx,long,9
4.0,0.18902065330637235,0.4929993629192499,-0.7772580980153574,1.1552994046281022,3.0,0.3333333333333333,0.6666666666666667,-0.9733333333333336,1.6400000000000001,CAD_JPY,14,30,di_cross_with_adx,short,7
28.0,-0.08304409111942333,0.1898976730186964,-0.4552435302360683,0.2891553479972216,13.0,-0.23076923076923078,0.2808833628231621,-0.7813006219026286,0.319762160364167,CAD_JPY,20,20,adx_cross,long,41
35.0,-0.13230294740327092,0.1684956122364137,-0.4625543473866418,0.19794845258009997,15.0,-0.2,0.26186146828319085,-0.7132484778350541,0.313248477835054,CAD_JPY,20,20,adx_cross,short,50
29.0,0.034482758620689655,0.18886984741557453,-0.3357021423138364,0.4046676595552157,13.0,0.07692307692307693,0.2878197989826109,-0.48720372908284043,0.6410498829289943,CAD_JPY,20,20,di_cross_with_adx,long,42
26.0,-0.12476605333748118,0.19475730428435292,-0.5064903697348129,0.25695826305985053,12.0,0.0,0.30151134457776363,-0.5909622353724167,0.5909622353724167,CAD_JPY,20,20,di_cross_with_adx,short,38
15.0,-0.16486435195411273,0.23836173487505308,-0.6320533523092168,0.30232464840099127,7.0,-0.2692248532896734,0.36206908760295364,-0.9788802649914625,0.44043055841211576,CAD_JPY,20,25,adx_cross,long,22
30.0,0.13333333333333333,0.1840373108931074,-0.22737979601715716,0.4940464626838238,13.0,-0.23076923076923078,0.2808833628231621,-0.7813006219026286,0.319762160364167,CAD_JPY,20,25,adx_cross,short,43
14.0,-0.14285714285714285,0.2745054065230065,-0.6808877396422355,0.39517345392794984,6.0,0.3333333333333333,0.421637021355784,-0.4930752285240034,1.15974189519067,CAD_JPY,20,25,di_cross_with_adx,long,20
6.0,0.3333333333333333,0.421637021355784,-0.4930752285240034,1.15974189519067,3.0,-0.3333333333333333,0.6666666666666667,-1.6400000000000001,0.9733333333333336,CAD_JPY,20,25,di_cross_with_adx,short,9
11.0,0.21168533720714222,0.2956505950921998,-0.3677898291735694,0.7911605035878538,6.0,0.4487837146342853,0.3237705329472548,-0.1858065299423341,1.0833739592109046,CAD_JPY,20,30,adx_cross,long,17
27.0,-0.1111111111111111,0.19490178206822872,-0.4931186039648394,0.2708963817426172,12.0,-0.5,0.2611164839335468,-1.0117883085097517,0.011788308509751766,CAD_JPY,20,30,adx_cross,short,39
2.0,0.0,1.0,-1.96,1.96,2.0,1.0,0.0,1.0,1.0,CAD_JPY,20,30,di_cross_with_adx,long,4
2.0,1.0,0.0,1.0,1.0,1.0,1.0,,,,CAD_JPY,20,30,di_cross_with_adx,short,3
37.0,-0.11478912895395346,0.16342242147865033,-0.43509707505210804,0.20551881714420114,16.0,-0.3149028398363082,0.2364217389456804,-0.7782894481698417,0.1484837684972254,CAD_CHF,14,20,adx_cross,long,53
42.0,-0.234047718384539,0.1469973566675722,-0.5221625374529805,0.0540671006839025,18.0,0.0005906202496359647,0.22405864432061698,-0.4385643226187733,0.43974556311804525,CAD_CHF,14,20,adx_cross,short,60
48.0,0.43941608711197416,0.12607413889403224,0.19231077487967096,0.6865213993442774,21.0,-0.047619047619047616,0.22335313142016333,-0.48539118520256774,0.3901530899644725,CAD_CHF,14,20,di_cross_with_adx,long,69
44.0,0.01726206072800639,0.14948103806331844,-0.2757207738760977,0.3102448953321105,20.0,-0.12168269979735272,0.21790509915907447,-0.5487766941491387,0.3054112945544333,CAD_CHF,14,20,di_cross_with_adx,short,64
44.0,0.05710455508953416,0.15092049735153132,-0.23869961971946724,0.35290872989853556,19.0,0.2631578947368421,0.22739441047045122,-0.18253514978524232,0.7088509392589265,CAD_CHF,14,25,adx_cross,long,63
44.0,0.27275794090964556,0.1423154864322385,-0.006180412497541921,0.5516962943168331,19.0,-0.05263157894736842,0.23537557657892524,-0.5139677090420619,0.40870455114732507,CAD_CHF,14,25,adx_cross,short,63
15.0,0.3333333333333333,0.25197631533948484,-0.16054024473205697,0.8272069113987236,7.0,0.42857142857142855,0.36885555678165877,-0.29438546272062266,1.1515283198634798,CAD_CHF,14,25,di_cross_with_adx,long,22
16.0,0.4601398841885987,0.22120462874543312,0.026578811847549788,0.8937009565296476,8.0,-0.10830822433746481,0.35162850760812336,-0.7975000992493866,0.580883650574457,CAD_CHF,14,25,di_cross_with_adx,short,24
30.0,-0.22973932226426644,0.1755858851692758,-0.5738876571960471,0.11440901266751416,14.0,-0.14285714285714285,0.2745054065230065,-0.6808877396422355,0.39517345392794984,CAD_CHF,14,30,adx_cross,long,44
31.0,0.18861268436635678,0.176344585663479,-0.15702270353406203,0.5342480722667756,14.0,0.2857142857142857,0.26578871697687523,-0.23523159956038975,0.8066601709889611,CAD_CHF,14,30,adx_cross,short,45
7.0,0.14285714285714285,0.40406101782088427,-0.6491024520717903,0.9348167377860761,3.0,-0.3333333333333333,0.6666666666666667,-1.6400000000000001,0.9733333333333336,CAD_CHF,14,30,di_cross_with_adx,long,10
6.0,0.3333333333333333,0.421637021355784,-0.4930752285240034,1.15974189519067,3.0,0.3333333333333333,0.6666666666666667,-0.9733333333333336,1.6400000000000001,CAD_CHF,14,30,di_cross_with_adx,short,9
19.0,0.05263157894736842,0.2353755765789252,-0.40870455114732496,0.5139677090420618,9.0,-0.3333333333333333,0.3333333333333333,-0.9866666666666666,0.32,CAD_CHF,20,20,adx_cross,long,28
32.0,0.46647823007466716,0.1556788682804365,0.16134764824501163,0.7716088119043227,15.0,0.1314217813597852,0.25580635242611716,-0.36995866939540445,0.6328022321149749,CAD_CHF,20,20,adx_cross,short,47
21.0,0.14285714285714285,0.22131333406899525,-0.29091699191808784,0.5766312776323735,10.0,0.18556673038915905,0.2936257106814006,-0.3899396625463861,0.7610731233247042,CAD_CHF,20,20,di_cross_with_adx,long,31
25.0,-0.0920348376880447,0.19949420643281168,-0.48304348229635563,0.2989738069202662,11.0,-0.20721159498177724,0.29550758767738683,-0.7864064668294554,0.37198327686590094,CAD_CHF,20,20,di_cross_with_adx,short,36
21.0,0.09142511432587809,0.2172933174471351,-0.3344697878705067,0.5173200165222629,10.0,0.07801321871850761,0.30674353678780086,-0.523204113385582,0.6792305508225973,CAD_CHF,20,25,adx_cross,long,31
23.0,0.1733465268755481,0.20521386874927988,-0.22887265587304048,0.5755657096241367,10.0,0.15061969993476815,0.31674336723852986,-0.47019729985275033,0.7714366997222866,CAD_CHF,20,25,adx_cross,short,33
7.0,-0.14285714285714285,0.40406101782088427,-0.9348167377860761,0.6491024520717903,3.0,0.7146372034724413,0.2853627965275588,0.15532612227842602,1.2739482846664565,CAD_CHF,20,25,di_cross_with_adx,long,10
7.0,-0.7142857142857143,0.28571428571428575,-1.2742857142857145,-0.15428571428571425,3.0,0.3333333333333333,0.6666666666666667,-0.9733333333333336,1.6400000000000001,CAD_CHF,20,25,di_cross_with_adx,short,10
8.0,-0.25,0.3659625273556999,-0.9672865536171718,0.46728655361717175,4.0,-0.5,0.5,-1.48,0.48,CAD_CHF,20,30,adx_cross,long,12
24.0,0.0,0.2085144140570748,-0.4086882515518666,0.4086882515518666,11.0,0.23949409532959495,0.29804783313862626,-0.3446796576221125,0.8236678482813025,CAD_CHF,20,30,adx_cross,short,35
3.0,0.3333333333333333,0.6666666666666667,-0.9733333333333336,1.6400000000000001,2.0,1.0,0.0,1.0,1.0,CAD_CHF,20,30,di_cross_with_adx,long,5
2.0,0.0,1.0,-1.96,1.96,1.0,-1.0,,,,CAD_CHF,20,30,di_cross_with_adx,short,3
51.0,-0.0852178400906552,0.13840566689747077,-0.35649294720969793,0.18605726702838754,22.0,0.15917440598036328,0.21164393387383257,-0.2556477044123485,0.5739965163730751,USD_JPY,14,20,adx_cross,long,73
39.0,-0.005994820817503519,0.15707344076891966,-0.31385876472458607,0.30186912308957903,17.0,0.3236941459876343,0.2306160472390711,-0.12831330660094503,0.7757015985762137,USD_JPY,14,20,adx_cross,short,56
37.0,0.03027725802796443,0.16069259168925318,-0.2846802216829718,0.3452347377389007,17.0,0.3545120906798221,0.22576807793961293,-0.08799334208181925,0.7970175234414634,USD_JPY,14,20,di_cross_with_adx,long,54
51.0,0.04498018013397718,0.13523407814972904,-0.22007861303949175,0.3100389733074461,23.0,-0.06450786904933364,0.20932262399286164,-0.47478021207534243,0.34576447397667515,USD_JPY,14,20,di_cross_with_adx,short,74
35.0,0.11988238940778927,0.15695678769649835,-0.1877529144773475,0.42751769329292605,16.0,0.125,0.25617376914899,-0.37710058753202036,0.6271005875320204,USD_JPY,14,25,adx_cross,long,51
36.0,-0.03083704873740641,0.1666140302482141,-0.35740054802390603,0.29572645054909324,16.0,-0.17444261511256928,0.24001853880984314,-0.6448789511798618,0.2959937209547233,USD_JPY,14,25,adx_cross,short,52
14.0,0.10233771750178293,0.2676785779914189,-0.4223122953613981,0.6269877303649639,6.0,0.3333333333333333,0.421637021355784,-0.4930752285240034,1.15974189519067,USD_JPY,14,25,di_cross_with_adx,long,20
21.0,0.0556614288585254,0.21358826518861268,-0.3629715709111554,0.47429442862820625,10.0,0.15163190118653264,0.3168712144185738,-0.469435679073872,0.7726994814469372,USD_JPY,14,25,di_cross_with_adx,short,31
31.0,0.08755478996236814,0.15591354997115486,-0.21803576798109536,0.39314534790583167,14.0,-0.236446088803577,0.2537461619617186,-0.7337885662485455,0.26089638864139153,USD_JPY,14,30,adx_cross,long,45
30.0,-0.11782189660258645,0.18216260898959957,-0.4748606102222016,0.23921681701702868,13.0,-0.1717217884181517,0.2735176028014415,-0.7078162899089769,0.3643727130726736,USD_JPY,14,30,adx_cross,short,43
5.0,0.08654560900499222,0.4555108587487734,-0.8062556741426037,0.9793468921525881,3.0,0.3333333333333333,0.6666666666666667,-0.9733333333333336,1.6400000000000001,USD_JPY,14,30,di_cross_with_adx,long,8
9.0,-0.1111111111111111,0.35136418446315326,-0.7997849126588914,0.5775626904366693,4.0,0.5,0.5,-0.48,1.48,USD_JPY,14,30,di_cross_with_adx,short,13
25.0,0.2282450780070947,0.16799637547496385,-0.10102781792383442,0.5575179739380238,12.0,-0.16666666666666666,0.2972941950052816,-0.7493632888770185,0.41602995554368527,USD_JPY,20,20,adx_cross,long,37
27.0,-0.06950035032816305,0.19036853986697605,-0.4426226884674361,0.30362198781111,12.0,0.0,0.30151134457776363,-0.5909622353724167,0.5909622353724167,USD_JPY,20,20,adx_cross,short,39
23.0,-0.09752127501554042,0.20412141415735333,-0.49759924676395295,0.3025566967328721,10.0,0.4,0.3055050463303893,-0.19878989080756293,0.998789890807563,USD_JPY,20,20,di_cross_with_adx,long,33
26.0,-0.2830018460192441,0.18829541929021298,-0.6520608678280615,0.08605717578957334,12.0,-0.20697341567788952,0.2854094531419134,-0.7663759438360398,0.35242911248026076,USD_JPY,20,20,di_cross_with_adx,short,38
17.0,-0.1272601429865538,0.2262925536451599,-0.5707935481310672,0.3162732621579596,8.0,0.25,0.3659625273556999,-0.46728655361717175,0.9672865536171718,USD_JPY,20,25,adx_cross,long,25
29.0,-0.15240958883052877,0.18138833352642936,-0.5079307225423303,0.20311154488127278,13.0,-0.23076923076923078,0.2808833628231621,-0.7813006219026286,0.319762160364167,USD_JPY,20,25,adx_cross,short,42
6.0,-0.4224936841082452,0.3717191935428276,-1.1510633034521873,0.3060759352356969,3.0,0.3333333333333333,0.6666666666666667,-0.9733333333333336,1.6400000000000001,USD_JPY,20,25,di_cross_with_adx,long,9
9.0,-0.7064497773889274,0.2247392555842995,-1.1469387183341544,-0.26596083644370044,4.0,-0.5,0.5,-1.48,0.48,USD_JPY,20,25,di_cross_with_adx,short,13
11.0,0.5356237802569108,0.24965198947781028,0.04630588088040266,1.024941679633419,6.0,-0.29143779687514165,0.3427736081738851,-0.9632740688959565,0.3803984751456731,USD_JPY,20,30,adx_cross,long,17
22.0,-0.15339901394227895,0.21127714669536418,-0.5675022214651928,0.26070419358063485,10.0,0.0,0.3333333333333333,-0.6533333333333333,0.6533333333333333,USD_JPY,20,30,adx_cross,short,32
1.0,-1.0,,,,1.0,1.0,,,,USD_JPY,20,30,di_cross_with_adx,long,2
2.0,-1.0,0.0,-1.0,-1.0,2.0,-1.0,0.0,-1.0,-1.0,USD_JPY,20,30,di_cross_with_adx,short,4
49.0,0.09964368545360903,0.1367930546644199,-0.16847070168865397,0.367758072595872,21.0,-0.07891917853479104,0.17454644190376628,-0.4210302046661729,0.26319184759659087,EUR_GBP,14,20,adx_cross,long,70
33.0,0.06587830099734966,0.1580038792461419,-0.24380930232508846,0.37556590431978776,15.0,-0.16841763800456794,0.23491136450450656,-0.6288439124334008,0.2920086364242649,EUR_GBP,14,20,adx_cross,short,48
58.0,0.007943558398542543,0.12681741668956795,-0.24061857831301062,0.2565056951100957,26.0,-0.09518622895128503,0.17174117797403662,-0.4317989377803968,0.24142647987782673,EUR_GBP,14,20,di_cross_with_adx,long,84
51.0,-0.1599470946831813,0.13157659579303407,-0.4178372224375281,0.09794303307116548,23.0,0.12099261104004677,0.18122589377862022,-0.23421014076604885,0.4761953628461424,EUR_GBP,14,20,di_cross_with_adx,short,74
37.0,-0.05949901112323492,0.1599291813734646,-0.3729602066152255,0.2539621843687557,16.0,-0.0734981576525767,0.23780609093706656,-0.5395980958892271,0.3926017805840738,EUR_GBP,14,25,adx_cross,long,53
46.0,0.026692385209836866,0.13975015185728756,-0.24721791243044677,0.3006026828501205,21.0,-0.18900516305758475,0.1915354244905904,-0.5644145950591419,0.18640426894397244,EUR_GBP,14,25,adx_cross,short,67
25.0,0.20363098397635715,0.19136323700459895,-0.17144096055265678,0.5787029285053711,12.0,-0.47006639011715046,0.22493378654027849,-0.9109366117360963,-0.02919616849820461,EUR_GBP,14,25,di_cross_with_adx,long,37
23.0,-0.32593883433936627,0.18781737010797644,-0.6940608797510002,0.04218321107226758,11.0,-0.1365676945054175,0.2762182840324693,-0.6779555312090573,0.40482014219822227,EUR_GBP,14,25,di_cross_with_adx,short,34
37.0,-0.19300047665711,0.15793199373692282,-0.5025471843814787,0.1165462310672587,16.0,-0.3262995124992335,0.21861010067331743,-0.7547753098189356,0.10217628482046864,EUR_GBP,14,30,adx_cross,long,53
32.0,0.04776910768392306,0.16686605892556955,-0.2792883678101932,0.37482658317803935,15.0,-0.10323641281457939,0.20584619229833273,-0.5066949497193115,0.30022212409015275,EUR_GBP,14,30,adx_cross,short,47
10.0,-0.10017959232542113,0.3144597433722277,-0.7165206893349875,0.5161615046841451,5.0,-0.12815933628116108,0.3352605222243568,-0.7852699598409004,0.5289512872785783,EUR_GBP,14,30,di_cross_with_adx,long,15
8.0,-0.6412399853423723,0.25799257414271165,-1.1469054306620872,-0.13557454002265745,4.0,-0.04722453359777195,0.42005593739326036,-0.8705341708885622,0.7760851036930184,EUR_GBP,14,30,di_cross_with_adx,short,12
35.0,-0.1822948216531933,0.15882350214633598,-0.4935888858600118,0.1289992425536252,16.0,-0.12263746257604316,0.24132845111596374,-0.5956412267633321,0.3503663016112457,EUR_GBP,20,20,adx_cross,long,51
30.0,-0.11719259338007403,0.16344324281766784,-0.437541349302703,0.20315616254255492,14.0,-0.009545040332317456,0.23591020398121337,-0.47192904013549564,0.4528389594708607,EUR_GBP,20,20,adx_cross,short,44
26.0,0.12574509741883508,0.19393056356700492,-0.2543588071724946,0.5058490020101647,12.0,-0.18808090450079606,0.23503105873802507,-0.6487417796273252,0.2725799706257331,EUR_GBP,20,20,di_cross_with_adx,long,38
20.0,-0.3622989156167361,0.20796821141828498,-0.7699166099965746,0.04531877876310242,9.0,0.044118104312306936,0.29684957191668254,-0.5377070566443909,0.6259432652690047,EUR_GBP,20,20,di_cross_with_adx,short,29
26.0,-0.40724654357685436,0.17428829665618856,-0.7488516050229839,-0.0656414821307248,12.0,-0.16073938851859404,0.2623034950411788,-0.6748542387993044,0.3533754617621163,EUR_GBP,20,25,adx_cross,long,38
22.0,-0.17676911861270364,0.20450265583739566,-0.5775943240539991,0.22405608682859182,10.0,-0.3103627500833904,0.26345713429448786,-0.8267387333005867,0.20601323313380582,EUR_GBP,20,25,adx_cross,short,32
7.0,-0.42857142857142855,0.36885555678165877,-1.1515283198634798,0.29438546272062266,4.0,0.041902440296305105,0.40977452041032936,-0.7612556197079404,0.8450605003005506,EUR_GBP,20,25,di_cross_with_adx,long,11
4.0,0.0,0.5773502691896257,-1.1316065276116665,1.1316065276116665,3.0,0.1430631603743743,0.5948112315597591,-1.0227668534827534,1.3088931742315022,EUR_GBP,20,25,di_cross_with_adx,short,7
23.0,0.017833263571304384,0.20927562246752204,-0.3923469564650388,0.42801348360764757,10.0,-0.38852213453992246,0.26032387157791714,-0.8987569228326401,0.12171265375279516,EUR_GBP,20,30,adx_cross,long,33
19.0,0.03425254197714129,0.23195865058079687,-0.42038641316122055,0.4888914971155031,9.0,0.0863584578274103,0.27035972269646796,-0.44354659865766694,0.6162635143124875,EUR_GBP,20,30,adx_cross,short,28
2.0,0.0,1.0,-1.96,1.96,1.0,0.14688670411985097,,,,EUR_GBP,20,30,di_cross_with_adx,long,3
,,,,,,,,,,EUR_GBP,20,30,di_cross_with_adx,short,0
36.0,-0.3571444091711007,0.15040792111030002,-0.6519439345472887,-0.06234488379491265,16.0,0.375,0.23935677693908453,-0.09413928280060568,0.8441392828006057,EUR_JPY,14,20,adx_cross,long,52
46.0,0.2672519681579118,0.14071579308314533,-0.00855098628505302,0.5430549226008766,21.0,-0.403907054510912,0.20003815904709588,-0.79598184624322,-0.011832262778604108,EUR_JPY,14,20,adx_cross,short,67
38.0,0.17724744662474884,0.1558718166161018,-0.1282613139428107,0.4827562071923084,17.0,0.17647058823529413,0.24607647839237515,-0.30583930941376114,0.6587804858843495,EUR_JPY,14,20,di_cross_with_adx,long,55
40.0,0.187938327610932,0.15105945767024345,-0.10813820942274516,0.48401486464460913,18.0,0.2222222222222222,0.23647127470752347,-0.24126147620452376,0.6857059206489682,EUR_JPY,14,20,di_cross_with_adx,short,58
37.0,-0.12238937449126767,0.15518735728333402,-0.42655659476660235,0.18177784578406697,16.0,0.125,0.25617376914899,-0.37710058753202036,0.6271005875320204,EUR_JPY,14,25,adx_cross,long,53
41.0,0.0828219703395627,0.1541119369141268,-0.21923742601212584,0.3848813666912513,18.0,-0.2222222222222222,0.23647127470752347,-0.6857059206489682,0.24126147620452376,EUR_JPY,14,25,adx_cross,short,59
16.0,0.1249999999999993,0.25617376914898976,-0.3771005875320206,0.6271005875320192,7.0,-0.14285714285714285,0.40406101782088427,-0.9348167377860761,0.6491024520717903,EUR_JPY,14,25,di_cross_with_adx,long,23
18.0,0.3333333333333333,0.2286647801900118,-0.1148496358390898,0.7815163025057564,9.0,0.3333333333333333,0.3333333333333333,-0.32,0.9866666666666666,EUR_JPY,14,25,di_cross_with_adx,short,27
35.0,0.1250410258529388,0.16801978163684803,-0.20427774615528332,0.45435979786116093,16.0,0.11881296452787957,0.2548361406921172,-0.3806658712286701,0.6182918002844292,EUR_JPY,14,30,adx_cross,long,51
42.0,-0.1428571428571431,0.15457193737155978,-0.4458181401054002,0.16010385439111405,18.0,-0.09727528344011047,0.2280373867381062,-0.5442285614467987,0.34967799456657767,EUR_JPY,14,30,adx_cross,short,60
4.0,0.0,0.5773502691896257,-1.1316065276116665,1.1316065276116665,2.0,0.0,1.0,-1.96,1.96,EUR_JPY,14,30,di_cross_with_adx,long,6
7.0,0.7142857142857143,0.28571428571428575,0.15428571428571425,1.2742857142857145,4.0,0.5,0.5,-0.48,1.48,EUR_JPY,14,30,di_cross_with_adx,short,11
30.0,0.2078932687805698,0.18031227337841335,-0.14551878704112037,0.5613053246022599,14.0,-0.14285714285714285,0.2745054065230065,-0.6808877396422355,0.39517345392794984,EUR_JPY,20,20,adx_cross,long,44
32.0,-0.12500000000000033,0.17819661124180922,-0.47426535803394637,0.2242653580339457,15.0,-0.08961261659791182,0.250918176396399,-0.5814122423348539,0.40218700913903027,EUR_JPY,20,20,adx_cross,short,47
19.0,-0.052631578947367835,0.23537557657892538,-0.5139677090420616,0.40870455114732596,9.0,-0.1111111111111111,0.35136418446315326,-0.7997849126588914,0.5775626904366693,EUR_JPY,20,20,di_cross_with_adx,long,28
24.0,0.3333333333333333,0.19658927487319622,-0.05198164541813127,0.718648312084798,11.0,-0.46110627448013053,0.24929431233901952,-0.9497231266646088,0.027510577704347727,EUR_JPY,20,20,di_cross_with_adx,short,35
25.0,0.2,0.2,-0.192,0.5920000000000001,11.0,0.09090909090909091,0.3149183286488867,-0.526330833242727,0.7081490150609089,EUR_JPY,20,25,adx_cross,long,36
22.0,-0.2032481717846507,0.20998113056635823,-0.6148111876947129,0.2083148441254114,10.0,0.0,0.3333333333333333,-0.6533333333333333,0.6533333333333333,EUR_JPY,20,25,adx_cross,short,32
5.0,-0.1999999999999978,0.48989794855663693,-1.1601999791710063,0.7601999791710106,3.0,-0.3333333333333333,0.6666666666666667,-1.6400000000000001,0.9733333333333336,EUR_JPY,20,25,di_cross_with_adx,long,8
7.0,0.42857142857142855,0.36885555678165877,-0.29438546272062266,1.1515283198634798,3.0,-0.3333333333333333,0.6666666666666667,-1.6400000000000001,0.9733333333333336,EUR_JPY,20,25,di_cross_with_adx,short,10
18.0,-0.08381845235034216,0.23661797897035083,-0.5475896911322298,0.3799527864315455,9.0,-0.1111111111111111,0.35136418446315326,-0.7997849126588914,0.5775626904366693,EUR_JPY,20,30,adx_cross,long,27
21.0,0.14285714285714285,0.2213133340689953,-0.29091699191808795,0.5766312776323737,9.0,-0.3333333333333333,0.3333333333333333,-0.9866666666666666,0.32,EUR_JPY,20,30,adx_cross,short,30
1.0,-1.0,,,,1.0,1.0,,,,EUR_JPY,20,30,di_cross_with_adx,long,2
1.0,1.0,,,,1.0,1.0,,,,EUR_JPY,20,30,di_cross_with_adx,short,2
37.0,0.24324324324324326,0.1616608868912285,-0.07361209506356464,0.5600985815500512,17.0,0.1307219712835975,0.24070137664765484,-0.341052726945806,0.602496669513001,GBP_JPY,14,20,adx_cross,long,54
35.0,0.28092622394828876,0.1620921507941368,-0.03677439160821938,0.5986268395047969,15.0,-0.06666666666666667,0.2666666666666666,-0.5893333333333332,0.45599999999999985,GBP_JPY,14,20,adx_cross,short,50
42.0,-0.17737863203666163,0.1521830282495209,-0.4756573674057226,0.12090010333239934,18.0,0.2222222222222222,0.23647127470752347,-0.24126147620452376,0.6857059206489682,GBP_JPY,14,20,di_cross_with_adx,long,60
48.0,-0.041666666666666664,0.1457383175777801,-0.3273137691191157,0.24398043578578235,21.0,0.09535743553923129,0.21717368751216046,-0.3303029919846032,0.5210178630630657,GBP_JPY,14,20,di_cross_with_adx,short,69
37.0,-0.02702702702702703,0.16660578386402639,-0.35357436340051873,0.2995203093464647,16.0,0.25,0.25,-0.24,0.74,GBP_JPY,14,25,adx_cross,long,53
35.0,0.1999999999999997,0.1680336100833611,-0.12934587576338805,0.5293458757633874,16.0,-0.5,0.22360679774997896,-0.9382693235899587,-0.06173067641004126,GBP_JPY,14,25,adx_cross,short,51
20.0,-0.27249512727698944,0.21592725634665125,-0.6957125497164258,0.150722295162447,9.0,0.5555555555555556,0.2939723678960656,-0.020630285520732983,1.1317413966318441,GBP_JPY,14,25,di_cross_with_adx,long,29
21.0,0.14285714285714285,0.22131333406899525,-0.29091699191808784,0.5766312776323735,9.0,0.1111111111111111,0.35136418446315326,-0.5775626904366693,0.7997849126588914,GBP_JPY,14,25,di_cross_with_adx,short,30
35.0,0.3142857142857143,0.16280848454873728,-0.004818915429810777,0.6333903440012394,16.0,0.5,0.22360679774997896,0.06173067641004126,0.9382693235899587,GBP_JPY,14,30,adx_cross,long,51
39.0,0.4358974358974359,0.14599868649175193,0.14974001037360213,0.7220548614212696,17.0,-0.17647058823529413,0.24607647839237515,-0.6587804858843495,0.30583930941376114,GBP_JPY,14,30,adx_cross,short,56
10.0,-0.4,0.30550504633038933,-0.9987898908075631,0.19878989080756304,5.0,0.2,0.48989794855663565,-0.7601999791710059,1.1601999791710058,GBP_JPY,14,30,di_cross_with_adx,long,15
4.0,0.0,0.5773502691896257,-1.1316065276116665,1.1316065276116665,3.0,0.3333333333333333,0.6666666666666667,-0.9733333333333336,1.6400000000000001,GBP_JPY,14,30,di_cross_with_adx,short,7
22.0,0.2727272727272727,0.20994555243259116,-0.13876601004060596,0.6842205554951514,10.0,-0.4,0.3055050463303893,-0.998789890807563,0.19878989080756293,GBP_JPY,20,20,adx_cross,long,32
25.0,0.07248382295951107,0.1995994341113569,-0.31873106789874844,0.46369871381777056,11.0,-0.45454545454545453,0.2816715160878121,-1.0066216260775662,0.09753071698665722,GBP_JPY,20,20,adx_cross,short,36
21.0,-0.21190012121618093,0.21413990426645246,-0.6316143335784278,0.2078140911460659,9.0,0.5555555555555556,0.2939723678960656,-0.020630285520732983,1.1317413966318441,GBP_JPY,20,20,di_cross_with_adx,long,30
17.0,0.058823529411764705,0.2495670992423109,-0.43032798510316467,0.547975043926694,8.0,0.0,0.3779644730092272,-0.7408103670980853,0.7408103670980853,GBP_JPY,20,20,di_cross_with_adx,short,25
20.0,0.2,0.22478059477960655,-0.2405699657680288,0.6405699657680288,9.0,0.07315702431899945,0.34126684766956455,-0.5957259971133471,0.7420400457513461,GBP_JPY,20,25,adx_cross,long,29
22.0,-0.11546898337799961,0.21278395839304662,-0.532525541828371,0.30158757507237177,10.0,-0.4,0.3055050463303893,-0.998789890807563,0.19878989080756293,GBP_JPY,20,25,adx_cross,short,32
9.0,-0.3333333333333333,0.3333333333333333,-0.9866666666666666,0.32,4.0,0.0,0.5773502691896257,-1.1316065276116665,1.1316065276116665,GBP_JPY,20,25,di_cross_with_adx,long,13
4.0,1.0,0.0,1.0,1.0,3.0,0.3333333333333333,0.6666666666666667,-0.9733333333333336,1.6400000000000001,GBP_JPY,20,25,di_cross_with_adx,short,7
21.0,0.3333333333333333,0.21081851067789195,-0.07987094759533492,0.7465376142620015,10.0,-0.2,0.32659863237109044,-0.8401333194473373,0.4401333194473372,GBP_JPY,20,30,adx_cross,long,31
10.0,0.0,0.3333333333333333,-0.6533333333333333,0.6533333333333333,5.0,-0.2,0.48989794855663565,-1.1601999791710058,0.7601999791710059,GBP_JPY,20,30,adx_cross,short,15
3.0,-1.0,0.0,-1.0,-1.0,2.0,0.0,1.0,-1.96,1.96,GBP_JPY,20,30,di_cross_with_adx,long,5
2.0,1.0,0.0,1.0,1.0,2.0,1.0,0.0,1.0,1.0,GBP_JPY,20,30,di_cross_with_adx,short,4
42.0,0.02801089889946065,0.1542999321044116,-0.2744169680251861,0.33043876582410736,19.0,0.26315789473684154,0.2273944104704511,-0.18253514978524266,0.7088509392589257,GBP_AUD,14,20,adx_cross,long,61
43.0,-0.023255813953488372,0.15426161815606512,-0.325608585539376,0.2790969576323993,19.0,0.11878925164441904,0.22812444018522118,-0.32833465111861443,0.5659131544074525,GBP_AUD,14,20,adx_cross,short,62
54.0,0.0,0.13736056394868904,-0.2692267053394305,0.2692267053394305,24.0,0.11654738330633203,0.18363346255435903,-0.24337420330021164,0.4764689699128757,GBP_AUD,14,20,di_cross_with_adx,long,78
50.0,0.06867668065351319,0.14135263133582837,-0.20837447676471044,0.3457278380717368,22.0,0.20626002116652825,0.19028482874690594,-0.1666982431774074,0.579218285510464,GBP_AUD,14,20,di_cross_with_adx,short,72
40.0,-0.019556732037353274,0.15782614348120674,-0.32889597326051845,0.28978250918581194,18.0,-0.14750947875664558,0.23380375876268852,-0.605764845931515,0.3107458884182239,GBP_AUD,14,25,adx_cross,long,58
37.0,0.14774529801680644,0.16320016687448619,-0.1721270290571865,0.4676176250907994,17.0,0.08607205634135111,0.2407577098415462,-0.38581305494807944,0.5579571676307816,GBP_AUD,14,25,adx_cross,short,54
18.0,0.0,0.24253562503633302,-0.4753698250712127,0.4753698250712127,8.0,-0.017666881200855647,0.32777747125417,-0.6601107248590289,0.6247769624573175,GBP_AUD,14,25,di_cross_with_adx,long,26
20.0,0.0,0.22941573387056172,-0.44965483838630094,0.44965483838630094,9.0,0.0063827737958088715,0.3105425924850312,-0.6022807074748523,0.61504625506647,GBP_AUD,14,25,di_cross_with_adx,short,29
39.0,-0.025641025641025356,0.16216808513684,-0.3434904725092317,0.29220842122718105,17.0,0.05225233558648318,0.23514389288587784,-0.4086296944698374,0.5131343656428038,GBP_AUD,14,30,adx_cross,long,56
24.0,-0.015405320078751839,0.202741419563476,-0.4127785024231648,0.3819678622656611,11.0,0.39396647703335275,0.27640557115048453,-0.14778844242159694,0.9357213964883024,GBP_AUD,14,30,adx_cross,short,35
8.0,0.0,0.3779644730092272,-0.7408103670980853,0.7408103670980853,4.0,0.24914188554714856,0.47886367799463997,-0.6894309233223458,1.187714694416643,GBP_AUD,14,30,di_cross_with_adx,long,12
4.0,0.0,0.5773502691896257,-1.1316065276116665,1.1316065276116665,3.0,-0.3333333333333333,0.6666666666666667,-1.6400000000000001,0.9733333333333336,GBP_AUD,14,30,di_cross_with_adx,short,7
26.0,0.051082661969863476,0.1962723245807678,-0.33361109420844137,0.43577641814816837,12.0,-0.5047418858251631,0.23034612511978572,-0.9562202910599431,-0.053263480590383105,GBP_AUD,20,20,adx_cross,long,38
34.0,-0.023472317703040844,0.16976401897146293,-0.3562097948871082,0.30926515948102645,15.0,0.03544076662204094,0.23809539973619617,-0.43122621686090357,0.5021077501049854,GBP_AUD,20,20,adx_cross,short,49
18.0,0.1111111111111111,0.24103384202072908,-0.36131521924951787,0.58353744147174,9.0,0.02285875025646132,0.3302381492938196,-0.624408022359425,0.6701255228723477,GBP_AUD,20,20,di_cross_with_adx,long,27
24.0,0.19095027817380042,0.20098922955774723,-0.20298861175938412,0.584889168106985,11.0,-0.34078639083581524,0.2700310908111477,-0.8700473288256647,0.18847454715403417,GBP_AUD,20,20,di_cross_with_adx,short,35
20.0,-0.1,0.22826577307580465,-0.5474009152285771,0.3474009152285771,9.0,-0.3333333333333321,0.3333333333333339,-0.9866666666666666,0.32000000000000234,GBP_AUD,20,25,adx_cross,long,29
20.0,-0.2,0.22478059477960655,-0.6405699657680288,0.2405699657680288,9.0,0.1381002298022142,0.29805281898734487,-0.4460832954129817,0.7222837550174102,GBP_AUD,20,25,adx_cross,short,29
6.0,0.557996562434581,0.3292885595248926,-0.08740901423420855,1.2034021391033705,3.0,-0.3333333333333333,0.6666666666666667,-1.6400000000000001,0.9733333333333336,GBP_AUD,20,25,di_cross_with_adx,long,9
5.0,-0.2,0.48989794855663565,-1.1601999791710058,0.7601999791710059,3.0,-0.13906444127626325,0.5938621491228521,-1.3030342535570532,1.0249053710045268,GBP_AUD,20,25,di_cross_with_adx,short,8
16.0,-0.32349473369707876,0.23590751068662094,-0.7858734546428559,0.13888398724869827,8.0,0.3582197839716935,0.32709351908042755,-0.2828835134259444,0.9993230813693315,GBP_AUD,20,30,adx_cross,long,24
14.0,-0.2857142857142857,0.26578871697687523,-0.8066601709889611,0.23523159956038975,7.0,-0.14285714285714285,0.40406101782088427,-0.9348167377860761,0.6491024520717903,GBP_AUD,20,30,adx_cross,short,21
2.0,0.0,1.0,-1.96,1.96,1.0,-1.0,,,,GBP_AUD,20,30,di_cross_with_adx,long,3
1.0,-1.0,,,,1.0,1.0,,,,GBP_AUD,20,30,di_cross_with_adx,short,2
51.0,-0.08495720829224394,0.13708095796149253,-0.3536358858967693,0.1837214693122814,23.0,0.18729923964076683,0.1915228252171215,-0.18808549778479128,0.562683977066325,GBP_CAD,14,20,adx_cross,long,74
41.0,0.00011208043564556248,0.15617380210670123,-0.3059885716934888,0.30621273256478,18.0,-0.17378194256432578,0.23201870735971095,-0.6285386089893592,0.28097472386070765,GBP_CAD,14,20,adx_cross,short,59
51.0,0.08561541954373965,0.13969211100784712,-0.18818111803164073,0.35941195711912,23.0,-0.13043478260869565,0.21137931948017294,-0.5447382487898346,0.2838686835724433,GBP_CAD,14,20,di_cross_with_adx,long,74
51.0,0.15783124673073304,0.13575625522460014,-0.10825101350948321,0.4239135069709493,23.0,-0.0028177111734901867,0.1977162356760592,-0.3903415330985662,0.38470611075158584,GBP_CAD,14,20,di_cross_with_adx,short,74
35.0,-0.08571428571428572,0.17086742893632048,-0.4206144464294739,0.24918587500090242,16.0,0.0790641214080941,0.23275857180313958,-0.3771426793260595,0.5352709221422477,GBP_CAD,14,25,adx_cross,long,51
46.0,-0.07548521485169407,0.1467808372732612,-0.363175655907286,0.21220522620389787,21.0,0.23238701628344016,0.20618220356882,-0.171730102711447,0.6365041352783274,GBP_CAD,14,25,adx_cross,short,67
23.0,-0.21739130434782608,0.20810192223064325,-0.6252710719198868,0.19048846322423466,11.0,-0.09090909090909091,0.3149183286488867,-0.7081490150609089,0.526330833242727,GBP_CAD,14,25,di_cross_with_adx,long,34
22.0,0.2727272727272727,0.20994555243259116,-0.13876601004060596,0.6842205554951514,10.0,0.31037453842096036,0.29902507445483106,-0.2757146075105085,0.8964636843524292,GBP_CAD,14,25,di_cross_with_adx,short,32
33.0,0.15151515151515152,0.17473579688895144,-0.1909670103871933,0.4939973134174963,15.0,-0.3940611097517305,0.22976550384180763,-0.8444014972816734,0.056279277778212455,GBP_CAD,14,30,adx_cross,long,48
41.0,-0.03335833781809418,0.15385080043574964,-0.33490590667216347,0.26818923103597514,18.0,-0.10810944165839241,0.22234056800643226,-0.5438969549509997,0.3276780716342148,GBP_CAD,14,30,adx_cross,short,59
8.0,0.25,0.3659625273556999,-0.46728655361717175,0.9672865536171718,4.0,0.0,0.5773502691896257,-1.1316065276116665,1.1316065276116665,GBP_CAD,14,30,di_cross_with_adx,long,12
7.0,0.42857142857142855,0.3688555567816587,-0.29438546272062255,1.1515283198634796,4.0,0.2759363460524009,0.47488591932289353,-0.6548400558204704,1.2067127479252724,GBP_CAD,14,30,di_cross_with_adx,short,11
28.0,0.14285714285714285,0.1904761904761905,-0.2304761904761905,0.5161904761904762,13.0,-0.1723890749293071,0.2378655362969562,-0.6386055260713412,0.29382737621272703,GBP_CAD,20,20,adx_cross,long,41
40.0,-0.15340152963671155,0.15771832467444816,-0.46252944599862994,0.15572638672520683,18.0,-0.21602619142173976,0.22460153315061895,-0.6562451963969529,0.2241928135534734,GBP_CAD,20,20,adx_cross,short,58
18.0,-0.2222222222222222,0.23647127470752347,-0.6857059206489682,0.24126147620452376,9.0,0.17849927410430638,0.33057377462569193,-0.4694253241620498,0.8264238723706625,GBP_CAD,20,20,di_cross_with_adx,long,27
19.0,0.5789473684210527,0.1921833535105846,0.20226799554030683,0.9556267413017985,9.0,0.5166357298691933,0.289154078030406,-0.050106263070402446,1.0833777228087889,GBP_CAD,20,20,di_cross_with_adx,short,28
25.0,-0.2,0.2,-0.5920000000000001,0.192,11.0,-0.07674882012124296,0.2824998330910413,-0.630448492979684,0.47695085273719806,GBP_CAD,20,25,adx_cross,long,36
31.0,-0.13628538574272622,0.17802612849536406,-0.4852165975936398,0.21264582610818736,14.0,-0.11046896442388585,0.2586020125401144,-0.61732890900251,0.3963909801547383,GBP_CAD,20,25,adx_cross,short,45
5.0,-0.2,0.48989794855663565,-1.1601999791710058,0.7601999791710059,3.0,0.3333333333333333,0.6666666666666667,-0.9733333333333336,1.6400000000000001,GBP_CAD,20,25,di_cross_with_adx,long,8
6.0,0.3333333333333333,0.421637021355784,-0.4930752285240034,1.15974189519067,3.0,1.0,0.0,1.0,1.0,GBP_CAD,20,25,di_cross_with_adx,short,9
21.0,0.010364784744407517,0.21846390178206906,-0.41782446274844787,0.43855403223726286,9.0,0.07765902479078629,0.3158093237850668,-0.5413272498279447,0.6966452994095171,GBP_CAD,20,30,adx_cross,long,30
12.0,0.03647184546245998,0.27124328053586894,-0.4951649843878432,0.5681086753127631,6.0,-0.0376122393741698,0.3765717054374027,-0.7756927820314791,0.7004683032831395,GBP_CAD,20,30,adx_cross,short,18
2.0,0.0,1.0,-1.96,1.96,2.0,0.0,1.0,-1.96,1.96,GBP_CAD,20,30,di_cross_with_adx,long,4
2.0,0.0,1.0,-1.96,1.96,2.0,1.0,0.0,1.0,1.0,GBP_CAD,20,30,di_cross_with_adx,short,4
42.0,-0.039313585833658904,0.1509651411017294,-0.33520526239304854,0.25657809072573073,19.0,-0.04056421497272455,0.2204045313833688,-0.47255709648412736,0.39142866653867825,GBP_CHF,14,20,adx_cross,long,61
46.0,-0.03367123951072859,0.14594782999556893,-0.3197289863020437,0.25238650728058654,21.0,0.7686691196075156,0.11432664492135407,0.5445888955616616,0.9927493436533696,GBP_CHF,14,20,adx_cross,short,67
38.0,-0.30173170710365066,0.1529925293472949,-0.6015970646243487,-0.0018663495829526755,17.0,0.12559759224949082,0.2406340975032477,-0.34604523885687466,0.5972404233558564,GBP_CHF,14,20,di_cross_with_adx,long,55
53.0,-0.07669721344968591,0.13561823287708763,-0.34250894988877767,0.18911452298940581,24.0,-0.08108833357268165,0.20138388706243535,-0.4758007522150549,0.31362408506969164,GBP_CHF,14,20,di_cross_with_adx,short,77
38.0,-0.10689476431842326,0.15833806350136378,-0.4172373687810963,0.20344784014424977,17.0,0.019347202320360964,0.2218701326664639,-0.4155182577059083,0.4542126623466302,GBP_CHF,14,25,adx_cross,long,55
33.0,0.2814749842963986,0.16414337662021838,-0.040246033879229426,0.6031960024720266,15.0,0.1795236250731709,0.21810895092027324,-0.24796991873056465,0.6070171688769065,GBP_CHF,14,25,adx_cross,short,48
20.0,-0.2732902434969363,0.2107360888063065,-0.686332977557297,0.13975249056342443,9.0,0.23723989647126043,0.32300075372780607,-0.39584158083523946,0.8703213737777603,GBP_CHF,14,25,di_cross_with_adx,long,29
27.0,-0.21387038826715707,0.18801654535485893,-0.5823828171626806,0.15464204062836642,12.0,0.12899873935692488,0.2899921540629214,-0.4393858826064011,0.6973833613202508,GBP_CHF,14,25,di_cross_with_adx,short,39
28.0,0.3515851772734018,0.17277432001612006,0.012947510041806498,0.6902228445049972,13.0,-0.035674353174748014,0.2796350056725974,-0.5837589642930389,0.5124102579435429,GBP_CHF,14,30,adx_cross,long,41
38.0,0.22508216395359257,0.15572689964048456,-0.08014255934175715,0.5303068872489423,17.0,0.38632848246229523,0.21764665219139126,-0.04025895583283162,0.8129159207574221,GBP_CHF,14,30,adx_cross,short,55
9.0,0.1111111111111111,0.35136418446315326,-0.5775626904366693,0.7997849126588914,4.0,0.28378976706033604,0.47400083035926116,-0.6452518604438158,1.212831394564488,GBP_CHF,14,30,di_cross_with_adx,long,13
11.0,-0.09090909090909091,0.3149183286488867,-0.7081490150609089,0.526330833242727,5.0,0.04509990335735194,0.4494819254239735,-0.8358846704736361,0.92608447718834,GBP_CHF,14,30,di_cross_with_adx,short,16
29.0,-0.03264463534230705,0.18114893913522764,-0.3876965560473532,0.3224072853627391,13.0,-0.006801601002596038,0.2774334851802778,-0.5505712319559405,0.5369680299507483,GBP_CHF,20,20,adx_cross,long,42
27.0,0.18518518518518517,0.1927240401742195,-0.19255393355628508,0.5629243039266554,12.0,0.7772147493933464,0.17095762659650648,0.4421378012641937,1.1122916975224992,GBP_CHF,20,20,adx_cross,short,39
28.0,-0.22843524934576198,0.1851049880597173,-0.5912410259428079,0.13437052725128396,12.0,0.22457694884703475,0.27910667352802165,-0.32247213126788776,0.7716260289619572,GBP_CHF,20,20,di_cross_with_adx,long,40
25.0,0.2,0.2,-0.192,0.5920000000000001,12.0,-0.22623037936470106,0.28159713655906676,-0.7781607670204719,0.3257000082910698,GBP_CHF,20,20,di_cross_with_adx,short,37
17.0,0.4117647058823529,0.22782254977690689,-0.034767491680384566,0.8582969034450905,8.0,0.056760019427086986,0.36036328094683423,-0.6495520112287081,0.763072050082882,GBP_CHF,20,25,adx_cross,long,25
25.0,-0.04,0.20396078054371142,-0.43976312986567434,0.3597631298656744,11.0,0.38555409119328365,0.2767170407562359,-0.15681130868893867,0.927919491075506,GBP_CHF,20,25,adx_cross,short,36
14.0,-0.2857142857142857,0.26578871697687523,-0.8066601709889611,0.23523159956038975,6.0,0.12980902599203645,0.40611177381625696,-0.6661700506878272,0.9257881026719001,GBP_CHF,20,25,di_cross_with_adx,long,20
7.0,0.14285714285714285,0.40406101782088427,-0.6491024520717903,0.9348167377860761,4.0,0.3213088619058968,0.47155785449436793,-0.6029445329030644,1.2455622567148579,GBP_CHF,20,25,di_cross_with_adx,short,11
14.0,0.20670195496126156,0.261158796087965,-0.30516928537114985,0.7185731952936729,6.0,-0.202125536679976,0.40000564734285676,-0.9861366054719752,0.5818855321120232,GBP_CHF,20,30,adx_cross,long,20
23.0,-0.13043478260869565,0.2113793194801729,-0.5447382487898346,0.2838686835724432,10.0,-0.22640736215423227,0.2923597655171251,-0.7994325025677975,0.34661777825933293,GBP_CHF,20,30,adx_cross,short,33
5.0,-0.6,0.4,-1.384,0.18400000000000005,3.0,-0.3333333333333333,0.6666666666666667,-1.6400000000000001,0.9733333333333336,GBP_CHF,20,30,di_cross_with_adx,long,8
2.0,1.0,0.0,1.0,1.0,1.0,-1.0,,,,GBP_CHF,20,30,di_cross_with_adx,short,3
43.0,0.19922757311213599,0.14996216956110997,-0.09469827922763954,0.49315342545191154,19.0,0.10264105115115456,0.22815246718695914,-0.34453778453528533,0.5498198868375944,GBP_NZD,14,20,adx_cross,long,62
51.0,-0.2885239558938245,0.13236251041593047,-0.5479544763090483,-0.02909343547860077,23.0,-0.10086123536119115,0.2044486682231425,-0.5015806250785505,0.29985815435616814,GBP_NZD,14,20,adx_cross,short,74
52.0,-0.09164759616377162,0.1381549198568462,-0.36243123908319014,0.17913604675564693,23.0,0.13501392201871512,0.20188545316556472,-0.26068156618579175,0.5307094102232219,GBP_NZD,14,20,di_cross_with_adx,long,75
48.0,0.0833333333333331,0.14535763346850764,-0.20156762826494184,0.36823429493160803,21.0,-0.19589999569789865,0.1959189055834473,-0.5799010506414554,0.18810105924565804,GBP_NZD,14,20,di_cross_with_adx,short,69
41.0,0.13642911424769305,0.15500203984056576,-0.16737488383981586,0.44023311233520196,18.0,-0.24748579688492228,0.2237929456425886,-0.6861199703443959,0.19114837657455136,GBP_NZD,14,25,adx_cross,long,59
33.0,-0.09090909090909123,0.1760446975548825,-0.43595669811666093,0.2541385162984785,15.0,-0.2823973436475861,0.2474580608923302,-0.7674151429965532,0.20262045570138104,GBP_NZD,14,25,adx_cross,short,48
32.0,-0.21142734376612887,0.17281020352624246,-0.5501353426775641,0.12728065514530634,14.0,0.007522871887889116,0.25722401904178804,-0.49663620543401543,0.5116819492097937,GBP_NZD,14,25,di_cross_with_adx,long,46
24.0,0.08333333333333287,0.2077891443324589,-0.32393338955828654,0.4906000562249523,11.0,0.22209511835373857,0.2699949373254871,-0.30709495880421617,0.7512851955116933,GBP_NZD,14,25,di_cross_with_adx,short,35
39.0,0.12820512820512794,0.1608827167700537,-0.18712499666417728,0.4435352530744332,17.0,0.09677098495030234,0.237617558693513,-0.36895943008898313,0.5625013999895878,GBP_NZD,14,30,adx_cross,long,56
27.0,0.25925925925926,0.18941048590991078,-0.11198529312416511,0.6305038116426851,12.0,0.2294427783689673,0.2810845667726165,-0.32148297250536106,0.7803685292432957,GBP_NZD,14,30,adx_cross,short,39
13.0,-0.07692307692307693,0.2878197989826109,-0.6410498829289943,0.48720372908284043,6.0,0.40387303068402897,0.32207224071746626,-0.2273885611222049,1.035134622490263,GBP_NZD,14,30,di_cross_with_adx,long,19
13.0,0.23076923076922992,0.2808833628231619,-0.3197621603641674,0.7813006219026273,6.0,0.453776314155201,0.3290201432747254,-0.19110316666326083,1.0986557949736628,GBP_NZD,14,30,di_cross_with_adx,short,19
32.0,0.0,0.17960530202677488,-0.35202639197247876,0.35202639197247876,14.0,0.5714285714285714,0.22760785909019762,0.12531716761178407,1.0175399752453587,GBP_NZD,20,20,adx_cross,long,46
28.0,-0.2857142857142853,0.18442777839082947,-0.6471927313603111,0.07576415993174046,12.0,-0.16666666666666666,0.2972941950052816,-0.7493632888770185,0.41602995554368527,GBP_NZD,20,20,adx_cross,short,40
21.0,-0.23809523809523808,0.21717627144745486,-0.6637607301322496,0.1875702539417734,9.0,-0.09940886595217248,0.3107727124455928,-0.7085233823455344,0.5097056504411894,GBP_NZD,20,20,di_cross_with_adx,long,30
20.0,0.0,0.22941573387056172,-0.44965483838630094,0.44965483838630094,9.0,-0.1111111111111111,0.35136418446315326,-0.7997849126588914,0.5775626904366693,GBP_NZD,20,20,di_cross_with_adx,short,29
29.0,-0.19170574954198852,0.18278189585141336,-0.5499582654107587,0.16654676632678164,13.0,0.3022776629808061,0.2633258875179446,-0.2138410765543653,0.8183964025159776,GBP_NZD,20,25,adx_cross,long,42
18.0,0.3333333333333339,0.2286647801900119,-0.11484963583908941,0.7815163025057572,8.0,0.27779266585876883,0.32385143745479206,-0.3569561515526236,0.9125414832701613,GBP_NZD,20,25,adx_cross,short,26
7.0,0.428571428571427,0.3688555567816584,-0.29438546272062344,1.1515283198634774,3.0,0.06297106154009917,0.5807742142389074,-1.0753463983681593,1.2012885214483575,GBP_NZD,20,25,di_cross_with_adx,long,10
6.0,-0.3333333333333333,0.421637021355784,-1.15974189519067,0.4930752285240034,3.0,0.3333333333333333,0.6666666666666667,-0.9733333333333336,1.6400000000000001,GBP_NZD,20,25,di_cross_with_adx,short,9
14.0,-0.42857142857142855,0.25058800551629407,-0.9197239193833648,0.0625810622405078,6.0,0.3333333333333333,0.421637021355784,-0.4930752285240034,1.15974189519067,GBP_NZD,20,30,adx_cross,long,20
11.0,0.3676317924919108,0.2782289295183427,-0.17769690936404092,0.9129604943478625,6.0,-0.3384830768237126,0.36607851226904475,-1.0559969608710404,0.37903080722361515,GBP_NZD,20,30,adx_cross,short,17
4.0,0.0,0.5773502691896257,-1.1316065276116665,1.1316065276116665,2.0,0.0,1.0,-1.96,1.96,GBP_NZD,20,30,di_cross_with_adx,long,6
1.0,-1.0,,,,1.0,1.0,,,,GBP_NZD,20,30,di_cross_with_adx,short,2
39.0,0.22939233716752475,0.1527971737766212,-0.07009012343465279,0.5288747977697023,18.0,0.28520825528006916,0.22321840832333986,-0.15229982503367695,0.7227163355938153,CHF_JPY,14,20,adx_cross,long,57
42.0,0.03274559104419141,0.15427113343937776,-0.269625830496989,0.3351170125853718,18.0,0.018130633440592157,0.22372088331354206,-0.42036229785395024,0.4566235647351346,CHF_JPY,14,20,adx_cross,short,60
56.0,-0.06631588396680456,0.1270748009085663,-0.3153824937475945,0.18275072581398538,24.0,0.3765281899259704,0.1884278092961313,0.007209683705553083,0.7458466961463878,CHF_JPY,14,20,di_cross_with_adx,long,80
46.0,-0.03846516814943087,0.14501334840507715,-0.32269133102338204,0.24576099472452032,20.0,-0.2,0.22478059477960655,-0.6405699657680288,0.2405699657680288,CHF_JPY,14,20,di_cross_with_adx,short,66
48.0,-0.2615105272323858,0.13644951049041226,-0.5289515677935939,0.005930513328822218,21.0,0.14285714285714285,0.2213133340689953,-0.29091699191808795,0.5766312776323737,CHF_JPY,14,25,adx_cross,long,69
49.0,-0.035574517499318614,0.14054543280006518,-0.31104356578744635,0.23989453078880912,21.0,-0.1810710401986205,0.21112041382591237,-0.5948670512974087,0.23272497090016772,CHF_JPY,14,25,adx_cross,short,70
26.0,-0.18387931079548553,0.18894109659145797,-0.5542038601147432,0.1864452385237721,12.0,0.6666666666666666,0.22473328748774735,0.22618942319068186,1.1071439101426515,CHF_JPY,14,25,di_cross_with_adx,long,38
22.0,-0.19734635533124603,0.21104082214108486,-0.6109863667277723,0.21629365606528025,10.0,-0.4,0.30550504633038933,-0.9987898908075631,0.19878989080756304,CHF_JPY,14,25,di_cross_with_adx,short,32
48.0,0.08327179633939816,0.14160646110589056,-0.19427686742814734,0.3608204601069437,21.0,0.13258526724742015,0.20755281162138356,-0.2742182435304916,0.5393887780253319,CHF_JPY,14,30,adx_cross,long,69
37.0,-0.2602153843371641,0.15890263036936966,-0.5716645398611286,0.05123377118680039,17.0,-0.6875513398068336,0.17214856745720722,-1.0249625320229598,-0.35014014759070744,CHF_JPY,14,30,adx_cross,short,54
11.0,-0.018915867634250016,0.297737832198295,-0.6024820187429083,0.5646502834744083,5.0,0.6,0.4,-0.18400000000000005,1.384,CHF_JPY,14,30,di_cross_with_adx,long,16
6.0,0.0,0.4472135954999579,-0.8765386471799175,0.8765386471799175,3.0,-1.0,0.0,-1.0,-1.0,CHF_JPY,14,30,di_cross_with_adx,short,9
32.0,0.1274538990011547,0.17251369660407115,-0.21067294634282477,0.4655807443451342,14.0,0.03374713028837192,0.2579124546838913,-0.471761280892055,0.5392555414687988,CHF_JPY,20,20,adx_cross,long,46
34.0,-0.22195756874401174,0.16264734802072,-0.540746370864623,0.09683123337659949,15.0,0.7962494581084836,0.141662700832051,0.5185905644776636,1.0739083517393035,CHF_JPY,20,20,adx_cross,short,49
22.0,-0.013515885107997627,0.21067211299720717,-0.4264332265825237,0.39940145636652846,10.0,0.2,0.32659863237109044,-0.4401333194473372,0.8401333194473373,CHF_JPY,20,20,di_cross_with_adx,long,32
28.0,0.0535572488708174,0.1842738145490249,-0.30761942764527134,0.4147339253869062,12.0,-0.5,0.2611164839335468,-1.0117883085097517,0.011788308509751766,CHF_JPY,20,20,di_cross_with_adx,short,40
30.0,-0.34012216967005177,0.17341617134051693,-0.6800178654974649,-0.00022647384263857484,14.0,0.22530818837555128,0.2601047980974668,-0.28449721589548366,0.7351135926465862,CHF_JPY,20,25,adx_cross,long,44
21.0,-0.14285714285714285,0.22131333406899525,-0.5766312776323735,0.29091699191808784,9.0,-0.5555555555555556,0.2939723678960656,-1.1317413966318441,0.020630285520732983,CHF_JPY,20,25,adx_cross,short,30
7.0,0.6190455841325478,0.28571462487384286,0.05904491937981582,1.17904624888528,4.0,-0.5,0.5,-1.48,0.48,CHF_JPY,20,25,di_cross_with_adx,long,11
9.0,0.20396063085497496,0.3260157820994845,-0.4350303020600147,0.8429515637699646,4.0,-0.5,0.5,-1.48,0.48,CHF_JPY,20,25,di_cross_with_adx,short,13
11.0,0.0909090909090899,0.3149183286488865,-0.5263308332427277,0.7081490150609075,5.0,0.007388404309904439,0.4472746231547756,-0.8692698570734558,0.8840466656932646,CHF_JPY,20,30,adx_cross,long,16
11.0,-0.1634616627608274,0.2976705853135825,-0.746896009975449,0.4199726844537942,5.0,-0.2,0.48989794855663565,-1.1601999791710058,0.7601999791710059,CHF_JPY,20,30,adx_cross,short,16
0.0,,,,,1.0,1.0,,,,CHF_JPY,20,30,di_cross_with_adx,long,1
2.0,0.0,1.0,-1.96,1.96,2.0,1.0,0.0,1.0,1.0,CHF_JPY,20,30,di_cross_with_adx,short,4
42.0,0.19047619047619047,0.1533145038611392,-0.11002023709164238,0.4909726180440233,18.0,-0.1111111111111111,0.24103384202072908,-0.58353744147174,0.36131521924951787,NZD_JPY,14,20,adx_cross,long,60
31.0,-0.03225806451612939,0.18247916933846386,-0.3899172364195186,0.3254011073872598,14.0,-0.5714285714285714,0.22760785909019762,-1.0175399752453587,-0.12531716761178407,NZD_JPY,14,20,adx_cross,short,45
49.0,0.10204081632653061,0.14358415591296209,-0.17938412926287506,0.3834657619159363,22.0,0.09090909090909091,0.21731429260625335,-0.33502692259916567,0.5168451044173474,NZD_JPY,14,20,di_cross_with_adx,long,71
51.0,0.03948915025704387,0.13991687373471137,-0.2347479222629904,0.3137262227770781,22.0,-0.2727272727272727,0.20994555243259116,-0.6842205554951514,0.13876601004060596,NZD_JPY,14,20,di_cross_with_adx,short,73
39.0,-0.07692307692307693,0.16174076401164517,-0.39393497438590147,0.24008882053974762,17.0,0.058823529411764705,0.2495670992423109,-0.43032798510316467,0.547975043926694,NZD_JPY,14,25,adx_cross,long,56
40.0,0.25,0.15504341823651058,-0.053885099743560705,0.5538850997435607,18.0,0.0,0.24253562503633302,-0.4753698250712127,0.4753698250712127,NZD_JPY,14,25,adx_cross,short,58
25.0,0.2,0.2,-0.192,0.5920000000000001,12.0,-0.16666666666666666,0.2972941950052816,-0.7493632888770185,0.41602995554368527,NZD_JPY,14,25,di_cross_with_adx,long,37
25.0,0.1605578665243695,0.1972972537266229,-0.22614475077981136,0.5472604838285504,12.0,0.0,0.30151134457776363,-0.5909622353724167,0.5909622353724167,NZD_JPY,14,25,di_cross_with_adx,short,37
27.0,0.3465499412349486,0.18167873674177842,-0.009540382778937095,0.7026402652488343,12.0,-0.3333333333333333,0.2842676218074806,-0.8904978720759953,0.22383120540932872,NZD_JPY,14,30,adx_cross,long,39
30.0,0.2,0.18194353045893683,-0.15660931969951614,0.5566093196995161,14.0,0.0,0.2773500981126146,-0.5436061923007246,0.5436061923007246,NZD_JPY,14,30,adx_cross,short,44
9.0,0.3333333333333333,0.3333333333333333,-0.32,0.9866666666666666,4.0,0.5,0.5,-0.48,1.48,NZD_JPY,14,30,di_cross_with_adx,long,13
8.0,0.1267433328886547,0.35029792243679847,-0.5598405950874703,0.8133272608647797,4.0,0.5,0.5,-0.48,1.48,NZD_JPY,14,30,di_cross_with_adx,short,12
22.0,0.6363636363636364,0.16833092723137294,0.3064350189901454,0.9662922537371272,10.0,-0.2,0.32659863237109044,-0.8401333194473373,0.4401333194473372,NZD_JPY,20,20,adx_cross,long,32
27.0,0.18518518518518517,0.1927240401742195,-0.19255393355628508,0.5629243039266554,12.0,0.0,0.30151134457776363,-0.5909622353724167,0.5909622353724167,NZD_JPY,20,20,adx_cross,short,39
21.0,-0.23809523809523808,0.21717627144745486,-0.6637607301322496,0.1875702539417734,10.0,0.6,0.26666666666666666,0.07733333333333337,1.1226666666666665,NZD_JPY,20,20,di_cross_with_adx,long,31
22.0,0.45454545454545453,0.194371812299945,0.07357670243756237,0.8355142066533467,10.0,-0.4,0.30550504633038933,-0.9987898908075631,0.19878989080756304,NZD_JPY,20,20,di_cross_with_adx,short,32
29.0,0.10344827586206896,0.18796831555013707,-0.2649696226161997,0.4718661743403376,13.0,-0.5252571991348506,0.24151652904189647,-0.9986295960569677,-0.051884802212733505,NZD_JPY,20,25,adx_cross,long,42
22.0,0.0,0.21821789023599236,-0.427707064862545,0.427707064862545,10.0,0.0,0.3333333333333333,-0.6533333333333333,0.6533333333333333,NZD_JPY,20,25,adx_cross,short,32
11.0,-0.2727272727272727,0.30424000964875475,-0.869037691638832,0.32358314618428663,6.0,0.0,0.4472135954999579,-0.8765386471799175,0.8765386471799175,NZD_JPY,20,25,di_cross_with_adx,long,17
11.0,0.6363636363636364,0.24393468845452249,0.15825164699277228,1.1144756257345003,5.0,-1.0,0.0,-1.0,-1.0,NZD_JPY,20,25,di_cross_with_adx,short,16
16.0,0.375,0.23935677693908453,-0.09413928280060568,0.8441392828006057,7.0,-0.42857142857142855,0.3688555567816587,-1.1515283198634796,0.29438546272062255,NZD_JPY,20,30,adx_cross,long,23
14.0,0.0,0.2773500981126146,-0.5436061923007246,0.5436061923007246,6.0,0.0,0.4472135954999579,-0.8765386471799175,0.8765386471799175,NZD_JPY,20,30,adx_cross,short,20
2.0,-1.0,0.0,-1.0,-1.0,2.0,-1.0,0.0,-1.0,-1.0,NZD_JPY,20,30,di_cross_with_adx,long,4
3.0,1.0,0.0,1.0,1.0,2.0,1.0,0.0,1.0,1.0,NZD_JPY,20,30,di_cross_with_adx,short,5
37.0,0.1891891891891892,0.16365677589716174,-0.13157809156924782,0.5099564699476262,16.0,-0.21713160909546608,0.24554733154770764,-0.6984043789289731,0.2641411607380409,AUD_JPY,14,20,adx_cross,long,53
42.0,-0.09523809523809523,0.15546387747761883,-0.39994729509422816,0.2094711046180377,19.0,0.05263157894736842,0.23537557657892524,-0.40870455114732507,0.5139677090420619,AUD_JPY,14,20,adx_cross,short,61
44.0,-0.05808822500261084,0.15084114798645937,-0.3537368750560712,0.2375604250508495,20.0,0.4,0.2102629932151387,-0.012115466701671795,0.8121154667016719,AUD_JPY,14,20,di_cross_with_adx,long,64
35.0,-0.08571428571428572,0.17086742893632043,-0.42061444642947377,0.2491858750009023,16.0,-0.5,0.22360679774997896,-0.9382693235899587,-0.06173067641004126,AUD_JPY,14,20,di_cross_with_adx,short,51
40.0,0.12138105917732825,0.15695749120587982,-0.1862556235861962,0.42901774194085274,18.0,0.2222222222222222,0.23647127470752347,-0.24126147620452376,0.6857059206489682,AUD_JPY,14,25,adx_cross,long,58
37.0,0.05155427944124043,0.16332277263001274,-0.26855835491358454,0.37166691379606537,17.0,-0.6470588235294118,0.19061002054140766,-1.0206544637905708,-0.2734631832682528,AUD_JPY,14,25,adx_cross,short,54
14.0,-0.42857142857142855,0.25058800551629407,-0.9197239193833648,0.0625810622405078,6.0,0.0,0.4472135954999579,-0.8765386471799175,0.8765386471799175,AUD_JPY,14,25,di_cross_with_adx,long,20
16.0,-0.375,0.23935677693908453,-0.8441392828006057,0.09413928280060568,8.0,-0.75,0.25,-1.24,-0.26,AUD_JPY,14,25,di_cross_with_adx,short,24
28.0,-0.032843308754209835,0.1888991325587928,-0.4030856085694437,0.33739899106102406,13.0,-0.38461538461538464,0.2664693550105965,-0.9068953204361538,0.1376645512053845,AUD_JPY,14,30,adx_cross,long,41
33.0,0.09090909090909091,0.17604469755488258,-0.25413851629847894,0.4359566981166608,15.0,-0.6,0.21380899352993954,-1.0190656273186813,-0.1809343726813185,AUD_JPY,14,30,adx_cross,short,48
2.0,1.0,0.0,1.0,1.0,2.0,-1.0,0.0,-1.0,-1.0,AUD_JPY,14,30,di_cross_with_adx,long,4
6.0,-0.3333333333333333,0.421637021355784,-1.15974189519067,0.4930752285240034,3.0,-1.0,0.0,-1.0,-1.0,AUD_JPY,14,30,di_cross_with_adx,short,9
23.0,0.21739130434782608,0.20810192223064325,-0.19048846322423466,0.6252710719198868,10.0,0.08552423670931293,0.31530956255784376,-0.5324825059040608,0.7035309793226867,AUD_JPY,20,20,adx_cross,long,33
33.0,0.28265776377726654,0.16803067893326332,-0.046682366931929564,0.6119978944864626,15.0,-0.8666666666666667,0.13333333333333333,-1.1280000000000001,-0.6053333333333334,AUD_JPY,20,20,adx_cross,short,48
21.0,0.047619047619047616,0.22335313142016333,-0.3901530899644725,0.48539118520256774,9.0,-0.3333333333333333,0.3333333333333333,-0.9866666666666666,0.32,AUD_JPY,20,20,di_cross_with_adx,long,30
18.0,0.02354709418837632,0.23792382957866556,-0.4427836117858082,0.48987780016256083,9.0,-0.1111111111111111,0.35136418446315326,-0.7997849126588914,0.5775626904366693,AUD_JPY,20,20,di_cross_with_adx,short,27
20.0,-0.06626150344691081,0.22371247324800328,-0.5047379510129972,0.37221494411917566,9.0,-0.3333333333333333,0.3333333333333333,-0.9866666666666666,0.32,AUD_JPY,20,25,adx_cross,long,29
27.0,0.1111111111111111,0.19490178206822872,-0.2708963817426172,0.4931186039648394,12.0,-0.3333333333333333,0.2842676218074806,-0.8904978720759953,0.22383120540932872,AUD_JPY,20,25,adx_cross,short,39
8.0,-0.25,0.3659625273556999,-0.9672865536171718,0.46728655361717175,4.0,0.5,0.5,-0.48,1.48,AUD_JPY,20,25,di_cross_with_adx,long,12
5.0,-0.2,0.48989794855663565,-1.1601999791710058,0.7601999791710059,3.0,0.4746158984635913,0.5253841015364087,-0.5551369405477697,1.5043687374749524,AUD_JPY,20,25,di_cross_with_adx,short,8
9.0,-0.1111111111111111,0.35136418446315326,-0.7997849126588914,0.5775626904366693,5.0,-0.6,0.4000000000000001,-1.3840000000000001,0.18400000000000016,AUD_JPY,20,30,adx_cross,long,14
18.0,0.2222222222222222,0.23647127470752347,-0.24126147620452376,0.6857059206489682,9.0,0.1111111111111111,0.35136418446315326,-0.5775626904366693,0.7997849126588914,AUD_JPY,20,30,adx_cross,short,27
4.0,0.0,0.5773502691896257,-1.1316065276116665,1.1316065276116665,2.0,0.0,1.0,-1.96,1.96,AUD_JPY,20,30,di_cross_with_adx,long,6
2.0,0.0,1.0,-1.96,1.96,2.0,1.0,0.0,1.0,1.0,AUD_JPY,20,30,di_cross_with_adx,short,4
42.0,-0.17021575884603557,0.126967878153814,-0.419072800027511,0.07864128233543985,19.0,-0.016653622317520364,0.21876752930147259,-0.44543797974840665,0.4121307351133659,USD_SGD,14,20,adx_cross,long,61
48.0,0.037788808811498174,0.12575602344175338,-0.20869299713433845,0.2842706147573348,21.0,-0.005793803503651266,0.18533438996622975,-0.3690492078374616,0.35746160083015904,USD_SGD,14,20,adx_cross,short,69
42.0,0.03817758248027482,0.12163126683953002,-0.200219700525204,0.27657486548575366,18.0,-0.2772753302355641,0.19279897004622795,-0.655161311526171,0.10061065105504269,USD_SGD,14,20,di_cross_with_adx,long,60
46.0,0.2390107631265501,0.12165822632727338,0.0005606395250942753,0.4774608867280059,21.0,0.1441989632555026,0.1812059510536972,-0.21096470080974386,0.4993626273207491,USD_SGD,14,20,di_cross_with_adx,short,67
52.0,0.03137415836458431,0.11828785748701999,-0.20047004230997487,0.2632183590391435,23.0,-0.1025717353523179,0.17777576078206359,-0.45101222648516254,0.24586875578052675,USD_SGD,14,25,adx_cross,long,75
39.0,0.140079176532713,0.13144188535385906,-0.11754691876085072,0.39770527182627674,17.0,0.309417023818051,0.20981345688420075,-0.10181735167498251,0.7206513993110845,USD_SGD,14,25,adx_cross,short,56
18.0,0.12162646126193535,0.1778030925471644,-0.22686760013050686,0.47012052265437754,8.0,-0.667514617911577,0.2518174442963736,-1.1610768087324692,-0.1739524270906847,USD_SGD,14,25,di_cross_with_adx,long,26
23.0,0.3900035777378921,0.17521641496992849,0.04657940439683228,0.733427751078952,11.0,-0.12541314335209144,0.278681837162511,-0.6716295441906129,0.4208032574864301,USD_SGD,14,25,di_cross_with_adx,short,34
32.0,0.0955638812545007,0.15290229526049923,-0.20412461745607774,0.39525237996507917,14.0,0.41367937049083586,0.1923401345437595,0.03669270678506725,0.7906660341966045,USD_SGD,14,30,adx_cross,long,46
36.0,0.1180387839403206,0.13615779696910882,-0.14883049811913268,0.38490806599977384,16.0,-0.0749081988632196,0.19484783594167057,-0.4568099573088939,0.3069935595824547,USD_SGD,14,30,adx_cross,short,52
9.0,0.23887179693340194,0.2606181852739948,-0.2719398462036278,0.7496834400704318,4.0,-0.3350292358231539,0.47140757133024197,-1.2589880756304281,0.5889296039841203,USD_SGD,14,30,di_cross_with_adx,long,13
8.0,-0.01490571670951446,0.32764970917425723,-0.6570991466910586,0.6272877132720297,4.0,0.4186553948644426,0.4790637498351766,-0.5203095548125035,1.3576203445413886,USD_SGD,14,30,di_cross_with_adx,short,12
22.0,-0.14273046181609994,0.17879854374908524,-0.493175607564307,0.20771468393210712,10.0,-0.028430289408733888,0.2820019770861875,-0.5811541644976614,0.5242935856801936,USD_SGD,20,20,adx_cross,long,32
32.0,-0.020986546622203284,0.15935923957203893,-0.3333306561833996,0.291357562938993,14.0,0.32818522076320955,0.21214453127228172,-0.08761806053046262,0.7439885020568817,USD_SGD,20,20,adx_cross,short,46
26.0,-0.01435137357578689,0.15431385465770234,-0.31680652870488346,0.28810378155330973,12.0,-0.2889428169582467,0.23211646297499908,-0.7438910843892449,0.1660054504727515,USD_SGD,20,20,di_cross_with_adx,long,38
24.0,0.2652081172613024,0.17701358205549045,-0.08173850356745888,0.6121547380900636,11.0,-0.00667635146652534,0.2691983669119288,-0.5343051506139057,0.520952447680855,USD_SGD,20,20,di_cross_with_adx,short,35
14.0,-0.05030493792888992,0.2394511691608643,-0.519629229484184,0.41901935362640413,7.0,0.08556365702731146,0.3170881771557128,-0.5359291701978856,0.7070564842525086,USD_SGD,20,25,adx_cross,long,21
23.0,0.030535974330774242,0.17705460189008246,-0.31649104537378736,0.3775629940353359,11.0,0.10978814229130082,0.24627294051783902,-0.3729068211236637,0.5924831057062653,USD_SGD,20,25,adx_cross,short,34
12.0,-0.10336095262739468,0.21984124079713901,-0.5342497845897871,0.3275278793349978,6.0,0.34187069059556746,0.31973088817599005,-0.28480185022937304,0.968543231420508,USD_SGD,20,25,di_cross_with_adx,long,18
7.0,0.32233010426653025,0.3313319063654949,-0.3270804322098398,0.9717406407429003,4.0,0.11540460011997701,0.36882513438603026,-0.6074926632766423,0.8383018635165963,USD_SGD,20,25,di_cross_with_adx,short,11
15.0,-0.16425101540447437,0.23603201029919854,-0.6268737555909035,0.29837172478195473,7.0,0.29624448483049587,0.3034569932308462,-0.29853122190196263,0.8910201915629543,USD_SGD,20,30,adx_cross,long,22
14.0,-0.08329049648275645,0.19405109777987614,-0.46363064813131366,0.2970496551658008,7.0,0.14227794254762832,0.35598573579297493,-0.5554540996066026,0.8400099847018592,USD_SGD,20,30,adx_cross,short,21
2.0,-0.48622097671927733,0.5137790232807227,-1.4932278623494937,0.520785908910939,1.0,0.15677137836396365,,,,USD_SGD,20,30,di_cross_with_adx,long,3
4.0,0.0007358284720054079,0.41616689849134025,-0.8149512925710215,0.8164229495150322,2.0,-0.3688814683263191,0.43229425801643606,-1.2161782140385338,0.4784152773858956,USD_SGD,20,30,di_cross_with_adx,short,6
42.0,0.11605446062984891,0.15232141935870327,-0.1824955213132095,0.41460444257290735,19.0,0.05263157894736842,0.23537557657892524,-0.40870455114732507,0.5139677090420619,USD_PLN,14,20,adx_cross,long,61
41.0,-0.12195121951219431,0.156933736020931,-0.42954134211321904,0.18563890308883044,18.0,-0.11111111111111173,0.24103384202072894,-0.5835374414717405,0.361315219249517,USD_PLN,14,20,adx_cross,short,59
58.0,0.3103448275862069,0.125913231610383,0.06355489362985622,0.5571347615425576,25.0,0.040000000000000445,0.2039607805437115,-0.3597631298656741,0.43976312986567495,USD_PLN,14,20,di_cross_with_adx,long,83
48.0,-0.08333333333333333,0.14535763346850764,-0.36823429493160825,0.20156762826494162,21.0,0.23809523809523708,0.2171762714474547,-0.18757025394177412,0.6637607301322483,USD_PLN,14,20,di_cross_with_adx,short,69
44.0,-0.1363636363636366,0.1510740584350576,-0.4324687908963495,0.1597415181690763,19.0,-0.3684210526315789,0.21912273678590866,-0.7979016167319599,0.06105951146880201,USD_PLN,14,25,adx_cross,long,63
48.0,0.08333333333333333,0.14535763346850764,-0.20156762826494162,0.36823429493160825,21.0,-0.18765170842137519,0.2141652773425152,-0.607415652012705,0.2321122351699546,USD_PLN,14,25,adx_cross,short,69
21.0,0.6190476190476191,0.17561037061510262,0.2748512926420179,0.9632439454532202,10.0,-0.4,0.30550504633038933,-0.9987898908075631,0.19878989080756304,USD_PLN,14,25,di_cross_with_adx,long,31
17.0,0.17647058823529413,0.24607647839237515,-0.30583930941376114,0.6587804858843495,8.0,0.2499999999999986,0.3659625273556995,-0.46728655361717236,0.9672865536171695,USD_PLN,14,25,di_cross_with_adx,short,25
28.0,0.14285714285714365,0.1904761904761906,-0.23047619047618992,0.5161904761904772,13.0,-0.07692307692307777,0.2878197989826106,-0.6410498829289946,0.48720372908283904,USD_PLN,14,30,adx_cross,long,41
27.0,-0.18518518518518517,0.1927240401742195,-0.5629243039266554,0.19255393355628508,12.0,0.16666666666666574,0.29729419500528137,-0.4160299555436857,0.7493632888770172,USD_PLN,14,30,adx_cross,short,39
9.0,0.7777777777777778,0.2222222222222222,0.34222222222222226,1.2133333333333334,4.0,0.0,0.5773502691896257,-1.1316065276116665,1.1316065276116665,USD_PLN,14,30,di_cross_with_adx,long,13
5.0,0.2,0.48989794855663565,-0.7601999791710059,1.1601999791710058,3.0,1.0,0.0,1.0,1.0,USD_PLN,14,30,di_cross_with_adx,short,8
33.0,0.2121212121212118,0.17275385228774812,-0.12647633836277453,0.5507187626051981,15.0,-0.0666666666666674,0.26666666666666644,-0.5893333333333336,0.45599999999999874,USD_PLN,20,20,adx_cross,long,48
32.0,0.31249999999999967,0.17061026611322597,-0.021896121581923222,0.6468961215819226,14.0,0.14285714285714285,0.2745054065230065,-0.39517345392794984,0.6808877396422355,USD_PLN,20,20,adx_cross,short,46
21.0,0.14285714285714232,0.22131333406899512,-0.29091699191808806,0.5766312776323728,10.0,0.4,0.3055050463303893,-0.19878989080756293,0.998789890807563,USD_PLN,20,20,di_cross_with_adx,long,31
21.0,-0.047619047619047616,0.22335313142016333,-0.48539118520256774,0.3901530899644725,9.0,-0.1111111111111111,0.35136418446315326,-0.7997849126588914,0.5775626904366693,USD_PLN,20,20,di_cross_with_adx,short,30
20.0,-0.2786993479151129,0.2162843796689352,-0.702616732066226,0.1452180362360001,9.0,-0.1111111111111111,0.35136418446315326,-0.7997849126588914,0.5775626904366693,USD_PLN,20,25,adx_cross,long,29
26.0,-0.23076923076923037,0.19460170216420808,-0.6121885670110782,0.15065010547261745,12.0,0.023527718985554568,0.29527085427023014,-0.5552031553840965,0.6022585933552057,USD_PLN,20,25,adx_cross,short,38
8.0,0.0,0.3779644730092272,-0.7408103670980853,0.7408103670980853,4.0,0.0,0.5773502691896257,-1.1316065276116665,1.1316065276116665,USD_PLN,20,25,di_cross_with_adx,long,12
9.0,-0.1111111111111111,0.35136418446315326,-0.7997849126588914,0.5775626904366693,5.0,-0.6,0.4,-1.384,0.18400000000000005,USD_PLN,20,25,di_cross_with_adx,short,14
14.0,-0.2857142857142857,0.26578871697687523,-0.8066601709889611,0.23523159956038975,6.0,0.6666666666666666,0.33333333333333337,0.013333333333333197,1.32,USD_PLN,20,30,adx_cross,long,20
10.0,0.2,0.32659863237109044,-0.4401333194473372,0.8401333194473373,5.0,0.2,0.48989794855663565,-0.7601999791710059,1.1601999791710058,USD_PLN,20,30,adx_cross,short,15
4.0,0.0,0.5773502691896257,-1.1316065276116665,1.1316065276116665,3.0,-0.3333333333333333,0.6666666666666667,-1.6400000000000001,0.9733333333333336,USD_PLN,20,30,di_cross_with_adx,long,7
2.0,0.0,1.0,-1.96,1.96,1.0,1.0,,,,USD_PLN,20,30,di_cross_with_adx,short,3
51.0,-0.17647058823529413,0.13920187724940272,-0.4493062676441235,0.09636509117353523,22.0,0.36363636363636365,0.20327890704543541,-0.03479029417268975,0.762063021445417,USD_CZK,14,20,adx_cross,long,73
46.0,0.043478260869565216,0.14893023279611745,-0.248424995410825,0.33538151714995545,20.0,-0.07571922137831844,0.22448727152757406,-0.5157142735723637,0.36427583081572673,USD_CZK,14,20,adx_cross,short,66
53.0,-0.11018429411614268,0.13590145696970546,-0.37655114977676535,0.15618256154448001,24.0,-0.0134555768448096,0.19986194674785754,-0.40518499247061035,0.3782738387809912,USD_CZK,14,20,di_cross_with_adx,long,77
42.0,0.14155702439560366,0.15135788196795677,-0.15510442426159157,0.43821847305279893,19.0,0.15789473684210525,0.23274559932318592,-0.29828663783133913,0.6140761115155496,USD_CZK,14,20,di_cross_with_adx,short,61
43.0,-0.06976744186046512,0.15392735640216215,-0.3714650604087029,0.23193017668777266,19.0,0.2631578947368421,0.2273944104704512,-0.18253514978524227,0.7088509392589264,USD_CZK,14,25,adx_cross,long,62
46.0,0.0,0.14907119849998599,-0.2921795490599725,0.2921795490599725,21.0,-0.047619047619047616,0.22335313142016333,-0.48539118520256774,0.3901530899644725,USD_CZK,14,25,adx_cross,short,67
29.0,-0.07276079940737681,0.1852258108637532,-0.4358033887003331,0.2902817898855794,13.0,-0.014683228145293685,0.2777384995131998,-0.5590506871911652,0.5296842309005779,USD_CZK,14,25,di_cross_with_adx,long,42
18.0,0.2222222222222222,0.23647127470752347,-0.24126147620452376,0.6857059206489682,9.0,0.1111111111111111,0.35136418446315326,-0.5775626904366693,0.7997849126588914,USD_CZK,14,25,di_cross_with_adx,short,27
37.0,-0.0030951050884182535,0.16128648953946945,-0.3192166245857784,0.31302641440894186,17.0,-0.4117647058823529,0.22782254977690689,-0.8582969034450905,0.034767491680384566,USD_CZK,14,30,adx_cross,long,54
40.0,-0.05,0.15992786835609066,-0.36345862197793766,0.2634586219779377,18.0,-0.1111111111111111,0.24103384202072908,-0.58353744147174,0.36131521924951787,USD_CZK,14,30,adx_cross,short,58
10.0,-0.2,0.32659863237109044,-0.8401333194473373,0.4401333194473372,5.0,-0.4381763931777636,0.3922016807211699,-1.2068916873912565,0.33053890103572936,USD_CZK,14,30,di_cross_with_adx,long,15
6.0,0.3333333333333333,0.421637021355784,-0.4930752285240034,1.15974189519067,3.0,1.0,0.0,1.0,1.0,USD_CZK,14,30,di_cross_with_adx,short,9
25.0,-0.009255491893939195,0.19703355862845204,-0.3954412668057052,0.3769302830178268,11.0,0.45454545454545453,0.2816715160878121,-0.09753071698665722,1.0066216260775662,USD_CZK,20,20,adx_cross,long,36
26.0,0.0,0.20000000000000004,-0.39200000000000007,0.39200000000000007,12.0,-0.3333333333333333,0.2842676218074806,-0.8904978720759953,0.22383120540932872,USD_CZK,20,20,adx_cross,short,38
30.0,0.2,0.18194353045893683,-0.15660931969951614,0.5566093196995161,13.0,0.23076923076923078,0.2808833628231621,-0.319762160364167,0.7813006219026286,USD_CZK,20,20,di_cross_with_adx,long,43
32.0,-0.23939132677785196,0.1706581146177141,-0.5738812314285716,0.09509857787286768,14.0,0.2857142857142857,0.26578871697687523,-0.23523159956038975,0.8066601709889611,USD_CZK,20,20,di_cross_with_adx,short,46
25.0,0.35285290507295214,0.18956943117616215,-0.018703180032325684,0.72440899017823,12.0,-0.16666666666666666,0.2972941950052816,-0.7493632888770185,0.41602995554368527,USD_CZK,20,25,adx_cross,long,37
30.0,0.035870203431245605,0.1824708825585585,-0.3217727263835291,0.3935131332460203,14.0,0.0,0.2773500981126146,-0.5436061923007246,0.5436061923007246,USD_CZK,20,25,adx_cross,short,44
9.0,0.1111111111111111,0.35136418446315326,-0.5775626904366693,0.7997849126588914,5.0,0.6,0.4,-0.18400000000000005,1.384,USD_CZK,20,25,di_cross_with_adx,long,14
9.0,0.1111111111111111,0.35136418446315326,-0.5775626904366693,0.7997849126588914,4.0,-0.5,0.5,-1.48,0.48,USD_CZK,20,25,di_cross_with_adx,short,13
21.0,-0.14285714285714285,0.2213133340689953,-0.5766312776323737,0.29091699191808795,9.0,0.1111111111111111,0.35136418446315326,-0.5775626904366693,0.7997849126588914,USD_CZK,20,30,adx_cross,long,30
16.0,0.0,0.2581988897471611,-0.5060698239044358,0.5060698239044358,7.0,-0.14285714285714285,0.40406101782088427,-0.9348167377860761,0.6491024520717903,USD_CZK,20,30,adx_cross,short,23
3.0,0.3333333333333333,0.6666666666666667,-0.9733333333333336,1.6400000000000001,2.0,0.0,1.0,-1.96,1.96,USD_CZK,20,30,di_cross_with_adx,long,5
3.0,0.3333333333333333,0.6666666666666667,-0.9733333333333336,1.6400000000000001,2.0,0.0,1.0,-1.96,1.96,USD_CZK,20,30,di_cross_with_adx,short,5
39.0,0.02564102564102564,0.16216808513683997,-0.29220842122718066,0.343490472509232,17.0,-0.29411764705882354,0.23894230601870473,-0.7624445668554848,0.1742092727378377,USD_HUF,14,20,adx_cross,long,56
30.0,0.3333333333333333,0.17507524381296338,-0.009814144540074898,0.6764808112067415,14.0,0.5714285714285714,0.2276078590901976,0.12531716761178413,1.0175399752453587,USD_HUF,14,20,adx_cross,short,44
39.0,0.011501011086245455,0.16054064562294365,-0.3031586543347241,0.32616067650721503,17.0,0.17647058823529413,0.24607647839237515,-0.30583930941376114,0.6587804858843495,USD_HUF,14,20,di_cross_with_adx,long,56
51.0,0.05882352941176449,0.14117647058823524,-0.21788235294117658,0.3355294117647056,22.0,-0.36363636363636365,0.20327890704543541,-0.762063021445417,0.03479029417268975,USD_HUF,14,20,di_cross_with_adx,short,73
45.0,0.15555555555555556,0.1489205454059161,-0.13632871344004,0.4474398245511511,20.0,-0.1,0.22826577307580465,-0.5474009152285771,0.3474009152285771,USD_HUF,14,25,adx_cross,long,65
39.0,-0.1282051282051282,0.16088271677005372,-0.4435352530744335,0.1871249966641771,18.0,-0.1111111111111111,0.24103384202072908,-0.58353744147174,0.36131521924951787,USD_HUF,14,25,adx_cross,short,57
25.0,0.01794157729454291,0.2008031379132708,-0.3756325730154679,0.41151572760455374,11.0,0.09090909090909091,0.3149183286488867,-0.526330833242727,0.7081490150609089,USD_HUF,14,25,di_cross_with_adx,long,36
26.0,0.1538461538461534,0.19761896274869423,-0.23348701314128728,0.5411793208335941,12.0,-0.5,0.2611164839335468,-1.0117883085097517,0.011788308509751766,USD_HUF,14,25,di_cross_with_adx,short,38
39.0,0.02564102564102564,0.16216808513683997,-0.29220842122718066,0.343490472509232,18.0,0.1111111111111111,0.24103384202072908,-0.36131521924951787,0.58353744147174,USD_HUF,14,30,adx_cross,long,57
35.0,-0.14285714285714285,0.16973957879600132,-0.4755467172973054,0.1898324315830197,15.0,-0.4666666666666667,0.23637473611411156,-0.9299611494503253,-0.0033721838830080286,USD_HUF,14,30,adx_cross,short,50
13.0,0.23076923076923078,0.2808833628231621,-0.319762160364167,0.7813006219026286,6.0,0.0,0.4472135954999579,-0.8765386471799175,0.8765386471799175,USD_HUF,14,30,di_cross_with_adx,long,19
13.0,0.23076923076922992,0.2808833628231619,-0.3197621603641674,0.7813006219026273,6.0,-0.6666666666666666,0.33333333333333337,-1.32,-0.013333333333333197,USD_HUF,14,30,di_cross_with_adx,short,19
34.0,0.17647058823529413,0.17134566617751038,-0.15936691747262619,0.5123080939432144,15.0,-0.2,0.2618614682831909,-0.7132484778350541,0.3132484778350541,USD_HUF,20,20,adx_cross,long,49
30.0,-0.06666666666666667,0.18528222234124034,-0.4298198224554977,0.2964864891221644,13.0,-0.07692307692307693,0.2878197989826109,-0.6410498829289943,0.48720372908284043,USD_HUF,20,20,adx_cross,short,43
25.0,-0.1420584227054571,0.1987321175848114,-0.5315733731716874,0.24745652776077326,11.0,0.2727272727272727,0.30424000964875475,-0.32358314618428663,0.869037691638832,USD_HUF,20,20,di_cross_with_adx,long,36
27.0,-0.037037037037037035,0.19598157859737708,-0.4211609310878961,0.347086857013822,12.0,-0.3333333333333333,0.2842676218074806,-0.8904978720759953,0.22383120540932872,USD_HUF,20,20,di_cross_with_adx,short,39
22.0,-0.2829653102057553,0.2072220503658349,-0.6891205289227917,0.12318990851128109,10.0,0.0,0.3333333333333333,-0.6533333333333333,0.6533333333333333,USD_HUF,20,25,adx_cross,long,32
21.0,-0.047619047619047616,0.22335313142016333,-0.48539118520256774,0.3901530899644725,9.0,-0.1111111111111111,0.35136418446315326,-0.7997849126588914,0.5775626904366693,USD_HUF,20,25,adx_cross,short,30
11.0,-0.45454545454545453,0.2816715160878121,-1.0066216260775662,0.09753071698665722,6.0,0.0,0.4472135954999579,-0.8765386471799175,0.8765386471799175,USD_HUF,20,25,di_cross_with_adx,long,17
10.0,0.0,0.3333333333333333,-0.6533333333333333,0.6533333333333333,5.0,0.6,0.4000000000000001,-0.18400000000000016,1.3840000000000001,USD_HUF,20,25,di_cross_with_adx,short,15
25.0,0.08807769246329819,0.1993608064935941,-0.3026694882641463,0.47882487319074263,11.0,-0.2727272727272727,0.30424000964875475,-0.869037691638832,0.32358314618428663,USD_HUF,20,30,adx_cross,long,36
11.0,0.2727272727272727,0.30424000964875475,-0.32358314618428663,0.869037691638832,5.0,-0.2,0.48989794855663565,-1.1601999791710058,0.7601999791710059,USD_HUF,20,30,adx_cross,short,16
3.0,-1.0,0.0,-1.0,-1.0,2.0,0.0,1.0,-1.96,1.96,USD_HUF,20,30,di_cross_with_adx,long,5
2.0,0.0,1.0,-1.96,1.96,1.0,1.0,,,,USD_HUF,20,30,di_cross_with_adx,short,3
34.0,-0.04994170309743516,0.15432903537667686,-0.3524266124357218,0.25254320624085147,15.0,0.15550004098416625,0.24615393516899886,-0.3269616719470715,0.637961753915404,EUR_HUF,14,20,adx_cross,long,49
40.0,0.004196004894985772,0.14264442415373652,-0.27538706644633776,0.2837790762363093,18.0,-0.07742355736596111,0.21834545108133863,-0.5053806414853848,0.35053352675346255,EUR_HUF,14,20,adx_cross,short,58
51.0,0.17063486231923403,0.1329767487069115,-0.08999956514631252,0.4312692897847806,23.0,-0.12877093183827873,0.20103482713508505,-0.5227991930230454,0.26525732934648794,EUR_HUF,14,20,di_cross_with_adx,long,74
55.0,-0.223671855527292,0.11818896843426416,-0.4553222336584497,0.00797852260386575,24.0,0.16666666666666666,0.20559798491465375,-0.23630538376605467,0.569638717099388,EUR_HUF,14,20,di_cross_with_adx,short,79
54.0,0.1399463414478415,0.12106201487777436,-0.09733520771259627,0.3772278906082792,24.0,-0.05546618322244531,0.1954635893828324,-0.4385748184127968,0.3276424519679062,EUR_HUF,14,25,adx_cross,long,78
44.0,0.1964411287005038,0.13213634090141999,-0.06254609946627937,0.45542835686728694,19.0,0.1120452519230538,0.22598633860200387,-0.3308879717368738,0.5549784755829814,EUR_HUF,14,25,adx_cross,short,63
20.0,0.13761240453313603,0.22173144929795044,-0.2969812360908468,0.5722060451571189,9.0,0.1111111111111111,0.35136418446315326,-0.5775626904366693,0.7997849126588914,EUR_HUF,14,25,di_cross_with_adx,long,29
24.0,-0.29714970130167534,0.1766501513666394,-0.6433839979802886,0.04908459537693788,11.0,0.45454545454545453,0.2816715160878121,-0.09753071698665722,1.0066216260775662,EUR_HUF,14,25,di_cross_with_adx,short,35
42.0,0.1258929803466039,0.14038385228478362,-0.14925937013157198,0.4010453308247798,19.0,0.21522584368264588,0.21988309203977305,-0.2157450167153093,0.646196704080601,EUR_HUF,14,30,adx_cross,long,61
27.0,0.28685906976524694,0.17581269555733625,-0.05773381352713208,0.6314519530576259,12.0,-0.033779901371594735,0.26348225871900194,-0.5502051284608385,0.482645325717649,EUR_HUF,14,30,adx_cross,short,39
5.0,1.0,0.0,1.0,1.0,3.0,0.3333333333333333,0.6666666666666667,-0.9733333333333336,1.6400000000000001,EUR_HUF,14,30,di_cross_with_adx,long,8
15.0,-0.4211695488625416,0.22308538971432693,-0.8584169127026224,0.016077814977539184,7.0,0.7142857142857143,0.2857142857142857,0.15428571428571436,1.2742857142857142,EUR_HUF,14,30,di_cross_with_adx,short,22
39.0,0.2011389700139966,0.14771497268273323,-0.08838237644416053,0.49066031647215375,17.0,0.09653329318409469,0.23166308007129938,-0.35752634375565207,0.5505929301238415,EUR_HUF,20,20,adx_cross,long,56
26.0,0.07564274209146317,0.17167605873129638,-0.26084233302187776,0.41212781720480407,12.0,-0.6666666666666666,0.22473328748774735,-1.1071439101426515,-0.22618942319068186,EUR_HUF,20,20,adx_cross,short,38
26.0,-0.046231217677944914,0.18247447356678784,-0.4038811858688491,0.31141875051295925,12.0,-0.16666666666666666,0.2972941950052816,-0.7493632888770185,0.41602995554368527,EUR_HUF,20,20,di_cross_with_adx,long,38
25.0,-0.14414436530416574,0.18536324141788946,-0.507456318483229,0.2191675878748976,11.0,0.15223392760242485,0.2992562863918111,-0.434308393725525,0.7387762489303746,EUR_HUF,20,20,di_cross_with_adx,short,36
33.0,-0.14896509232534233,0.16190302375237897,-0.46629501888000513,0.16836483422932047,15.0,0.2234151130654182,0.23011878529851829,-0.22761770611967766,0.674447932250514,EUR_HUF,20,25,adx_cross,long,48
16.0,-0.2626966537463613,0.21246052928983314,-0.6791192911544343,0.15372598366171164,8.0,-0.36136907054568634,0.32643065611359273,-1.0011731565283282,0.27843501543695537,EUR_HUF,20,25,adx_cross,short,24
7.0,0.09886693453945831,0.31437895221509193,-0.5173158118021219,0.7150496808810385,4.0,-0.5,0.5,-1.48,0.48,EUR_HUF,20,25,di_cross_with_adx,long,11
8.0,0.5,0.32732683535398854,-0.14156059729381754,1.1415605972938176,4.0,0.0,0.5773502691896257,-1.1316065276116665,1.1316065276116665,EUR_HUF,20,25,di_cross_with_adx,short,12
23.0,0.1947468570908185,0.19872720939466054,-0.19475847332271615,0.5842521875043531,10.0,-0.37785440960721195,0.30144819641436466,-0.9686928745793667,0.2129840553649428,EUR_HUF,20,30,adx_cross,long,33
16.0,-0.2977259451983039,0.22618526772288874,-0.7410490699351658,0.145597179538558,7.0,-0.9129142475577677,0.0870857524422323,-1.083602322344543,-0.7422261727709925,EUR_HUF,20,30,adx_cross,short,23
0.0,,,,,1.0,0.19625832324457226,,,,EUR_HUF,20,30,di_cross_with_adx,long,1
4.0,1.0,0.0,1.0,1.0,2.0,-1.0,0.0,-1.0,-1.0,EUR_HUF,20,30,di_cross_with_adx,short,6
44.0,-0.00782513706903058,0.13794011438920384,-0.2781877612718701,0.2625374871338089,20.0,0.21740087263063695,0.1450332572652645,-0.06686431160928147,0.5016660568705553,EUR_PLN,14,20,adx_cross,long,64
44.0,0.2119926100879266,0.1358667469598379,-0.054306213953355637,0.4782914341292088,20.0,0.18968003186782562,0.1693313479185471,-0.14220941005252669,0.521569473788178,EUR_PLN,14,20,adx_cross,short,64
45.0,0.07593560941988675,0.1340818703612154,-0.18686485648809542,0.3387360753278689,20.0,-0.26914371574271734,0.1809015812575376,-0.623710815007491,0.08542338352205636,EUR_PLN,14,20,di_cross_with_adx,long,65
46.0,0.0678155995726425,0.1373891507083503,-0.20146713581572412,0.3370983349610091,20.0,0.3486798084970839,0.17970935169025945,-0.0035505208158246315,0.7009101378099925,EUR_PLN,14,20,di_cross_with_adx,short,66
44.0,-0.054764251871011645,0.1384268703425204,-0.32608091774235165,0.21655241400032837,20.0,0.205427224531804,0.17257202826000798,-0.1328139508578116,0.5436683999214196,EUR_PLN,14,25,adx_cross,long,64
37.0,-0.4490481281822808,0.12170559976916812,-0.6875911037298503,-0.21050515263471128,16.0,0.5736719025733041,0.17845706611926623,0.22389605297954235,0.9234477521670659,EUR_PLN,14,25,adx_cross,short,53
21.0,0.04681198505501739,0.20047736797034957,-0.34612365616686774,0.4397476262769025,9.0,-0.27576464032058606,0.2997536373179897,-0.8632817694638459,0.31175248882267376,EUR_PLN,14,25,di_cross_with_adx,long,30
18.0,0.21313294730351928,0.2184994272471216,-0.21512593010083902,0.6413918247078776,8.0,0.02562304426338924,0.3411505910068081,-0.6430321141099546,0.6942782026367331,EUR_PLN,14,25,di_cross_with_adx,short,26
29.0,0.1911246212492117,0.15313301697512374,-0.10901609202203083,0.49126533452045423,13.0,-0.11801323103115095,0.2654641361294095,-0.6383229378447935,0.40229647578249167,EUR_PLN,14,30,adx_cross,long,42
33.0,-0.1598516910070732,0.15281846216692005,-0.4593758768542365,0.1396724948400901,15.0,0.0360060196813524,0.207508312308253,-0.37071027244282345,0.4427223118055283,EUR_PLN,14,30,adx_cross,short,48
9.0,-0.15829708386924762,0.3104603767010549,-0.7667994222033152,0.45020525446482,5.0,0.4320363439493443,0.39321629994669827,-0.3386676039461842,1.2027402918448729,EUR_PLN,14,30,di_cross_with_adx,long,14
7.0,-0.14285714285714285,0.40406101782088427,-0.9348167377860761,0.6491024520717903,4.0,-0.4487539114732215,0.3782878833870018,-1.190198162911745,0.292690339965302,EUR_PLN,14,30,di_cross_with_adx,short,11
32.0,0.16568504924576402,0.1568045320765627,-0.14165183362429887,0.4730219321158269,14.0,0.09163229676792709,0.2125406099711689,-0.32494729877556394,0.5082118923114181,EUR_PLN,20,20,adx_cross,long,46
24.0,-0.19242515345869235,0.1812204106573154,-0.5476171583470305,0.16276685142964584,11.0,0.2716649391988483,0.23298008528492156,-0.18497602795959794,0.7283059063572945,EUR_PLN,20,20,adx_cross,short,35
20.0,0.20771449308131934,0.19986180626672737,-0.18401464720146626,0.5994436333641049,9.0,-0.27517081585673053,0.254744321940087,-0.7744696868593011,0.22412805514584,EUR_PLN,20,20,di_cross_with_adx,long,29
19.0,-0.10778858197051588,0.21543920794883253,-0.5300494295502276,0.3144722656091959,9.0,0.5789945835162525,0.2362836155093283,0.11587869711796905,1.042110469914536,EUR_PLN,20,20,di_cross_with_adx,short,28
21.0,-0.2135983015375429,0.19500991229834347,-0.5958177296422961,0.1686211265672103,9.0,0.4401471777143892,0.23144875785077987,-0.013492387673139317,0.8937867431019177,EUR_PLN,20,25,adx_cross,long,30
21.0,-0.13967450360477254,0.21321647406163807,-0.5575787927655832,0.27822978555603806,10.0,-0.24743392199543837,0.2554642151722692,-0.748143783733086,0.2532759397422093,EUR_PLN,20,25,adx_cross,short,31
4.0,-0.5,0.5,-1.48,0.48,2.0,-0.41990914012663916,0.5800908598733608,-1.5568872254784263,0.7170689452251481,EUR_PLN,20,25,di_cross_with_adx,long,6
7.0,-0.14285714285714285,0.40406101782088427,-0.9348167377860761,0.6491024520717903,4.0,0.25499535725619593,0.4778692925038021,-0.6816284560512562,1.191619170563648,EUR_PLN,20,25,di_cross_with_adx,short,11
14.0,0.040488812987248615,0.2596331095928228,-0.46839208181468417,0.5493697077891814,6.0,-0.20036946794563662,0.40000017063316723,-0.9843698023866444,0.5836308664953712,EUR_PLN,20,30,adx_cross,long,20
9.0,0.04143722212944272,0.2943877290397822,-0.5355627267885305,0.6184371710474158,5.0,0.10322735085031072,0.3949284811233562,-0.6708324721514674,0.8772871738520889,EUR_PLN,20,30,adx_cross,short,14
1.0,-1.0,,,,1.0,0.16018171974672168,,,,EUR_PLN,20,30,di_cross_with_adx,long,2
4.0,0.5,0.5,-0.48,1.48,3.0,0.006660476341594611,0.5773886864828841,-1.1250213491648584,1.1383423018480474,EUR_PLN,20,30,di_cross_with_adx,short,7
46.0,0.2436163949413448,0.13689443214507382,-0.024696692062999903,0.5119294819456894,20.0,0.168132052984016,0.21020049900523485,-0.2438609250662443,0.5801250310342763,EUR_SEK,14,20,adx_cross,long,66
36.0,-0.20632985338774132,0.14801660912030976,-0.4964424072635484,0.08378270048806577,16.0,-0.19889392359779914,0.20317487710765178,-0.5971166827287966,0.19932883553319833,EUR_SEK,14,20,adx_cross,short,52
49.0,0.14410331254487094,0.13167110479659933,-0.11397205285646375,0.40217867794620565,22.0,-0.13598893255404135,0.19981461949116658,-0.5276255867567279,0.25564772164864513,EUR_SEK,14,20,di_cross_with_adx,long,71
53.0,0.009824201376607175,0.12719118720579542,-0.23947052554675186,0.2591189282999662,23.0,0.2613157574689122,0.19492907804391124,-0.12074523549715382,0.6433767504349783,EUR_SEK,14,20,di_cross_with_adx,short,76
50.0,0.16824881779568435,0.13179820850668866,-0.0900756708774254,0.4265733064687941,22.0,0.30089593794994857,0.19377502791925133,-0.07890311677178402,0.6806949926716812,EUR_SEK,14,25,adx_cross,long,72
46.0,-0.008220522571561646,0.1279739670550852,-0.25904949799952864,0.24260845285640537,20.0,0.022651580687150164,0.2193318351643218,-0.4072388162349206,0.45254197760922094,EUR_SEK,14,25,adx_cross,short,66
22.0,0.28307366425028707,0.1952047145916464,-0.09952757634933984,0.665674904849914,10.0,-0.24342936540473775,0.29361491757231795,-0.818914603846481,0.3320558730370054,EUR_SEK,14,25,di_cross_with_adx,long,32
26.0,-0.08020701404683013,0.17618802152777957,-0.42553553624127805,0.2651215081476178,12.0,0.16666666666666666,0.2972941950052816,-0.41602995554368527,0.7493632888770185,EUR_SEK,14,25,di_cross_with_adx,short,38
37.0,0.006348291015272369,0.15277905273136091,-0.29309865233819504,0.30579523436873973,16.0,-0.125,0.25617376914899,-0.6271005875320204,0.37710058753202036,EUR_SEK,14,30,adx_cross,long,53
29.0,-0.16285299365558306,0.17026896292694915,-0.49658016099240343,0.17087417368123728,13.0,0.1754381885736748,0.22620305243783193,-0.26791979420447576,0.6187961713518254,EUR_SEK,14,30,adx_cross,short,42
9.0,0.31396992769053716,0.32902707839234024,-0.3309231459584497,0.9588630013395241,5.0,-0.6,0.4000000000000001,-1.3840000000000001,0.18400000000000016,EUR_SEK,14,30,di_cross_with_adx,long,14
9.0,-0.46695285391306945,0.285244299180058,-1.0260316803059832,0.09212597247984428,4.0,0.0,0.5773502691896257,-1.1316065276116665,1.1316065276116665,EUR_SEK,14,30,di_cross_with_adx,short,13
31.0,0.16255243161337593,0.1659506246255074,-0.16271079265261854,0.48781565587937037,14.0,0.5311203466558875,0.20706874284776214,0.12526561067427372,0.9369750826375012,EUR_SEK,20,20,adx_cross,long,45
27.0,-0.09838405158889635,0.1722311431128749,-0.43595709209013117,0.23918898891233847,12.0,0.1408977165151182,0.24935486124205788,-0.34783781151931525,0.6296332445495516,EUR_SEK,20,20,adx_cross,short,39
20.0,-0.25196003286037716,0.21601571292961083,-0.6753508302024144,0.17143076448166006,9.0,-0.2511262532553635,0.31693628536338364,-0.8723213725675953,0.37006886605686845,EUR_SEK,20,20,di_cross_with_adx,long,29
14.0,0.42014763985730763,0.21964615900526485,-0.010358831793011447,0.8506541115076267,6.0,0.24676719918985088,0.40272468377300047,-0.54257318100523,1.0361075793849317,EUR_SEK,20,20,di_cross_with_adx,short,20
28.0,0.3866558358268201,0.16210693362607825,0.06892624591970675,0.7043854257339335,13.0,0.33605952083265955,0.2615023909534096,-0.17648516543602322,0.8486042071013423,EUR_SEK,20,25,adx_cross,long,41
23.0,0.03739823308377321,0.1751151720747653,-0.3058275041827668,0.3806239703503132,11.0,0.34612125828432644,0.2795998876404061,-0.20189452149086956,0.8941370380595224,EUR_SEK,20,25,adx_cross,short,34
7.0,-0.14285714285714285,0.40406101782088427,-0.9348167377860761,0.6491024520717903,4.0,-0.8939297234824319,0.10607027651756804,-1.1018274654568652,-0.6860319815079986,EUR_SEK,20,25,di_cross_with_adx,long,11
3.0,-0.548688585917726,0.4513114140822741,-1.4332589575189831,0.3358817856835312,2.0,1.0,0.0,1.0,1.0,EUR_SEK,20,25,di_cross_with_adx,short,5
18.0,0.3666051737100351,0.19657087394912975,-0.018673739230259223,0.7518840866503294,8.0,-0.16638493133922533,0.35071717440509576,-0.853790593173213,0.5210207304947623,EUR_SEK,20,30,adx_cross,long,26
14.0,-0.06838382869954383,0.2514526937396227,-0.5612311084292043,0.4244634510301166,7.0,0.2197816402738244,0.3740028261668726,-0.5132638990132459,0.9528271795608947,EUR_SEK,20,30,adx_cross,short,21
0.0,,,,,1.0,-1.0,,,,EUR_SEK,20,30,di_cross_with_adx,long,1
,,,,,,,,,,EUR_SEK,20,30,di_cross_with_adx,short,0
37.0,0.40540540540540543,0.15235616689448434,0.10678731829221616,0.7040234925185946,16.0,-0.5,0.22360679774997896,-0.9382693235899587,-0.06173067641004126,NZD_CAD,14,20,adx_cross,long,53
49.0,0.19973988660582334,0.1399865694161693,-0.07463378944986845,0.47411356266151516,22.0,0.0,0.21821789023599236,-0.427707064862545,0.427707064862545,NZD_CAD,14,20,adx_cross,short,71
55.0,9.899661976062937e-05,0.13484000883324243,-0.2641874206933945,0.2643854139329158,24.0,0.01122991112369546,0.20044043590697994,-0.3816333432539852,0.40409316550137614,NZD_CAD,14,20,di_cross_with_adx,long,79
49.0,0.08636236763738339,0.1423924680526051,-0.1927268697457226,0.36545160502048935,21.0,0.1412526122938498,0.21129560223174118,-0.27288676808036294,0.5553919926680625,NZD_CAD,14,20,di_cross_with_adx,short,70
37.0,0.24324324324324326,0.16166088689122846,-0.07361209506356453,0.560098581550051,17.0,0.10522011721412051,0.2414449327025295,-0.36801195088283734,0.5784521853110783,NZD_CAD,14,25,adx_cross,long,54
42.0,-0.047619047619047616,0.15599659363884613,-0.353372371151186,0.2581342759130908,19.0,-0.037553181745218774,0.22347132628414962,-0.475556981262152,0.4004506177717145,NZD_CAD,14,25,adx_cross,short,61
28.0,0.03590874336024408,0.1888559450247073,-0.3342489088881822,0.40606639560867036,12.0,-0.09446891900412231,0.28750182690765586,-0.6579724997431278,0.4690346617348831,NZD_CAD,14,25,di_cross_with_adx,long,40
26.0,0.12429830823968409,0.1947464191234736,-0.2574046732423242,0.5060012897216923,12.0,0.10620211531151423,0.2878862704168899,-0.45805497470559,0.6704592053286185,NZD_CAD,14,25,di_cross_with_adx,short,38
42.0,0.12185611255609856,0.1531516739615525,-0.17832116840854428,0.42203339352074143,18.0,0.11962534876646513,0.23886572169232592,-0.34855146575049367,0.5878021632834239,NZD_CAD,14,30,adx_cross,long,60
42.0,-0.11911509870924919,0.15317790236552228,-0.41934378734567285,0.18111358992717447,19.0,0.007543522204406017,0.22953972134385975,-0.44235433162955906,0.4574413760383711,NZD_CAD,14,30,adx_cross,short,61
11.0,0.09090909090909091,0.3149183286488867,-0.526330833242727,0.7081490150609089,5.0,-0.02672540560989356,0.44801143657836834,-0.9048278213034955,0.8513770100837084,NZD_CAD,14,30,di_cross_with_adx,long,16
9.0,0.1111111111111111,0.35136418446315326,-0.5775626904366693,0.7997849126588914,4.0,0.3186063459345427,0.4716345050778901,-0.605797284018122,1.2430099758872073,NZD_CAD,14,30,di_cross_with_adx,short,13
32.0,-0.125,0.1781966112418093,-0.4742653580339462,0.2242653580339462,14.0,0.42857142857142855,0.25058800551629407,-0.0625810622405078,0.9197239193833648,NZD_CAD,20,20,adx_cross,long,46
31.0,0.07126222869946909,0.17926464941783457,-0.2800964841594867,0.42262094155842483,14.0,0.2940482289468971,0.24719886365461785,-0.19046154381615388,0.778558001709948,NZD_CAD,20,20,adx_cross,short,45
20.0,0.4,0.2102629932151387,-0.012115466701671795,0.8121154667016719,9.0,0.1111111111111111,0.35136418446315326,-0.5775626904366693,0.7997849126588914,NZD_CAD,20,20,di_cross_with_adx,long,29
21.0,-0.23809523809523808,0.21717627144745486,-0.6637607301322496,0.1875702539417734,10.0,-0.0874234570840726,0.31516112871366303,-0.7051392693628521,0.5302923551947069,NZD_CAD,20,20,di_cross_with_adx,short,31
25.0,0.28,0.19595917942265426,-0.10407999166840232,0.6640799916684024,12.0,-0.16666666666666666,0.2972941950052816,-0.7493632888770185,0.41602995554368527,NZD_CAD,20,25,adx_cross,long,37
25.0,-0.0019242333132891253,0.2000092564704043,-0.39394237599528154,0.3900939093687033,12.0,0.338546248879509,0.26584301924137693,-0.18250606883358977,0.8595985665926078,NZD_CAD,20,25,adx_cross,short,37
5.0,0.6,0.4000000000000001,-0.18400000000000016,1.3840000000000001,3.0,1.0,0.0,1.0,1.0,NZD_CAD,20,25,di_cross_with_adx,long,8
5.0,-0.2,0.48989794855663565,-1.1601999791710058,0.7601999791710059,3.0,-0.3333333333333333,0.6666666666666667,-1.6400000000000001,0.9733333333333336,NZD_CAD,20,25,di_cross_with_adx,short,8
20.0,-0.1,0.22826577307580465,-0.5474009152285771,0.3474009152285771,9.0,-0.3333333333333333,0.3333333333333333,-0.9866666666666666,0.32,NZD_CAD,20,30,adx_cross,long,29
18.0,0.1663138800371522,0.23222534416111734,-0.2888477945186378,0.6214755545929422,9.0,0.024525564294077786,0.33423437048731847,-0.6305738018610664,0.679624930449222,NZD_CAD,20,30,adx_cross,short,27
0.0,,,,,1.0,1.0,,,,NZD_CAD,20,30,di_cross_with_adx,long,1
2.0,0.0,1.0,-1.96,1.96,1.0,-1.0,,,,NZD_CAD,20,30,di_cross_with_adx,short,3
41.0,0.09644484089229598,0.1554315946636839,-0.20820108464852444,0.4010907664331164,18.0,-0.2288020727782244,0.23455454779852403,-0.6885289864633315,0.2309248409068827,NZD_CHF,14,20,adx_cross,long,59
51.0,0.0196078431372549,0.14139416766525448,-0.2575247254866439,0.2967404117611537,23.0,0.30434782608695654,0.2030866810856147,-0.09370206884084825,0.7023977210147614,NZD_CHF,14,20,adx_cross,short,74
46.0,0.004182313329912793,0.14850533113181902,-0.28688813568845245,0.2952527623482781,21.0,-0.38420769525297616,0.2006225233846461,-0.7774278410868825,0.009012450580930198,NZD_CHF,14,20,di_cross_with_adx,long,67
51.0,-0.058823529411764705,0.1411764705882353,-0.3355294117647059,0.21788235294117647,22.0,-0.04432090501966151,0.21298439301392103,-0.46177031532694673,0.3731285052876237,NZD_CHF,14,20,di_cross_with_adx,short,73
37.0,0.2731331542651232,0.15358627946674488,-0.027895953489696756,0.5741622620199431,16.0,-0.375,0.23935677693908453,-0.8441392828006057,0.09413928280060568,NZD_CHF,14,25,adx_cross,long,53
42.0,0.15091576714263955,0.15332372276971146,-0.1495987294859949,0.451430263771274,18.0,0.40895825363077837,0.21481149334629113,-0.012072273327952243,0.829988780589509,NZD_CHF,14,25,adx_cross,short,60
19.0,-0.05263157894736842,0.23537557657892524,-0.5139677090420619,0.40870455114732507,9.0,-0.6742624000347222,0.2331250633450028,-1.1311875241909277,-0.2173372758785167,NZD_CHF,14,25,di_cross_with_adx,long,28
21.0,0.23809523809523808,0.21717627144745486,-0.1875702539417734,0.6637607301322496,9.0,0.4472155655074941,0.2934612919245518,-0.12796856666462741,1.0223996976796155,NZD_CHF,14,25,di_cross_with_adx,short,30
28.0,-0.2604894365825053,0.18252465683761018,-0.6182377639842213,0.09725889081921069,12.0,0.16666666666666666,0.2972941950052816,-0.41602995554368527,0.7493632888770185,NZD_CHF,14,30,adx_cross,long,40
36.0,0.12851787124933278,0.16557928331764224,-0.19601752405324602,0.4530532665519116,16.0,-0.375,0.23935677693908453,-0.8441392828006057,0.09413928280060568,NZD_CHF,14,30,adx_cross,short,52
9.0,-0.1111111111111111,0.35136418446315326,-0.7997849126588914,0.5775626904366693,5.0,-0.8136723200624999,0.18632767993750002,-1.1788745727399998,-0.4484700673849999,NZD_CHF,14,30,di_cross_with_adx,long,14
7.0,0.42857142857142855,0.3688555567816587,-0.29438546272062255,1.1515283198634796,3.0,0.6749800298558156,0.3250199701441844,0.0379408883732143,1.312019171338417,NZD_CHF,14,30,di_cross_with_adx,short,10
30.0,0.13333333333333333,0.1840373108931074,-0.22737979601715716,0.4940464626838238,13.0,0.07692307692307693,0.2878197989826109,-0.48720372908284043,0.6410498829289943,NZD_CHF,20,20,adx_cross,long,43
32.0,0.0695702410884746,0.17389972062823575,-0.27127321134286747,0.41041369351981666,14.0,0.5714285714285714,0.22760785909019762,0.12531716761178407,1.0175399752453587,NZD_CHF,20,20,adx_cross,short,46
24.0,-0.08333333333333333,0.20778914433245896,-0.49060005622495284,0.3239333895582862,11.0,-0.09090909090909091,0.3149183286488867,-0.7081490150609089,0.526330833242727,NZD_CHF,20,20,di_cross_with_adx,long,35
19.0,0.15789473684210525,0.23274559932318592,-0.29828663783133913,0.6140761115155496,9.0,0.3333333333333333,0.3333333333333333,-0.32,0.9866666666666666,NZD_CHF,20,20,di_cross_with_adx,short,28
20.0,-0.15865967478110354,0.22080318778026875,-0.5914339228304303,0.2741145732682232,9.0,-0.3333333333333333,0.3333333333333333,-0.9866666666666666,0.32,NZD_CHF,20,25,adx_cross,long,29
27.0,0.2859424154398827,0.1844007315742065,-0.07548301844556204,0.6473678493253274,12.0,0.2986177380642561,0.2789360185082967,-0.2480968582120054,0.8453323343405177,NZD_CHF,20,25,adx_cross,short,39
6.0,0.0,0.4472135954999579,-0.8765386471799175,0.8765386471799175,3.0,-0.3333333333333333,0.6666666666666667,-1.6400000000000001,0.9733333333333336,NZD_CHF,20,25,di_cross_with_adx,long,9
5.0,0.6,0.4,-0.18400000000000005,1.384,3.0,0.3333333333333333,0.6666666666666667,-0.9733333333333336,1.6400000000000001,NZD_CHF,20,25,di_cross_with_adx,short,8
15.0,-0.06666666666666667,0.2666666666666666,-0.5893333333333332,0.45599999999999985,7.0,-0.14285714285714285,0.40406101782088427,-0.9348167377860761,0.6491024520717903,NZD_CHF,20,30,adx_cross,long,22
19.0,-0.47368421052631576,0.2075817467754251,-0.8805444342061489,-0.06682398684648261,9.0,-0.07548709819338059,0.34177392104250465,-0.7453639834366897,0.5943897870499285,NZD_CHF,20,30,adx_cross,short,28
2.0,-1.0,0.0,-1.0,-1.0,2.0,0.0,1.0,-1.96,1.96,NZD_CHF,20,30,di_cross_with_adx,long,4
2.0,1.0,0.0,1.0,1.0,1.0,1.0,,,,NZD_CHF,20,30,di_cross_with_adx,short,3
49.0,-0.04554366532796831,0.1387717843190835,-0.317536362593372,0.22644903193743535,22.0,-0.0308494512712176,0.21361810149088872,-0.44954093019335944,0.3878420276509243,EUR_NOK,14,20,adx_cross,long,71
41.0,-0.08353532493402392,0.1562607659921159,-0.3898064262785711,0.22273577641052322,18.0,0.04844756714037224,0.2355227852934092,-0.41317709203470976,0.5100722263154542,EUR_NOK,14,20,adx_cross,short,59
43.0,0.08140011078300281,0.1497949688786455,-0.21219802821914235,0.37499824978514795,19.0,0.03203661327231164,0.23164180006494522,-0.421981314854981,0.48605454139960425,EUR_NOK,14,20,di_cross_with_adx,long,62
49.0,-0.1570446232289099,0.1399033323144631,-0.43125515456525765,0.1171659081074378,21.0,0.14285714285714285,0.22131333406899525,-0.29091699191808784,0.5766312776323735,EUR_NOK,14,20,di_cross_with_adx,short,70
48.0,0.1857453258554768,0.14087642017855614,-0.09037245769449323,0.46186310940544684,21.0,0.3333333333333333,0.21081851067789195,-0.07987094759533492,0.7465376142620015,EUR_NOK,14,25,adx_cross,long,69
37.0,0.08044012135266151,0.16215598483028346,-0.23738560891469404,0.39826585162001704,17.0,-0.15975996613796034,0.23322835489199373,-0.616887541726268,0.29736760945034735,EUR_NOK,14,25,adx_cross,short,54
19.0,-0.18652940574486487,0.2265093061599593,-0.630487645818385,0.2574288343286553,9.0,0.06763285024154679,0.34012543795327427,-0.5990130081468708,0.7342787086299642,EUR_NOK,14,25,di_cross_with_adx,long,28
18.0,0.0724896367657452,0.22973032445630204,-0.37778179916860677,0.5227610727000972,9.0,0.1111111111111111,0.35136418446315326,-0.5775626904366693,0.7997849126588914,EUR_NOK,14,25,di_cross_with_adx,short,27
37.0,0.23625248338159802,0.16090123446975987,-0.07911393617913134,0.5516189029423274,16.0,-0.25,0.25,-0.74,0.24,EUR_NOK,14,30,adx_cross,long,53
37.0,0.12391123258083303,0.1594053837937885,-0.18852331965499242,0.4363457848166585,16.0,0.04702810127732612,0.2393252801791765,-0.4220494478738598,0.5161056504285121,EUR_NOK,14,30,adx_cross,short,53
7.0,-0.14285714285714285,0.40406101782088427,-0.9348167377860761,0.6491024520717903,4.0,0.0,0.5773502691896257,-1.1316065276116665,1.1316065276116665,EUR_NOK,14,30,di_cross_with_adx,long,11
9.0,-0.1111111111111111,0.35136418446315326,-0.7997849126588914,0.5775626904366693,5.0,-0.2,0.48989794855663565,-1.1601999791710058,0.7601999791710059,EUR_NOK,14,30,di_cross_with_adx,short,14
28.0,0.038784653955281065,0.18447628668298371,-0.322788867943367,0.40035817585392913,12.0,0.11524575483461474,0.2757933362963085,-0.42530918430614983,0.6558006939753793,EUR_NOK,20,20,adx_cross,long,40
30.0,0.027516997725839924,0.17766044785623275,-0.32069748007237625,0.3757314755240561,13.0,0.2969197951421641,0.264011390170326,-0.2205425295916748,0.8143821198760031,EUR_NOK,20,20,adx_cross,short,43
23.0,0.138919203503331,0.2024288014875038,-0.2578412474121764,0.5356796544188385,10.0,0.2816099152849665,0.2909846342869505,-0.28871996791745647,0.8519397984873894,EUR_NOK,20,20,di_cross_with_adx,long,33
16.0,-0.3493789763328238,0.23624778986230252,-0.8124246444629367,0.11366669179728917,7.0,0.26982449171143036,0.3619633958679841,-0.43962376418981847,0.9792727476126792,EUR_NOK,20,20,di_cross_with_adx,short,23
18.0,-0.19661791394550596,0.2328762900825255,-0.6530554425072559,0.25981961461624403,8.0,0.0,0.3779644730092272,-0.7408103670980853,0.7408103670980853,EUR_NOK,20,25,adx_cross,long,26
25.0,-0.10535574354721637,0.1957238150133711,-0.48897442097342375,0.278262933878991,11.0,-0.2727272727272727,0.30424000964875475,-0.869037691638832,0.32358314618428663,EUR_NOK,20,25,adx_cross,short,36
4.0,0.20381457219893717,0.48887353345012546,-0.7543775533633087,1.162006697761183,3.0,0.3333333333333333,0.6666666666666667,-0.9733333333333336,1.6400000000000001,EUR_NOK,20,25,di_cross_with_adx,long,7
4.0,0.10248409466870484,0.5248938875756325,-0.9263079249795347,1.1312761143169445,2.0,0.0,1.0,-1.96,1.96,EUR_NOK,20,25,di_cross_with_adx,short,6
16.0,-0.375,0.23935677693908453,-0.8441392828006057,0.09413928280060568,7.0,-0.14285714285714285,0.40406101782088427,-0.9348167377860761,0.6491024520717903,EUR_NOK,20,30,adx_cross,long,23
9.0,0.1111111111111111,0.35136418446315326,-0.5775626904366693,0.7997849126588914,4.0,-0.11994911052151033,0.5174505278451534,-1.134152145098011,0.8942539240549904,EUR_NOK,20,30,adx_cross,short,13
,,,,,,,,,,EUR_NOK,20,30,di_cross_with_adx,long,0
1.0,-1.0,,,,1.0,1.0,,,,EUR_NOK,20,30,di_cross_with_adx,short,2
41.0,0.12195121951219512,0.1569337360209309,-0.1856389030888294,0.42954134211321965,18.0,-0.6666666666666666,0.1807753815155468,-1.0209864144371383,-0.31234691889619487,USD_ZAR,14,20,adx_cross,long,59
35.0,0.08571428571428541,0.1708674289363204,-0.24918587500090256,0.4206144464294734,16.0,0.375,0.23935677693908453,-0.09413928280060568,0.8441392828006057,USD_ZAR,14,20,adx_cross,short,51
39.0,-0.23076923076923078,0.15784282339771596,-0.5401411646287541,0.07860270309029249,17.0,0.29411764705882415,0.23894230601870484,-0.17420927273783732,0.7624445668554856,USD_ZAR,14,20,di_cross_with_adx,long,56
42.0,0.0,0.15617376188860607,-0.3061005733016679,0.3061005733016679,18.0,-0.3333333333333333,0.2286647801900118,-0.7815163025057564,0.1148496358390898,USD_ZAR,14,20,di_cross_with_adx,short,60
41.0,-0.024390243902439025,0.15806684630263076,-0.33420126265559535,0.28542077485071726,18.0,-0.1111111111111111,0.24103384202072908,-0.58353744147174,0.36131521924951787,USD_ZAR,14,25,adx_cross,long,59
37.0,0.08108108108108109,0.16611791814942145,-0.24451003849178493,0.4066722006539471,17.0,0.17647058823529477,0.24607647839237531,-0.30583930941376086,0.6587804858843505,USD_ZAR,14,25,adx_cross,short,54
18.0,-0.1111111111111111,0.24103384202072908,-0.58353744147174,0.36131521924951787,9.0,0.11111111111111234,0.35136418446315365,-0.5775626904366687,0.7997849126588935,USD_ZAR,14,25,di_cross_with_adx,long,27
21.0,0.3333333333333333,0.21081851067789195,-0.07987094759533492,0.7465376142620015,9.0,-0.3333333333333333,0.3333333333333333,-0.9866666666666666,0.32,USD_ZAR,14,25,di_cross_with_adx,short,30
32.0,0.12500000000000033,0.17819661124180936,-0.22426535803394598,0.47426535803394665,15.0,-0.06666666666666667,0.2666666666666666,-0.5893333333333332,0.45599999999999985,USD_ZAR,14,30,adx_cross,long,47
40.0,-0.1,0.1593255013631383,-0.4122779826717511,0.21227798267175105,18.0,0.4444444444444444,0.2172649691319564,0.018605104945809914,0.8702837839430789,USD_ZAR,14,30,adx_cross,short,58
4.0,0.0,0.5773502691896257,-1.1316065276116665,1.1316065276116665,3.0,-0.3333333333333333,0.6666666666666667,-1.6400000000000001,0.9733333333333336,USD_ZAR,14,30,di_cross_with_adx,long,7
7.0,0.42857142857142855,0.36885555678165877,-0.29438546272062266,1.1515283198634798,3.0,-1.0,0.0,-1.0,-1.0,USD_ZAR,14,30,di_cross_with_adx,short,10
32.0,0.0,0.17960530202677488,-0.35202639197247876,0.35202639197247876,14.0,-0.14285714285714285,0.2745054065230065,-0.6808877396422355,0.39517345392794984,USD_ZAR,20,20,adx_cross,long,46
28.0,0.07142857142857142,0.19195851781663212,-0.3048101234920275,0.4476672663491704,13.0,-0.07692307692307693,0.2878197989826109,-0.6410498829289943,0.48720372908284043,USD_ZAR,20,20,adx_cross,short,41
23.0,0.043478260869565216,0.21299910806810243,-0.37399999094391556,0.46095651268304594,10.0,-0.1999999999999989,0.3265986323710908,-0.8401333194473368,0.4401333194473391,USD_ZAR,20,20,di_cross_with_adx,long,33
28.0,0.0,0.19245008972987526,-0.3772021758705555,0.3772021758705555,13.0,-0.07692307692307693,0.2878197989826109,-0.6410498829289943,0.48720372908284043,USD_ZAR,20,20,di_cross_with_adx,short,41
26.0,-0.15384615384615424,0.19761896274869423,-0.5411793208335949,0.23348701314128645,12.0,-0.3333333333333333,0.28426762180748066,-0.8904978720759955,0.22383120540932883,USD_ZAR,20,25,adx_cross,long,38
23.0,0.13043478260869565,0.2113793194801729,-0.2838686835724432,0.5447382487898346,10.0,0.4,0.30550504633038933,-0.19878989080756304,0.9987898908075631,USD_ZAR,20,25,adx_cross,short,33
9.0,0.1111111111111111,0.35136418446315326,-0.5775626904366693,0.7997849126588914,5.0,-0.2,0.48989794855663565,-1.1601999791710058,0.7601999791710059,USD_ZAR,20,25,di_cross_with_adx,long,14
14.0,0.14285714285714285,0.2745054065230065,-0.39517345392794984,0.6808877396422355,6.0,0.0,0.4472135954999579,-0.8765386471799175,0.8765386471799175,USD_ZAR,20,25,di_cross_with_adx,short,20
16.0,-0.125,0.25617376914899,-0.6271005875320204,0.37710058753202036,8.0,0.25,0.3659625273556999,-0.46728655361717175,0.9672865536171718,USD_ZAR,20,30,adx_cross,long,24
17.0,-0.6470588235294118,0.19061002054140763,-1.0206544637905708,-0.27346318326825286,8.0,0.5,0.32732683535398854,-0.14156059729381754,1.1415605972938176,USD_ZAR,20,30,adx_cross,short,25
2.0,0.0,1.0,-1.96,1.96,1.0,1.0,,,,USD_ZAR,20,30,di_cross_with_adx,long,3
6.0,0.3333333333333333,0.421637021355784,-0.4930752285240034,1.15974189519067,3.0,0.3333333333333333,0.6666666666666667,-0.9733333333333336,1.6400000000000001,USD_ZAR,20,30,di_cross_with_adx,short,9
56.0,0.09204217573155186,0.13308210640549506,-0.16879875282321843,0.3528831042863222,24.0,0.3333333333333333,0.19658927487319622,-0.05198164541813127,0.718648312084798,USD_NOK,14,20,adx_cross,long,80
38.0,0.05263157894736842,0.16417112997159042,-0.2691438357969488,0.3744069936916856,17.0,-0.7647058823529411,0.16109486985446062,-1.080451827267684,-0.44895993743819834,USD_NOK,14,20,adx_cross,short,55
53.0,0.16981132075471697,0.1366610148776005,-0.09804426840537997,0.43766690991481394,23.0,0.13043478260869565,0.21137931948017294,-0.2838686835724433,0.5447382487898346,USD_NOK,14,20,di_cross_with_adx,long,76
46.0,-0.08695652173913067,0.14850653283999415,-0.3780293261055192,0.2041162826272579,20.0,0.1,0.22826577307580465,-0.3474009152285771,0.5474009152285771,USD_NOK,14,20,di_cross_with_adx,short,66
54.0,0.22222222222222243,0.13392600632020496,-0.04027275016537929,0.48471719460982415,24.0,-0.25,0.2018932132718121,-0.6457106980127516,0.14571069801275166,USD_NOK,14,25,adx_cross,long,78
37.0,0.0810810810810808,0.16611791814942137,-0.24451003849178504,0.40667220065394666,17.0,-0.29411764705882354,0.2389423060187047,-0.7624445668554847,0.17420927273783765,USD_NOK,14,25,adx_cross,short,54
21.0,0.047619047619047616,0.22335313142016333,-0.3901530899644725,0.48539118520256774,10.0,-0.2,0.3265986323710904,-0.840133319447337,0.4401333194473371,USD_NOK,14,25,di_cross_with_adx,long,31
23.0,-0.13043478260869612,0.2113793194801729,-0.544738248789835,0.28386868357244277,10.0,0.2,0.3265986323710904,-0.4401333194473371,0.840133319447337,USD_NOK,14,25,di_cross_with_adx,short,33
35.0,0.18948186057874483,0.16688605126747239,-0.13761479990550102,0.5165785210629907,16.0,-0.125,0.25617376914899,-0.6271005875320204,0.37710058753202036,USD_NOK,14,30,adx_cross,long,51
40.0,0.3,0.15275252316519466,0.0006050545962184573,0.5993949454037815,18.0,-0.1111111111111111,0.24103384202072908,-0.58353744147174,0.36131521924951787,USD_NOK,14,30,adx_cross,short,58
10.0,0.4,0.30550504633038933,-0.19878989080756304,0.9987898908075631,5.0,-0.6,0.4000000000000001,-1.3840000000000001,0.18400000000000016,USD_NOK,14,30,di_cross_with_adx,long,15
9.0,0.11111111111110988,0.3513641844631528,-0.5775626904366695,0.7997849126588894,4.0,0.0,0.5773502691896257,-1.1316065276116665,1.1316065276116665,USD_NOK,14,30,di_cross_with_adx,short,13
37.0,0.13513513513513514,0.16513786288129156,-0.18853507611219633,0.4588053463824666,17.0,0.03248328253457622,0.24470123223225868,-0.4471311326406508,0.5120976977098033,USD_NOK,20,20,adx_cross,long,54
35.0,0.02857142857142857,0.17142857142857143,-0.30742857142857144,0.3645714285714286,15.0,0.06666666666666667,0.2666666666666666,-0.45599999999999985,0.5893333333333332,USD_NOK,20,20,adx_cross,short,50
22.0,-0.09090909090909091,0.21731429260625335,-0.5168451044173474,0.33502692259916567,10.0,0.4,0.3055050463303893,-0.19878989080756293,0.998789890807563,USD_NOK,20,20,di_cross_with_adx,long,32
24.0,-0.2321729720935882,0.1997899903259103,-0.6237613531323724,0.15941540894519599,11.0,0.2727272727272727,0.30424000964875475,-0.32358314618428663,0.869037691638832,USD_NOK,20,20,di_cross_with_adx,short,35
26.0,-0.15384615384615385,0.19761896274869428,-0.5411793208335947,0.23348701314128695,12.0,0.0,0.30151134457776363,-0.5909622353724167,0.5909622353724167,USD_NOK,20,25,adx_cross,long,38
27.0,-0.1111111111111111,0.19490178206822872,-0.4931186039648394,0.2708963817426172,12.0,0.0,0.30151134457776363,-0.5909622353724167,0.5909622353724167,USD_NOK,20,25,adx_cross,short,39
7.0,-0.14285714285714285,0.40406101782088427,-0.9348167377860761,0.6491024520717903,3.0,0.3333333333333333,0.6666666666666667,-0.9733333333333336,1.6400000000000001,USD_NOK,20,25,di_cross_with_adx,long,10
9.0,-0.5080168144717908,0.28878643085783645,-1.07403821895315,0.05800459000956859,5.0,-0.2,0.48989794855663565,-1.1601999791710058,0.7601999791710059,USD_NOK,20,25,di_cross_with_adx,short,14
20.0,-0.2,0.22478059477960655,-0.6405699657680288,0.2405699657680288,9.0,0.5555555555555556,0.2939723678960656,-0.020630285520732983,1.1317413966318441,USD_NOK,20,30,adx_cross,long,29
13.0,-0.23076923076923078,0.2808833628231621,-0.7813006219026286,0.319762160364167,6.0,-0.3333333333333333,0.421637021355784,-1.15974189519067,0.4930752285240034,USD_NOK,20,30,adx_cross,short,19
2.0,1.0,0.0,1.0,1.0,2.0,-1.0,0.0,-1.0,-1.0,USD_NOK,20,30,di_cross_with_adx,long,4
2.0,0.0,1.0,-1.96,1.96,1.0,-1.0,,,,USD_NOK,20,30,di_cross_with_adx,short,3
