filter,trades,wins,losses,win_rate,avg_pnl,median_pnl,std_pnl,sharpe,total_pnl,avg_win,avg_loss,win_loss_ratio,pct_of_baseline
Score 4-5 Only (Pure),268,173,95,64.55223880597015,1.0039179104477611,0.815,3.4836718038130057,2.6411958848209043,269.05,2.866416184971098,-2.3877894736842107,1.2004476175817946,5.5064721594411346
Score 4-6 Only,1110,684,426,61.62162162162163,0.663045045045045,0.645,3.5246562811973714,1.7241137096364592,735.98,2.590043859649122,-2.431009389671362,1.0654191097136239,22.80665707828231
Score 4-7 Only,2386,1406,980,58.92707460184409,0.43826487845766965,0.5,3.2214575536644214,1.2468778163402148,1045.6999999999998,2.3256899004267426,-2.2696122448979588,1.024708033566018,49.024039449352784
Exclude 7-9,2461,1432,1029,58.18772856562373,0.41002031694433155,0.44,3.242833117137438,1.1588318430186735,1009.06,2.3456564245810054,-2.283692905733722,1.0271330346964385,50.56502979247996
Baseline (No Filter),4867,2726,2141,56.009862338196015,0.2771111567700842,0.33,3.0992045299110487,0.8194895429196682,1348.6999999999998,2.216691122523845,-2.1924334423166743,1.0110642721183536,100.0
Score 6+ (Current-ish),4511,2501,2010,55.442252272223456,0.22536023054755047,0.3,3.063192326002566,0.6742836917880058,1016.6000000000001,2.157740903638545,-2.179059701492537,0.9902165150227917,92.68543250462297
Score 10+ Only,546,316,230,57.87545787545788,0.16000000000000003,0.42,2.859074527878436,0.5129017128049554,87.36000000000001,1.9300316455696203,-2.2718695652173913,0.8495345309953738,11.218409697965894
Score 8+ (High Only),1951,1028,923,52.690927729369555,0.05746796514607895,0.14,2.919422202383224,0.18041330240073403,112.12000000000003,2.0111673151750975,-2.1184832069339112,0.9493430528938993,40.08629545921512
