pair,entry_ts,exit_ts,r
USD_CHF,2016-01-06 10:00:00,2016-01-07 06:00:00,1.0
USD_SEK,2016-01-06 10:00:00,2016-01-07 14:00:00,1.0
USD_NOK,2016-01-06 18:00:00,2016-01-08 18:00:00,-1.0
CHF_JPY,2016-01-06 22:00:00,2016-01-07 22:00:00,1.0
EUR_JPY,2016-01-07 06:00:00,2016-01-07 18:00:00,1.0
CHF_JPY,2016-01-07 06:00:00,2016-01-07 18:00:00,1.0
CAD_CHF,2016-01-07 14:00:00,2016-01-07 18:00:00,1.0
USD_CHF,2016-01-07 14:00:00,2016-01-07 18:00:00,1.000000000000011
CAD_JPY,2016-01-07 18:00:00,2016-01-07 22:00:00,1.0
EUR_NOK,2016-01-07 18:00:00,2016-01-12 10:00:00,1.0
NZD_JPY,2016-01-07 18:00:00,2016-01-07 22:00:00,1.0
AUD_JPY,2016-01-07 18:00:00,2016-01-07 22:00:00,1.0
AUD_CAD,2016-01-07 18:00:00,2016-01-07 22:00:00,1.0
EUR_GBP,2016-01-07 22:00:00,2016-01-08 18:00:00,1.0
NZD_CHF,2016-01-07 22:00:00,2016-01-08 10:00:00,1.0
NZD_CHF,2016-01-08 06:00:00,2016-01-08 14:00:00,1.0
EUR_PLN,2016-01-11 10:00:00,2016-01-15 06:00:00,-1.0
AUD_CAD,2016-01-12 06:00:00,2016-01-14 14:00:00,1.000000000000011
USD_CAD,2016-01-12 14:00:00,2016-01-13 18:00:00,-1.0
EUR_GBP,2016-01-12 22:00:00,2016-01-14 06:00:00,1.0
USD_SGD,2016-01-12 22:00:00,2016-01-26 14:00:00,1.0
EUR_JPY,2016-01-13 06:00:00,2016-01-21 10:00:00,-1.0
EUR_GBP,2016-01-13 06:00:00,2016-01-13 18:00:00,1.0
GBP_CHF,2016-01-13 14:00:00,2016-01-14 06:00:00,1.0
USD_PLN,2016-01-13 18:00:00,2016-01-15 06:00:00,-1.0
EUR_NOK,2016-01-14 06:00:00,2016-01-14 14:00:00,1.0
USD_JPY,2016-01-14 10:00:00,2016-01-20 06:00:00,-1.0
NZD_CAD,2016-01-14 14:00:00,2016-01-15 18:00:00,-1.0
EUR_JPY,2016-01-15 02:00:00,2016-01-20 14:00:00,-1.0
USD_NOK,2016-01-15 10:00:00,2016-01-17 22:00:00,1.0
GBP_AUD,2016-01-15 18:00:00,2016-01-19 10:00:00,-1.0
USD_SGD,2016-01-17 22:00:00,2016-01-22 06:00:00,1.0
USD_NOK,2016-01-18 10:00:00,2016-01-21 10:00:00,1.0
AUD_USD,2016-01-18 14:00:00,2016-01-19 10:00:00,1.0
USD_ZAR,2016-01-18 18:00:00,2016-01-19 06:00:00,1.0
USD_SEK,2016-01-18 22:00:00,2016-01-27 10:00:00,1.0
GBP_JPY,2016-01-19 02:00:00,2016-01-19 06:00:00,1.0
AUD_USD,2016-01-19 02:00:00,2016-01-19 06:00:00,1.0
NZD_JPY,2016-01-19 02:00:00,2016-01-19 06:00:00,1.0
CHF_JPY,2016-01-19 02:00:00,2016-01-21 10:00:00,-1.0
USD_SGD,2016-01-19 02:00:00,2016-01-22 10:00:00,1.0
AUD_JPY,2016-01-19 02:00:00,2016-01-19 06:00:00,1.0
GBP_CAD,2016-01-19 10:00:00,2016-01-21 10:00:00,-1.0
EUR_NOK,2016-01-19 22:00:00,2016-01-21 06:00:00,-1.0
USD_HUF,2016-01-20 06:00:00,2016-01-28 18:00:00,1.0
USD_PLN,2016-01-20 06:00:00,2016-01-20 14:00:00,-1.0
NZD_JPY,2016-01-20 14:00:00,2016-01-20 18:00:00,1.0
AUD_JPY,2016-01-20 14:00:00,2016-01-20 18:00:00,1.0
GBP_USD,2016-01-20 18:00:00,2016-01-22 06:00:00,1.0
GBP_JPY,2016-01-21 10:00:00,2016-01-21 14:00:00,1.0
AUD_CAD,2016-01-21 10:00:00,2016-01-22 18:00:00,-1.0
EUR_USD,2016-01-21 10:00:00,2016-01-21 14:00:00,1.0
EUR_JPY,2016-01-21 10:00:00,2016-01-22 06:00:00,1.0
NZD_USD,2016-01-22 06:00:00,2016-01-25 18:00:00,-1.0
AUD_JPY,2016-01-25 06:00:00,2016-01-25 22:00:00,-1.0
NZD_JPY,2016-01-25 06:00:00,2016-01-25 22:00:00,-1.0
NZD_USD,2016-01-25 06:00:00,2016-01-27 18:00:00,-1.0
AUD_USD,2016-01-25 06:00:00,2016-01-26 06:00:00,-1.0
GBP_CAD,2016-01-25 10:00:00,2016-01-27 14:00:00,-1.0
CAD_CHF,2016-01-26 06:00:00,2016-01-26 10:00:00,-1.0
USD_SGD,2016-01-27 02:00:00,2016-02-03 18:00:00,1.0
USD_CAD,2016-01-27 06:00:00,2016-01-28 14:00:00,1.0
NZD_CAD,2016-01-27 06:00:00,2016-01-27 18:00:00,1.0
GBP_JPY,2016-01-27 06:00:00,2016-01-28 14:00:00,1.0
EUR_JPY,2016-01-27 06:00:00,2016-01-28 06:00:00,0.9999999999999889
AUD_CAD,2016-01-27 10:00:00,2016-02-05 14:00:00,-1.0
CAD_CHF,2016-01-27 10:00:00,2016-01-29 06:00:00,-1.0
EUR_GBP,2016-01-28 06:00:00,2016-02-01 18:00:00,-1.0
USD_CAD,2016-01-28 10:00:00,2016-01-28 14:00:00,1.0
EUR_NOK,2016-01-28 10:00:00,2016-02-02 10:00:00,-1.0
NZD_USD,2016-01-28 10:00:00,2016-01-28 14:00:00,1.0
USD_SEK,2016-01-28 10:00:00,2016-01-29 14:00:00,-1.0
CAD_JPY,2016-01-28 14:00:00,2016-01-29 02:00:00,1.0
AUD_CAD,2016-01-28 18:00:00,2016-02-03 10:00:00,-1.0
CHF_JPY,2016-01-28 22:00:00,2016-01-29 02:00:00,1.0
USD_CHF,2016-01-28 22:00:00,2016-01-29 14:00:00,-1.0
USD_HUF,2016-01-29 02:00:00,2016-02-01 14:00:00,1.0
USD_SGD,2016-01-29 02:00:00,2016-02-03 18:00:00,1.0
AUD_USD,2016-01-29 02:00:00,2016-02-02 22:00:00,-1.0
GBP_CAD,2016-01-29 06:00:00,2016-01-29 14:00:00,-1.0
EUR_PLN,2016-01-29 06:00:00,2016-01-29 14:00:00,1.0
EUR_NOK,2016-01-29 06:00:00,2016-02-02 06:00:00,-1.0
USD_ZAR,2016-02-01 06:00:00,2016-02-01 14:00:00,-1.0
GBP_AUD,2016-02-02 02:00:00,2016-02-02 10:00:00,1.0
GBP_CAD,2016-02-02 06:00:00,2016-02-04 10:00:00,-1.0
USD_CHF,2016-02-02 06:00:00,2016-02-03 14:00:00,1.0
USD_NOK,2016-02-02 22:00:00,2016-02-03 14:00:00,-1.0
USD_PLN,2016-02-03 10:00:00,2016-02-03 14:00:00,1.0
EUR_JPY,2016-02-03 10:00:00,2016-02-08 10:00:00,-1.0
AUD_NZD,2016-02-04 06:00:00,2016-02-09 10:00:00,-1.0
CAD_CHF,2016-02-04 10:00:00,2016-02-04 14:00:00,1.0
USD_PLN,2016-02-04 22:00:00,2016-02-08 10:00:00,-1.0
USD_CHF,2016-02-05 10:00:00,2016-02-08 14:00:00,1.0
USD_PLN,2016-02-05 10:00:00,2016-02-08 10:00:00,-1.0
USD_NOK,2016-02-05 10:00:00,2016-02-05 14:00:00,1.0
USD_HUF,2016-02-05 10:00:00,2016-02-11 10:00:00,1.0
USD_PLN,2016-02-07 22:00:00,2016-02-10 06:00:00,1.000000000000011
NZD_CHF,2016-02-08 10:00:00,2016-02-08 14:00:00,1.0
USD_SGD,2016-02-08 10:00:00,2016-02-10 06:00:00,1.0
USD_SEK,2016-02-08 10:00:00,2016-02-09 14:00:00,1.0
USD_CHF,2016-02-08 10:00:00,2016-02-08 18:00:00,1.0
GBP_JPY,2016-02-09 10:00:00,2016-02-09 14:00:00,1.0
CAD_CHF,2016-02-09 22:00:00,2016-02-11 06:00:00,1.0
GBP_CAD,2016-02-10 14:00:00,2016-02-11 02:00:00,1.0
CAD_CHF,2016-02-10 14:00:00,2016-02-11 02:00:00,1.0
USD_CZK,2016-02-10 18:00:00,2016-02-11 14:00:00,-1.0
EUR_AUD,2016-02-10 18:00:00,2016-02-11 06:00:00,-1.0
AUD_USD,2016-02-11 02:00:00,2016-02-11 06:00:00,-1.0
USD_CAD,2016-02-11 18:00:00,2016-02-12 14:00:00,1.0
NZD_USD,2016-02-11 22:00:00,2016-02-14 22:00:00,-1.0
USD_HUF,2016-02-12 10:00:00,2016-02-16 10:00:00,-1.0
AUD_USD,2016-02-12 10:00:00,2016-02-15 02:00:00,1.0
USD_PLN,2016-02-12 10:00:00,2016-02-16 14:00:00,-1.0
GBP_AUD,2016-02-14 22:00:00,2016-02-15 22:00:00,-1.0
EUR_JPY,2016-02-15 06:00:00,2016-02-18 10:00:00,-1.0
USD_ZAR,2016-02-15 14:00:00,2016-02-17 10:00:00,1.000000000000011
NZD_CHF,2016-02-15 22:00:00,2016-02-16 02:00:00,1.0
USD_NOK,2016-02-16 06:00:00,2016-02-24 06:00:00,1.0
EUR_USD,2016-02-16 06:00:00,2016-02-22 10:00:00,1.0
EUR_GBP,2016-02-16 22:00:00,2016-02-18 14:00:00,-1.0
USD_NOK,2016-02-17 02:00:00,2016-02-24 10:00:00,1.0
EUR_GBP,2016-02-17 06:00:00,2016-02-23 14:00:00,1.0
GBP_CHF,2016-02-17 06:00:00,2016-02-18 10:00:00,-1.0
CAD_CHF,2016-02-17 06:00:00,2016-02-17 14:00:00,-1.0
USD_CHF,2016-02-17 06:00:00,2016-02-22 10:00:00,-1.0
GBP_JPY,2016-02-17 18:00:00,2016-02-19 10:00:00,-1.0
USD_SGD,2016-02-18 06:00:00,2016-03-03 02:00:00,1.0
EUR_NOK,2016-02-18 06:00:00,2016-02-24 10:00:00,-1.0
GBP_JPY,2016-02-18 06:00:00,2016-02-19 06:00:00,-1.0
NZD_CHF,2016-02-18 18:00:00,2016-02-19 10:00:00,1.0
GBP_USD,2016-02-18 22:00:00,2016-02-22 06:00:00,-1.0
EUR_USD,2016-02-18 22:00:00,2016-02-22 10:00:00,1.0
USD_CZK,2016-02-18 22:00:00,2016-02-22 10:00:00,1.0
USD_NOK,2016-02-22 22:00:00,2016-02-24 06:00:00,1.0
USD_ZAR,2016-02-23 06:00:00,2016-02-23 10:00:00,1.0
NZD_JPY,2016-02-23 06:00:00,2016-02-23 22:00:00,-1.0
AUD_JPY,2016-02-23 06:00:00,2016-02-24 10:00:00,-1.0
USD_NOK,2016-02-23 06:00:00,2016-02-24 06:00:00,1.0
USD_ZAR,2016-02-24 06:00:00,2016-02-24 10:00:00,-1.0
AUD_JPY,2016-02-24 10:00:00,2016-02-25 10:00:00,1.0
NZD_JPY,2016-02-24 10:00:00,2016-02-24 18:00:00,1.0
CAD_JPY,2016-02-24 10:00:00,2016-02-24 18:00:00,1.0
EUR_CAD,2016-02-24 10:00:00,2016-02-24 18:00:00,1.0
CHF_JPY,2016-02-24 10:00:00,2016-02-25 02:00:00,1.0
NZD_CAD,2016-02-24 10:00:00,2016-02-26 14:00:00,1.0
EUR_JPY,2016-02-24 14:00:00,2016-02-25 02:00:00,1.0
EUR_GBP,2016-02-24 14:00:00,2016-02-29 14:00:00,-1.0
USD_JPY,2016-02-25 06:00:00,2016-02-25 22:00:00,1.0
GBP_JPY,2016-02-25 06:00:00,2016-02-25 14:00:00,1.0
NZD_JPY,2016-02-25 06:00:00,2016-02-25 10:00:00,1.0
AUD_JPY,2016-02-25 06:00:00,2016-02-25 10:00:00,1.0
CHF_JPY,2016-02-25 06:00:00,2016-02-25 22:00:00,1.0
USD_SGD,2016-02-25 14:00:00,2016-03-03 10:00:00,1.0
GBP_USD,2016-02-25 14:00:00,2016-03-02 14:00:00,1.0
EUR_NOK,2016-02-26 10:00:00,2016-03-01 06:00:00,1.0
USD_CAD,2016-02-26 10:00:00,2016-03-01 14:00:00,1.0
EUR_JPY,2016-02-26 14:00:00,2016-02-29 10:00:00,-1.0
GBP_AUD,2016-02-29 10:00:00,2016-03-01 02:00:00,1.0
USD_NOK,2016-02-29 22:00:00,2016-03-03 14:00:00,-1.0
USD_SGD,2016-03-01 14:00:00,2016-03-03 14:00:00,1.0
NZD_USD,2016-03-01 14:00:00,2016-03-01 22:00:00,1.0
USD_CZK,2016-03-01 18:00:00,2016-03-04 14:00:00,-1.0
USD_SGD,2016-03-01 22:00:00,2016-03-03 22:00:00,1.0
GBP_USD,2016-03-02 06:00:00,2016-03-02 18:00:00,1.0
USD_SGD,2016-03-02 06:00:00,2016-03-03 14:00:00,1.0
NZD_JPY,2016-03-02 10:00:00,2016-03-03 02:00:00,1.0
AUD_JPY,2016-03-02 10:00:00,2016-03-02 22:00:00,1.0
USD_CHF,2016-03-02 10:00:00,2016-03-03 14:00:00,1.000000000000011
EUR_USD,2016-03-03 06:00:00,2016-03-04 10:00:00,-1.0
CHF_JPY,2016-03-03 22:00:00,2016-03-08 14:00:00,-1.0
USD_CHF,2016-03-04 06:00:00,2016-03-09 10:00:00,-1.0
USD_SEK,2016-03-04 06:00:00,2016-03-08 06:00:00,1.0
EUR_PLN,2016-03-04 14:00:00,2016-03-10 10:00:00,1.0
EUR_NOK,2016-03-04 14:00:00,2016-03-10 10:00:00,1.0
CAD_JPY,2016-03-04 14:00:00,2016-03-04 18:00:00,1.0
AUD_CAD,2016-03-06 22:00:00,2016-03-08 14:00:00,1.0
NZD_CHF,2016-03-07 06:00:00,2016-03-08 06:00:00,1.0
GBP_CAD,2016-03-07 14:00:00,2016-03-08 18:00:00,1.0
NZD_CHF,2016-03-07 22:00:00,2016-03-08 06:00:00,1.0
GBP_CAD,2016-03-08 06:00:00,2016-03-10 10:00:00,-1.0
AUD_CAD,2016-03-08 06:00:00,2016-03-08 14:00:00,1.0
CAD_CHF,2016-03-08 18:00:00,2016-03-09 14:00:00,-1.0
USD_NOK,2016-03-08 22:00:00,2016-03-10 14:00:00,-1.0
NZD_CHF,2016-03-09 06:00:00,2016-03-09 10:00:00,-1.0
USD_SEK,2016-03-10 10:00:00,2016-03-10 14:00:00,1.0
USD_CHF,2016-03-10 10:00:00,2016-03-10 14:00:00,0.9999999999999889
GBP_CHF,2016-03-10 10:00:00,2016-03-10 14:00:00,1.0
GBP_USD,2016-03-10 10:00:00,2016-03-11 14:00:00,1.0
CAD_CHF,2016-03-10 10:00:00,2016-03-10 14:00:00,1.0
GBP_AUD,2016-03-10 10:00:00,2016-03-10 14:00:00,1.0
AUD_CAD,2016-03-10 14:00:00,2016-03-11 18:00:00,1.000000000000011
AUD_USD,2016-03-10 14:00:00,2016-03-11 14:00:00,1.0
GBP_JPY,2016-03-10 22:00:00,2016-03-11 06:00:00,1.0
EUR_GBP,2016-03-11 02:00:00,2016-03-11 14:00:00,-1.0
GBP_CAD,2016-03-11 14:00:00,2016-03-16 17:00:00,-1.0
USD_SGD,2016-03-14 05:00:00,2016-03-17 05:00:00,1.0
AUD_CAD,2016-03-15 17:00:00,2016-04-04 17:00:00,-0.12047467020058837
USD_SEK,2016-03-15 21:00:00,2016-03-16 17:00:00,1.0
NZD_CHF,2016-03-16 05:00:00,2016-03-16 21:00:00,-1.0
USD_SGD,2016-03-16 09:00:00,2016-03-16 17:00:00,1.0
AUD_USD,2016-03-16 09:00:00,2016-03-16 17:00:00,1.0
AUD_JPY,2016-03-16 09:00:00,2016-03-16 21:00:00,1.0
EUR_AUD,2016-03-16 09:00:00,2016-03-17 01:00:00,1.0
EUR_NOK,2016-03-16 17:00:00,2016-03-17 09:00:00,1.0
USD_SGD,2016-03-16 17:00:00,2016-03-16 21:00:00,1.0
USD_PLN,2016-03-17 05:00:00,2016-03-17 09:00:00,1.0
EUR_CAD,2016-03-17 09:00:00,2016-04-01 09:00:00,-1.0
EUR_JPY,2016-03-17 09:00:00,2016-03-28 05:00:00,1.0
CHF_JPY,2016-03-17 09:00:00,2016-03-21 21:00:00,1.0
GBP_JPY,2016-03-17 09:00:00,2016-03-17 13:00:00,1.0
AUD_JPY,2016-03-17 09:00:00,2016-03-23 01:00:00,1.0
NZD_JPY,2016-03-17 09:00:00,2016-03-17 17:00:00,1.0
CAD_JPY,2016-03-17 09:00:00,2016-03-18 09:00:00,1.0
EUR_NOK,2016-03-17 09:00:00,2016-03-18 09:00:00,1.0
CHF_JPY,2016-03-17 21:00:00,2016-03-28 01:00:00,1.0
EUR_JPY,2016-03-17 21:00:00,2016-03-28 21:00:00,1.0
GBP_JPY,2016-03-17 21:00:00,2016-03-22 05:00:00,-1.0
AUD_JPY,2016-03-17 21:00:00,2016-03-23 01:00:00,1.0
NZD_JPY,2016-03-18 05:00:00,2016-03-21 01:00:00,-1.0
GBP_JPY,2016-03-18 05:00:00,2016-03-22 05:00:00,-1.0
AUD_JPY,2016-03-18 05:00:00,2016-03-23 01:00:00,1.0
CHF_JPY,2016-03-18 05:00:00,2016-03-23 13:00:00,1.0
EUR_JPY,2016-03-18 05:00:00,2016-03-28 01:00:00,1.0
USD_NOK,2016-03-18 09:00:00,2016-03-21 05:00:00,1.0
USD_NOK,2016-03-21 09:00:00,2016-03-22 05:00:00,1.0
EUR_USD,2016-03-21 09:00:00,2016-03-23 13:00:00,1.0
EUR_CAD,2016-03-21 09:00:00,2016-04-01 09:00:00,-1.0
USD_CZK,2016-03-21 09:00:00,2016-03-23 13:00:00,1.0
AUD_CAD,2016-03-21 21:00:00,2016-03-30 05:00:00,1.0
EUR_GBP,2016-03-22 05:00:00,2016-03-22 13:00:00,1.0
CHF_JPY,2016-03-22 05:00:00,2016-03-28 21:00:00,1.0
AUD_JPY,2016-03-22 05:00:00,2016-03-22 17:00:00,1.0
USD_CHF,2016-03-22 05:00:00,2016-03-30 13:00:00,1.0
AUD_USD,2016-03-22 05:00:00,2016-03-23 01:00:00,1.0
EUR_JPY,2016-03-22 05:00:00,2016-03-28 13:00:00,1.0
GBP_CHF,2016-03-22 05:00:00,2016-03-22 09:00:00,1.0
AUD_USD,2016-03-23 01:00:00,2016-03-23 13:00:00,-1.0
EUR_GBP,2016-03-23 05:00:00,2016-04-01 05:00:00,1.0
USD_NOK,2016-03-24 09:00:00,2016-03-29 13:00:00,-1.0
USD_CZK,2016-03-24 09:00:00,2016-03-29 17:00:00,-1.0
GBP_JPY,2016-03-24 13:00:00,2016-03-27 21:00:00,1.0
AUD_NZD,2016-03-25 05:00:00,2016-03-30 05:00:00,-1.0
GBP_USD,2016-03-25 09:00:00,2016-03-28 13:00:00,1.0
USD_CHF,2016-03-25 09:00:00,2016-03-29 17:00:00,1.0
USD_ZAR,2016-03-25 13:00:00,2016-03-29 13:00:00,1.0
USD_ZAR,2016-03-27 21:00:00,2016-03-29 13:00:00,1.0
USD_CHF,2016-03-27 21:00:00,2016-03-29 17:00:00,1.0
USD_PLN,2016-03-27 21:00:00,2016-03-28 13:00:00,1.0
USD_SEK,2016-03-28 21:00:00,2016-03-29 13:00:00,1.0
NZD_USD,2016-03-29 05:00:00,2016-03-29 13:00:00,1.0
AUD_JPY,2016-03-29 05:00:00,2016-03-30 09:00:00,1.0
GBP_JPY,2016-03-29 05:00:00,2016-04-01 09:00:00,-1.0
EUR_AUD,2016-03-29 05:00:00,2016-04-04 21:00:00,-1.0
USD_CHF,2016-03-29 13:00:00,2016-03-29 17:00:00,1.0
USD_HUF,2016-03-29 13:00:00,2016-03-29 17:00:00,1.0
USD_CAD,2016-03-29 13:00:00,2016-03-29 17:00:00,1.0
NZD_JPY,2016-03-30 01:00:00,2016-03-30 05:00:00,1.0
GBP_AUD,2016-03-30 05:00:00,2016-03-31 13:00:00,-1.0
USD_SGD,2016-03-30 17:00:00,2016-04-14 05:00:00,-1.0
USD_CHF,2016-03-30 17:00:00,2016-04-05 17:00:00,1.0
NZD_JPY,2016-03-30 21:00:00,2016-04-01 09:00:00,-1.0
GBP_AUD,2016-03-31 09:00:00,2016-04-01 13:00:00,-1.0
USD_ZAR,2016-04-01 01:00:00,2016-04-01 13:00:00,-1.0
GBP_AUD,2016-04-01 05:00:00,2016-04-05 09:00:00,1.0
USD_ZAR,2016-04-01 09:00:00,2016-04-01 13:00:00,1.0
AUD_NZD,2016-04-01 09:00:00,2016-04-05 05:00:00,1.0
EUR_AUD,2016-04-01 09:00:00,2016-04-04 21:00:00,-1.0
AUD_USD,2016-04-01 09:00:00,2016-04-05 01:00:00,-1.0
USD_SEK,2016-04-04 09:00:00,2016-04-12 05:00:00,1.0
CAD_CHF,2016-04-04 13:00:00,2016-04-05 09:00:00,1.0
AUD_CAD,2016-04-04 13:00:00,2016-04-08 09:00:00,-1.0
AUD_CAD,2016-04-04 21:00:00,2016-04-08 09:00:00,-1.0
GBP_AUD,2016-04-05 01:00:00,2016-04-06 17:00:00,-1.0
AUD_NZD,2016-04-05 01:00:00,2016-04-14 09:00:00,1.0
EUR_NOK,2016-04-05 09:00:00,2016-04-08 09:00:00,1.0
USD_CHF,2016-04-05 13:00:00,2016-04-12 05:00:00,1.0
AUD_CAD,2016-04-07 01:00:00,2016-04-08 09:00:00,-1.0
USD_CHF,2016-04-07 05:00:00,2016-04-13 17:00:00,-1.0
NZD_CHF,2016-04-07 05:00:00,2016-04-07 13:00:00,1.0
USD_SGD,2016-04-07 09:00:00,2016-04-14 01:00:00,-1.0
NZD_CHF,2016-04-08 05:00:00,2016-04-12 01:00:00,-1.0
USD_CHF,2016-04-08 09:00:00,2016-04-13 21:00:00,-1.0
USD_HUF,2016-04-08 09:00:00,2016-04-11 13:00:00,1.0
USD_SEK,2016-04-08 09:00:00,2016-04-11 13:00:00,1.0
EUR_USD,2016-04-11 01:00:00,2016-04-13 09:00:00,1.0
GBP_JPY,2016-04-11 01:00:00,2016-04-11 05:00:00,1.0
USD_CHF,2016-04-11 05:00:00,2016-04-13 09:00:00,-1.0
AUD_CAD,2016-04-11 13:00:00,2016-04-14 13:00:00,1.0
USD_PLN,2016-04-11 21:00:00,2016-04-13 09:00:00,-1.0
AUD_JPY,2016-04-12 01:00:00,2016-04-12 05:00:00,1.0
USD_SGD,2016-04-12 09:00:00,2016-04-13 21:00:00,-1.0
USD_SEK,2016-04-12 21:00:00,2016-04-14 01:00:00,-1.0
EUR_AUD,2016-04-13 05:00:00,2016-04-14 05:00:00,1.0
AUD_USD,2016-04-13 05:00:00,2016-04-18 13:00:00,1.0
CAD_JPY,2016-04-13 05:00:00,2016-04-17 21:00:00,-1.0
CAD_JPY,2016-04-14 13:00:00,2016-04-17 21:00:00,-1.0
EUR_CAD,2016-04-14 13:00:00,2016-04-17 21:00:00,-1.0
GBP_JPY,2016-04-14 13:00:00,2016-04-18 05:00:00,-1.0
USD_CAD,2016-04-14 13:00:00,2016-04-17 21:00:00,-1.0
CHF_JPY,2016-04-14 13:00:00,2016-04-17 21:00:00,-1.0
EUR_JPY,2016-04-14 13:00:00,2016-04-19 09:00:00,1.0
EUR_NOK,2016-04-15 05:00:00,2016-04-17 21:00:00,-1.0
GBP_USD,2016-04-15 05:00:00,2016-04-18 13:00:00,1.0
USD_SEK,2016-04-15 13:00:00,2016-04-19 13:00:00,1.0
AUD_JPY,2016-04-18 05:00:00,2016-04-18 09:00:00,1.0
EUR_CAD,2016-04-18 05:00:00,2016-04-18 13:00:00,1.0
USD_ZAR,2016-04-18 05:00:00,2016-04-18 09:00:00,1.0
NZD_CHF,2016-04-19 17:00:00,2016-04-22 09:00:00,1.0
GBP_JPY,2016-04-19 21:00:00,2016-04-22 05:00:00,1.0
AUD_JPY,2016-04-19 21:00:00,2016-04-22 13:00:00,1.0
USD_ZAR,2016-04-19 21:00:00,2016-04-20 09:00:00,1.0
NZD_JPY,2016-04-19 21:00:00,2016-04-21 13:00:00,-1.0
USD_CHF,2016-04-20 05:00:00,2016-04-20 17:00:00,-1.0
NZD_JPY,2016-04-20 13:00:00,2016-04-21 17:00:00,-1.0
EUR_USD,2016-04-21 05:00:00,2016-04-29 09:00:00,-1.0
GBP_JPY,2016-04-21 05:00:00,2016-04-22 05:00:00,1.0
EUR_NOK,2016-04-21 05:00:00,2016-04-21 21:00:00,-1.0
USD_NOK,2016-04-21 09:00:00,2016-04-21 13:00:00,1.0
GBP_JPY,2016-04-21 13:00:00,2016-04-22 05:00:00,1.0
GBP_CAD,2016-04-21 21:00:00,2016-04-25 09:00:00,1.0
CAD_CHF,2016-04-22 05:00:00,2016-05-03 05:00:00,1.0
EUR_NOK,2016-04-22 09:00:00,2016-05-04 09:00:00,-1.0
EUR_NOK,2016-04-22 17:00:00,2016-05-04 09:00:00,-1.0
AUD_USD,2016-04-25 09:00:00,2016-04-27 05:00:00,-1.0
EUR_JPY,2016-04-25 09:00:00,2016-04-27 17:00:00,1.0
USD_ZAR,2016-04-25 13:00:00,2016-04-26 13:00:00,1.0
GBP_USD,2016-04-26 05:00:00,2016-04-26 13:00:00,1.0
NZD_JPY,2016-04-26 05:00:00,2016-04-27 21:00:00,1.0
GBP_AUD,2016-04-26 05:00:00,2016-04-27 01:00:00,1.0
USD_HUF,2016-04-26 09:00:00,2016-04-26 13:00:00,1.0
USD_HUF,2016-04-27 09:00:00,2016-04-28 05:00:00,1.0
GBP_CHF,2016-04-27 09:00:00,2016-04-28 09:00:00,1.0
EUR_GBP,2016-04-27 09:00:00,2016-04-29 13:00:00,1.0
USD_CHF,2016-04-27 17:00:00,2016-04-29 01:00:00,1.0
EUR_GBP,2016-04-28 05:00:00,2016-05-01 21:00:00,1.0
USD_CAD,2016-04-28 09:00:00,2016-05-03 05:00:00,1.0
EUR_AUD,2016-04-28 09:00:00,2016-04-29 13:00:00,-1.0
GBP_CHF,2016-04-28 13:00:00,2016-05-01 21:00:00,1.0
NZD_CHF,2016-04-28 13:00:00,2016-05-03 01:00:00,1.0
AUD_CAD,2016-04-28 17:00:00,2016-05-03 01:00:00,-1.0
AUD_USD,2016-04-29 05:00:00,2016-05-03 01:00:00,1.0
USD_PLN,2016-04-29 05:00:00,2016-04-29 13:00:00,1.0
AUD_CAD,2016-04-29 05:00:00,2016-05-03 01:00:00,-1.0
CAD_CHF,2016-04-29 09:00:00,2016-05-02 13:00:00,1.0
EUR_NOK,2016-05-01 21:00:00,2016-05-03 17:00:00,-1.0
EUR_NOK,2016-05-02 05:00:00,2016-05-03 17:00:00,-1.0
EUR_GBP,2016-05-02 09:00:00,2016-05-03 09:00:00,1.0
CAD_CHF,2016-05-02 09:00:00,2016-05-03 05:00:00,1.0
USD_CAD,2016-05-02 13:00:00,2016-05-03 13:00:00,-1.0
CAD_CHF,2016-05-03 05:00:00,2016-05-03 09:00:00,1.0
GBP_USD,2016-05-03 05:00:00,2016-05-04 05:00:00,-1.0
AUD_JPY,2016-05-03 09:00:00,2016-05-06 01:00:00,-1.0
EUR_USD,2016-05-04 05:00:00,2016-05-05 13:00:00,1.0
GBP_CAD,2016-05-04 05:00:00,2016-05-04 13:00:00,1.0
USD_NOK,2016-05-04 05:00:00,2016-05-06 05:00:00,1.0
USD_PLN,2016-05-04 09:00:00,2016-05-05 09:00:00,-1.0
USD_NOK,2016-05-05 09:00:00,2016-05-06 05:00:00,1.0
USD_ZAR,2016-05-06 09:00:00,2016-05-06 13:00:00,1.0
USD_NOK,2016-05-06 09:00:00,2016-05-12 13:00:00,-1.0
USD_SEK,2016-05-09 05:00:00,2016-05-13 09:00:00,-1.0
USD_ZAR,2016-05-09 05:00:00,2016-05-09 09:00:00,-1.0
USD_SGD,2016-05-09 05:00:00,2016-05-18 09:00:00,-1.0
GBP_CHF,2016-05-09 09:00:00,2016-05-17 01:00:00,-1.0
CAD_CHF,2016-05-10 01:00:00,2016-05-12 09:00:00,-1.0
GBP_AUD,2016-05-10 01:00:00,2016-05-18 05:00:00,1.0
GBP_CAD,2016-05-10 01:00:00,2016-05-18 09:00:00,1.0
EUR_USD,2016-05-10 05:00:00,2016-05-18 05:00:00,1.0
EUR_NOK,2016-05-10 09:00:00,2016-05-12 05:00:00,1.0
USD_CAD,2016-05-10 09:00:00,2016-05-11 13:00:00,1.0
NZD_USD,2016-05-10 09:00:00,2016-05-10 21:00:00,1.0
USD_SEK,2016-05-10 17:00:00,2016-05-13 09:00:00,-1.0
AUD_CAD,2016-05-10 17:00:00,2016-05-12 09:00:00,-1.0
USD_PLN,2016-05-10 21:00:00,2016-05-16 13:00:00,1.0
CAD_JPY,2016-05-11 13:00:00,2016-05-12 05:00:00,1.0
USD_CZK,2016-05-12 13:00:00,2016-05-13 13:00:00,1.0
USD_CAD,2016-05-12 13:00:00,2016-05-18 09:00:00,-1.0
GBP_USD,2016-05-13 05:00:00,2016-05-18 13:00:00,1.0
NZD_CHF,2016-05-13 05:00:00,2016-05-17 01:00:00,-1.0
AUD_CAD,2016-05-13 09:00:00,2016-05-17 01:00:00,1.0
GBP_USD,2016-05-16 05:00:00,2016-05-17 01:00:00,1.0
AUD_CAD,2016-05-16 09:00:00,2016-05-23 01:00:00,1.0
GBP_CAD,2016-05-16 13:00:00,2016-05-17 09:00:00,1.0
EUR_USD,2016-05-17 13:00:00,2016-05-18 17:00:00,1.0
NZD_CHF,2016-05-18 21:00:00,2016-05-31 21:00:00,-1.0
NZD_JPY,2016-05-19 01:00:00,2016-05-20 09:00:00,1.0
EUR_USD,2016-05-19 05:00:00,2016-05-27 17:00:00,1.0
NZD_CHF,2016-05-19 05:00:00,2016-05-31 21:00:00,-1.0
AUD_JPY,2016-05-19 09:00:00,2016-05-24 05:00:00,-1.0
NZD_JPY,2016-05-19 09:00:00,2016-05-20 09:00:00,1.0
NZD_USD,2016-05-19 09:00:00,2016-05-23 01:00:00,1.0
AUD_USD,2016-05-19 09:00:00,2016-05-31 09:00:00,1.0
EUR_USD,2016-05-19 13:00:00,2016-05-27 17:00:00,1.0
USD_CZK,2016-05-19 13:00:00,2016-05-27 17:00:00,1.0
USD_CHF,2016-05-20 09:00:00,2016-06-03 09:00:00,1.0
USD_ZAR,2016-05-20 09:00:00,2016-05-20 13:00:00,1.0
CHF_JPY,2016-05-20 17:00:00,2016-06-02 09:00:00,-1.0
USD_CHF,2016-05-22 21:00:00,2016-06-03 09:00:00,0.9999999999999888
EUR_AUD,2016-05-23 05:00:00,2016-05-31 01:00:00,1.0
GBP_USD,2016-05-23 05:00:00,2016-05-25 05:00:00,1.0
EUR_PLN,2016-05-23 05:00:00,2016-05-27 09:00:00,1.0
USD_CHF,2016-05-23 05:00:00,2016-06-03 09:00:00,1.0
AUD_JPY,2016-05-23 05:00:00,2016-05-24 05:00:00,-1.0
USD_HUF,2016-05-24 13:00:00,2016-05-26 09:00:00,1.0
USD_SEK,2016-05-25 05:00:00,2016-06-03 09:00:00,1.0
NZD_CHF,2016-05-25 09:00:00,2016-05-26 01:00:00,1.0
AUD_USD,2016-05-25 13:00:00,2016-05-31 09:00:00,1.0
NZD_CHF,2016-05-25 17:00:00,2016-05-26 01:00:00,1.0
AUD_USD,2016-05-25 21:00:00,2016-05-31 09:00:00,1.0
EUR_NOK,2016-05-25 21:00:00,2016-06-08 05:00:00,1.0
GBP_AUD,2016-05-26 01:00:00,2016-05-31 05:00:00,-1.0
USD_ZAR,2016-05-26 05:00:00,2016-05-26 09:00:00,1.0
AUD_CAD,2016-05-26 09:00:00,2016-05-31 01:00:00,1.0
USD_ZAR,2016-05-26 13:00:00,2016-05-30 05:00:00,-1.0
CHF_JPY,2016-05-26 13:00:00,2016-05-30 05:00:00,1.0
USD_PLN,2016-05-26 21:00:00,2016-06-03 09:00:00,1.0
AUD_USD,2016-05-27 01:00:00,2016-06-01 01:00:00,1.0
AUD_NZD,2016-05-27 09:00:00,2016-06-02 01:00:00,-1.0
GBP_USD,2016-05-30 05:00:00,2016-06-01 05:00:00,-1.0
CAD_JPY,2016-05-31 05:00:00,2016-06-01 05:00:00,-1.0
GBP_JPY,2016-05-31 05:00:00,2016-05-31 13:00:00,-1.0
CHF_JPY,2016-05-31 05:00:00,2016-06-01 05:00:00,-1.0
EUR_CAD,2016-05-31 05:00:00,2016-06-02 09:00:00,-1.0
USD_ZAR,2016-05-31 05:00:00,2016-06-01 05:00:00,1.0
USD_CAD,2016-05-31 05:00:00,2016-06-03 13:00:00,1.0
EUR_JPY,2016-05-31 05:00:00,2016-06-01 05:00:00,-1.0
EUR_AUD,2016-05-31 17:00:00,2016-06-01 01:00:00,1.0
GBP_AUD,2016-06-01 09:00:00,2016-06-05 21:00:00,-1.0
EUR_NOK,2016-06-01 13:00:00,2016-06-07 09:00:00,1.0
NZD_USD,2016-06-01 13:00:00,2016-06-03 09:00:00,1.0
GBP_AUD,2016-06-02 01:00:00,2016-06-02 09:00:00,1.000000000000011
NZD_CHF,2016-06-02 01:00:00,2016-06-08 21:00:00,-1.0
USD_ZAR,2016-06-02 09:00:00,2016-06-03 09:00:00,1.0
EUR_USD,2016-06-03 01:00:00,2016-06-03 09:00:00,-1.0
GBP_USD,2016-06-05 21:00:00,2016-06-06 05:00:00,-1.0
NZD_USD,2016-06-05 21:00:00,2016-06-08 01:00:00,1.0
EUR_NOK,2016-06-06 09:00:00,2016-06-08 05:00:00,1.0
NZD_JPY,2016-06-06 21:00:00,2016-06-07 09:00:00,1.0
USD_SGD,2016-06-07 21:00:00,2016-06-21 05:00:00,1.0
AUD_USD,2016-06-07 21:00:00,2016-06-12 21:00:00,-1.0
USD_ZAR,2016-06-07 21:00:00,2016-06-08 09:00:00,1.0
USD_ZAR,2016-06-08 05:00:00,2016-06-08 09:00:00,1.0
EUR_GBP,2016-06-08 09:00:00,2016-06-09 05:00:00,1.0
NZD_USD,2016-06-08 17:00:00,2016-06-08 21:00:00,1.0
USD_SEK,2016-06-08 21:00:00,2016-06-09 21:00:00,-1.0
AUD_USD,2016-06-09 01:00:00,2016-06-10 05:00:00,-1.0
EUR_GBP,2016-06-09 05:00:00,2016-06-12 21:00:00,1.0
USD_PLN,2016-06-09 05:00:00,2016-06-09 13:00:00,-1.0
NZD_CHF,2016-06-09 13:00:00,2016-06-13 21:00:00,1.0
CAD_CHF,2016-06-10 09:00:00,2016-06-13 21:00:00,1.0
CHF_JPY,2016-06-13 09:00:00,2016-06-16 05:00:00,-1.0
AUD_CAD,2016-06-14 05:00:00,2016-06-15 13:00:00,1.0
GBP_CHF,2016-06-14 09:00:00,2016-06-16 05:00:00,1.0
GBP_CAD,2016-06-14 13:00:00,2016-06-15 13:00:00,1.0
CHF_JPY,2016-06-15 05:00:00,2016-06-16 01:00:00,-1.0
CAD_CHF,2016-06-15 05:00:00,2016-06-16 01:00:00,1.0
GBP_AUD,2016-06-15 09:00:00,2016-06-17 09:00:00,1.0
USD_SEK,2016-06-15 09:00:00,2016-06-16 09:00:00,-1.0
USD_CHF,2016-06-15 13:00:00,2016-06-22 13:00:00,1.0
GBP_USD,2016-06-15 17:00:00,2016-06-16 21:00:00,1.0
GBP_AUD,2016-06-15 17:00:00,2016-06-16 17:00:00,1.0
GBP_CAD,2016-06-16 05:00:00,2016-06-17 05:00:00,1.0
USD_PLN,2016-06-16 05:00:00,2016-06-16 09:00:00,-1.0
GBP_CAD,2016-06-17 09:00:00,2016-06-19 21:00:00,1.0
GBP_AUD,2016-06-17 09:00:00,2016-06-19 21:00:00,1.0
USD_NOK,2016-06-20 09:00:00,2016-06-23 09:00:00,-1.0
USD_SEK,2016-06-20 13:00:00,2016-06-23 09:00:00,1.0
GBP_USD,2016-06-20 17:00:00,2016-06-21 09:00:00,1.0
NZD_CAD,2016-06-21 05:00:00,2016-06-22 17:00:00,-1.0
EUR_NOK,2016-06-21 09:00:00,2016-06-23 09:00:00,1.0
CAD_JPY,2016-06-21 21:00:00,2016-06-23 09:00:00,1.0
CAD_CHF,2016-06-22 09:00:00,2016-06-24 01:00:00,1.0
USD_HUF,2016-06-22 13:00:00,2016-06-23 09:00:00,1.0
USD_SEK,2016-06-22 13:00:00,2016-06-23 09:00:00,1.0
NZD_CHF,2016-06-23 09:00:00,2016-06-23 21:00:00,-1.0
EUR_USD,2016-06-23 17:00:00,2016-06-23 21:00:00,1.0
USD_NOK,2016-06-23 17:00:00,2016-06-23 21:00:00,1.0
CAD_CHF,2016-06-23 17:00:00,2016-06-24 01:00:00,1.0
GBP_CHF,2016-06-23 17:00:00,2016-06-23 21:00:00,-1.0
EUR_GBP,2016-06-23 17:00:00,2016-06-23 21:00:00,1.0
USD_PLN,2016-06-24 17:00:00,2016-06-26 21:00:00,-1.0
USD_ZAR,2016-06-24 17:00:00,2016-06-26 21:00:00,-1.0
EUR_NOK,2016-06-26 21:00:00,2016-06-27 05:00:00,1.0
EUR_JPY,2016-06-27 01:00:00,2016-06-27 05:00:00,1.0
EUR_JPY,2016-06-27 09:00:00,2016-06-28 01:00:00,1.0
NZD_JPY,2016-06-27 09:00:00,2016-06-28 05:00:00,1.0
USD_SEK,2016-06-27 09:00:00,2016-06-29 17:00:00,1.0
AUD_JPY,2016-06-27 09:00:00,2016-06-28 13:00:00,1.0
USD_SEK,2016-06-27 17:00:00,2016-06-28 05:00:00,1.0
USD_PLN,2016-06-27 17:00:00,2016-06-28 05:00:00,1.0
USD_SEK,2016-06-28 13:00:00,2016-06-29 21:00:00,1.0
AUD_JPY,2016-06-28 21:00:00,2016-06-29 09:00:00,1.0
AUD_JPY,2016-06-29 05:00:00,2016-06-29 09:00:00,1.0
NZD_JPY,2016-06-29 05:00:00,2016-06-29 09:00:00,1.0
AUD_NZD,2016-06-29 09:00:00,2016-07-06 17:00:00,1.0
USD_SGD,2016-06-30 01:00:00,2016-07-20 01:00:00,-0.4914533082294472
GBP_USD,2016-06-30 01:00:00,2016-06-30 13:00:00,-1.0
GBP_CAD,2016-06-30 01:00:00,2016-06-30 13:00:00,-1.0
GBP_AUD,2016-06-30 01:00:00,2016-06-30 05:00:00,1.0
USD_HUF,2016-06-30 09:00:00,2016-07-08 13:00:00,1.0
USD_PLN,2016-06-30 09:00:00,2016-06-30 13:00:00,1.000000000000011
EUR_NOK,2016-06-30 09:00:00,2016-07-04 09:00:00,1.0
AUD_USD,2016-06-30 17:00:00,2016-07-01 13:00:00,1.0
AUD_JPY,2016-07-01 05:00:00,2016-07-04 13:00:00,1.0
EUR_USD,2016-07-01 05:00:00,2016-07-08 09:00:00,1.0
NZD_CHF,2016-07-01 13:00:00,2016-07-06 01:00:00,1.0
AUD_USD,2016-07-03 21:00:00,2016-07-08 13:00:00,1.0
AUD_JPY,2016-07-03 21:00:00,2016-07-05 13:00:00,-1.0
USD_CHF,2016-07-03 21:00:00,2016-07-08 09:00:00,-1.0
GBP_JPY,2016-07-04 05:00:00,2016-07-05 05:00:00,-1.0
CHF_JPY,2016-07-04 05:00:00,2016-07-05 13:00:00,-1.0
EUR_JPY,2016-07-04 05:00:00,2016-07-05 13:00:00,-1.0
EUR_USD,2016-07-04 09:00:00,2016-07-06 13:00:00,1.0
NZD_CHF,2016-07-05 17:00:00,2016-07-07 05:00:00,-1.0
AUD_JPY,2016-07-06 09:00:00,2016-07-06 13:00:00,1.0
USD_PLN,2016-07-06 13:00:00,2016-07-07 13:00:00,1.0
USD_SEK,2016-07-07 05:00:00,2016-07-14 09:00:00,1.0
USD_PLN,2016-07-07 05:00:00,2016-07-13 09:00:00,1.000000000000011
CHF_JPY,2016-07-07 05:00:00,2016-07-08 09:00:00,-1.0
USD_CHF,2016-07-07 05:00:00,2016-07-08 09:00:00,-1.0
EUR_JPY,2016-07-07 05:00:00,2016-07-11 05:00:00,1.0
USD_CZK,2016-07-07 09:00:00,2016-07-21 13:00:00,1.0
CAD_CHF,2016-07-07 13:00:00,2016-07-11 13:00:00,1.0
GBP_CAD,2016-07-07 13:00:00,2016-07-08 13:00:00,1.0
USD_SGD,2016-07-08 09:00:00,2016-07-25 21:00:00,-1.0
AUD_USD,2016-07-08 09:00:00,2016-07-08 13:00:00,1.0
USD_ZAR,2016-07-08 09:00:00,2016-07-08 13:00:00,1.0
USD_NOK,2016-07-08 09:00:00,2016-07-12 13:00:00,-1.0
USD_CZK,2016-07-08 13:00:00,2016-07-22 13:00:00,1.0
EUR_CAD,2016-07-08 13:00:00,2016-07-27 17:00:00,-1.0
GBP_USD,2016-07-11 05:00:00,2016-07-12 01:00:00,1.0
AUD_USD,2016-07-11 05:00:00,2016-07-12 05:00:00,1.0
USD_PLN,2016-07-11 05:00:00,2016-07-14 01:00:00,0.9999999999999889
USD_ZAR,2016-07-11 05:00:00,2016-07-11 09:00:00,1.0
USD_CAD,2016-07-11 05:00:00,2016-07-14 01:00:00,1.0
USD_SEK,2016-07-11 05:00:00,2016-07-12 09:00:00,1.0
AUD_USD,2016-07-11 13:00:00,2016-07-12 05:00:00,1.0
USD_SEK,2016-07-11 21:00:00,2016-07-13 13:00:00,1.0
GBP_JPY,2016-07-13 01:00:00,2016-07-13 09:00:00,1.0
AUD_NZD,2016-07-13 05:00:00,2016-07-14 01:00:00,1.0
NZD_CAD,2016-07-13 05:00:00,2016-07-13 21:00:00,1.0
CAD_JPY,2016-07-13 13:00:00,2016-07-13 17:00:00,1.0
USD_JPY,2016-07-15 05:00:00,2016-07-19 09:00:00,1.0
USD_ZAR,2016-07-15 05:00:00,2016-07-15 17:00:00,-1.0
EUR_NOK,2016-07-15 05:00:00,2016-07-25 09:00:00,-1.0
NZD_CHF,2016-07-17 21:00:00,2016-07-18 01:00:00,1.0
CHF_JPY,2016-07-18 05:00:00,2016-07-20 13:00:00,1.0
GBP_CHF,2016-07-18 13:00:00,2016-07-19 13:00:00,1.0
EUR_GBP,2016-07-18 13:00:00,2016-07-19 17:00:00,1.0
EUR_NOK,2016-07-19 09:00:00,2016-07-27 13:00:00,-1.0
USD_JPY,2016-07-19 13:00:00,2016-07-20 21:00:00,1.0
NZD_JPY,2016-07-19 21:00:00,2016-07-21 09:00:00,-1.0
AUD_CAD,2016-07-20 05:00:00,2016-07-25 09:00:00,1.0
CAD_CHF,2016-07-20 09:00:00,2016-07-22 05:00:00,1.0
AUD_CAD,2016-07-20 13:00:00,2016-07-25 09:00:00,1.0
USD_CZK,2016-07-21 09:00:00,2016-07-29 13:00:00,-1.0
EUR_USD,2016-07-21 09:00:00,2016-07-29 13:00:00,-1.0
USD_NOK,2016-07-21 09:00:00,2016-07-22 17:00:00,1.0
GBP_CHF,2016-07-21 13:00:00,2016-07-22 09:00:00,1.0
CAD_CHF,2016-07-21 13:00:00,2016-07-22 13:00:00,1.0
GBP_CHF,2016-07-22 05:00:00,2016-07-22 09:00:00,1.0
USD_NOK,2016-07-22 09:00:00,2016-07-25 05:00:00,1.0
EUR_AUD,2016-07-22 13:00:00,2016-07-26 01:00:00,1.0
EUR_CAD,2016-07-22 13:00:00,2016-07-29 09:00:00,-1.0
CAD_JPY,2016-07-22 13:00:00,2016-07-25 21:00:00,-1.0
AUD_JPY,2016-07-24 21:00:00,2016-07-26 01:00:00,-1.0
USD_SEK,2016-07-25 05:00:00,2016-07-28 05:00:00,1.0
USD_ZAR,2016-07-25 21:00:00,2016-07-27 17:00:00,1.0
USD_ZAR,2016-07-26 05:00:00,2016-07-27 17:00:00,1.0
CHF_JPY,2016-07-26 09:00:00,2016-07-27 01:00:00,1.0
GBP_USD,2016-07-26 13:00:00,2016-07-27 21:00:00,1.0
GBP_USD,2016-07-27 01:00:00,2016-07-29 13:00:00,1.0
USD_SGD,2016-07-27 01:00:00,2016-07-29 13:00:00,1.0
EUR_NOK,2016-07-27 05:00:00,2016-08-09 13:00:00,1.0
AUD_CAD,2016-07-27 09:00:00,2016-08-02 13:00:00,1.0
USD_PLN,2016-07-27 13:00:00,2016-07-28 05:00:00,1.0
GBP_CHF,2016-07-27 13:00:00,2016-07-28 09:00:00,1.0
USD_SEK,2016-07-27 13:00:00,2016-07-28 05:00:00,1.0
USD_SGD,2016-07-27 17:00:00,2016-07-29 13:00:00,1.0
AUD_CAD,2016-07-27 17:00:00,2016-07-29 13:00:00,1.0
NZD_JPY,2016-07-28 05:00:00,2016-07-28 21:00:00,-1.0
GBP_CAD,2016-07-28 09:00:00,2016-08-02 13:00:00,1.0
GBP_USD,2016-07-28 09:00:00,2016-07-29 13:00:00,1.0
USD_ZAR,2016-07-28 13:00:00,2016-07-28 21:00:00,1.0
GBP_CHF,2016-07-29 01:00:00,2016-07-29 13:00:00,1.0
GBP_JPY,2016-08-01 05:00:00,2016-08-02 05:00:00,-1.0
AUD_USD,2016-08-01 05:00:00,2016-08-02 01:00:00,-1.0
NZD_USD,2016-08-01 05:00:00,2016-08-07 21:00:00,-1.0
EUR_NOK,2016-08-01 05:00:00,2016-08-09 13:00:00,1.0
GBP_USD,2016-08-01 05:00:00,2016-08-02 17:00:00,1.0
CHF_JPY,2016-08-02 05:00:00,2016-08-02 13:00:00,-1.0
EUR_JPY,2016-08-02 05:00:00,2016-08-02 13:00:00,-1.0
USD_CAD,2016-08-02 13:00:00,2016-08-11 13:00:00,1.0
EUR_NOK,2016-08-02 21:00:00,2016-08-09 09:00:00,1.0
AUD_CAD,2016-08-03 05:00:00,2016-08-05 09:00:00,1.0
USD_SGD,2016-08-03 05:00:00,2016-08-23 05:00:00,-0.5894187779433584
GBP_JPY,2016-08-04 01:00:00,2016-08-04 09:00:00,-1.0
USD_PLN,2016-08-04 05:00:00,2016-08-10 09:00:00,1.0
GBP_CHF,2016-08-04 09:00:00,2016-08-04 13:00:00,1.0
EUR_USD,2016-08-04 09:00:00,2016-08-16 05:00:00,-1.0
AUD_USD,2016-08-05 01:00:00,2016-08-10 01:00:00,1.0
EUR_GBP,2016-08-05 09:00:00,2016-08-09 13:00:00,1.0
USD_CHF,2016-08-08 05:00:00,2016-08-12 09:00:00,1.0
USD_SEK,2016-08-08 05:00:00,2016-08-10 09:00:00,1.0
EUR_USD,2016-08-08 17:00:00,2016-08-12 09:00:00,-1.0
AUD_CAD,2016-08-09 01:00:00,2016-08-12 09:00:00,-1.0
AUD_USD,2016-08-09 01:00:00,2016-08-10 09:00:00,1.0
NZD_JPY,2016-08-09 01:00:00,2016-08-10 21:00:00,1.0
EUR_USD,2016-08-09 05:00:00,2016-08-12 09:00:00,-1.0
NZD_JPY,2016-08-09 09:00:00,2016-08-10 21:00:00,1.0
GBP_USD,2016-08-09 09:00:00,2016-08-18 05:00:00,1.0
NZD_JPY,2016-08-09 17:00:00,2016-08-10 21:00:00,1.0
EUR_GBP,2016-08-09 21:00:00,2016-08-11 13:00:00,1.0
CAD_CHF,2016-08-10 09:00:00,2016-08-22 13:00:00,1.0
USD_ZAR,2016-08-10 21:00:00,2016-08-12 09:00:00,-1.0
CHF_JPY,2016-08-11 05:00:00,2016-08-12 05:00:00,1.0
EUR_JPY,2016-08-11 05:00:00,2016-08-28 21:00:00,1.0
AUD_NZD,2016-08-11 21:00:00,2016-08-16 21:00:00,-1.0
USD_CHF,2016-08-12 09:00:00,2016-08-16 05:00:00,1.0
GBP_CHF,2016-08-12 09:00:00,2016-08-15 13:00:00,1.0
AUD_CAD,2016-08-15 09:00:00,2016-08-17 13:00:00,-1.0
EUR_PLN,2016-08-15 13:00:00,2016-08-19 17:00:00,-1.0
USD_SGD,2016-08-16 01:00:00,2016-08-26 13:00:00,-1.0
EUR_AUD,2016-08-16 05:00:00,2016-08-17 09:00:00,-1.0
NZD_JPY,2016-08-16 09:00:00,2016-08-16 21:00:00,1.0
GBP_CAD,2016-08-16 09:00:00,2016-08-17 05:00:00,1.0
GBP_JPY,2016-08-16 09:00:00,2016-08-16 13:00:00,1.0
AUD_JPY,2016-08-16 09:00:00,2016-08-17 13:00:00,-1.0
GBP_USD,2016-08-17 01:00:00,2016-08-18 05:00:00,1.0
GBP_USD,2016-08-17 13:00:00,2016-08-18 05:00:00,1.0
USD_SEK,2016-08-17 13:00:00,2016-08-18 17:00:00,1.0
USD_ZAR,2016-08-17 13:00:00,2016-08-18 01:00:00,1.0
USD_CHF,2016-08-17 17:00:00,2016-08-18 17:00:00,1.0
USD_SGD,2016-08-17 17:00:00,2016-08-26 17:00:00,-1.0
EUR_GBP,2016-08-17 17:00:00,2016-08-23 17:00:00,-1.0
AUD_USD,2016-08-17 17:00:00,2016-08-18 01:00:00,1.0
EUR_GBP,2016-08-18 05:00:00,2016-08-24 05:00:00,-1.0
USD_JPY,2016-08-18 13:00:00,2016-08-26 13:00:00,1.0
NZD_JPY,2016-08-19 01:00:00,2016-08-23 13:00:00,1.0
CAD_CHF,2016-08-19 05:00:00,2016-09-02 13:00:00,-1.0
GBP_CHF,2016-08-19 09:00:00,2016-08-23 17:00:00,-1.0
GBP_CAD,2016-08-19 09:00:00,2016-08-22 13:00:00,1.0
EUR_NOK,2016-08-22 09:00:00,2016-09-06 05:00:00,1.0
NZD_JPY,2016-08-22 17:00:00,2016-08-24 21:00:00,1.0
NZD_CHF,2016-08-23 09:00:00,2016-08-26 09:00:00,-1.0
USD_NOK,2016-08-23 09:00:00,2016-08-26 17:00:00,1.0
GBP_USD,2016-08-23 21:00:00,2016-09-01 13:00:00,1.0
GBP_JPY,2016-08-24 01:00:00,2016-08-26 17:00:00,1.0
USD_NOK,2016-08-24 05:00:00,2016-08-26 17:00:00,1.0
AUD_CAD,2016-08-24 21:00:00,2016-09-08 05:00:00,1.0
GBP_USD,2016-08-25 01:00:00,2016-08-29 05:00:00,-1.0
GBP_CAD,2016-08-25 01:00:00,2016-09-01 05:00:00,1.0
GBP_JPY,2016-08-25 01:00:00,2016-08-29 01:00:00,1.0
GBP_AUD,2016-08-25 01:00:00,2016-09-01 05:00:00,1.0
USD_CHF,2016-08-25 09:00:00,2016-08-26 17:00:00,-1.0
GBP_CHF,2016-08-25 21:00:00,2016-08-31 05:00:00,-1.0
EUR_GBP,2016-08-25 21:00:00,2016-09-01 05:00:00,-1.0
CHF_JPY,2016-08-26 09:00:00,2016-08-31 05:00:00,1.0
GBP_AUD,2016-08-26 09:00:00,2016-08-31 05:00:00,1.0
EUR_USD,2016-08-26 09:00:00,2016-08-26 17:00:00,1.0
USD_NOK,2016-08-26 09:00:00,2016-08-26 17:00:00,1.0
USD_CZK,2016-08-26 09:00:00,2016-08-26 17:00:00,1.0
GBP_CAD,2016-08-26 09:00:00,2016-08-31 05:00:00,1.0
EUR_CAD,2016-08-26 13:00:00,2016-09-05 05:00:00,1.0
USD_SEK,2016-08-29 05:00:00,2016-08-31 13:00:00,-1.0
EUR_GBP,2016-08-29 13:00:00,2016-09-01 05:00:00,-1.0
AUD_JPY,2016-08-29 17:00:00,2016-09-01 05:00:00,1.0
NZD_JPY,2016-08-29 17:00:00,2016-08-30 21:00:00,1.0
EUR_GBP,2016-08-30 05:00:00,2016-09-01 05:00:00,-1.0
AUD_USD,2016-08-30 05:00:00,2016-09-06 01:00:00,1.0
AUD_JPY,2016-08-30 13:00:00,2016-09-01 05:00:00,1.0
EUR_AUD,2016-08-31 09:00:00,2016-09-05 01:00:00,1.0
USD_CZK,2016-08-31 13:00:00,2016-09-06 17:00:00,-1.0
CAD_JPY,2016-08-31 13:00:00,2016-09-02 13:00:00,1.0
CAD_JPY,2016-08-31 21:00:00,2016-09-02 09:00:00,1.0
AUD_USD,2016-09-01 01:00:00,2016-09-02 09:00:00,1.0
CHF_JPY,2016-09-01 05:00:00,2016-09-02 13:00:00,1.0
NZD_USD,2016-09-01 09:00:00,2016-09-02 09:00:00,1.0
USD_PLN,2016-09-01 09:00:00,2016-09-06 13:00:00,1.0
EUR_PLN,2016-09-01 09:00:00,2016-09-07 05:00:00,1.0
USD_ZAR,2016-09-01 09:00:00,2016-09-02 09:00:00,1.0
NZD_JPY,2016-09-01 17:00:00,2016-09-02 13:00:00,1.0
USD_SGD,2016-09-02 05:00:00,2016-09-06 13:00:00,1.0
AUD_CAD,2016-09-02 05:00:00,2016-09-20 05:00:00,1.0
AUD_USD,2016-09-02 05:00:00,2016-09-06 01:00:00,1.0
USD_CZK,2016-09-02 09:00:00,2016-09-08 09:00:00,-1.0
USD_JPY,2016-09-02 09:00:00,2016-09-06 13:00:00,-1.0
AUD_USD,2016-09-02 13:00:00,2016-09-06 01:00:00,1.0
NZD_USD,2016-09-02 13:00:00,2016-09-06 13:00:00,1.0
GBP_USD,2016-09-05 05:00:00,2016-09-06 13:00:00,1.0
AUD_CAD,2016-09-05 05:00:00,2016-09-08 05:00:00,1.0
CAD_JPY,2016-09-05 09:00:00,2016-09-06 21:00:00,-1.0
USD_SEK,2016-09-05 13:00:00,2016-09-06 13:00:00,1.0
USD_JPY,2016-09-06 01:00:00,2016-09-06 13:00:00,-1.0
USD_CAD,2016-09-06 09:00:00,2016-09-11 21:00:00,-1.0
EUR_GBP,2016-09-06 09:00:00,2016-09-08 05:00:00,1.0
GBP_CHF,2016-09-06 13:00:00,2016-09-07 09:00:00,1.0
GBP_CAD,2016-09-06 21:00:00,2016-09-12 09:00:00,1.0
AUD_USD,2016-09-07 05:00:00,2016-09-08 05:00:00,1.0
CAD_CHF,2016-09-07 05:00:00,2016-09-11 21:00:00,1.0
USD_ZAR,2016-09-07 05:00:00,2016-09-08 09:00:00,1.0
USD_CHF,2016-09-07 13:00:00,2016-09-16 13:00:00,-1.0
USD_PLN,2016-09-07 13:00:00,2016-09-08 09:00:00,1.0
USD_SGD,2016-09-07 13:00:00,2016-09-11 21:00:00,-1.0
USD_SEK,2016-09-07 21:00:00,2016-09-12 09:00:00,-1.0
EUR_NOK,2016-09-07 21:00:00,2016-09-12 05:00:00,-1.0
USD_SGD,2016-09-07 21:00:00,2016-09-11 21:00:00,-1.0
NZD_JPY,2016-09-08 01:00:00,2016-09-11 21:00:00,-1.0
AUD_JPY,2016-09-08 01:00:00,2016-09-11 21:00:00,-1.0
AUD_CAD,2016-09-08 01:00:00,2016-09-19 13:00:00,1.0
GBP_JPY,2016-09-08 09:00:00,2016-09-09 09:00:00,1.0
CAD_CHF,2016-09-08 13:00:00,2016-09-11 21:00:00,1.0
USD_HUF,2016-09-08 13:00:00,2016-09-12 09:00:00,-1.0
GBP_CAD,2016-09-08 13:00:00,2016-09-11 21:00:00,1.0
CHF_JPY,2016-09-08 13:00:00,2016-09-19 05:00:00,-1.0
USD_SEK,2016-09-09 05:00:00,2016-09-12 09:00:00,-1.0
EUR_GBP,2016-09-09 09:00:00,2016-09-16 17:00:00,1.0
CAD_CHF,2016-09-09 09:00:00,2016-09-12 05:00:00,1.0
GBP_CHF,2016-09-09 09:00:00,2016-09-13 13:00:00,1.0
EUR_JPY,2016-09-11 21:00:00,2016-09-12 21:00:00,-1.0
CHF_JPY,2016-09-11 21:00:00,2016-09-19 05:00:00,-1.0
USD_SGD,2016-09-12 05:00:00,2016-09-30 05:00:00,-0.27174711360496767
GBP_USD,2016-09-12 09:00:00,2016-09-16 09:00:00,-1.0
EUR_CAD,2016-09-12 17:00:00,2016-09-14 13:00:00,-1.0
GBP_USD,2016-09-13 05:00:00,2016-09-13 13:00:00,-1.0
EUR_USD,2016-09-13 09:00:00,2016-09-21 01:00:00,1.0
CAD_JPY,2016-09-13 13:00:00,2016-09-14 05:00:00,1.0
AUD_JPY,2016-09-13 13:00:00,2016-09-14 05:00:00,1.0
NZD_CHF,2016-09-14 01:00:00,2016-09-19 05:00:00,-1.0
AUD_CAD,2016-09-15 01:00:00,2016-09-19 09:00:00,1.0
CAD_CHF,2016-09-15 05:00:00,2016-09-19 05:00:00,-1.0
AUD_NZD,2016-09-15 09:00:00,2016-09-21 05:00:00,1.0
USD_CZK,2016-09-15 09:00:00,2016-09-21 01:00:00,1.0
EUR_USD,2016-09-15 09:00:00,2016-09-21 01:00:00,1.0
AUD_NZD,2016-09-16 05:00:00,2016-09-21 05:00:00,1.0
NZD_JPY,2016-09-16 05:00:00,2016-09-21 09:00:00,-1.0
AUD_CAD,2016-09-16 05:00:00,2016-09-19 13:00:00,1.0
AUD_USD,2016-09-16 05:00:00,2016-09-21 05:00:00,1.0
USD_SGD,2016-09-16 05:00:00,2016-10-06 05:00:00,-0.5660820085645519
AUD_JPY,2016-09-16 05:00:00,2016-09-21 01:00:00,1.0
GBP_CHF,2016-09-16 09:00:00,2016-09-20 05:00:00,1.0
USD_ZAR,2016-09-16 09:00:00,2016-09-19 05:00:00,1.0
USD_ZAR,2016-09-18 21:00:00,2016-09-19 01:00:00,1.0
USD_ZAR,2016-09-19 21:00:00,2016-09-20 05:00:00,1.0
USD_PLN,2016-09-20 01:00:00,2016-09-22 05:00:00,1.0
GBP_JPY,2016-09-20 21:00:00,2016-09-21 05:00:00,1.0
CHF_JPY,2016-09-20 21:00:00,2016-09-29 13:00:00,1.0
NZD_JPY,2016-09-20 21:00:00,2016-09-21 13:00:00,-1.0
EUR_JPY,2016-09-21 01:00:00,2016-09-21 05:00:00,1.0
EUR_USD,2016-09-21 05:00:00,2016-09-26 09:00:00,-1.0
GBP_CHF,2016-09-21 05:00:00,2016-09-23 09:00:00,1.0
USD_NOK,2016-09-21 05:00:00,2016-09-22 05:00:00,-1.0
EUR_GBP,2016-09-21 05:00:00,2016-09-23 09:00:00,1.0
AUD_NZD,2016-09-21 17:00:00,2016-09-22 05:00:00,1.0
NZD_CHF,2016-09-21 17:00:00,2016-09-22 09:00:00,1.0
USD_HUF,2016-09-21 17:00:00,2016-09-22 05:00:00,1.0
AUD_USD,2016-09-21 17:00:00,2016-09-21 21:00:00,1.0
GBP_CHF,2016-09-21 17:00:00,2016-09-23 13:00:00,1.0
EUR_NOK,2016-09-21 21:00:00,2016-09-22 05:00:00,1.0
GBP_CHF,2016-09-22 01:00:00,2016-09-23 09:00:00,1.0
EUR_JPY,2016-09-22 17:00:00,2016-09-29 05:00:00,1.0
EUR_USD,2016-09-23 05:00:00,2016-10-11 09:00:00,1.0
CAD_CHF,2016-09-23 09:00:00,2016-09-26 05:00:00,1.0
AUD_NZD,2016-09-23 17:00:00,2016-10-05 01:00:00,1.0
EUR_JPY,2016-09-26 05:00:00,2016-10-03 21:00:00,1.0
GBP_JPY,2016-09-26 05:00:00,2016-09-29 01:00:00,1.0
USD_JPY,2016-09-26 05:00:00,2016-09-29 05:00:00,1.0
CHF_JPY,2016-09-26 05:00:00,2016-09-29 13:00:00,1.0
USD_SEK,2016-09-26 13:00:00,2016-09-27 13:00:00,-1.0
USD_SEK,2016-09-27 05:00:00,2016-10-06 17:00:00,-1.0
AUD_USD,2016-09-28 01:00:00,2016-10-06 05:00:00,-1.0
USD_NOK,2016-09-28 05:00:00,2016-09-28 21:00:00,-1.0
GBP_USD,2016-09-28 13:00:00,2016-10-03 05:00:00,-1.0
USD_SEK,2016-09-28 21:00:00,2016-10-07 05:00:00,-1.0
EUR_USD,2016-09-29 21:00:00,2016-10-07 01:00:00,1.0
CHF_JPY,2016-09-30 05:00:00,2016-10-05 09:00:00,1.0
USD_CHF,2016-09-30 05:00:00,2016-10-04 05:00:00,-1.0
GBP_USD,2016-10-02 21:00:00,2016-10-03 13:00:00,-1.0
USD_SGD,2016-10-02 21:00:00,2016-10-11 01:00:00,-1.0
EUR_NOK,2016-10-02 21:00:00,2016-10-04 13:00:00,1.0
EUR_USD,2016-10-03 09:00:00,2016-10-06 21:00:00,1.0
GBP_CHF,2016-10-03 21:00:00,2016-10-06 01:00:00,1.0
AUD_USD,2016-10-03 21:00:00,2016-10-06 05:00:00,-1.0
AUD_JPY,2016-10-05 05:00:00,2016-10-14 05:00:00,1.0
EUR_GBP,2016-10-05 05:00:00,2016-10-06 21:00:00,1.0
GBP_CHF,2016-10-05 05:00:00,2016-10-06 21:00:00,1.0
EUR_PLN,2016-10-05 21:00:00,2016-10-25 21:00:00,-0.3261745184572998
USD_PLN,2016-10-05 21:00:00,2016-10-11 21:00:00,-1.0
GBP_CHF,2016-10-06 05:00:00,2016-10-06 21:00:00,1.0
EUR_NOK,2016-10-06 09:00:00,2016-10-26 09:00:00,-0.3896008755475097
USD_NOK,2016-10-06 09:00:00,2016-10-07 05:00:00,1.000000000000011
NZD_CAD,2016-10-06 13:00:00,2016-10-10 21:00:00,1.0
USD_CHF,2016-10-07 09:00:00,2016-10-20 17:00:00,-1.0
CAD_CHF,2016-10-07 09:00:00,2016-10-14 09:00:00,-1.0
USD_SGD,2016-10-07 13:00:00,2016-10-14 05:00:00,-1.0
NZD_USD,2016-10-07 13:00:00,2016-10-11 13:00:00,-1.0
USD_HUF,2016-10-09 21:00:00,2016-10-11 13:00:00,-1.0
USD_SGD,2016-10-09 21:00:00,2016-10-14 01:00:00,-1.0
USD_SEK,2016-10-09 21:00:00,2016-10-11 05:00:00,-1.0
AUD_JPY,2016-10-11 01:00:00,2016-10-11 13:00:00,-1.0
AUD_USD,2016-10-11 13:00:00,2016-10-14 05:00:00,1.0
USD_NOK,2016-10-12 01:00:00,2016-10-13 05:00:00,1.0
NZD_USD,2016-10-12 05:00:00,2016-10-17 09:00:00,1.0
AUD_CAD,2016-10-12 21:00:00,2016-10-19 13:00:00,1.000000000000011
CHF_JPY,2016-10-13 01:00:00,2016-10-21 13:00:00,-1.0
USD_JPY,2016-10-13 01:00:00,2016-10-27 13:00:00,1.0
AUD_CAD,2016-10-13 05:00:00,2016-10-19 13:00:00,0.9999999999999889
EUR_GBP,2016-10-13 09:00:00,2016-10-18 13:00:00,-1.0
USD_JPY,2016-10-13 09:00:00,2016-10-25 09:00:00,1.0
GBP_CHF,2016-10-13 09:00:00,2016-10-18 13:00:00,-1.0
GBP_JPY,2016-10-14 05:00:00,2016-10-18 13:00:00,1.0
AUD_JPY,2016-10-16 21:00:00,2016-10-18 05:00:00,1.0
EUR_GBP,2016-10-17 05:00:00,2016-10-18 13:00:00,-1.0
GBP_CHF,2016-10-17 05:00:00,2016-10-18 13:00:00,-1.0
GBP_CAD,2016-10-17 09:00:00,2016-10-18 13:00:00,1.0
GBP_USD,2016-10-17 09:00:00,2016-10-18 09:00:00,1.0
GBP_JPY,2016-10-17 09:00:00,2016-10-18 09:00:00,1.0
USD_SGD,2016-10-19 01:00:00,2016-11-08 02:00:00,-0.19749598160548137
AUD_CAD,2016-10-19 01:00:00,2016-10-19 21:00:00,1.0
EUR_USD,2016-10-19 05:00:00,2016-10-21 05:00:00,1.0
GBP_AUD,2016-10-19 05:00:00,2016-10-25 21:00:00,-1.0
GBP_CAD,2016-10-19 09:00:00,2016-10-21 09:00:00,1.0
AUD_CAD,2016-10-19 09:00:00,2016-10-19 21:00:00,0.9999999999999889
GBP_CAD,2016-10-20 09:00:00,2016-10-21 13:00:00,1.0
AUD_CAD,2016-10-20 09:00:00,2016-10-24 05:00:00,1.000000000000011
CAD_CHF,2016-10-21 09:00:00,2016-10-23 21:00:00,1.0
USD_CHF,2016-10-21 09:00:00,2016-11-01 09:00:00,0.9999999999999889
USD_PLN,2016-10-21 13:00:00,2016-10-31 13:00:00,1.0
CAD_CHF,2016-10-23 21:00:00,2016-10-28 17:00:00,1.0
NZD_CHF,2016-10-23 21:00:00,2016-10-28 17:00:00,1.0
EUR_USD,2016-10-24 05:00:00,2016-10-28 17:00:00,-1.0
EUR_NOK,2016-10-24 09:00:00,2016-10-28 17:00:00,-1.0
NZD_JPY,2016-10-24 21:00:00,2016-10-28 01:00:00,1.0
AUD_JPY,2016-10-24 21:00:00,2016-10-25 09:00:00,1.0
USD_SGD,2016-10-24 21:00:00,2016-11-10 10:00:00,-1.0
AUD_USD,2016-10-24 21:00:00,2016-10-25 21:00:00,1.0
NZD_CHF,2016-10-25 01:00:00,2016-11-01 13:00:00,1.0
USD_SEK,2016-10-25 05:00:00,2016-10-27 09:00:00,-1.0
USD_PLN,2016-10-25 21:00:00,2016-10-31 17:00:00,1.000000000000011
USD_NOK,2016-10-26 21:00:00,2016-11-01 13:00:00,-1.0
CHF_JPY,2016-10-27 01:00:00,2016-10-28 05:00:00,1.0
EUR_JPY,2016-10-27 01:00:00,2016-10-28 09:00:00,1.0
NZD_CHF,2016-10-27 01:00:00,2016-11-01 13:00:00,1.0
NZD_JPY,2016-10-27 09:00:00,2016-11-02 17:00:00,1.0
USD_HUF,2016-10-27 13:00:00,2016-10-31 13:00:00,1.0
USD_PLN,2016-10-27 13:00:00,2016-10-31 13:00:00,0.9999999999999888
USD_CAD,2016-10-27 13:00:00,2016-11-09 02:00:00,-1.0
EUR_PLN,2016-10-27 13:00:00,2016-11-01 13:00:00,1.0
USD_PLN,2016-10-27 21:00:00,2016-10-31 09:00:00,1.0
AUD_JPY,2016-10-28 05:00:00,2016-11-01 05:00:00,1.0
GBP_AUD,2016-10-28 09:00:00,2016-11-03 09:00:00,1.0
NZD_CHF,2016-10-28 09:00:00,2016-11-01 13:00:00,1.0
USD_CHF,2016-10-28 13:00:00,2016-11-01 09:00:00,1.0
AUD_CAD,2016-10-28 13:00:00,2016-11-01 01:00:00,1.0
CAD_CHF,2016-10-28 13:00:00,2016-10-28 17:00:00,1.0
USD_ZAR,2016-10-28 17:00:00,2016-10-31 05:00:00,1.0
NZD_USD,2016-10-30 21:00:00,2016-11-01 21:00:00,1.0
AUD_CAD,2016-10-31 05:00:00,2016-11-01 09:00:00,1.0
USD_PLN,2016-10-31 09:00:00,2016-11-01 09:00:00,1.0
EUR_PLN,2016-10-31 09:00:00,2016-11-01 13:00:00,1.0
NZD_JPY,2016-10-31 17:00:00,2016-11-06 22:00:00,1.0
EUR_GBP,2016-11-02 05:00:00,2016-11-03 09:00:00,-1.0
CAD_CHF,2016-11-02 17:00:00,2016-11-08 18:00:00,-1.0
USD_CHF,2016-11-02 17:00:00,2016-11-08 22:00:00,-1.0
AUD_USD,2016-11-03 01:00:00,2016-11-07 18:00:00,1.0
AUD_CAD,2016-11-03 01:00:00,2016-11-10 06:00:00,1.0
USD_ZAR,2016-11-03 05:00:00,2016-11-03 13:00:00,1.0
CAD_CHF,2016-11-03 05:00:00,2016-11-08 18:00:00,-1.0
EUR_CAD,2016-11-03 13:00:00,2016-11-08 14:00:00,1.0
USD_NOK,2016-11-03 13:00:00,2016-11-07 14:00:00,1.0
AUD_USD,2016-11-03 13:00:00,2016-11-08 14:00:00,1.0
NZD_USD,2016-11-03 21:00:00,2016-11-08 18:00:00,1.0
EUR_PLN,2016-11-03 21:00:00,2016-11-09 02:00:00,-1.0
AUD_USD,2016-11-04 01:00:00,2016-11-08 18:00:00,1.0
EUR_NOK,2016-11-04 09:00:00,2016-11-09 02:00:00,-1.0
NZD_JPY,2016-11-04 09:00:00,2016-11-06 22:00:00,1.0
GBP_AUD,2016-11-04 09:00:00,2016-11-07 18:00:00,-1.0
USD_SEK,2016-11-04 09:00:00,2016-11-09 10:00:00,-1.0
GBP_CHF,2016-11-04 13:00:00,2016-11-09 02:00:00,1.0
USD_SEK,2016-11-04 17:00:00,2016-11-09 10:00:00,-1.0
USD_PLN,2016-11-06 22:00:00,2016-11-08 18:00:00,-1.0
GBP_CHF,2016-11-06 22:00:00,2016-11-09 02:00:00,1.0
EUR_AUD,2016-11-07 10:00:00,2016-11-08 14:00:00,1.0
USD_CHF,2016-11-07 14:00:00,2016-11-09 02:00:00,1.0
USD_CAD,2016-11-07 22:00:00,2016-11-09 02:00:00,-1.0
USD_NOK,2016-11-07 22:00:00,2016-11-09 10:00:00,1.0
EUR_GBP,2016-11-08 06:00:00,2016-11-09 02:00:00,1.0
USD_PLN,2016-11-08 10:00:00,2016-11-09 02:00:00,1.0
GBP_AUD,2016-11-08 10:00:00,2016-11-08 18:00:00,-1.0
GBP_USD,2016-11-08 10:00:00,2016-11-09 02:00:00,1.0
GBP_CAD,2016-11-08 10:00:00,2016-11-08 22:00:00,-1.0
NZD_CHF,2016-11-08 14:00:00,2016-11-08 18:00:00,-1.0
USD_SEK,2016-11-08 22:00:00,2016-11-09 02:00:00,1.0
EUR_GBP,2016-11-08 22:00:00,2016-11-09 02:00:00,1.0
USD_SEK,2016-11-09 06:00:00,2016-11-14 06:00:00,-1.0
EUR_PLN,2016-11-09 10:00:00,2016-11-11 06:00:00,-1.0
EUR_JPY,2016-11-09 14:00:00,2016-11-09 18:00:00,1.0
NZD_CAD,2016-11-09 18:00:00,2016-11-10 02:00:00,1.0
USD_SEK,2016-11-10 10:00:00,2016-11-14 06:00:00,-1.0
EUR_JPY,2016-11-10 22:00:00,2016-11-16 02:00:00,1.0
CHF_JPY,2016-11-10 22:00:00,2016-11-15 18:00:00,1.0
USD_SEK,2016-11-11 06:00:00,2016-11-14 06:00:00,-1.0
EUR_JPY,2016-11-11 06:00:00,2016-11-15 18:00:00,1.0
USD_NOK,2016-11-11 10:00:00,2016-11-11 14:00:00,1.0
USD_NOK,2016-11-11 18:00:00,2016-11-13 22:00:00,1.0
GBP_CAD,2016-11-13 22:00:00,2016-11-15 06:00:00,-1.0
EUR_NOK,2016-11-13 22:00:00,2016-11-15 06:00:00,1.0
AUD_USD,2016-11-14 10:00:00,2016-11-17 10:00:00,-1.0
EUR_GBP,2016-11-14 10:00:00,2016-11-15 06:00:00,1.0
GBP_CHF,2016-11-14 10:00:00,2016-11-21 10:00:00,-1.0
EUR_JPY,2016-11-14 14:00:00,2016-11-15 18:00:00,1.0
USD_JPY,2016-11-14 22:00:00,2016-11-15 18:00:00,1.0
CHF_JPY,2016-11-15 06:00:00,2016-11-17 22:00:00,1.0
EUR_PLN,2016-11-15 10:00:00,2016-11-16 18:00:00,-1.0
USD_PLN,2016-11-15 10:00:00,2016-11-16 10:00:00,-1.0
AUD_USD,2016-11-15 10:00:00,2016-11-17 06:00:00,-1.0
USD_JPY,2016-11-15 22:00:00,2016-11-17 18:00:00,1.0
NZD_JPY,2016-11-16 06:00:00,2016-11-21 10:00:00,1.0
AUD_JPY,2016-11-16 06:00:00,2016-11-16 22:00:00,-1.0
GBP_CHF,2016-11-16 14:00:00,2016-11-23 14:00:00,-1.0
USD_CZK,2016-11-16 18:00:00,2016-11-17 22:00:00,1.0
CAD_CHF,2016-11-17 10:00:00,2016-11-21 14:00:00,-1.0
NZD_JPY,2016-11-17 14:00:00,2016-11-21 06:00:00,1.0
NZD_CHF,2016-11-18 06:00:00,2016-11-28 02:00:00,-1.0
GBP_AUD,2016-11-18 06:00:00,2016-11-21 10:00:00,1.0
USD_PLN,2016-11-18 14:00:00,2016-11-22 06:00:00,1.0
USD_SEK,2016-11-18 14:00:00,2016-11-28 02:00:00,1.0
GBP_CHF,2016-11-20 22:00:00,2016-11-21 14:00:00,-1.0
USD_JPY,2016-11-21 06:00:00,2016-11-23 10:00:00,1.0
GBP_JPY,2016-11-21 06:00:00,2016-11-21 10:00:00,1.0
AUD_NZD,2016-11-21 10:00:00,2016-11-23 14:00:00,1.0
USD_CHF,2016-11-21 10:00:00,2016-11-30 14:00:00,-1.0
USD_PLN,2016-11-21 22:00:00,2016-11-28 06:00:00,1.0
GBP_CAD,2016-11-22 06:00:00,2016-12-01 10:00:00,1.0
USD_SEK,2016-11-22 10:00:00,2016-11-30 06:00:00,1.0
AUD_CAD,2016-11-22 14:00:00,2016-11-24 06:00:00,0.9999999999999888
CAD_CHF,2016-11-22 14:00:00,2016-12-04 22:00:00,-1.0
EUR_NOK,2016-11-22 22:00:00,2016-12-01 10:00:00,1.0
EUR_NOK,2016-11-23 06:00:00,2016-12-01 10:00:00,1.0
EUR_AUD,2016-11-23 10:00:00,2016-11-28 10:00:00,1.0
GBP_AUD,2016-11-24 06:00:00,2016-11-25 06:00:00,-1.0
GBP_CHF,2016-11-24 10:00:00,2016-12-01 10:00:00,-1.0
EUR_GBP,2016-11-24 10:00:00,2016-11-28 06:00:00,1.0
USD_ZAR,2016-11-24 10:00:00,2016-11-25 02:00:00,1.0
EUR_NOK,2016-11-24 18:00:00,2016-11-30 14:00:00,1.0
USD_SEK,2016-11-24 22:00:00,2016-11-28 06:00:00,1.0
USD_CHF,2016-11-24 22:00:00,2016-11-28 02:00:00,1.0
GBP_USD,2016-11-25 06:00:00,2016-12-01 10:00:00,1.0
NZD_JPY,2016-11-25 10:00:00,2016-11-29 10:00:00,1.0
AUD_CAD,2016-11-25 10:00:00,2016-11-30 14:00:00,-1.0
EUR_JPY,2016-11-25 18:00:00,2016-11-30 14:00:00,1.0
CHF_JPY,2016-11-25 18:00:00,2016-11-28 22:00:00,-1.0
AUD_JPY,2016-11-27 22:00:00,2016-11-30 22:00:00,1.0
AUD_CAD,2016-11-27 22:00:00,2016-11-30 14:00:00,-1.0
EUR_GBP,2016-11-28 10:00:00,2016-12-01 10:00:00,-1.0
GBP_CAD,2016-11-30 06:00:00,2016-12-01 10:00:00,1.0
GBP_AUD,2016-11-30 06:00:00,2016-11-30 14:00:00,1.0
GBP_USD,2016-11-30 10:00:00,2016-12-01 10:00:00,1.0
EUR_NOK,2016-11-30 22:00:00,2016-12-11 22:00:00,1.0
EUR_NOK,2016-12-01 06:00:00,2016-12-11 22:00:00,1.0
NZD_JPY,2016-12-01 14:00:00,2016-12-07 22:00:00,1.0
USD_SEK,2016-12-01 14:00:00,2016-12-04 22:00:00,-1.0
NZD_JPY,2016-12-01 22:00:00,2016-12-05 14:00:00,1.0
GBP_JPY,2016-12-02 06:00:00,2016-12-04 22:00:00,1.0
NZD_JPY,2016-12-02 06:00:00,2016-12-05 14:00:00,1.0
CHF_JPY,2016-12-02 06:00:00,2016-12-04 22:00:00,-1.0
EUR_JPY,2016-12-02 06:00:00,2016-12-04 22:00:00,-1.0
GBP_AUD,2016-12-02 06:00:00,2016-12-05 10:00:00,1.0
CAD_CHF,2016-12-02 06:00:00,2016-12-08 14:00:00,-1.0
AUD_NZD,2016-12-02 10:00:00,2016-12-22 10:00:00,0.15052443864929158
GBP_AUD,2016-12-02 14:00:00,2016-12-05 10:00:00,1.0
USD_CZK,2016-12-04 22:00:00,2016-12-05 02:00:00,1.0
USD_NOK,2016-12-04 22:00:00,2016-12-05 02:00:00,1.0
NZD_CHF,2016-12-05 22:00:00,2016-12-08 10:00:00,-1.0
AUD_JPY,2016-12-05 22:00:00,2016-12-09 10:00:00,1.0
USD_HUF,2016-12-06 10:00:00,2016-12-08 10:00:00,1.0
CHF_JPY,2016-12-06 10:00:00,2016-12-12 06:00:00,1.0
NZD_JPY,2016-12-06 10:00:00,2016-12-07 22:00:00,1.0
EUR_JPY,2016-12-06 10:00:00,2016-12-08 14:00:00,-1.0
EUR_GBP,2016-12-06 10:00:00,2016-12-07 06:00:00,1.0
GBP_CHF,2016-12-06 10:00:00,2016-12-07 06:00:00,1.0
EUR_NOK,2016-12-06 18:00:00,2016-12-16 10:00:00,-1.0
AUD_JPY,2016-12-06 22:00:00,2016-12-09 10:00:00,1.0
NZD_JPY,2016-12-07 14:00:00,2016-12-08 22:00:00,1.0
USD_PLN,2016-12-07 18:00:00,2016-12-08 10:00:00,-1.0
EUR_PLN,2016-12-07 22:00:00,2016-12-19 14:00:00,1.0
USD_ZAR,2016-12-08 06:00:00,2016-12-08 10:00:00,-1.0
EUR_GBP,2016-12-08 06:00:00,2016-12-08 22:00:00,-1.0
USD_NOK,2016-12-08 10:00:00,2016-12-08 14:00:00,1.0
NZD_JPY,2016-12-08 10:00:00,2016-12-09 10:00:00,1.0
AUD_JPY,2016-12-08 14:00:00,2016-12-09 10:00:00,1.0
AUD_NZD,2016-12-09 14:00:00,2016-12-30 14:00:00,-0.2026021412453846
AUD_JPY,2016-12-11 22:00:00,2016-12-12 14:00:00,1.0
USD_SEK,2016-12-12 10:00:00,2016-12-14 18:00:00,-1.0
AUD_USD,2016-12-13 02:00:00,2016-12-14 18:00:00,-1.0
CAD_CHF,2016-12-13 06:00:00,2016-12-19 14:00:00,1.0
USD_ZAR,2016-12-13 10:00:00,2016-12-14 18:00:00,-1.0
CAD_CHF,2016-12-13 14:00:00,2016-12-19 14:00:00,1.0
CHF_JPY,2016-12-13 18:00:00,2016-12-14 18:00:00,1.0
USD_CZK,2016-12-14 10:00:00,2016-12-14 18:00:00,1.0
NZD_CAD,2016-12-14 10:00:00,2016-12-15 18:00:00,1.0
GBP_JPY,2016-12-14 10:00:00,2016-12-14 18:00:00,1.0
NZD_CHF,2016-12-14 10:00:00,2016-12-15 22:00:00,1.0
AUD_CAD,2016-12-14 14:00:00,2016-12-16 14:00:00,-1.0
NZD_CHF,2016-12-14 18:00:00,2016-12-15 22:00:00,1.0
NZD_JPY,2016-12-14 18:00:00,2016-12-16 14:00:00,-1.0
NZD_CHF,2016-12-15 06:00:00,2016-12-16 10:00:00,1.0
EUR_GBP,2016-12-15 10:00:00,2016-12-19 14:00:00,1.0
CAD_JPY,2016-12-15 10:00:00,2016-12-19 10:00:00,-1.0
EUR_CAD,2016-12-15 14:00:00,2016-12-22 14:00:00,-1.0
EUR_NOK,2016-12-15 18:00:00,2017-01-06 18:00:00,0.38757031901550326
USD_CHF,2016-12-16 10:00:00,2016-12-29 22:00:00,1.0
GBP_USD,2016-12-16 14:00:00,2016-12-22 14:00:00,-1.0
USD_NOK,2016-12-16 18:00:00,2016-12-28 14:00:00,1.0
AUD_NZD,2016-12-18 22:00:00,2016-12-28 22:00:00,-1.0
AUD_CAD,2016-12-19 10:00:00,2017-01-10 10:00:00,-0.10286266805188343
AUD_NZD,2016-12-19 10:00:00,2016-12-28 22:00:00,-1.0
CHF_JPY,2016-12-19 10:00:00,2016-12-29 22:00:00,1.0
EUR_NOK,2016-12-19 10:00:00,2017-01-10 10:00:00,-0.22614016936219514
USD_SGD,2016-12-19 18:00:00,2017-01-05 02:00:00,1.0
USD_CZK,2016-12-19 22:00:00,2016-12-29 22:00:00,-1.0
USD_SGD,2016-12-20 02:00:00,2017-01-05 02:00:00,1.0
AUD_NZD,2016-12-20 14:00:00,2016-12-28 18:00:00,-1.0
EUR_JPY,2016-12-20 18:00:00,2016-12-29 22:00:00,1.0
AUD_NZD,2016-12-20 22:00:00,2016-12-28 18:00:00,-1.0
EUR_NOK,2016-12-20 22:00:00,2017-01-11 22:00:00,0.01678932817281632
EUR_PLN,2016-12-20 22:00:00,2017-01-04 10:00:00,1.0
AUD_USD,2016-12-21 02:00:00,2016-12-23 10:00:00,-1.0
AUD_JPY,2016-12-21 02:00:00,2016-12-23 02:00:00,-1.0
EUR_JPY,2016-12-21 02:00:00,2016-12-29 22:00:00,1.0
USD_ZAR,2016-12-21 02:00:00,2016-12-28 10:00:00,1.0
GBP_AUD,2016-12-21 14:00:00,2017-01-05 06:00:00,-1.0
NZD_CHF,2016-12-22 06:00:00,2016-12-29 22:00:00,1.0
USD_SGD,2016-12-22 18:00:00,2017-01-04 22:00:00,1.0
USD_NOK,2016-12-22 22:00:00,2016-12-29 22:00:00,-1.0
USD_PLN,2016-12-22 22:00:00,2016-12-27 22:00:00,1.0
EUR_PLN,2016-12-23 14:00:00,2017-01-04 14:00:00,1.0
CAD_CHF,2016-12-26 22:00:00,2016-12-29 22:00:00,1.0
USD_PLN,2016-12-27 10:00:00,2016-12-29 22:00:00,1.0
NZD_JPY,2016-12-27 18:00:00,2017-01-03 02:00:00,1.0
CAD_CHF,2016-12-28 06:00:00,2016-12-29 22:00:00,1.0
USD_ZAR,2016-12-28 22:00:00,2016-12-29 06:00:00,1.0
USD_SGD,2016-12-29 10:00:00,2017-01-04 22:00:00,1.0
USD_HUF,2016-12-29 10:00:00,2016-12-29 22:00:00,1.0
USD_CAD,2016-12-29 10:00:00,2017-01-03 14:00:00,1.0
GBP_JPY,2016-12-29 14:00:00,2016-12-30 06:00:00,1.0
AUD_CAD,2016-12-29 14:00:00,2017-01-12 14:00:00,1.0
USD_SEK,2016-12-29 22:00:00,2016-12-30 14:00:00,1.0
USD_ZAR,2016-12-30 02:00:00,2016-12-30 06:00:00,-1.0
USD_CHF,2016-12-30 18:00:00,2017-01-03 10:00:00,-1.0
USD_PLN,2016-12-30 18:00:00,2017-01-03 10:00:00,-1.0
USD_HUF,2016-12-30 18:00:00,2017-01-03 06:00:00,-1.0
EUR_JPY,2017-01-02 22:00:00,2017-01-11 18:00:00,-1.0
CHF_JPY,2017-01-02 22:00:00,2017-01-11 18:00:00,-1.0
USD_ZAR,2017-01-03 06:00:00,2017-01-04 06:00:00,1.0
CHF_JPY,2017-01-03 10:00:00,2017-01-11 14:00:00,-1.0
USD_NOK,2017-01-03 22:00:00,2017-01-04 22:00:00,-1.0
EUR_NOK,2017-01-03 22:00:00,2017-01-23 22:00:00,0.3266879431523112
AUD_USD,2017-01-04 18:00:00,2017-01-05 14:00:00,1.0
NZD_USD,2017-01-05 06:00:00,2017-01-10 02:00:00,1.0
USD_CAD,2017-01-05 06:00:00,2017-01-11 18:00:00,1.0
GBP_AUD,2017-01-05 14:00:00,2017-01-09 06:00:00,-1.0
AUD_CAD,2017-01-05 22:00:00,2017-01-11 14:00:00,1.0
NZD_CHF,2017-01-05 22:00:00,2017-01-12 06:00:00,-1.0
CHF_JPY,2017-01-05 22:00:00,2017-01-08 22:00:00,1.0
GBP_AUD,2017-01-06 06:00:00,2017-01-09 02:00:00,-1.0
AUD_NZD,2017-01-06 10:00:00,2017-01-10 10:00:00,1.0
GBP_JPY,2017-01-06 10:00:00,2017-01-09 10:00:00,-1.0
CHF_JPY,2017-01-06 10:00:00,2017-01-11 18:00:00,-1.0
GBP_CHF,2017-01-06 10:00:00,2017-01-09 02:00:00,1.0
EUR_NOK,2017-01-06 14:00:00,2017-01-10 14:00:00,-1.0
EUR_AUD,2017-01-06 14:00:00,2017-01-11 02:00:00,1.0
NZD_CHF,2017-01-09 06:00:00,2017-01-11 18:00:00,-1.0
EUR_USD,2017-01-09 06:00:00,2017-01-12 06:00:00,-1.0
USD_CHF,2017-01-09 10:00:00,2017-01-12 06:00:00,1.0
AUD_USD,2017-01-10 06:00:00,2017-01-11 14:00:00,1.0
NZD_USD,2017-01-10 06:00:00,2017-01-11 18:00:00,1.0
USD_HUF,2017-01-10 06:00:00,2017-01-11 10:00:00,-1.0
AUD_JPY,2017-01-10 10:00:00,2017-01-11 14:00:00,1.0
USD_CZK,2017-01-10 14:00:00,2017-01-11 10:00:00,1.0
NZD_CHF,2017-01-11 02:00:00,2017-01-12 14:00:00,-1.0
USD_NOK,2017-01-11 06:00:00,2017-01-12 06:00:00,-1.0
EUR_USD,2017-01-11 06:00:00,2017-01-11 14:00:00,1.0
USD_SEK,2017-01-11 10:00:00,2017-01-12 06:00:00,1.0
USD_ZAR,2017-01-11 10:00:00,2017-01-11 14:00:00,-1.0
GBP_USD,2017-01-11 14:00:00,2017-01-11 18:00:00,1.0
AUD_CAD,2017-01-11 14:00:00,2017-01-12 14:00:00,1.0
USD_SGD,2017-01-11 14:00:00,2017-01-11 18:00:00,1.0
USD_HUF,2017-01-11 14:00:00,2017-01-11 18:00:00,1.0
GBP_CHF,2017-01-11 18:00:00,2017-01-13 06:00:00,1.0
AUD_USD,2017-01-12 18:00:00,2017-01-17 18:00:00,1.0
NZD_USD,2017-01-12 18:00:00,2017-01-17 06:00:00,1.0
NZD_JPY,2017-01-12 22:00:00,2017-01-19 06:00:00,1.0
EUR_AUD,2017-01-13 02:00:00,2017-01-19 10:00:00,1.0
AUD_USD,2017-01-13 10:00:00,2017-01-17 10:00:00,1.0
USD_ZAR,2017-01-13 10:00:00,2017-01-16 14:00:00,-1.0
GBP_USD,2017-01-13 10:00:00,2017-01-15 22:00:00,-1.0
EUR_GBP,2017-01-13 14:00:00,2017-01-15 22:00:00,1.0
USD_HUF,2017-01-13 14:00:00,2017-01-26 14:00:00,-1.0
NZD_USD,2017-01-15 22:00:00,2017-01-17 06:00:00,1.0
USD_CHF,2017-01-16 02:00:00,2017-01-17 10:00:00,1.0
USD_SGD,2017-01-16 06:00:00,2017-01-17 18:00:00,1.0
USD_PLN,2017-01-16 06:00:00,2017-01-17 06:00:00,1.0
USD_ZAR,2017-01-16 14:00:00,2017-01-17 06:00:00,1.0
GBP_USD,2017-01-16 18:00:00,2017-01-17 06:00:00,1.0
AUD_JPY,2017-01-17 06:00:00,2017-01-18 18:00:00,1.0
NZD_JPY,2017-01-17 06:00:00,2017-01-18 22:00:00,1.0
AUD_CAD,2017-01-17 06:00:00,2017-01-18 14:00:00,1.0
AUD_JPY,2017-01-17 14:00:00,2017-01-18 18:00:00,1.0
CHF_JPY,2017-01-17 14:00:00,2017-01-18 18:00:00,1.0
NZD_JPY,2017-01-17 14:00:00,2017-01-19 06:00:00,1.0
NZD_JPY,2017-01-17 22:00:00,2017-01-19 06:00:00,1.0
USD_SEK,2017-01-17 22:00:00,2017-01-19 14:00:00,-1.0
NZD_USD,2017-01-17 22:00:00,2017-01-18 22:00:00,-1.0
EUR_NOK,2017-01-17 22:00:00,2017-01-24 06:00:00,1.0
USD_NOK,2017-01-18 14:00:00,2017-01-23 06:00:00,-1.0
EUR_USD,2017-01-18 14:00:00,2017-01-19 14:00:00,1.0
EUR_AUD,2017-01-18 14:00:00,2017-02-03 10:00:00,1.0
USD_CZK,2017-01-18 14:00:00,2017-01-19 14:00:00,1.0
CAD_CHF,2017-01-19 10:00:00,2017-01-20 14:00:00,1.0
USD_HUF,2017-01-19 10:00:00,2017-02-02 02:00:00,1.0
EUR_JPY,2017-01-20 02:00:00,2017-01-23 14:00:00,-1.0
GBP_JPY,2017-01-20 02:00:00,2017-01-25 06:00:00,1.0
USD_SEK,2017-01-20 10:00:00,2017-01-22 22:00:00,1.0
EUR_JPY,2017-01-20 18:00:00,2017-01-23 14:00:00,-1.0
CHF_JPY,2017-01-20 18:00:00,2017-01-23 14:00:00,-1.0
EUR_GBP,2017-01-23 02:00:00,2017-01-25 06:00:00,-1.0
EUR_CAD,2017-01-23 10:00:00,2017-01-24 14:00:00,1.0
AUD_USD,2017-01-23 14:00:00,2017-02-01 22:00:00,1.0
USD_SGD,2017-01-23 14:00:00,2017-01-31 14:00:00,1.0
NZD_JPY,2017-01-23 14:00:00,2017-01-24 14:00:00,1.0
GBP_JPY,2017-01-23 22:00:00,2017-01-24 14:00:00,1.0
GBP_AUD,2017-01-24 06:00:00,2017-01-25 06:00:00,1.0
GBP_JPY,2017-01-24 10:00:00,2017-01-24 14:00:00,1.0
EUR_USD,2017-01-24 10:00:00,2017-01-30 10:00:00,1.0
EUR_PLN,2017-01-24 10:00:00,2017-01-27 14:00:00,1.0
NZD_USD,2017-01-24 18:00:00,2017-01-31 10:00:00,1.0
CAD_JPY,2017-01-25 18:00:00,2017-01-26 14:00:00,1.0
EUR_JPY,2017-01-25 18:00:00,2017-01-27 06:00:00,1.0
GBP_USD,2017-01-26 06:00:00,2017-01-30 10:00:00,-1.0
EUR_GBP,2017-01-26 14:00:00,2017-01-30 14:00:00,1.0
NZD_CAD,2017-01-26 18:00:00,2017-02-07 02:00:00,-1.0
EUR_NOK,2017-01-26 22:00:00,2017-02-15 22:00:00,0.837626050114127
EUR_USD,2017-01-27 06:00:00,2017-01-31 14:00:00,-1.0
CHF_JPY,2017-01-27 10:00:00,2017-01-31 14:00:00,-1.0
NZD_CHF,2017-01-27 10:00:00,2017-02-01 02:00:00,1.0
EUR_GBP,2017-01-29 22:00:00,2017-01-31 06:00:00,1.0
GBP_CHF,2017-01-30 10:00:00,2017-01-30 14:00:00,1.0
AUD_USD,2017-01-30 10:00:00,2017-02-01 22:00:00,1.0
EUR_GBP,2017-01-30 10:00:00,2017-01-31 06:00:00,1.0
USD_CHF,2017-01-31 06:00:00,2017-02-10 14:00:00,-1.0
CAD_CHF,2017-01-31 10:00:00,2017-02-10 10:00:00,-1.0
NZD_CAD,2017-01-31 14:00:00,2017-02-01 22:00:00,1.0
GBP_CAD,2017-01-31 14:00:00,2017-01-31 22:00:00,1.0
GBP_JPY,2017-01-31 14:00:00,2017-02-01 06:00:00,1.0
AUD_USD,2017-01-31 22:00:00,2017-02-02 02:00:00,1.0
USD_SGD,2017-02-01 10:00:00,2017-02-21 10:00:00,-0.5718567318635099
NZD_JPY,2017-02-02 10:00:00,2017-02-08 18:00:00,-1.0
EUR_JPY,2017-02-02 10:00:00,2017-02-06 10:00:00,-1.0
CHF_JPY,2017-02-02 10:00:00,2017-02-06 22:00:00,-1.0
EUR_JPY,2017-02-02 18:00:00,2017-02-06 10:00:00,-1.0
CHF_JPY,2017-02-02 18:00:00,2017-02-07 06:00:00,-1.0
NZD_CHF,2017-02-03 06:00:00,2017-02-07 02:00:00,-1.0
EUR_PLN,2017-02-05 22:00:00,2017-02-23 22:00:00,0.25716470124875307
CHF_JPY,2017-02-06 06:00:00,2017-02-22 06:00:00,-1.0
AUD_USD,2017-02-06 10:00:00,2017-02-15 22:00:00,1.0
NZD_USD,2017-02-07 06:00:00,2017-02-08 22:00:00,-1.0
AUD_USD,2017-02-07 06:00:00,2017-02-15 18:00:00,1.0
CHF_JPY,2017-02-07 14:00:00,2017-02-09 22:00:00,1.0
USD_NOK,2017-02-07 22:00:00,2017-02-10 10:00:00,1.0
CHF_JPY,2017-02-08 06:00:00,2017-02-09 22:00:00,1.0
EUR_JPY,2017-02-08 06:00:00,2017-02-09 22:00:00,1.0
NZD_CHF,2017-02-08 06:00:00,2017-02-08 18:00:00,1.0
USD_SEK,2017-02-08 10:00:00,2017-02-15 10:00:00,-1.0
USD_NOK,2017-02-08 22:00:00,2017-02-10 14:00:00,1.0
CHF_JPY,2017-02-09 10:00:00,2017-02-15 02:00:00,1.0
USD_ZAR,2017-02-09 14:00:00,2017-02-10 06:00:00,1.0
AUD_NZD,2017-02-09 18:00:00,2017-02-17 02:00:00,1.0
AUD_CAD,2017-02-09 22:00:00,2017-02-21 18:00:00,1.000000000000011
EUR_NOK,2017-02-09 22:00:00,2017-02-21 14:00:00,1.0
USD_CZK,2017-02-10 14:00:00,2017-02-15 10:00:00,1.0
GBP_CHF,2017-02-10 14:00:00,2017-02-17 06:00:00,1.0
USD_SGD,2017-02-10 18:00:00,2017-02-23 14:00:00,1.0
GBP_CHF,2017-02-12 22:00:00,2017-02-17 06:00:00,1.0
AUD_USD,2017-02-13 10:00:00,2017-02-23 14:00:00,1.0
USD_ZAR,2017-02-13 18:00:00,2017-02-14 06:00:00,1.0
GBP_JPY,2017-02-13 22:00:00,2017-02-17 06:00:00,-1.0
EUR_USD,2017-02-14 02:00:00,2017-02-22 06:00:00,1.0
GBP_USD,2017-02-14 06:00:00,2017-02-15 10:00:00,-1.0
NZD_JPY,2017-02-14 10:00:00,2017-02-15 06:00:00,1.0
CHF_JPY,2017-02-14 10:00:00,2017-02-22 06:00:00,-1.0
AUD_CAD,2017-02-14 10:00:00,2017-02-22 06:00:00,1.0
EUR_JPY,2017-02-14 10:00:00,2017-02-22 06:00:00,-1.0
USD_ZAR,2017-02-14 22:00:00,2017-02-15 06:00:00,1.0
EUR_NOK,2017-02-14 22:00:00,2017-02-21 14:00:00,1.0
EUR_USD,2017-02-15 02:00:00,2017-03-07 02:00:00,-0.03780003780003331
AUD_JPY,2017-02-15 10:00:00,2017-02-17 06:00:00,-1.0
AUD_CAD,2017-02-15 10:00:00,2017-02-22 06:00:00,1.000000000000011
GBP_CHF,2017-02-15 22:00:00,2017-02-17 06:00:00,1.0
EUR_JPY,2017-02-16 14:00:00,2017-02-22 06:00:00,-1.0
NZD_CAD,2017-02-16 14:00:00,2017-02-28 14:00:00,-1.0
AUD_NZD,2017-02-17 06:00:00,2017-03-03 14:00:00,1.0
NZD_CHF,2017-02-17 06:00:00,2017-02-22 22:00:00,-1.0
NZD_CAD,2017-02-19 22:00:00,2017-02-28 10:00:00,-1.0
NZD_JPY,2017-02-20 22:00:00,2017-03-03 02:00:00,-1.0
GBP_AUD,2017-02-21 10:00:00,2017-03-01 14:00:00,-1.0
GBP_CAD,2017-02-21 10:00:00,2017-02-28 14:00:00,1.0
AUD_USD,2017-02-21 14:00:00,2017-02-23 10:00:00,1.0
EUR_USD,2017-02-21 22:00:00,2017-03-10 14:00:00,-1.0
GBP_AUD,2017-02-22 06:00:00,2017-03-01 10:00:00,-1.0
USD_ZAR,2017-02-22 10:00:00,2017-02-22 18:00:00,1.0
AUD_USD,2017-02-22 18:00:00,2017-03-02 10:00:00,-1.0
EUR_JPY,2017-02-23 06:00:00,2017-03-03 10:00:00,1.0
USD_SEK,2017-02-23 06:00:00,2017-02-27 22:00:00,-1.0
USD_PLN,2017-02-23 06:00:00,2017-03-15 05:00:00,0.31557111751896666
GBP_AUD,2017-02-23 10:00:00,2017-02-24 10:00:00,1.0
NZD_CHF,2017-02-23 10:00:00,2017-02-28 22:00:00,1.0
EUR_AUD,2017-02-23 14:00:00,2017-03-02 14:00:00,-1.0
USD_PLN,2017-02-23 22:00:00,2017-03-15 17:00:00,1.0
AUD_USD,2017-02-23 22:00:00,2017-03-02 06:00:00,-1.0
AUD_USD,2017-02-24 06:00:00,2017-03-02 06:00:00,-1.0
GBP_USD,2017-02-24 06:00:00,2017-02-26 22:00:00,-1.0
AUD_NZD,2017-02-24 06:00:00,2017-03-01 10:00:00,1.0
USD_ZAR,2017-02-24 06:00:00,2017-02-28 14:00:00,-1.0
USD_HUF,2017-02-27 18:00:00,2017-03-02 14:00:00,-1.0
CHF_JPY,2017-02-27 22:00:00,2017-03-01 02:00:00,1.0
NZD_JPY,2017-02-28 06:00:00,2017-03-05 22:00:00,-1.0
EUR_JPY,2017-02-28 06:00:00,2017-03-02 06:00:00,1.0
CHF_JPY,2017-02-28 06:00:00,2017-03-01 02:00:00,1.0
EUR_USD,2017-02-28 10:00:00,2017-03-02 18:00:00,1.0
USD_NOK,2017-02-28 10:00:00,2017-03-02 06:00:00,1.0
USD_CZK,2017-02-28 22:00:00,2017-03-02 14:00:00,1.0
NZD_JPY,2017-03-01 06:00:00,2017-03-05 22:00:00,-1.0
USD_PLN,2017-03-01 10:00:00,2017-03-03 18:00:00,1.0
USD_NOK,2017-03-01 22:00:00,2017-03-02 14:00:00,1.0
EUR_AUD,2017-03-01 22:00:00,2017-03-02 22:00:00,-1.0
USD_ZAR,2017-03-02 06:00:00,2017-03-06 10:00:00,1.0
GBP_JPY,2017-03-02 10:00:00,2017-03-08 06:00:00,-1.0
CAD_CHF,2017-03-02 10:00:00,2017-03-09 10:00:00,1.0
EUR_GBP,2017-03-02 10:00:00,2017-03-06 06:00:00,1.0
USD_SGD,2017-03-03 10:00:00,2017-03-15 21:00:00,1.0
USD_ZAR,2017-03-03 10:00:00,2017-03-03 18:00:00,1.0
NZD_USD,2017-03-03 14:00:00,2017-03-08 06:00:00,-1.0
USD_CAD,2017-03-03 14:00:00,2017-03-15 21:00:00,1.0
AUD_JPY,2017-03-05 22:00:00,2017-03-15 17:00:00,1.0
USD_SGD,2017-03-06 22:00:00,2017-03-20 01:00:00,1.0
NZD_CHF,2017-03-07 10:00:00,2017-03-08 14:00:00,1.0
GBP_CHF,2017-03-08 18:00:00,2017-03-14 05:00:00,1.0
EUR_USD,2017-03-09 06:00:00,2017-03-10 14:00:00,-1.0
GBP_CHF,2017-03-09 10:00:00,2017-03-14 05:00:00,1.0
USD_CHF,2017-03-09 10:00:00,2017-03-15 17:00:00,1.0
CAD_JPY,2017-03-09 10:00:00,2017-03-10 10:00:00,1.0
AUD_JPY,2017-03-09 10:00:00,2017-03-10 06:00:00,1.0
USD_PLN,2017-03-09 10:00:00,2017-03-13 05:00:00,1.0
USD_SGD,2017-03-09 14:00:00,2017-03-15 17:00:00,1.0
GBP_USD,2017-03-09 14:00:00,2017-03-15 17:00:00,1.0
EUR_GBP,2017-03-09 18:00:00,2017-03-10 14:00:00,1.0
GBP_JPY,2017-03-09 22:00:00,2017-03-22 13:00:00,-1.0
USD_CHF,2017-03-10 06:00:00,2017-03-15 17:00:00,1.0
CAD_CHF,2017-03-10 06:00:00,2017-03-22 05:00:00,1.0
GBP_USD,2017-03-10 10:00:00,2017-03-15 17:00:00,1.0
USD_HUF,2017-03-10 10:00:00,2017-03-15 13:00:00,1.0
USD_NOK,2017-03-10 10:00:00,2017-03-16 05:00:00,-1.0
USD_CAD,2017-03-10 10:00:00,2017-03-15 17:00:00,1.0
USD_ZAR,2017-03-12 21:00:00,2017-03-15 09:00:00,1.0
USD_CHF,2017-03-13 05:00:00,2017-03-15 17:00:00,1.0
USD_PLN,2017-03-13 05:00:00,2017-03-15 17:00:00,1.0
GBP_JPY,2017-03-13 21:00:00,2017-03-16 05:00:00,-1.0
USD_ZAR,2017-03-14 05:00:00,2017-03-15 13:00:00,1.0
GBP_CHF,2017-03-14 17:00:00,2017-03-20 05:00:00,-1.0
USD_PLN,2017-03-15 09:00:00,2017-03-15 17:00:00,1.0
USD_CHF,2017-03-15 09:00:00,2017-03-15 17:00:00,1.0
NZD_CHF,2017-03-15 09:00:00,2017-03-27 05:00:00,1.0
EUR_NOK,2017-03-15 13:00:00,2017-03-27 13:00:00,-1.0
USD_CHF,2017-03-15 17:00:00,2017-03-15 21:00:00,1.0
NZD_USD,2017-03-15 17:00:00,2017-03-15 21:00:00,1.0
GBP_USD,2017-03-15 17:00:00,2017-03-16 09:00:00,1.0
USD_PLN,2017-03-15 17:00:00,2017-03-15 21:00:00,1.0
EUR_PLN,2017-03-15 17:00:00,2017-03-20 13:00:00,1.0
AUD_USD,2017-03-16 09:00:00,2017-03-28 05:00:00,-1.0
USD_SEK,2017-03-16 09:00:00,2017-03-17 09:00:00,1.0
NZD_JPY,2017-03-16 09:00:00,2017-03-22 01:00:00,-1.0
AUD_CAD,2017-03-16 09:00:00,2017-03-20 09:00:00,1.0
EUR_JPY,2017-03-16 13:00:00,2017-03-22 05:00:00,-1.0
USD_SGD,2017-03-16 21:00:00,2017-04-05 21:00:00,0.15965218630838449
AUD_CAD,2017-03-16 21:00:00,2017-03-20 09:00:00,1.0
AUD_USD,2017-03-17 05:00:00,2017-03-20 05:00:00,1.0
USD_PLN,2017-03-17 09:00:00,2017-03-21 01:00:00,1.000000000000011
GBP_AUD,2017-03-17 09:00:00,2017-03-21 17:00:00,1.0
AUD_USD,2017-03-19 21:00:00,2017-03-24 01:00:00,-1.0
USD_CAD,2017-03-20 05:00:00,2017-04-07 05:00:00,-0.37480978403461207
USD_PLN,2017-03-20 09:00:00,2017-03-21 09:00:00,1.0
EUR_USD,2017-03-21 05:00:00,2017-03-27 09:00:00,-1.0
CAD_CHF,2017-03-21 09:00:00,2017-03-22 13:00:00,1.0
USD_NOK,2017-03-21 13:00:00,2017-03-22 05:00:00,1.0
USD_SEK,2017-03-21 17:00:00,2017-03-29 13:00:00,-1.0
GBP_AUD,2017-03-22 09:00:00,2017-03-23 09:00:00,1.0
CAD_JPY,2017-03-22 13:00:00,2017-03-30 13:00:00,1.0
EUR_NOK,2017-03-23 05:00:00,2017-03-27 13:00:00,-1.0
USD_ZAR,2017-03-24 09:00:00,2017-03-27 05:00:00,1.0
AUD_USD,2017-03-24 09:00:00,2017-04-07 01:00:00,-1.0
AUD_JPY,2017-03-24 17:00:00,2017-03-29 21:00:00,1.0
USD_SEK,2017-03-24 17:00:00,2017-03-30 13:00:00,-1.0
CHF_JPY,2017-03-24 17:00:00,2017-04-03 13:00:00,-1.0
NZD_JPY,2017-03-24 17:00:00,2017-04-04 01:00:00,-1.0
USD_SEK,2017-03-27 09:00:00,2017-03-29 05:00:00,-1.0
CAD_CHF,2017-03-27 21:00:00,2017-03-29 09:00:00,-1.0
USD_PLN,2017-03-27 21:00:00,2017-03-31 05:00:00,-1.0
GBP_AUD,2017-03-27 21:00:00,2017-03-28 17:00:00,-1.0
USD_PLN,2017-03-28 05:00:00,2017-03-31 09:00:00,-1.0
USD_CHF,2017-03-28 05:00:00,2017-03-29 09:00:00,-1.0
EUR_NOK,2017-03-28 09:00:00,2017-04-03 05:00:00,1.0
EUR_JPY,2017-03-28 09:00:00,2017-03-31 17:00:00,-1.0
NZD_JPY,2017-03-29 05:00:00,2017-04-04 05:00:00,-1.0
AUD_JPY,2017-03-29 09:00:00,2017-03-30 21:00:00,1.0
USD_SGD,2017-03-29 21:00:00,2017-04-18 21:00:00,-0.03367485849394358
USD_JPY,2017-03-30 13:00:00,2017-03-30 21:00:00,1.0
AUD_NZD,2017-03-30 13:00:00,2017-04-07 01:00:00,-1.0
USD_SGD,2017-03-31 09:00:00,2017-04-20 09:00:00,0.10655186716057012
EUR_USD,2017-03-31 13:00:00,2017-04-07 17:00:00,1.0
USD_NOK,2017-03-31 13:00:00,2017-04-07 17:00:00,1.0
USD_SGD,2017-03-31 17:00:00,2017-04-20 17:00:00,0.013588414089033602
NZD_CHF,2017-04-03 17:00:00,2017-04-21 17:00:00,0.10104891621479076
NZD_CHF,2017-04-04 21:00:00,2017-04-24 21:00:00,0.20436454060851109
NZD_CHF,2017-04-05 05:00:00,2017-04-25 05:00:00,1.0
USD_NOK,2017-04-06 05:00:00,2017-04-18 17:00:00,-1.0
GBP_CHF,2017-04-06 13:00:00,2017-04-18 09:00:00,-1.0
USD_SGD,2017-04-06 21:00:00,2017-04-26 21:00:00,0.5373547039916797
NZD_JPY,2017-04-07 01:00:00,2017-04-11 13:00:00,-1.0
GBP_AUD,2017-04-07 05:00:00,2017-04-11 13:00:00,1.0
USD_CZK,2017-04-07 09:00:00,2017-04-11 05:00:00,1.0
USD_ZAR,2017-04-07 09:00:00,2017-04-10 21:00:00,-1.0
EUR_USD,2017-04-07 09:00:00,2017-04-20 05:00:00,-1.0
AUD_JPY,2017-04-07 09:00:00,2017-04-11 13:00:00,-1.0
EUR_CAD,2017-04-07 09:00:00,2017-04-10 09:00:00,1.0
NZD_CAD,2017-04-07 09:00:00,2017-04-11 01:00:00,1.0
USD_NOK,2017-04-07 09:00:00,2017-04-18 17:00:00,-1.0
EUR_PLN,2017-04-07 17:00:00,2017-04-13 21:00:00,-1.0
EUR_GBP,2017-04-09 21:00:00,2017-04-16 21:00:00,-1.0
CAD_CHF,2017-04-10 05:00:00,2017-04-18 13:00:00,1.0
NZD_CHF,2017-04-10 05:00:00,2017-04-25 05:00:00,1.0
CAD_JPY,2017-04-10 13:00:00,2017-04-11 13:00:00,-1.0
GBP_AUD,2017-04-10 17:00:00,2017-04-12 13:00:00,1.0
USD_SGD,2017-04-10 17:00:00,2017-04-24 09:00:00,1.0
AUD_USD,2017-04-11 01:00:00,2017-04-13 01:00:00,1.0
GBP_AUD,2017-04-11 05:00:00,2017-04-11 13:00:00,1.0
USD_CZK,2017-04-11 09:00:00,2017-04-17 21:00:00,-1.0
USD_CHF,2017-04-11 17:00:00,2017-04-18 13:00:00,1.0
NZD_CHF,2017-04-11 21:00:00,2017-04-25 05:00:00,1.0
GBP_AUD,2017-04-12 05:00:00,2017-04-18 09:00:00,1.0
CAD_CHF,2017-04-12 05:00:00,2017-04-18 09:00:00,1.0
USD_CHF,2017-04-12 09:00:00,2017-04-18 13:00:00,1.0
AUD_USD,2017-04-12 09:00:00,2017-04-13 01:00:00,1.0
NZD_JPY,2017-04-12 09:00:00,2017-04-19 21:00:00,1.0
USD_PLN,2017-04-12 09:00:00,2017-04-18 09:00:00,0.9999999999999889
EUR_JPY,2017-04-12 17:00:00,2017-04-16 21:00:00,-1.0
GBP_JPY,2017-04-12 17:00:00,2017-04-18 09:00:00,1.0
CAD_JPY,2017-04-12 17:00:00,2017-04-16 21:00:00,-1.0
USD_CHF,2017-04-12 17:00:00,2017-04-18 13:00:00,1.0
NZD_JPY,2017-04-12 17:00:00,2017-04-13 09:00:00,1.0
CHF_JPY,2017-04-12 17:00:00,2017-04-20 13:00:00,1.0
EUR_JPY,2017-04-13 05:00:00,2017-04-20 05:00:00,1.0
USD_PLN,2017-04-13 05:00:00,2017-04-18 17:00:00,1.000000000000011
USD_ZAR,2017-04-13 05:00:00,2017-04-17 13:00:00,1.0
AUD_JPY,2017-04-14 05:00:00,2017-04-19 01:00:00,-1.0
EUR_NOK,2017-04-14 09:00:00,2017-04-19 21:00:00,-1.0
USD_NOK,2017-04-14 17:00:00,2017-04-21 09:00:00,1.0
EUR_NOK,2017-04-14 17:00:00,2017-04-19 21:00:00,-1.0
USD_PLN,2017-04-16 21:00:00,2017-04-18 09:00:00,0.9999999999999889
USD_CZK,2017-04-16 21:00:00,2017-04-23 21:00:00,-1.0
EUR_PLN,2017-04-16 21:00:00,2017-05-01 09:00:00,1.0
USD_PLN,2017-04-17 09:00:00,2017-04-18 09:00:00,1.0
EUR_GBP,2017-04-17 09:00:00,2017-04-18 13:00:00,-1.0
NZD_CHF,2017-04-18 05:00:00,2017-04-20 09:00:00,1.0
GBP_USD,2017-04-18 09:00:00,2017-04-18 13:00:00,1.0
USD_SGD,2017-04-18 09:00:00,2017-05-08 09:00:00,-0.3972308153948387
GBP_JPY,2017-04-18 09:00:00,2017-04-18 13:00:00,1.0
NZD_JPY,2017-04-18 13:00:00,2017-04-23 21:00:00,1.0
EUR_GBP,2017-04-19 09:00:00,2017-04-23 21:00:00,1.0
GBP_CHF,2017-04-19 09:00:00,2017-05-09 05:00:00,-1.0
USD_SEK,2017-04-19 09:00:00,2017-04-23 21:00:00,1.0
USD_CHF,2017-04-19 13:00:00,2017-05-04 13:00:00,1.000000000000011
NZD_JPY,2017-04-19 13:00:00,2017-04-23 21:00:00,1.0
CHF_JPY,2017-04-19 21:00:00,2017-04-23 21:00:00,1.0
USD_SEK,2017-04-19 21:00:00,2017-04-23 21:00:00,1.0
USD_CHF,2017-04-19 21:00:00,2017-05-04 13:00:00,0.9999999999999889
CHF_JPY,2017-04-20 17:00:00,2017-04-23 21:00:00,1.0
EUR_JPY,2017-04-20 17:00:00,2017-04-23 21:00:00,1.0
NZD_USD,2017-04-21 09:00:00,2017-04-26 01:00:00,-1.0
GBP_USD,2017-04-21 09:00:00,2017-04-27 05:00:00,1.0
USD_ZAR,2017-04-21 09:00:00,2017-04-23 21:00:00,1.0
USD_CHF,2017-04-21 09:00:00,2017-05-03 09:00:00,0.9999999999999889
USD_NOK,2017-04-24 05:00:00,2017-04-26 17:00:00,1.0
EUR_GBP,2017-04-25 09:00:00,2017-05-09 13:00:00,-1.0
GBP_USD,2017-04-26 13:00:00,2017-04-28 05:00:00,1.0
AUD_CAD,2017-04-27 09:00:00,2017-05-01 05:00:00,1.0
GBP_AUD,2017-04-28 05:00:00,2017-05-02 01:00:00,-1.0
AUD_USD,2017-04-28 09:00:00,2017-05-01 21:00:00,1.0
NZD_JPY,2017-04-28 13:00:00,2017-05-01 13:00:00,1.0
NZD_JPY,2017-04-30 21:00:00,2017-05-01 13:00:00,1.0
USD_NOK,2017-05-01 09:00:00,2017-05-04 05:00:00,1.0
USD_CAD,2017-05-01 13:00:00,2017-05-19 13:00:00,1.0
USD_ZAR,2017-05-01 21:00:00,2017-05-02 05:00:00,1.0
EUR_GBP,2017-05-02 05:00:00,2017-05-16 05:00:00,1.0
CHF_JPY,2017-05-02 21:00:00,2017-05-04 09:00:00,1.0
GBP_CAD,2017-05-03 01:00:00,2017-05-16 09:00:00,-1.0
GBP_JPY,2017-05-03 01:00:00,2017-05-05 17:00:00,1.0
USD_ZAR,2017-05-03 05:00:00,2017-05-04 05:00:00,-1.0
EUR_GBP,2017-05-03 05:00:00,2017-05-16 05:00:00,1.0
CHF_JPY,2017-05-03 21:00:00,2017-05-16 05:00:00,1.0
USD_NOK,2017-05-05 05:00:00,2017-05-05 13:00:00,-1.0
GBP_CHF,2017-05-05 05:00:00,2017-05-08 09:00:00,-1.0
EUR_GBP,2017-05-05 05:00:00,2017-05-09 13:00:00,-1.0
CAD_CHF,2017-05-05 05:00:00,2017-05-05 17:00:00,-1.0
USD_SEK,2017-05-05 09:00:00,2017-05-10 21:00:00,-1.0
EUR_PLN,2017-05-05 17:00:00,2017-05-16 17:00:00,1.0
EUR_NOK,2017-05-08 13:00:00,2017-05-10 13:00:00,1.0
GBP_CAD,2017-05-09 05:00:00,2017-05-16 09:00:00,-1.0
CAD_JPY,2017-05-09 17:00:00,2017-05-17 13:00:00,-1.0
AUD_USD,2017-05-09 17:00:00,2017-05-12 09:00:00,1.0
EUR_USD,2017-05-09 21:00:00,2017-05-16 05:00:00,-1.0
CHF_JPY,2017-05-10 09:00:00,2017-05-15 13:00:00,1.0
AUD_CAD,2017-05-10 13:00:00,2017-05-30 13:00:00,-0.4122689658589704
GBP_JPY,2017-05-11 05:00:00,2017-05-12 05:00:00,-1.0
USD_CHF,2017-05-11 09:00:00,2017-05-12 13:00:00,1.0
USD_CAD,2017-05-11 09:00:00,2017-05-15 09:00:00,1.0
AUD_CAD,2017-05-11 09:00:00,2017-05-31 09:00:00,-0.5750260248847497
USD_HUF,2017-05-11 09:00:00,2017-05-15 05:00:00,1.0
EUR_CAD,2017-05-11 13:00:00,2017-05-16 09:00:00,-1.0
EUR_AUD,2017-05-11 13:00:00,2017-05-16 09:00:00,-1.0
NZD_CHF,2017-05-11 17:00:00,2017-05-16 05:00:00,1.0
AUD_USD,2017-05-12 05:00:00,2017-05-15 13:00:00,1.0
USD_ZAR,2017-05-12 05:00:00,2017-05-15 09:00:00,1.0
USD_SGD,2017-05-14 21:00:00,2017-05-17 13:00:00,1.0
EUR_PLN,2017-05-14 21:00:00,2017-05-16 05:00:00,1.0
GBP_CAD,2017-05-15 01:00:00,2017-05-18 09:00:00,1.0
GBP_AUD,2017-05-15 05:00:00,2017-05-26 09:00:00,-1.0
USD_JPY,2017-05-15 09:00:00,2017-05-17 09:00:00,-1.0
AUD_JPY,2017-05-15 21:00:00,2017-05-16 21:00:00,-1.0
NZD_JPY,2017-05-15 21:00:00,2017-05-17 09:00:00,-1.0
AUD_USD,2017-05-16 01:00:00,2017-05-22 13:00:00,1.0
USD_ZAR,2017-05-16 09:00:00,2017-05-16 17:00:00,1.0
AUD_CAD,2017-05-16 09:00:00,2017-06-01 01:00:00,-1.0
EUR_PLN,2017-05-16 09:00:00,2017-06-05 09:00:00,0.1461521982338004
USD_SGD,2017-05-16 09:00:00,2017-05-19 13:00:00,1.0
GBP_CAD,2017-05-16 09:00:00,2017-05-18 05:00:00,1.0
GBP_CAD,2017-05-16 17:00:00,2017-05-18 05:00:00,1.0
USD_SEK,2017-05-16 21:00:00,2017-05-22 09:00:00,1.0
USD_HUF,2017-05-16 21:00:00,2017-05-19 09:00:00,1.0
GBP_USD,2017-05-17 05:00:00,2017-05-18 05:00:00,1.0
NZD_USD,2017-05-17 05:00:00,2017-05-22 05:00:00,1.0
AUD_USD,2017-05-17 05:00:00,2017-05-22 13:00:00,1.0
USD_SGD,2017-05-17 13:00:00,2017-05-26 09:00:00,1.0
AUD_USD,2017-05-17 13:00:00,2017-05-18 01:00:00,1.0
GBP_CHF,2017-05-18 01:00:00,2017-05-25 13:00:00,1.0
USD_SGD,2017-05-18 05:00:00,2017-06-07 05:00:00,0.8275980976738131
EUR_NOK,2017-05-18 05:00:00,2017-06-01 09:00:00,-1.0
USD_CAD,2017-05-18 17:00:00,2017-05-22 09:00:00,1.0
GBP_JPY,2017-05-18 17:00:00,2017-05-26 09:00:00,-1.0
NZD_CHF,2017-05-19 17:00:00,2017-05-22 21:00:00,-1.0
EUR_NOK,2017-05-21 21:00:00,2017-06-01 09:00:00,-1.0
USD_PLN,2017-05-21 21:00:00,2017-05-25 01:00:00,1.0
EUR_PLN,2017-05-21 21:00:00,2017-05-25 13:00:00,1.0
USD_SGD,2017-05-21 21:00:00,2017-06-08 21:00:00,0.269675884197991
GBP_USD,2017-05-22 05:00:00,2017-05-26 09:00:00,-1.0
EUR_AUD,2017-05-22 09:00:00,2017-06-01 01:00:00,-1.0
AUD_CAD,2017-05-22 09:00:00,2017-06-01 09:00:00,-1.0
EUR_JPY,2017-05-23 05:00:00,2017-05-29 21:00:00,-1.0
CAD_CHF,2017-05-23 09:00:00,2017-05-31 13:00:00,1.0
CAD_JPY,2017-05-23 13:00:00,2017-05-24 13:00:00,1.0
CAD_CHF,2017-05-23 17:00:00,2017-06-02 09:00:00,1.0
EUR_JPY,2017-05-24 09:00:00,2017-05-29 21:00:00,-1.0
CHF_JPY,2017-05-24 09:00:00,2017-05-30 01:00:00,-1.0
GBP_USD,2017-05-24 09:00:00,2017-05-26 09:00:00,-1.0
USD_CHF,2017-05-24 09:00:00,2017-05-31 13:00:00,1.0
EUR_PLN,2017-05-24 21:00:00,2017-06-13 21:00:00,-0.2371926706748133
USD_PLN,2017-05-24 21:00:00,2017-06-02 17:00:00,1.0
NZD_JPY,2017-05-25 05:00:00,2017-06-08 09:00:00,1.0
AUD_JPY,2017-05-25 05:00:00,2017-05-26 05:00:00,-1.0
AUD_USD,2017-05-25 05:00:00,2017-05-30 01:00:00,-1.0
AUD_NZD,2017-05-25 05:00:00,2017-05-26 09:00:00,-1.0
GBP_AUD,2017-05-25 21:00:00,2017-05-30 21:00:00,-1.0
NZD_CHF,2017-05-26 05:00:00,2017-05-29 13:00:00,-1.0
USD_SEK,2017-05-26 17:00:00,2017-06-02 17:00:00,1.0
EUR_NOK,2017-05-28 21:00:00,2017-05-31 13:00:00,-1.0
AUD_USD,2017-05-28 21:00:00,2017-06-06 13:00:00,1.0
GBP_AUD,2017-05-30 05:00:00,2017-06-01 01:00:00,1.0
GBP_JPY,2017-05-30 21:00:00,2017-06-01 13:00:00,1.0
EUR_JPY,2017-05-30 21:00:00,2017-06-01 13:00:00,1.0
CAD_CHF,2017-05-30 21:00:00,2017-05-31 13:00:00,1.0
CHF_JPY,2017-05-30 21:00:00,2017-06-01 01:00:00,1.0
AUD_CAD,2017-05-31 01:00:00,2017-06-07 01:00:00,0.9999999999999889
AUD_USD,2017-05-31 01:00:00,2017-06-01 09:00:00,-1.0
CHF_JPY,2017-05-31 05:00:00,2017-06-01 13:00:00,1.0
GBP_JPY,2017-05-31 05:00:00,2017-06-01 13:00:00,1.0
EUR_JPY,2017-05-31 05:00:00,2017-06-01 21:00:00,1.0
USD_SGD,2017-05-31 21:00:00,2017-06-20 21:00:00,-0.4191023982773468
USD_PLN,2017-05-31 21:00:00,2017-06-12 21:00:00,-1.0
USD_CHF,2017-06-01 05:00:00,2017-06-21 05:00:00,-0.5501821897870459
NZD_CHF,2017-06-01 05:00:00,2017-06-06 09:00:00,-1.0
USD_SGD,2017-06-01 05:00:00,2017-06-21 05:00:00,-0.4390335485175462
USD_PLN,2017-06-01 05:00:00,2017-06-09 05:00:00,-1.0
USD_SEK,2017-06-01 05:00:00,2017-06-20 13:00:00,-1.0
CAD_CHF,2017-06-01 05:00:00,2017-06-12 17:00:00,-1.0
EUR_AUD,2017-06-01 09:00:00,2017-06-05 09:00:00,1.0
EUR_NOK,2017-06-01 09:00:00,2017-06-07 13:00:00,-1.0
CAD_JPY,2017-06-01 09:00:00,2017-06-06 09:00:00,-1.0
GBP_USD,2017-06-01 09:00:00,2017-06-08 05:00:00,1.0
AUD_JPY,2017-06-01 09:00:00,2017-06-07 17:00:00,1.0
AUD_JPY,2017-06-01 17:00:00,2017-06-07 17:00:00,1.0
USD_PLN,2017-06-02 09:00:00,2017-06-15 09:00:00,-1.0
CAD_CHF,2017-06-04 21:00:00,2017-06-09 13:00:00,-1.0
USD_SGD,2017-06-05 09:00:00,2017-06-23 09:00:00,-0.3465188957694354
USD_HUF,2017-06-05 09:00:00,2017-06-15 09:00:00,-1.0
USD_CHF,2017-06-05 09:00:00,2017-06-15 09:00:00,-1.0
AUD_CAD,2017-06-06 05:00:00,2017-06-07 01:00:00,1.0
USD_ZAR,2017-06-08 05:00:00,2017-06-09 17:00:00,-1.0
EUR_GBP,2017-06-08 13:00:00,2017-06-08 21:00:00,1.0
NZD_USD,2017-06-08 13:00:00,2017-06-14 09:00:00,1.0
CHF_JPY,2017-06-09 05:00:00,2017-06-20 05:00:00,1.0
EUR_GBP,2017-06-09 09:00:00,2017-06-12 09:00:00,1.0
EUR_PLN,2017-06-11 21:00:00,2017-06-15 13:00:00,-1.0
NZD_JPY,2017-06-12 13:00:00,2017-06-14 05:00:00,1.0
AUD_JPY,2017-06-12 13:00:00,2017-06-14 09:00:00,1.0
USD_ZAR,2017-06-12 21:00:00,2017-06-14 09:00:00,1.0
NZD_CHF,2017-06-14 01:00:00,2017-06-14 13:00:00,-1.0
USD_CZK,2017-06-14 09:00:00,2017-06-15 09:00:00,1.0
AUD_JPY,2017-06-14 21:00:00,2017-06-15 13:00:00,1.0
USD_SGD,2017-06-16 17:00:00,2017-07-06 17:00:00,0.12282083330323319
USD_CHF,2017-06-18 21:00:00,2017-06-27 13:00:00,1.0
EUR_NOK,2017-06-18 21:00:00,2017-06-27 21:00:00,-1.0
USD_SGD,2017-06-19 05:00:00,2017-07-07 05:00:00,0.07442250305277388
USD_NOK,2017-06-19 09:00:00,2017-06-20 13:00:00,1.0
EUR_JPY,2017-06-19 09:00:00,2017-06-27 05:00:00,1.0
NZD_CHF,2017-06-20 01:00:00,2017-06-27 05:00:00,-1.0
EUR_GBP,2017-06-21 09:00:00,2017-07-11 09:00:00,0.4960159814760153
USD_SGD,2017-06-21 13:00:00,2017-06-30 01:00:00,1.0
USD_HUF,2017-06-21 13:00:00,2017-06-27 05:00:00,1.0
CHF_JPY,2017-06-21 21:00:00,2017-06-27 09:00:00,1.0
GBP_AUD,2017-06-21 21:00:00,2017-06-27 17:00:00,1.0
USD_SEK,2017-06-21 21:00:00,2017-06-27 05:00:00,1.0
EUR_JPY,2017-06-21 21:00:00,2017-06-27 01:00:00,1.0
NZD_JPY,2017-06-21 21:00:00,2017-06-23 05:00:00,1.0
CHF_JPY,2017-06-22 05:00:00,2017-06-27 01:00:00,1.0
EUR_JPY,2017-06-22 05:00:00,2017-06-26 17:00:00,1.0
EUR_GBP,2017-06-22 05:00:00,2017-07-11 13:00:00,1.0
GBP_AUD,2017-06-22 09:00:00,2017-06-27 17:00:00,1.0
AUD_JPY,2017-06-22 13:00:00,2017-06-26 09:00:00,1.0
CAD_CHF,2017-06-23 09:00:00,2017-06-27 17:00:00,1.0
USD_SGD,2017-06-23 17:00:00,2017-07-13 17:00:00,0.9391667867954396
USD_ZAR,2017-06-23 17:00:00,2017-06-26 13:00:00,1.0
EUR_NOK,2017-06-23 17:00:00,2017-06-27 21:00:00,-1.0
EUR_USD,2017-06-26 09:00:00,2017-06-27 13:00:00,-1.0
CHF_JPY,2017-06-26 09:00:00,2017-06-27 09:00:00,1.0
EUR_AUD,2017-06-26 13:00:00,2017-06-27 13:00:00,-1.0
USD_ZAR,2017-06-26 17:00:00,2017-06-27 13:00:00,-1.0
USD_SEK,2017-06-26 21:00:00,2017-06-27 13:00:00,1.0
USD_SGD,2017-06-26 21:00:00,2017-07-13 17:00:00,1.0
EUR_AUD,2017-06-27 05:00:00,2017-06-27 13:00:00,-1.0
AUD_JPY,2017-06-27 13:00:00,2017-06-28 17:00:00,1.0
USD_SGD,2017-06-27 21:00:00,2017-07-13 21:00:00,1.0
GBP_USD,2017-06-28 05:00:00,2017-06-28 13:00:00,1.0
GBP_JPY,2017-06-28 05:00:00,2017-06-28 13:00:00,1.0
AUD_JPY,2017-06-28 05:00:00,2017-06-29 01:00:00,1.0
USD_PLN,2017-06-28 09:00:00,2017-06-30 09:00:00,1.0
USD_HUF,2017-06-28 09:00:00,2017-06-29 17:00:00,1.0
GBP_CAD,2017-06-28 09:00:00,2017-07-07 09:00:00,-1.0
USD_SEK,2017-06-28 09:00:00,2017-06-28 21:00:00,1.0
GBP_AUD,2017-06-29 01:00:00,2017-07-06 09:00:00,1.0
NZD_JPY,2017-06-29 05:00:00,2017-07-03 17:00:00,1.0
CHF_JPY,2017-06-29 05:00:00,2017-07-07 01:00:00,1.0
USD_CHF,2017-06-29 05:00:00,2017-07-05 09:00:00,-1.0
USD_HUF,2017-06-29 09:00:00,2017-07-11 13:00:00,1.0
EUR_CAD,2017-06-29 13:00:00,2017-07-03 13:00:00,1.0
EUR_JPY,2017-06-30 05:00:00,2017-07-06 09:00:00,1.000000000000011
EUR_USD,2017-06-30 17:00:00,2017-07-05 09:00:00,1.0
USD_SGD,2017-06-30 17:00:00,2017-07-20 17:00:00,0.755667506297234
USD_PLN,2017-07-02 21:00:00,2017-07-03 21:00:00,-1.0
CAD_JPY,2017-07-02 21:00:00,2017-07-04 09:00:00,1.0
USD_SEK,2017-07-02 21:00:00,2017-07-04 05:00:00,-1.0
EUR_GBP,2017-07-03 05:00:00,2017-07-07 09:00:00,1.0
GBP_CHF,2017-07-03 09:00:00,2017-07-12 01:00:00,1.0
GBP_AUD,2017-07-03 17:00:00,2017-07-06 09:00:00,1.0
AUD_NZD,2017-07-04 01:00:00,2017-07-12 01:00:00,1.0
USD_ZAR,2017-07-04 09:00:00,2017-07-05 09:00:00,-1.0
GBP_CHF,2017-07-04 09:00:00,2017-07-12 05:00:00,1.0
USD_ZAR,2017-07-05 05:00:00,2017-07-05 09:00:00,-1.0
NZD_CHF,2017-07-05 09:00:00,2017-07-11 17:00:00,1.0
CAD_CHF,2017-07-05 09:00:00,2017-07-12 13:00:00,-1.0
USD_SEK,2017-07-05 09:00:00,2017-07-06 17:00:00,1.0
NZD_CHF,2017-07-05 17:00:00,2017-07-11 17:00:00,1.0
USD_NOK,2017-07-05 17:00:00,2017-07-11 17:00:00,-1.0
GBP_AUD,2017-07-06 01:00:00,2017-07-11 17:00:00,-1.0
AUD_CAD,2017-07-06 05:00:00,2017-07-12 13:00:00,-1.0
GBP_CAD,2017-07-06 05:00:00,2017-07-07 13:00:00,-1.0
GBP_CHF,2017-07-06 09:00:00,2017-07-11 17:00:00,1.0
NZD_USD,2017-07-06 09:00:00,2017-07-13 09:00:00,1.0
EUR_GBP,2017-07-06 09:00:00,2017-07-07 09:00:00,1.0
GBP_USD,2017-07-06 13:00:00,2017-07-14 13:00:00,1.0
GBP_CAD,2017-07-06 13:00:00,2017-07-10 13:00:00,-1.0
NZD_CHF,2017-07-06 21:00:00,2017-07-13 09:00:00,-1.0
GBP_CAD,2017-07-07 05:00:00,2017-07-07 09:00:00,-1.0
USD_NOK,2017-07-07 09:00:00,2017-07-11 21:00:00,-1.0
USD_NOK,2017-07-09 21:00:00,2017-07-11 21:00:00,-1.0
USD_ZAR,2017-07-09 21:00:00,2017-07-10 05:00:00,1.0
EUR_NOK,2017-07-10 09:00:00,2017-07-13 09:00:00,1.0
USD_NOK,2017-07-10 13:00:00,2017-07-12 09:00:00,-1.0
GBP_JPY,2017-07-10 13:00:00,2017-07-12 05:00:00,-1.0
EUR_USD,2017-07-11 05:00:00,2017-07-18 01:00:00,-1.0
USD_SEK,2017-07-12 05:00:00,2017-07-14 09:00:00,1.0
EUR_GBP,2017-07-12 05:00:00,2017-07-13 05:00:00,-1.0
AUD_JPY,2017-07-12 13:00:00,2017-07-13 09:00:00,1.0
GBP_JPY,2017-07-13 01:00:00,2017-07-14 13:00:00,1.0
AUD_NZD,2017-07-13 09:00:00,2017-07-14 13:00:00,1.0
AUD_JPY,2017-07-14 09:00:00,2017-07-18 05:00:00,1.0
USD_SEK,2017-07-16 21:00:00,2017-07-20 13:00:00,1.0
USD_ZAR,2017-07-16 21:00:00,2017-07-17 09:00:00,1.0
AUD_USD,2017-07-17 13:00:00,2017-07-18 01:00:00,1.0
AUD_CAD,2017-07-17 13:00:00,2017-07-18 01:00:00,1.0
NZD_USD,2017-07-17 13:00:00,2017-07-20 13:00:00,1.0
USD_SGD,2017-07-17 21:00:00,2017-07-26 17:00:00,1.0
AUD_CAD,2017-07-17 21:00:00,2017-07-18 01:00:00,1.0
CAD_CHF,2017-07-18 05:00:00,2017-07-26 09:00:00,-1.0
USD_CAD,2017-07-18 13:00:00,2017-07-24 13:00:00,1.0
AUD_CAD,2017-07-19 13:00:00,2017-07-25 01:00:00,-1.0
AUD_CAD,2017-07-20 01:00:00,2017-07-23 21:00:00,-1.0
AUD_USD,2017-07-20 01:00:00,2017-07-27 01:00:00,1.0
GBP_CHF,2017-07-20 09:00:00,2017-07-20 13:00:00,1.0
CAD_CHF,2017-07-21 05:00:00,2017-07-26 09:00:00,-1.0
NZD_USD,2017-07-23 21:00:00,2017-07-26 17:00:00,1.0
GBP_JPY,2017-07-24 05:00:00,2017-07-25 09:00:00,1.0
NZD_CHF,2017-07-24 05:00:00,2017-07-26 09:00:00,-1.0
GBP_USD,2017-07-24 21:00:00,2017-07-27 01:00:00,1.0
GBP_JPY,2017-07-25 01:00:00,2017-07-26 13:00:00,1.0
AUD_JPY,2017-07-25 01:00:00,2017-07-25 21:00:00,1.0
NZD_JPY,2017-07-25 01:00:00,2017-07-26 13:00:00,1.0
USD_CAD,2017-07-25 05:00:00,2017-08-04 13:00:00,-1.0
USD_SEK,2017-07-25 05:00:00,2017-07-28 05:00:00,1.0
EUR_USD,2017-07-25 09:00:00,2017-07-31 13:00:00,-1.0
EUR_NOK,2017-07-26 13:00:00,2017-08-11 05:00:00,-1.0
USD_SEK,2017-07-26 13:00:00,2017-07-27 01:00:00,1.0
EUR_PLN,2017-07-26 21:00:00,2017-08-13 21:00:00,-1.0
USD_CHF,2017-07-27 05:00:00,2017-07-27 13:00:00,-1.0
USD_ZAR,2017-07-27 05:00:00,2017-07-27 13:00:00,-1.0
EUR_NOK,2017-07-27 05:00:00,2017-08-01 13:00:00,-1.0
USD_HUF,2017-07-27 05:00:00,2017-07-31 13:00:00,1.0
USD_CAD,2017-07-27 05:00:00,2017-08-02 01:00:00,-1.0
AUD_CAD,2017-07-27 13:00:00,2017-08-08 09:00:00,0.9999999999999889
EUR_USD,2017-07-28 01:00:00,2017-07-31 13:00:00,-1.0
GBP_CAD,2017-07-28 05:00:00,2017-08-01 13:00:00,1.0
USD_PLN,2017-07-31 09:00:00,2017-07-31 17:00:00,1.0
EUR_JPY,2017-07-31 09:00:00,2017-08-02 01:00:00,1.0
AUD_JPY,2017-08-01 01:00:00,2017-08-08 17:00:00,-1.0
GBP_USD,2017-08-01 05:00:00,2017-08-04 13:00:00,-1.0
EUR_GBP,2017-08-01 13:00:00,2017-08-03 09:00:00,1.0
CHF_JPY,2017-08-01 21:00:00,2017-08-08 21:00:00,-1.0
CAD_CHF,2017-08-02 05:00:00,2017-08-09 01:00:00,1.0
USD_SEK,2017-08-02 09:00:00,2017-08-09 05:00:00,-1.0
USD_HUF,2017-08-02 09:00:00,2017-08-04 13:00:00,-1.0
USD_SEK,2017-08-02 17:00:00,2017-08-06 21:00:00,-1.0
USD_SGD,2017-08-02 17:00:00,2017-08-22 17:00:00,-0.2250711622057022
GBP_CHF,2017-08-04 09:00:00,2017-08-09 01:00:00,1.0
CAD_CHF,2017-08-04 09:00:00,2017-08-09 01:00:00,1.0
CHF_JPY,2017-08-04 09:00:00,2017-08-24 09:00:00,-0.0977035270092954
EUR_NOK,2017-08-04 17:00:00,2017-08-24 05:00:00,1.0
EUR_USD,2017-08-08 09:00:00,2017-08-09 13:00:00,1.0
GBP_CAD,2017-08-09 09:00:00,2017-08-16 17:00:00,-1.0
EUR_JPY,2017-08-09 13:00:00,2017-08-15 01:00:00,0.9999999999999889
USD_SEK,2017-08-09 13:00:00,2017-08-10 17:00:00,1.0
EUR_USD,2017-08-09 17:00:00,2017-08-25 13:00:00,-1.0
USD_SEK,2017-08-09 21:00:00,2017-08-11 17:00:00,1.0
GBP_CHF,2017-08-09 21:00:00,2017-08-17 05:00:00,1.0
AUD_CAD,2017-08-09 21:00:00,2017-08-24 05:00:00,-1.0
AUD_USD,2017-08-09 21:00:00,2017-08-17 05:00:00,1.0
GBP_CAD,2017-08-10 09:00:00,2017-08-16 17:00:00,-1.0
GBP_AUD,2017-08-10 13:00:00,2017-08-16 13:00:00,-1.0
USD_PLN,2017-08-10 21:00:00,2017-08-25 09:00:00,1.0
GBP_CAD,2017-08-11 05:00:00,2017-08-16 05:00:00,-1.0
AUD_USD,2017-08-11 09:00:00,2017-08-16 17:00:00,1.0
AUD_JPY,2017-08-11 09:00:00,2017-08-13 21:00:00,1.0
AUD_CAD,2017-08-11 13:00:00,2017-08-24 05:00:00,-1.0
EUR_NOK,2017-08-11 17:00:00,2017-08-16 05:00:00,1.0
EUR_GBP,2017-08-13 21:00:00,2017-08-22 05:00:00,1.0
CHF_JPY,2017-08-13 21:00:00,2017-08-27 21:00:00,1.0
EUR_USD,2017-08-14 05:00:00,2017-08-15 09:00:00,1.0
NZD_JPY,2017-08-14 09:00:00,2017-08-23 01:00:00,-1.0
GBP_JPY,2017-08-14 21:00:00,2017-08-17 21:00:00,-1.0
AUD_JPY,2017-08-15 13:00:00,2017-08-16 13:00:00,1.0
CHF_JPY,2017-08-16 09:00:00,2017-08-29 05:00:00,1.0
USD_SGD,2017-08-16 09:00:00,2017-08-28 09:00:00,1.0
USD_SEK,2017-08-17 05:00:00,2017-08-25 13:00:00,1.000000000000011
GBP_USD,2017-08-17 05:00:00,2017-09-05 13:00:00,1.0
USD_CAD,2017-08-17 05:00:00,2017-08-25 09:00:00,1.0
CHF_JPY,2017-08-17 05:00:00,2017-08-29 09:00:00,1.0
USD_SGD,2017-08-17 05:00:00,2017-09-06 05:00:00,0.8601535517082117
GBP_CHF,2017-08-17 09:00:00,2017-08-24 05:00:00,1.0
NZD_CAD,2017-08-17 13:00:00,2017-08-22 09:00:00,1.0
GBP_CHF,2017-08-18 01:00:00,2017-08-28 21:00:00,1.0
GBP_AUD,2017-08-18 05:00:00,2017-09-07 05:00:00,0.08528287532134421
USD_SGD,2017-08-20 21:00:00,2017-09-01 09:00:00,1.0
NZD_JPY,2017-08-21 13:00:00,2017-08-23 09:00:00,-1.0
GBP_JPY,2017-08-21 13:00:00,2017-08-29 17:00:00,1.0
AUD_NZD,2017-08-21 13:00:00,2017-08-23 05:00:00,1.0
AUD_JPY,2017-08-21 13:00:00,2017-08-29 17:00:00,1.0
USD_NOK,2017-08-22 13:00:00,2017-08-25 09:00:00,-1.0
EUR_USD,2017-08-22 21:00:00,2017-08-25 13:00:00,-1.0
EUR_GBP,2017-08-23 05:00:00,2017-08-25 17:00:00,1.0
GBP_CHF,2017-08-23 05:00:00,2017-08-25 17:00:00,1.0
EUR_NOK,2017-08-23 13:00:00,2017-08-25 09:00:00,1.0
USD_PLN,2017-08-23 17:00:00,2017-08-25 13:00:00,1.0
EUR_NOK,2017-08-24 05:00:00,2017-09-11 13:00:00,-1.0
GBP_CHF,2017-08-24 05:00:00,2017-08-29 09:00:00,1.0
USD_SEK,2017-08-24 05:00:00,2017-08-25 13:00:00,1.000000000000011
USD_CZK,2017-08-24 09:00:00,2017-08-25 17:00:00,-1.0
NZD_JPY,2017-08-24 13:00:00,2017-08-29 17:00:00,1.0
GBP_CHF,2017-08-25 09:00:00,2017-08-29 09:00:00,1.0
GBP_AUD,2017-08-25 13:00:00,2017-08-28 21:00:00,1.0
EUR_PLN,2017-08-25 17:00:00,2017-09-14 17:00:00,-0.48336396907784235
AUD_JPY,2017-08-27 21:00:00,2017-08-28 21:00:00,-1.0
NZD_JPY,2017-08-27 21:00:00,2017-08-30 01:00:00,1.0
EUR_NOK,2017-08-28 05:00:00,2017-08-28 21:00:00,-1.0
AUD_CAD,2017-08-28 09:00:00,2017-08-30 01:00:00,1.0
CHF_JPY,2017-08-28 21:00:00,2017-08-30 05:00:00,1.0
GBP_JPY,2017-08-29 05:00:00,2017-08-29 17:00:00,1.0
EUR_GBP,2017-08-29 17:00:00,2017-08-31 01:00:00,-1.0
USD_SEK,2017-08-29 17:00:00,2017-08-31 09:00:00,-1.0
USD_ZAR,2017-08-29 21:00:00,2017-09-01 09:00:00,1.0
USD_ZAR,2017-08-30 05:00:00,2017-09-01 09:00:00,1.0
EUR_NOK,2017-08-30 05:00:00,2017-09-11 13:00:00,-1.0
GBP_JPY,2017-08-30 09:00:00,2017-09-11 09:00:00,1.0
CAD_CHF,2017-08-30 09:00:00,2017-09-01 09:00:00,-1.0
NZD_CHF,2017-08-30 17:00:00,2017-09-01 09:00:00,1.0
CAD_CHF,2017-08-30 17:00:00,2017-09-01 05:00:00,-1.0
EUR_NOK,2017-08-30 17:00:00,2017-09-11 13:00:00,-1.0
EUR_USD,2017-08-31 05:00:00,2017-09-07 09:00:00,-1.0
GBP_CAD,2017-08-31 05:00:00,2017-08-31 13:00:00,-1.0
USD_CHF,2017-08-31 09:00:00,2017-09-01 09:00:00,1.0
USD_CAD,2017-08-31 09:00:00,2017-08-31 13:00:00,1.0
USD_SEK,2017-08-31 09:00:00,2017-09-07 09:00:00,0.9999999999999889
EUR_USD,2017-09-01 09:00:00,2017-09-07 09:00:00,-1.0
USD_NOK,2017-09-01 09:00:00,2017-09-11 13:00:00,1.0
USD_SGD,2017-09-04 17:00:00,2017-09-07 09:00:00,1.0
USD_CHF,2017-09-05 05:00:00,2017-09-07 21:00:00,1.0
NZD_CHF,2017-09-05 05:00:00,2017-09-05 13:00:00,-1.0
GBP_CHF,2017-09-05 05:00:00,2017-09-06 21:00:00,-1.0
CAD_CHF,2017-09-05 05:00:00,2017-09-06 13:00:00,-1.0
CHF_JPY,2017-09-05 05:00:00,2017-09-15 05:00:00,1.0
EUR_NOK,2017-09-05 17:00:00,2017-09-11 09:00:00,-1.0
EUR_PLN,2017-09-05 21:00:00,2017-09-13 21:00:00,-1.0
USD_PLN,2017-09-05 21:00:00,2017-09-07 09:00:00,1.0
NZD_JPY,2017-09-06 01:00:00,2017-09-11 21:00:00,1.0
GBP_JPY,2017-09-06 05:00:00,2017-09-10 21:00:00,1.0
AUD_JPY,2017-09-06 09:00:00,2017-09-06 17:00:00,1.0
AUD_USD,2017-09-06 09:00:00,2017-09-07 21:00:00,1.0
NZD_CHF,2017-09-06 21:00:00,2017-09-12 05:00:00,-1.0
GBP_CHF,2017-09-07 09:00:00,2017-09-12 05:00:00,-1.0
EUR_JPY,2017-09-07 09:00:00,2017-09-12 05:00:00,1.0
EUR_GBP,2017-09-07 09:00:00,2017-09-12 05:00:00,-1.0
NZD_JPY,2017-09-07 13:00:00,2017-09-08 01:00:00,1.0
USD_ZAR,2017-09-07 13:00:00,2017-09-11 17:00:00,-1.0
USD_ZAR,2017-09-07 21:00:00,2017-09-08 17:00:00,-1.0
EUR_GBP,2017-09-08 05:00:00,2017-09-11 09:00:00,-1.0
USD_ZAR,2017-09-08 05:00:00,2017-09-08 13:00:00,-1.0
EUR_JPY,2017-09-08 05:00:00,2017-09-12 13:00:00,1.0
USD_CHF,2017-09-08 13:00:00,2017-09-12 09:00:00,-1.0
USD_CHF,2017-09-10 21:00:00,2017-09-11 17:00:00,-1.0
GBP_USD,2017-09-10 21:00:00,2017-09-13 05:00:00,1.0
NZD_CAD,2017-09-12 05:00:00,2017-09-12 13:00:00,-1.0
CAD_CHF,2017-09-12 09:00:00,2017-09-18 17:00:00,1.0
AUD_USD,2017-09-12 17:00:00,2017-09-20 17:00:00,1.0
AUD_JPY,2017-09-13 01:00:00,2017-09-15 09:00:00,1.0
USD_SEK,2017-09-13 05:00:00,2017-09-13 17:00:00,-1.0
CHF_JPY,2017-09-13 05:00:00,2017-09-15 09:00:00,1.0
GBP_AUD,2017-09-13 05:00:00,2017-09-14 09:00:00,1.0
NZD_CHF,2017-09-13 13:00:00,2017-09-20 05:00:00,-1.0
NZD_CHF,2017-09-14 05:00:00,2017-09-20 05:00:00,-1.0
EUR_USD,2017-09-14 05:00:00,2017-09-19 05:00:00,-1.0
USD_HUF,2017-09-14 09:00:00,2017-09-19 13:00:00,1.0
USD_SEK,2017-09-14 09:00:00,2017-09-15 09:00:00,1.0
USD_PLN,2017-09-14 09:00:00,2017-09-15 09:00:00,1.0
EUR_JPY,2017-09-14 17:00:00,2017-09-15 09:00:00,1.0
NZD_CHF,2017-09-15 01:00:00,2017-09-18 01:00:00,-1.0
USD_CHF,2017-09-15 05:00:00,2017-09-21 05:00:00,-1.0
EUR_NOK,2017-09-15 09:00:00,2017-09-21 05:00:00,1.0
USD_HUF,2017-09-15 13:00:00,2017-09-20 05:00:00,1.0
EUR_PLN,2017-09-15 13:00:00,2017-09-27 17:00:00,-1.0
EUR_NOK,2017-09-17 21:00:00,2017-09-25 09:00:00,1.0
GBP_USD,2017-09-17 21:00:00,2017-09-26 09:00:00,-1.0
USD_CHF,2017-09-17 21:00:00,2017-09-20 17:00:00,-1.0
USD_PLN,2017-09-17 21:00:00,2017-09-26 05:00:00,-1.0
USD_SGD,2017-09-17 21:00:00,2017-09-27 09:00:00,-1.0
USD_SEK,2017-09-17 21:00:00,2017-09-25 13:00:00,-1.0
USD_ZAR,2017-09-18 05:00:00,2017-09-18 21:00:00,-1.0
AUD_USD,2017-09-18 05:00:00,2017-09-20 17:00:00,1.0
NZD_USD,2017-09-18 05:00:00,2017-09-20 05:00:00,1.0
USD_SGD,2017-09-18 05:00:00,2017-09-27 05:00:00,-1.0
GBP_AUD,2017-09-18 09:00:00,2017-09-21 13:00:00,1.0
GBP_AUD,2017-09-19 05:00:00,2017-09-21 13:00:00,1.0
CAD_CHF,2017-09-19 05:00:00,2017-09-22 09:00:00,-1.0
GBP_CAD,2017-09-19 05:00:00,2017-09-28 13:00:00,1.0
GBP_CHF,2017-09-19 09:00:00,2017-09-21 05:00:00,-1.0
USD_PLN,2017-09-19 21:00:00,2017-09-25 13:00:00,-1.0
AUD_USD,2017-09-19 21:00:00,2017-09-20 17:00:00,1.0
GBP_CHF,2017-09-20 05:00:00,2017-09-21 05:00:00,-1.0
EUR_GBP,2017-09-20 05:00:00,2017-09-25 09:00:00,-1.0
AUD_NZD,2017-09-20 05:00:00,2017-10-10 05:00:00,0.7729433205425205
EUR_JPY,2017-09-20 05:00:00,2017-09-25 13:00:00,-1.0
GBP_CAD,2017-09-20 09:00:00,2017-09-21 13:00:00,1.0
GBP_JPY,2017-09-20 09:00:00,2017-09-20 17:00:00,1.0
GBP_AUD,2017-09-20 09:00:00,2017-09-21 05:00:00,1.0
USD_NOK,2017-09-20 17:00:00,2017-09-20 21:00:00,1.0
NZD_USD,2017-09-20 17:00:00,2017-09-21 21:00:00,-1.0
USD_CHF,2017-09-21 09:00:00,2017-09-25 13:00:00,1.0
GBP_USD,2017-09-21 09:00:00,2017-09-28 05:00:00,-1.0
CAD_CHF,2017-09-21 13:00:00,2017-09-25 13:00:00,1.0
USD_PLN,2017-09-24 21:00:00,2017-09-25 13:00:00,-1.0
AUD_CAD,2017-09-26 05:00:00,2017-09-27 01:00:00,-1.0
GBP_JPY,2017-09-26 09:00:00,2017-10-05 05:00:00,-1.0
EUR_USD,2017-09-27 01:00:00,2017-10-06 09:00:00,1.0
NZD_JPY,2017-09-27 05:00:00,2017-10-05 17:00:00,-1.0
GBP_AUD,2017-09-27 05:00:00,2017-10-03 21:00:00,-1.0
AUD_JPY,2017-09-28 01:00:00,2017-10-06 01:00:00,-1.0
EUR_USD,2017-09-28 05:00:00,2017-10-11 17:00:00,-1.0
USD_SGD,2017-09-29 01:00:00,2017-10-19 01:00:00,-0.0036792029374834077
CHF_JPY,2017-09-29 09:00:00,2017-10-13 05:00:00,-1.0
NZD_CHF,2017-09-29 09:00:00,2017-10-06 09:00:00,1.0
USD_CHF,2017-10-01 21:00:00,2017-10-05 13:00:00,-1.0
USD_PLN,2017-10-01 21:00:00,2017-10-02 21:00:00,-1.0
USD_HUF,2017-10-01 21:00:00,2017-10-02 21:00:00,-1.0
GBP_AUD,2017-10-02 05:00:00,2017-10-03 17:00:00,-1.0
GBP_CHF,2017-10-03 01:00:00,2017-10-05 21:00:00,1.0
EUR_NOK,2017-10-03 05:00:00,2017-10-16 13:00:00,1.0
AUD_JPY,2017-10-03 13:00:00,2017-10-08 21:00:00,-1.0
CAD_JPY,2017-10-03 13:00:00,2017-10-16 09:00:00,-1.0
CHF_JPY,2017-10-04 05:00:00,2017-10-15 21:00:00,-1.0
EUR_GBP,2017-10-04 13:00:00,2017-10-05 21:00:00,1.0
GBP_AUD,2017-10-04 17:00:00,2017-10-19 05:00:00,-1.0
USD_ZAR,2017-10-04 21:00:00,2017-10-06 05:00:00,-1.0
AUD_USD,2017-10-06 09:00:00,2017-10-12 05:00:00,1.0
USD_SGD,2017-10-06 09:00:00,2017-10-10 21:00:00,1.0
CHF_JPY,2017-10-09 09:00:00,2017-10-27 09:00:00,-1.0
USD_SEK,2017-10-09 13:00:00,2017-10-11 13:00:00,1.0
AUD_JPY,2017-10-09 17:00:00,2017-10-13 13:00:00,1.0
CHF_JPY,2017-10-09 21:00:00,2017-10-27 09:00:00,-1.0
GBP_JPY,2017-10-10 13:00:00,2017-10-20 13:00:00,1.0
CHF_JPY,2017-10-10 13:00:00,2017-10-27 09:00:00,-1.0
NZD_CAD,2017-10-10 13:00:00,2017-10-13 09:00:00,-1.0
EUR_JPY,2017-10-10 13:00:00,2017-10-20 01:00:00,1.0
NZD_CHF,2017-10-10 21:00:00,2017-10-13 05:00:00,-1.0
USD_SEK,2017-10-10 21:00:00,2017-10-15 21:00:00,-1.0
USD_SGD,2017-10-11 01:00:00,2017-10-27 05:00:00,-1.0
GBP_USD,2017-10-11 01:00:00,2017-10-13 13:00:00,1.0
USD_CHF,2017-10-11 01:00:00,2017-10-20 17:00:00,-1.0
GBP_AUD,2017-10-11 05:00:00,2017-10-19 05:00:00,-1.0
USD_CHF,2017-10-11 09:00:00,2017-10-22 21:00:00,-1.0
GBP_USD,2017-10-11 09:00:00,2017-10-13 05:00:00,1.0
AUD_JPY,2017-10-11 13:00:00,2017-10-13 13:00:00,1.0
EUR_GBP,2017-10-11 21:00:00,2017-10-16 05:00:00,-1.0
USD_CHF,2017-10-11 21:00:00,2017-10-20 01:00:00,-1.0
GBP_AUD,2017-10-12 05:00:00,2017-10-19 05:00:00,-1.0
NZD_USD,2017-10-12 09:00:00,2017-10-13 09:00:00,1.0
USD_ZAR,2017-10-12 09:00:00,2017-10-13 05:00:00,1.0
NZD_JPY,2017-10-13 01:00:00,2017-10-18 17:00:00,1.0
GBP_CAD,2017-10-13 09:00:00,2017-10-23 13:00:00,1.0
NZD_JPY,2017-10-13 09:00:00,2017-10-16 21:00:00,1.0
AUD_USD,2017-10-13 09:00:00,2017-10-24 21:00:00,-1.0
EUR_NOK,2017-10-13 09:00:00,2017-10-25 09:00:00,-1.0
EUR_USD,2017-10-13 09:00:00,2017-10-18 09:00:00,1.0
GBP_CAD,2017-10-13 17:00:00,2017-10-19 05:00:00,-1.0
AUD_NZD,2017-10-15 21:00:00,2017-10-19 01:00:00,1.0
USD_CHF,2017-10-15 21:00:00,2017-10-22 21:00:00,-1.0
USD_NOK,2017-10-16 09:00:00,2017-10-19 05:00:00,1.0
GBP_AUD,2017-10-16 09:00:00,2017-10-25 01:00:00,1.0
USD_CZK,2017-10-16 09:00:00,2017-10-26 01:00:00,-1.0
GBP_AUD,2017-10-16 17:00:00,2017-10-19 21:00:00,-1.0
USD_PLN,2017-10-17 05:00:00,2017-10-26 13:00:00,-1.0
NZD_CHF,2017-10-17 05:00:00,2017-10-19 01:00:00,1.0
CAD_JPY,2017-10-17 13:00:00,2017-10-18 09:00:00,1.0
NZD_CHF,2017-10-18 17:00:00,2017-10-19 05:00:00,1.0
GBP_AUD,2017-10-19 05:00:00,2017-10-24 05:00:00,1.0
USD_NOK,2017-10-19 05:00:00,2017-10-25 05:00:00,0.9999999999999888
CAD_CHF,2017-10-19 21:00:00,2017-10-25 13:00:00,1.0
GBP_CHF,2017-10-20 01:00:00,2017-10-20 17:00:00,-1.0
CHF_JPY,2017-10-20 01:00:00,2017-10-27 09:00:00,-1.0
EUR_GBP,2017-10-20 05:00:00,2017-10-22 21:00:00,-1.0
NZD_CHF,2017-10-20 17:00:00,2017-10-25 13:00:00,1.0
GBP_USD,2017-10-23 05:00:00,2017-11-01 05:00:00,1.0
GBP_JPY,2017-10-23 05:00:00,2017-11-01 05:00:00,1.0
GBP_AUD,2017-10-23 09:00:00,2017-10-25 01:00:00,1.0
USD_SGD,2017-10-23 17:00:00,2017-11-10 18:00:00,0.12615797619134553
GBP_USD,2017-10-24 05:00:00,2017-10-27 05:00:00,-1.0
USD_NOK,2017-10-24 09:00:00,2017-10-26 09:00:00,1.0
EUR_USD,2017-10-24 13:00:00,2017-10-26 17:00:00,1.0
EUR_JPY,2017-10-25 05:00:00,2017-10-27 13:00:00,-1.0
CAD_CHF,2017-10-25 13:00:00,2017-10-25 17:00:00,1.0
AUD_CAD,2017-10-25 13:00:00,2017-10-26 09:00:00,1.0
USD_SEK,2017-10-25 17:00:00,2017-10-26 13:00:00,-1.0
USD_SEK,2017-10-26 05:00:00,2017-10-26 13:00:00,-1.0
GBP_CHF,2017-10-26 09:00:00,2017-10-31 13:00:00,-1.0
EUR_NOK,2017-10-27 09:00:00,2017-11-07 06:00:00,1.0
AUD_USD,2017-10-27 09:00:00,2017-11-02 01:00:00,1.0
USD_SEK,2017-10-27 09:00:00,2017-11-05 22:00:00,-1.0
GBP_CHF,2017-10-27 09:00:00,2017-10-31 13:00:00,-1.0
AUD_JPY,2017-10-27 13:00:00,2017-11-02 01:00:00,1.0
AUD_JPY,2017-10-29 21:00:00,2017-11-02 13:00:00,1.0
USD_CHF,2017-10-30 05:00:00,2017-11-14 18:00:00,1.0
AUD_CAD,2017-10-30 09:00:00,2017-11-09 10:00:00,-1.0
NZD_CHF,2017-10-30 13:00:00,2017-11-01 05:00:00,-1.0
GBP_JPY,2017-10-30 21:00:00,2017-10-31 13:00:00,1.0
CAD_CHF,2017-10-31 09:00:00,2017-11-03 09:00:00,-1.0
CHF_JPY,2017-10-31 09:00:00,2017-11-14 14:00:00,1.0
USD_NOK,2017-11-01 05:00:00,2017-11-15 10:00:00,1.0
CHF_JPY,2017-11-01 09:00:00,2017-11-21 10:00:00,-0.5581983183836772
USD_SEK,2017-11-01 09:00:00,2017-11-05 22:00:00,-1.0
EUR_PLN,2017-11-01 13:00:00,2017-11-21 14:00:00,0.41777932947715607
USD_JPY,2017-11-01 13:00:00,2017-11-15 06:00:00,-1.0
AUD_USD,2017-11-01 17:00:00,2017-11-14 22:00:00,-1.0
USD_SGD,2017-11-01 17:00:00,2017-11-21 18:00:00,0.49849863078064227
CAD_JPY,2017-11-01 17:00:00,2017-11-03 09:00:00,1.0
USD_PLN,2017-11-01 21:00:00,2017-11-14 06:00:00,1.0
EUR_PLN,2017-11-01 21:00:00,2017-11-21 22:00:00,0.49934928987722127
USD_HUF,2017-11-02 05:00:00,2017-11-14 14:00:00,1.0
USD_CZK,2017-11-02 09:00:00,2017-11-03 17:00:00,1.0
USD_PLN,2017-11-02 13:00:00,2017-11-05 22:00:00,-1.0
EUR_JPY,2017-11-02 13:00:00,2017-11-19 22:00:00,-1.0
USD_NOK,2017-11-02 21:00:00,2017-11-14 14:00:00,1.0
EUR_JPY,2017-11-03 05:00:00,2017-11-08 10:00:00,-1.0
USD_NOK,2017-11-03 09:00:00,2017-11-14 14:00:00,1.0
EUR_USD,2017-11-03 09:00:00,2017-11-14 14:00:00,-1.0
EUR_USD,2017-11-06 02:00:00,2017-11-14 10:00:00,-1.0
USD_SGD,2017-11-06 06:00:00,2017-11-22 06:00:00,1.0
NZD_CHF,2017-11-06 06:00:00,2017-11-14 02:00:00,1.0
AUD_JPY,2017-11-06 14:00:00,2017-11-14 14:00:00,-1.0
AUD_USD,2017-11-06 14:00:00,2017-11-15 02:00:00,-1.0
USD_SGD,2017-11-06 14:00:00,2017-11-22 06:00:00,1.0
AUD_CAD,2017-11-07 22:00:00,2017-11-14 22:00:00,-1.0
NZD_CHF,2017-11-08 06:00:00,2017-11-14 02:00:00,1.0
NZD_JPY,2017-11-08 14:00:00,2017-11-08 18:00:00,1.0
AUD_USD,2017-11-08 22:00:00,2017-11-14 22:00:00,-1.0
AUD_CAD,2017-11-08 22:00:00,2017-11-14 22:00:00,-1.0
USD_PLN,2017-11-08 22:00:00,2017-11-10 14:00:00,1.0
GBP_CHF,2017-11-09 02:00:00,2017-11-14 10:00:00,1.0
AUD_USD,2017-11-09 06:00:00,2017-11-14 22:00:00,-1.0
EUR_PLN,2017-11-09 22:00:00,2017-11-29 06:00:00,1.0
NZD_CHF,2017-11-10 10:00:00,2017-11-14 02:00:00,1.0
NZD_CHF,2017-11-10 18:00:00,2017-11-14 02:00:00,1.0
USD_SEK,2017-11-13 06:00:00,2017-11-17 10:00:00,-1.0
USD_SGD,2017-11-13 06:00:00,2017-11-22 18:00:00,1.0
AUD_USD,2017-11-13 06:00:00,2017-11-15 22:00:00,-1.0
CAD_CHF,2017-11-13 10:00:00,2017-11-14 14:00:00,1.0
CAD_CHF,2017-11-13 22:00:00,2017-11-15 06:00:00,1.0
AUD_CAD,2017-11-13 22:00:00,2017-12-03 22:00:00,-0.3175617853571124
USD_CAD,2017-11-14 14:00:00,2017-11-30 06:00:00,-1.0
CHF_JPY,2017-11-15 06:00:00,2017-11-17 14:00:00,-1.0
AUD_JPY,2017-11-15 14:00:00,2017-11-17 14:00:00,-1.0
EUR_PLN,2017-11-15 14:00:00,2017-11-22 14:00:00,1.0
USD_PLN,2017-11-15 22:00:00,2017-11-22 18:00:00,1.0
USD_ZAR,2017-11-15 22:00:00,2017-11-16 06:00:00,1.0
GBP_CAD,2017-11-17 10:00:00,2017-11-27 14:00:00,1.0
USD_CHF,2017-11-17 10:00:00,2017-11-22 14:00:00,0.9999999999999888
USD_SGD,2017-11-20 22:00:00,2017-11-27 10:00:00,1.0
USD_SGD,2017-11-21 18:00:00,2017-12-11 18:00:00,0.22800557838891156
AUD_USD,2017-11-22 02:00:00,2017-12-05 02:00:00,1.0
NZD_USD,2017-11-22 02:00:00,2017-11-22 18:00:00,1.0
NZD_JPY,2017-11-22 02:00:00,2017-12-03 22:00:00,1.0
CAD_CHF,2017-11-22 10:00:00,2017-11-27 22:00:00,1.0
EUR_GBP,2017-11-22 10:00:00,2017-11-24 14:00:00,1.0
NZD_JPY,2017-11-22 14:00:00,2017-11-28 06:00:00,1.0
EUR_PLN,2017-11-22 18:00:00,2017-12-12 18:00:00,0.132991648314133
AUD_CAD,2017-11-22 22:00:00,2017-11-28 14:00:00,1.0
NZD_JPY,2017-11-22 22:00:00,2017-11-28 02:00:00,1.0
USD_SGD,2017-11-23 06:00:00,2017-12-13 06:00:00,-0.3500600738685986
NZD_CHF,2017-11-23 14:00:00,2017-12-08 10:00:00,-1.0
CAD_CHF,2017-11-23 22:00:00,2017-11-29 14:00:00,1.0
USD_PLN,2017-11-24 06:00:00,2017-11-27 06:00:00,1.0
CAD_CHF,2017-11-24 10:00:00,2017-11-30 10:00:00,1.0
CAD_CHF,2017-11-24 18:00:00,2017-11-30 10:00:00,1.0
NZD_CHF,2017-11-24 18:00:00,2017-11-28 14:00:00,-1.0
GBP_CAD,2017-11-26 22:00:00,2017-11-28 18:00:00,1.0
GBP_USD,2017-11-26 22:00:00,2017-11-29 22:00:00,1.0
AUD_USD,2017-11-28 02:00:00,2017-12-07 06:00:00,-1.0
GBP_CAD,2017-11-28 06:00:00,2017-11-29 06:00:00,1.0
GBP_AUD,2017-11-28 10:00:00,2017-11-29 06:00:00,1.0
NZD_CHF,2017-11-28 10:00:00,2017-11-29 22:00:00,1.0
CHF_JPY,2017-11-28 14:00:00,2017-11-30 18:00:00,1.0
NZD_CHF,2017-11-28 18:00:00,2017-11-29 22:00:00,1.0
USD_SGD,2017-11-29 02:00:00,2017-12-19 02:00:00,-0.07055014258555198
AUD_JPY,2017-11-29 02:00:00,2017-12-01 14:00:00,1.0
AUD_CAD,2017-11-29 02:00:00,2017-12-04 10:00:00,-1.0
USD_PLN,2017-11-29 10:00:00,2017-12-07 22:00:00,-1.0
USD_CHF,2017-11-29 10:00:00,2017-12-01 14:00:00,1.0
CAD_CHF,2017-11-29 10:00:00,2017-12-04 10:00:00,-1.0
CHF_JPY,2017-11-29 10:00:00,2017-11-30 14:00:00,1.0
USD_ZAR,2017-11-29 10:00:00,2017-11-30 14:00:00,1.0
AUD_JPY,2017-11-30 14:00:00,2017-12-04 02:00:00,1.0
EUR_JPY,2017-12-01 06:00:00,2017-12-06 06:00:00,-1.0
GBP_AUD,2017-12-01 06:00:00,2017-12-01 14:00:00,-1.0
USD_SGD,2017-12-01 18:00:00,2017-12-21 18:00:00,0.25152846204071805
USD_SEK,2017-12-01 18:00:00,2017-12-07 14:00:00,-1.0
GBP_USD,2017-12-04 14:00:00,2017-12-22 14:00:00,-0.29582491933741295
AUD_CAD,2017-12-04 18:00:00,2017-12-12 14:00:00,1.0
USD_ZAR,2017-12-05 06:00:00,2017-12-07 14:00:00,-1.0
USD_ZAR,2017-12-05 14:00:00,2017-12-07 14:00:00,-1.0
USD_SEK,2017-12-06 06:00:00,2017-12-07 10:00:00,-1.0
USD_NOK,2017-12-06 10:00:00,2017-12-08 06:00:00,1.0
GBP_CAD,2017-12-06 14:00:00,2017-12-06 18:00:00,1.0
GBP_USD,2017-12-07 10:00:00,2017-12-08 02:00:00,1.0
USD_NOK,2017-12-07 10:00:00,2017-12-11 06:00:00,1.0
GBP_JPY,2017-12-07 10:00:00,2017-12-07 18:00:00,1.0
GBP_CAD,2017-12-07 10:00:00,2017-12-07 18:00:00,1.0
CHF_JPY,2017-12-07 10:00:00,2017-12-19 18:00:00,1.0
GBP_AUD,2017-12-07 10:00:00,2017-12-07 18:00:00,1.0
EUR_USD,2017-12-07 18:00:00,2017-12-28 02:00:00,-1.0
GBP_CAD,2017-12-08 06:00:00,2017-12-11 10:00:00,-1.0
GBP_USD,2017-12-08 06:00:00,2017-12-11 18:00:00,-1.0
GBP_AUD,2017-12-08 06:00:00,2017-12-11 10:00:00,-1.0
CHF_JPY,2017-12-08 10:00:00,2017-12-20 14:00:00,1.0
USD_JPY,2017-12-08 10:00:00,2017-12-14 18:00:00,-1.0
CAD_CHF,2017-12-08 10:00:00,2017-12-13 18:00:00,1.0
CAD_JPY,2017-12-08 14:00:00,2017-12-15 18:00:00,-1.0
USD_CAD,2017-12-08 14:00:00,2017-12-14 18:00:00,1.0
EUR_JPY,2017-12-08 14:00:00,2017-12-20 14:00:00,1.0
USD_HUF,2017-12-10 22:00:00,2017-12-19 14:00:00,1.0
NZD_CAD,2017-12-10 22:00:00,2017-12-11 06:00:00,-1.0
EUR_USD,2017-12-11 14:00:00,2017-12-28 02:00:00,-1.0
USD_SGD,2017-12-11 18:00:00,2017-12-28 02:00:00,1.0
USD_CHF,2017-12-11 18:00:00,2017-12-28 06:00:00,0.9999999999999888
USD_CHF,2017-12-12 10:00:00,2017-12-28 06:00:00,1.000000000000011
USD_HUF,2017-12-12 10:00:00,2017-12-19 14:00:00,1.0
GBP_CHF,2017-12-12 10:00:00,2018-01-03 10:00:00,0.1048684617531891
CAD_CHF,2017-12-12 10:00:00,2017-12-19 10:00:00,1.0
EUR_CAD,2017-12-12 14:00:00,2017-12-19 14:00:00,-1.0
CAD_CHF,2017-12-13 06:00:00,2017-12-21 14:00:00,-1.0
GBP_CAD,2017-12-13 10:00:00,2017-12-27 06:00:00,-1.0
GBP_JPY,2017-12-13 10:00:00,2017-12-29 14:00:00,1.0
USD_CAD,2017-12-13 14:00:00,2017-12-14 18:00:00,1.0
GBP_JPY,2017-12-13 18:00:00,2017-12-29 14:00:00,1.0
CAD_CHF,2017-12-14 06:00:00,2017-12-14 18:00:00,-1.0
NZD_JPY,2017-12-14 10:00:00,2017-12-21 10:00:00,1.0
USD_SGD,2017-12-14 14:00:00,2018-01-01 22:00:00,1.0
NZD_CHF,2017-12-15 10:00:00,2017-12-19 18:00:00,1.0
CAD_CHF,2017-12-15 14:00:00,2017-12-15 18:00:00,1.0
GBP_CHF,2017-12-17 22:00:00,2018-01-08 22:00:00,-0.3692270443677763
GBP_AUD,2017-12-18 02:00:00,2017-12-27 14:00:00,-1.0
GBP_USD,2017-12-18 10:00:00,2017-12-29 06:00:00,1.0
GBP_JPY,2017-12-18 10:00:00,2017-12-20 10:00:00,1.0
NZD_CHF,2017-12-19 06:00:00,2017-12-27 06:00:00,-1.0
USD_ZAR,2017-12-19 10:00:00,2017-12-19 14:00:00,1.0
USD_CHF,2017-12-19 10:00:00,2017-12-29 06:00:00,1.0
USD_PLN,2017-12-19 22:00:00,2017-12-27 14:00:00,1.0
NZD_CHF,2017-12-20 06:00:00,2017-12-22 06:00:00,-1.0
EUR_CAD,2017-12-20 14:00:00,2017-12-21 14:00:00,1.0
USD_PLN,2017-12-21 10:00:00,2017-12-28 06:00:00,1.0
EUR_NOK,2017-12-21 10:00:00,2017-12-22 10:00:00,1.0
AUD_CAD,2017-12-21 10:00:00,2018-01-05 10:00:00,-1.0
GBP_USD,2017-12-21 10:00:00,2017-12-29 06:00:00,1.0
USD_SGD,2017-12-21 14:00:00,2018-01-02 02:00:00,1.0
USD_CAD,2017-12-22 10:00:00,2017-12-28 02:00:00,1.0
USD_ZAR,2017-12-22 10:00:00,2017-12-22 14:00:00,1.0
EUR_CAD,2017-12-22 10:00:00,2018-01-05 10:00:00,1.0
EUR_PLN,2017-12-22 10:00:00,2018-01-03 14:00:00,1.0
NZD_CAD,2017-12-22 10:00:00,2018-01-10 18:00:00,-1.0
EUR_JPY,2017-12-22 10:00:00,2018-01-02 06:00:00,1.0
USD_HUF,2017-12-22 18:00:00,2017-12-27 14:00:00,1.0
USD_CZK,2017-12-22 18:00:00,2017-12-28 06:00:00,-1.0
CHF_JPY,2017-12-25 22:00:00,2017-12-29 14:00:00,1.0
USD_PLN,2017-12-25 22:00:00,2017-12-28 06:00:00,1.0
EUR_JPY,2017-12-25 22:00:00,2018-01-02 06:00:00,1.0
USD_SGD,2017-12-25 22:00:00,2018-01-02 06:00:00,1.0
EUR_NOK,2017-12-26 10:00:00,2018-01-02 06:00:00,1.0
USD_SEK,2017-12-26 10:00:00,2017-12-27 14:00:00,1.0
EUR_GBP,2017-12-26 14:00:00,2018-01-16 14:00:00,0.258281357499748
USD_SGD,2017-12-26 18:00:00,2018-01-02 06:00:00,1.0
NZD_USD,2017-12-26 22:00:00,2017-12-28 06:00:00,1.0
USD_SEK,2017-12-27 06:00:00,2017-12-27 14:00:00,1.0
USD_CHF,2017-12-27 06:00:00,2017-12-28 06:00:00,1.0
AUD_CAD,2017-12-27 10:00:00,2018-01-05 14:00:00,-1.0
GBP_JPY,2017-12-27 22:00:00,2018-01-05 02:00:00,1.0
EUR_JPY,2017-12-28 02:00:00,2018-01-04 10:00:00,1.0
AUD_JPY,2017-12-28 10:00:00,2018-01-05 06:00:00,1.0
NZD_JPY,2017-12-28 10:00:00,2018-01-04 18:00:00,1.0
USD_SEK,2017-12-28 14:00:00,2017-12-29 14:00:00,1.0
GBP_AUD,2017-12-28 18:00:00,2018-01-03 02:00:00,1.0
AUD_JPY,2017-12-28 22:00:00,2018-01-05 06:00:00,1.0
NZD_JPY,2017-12-28 22:00:00,2018-01-04 18:00:00,1.0
AUD_USD,2017-12-29 06:00:00,2018-01-04 22:00:00,1.0
AUD_JPY,2017-12-29 06:00:00,2018-01-04 14:00:00,1.0
USD_SEK,2017-12-29 18:00:00,2018-01-04 10:00:00,1.0
AUD_USD,2017-12-29 18:00:00,2018-01-11 02:00:00,1.0
USD_PLN,2017-12-29 18:00:00,2018-01-02 06:00:00,1.0
USD_ZAR,2018-01-01 22:00:00,2018-01-02 06:00:00,1.0
AUD_CAD,2018-01-01 22:00:00,2018-01-10 22:00:00,1.0
USD_ZAR,2018-01-02 06:00:00,2018-01-03 06:00:00,-1.0
CAD_CHF,2018-01-02 22:00:00,2018-01-05 10:00:00,-1.0
USD_SGD,2018-01-02 22:00:00,2018-01-22 22:00:00,0.8962136477098313
USD_PLN,2018-01-02 22:00:00,2018-01-08 22:00:00,-1.0
GBP_CHF,2018-01-03 10:00:00,2018-01-17 22:00:00,-1.0
AUD_USD,2018-01-05 06:00:00,2018-01-12 18:00:00,1.0
EUR_USD,2018-01-05 10:00:00,2018-01-09 06:00:00,1.0
GBP_CHF,2018-01-05 10:00:00,2018-01-22 10:00:00,-1.0
CHF_JPY,2018-01-05 14:00:00,2018-01-09 10:00:00,-1.0
USD_SGD,2018-01-05 14:00:00,2018-01-24 02:00:00,1.0
CHF_JPY,2018-01-07 22:00:00,2018-01-09 10:00:00,-1.0
GBP_CHF,2018-01-07 22:00:00,2018-01-22 10:00:00,-1.0
AUD_CAD,2018-01-08 10:00:00,2018-01-10 18:00:00,1.0
USD_NOK,2018-01-08 22:00:00,2018-01-11 22:00:00,-1.0
EUR_GBP,2018-01-09 10:00:00,2018-01-11 10:00:00,1.0
EUR_USD,2018-01-10 06:00:00,2018-01-12 06:00:00,-1.0
USD_HUF,2018-01-10 10:00:00,2018-01-11 10:00:00,1.0
AUD_JPY,2018-01-10 18:00:00,2018-01-15 22:00:00,1.0
USD_CHF,2018-01-10 22:00:00,2018-01-12 18:00:00,1.0
GBP_CHF,2018-01-10 22:00:00,2018-01-17 22:00:00,-1.0
EUR_GBP,2018-01-11 06:00:00,2018-01-24 06:00:00,-1.0
GBP_CAD,2018-01-11 10:00:00,2018-01-12 10:00:00,1.0
AUD_CAD,2018-01-11 10:00:00,2018-01-17 14:00:00,1.0
AUD_CAD,2018-01-11 22:00:00,2018-01-17 14:00:00,1.0
AUD_CAD,2018-01-12 06:00:00,2018-01-17 14:00:00,1.0
USD_ZAR,2018-01-12 10:00:00,2018-01-15 06:00:00,1.0
USD_CAD,2018-01-12 10:00:00,2018-01-15 06:00:00,1.0
GBP_JPY,2018-01-14 22:00:00,2018-01-17 18:00:00,1.0
CHF_JPY,2018-01-14 22:00:00,2018-01-17 18:00:00,1.0
CAD_CHF,2018-01-14 22:00:00,2018-01-17 14:00:00,1.0
NZD_CHF,2018-01-14 22:00:00,2018-01-17 02:00:00,1.0
EUR_GBP,2018-01-15 06:00:00,2018-01-22 14:00:00,-1.0
EUR_GBP,2018-01-15 14:00:00,2018-01-22 10:00:00,-1.0
AUD_JPY,2018-01-15 18:00:00,2018-01-17 18:00:00,1.0
GBP_CAD,2018-01-15 22:00:00,2018-01-18 14:00:00,1.0
USD_ZAR,2018-01-15 22:00:00,2018-01-16 06:00:00,1.0
GBP_AUD,2018-01-16 02:00:00,2018-01-23 02:00:00,1.0
AUD_USD,2018-01-16 06:00:00,2018-01-19 06:00:00,1.0
USD_NOK,2018-01-16 18:00:00,2018-01-24 10:00:00,-1.0
USD_ZAR,2018-01-17 02:00:00,2018-01-18 14:00:00,1.0
GBP_AUD,2018-01-17 06:00:00,2018-01-22 18:00:00,1.0
NZD_CAD,2018-01-17 06:00:00,2018-01-17 14:00:00,-1.0
CHF_JPY,2018-01-17 06:00:00,2018-01-25 14:00:00,1.0
EUR_CAD,2018-01-17 14:00:00,2018-01-25 14:00:00,-1.0
GBP_USD,2018-01-18 06:00:00,2018-01-19 06:00:00,1.0
AUD_JPY,2018-01-18 06:00:00,2018-01-30 02:00:00,-1.0
USD_PLN,2018-01-18 22:00:00,2018-01-24 06:00:00,1.0
USD_ZAR,2018-01-19 06:00:00,2018-01-24 06:00:00,1.0
AUD_CAD,2018-01-19 10:00:00,2018-02-01 10:00:00,-1.0
USD_NOK,2018-01-21 22:00:00,2018-01-24 14:00:00,-1.0
USD_ZAR,2018-01-22 10:00:00,2018-01-24 06:00:00,1.0
GBP_AUD,2018-01-22 10:00:00,2018-01-23 06:00:00,1.0
CHF_JPY,2018-01-23 02:00:00,2018-01-25 14:00:00,1.0
EUR_JPY,2018-01-23 02:00:00,2018-01-26 14:00:00,-1.0
EUR_NOK,2018-01-23 10:00:00,2018-01-26 14:00:00,1.0
USD_ZAR,2018-01-23 10:00:00,2018-01-24 06:00:00,1.0
EUR_GBP,2018-01-24 06:00:00,2018-02-05 10:00:00,1.0
GBP_CHF,2018-01-24 06:00:00,2018-01-25 14:00:00,1.0
GBP_CAD,2018-01-24 10:00:00,2018-01-24 18:00:00,1.0
NZD_CHF,2018-01-24 10:00:00,2018-01-24 18:00:00,1.0
AUD_JPY,2018-01-24 22:00:00,2018-02-04 22:00:00,-1.0
AUD_USD,2018-01-24 22:00:00,2018-02-02 10:00:00,-1.0
USD_PLN,2018-01-25 06:00:00,2018-01-25 14:00:00,1.0
GBP_CAD,2018-01-25 06:00:00,2018-01-29 10:00:00,-1.0
EUR_NOK,2018-01-25 06:00:00,2018-02-06 02:00:00,-1.0
EUR_USD,2018-01-25 10:00:00,2018-02-06 10:00:00,1.0
USD_NOK,2018-01-25 10:00:00,2018-02-05 14:00:00,1.0
USD_ZAR,2018-01-26 10:00:00,2018-01-30 02:00:00,-1.0
CAD_CHF,2018-01-26 10:00:00,2018-02-02 10:00:00,1.0
USD_PLN,2018-01-26 10:00:00,2018-02-04 22:00:00,-1.0
NZD_USD,2018-01-26 10:00:00,2018-01-31 10:00:00,1.0
EUR_USD,2018-01-30 06:00:00,2018-02-01 18:00:00,-1.0
CHF_JPY,2018-01-30 22:00:00,2018-01-31 14:00:00,1.0
USD_SGD,2018-01-30 22:00:00,2018-02-07 22:00:00,-1.0
NZD_CHF,2018-01-31 10:00:00,2018-02-02 06:00:00,1.0
GBP_CHF,2018-01-31 22:00:00,2018-02-05 10:00:00,1.0
AUD_JPY,2018-02-01 02:00:00,2018-02-04 22:00:00,-1.0
GBP_CHF,2018-02-01 06:00:00,2018-02-05 10:00:00,1.0
NZD_CAD,2018-02-01 10:00:00,2018-02-06 10:00:00,-1.0
EUR_NOK,2018-02-01 10:00:00,2018-02-05 14:00:00,-1.0
CAD_JPY,2018-02-01 10:00:00,2018-02-05 18:00:00,-1.0
AUD_CAD,2018-02-02 10:00:00,2018-02-14 18:00:00,1.0
GBP_CHF,2018-02-02 10:00:00,2018-02-05 10:00:00,1.0
AUD_JPY,2018-02-05 06:00:00,2018-02-05 18:00:00,-1.0
CHF_JPY,2018-02-05 06:00:00,2018-02-05 18:00:00,-1.0
NZD_CHF,2018-02-05 06:00:00,2018-02-06 18:00:00,-1.0
CAD_CHF,2018-02-05 14:00:00,2018-02-05 18:00:00,1.0
USD_NOK,2018-02-06 06:00:00,2018-02-07 18:00:00,1.0
AUD_USD,2018-02-06 10:00:00,2018-02-09 02:00:00,-1.0
USD_SEK,2018-02-06 10:00:00,2018-02-07 18:00:00,-1.0
USD_HUF,2018-02-06 10:00:00,2018-02-07 18:00:00,-1.0
EUR_PLN,2018-02-06 10:00:00,2018-02-11 22:00:00,-1.0
USD_PLN,2018-02-06 10:00:00,2018-02-07 18:00:00,-1.0
AUD_NZD,2018-02-06 18:00:00,2018-02-08 02:00:00,1.0
AUD_CAD,2018-02-07 02:00:00,2018-02-20 02:00:00,1.0
USD_NOK,2018-02-08 06:00:00,2018-02-09 06:00:00,1.0
GBP_AUD,2018-02-08 06:00:00,2018-02-08 10:00:00,1.0
GBP_CHF,2018-02-08 10:00:00,2018-02-09 10:00:00,1.0
NZD_USD,2018-02-08 14:00:00,2018-02-12 02:00:00,1.0
EUR_NOK,2018-02-08 22:00:00,2018-02-09 10:00:00,-1.0
NZD_CHF,2018-02-09 06:00:00,2018-02-14 10:00:00,-1.0
USD_PLN,2018-02-09 14:00:00,2018-02-12 14:00:00,1.0
USD_NOK,2018-02-09 18:00:00,2018-02-13 06:00:00,-1.0
USD_PLN,2018-02-11 22:00:00,2018-02-12 06:00:00,1.0
EUR_PLN,2018-02-11 22:00:00,2018-02-14 18:00:00,1.0
NZD_JPY,2018-02-12 06:00:00,2018-02-14 10:00:00,-1.0
GBP_USD,2018-02-12 06:00:00,2018-02-14 14:00:00,1.0
EUR_AUD,2018-02-12 14:00:00,2018-03-02 10:00:00,-1.0
EUR_NOK,2018-02-13 10:00:00,2018-02-18 22:00:00,1.0
AUD_CAD,2018-02-13 10:00:00,2018-02-20 22:00:00,1.0
GBP_CHF,2018-02-13 10:00:00,2018-02-26 06:00:00,-1.0
USD_CHF,2018-02-14 06:00:00,2018-02-15 06:00:00,1.0
USD_PLN,2018-02-14 06:00:00,2018-02-14 18:00:00,1.0
USD_SEK,2018-02-14 06:00:00,2018-02-14 18:00:00,1.000000000000011
CAD_CHF,2018-02-14 06:00:00,2018-02-22 10:00:00,1.0
GBP_USD,2018-02-14 06:00:00,2018-02-15 06:00:00,1.0
GBP_JPY,2018-02-14 10:00:00,2018-02-20 14:00:00,1.0
NZD_JPY,2018-02-14 10:00:00,2018-02-21 02:00:00,1.0
EUR_JPY,2018-02-14 10:00:00,2018-02-23 10:00:00,-1.0
AUD_JPY,2018-02-14 10:00:00,2018-02-14 14:00:00,-1.0
GBP_AUD,2018-02-15 06:00:00,2018-02-21 06:00:00,1.0
NZD_USD,2018-02-15 10:00:00,2018-02-23 02:00:00,-1.0
USD_SEK,2018-02-15 10:00:00,2018-02-20 06:00:00,-1.0
USD_PLN,2018-02-15 10:00:00,2018-02-18 22:00:00,-1.0
AUD_CAD,2018-02-15 10:00:00,2018-03-02 18:00:00,1.0
USD_SEK,2018-02-15 22:00:00,2018-02-20 06:00:00,-1.0
GBP_AUD,2018-02-16 02:00:00,2018-02-23 14:00:00,1.0
GBP_JPY,2018-02-16 02:00:00,2018-02-28 10:00:00,-1.0
GBP_USD,2018-02-16 06:00:00,2018-02-19 10:00:00,-1.0
CAD_CHF,2018-02-16 06:00:00,2018-03-02 06:00:00,1.0
USD_ZAR,2018-02-16 06:00:00,2018-02-20 06:00:00,-1.0
EUR_PLN,2018-02-16 10:00:00,2018-03-04 22:00:00,-1.0
USD_NOK,2018-02-18 22:00:00,2018-02-20 10:00:00,1.0
NZD_JPY,2018-02-18 22:00:00,2018-02-21 02:00:00,1.0
AUD_USD,2018-02-19 10:00:00,2018-02-21 18:00:00,-1.0
AUD_CAD,2018-02-19 22:00:00,2018-03-05 10:00:00,1.000000000000011
EUR_JPY,2018-02-20 02:00:00,2018-02-28 06:00:00,-1.0
AUD_USD,2018-02-20 06:00:00,2018-02-21 18:00:00,-1.0
GBP_JPY,2018-02-20 06:00:00,2018-02-20 22:00:00,1.0
AUD_NZD,2018-02-20 06:00:00,2018-03-12 05:00:00,0.23483803630669403
CHF_JPY,2018-02-20 10:00:00,2018-02-28 06:00:00,-1.0
NZD_JPY,2018-02-20 18:00:00,2018-02-23 10:00:00,-1.0
AUD_JPY,2018-02-20 18:00:00,2018-02-21 22:00:00,-1.0
USD_NOK,2018-02-20 22:00:00,2018-03-01 06:00:00,1.0
CHF_JPY,2018-02-20 22:00:00,2018-02-28 10:00:00,-1.0
AUD_JPY,2018-02-21 02:00:00,2018-02-21 22:00:00,-1.0
USD_NOK,2018-02-21 06:00:00,2018-03-01 06:00:00,1.0
CAD_CHF,2018-02-21 10:00:00,2018-02-22 18:00:00,1.0
EUR_USD,2018-02-21 14:00:00,2018-02-28 06:00:00,1.0
USD_NOK,2018-02-21 18:00:00,2018-02-22 10:00:00,1.0
EUR_NOK,2018-02-21 22:00:00,2018-03-02 10:00:00,1.0
USD_ZAR,2018-02-22 06:00:00,2018-02-23 06:00:00,1.0
USD_SGD,2018-02-23 02:00:00,2018-03-15 01:00:00,0.7598887819808663
GBP_JPY,2018-02-23 10:00:00,2018-02-28 14:00:00,-1.0
GBP_USD,2018-02-23 10:00:00,2018-02-26 06:00:00,1.0
EUR_USD,2018-02-23 14:00:00,2018-02-28 14:00:00,1.0
CAD_JPY,2018-02-23 14:00:00,2018-02-28 18:00:00,-1.0
EUR_AUD,2018-02-23 14:00:00,2018-03-02 14:00:00,-1.0
USD_PLN,2018-02-23 18:00:00,2018-03-01 06:00:00,-1.0
USD_ZAR,2018-02-25 22:00:00,2018-02-27 14:00:00,-1.0
NZD_CHF,2018-02-26 10:00:00,2018-02-27 22:00:00,1.0
EUR_PLN,2018-02-26 10:00:00,2018-03-13 21:00:00,-1.0
NZD_CHF,2018-02-26 18:00:00,2018-02-27 18:00:00,1.0
CAD_CHF,2018-02-26 18:00:00,2018-03-02 02:00:00,1.0
EUR_USD,2018-02-27 06:00:00,2018-02-28 02:00:00,1.0
GBP_CAD,2018-02-27 10:00:00,2018-03-05 10:00:00,1.0
AUD_CAD,2018-02-27 14:00:00,2018-03-05 14:00:00,0.9999999999999888
GBP_CHF,2018-03-01 10:00:00,2018-03-02 10:00:00,1.0
CAD_CHF,2018-03-01 10:00:00,2018-03-02 06:00:00,1.0
EUR_GBP,2018-03-01 10:00:00,2018-03-02 10:00:00,1.0
USD_SGD,2018-03-01 14:00:00,2018-03-07 06:00:00,1.0
USD_SEK,2018-03-01 14:00:00,2018-03-02 10:00:00,1.0
GBP_USD,2018-03-01 14:00:00,2018-03-05 14:00:00,1.0
USD_PLN,2018-03-01 14:00:00,2018-03-02 10:00:00,1.0
USD_HUF,2018-03-01 14:00:00,2018-03-02 02:00:00,0.999999999999989
NZD_JPY,2018-03-02 02:00:00,2018-03-02 10:00:00,-1.0
AUD_USD,2018-03-02 14:00:00,2018-03-06 10:00:00,1.0
GBP_USD,2018-03-02 14:00:00,2018-03-06 10:00:00,1.0
AUD_USD,2018-03-04 22:00:00,2018-03-06 10:00:00,1.0
GBP_JPY,2018-03-06 02:00:00,2018-03-09 14:00:00,1.0
AUD_CAD,2018-03-06 14:00:00,2018-03-13 13:00:00,1.000000000000011
USD_CAD,2018-03-06 22:00:00,2018-03-15 13:00:00,-1.0
USD_CAD,2018-03-07 14:00:00,2018-03-09 18:00:00,1.0
EUR_CAD,2018-03-07 14:00:00,2018-03-08 18:00:00,1.0
USD_HUF,2018-03-07 14:00:00,2018-03-09 10:00:00,-1.0
CAD_JPY,2018-03-07 14:00:00,2018-03-08 02:00:00,1.0
USD_SGD,2018-03-08 06:00:00,2018-03-28 05:00:00,0.48506413034388574
EUR_USD,2018-03-08 10:00:00,2018-03-09 10:00:00,1.0
USD_CZK,2018-03-08 10:00:00,2018-03-09 06:00:00,1.0
NZD_JPY,2018-03-08 14:00:00,2018-03-09 10:00:00,1.0
USD_SEK,2018-03-09 10:00:00,2018-03-14 09:00:00,1.0
USD_CHF,2018-03-09 10:00:00,2018-03-13 13:00:00,1.0
EUR_PLN,2018-03-09 10:00:00,2018-03-29 09:00:00,-0.09962172276628452
EUR_JPY,2018-03-09 10:00:00,2018-03-19 01:00:00,-1.0
USD_CHF,2018-03-09 18:00:00,2018-03-29 17:00:00,-0.5729484241290219
NZD_CAD,2018-03-11 21:00:00,2018-03-13 13:00:00,-1.0
USD_SEK,2018-03-12 05:00:00,2018-03-15 05:00:00,1.0
GBP_CHF,2018-03-12 05:00:00,2018-03-19 05:00:00,-1.0
GBP_USD,2018-03-12 09:00:00,2018-03-13 13:00:00,1.0
NZD_JPY,2018-03-12 09:00:00,2018-03-13 09:00:00,1.0
EUR_JPY,2018-03-12 09:00:00,2018-03-13 09:00:00,1.0
AUD_CAD,2018-03-12 09:00:00,2018-03-13 13:00:00,1.0
GBP_AUD,2018-03-13 05:00:00,2018-03-15 13:00:00,1.0
USD_ZAR,2018-03-13 09:00:00,2018-03-16 13:00:00,-1.0
USD_PLN,2018-03-13 09:00:00,2018-03-18 21:00:00,-1.0
NZD_CHF,2018-03-14 05:00:00,2018-03-19 09:00:00,1.0
USD_SEK,2018-03-14 05:00:00,2018-03-28 05:00:00,-1.0
USD_CZK,2018-03-14 09:00:00,2018-03-16 13:00:00,1.0
AUD_USD,2018-03-14 21:00:00,2018-03-15 21:00:00,-1.0
EUR_NOK,2018-03-15 05:00:00,2018-03-28 09:00:00,-1.0
NZD_CHF,2018-03-15 13:00:00,2018-03-21 01:00:00,1.0
USD_CZK,2018-03-16 17:00:00,2018-03-26 17:00:00,-1.0
CAD_CHF,2018-03-18 21:00:00,2018-03-21 13:00:00,-1.0
CAD_CHF,2018-03-19 05:00:00,2018-03-21 13:00:00,-1.0
GBP_CHF,2018-03-19 05:00:00,2018-03-21 09:00:00,-1.0
USD_SGD,2018-03-19 09:00:00,2018-03-27 01:00:00,1.0
NZD_JPY,2018-03-20 05:00:00,2018-03-22 17:00:00,-1.0
USD_CAD,2018-03-20 09:00:00,2018-03-21 13:00:00,1.0
GBP_AUD,2018-03-20 09:00:00,2018-03-22 09:00:00,1.0
USD_ZAR,2018-03-20 09:00:00,2018-03-21 13:00:00,1.0
USD_ZAR,2018-03-20 21:00:00,2018-03-21 17:00:00,1.0
EUR_CAD,2018-03-21 05:00:00,2018-03-23 09:00:00,1.0
GBP_AUD,2018-03-21 05:00:00,2018-03-22 09:00:00,1.0
GBP_CAD,2018-03-21 09:00:00,2018-04-03 09:00:00,-1.0
CHF_JPY,2018-03-21 09:00:00,2018-04-10 09:00:00,0.7278478169058268
USD_SGD,2018-03-21 17:00:00,2018-04-10 17:00:00,0.6878403179081074
GBP_JPY,2018-03-22 05:00:00,2018-03-22 21:00:00,-1.0
GBP_CHF,2018-03-22 09:00:00,2018-04-10 13:00:00,-1.0
EUR_GBP,2018-03-23 09:00:00,2018-04-12 09:00:00,-0.5853245057387054
USD_PLN,2018-03-23 09:00:00,2018-03-26 13:00:00,1.0
USD_NOK,2018-03-25 21:00:00,2018-03-27 05:00:00,-1.0
USD_JPY,2018-03-26 13:00:00,2018-03-28 09:00:00,1.0
GBP_AUD,2018-03-27 05:00:00,2018-04-16 05:00:00,0.009260772457361325
CAD_CHF,2018-03-27 09:00:00,2018-04-03 09:00:00,-1.0
EUR_USD,2018-03-27 21:00:00,2018-03-29 13:00:00,1.0
EUR_PLN,2018-03-28 21:00:00,2018-04-13 13:00:00,1.0
GBP_CHF,2018-03-29 09:00:00,2018-04-11 05:00:00,-1.0
EUR_CAD,2018-03-29 09:00:00,2018-04-03 13:00:00,1.0
EUR_GBP,2018-03-29 09:00:00,2018-04-12 13:00:00,-1.0
EUR_USD,2018-03-29 09:00:00,2018-04-18 09:00:00,-0.45314159256166875
AUD_USD,2018-03-29 21:00:00,2018-04-10 13:00:00,1.0
AUD_JPY,2018-03-29 21:00:00,2018-04-02 17:00:00,-1.0
EUR_USD,2018-03-30 01:00:00,2018-04-19 01:00:00,-0.5123375094388475
NZD_JPY,2018-03-30 05:00:00,2018-04-04 01:00:00,1.0
GBP_CHF,2018-03-30 17:00:00,2018-04-04 21:00:00,-1.0
USD_NOK,2018-03-30 17:00:00,2018-04-11 13:00:00,-1.0
EUR_PLN,2018-04-01 21:00:00,2018-04-11 13:00:00,1.0
USD_PLN,2018-04-01 21:00:00,2018-04-10 09:00:00,1.0
EUR_USD,2018-04-02 05:00:00,2018-04-20 05:00:00,0.11111651824094167
AUD_USD,2018-04-02 09:00:00,2018-04-10 13:00:00,1.0
EUR_AUD,2018-04-02 17:00:00,2018-04-04 01:00:00,1.0
USD_PLN,2018-04-02 21:00:00,2018-04-10 09:00:00,1.0
USD_ZAR,2018-04-02 21:00:00,2018-04-05 21:00:00,-1.0
EUR_USD,2018-04-03 01:00:00,2018-04-23 01:00:00,0.31190857179989867
USD_HUF,2018-04-03 09:00:00,2018-04-10 13:00:00,0.9999999999999888
USD_PLN,2018-04-03 09:00:00,2018-04-10 09:00:00,1.0
CHF_JPY,2018-04-04 05:00:00,2018-04-10 09:00:00,1.0
NZD_JPY,2018-04-04 05:00:00,2018-04-04 21:00:00,1.0
EUR_USD,2018-04-04 05:00:00,2018-04-17 05:00:00,-1.0
AUD_JPY,2018-04-04 05:00:00,2018-04-05 13:00:00,1.0
EUR_AUD,2018-04-04 05:00:00,2018-04-13 05:00:00,1.0
GBP_AUD,2018-04-04 09:00:00,2018-04-09 13:00:00,1.0
EUR_GBP,2018-04-05 05:00:00,2018-04-13 05:00:00,-1.0
EUR_JPY,2018-04-05 09:00:00,2018-04-10 09:00:00,1.0
CHF_JPY,2018-04-05 09:00:00,2018-04-10 09:00:00,1.0
EUR_PLN,2018-04-05 21:00:00,2018-04-16 09:00:00,1.0
GBP_CAD,2018-04-06 09:00:00,2018-04-09 05:00:00,1.0
AUD_CAD,2018-04-06 09:00:00,2018-04-26 09:00:00,-0.7605067322710034
CAD_CHF,2018-04-06 09:00:00,2018-04-11 13:00:00,-1.0
NZD_CHF,2018-04-06 09:00:00,2018-04-11 05:00:00,-1.0
USD_CHF,2018-04-09 09:00:00,2018-04-19 09:00:00,-1.0
NZD_JPY,2018-04-09 17:00:00,2018-04-10 13:00:00,1.0
EUR_NOK,2018-04-10 05:00:00,2018-04-25 09:00:00,-1.0
AUD_NZD,2018-04-10 05:00:00,2018-04-18 13:00:00,1.0
USD_ZAR,2018-04-10 13:00:00,2018-04-11 13:00:00,1.0
USD_PLN,2018-04-10 21:00:00,2018-04-16 09:00:00,1.0
USD_CHF,2018-04-10 21:00:00,2018-04-17 13:00:00,-1.0
USD_SGD,2018-04-11 05:00:00,2018-04-23 09:00:00,-1.0
NZD_CAD,2018-04-11 05:00:00,2018-04-19 13:00:00,1.0
NZD_JPY,2018-04-11 09:00:00,2018-04-13 05:00:00,1.0
NZD_JPY,2018-04-11 17:00:00,2018-04-13 05:00:00,1.0
USD_NOK,2018-04-13 05:00:00,2018-04-20 13:00:00,1.0
USD_PLN,2018-04-13 09:00:00,2018-04-16 09:00:00,1.0
AUD_CAD,2018-04-15 21:00:00,2018-04-30 13:00:00,-1.0
USD_ZAR,2018-04-16 09:00:00,2018-04-17 05:00:00,1.0
EUR_PLN,2018-04-16 21:00:00,2018-04-23 13:00:00,-1.0
GBP_AUD,2018-04-17 05:00:00,2018-04-18 21:00:00,-1.0
EUR_GBP,2018-04-17 09:00:00,2018-04-18 05:00:00,1.0
USD_ZAR,2018-04-17 09:00:00,2018-04-18 13:00:00,1.0
USD_JPY,2018-04-17 13:00:00,2018-04-23 09:00:00,1.0
EUR_GBP,2018-04-18 05:00:00,2018-04-19 17:00:00,1.0
CAD_CHF,2018-04-18 13:00:00,2018-04-23 09:00:00,1.0
EUR_PLN,2018-04-18 17:00:00,2018-04-24 21:00:00,-1.0
AUD_CAD,2018-04-19 01:00:00,2018-04-20 09:00:00,-1.0
AUD_USD,2018-04-19 01:00:00,2018-04-20 05:00:00,-1.0
USD_SEK,2018-04-19 05:00:00,2018-04-23 09:00:00,-1.0
USD_ZAR,2018-04-19 05:00:00,2018-04-20 13:00:00,-1.0
USD_NOK,2018-04-19 09:00:00,2018-04-20 09:00:00,1.0
EUR_GBP,2018-04-19 09:00:00,2018-04-27 17:00:00,1.0
GBP_CHF,2018-04-19 09:00:00,2018-04-20 05:00:00,1.0
NZD_CHF,2018-04-20 09:00:00,2018-04-24 01:00:00,1.0
GBP_CHF,2018-04-20 09:00:00,2018-05-01 13:00:00,1.0
EUR_NOK,2018-04-22 21:00:00,2018-05-02 17:00:00,-1.0
AUD_USD,2018-04-23 05:00:00,2018-04-24 01:00:00,-1.0
AUD_CAD,2018-04-23 05:00:00,2018-04-30 13:00:00,-1.0
AUD_NZD,2018-04-23 05:00:00,2018-05-04 01:00:00,1.0
AUD_JPY,2018-04-23 05:00:00,2018-05-03 13:00:00,-1.0
GBP_AUD,2018-04-23 09:00:00,2018-04-25 01:00:00,1.0
GBP_CAD,2018-04-23 09:00:00,2018-04-27 17:00:00,-1.0
NZD_CHF,2018-04-24 13:00:00,2018-05-06 21:00:00,-1.0
USD_JPY,2018-04-24 13:00:00,2018-05-01 17:00:00,1.0
GBP_USD,2018-04-25 01:00:00,2018-04-27 05:00:00,-1.0
GBP_CHF,2018-04-25 09:00:00,2018-04-30 09:00:00,1.0
AUD_JPY,2018-04-25 09:00:00,2018-05-04 13:00:00,-1.0
GBP_JPY,2018-04-25 21:00:00,2018-04-27 09:00:00,-1.0
USD_JPY,2018-04-25 21:00:00,2018-05-15 13:00:00,1.0
NZD_CAD,2018-04-26 05:00:00,2018-05-01 21:00:00,1.0
AUD_NZD,2018-04-26 05:00:00,2018-05-10 13:00:00,1.0
USD_NOK,2018-04-26 09:00:00,2018-05-01 05:00:00,1.000000000000011
EUR_USD,2018-04-26 09:00:00,2018-04-27 05:00:00,1.0
EUR_NOK,2018-04-26 13:00:00,2018-05-07 13:00:00,1.0
NZD_USD,2018-04-26 13:00:00,2018-05-02 17:00:00,-1.0
GBP_AUD,2018-04-26 21:00:00,2018-04-27 09:00:00,-1.0
GBP_AUD,2018-04-27 05:00:00,2018-04-27 09:00:00,-1.0
AUD_CAD,2018-04-27 09:00:00,2018-05-01 21:00:00,-1.0
EUR_JPY,2018-04-27 13:00:00,2018-05-03 13:00:00,-1.0
CHF_JPY,2018-04-27 13:00:00,2018-05-03 13:00:00,-1.0
NZD_JPY,2018-04-27 13:00:00,2018-05-08 05:00:00,-1.0
CAD_JPY,2018-04-27 13:00:00,2018-05-02 05:00:00,1.0
USD_ZAR,2018-04-29 21:00:00,2018-05-01 05:00:00,-1.0
EUR_PLN,2018-04-29 21:00:00,2018-05-01 05:00:00,-1.0
GBP_CAD,2018-04-30 05:00:00,2018-05-01 13:00:00,-1.0
GBP_JPY,2018-04-30 05:00:00,2018-05-03 09:00:00,-1.0
CAD_JPY,2018-04-30 17:00:00,2018-05-08 05:00:00,-1.0
NZD_CAD,2018-05-01 13:00:00,2018-05-09 21:00:00,1.0
CAD_JPY,2018-05-01 13:00:00,2018-05-08 05:00:00,-1.0
EUR_CAD,2018-05-01 13:00:00,2018-05-07 09:00:00,1.0
NZD_JPY,2018-05-01 13:00:00,2018-05-08 09:00:00,-1.0
NZD_CAD,2018-05-01 21:00:00,2018-05-09 21:00:00,1.0
CAD_CHF,2018-05-02 09:00:00,2018-05-10 05:00:00,-1.0
EUR_PLN,2018-05-02 09:00:00,2018-05-20 21:00:00,-1.0
USD_SGD,2018-05-02 13:00:00,2018-05-22 13:00:00,-0.22005988023951603
EUR_USD,2018-05-02 17:00:00,2018-05-08 05:00:00,1.0
EUR_AUD,2018-05-03 13:00:00,2018-05-11 05:00:00,1.0
AUD_USD,2018-05-03 13:00:00,2018-05-08 13:00:00,-1.0
GBP_CHF,2018-05-04 09:00:00,2018-05-18 13:00:00,1.0
USD_NOK,2018-05-04 09:00:00,2018-05-08 13:00:00,1.0
EUR_GBP,2018-05-04 09:00:00,2018-05-09 13:00:00,-1.0
EUR_USD,2018-05-04 09:00:00,2018-05-08 09:00:00,1.0
USD_NOK,2018-05-06 21:00:00,2018-05-08 13:00:00,1.000000000000011
GBP_USD,2018-05-07 05:00:00,2018-05-21 05:00:00,-1.0
EUR_NOK,2018-05-07 05:00:00,2018-05-10 09:00:00,1.0
GBP_CAD,2018-05-07 09:00:00,2018-05-10 13:00:00,-1.0
USD_NOK,2018-05-08 05:00:00,2018-05-08 13:00:00,1.0
USD_SEK,2018-05-08 17:00:00,2018-05-09 09:00:00,1.0
GBP_CAD,2018-05-09 01:00:00,2018-05-10 05:00:00,-1.0
GBP_CHF,2018-05-09 05:00:00,2018-05-18 13:00:00,1.0
USD_SGD,2018-05-09 13:00:00,2018-05-29 13:00:00,-0.3425754224476212
CHF_JPY,2018-05-09 21:00:00,2018-05-15 13:00:00,1.0
USD_ZAR,2018-05-09 21:00:00,2018-05-10 05:00:00,1.0
AUD_JPY,2018-05-09 21:00:00,2018-05-11 09:00:00,1.0
EUR_JPY,2018-05-09 21:00:00,2018-05-14 05:00:00,1.0
GBP_JPY,2018-05-10 01:00:00,2018-05-23 05:00:00,-1.0
GBP_USD,2018-05-10 05:00:00,2018-05-21 05:00:00,-1.0
EUR_NOK,2018-05-10 09:00:00,2018-05-22 09:00:00,1.0
GBP_CHF,2018-05-10 09:00:00,2018-05-16 05:00:00,1.0
EUR_GBP,2018-05-10 09:00:00,2018-05-10 13:00:00,1.0
USD_CHF,2018-05-10 13:00:00,2018-05-22 13:00:00,0.9999999999999889
AUD_JPY,2018-05-10 21:00:00,2018-05-17 01:00:00,1.0
EUR_JPY,2018-05-11 05:00:00,2018-05-23 05:00:00,-1.0
AUD_CAD,2018-05-11 09:00:00,2018-05-21 13:00:00,1.0
EUR_GBP,2018-05-11 09:00:00,2018-05-29 09:00:00,-1.0
NZD_CHF,2018-05-13 21:00:00,2018-05-15 01:00:00,1.0
CAD_CHF,2018-05-13 21:00:00,2018-05-18 13:00:00,1.0
EUR_NOK,2018-05-14 05:00:00,2018-05-23 17:00:00,1.0
CAD_CHF,2018-05-14 09:00:00,2018-05-18 13:00:00,1.0
GBP_CAD,2018-05-14 17:00:00,2018-05-21 17:00:00,-1.0
GBP_AUD,2018-05-14 17:00:00,2018-05-21 05:00:00,-1.0
NZD_CHF,2018-05-14 21:00:00,2018-05-23 01:00:00,1.0
CAD_CHF,2018-05-14 21:00:00,2018-05-18 13:00:00,1.0
GBP_AUD,2018-05-15 05:00:00,2018-05-21 05:00:00,-1.0
NZD_CAD,2018-05-15 05:00:00,2018-05-24 13:00:00,-1.0
USD_NOK,2018-05-15 05:00:00,2018-05-15 13:00:00,1.0
GBP_CAD,2018-05-15 09:00:00,2018-05-22 01:00:00,-1.0
CAD_CHF,2018-05-15 09:00:00,2018-05-18 13:00:00,1.0
CHF_JPY,2018-05-15 09:00:00,2018-05-17 21:00:00,1.0
USD_CHF,2018-05-15 09:00:00,2018-05-22 13:00:00,0.9999999999999889
EUR_CAD,2018-05-15 13:00:00,2018-05-16 09:00:00,1.0
EUR_AUD,2018-05-16 01:00:00,2018-05-16 13:00:00,1.0
GBP_AUD,2018-05-16 05:00:00,2018-05-21 01:00:00,-1.0
AUD_JPY,2018-05-16 09:00:00,2018-05-17 05:00:00,1.0
USD_PLN,2018-05-16 09:00:00,2018-05-20 21:00:00,-1.0
CHF_JPY,2018-05-16 09:00:00,2018-05-21 01:00:00,1.0
USD_CHF,2018-05-16 17:00:00,2018-05-23 05:00:00,1.0
EUR_USD,2018-05-16 21:00:00,2018-05-23 05:00:00,1.0
EUR_JPY,2018-05-17 09:00:00,2018-05-23 05:00:00,-1.0
GBP_JPY,2018-05-17 09:00:00,2018-05-23 05:00:00,-1.0
GBP_AUD,2018-05-17 21:00:00,2018-05-21 09:00:00,-1.0
NZD_CHF,2018-05-18 05:00:00,2018-05-23 05:00:00,1.0
CAD_CHF,2018-05-18 09:00:00,2018-05-18 13:00:00,1.0
USD_SGD,2018-05-18 09:00:00,2018-06-07 09:00:00,0.8530149538136395
EUR_GBP,2018-05-18 09:00:00,2018-06-07 09:00:00,1.0
USD_NOK,2018-05-21 05:00:00,2018-05-22 09:00:00,-1.0
USD_ZAR,2018-05-21 05:00:00,2018-05-21 17:00:00,1.0
EUR_PLN,2018-05-21 09:00:00,2018-06-06 13:00:00,1.0
EUR_CAD,2018-05-21 09:00:00,2018-05-30 13:00:00,1.0
EUR_PLN,2018-05-22 09:00:00,2018-05-27 21:00:00,-1.0
GBP_CAD,2018-05-23 05:00:00,2018-06-05 13:00:00,1.0
GBP_AUD,2018-05-23 05:00:00,2018-05-30 13:00:00,-1.0
EUR_AUD,2018-05-24 05:00:00,2018-05-29 05:00:00,1.0
EUR_GBP,2018-05-25 09:00:00,2018-06-14 09:00:00,0.11536396760670645
EUR_JPY,2018-05-28 05:00:00,2018-05-29 01:00:00,-1.0
NZD_CHF,2018-05-28 09:00:00,2018-05-29 17:00:00,1.0
GBP_AUD,2018-05-29 05:00:00,2018-06-04 13:00:00,-1.0
NZD_CAD,2018-05-29 09:00:00,2018-05-31 13:00:00,-1.0
GBP_CHF,2018-05-29 09:00:00,2018-05-29 17:00:00,1.0
USD_SGD,2018-05-31 01:00:00,2018-06-17 21:00:00,-1.0
NZD_CAD,2018-05-31 05:00:00,2018-05-31 13:00:00,-1.0
GBP_CAD,2018-05-31 09:00:00,2018-05-31 13:00:00,1.0
EUR_GBP,2018-05-31 09:00:00,2018-06-20 09:00:00,0.23501762632196918
AUD_CAD,2018-05-31 09:00:00,2018-05-31 13:00:00,1.0
NZD_USD,2018-06-01 01:00:00,2018-06-17 21:00:00,-1.0
USD_CHF,2018-06-01 01:00:00,2018-06-14 17:00:00,-1.0
AUD_JPY,2018-06-01 05:00:00,2018-06-03 21:00:00,1.0
USD_PLN,2018-06-01 09:00:00,2018-06-04 05:00:00,1.0
USD_ZAR,2018-06-01 09:00:00,2018-06-04 05:00:00,1.0
NZD_CHF,2018-06-03 21:00:00,2018-06-20 09:00:00,1.0
EUR_NOK,2018-06-04 21:00:00,2018-06-14 09:00:00,1.0
USD_ZAR,2018-06-04 21:00:00,2018-06-05 09:00:00,-1.0
NZD_JPY,2018-06-05 09:00:00,2018-06-18 01:00:00,-1.0
USD_SEK,2018-06-05 09:00:00,2018-06-07 05:00:00,1.0
USD_HUF,2018-06-05 09:00:00,2018-06-06 13:00:00,1.0
NZD_USD,2018-06-05 09:00:00,2018-06-14 21:00:00,-1.0
EUR_AUD,2018-06-06 05:00:00,2018-06-08 05:00:00,-1.0
GBP_CAD,2018-06-06 09:00:00,2018-06-15 13:00:00,1.0
CHF_JPY,2018-06-06 09:00:00,2018-06-19 05:00:00,-1.0
CAD_CHF,2018-06-06 09:00:00,2018-06-07 17:00:00,1.0
USD_SEK,2018-06-06 21:00:00,2018-06-07 09:00:00,1.0
NZD_JPY,2018-06-07 01:00:00,2018-06-08 09:00:00,-1.0
NZD_USD,2018-06-07 01:00:00,2018-06-14 21:00:00,-1.0
EUR_GBP,2018-06-07 09:00:00,2018-06-27 09:00:00,0.43977077233317535
GBP_CAD,2018-06-07 09:00:00,2018-06-20 13:00:00,1.0
GBP_CHF,2018-06-07 21:00:00,2018-06-27 21:00:00,0.8070822798745835
CHF_JPY,2018-06-07 21:00:00,2018-06-18 01:00:00,-1.0
EUR_CAD,2018-06-10 21:00:00,2018-06-20 09:00:00,-1.0
AUD_USD,2018-06-11 09:00:00,2018-06-14 13:00:00,-1.0
EUR_GBP,2018-06-12 05:00:00,2018-06-29 01:00:00,1.0
USD_PLN,2018-06-12 05:00:00,2018-06-14 13:00:00,-1.0
NZD_CHF,2018-06-12 21:00:00,2018-06-19 05:00:00,1.0
EUR_JPY,2018-06-13 13:00:00,2018-06-14 13:00:00,-1.0
NZD_CHF,2018-06-13 17:00:00,2018-06-19 01:00:00,1.0
USD_SGD,2018-06-14 01:00:00,2018-06-15 13:00:00,-1.0
GBP_CAD,2018-06-15 05:00:00,2018-06-20 13:00:00,1.0
USD_JPY,2018-06-15 05:00:00,2018-07-05 05:00:00,0.1394308685456605
NZD_CHF,2018-06-15 09:00:00,2018-06-19 05:00:00,1.0
EUR_GBP,2018-06-15 09:00:00,2018-06-25 13:00:00,1.0
USD_ZAR,2018-06-15 09:00:00,2018-06-18 13:00:00,-1.0
NZD_CHF,2018-06-15 17:00:00,2018-06-19 05:00:00,1.0
USD_PLN,2018-06-15 17:00:00,2018-06-19 05:00:00,-1.0
EUR_GBP,2018-06-17 21:00:00,2018-06-26 09:00:00,1.0
NZD_CHF,2018-06-19 21:00:00,2018-06-21 21:00:00,1.0
CHF_JPY,2018-06-20 05:00:00,2018-06-29 09:00:00,1.0
AUD_JPY,2018-06-20 13:00:00,2018-06-29 13:00:00,1.0
NZD_CHF,2018-06-20 21:00:00,2018-06-26 21:00:00,1.0
USD_SEK,2018-06-21 01:00:00,2018-06-27 21:00:00,-1.0
EUR_NOK,2018-06-21 05:00:00,2018-07-11 05:00:00,0.37383808863403484
EUR_JPY,2018-06-21 05:00:00,2018-06-29 01:00:00,1.0
GBP_JPY,2018-06-21 05:00:00,2018-06-28 09:00:00,-1.0
AUD_USD,2018-06-21 21:00:00,2018-07-09 01:00:00,1.0
CAD_CHF,2018-06-22 09:00:00,2018-06-28 13:00:00,-1.0
CAD_JPY,2018-06-22 09:00:00,2018-06-29 01:00:00,1.0
USD_SEK,2018-06-24 21:00:00,2018-06-27 17:00:00,-1.0
CAD_JPY,2018-06-24 21:00:00,2018-06-28 17:00:00,1.0
USD_PLN,2018-06-24 21:00:00,2018-06-27 13:00:00,-1.0
GBP_USD,2018-06-24 21:00:00,2018-06-27 17:00:00,-1.0
NZD_JPY,2018-06-24 21:00:00,2018-06-26 21:00:00,-1.0
CHF_JPY,2018-06-24 21:00:00,2018-07-11 13:00:00,1.0
USD_PLN,2018-06-25 09:00:00,2018-06-27 13:00:00,-1.0
USD_CHF,2018-06-25 09:00:00,2018-06-28 05:00:00,-1.0
USD_SEK,2018-06-25 21:00:00,2018-06-27 17:00:00,-1.0
GBP_USD,2018-06-26 05:00:00,2018-06-27 13:00:00,-1.0
GBP_CAD,2018-06-26 05:00:00,2018-06-27 13:00:00,-1.0
CAD_CHF,2018-06-26 05:00:00,2018-06-27 17:00:00,-1.0
AUD_JPY,2018-06-26 09:00:00,2018-06-29 05:00:00,1.0
NZD_CHF,2018-06-26 21:00:00,2018-06-28 13:00:00,1.0
GBP_CHF,2018-06-26 21:00:00,2018-07-12 13:00:00,-1.0
GBP_CHF,2018-06-27 09:00:00,2018-07-12 13:00:00,-1.0
USD_CZK,2018-06-27 09:00:00,2018-06-27 13:00:00,1.0
USD_HUF,2018-06-28 17:00:00,2018-06-29 01:00:00,1.0
USD_PLN,2018-06-28 17:00:00,2018-06-29 01:00:00,1.0
GBP_CHF,2018-06-28 21:00:00,2018-07-08 21:00:00,-1.0
EUR_GBP,2018-06-28 21:00:00,2018-07-18 13:00:00,1.0
EUR_AUD,2018-06-29 09:00:00,2018-07-19 09:00:00,-0.1634991349755078
USD_JPY,2018-06-29 17:00:00,2018-07-11 13:00:00,1.0
NZD_CHF,2018-07-01 21:00:00,2018-07-03 01:00:00,1.0
USD_SEK,2018-07-02 09:00:00,2018-07-03 05:00:00,1.0
EUR_GBP,2018-07-02 13:00:00,2018-07-18 13:00:00,1.0
GBP_AUD,2018-07-03 05:00:00,2018-07-09 13:00:00,-1.0
EUR_CAD,2018-07-03 13:00:00,2018-07-23 13:00:00,-0.22332037684498643
USD_PLN,2018-07-03 21:00:00,2018-07-05 05:00:00,1.0
NZD_JPY,2018-07-03 21:00:00,2018-07-06 01:00:00,1.0
AUD_JPY,2018-07-03 21:00:00,2018-07-09 01:00:00,1.0
GBP_JPY,2018-07-04 05:00:00,2018-07-08 21:00:00,1.0
USD_SEK,2018-07-04 09:00:00,2018-07-05 05:00:00,1.0
EUR_NOK,2018-07-04 21:00:00,2018-07-19 09:00:00,-1.0
EUR_USD,2018-07-05 05:00:00,2018-07-09 09:00:00,-1.0
GBP_JPY,2018-07-05 21:00:00,2018-07-09 05:00:00,1.0
USD_ZAR,2018-07-05 21:00:00,2018-07-09 05:00:00,1.0
EUR_NOK,2018-07-06 05:00:00,2018-07-18 13:00:00,-1.0
CAD_JPY,2018-07-06 09:00:00,2018-07-11 13:00:00,1.0
USD_PLN,2018-07-06 09:00:00,2018-07-09 05:00:00,1.0
USD_HUF,2018-07-06 09:00:00,2018-07-09 05:00:00,1.0
AUD_NZD,2018-07-06 13:00:00,2018-07-13 13:00:00,1.0
CHF_JPY,2018-07-08 21:00:00,2018-07-11 17:00:00,1.0
CHF_JPY,2018-07-09 21:00:00,2018-07-12 01:00:00,1.0
USD_NOK,2018-07-10 05:00:00,2018-07-11 17:00:00,0.9999999999999889
CAD_CHF,2018-07-10 09:00:00,2018-07-27 09:00:00,-1.0
EUR_AUD,2018-07-11 09:00:00,2018-07-19 01:00:00,1.0
GBP_CAD,2018-07-11 09:00:00,2018-07-18 05:00:00,-1.0
CAD_CHF,2018-07-11 09:00:00,2018-07-13 13:00:00,-1.0
USD_CZK,2018-07-11 09:00:00,2018-07-12 09:00:00,1.0
EUR_USD,2018-07-11 09:00:00,2018-07-13 05:00:00,1.0
GBP_CHF,2018-07-12 05:00:00,2018-07-18 09:00:00,1.0
USD_PLN,2018-07-12 09:00:00,2018-07-16 09:00:00,1.0
USD_CZK,2018-07-12 13:00:00,2018-07-24 13:00:00,-1.0
EUR_NOK,2018-07-12 13:00:00,2018-07-19 09:00:00,-1.0
NZD_CHF,2018-07-13 17:00:00,2018-08-02 09:00:00,1.0
GBP_CHF,2018-07-16 09:00:00,2018-07-17 09:00:00,1.0
AUD_USD,2018-07-16 09:00:00,2018-07-18 05:00:00,-1.0
CAD_JPY,2018-07-16 17:00:00,2018-07-20 01:00:00,-1.0
CAD_CHF,2018-07-16 21:00:00,2018-08-05 21:00:00,-0.7201537732371306
NZD_JPY,2018-07-16 21:00:00,2018-07-17 01:00:00,1.0
AUD_JPY,2018-07-17 01:00:00,2018-07-20 01:00:00,-1.0
USD_PLN,2018-07-17 05:00:00,2018-07-19 05:00:00,-1.0
USD_ZAR,2018-07-17 05:00:00,2018-07-18 09:00:00,-1.0
EUR_USD,2018-07-18 01:00:00,2018-08-06 09:00:00,1.0
EUR_GBP,2018-07-18 17:00:00,2018-08-07 17:00:00,0.5768022264116974
USD_SGD,2018-07-19 01:00:00,2018-08-08 01:00:00,0.22384947951337156
EUR_AUD,2018-07-19 05:00:00,2018-08-07 05:00:00,1.0
AUD_JPY,2018-07-19 05:00:00,2018-07-20 01:00:00,-1.0
CAD_CHF,2018-07-20 05:00:00,2018-07-26 09:00:00,-1.0
GBP_AUD,2018-07-20 05:00:00,2018-08-07 05:00:00,-1.0
EUR_NOK,2018-07-20 09:00:00,2018-08-07 09:00:00,1.0
EUR_PLN,2018-07-22 21:00:00,2018-07-24 13:00:00,1.0
USD_PLN,2018-07-22 21:00:00,2018-07-25 17:00:00,1.0
USD_HUF,2018-07-22 21:00:00,2018-07-23 05:00:00,-1.0
CAD_CHF,2018-07-23 09:00:00,2018-07-27 05:00:00,-1.0
GBP_CHF,2018-07-23 09:00:00,2018-08-06 05:00:00,1.0
CAD_CHF,2018-07-23 21:00:00,2018-07-26 09:00:00,-1.0
EUR_USD,2018-07-24 05:00:00,2018-08-02 17:00:00,1.0
USD_NOK,2018-07-24 05:00:00,2018-08-09 13:00:00,1.0
GBP_AUD,2018-07-24 09:00:00,2018-08-03 13:00:00,-1.0
USD_CHF,2018-07-24 13:00:00,2018-08-13 13:00:00,0.07138404616838463
NZD_JPY,2018-07-24 21:00:00,2018-07-31 17:00:00,1.0
AUD_USD,2018-07-25 01:00:00,2018-08-10 05:00:00,-1.0
AUD_JPY,2018-07-25 01:00:00,2018-07-31 13:00:00,1.0
AUD_CAD,2018-07-25 01:00:00,2018-07-26 13:00:00,-1.0
NZD_JPY,2018-07-25 09:00:00,2018-07-31 21:00:00,1.0
EUR_JPY,2018-07-25 09:00:00,2018-08-05 21:00:00,-1.0
GBP_JPY,2018-07-25 09:00:00,2018-08-03 13:00:00,-1.0
CAD_JPY,2018-07-25 13:00:00,2018-07-31 05:00:00,1.0
EUR_PLN,2018-07-25 21:00:00,2018-08-01 13:00:00,1.0
GBP_JPY,2018-07-26 05:00:00,2018-08-03 13:00:00,-1.0
EUR_JPY,2018-07-26 05:00:00,2018-08-05 21:00:00,-1.0
GBP_CHF,2018-07-26 09:00:00,2018-07-31 01:00:00,1.0
AUD_NZD,2018-07-29 21:00:00,2018-08-07 01:00:00,1.0
GBP_CAD,2018-07-30 09:00:00,2018-08-02 13:00:00,-1.0
GBP_JPY,2018-07-30 21:00:00,2018-08-06 05:00:00,-1.0
AUD_JPY,2018-07-30 21:00:00,2018-07-31 13:00:00,1.0
USD_SGD,2018-07-31 01:00:00,2018-08-12 21:00:00,-1.0
NZD_JPY,2018-07-31 01:00:00,2018-08-05 21:00:00,-1.0
USD_CHF,2018-07-31 05:00:00,2018-08-06 13:00:00,-1.0
USD_ZAR,2018-07-31 05:00:00,2018-08-01 01:00:00,-1.0
USD_NOK,2018-07-31 09:00:00,2018-08-02 05:00:00,1.0
USD_CAD,2018-07-31 13:00:00,2018-08-20 13:00:00,-0.06436337723834726
EUR_JPY,2018-07-31 17:00:00,2018-08-02 09:00:00,-1.0
CHF_JPY,2018-07-31 17:00:00,2018-08-05 21:00:00,-1.0
NZD_CHF,2018-08-01 09:00:00,2018-08-08 21:00:00,1.0
USD_ZAR,2018-08-01 21:00:00,2018-08-02 09:00:00,-1.0
USD_PLN,2018-08-02 01:00:00,2018-08-03 05:00:00,-1.0
GBP_CHF,2018-08-02 05:00:00,2018-08-06 09:00:00,1.0
NZD_CHF,2018-08-03 05:00:00,2018-08-08 21:00:00,1.0
USD_NOK,2018-08-03 09:00:00,2018-08-09 17:00:00,1.0
USD_CZK,2018-08-03 09:00:00,2018-08-10 05:00:00,1.0
EUR_USD,2018-08-03 09:00:00,2018-08-10 05:00:00,1.0
AUD_NZD,2018-08-05 21:00:00,2018-08-08 21:00:00,1.0
CAD_JPY,2018-08-06 05:00:00,2018-08-10 05:00:00,-1.0
AUD_USD,2018-08-06 09:00:00,2018-08-10 05:00:00,-1.0
AUD_JPY,2018-08-06 13:00:00,2018-08-10 05:00:00,-1.0
USD_CZK,2018-08-06 13:00:00,2018-08-10 05:00:00,1.0
NZD_CAD,2018-08-07 05:00:00,2018-08-09 05:00:00,1.0
GBP_JPY,2018-08-07 09:00:00,2018-08-08 21:00:00,-1.0
GBP_CHF,2018-08-07 21:00:00,2018-08-09 13:00:00,1.0
AUD_NZD,2018-08-08 01:00:00,2018-08-08 21:00:00,1.0
NZD_JPY,2018-08-08 05:00:00,2018-08-08 21:00:00,-1.0
GBP_USD,2018-08-08 05:00:00,2018-08-10 05:00:00,-1.0
GBP_JPY,2018-08-08 05:00:00,2018-08-08 21:00:00,-1.0
EUR_AUD,2018-08-08 09:00:00,2018-08-22 21:00:00,-1.0
EUR_CAD,2018-08-09 09:00:00,2018-08-10 09:00:00,1.0
USD_NOK,2018-08-10 05:00:00,2018-08-13 01:00:00,1.0
NZD_CHF,2018-08-10 09:00:00,2018-08-15 21:00:00,1.0
CAD_CHF,2018-08-10 09:00:00,2018-08-13 01:00:00,1.0
USD_JPY,2018-08-10 13:00:00,2018-08-30 13:00:00,0.3826542123550293
USD_JPY,2018-08-12 21:00:00,2018-08-29 13:00:00,1.0
EUR_USD,2018-08-13 05:00:00,2018-08-20 21:00:00,-1.0
CAD_CHF,2018-08-13 05:00:00,2018-08-30 09:00:00,1.0
GBP_CHF,2018-08-13 05:00:00,2018-08-28 17:00:00,1.0
USD_CHF,2018-08-13 05:00:00,2018-08-21 17:00:00,0.9999999999999888
USD_NOK,2018-08-13 05:00:00,2018-08-15 13:00:00,1.0
USD_SGD,2018-08-13 09:00:00,2018-08-27 13:00:00,1.0
AUD_USD,2018-08-13 09:00:00,2018-08-20 17:00:00,1.0
EUR_PLN,2018-08-13 13:00:00,2018-08-22 17:00:00,1.0
USD_SGD,2018-08-13 21:00:00,2018-08-27 01:00:00,1.0
AUD_USD,2018-08-14 05:00:00,2018-08-20 17:00:00,1.0
USD_JPY,2018-08-14 09:00:00,2018-09-03 09:00:00,0.29153729511155246
USD_CAD,2018-08-14 13:00:00,2018-08-27 13:00:00,1.0
CHF_JPY,2018-08-14 21:00:00,2018-08-23 13:00:00,1.0
USD_NOK,2018-08-15 05:00:00,2018-08-16 17:00:00,1.0
EUR_USD,2018-08-15 05:00:00,2018-08-20 13:00:00,-1.0
GBP_USD,2018-08-15 09:00:00,2018-08-20 21:00:00,1.0
USD_SGD,2018-08-15 09:00:00,2018-08-20 21:00:00,1.0
AUD_JPY,2018-08-15 09:00:00,2018-08-21 01:00:00,1.0
NZD_CHF,2018-08-15 09:00:00,2018-08-17 17:00:00,-1.0
USD_CHF,2018-08-16 05:00:00,2018-08-21 21:00:00,1.0
GBP_USD,2018-08-16 17:00:00,2018-08-21 01:00:00,1.0
USD_SGD,2018-08-17 05:00:00,2018-08-27 13:00:00,1.0
NZD_JPY,2018-08-17 05:00:00,2018-08-21 13:00:00,1.0
USD_PLN,2018-08-17 09:00:00,2018-08-20 21:00:00,1.0
USD_SEK,2018-08-17 09:00:00,2018-08-21 05:00:00,1.0
USD_HUF,2018-08-17 09:00:00,2018-08-20 21:00:00,1.0
EUR_JPY,2018-08-17 09:00:00,2018-08-21 13:00:00,1.0
NZD_JPY,2018-08-17 17:00:00,2018-08-21 13:00:00,1.0
EUR_PLN,2018-08-19 21:00:00,2018-08-22 17:00:00,1.0
GBP_JPY,2018-08-20 17:00:00,2018-08-21 17:00:00,1.0
NZD_JPY,2018-08-20 21:00:00,2018-08-21 13:00:00,1.0
CAD_CHF,2018-08-21 09:00:00,2018-08-29 13:00:00,1.0
USD_ZAR,2018-08-21 17:00:00,2018-08-22 09:00:00,1.0
GBP_JPY,2018-08-22 05:00:00,2018-08-28 09:00:00,1.0
NZD_CAD,2018-08-22 09:00:00,2018-08-29 05:00:00,1.0
EUR_USD,2018-08-22 09:00:00,2018-08-27 21:00:00,-1.0
EUR_JPY,2018-08-22 21:00:00,2018-08-24 13:00:00,1.0
USD_SEK,2018-08-22 21:00:00,2018-08-28 21:00:00,-1.0
GBP_JPY,2018-08-23 01:00:00,2018-08-29 13:00:00,1.0
AUD_JPY,2018-08-23 09:00:00,2018-08-24 13:00:00,1.0
NZD_JPY,2018-08-23 17:00:00,2018-08-26 21:00:00,1.0
AUD_JPY,2018-08-23 17:00:00,2018-08-24 13:00:00,1.0
GBP_CHF,2018-08-24 09:00:00,2018-08-29 13:00:00,1.0
AUD_CAD,2018-08-26 21:00:00,2018-08-29 05:00:00,-1.0
NZD_CAD,2018-08-27 09:00:00,2018-08-30 01:00:00,1.0
GBP_CHF,2018-08-27 09:00:00,2018-08-29 13:00:00,1.0
GBP_AUD,2018-08-27 21:00:00,2018-08-29 13:00:00,1.0
EUR_CAD,2018-08-28 13:00:00,2018-09-05 13:00:00,-1.0
AUD_JPY,2018-08-28 17:00:00,2018-08-30 13:00:00,-1.0
EUR_AUD,2018-08-28 17:00:00,2018-08-31 05:00:00,-1.0
NZD_CHF,2018-08-28 21:00:00,2018-08-30 01:00:00,1.0
EUR_JPY,2018-08-29 05:00:00,2018-08-31 13:00:00,-1.0
CHF_JPY,2018-08-29 05:00:00,2018-08-29 13:00:00,1.0
USD_SGD,2018-08-29 05:00:00,2018-09-05 05:00:00,-1.0
NZD_CAD,2018-08-29 13:00:00,2018-08-30 05:00:00,1.0
EUR_NOK,2018-08-31 05:00:00,2018-09-12 05:00:00,1.0
EUR_USD,2018-09-03 13:00:00,2018-09-20 09:00:00,-1.0
EUR_NOK,2018-09-03 21:00:00,2018-09-12 13:00:00,1.0
AUD_USD,2018-09-04 05:00:00,2018-09-07 13:00:00,-1.0
EUR_AUD,2018-09-04 05:00:00,2018-09-10 13:00:00,-1.0
USD_SEK,2018-09-04 05:00:00,2018-09-11 05:00:00,1.0
AUD_CAD,2018-09-04 05:00:00,2018-09-11 09:00:00,-1.0
NZD_JPY,2018-09-04 05:00:00,2018-09-10 01:00:00,-1.0
AUD_CAD,2018-09-05 05:00:00,2018-09-07 17:00:00,-1.0
USD_NOK,2018-09-06 05:00:00,2018-09-12 09:00:00,-1.0
CAD_CHF,2018-09-06 09:00:00,2018-09-11 17:00:00,-1.0
USD_SGD,2018-09-06 21:00:00,2018-09-21 05:00:00,1.0
CAD_CHF,2018-09-07 01:00:00,2018-09-11 17:00:00,-1.0
USD_SGD,2018-09-07 05:00:00,2018-09-21 05:00:00,1.0
CAD_JPY,2018-09-07 13:00:00,2018-09-11 05:00:00,1.0
EUR_NOK,2018-09-09 21:00:00,2018-09-11 09:00:00,1.0
EUR_PLN,2018-09-09 21:00:00,2018-09-20 05:00:00,1.0
USD_SEK,2018-09-09 21:00:00,2018-09-12 13:00:00,1.0
EUR_USD,2018-09-10 05:00:00,2018-09-13 09:00:00,-1.0
GBP_AUD,2018-09-10 09:00:00,2018-09-10 17:00:00,1.0
USD_SEK,2018-09-11 01:00:00,2018-09-12 13:00:00,1.0
GBP_USD,2018-09-11 05:00:00,2018-09-17 13:00:00,1.0
EUR_GBP,2018-09-11 09:00:00,2018-09-21 13:00:00,1.0
GBP_AUD,2018-09-11 17:00:00,2018-09-13 01:00:00,-1.0
GBP_JPY,2018-09-12 09:00:00,2018-09-13 13:00:00,1.0
GBP_USD,2018-09-12 09:00:00,2018-09-13 13:00:00,1.0
GBP_CHF,2018-09-12 13:00:00,2018-09-21 09:00:00,1.0
CAD_CHF,2018-09-12 13:00:00,2018-09-17 13:00:00,1.0
EUR_GBP,2018-09-12 13:00:00,2018-09-21 13:00:00,1.0
AUD_CAD,2018-09-12 21:00:00,2018-09-18 05:00:00,1.0
CAD_CHF,2018-09-12 21:00:00,2018-09-17 09:00:00,1.0
USD_PLN,2018-09-13 01:00:00,2018-09-14 05:00:00,1.0
USD_CAD,2018-09-13 13:00:00,2018-09-20 13:00:00,1.0
USD_JPY,2018-09-14 01:00:00,2018-09-25 21:00:00,1.0
CAD_CHF,2018-09-14 17:00:00,2018-09-19 17:00:00,-1.0
USD_NOK,2018-09-16 21:00:00,2018-09-18 01:00:00,-1.0
GBP_CAD,2018-09-17 09:00:00,2018-09-21 13:00:00,-1.0
NZD_CHF,2018-09-17 21:00:00,2018-09-19 21:00:00,-1.0
GBP_USD,2018-09-18 05:00:00,2018-09-20 09:00:00,1.0
USD_PLN,2018-09-18 05:00:00,2018-09-20 09:00:00,1.0
USD_HUF,2018-09-18 09:00:00,2018-09-18 13:00:00,1.0
EUR_NOK,2018-09-18 09:00:00,2018-09-28 09:00:00,1.0
USD_SEK,2018-09-18 21:00:00,2018-09-20 09:00:00,1.0
CHF_JPY,2018-09-18 21:00:00,2018-09-21 01:00:00,1.0
EUR_AUD,2018-09-19 05:00:00,2018-10-01 21:00:00,1.0
USD_ZAR,2018-09-19 05:00:00,2018-09-19 09:00:00,1.0
USD_CAD,2018-09-19 09:00:00,2018-09-30 21:00:00,1.0
USD_ZAR,2018-09-19 21:00:00,2018-09-20 05:00:00,1.0
EUR_GBP,2018-09-19 21:00:00,2018-09-21 13:00:00,1.0
EUR_PLN,2018-09-20 09:00:00,2018-10-10 09:00:00,-0.3284664736062782
USD_CAD,2018-09-20 13:00:00,2018-09-27 05:00:00,-1.0
GBP_JPY,2018-09-21 05:00:00,2018-09-21 13:00:00,-1.0
USD_ZAR,2018-09-21 09:00:00,2018-09-24 09:00:00,1.0
CAD_CHF,2018-09-23 21:00:00,2018-09-27 13:00:00,-1.0
USD_CHF,2018-09-23 21:00:00,2018-09-26 09:00:00,-1.0
EUR_USD,2018-09-24 13:00:00,2018-09-27 17:00:00,1.0
USD_HUF,2018-09-24 17:00:00,2018-09-27 21:00:00,-1.0
EUR_JPY,2018-09-25 01:00:00,2018-10-02 05:00:00,-1.0
EUR_NOK,2018-09-25 05:00:00,2018-09-28 05:00:00,1.0
GBP_AUD,2018-09-25 05:00:00,2018-10-04 01:00:00,1.0
EUR_USD,2018-09-25 05:00:00,2018-09-27 21:00:00,1.0
AUD_CAD,2018-09-25 09:00:00,2018-09-26 17:00:00,1.0
NZD_JPY,2018-09-25 21:00:00,2018-10-03 21:00:00,-1.0
USD_PLN,2018-09-25 21:00:00,2018-09-28 09:00:00,-1.0
NZD_JPY,2018-09-26 05:00:00,2018-10-03 21:00:00,-1.0
CHF_JPY,2018-09-26 05:00:00,2018-09-28 17:00:00,-1.0
AUD_JPY,2018-09-26 05:00:00,2018-10-04 01:00:00,-1.0
EUR_AUD,2018-09-26 05:00:00,2018-09-28 09:00:00,1.0
NZD_CHF,2018-09-26 09:00:00,2018-09-28 17:00:00,-1.0
USD_HUF,2018-09-26 09:00:00,2018-09-28 05:00:00,-1.0
USD_PLN,2018-09-26 09:00:00,2018-09-28 09:00:00,-1.0
GBP_CAD,2018-09-26 09:00:00,2018-09-28 13:00:00,-1.0
EUR_GBP,2018-09-26 09:00:00,2018-10-04 17:00:00,-1.0
USD_SGD,2018-09-26 17:00:00,2018-10-03 17:00:00,-1.0
NZD_CHF,2018-09-26 17:00:00,2018-09-28 17:00:00,-1.0
USD_SGD,2018-09-27 01:00:00,2018-10-03 17:00:00,-1.0
EUR_GBP,2018-09-27 05:00:00,2018-10-05 05:00:00,-1.0
GBP_CHF,2018-09-27 05:00:00,2018-10-01 05:00:00,-1.0
GBP_JPY,2018-09-28 05:00:00,2018-10-14 21:00:00,-1.0
GBP_AUD,2018-09-28 05:00:00,2018-10-04 05:00:00,1.0
NZD_USD,2018-09-28 17:00:00,2018-10-03 13:00:00,-1.0
GBP_JPY,2018-10-01 09:00:00,2018-10-14 21:00:00,-1.0
GBP_USD,2018-10-01 09:00:00,2018-10-09 21:00:00,1.0
AUD_NZD,2018-10-01 13:00:00,2018-10-19 09:00:00,-1.0
AUD_JPY,2018-10-01 21:00:00,2018-10-02 05:00:00,-1.0
AUD_USD,2018-10-01 21:00:00,2018-10-03 09:00:00,-1.0
EUR_GBP,2018-10-03 05:00:00,2018-10-05 13:00:00,-1.0
USD_CHF,2018-10-03 05:00:00,2018-10-05 09:00:00,-1.0
NZD_CHF,2018-10-03 13:00:00,2018-10-05 01:00:00,1.0
GBP_AUD,2018-10-04 01:00:00,2018-10-04 13:00:00,1.0
CAD_CHF,2018-10-04 09:00:00,2018-10-08 05:00:00,1.0
NZD_CHF,2018-10-04 09:00:00,2018-10-05 13:00:00,1.0
AUD_CAD,2018-10-05 05:00:00,2018-10-10 01:00:00,1.0
USD_NOK,2018-10-05 05:00:00,2018-10-12 17:00:00,-1.0
USD_NOK,2018-10-05 17:00:00,2018-10-12 17:00:00,-1.0
USD_ZAR,2018-10-07 21:00:00,2018-10-09 09:00:00,-1.0
USD_PLN,2018-10-07 21:00:00,2018-10-11 09:00:00,1.0
EUR_PLN,2018-10-07 21:00:00,2018-10-15 05:00:00,1.0
AUD_JPY,2018-10-08 05:00:00,2018-10-10 17:00:00,-1.0
NZD_JPY,2018-10-08 05:00:00,2018-10-10 17:00:00,-1.0
AUD_USD,2018-10-08 05:00:00,2018-10-09 21:00:00,1.0
AUD_CAD,2018-10-08 21:00:00,2018-10-11 09:00:00,1.0
EUR_NOK,2018-10-08 21:00:00,2018-10-16 05:00:00,1.0
USD_SEK,2018-10-09 05:00:00,2018-10-11 09:00:00,1.0
USD_SGD,2018-10-09 05:00:00,2018-10-29 05:00:00,0.15597019236324774
USD_ZAR,2018-10-09 09:00:00,2018-10-09 13:00:00,1.0
USD_JPY,2018-10-09 13:00:00,2018-10-11 17:00:00,-1.0
EUR_NOK,2018-10-11 01:00:00,2018-10-31 01:00:00,-0.5209913052269672
GBP_AUD,2018-10-11 05:00:00,2018-10-12 09:00:00,-1.0
CAD_CHF,2018-10-11 05:00:00,2018-10-16 13:00:00,-1.0
NZD_CHF,2018-10-11 05:00:00,2018-10-11 13:00:00,-1.0
GBP_USD,2018-10-11 13:00:00,2018-10-18 13:00:00,-1.0
GBP_JPY,2018-10-11 13:00:00,2018-10-18 13:00:00,-1.0
CAD_JPY,2018-10-11 13:00:00,2018-10-16 13:00:00,1.0
EUR_GBP,2018-10-12 05:00:00,2018-10-22 09:00:00,1.0
EUR_PLN,2018-10-12 13:00:00,2018-10-31 21:00:00,-1.0
EUR_PLN,2018-10-14 21:00:00,2018-11-01 21:00:00,-0.06550001041518326
GBP_JPY,2018-10-15 13:00:00,2018-10-16 05:00:00,1.0
GBP_AUD,2018-10-15 13:00:00,2018-10-24 09:00:00,-1.0
CHF_JPY,2018-10-15 21:00:00,2018-10-26 05:00:00,-1.0
USD_CHF,2018-10-15 21:00:00,2018-10-24 09:00:00,-1.0
AUD_USD,2018-10-16 01:00:00,2018-10-24 21:00:00,-1.0
USD_SGD,2018-10-16 01:00:00,2018-11-05 02:00:00,0.05518843947426441
USD_CZK,2018-10-16 13:00:00,2018-10-18 05:00:00,1.0
EUR_CAD,2018-10-16 13:00:00,2018-10-24 13:00:00,1.0
USD_SGD,2018-10-17 01:00:00,2018-11-06 02:00:00,0.04943728734696329
AUD_USD,2018-10-17 01:00:00,2018-10-23 01:00:00,-1.0
EUR_JPY,2018-10-17 01:00:00,2018-10-18 17:00:00,-1.0
USD_JPY,2018-10-17 01:00:00,2018-10-31 13:00:00,1.0
USD_NOK,2018-10-17 05:00:00,2018-10-18 05:00:00,1.0
EUR_AUD,2018-10-17 09:00:00,2018-10-25 13:00:00,1.0
AUD_JPY,2018-10-17 09:00:00,2018-10-23 09:00:00,-1.0
EUR_GBP,2018-10-18 09:00:00,2018-10-25 13:00:00,1.0
GBP_CHF,2018-10-18 09:00:00,2018-10-23 05:00:00,1.0
CAD_CHF,2018-10-18 09:00:00,2018-11-07 10:00:00,0.11920512451040358
GBP_CHF,2018-10-19 05:00:00,2018-10-24 13:00:00,1.0
CAD_CHF,2018-10-19 05:00:00,2018-11-08 06:00:00,-0.324815654018929
GBP_AUD,2018-10-19 09:00:00,2018-10-25 13:00:00,-1.0
EUR_PLN,2018-10-19 17:00:00,2018-11-08 18:00:00,0.5170724458664309
USD_ZAR,2018-10-21 21:00:00,2018-10-22 05:00:00,1.0
CHF_JPY,2018-10-21 21:00:00,2018-10-26 13:00:00,-1.0
USD_CHF,2018-10-21 21:00:00,2018-10-31 13:00:00,-1.0
NZD_JPY,2018-10-21 21:00:00,2018-10-23 13:00:00,-1.0
USD_CHF,2018-10-22 21:00:00,2018-10-31 13:00:00,-1.0
EUR_USD,2018-10-23 05:00:00,2018-10-26 09:00:00,1.0
GBP_CHF,2018-10-23 05:00:00,2018-10-26 05:00:00,1.0
NZD_CAD,2018-10-23 05:00:00,2018-10-24 13:00:00,1.0
EUR_AUD,2018-10-23 09:00:00,2018-10-24 09:00:00,1.0
USD_PLN,2018-10-23 13:00:00,2018-10-25 13:00:00,-1.0
GBP_JPY,2018-10-23 13:00:00,2018-10-24 21:00:00,-1.0
NZD_USD,2018-10-24 05:00:00,2018-10-26 01:00:00,-1.0
CHF_JPY,2018-10-24 05:00:00,2018-10-26 09:00:00,-1.0
EUR_JPY,2018-10-24 05:00:00,2018-10-26 01:00:00,-1.0
GBP_JPY,2018-10-24 05:00:00,2018-10-24 21:00:00,-1.0
NZD_JPY,2018-10-24 05:00:00,2018-10-24 21:00:00,-1.0
NZD_CHF,2018-10-24 09:00:00,2018-10-26 05:00:00,1.0
GBP_AUD,2018-10-25 09:00:00,2018-10-30 05:00:00,-1.0
EUR_USD,2018-10-25 09:00:00,2018-10-31 13:00:00,1.0
AUD_NZD,2018-10-25 13:00:00,2018-11-06 22:00:00,-1.0
USD_PLN,2018-10-26 09:00:00,2018-10-31 13:00:00,-1.0
GBP_USD,2018-10-26 09:00:00,2018-11-01 09:00:00,1.0
USD_HUF,2018-10-26 09:00:00,2018-11-01 13:00:00,1.0
AUD_NZD,2018-10-26 09:00:00,2018-11-06 22:00:00,-1.0
EUR_PLN,2018-10-26 09:00:00,2018-11-15 10:00:00,0.4862578301641923
AUD_USD,2018-10-26 09:00:00,2018-10-26 13:00:00,1.0
EUR_GBP,2018-10-26 09:00:00,2018-11-01 13:00:00,-1.0
USD_ZAR,2018-10-26 09:00:00,2018-10-29 05:00:00,1.0
EUR_PLN,2018-10-26 17:00:00,2018-11-15 18:00:00,0.4349871496870467
GBP_JPY,2018-10-29 01:00:00,2018-10-31 13:00:00,1.0
EUR_GBP,2018-10-29 09:00:00,2018-11-01 13:00:00,-1.0
USD_NOK,2018-10-29 09:00:00,2018-10-31 09:00:00,1.0
EUR_USD,2018-10-29 09:00:00,2018-11-12 06:00:00,1.0
USD_CZK,2018-10-29 09:00:00,2018-10-31 05:00:00,1.0
USD_SGD,2018-10-31 09:00:00,2018-11-02 09:00:00,1.0
EUR_NOK,2018-10-31 09:00:00,2018-11-16 14:00:00,-1.0
USD_HUF,2018-10-31 09:00:00,2018-11-01 09:00:00,1.0
USD_SEK,2018-10-31 09:00:00,2018-11-01 05:00:00,1.0
AUD_USD,2018-10-31 09:00:00,2018-11-01 05:00:00,1.0
AUD_JPY,2018-10-31 13:00:00,2018-11-01 09:00:00,1.0
AUD_NZD,2018-11-01 01:00:00,2018-11-06 22:00:00,-1.0
GBP_CAD,2018-11-01 09:00:00,2018-11-01 17:00:00,1.0
EUR_PLN,2018-11-02 09:00:00,2018-11-08 14:00:00,1.0
GBP_CAD,2018-11-02 09:00:00,2018-11-06 06:00:00,1.0
EUR_PLN,2018-11-02 17:00:00,2018-11-08 14:00:00,1.0
USD_PLN,2018-11-04 22:00:00,2018-11-06 22:00:00,1.0
EUR_JPY,2018-11-05 06:00:00,2018-11-07 10:00:00,0.999999999999989
GBP_CAD,2018-11-05 10:00:00,2018-11-06 10:00:00,1.0
AUD_USD,2018-11-05 10:00:00,2018-11-07 02:00:00,1.0
AUD_CAD,2018-11-05 10:00:00,2018-11-07 02:00:00,1.0
USD_CAD,2018-11-05 14:00:00,2018-11-12 18:00:00,-1.0
CHF_JPY,2018-11-05 22:00:00,2018-11-21 10:00:00,1.0
NZD_JPY,2018-11-05 22:00:00,2018-11-06 18:00:00,1.0
GBP_USD,2018-11-06 10:00:00,2018-11-11 22:00:00,-1.0
GBP_CAD,2018-11-06 10:00:00,2018-11-14 18:00:00,1.0
AUD_CAD,2018-11-06 22:00:00,2018-11-14 14:00:00,1.0
USD_SEK,2018-11-06 22:00:00,2018-11-08 06:00:00,1.0
USD_SGD,2018-11-06 22:00:00,2018-11-26 22:00:00,-0.02109581866326143
USD_PLN,2018-11-06 22:00:00,2018-11-07 10:00:00,1.0
AUD_USD,2018-11-06 22:00:00,2018-11-07 10:00:00,1.0
EUR_AUD,2018-11-06 22:00:00,2018-11-08 10:00:00,1.0
USD_CHF,2018-11-06 22:00:00,2018-11-19 14:00:00,0.9999999999999889
GBP_AUD,2018-11-07 02:00:00,2018-11-11 22:00:00,-1.0
USD_SEK,2018-11-07 06:00:00,2018-11-07 10:00:00,1.0
AUD_JPY,2018-11-07 06:00:00,2018-11-08 02:00:00,1.0
EUR_NOK,2018-11-07 22:00:00,2018-11-16 14:00:00,-1.0
NZD_CHF,2018-11-08 10:00:00,2018-11-15 18:00:00,-1.0
GBP_CHF,2018-11-08 10:00:00,2018-11-09 18:00:00,1.0
NZD_CHF,2018-11-08 22:00:00,2018-11-15 22:00:00,-1.0
EUR_NOK,2018-11-09 06:00:00,2018-11-14 06:00:00,-1.0
USD_CZK,2018-11-09 10:00:00,2018-11-12 06:00:00,1.0
USD_NOK,2018-11-09 18:00:00,2018-11-12 18:00:00,1.0
CHF_JPY,2018-11-11 22:00:00,2018-11-28 14:00:00,1.0
EUR_GBP,2018-11-12 06:00:00,2018-11-13 14:00:00,-1.0
EUR_CAD,2018-11-12 18:00:00,2018-11-16 14:00:00,-1.0
CAD_CHF,2018-11-13 10:00:00,2018-11-19 10:00:00,1.0
AUD_JPY,2018-11-13 14:00:00,2018-11-15 18:00:00,1.0
EUR_AUD,2018-11-14 14:00:00,2018-11-15 10:00:00,1.0
EUR_JPY,2018-11-14 14:00:00,2018-12-04 14:00:00,-0.2853311712610594
GBP_CAD,2018-11-14 18:00:00,2018-11-15 06:00:00,-1.0
GBP_USD,2018-11-14 18:00:00,2018-11-15 06:00:00,-1.0
USD_ZAR,2018-11-16 06:00:00,2018-11-16 10:00:00,1.0
USD_SGD,2018-11-16 06:00:00,2018-12-06 06:00:00,0.43151356652499306
USD_HUF,2018-11-16 10:00:00,2018-11-19 06:00:00,1.0
EUR_JPY,2018-11-16 10:00:00,2018-12-06 10:00:00,-0.31152890598836813
GBP_CAD,2018-11-19 10:00:00,2018-11-22 10:00:00,1.0
USD_PLN,2018-11-19 10:00:00,2018-12-04 06:00:00,1.0
GBP_USD,2018-11-19 10:00:00,2018-12-04 14:00:00,-1.0
GBP_AUD,2018-11-19 10:00:00,2018-11-20 10:00:00,1.0
NZD_CHF,2018-11-20 06:00:00,2018-11-25 22:00:00,1.0
GBP_CHF,2018-11-20 10:00:00,2018-12-07 06:00:00,1.0
AUD_USD,2018-11-21 10:00:00,2018-11-28 14:00:00,1.0
USD_CHF,2018-11-21 14:00:00,2018-12-11 14:00:00,0.24402980578039993
AUD_USD,2018-11-22 06:00:00,2018-11-28 14:00:00,1.0
USD_SGD,2018-11-23 06:00:00,2018-12-13 06:00:00,0.22856976473329685
AUD_CAD,2018-11-23 10:00:00,2018-11-28 10:00:00,1.0
NZD_CAD,2018-11-23 18:00:00,2018-11-28 14:00:00,-1.0
USD_NOK,2018-11-25 22:00:00,2018-12-04 06:00:00,-1.0
CAD_CHF,2018-11-26 14:00:00,2018-11-28 18:00:00,1.0
NZD_CHF,2018-11-26 14:00:00,2018-11-30 14:00:00,-1.0
GBP_JPY,2018-11-27 06:00:00,2018-12-04 14:00:00,-1.0
EUR_JPY,2018-11-27 06:00:00,2018-12-17 06:00:00,-0.08482358251234115
USD_SEK,2018-11-27 06:00:00,2018-12-04 02:00:00,1.0
CHF_JPY,2018-11-27 06:00:00,2018-12-17 06:00:00,0.17784508108680355
EUR_CAD,2018-11-27 10:00:00,2018-12-05 14:00:00,-1.0
NZD_USD,2018-11-27 14:00:00,2018-11-28 14:00:00,1.0
USD_JPY,2018-11-28 06:00:00,2018-12-04 18:00:00,-1.0
CHF_JPY,2018-11-28 06:00:00,2018-12-18 06:00:00,-0.44356999183129203
USD_CHF,2018-11-28 14:00:00,2018-12-06 14:00:00,1.0
USD_PLN,2018-11-28 14:00:00,2018-11-28 18:00:00,1.0
USD_SEK,2018-11-28 14:00:00,2018-11-29 06:00:00,1.0
USD_SGD,2018-11-28 14:00:00,2018-12-04 06:00:00,1.0
AUD_USD,2018-11-28 14:00:00,2018-11-28 18:00:00,1.0
AUD_NZD,2018-11-28 14:00:00,2018-12-04 22:00:00,-1.0
GBP_JPY,2018-11-28 22:00:00,2018-12-04 02:00:00,-1.0
USD_CAD,2018-11-29 06:00:00,2018-12-06 06:00:00,-1.0
USD_SEK,2018-11-29 06:00:00,2018-12-05 10:00:00,1.0
GBP_USD,2018-11-29 06:00:00,2018-12-04 14:00:00,-1.0
USD_HUF,2018-11-29 10:00:00,2018-12-19 10:00:00,0.6158340267610537
AUD_JPY,2018-11-29 10:00:00,2018-12-02 22:00:00,1.0
EUR_GBP,2018-11-29 22:00:00,2018-12-10 10:00:00,1.0
AUD_JPY,2018-11-30 14:00:00,2018-12-02 22:00:00,1.0
USD_JPY,2018-11-30 18:00:00,2018-12-06 14:00:00,-1.0
GBP_CHF,2018-12-02 22:00:00,2018-12-07 14:00:00,1.0
EUR_GBP,2018-12-03 06:00:00,2018-12-09 22:00:00,1.0
USD_HUF,2018-12-03 10:00:00,2018-12-19 14:00:00,1.0
USD_CHF,2018-12-03 18:00:00,2018-12-09 22:00:00,1.0
USD_SGD,2018-12-03 18:00:00,2018-12-21 18:00:00,-0.5381336413953438
USD_ZAR,2018-12-03 18:00:00,2018-12-04 06:00:00,1.0
EUR_GBP,2018-12-03 22:00:00,2018-12-10 10:00:00,1.0
NZD_CHF,2018-12-04 22:00:00,2018-12-05 22:00:00,1.0
GBP_AUD,2018-12-04 22:00:00,2018-12-05 06:00:00,1.0
EUR_USD,2018-12-05 06:00:00,2018-12-20 06:00:00,-1.0
GBP_CHF,2018-12-05 06:00:00,2018-12-10 10:00:00,1.0
USD_NOK,2018-12-05 06:00:00,2018-12-14 06:00:00,1.0
CAD_JPY,2018-12-06 14:00:00,2018-12-07 10:00:00,1.0
NZD_JPY,2018-12-06 14:00:00,2018-12-11 10:00:00,1.0
AUD_JPY,2018-12-07 06:00:00,2018-12-13 14:00:00,1.0
GBP_JPY,2018-12-07 06:00:00,2018-12-10 10:00:00,-1.0
USD_SGD,2018-12-07 06:00:00,2018-12-28 06:00:00,0.15183700881093162
AUD_JPY,2018-12-10 22:00:00,2018-12-13 06:00:00,1.0
AUD_JPY,2018-12-11 06:00:00,2018-12-13 06:00:00,1.0
AUD_USD,2018-12-11 14:00:00,2018-12-19 18:00:00,-1.0
USD_CAD,2018-12-11 14:00:00,2018-12-21 10:00:00,-1.0
USD_NOK,2018-12-12 10:00:00,2018-12-17 14:00:00,1.0
AUD_USD,2018-12-12 10:00:00,2018-12-19 18:00:00,-1.0
AUD_CAD,2018-12-12 10:00:00,2019-01-02 10:00:00,-1.0
AUD_JPY,2018-12-12 10:00:00,2018-12-17 18:00:00,-1.0
AUD_CAD,2018-12-12 22:00:00,2019-01-02 14:00:00,-1.0
USD_SEK,2018-12-13 10:00:00,2018-12-20 06:00:00,1.0
NZD_CHF,2018-12-13 18:00:00,2018-12-13 22:00:00,1.0
GBP_JPY,2018-12-13 22:00:00,2018-12-18 06:00:00,-1.0
CAD_CHF,2018-12-13 22:00:00,2018-12-18 14:00:00,1.0
USD_ZAR,2018-12-17 10:00:00,2018-12-18 06:00:00,1.0
GBP_AUD,2018-12-17 22:00:00,2018-12-19 18:00:00,1.0
EUR_GBP,2018-12-18 10:00:00,2019-01-02 22:00:00,1.0
NZD_JPY,2018-12-18 10:00:00,2018-12-19 18:00:00,-1.0
USD_SGD,2018-12-18 14:00:00,2019-01-06 22:00:00,1.0
GBP_JPY,2018-12-19 02:00:00,2018-12-20 18:00:00,-1.0
GBP_AUD,2018-12-19 06:00:00,2018-12-19 18:00:00,1.0
CAD_CHF,2018-12-19 10:00:00,2018-12-20 18:00:00,1.0
GBP_CAD,2018-12-19 10:00:00,2018-12-21 14:00:00,1.0
USD_NOK,2018-12-19 14:00:00,2018-12-21 18:00:00,1.0
NZD_CAD,2018-12-20 06:00:00,2019-01-02 22:00:00,1.0
USD_SGD,2018-12-20 18:00:00,2019-01-06 22:00:00,1.0
NZD_JPY,2018-12-20 22:00:00,2018-12-24 10:00:00,-1.0
GBP_USD,2018-12-21 02:00:00,2018-12-31 10:00:00,1.0
EUR_GBP,2018-12-21 06:00:00,2018-12-31 10:00:00,-1.0
NZD_CAD,2018-12-21 18:00:00,2019-01-02 14:00:00,1.0
CHF_JPY,2018-12-24 14:00:00,2018-12-28 10:00:00,1.0
CHF_JPY,2018-12-25 22:00:00,2018-12-28 10:00:00,1.0
EUR_AUD,2018-12-26 02:00:00,2018-12-26 18:00:00,1.0
CAD_CHF,2018-12-26 06:00:00,2018-12-26 18:00:00,-1.0
USD_SEK,2018-12-26 14:00:00,2018-12-27 14:00:00,1.0
AUD_JPY,2018-12-27 06:00:00,2018-12-31 14:00:00,-1.0
USD_JPY,2018-12-27 06:00:00,2018-12-31 14:00:00,-1.0
NZD_JPY,2018-12-27 06:00:00,2018-12-31 10:00:00,-1.0
GBP_JPY,2018-12-27 06:00:00,2019-01-02 06:00:00,-1.0
GBP_AUD,2018-12-27 10:00:00,2018-12-31 10:00:00,1.0
GBP_CAD,2018-12-27 10:00:00,2018-12-31 10:00:00,1.0
USD_ZAR,2018-12-27 14:00:00,2018-12-28 10:00:00,1.0
GBP_USD,2018-12-28 06:00:00,2018-12-31 10:00:00,1.0
USD_SEK,2018-12-28 10:00:00,2018-12-31 14:00:00,1.0
EUR_USD,2018-12-28 10:00:00,2019-01-02 14:00:00,1.0
USD_SGD,2018-12-30 22:00:00,2019-01-09 14:00:00,1.0
CAD_CHF,2018-12-30 22:00:00,2019-01-03 10:00:00,-1.0
EUR_NOK,2018-12-30 22:00:00,2018-12-31 14:00:00,1.0
USD_CHF,2018-12-30 22:00:00,2019-01-09 14:00:00,1.0
EUR_USD,2018-12-31 06:00:00,2019-01-02 18:00:00,1.0
EUR_PLN,2018-12-31 10:00:00,2019-01-21 10:00:00,0.42218673697695824
USD_ZAR,2018-12-31 10:00:00,2019-01-02 22:00:00,-1.0
CAD_CHF,2018-12-31 14:00:00,2019-01-03 14:00:00,-1.0
USD_SGD,2018-12-31 18:00:00,2019-01-11 10:00:00,1.0
USD_ZAR,2018-12-31 18:00:00,2019-01-02 22:00:00,-1.0
EUR_PLN,2018-12-31 18:00:00,2019-01-21 18:00:00,0.44926819872693896
GBP_CAD,2019-01-01 22:00:00,2019-01-02 14:00:00,-1.0
USD_HUF,2019-01-01 22:00:00,2019-01-02 14:00:00,-1.0
USD_PLN,2019-01-02 06:00:00,2019-01-02 14:00:00,-1.0
NZD_CHF,2019-01-02 22:00:00,2019-01-03 02:00:00,1.0
EUR_JPY,2019-01-04 06:00:00,2019-01-07 14:00:00,1.0
USD_SGD,2019-01-04 10:00:00,2019-01-24 10:00:00,0.20615833840781073
USD_SEK,2019-01-04 10:00:00,2019-01-07 10:00:00,1.0
USD_CHF,2019-01-04 10:00:00,2019-01-09 14:00:00,1.0
NZD_CAD,2019-01-04 14:00:00,2019-01-08 14:00:00,1.0
GBP_AUD,2019-01-07 14:00:00,2019-01-11 02:00:00,-1.0
GBP_CHF,2019-01-07 22:00:00,2019-01-13 22:00:00,-1.0
GBP_AUD,2019-01-08 02:00:00,2019-01-11 02:00:00,-1.0
USD_CHF,2019-01-08 10:00:00,2019-01-10 02:00:00,1.0
GBP_CAD,2019-01-09 10:00:00,2019-01-11 14:00:00,1.0
NZD_CHF,2019-01-09 10:00:00,2019-01-11 02:00:00,-1.0
NZD_CHF,2019-01-09 18:00:00,2019-01-11 06:00:00,-1.0
GBP_USD,2019-01-10 06:00:00,2019-01-14 14:00:00,1.0
USD_SEK,2019-01-10 06:00:00,2019-01-13 22:00:00,-1.0
EUR_JPY,2019-01-10 06:00:00,2019-01-30 06:00:00,0.31459916695425366
USD_ZAR,2019-01-10 06:00:00,2019-01-11 06:00:00,1.0
EUR_JPY,2019-01-10 14:00:00,2019-01-30 14:00:00,0.4530229644087885
AUD_USD,2019-01-10 14:00:00,2019-01-24 02:00:00,-1.0
EUR_CAD,2019-01-11 10:00:00,2019-01-18 14:00:00,1.0
EUR_USD,2019-01-11 10:00:00,2019-01-15 10:00:00,1.0
CHF_JPY,2019-01-11 10:00:00,2019-01-31 10:00:00,-0.7400613842326067
EUR_PLN,2019-01-13 22:00:00,2019-01-31 10:00:00,1.0
AUD_USD,2019-01-13 22:00:00,2019-01-22 06:00:00,-1.0
USD_CAD,2019-01-15 14:00:00,2019-01-30 18:00:00,1.0
EUR_USD,2019-01-16 02:00:00,2019-01-24 14:00:00,1.0
GBP_AUD,2019-01-17 06:00:00,2019-01-22 10:00:00,1.0
EUR_USD,2019-01-17 06:00:00,2019-01-31 06:00:00,-1.0
AUD_JPY,2019-01-17 14:00:00,2019-01-17 18:00:00,1.0
CHF_JPY,2019-01-17 14:00:00,2019-02-06 14:00:00,0.042002611466719
NZD_CAD,2019-01-18 10:00:00,2019-01-23 14:00:00,-1.0
NZD_JPY,2019-01-18 18:00:00,2019-01-25 10:00:00,1.0
AUD_JPY,2019-01-18 18:00:00,2019-01-22 18:00:00,-1.0
EUR_PLN,2019-01-20 22:00:00,2019-01-31 14:00:00,1.0
EUR_GBP,2019-01-20 22:00:00,2019-01-23 10:00:00,-1.0
AUD_USD,2019-01-21 06:00:00,2019-01-24 22:00:00,-1.0
CAD_CHF,2019-01-21 14:00:00,2019-02-01 14:00:00,-1.0
USD_CHF,2019-01-22 10:00:00,2019-02-10 22:00:00,-1.0
CHF_JPY,2019-01-22 10:00:00,2019-02-11 10:00:00,0.29192285938441337
USD_SGD,2019-01-22 14:00:00,2019-01-30 18:00:00,1.0
AUD_JPY,2019-01-22 14:00:00,2019-01-25 14:00:00,1.0
CHF_JPY,2019-01-22 18:00:00,2019-01-25 14:00:00,1.0
EUR_JPY,2019-01-22 18:00:00,2019-01-25 14:00:00,1.0
USD_NOK,2019-01-22 22:00:00,2019-01-25 18:00:00,-1.0
AUD_CAD,2019-01-23 06:00:00,2019-02-06 02:00:00,-1.0
USD_CZK,2019-01-23 22:00:00,2019-01-24 14:00:00,1.0
EUR_JPY,2019-01-23 22:00:00,2019-02-04 10:00:00,1.0
CHF_JPY,2019-01-24 06:00:00,2019-02-10 22:00:00,-1.0
EUR_JPY,2019-01-24 06:00:00,2019-02-04 06:00:00,1.0
CAD_CHF,2019-01-24 06:00:00,2019-01-30 10:00:00,-1.0
NZD_JPY,2019-01-24 10:00:00,2019-01-25 14:00:00,1.0
USD_JPY,2019-01-24 10:00:00,2019-01-31 14:00:00,-1.0
AUD_JPY,2019-01-24 10:00:00,2019-01-25 14:00:00,1.0
USD_ZAR,2019-01-24 10:00:00,2019-01-24 14:00:00,1.0
EUR_PLN,2019-01-24 22:00:00,2019-02-10 22:00:00,-1.0
AUD_JPY,2019-01-24 22:00:00,2019-01-25 10:00:00,1.0
CHF_JPY,2019-01-24 22:00:00,2019-02-10 22:00:00,-1.0
USD_SGD,2019-01-24 22:00:00,2019-01-30 18:00:00,1.0
USD_CHF,2019-01-28 18:00:00,2019-02-06 18:00:00,-1.0
NZD_CHF,2019-01-29 02:00:00,2019-01-30 18:00:00,-1.0
GBP_AUD,2019-01-29 02:00:00,2019-01-30 06:00:00,-1.0
USD_SEK,2019-01-29 10:00:00,2019-02-05 18:00:00,-1.0
USD_SEK,2019-01-29 22:00:00,2019-02-06 10:00:00,-1.0
USD_SGD,2019-01-29 22:00:00,2019-02-18 22:00:00,-0.3244473678375926
EUR_NOK,2019-01-29 22:00:00,2019-02-11 06:00:00,-1.0
NZD_JPY,2019-01-29 22:00:00,2019-01-30 22:00:00,1.0
USD_ZAR,2019-01-30 06:00:00,2019-01-30 18:00:00,1.0
USD_PLN,2019-01-30 14:00:00,2019-01-31 06:00:00,1.0
AUD_JPY,2019-01-30 18:00:00,2019-02-01 14:00:00,1.0
EUR_PLN,2019-01-30 22:00:00,2019-02-10 22:00:00,-1.0
NZD_JPY,2019-01-31 06:00:00,2019-02-05 02:00:00,1.0
AUD_JPY,2019-01-31 06:00:00,2019-02-05 02:00:00,1.0
USD_SEK,2019-02-01 10:00:00,2019-02-06 10:00:00,-1.0
NZD_CHF,2019-02-01 10:00:00,2019-02-06 18:00:00,1.0
NZD_JPY,2019-02-04 10:00:00,2019-02-06 18:00:00,-1.0
AUD_JPY,2019-02-04 22:00:00,2019-02-06 02:00:00,-1.0
USD_SGD,2019-02-04 22:00:00,2019-02-24 22:00:00,0.24156909097625612
EUR_GBP,2019-02-04 22:00:00,2019-02-19 18:00:00,-1.0
AUD_USD,2019-02-04 22:00:00,2019-02-06 06:00:00,-1.0
USD_JPY,2019-02-05 02:00:00,2019-02-13 14:00:00,1.0
NZD_USD,2019-02-05 06:00:00,2019-02-06 18:00:00,-1.0
NZD_CAD,2019-02-05 10:00:00,2019-02-06 18:00:00,1.0
GBP_AUD,2019-02-05 10:00:00,2019-02-06 06:00:00,1.0
GBP_CHF,2019-02-06 06:00:00,2019-02-19 22:00:00,-1.0
USD_JPY,2019-02-06 22:00:00,2019-02-13 10:00:00,1.0
GBP_JPY,2019-02-06 22:00:00,2019-02-19 10:00:00,1.0
GBP_AUD,2019-02-07 02:00:00,2019-02-14 14:00:00,-1.0
GBP_JPY,2019-02-07 06:00:00,2019-02-13 10:00:00,1.0
GBP_CHF,2019-02-08 10:00:00,2019-02-25 14:00:00,-1.0
EUR_USD,2019-02-08 10:00:00,2019-02-28 10:00:00,-0.38259121803291557
EUR_PLN,2019-02-10 22:00:00,2019-02-28 22:00:00,0.596846066819055
NZD_JPY,2019-02-11 10:00:00,2019-02-12 22:00:00,1.0
AUD_JPY,2019-02-11 10:00:00,2019-02-12 22:00:00,1.0
EUR_GBP,2019-02-11 10:00:00,2019-02-14 14:00:00,1.0
EUR_USD,2019-02-12 06:00:00,2019-02-26 18:00:00,-1.0
NZD_JPY,2019-02-12 10:00:00,2019-02-12 22:00:00,1.0
GBP_USD,2019-02-13 06:00:00,2019-02-19 14:00:00,1.0
GBP_CHF,2019-02-13 10:00:00,2019-02-14 14:00:00,1.0
CHF_JPY,2019-02-13 14:00:00,2019-02-25 14:00:00,1.0
NZD_JPY,2019-02-13 18:00:00,2019-02-18 02:00:00,1.0
AUD_JPY,2019-02-13 18:00:00,2019-02-19 22:00:00,1.0
USD_JPY,2019-02-13 22:00:00,2019-03-01 06:00:00,1.0
CHF_JPY,2019-02-13 22:00:00,2019-02-25 14:00:00,1.0
USD_HUF,2019-02-14 14:00:00,2019-02-18 10:00:00,1.0
USD_NOK,2019-02-14 18:00:00,2019-02-26 18:00:00,-1.0
AUD_CAD,2019-02-14 22:00:00,2019-02-21 14:00:00,-1.0
EUR_PLN,2019-02-14 22:00:00,2019-03-06 22:00:00,0.8604887631511516
EUR_JPY,2019-02-15 10:00:00,2019-02-19 14:00:00,1.0
USD_PLN,2019-02-15 10:00:00,2019-02-26 10:00:00,1.0
USD_HUF,2019-02-15 10:00:00,2019-02-19 14:00:00,1.0
USD_JPY,2019-02-15 14:00:00,2019-02-28 18:00:00,1.0
USD_PLN,2019-02-15 18:00:00,2019-02-20 14:00:00,1.0
USD_SEK,2019-02-15 18:00:00,2019-02-19 10:00:00,-1.0
CAD_CHF,2019-02-18 22:00:00,2019-03-01 18:00:00,1.0
EUR_USD,2019-02-19 06:00:00,2019-02-28 10:00:00,-1.0
USD_CHF,2019-02-19 10:00:00,2019-02-28 10:00:00,0.999999999999989
USD_PLN,2019-02-19 10:00:00,2019-02-26 18:00:00,1.0
GBP_AUD,2019-02-20 06:00:00,2019-02-21 06:00:00,1.0
EUR_NOK,2019-02-20 06:00:00,2019-03-06 06:00:00,-1.0
CAD_CHF,2019-02-20 10:00:00,2019-03-01 14:00:00,1.0
EUR_USD,2019-02-20 14:00:00,2019-03-07 14:00:00,1.0
CAD_CHF,2019-02-20 18:00:00,2019-03-01 14:00:00,1.0
USD_HUF,2019-02-20 18:00:00,2019-02-28 10:00:00,1.0
CAD_CHF,2019-02-21 02:00:00,2019-03-01 14:00:00,1.0
USD_CHF,2019-02-21 06:00:00,2019-03-07 18:00:00,-1.0
USD_CHF,2019-02-21 14:00:00,2019-03-07 18:00:00,-1.0
USD_PLN,2019-02-21 22:00:00,2019-02-27 06:00:00,1.0
USD_CHF,2019-02-22 10:00:00,2019-03-07 14:00:00,-1.0
USD_CZK,2019-02-22 14:00:00,2019-03-07 14:00:00,1.0
EUR_USD,2019-02-22 14:00:00,2019-03-07 14:00:00,1.0
USD_SEK,2019-02-22 18:00:00,2019-02-27 06:00:00,1.0
EUR_USD,2019-02-24 22:00:00,2019-03-07 14:00:00,1.0
USD_CZK,2019-02-24 22:00:00,2019-03-07 14:00:00,1.0
NZD_CHF,2019-02-25 06:00:00,2019-02-28 10:00:00,1.0
USD_PLN,2019-02-25 14:00:00,2019-02-27 10:00:00,1.0
USD_PLN,2019-02-25 22:00:00,2019-02-28 06:00:00,1.0
GBP_JPY,2019-02-26 02:00:00,2019-02-26 14:00:00,1.0
USD_ZAR,2019-02-26 22:00:00,2019-02-28 10:00:00,-1.0
GBP_AUD,2019-02-27 02:00:00,2019-02-27 10:00:00,1.0
EUR_AUD,2019-02-27 06:00:00,2019-02-28 14:00:00,-1.0
AUD_USD,2019-02-27 06:00:00,2019-02-28 14:00:00,-1.0
AUD_JPY,2019-02-27 06:00:00,2019-03-06 14:00:00,-1.0
AUD_CAD,2019-02-27 06:00:00,2019-02-28 14:00:00,-1.0
CAD_CHF,2019-02-27 10:00:00,2019-03-01 14:00:00,1.0
AUD_JPY,2019-02-28 14:00:00,2019-03-07 18:00:00,-1.0
GBP_AUD,2019-03-01 06:00:00,2019-03-08 14:00:00,-1.0
USD_CZK,2019-03-01 10:00:00,2019-03-07 10:00:00,1.0
USD_NOK,2019-03-01 10:00:00,2019-03-04 14:00:00,1.0
GBP_CHF,2019-03-01 14:00:00,2019-03-05 10:00:00,1.0
AUD_NZD,2019-03-03 22:00:00,2019-03-21 21:00:00,-0.7427647783251394
USD_ZAR,2019-03-04 06:00:00,2019-03-07 10:00:00,-1.0
USD_CZK,2019-03-04 18:00:00,2019-03-07 14:00:00,1.0
EUR_GBP,2019-03-05 06:00:00,2019-03-11 21:00:00,-1.0
EUR_USD,2019-03-05 06:00:00,2019-03-07 14:00:00,1.0
GBP_AUD,2019-03-05 10:00:00,2019-03-06 22:00:00,1.0
GBP_CAD,2019-03-05 10:00:00,2019-03-06 14:00:00,1.0
EUR_USD,2019-03-06 06:00:00,2019-03-07 18:00:00,1.0
NZD_CAD,2019-03-06 06:00:00,2019-03-11 13:00:00,-1.0
USD_CHF,2019-03-06 10:00:00,2019-03-20 17:00:00,0.999999999999989
USD_PLN,2019-03-06 10:00:00,2019-03-07 14:00:00,-1.0
CHF_JPY,2019-03-06 10:00:00,2019-03-08 02:00:00,-1.0
AUD_USD,2019-03-06 14:00:00,2019-03-13 17:00:00,1.0
AUD_JPY,2019-03-06 14:00:00,2019-03-08 06:00:00,-1.0
CHF_JPY,2019-03-06 22:00:00,2019-03-08 02:00:00,-1.0
AUD_JPY,2019-03-06 22:00:00,2019-03-15 01:00:00,1.0
USD_NOK,2019-03-07 10:00:00,2019-03-07 14:00:00,1.0
AUD_CAD,2019-03-08 10:00:00,2019-03-20 21:00:00,1.0
EUR_NOK,2019-03-08 10:00:00,2019-03-11 05:00:00,1.0
CHF_JPY,2019-03-08 10:00:00,2019-03-14 01:00:00,1.0
CAD_JPY,2019-03-08 14:00:00,2019-03-12 17:00:00,1.0
USD_JPY,2019-03-10 21:00:00,2019-03-22 13:00:00,-1.0
GBP_CAD,2019-03-11 09:00:00,2019-03-11 13:00:00,1.0
GBP_AUD,2019-03-11 09:00:00,2019-03-11 13:00:00,1.0
CAD_JPY,2019-03-11 09:00:00,2019-03-13 13:00:00,1.0
USD_CAD,2019-03-11 09:00:00,2019-03-13 17:00:00,1.0
USD_SEK,2019-03-11 09:00:00,2019-03-13 09:00:00,1.0
USD_PLN,2019-03-11 09:00:00,2019-03-18 05:00:00,1.0
GBP_USD,2019-03-11 09:00:00,2019-03-11 13:00:00,1.0
USD_PLN,2019-03-11 21:00:00,2019-03-13 17:00:00,1.0
AUD_CAD,2019-03-11 21:00:00,2019-03-26 09:00:00,1.0
AUD_USD,2019-03-12 05:00:00,2019-03-20 17:00:00,1.0
USD_SEK,2019-03-12 09:00:00,2019-03-13 13:00:00,1.0
USD_PLN,2019-03-12 09:00:00,2019-03-18 09:00:00,1.0
EUR_JPY,2019-03-12 09:00:00,2019-03-14 05:00:00,1.0
NZD_CHF,2019-03-12 09:00:00,2019-03-14 09:00:00,1.0
USD_HUF,2019-03-12 09:00:00,2019-03-13 17:00:00,1.0
USD_CHF,2019-03-12 17:00:00,2019-03-20 09:00:00,1.000000000000011
CAD_CHF,2019-03-12 17:00:00,2019-03-20 17:00:00,1.0
NZD_JPY,2019-03-13 17:00:00,2019-03-27 01:00:00,-1.0
GBP_CAD,2019-03-14 09:00:00,2019-03-21 13:00:00,-1.0
AUD_CAD,2019-03-14 09:00:00,2019-03-20 21:00:00,1.0
USD_SEK,2019-03-14 09:00:00,2019-03-18 05:00:00,1.0
GBP_USD,2019-03-14 09:00:00,2019-03-21 09:00:00,-1.0
AUD_USD,2019-03-14 09:00:00,2019-03-20 17:00:00,1.0
EUR_NOK,2019-03-14 09:00:00,2019-03-21 09:00:00,1.0
USD_CHF,2019-03-14 09:00:00,2019-03-20 17:00:00,0.9999999999999889
GBP_JPY,2019-03-14 09:00:00,2019-03-20 17:00:00,-1.0
USD_JPY,2019-03-15 01:00:00,2019-03-21 01:00:00,-1.0
CAD_CHF,2019-03-15 05:00:00,2019-03-20 17:00:00,1.0
NZD_CHF,2019-03-15 05:00:00,2019-03-27 01:00:00,1.0
EUR_PLN,2019-03-15 09:00:00,2019-04-04 09:00:00,0.33159485981526016
NZD_USD,2019-03-15 09:00:00,2019-03-20 17:00:00,1.0
EUR_PLN,2019-03-15 17:00:00,2019-04-04 17:00:00,0.3833383640205101
USD_HUF,2019-03-15 17:00:00,2019-03-20 09:00:00,1.0
USD_SGD,2019-03-18 13:00:00,2019-04-05 13:00:00,-0.24628902349729287
GBP_CHF,2019-03-19 09:00:00,2019-03-20 09:00:00,1.0
NZD_CHF,2019-03-19 09:00:00,2019-03-27 01:00:00,1.0
EUR_GBP,2019-03-19 09:00:00,2019-03-20 09:00:00,1.0
GBP_AUD,2019-03-19 13:00:00,2019-03-20 21:00:00,-1.0
USD_PLN,2019-03-19 21:00:00,2019-03-20 17:00:00,1.0
CHF_JPY,2019-03-19 21:00:00,2019-04-08 21:00:00,0.10144810435688094
USD_SEK,2019-03-19 21:00:00,2019-03-20 17:00:00,1.0
EUR_GBP,2019-03-19 21:00:00,2019-03-20 09:00:00,1.0
USD_ZAR,2019-03-21 09:00:00,2019-03-22 05:00:00,-1.0
EUR_USD,2019-03-22 01:00:00,2019-03-26 17:00:00,1.0
CHF_JPY,2019-03-22 05:00:00,2019-04-11 05:00:00,-0.42717401058961973
NZD_CHF,2019-03-22 13:00:00,2019-03-27 01:00:00,1.0
EUR_AUD,2019-03-22 17:00:00,2019-03-31 21:00:00,1.0
EUR_CAD,2019-03-22 17:00:00,2019-03-29 09:00:00,1.0
NZD_CHF,2019-03-24 21:00:00,2019-03-27 01:00:00,1.0
AUD_CAD,2019-03-24 21:00:00,2019-04-11 21:00:00,0.4308891698272127
CHF_JPY,2019-03-25 17:00:00,2019-04-03 05:00:00,1.0
EUR_USD,2019-03-26 09:00:00,2019-04-01 21:00:00,1.0
GBP_CAD,2019-03-26 09:00:00,2019-03-29 05:00:00,-1.0
EUR_USD,2019-03-27 05:00:00,2019-04-16 05:00:00,-0.3390131345402836
CAD_CHF,2019-03-28 01:00:00,2019-04-01 17:00:00,-1.0
EUR_GBP,2019-03-28 09:00:00,2019-03-29 05:00:00,1.0
CAD_CHF,2019-03-28 09:00:00,2019-04-01 17:00:00,-1.0
EUR_AUD,2019-03-28 13:00:00,2019-04-02 01:00:00,1.0
GBP_CHF,2019-03-29 09:00:00,2019-04-03 05:00:00,-1.0
EUR_GBP,2019-03-29 09:00:00,2019-04-17 05:00:00,1.0
NZD_JPY,2019-03-29 09:00:00,2019-04-01 01:00:00,1.0
NZD_CAD,2019-03-31 21:00:00,2019-04-02 09:00:00,1.0
EUR_JPY,2019-04-01 09:00:00,2019-04-11 21:00:00,1.0
USD_ZAR,2019-04-01 21:00:00,2019-04-05 05:00:00,1.0
USD_ZAR,2019-04-02 13:00:00,2019-04-04 13:00:00,1.0
EUR_AUD,2019-04-02 13:00:00,2019-04-17 01:00:00,1.0
AUD_USD,2019-04-02 13:00:00,2019-04-09 01:00:00,1.0
USD_PLN,2019-04-02 13:00:00,2019-04-08 13:00:00,1.0
USD_SGD,2019-04-02 13:00:00,2019-04-22 13:00:00,-0.008110060899172215
AUD_CAD,2019-04-02 13:00:00,2019-04-05 01:00:00,1.0
AUD_JPY,2019-04-02 13:00:00,2019-04-04 21:00:00,1.0
EUR_JPY,2019-04-02 21:00:00,2019-04-11 21:00:00,1.0
AUD_JPY,2019-04-02 21:00:00,2019-04-03 05:00:00,1.0
USD_SGD,2019-04-02 21:00:00,2019-04-22 21:00:00,-0.005160757599216605
AUD_USD,2019-04-02 21:00:00,2019-04-03 13:00:00,1.0
NZD_JPY,2019-04-02 21:00:00,2019-04-03 09:00:00,1.0
USD_ZAR,2019-04-03 09:00:00,2019-04-05 09:00:00,1.0
USD_PLN,2019-04-03 17:00:00,2019-04-12 09:00:00,1.0
AUD_USD,2019-04-03 17:00:00,2019-04-12 13:00:00,1.0
AUD_JPY,2019-04-03 17:00:00,2019-04-12 05:00:00,1.0
USD_SEK,2019-04-03 17:00:00,2019-04-23 13:00:00,-1.0
USD_SGD,2019-04-03 17:00:00,2019-04-23 17:00:00,-0.2459706607968614
AUD_JPY,2019-04-04 01:00:00,2019-04-12 05:00:00,1.0
AUD_USD,2019-04-04 01:00:00,2019-04-12 09:00:00,1.0
EUR_JPY,2019-04-04 01:00:00,2019-04-12 05:00:00,1.0
AUD_CAD,2019-04-04 09:00:00,2019-04-15 13:00:00,1.0
NZD_CHF,2019-04-04 21:00:00,2019-04-24 21:00:00,0.4139868411325513
NZD_CAD,2019-04-05 09:00:00,2019-04-16 21:00:00,1.0
USD_NOK,2019-04-05 09:00:00,2019-04-10 09:00:00,-1.0
NZD_CAD,2019-04-05 17:00:00,2019-04-16 21:00:00,1.0
GBP_USD,2019-04-08 13:00:00,2019-04-24 17:00:00,-1.0
AUD_CAD,2019-04-08 21:00:00,2019-04-12 13:00:00,1.0
GBP_JPY,2019-04-09 05:00:00,2019-04-12 09:00:00,1.0
GBP_USD,2019-04-09 05:00:00,2019-04-23 13:00:00,-1.0
EUR_JPY,2019-04-09 05:00:00,2019-04-12 05:00:00,1.0
NZD_USD,2019-04-09 09:00:00,2019-04-16 21:00:00,-1.0
EUR_USD,2019-04-09 13:00:00,2019-04-24 13:00:00,1.0
AUD_CAD,2019-04-09 21:00:00,2019-04-15 13:00:00,1.0
EUR_JPY,2019-04-10 09:00:00,2019-04-12 05:00:00,1.0
CHF_JPY,2019-04-11 09:00:00,2019-04-12 09:00:00,1.0
GBP_CHF,2019-04-11 09:00:00,2019-04-23 09:00:00,-1.0
USD_PLN,2019-04-11 17:00:00,2019-04-24 13:00:00,-1.0
AUD_NZD,2019-04-12 01:00:00,2019-04-16 21:00:00,1.0
EUR_GBP,2019-04-12 09:00:00,2019-05-02 09:00:00,-0.562916975537431
USD_PLN,2019-04-14 21:00:00,2019-04-24 13:00:00,-1.0
USD_ZAR,2019-04-15 05:00:00,2019-04-16 09:00:00,-1.0
EUR_JPY,2019-04-15 05:00:00,2019-04-24 05:00:00,-1.0
GBP_CAD,2019-04-15 09:00:00,2019-05-03 09:00:00,0.42309963480424334
AUD_CAD,2019-04-15 09:00:00,2019-04-24 01:00:00,-1.0
USD_NOK,2019-04-16 05:00:00,2019-04-23 13:00:00,1.0
EUR_USD,2019-04-16 05:00:00,2019-04-23 13:00:00,1.0
USD_HUF,2019-04-16 09:00:00,2019-04-23 09:00:00,-1.0
USD_ZAR,2019-04-16 09:00:00,2019-04-17 05:00:00,1.0
USD_SEK,2019-04-16 09:00:00,2019-04-23 09:00:00,-1.0
AUD_USD,2019-04-16 09:00:00,2019-04-24 01:00:00,-1.0
AUD_CAD,2019-04-16 09:00:00,2019-04-24 01:00:00,-1.0
EUR_GBP,2019-04-16 09:00:00,2019-05-03 13:00:00,-1.0
AUD_CAD,2019-04-16 21:00:00,2019-04-24 01:00:00,-1.0
USD_JPY,2019-04-17 01:00:00,2019-05-05 21:00:00,-1.0
USD_ZAR,2019-04-17 21:00:00,2019-04-22 13:00:00,-1.0
GBP_AUD,2019-04-18 01:00:00,2019-04-24 01:00:00,1.0
USD_NOK,2019-04-18 05:00:00,2019-04-23 09:00:00,1.0
EUR_USD,2019-04-18 05:00:00,2019-04-24 13:00:00,1.0
EUR_USD,2019-04-19 05:00:00,2019-04-25 09:00:00,1.0
GBP_CAD,2019-04-19 17:00:00,2019-04-30 13:00:00,1.0
AUD_JPY,2019-04-21 21:00:00,2019-04-24 01:00:00,-1.0
USD_HUF,2019-04-22 13:00:00,2019-04-24 13:00:00,-1.0
USD_SGD,2019-04-23 05:00:00,2019-05-13 05:00:00,-0.8802193913658971
USD_CZK,2019-04-23 09:00:00,2019-04-24 13:00:00,1.0
GBP_AUD,2019-04-23 17:00:00,2019-04-24 09:00:00,1.0
EUR_GBP,2019-04-24 05:00:00,2019-05-01 17:00:00,-1.0
AUD_CAD,2019-04-24 09:00:00,2019-05-13 09:00:00,-1.0
USD_CZK,2019-04-24 09:00:00,2019-05-14 05:00:00,-0.11000452575100253
EUR_CAD,2019-04-24 13:00:00,2019-05-14 13:00:00,-0.031796291757476045
NZD_CAD,2019-04-24 13:00:00,2019-05-08 01:00:00,1.0
USD_CHF,2019-04-25 05:00:00,2019-05-10 09:00:00,1.0
GBP_CHF,2019-04-25 05:00:00,2019-05-02 05:00:00,-1.0
EUR_PLN,2019-04-25 09:00:00,2019-05-15 09:00:00,-0.2765855984740154
USD_SGD,2019-04-26 05:00:00,2019-05-16 05:00:00,-0.3446935527637927
USD_HUF,2019-04-26 09:00:00,2019-05-16 05:00:00,0.1995870137224807
USD_NOK,2019-04-26 13:00:00,2019-05-02 13:00:00,1.0
USD_CHF,2019-04-29 05:00:00,2019-05-12 21:00:00,1.0
NZD_CHF,2019-04-29 09:00:00,2019-05-01 13:00:00,1.0
GBP_AUD,2019-04-29 09:00:00,2019-04-30 13:00:00,1.0
USD_PLN,2019-04-29 09:00:00,2019-05-01 05:00:00,1.0
GBP_CAD,2019-04-29 21:00:00,2019-04-30 13:00:00,1.0
EUR_JPY,2019-04-30 01:00:00,2019-05-05 21:00:00,-1.0
CAD_JPY,2019-04-30 13:00:00,2019-05-05 21:00:00,-1.0
USD_ZAR,2019-04-30 21:00:00,2019-05-01 17:00:00,-1.0
EUR_NOK,2019-05-01 05:00:00,2019-05-02 13:00:00,-1.0
EUR_JPY,2019-05-01 05:00:00,2019-05-05 21:00:00,-1.0
AUD_CAD,2019-05-01 09:00:00,2019-05-14 21:00:00,-1.0
EUR_USD,2019-05-01 13:00:00,2019-05-21 13:00:00,0.7063931246774999
AUD_CAD,2019-05-01 17:00:00,2019-05-14 21:00:00,-1.0
NZD_CHF,2019-05-02 05:00:00,2019-05-08 01:00:00,1.0
GBP_CAD,2019-05-02 09:00:00,2019-05-05 21:00:00,1.0
USD_CZK,2019-05-02 09:00:00,2019-05-03 09:00:00,1.0
GBP_AUD,2019-05-02 09:00:00,2019-05-03 13:00:00,1.0
EUR_CAD,2019-05-03 09:00:00,2019-05-23 09:00:00,0.2425781068274048
NZD_CAD,2019-05-03 09:00:00,2019-05-08 01:00:00,1.0
AUD_USD,2019-05-03 09:00:00,2019-05-15 09:00:00,-1.0
USD_SEK,2019-05-03 09:00:00,2019-05-20 17:00:00,-1.0
AUD_CAD,2019-05-03 13:00:00,2019-05-15 01:00:00,-1.0
USD_HUF,2019-05-06 13:00:00,2019-05-17 09:00:00,-1.0
AUD_USD,2019-05-07 01:00:00,2019-05-16 01:00:00,-1.0
NZD_CHF,2019-05-07 01:00:00,2019-05-08 01:00:00,1.0
USD_CAD,2019-05-07 05:00:00,2019-05-27 05:00:00,-0.034217788786972195
EUR_JPY,2019-05-07 05:00:00,2019-05-09 05:00:00,-1.0
USD_PLN,2019-05-07 05:00:00,2019-05-14 21:00:00,-1.0
EUR_NOK,2019-05-07 05:00:00,2019-05-09 21:00:00,-1.0
AUD_CAD,2019-05-07 13:00:00,2019-05-14 21:00:00,-1.0
USD_SGD,2019-05-07 21:00:00,2019-05-17 17:00:00,-1.0
NZD_CHF,2019-05-07 21:00:00,2019-05-08 01:00:00,1.0
GBP_CHF,2019-05-07 21:00:00,2019-05-09 13:00:00,1.0
GBP_CHF,2019-05-08 05:00:00,2019-05-09 13:00:00,1.0
USD_ZAR,2019-05-08 21:00:00,2019-05-10 05:00:00,1.0
AUD_CAD,2019-05-09 09:00:00,2019-05-15 17:00:00,-1.0
USD_ZAR,2019-05-09 13:00:00,2019-05-10 05:00:00,1.0
USD_SGD,2019-05-09 21:00:00,2019-05-17 17:00:00,-1.0
USD_NOK,2019-05-10 05:00:00,2019-05-24 17:00:00,-1.0
EUR_GBP,2019-05-10 09:00:00,2019-05-15 13:00:00,1.0
USD_CAD,2019-05-10 09:00:00,2019-05-30 09:00:00,-0.12464387464388293
AUD_USD,2019-05-12 21:00:00,2019-05-15 01:00:00,-1.0
USD_JPY,2019-05-12 21:00:00,2019-05-30 21:00:00,-0.36383863437408637
NZD_JPY,2019-05-12 21:00:00,2019-05-13 13:00:00,-1.0
CHF_JPY,2019-05-12 21:00:00,2019-05-21 13:00:00,1.0
EUR_JPY,2019-05-12 21:00:00,2019-05-28 17:00:00,-1.0
USD_HUF,2019-05-12 21:00:00,2019-05-15 09:00:00,-1.0
USD_SGD,2019-05-12 21:00:00,2019-05-17 13:00:00,-1.0
USD_PLN,2019-05-12 21:00:00,2019-05-30 21:00:00,-0.29768177713939054
CAD_JPY,2019-05-12 21:00:00,2019-05-21 09:00:00,1.0
AUD_JPY,2019-05-12 21:00:00,2019-05-13 13:00:00,-1.0
EUR_PLN,2019-05-12 21:00:00,2019-05-30 21:00:00,0.682170542635668
USD_CZK,2019-05-13 09:00:00,2019-05-21 05:00:00,1.0
CHF_JPY,2019-05-13 09:00:00,2019-05-21 13:00:00,1.0
GBP_AUD,2019-05-13 21:00:00,2019-05-19 21:00:00,-1.0
USD_CHF,2019-05-14 01:00:00,2019-06-03 01:00:00,0.8574182074693728
NZD_CHF,2019-05-14 13:00:00,2019-05-21 05:00:00,1.0
USD_SEK,2019-05-14 17:00:00,2019-05-31 13:00:00,1.0
USD_ZAR,2019-05-14 17:00:00,2019-05-17 13:00:00,-1.0
USD_ZAR,2019-05-15 05:00:00,2019-05-17 13:00:00,-1.0
USD_SEK,2019-05-15 09:00:00,2019-05-30 17:00:00,1.0
EUR_GBP,2019-05-15 09:00:00,2019-05-17 09:00:00,1.0
EUR_CAD,2019-05-15 13:00:00,2019-05-21 09:00:00,1.0
NZD_CHF,2019-05-15 21:00:00,2019-05-22 09:00:00,1.0
NZD_CAD,2019-05-16 05:00:00,2019-05-21 09:00:00,1.0
CHF_JPY,2019-05-17 01:00:00,2019-06-06 01:00:00,0.11869600022083428
NZD_CHF,2019-05-17 01:00:00,2019-05-23 01:00:00,1.0
USD_SEK,2019-05-17 09:00:00,2019-05-24 09:00:00,1.0
CHF_JPY,2019-05-20 09:00:00,2019-06-07 09:00:00,0.48617748694948343
GBP_AUD,2019-05-20 21:00:00,2019-05-21 13:00:00,1.0
USD_NOK,2019-05-20 21:00:00,2019-05-24 17:00:00,-1.0
USD_NOK,2019-05-21 05:00:00,2019-05-24 17:00:00,-1.0
EUR_GBP,2019-05-21 09:00:00,2019-05-31 09:00:00,1.0
CHF_JPY,2019-05-22 01:00:00,2019-05-31 09:00:00,-1.0
AUD_JPY,2019-05-22 05:00:00,2019-05-31 09:00:00,-1.0
CAD_CHF,2019-05-22 09:00:00,2019-05-23 13:00:00,1.0
NZD_CHF,2019-05-22 09:00:00,2019-06-11 09:00:00,0.7387590064755393
USD_ZAR,2019-05-22 21:00:00,2019-05-28 05:00:00,-1.0
CHF_JPY,2019-05-23 05:00:00,2019-05-31 13:00:00,-1.0
EUR_GBP,2019-05-23 09:00:00,2019-06-10 05:00:00,1.0
USD_PLN,2019-05-23 13:00:00,2019-05-24 13:00:00,1.0
NZD_CHF,2019-05-23 13:00:00,2019-06-12 13:00:00,0.14799218845356285
NZD_CHF,2019-05-23 21:00:00,2019-06-12 21:00:00,-0.02443494196700336
NZD_CHF,2019-05-24 05:00:00,2019-06-13 05:00:00,0.47635769577232784
GBP_JPY,2019-05-24 09:00:00,2019-05-31 05:00:00,-1.0
GBP_USD,2019-05-24 09:00:00,2019-06-13 09:00:00,0.27177777426642963
GBP_CAD,2019-05-24 09:00:00,2019-06-09 21:00:00,-1.0
EUR_PLN,2019-05-24 17:00:00,2019-06-12 13:00:00,1.0
USD_ZAR,2019-05-26 21:00:00,2019-05-28 05:00:00,-1.0
GBP_CAD,2019-05-27 05:00:00,2019-06-07 13:00:00,-1.0
AUD_CAD,2019-05-27 05:00:00,2019-06-11 05:00:00,-1.0
EUR_AUD,2019-05-28 05:00:00,2019-06-13 01:00:00,-1.0
EUR_USD,2019-05-28 05:00:00,2019-06-05 09:00:00,-1.0
EUR_CAD,2019-05-28 05:00:00,2019-06-17 05:00:00,0.041200667184987466
USD_NOK,2019-05-28 05:00:00,2019-05-31 01:00:00,1.0
GBP_CHF,2019-05-29 09:00:00,2019-06-03 01:00:00,1.0
AUD_JPY,2019-05-29 13:00:00,2019-06-14 01:00:00,-1.0
EUR_JPY,2019-05-29 13:00:00,2019-06-11 05:00:00,1.0
EUR_CAD,2019-05-29 13:00:00,2019-06-18 13:00:00,0.6081345456233477
CAD_JPY,2019-05-29 13:00:00,2019-06-09 21:00:00,1.0
NZD_JPY,2019-05-29 13:00:00,2019-06-05 05:00:00,1.0
AUD_CAD,2019-05-29 13:00:00,2019-06-10 05:00:00,-1.0
AUD_USD,2019-05-29 13:00:00,2019-06-03 17:00:00,1.0
USD_SGD,2019-05-29 21:00:00,2019-06-03 13:00:00,1.0
EUR_USD,2019-05-30 09:00:00,2019-06-03 17:00:00,-1.0
CAD_CHF,2019-05-30 13:00:00,2019-05-31 09:00:00,1.0
USD_PLN,2019-05-30 13:00:00,2019-06-03 13:00:00,1.0
GBP_AUD,2019-05-30 21:00:00,2019-06-19 21:00:00,0.7195625586152773
GBP_CAD,2019-05-30 21:00:00,2019-06-10 05:00:00,-1.0
EUR_USD,2019-05-30 21:00:00,2019-06-03 17:00:00,-1.0
EUR_USD,2019-05-31 05:00:00,2019-06-03 17:00:00,-1.0
GBP_CAD,2019-05-31 09:00:00,2019-06-07 17:00:00,-1.0
GBP_USD,2019-05-31 09:00:00,2019-06-05 09:00:00,1.0
NZD_CHF,2019-05-31 13:00:00,2019-06-14 01:00:00,1.0
GBP_CHF,2019-05-31 13:00:00,2019-06-10 09:00:00,1.0
USD_HUF,2019-06-02 21:00:00,2019-06-03 13:00:00,1.0
EUR_GBP,2019-06-02 21:00:00,2019-06-10 09:00:00,1.0
GBP_CHF,2019-06-02 21:00:00,2019-06-17 17:00:00,1.0
GBP_USD,2019-06-03 09:00:00,2019-06-07 09:00:00,1.0
GBP_JPY,2019-06-03 21:00:00,2019-06-07 09:00:00,1.0
AUD_JPY,2019-06-03 21:00:00,2019-06-14 13:00:00,-1.0
USD_PLN,2019-06-04 09:00:00,2019-06-07 09:00:00,1.0
USD_SGD,2019-06-04 09:00:00,2019-06-20 13:00:00,1.0
AUD_USD,2019-06-04 09:00:00,2019-06-14 01:00:00,-1.0
AUD_JPY,2019-06-04 09:00:00,2019-06-09 21:00:00,1.0
USD_CHF,2019-06-05 05:00:00,2019-06-20 13:00:00,1.0
USD_JPY,2019-06-05 09:00:00,2019-06-25 01:00:00,-1.0
NZD_JPY,2019-06-05 21:00:00,2019-06-13 21:00:00,-1.0
CAD_CHF,2019-06-06 01:00:00,2019-06-11 09:00:00,-1.0
GBP_CHF,2019-06-06 09:00:00,2019-06-18 01:00:00,1.0
USD_PLN,2019-06-06 09:00:00,2019-06-07 09:00:00,1.0
USD_SEK,2019-06-06 09:00:00,2019-06-19 01:00:00,-1.0
EUR_NOK,2019-06-06 09:00:00,2019-06-20 05:00:00,1.0
USD_HUF,2019-06-06 09:00:00,2019-06-07 09:00:00,1.0
EUR_JPY,2019-06-06 09:00:00,2019-06-07 13:00:00,1.0
EUR_GBP,2019-06-06 09:00:00,2019-06-17 13:00:00,1.0
GBP_AUD,2019-06-07 01:00:00,2019-06-13 01:00:00,1.0
AUD_JPY,2019-06-07 09:00:00,2019-06-13 01:00:00,-1.0
EUR_JPY,2019-06-10 05:00:00,2019-06-18 05:00:00,-1.0
EUR_CAD,2019-06-10 09:00:00,2019-06-28 09:00:00,0.7399908083950154
USD_CHF,2019-06-10 09:00:00,2019-06-19 01:00:00,-1.0
CAD_CHF,2019-06-10 13:00:00,2019-06-21 13:00:00,1.0
USD_SGD,2019-06-10 13:00:00,2019-06-23 21:00:00,1.0
EUR_JPY,2019-06-10 17:00:00,2019-06-18 05:00:00,-1.0
CAD_CHF,2019-06-11 01:00:00,2019-06-21 17:00:00,1.0
NZD_CAD,2019-06-11 13:00:00,2019-06-21 09:00:00,1.0
NZD_CHF,2019-06-11 13:00:00,2019-06-20 13:00:00,1.0
GBP_JPY,2019-06-11 21:00:00,2019-06-14 13:00:00,-1.0
USD_SGD,2019-06-12 01:00:00,2019-07-02 01:00:00,0.625109925543758
CAD_CHF,2019-06-13 05:00:00,2019-06-21 13:00:00,1.0
NZD_CHF,2019-06-13 21:00:00,2019-06-20 13:00:00,1.0
EUR_USD,2019-06-14 05:00:00,2019-06-24 05:00:00,-1.0
EUR_GBP,2019-06-16 21:00:00,2019-06-28 05:00:00,1.0
USD_SEK,2019-06-16 21:00:00,2019-06-20 05:00:00,1.0
EUR_GBP,2019-06-17 09:00:00,2019-07-05 09:00:00,0.8345032852249213
CAD_CHF,2019-06-17 21:00:00,2019-06-24 13:00:00,1.0
CAD_CHF,2019-06-18 05:00:00,2019-06-24 13:00:00,1.0
EUR_GBP,2019-06-18 05:00:00,2019-07-08 05:00:00,0.10501619930733286
NZD_CAD,2019-06-18 05:00:00,2019-06-28 17:00:00,-1.0
GBP_CHF,2019-06-18 05:00:00,2019-06-24 13:00:00,1.0
NZD_CHF,2019-06-18 05:00:00,2019-06-21 13:00:00,1.0
GBP_CAD,2019-06-18 09:00:00,2019-06-27 13:00:00,-1.0
EUR_NOK,2019-06-18 17:00:00,2019-06-20 05:00:00,1.0
USD_NOK,2019-06-18 21:00:00,2019-06-20 05:00:00,-1.0
USD_ZAR,2019-06-19 01:00:00,2019-06-19 17:00:00,1.0
CAD_JPY,2019-06-19 01:00:00,2019-06-20 09:00:00,1.0
AUD_JPY,2019-06-19 01:00:00,2019-06-26 09:00:00,1.0
NZD_JPY,2019-06-19 01:00:00,2019-06-26 01:00:00,1.0
GBP_CAD,2019-06-19 05:00:00,2019-06-27 13:00:00,-1.0
EUR_USD,2019-06-19 05:00:00,2019-06-20 09:00:00,-1.0
CHF_JPY,2019-06-20 01:00:00,2019-06-21 13:00:00,1.0
AUD_CAD,2019-06-20 09:00:00,2019-07-10 09:00:00,-0.25554410055057863
CAD_CHF,2019-06-20 09:00:00,2019-06-21 13:00:00,1.0
GBP_USD,2019-06-20 09:00:00,2019-07-05 05:00:00,-1.0
EUR_CAD,2019-06-20 13:00:00,2019-07-03 05:00:00,1.0
EUR_GBP,2019-06-20 13:00:00,2019-06-26 05:00:00,1.0
EUR_NOK,2019-06-20 21:00:00,2019-07-10 21:00:00,0.18047481621752934
AUD_JPY,2019-06-20 21:00:00,2019-06-26 05:00:00,1.0
CHF_JPY,2019-06-21 01:00:00,2019-06-24 13:00:00,1.0
GBP_JPY,2019-06-21 09:00:00,2019-06-30 21:00:00,1.0
GBP_AUD,2019-06-21 09:00:00,2019-06-27 01:00:00,-1.0
USD_CHF,2019-06-21 13:00:00,2019-06-24 13:00:00,1.0
USD_ZAR,2019-06-23 21:00:00,2019-06-26 13:00:00,1.0
NZD_USD,2019-06-24 09:00:00,2019-06-26 05:00:00,1.0
NZD_CHF,2019-06-24 21:00:00,2019-06-26 05:00:00,-1.0
USD_CHF,2019-06-25 05:00:00,2019-07-01 01:00:00,-1.0
GBP_CHF,2019-06-25 05:00:00,2019-07-15 05:00:00,0.4293126961967119
CAD_CHF,2019-06-25 05:00:00,2019-06-26 13:00:00,-1.0
NZD_CHF,2019-06-25 05:00:00,2019-06-26 09:00:00,-1.0
EUR_JPY,2019-06-25 09:00:00,2019-06-30 21:00:00,1.0
USD_CAD,2019-06-25 13:00:00,2019-07-04 13:00:00,1.0
AUD_CAD,2019-06-25 17:00:00,2019-07-10 05:00:00,-1.0
AUD_JPY,2019-06-25 21:00:00,2019-06-26 09:00:00,1.0
NZD_JPY,2019-06-26 01:00:00,2019-06-26 09:00:00,1.0
USD_SGD,2019-06-27 01:00:00,2019-07-17 01:00:00,-0.38665879574971446
CHF_JPY,2019-06-27 05:00:00,2019-07-17 05:00:00,-0.6792651586011523
EUR_USD,2019-06-27 05:00:00,2019-07-05 09:00:00,1.0
AUD_USD,2019-06-27 09:00:00,2019-07-10 05:00:00,-1.0
EUR_GBP,2019-06-27 09:00:00,2019-07-16 09:00:00,1.0
USD_NOK,2019-06-28 05:00:00,2019-07-03 05:00:00,1.0
EUR_AUD,2019-06-28 05:00:00,2019-07-03 09:00:00,1.0
USD_ZAR,2019-06-28 09:00:00,2019-07-04 05:00:00,1.0
GBP_USD,2019-06-30 21:00:00,2019-07-03 05:00:00,-1.0
GBP_CAD,2019-06-30 21:00:00,2019-07-03 09:00:00,-1.0
USD_JPY,2019-07-01 01:00:00,2019-07-19 01:00:00,-0.49753544246437226
GBP_JPY,2019-07-01 05:00:00,2019-07-02 21:00:00,-1.0
EUR_CAD,2019-07-01 09:00:00,2019-07-04 13:00:00,1.0
EUR_USD,2019-07-01 09:00:00,2019-07-05 09:00:00,1.0
GBP_CHF,2019-07-02 05:00:00,2019-07-10 05:00:00,1.0
NZD_CHF,2019-07-02 09:00:00,2019-07-17 09:00:00,-1.0
USD_HUF,2019-07-02 13:00:00,2019-07-05 13:00:00,-1.0
NZD_USD,2019-07-02 17:00:00,2019-07-10 01:00:00,-1.0
AUD_NZD,2019-07-02 21:00:00,2019-07-22 21:00:00,-0.360262217380509
EUR_NOK,2019-07-02 21:00:00,2019-07-22 21:00:00,0.19746733419098408
EUR_USD,2019-07-03 09:00:00,2019-07-23 09:00:00,1.0
USD_SGD,2019-07-03 17:00:00,2019-07-23 17:00:00,-0.6670253617046334
AUD_CAD,2019-07-04 05:00:00,2019-07-09 13:00:00,-1.0
NZD_JPY,2019-07-04 05:00:00,2019-07-10 01:00:00,-1.0
GBP_JPY,2019-07-04 05:00:00,2019-07-16 09:00:00,-1.0
AUD_JPY,2019-07-04 05:00:00,2019-07-24 05:00:00,-0.45950299733276906
AUD_USD,2019-07-04 05:00:00,2019-07-05 13:00:00,-1.0
CAD_CHF,2019-07-04 09:00:00,2019-07-23 09:00:00,1.0
EUR_USD,2019-07-04 17:00:00,2019-07-23 09:00:00,1.0
CAD_JPY,2019-07-04 17:00:00,2019-07-24 17:00:00,-0.23516861832376063
USD_NOK,2019-07-04 17:00:00,2019-07-05 13:00:00,1.0
EUR_JPY,2019-07-04 21:00:00,2019-07-24 05:00:00,-1.0
GBP_JPY,2019-07-05 05:00:00,2019-07-16 09:00:00,-1.0
CHF_JPY,2019-07-05 05:00:00,2019-07-25 05:00:00,0.18007971040989024
GBP_AUD,2019-07-05 05:00:00,2019-07-16 05:00:00,-1.0
EUR_CAD,2019-07-05 09:00:00,2019-07-25 09:00:00,1.0
EUR_JPY,2019-07-07 21:00:00,2019-07-24 05:00:00,-1.0
EUR_GBP,2019-07-08 05:00:00,2019-07-17 05:00:00,1.0
USD_ZAR,2019-07-08 05:00:00,2019-07-10 09:00:00,1.0
GBP_CAD,2019-07-08 09:00:00,2019-07-16 13:00:00,-1.0
GBP_AUD,2019-07-09 05:00:00,2019-07-15 21:00:00,-1.0
USD_SGD,2019-07-09 05:00:00,2019-07-29 05:00:00,-0.7551438666598127
EUR_JPY,2019-07-09 09:00:00,2019-07-23 13:00:00,-1.0
EUR_GBP,2019-07-09 21:00:00,2019-07-25 09:00:00,-1.0
USD_PLN,2019-07-10 09:00:00,2019-07-18 17:00:00,1.0
USD_CAD,2019-07-10 13:00:00,2019-07-30 09:00:00,-0.4021600871346817
GBP_CAD,2019-07-10 17:00:00,2019-07-16 13:00:00,-1.0
USD_CHF,2019-07-10 21:00:00,2019-07-30 21:00:00,-0.001009835800694201
AUD_USD,2019-07-11 01:00:00,2019-07-12 17:00:00,1.0
EUR_CAD,2019-07-11 09:00:00,2019-07-31 09:00:00,0.5658198614318709
EUR_USD,2019-07-11 09:00:00,2019-07-23 13:00:00,1.0
GBP_USD,2019-07-11 13:00:00,2019-07-16 13:00:00,-1.0
EUR_AUD,2019-07-12 09:00:00,2019-07-16 09:00:00,1.0
AUD_USD,2019-07-15 01:00:00,2019-07-26 01:00:00,-1.0
GBP_JPY,2019-07-15 05:00:00,2019-07-16 09:00:00,-1.0
USD_NOK,2019-07-15 09:00:00,2019-07-18 13:00:00,1.0
NZD_JPY,2019-07-15 13:00:00,2019-07-22 09:00:00,1.0
AUD_USD,2019-07-16 05:00:00,2019-07-25 13:00:00,-1.0
NZD_CHF,2019-07-16 09:00:00,2019-07-29 09:00:00,1.0
GBP_CHF,2019-07-17 13:00:00,2019-07-29 09:00:00,1.0
AUD_CAD,2019-07-18 01:00:00,2019-07-19 09:00:00,1.0
CAD_CHF,2019-07-18 09:00:00,2019-07-23 09:00:00,1.0
USD_CHF,2019-07-18 09:00:00,2019-07-31 21:00:00,-1.0
USD_SEK,2019-07-18 09:00:00,2019-07-23 09:00:00,-1.0
EUR_JPY,2019-07-18 09:00:00,2019-08-01 09:00:00,-1.0
CHF_JPY,2019-07-18 09:00:00,2019-08-05 01:00:00,-1.0
USD_ZAR,2019-07-19 05:00:00,2019-07-25 13:00:00,-1.0
USD_CZK,2019-07-19 21:00:00,2019-07-24 05:00:00,1.0
USD_NOK,2019-07-19 21:00:00,2019-07-23 05:00:00,1.0
NZD_CHF,2019-07-21 21:00:00,2019-07-26 01:00:00,1.0
EUR_USD,2019-07-22 09:00:00,2019-07-25 09:00:00,1.0
USD_ZAR,2019-07-24 09:00:00,2019-07-25 13:00:00,-1.0
CAD_CHF,2019-07-24 21:00:00,2019-08-02 09:00:00,1.0
EUR_PLN,2019-07-24 21:00:00,2019-07-30 17:00:00,-1.0
USD_NOK,2019-07-25 09:00:00,2019-07-26 13:00:00,1.0
GBP_AUD,2019-07-25 21:00:00,2019-07-29 13:00:00,-1.0
AUD_JPY,2019-07-26 01:00:00,2019-07-30 09:00:00,-1.0
GBP_AUD,2019-07-26 05:00:00,2019-07-29 09:00:00,-1.0
NZD_CHF,2019-07-26 17:00:00,2019-07-31 01:00:00,1.0
CAD_JPY,2019-07-28 21:00:00,2019-08-01 17:00:00,-1.0
CAD_CHF,2019-07-29 09:00:00,2019-08-02 05:00:00,1.0
EUR_JPY,2019-07-29 09:00:00,2019-08-01 13:00:00,-1.0
USD_SEK,2019-07-29 09:00:00,2019-07-31 17:00:00,-1.0
USD_SGD,2019-07-29 13:00:00,2019-08-05 21:00:00,-1.0
NZD_JPY,2019-07-30 01:00:00,2019-07-31 17:00:00,-1.0
CHF_JPY,2019-07-30 01:00:00,2019-08-01 17:00:00,-1.0
EUR_JPY,2019-07-30 01:00:00,2019-08-01 09:00:00,-1.0
USD_ZAR,2019-07-30 05:00:00,2019-07-31 17:00:00,-1.0
EUR_JPY,2019-07-30 09:00:00,2019-08-01 13:00:00,-1.0
USD_SGD,2019-07-30 21:00:00,2019-08-05 17:00:00,-1.0
USD_CHF,2019-07-30 21:00:00,2019-08-04 21:00:00,0.9999999999999888
EUR_JPY,2019-07-31 01:00:00,2019-08-01 09:00:00,-1.0
EUR_AUD,2019-07-31 17:00:00,2019-08-02 05:00:00,-1.0
EUR_PLN,2019-07-31 17:00:00,2019-08-09 17:00:00,-1.0
USD_NOK,2019-08-01 09:00:00,2019-08-02 09:00:00,1.0
NZD_CHF,2019-08-01 09:00:00,2019-08-02 01:00:00,1.0
CAD_CHF,2019-08-01 17:00:00,2019-08-02 05:00:00,1.0
EUR_GBP,2019-08-01 21:00:00,2019-08-05 13:00:00,1.0
GBP_AUD,2019-08-04 21:00:00,2019-08-07 01:00:00,1.0
GBP_CAD,2019-08-04 21:00:00,2019-08-07 05:00:00,1.0
NZD_CAD,2019-08-05 01:00:00,2019-08-07 01:00:00,1.0
GBP_USD,2019-08-05 13:00:00,2019-08-22 13:00:00,1.0
USD_ZAR,2019-08-05 21:00:00,2019-08-06 01:00:00,1.0
USD_CHF,2019-08-06 01:00:00,2019-08-22 09:00:00,-1.0
GBP_CHF,2019-08-06 01:00:00,2019-08-06 13:00:00,-1.0
EUR_GBP,2019-08-06 01:00:00,2019-08-09 17:00:00,1.0
NZD_CHF,2019-08-06 05:00:00,2019-08-07 01:00:00,1.0
USD_PLN,2019-08-06 09:00:00,2019-08-14 09:00:00,-1.0
EUR_GBP,2019-08-07 05:00:00,2019-08-09 13:00:00,1.0
EUR_CAD,2019-08-07 09:00:00,2019-08-13 13:00:00,1.0
AUD_NZD,2019-08-07 21:00:00,2019-08-18 21:00:00,1.0
AUD_USD,2019-08-08 01:00:00,2019-08-08 13:00:00,1.0
EUR_CAD,2019-08-08 05:00:00,2019-08-13 13:00:00,1.0
USD_CHF,2019-08-08 09:00:00,2019-08-23 01:00:00,-1.0
EUR_USD,2019-08-08 13:00:00,2019-08-15 13:00:00,1.0
USD_CZK,2019-08-08 13:00:00,2019-08-14 13:00:00,1.0
CHF_JPY,2019-08-09 05:00:00,2019-08-25 21:00:00,-1.0
CAD_CHF,2019-08-09 13:00:00,2019-08-13 09:00:00,1.0
USD_CHF,2019-08-09 13:00:00,2019-08-22 09:00:00,-1.0
EUR_PLN,2019-08-09 13:00:00,2019-08-14 09:00:00,-1.0
AUD_CAD,2019-08-12 05:00:00,2019-08-30 05:00:00,-0.2611607142857162
USD_SGD,2019-08-12 05:00:00,2019-08-30 05:00:00,-0.034584624252470414
AUD_USD,2019-08-12 05:00:00,2019-08-25 21:00:00,-1.0
USD_ZAR,2019-08-12 05:00:00,2019-08-12 09:00:00,-1.0
EUR_USD,2019-08-12 09:00:00,2019-08-15 13:00:00,1.0
USD_NOK,2019-08-12 21:00:00,2019-08-15 05:00:00,1.0
EUR_AUD,2019-08-13 09:00:00,2019-08-13 13:00:00,1.0
AUD_USD,2019-08-13 09:00:00,2019-09-02 09:00:00,-0.5954056015522028
USD_SEK,2019-08-13 21:00:00,2019-08-14 21:00:00,-1.0
EUR_AUD,2019-08-14 05:00:00,2019-08-16 09:00:00,1.0
CAD_JPY,2019-08-15 09:00:00,2019-08-19 05:00:00,1.0
EUR_USD,2019-08-15 09:00:00,2019-08-29 17:00:00,1.0
NZD_JPY,2019-08-15 09:00:00,2019-08-23 13:00:00,-1.0
NZD_JPY,2019-08-16 05:00:00,2019-08-23 13:00:00,-1.0
NZD_CHF,2019-08-16 09:00:00,2019-08-23 13:00:00,1.0
CHF_JPY,2019-08-16 13:00:00,2019-08-30 13:00:00,-1.0
AUD_JPY,2019-08-19 01:00:00,2019-08-23 13:00:00,-1.0
GBP_JPY,2019-08-19 05:00:00,2019-08-22 09:00:00,1.0
CAD_CHF,2019-08-19 09:00:00,2019-08-25 21:00:00,1.0
NZD_USD,2019-08-19 13:00:00,2019-08-25 21:00:00,-1.0
AUD_JPY,2019-08-19 13:00:00,2019-08-23 13:00:00,-1.0
NZD_USD,2019-08-20 05:00:00,2019-08-25 21:00:00,-1.0
NZD_JPY,2019-08-20 05:00:00,2019-08-23 13:00:00,-1.0
CHF_JPY,2019-08-20 09:00:00,2019-08-30 13:00:00,-1.0
USD_SGD,2019-08-20 13:00:00,2019-09-09 09:00:00,0.48470859780727144
NZD_CHF,2019-08-21 09:00:00,2019-08-25 21:00:00,1.0
EUR_USD,2019-08-21 17:00:00,2019-08-30 13:00:00,1.0
USD_CZK,2019-08-21 17:00:00,2019-08-30 05:00:00,1.0
NZD_CHF,2019-08-22 01:00:00,2019-08-23 13:00:00,1.0
USD_SEK,2019-08-22 01:00:00,2019-08-28 17:00:00,-1.0
EUR_USD,2019-08-22 05:00:00,2019-08-30 17:00:00,1.0
EUR_JPY,2019-08-22 09:00:00,2019-09-01 21:00:00,-1.0
NZD_JPY,2019-08-22 09:00:00,2019-08-25 21:00:00,-1.0
AUD_JPY,2019-08-22 09:00:00,2019-08-23 13:00:00,-1.0
USD_CZK,2019-08-22 13:00:00,2019-08-30 09:00:00,1.0
USD_NOK,2019-08-22 13:00:00,2019-08-28 13:00:00,1.0
EUR_AUD,2019-08-22 13:00:00,2019-08-25 21:00:00,-1.0
AUD_JPY,2019-08-23 01:00:00,2019-08-23 13:00:00,-1.0
EUR_GBP,2019-08-23 09:00:00,2019-09-03 05:00:00,1.0
USD_SEK,2019-08-23 09:00:00,2019-08-29 21:00:00,-1.0
CHF_JPY,2019-08-23 13:00:00,2019-09-03 05:00:00,-1.0
USD_PLN,2019-08-23 17:00:00,2019-08-30 13:00:00,-1.0
CHF_JPY,2019-08-25 21:00:00,2019-09-03 05:00:00,-1.0
NZD_CAD,2019-08-26 01:00:00,2019-08-29 01:00:00,1.0
CAD_JPY,2019-08-26 05:00:00,2019-08-26 09:00:00,1.0
NZD_JPY,2019-08-26 05:00:00,2019-08-26 09:00:00,1.0
USD_CZK,2019-08-26 09:00:00,2019-08-29 13:00:00,1.0
AUD_CAD,2019-08-28 01:00:00,2019-09-04 13:00:00,1.0
GBP_AUD,2019-08-28 05:00:00,2019-09-02 05:00:00,-1.0
GBP_CAD,2019-08-28 05:00:00,2019-08-30 09:00:00,-1.0
CHF_JPY,2019-08-28 13:00:00,2019-09-05 13:00:00,1.0
AUD_NZD,2019-08-28 17:00:00,2019-09-13 05:00:00,1.0
USD_SGD,2019-08-29 01:00:00,2019-09-12 05:00:00,1.0
GBP_CHF,2019-08-29 05:00:00,2019-09-03 05:00:00,1.0
USD_CZK,2019-08-29 13:00:00,2019-08-30 13:00:00,1.0
USD_NOK,2019-08-30 05:00:00,2019-09-05 05:00:00,-1.0
NZD_JPY,2019-08-30 09:00:00,2019-09-04 09:00:00,1.0
NZD_JPY,2019-08-30 17:00:00,2019-09-04 09:00:00,1.0
USD_SGD,2019-09-02 05:00:00,2019-09-12 01:00:00,1.0
EUR_NOK,2019-09-02 05:00:00,2019-09-05 05:00:00,1.0
USD_NOK,2019-09-02 21:00:00,2019-09-05 05:00:00,-1.0
USD_PLN,2019-09-03 09:00:00,2019-09-04 05:00:00,1.000000000000011
GBP_CHF,2019-09-03 21:00:00,2019-09-05 05:00:00,-1.0
EUR_JPY,2019-09-03 21:00:00,2019-09-04 17:00:00,1.0
CHF_JPY,2019-09-03 21:00:00,2019-09-04 13:00:00,1.0
EUR_NOK,2019-09-04 05:00:00,2019-09-09 05:00:00,1.0
USD_SGD,2019-09-05 05:00:00,2019-09-24 21:00:00,0.6159778739014516
GBP_JPY,2019-09-05 05:00:00,2019-09-05 09:00:00,1.0
AUD_USD,2019-09-05 13:00:00,2019-09-11 01:00:00,1.0
USD_SGD,2019-09-05 13:00:00,2019-09-25 05:00:00,0.4860749985554903
CHF_JPY,2019-09-05 21:00:00,2019-09-13 05:00:00,1.0
EUR_NOK,2019-09-06 09:00:00,2019-09-12 09:00:00,1.0
AUD_CAD,2019-09-06 09:00:00,2019-09-13 09:00:00,1.0
GBP_CHF,2019-09-06 09:00:00,2019-09-13 05:00:00,-1.0
USD_CZK,2019-09-06 13:00:00,2019-09-12 09:00:00,1.0
USD_CZK,2019-09-06 21:00:00,2019-09-12 09:00:00,1.0
NZD_CAD,2019-09-08 21:00:00,2019-09-19 13:00:00,1.0
AUD_CAD,2019-09-08 21:00:00,2019-09-13 13:00:00,1.0
AUD_CAD,2019-09-09 21:00:00,2019-09-13 13:00:00,1.0
GBP_AUD,2019-09-10 05:00:00,2019-09-13 17:00:00,1.0
AUD_CAD,2019-09-10 09:00:00,2019-09-13 13:00:00,1.0
EUR_JPY,2019-09-10 13:00:00,2019-09-12 13:00:00,1.0
AUD_JPY,2019-09-10 13:00:00,2019-09-11 21:00:00,1.0
NZD_JPY,2019-09-10 13:00:00,2019-09-12 01:00:00,1.0
USD_PLN,2019-09-10 13:00:00,2019-09-20 13:00:00,-1.0
AUD_NZD,2019-09-10 17:00:00,2019-09-13 13:00:00,1.0
USD_NOK,2019-09-10 21:00:00,2019-09-19 05:00:00,-1.0
NZD_CAD,2019-09-11 01:00:00,2019-09-19 09:00:00,1.0
NZD_CHF,2019-09-11 01:00:00,2019-09-13 05:00:00,1.0
USD_ZAR,2019-09-11 05:00:00,2019-09-13 09:00:00,1.0
GBP_CAD,2019-09-11 09:00:00,2019-09-13 05:00:00,1.0
EUR_NOK,2019-09-11 21:00:00,2019-09-20 17:00:00,-1.0
GBP_CAD,2019-09-12 09:00:00,2019-09-13 05:00:00,1.0
USD_HUF,2019-09-12 09:00:00,2019-09-13 09:00:00,1.0
GBP_CHF,2019-09-12 09:00:00,2019-09-13 17:00:00,-1.0
NZD_CHF,2019-09-12 09:00:00,2019-09-12 21:00:00,1.0
USD_NOK,2019-09-12 09:00:00,2019-09-20 13:00:00,1.0
EUR_GBP,2019-09-12 09:00:00,2019-09-18 17:00:00,-1.0
GBP_CHF,2019-09-12 21:00:00,2019-09-13 13:00:00,-1.0
USD_SGD,2019-09-13 13:00:00,2019-10-01 13:00:00,-1.0
USD_SEK,2019-09-15 21:00:00,2019-09-17 09:00:00,-1.0
USD_NOK,2019-09-17 05:00:00,2019-09-19 05:00:00,-1.0
USD_HUF,2019-09-18 17:00:00,2019-09-23 05:00:00,-1.0
NZD_CHF,2019-09-18 17:00:00,2019-09-19 21:00:00,1.0
GBP_CAD,2019-09-19 05:00:00,2019-09-25 13:00:00,-1.0
GBP_JPY,2019-09-19 09:00:00,2019-09-25 09:00:00,-1.0
EUR_JPY,2019-09-19 21:00:00,2019-09-23 05:00:00,-1.0
USD_SEK,2019-09-19 21:00:00,2019-09-27 13:00:00,-1.0
NZD_CHF,2019-09-19 21:00:00,2019-09-20 17:00:00,1.0
CAD_CHF,2019-09-22 21:00:00,2019-10-02 09:00:00,-1.0
AUD_JPY,2019-09-23 05:00:00,2019-10-01 13:00:00,-1.0
AUD_USD,2019-09-23 05:00:00,2019-10-01 05:00:00,-1.0
USD_CHF,2019-09-23 05:00:00,2019-10-02 09:00:00,-1.0
GBP_CHF,2019-09-24 09:00:00,2019-09-25 13:00:00,1.0
NZD_JPY,2019-09-24 13:00:00,2019-10-02 05:00:00,-1.0
GBP_JPY,2019-09-24 21:00:00,2019-10-01 13:00:00,-1.0
GBP_JPY,2019-09-25 05:00:00,2019-10-01 13:00:00,-1.0
AUD_JPY,2019-09-26 05:00:00,2019-10-02 05:00:00,-1.0
GBP_CHF,2019-09-26 09:00:00,2019-10-03 13:00:00,-1.0
CAD_CHF,2019-09-27 09:00:00,2019-10-15 21:00:00,-1.0
EUR_PLN,2019-09-27 17:00:00,2019-10-03 05:00:00,1.0
CHF_JPY,2019-09-29 21:00:00,2019-10-02 05:00:00,-1.0
AUD_JPY,2019-09-29 21:00:00,2019-10-01 13:00:00,-1.0
USD_NOK,2019-09-30 13:00:00,2019-10-02 05:00:00,1.0
GBP_JPY,2019-09-30 17:00:00,2019-10-03 05:00:00,-1.0
USD_NOK,2019-09-30 21:00:00,2019-10-08 13:00:00,1.0
GBP_CAD,2019-09-30 21:00:00,2019-10-03 09:00:00,1.0
GBP_AUD,2019-09-30 21:00:00,2019-10-01 09:00:00,1.0
CAD_CHF,2019-10-01 09:00:00,2019-10-03 13:00:00,1.0
USD_NOK,2019-10-01 21:00:00,2019-10-17 05:00:00,1.0
EUR_JPY,2019-10-02 05:00:00,2019-10-10 13:00:00,1.0
EUR_GBP,2019-10-02 09:00:00,2019-10-08 09:00:00,1.0
USD_NOK,2019-10-02 17:00:00,2019-10-22 09:00:00,0.2425409089316345
USD_SEK,2019-10-04 09:00:00,2019-10-16 13:00:00,1.0
AUD_USD,2019-10-04 09:00:00,2019-10-17 09:00:00,1.0
GBP_JPY,2019-10-04 13:00:00,2019-10-10 13:00:00,1.0
USD_CAD,2019-10-04 13:00:00,2019-10-11 13:00:00,1.0
EUR_NOK,2019-10-04 21:00:00,2019-10-16 05:00:00,-1.0
NZD_CAD,2019-10-06 21:00:00,2019-10-14 01:00:00,1.0
AUD_JPY,2019-10-06 21:00:00,2019-10-10 13:00:00,1.0
EUR_GBP,2019-10-07 09:00:00,2019-10-08 09:00:00,1.0
EUR_GBP,2019-10-07 21:00:00,2019-10-10 05:00:00,1.0
USD_CAD,2019-10-08 05:00:00,2019-10-11 13:00:00,1.0
GBP_CAD,2019-10-09 09:00:00,2019-10-10 13:00:00,1.0
USD_HUF,2019-10-09 09:00:00,2019-10-10 13:00:00,1.0
CHF_JPY,2019-10-09 17:00:00,2019-10-15 13:00:00,1.0
USD_ZAR,2019-10-09 21:00:00,2019-10-10 13:00:00,1.0
GBP_CAD,2019-10-10 13:00:00,2019-10-10 17:00:00,1.0
GBP_USD,2019-10-11 05:00:00,2019-10-11 09:00:00,1.0
USD_PLN,2019-10-11 05:00:00,2019-10-16 13:00:00,1.0
EUR_CAD,2019-10-11 09:00:00,2019-10-25 13:00:00,1.0
EUR_PLN,2019-10-11 09:00:00,2019-10-22 13:00:00,1.0
EUR_NOK,2019-10-11 09:00:00,2019-10-16 09:00:00,-1.0
USD_CAD,2019-10-11 09:00:00,2019-10-17 13:00:00,1.0
AUD_USD,2019-10-11 17:00:00,2019-10-20 21:00:00,1.0
USD_ZAR,2019-10-14 05:00:00,2019-10-16 05:00:00,-1.0
USD_CHF,2019-10-14 05:00:00,2019-10-17 13:00:00,1.0
CHF_JPY,2019-10-14 05:00:00,2019-10-17 01:00:00,1.0
EUR_USD,2019-10-14 09:00:00,2019-10-18 09:00:00,-1.0
GBP_AUD,2019-10-14 09:00:00,2019-10-14 13:00:00,1.0
GBP_JPY,2019-10-15 05:00:00,2019-10-15 13:00:00,1.0
CAD_CHF,2019-10-15 05:00:00,2019-10-27 21:00:00,-1.0
USD_SEK,2019-10-15 09:00:00,2019-10-17 09:00:00,1.0
USD_PLN,2019-10-15 09:00:00,2019-10-17 05:00:00,1.0
USD_NOK,2019-10-15 21:00:00,2019-10-16 09:00:00,1.0
NZD_CAD,2019-10-16 05:00:00,2019-10-18 17:00:00,-1.0
AUD_JPY,2019-10-16 09:00:00,2019-10-17 01:00:00,1.0
AUD_CAD,2019-10-16 09:00:00,2019-10-17 09:00:00,1.0
AUD_USD,2019-10-16 09:00:00,2019-10-17 05:00:00,1.0
CAD_CHF,2019-10-16 09:00:00,2019-10-28 09:00:00,-1.0
NZD_JPY,2019-10-16 09:00:00,2019-10-17 05:00:00,1.0
CAD_JPY,2019-10-16 09:00:00,2019-10-21 17:00:00,1.0
CHF_JPY,2019-10-16 09:00:00,2019-10-17 09:00:00,1.0
EUR_JPY,2019-10-16 09:00:00,2019-10-17 09:00:00,1.0
USD_SEK,2019-10-16 09:00:00,2019-10-17 09:00:00,1.0
USD_CHF,2019-10-16 09:00:00,2019-10-17 13:00:00,1.000000000000011
CAD_CHF,2019-10-16 21:00:00,2019-10-27 21:00:00,-1.0
USD_PLN,2019-10-17 05:00:00,2019-10-18 17:00:00,1.0
GBP_CHF,2019-10-17 09:00:00,2019-11-06 06:00:00,-0.3899690849457922
EUR_GBP,2019-10-17 09:00:00,2019-11-06 06:00:00,-0.3785072691915931
USD_NOK,2019-10-17 09:00:00,2019-10-29 09:00:00,1.0
EUR_CAD,2019-10-17 09:00:00,2019-10-25 13:00:00,1.0
USD_SGD,2019-10-17 21:00:00,2019-11-06 18:00:00,0.4012535512403847
CHF_JPY,2019-10-17 21:00:00,2019-11-06 18:00:00,-0.13104967146575872
AUD_CAD,2019-10-18 01:00:00,2019-10-30 13:00:00,1.0
USD_SGD,2019-10-18 05:00:00,2019-11-07 02:00:00,0.42848981146447945
AUD_CAD,2019-10-20 21:00:00,2019-10-30 17:00:00,1.0
AUD_JPY,2019-10-20 21:00:00,2019-10-30 17:00:00,1.0
NZD_CAD,2019-10-20 21:00:00,2019-10-25 09:00:00,1.0
CHF_JPY,2019-10-21 21:00:00,2019-11-10 22:00:00,-0.5904206520060605
EUR_USD,2019-10-22 05:00:00,2019-11-07 14:00:00,1.0
GBP_AUD,2019-10-22 05:00:00,2019-10-31 01:00:00,-1.0
EUR_CAD,2019-10-22 09:00:00,2019-11-11 10:00:00,-0.03356785158899961
GBP_CHF,2019-10-22 09:00:00,2019-11-11 10:00:00,0.23797262924644455
AUD_NZD,2019-10-22 17:00:00,2019-10-29 09:00:00,1.0
GBP_CHF,2019-10-23 05:00:00,2019-11-12 06:00:00,-0.25432110394198587
EUR_USD,2019-10-23 05:00:00,2019-11-12 06:00:00,0.8420428300547318
AUD_USD,2019-10-23 21:00:00,2019-10-30 21:00:00,1.0
GBP_AUD,2019-10-24 05:00:00,2019-10-31 01:00:00,-1.0
CAD_JPY,2019-10-24 09:00:00,2019-10-31 09:00:00,-1.0
USD_JPY,2019-10-24 09:00:00,2019-11-13 10:00:00,0.181424690334762
USD_CAD,2019-10-24 13:00:00,2019-11-08 10:00:00,-1.0
EUR_NOK,2019-10-24 21:00:00,2019-10-29 09:00:00,-1.0
EUR_AUD,2019-10-25 09:00:00,2019-10-31 01:00:00,1.0
AUD_JPY,2019-10-25 09:00:00,2019-10-29 13:00:00,1.0
NZD_CHF,2019-10-27 21:00:00,2019-11-14 22:00:00,0.07904513477194629
NZD_CAD,2019-10-27 21:00:00,2019-10-30 13:00:00,-1.0
EUR_PLN,2019-10-27 21:00:00,2019-11-14 22:00:00,-0.04272037762012514
CHF_JPY,2019-10-28 09:00:00,2019-11-15 10:00:00,0.6082312744460439
NZD_JPY,2019-10-28 09:00:00,2019-10-30 21:00:00,1.0
USD_CHF,2019-10-28 09:00:00,2019-10-31 17:00:00,1.0
EUR_JPY,2019-10-28 09:00:00,2019-11-14 14:00:00,-1.0
GBP_CAD,2019-10-28 09:00:00,2019-10-30 13:00:00,1.0
NZD_USD,2019-10-28 09:00:00,2019-10-30 21:00:00,1.0
GBP_USD,2019-10-29 05:00:00,2019-10-31 09:00:00,1.0
USD_NOK,2019-10-29 05:00:00,2019-11-01 09:00:00,-1.0
GBP_CAD,2019-10-29 05:00:00,2019-10-30 13:00:00,1.0
EUR_GBP,2019-10-29 09:00:00,2019-11-18 06:00:00,-1.0
EUR_PLN,2019-10-29 09:00:00,2019-11-18 10:00:00,-0.3211207652637748
USD_SGD,2019-10-29 17:00:00,2019-11-18 18:00:00,0.16579246597954353
USD_PLN,2019-10-30 01:00:00,2019-11-04 02:00:00,1.0
EUR_JPY,2019-10-30 09:00:00,2019-11-13 14:00:00,-1.0
AUD_USD,2019-10-30 09:00:00,2019-11-14 06:00:00,-1.0
GBP_CHF,2019-10-30 09:00:00,2019-11-14 06:00:00,1.0
AUD_JPY,2019-10-30 09:00:00,2019-11-07 10:00:00,1.0
USD_CHF,2019-10-30 09:00:00,2019-11-19 10:00:00,0.28665976001046384
AUD_CAD,2019-10-30 09:00:00,2019-10-30 17:00:00,1.0
USD_SGD,2019-10-30 17:00:00,2019-11-19 18:00:00,0.16500198002376534
NZD_JPY,2019-10-30 17:00:00,2019-10-30 21:00:00,1.0
EUR_PLN,2019-10-30 17:00:00,2019-11-19 18:00:00,-0.4282865958947435
NZD_USD,2019-10-30 17:00:00,2019-10-30 21:00:00,1.0
USD_CHF,2019-10-30 17:00:00,2019-11-19 18:00:00,0.29289503084960544
AUD_USD,2019-10-30 17:00:00,2019-10-31 01:00:00,1.0
USD_PLN,2019-10-30 17:00:00,2019-11-10 22:00:00,-1.0
USD_HUF,2019-10-30 17:00:00,2019-11-01 05:00:00,1.0
USD_HUF,2019-10-31 09:00:00,2019-11-05 14:00:00,-1.0
USD_NOK,2019-10-31 21:00:00,2019-11-01 13:00:00,-1.0
USD_CHF,2019-11-01 09:00:00,2019-11-07 14:00:00,-1.0
GBP_CHF,2019-11-01 09:00:00,2019-11-21 10:00:00,-0.48851787584611694
NZD_CHF,2019-11-01 09:00:00,2019-11-12 14:00:00,1.0
USD_JPY,2019-11-01 13:00:00,2019-11-05 14:00:00,1.0
USD_SGD,2019-11-01 17:00:00,2019-11-21 18:00:00,-0.32971238482145965
NZD_CAD,2019-11-03 22:00:00,2019-11-05 14:00:00,1.0
AUD_NZD,2019-11-03 22:00:00,2019-11-07 14:00:00,1.0
GBP_JPY,2019-11-04 10:00:00,2019-11-18 10:00:00,1.0
AUD_JPY,2019-11-04 10:00:00,2019-11-07 14:00:00,1.0
CHF_JPY,2019-11-04 10:00:00,2019-11-22 10:00:00,-0.42675809746133664
USD_ZAR,2019-11-04 18:00:00,2019-11-07 14:00:00,1.0
EUR_GBP,2019-11-04 22:00:00,2019-11-14 14:00:00,-1.0
EUR_PLN,2019-11-05 10:00:00,2019-11-25 10:00:00,-0.610444023125709
GBP_CAD,2019-11-05 14:00:00,2019-11-14 14:00:00,1.0
USD_SGD,2019-11-05 22:00:00,2019-11-25 22:00:00,-0.40394973070017876
GBP_USD,2019-11-05 22:00:00,2019-11-25 22:00:00,0.24629967755719617
AUD_JPY,2019-11-06 06:00:00,2019-11-12 22:00:00,-1.0
CAD_CHF,2019-11-06 10:00:00,2019-11-13 06:00:00,1.0
USD_CHF,2019-11-06 10:00:00,2019-11-26 10:00:00,-0.3613669535457202
EUR_GBP,2019-11-07 22:00:00,2019-11-18 10:00:00,-1.0
USD_SEK,2019-11-07 22:00:00,2019-11-12 18:00:00,-1.0
USD_PLN,2019-11-07 22:00:00,2019-11-12 18:00:00,-1.0
CHF_JPY,2019-11-08 06:00:00,2019-11-28 06:00:00,-0.15765683665658367
USD_SGD,2019-11-08 06:00:00,2019-11-28 06:00:00,-0.4840726844699512
CAD_CHF,2019-11-08 10:00:00,2019-11-13 06:00:00,1.0
GBP_CAD,2019-11-08 10:00:00,2019-11-13 06:00:00,1.0
EUR_NOK,2019-11-11 18:00:00,2019-11-29 18:00:00,-0.7534934832862423
CAD_CHF,2019-11-12 10:00:00,2019-11-14 06:00:00,1.0
EUR_USD,2019-11-12 10:00:00,2019-12-02 10:00:00,0.053445901876956206
USD_CZK,2019-11-13 10:00:00,2019-12-03 10:00:00,-0.5642886106965082
EUR_GBP,2019-11-14 06:00:00,2019-12-04 06:00:00,-0.9715199850535428
EUR_NOK,2019-11-14 10:00:00,2019-11-15 10:00:00,1.0
USD_PLN,2019-11-14 10:00:00,2019-11-15 14:00:00,1.0
NZD_CAD,2019-11-15 06:00:00,2019-11-20 10:00:00,-1.0
EUR_CAD,2019-11-15 06:00:00,2019-11-20 14:00:00,-1.0
AUD_JPY,2019-11-15 10:00:00,2019-12-02 06:00:00,1.0
EUR_GBP,2019-11-15 14:00:00,2019-12-04 10:00:00,-1.0
USD_HUF,2019-11-15 18:00:00,2019-11-19 14:00:00,1.0
EUR_GBP,2019-11-17 22:00:00,2019-12-04 10:00:00,-1.0
USD_ZAR,2019-11-18 06:00:00,2019-11-20 06:00:00,-1.0
NZD_CAD,2019-11-18 22:00:00,2019-11-20 10:00:00,-1.0
USD_NOK,2019-11-18 22:00:00,2019-11-20 06:00:00,1.0
GBP_USD,2019-11-19 06:00:00,2019-12-04 10:00:00,1.0
EUR_USD,2019-11-19 10:00:00,2019-12-09 10:00:00,0.05775026619263124
USD_NOK,2019-11-19 10:00:00,2019-11-20 06:00:00,1.0
USD_NOK,2019-11-19 18:00:00,2019-11-20 06:00:00,1.0
NZD_JPY,2019-11-19 22:00:00,2019-11-27 18:00:00,1.0
USD_ZAR,2019-11-20 06:00:00,2019-11-21 10:00:00,1.0
NZD_JPY,2019-11-20 06:00:00,2019-11-27 14:00:00,1.0
USD_PLN,2019-11-20 06:00:00,2019-11-27 10:00:00,-1.0
AUD_JPY,2019-11-20 06:00:00,2019-12-03 02:00:00,1.0
CAD_CHF,2019-11-20 10:00:00,2019-11-27 10:00:00,-1.0
GBP_AUD,2019-11-20 10:00:00,2019-11-27 22:00:00,1.0
GBP_CAD,2019-11-20 10:00:00,2019-12-03 10:00:00,1.0
EUR_NOK,2019-11-21 06:00:00,2019-12-11 06:00:00,-0.10607422830012614
GBP_AUD,2019-11-21 10:00:00,2019-12-05 06:00:00,1.0
USD_SEK,2019-11-21 22:00:00,2019-11-29 02:00:00,1.0
GBP_AUD,2019-11-22 06:00:00,2019-12-05 06:00:00,1.0
AUD_CAD,2019-11-22 10:00:00,2019-12-03 02:00:00,1.0
AUD_JPY,2019-11-22 10:00:00,2019-12-02 06:00:00,1.0
EUR_PLN,2019-11-25 14:00:00,2019-12-13 14:00:00,0.66906043171492
GBP_AUD,2019-11-26 02:00:00,2019-12-05 06:00:00,1.0
USD_CHF,2019-11-26 06:00:00,2019-12-03 14:00:00,1.0
CAD_CHF,2019-11-26 06:00:00,2019-12-03 14:00:00,1.0
EUR_PLN,2019-11-26 06:00:00,2019-12-16 06:00:00,0.8306721146113549
EUR_USD,2019-11-26 10:00:00,2019-12-11 18:00:00,-1.0
NZD_JPY,2019-11-26 14:00:00,2019-12-01 22:00:00,1.0
GBP_CHF,2019-11-26 22:00:00,2019-12-04 14:00:00,-1.0
AUD_JPY,2019-11-27 02:00:00,2019-12-03 02:00:00,1.0
NZD_JPY,2019-11-27 10:00:00,2019-12-02 06:00:00,1.0
EUR_JPY,2019-11-27 10:00:00,2019-12-12 14:00:00,1.0
CHF_JPY,2019-11-27 10:00:00,2019-12-10 14:00:00,1.0
USD_CZK,2019-11-27 18:00:00,2019-12-11 18:00:00,-1.0
CAD_JPY,2019-11-27 22:00:00,2019-12-03 14:00:00,-1.0
USD_ZAR,2019-11-27 22:00:00,2019-11-29 06:00:00,1.0
USD_SGD,2019-11-28 06:00:00,2019-12-12 22:00:00,1.0
AUD_CAD,2019-11-28 14:00:00,2019-12-03 02:00:00,1.0
CAD_CHF,2019-11-28 22:00:00,2019-12-02 22:00:00,1.0
AUD_JPY,2019-11-28 22:00:00,2019-12-03 06:00:00,1.0
USD_CHF,2019-11-28 22:00:00,2019-12-03 10:00:00,1.000000000000011
AUD_USD,2019-11-28 22:00:00,2019-12-03 02:00:00,1.0
USD_ZAR,2019-11-28 22:00:00,2019-12-02 14:00:00,1.0
CHF_JPY,2019-11-29 06:00:00,2019-12-12 06:00:00,1.0
AUD_NZD,2019-11-29 06:00:00,2019-12-04 22:00:00,-1.0
NZD_USD,2019-11-29 10:00:00,2019-12-02 14:00:00,1.0
EUR_JPY,2019-11-29 10:00:00,2019-12-12 18:00:00,1.0
USD_ZAR,2019-11-29 18:00:00,2019-12-10 10:00:00,-1.0
USD_CHF,2019-12-02 06:00:00,2019-12-03 06:00:00,0.9999999999999889
EUR_GBP,2019-12-02 10:00:00,2019-12-05 06:00:00,-1.0
NZD_JPY,2019-12-02 22:00:00,2019-12-11 18:00:00,1.0
USD_PLN,2019-12-03 10:00:00,2019-12-12 22:00:00,1.0
USD_CAD,2019-12-03 10:00:00,2019-12-05 10:00:00,1.0
NZD_USD,2019-12-03 10:00:00,2019-12-06 10:00:00,1.0
USD_NOK,2019-12-03 22:00:00,2019-12-12 14:00:00,-1.0
EUR_CAD,2019-12-04 10:00:00,2019-12-18 14:00:00,1.0
USD_PLN,2019-12-04 10:00:00,2019-12-12 22:00:00,1.0
NZD_CAD,2019-12-04 10:00:00,2019-12-24 10:00:00,-0.7053553906006419
USD_HUF,2019-12-04 14:00:00,2019-12-12 02:00:00,1.0
CHF_JPY,2019-12-04 22:00:00,2019-12-12 22:00:00,1.0
GBP_CAD,2019-12-05 10:00:00,2019-12-09 06:00:00,1.0
NZD_JPY,2019-12-05 10:00:00,2019-12-12 14:00:00,1.0
EUR_NOK,2019-12-05 10:00:00,2019-12-13 18:00:00,1.0
EUR_PLN,2019-12-05 14:00:00,2019-12-26 14:00:00,0.5077340062619663
USD_SGD,2019-12-06 02:00:00,2019-12-27 02:00:00,0.548033763581472
USD_SGD,2019-12-06 10:00:00,2019-12-27 10:00:00,0.6355153919623849
USD_ZAR,2019-12-06 10:00:00,2019-12-10 10:00:00,-1.0
AUD_USD,2019-12-08 22:00:00,2019-12-12 14:00:00,1.0
CHF_JPY,2019-12-09 10:00:00,2019-12-12 06:00:00,1.0
GBP_JPY,2019-12-09 10:00:00,2019-12-12 18:00:00,1.0
USD_NOK,2019-12-10 06:00:00,2019-12-12 22:00:00,-1.0
GBP_AUD,2019-12-10 06:00:00,2019-12-12 10:00:00,-1.0
EUR_GBP,2019-12-10 10:00:00,2019-12-12 10:00:00,1.0
GBP_CHF,2019-12-10 10:00:00,2019-12-12 22:00:00,-1.0
USD_PLN,2019-12-10 18:00:00,2019-12-12 22:00:00,1.0
USD_NOK,2019-12-10 22:00:00,2019-12-12 18:00:00,-1.0
GBP_JPY,2019-12-11 06:00:00,2019-12-12 22:00:00,1.0
USD_HUF,2019-12-11 10:00:00,2019-12-12 10:00:00,1.0
USD_CHF,2019-12-11 10:00:00,2019-12-27 10:00:00,1.0
AUD_CAD,2019-12-11 22:00:00,2019-12-27 14:00:00,1.0
USD_JPY,2019-12-12 10:00:00,2019-12-13 10:00:00,1.0
USD_SEK,2019-12-12 14:00:00,2019-12-31 10:00:00,1.0
NZD_USD,2019-12-12 14:00:00,2019-12-24 14:00:00,1.0
USD_PLN,2019-12-12 14:00:00,2019-12-17 10:00:00,1.0
USD_HUF,2019-12-12 14:00:00,2019-12-22 22:00:00,-1.0
GBP_JPY,2019-12-12 18:00:00,2019-12-12 22:00:00,1.0
AUD_CAD,2019-12-13 06:00:00,2019-12-17 10:00:00,-1.0
USD_ZAR,2019-12-17 06:00:00,2019-12-19 14:00:00,1.0
USD_SGD,2019-12-17 06:00:00,2020-01-08 06:00:00,0.3828732460864327
USD_CZK,2019-12-17 10:00:00,2019-12-23 10:00:00,1.0
USD_NOK,2019-12-17 10:00:00,2019-12-24 14:00:00,-1.0
USD_NOK,2019-12-17 22:00:00,2019-12-24 14:00:00,-1.0
CAD_CHF,2019-12-17 22:00:00,2020-01-08 22:00:00,-0.2776324789763848
NZD_CHF,2019-12-17 22:00:00,2019-12-23 14:00:00,-1.0
USD_CHF,2019-12-18 10:00:00,2019-12-30 06:00:00,1.0
NZD_JPY,2019-12-19 06:00:00,2019-12-26 10:00:00,1.0
NZD_CHF,2019-12-20 06:00:00,2019-12-26 14:00:00,-1.0
USD_SEK,2019-12-22 22:00:00,2019-12-27 18:00:00,1.0
EUR_AUD,2019-12-23 14:00:00,2020-01-07 06:00:00,-1.0
USD_ZAR,2019-12-23 18:00:00,2019-12-27 06:00:00,1.0
GBP_CHF,2019-12-24 10:00:00,2019-12-31 14:00:00,-1.0
USD_SEK,2019-12-24 10:00:00,2019-12-27 10:00:00,1.0
NZD_JPY,2019-12-24 18:00:00,2019-12-27 06:00:00,1.0
NZD_USD,2019-12-24 18:00:00,2019-12-27 10:00:00,1.0
NZD_CHF,2019-12-25 22:00:00,2020-01-06 06:00:00,1.0
USD_PLN,2019-12-25 22:00:00,2019-12-29 22:00:00,1.0
EUR_JPY,2019-12-26 10:00:00,2020-01-03 10:00:00,-1.0
GBP_CHF,2019-12-26 10:00:00,2020-01-13 06:00:00,1.0
USD_ZAR,2019-12-27 06:00:00,2019-12-27 10:00:00,1.0
USD_CAD,2019-12-27 06:00:00,2019-12-31 14:00:00,1.0
USD_HUF,2019-12-27 14:00:00,2020-01-02 14:00:00,1.0
AUD_CAD,2019-12-29 22:00:00,2020-01-03 06:00:00,-1.0
EUR_NOK,2019-12-29 22:00:00,2020-01-19 22:00:00,-0.029669443915647506
NZD_CHF,2019-12-30 06:00:00,2020-01-03 02:00:00,1.0
EUR_CAD,2019-12-30 14:00:00,2020-01-03 06:00:00,1.0
USD_CAD,2019-12-30 14:00:00,2020-01-20 14:00:00,0.18126195028682332
USD_CHF,2019-12-31 14:00:00,2020-01-21 14:00:00,0.025810981023763998
NZD_CHF,2019-12-31 14:00:00,2020-01-05 22:00:00,1.0
USD_ZAR,2019-12-31 18:00:00,2020-01-03 02:00:00,-1.0
USD_CAD,2020-01-02 02:00:00,2020-01-22 02:00:00,-0.680340170085034
USD_NOK,2020-01-02 06:00:00,2020-01-07 14:00:00,1.0
EUR_NOK,2020-01-02 10:00:00,2020-01-21 14:00:00,-1.0
EUR_GBP,2020-01-03 10:00:00,2020-01-14 06:00:00,1.0
USD_NOK,2020-01-05 22:00:00,2020-01-09 06:00:00,1.0
NZD_CHF,2020-01-06 06:00:00,2020-01-07 22:00:00,1.0
USD_JPY,2020-01-06 06:00:00,2020-01-08 14:00:00,1.0
USD_SGD,2020-01-07 06:00:00,2020-01-27 06:00:00,-0.5521749764677027
NZD_CHF,2020-01-08 02:00:00,2020-01-15 06:00:00,1.0
NZD_USD,2020-01-08 10:00:00,2020-01-26 22:00:00,-1.0
USD_SGD,2020-01-08 18:00:00,2020-01-28 18:00:00,-0.465312402905807
CAD_CHF,2020-01-08 22:00:00,2020-01-14 10:00:00,1.0
GBP_CAD,2020-01-09 06:00:00,2020-01-22 14:00:00,1.0
USD_SGD,2020-01-09 14:00:00,2020-01-29 14:00:00,-0.6604834176503737
AUD_JPY,2020-01-09 14:00:00,2020-01-12 22:00:00,1.0
AUD_USD,2020-01-09 14:00:00,2020-01-16 10:00:00,1.0
GBP_JPY,2020-01-10 06:00:00,2020-01-17 06:00:00,1.0
CHF_JPY,2020-01-10 06:00:00,2020-01-14 10:00:00,1.0
EUR_NOK,2020-01-13 06:00:00,2020-01-24 18:00:00,-1.0
EUR_PLN,2020-01-13 10:00:00,2020-01-28 06:00:00,-1.0
NZD_JPY,2020-01-13 14:00:00,2020-01-23 14:00:00,-1.0
USD_NOK,2020-01-13 22:00:00,2020-01-21 14:00:00,1.0
NZD_JPY,2020-01-14 06:00:00,2020-01-23 06:00:00,-1.0
AUD_JPY,2020-01-14 06:00:00,2020-01-21 22:00:00,-1.0
USD_ZAR,2020-01-15 06:00:00,2020-01-20 10:00:00,-1.0
GBP_USD,2020-01-15 06:00:00,2020-01-22 14:00:00,1.0
GBP_JPY,2020-01-15 06:00:00,2020-01-17 06:00:00,1.0
USD_CAD,2020-01-15 06:00:00,2020-01-28 06:00:00,-1.0
EUR_NOK,2020-01-15 06:00:00,2020-01-24 18:00:00,-1.0
AUD_JPY,2020-01-16 22:00:00,2020-01-21 22:00:00,-1.0
EUR_JPY,2020-01-16 22:00:00,2020-01-23 06:00:00,-1.0
NZD_JPY,2020-01-17 06:00:00,2020-01-21 18:00:00,-1.0
GBP_CAD,2020-01-17 06:00:00,2020-01-22 14:00:00,1.0
CHF_JPY,2020-01-17 06:00:00,2020-01-23 14:00:00,-1.0
USD_CHF,2020-01-20 10:00:00,2020-02-07 10:00:00,-0.7698578962033297
CAD_CHF,2020-01-20 10:00:00,2020-01-27 14:00:00,1.0
GBP_CAD,2020-01-20 14:00:00,2020-01-22 10:00:00,1.0
USD_CHF,2020-01-20 22:00:00,2020-02-09 22:00:00,-0.8449919524575948
GBP_USD,2020-01-20 22:00:00,2020-01-22 10:00:00,1.0
EUR_USD,2020-01-21 02:00:00,2020-02-06 14:00:00,1.0
GBP_USD,2020-01-21 06:00:00,2020-01-22 10:00:00,1.0
EUR_USD,2020-01-21 10:00:00,2020-02-06 14:00:00,1.0
USD_NOK,2020-01-21 10:00:00,2020-01-24 14:00:00,1.0
USD_JPY,2020-01-21 14:00:00,2020-01-26 22:00:00,-1.0
EUR_USD,2020-01-22 14:00:00,2020-02-06 14:00:00,1.0
EUR_AUD,2020-01-22 14:00:00,2020-01-30 06:00:00,-1.0
GBP_JPY,2020-01-22 22:00:00,2020-01-24 18:00:00,-1.0
GBP_USD,2020-01-23 10:00:00,2020-01-28 14:00:00,-1.0
GBP_AUD,2020-01-23 14:00:00,2020-01-27 06:00:00,1.0
USD_CZK,2020-01-26 22:00:00,2020-02-13 22:00:00,0.7348433077962201
AUD_JPY,2020-01-27 06:00:00,2020-01-28 06:00:00,-1.0
GBP_CHF,2020-01-27 22:00:00,2020-02-03 14:00:00,1.0
USD_PLN,2020-01-28 22:00:00,2020-02-13 10:00:00,-1.0
AUD_USD,2020-01-29 06:00:00,2020-01-31 06:00:00,-1.0
GBP_CHF,2020-01-29 14:00:00,2020-02-03 14:00:00,1.0
NZD_CAD,2020-01-29 14:00:00,2020-02-07 10:00:00,1.0
USD_HUF,2020-01-29 22:00:00,2020-01-31 18:00:00,1.0
CAD_JPY,2020-01-30 14:00:00,2020-02-12 14:00:00,1.0
AUD_NZD,2020-01-30 22:00:00,2020-02-06 02:00:00,1.0
GBP_JPY,2020-01-31 10:00:00,2020-02-03 14:00:00,-1.0
EUR_JPY,2020-01-31 14:00:00,2020-02-13 14:00:00,-1.0
EUR_JPY,2020-02-02 22:00:00,2020-02-17 22:00:00,-1.0
CAD_CHF,2020-02-03 06:00:00,2020-02-10 06:00:00,-1.0
USD_CHF,2020-02-03 06:00:00,2020-02-05 14:00:00,-1.0
AUD_JPY,2020-02-03 14:00:00,2020-02-04 06:00:00,1.0
USD_ZAR,2020-02-03 22:00:00,2020-02-04 06:00:00,1.0
AUD_NZD,2020-02-04 14:00:00,2020-02-10 22:00:00,1.0
EUR_USD,2020-02-05 06:00:00,2020-02-10 10:00:00,1.0
USD_SEK,2020-02-05 06:00:00,2020-02-14 06:00:00,-1.0
EUR_JPY,2020-02-05 22:00:00,2020-02-12 22:00:00,-1.0
USD_ZAR,2020-02-05 22:00:00,2020-02-06 18:00:00,-1.0
AUD_NZD,2020-02-06 06:00:00,2020-02-26 06:00:00,-0.02685027137953415
NZD_CHF,2020-02-06 10:00:00,2020-02-09 22:00:00,1.0
GBP_AUD,2020-02-06 10:00:00,2020-02-07 14:00:00,1.0
CAD_CHF,2020-02-06 22:00:00,2020-02-16 22:00:00,-1.0
EUR_CAD,2020-02-07 10:00:00,2020-02-12 14:00:00,1.0
GBP_USD,2020-02-10 06:00:00,2020-02-13 10:00:00,1.0
EUR_PLN,2020-02-10 14:00:00,2020-02-26 06:00:00,-1.0
AUD_CAD,2020-02-10 14:00:00,2020-02-19 22:00:00,-1.0
GBP_JPY,2020-02-10 14:00:00,2020-02-13 10:00:00,1.0
USD_SEK,2020-02-11 10:00:00,2020-02-18 14:00:00,-1.0
CHF_JPY,2020-02-11 10:00:00,2020-02-20 06:00:00,1.0
CAD_CHF,2020-02-11 10:00:00,2020-02-19 06:00:00,-1.0
USD_CHF,2020-02-11 10:00:00,2020-02-27 10:00:00,1.0
EUR_USD,2020-02-11 14:00:00,2020-02-18 10:00:00,1.0
AUD_JPY,2020-02-11 18:00:00,2020-02-19 18:00:00,1.0
EUR_CAD,2020-02-11 22:00:00,2020-02-13 14:00:00,1.0
CAD_CHF,2020-02-12 02:00:00,2020-02-17 02:00:00,-1.0
EUR_USD,2020-02-12 06:00:00,2020-02-18 10:00:00,1.0
USD_SGD,2020-02-12 06:00:00,2020-02-20 02:00:00,-1.0
EUR_USD,2020-02-13 06:00:00,2020-02-27 14:00:00,-1.0
GBP_AUD,2020-02-14 06:00:00,2020-02-21 06:00:00,1.0
EUR_CAD,2020-02-16 22:00:00,2020-02-26 18:00:00,-1.0
CAD_CHF,2020-02-17 10:00:00,2020-02-25 14:00:00,1.0
NZD_CAD,2020-02-17 14:00:00,2020-02-19 14:00:00,1.0
USD_NOK,2020-02-17 22:00:00,2020-02-18 06:00:00,1.0
AUD_CAD,2020-02-18 22:00:00,2020-02-20 14:00:00,-1.0
USD_NOK,2020-02-18 22:00:00,2020-02-27 06:00:00,1.0
EUR_USD,2020-02-19 06:00:00,2020-02-26 22:00:00,-1.0
AUD_NZD,2020-02-19 06:00:00,2020-03-10 05:00:00,-0.5477330733274076
AUD_CAD,2020-02-19 06:00:00,2020-02-20 10:00:00,-1.0
USD_PLN,2020-02-19 10:00:00,2020-03-01 22:00:00,1.0
GBP_CAD,2020-02-20 10:00:00,2020-02-25 06:00:00,1.0
NZD_CAD,2020-02-20 14:00:00,2020-02-28 14:00:00,1.0
EUR_NOK,2020-02-21 14:00:00,2020-02-25 14:00:00,-1.0
AUD_CAD,2020-02-23 22:00:00,2020-02-28 14:00:00,-1.0
USD_HUF,2020-02-24 14:00:00,2020-02-27 10:00:00,1.0
USD_HUF,2020-02-25 10:00:00,2020-02-27 10:00:00,1.0
USD_PLN,2020-02-25 10:00:00,2020-02-27 14:00:00,1.000000000000011
USD_SEK,2020-02-25 10:00:00,2020-02-27 10:00:00,1.0
NZD_CHF,2020-02-25 22:00:00,2020-02-27 18:00:00,1.0
USD_NOK,2020-02-26 02:00:00,2020-02-28 02:00:00,1.0
CAD_CHF,2020-02-26 02:00:00,2020-02-27 10:00:00,1.0
GBP_CAD,2020-02-26 02:00:00,2020-03-02 06:00:00,-1.0
GBP_AUD,2020-02-26 02:00:00,2020-03-02 06:00:00,-1.0
USD_CHF,2020-02-26 02:00:00,2020-02-28 02:00:00,1.0
USD_NOK,2020-02-26 10:00:00,2020-02-28 02:00:00,1.0
GBP_AUD,2020-02-26 14:00:00,2020-03-02 06:00:00,-1.0
USD_NOK,2020-02-27 22:00:00,2020-02-28 06:00:00,1.0
USD_SEK,2020-02-28 10:00:00,2020-02-28 18:00:00,1.0
NZD_USD,2020-02-28 10:00:00,2020-03-03 14:00:00,1.0
NZD_CAD,2020-02-28 18:00:00,2020-03-02 02:00:00,1.0
NZD_USD,2020-03-01 22:00:00,2020-03-02 10:00:00,1.0
EUR_USD,2020-03-02 06:00:00,2020-03-02 14:00:00,-1.0
USD_JPY,2020-03-02 06:00:00,2020-03-05 14:00:00,-1.0
EUR_PLN,2020-03-02 18:00:00,2020-03-04 06:00:00,1.0
AUD_USD,2020-03-02 22:00:00,2020-03-03 14:00:00,1.0
NZD_CHF,2020-03-03 02:00:00,2020-03-05 18:00:00,1.0
GBP_CAD,2020-03-03 10:00:00,2020-03-04 14:00:00,1.0
AUD_JPY,2020-03-03 18:00:00,2020-03-04 22:00:00,1.0
AUD_CAD,2020-03-04 06:00:00,2020-03-05 10:00:00,1.0
USD_PLN,2020-03-04 10:00:00,2020-03-06 06:00:00,1.0
USD_CHF,2020-03-04 18:00:00,2020-03-05 14:00:00,1.0
NZD_USD,2020-03-04 22:00:00,2020-03-06 06:00:00,1.0
AUD_USD,2020-03-04 22:00:00,2020-03-09 01:00:00,-1.0
AUD_JPY,2020-03-04 22:00:00,2020-03-05 14:00:00,-1.0
USD_PLN,2020-03-04 22:00:00,2020-03-06 06:00:00,1.0
USD_SGD,2020-03-05 06:00:00,2020-03-12 01:00:00,-1.0
EUR_NOK,2020-03-05 06:00:00,2020-03-05 18:00:00,-1.0
NZD_USD,2020-03-06 02:00:00,2020-03-06 06:00:00,1.0
EUR_AUD,2020-03-06 10:00:00,2020-03-08 21:00:00,-1.0
NZD_JPY,2020-03-06 10:00:00,2020-03-08 21:00:00,-1.0
CHF_JPY,2020-03-06 10:00:00,2020-03-09 01:00:00,-1.0
USD_ZAR,2020-03-08 21:00:00,2020-03-09 01:00:00,-1.0
USD_SGD,2020-03-08 21:00:00,2020-03-11 17:00:00,-1.0
GBP_JPY,2020-03-09 09:00:00,2020-03-10 01:00:00,1.0
USD_CAD,2020-03-09 09:00:00,2020-03-09 13:00:00,1.0
EUR_JPY,2020-03-09 13:00:00,2020-03-09 21:00:00,1.0
USD_CAD,2020-03-09 17:00:00,2020-03-10 13:00:00,-1.0
CHF_JPY,2020-03-09 21:00:00,2020-03-10 01:00:00,1.0
EUR_PLN,2020-03-10 05:00:00,2020-03-12 13:00:00,-1.0
NZD_CHF,2020-03-10 17:00:00,2020-03-12 01:00:00,1.0
EUR_PLN,2020-03-10 21:00:00,2020-03-12 13:00:00,-1.0
NZD_CHF,2020-03-12 13:00:00,2020-03-12 17:00:00,1.0
CAD_JPY,2020-03-12 17:00:00,2020-03-13 01:00:00,1.0
EUR_USD,2020-03-13 01:00:00,2020-03-13 13:00:00,1.0
NZD_CHF,2020-03-13 17:00:00,2020-03-15 21:00:00,1.0
CAD_JPY,2020-03-15 21:00:00,2020-03-16 01:00:00,1.0
AUD_JPY,2020-03-15 21:00:00,2020-03-16 01:00:00,-1.0
NZD_JPY,2020-03-15 21:00:00,2020-03-16 05:00:00,-1.0
USD_ZAR,2020-03-15 21:00:00,2020-03-16 05:00:00,-1.0
EUR_NOK,2020-03-15 21:00:00,2020-03-16 09:00:00,-1.0
GBP_CAD,2020-03-16 01:00:00,2020-03-16 05:00:00,1.0
GBP_AUD,2020-03-16 09:00:00,2020-03-16 13:00:00,1.000000000000011
GBP_CAD,2020-03-17 09:00:00,2020-03-17 21:00:00,1.0
GBP_CHF,2020-03-17 13:00:00,2020-03-18 09:00:00,1.0
GBP_AUD,2020-03-18 09:00:00,2020-03-18 13:00:00,-1.0
GBP_AUD,2020-03-18 21:00:00,2020-03-19 01:00:00,0.9999999999999889
USD_CZK,2020-03-19 05:00:00,2020-03-19 09:00:00,1.0
CAD_CHF,2020-03-19 05:00:00,2020-03-19 13:00:00,-1.0
USD_SEK,2020-03-19 09:00:00,2020-03-19 13:00:00,1.0
USD_SGD,2020-03-19 09:00:00,2020-03-26 05:00:00,1.0
NZD_USD,2020-03-19 17:00:00,2020-03-19 21:00:00,-1.0
USD_SGD,2020-03-19 17:00:00,2020-03-26 09:00:00,1.0
USD_SEK,2020-03-19 17:00:00,2020-03-20 05:00:00,1.0
EUR_USD,2020-03-20 01:00:00,2020-03-20 05:00:00,-1.0
CHF_JPY,2020-03-20 09:00:00,2020-03-20 13:00:00,1.0
EUR_JPY,2020-03-20 09:00:00,2020-03-20 13:00:00,1.0
GBP_JPY,2020-03-20 17:00:00,2020-03-22 21:00:00,-1.0
USD_CAD,2020-03-23 13:00:00,2020-03-25 05:00:00,1.0
CAD_CHF,2020-03-24 01:00:00,2020-03-24 09:00:00,1.0
GBP_CHF,2020-03-24 01:00:00,2020-03-24 13:00:00,-1.0
AUD_USD,2020-03-24 09:00:00,2020-03-24 13:00:00,1.0
CAD_JPY,2020-03-24 09:00:00,2020-03-24 13:00:00,1.0
EUR_NOK,2020-03-25 21:00:00,2020-03-26 09:00:00,1.0
GBP_USD,2020-03-25 21:00:00,2020-03-26 05:00:00,1.0
EUR_CAD,2020-03-25 21:00:00,2020-03-31 13:00:00,-1.0
NZD_CAD,2020-03-26 01:00:00,2020-03-26 17:00:00,-1.0
GBP_AUD,2020-03-26 09:00:00,2020-03-26 17:00:00,0.9999999999999889
GBP_CAD,2020-03-26 09:00:00,2020-03-26 13:00:00,1.0
USD_SGD,2020-03-27 05:00:00,2020-04-09 13:00:00,1.0
GBP_USD,2020-03-27 05:00:00,2020-03-27 09:00:00,1.0
USD_SEK,2020-03-27 05:00:00,2020-03-27 17:00:00,1.0
USD_ZAR,2020-03-27 05:00:00,2020-03-27 09:00:00,-1.0
EUR_JPY,2020-03-27 09:00:00,2020-03-31 13:00:00,-1.0
NZD_JPY,2020-03-27 09:00:00,2020-03-27 13:00:00,1.0
USD_PLN,2020-03-27 13:00:00,2020-03-27 17:00:00,1.0
CHF_JPY,2020-03-30 09:00:00,2020-04-01 05:00:00,-1.0
EUR_JPY,2020-03-30 09:00:00,2020-04-01 05:00:00,-1.0
NZD_JPY,2020-03-30 13:00:00,2020-03-31 01:00:00,1.0
GBP_CAD,2020-03-30 21:00:00,2020-03-31 13:00:00,1.0
GBP_JPY,2020-03-30 21:00:00,2020-04-07 09:00:00,1.0
AUD_CAD,2020-03-31 05:00:00,2020-03-31 17:00:00,-1.0
AUD_NZD,2020-03-31 09:00:00,2020-04-08 17:00:00,1.0
USD_CZK,2020-03-31 17:00:00,2020-04-01 05:00:00,1.0
GBP_AUD,2020-04-02 05:00:00,2020-04-02 09:00:00,1.0
AUD_JPY,2020-04-02 09:00:00,2020-04-02 13:00:00,-1.0
EUR_CAD,2020-04-02 09:00:00,2020-04-02 13:00:00,1.0
NZD_JPY,2020-04-02 09:00:00,2020-04-06 05:00:00,1.0
USD_NOK,2020-04-02 13:00:00,2020-04-02 17:00:00,1.0
EUR_PLN,2020-04-02 17:00:00,2020-04-07 05:00:00,1.0
EUR_JPY,2020-04-03 13:00:00,2020-04-06 05:00:00,1.0
CHF_JPY,2020-04-03 13:00:00,2020-04-07 05:00:00,1.0
GBP_AUD,2020-04-05 21:00:00,2020-04-06 13:00:00,-1.0
GBP_CHF,2020-04-06 05:00:00,2020-04-13 13:00:00,-1.0
CHF_JPY,2020-04-06 09:00:00,2020-04-07 13:00:00,1.0
USD_CHF,2020-04-06 13:00:00,2020-04-07 13:00:00,1.0
GBP_USD,2020-04-06 17:00:00,2020-04-07 09:00:00,1.0
GBP_JPY,2020-04-06 17:00:00,2020-04-08 13:00:00,1.0
NZD_JPY,2020-04-06 21:00:00,2020-04-07 05:00:00,1.0
GBP_AUD,2020-04-07 09:00:00,2020-04-07 21:00:00,1.000000000000011
AUD_NZD,2020-04-07 17:00:00,2020-04-09 17:00:00,1.0
CHF_JPY,2020-04-07 21:00:00,2020-04-15 09:00:00,-1.0
USD_CHF,2020-04-07 21:00:00,2020-04-14 09:00:00,1.0
CHF_JPY,2020-04-08 05:00:00,2020-04-21 05:00:00,-1.0
EUR_JPY,2020-04-08 05:00:00,2020-04-15 09:00:00,-1.0
GBP_JPY,2020-04-08 05:00:00,2020-04-08 21:00:00,1.0
EUR_JPY,2020-04-08 13:00:00,2020-04-15 09:00:00,-1.0
CHF_JPY,2020-04-08 13:00:00,2020-04-21 01:00:00,-1.0
USD_SEK,2020-04-08 21:00:00,2020-04-09 13:00:00,1.0
AUD_CAD,2020-04-09 01:00:00,2020-04-09 13:00:00,1.0
USD_SGD,2020-04-09 01:00:00,2020-04-10 05:00:00,1.0
EUR_USD,2020-04-09 05:00:00,2020-04-14 17:00:00,-1.0
USD_SEK,2020-04-09 09:00:00,2020-04-09 13:00:00,1.0
EUR_JPY,2020-04-09 21:00:00,2020-04-15 09:00:00,-1.0
CHF_JPY,2020-04-09 21:00:00,2020-04-15 09:00:00,-1.0
CAD_CHF,2020-04-09 21:00:00,2020-04-15 13:00:00,1.0
EUR_GBP,2020-04-10 05:00:00,2020-04-21 13:00:00,1.0
AUD_CAD,2020-04-10 05:00:00,2020-04-14 13:00:00,1.0
CHF_JPY,2020-04-10 05:00:00,2020-04-15 09:00:00,-1.0
AUD_NZD,2020-04-10 09:00:00,2020-04-14 13:00:00,1.0
NZD_CHF,2020-04-10 17:00:00,2020-04-15 05:00:00,1.0
EUR_GBP,2020-04-10 17:00:00,2020-04-21 13:00:00,1.0
EUR_USD,2020-04-12 21:00:00,2020-04-16 13:00:00,1.0
EUR_CAD,2020-04-12 21:00:00,2020-04-13 17:00:00,1.0
NZD_CHF,2020-04-13 05:00:00,2020-04-15 05:00:00,1.0
EUR_NOK,2020-04-13 05:00:00,2020-04-14 17:00:00,-1.0
AUD_USD,2020-04-13 09:00:00,2020-04-13 17:00:00,1.0
USD_PLN,2020-04-13 17:00:00,2020-04-14 01:00:00,1.0
EUR_PLN,2020-04-13 21:00:00,2020-04-14 17:00:00,1.0
AUD_JPY,2020-04-13 21:00:00,2020-04-15 05:00:00,-1.0
NZD_JPY,2020-04-13 21:00:00,2020-04-15 05:00:00,-1.0
GBP_JPY,2020-04-13 21:00:00,2020-04-21 01:00:00,-1.0
USD_HUF,2020-04-14 05:00:00,2020-04-14 09:00:00,1.0
CAD_JPY,2020-04-14 05:00:00,2020-04-15 09:00:00,-1.0
USD_ZAR,2020-04-14 05:00:00,2020-04-14 09:00:00,-1.0
EUR_AUD,2020-04-14 05:00:00,2020-04-15 05:00:00,-1.0
GBP_CHF,2020-04-14 13:00:00,2020-04-21 09:00:00,1.0
GBP_AUD,2020-04-14 17:00:00,2020-04-15 09:00:00,1.0
CHF_JPY,2020-04-15 09:00:00,2020-04-23 17:00:00,-1.0
NZD_CHF,2020-04-15 21:00:00,2020-04-19 21:00:00,-1.0
GBP_CHF,2020-04-16 05:00:00,2020-04-21 09:00:00,1.0
EUR_GBP,2020-04-16 05:00:00,2020-04-21 09:00:00,1.0
GBP_USD,2020-04-16 09:00:00,2020-04-21 09:00:00,-1.0
USD_CAD,2020-04-16 13:00:00,2020-04-28 09:00:00,1.0
EUR_CAD,2020-04-16 13:00:00,2020-04-23 09:00:00,1.0
USD_PLN,2020-04-16 21:00:00,2020-04-17 09:00:00,1.0
GBP_AUD,2020-04-17 09:00:00,2020-04-22 01:00:00,-1.0
USD_CAD,2020-04-19 21:00:00,2020-04-21 05:00:00,-1.0
USD_PLN,2020-04-19 21:00:00,2020-04-22 13:00:00,-1.0
AUD_USD,2020-04-19 21:00:00,2020-04-21 09:00:00,-1.0
NZD_CHF,2020-04-20 13:00:00,2020-04-21 01:00:00,1.0
GBP_CAD,2020-04-20 13:00:00,2020-04-23 13:00:00,-1.0
USD_NOK,2020-04-20 13:00:00,2020-04-20 17:00:00,1.0
GBP_AUD,2020-04-20 13:00:00,2020-04-21 01:00:00,1.0
USD_CHF,2020-04-21 09:00:00,2020-05-01 09:00:00,1.0
AUD_CAD,2020-04-21 09:00:00,2020-04-23 09:00:00,1.0
USD_CZK,2020-04-21 09:00:00,2020-04-22 13:00:00,1.0
CAD_CHF,2020-04-22 05:00:00,2020-04-23 09:00:00,-1.0
USD_NOK,2020-04-22 05:00:00,2020-04-22 09:00:00,1.0
USD_ZAR,2020-04-23 05:00:00,2020-04-24 09:00:00,1.0
USD_SEK,2020-04-24 05:00:00,2020-04-28 05:00:00,1.0
GBP_CHF,2020-04-24 09:00:00,2020-04-28 05:00:00,-1.0
CHF_JPY,2020-04-24 13:00:00,2020-04-30 17:00:00,1.0
GBP_CHF,2020-04-24 17:00:00,2020-04-28 05:00:00,-1.0
USD_SGD,2020-04-26 21:00:00,2020-04-30 01:00:00,1.0
NZD_CHF,2020-04-27 21:00:00,2020-04-28 01:00:00,1.0
EUR_USD,2020-04-28 05:00:00,2020-04-30 13:00:00,-1.0
AUD_CAD,2020-04-28 09:00:00,2020-05-18 09:00:00,0.23844744220961783
EUR_NOK,2020-04-28 21:00:00,2020-04-30 09:00:00,1.0
NZD_JPY,2020-04-29 09:00:00,2020-04-30 05:00:00,1.0
EUR_JPY,2020-04-29 09:00:00,2020-04-30 13:00:00,1.0
USD_SEK,2020-04-29 13:00:00,2020-04-30 09:00:00,1.0
USD_PLN,2020-04-29 21:00:00,2020-04-30 13:00:00,1.0
USD_HUF,2020-04-29 21:00:00,2020-04-30 09:00:00,1.0
EUR_GBP,2020-04-30 01:00:00,2020-05-03 21:00:00,1.0
NZD_JPY,2020-04-30 05:00:00,2020-04-30 13:00:00,1.0
NZD_USD,2020-04-30 05:00:00,2020-05-01 13:00:00,-1.0
EUR_AUD,2020-04-30 05:00:00,2020-04-30 17:00:00,-1.0
EUR_CAD,2020-04-30 05:00:00,2020-04-30 13:00:00,-1.0
AUD_JPY,2020-04-30 05:00:00,2020-05-01 05:00:00,-1.0
EUR_NOK,2020-04-30 05:00:00,2020-05-01 13:00:00,-1.0
EUR_GBP,2020-04-30 09:00:00,2020-05-01 13:00:00,1.0
GBP_CHF,2020-04-30 09:00:00,2020-05-01 09:00:00,1.0
EUR_JPY,2020-05-01 09:00:00,2020-05-05 05:00:00,-1.0
USD_NOK,2020-05-01 13:00:00,2020-05-03 21:00:00,1.0
GBP_AUD,2020-05-04 01:00:00,2020-05-06 05:00:00,-1.0
EUR_USD,2020-05-05 05:00:00,2020-05-06 05:00:00,1.0
USD_SEK,2020-05-06 05:00:00,2020-05-08 13:00:00,1.0
EUR_AUD,2020-05-06 13:00:00,2020-05-07 13:00:00,1.0
USD_SEK,2020-05-07 09:00:00,2020-05-08 13:00:00,1.0
USD_HUF,2020-05-07 13:00:00,2020-05-08 13:00:00,1.0
USD_CHF,2020-05-07 13:00:00,2020-05-12 13:00:00,1.0
USD_PLN,2020-05-07 13:00:00,2020-05-08 13:00:00,1.0
USD_CZK,2020-05-07 17:00:00,2020-05-11 09:00:00,1.0
USD_NOK,2020-05-08 09:00:00,2020-05-11 13:00:00,1.0
EUR_USD,2020-05-08 09:00:00,2020-05-19 09:00:00,-1.0
USD_CZK,2020-05-08 09:00:00,2020-05-11 09:00:00,1.0
GBP_CAD,2020-05-08 09:00:00,2020-05-15 13:00:00,-1.0
GBP_USD,2020-05-08 09:00:00,2020-05-12 21:00:00,-1.0
USD_PLN,2020-05-08 13:00:00,2020-05-19 05:00:00,1.0
GBP_AUD,2020-05-08 17:00:00,2020-05-18 01:00:00,-1.0
USD_HUF,2020-05-08 17:00:00,2020-05-13 13:00:00,-1.0
USD_NOK,2020-05-10 21:00:00,2020-05-11 13:00:00,1.0
USD_CAD,2020-05-11 05:00:00,2020-05-12 17:00:00,-1.0
USD_ZAR,2020-05-11 05:00:00,2020-05-12 05:00:00,-1.0
AUD_CAD,2020-05-11 05:00:00,2020-05-26 05:00:00,1.0
USD_SGD,2020-05-11 05:00:00,2020-05-15 17:00:00,-1.0
EUR_GBP,2020-05-11 21:00:00,2020-05-12 13:00:00,1.0
GBP_CHF,2020-05-11 21:00:00,2020-05-12 17:00:00,1.0
NZD_CHF,2020-05-12 09:00:00,2020-05-13 01:00:00,1.0
USD_CZK,2020-05-13 09:00:00,2020-05-14 05:00:00,1.0
USD_NOK,2020-05-13 09:00:00,2020-05-14 09:00:00,1.0
NZD_CHF,2020-05-14 01:00:00,2020-05-15 13:00:00,1.0
GBP_AUD,2020-05-14 01:00:00,2020-05-18 13:00:00,-1.0
AUD_USD,2020-05-14 09:00:00,2020-05-18 13:00:00,1.0
AUD_CAD,2020-05-14 09:00:00,2020-05-20 13:00:00,1.0
GBP_JPY,2020-05-14 13:00:00,2020-05-19 05:00:00,1.0
NZD_CAD,2020-05-14 13:00:00,2020-05-15 13:00:00,1.0
CAD_JPY,2020-05-14 13:00:00,2020-05-14 21:00:00,1.0
EUR_USD,2020-05-14 13:00:00,2020-05-18 17:00:00,-1.0
USD_JPY,2020-05-15 01:00:00,2020-06-02 09:00:00,1.0
USD_CHF,2020-05-15 09:00:00,2020-05-20 13:00:00,1.0
CAD_CHF,2020-05-17 21:00:00,2020-05-18 17:00:00,-1.0
USD_CHF,2020-05-18 05:00:00,2020-05-29 01:00:00,1.0
EUR_NOK,2020-05-18 21:00:00,2020-05-19 17:00:00,1.0
USD_SGD,2020-05-19 01:00:00,2020-06-02 05:00:00,1.0
CHF_JPY,2020-05-19 05:00:00,2020-05-20 09:00:00,1.0
GBP_CAD,2020-05-19 09:00:00,2020-05-27 13:00:00,-1.0
GBP_AUD,2020-05-19 13:00:00,2020-05-27 09:00:00,-1.0
CAD_CHF,2020-05-19 13:00:00,2020-05-22 13:00:00,1.0
USD_SGD,2020-05-19 17:00:00,2020-06-02 05:00:00,1.0
AUD_USD,2020-05-19 17:00:00,2020-05-20 13:00:00,1.0
GBP_AUD,2020-05-20 05:00:00,2020-05-26 17:00:00,-1.0
EUR_GBP,2020-05-20 09:00:00,2020-05-29 05:00:00,1.0
AUD_CAD,2020-05-22 05:00:00,2020-06-01 01:00:00,1.0
EUR_GBP,2020-05-22 09:00:00,2020-05-29 05:00:00,1.0
CHF_JPY,2020-05-22 09:00:00,2020-05-28 13:00:00,1.0
AUD_JPY,2020-05-22 13:00:00,2020-05-26 01:00:00,1.0
NZD_CAD,2020-05-22 17:00:00,2020-06-02 21:00:00,-1.0
USD_CHF,2020-05-24 21:00:00,2020-05-28 17:00:00,1.0
CHF_JPY,2020-05-24 21:00:00,2020-05-28 13:00:00,1.0
EUR_GBP,2020-05-24 21:00:00,2020-05-29 05:00:00,1.0
NZD_JPY,2020-05-24 21:00:00,2020-05-26 01:00:00,1.0
CAD_CHF,2020-05-24 21:00:00,2020-05-27 05:00:00,-1.0
GBP_JPY,2020-05-25 17:00:00,2020-05-26 05:00:00,1.0
AUD_CAD,2020-05-25 21:00:00,2020-06-01 01:00:00,1.0
GBP_USD,2020-05-26 21:00:00,2020-06-01 13:00:00,1.0
EUR_PLN,2020-05-27 09:00:00,2020-06-02 05:00:00,1.0
USD_SEK,2020-05-27 09:00:00,2020-05-28 13:00:00,1.0
USD_PLN,2020-05-27 09:00:00,2020-05-28 01:00:00,1.0
GBP_CHF,2020-05-28 05:00:00,2020-06-01 17:00:00,-1.0
GBP_USD,2020-05-28 09:00:00,2020-05-29 09:00:00,1.0
GBP_JPY,2020-05-28 09:00:00,2020-05-29 13:00:00,1.0
AUD_NZD,2020-05-28 17:00:00,2020-06-01 05:00:00,1.0
GBP_USD,2020-05-29 05:00:00,2020-06-01 13:00:00,1.0
CAD_CHF,2020-05-29 09:00:00,2020-06-01 13:00:00,-1.0
AUD_NZD,2020-05-29 09:00:00,2020-06-01 05:00:00,1.0
NZD_CHF,2020-05-29 09:00:00,2020-06-01 13:00:00,-1.0
GBP_CHF,2020-05-29 09:00:00,2020-06-01 17:00:00,-1.0
AUD_USD,2020-05-29 13:00:00,2020-06-01 01:00:00,1.0
EUR_AUD,2020-05-29 13:00:00,2020-06-01 01:00:00,1.0
EUR_NOK,2020-05-31 21:00:00,2020-06-01 13:00:00,1.0
EUR_PLN,2020-06-02 09:00:00,2020-06-04 09:00:00,-1.0
USD_CHF,2020-06-02 09:00:00,2020-06-09 13:00:00,1.0
CHF_JPY,2020-06-02 09:00:00,2020-06-02 21:00:00,1.0
USD_HUF,2020-06-02 17:00:00,2020-06-03 13:00:00,1.0
CHF_JPY,2020-06-03 01:00:00,2020-06-04 13:00:00,1.0
EUR_JPY,2020-06-03 01:00:00,2020-06-03 13:00:00,1.0
GBP_JPY,2020-06-03 09:00:00,2020-06-05 05:00:00,1.0
CHF_JPY,2020-06-03 09:00:00,2020-06-04 13:00:00,1.0
EUR_JPY,2020-06-03 09:00:00,2020-06-04 09:00:00,1.0
USD_CZK,2020-06-03 13:00:00,2020-06-04 05:00:00,1.0
GBP_AUD,2020-06-04 05:00:00,2020-06-09 05:00:00,1.0
CAD_CHF,2020-06-04 05:00:00,2020-06-05 13:00:00,-1.0
NZD_JPY,2020-06-04 09:00:00,2020-06-04 13:00:00,1.0
EUR_GBP,2020-06-04 09:00:00,2020-06-18 13:00:00,1.0
USD_PLN,2020-06-05 05:00:00,2020-06-11 17:00:00,-1.0
CHF_JPY,2020-06-05 05:00:00,2020-06-08 21:00:00,-1.0
GBP_AUD,2020-06-08 05:00:00,2020-06-11 13:00:00,1.0
USD_ZAR,2020-06-08 09:00:00,2020-06-08 21:00:00,1.0
USD_HUF,2020-06-08 09:00:00,2020-06-10 09:00:00,1.0
EUR_USD,2020-06-08 13:00:00,2020-06-10 17:00:00,-1.0
USD_HUF,2020-06-08 21:00:00,2020-06-10 09:00:00,1.0
EUR_GBP,2020-06-09 05:00:00,2020-06-11 05:00:00,1.0
GBP_CAD,2020-06-09 09:00:00,2020-06-18 13:00:00,-1.0
GBP_AUD,2020-06-10 01:00:00,2020-06-18 13:00:00,-1.0
NZD_CHF,2020-06-10 01:00:00,2020-06-10 21:00:00,1.0
CHF_JPY,2020-06-10 21:00:00,2020-06-18 13:00:00,-1.0
GBP_CAD,2020-06-11 09:00:00,2020-06-18 09:00:00,-1.0
EUR_USD,2020-06-11 13:00:00,2020-06-11 21:00:00,1.0
CHF_JPY,2020-06-11 17:00:00,2020-06-18 13:00:00,-1.0
USD_JPY,2020-06-11 21:00:00,2020-06-29 13:00:00,1.0
CAD_CHF,2020-06-12 01:00:00,2020-06-12 17:00:00,-1.0
USD_NOK,2020-06-12 13:00:00,2020-06-12 17:00:00,1.0
EUR_PLN,2020-06-14 21:00:00,2020-06-16 01:00:00,1.0
AUD_NZD,2020-06-14 21:00:00,2020-06-24 01:00:00,1.0
AUD_CAD,2020-06-14 21:00:00,2020-06-15 17:00:00,1.0
AUD_JPY,2020-06-14 21:00:00,2020-06-15 17:00:00,1.0
NZD_JPY,2020-06-14 21:00:00,2020-06-15 17:00:00,1.0
EUR_NOK,2020-06-14 21:00:00,2020-06-15 13:00:00,1.0
EUR_AUD,2020-06-14 21:00:00,2020-06-15 21:00:00,1.0
AUD_USD,2020-06-14 21:00:00,2020-06-15 17:00:00,1.0
USD_ZAR,2020-06-14 21:00:00,2020-06-16 09:00:00,1.0
USD_ZAR,2020-06-15 13:00:00,2020-06-15 17:00:00,1.0
EUR_PLN,2020-06-15 21:00:00,2020-06-16 21:00:00,-1.0
CAD_JPY,2020-06-16 05:00:00,2020-06-21 21:00:00,-1.0
USD_PLN,2020-06-16 05:00:00,2020-06-16 13:00:00,-1.0
USD_SEK,2020-06-16 05:00:00,2020-06-16 13:00:00,-1.0
EUR_GBP,2020-06-16 09:00:00,2020-06-18 13:00:00,1.0
USD_SEK,2020-06-17 09:00:00,2020-06-19 17:00:00,-1.0
CAD_CHF,2020-06-17 13:00:00,2020-06-24 09:00:00,1.0
GBP_CHF,2020-06-17 13:00:00,2020-06-18 09:00:00,1.0
NZD_CHF,2020-06-17 13:00:00,2020-06-24 05:00:00,1.0
USD_CHF,2020-06-17 13:00:00,2020-06-23 13:00:00,1.0
USD_CZK,2020-06-17 17:00:00,2020-06-19 13:00:00,1.0
AUD_CAD,2020-06-18 01:00:00,2020-06-24 01:00:00,1.0
EUR_USD,2020-06-18 09:00:00,2020-07-08 09:00:00,-0.2504262574595079
EUR_PLN,2020-06-18 09:00:00,2020-07-08 09:00:00,-0.3162863992371676
USD_JPY,2020-06-18 09:00:00,2020-06-29 13:00:00,1.0
EUR_GBP,2020-06-18 21:00:00,2020-06-29 05:00:00,1.0
EUR_AUD,2020-06-19 13:00:00,2020-07-03 09:00:00,1.0
USD_ZAR,2020-06-21 21:00:00,2020-06-23 05:00:00,1.0
GBP_AUD,2020-06-22 09:00:00,2020-07-10 09:00:00,0.67636549259826
GBP_CAD,2020-06-22 09:00:00,2020-06-24 09:00:00,1.0
CAD_CHF,2020-06-22 17:00:00,2020-06-26 05:00:00,1.0
AUD_CAD,2020-06-22 17:00:00,2020-07-02 05:00:00,1.0
AUD_JPY,2020-06-23 01:00:00,2020-06-30 17:00:00,1.0
AUD_CAD,2020-06-23 01:00:00,2020-07-02 05:00:00,1.0
CHF_JPY,2020-06-23 01:00:00,2020-06-30 13:00:00,1.0
NZD_JPY,2020-06-23 01:00:00,2020-06-24 05:00:00,-1.0
GBP_USD,2020-06-23 01:00:00,2020-06-26 13:00:00,-1.0
USD_SGD,2020-06-23 01:00:00,2020-07-13 01:00:00,0.3902439024390147
GBP_JPY,2020-06-23 01:00:00,2020-07-02 09:00:00,1.0
AUD_USD,2020-06-23 01:00:00,2020-06-23 09:00:00,1.0
USD_PLN,2020-06-23 01:00:00,2020-06-25 09:00:00,-1.0
USD_SEK,2020-06-23 01:00:00,2020-06-23 05:00:00,1.0
USD_CHF,2020-06-23 01:00:00,2020-07-06 09:00:00,1.0
EUR_JPY,2020-06-23 01:00:00,2020-07-06 01:00:00,1.0
GBP_AUD,2020-06-23 05:00:00,2020-07-10 13:00:00,1.0
GBP_USD,2020-06-23 09:00:00,2020-06-26 13:00:00,-1.0
USD_NOK,2020-06-25 05:00:00,2020-06-26 13:00:00,1.0
CAD_CHF,2020-06-25 05:00:00,2020-07-14 05:00:00,1.0
GBP_CAD,2020-06-25 09:00:00,2020-07-07 13:00:00,1.0
USD_SGD,2020-06-25 09:00:00,2020-07-15 09:00:00,0.4168609865470938
EUR_PLN,2020-06-25 09:00:00,2020-07-15 09:00:00,-0.1956118415745717
NZD_USD,2020-06-25 09:00:00,2020-07-01 13:00:00,1.0
AUD_CAD,2020-06-25 09:00:00,2020-07-06 09:00:00,1.0
USD_CZK,2020-06-25 13:00:00,2020-07-02 05:00:00,-1.0
AUD_JPY,2020-06-25 21:00:00,2020-06-30 13:00:00,1.0
GBP_USD,2020-06-26 05:00:00,2020-06-29 13:00:00,-1.0
AUD_USD,2020-06-26 05:00:00,2020-07-02 13:00:00,1.0
GBP_CAD,2020-06-26 05:00:00,2020-07-07 13:00:00,1.0
USD_ZAR,2020-06-26 05:00:00,2020-06-26 13:00:00,-1.0
USD_CHF,2020-06-26 05:00:00,2020-07-06 09:00:00,1.0
USD_SEK,2020-06-26 05:00:00,2020-07-02 05:00:00,1.0
AUD_JPY,2020-06-26 05:00:00,2020-06-30 13:00:00,1.0
USD_NOK,2020-06-28 21:00:00,2020-06-30 05:00:00,1.0
AUD_CAD,2020-06-28 21:00:00,2020-07-06 21:00:00,1.0
GBP_AUD,2020-06-29 05:00:00,2020-07-10 01:00:00,1.0
USD_CHF,2020-06-29 05:00:00,2020-07-06 13:00:00,1.0
AUD_USD,2020-06-29 09:00:00,2020-07-01 13:00:00,1.0
AUD_CAD,2020-06-29 21:00:00,2020-07-07 13:00:00,1.0
EUR_AUD,2020-06-30 05:00:00,2020-07-01 13:00:00,1.0
AUD_USD,2020-06-30 05:00:00,2020-07-01 13:00:00,1.0
AUD_NZD,2020-06-30 05:00:00,2020-07-07 21:00:00,-1.0
EUR_CAD,2020-06-30 13:00:00,2020-07-01 09:00:00,1.0
USD_PLN,2020-07-01 01:00:00,2020-07-14 13:00:00,0.9999999999999888
EUR_USD,2020-07-01 05:00:00,2020-07-08 13:00:00,-1.0
USD_CHF,2020-07-01 05:00:00,2020-07-08 13:00:00,1.0
NZD_CHF,2020-07-01 05:00:00,2020-07-03 17:00:00,-1.0
GBP_AUD,2020-07-01 05:00:00,2020-07-02 09:00:00,1.0
USD_HUF,2020-07-01 09:00:00,2020-07-01 13:00:00,1.0
AUD_CAD,2020-07-01 09:00:00,2020-07-06 09:00:00,1.0
NZD_JPY,2020-07-01 09:00:00,2020-07-02 05:00:00,1.0
AUD_USD,2020-07-01 09:00:00,2020-07-05 21:00:00,1.0
AUD_JPY,2020-07-01 09:00:00,2020-07-05 21:00:00,1.0
USD_SGD,2020-07-01 09:00:00,2020-07-21 09:00:00,0.4438134979529995
USD_SEK,2020-07-01 09:00:00,2020-07-02 05:00:00,1.0
GBP_JPY,2020-07-01 09:00:00,2020-07-02 05:00:00,1.0
EUR_AUD,2020-07-01 13:00:00,2020-07-21 13:00:00,0.6167265579409716
AUD_JPY,2020-07-01 17:00:00,2020-07-06 01:00:00,1.0
CAD_JPY,2020-07-02 13:00:00,2020-07-22 09:00:00,1.0
GBP_CAD,2020-07-03 17:00:00,2020-07-07 13:00:00,1.0
USD_SEK,2020-07-03 17:00:00,2020-07-06 21:00:00,1.0
GBP_CAD,2020-07-06 13:00:00,2020-07-07 13:00:00,1.0
GBP_USD,2020-07-06 13:00:00,2020-07-08 17:00:00,1.0
USD_SEK,2020-07-06 21:00:00,2020-07-08 21:00:00,1.0
GBP_CAD,2020-07-06 21:00:00,2020-07-07 13:00:00,1.0
USD_PLN,2020-07-07 01:00:00,2020-07-15 05:00:00,1.0
AUD_USD,2020-07-07 01:00:00,2020-07-15 13:00:00,1.0
USD_CHF,2020-07-07 01:00:00,2020-07-21 13:00:00,1.0
AUD_CAD,2020-07-07 01:00:00,2020-07-15 01:00:00,1.0
CAD_CHF,2020-07-07 09:00:00,2020-07-14 09:00:00,1.0
NZD_CHF,2020-07-07 21:00:00,2020-07-14 13:00:00,1.0
USD_SGD,2020-07-09 05:00:00,2020-07-27 13:00:00,1.0
GBP_CHF,2020-07-09 05:00:00,2020-07-29 05:00:00,-0.29143190207887515
CHF_JPY,2020-07-09 05:00:00,2020-07-15 13:00:00,-1.0
EUR_GBP,2020-07-09 05:00:00,2020-07-14 09:00:00,1.0
USD_ZAR,2020-07-09 21:00:00,2020-07-13 05:00:00,1.0
AUD_CAD,2020-07-10 09:00:00,2020-07-15 01:00:00,1.0
USD_CAD,2020-07-10 13:00:00,2020-07-21 09:00:00,1.0
AUD_JPY,2020-07-10 13:00:00,2020-07-13 13:00:00,1.0
AUD_CAD,2020-07-10 17:00:00,2020-07-15 13:00:00,1.0
USD_SGD,2020-07-12 21:00:00,2020-07-27 13:00:00,1.0
USD_SEK,2020-07-13 05:00:00,2020-07-14 13:00:00,1.0
AUD_CAD,2020-07-13 13:00:00,2020-07-15 13:00:00,1.0
AUD_JPY,2020-07-14 05:00:00,2020-07-14 21:00:00,1.0
AUD_USD,2020-07-14 13:00:00,2020-07-15 01:00:00,1.0
EUR_NOK,2020-07-14 13:00:00,2020-07-15 09:00:00,1.0
USD_CHF,2020-07-14 17:00:00,2020-07-22 09:00:00,1.0
CAD_CHF,2020-07-14 17:00:00,2020-07-15 13:00:00,-1.0
EUR_GBP,2020-07-15 09:00:00,2020-07-27 09:00:00,1.0
EUR_NOK,2020-07-15 21:00:00,2020-07-21 05:00:00,1.0
USD_CHF,2020-07-16 09:00:00,2020-07-21 09:00:00,1.0
AUD_CAD,2020-07-16 09:00:00,2020-07-21 09:00:00,1.0
NZD_JPY,2020-07-17 09:00:00,2020-07-21 09:00:00,1.0
USD_NOK,2020-07-17 13:00:00,2020-07-21 05:00:00,-1.0
NZD_CHF,2020-07-19 21:00:00,2020-07-22 09:00:00,-1.0
USD_NOK,2020-07-19 21:00:00,2020-07-21 05:00:00,-1.0
CHF_JPY,2020-07-19 21:00:00,2020-07-22 09:00:00,1.0
NZD_JPY,2020-07-20 09:00:00,2020-07-21 09:00:00,1.0
USD_HUF,2020-07-20 09:00:00,2020-07-21 13:00:00,1.0
NZD_CAD,2020-07-20 17:00:00,2020-07-30 17:00:00,-1.0
GBP_CAD,2020-07-21 09:00:00,2020-07-28 13:00:00,1.0
EUR_JPY,2020-07-21 09:00:00,2020-07-22 09:00:00,1.0
CAD_JPY,2020-07-21 13:00:00,2020-07-24 17:00:00,-1.0
EUR_AUD,2020-07-21 21:00:00,2020-07-23 17:00:00,-1.0
AUD_USD,2020-07-22 05:00:00,2020-07-29 17:00:00,1.0
AUD_CAD,2020-07-22 05:00:00,2020-07-30 21:00:00,1.0
USD_SGD,2020-07-22 05:00:00,2020-07-30 21:00:00,1.0
USD_ZAR,2020-07-22 05:00:00,2020-07-23 09:00:00,-1.0
USD_NOK,2020-07-22 09:00:00,2020-07-23 09:00:00,1.0
CAD_CHF,2020-07-22 21:00:00,2020-07-24 17:00:00,1.0
GBP_JPY,2020-07-23 05:00:00,2020-07-31 09:00:00,1.0
GBP_USD,2020-07-23 05:00:00,2020-07-27 01:00:00,1.0
EUR_JPY,2020-07-24 09:00:00,2020-07-31 09:00:00,1.0
USD_SGD,2020-07-24 09:00:00,2020-07-30 17:00:00,1.0
AUD_CAD,2020-07-24 09:00:00,2020-07-28 13:00:00,1.0
NZD_JPY,2020-07-24 09:00:00,2020-07-30 05:00:00,-1.0
EUR_PLN,2020-07-24 13:00:00,2020-08-13 13:00:00,0.3601456891240562
EUR_NOK,2020-07-24 13:00:00,2020-08-10 13:00:00,1.0
EUR_GBP,2020-07-26 21:00:00,2020-07-31 09:00:00,-1.0
EUR_PLN,2020-07-26 21:00:00,2020-08-13 21:00:00,0.35612164735126317
CAD_CHF,2020-07-27 05:00:00,2020-07-30 13:00:00,1.0
AUD_JPY,2020-07-27 13:00:00,2020-07-31 13:00:00,1.0
GBP_USD,2020-07-28 01:00:00,2020-07-29 17:00:00,1.0
USD_PLN,2020-07-28 01:00:00,2020-07-28 17:00:00,-1.0
USD_SEK,2020-07-28 01:00:00,2020-07-31 01:00:00,1.0
AUD_JPY,2020-07-28 05:00:00,2020-08-05 05:00:00,1.0
EUR_NOK,2020-07-28 09:00:00,2020-08-10 13:00:00,1.0
GBP_JPY,2020-07-28 09:00:00,2020-07-30 09:00:00,1.0
CAD_CHF,2020-07-28 21:00:00,2020-07-30 09:00:00,1.0
AUD_CAD,2020-07-28 21:00:00,2020-07-30 17:00:00,1.0
GBP_JPY,2020-07-29 01:00:00,2020-07-30 13:00:00,1.0
EUR_JPY,2020-07-29 09:00:00,2020-07-31 09:00:00,1.0
CAD_CHF,2020-07-29 09:00:00,2020-07-30 13:00:00,1.0
CHF_JPY,2020-07-29 09:00:00,2020-07-31 09:00:00,1.0
USD_SEK,2020-07-29 09:00:00,2020-07-30 17:00:00,1.0
AUD_NZD,2020-07-29 13:00:00,2020-08-11 09:00:00,1.0
USD_SGD,2020-07-29 17:00:00,2020-08-18 17:00:00,0.8679735903600517
AUD_NZD,2020-07-30 05:00:00,2020-08-11 09:00:00,1.0
AUD_USD,2020-07-30 13:00:00,2020-07-30 21:00:00,1.0
NZD_USD,2020-07-31 05:00:00,2020-08-03 09:00:00,-1.0
AUD_NZD,2020-07-31 13:00:00,2020-08-10 09:00:00,1.0
EUR_NOK,2020-08-02 21:00:00,2020-08-05 09:00:00,1.0
GBP_USD,2020-08-03 05:00:00,2020-08-18 09:00:00,1.0
USD_ZAR,2020-08-03 05:00:00,2020-08-03 09:00:00,-1.0
USD_SEK,2020-08-03 05:00:00,2020-08-04 05:00:00,1.0
GBP_AUD,2020-08-03 09:00:00,2020-08-17 13:00:00,-1.0
GBP_AUD,2020-08-04 01:00:00,2020-08-07 05:00:00,-1.0
USD_CAD,2020-08-04 09:00:00,2020-08-05 09:00:00,1.0
USD_PLN,2020-08-04 09:00:00,2020-08-05 05:00:00,1.0
NZD_CAD,2020-08-04 09:00:00,2020-08-11 09:00:00,1.0
NZD_CHF,2020-08-05 05:00:00,2020-08-12 01:00:00,1.0
EUR_NOK,2020-08-05 05:00:00,2020-08-05 13:00:00,1.0
CAD_CHF,2020-08-05 09:00:00,2020-08-25 09:00:00,-0.3841285084464611
CAD_JPY,2020-08-05 13:00:00,2020-08-12 09:00:00,1.0
USD_CAD,2020-08-05 13:00:00,2020-08-19 05:00:00,1.0
USD_SEK,2020-08-05 21:00:00,2020-08-07 13:00:00,-1.0
AUD_JPY,2020-08-06 01:00:00,2020-08-12 13:00:00,1.0
AUD_USD,2020-08-06 01:00:00,2020-08-12 01:00:00,-1.0
USD_SGD,2020-08-06 01:00:00,2020-08-26 01:00:00,0.14227968537949315
EUR_JPY,2020-08-06 01:00:00,2020-08-13 09:00:00,1.0
GBP_AUD,2020-08-06 05:00:00,2020-08-21 05:00:00,1.0
NZD_JPY,2020-08-06 09:00:00,2020-08-17 09:00:00,-1.0
USD_NOK,2020-08-06 21:00:00,2020-08-07 13:00:00,1.0
USD_CZK,2020-08-07 05:00:00,2020-08-07 13:00:00,1.0
GBP_CHF,2020-08-07 09:00:00,2020-08-27 09:00:00,-0.2839438125302782
CHF_JPY,2020-08-07 13:00:00,2020-08-12 05:00:00,1.0
USD_NOK,2020-08-07 17:00:00,2020-08-13 05:00:00,-1.0
EUR_NOK,2020-08-09 21:00:00,2020-08-10 13:00:00,1.0
GBP_USD,2020-08-10 09:00:00,2020-08-18 09:00:00,1.0
GBP_USD,2020-08-10 17:00:00,2020-08-18 09:00:00,1.0
AUD_NZD,2020-08-10 17:00:00,2020-08-14 17:00:00,1.0
GBP_JPY,2020-08-10 17:00:00,2020-08-13 05:00:00,1.0
AUD_USD,2020-08-10 17:00:00,2020-08-17 13:00:00,1.0
NZD_JPY,2020-08-10 21:00:00,2020-08-12 13:00:00,1.0
GBP_USD,2020-08-11 05:00:00,2020-08-18 09:00:00,1.0
EUR_AUD,2020-08-11 05:00:00,2020-08-28 05:00:00,1.0
USD_PLN,2020-08-11 05:00:00,2020-08-13 05:00:00,1.0
EUR_GBP,2020-08-11 21:00:00,2020-08-31 21:00:00,-0.5253492125326856
GBP_USD,2020-08-12 09:00:00,2020-08-18 05:00:00,1.0
EUR_GBP,2020-08-12 21:00:00,2020-08-21 05:00:00,-1.0
USD_CHF,2020-08-13 09:00:00,2020-08-18 13:00:00,1.0
USD_ZAR,2020-08-13 09:00:00,2020-08-17 05:00:00,1.0
EUR_GBP,2020-08-13 09:00:00,2020-08-27 13:00:00,-1.0
EUR_GBP,2020-08-13 21:00:00,2020-08-27 13:00:00,-1.0
CHF_JPY,2020-08-13 21:00:00,2020-08-19 09:00:00,-1.0
USD_ZAR,2020-08-14 05:00:00,2020-08-18 13:00:00,1.0
USD_CHF,2020-08-14 09:00:00,2020-08-18 13:00:00,1.0
EUR_PLN,2020-08-16 21:00:00,2020-09-03 21:00:00,-0.8568173151998257
NZD_CHF,2020-08-16 21:00:00,2020-08-19 09:00:00,-1.0
USD_NOK,2020-08-16 21:00:00,2020-08-20 05:00:00,1.0
GBP_CAD,2020-08-16 21:00:00,2020-09-01 09:00:00,1.0
EUR_JPY,2020-08-17 05:00:00,2020-08-21 05:00:00,-1.0
EUR_GBP,2020-08-17 05:00:00,2020-08-21 05:00:00,-1.0
GBP_USD,2020-08-17 09:00:00,2020-08-18 13:00:00,1.0
USD_SGD,2020-08-17 09:00:00,2020-09-01 01:00:00,1.0
USD_PLN,2020-08-17 09:00:00,2020-08-18 09:00:00,1.0
NZD_CHF,2020-08-17 17:00:00,2020-08-19 09:00:00,-1.0
EUR_NOK,2020-08-17 21:00:00,2020-08-20 13:00:00,-1.0
USD_SEK,2020-08-17 21:00:00,2020-08-18 13:00:00,1.0
GBP_CHF,2020-08-18 05:00:00,2020-08-19 13:00:00,-1.0
USD_NOK,2020-08-18 09:00:00,2020-08-19 17:00:00,1.0
USD_SEK,2020-08-18 21:00:00,2020-08-20 05:00:00,-1.0
CAD_JPY,2020-08-18 21:00:00,2020-08-25 13:00:00,1.0
AUD_JPY,2020-08-18 21:00:00,2020-08-27 13:00:00,1.0
USD_SGD,2020-08-19 01:00:00,2020-09-08 01:00:00,-0.13691308581593606
USD_NOK,2020-08-19 05:00:00,2020-08-20 01:00:00,1.0
GBP_AUD,2020-08-19 05:00:00,2020-08-28 13:00:00,-1.0
USD_ZAR,2020-08-20 01:00:00,2020-08-21 13:00:00,1.0
USD_NOK,2020-08-20 05:00:00,2020-08-20 13:00:00,1.0
EUR_GBP,2020-08-20 05:00:00,2020-08-21 05:00:00,-1.0
USD_SGD,2020-08-20 13:00:00,2020-09-01 01:00:00,1.0
USD_ZAR,2020-08-20 13:00:00,2020-08-21 13:00:00,1.0
USD_PLN,2020-08-20 13:00:00,2020-08-28 09:00:00,1.0
GBP_AUD,2020-08-24 01:00:00,2020-09-07 09:00:00,-1.0
EUR_USD,2020-08-24 05:00:00,2020-08-30 21:00:00,-1.0
AUD_NZD,2020-08-24 09:00:00,2020-09-02 01:00:00,-1.0
NZD_CHF,2020-08-24 21:00:00,2020-08-26 17:00:00,-1.0
USD_SGD,2020-08-25 13:00:00,2020-09-14 13:00:00,0.42490746216352193
USD_SEK,2020-08-25 21:00:00,2020-08-27 13:00:00,1.0
EUR_NOK,2020-08-25 21:00:00,2020-08-26 17:00:00,1.0
GBP_USD,2020-08-26 09:00:00,2020-08-27 13:00:00,1.0
NZD_USD,2020-08-26 09:00:00,2020-08-26 13:00:00,1.0
USD_CHF,2020-08-27 05:00:00,2020-09-08 01:00:00,-1.0
USD_PLN,2020-08-27 09:00:00,2020-08-27 13:00:00,1.0
USD_SEK,2020-08-27 09:00:00,2020-08-28 05:00:00,1.0
EUR_JPY,2020-08-27 09:00:00,2020-08-28 01:00:00,1.0
GBP_JPY,2020-08-27 09:00:00,2020-08-28 01:00:00,1.0
GBP_USD,2020-08-27 09:00:00,2020-08-28 13:00:00,1.0
USD_SGD,2020-08-27 09:00:00,2020-09-16 09:00:00,0.667183636443447
USD_HUF,2020-08-27 13:00:00,2020-08-28 05:00:00,1.0
USD_SEK,2020-08-27 21:00:00,2020-08-28 05:00:00,1.0
AUD_CAD,2020-08-27 21:00:00,2020-08-28 13:00:00,1.0
GBP_AUD,2020-08-31 01:00:00,2020-09-03 21:00:00,1.0
USD_CHF,2020-08-31 09:00:00,2020-09-02 05:00:00,-1.0
USD_SGD,2020-08-31 13:00:00,2020-09-18 13:00:00,0.25428275360295116
AUD_CAD,2020-09-01 05:00:00,2020-09-04 09:00:00,-1.0
EUR_CAD,2020-09-01 09:00:00,2020-09-03 01:00:00,1.0
USD_ZAR,2020-09-01 21:00:00,2020-09-02 13:00:00,-1.0
USD_NOK,2020-09-02 09:00:00,2020-09-02 13:00:00,1.0
GBP_AUD,2020-09-02 13:00:00,2020-09-08 09:00:00,-1.0
NZD_CHF,2020-09-02 21:00:00,2020-09-03 13:00:00,1.0
EUR_AUD,2020-09-03 05:00:00,2020-09-08 21:00:00,-1.0
GBP_CAD,2020-09-03 09:00:00,2020-09-08 05:00:00,-1.0
USD_ZAR,2020-09-03 21:00:00,2020-09-04 05:00:00,1.0
GBP_CAD,2020-09-04 05:00:00,2020-09-07 09:00:00,-1.0
USD_SGD,2020-09-04 09:00:00,2020-09-24 09:00:00,-0.8876714736664816
USD_ZAR,2020-09-06 21:00:00,2020-09-08 05:00:00,-1.0
EUR_NOK,2020-09-06 21:00:00,2020-09-08 09:00:00,-1.0
CAD_CHF,2020-09-09 09:00:00,2020-09-16 13:00:00,1.0
CAD_CHF,2020-09-09 21:00:00,2020-09-16 13:00:00,1.0
AUD_CAD,2020-09-09 21:00:00,2020-09-16 09:00:00,1.0
AUD_USD,2020-09-10 09:00:00,2020-09-15 13:00:00,1.0
USD_CZK,2020-09-10 09:00:00,2020-09-15 09:00:00,1.0
USD_NOK,2020-09-10 09:00:00,2020-09-10 17:00:00,1.0
USD_ZAR,2020-09-11 17:00:00,2020-09-14 05:00:00,1.0
USD_CHF,2020-09-11 17:00:00,2020-09-22 13:00:00,-1.0
CHF_JPY,2020-09-11 17:00:00,2020-09-16 13:00:00,-1.0
USD_PLN,2020-09-14 09:00:00,2020-09-20 21:00:00,-1.0
USD_ZAR,2020-09-14 09:00:00,2020-09-15 09:00:00,1.0
AUD_JPY,2020-09-14 21:00:00,2020-09-17 05:00:00,-1.0
USD_SEK,2020-09-14 21:00:00,2020-09-21 13:00:00,-1.0
CAD_CHF,2020-09-15 01:00:00,2020-10-05 01:00:00,-0.16521739130435176
EUR_USD,2020-09-15 09:00:00,2020-09-16 21:00:00,1.0
EUR_NOK,2020-09-15 13:00:00,2020-09-21 05:00:00,-1.0
EUR_NOK,2020-09-15 21:00:00,2020-09-21 05:00:00,-1.0
EUR_AUD,2020-09-16 17:00:00,2020-09-22 17:00:00,-1.0
USD_CZK,2020-09-16 17:00:00,2020-09-17 01:00:00,1.0
NZD_CHF,2020-09-16 21:00:00,2020-09-23 05:00:00,1.0
NZD_CAD,2020-09-17 05:00:00,2020-09-23 01:00:00,1.0
EUR_AUD,2020-09-17 05:00:00,2020-09-22 17:00:00,-1.0
EUR_JPY,2020-09-17 09:00:00,2020-10-05 13:00:00,1.0
GBP_USD,2020-09-17 09:00:00,2020-09-21 13:00:00,-1.0
GBP_CHF,2020-09-17 13:00:00,2020-09-21 13:00:00,1.0
AUD_CAD,2020-09-17 21:00:00,2020-09-22 21:00:00,-1.0
GBP_CHF,2020-09-18 05:00:00,2020-09-22 05:00:00,1.0
EUR_GBP,2020-09-18 05:00:00,2020-09-28 09:00:00,-1.0
NZD_CHF,2020-09-18 09:00:00,2020-09-21 13:00:00,1.0
EUR_USD,2020-09-18 13:00:00,2020-09-21 13:00:00,1.0
USD_SEK,2020-09-18 13:00:00,2020-09-21 13:00:00,-1.0
USD_NOK,2020-09-20 21:00:00,2020-09-21 05:00:00,1.0
NZD_CHF,2020-09-20 21:00:00,2020-09-21 13:00:00,1.0
NZD_CHF,2020-09-23 01:00:00,2020-09-23 17:00:00,1.0
NZD_CAD,2020-09-23 01:00:00,2020-09-23 17:00:00,1.0
EUR_JPY,2020-09-23 17:00:00,2020-09-29 13:00:00,1.0
USD_SGD,2020-09-24 09:00:00,2020-10-01 05:00:00,1.0
AUD_USD,2020-09-24 09:00:00,2020-09-29 05:00:00,1.0
AUD_JPY,2020-09-24 09:00:00,2020-09-28 21:00:00,1.0
GBP_AUD,2020-09-24 21:00:00,2020-09-28 09:00:00,1.0
CAD_CHF,2020-09-25 09:00:00,2020-09-29 13:00:00,1.0
GBP_JPY,2020-09-25 09:00:00,2020-09-28 09:00:00,1.0
GBP_CAD,2020-09-25 09:00:00,2020-09-28 05:00:00,1.0
GBP_AUD,2020-09-25 09:00:00,2020-09-28 09:00:00,1.0
USD_CZK,2020-09-28 09:00:00,2020-09-30 13:00:00,-1.0
USD_ZAR,2020-09-28 13:00:00,2020-09-28 17:00:00,1.0
GBP_CAD,2020-09-29 09:00:00,2020-10-13 13:00:00,-1.0
CAD_CHF,2020-09-30 05:00:00,2020-10-08 13:00:00,-1.0
AUD_CAD,2020-09-30 09:00:00,2020-10-12 21:00:00,-1.0
CHF_JPY,2020-09-30 13:00:00,2020-10-05 13:00:00,1.0
USD_CHF,2020-09-30 13:00:00,2020-10-05 13:00:00,1.0
EUR_JPY,2020-09-30 21:00:00,2020-10-06 09:00:00,1.0
GBP_JPY,2020-10-01 05:00:00,2020-10-09 13:00:00,1.0
GBP_USD,2020-10-01 05:00:00,2020-10-09 17:00:00,1.0
EUR_GBP,2020-10-01 09:00:00,2020-10-07 13:00:00,1.0
EUR_USD,2020-10-01 09:00:00,2020-10-21 09:00:00,-0.892120593613121
EUR_CAD,2020-10-02 05:00:00,2020-10-13 09:00:00,1.0
CAD_CHF,2020-10-02 09:00:00,2020-10-22 09:00:00,0.4290357529794157
USD_HUF,2020-10-02 09:00:00,2020-10-08 05:00:00,1.0
EUR_NOK,2020-10-02 17:00:00,2020-10-05 17:00:00,1.0
AUD_USD,2020-10-05 17:00:00,2020-10-06 17:00:00,-1.0
USD_CAD,2020-10-05 17:00:00,2020-10-09 09:00:00,1.0
CAD_CHF,2020-10-05 21:00:00,2020-10-14 09:00:00,-1.0
GBP_AUD,2020-10-05 21:00:00,2020-10-14 21:00:00,1.0
EUR_CAD,2020-10-06 21:00:00,2020-10-12 09:00:00,1.0
USD_CHF,2020-10-07 09:00:00,2020-10-12 13:00:00,1.0
GBP_USD,2020-10-07 09:00:00,2020-10-09 13:00:00,1.0
EUR_PLN,2020-10-07 09:00:00,2020-10-15 05:00:00,-1.0
USD_SGD,2020-10-08 01:00:00,2020-10-28 01:00:00,0.052931446425293585
GBP_JPY,2020-10-08 09:00:00,2020-10-16 01:00:00,-1.0
USD_ZAR,2020-10-08 09:00:00,2020-10-09 05:00:00,1.0
GBP_USD,2020-10-08 09:00:00,2020-10-12 05:00:00,1.0
USD_SEK,2020-10-08 13:00:00,2020-10-09 13:00:00,1.0
EUR_NOK,2020-10-08 21:00:00,2020-10-11 21:00:00,1.0
CAD_CHF,2020-10-09 17:00:00,2020-10-26 05:00:00,1.0
GBP_USD,2020-10-12 05:00:00,2020-10-14 05:00:00,-1.0
CHF_JPY,2020-10-12 09:00:00,2020-10-28 05:00:00,-1.0
NZD_CHF,2020-10-12 21:00:00,2020-10-19 21:00:00,1.0
GBP_JPY,2020-10-13 05:00:00,2020-10-14 05:00:00,-1.0
GBP_USD,2020-10-13 05:00:00,2020-10-14 05:00:00,-1.0
CHF_JPY,2020-10-13 05:00:00,2020-10-28 05:00:00,-1.0
NZD_JPY,2020-10-13 21:00:00,2020-10-15 09:00:00,-1.0
USD_SEK,2020-10-14 21:00:00,2020-10-20 13:00:00,1.0
USD_SGD,2020-10-15 05:00:00,2020-11-04 06:00:00,-0.5249788314987391
EUR_USD,2020-10-16 05:00:00,2020-10-20 13:00:00,-1.0
EUR_CAD,2020-10-16 09:00:00,2020-10-28 13:00:00,-1.0
GBP_AUD,2020-10-16 09:00:00,2020-10-20 01:00:00,1.0
GBP_JPY,2020-10-16 09:00:00,2020-10-19 05:00:00,1.0
GBP_USD,2020-10-16 09:00:00,2020-10-19 09:00:00,1.0
USD_PLN,2020-10-16 13:00:00,2020-10-20 13:00:00,1.0
CHF_JPY,2020-10-18 21:00:00,2020-10-20 09:00:00,1.0
USD_CHF,2020-10-18 21:00:00,2020-10-20 13:00:00,1.0
EUR_USD,2020-10-19 05:00:00,2020-10-21 01:00:00,-1.0
CAD_JPY,2020-10-19 17:00:00,2020-10-27 21:00:00,-1.0
USD_SGD,2020-10-19 17:00:00,2020-11-06 18:00:00,0.6789596158944347
CAD_CHF,2020-10-20 05:00:00,2020-10-28 13:00:00,1.0
GBP_USD,2020-10-20 09:00:00,2020-10-21 05:00:00,1.0
EUR_NOK,2020-10-20 17:00:00,2020-10-20 21:00:00,-1.0
NZD_CHF,2020-10-20 21:00:00,2020-10-22 05:00:00,-1.0
USD_CAD,2020-10-21 05:00:00,2020-10-28 09:00:00,-1.0
USD_PLN,2020-10-21 05:00:00,2020-10-27 21:00:00,-1.0
USD_NOK,2020-10-21 21:00:00,2020-10-23 05:00:00,1.0
USD_CAD,2020-10-22 09:00:00,2020-10-28 13:00:00,-1.0
AUD_USD,2020-10-22 09:00:00,2020-10-29 13:00:00,-1.0
USD_NOK,2020-10-22 13:00:00,2020-10-26 05:00:00,1.0
GBP_CHF,2020-10-22 21:00:00,2020-10-26 05:00:00,1.0
AUD_JPY,2020-10-25 21:00:00,2020-10-28 09:00:00,-1.0
CHF_JPY,2020-10-25 21:00:00,2020-10-28 05:00:00,-1.0
AUD_USD,2020-10-25 21:00:00,2020-10-28 13:00:00,-1.0
USD_SEK,2020-10-25 21:00:00,2020-10-28 13:00:00,-1.0
NZD_USD,2020-10-25 21:00:00,2020-10-29 13:00:00,-1.0
USD_CHF,2020-10-25 21:00:00,2020-10-29 13:00:00,-1.0
NZD_JPY,2020-10-25 21:00:00,2020-10-28 13:00:00,-1.0
USD_CAD,2020-10-25 21:00:00,2020-10-28 09:00:00,-1.0
EUR_JPY,2020-10-25 21:00:00,2020-10-28 01:00:00,-1.0
AUD_CAD,2020-10-25 21:00:00,2020-11-03 22:00:00,1.0
EUR_JPY,2020-10-26 05:00:00,2020-10-28 05:00:00,-1.0
GBP_USD,2020-10-26 13:00:00,2020-11-02 06:00:00,-1.0
AUD_CAD,2020-10-27 21:00:00,2020-11-05 14:00:00,1.0
NZD_USD,2020-10-28 05:00:00,2020-10-28 13:00:00,-1.0
AUD_USD,2020-10-28 05:00:00,2020-10-28 13:00:00,-1.0
NZD_CAD,2020-10-28 13:00:00,2020-11-10 22:00:00,-1.0
NZD_CHF,2020-10-29 05:00:00,2020-11-03 06:00:00,-1.0
EUR_PLN,2020-10-29 17:00:00,2020-11-03 06:00:00,1.0
EUR_USD,2020-10-30 09:00:00,2020-11-05 06:00:00,-1.0
USD_NOK,2020-10-30 09:00:00,2020-11-03 06:00:00,-1.0
USD_PLN,2020-10-30 13:00:00,2020-11-03 06:00:00,0.9999999999999888
EUR_JPY,2020-10-30 13:00:00,2020-11-03 22:00:00,1.0
EUR_AUD,2020-10-30 13:00:00,2020-11-03 06:00:00,1.0
NZD_JPY,2020-10-30 13:00:00,2020-11-03 06:00:00,1.0
USD_PLN,2020-11-01 22:00:00,2020-11-03 06:00:00,1.0
EUR_JPY,2020-11-01 22:00:00,2020-11-03 22:00:00,1.0
GBP_JPY,2020-11-01 22:00:00,2020-11-03 22:00:00,1.0
AUD_JPY,2020-11-01 22:00:00,2020-11-03 06:00:00,1.0
EUR_USD,2020-11-02 06:00:00,2020-11-03 22:00:00,-1.0
EUR_JPY,2020-11-02 10:00:00,2020-11-03 22:00:00,1.0
USD_JPY,2020-11-02 10:00:00,2020-11-05 10:00:00,-1.0
USD_ZAR,2020-11-02 14:00:00,2020-11-03 06:00:00,1.0
USD_JPY,2020-11-02 18:00:00,2020-11-05 10:00:00,-1.0
CAD_CHF,2020-11-03 14:00:00,2020-11-04 06:00:00,1.0
NZD_JPY,2020-11-03 18:00:00,2020-11-09 02:00:00,1.0
EUR_JPY,2020-11-03 22:00:00,2020-11-09 10:00:00,1.0
EUR_NOK,2020-11-03 22:00:00,2020-11-04 14:00:00,1.0
AUD_CAD,2020-11-04 02:00:00,2020-11-05 14:00:00,1.0
EUR_JPY,2020-11-04 06:00:00,2020-11-09 10:00:00,1.0
GBP_JPY,2020-11-04 06:00:00,2020-11-09 10:00:00,1.0
CAD_CHF,2020-11-05 10:00:00,2020-11-09 10:00:00,-1.0
CHF_JPY,2020-11-05 22:00:00,2020-11-09 10:00:00,1.0
USD_SEK,2020-11-05 22:00:00,2020-11-06 10:00:00,1.0
USD_PLN,2020-11-05 22:00:00,2020-11-06 10:00:00,1.0
AUD_CAD,2020-11-06 06:00:00,2020-11-16 18:00:00,1.0
EUR_NOK,2020-11-06 10:00:00,2020-11-09 10:00:00,1.0
CAD_CHF,2020-11-08 22:00:00,2020-11-09 10:00:00,-1.0
AUD_CAD,2020-11-09 06:00:00,2020-11-15 22:00:00,1.0
GBP_AUD,2020-11-09 10:00:00,2020-11-10 10:00:00,1.0
USD_CZK,2020-11-09 10:00:00,2020-11-11 10:00:00,1.0
EUR_USD,2020-11-09 10:00:00,2020-11-11 10:00:00,1.0
GBP_USD,2020-11-09 14:00:00,2020-11-10 06:00:00,1.0
AUD_USD,2020-11-10 10:00:00,2020-11-24 06:00:00,1.0
AUD_CAD,2020-11-10 10:00:00,2020-11-13 14:00:00,1.0
EUR_AUD,2020-11-10 10:00:00,2020-11-30 10:00:00,0.10457033893091076
EUR_JPY,2020-11-10 18:00:00,2020-11-18 14:00:00,-1.0
EUR_USD,2020-11-10 22:00:00,2020-11-27 14:00:00,-1.0
CHF_JPY,2020-11-11 06:00:00,2020-11-18 22:00:00,-1.0
USD_NOK,2020-11-11 22:00:00,2020-11-12 14:00:00,1.0
GBP_AUD,2020-11-12 06:00:00,2020-12-02 06:00:00,-0.3385736894055137
EUR_USD,2020-11-12 06:00:00,2020-11-23 10:00:00,-1.0
USD_PLN,2020-11-12 22:00:00,2020-11-16 06:00:00,1.0
USD_PLN,2020-11-13 06:00:00,2020-11-16 06:00:00,1.0
NZD_JPY,2020-11-13 10:00:00,2020-11-16 10:00:00,1.0
USD_CHF,2020-11-15 22:00:00,2020-11-27 14:00:00,1.0
EUR_PLN,2020-11-15 22:00:00,2020-12-01 14:00:00,1.0
NZD_JPY,2020-11-15 22:00:00,2020-11-16 10:00:00,1.0
USD_SEK,2020-11-16 10:00:00,2020-11-18 06:00:00,1.0
AUD_CAD,2020-11-16 10:00:00,2020-12-04 10:00:00,-0.1572442422399905
EUR_JPY,2020-11-16 14:00:00,2020-11-30 14:00:00,1.0
AUD_USD,2020-11-17 06:00:00,2020-11-27 06:00:00,1.0
USD_PLN,2020-11-17 14:00:00,2020-11-23 10:00:00,1.0
USD_SEK,2020-11-18 18:00:00,2020-11-24 22:00:00,1.0
USD_PLN,2020-11-19 06:00:00,2020-11-30 06:00:00,1.0
USD_SEK,2020-11-19 06:00:00,2020-11-25 02:00:00,1.0
GBP_USD,2020-11-19 14:00:00,2020-11-23 06:00:00,1.0
CHF_JPY,2020-11-19 14:00:00,2020-11-25 18:00:00,1.0
AUD_JPY,2020-11-19 14:00:00,2020-11-23 22:00:00,1.0
CAD_CHF,2020-11-19 14:00:00,2020-12-03 10:00:00,1.0
GBP_JPY,2020-11-19 22:00:00,2020-11-23 06:00:00,1.0
AUD_JPY,2020-11-19 22:00:00,2020-11-23 22:00:00,1.0
GBP_USD,2020-11-20 06:00:00,2020-11-23 10:00:00,1.0
GBP_CAD,2020-11-20 06:00:00,2020-12-04 18:00:00,-1.0
USD_PLN,2020-11-20 06:00:00,2020-11-30 10:00:00,1.0
USD_NOK,2020-11-20 10:00:00,2020-11-23 14:00:00,1.0
GBP_JPY,2020-11-20 18:00:00,2020-11-23 18:00:00,1.0
GBP_USD,2020-11-20 18:00:00,2020-12-01 06:00:00,1.0
EUR_AUD,2020-11-23 10:00:00,2020-12-02 14:00:00,-1.0
EUR_CAD,2020-11-23 10:00:00,2020-12-03 10:00:00,-1.0
GBP_USD,2020-11-24 10:00:00,2020-12-03 10:00:00,1.0
USD_HUF,2020-11-24 10:00:00,2020-11-30 06:00:00,1.0
GBP_JPY,2020-11-24 10:00:00,2020-12-04 14:00:00,1.0
NZD_JPY,2020-11-24 18:00:00,2020-12-01 02:00:00,1.0
AUD_CAD,2020-11-24 22:00:00,2020-12-07 06:00:00,-1.0
GBP_JPY,2020-11-25 02:00:00,2020-12-07 06:00:00,-1.0
NZD_JPY,2020-11-25 02:00:00,2020-12-01 02:00:00,1.0
AUD_JPY,2020-11-25 02:00:00,2020-12-09 06:00:00,1.0
USD_ZAR,2020-11-25 10:00:00,2020-11-30 14:00:00,-1.0
GBP_CHF,2020-11-25 14:00:00,2020-11-27 14:00:00,1.0
EUR_JPY,2020-11-25 14:00:00,2020-12-01 14:00:00,1.0
EUR_JPY,2020-11-26 06:00:00,2020-12-01 14:00:00,1.0
GBP_AUD,2020-11-26 06:00:00,2020-11-27 18:00:00,-1.0
USD_ZAR,2020-11-26 06:00:00,2020-11-27 10:00:00,-1.0
AUD_USD,2020-11-26 10:00:00,2020-12-03 06:00:00,1.0
AUD_CAD,2020-11-26 10:00:00,2020-12-07 06:00:00,-1.0
EUR_GBP,2020-11-26 22:00:00,2020-12-01 14:00:00,1.0
USD_JPY,2020-11-27 14:00:00,2020-12-17 10:00:00,-1.0
CAD_CHF,2020-11-30 06:00:00,2020-12-18 06:00:00,0.3648429308091181
USD_NOK,2020-11-30 06:00:00,2020-12-03 14:00:00,-1.0
GBP_JPY,2020-11-30 10:00:00,2020-12-01 14:00:00,1.0
CHF_JPY,2020-11-30 10:00:00,2020-12-02 02:00:00,1.0
USD_CAD,2020-11-30 14:00:00,2020-12-04 10:00:00,1.0
CHF_JPY,2020-11-30 18:00:00,2020-12-01 22:00:00,1.0
USD_PLN,2020-12-01 10:00:00,2020-12-01 14:00:00,1.0
GBP_AUD,2020-12-01 10:00:00,2020-12-07 06:00:00,-1.0
AUD_USD,2020-12-01 14:00:00,2020-12-02 18:00:00,1.0
GBP_AUD,2020-12-02 06:00:00,2020-12-07 06:00:00,-1.0
USD_ZAR,2020-12-02 06:00:00,2020-12-03 14:00:00,1.0
AUD_CAD,2020-12-02 10:00:00,2020-12-11 02:00:00,1.0
AUD_USD,2020-12-02 10:00:00,2020-12-03 14:00:00,1.0
EUR_AUD,2020-12-02 10:00:00,2020-12-09 10:00:00,1.0
AUD_JPY,2020-12-02 10:00:00,2020-12-09 06:00:00,1.0
USD_CAD,2020-12-02 10:00:00,2020-12-04 14:00:00,1.0
AUD_JPY,2020-12-03 06:00:00,2020-12-10 02:00:00,1.0
AUD_USD,2020-12-04 10:00:00,2020-12-10 06:00:00,1.0
AUD_USD,2020-12-04 18:00:00,2020-12-10 06:00:00,1.0
USD_CZK,2020-12-06 22:00:00,2020-12-09 10:00:00,-1.0
EUR_USD,2020-12-07 10:00:00,2020-12-17 10:00:00,-1.0
NZD_CAD,2020-12-07 10:00:00,2020-12-17 10:00:00,-1.0
USD_CZK,2020-12-07 10:00:00,2020-12-09 10:00:00,-1.0
NZD_CHF,2020-12-07 22:00:00,2020-12-24 18:00:00,-1.0
NZD_USD,2020-12-08 10:00:00,2020-12-10 18:00:00,1.0
GBP_CHF,2020-12-08 10:00:00,2020-12-10 10:00:00,1.0
EUR_AUD,2020-12-08 10:00:00,2020-12-09 10:00:00,1.0
CHF_JPY,2020-12-09 06:00:00,2020-12-30 06:00:00,-0.3850488354620543
USD_PLN,2020-12-09 14:00:00,2020-12-16 06:00:00,1.0
AUD_CAD,2020-12-09 22:00:00,2020-12-10 22:00:00,1.0
GBP_JPY,2020-12-09 22:00:00,2020-12-11 06:00:00,-1.0
USD_PLN,2020-12-09 22:00:00,2020-12-11 06:00:00,1.0
USD_HUF,2020-12-09 22:00:00,2020-12-10 10:00:00,1.0
GBP_JPY,2020-12-10 06:00:00,2020-12-11 06:00:00,-1.0
AUD_NZD,2020-12-10 14:00:00,2020-12-31 14:00:00,0.750258872258307
EUR_JPY,2020-12-10 22:00:00,2021-01-03 22:00:00,-0.07834757834758152
USD_PLN,2020-12-10 22:00:00,2020-12-17 14:00:00,1.0
EUR_JPY,2020-12-11 06:00:00,2021-01-04 06:00:00,-0.03086981644332352
AUD_CAD,2020-12-11 14:00:00,2020-12-17 18:00:00,1.0
USD_NOK,2020-12-11 18:00:00,2020-12-14 10:00:00,-1.0
AUD_CAD,2020-12-13 22:00:00,2020-12-17 06:00:00,1.0
USD_JPY,2020-12-13 22:00:00,2021-01-04 06:00:00,-1.0
EUR_JPY,2020-12-14 06:00:00,2021-01-05 06:00:00,0.06422556653293211
CHF_JPY,2020-12-14 10:00:00,2021-01-05 10:00:00,-0.07266758427303206
AUD_NZD,2020-12-15 18:00:00,2021-01-06 18:00:00,0.38495845265479994
USD_PLN,2020-12-16 06:00:00,2020-12-17 06:00:00,1.0
GBP_AUD,2020-12-16 06:00:00,2020-12-20 22:00:00,-1.0
EUR_NOK,2020-12-16 10:00:00,2020-12-17 06:00:00,1.0
AUD_USD,2020-12-16 18:00:00,2020-12-17 06:00:00,1.0
AUD_NZD,2020-12-16 18:00:00,2021-01-07 18:00:00,0.42972818285028286
EUR_NOK,2020-12-16 18:00:00,2020-12-17 06:00:00,1.0
USD_SGD,2020-12-16 18:00:00,2021-01-04 06:00:00,1.0
GBP_AUD,2020-12-16 22:00:00,2020-12-20 22:00:00,-1.0
GBP_CHF,2020-12-17 10:00:00,2020-12-20 22:00:00,1.0
GBP_CAD,2020-12-17 14:00:00,2020-12-21 06:00:00,-1.0
CAD_CHF,2020-12-17 22:00:00,2020-12-21 06:00:00,1.0
USD_CHF,2020-12-18 14:00:00,2021-01-06 06:00:00,1.0
GBP_CAD,2020-12-18 14:00:00,2020-12-23 14:00:00,1.0
AUD_NZD,2020-12-18 18:00:00,2021-01-11 18:00:00,0.6880067488400359
EUR_JPY,2020-12-20 22:00:00,2021-01-11 22:00:00,0.1787889815356858
USD_SEK,2020-12-20 22:00:00,2020-12-21 06:00:00,-1.0
NZD_USD,2020-12-20 22:00:00,2020-12-21 06:00:00,-1.0
GBP_CAD,2020-12-21 06:00:00,2020-12-21 18:00:00,1.0
GBP_AUD,2020-12-21 06:00:00,2020-12-22 06:00:00,1.0
GBP_AUD,2020-12-21 14:00:00,2020-12-22 06:00:00,1.0
EUR_GBP,2020-12-21 18:00:00,2020-12-23 10:00:00,-1.0
AUD_CAD,2020-12-22 06:00:00,2020-12-30 22:00:00,1.0
CAD_CHF,2020-12-22 06:00:00,2021-01-07 18:00:00,-1.0
GBP_USD,2020-12-22 10:00:00,2020-12-23 14:00:00,1.0
NZD_CAD,2020-12-22 10:00:00,2020-12-30 10:00:00,-1.0
GBP_CAD,2020-12-22 10:00:00,2020-12-23 14:00:00,1.0
GBP_JPY,2020-12-22 10:00:00,2020-12-23 14:00:00,1.0
EUR_JPY,2020-12-23 10:00:00,2021-01-06 14:00:00,1.0
USD_PLN,2020-12-23 10:00:00,2020-12-28 06:00:00,1.0
USD_ZAR,2020-12-23 22:00:00,2021-01-05 06:00:00,-1.0
AUD_CAD,2020-12-23 22:00:00,2020-12-31 06:00:00,1.0
USD_CZK,2020-12-24 10:00:00,2020-12-29 22:00:00,-1.0
USD_SEK,2020-12-24 14:00:00,2020-12-29 14:00:00,1.0
EUR_CAD,2020-12-24 18:00:00,2021-01-12 06:00:00,1.0
USD_NOK,2020-12-27 22:00:00,2020-12-30 22:00:00,-1.0
GBP_JPY,2020-12-27 22:00:00,2021-01-12 06:00:00,1.0
GBP_JPY,2020-12-28 06:00:00,2021-01-12 06:00:00,1.0
GBP_CAD,2020-12-28 06:00:00,2021-01-06 14:00:00,-1.0
CHF_JPY,2020-12-28 10:00:00,2021-01-06 10:00:00,1.0
USD_CAD,2020-12-28 10:00:00,2021-01-03 22:00:00,1.0
EUR_CAD,2020-12-28 14:00:00,2020-12-31 18:00:00,1.0
EUR_PLN,2020-12-28 18:00:00,2020-12-29 10:00:00,-1.0
USD_CHF,2020-12-28 22:00:00,2020-12-30 22:00:00,1.0
NZD_CHF,2020-12-29 06:00:00,2021-01-06 06:00:00,-1.0
CAD_CHF,2020-12-29 10:00:00,2021-01-08 06:00:00,-1.0
GBP_CHF,2020-12-29 10:00:00,2020-12-31 18:00:00,-1.0
EUR_NOK,2020-12-29 14:00:00,2020-12-31 10:00:00,1.0
AUD_CAD,2020-12-29 14:00:00,2020-12-31 06:00:00,1.0
GBP_CAD,2020-12-29 14:00:00,2020-12-31 10:00:00,1.0
GBP_JPY,2020-12-29 14:00:00,2020-12-31 14:00:00,1.0
CHF_JPY,2020-12-29 22:00:00,2021-01-19 22:00:00,-0.08887293733603323
NZD_JPY,2020-12-29 22:00:00,2021-01-06 02:00:00,1.0
EUR_AUD,2020-12-30 14:00:00,2020-12-31 10:00:00,1.0
NZD_JPY,2020-12-30 14:00:00,2021-01-06 06:00:00,1.0
GBP_CAD,2020-12-30 22:00:00,2021-01-20 22:00:00,-0.5761961832764857
AUD_NZD,2020-12-30 22:00:00,2021-01-12 06:00:00,1.0
EUR_CAD,2020-12-31 06:00:00,2021-01-08 06:00:00,1.0
GBP_CAD,2020-12-31 10:00:00,2021-01-21 10:00:00,-0.350852935584779
NZD_CHF,2020-12-31 10:00:00,2021-01-04 14:00:00,1.0
GBP_JPY,2020-12-31 10:00:00,2021-01-12 14:00:00,1.0
GBP_AUD,2020-12-31 10:00:00,2021-01-06 06:00:00,-1.0
USD_CAD,2020-12-31 14:00:00,2021-01-14 14:00:00,1.0
USD_HUF,2020-12-31 14:00:00,2021-01-04 06:00:00,1.0
GBP_USD,2021-01-03 22:00:00,2021-01-10 22:00:00,-1.0
CAD_JPY,2021-01-03 22:00:00,2021-01-07 14:00:00,1.0
NZD_JPY,2021-01-04 10:00:00,2021-01-06 06:00:00,1.0
NZD_JPY,2021-01-04 22:00:00,2021-01-06 02:00:00,1.0
AUD_CAD,2021-01-04 22:00:00,2021-01-06 06:00:00,1.0
EUR_GBP,2021-01-06 10:00:00,2021-01-12 10:00:00,-1.0
CAD_CHF,2021-01-06 10:00:00,2021-01-14 10:00:00,-1.0
GBP_CHF,2021-01-06 14:00:00,2021-01-12 06:00:00,-1.0
EUR_GBP,2021-01-07 06:00:00,2021-01-12 06:00:00,-1.0
GBP_CHF,2021-01-07 06:00:00,2021-01-12 06:00:00,-1.0
EUR_NOK,2021-01-07 10:00:00,2021-01-08 14:00:00,1.0
NZD_JPY,2021-01-07 10:00:00,2021-01-15 10:00:00,-1.0
GBP_JPY,2021-01-07 22:00:00,2021-01-13 06:00:00,1.0
EUR_NOK,2021-01-07 22:00:00,2021-01-20 22:00:00,1.0
EUR_JPY,2021-01-08 06:00:00,2021-01-14 14:00:00,-1.0
EUR_USD,2021-01-08 10:00:00,2021-01-11 10:00:00,1.0
EUR_CAD,2021-01-08 10:00:00,2021-01-14 06:00:00,1.0
USD_CZK,2021-01-08 10:00:00,2021-01-11 10:00:00,1.0
USD_CHF,2021-01-08 14:00:00,2021-01-28 14:00:00,-0.22225481458082072
GBP_AUD,2021-01-08 18:00:00,2021-01-12 10:00:00,1.0
EUR_NOK,2021-01-10 22:00:00,2021-01-21 06:00:00,1.0
EUR_AUD,2021-01-10 22:00:00,2021-01-14 14:00:00,1.0
USD_SGD,2021-01-10 22:00:00,2021-01-28 22:00:00,-0.17466328382029866
USD_CHF,2021-01-10 22:00:00,2021-01-28 22:00:00,-0.18925312605608868
EUR_JPY,2021-01-11 06:00:00,2021-01-15 14:00:00,-1.0
AUD_JPY,2021-01-11 10:00:00,2021-01-28 06:00:00,-1.0
EUR_NOK,2021-01-11 10:00:00,2021-01-14 06:00:00,1.0
AUD_USD,2021-01-11 10:00:00,2021-01-12 18:00:00,1.0
USD_SGD,2021-01-11 10:00:00,2021-01-29 10:00:00,0.3229780074510411
USD_JPY,2021-01-11 14:00:00,2021-01-29 14:00:00,0.5995791415641056
GBP_CAD,2021-01-11 22:00:00,2021-01-25 14:00:00,1.0
USD_SGD,2021-01-12 02:00:00,2021-02-01 02:00:00,0.2087275129891591
AUD_USD,2021-01-12 02:00:00,2021-01-12 18:00:00,1.0
EUR_NOK,2021-01-12 10:00:00,2021-01-14 14:00:00,1.0
USD_PLN,2021-01-12 10:00:00,2021-01-15 18:00:00,-1.0
USD_CAD,2021-01-12 10:00:00,2021-01-14 14:00:00,1.0
EUR_NOK,2021-01-13 06:00:00,2021-01-18 06:00:00,-1.0
AUD_JPY,2021-01-13 10:00:00,2021-01-18 06:00:00,-1.0
GBP_USD,2021-01-14 10:00:00,2021-02-03 10:00:00,0.14969730324711475
USD_CAD,2021-01-14 10:00:00,2021-01-27 22:00:00,-1.0
USD_SGD,2021-01-14 10:00:00,2021-02-03 10:00:00,-0.37423571579168774
USD_CZK,2021-01-14 14:00:00,2021-01-18 06:00:00,1.0
EUR_USD,2021-01-14 14:00:00,2021-02-02 10:00:00,1.0
GBP_AUD,2021-01-14 14:00:00,2021-01-22 18:00:00,1.0
GBP_CAD,2021-01-14 14:00:00,2021-01-26 14:00:00,1.0
USD_NOK,2021-01-14 14:00:00,2021-01-15 14:00:00,1.0
GBP_AUD,2021-01-15 14:00:00,2021-01-27 06:00:00,1.0
GBP_CHF,2021-01-17 22:00:00,2021-02-01 02:00:00,-1.0
AUD_USD,2021-01-19 14:00:00,2021-01-21 10:00:00,1.0
NZD_CAD,2021-01-19 18:00:00,2021-01-25 10:00:00,-1.0
CHF_JPY,2021-01-19 22:00:00,2021-01-29 14:00:00,1.0
GBP_CHF,2021-01-20 02:00:00,2021-02-01 02:00:00,-1.0
CAD_CHF,2021-01-20 02:00:00,2021-01-28 06:00:00,1.0
USD_HUF,2021-01-20 10:00:00,2021-01-27 10:00:00,-1.0
USD_PLN,2021-01-20 10:00:00,2021-02-04 22:00:00,-1.0
USD_PLN,2021-01-20 22:00:00,2021-02-08 14:00:00,1.0
USD_PLN,2021-01-21 22:00:00,2021-01-27 14:00:00,-1.0
GBP_AUD,2021-01-22 14:00:00,2021-01-27 14:00:00,1.0
GBP_CHF,2021-01-24 22:00:00,2021-02-01 02:00:00,-1.0
EUR_GBP,2021-01-24 22:00:00,2021-02-02 10:00:00,-1.0
CHF_JPY,2021-01-24 22:00:00,2021-02-11 22:00:00,0.5578097638064398
GBP_USD,2021-01-25 06:00:00,2021-02-09 18:00:00,1.0
USD_SGD,2021-01-25 06:00:00,2021-02-12 06:00:00,0.022595976409798088
EUR_GBP,2021-01-25 10:00:00,2021-02-04 10:00:00,-1.0
GBP_CHF,2021-01-25 18:00:00,2021-02-01 06:00:00,-1.0
USD_PLN,2021-01-26 22:00:00,2021-02-04 22:00:00,-1.0
AUD_JPY,2021-01-27 02:00:00,2021-01-28 06:00:00,-1.0
GBP_USD,2021-01-27 06:00:00,2021-02-04 06:00:00,-1.0
USD_SGD,2021-01-27 06:00:00,2021-02-16 06:00:00,0.19454812803981597
AUD_USD,2021-01-27 06:00:00,2021-01-27 14:00:00,-1.0
USD_CZK,2021-01-27 10:00:00,2021-01-28 06:00:00,1.0
EUR_JPY,2021-01-27 14:00:00,2021-01-29 06:00:00,1.0
USD_CZK,2021-01-28 10:00:00,2021-02-08 14:00:00,-1.0
EUR_PLN,2021-01-28 14:00:00,2021-02-01 10:00:00,1.0
USD_ZAR,2021-01-29 02:00:00,2021-01-29 06:00:00,1.0
AUD_JPY,2021-01-29 02:00:00,2021-02-05 14:00:00,1.0
CAD_CHF,2021-01-29 06:00:00,2021-02-01 06:00:00,-1.0
USD_PLN,2021-01-31 22:00:00,2021-02-04 22:00:00,-1.0
USD_ZAR,2021-01-31 22:00:00,2021-02-01 06:00:00,1.0
USD_SGD,2021-01-31 22:00:00,2021-02-18 22:00:00,0.15868002286196004
AUD_JPY,2021-01-31 22:00:00,2021-02-05 14:00:00,1.0
GBP_JPY,2021-01-31 22:00:00,2021-02-05 10:00:00,1.0
EUR_PLN,2021-01-31 22:00:00,2021-02-02 14:00:00,1.0
USD_CAD,2021-02-01 06:00:00,2021-02-11 10:00:00,1.0
GBP_CAD,2021-02-01 10:00:00,2021-02-04 06:00:00,-1.0
USD_ZAR,2021-02-01 10:00:00,2021-02-02 06:00:00,1.0
AUD_CAD,2021-02-01 14:00:00,2021-02-12 02:00:00,1.0
EUR_NOK,2021-02-01 18:00:00,2021-02-05 06:00:00,1.0
USD_NOK,2021-02-01 22:00:00,2021-02-08 18:00:00,-1.0
USD_JPY,2021-02-02 06:00:00,2021-02-16 14:00:00,1.0
GBP_CHF,2021-02-02 10:00:00,2021-02-16 14:00:00,-1.0
USD_PLN,2021-02-02 10:00:00,2021-02-04 22:00:00,-1.0
USD_JPY,2021-02-02 18:00:00,2021-02-16 18:00:00,1.0
USD_PLN,2021-02-02 22:00:00,2021-02-04 22:00:00,-1.0
AUD_NZD,2021-02-03 18:00:00,2021-02-09 10:00:00,1.0
NZD_CHF,2021-02-04 06:00:00,2021-02-10 06:00:00,1.0
AUD_JPY,2021-02-04 10:00:00,2021-02-07 22:00:00,1.0
EUR_AUD,2021-02-04 10:00:00,2021-02-15 02:00:00,1.0
CAD_JPY,2021-02-04 10:00:00,2021-02-15 02:00:00,1.0
EUR_NOK,2021-02-04 10:00:00,2021-02-08 14:00:00,1.0
USD_NOK,2021-02-05 06:00:00,2021-02-05 14:00:00,-1.0
EUR_USD,2021-02-05 06:00:00,2021-02-09 06:00:00,-1.0
GBP_USD,2021-02-05 10:00:00,2021-02-09 18:00:00,1.0
USD_CAD,2021-02-05 10:00:00,2021-02-10 06:00:00,1.0
CHF_JPY,2021-02-07 22:00:00,2021-02-15 06:00:00,1.0
GBP_JPY,2021-02-07 22:00:00,2021-02-15 02:00:00,1.0
EUR_PLN,2021-02-07 22:00:00,2021-02-25 22:00:00,-0.2547375649303859
CAD_CHF,2021-02-07 22:00:00,2021-02-22 02:00:00,-1.0
EUR_JPY,2021-02-07 22:00:00,2021-02-15 22:00:00,1.000000000000011
NZD_JPY,2021-02-08 10:00:00,2021-02-16 02:00:00,1.0
NZD_USD,2021-02-09 06:00:00,2021-02-19 14:00:00,1.0
CHF_JPY,2021-02-09 14:00:00,2021-02-15 06:00:00,1.0
GBP_CAD,2021-02-09 22:00:00,2021-02-18 10:00:00,1.0
GBP_CHF,2021-02-10 06:00:00,2021-02-17 18:00:00,-1.0
AUD_USD,2021-02-10 06:00:00,2021-02-19 06:00:00,1.0
EUR_GBP,2021-02-10 06:00:00,2021-02-17 10:00:00,-1.0
AUD_JPY,2021-02-10 14:00:00,2021-02-14 22:00:00,1.0
GBP_JPY,2021-02-10 18:00:00,2021-02-15 06:00:00,1.0
EUR_JPY,2021-02-10 18:00:00,2021-02-15 22:00:00,0.9999999999999888
CHF_JPY,2021-02-10 18:00:00,2021-02-15 22:00:00,1.0
CAD_JPY,2021-02-10 18:00:00,2021-02-15 06:00:00,1.0
GBP_CAD,2021-02-10 22:00:00,2021-02-18 14:00:00,1.0
GBP_USD,2021-02-11 06:00:00,2021-02-18 10:00:00,1.0
GBP_JPY,2021-02-11 06:00:00,2021-02-15 02:00:00,1.0
USD_SEK,2021-02-11 06:00:00,2021-02-25 06:00:00,1.0
AUD_JPY,2021-02-11 22:00:00,2021-02-15 06:00:00,1.0
USD_ZAR,2021-02-11 22:00:00,2021-02-15 02:00:00,1.0
AUD_USD,2021-02-12 06:00:00,2021-02-19 06:00:00,1.0
NZD_JPY,2021-02-12 06:00:00,2021-02-15 22:00:00,1.0
EUR_USD,2021-02-14 22:00:00,2021-03-02 06:00:00,1.0
EUR_AUD,2021-02-15 06:00:00,2021-02-19 10:00:00,1.0
USD_PLN,2021-02-15 18:00:00,2021-02-17 10:00:00,-1.0
NZD_JPY,2021-02-15 18:00:00,2021-02-19 10:00:00,1.0
USD_SEK,2021-02-15 18:00:00,2021-02-26 10:00:00,-1.0
NZD_CHF,2021-02-15 22:00:00,2021-02-19 10:00:00,-1.0
CHF_JPY,2021-02-15 22:00:00,2021-02-23 06:00:00,-1.0
EUR_USD,2021-02-16 06:00:00,2021-02-17 14:00:00,1.0
GBP_AUD,2021-02-17 06:00:00,2021-02-25 06:00:00,-1.0
AUD_JPY,2021-02-17 10:00:00,2021-02-19 10:00:00,1.0
AUD_CAD,2021-02-17 10:00:00,2021-02-19 14:00:00,1.0
EUR_PLN,2021-02-17 22:00:00,2021-03-02 22:00:00,-1.0
EUR_CAD,2021-02-17 22:00:00,2021-03-04 14:00:00,1.0
USD_NOK,2021-02-18 06:00:00,2021-02-24 18:00:00,-1.0
USD_SEK,2021-02-18 22:00:00,2021-02-25 06:00:00,1.0
USD_PLN,2021-02-18 22:00:00,2021-02-25 10:00:00,1.0
USD_SGD,2021-02-18 22:00:00,2021-03-05 06:00:00,-1.0
USD_SGD,2021-02-22 02:00:00,2021-03-04 22:00:00,-1.0
CAD_CHF,2021-02-22 22:00:00,2021-02-23 18:00:00,-1.0
USD_NOK,2021-02-22 22:00:00,2021-02-24 18:00:00,-1.0
AUD_USD,2021-02-23 02:00:00,2021-02-25 06:00:00,1.0
EUR_JPY,2021-02-23 10:00:00,2021-02-25 06:00:00,1.0
AUD_JPY,2021-02-23 14:00:00,2021-02-24 10:00:00,1.0
EUR_NOK,2021-02-23 14:00:00,2021-02-24 10:00:00,1.0
USD_NOK,2021-02-23 18:00:00,2021-02-24 18:00:00,-1.0
NZD_JPY,2021-02-23 22:00:00,2021-02-24 06:00:00,1.0
USD_NOK,2021-02-24 06:00:00,2021-02-25 06:00:00,-1.0
EUR_USD,2021-02-24 06:00:00,2021-03-01 06:00:00,1.0
AUD_USD,2021-02-24 10:00:00,2021-02-25 06:00:00,1.0
USD_SGD,2021-02-24 10:00:00,2021-02-26 18:00:00,-1.0
USD_CAD,2021-02-24 10:00:00,2021-02-25 10:00:00,1.0
USD_ZAR,2021-02-25 06:00:00,2021-02-25 10:00:00,-1.0
USD_PLN,2021-02-25 06:00:00,2021-02-26 14:00:00,-1.0
CHF_JPY,2021-02-25 10:00:00,2021-03-16 09:00:00,1.0
NZD_CAD,2021-02-25 14:00:00,2021-02-26 10:00:00,1.0
EUR_USD,2021-02-25 14:00:00,2021-02-26 10:00:00,1.0
USD_JPY,2021-02-25 18:00:00,2021-03-03 14:00:00,1.0
CHF_JPY,2021-02-28 22:00:00,2021-03-18 21:00:00,0.3432699450938858
AUD_USD,2021-03-02 06:00:00,2021-03-02 14:00:00,1.0
EUR_GBP,2021-03-02 06:00:00,2021-03-09 02:00:00,-1.0
CAD_JPY,2021-03-03 10:00:00,2021-03-04 14:00:00,1.0
AUD_NZD,2021-03-03 18:00:00,2021-03-18 13:00:00,1.0
GBP_AUD,2021-03-03 22:00:00,2021-03-05 10:00:00,1.0
USD_NOK,2021-03-03 22:00:00,2021-03-04 10:00:00,1.0
GBP_CAD,2021-03-04 06:00:00,2021-03-12 10:00:00,-1.0
GBP_USD,2021-03-04 06:00:00,2021-03-05 10:00:00,-1.0
AUD_NZD,2021-03-05 06:00:00,2021-03-22 21:00:00,1.0
NZD_CAD,2021-03-05 14:00:00,2021-03-12 14:00:00,1.0
USD_CAD,2021-03-08 02:00:00,2021-03-11 18:00:00,1.0
AUD_CAD,2021-03-08 06:00:00,2021-03-16 09:00:00,-1.0
GBP_USD,2021-03-08 14:00:00,2021-03-11 06:00:00,1.0
CHF_JPY,2021-03-08 18:00:00,2021-03-11 22:00:00,1.0
GBP_CAD,2021-03-08 22:00:00,2021-03-15 13:00:00,-1.0
NZD_CHF,2021-03-08 22:00:00,2021-03-22 17:00:00,1.0
GBP_CAD,2021-03-09 10:00:00,2021-03-15 13:00:00,-1.0
EUR_GBP,2021-03-09 22:00:00,2021-03-23 09:00:00,1.0
AUD_USD,2021-03-09 22:00:00,2021-03-11 06:00:00,1.0
NZD_CHF,2021-03-10 06:00:00,2021-03-22 21:00:00,1.0
NZD_JPY,2021-03-10 22:00:00,2021-03-11 06:00:00,1.0
USD_SEK,2021-03-10 22:00:00,2021-03-23 17:00:00,-1.0
GBP_CAD,2021-03-11 06:00:00,2021-03-12 10:00:00,-1.0
EUR_AUD,2021-03-11 10:00:00,2021-03-23 21:00:00,-1.0
GBP_CHF,2021-03-11 18:00:00,2021-03-16 05:00:00,1.0
NZD_JPY,2021-03-11 22:00:00,2021-03-17 17:00:00,1.0
EUR_GBP,2021-03-12 10:00:00,2021-03-23 09:00:00,1.0
EUR_GBP,2021-03-14 21:00:00,2021-04-01 21:00:00,-0.8338192419825061
AUD_CAD,2021-03-16 05:00:00,2021-03-24 05:00:00,-1.0
USD_SGD,2021-03-16 05:00:00,2021-04-05 05:00:00,0.07726310315366608
EUR_USD,2021-03-16 09:00:00,2021-03-24 05:00:00,1.0
USD_NOK,2021-03-16 09:00:00,2021-03-18 17:00:00,1.0
USD_SEK,2021-03-16 21:00:00,2021-03-18 05:00:00,1.0
USD_NOK,2021-03-17 05:00:00,2021-03-17 17:00:00,-1.0
USD_SGD,2021-03-17 09:00:00,2021-04-06 09:00:00,0.5009982854725402
EUR_NOK,2021-03-18 05:00:00,2021-03-19 09:00:00,-1.0
NZD_CHF,2021-03-18 09:00:00,2021-03-22 05:00:00,1.0
USD_PLN,2021-03-19 09:00:00,2021-03-24 13:00:00,-1.0
USD_HUF,2021-03-19 09:00:00,2021-03-22 17:00:00,1.0
GBP_AUD,2021-03-22 09:00:00,2021-03-25 13:00:00,1.0
GBP_CAD,2021-03-22 09:00:00,2021-04-09 09:00:00,-0.48648586186575427
USD_SGD,2021-03-22 17:00:00,2021-04-09 17:00:00,0.01117576498112001
USD_SEK,2021-03-23 01:00:00,2021-03-24 05:00:00,-1.0
GBP_CHF,2021-03-23 05:00:00,2021-03-26 01:00:00,-1.0
CAD_CHF,2021-03-23 05:00:00,2021-03-24 13:00:00,-1.0
GBP_CAD,2021-03-23 05:00:00,2021-04-09 17:00:00,-1.0
EUR_CAD,2021-03-23 09:00:00,2021-03-26 01:00:00,1.0
NZD_CHF,2021-03-23 13:00:00,2021-04-01 17:00:00,-1.0
EUR_GBP,2021-03-23 13:00:00,2021-03-29 05:00:00,-1.0
GBP_AUD,2021-03-23 13:00:00,2021-03-25 13:00:00,1.0
NZD_CHF,2021-03-23 21:00:00,2021-04-01 13:00:00,-1.0
EUR_GBP,2021-03-23 21:00:00,2021-03-29 05:00:00,-1.0
USD_JPY,2021-03-24 17:00:00,2021-03-26 09:00:00,1.0
USD_SGD,2021-03-25 09:00:00,2021-04-14 09:00:00,0.7776442129320514
AUD_USD,2021-03-25 09:00:00,2021-03-30 01:00:00,1.0
EUR_NOK,2021-03-25 21:00:00,2021-03-29 09:00:00,1.0
USD_SGD,2021-03-25 21:00:00,2021-04-14 13:00:00,1.0
EUR_NOK,2021-03-26 09:00:00,2021-03-29 13:00:00,1.0
AUD_USD,2021-03-26 17:00:00,2021-04-01 05:00:00,-1.0
USD_SEK,2021-03-26 17:00:00,2021-03-30 09:00:00,-1.0
NZD_JPY,2021-03-28 21:00:00,2021-03-30 01:00:00,1.0
USD_CHF,2021-03-29 09:00:00,2021-04-06 17:00:00,1.0
USD_CAD,2021-03-29 13:00:00,2021-04-15 05:00:00,1.0
AUD_CAD,2021-03-29 13:00:00,2021-04-01 01:00:00,-1.0
AUD_USD,2021-03-29 13:00:00,2021-04-01 01:00:00,-1.0
NZD_USD,2021-03-30 05:00:00,2021-04-14 01:00:00,1.0
AUD_USD,2021-03-30 05:00:00,2021-04-01 01:00:00,-1.0
GBP_USD,2021-03-30 05:00:00,2021-04-05 13:00:00,1.0
EUR_CAD,2021-03-30 09:00:00,2021-04-07 05:00:00,-1.0
CHF_JPY,2021-03-30 21:00:00,2021-04-07 05:00:00,1.0
USD_SGD,2021-03-30 21:00:00,2021-04-14 13:00:00,1.0
USD_NOK,2021-03-30 21:00:00,2021-04-07 09:00:00,-1.0
USD_NOK,2021-03-31 05:00:00,2021-04-07 09:00:00,-1.0
EUR_USD,2021-03-31 05:00:00,2021-04-06 13:00:00,-1.0
USD_NOK,2021-03-31 21:00:00,2021-04-07 13:00:00,-1.0
GBP_JPY,2021-04-01 01:00:00,2021-04-07 13:00:00,-1.0
NZD_CHF,2021-04-01 05:00:00,2021-04-07 09:00:00,1.0
GBP_CAD,2021-04-02 09:00:00,2021-04-09 17:00:00,-1.0
GBP_AUD,2021-04-02 09:00:00,2021-04-08 13:00:00,-1.0
AUD_CAD,2021-04-02 09:00:00,2021-04-14 09:00:00,1.0
USD_NOK,2021-04-02 09:00:00,2021-04-14 05:00:00,-1.0
CHF_JPY,2021-04-02 13:00:00,2021-04-09 05:00:00,1.0
GBP_AUD,2021-04-02 17:00:00,2021-04-08 13:00:00,-1.0
AUD_CAD,2021-04-02 17:00:00,2021-04-06 17:00:00,1.0
GBP_CHF,2021-04-02 17:00:00,2021-04-06 13:00:00,1.0
GBP_JPY,2021-04-05 21:00:00,2021-04-07 05:00:00,-1.0
EUR_JPY,2021-04-05 21:00:00,2021-04-25 21:00:00,0.3821107583014807
AUD_USD,2021-04-06 01:00:00,2021-04-14 13:00:00,1.0
GBP_USD,2021-04-06 01:00:00,2021-04-07 09:00:00,-1.0
CAD_CHF,2021-04-06 05:00:00,2021-04-06 17:00:00,1.0
GBP_AUD,2021-04-06 05:00:00,2021-04-08 13:00:00,-1.0
EUR_JPY,2021-04-06 09:00:00,2021-04-26 09:00:00,0.3775267767209888
CHF_JPY,2021-04-06 09:00:00,2021-04-12 13:00:00,1.0
USD_ZAR,2021-04-06 21:00:00,2021-04-14 13:00:00,1.0
EUR_NOK,2021-04-08 05:00:00,2021-04-13 09:00:00,-1.0
USD_HUF,2021-04-08 09:00:00,2021-04-12 09:00:00,1.0
NZD_CHF,2021-04-08 09:00:00,2021-04-13 01:00:00,1.0
USD_SEK,2021-04-09 01:00:00,2021-04-14 09:00:00,1.0
AUD_USD,2021-04-09 01:00:00,2021-04-14 13:00:00,1.0
GBP_CHF,2021-04-09 09:00:00,2021-04-29 09:00:00,0.12751487673561498
NZD_CAD,2021-04-11 21:00:00,2021-04-14 05:00:00,-1.0
AUD_CAD,2021-04-12 21:00:00,2021-04-14 09:00:00,1.0
EUR_NOK,2021-04-12 21:00:00,2021-04-15 09:00:00,1.0
EUR_USD,2021-04-12 21:00:00,2021-04-19 09:00:00,-1.0
GBP_CAD,2021-04-12 21:00:00,2021-04-19 09:00:00,1.0
GBP_AUD,2021-04-12 21:00:00,2021-04-14 13:00:00,-1.0
USD_SGD,2021-04-13 01:00:00,2021-04-20 01:00:00,1.0
GBP_USD,2021-04-13 01:00:00,2021-04-19 05:00:00,1.0
CHF_JPY,2021-04-13 05:00:00,2021-04-29 09:00:00,1.0
EUR_AUD,2021-04-13 09:00:00,2021-04-14 13:00:00,1.0
USD_SEK,2021-04-13 09:00:00,2021-04-13 17:00:00,1.0
CAD_CHF,2021-04-13 09:00:00,2021-04-20 13:00:00,1.0
USD_SGD,2021-04-13 09:00:00,2021-04-19 21:00:00,1.0
USD_ZAR,2021-04-13 09:00:00,2021-04-14 05:00:00,1.0
GBP_USD,2021-04-13 09:00:00,2021-04-19 05:00:00,1.0
USD_CHF,2021-04-13 09:00:00,2021-04-19 05:00:00,1.0
AUD_USD,2021-04-13 09:00:00,2021-04-14 05:00:00,1.0
AUD_CAD,2021-04-13 21:00:00,2021-04-14 13:00:00,1.0
NZD_JPY,2021-04-13 21:00:00,2021-04-14 13:00:00,1.0
EUR_GBP,2021-04-14 13:00:00,2021-05-04 13:00:00,-0.2432613156863275
AUD_JPY,2021-04-15 01:00:00,2021-04-22 17:00:00,-1.0
NZD_JPY,2021-04-15 01:00:00,2021-04-28 05:00:00,1.0
AUD_CAD,2021-04-15 01:00:00,2021-04-20 01:00:00,1.0
USD_SGD,2021-04-15 01:00:00,2021-04-29 01:00:00,1.0
AUD_USD,2021-04-15 01:00:00,2021-04-20 01:00:00,1.0
USD_CHF,2021-04-15 09:00:00,2021-04-19 09:00:00,1.0
GBP_CHF,2021-04-15 09:00:00,2021-04-30 17:00:00,1.0
CHF_JPY,2021-04-15 09:00:00,2021-04-27 21:00:00,1.0
USD_CZK,2021-04-15 13:00:00,2021-04-23 13:00:00,-1.0
AUD_USD,2021-04-15 17:00:00,2021-04-29 01:00:00,1.0
USD_SGD,2021-04-15 17:00:00,2021-05-05 17:00:00,-0.01871873970468291
EUR_PLN,2021-04-15 21:00:00,2021-05-05 21:00:00,-0.3158522311310599
USD_PLN,2021-04-16 17:00:00,2021-04-26 01:00:00,1.0
EUR_JPY,2021-04-18 21:00:00,2021-04-27 21:00:00,1.0
USD_SGD,2021-04-18 21:00:00,2021-05-06 21:00:00,0.09962696070353455
GBP_JPY,2021-04-19 05:00:00,2021-04-20 01:00:00,1.0
NZD_JPY,2021-04-19 21:00:00,2021-04-20 05:00:00,1.0
USD_ZAR,2021-04-19 21:00:00,2021-04-27 17:00:00,-1.0
CHF_JPY,2021-04-19 21:00:00,2021-04-28 13:00:00,1.0
USD_CHF,2021-04-19 21:00:00,2021-05-07 05:00:00,1.0
AUD_JPY,2021-04-19 21:00:00,2021-04-20 05:00:00,1.0
EUR_JPY,2021-04-19 21:00:00,2021-04-27 17:00:00,1.0
EUR_NOK,2021-04-19 21:00:00,2021-04-29 01:00:00,1.0
USD_PLN,2021-04-20 05:00:00,2021-05-07 13:00:00,1.0
GBP_AUD,2021-04-20 13:00:00,2021-05-10 13:00:00,0.3006084672314473
GBP_USD,2021-04-21 09:00:00,2021-05-10 05:00:00,1.0
CAD_JPY,2021-04-21 09:00:00,2021-04-21 13:00:00,1.0
USD_SGD,2021-04-21 13:00:00,2021-05-11 13:00:00,0.4004447716788656
AUD_USD,2021-04-22 01:00:00,2021-05-07 09:00:00,1.0
EUR_NOK,2021-04-22 09:00:00,2021-04-28 17:00:00,1.0
EUR_NOK,2021-04-22 17:00:00,2021-04-28 13:00:00,1.0
EUR_PLN,2021-04-23 17:00:00,2021-05-13 13:00:00,1.0
NZD_CHF,2021-04-23 17:00:00,2021-05-04 09:00:00,1.0
AUD_USD,2021-04-25 21:00:00,2021-04-26 13:00:00,1.0
USD_SGD,2021-04-25 21:00:00,2021-05-13 21:00:00,-0.4404158730397797
EUR_JPY,2021-04-26 13:00:00,2021-04-27 21:00:00,1.0
AUD_JPY,2021-04-27 05:00:00,2021-05-07 13:00:00,1.0
EUR_JPY,2021-04-27 05:00:00,2021-04-29 05:00:00,1.0
EUR_NOK,2021-04-27 09:00:00,2021-04-28 17:00:00,1.0
EUR_GBP,2021-04-27 09:00:00,2021-05-10 09:00:00,-1.0
EUR_USD,2021-04-27 17:00:00,2021-05-17 17:00:00,-0.5293193284260956
USD_CZK,2021-04-27 17:00:00,2021-05-07 09:00:00,-1.0
USD_CHF,2021-04-27 21:00:00,2021-05-07 09:00:00,1.0
GBP_JPY,2021-04-28 01:00:00,2021-05-09 21:00:00,1.0
GBP_CHF,2021-04-28 05:00:00,2021-05-07 09:00:00,1.0
GBP_JPY,2021-04-28 09:00:00,2021-05-09 21:00:00,1.0
GBP_USD,2021-04-28 09:00:00,2021-05-07 17:00:00,1.0
USD_SGD,2021-04-28 17:00:00,2021-05-18 17:00:00,-0.28490243222260564
USD_SEK,2021-04-28 17:00:00,2021-04-30 17:00:00,-1.0
EUR_AUD,2021-04-29 01:00:00,2021-05-10 09:00:00,1.0
EUR_AUD,2021-04-29 09:00:00,2021-05-10 09:00:00,1.0
USD_CAD,2021-04-29 13:00:00,2021-05-06 13:00:00,1.0
USD_CHF,2021-04-29 13:00:00,2021-05-07 13:00:00,1.0
GBP_CHF,2021-04-29 13:00:00,2021-05-19 13:00:00,-0.366802052832079
EUR_USD,2021-04-29 17:00:00,2021-05-04 05:00:00,1.0
USD_CHF,2021-04-29 21:00:00,2021-05-07 17:00:00,1.0
USD_PLN,2021-04-29 21:00:00,2021-05-05 05:00:00,-1.0
CHF_JPY,2021-04-29 21:00:00,2021-05-10 05:00:00,1.0
GBP_JPY,2021-04-30 01:00:00,2021-05-10 05:00:00,1.0
CHF_JPY,2021-04-30 09:00:00,2021-05-10 01:00:00,1.0
EUR_GBP,2021-04-30 09:00:00,2021-05-10 09:00:00,-1.0
CHF_JPY,2021-04-30 17:00:00,2021-05-10 01:00:00,1.0
EUR_GBP,2021-05-02 21:00:00,2021-05-10 09:00:00,-1.0
AUD_NZD,2021-05-02 21:00:00,2021-05-20 21:00:00,0.46587316347407604
EUR_USD,2021-05-03 05:00:00,2021-05-07 13:00:00,-1.0
GBP_AUD,2021-05-04 01:00:00,2021-05-12 01:00:00,1.0
AUD_JPY,2021-05-04 05:00:00,2021-05-09 21:00:00,1.0
CHF_JPY,2021-05-04 09:00:00,2021-05-09 21:00:00,1.0
GBP_JPY,2021-05-04 09:00:00,2021-05-10 05:00:00,1.0
EUR_NOK,2021-05-04 09:00:00,2021-05-13 05:00:00,-1.0
EUR_NOK,2021-05-04 21:00:00,2021-05-13 09:00:00,-1.0
GBP_USD,2021-05-05 05:00:00,2021-05-09 21:00:00,1.0
GBP_AUD,2021-05-05 09:00:00,2021-05-12 09:00:00,1.0
USD_NOK,2021-05-05 09:00:00,2021-05-07 13:00:00,-1.0
GBP_AUD,2021-05-06 01:00:00,2021-05-12 01:00:00,1.0
USD_NOK,2021-05-06 05:00:00,2021-05-07 13:00:00,-1.0
EUR_NOK,2021-05-06 09:00:00,2021-05-13 09:00:00,-1.0
AUD_JPY,2021-05-06 09:00:00,2021-05-09 21:00:00,1.0
GBP_USD,2021-05-06 09:00:00,2021-05-09 21:00:00,1.0
NZD_JPY,2021-05-06 13:00:00,2021-05-10 05:00:00,1.0
USD_CHF,2021-05-07 05:00:00,2021-05-10 09:00:00,1.0
NZD_JPY,2021-05-07 09:00:00,2021-05-19 13:00:00,-1.0
USD_PLN,2021-05-07 09:00:00,2021-05-07 13:00:00,1.0
CHF_JPY,2021-05-07 09:00:00,2021-05-14 13:00:00,1.0
EUR_GBP,2021-05-09 21:00:00,2021-05-10 09:00:00,-1.0
NZD_CHF,2021-05-09 21:00:00,2021-05-12 13:00:00,1.0
GBP_CHF,2021-05-09 21:00:00,2021-05-11 05:00:00,-1.0
USD_NOK,2021-05-10 05:00:00,2021-05-10 21:00:00,1.0
CAD_JPY,2021-05-10 09:00:00,2021-05-18 01:00:00,1.0
NZD_CHF,2021-05-10 21:00:00,2021-05-12 17:00:00,1.0
USD_NOK,2021-05-11 13:00:00,2021-05-12 09:00:00,1.0
USD_NOK,2021-05-11 21:00:00,2021-05-12 09:00:00,1.0
GBP_CAD,2021-05-12 05:00:00,2021-06-01 05:00:00,-0.06026986857657014
GBP_JPY,2021-05-12 09:00:00,2021-05-27 13:00:00,1.0
EUR_JPY,2021-05-12 09:00:00,2021-05-18 21:00:00,1.0
CHF_JPY,2021-05-12 09:00:00,2021-05-16 21:00:00,1.0
USD_CAD,2021-05-12 09:00:00,2021-06-01 09:00:00,0.7505587951469284
AUD_NZD,2021-05-12 09:00:00,2021-05-26 01:00:00,-1.0
EUR_USD,2021-05-12 13:00:00,2021-06-01 13:00:00,-0.7087936513163363
USD_NOK,2021-05-12 13:00:00,2021-05-12 17:00:00,1.0
USD_CZK,2021-05-12 13:00:00,2021-05-18 05:00:00,-1.0
GBP_CHF,2021-05-12 13:00:00,2021-05-14 05:00:00,1.0
EUR_USD,2021-05-13 05:00:00,2021-05-18 05:00:00,-1.0
NZD_USD,2021-05-13 17:00:00,2021-05-14 09:00:00,1.0
NZD_CHF,2021-05-13 21:00:00,2021-05-20 21:00:00,1.0
CHF_JPY,2021-05-14 09:00:00,2021-05-27 13:00:00,1.0
USD_SGD,2021-05-16 21:00:00,2021-05-31 13:00:00,1.0
USD_ZAR,2021-05-17 09:00:00,2021-05-18 05:00:00,1.0
USD_PLN,2021-05-17 09:00:00,2021-05-18 17:00:00,1.0
AUD_USD,2021-05-17 09:00:00,2021-06-03 13:00:00,-1.0
USD_SEK,2021-05-17 09:00:00,2021-05-18 09:00:00,1.0
GBP_USD,2021-05-17 09:00:00,2021-05-21 09:00:00,1.0
GBP_AUD,2021-05-18 05:00:00,2021-05-23 21:00:00,1.0
GBP_AUD,2021-05-18 17:00:00,2021-05-28 05:00:00,1.0
GBP_USD,2021-05-19 01:00:00,2021-06-08 01:00:00,-0.16642924641402404
USD_ZAR,2021-05-19 05:00:00,2021-05-21 13:00:00,1.0
EUR_GBP,2021-05-19 05:00:00,2021-06-08 05:00:00,-0.037157886180748355
USD_SGD,2021-05-19 05:00:00,2021-06-08 05:00:00,0.5821115250570938
GBP_CHF,2021-05-19 05:00:00,2021-06-08 05:00:00,0.4691631165611524
EUR_PLN,2021-05-19 13:00:00,2021-05-24 05:00:00,1.0
EUR_GBP,2021-05-19 21:00:00,2021-06-08 21:00:00,-0.24251003689865996
EUR_USD,2021-05-20 05:00:00,2021-06-09 05:00:00,-0.025439028393240744
EUR_PLN,2021-05-20 09:00:00,2021-05-24 13:00:00,1.0
GBP_AUD,2021-05-20 09:00:00,2021-05-28 09:00:00,1.0
EUR_JPY,2021-05-20 21:00:00,2021-06-09 21:00:00,0.41691124456284445
CAD_CHF,2021-05-21 05:00:00,2021-06-10 05:00:00,0.5215754805753473
USD_NOK,2021-05-21 09:00:00,2021-05-21 13:00:00,1.0
NZD_JPY,2021-05-21 13:00:00,2021-05-25 09:00:00,1.0
USD_CAD,2021-05-21 13:00:00,2021-06-10 13:00:00,-0.11098319515650368
NZD_JPY,2021-05-23 21:00:00,2021-05-25 09:00:00,1.0
USD_ZAR,2021-05-23 21:00:00,2021-05-25 09:00:00,1.0
EUR_NOK,2021-05-24 09:00:00,2021-06-01 05:00:00,1.0
USD_CAD,2021-05-24 13:00:00,2021-06-11 13:00:00,-0.7103178216920156
EUR_NOK,2021-05-24 21:00:00,2021-06-01 05:00:00,1.0
USD_PLN,2021-05-25 09:00:00,2021-05-26 17:00:00,-1.0
EUR_NOK,2021-05-25 17:00:00,2021-06-01 05:00:00,1.0
GBP_CHF,2021-05-25 21:00:00,2021-06-14 21:00:00,-0.07884383401796974
CHF_JPY,2021-05-25 21:00:00,2021-06-14 21:00:00,0.8263101093233804
NZD_JPY,2021-05-25 21:00:00,2021-05-26 01:00:00,1.0
USD_SEK,2021-05-26 05:00:00,2021-05-26 21:00:00,-1.0
USD_PLN,2021-05-26 05:00:00,2021-05-26 17:00:00,-1.0
GBP_CHF,2021-05-26 09:00:00,2021-06-15 09:00:00,0.13329442292979393
NZD_JPY,2021-05-26 13:00:00,2021-06-03 17:00:00,-1.0
GBP_CHF,2021-05-27 05:00:00,2021-06-01 01:00:00,-1.0
AUD_USD,2021-05-27 21:00:00,2021-06-03 13:00:00,-1.0
USD_PLN,2021-05-27 21:00:00,2021-06-01 09:00:00,1.0
GBP_USD,2021-05-28 05:00:00,2021-06-15 09:00:00,-1.0
EUR_GBP,2021-05-28 09:00:00,2021-06-17 09:00:00,-0.1620084384251379
GBP_JPY,2021-05-28 09:00:00,2021-06-10 05:00:00,-1.0
EUR_JPY,2021-05-28 09:00:00,2021-06-17 05:00:00,-1.0
USD_PLN,2021-05-28 09:00:00,2021-06-01 05:00:00,1.0
USD_HUF,2021-05-28 09:00:00,2021-06-01 05:00:00,1.0
USD_NOK,2021-05-28 13:00:00,2021-06-01 05:00:00,-1.0
USD_CZK,2021-05-28 13:00:00,2021-06-16 17:00:00,1.0
USD_JPY,2021-05-28 13:00:00,2021-06-17 13:00:00,0.44803846574145534
USD_NOK,2021-05-30 21:00:00,2021-06-01 05:00:00,-1.0
NZD_CHF,2021-05-30 21:00:00,2021-06-03 13:00:00,1.0
NZD_CAD,2021-05-30 21:00:00,2021-06-03 05:00:00,1.0
USD_CHF,2021-05-31 05:00:00,2021-06-16 21:00:00,-1.0
GBP_USD,2021-05-31 05:00:00,2021-06-15 09:00:00,-1.0
USD_PLN,2021-05-31 09:00:00,2021-06-01 13:00:00,1.0
GBP_AUD,2021-05-31 13:00:00,2021-06-18 05:00:00,1.0
GBP_JPY,2021-05-31 13:00:00,2021-06-17 09:00:00,-1.0
NZD_JPY,2021-05-31 17:00:00,2021-06-03 13:00:00,-1.0
NZD_USD,2021-05-31 17:00:00,2021-06-03 09:00:00,-1.0
USD_ZAR,2021-05-31 17:00:00,2021-06-02 13:00:00,1.0
NZD_JPY,2021-06-01 05:00:00,2021-06-03 13:00:00,-1.0
GBP_JPY,2021-06-01 05:00:00,2021-06-17 09:00:00,-1.0
GBP_AUD,2021-06-01 05:00:00,2021-06-20 21:00:00,1.0
EUR_AUD,2021-06-01 05:00:00,2021-06-21 05:00:00,-0.3987770836102618
USD_PLN,2021-06-01 09:00:00,2021-06-04 09:00:00,-1.0
EUR_PLN,2021-06-01 09:00:00,2021-06-14 21:00:00,-1.0
EUR_USD,2021-06-01 13:00:00,2021-06-03 21:00:00,1.0
USD_SEK,2021-06-01 17:00:00,2021-06-16 09:00:00,-1.0
USD_ZAR,2021-06-03 05:00:00,2021-06-04 09:00:00,-1.0
USD_CZK,2021-06-03 09:00:00,2021-06-16 17:00:00,1.0
USD_PLN,2021-06-06 21:00:00,2021-06-11 13:00:00,-1.0
NZD_USD,2021-06-06 21:00:00,2021-06-11 13:00:00,-1.0
USD_CHF,2021-06-06 21:00:00,2021-06-16 17:00:00,-1.0
CAD_CHF,2021-06-06 21:00:00,2021-06-15 09:00:00,1.0
NZD_JPY,2021-06-06 21:00:00,2021-06-16 17:00:00,-1.0
USD_SGD,2021-06-07 01:00:00,2021-06-17 05:00:00,-1.0
GBP_CAD,2021-06-07 09:00:00,2021-06-20 21:00:00,1.0
USD_SEK,2021-06-08 05:00:00,2021-06-16 09:00:00,-1.0
CAD_CHF,2021-06-08 05:00:00,2021-06-28 05:00:00,-0.43990045066254163
EUR_JPY,2021-06-08 09:00:00,2021-06-17 09:00:00,-1.0
GBP_AUD,2021-06-08 13:00:00,2021-06-17 09:00:00,1.0
GBP_CAD,2021-06-08 13:00:00,2021-06-20 21:00:00,1.0
NZD_CHF,2021-06-09 05:00:00,2021-06-15 13:00:00,1.0
GBP_CHF,2021-06-09 05:00:00,2021-06-23 05:00:00,-1.0
EUR_GBP,2021-06-09 05:00:00,2021-06-29 05:00:00,0.06398920327625289
CHF_JPY,2021-06-09 05:00:00,2021-06-17 09:00:00,-1.0
EUR_NOK,2021-06-09 05:00:00,2021-06-16 17:00:00,-1.0
USD_HUF,2021-06-09 17:00:00,2021-06-11 13:00:00,-1.0
AUD_JPY,2021-06-10 05:00:00,2021-06-17 09:00:00,-1.0
USD_HUF,2021-06-10 09:00:00,2021-06-11 13:00:00,-1.0
CAD_JPY,2021-06-10 13:00:00,2021-06-17 13:00:00,-1.0
EUR_JPY,2021-06-10 13:00:00,2021-06-17 09:00:00,-1.0
GBP_USD,2021-06-11 05:00:00,2021-06-16 17:00:00,-1.0
CAD_CHF,2021-06-11 05:00:00,2021-06-23 05:00:00,-1.0
NZD_USD,2021-06-14 05:00:00,2021-06-16 17:00:00,-1.0
EUR_CAD,2021-06-14 05:00:00,2021-07-02 05:00:00,0.09439920677501135
EUR_NOK,2021-06-14 21:00:00,2021-06-16 17:00:00,-1.0
GBP_JPY,2021-06-15 01:00:00,2021-06-17 13:00:00,-1.0
EUR_GBP,2021-06-15 05:00:00,2021-07-05 05:00:00,-0.19798520934024624
GBP_USD,2021-06-15 05:00:00,2021-06-17 09:00:00,-1.0
USD_SEK,2021-06-15 09:00:00,2021-06-16 17:00:00,-1.0
GBP_CAD,2021-06-15 09:00:00,2021-06-20 21:00:00,1.0
USD_ZAR,2021-06-15 09:00:00,2021-06-16 17:00:00,-1.0
AUD_CAD,2021-06-15 13:00:00,2021-07-02 09:00:00,-1.0
GBP_AUD,2021-06-16 09:00:00,2021-06-18 05:00:00,1.0
AUD_CAD,2021-06-18 09:00:00,2021-07-08 09:00:00,0.5432911610293449
USD_JPY,2021-06-18 13:00:00,2021-07-01 05:00:00,1.0
AUD_NZD,2021-06-18 17:00:00,2021-07-06 01:00:00,-1.0
GBP_CHF,2021-06-21 05:00:00,2021-07-08 09:00:00,1.0
GBP_JPY,2021-06-22 05:00:00,2021-06-23 05:00:00,1.0
EUR_NOK,2021-06-22 13:00:00,2021-06-23 05:00:00,1.0
GBP_CAD,2021-06-23 09:00:00,2021-07-08 09:00:00,1.0
USD_JPY,2021-06-23 09:00:00,2021-07-08 09:00:00,-1.0
USD_CHF,2021-06-23 21:00:00,2021-07-13 21:00:00,0.027196675478386403
CHF_JPY,2021-06-23 21:00:00,2021-07-06 21:00:00,-1.0
USD_SEK,2021-06-23 21:00:00,2021-07-01 05:00:00,-1.0
NZD_JPY,2021-06-24 13:00:00,2021-06-29 09:00:00,-1.0
USD_ZAR,2021-06-24 13:00:00,2021-06-25 05:00:00,1.0
NZD_USD,2021-06-24 13:00:00,2021-06-30 05:00:00,-1.0
EUR_JPY,2021-06-24 13:00:00,2021-07-06 13:00:00,-1.0
EUR_NOK,2021-06-24 17:00:00,2021-07-06 13:00:00,-1.0
NZD_JPY,2021-06-24 21:00:00,2021-06-29 05:00:00,-1.0
USD_SEK,2021-06-24 21:00:00,2021-06-30 13:00:00,-1.0
USD_CHF,2021-06-25 05:00:00,2021-07-02 05:00:00,-1.0
AUD_USD,2021-06-25 09:00:00,2021-06-29 09:00:00,-1.0
EUR_AUD,2021-06-25 13:00:00,2021-07-08 05:00:00,-1.0
GBP_CHF,2021-06-27 21:00:00,2021-07-08 09:00:00,1.0
EUR_GBP,2021-06-27 21:00:00,2021-07-15 21:00:00,-0.5393064728424848
AUD_JPY,2021-06-28 01:00:00,2021-06-29 13:00:00,-1.0
EUR_USD,2021-06-28 05:00:00,2021-07-02 09:00:00,1.0
AUD_NZD,2021-06-28 05:00:00,2021-07-15 21:00:00,-1.0
EUR_PLN,2021-06-28 09:00:00,2021-07-08 09:00:00,-1.0
USD_HUF,2021-06-28 09:00:00,2021-07-02 09:00:00,-1.0
USD_PLN,2021-06-28 09:00:00,2021-07-02 05:00:00,-1.0
USD_SGD,2021-06-28 09:00:00,2021-07-14 09:00:00,-1.0
EUR_GBP,2021-06-28 13:00:00,2021-07-16 13:00:00,0.05603025633842704
USD_NOK,2021-06-29 05:00:00,2021-06-30 13:00:00,1.0
USD_NOK,2021-06-29 21:00:00,2021-07-01 09:00:00,1.0
USD_NOK,2021-06-30 09:00:00,2021-07-01 09:00:00,1.0
NZD_CAD,2021-06-30 13:00:00,2021-07-06 09:00:00,-1.0
USD_ZAR,2021-06-30 21:00:00,2021-07-01 13:00:00,-1.0
EUR_USD,2021-07-01 09:00:00,2021-07-21 09:00:00,0.7933630668836337
USD_NOK,2021-07-01 09:00:00,2021-07-06 13:00:00,1.0
CAD_CHF,2021-07-01 09:00:00,2021-07-06 13:00:00,1.0
AUD_JPY,2021-07-01 21:00:00,2021-07-06 05:00:00,1.0
NZD_CAD,2021-07-02 17:00:00,2021-07-06 09:00:00,-1.0
GBP_CHF,2021-07-04 21:00:00,2021-07-08 09:00:00,1.0
EUR_PLN,2021-07-04 21:00:00,2021-07-08 09:00:00,-1.0
USD_ZAR,2021-07-05 13:00:00,2021-07-06 13:00:00,-1.0
GBP_JPY,2021-07-05 17:00:00,2021-07-08 05:00:00,-1.0
USD_PLN,2021-07-05 17:00:00,2021-07-07 13:00:00,-1.0
USD_SEK,2021-07-05 17:00:00,2021-07-13 13:00:00,-1.0
CAD_CHF,2021-07-05 21:00:00,2021-07-06 13:00:00,1.0
AUD_CAD,2021-07-05 21:00:00,2021-07-06 13:00:00,1.0
NZD_CHF,2021-07-07 05:00:00,2021-07-08 05:00:00,1.0
AUD_CAD,2021-07-07 13:00:00,2021-07-21 13:00:00,-1.0
USD_NOK,2021-07-07 17:00:00,2021-07-08 05:00:00,1.0
AUD_CAD,2021-07-08 05:00:00,2021-07-21 13:00:00,-1.0
USD_PLN,2021-07-08 09:00:00,2021-07-13 17:00:00,-1.0
NZD_CHF,2021-07-08 21:00:00,2021-07-14 01:00:00,-1.0
USD_NOK,2021-07-08 21:00:00,2021-07-09 17:00:00,-1.0
GBP_CAD,2021-07-09 13:00:00,2021-07-15 13:00:00,1.0
USD_CHF,2021-07-11 21:00:00,2021-07-29 13:00:00,1.0
USD_ZAR,2021-07-11 21:00:00,2021-07-12 09:00:00,-1.0
USD_SGD,2021-07-12 09:00:00,2021-07-20 05:00:00,-1.0
USD_SEK,2021-07-12 09:00:00,2021-07-15 17:00:00,-1.0
EUR_USD,2021-07-12 13:00:00,2021-07-21 05:00:00,1.0
USD_SGD,2021-07-12 17:00:00,2021-07-20 05:00:00,-1.0
AUD_CAD,2021-07-12 17:00:00,2021-07-19 09:00:00,1.0
AUD_NZD,2021-07-12 17:00:00,2021-07-15 21:00:00,-1.0
GBP_CHF,2021-07-13 09:00:00,2021-07-19 13:00:00,1.0
USD_SGD,2021-07-14 09:00:00,2021-08-03 09:00:00,0.36134893770787796
AUD_CAD,2021-07-14 13:00:00,2021-07-19 09:00:00,1.0
USD_SGD,2021-07-14 21:00:00,2021-07-20 05:00:00,-1.0
GBP_AUD,2021-07-14 21:00:00,2021-07-25 21:00:00,1.0
GBP_AUD,2021-07-15 05:00:00,2021-07-25 21:00:00,1.0
NZD_JPY,2021-07-15 09:00:00,2021-07-19 09:00:00,-1.0
USD_ZAR,2021-07-16 17:00:00,2021-07-20 13:00:00,-1.0
EUR_GBP,2021-07-19 09:00:00,2021-07-20 13:00:00,1.0
GBP_CHF,2021-07-19 09:00:00,2021-07-20 05:00:00,1.0
AUD_CAD,2021-07-19 21:00:00,2021-07-21 13:00:00,-1.0
GBP_CAD,2021-07-20 05:00:00,2021-07-21 13:00:00,-1.0
AUD_JPY,2021-07-20 09:00:00,2021-07-21 13:00:00,1.0
USD_JPY,2021-07-20 09:00:00,2021-07-23 09:00:00,1.0
CAD_JPY,2021-07-20 09:00:00,2021-07-20 17:00:00,1.0
CHF_JPY,2021-07-20 09:00:00,2021-07-21 17:00:00,1.0
EUR_JPY,2021-07-20 09:00:00,2021-07-22 13:00:00,1.000000000000011
EUR_GBP,2021-07-20 21:00:00,2021-07-22 09:00:00,-1.0
GBP_CHF,2021-07-20 21:00:00,2021-07-27 13:00:00,-1.0
NZD_JPY,2021-07-21 01:00:00,2021-07-21 13:00:00,1.0
EUR_GBP,2021-07-21 05:00:00,2021-07-22 09:00:00,-1.0
GBP_CHF,2021-07-21 05:00:00,2021-07-27 13:00:00,-1.0
EUR_USD,2021-07-22 09:00:00,2021-08-11 09:00:00,0.5524159726164207
USD_CZK,2021-07-22 13:00:00,2021-07-29 05:00:00,-1.0
AUD_CAD,2021-07-22 21:00:00,2021-07-30 09:00:00,-1.0
USD_SEK,2021-07-22 21:00:00,2021-07-27 09:00:00,1.0
AUD_JPY,2021-07-22 21:00:00,2021-08-02 13:00:00,-1.0
AUD_USD,2021-07-22 21:00:00,2021-08-11 21:00:00,-0.0013570914815456598
EUR_NOK,2021-07-22 21:00:00,2021-07-25 21:00:00,-1.0
NZD_JPY,2021-07-22 21:00:00,2021-08-05 05:00:00,1.0
EUR_USD,2021-07-23 05:00:00,2021-07-30 05:00:00,-1.0
GBP_CHF,2021-07-23 09:00:00,2021-08-11 21:00:00,-1.0
USD_NOK,2021-07-23 17:00:00,2021-07-25 21:00:00,1.0
CHF_JPY,2021-07-25 21:00:00,2021-08-12 21:00:00,-0.4047402916461953
EUR_GBP,2021-07-25 21:00:00,2021-08-08 21:00:00,-1.0
GBP_CHF,2021-07-25 21:00:00,2021-08-11 17:00:00,-1.0
USD_CHF,2021-07-25 21:00:00,2021-07-28 17:00:00,1.0
CHF_JPY,2021-07-26 13:00:00,2021-08-02 05:00:00,1.0
CAD_JPY,2021-07-26 13:00:00,2021-08-03 13:00:00,-1.0
GBP_JPY,2021-07-27 05:00:00,2021-08-16 05:00:00,-0.5010868922761689
GBP_CAD,2021-07-27 05:00:00,2021-08-16 05:00:00,0.2728631011785564
USD_CZK,2021-07-27 09:00:00,2021-07-29 05:00:00,-1.0
CAD_CHF,2021-07-27 09:00:00,2021-08-03 05:00:00,1.0
AUD_CAD,2021-07-27 13:00:00,2021-07-30 13:00:00,-1.0
AUD_NZD,2021-07-28 01:00:00,2021-08-04 21:00:00,-1.0
EUR_NOK,2021-07-28 09:00:00,2021-07-28 17:00:00,1.0
USD_SEK,2021-07-28 09:00:00,2021-07-29 09:00:00,1.0
USD_CHF,2021-07-28 09:00:00,2021-07-29 13:00:00,1.0
NZD_JPY,2021-07-28 09:00:00,2021-08-04 01:00:00,1.0
USD_PLN,2021-07-28 09:00:00,2021-07-29 05:00:00,1.0
USD_SEK,2021-07-28 17:00:00,2021-07-29 09:00:00,1.0
AUD_USD,2021-07-28 17:00:00,2021-07-29 05:00:00,1.0
EUR_JPY,2021-07-28 17:00:00,2021-08-16 13:00:00,-1.0
USD_SGD,2021-07-28 17:00:00,2021-08-04 09:00:00,1.0
USD_PLN,2021-07-28 17:00:00,2021-07-29 05:00:00,1.0
USD_CAD,2021-07-28 17:00:00,2021-07-29 05:00:00,1.0
NZD_CAD,2021-07-28 17:00:00,2021-08-03 21:00:00,-1.0
GBP_USD,2021-07-28 17:00:00,2021-07-30 09:00:00,1.0
EUR_PLN,2021-07-29 09:00:00,2021-08-03 09:00:00,1.0
EUR_GBP,2021-07-29 13:00:00,2021-08-18 13:00:00,0.09293461638001556
EUR_GBP,2021-07-29 21:00:00,2021-08-18 21:00:00,0.01057815493471331
AUD_USD,2021-07-30 05:00:00,2021-08-17 01:00:00,-1.0
EUR_GBP,2021-07-30 09:00:00,2021-08-19 09:00:00,0.4641052755257887
CAD_CHF,2021-07-30 09:00:00,2021-08-03 09:00:00,1.0
GBP_AUD,2021-08-01 21:00:00,2021-08-19 05:00:00,1.0
NZD_CHF,2021-08-02 05:00:00,2021-08-04 01:00:00,-1.0
NZD_JPY,2021-08-02 09:00:00,2021-08-04 05:00:00,1.0
GBP_CAD,2021-08-02 09:00:00,2021-08-20 01:00:00,1.0
USD_PLN,2021-08-02 17:00:00,2021-08-06 13:00:00,-1.0
NZD_JPY,2021-08-02 21:00:00,2021-08-03 21:00:00,1.0
EUR_USD,2021-08-04 01:00:00,2021-08-08 21:00:00,1.0
USD_CHF,2021-08-04 05:00:00,2021-08-06 13:00:00,-1.0
USD_PLN,2021-08-04 05:00:00,2021-08-06 13:00:00,-1.0
EUR_USD,2021-08-04 09:00:00,2021-08-06 13:00:00,1.0
USD_CZK,2021-08-04 09:00:00,2021-08-06 13:00:00,1.0
USD_JPY,2021-08-04 09:00:00,2021-08-06 09:00:00,1.0
CHF_JPY,2021-08-05 09:00:00,2021-08-12 13:00:00,-1.0
GBP_JPY,2021-08-05 09:00:00,2021-08-17 05:00:00,-1.0
GBP_CAD,2021-08-05 09:00:00,2021-08-20 05:00:00,1.0
GBP_AUD,2021-08-05 09:00:00,2021-08-18 01:00:00,1.0
EUR_JPY,2021-08-06 01:00:00,2021-08-16 13:00:00,-1.0
USD_NOK,2021-08-06 09:00:00,2021-08-08 21:00:00,1.0
AUD_CAD,2021-08-09 05:00:00,2021-08-18 13:00:00,-1.0
NZD_JPY,2021-08-09 05:00:00,2021-08-11 13:00:00,1.0
EUR_USD,2021-08-09 09:00:00,2021-08-27 09:00:00,0.08838051209709523
NZD_CHF,2021-08-09 21:00:00,2021-08-17 01:00:00,1.0
EUR_USD,2021-08-11 01:00:00,2021-08-31 01:00:00,-0.7957559681697642
USD_ZAR,2021-08-12 01:00:00,2021-08-13 05:00:00,-1.0
GBP_JPY,2021-08-12 05:00:00,2021-08-16 05:00:00,-1.0
EUR_PLN,2021-08-13 09:00:00,2021-08-31 09:00:00,1.0
USD_PLN,2021-08-13 09:00:00,2021-08-31 01:00:00,1.0
EUR_GBP,2021-08-13 17:00:00,2021-08-20 13:00:00,1.0
USD_SEK,2021-08-16 05:00:00,2021-08-17 13:00:00,-1.0
USD_NOK,2021-08-16 21:00:00,2021-08-17 13:00:00,1.0
GBP_CAD,2021-08-17 01:00:00,2021-08-20 05:00:00,1.0
GBP_AUD,2021-08-17 17:00:00,2021-08-19 05:00:00,1.0
EUR_GBP,2021-08-17 17:00:00,2021-09-06 17:00:00,0.6244058168331326
USD_ZAR,2021-08-18 05:00:00,2021-08-19 05:00:00,-1.0
EUR_GBP,2021-08-18 05:00:00,2021-09-07 05:00:00,0.898171955901517
CAD_CHF,2021-08-18 09:00:00,2021-08-19 05:00:00,1.0
USD_NOK,2021-08-18 09:00:00,2021-08-19 05:00:00,1.0
USD_NOK,2021-08-18 17:00:00,2021-08-19 05:00:00,1.0
NZD_CHF,2021-08-18 21:00:00,2021-08-19 05:00:00,1.0
USD_SEK,2021-08-18 21:00:00,2021-08-20 05:00:00,-1.0
NZD_CHF,2021-08-19 21:00:00,2021-08-24 21:00:00,-1.0
GBP_AUD,2021-08-19 21:00:00,2021-08-27 13:00:00,-1.0
USD_SGD,2021-08-20 01:00:00,2021-08-27 05:00:00,1.0
EUR_GBP,2021-08-20 13:00:00,2021-09-09 13:00:00,-0.36294887205761234
GBP_CHF,2021-08-20 13:00:00,2021-08-30 17:00:00,-1.0
NZD_CHF,2021-08-22 21:00:00,2021-08-24 09:00:00,-1.0
EUR_GBP,2021-08-23 05:00:00,2021-09-10 05:00:00,-0.44087288165245636
USD_PLN,2021-08-23 05:00:00,2021-08-27 13:00:00,1.0
EUR_JPY,2021-08-24 05:00:00,2021-08-31 09:00:00,1.0
GBP_USD,2021-08-24 05:00:00,2021-09-03 09:00:00,1.0
GBP_JPY,2021-08-24 05:00:00,2021-09-02 13:00:00,1.0
EUR_USD,2021-08-24 09:00:00,2021-09-02 13:00:00,-1.0
USD_CZK,2021-08-24 09:00:00,2021-08-31 17:00:00,-1.0
CAD_JPY,2021-08-24 09:00:00,2021-09-01 05:00:00,1.0
EUR_GBP,2021-08-24 21:00:00,2021-09-13 21:00:00,-0.26887062646855553
USD_PLN,2021-08-24 21:00:00,2021-08-31 01:00:00,1.0
GBP_USD,2021-08-25 09:00:00,2021-09-02 21:00:00,1.0
GBP_CAD,2021-08-25 09:00:00,2021-09-08 05:00:00,1.0
EUR_PLN,2021-08-25 09:00:00,2021-08-31 09:00:00,1.0
USD_PLN,2021-08-25 09:00:00,2021-08-31 01:00:00,1.0
USD_HUF,2021-08-25 09:00:00,2021-09-01 13:00:00,1.0
USD_SEK,2021-08-25 09:00:00,2021-08-30 01:00:00,1.0
AUD_CAD,2021-08-26 05:00:00,2021-09-01 01:00:00,1.0
EUR_USD,2021-08-26 09:00:00,2021-09-03 09:00:00,-1.0
GBP_CHF,2021-08-26 13:00:00,2021-09-09 13:00:00,-1.0
CAD_CHF,2021-08-26 13:00:00,2021-09-15 13:00:00,-0.008246855886186387
GBP_CAD,2021-08-27 05:00:00,2021-09-09 09:00:00,1.0
EUR_CAD,2021-08-27 09:00:00,2021-09-16 09:00:00,0.4421755034771149
USD_CHF,2021-08-27 13:00:00,2021-09-16 13:00:00,-0.8307293651398509
USD_PLN,2021-08-27 13:00:00,2021-08-31 01:00:00,1.0
USD_ZAR,2021-08-27 13:00:00,2021-08-27 17:00:00,1.0
USD_SEK,2021-08-27 13:00:00,2021-08-27 17:00:00,1.0
USD_CZK,2021-08-29 21:00:00,2021-09-01 13:00:00,-1.0
GBP_CAD,2021-08-30 05:00:00,2021-09-09 09:00:00,1.0
NZD_CHF,2021-08-30 05:00:00,2021-08-30 21:00:00,-1.0
EUR_PLN,2021-08-30 21:00:00,2021-08-31 09:00:00,1.0
EUR_AUD,2021-08-31 09:00:00,2021-09-03 05:00:00,1.0
USD_SGD,2021-09-02 01:00:00,2021-09-22 01:00:00,-0.48680787811223025
EUR_NOK,2021-09-02 09:00:00,2021-09-10 09:00:00,1.0
USD_CHF,2021-09-02 09:00:00,2021-09-16 09:00:00,-1.0
GBP_JPY,2021-09-03 01:00:00,2021-09-20 05:00:00,-1.0
AUD_JPY,2021-09-03 01:00:00,2021-09-14 13:00:00,-1.0
USD_SGD,2021-09-03 01:00:00,2021-09-23 01:00:00,-0.6149951604497024
GBP_USD,2021-09-03 09:00:00,2021-09-20 05:00:00,-1.0
USD_SGD,2021-09-03 09:00:00,2021-09-23 09:00:00,-0.3849504478678895
USD_CHF,2021-09-03 09:00:00,2021-09-13 09:00:00,-1.0
USD_SGD,2021-09-05 21:00:00,2021-09-23 21:00:00,-0.433413015794997
AUD_NZD,2021-09-05 21:00:00,2021-09-14 09:00:00,-1.0
AUD_JPY,2021-09-05 21:00:00,2021-09-09 17:00:00,-1.0
AUD_CAD,2021-09-05 21:00:00,2021-09-16 21:00:00,-1.0
AUD_USD,2021-09-05 21:00:00,2021-09-08 05:00:00,-1.0
AUD_USD,2021-09-06 09:00:00,2021-09-08 05:00:00,-1.0
USD_SGD,2021-09-06 09:00:00,2021-09-24 09:00:00,-0.9063286614337361
USD_SGD,2021-09-06 17:00:00,2021-09-24 17:00:00,-0.851041651154832
AUD_JPY,2021-09-06 17:00:00,2021-09-09 17:00:00,-1.0
AUD_NZD,2021-09-07 05:00:00,2021-09-14 05:00:00,-1.0
GBP_CAD,2021-09-07 09:00:00,2021-09-08 13:00:00,1.0
NZD_JPY,2021-09-07 21:00:00,2021-09-17 13:00:00,-1.0
CAD_CHF,2021-09-07 21:00:00,2021-09-20 09:00:00,1.0
NZD_CHF,2021-09-08 09:00:00,2021-09-21 13:00:00,1.0
GBP_CHF,2021-09-08 09:00:00,2021-09-16 09:00:00,-1.0
NZD_CHF,2021-09-08 17:00:00,2021-09-21 13:00:00,1.0
CHF_JPY,2021-09-09 13:00:00,2021-09-16 09:00:00,-1.0
USD_CZK,2021-09-10 05:00:00,2021-09-20 05:00:00,1.0
USD_NOK,2021-09-10 13:00:00,2021-09-13 05:00:00,1.0
USD_HUF,2021-09-10 13:00:00,2021-09-17 13:00:00,-1.0
GBP_AUD,2021-09-13 05:00:00,2021-10-01 05:00:00,-0.7730723770378396
USD_NOK,2021-09-13 05:00:00,2021-09-15 09:00:00,-1.0
EUR_JPY,2021-09-13 09:00:00,2021-09-20 09:00:00,-1.0
EUR_GBP,2021-09-13 09:00:00,2021-09-22 09:00:00,1.0
USD_PLN,2021-09-13 09:00:00,2021-09-16 13:00:00,-1.0
GBP_USD,2021-09-13 13:00:00,2021-09-20 05:00:00,-1.0
USD_HUF,2021-09-13 17:00:00,2021-09-17 13:00:00,-1.0
USD_PLN,2021-09-14 05:00:00,2021-09-16 09:00:00,-1.0
CAD_CHF,2021-09-14 13:00:00,2021-09-15 09:00:00,1.0
GBP_AUD,2021-09-15 01:00:00,2021-09-29 05:00:00,-1.0
NZD_CAD,2021-09-15 17:00:00,2021-09-23 05:00:00,1.0
USD_CHF,2021-09-15 21:00:00,2021-09-17 13:00:00,-1.0
CAD_JPY,2021-09-16 13:00:00,2021-09-20 05:00:00,-1.0
AUD_JPY,2021-09-16 21:00:00,2021-09-20 09:00:00,-1.0
EUR_USD,2021-09-17 01:00:00,2021-09-29 09:00:00,1.0
EUR_GBP,2021-09-19 21:00:00,2021-09-22 09:00:00,1.0
GBP_CAD,2021-09-20 05:00:00,2021-09-23 05:00:00,-1.0
GBP_AUD,2021-09-20 05:00:00,2021-09-28 09:00:00,-1.0
AUD_USD,2021-09-20 09:00:00,2021-09-23 13:00:00,1.0
NZD_CAD,2021-09-20 17:00:00,2021-09-22 21:00:00,1.0
USD_ZAR,2021-09-20 21:00:00,2021-09-21 05:00:00,1.0
AUD_CAD,2021-09-20 21:00:00,2021-09-24 17:00:00,-1.0
EUR_NOK,2021-09-20 21:00:00,2021-09-22 05:00:00,1.0
NZD_USD,2021-09-20 21:00:00,2021-09-23 13:00:00,1.0
USD_SEK,2021-09-21 05:00:00,2021-09-29 13:00:00,-1.0
USD_CHF,2021-09-21 05:00:00,2021-10-11 05:00:00,0.16914640321485558
USD_HUF,2021-09-21 09:00:00,2021-09-24 09:00:00,-1.0
EUR_USD,2021-09-22 13:00:00,2021-09-29 13:00:00,1.0
EUR_PLN,2021-09-22 17:00:00,2021-10-01 05:00:00,1.0
USD_SGD,2021-09-22 17:00:00,2021-10-12 17:00:00,-0.35204496708822086
USD_JPY,2021-09-23 09:00:00,2021-09-27 05:00:00,1.0
USD_PLN,2021-09-23 17:00:00,2021-09-28 13:00:00,-1.0
USD_SGD,2021-09-24 01:00:00,2021-09-29 17:00:00,-1.0
AUD_NZD,2021-09-24 17:00:00,2021-09-28 09:00:00,1.0
NZD_CHF,2021-09-26 21:00:00,2021-09-29 09:00:00,1.0
GBP_AUD,2021-09-26 21:00:00,2021-09-30 21:00:00,-1.0
AUD_JPY,2021-09-27 09:00:00,2021-09-28 01:00:00,1.0
NZD_USD,2021-09-28 05:00:00,2021-09-29 09:00:00,-1.0
EUR_CAD,2021-09-28 05:00:00,2021-10-04 13:00:00,1.0
NZD_JPY,2021-09-28 05:00:00,2021-09-29 13:00:00,-1.0
GBP_USD,2021-09-28 05:00:00,2021-09-28 09:00:00,-1.0
USD_CAD,2021-09-28 05:00:00,2021-09-29 13:00:00,-1.0
EUR_AUD,2021-09-28 05:00:00,2021-10-05 09:00:00,1.0
CHF_JPY,2021-09-28 05:00:00,2021-10-08 17:00:00,1.0
AUD_USD,2021-09-28 05:00:00,2021-09-29 13:00:00,-1.0
USD_JPY,2021-09-29 01:00:00,2021-10-11 01:00:00,1.0
CAD_CHF,2021-09-29 05:00:00,2021-10-07 17:00:00,-1.0
USD_NOK,2021-09-30 09:00:00,2021-10-01 09:00:00,-1.0
CAD_CHF,2021-09-30 13:00:00,2021-10-08 13:00:00,-1.0
AUD_CAD,2021-09-30 13:00:00,2021-10-20 01:00:00,1.0
EUR_PLN,2021-09-30 21:00:00,2021-10-04 05:00:00,1.0
EUR_AUD,2021-10-01 01:00:00,2021-10-06 17:00:00,1.0
GBP_CHF,2021-10-01 05:00:00,2021-10-15 09:00:00,-1.0
USD_SEK,2021-10-01 05:00:00,2021-10-13 17:00:00,1.0
EUR_JPY,2021-10-01 13:00:00,2021-10-08 17:00:00,0.9999999999999889
AUD_USD,2021-10-04 01:00:00,2021-10-08 09:00:00,1.0
EUR_USD,2021-10-04 05:00:00,2021-10-22 05:00:00,-0.3205597731953601
NZD_CHF,2021-10-04 09:00:00,2021-10-06 05:00:00,1.0
USD_JPY,2021-10-04 09:00:00,2021-10-08 13:00:00,1.0
GBP_CHF,2021-10-04 09:00:00,2021-10-17 21:00:00,-1.0
NZD_CAD,2021-10-04 17:00:00,2021-10-06 05:00:00,1.0
NZD_JPY,2021-10-04 21:00:00,2021-10-06 01:00:00,1.0
AUD_JPY,2021-10-05 05:00:00,2021-10-07 13:00:00,1.0
EUR_USD,2021-10-05 21:00:00,2021-10-25 21:00:00,0.03703990834777468
AUD_JPY,2021-10-06 01:00:00,2021-10-08 13:00:00,1.0
NZD_JPY,2021-10-06 01:00:00,2021-10-06 09:00:00,-1.0
USD_PLN,2021-10-06 13:00:00,2021-10-06 17:00:00,1.000000000000011
USD_NOK,2021-10-06 17:00:00,2021-10-13 17:00:00,-1.0
AUD_CAD,2021-10-06 21:00:00,2021-10-19 13:00:00,1.0
CAD_CHF,2021-10-07 05:00:00,2021-10-11 05:00:00,-1.0
USD_NOK,2021-10-07 21:00:00,2021-10-14 05:00:00,-1.0
AUD_CAD,2021-10-08 01:00:00,2021-10-20 13:00:00,1.0
USD_SEK,2021-10-08 01:00:00,2021-10-13 13:00:00,1.0
EUR_GBP,2021-10-08 09:00:00,2021-10-28 09:00:00,-0.3947818093969925
USD_ZAR,2021-10-10 21:00:00,2021-10-13 13:00:00,1.0
EUR_NOK,2021-10-10 21:00:00,2021-10-14 05:00:00,1.0
NZD_USD,2021-10-11 17:00:00,2021-10-14 05:00:00,1.0
CAD_CHF,2021-10-11 21:00:00,2021-10-29 09:00:00,1.0
USD_NOK,2021-10-11 21:00:00,2021-10-14 05:00:00,-1.0
NZD_JPY,2021-10-12 05:00:00,2021-10-14 01:00:00,1.0
AUD_JPY,2021-10-12 05:00:00,2021-10-14 01:00:00,1.0
USD_SEK,2021-10-12 09:00:00,2021-10-13 21:00:00,1.0
NZD_CAD,2021-10-12 17:00:00,2021-10-15 13:00:00,-1.0
GBP_USD,2021-10-12 21:00:00,2021-10-14 05:00:00,1.0
NZD_USD,2021-10-13 09:00:00,2021-10-14 05:00:00,1.0
AUD_USD,2021-10-13 09:00:00,2021-10-14 05:00:00,1.0
EUR_AUD,2021-10-13 09:00:00,2021-10-19 05:00:00,1.0
USD_HUF,2021-10-13 09:00:00,2021-10-14 05:00:00,1.0
NZD_CHF,2021-10-13 21:00:00,2021-10-14 21:00:00,-1.0
USD_JPY,2021-10-14 05:00:00,2021-10-19 21:00:00,1.0
USD_PLN,2021-10-14 21:00:00,2021-10-26 05:00:00,-1.0
USD_SGD,2021-10-14 21:00:00,2021-11-03 21:00:00,0.1207783162168981
EUR_NOK,2021-10-14 21:00:00,2021-10-19 13:00:00,1.0
USD_SEK,2021-10-14 21:00:00,2021-10-27 17:00:00,1.0
USD_SGD,2021-10-15 09:00:00,2021-11-04 09:00:00,-0.18310537825716183
EUR_CAD,2021-10-15 09:00:00,2021-11-04 09:00:00,-0.1637961678666827
USD_SGD,2021-10-15 17:00:00,2021-11-04 17:00:00,-0.1615916031665909
GBP_USD,2021-10-18 13:00:00,2021-11-04 09:00:00,-1.0
GBP_JPY,2021-10-18 13:00:00,2021-11-02 01:00:00,-1.0
EUR_NOK,2021-10-18 21:00:00,2021-10-20 17:00:00,1.0
EUR_GBP,2021-10-19 05:00:00,2021-11-04 09:00:00,1.0
EUR_CAD,2021-10-19 09:00:00,2021-11-08 10:00:00,-0.19604707910707098
USD_CAD,2021-10-19 09:00:00,2021-11-05 09:00:00,-1.0
CHF_JPY,2021-10-19 13:00:00,2021-11-01 09:00:00,1.0
USD_SEK,2021-10-19 17:00:00,2021-10-28 13:00:00,1.0
GBP_CAD,2021-10-19 21:00:00,2021-11-04 09:00:00,-1.0
EUR_PLN,2021-10-20 09:00:00,2021-10-28 09:00:00,-1.0
NZD_CHF,2021-10-20 21:00:00,2021-10-22 09:00:00,1.0
USD_SGD,2021-10-21 01:00:00,2021-11-10 02:00:00,-0.31256279163224393
GBP_CHF,2021-10-21 05:00:00,2021-10-27 13:00:00,1.0
GBP_CAD,2021-10-21 09:00:00,2021-11-04 09:00:00,-1.0
CHF_JPY,2021-10-21 13:00:00,2021-11-01 13:00:00,1.0
USD_CZK,2021-10-21 21:00:00,2021-11-05 13:00:00,-1.0
GBP_CHF,2021-10-22 09:00:00,2021-10-29 13:00:00,1.0
EUR_GBP,2021-10-22 09:00:00,2021-11-02 09:00:00,1.0
EUR_PLN,2021-10-22 13:00:00,2021-11-05 05:00:00,-1.0
USD_SEK,2021-10-24 21:00:00,2021-11-10 14:00:00,-1.0
EUR_CAD,2021-10-25 13:00:00,2021-11-12 14:00:00,0.04448584099092055
EUR_NOK,2021-10-25 21:00:00,2021-10-27 21:00:00,-1.0
EUR_NOK,2021-10-26 05:00:00,2021-10-27 21:00:00,-1.0
EUR_AUD,2021-10-26 05:00:00,2021-11-05 01:00:00,-1.0
USD_NOK,2021-10-26 09:00:00,2021-10-27 09:00:00,1.0
AUD_USD,2021-10-26 13:00:00,2021-11-02 13:00:00,-1.0
CAD_CHF,2021-10-26 13:00:00,2021-10-28 21:00:00,1.0
EUR_JPY,2021-10-26 21:00:00,2021-11-05 13:00:00,-1.0
AUD_CAD,2021-10-26 21:00:00,2021-11-05 09:00:00,-1.0
AUD_JPY,2021-10-26 21:00:00,2021-11-02 09:00:00,-1.0
USD_CHF,2021-10-27 09:00:00,2021-10-29 05:00:00,1.0
GBP_CHF,2021-10-28 01:00:00,2021-11-01 09:00:00,1.0
USD_CHF,2021-10-28 05:00:00,2021-11-01 17:00:00,1.0
USD_SEK,2021-10-28 05:00:00,2021-10-28 21:00:00,1.0
CHF_JPY,2021-10-28 09:00:00,2021-10-29 09:00:00,1.0
NZD_CHF,2021-10-28 09:00:00,2021-10-29 01:00:00,1.0
GBP_CHF,2021-10-29 09:00:00,2021-11-01 13:00:00,1.0
USD_JPY,2021-11-01 01:00:00,2021-11-09 02:00:00,-1.0
USD_PLN,2021-11-01 09:00:00,2021-11-03 09:00:00,0.9999999999999889
USD_CHF,2021-11-02 05:00:00,2021-11-11 06:00:00,-1.0
USD_ZAR,2021-11-02 09:00:00,2021-11-03 17:00:00,1.0
GBP_CAD,2021-11-02 13:00:00,2021-11-05 09:00:00,-1.0
GBP_AUD,2021-11-03 05:00:00,2021-11-17 14:00:00,1.0
NZD_CHF,2021-11-03 05:00:00,2021-11-23 06:00:00,1.0
USD_ZAR,2021-11-03 09:00:00,2021-11-03 17:00:00,1.0
AUD_JPY,2021-11-03 09:00:00,2021-11-07 22:00:00,-1.0
USD_SGD,2021-11-03 13:00:00,2021-11-22 14:00:00,-1.0
USD_HUF,2021-11-03 17:00:00,2021-11-08 14:00:00,-1.0
USD_JPY,2021-11-03 17:00:00,2021-11-09 02:00:00,-1.0
GBP_CHF,2021-11-05 05:00:00,2021-11-16 06:00:00,-1.0
CAD_CHF,2021-11-05 05:00:00,2021-11-16 06:00:00,-1.0
NZD_JPY,2021-11-05 13:00:00,2021-11-08 10:00:00,1.0
AUD_USD,2021-11-08 06:00:00,2021-11-11 02:00:00,-1.0
GBP_AUD,2021-11-08 22:00:00,2021-11-16 22:00:00,1.0
USD_PLN,2021-11-09 06:00:00,2021-11-10 14:00:00,-1.0
USD_CHF,2021-11-09 06:00:00,2021-11-12 02:00:00,-1.0
GBP_CAD,2021-11-09 06:00:00,2021-11-18 14:00:00,1.0
NZD_CHF,2021-11-09 10:00:00,2021-11-10 10:00:00,1.0
USD_CZK,2021-11-09 14:00:00,2021-11-10 18:00:00,1.0
NZD_CHF,2021-11-10 14:00:00,2021-11-24 14:00:00,1.0
EUR_JPY,2021-11-10 18:00:00,2021-11-15 14:00:00,-1.0
NZD_JPY,2021-11-11 02:00:00,2021-11-19 10:00:00,-1.0
AUD_JPY,2021-11-11 02:00:00,2021-11-19 10:00:00,-1.0
EUR_USD,2021-11-11 06:00:00,2021-11-15 18:00:00,1.0
EUR_GBP,2021-11-11 10:00:00,2021-11-16 06:00:00,-1.0
USD_JPY,2021-11-11 10:00:00,2021-11-23 02:00:00,1.0
USD_NOK,2021-11-11 22:00:00,2021-11-16 18:00:00,1.0
USD_ZAR,2021-11-11 22:00:00,2021-11-15 06:00:00,1.0
AUD_JPY,2021-11-12 06:00:00,2021-11-15 22:00:00,1.0
GBP_JPY,2021-11-12 10:00:00,2021-11-16 18:00:00,1.0
AUD_NZD,2021-11-15 18:00:00,2021-11-17 22:00:00,-1.0
EUR_NOK,2021-11-15 22:00:00,2021-11-18 14:00:00,-1.0
NZD_JPY,2021-11-15 22:00:00,2021-11-23 06:00:00,-1.0
AUD_JPY,2021-11-16 02:00:00,2021-11-17 14:00:00,-1.0
USD_CAD,2021-11-16 02:00:00,2021-11-18 14:00:00,-1.0
NZD_JPY,2021-11-16 14:00:00,2021-11-24 02:00:00,-1.0
GBP_USD,2021-11-16 22:00:00,2021-11-26 06:00:00,-1.0
USD_CZK,2021-11-17 06:00:00,2021-11-19 10:00:00,1.0
USD_SGD,2021-11-17 10:00:00,2021-11-26 02:00:00,-1.0
GBP_USD,2021-11-17 10:00:00,2021-11-26 06:00:00,-1.0
USD_ZAR,2021-11-17 22:00:00,2021-11-18 10:00:00,-1.0
AUD_CAD,2021-11-17 22:00:00,2021-12-03 02:00:00,-1.0
USD_CHF,2021-11-19 06:00:00,2021-11-24 10:00:00,-1.0
GBP_CHF,2021-11-19 06:00:00,2021-11-26 06:00:00,1.0
EUR_JPY,2021-11-22 02:00:00,2021-12-10 02:00:00,-0.34993584509505715
GBP_USD,2021-11-22 06:00:00,2021-11-26 06:00:00,-1.0
USD_SEK,2021-11-22 06:00:00,2021-11-23 18:00:00,-1.0
NZD_CAD,2021-11-22 10:00:00,2021-11-23 22:00:00,1.0
USD_CZK,2021-11-22 10:00:00,2021-11-24 06:00:00,1.0
EUR_JPY,2021-11-22 10:00:00,2021-12-10 10:00:00,-0.298660693452808
USD_NOK,2021-11-22 14:00:00,2021-11-24 14:00:00,1.0
EUR_JPY,2021-11-23 06:00:00,2021-11-29 02:00:00,-1.0
GBP_JPY,2021-11-23 06:00:00,2021-11-26 06:00:00,-1.0
GBP_AUD,2021-11-23 06:00:00,2021-11-26 14:00:00,1.0
CHF_JPY,2021-11-23 06:00:00,2021-12-13 06:00:00,-0.17702708189531866
NZD_CAD,2021-11-23 06:00:00,2021-11-24 10:00:00,1.0
EUR_USD,2021-11-23 06:00:00,2021-11-30 06:00:00,-1.0
USD_JPY,2021-11-23 06:00:00,2021-11-26 06:00:00,-1.0
USD_SGD,2021-11-23 10:00:00,2021-12-13 10:00:00,-0.0336503291879958
USD_PLN,2021-11-23 10:00:00,2021-11-29 14:00:00,1.0
USD_ZAR,2021-11-23 10:00:00,2021-11-25 22:00:00,-1.0
NZD_CAD,2021-11-23 22:00:00,2021-11-24 10:00:00,1.0
USD_SGD,2021-11-24 06:00:00,2021-12-14 06:00:00,-0.08996554977728466
USD_ZAR,2021-11-24 06:00:00,2021-11-25 22:00:00,-1.0
AUD_JPY,2021-11-24 10:00:00,2021-11-26 02:00:00,-1.0
USD_HUF,2021-11-24 10:00:00,2021-11-25 14:00:00,1.0
GBP_JPY,2021-11-25 06:00:00,2021-11-26 06:00:00,-1.0
GBP_CAD,2021-11-25 10:00:00,2021-11-26 10:00:00,1.0
USD_CHF,2021-11-25 10:00:00,2021-11-26 14:00:00,1.0
GBP_CHF,2021-11-25 22:00:00,2021-11-26 06:00:00,1.0
USD_NOK,2021-11-25 22:00:00,2021-11-26 06:00:00,1.0
USD_NOK,2021-11-26 18:00:00,2021-11-29 10:00:00,1.0
USD_HUF,2021-11-28 22:00:00,2021-11-30 06:00:00,1.0
EUR_PLN,2021-11-29 10:00:00,2021-11-30 10:00:00,1.0
USD_PLN,2021-11-29 10:00:00,2021-11-30 02:00:00,1.0
GBP_CHF,2021-11-29 10:00:00,2021-11-30 14:00:00,1.0
CHF_JPY,2021-11-30 02:00:00,2021-12-16 10:00:00,1.0
EUR_JPY,2021-11-30 02:00:00,2021-12-16 10:00:00,1.0
GBP_JPY,2021-11-30 10:00:00,2021-12-16 10:00:00,1.0
USD_CAD,2021-11-30 14:00:00,2021-12-07 10:00:00,1.0
GBP_CHF,2021-11-30 14:00:00,2021-12-03 14:00:00,1.0
USD_PLN,2021-11-30 22:00:00,2021-12-01 10:00:00,1.0
USD_CHF,2021-11-30 22:00:00,2021-12-20 22:00:00,-0.12275003530421004
CHF_JPY,2021-11-30 22:00:00,2021-12-20 22:00:00,0.3940341279145583
AUD_CAD,2021-11-30 22:00:00,2021-12-03 14:00:00,-1.0
GBP_USD,2021-12-01 06:00:00,2021-12-08 10:00:00,-1.0
USD_SEK,2021-12-01 06:00:00,2021-12-03 06:00:00,-1.0
USD_ZAR,2021-12-01 06:00:00,2021-12-01 18:00:00,-1.0
USD_CAD,2021-12-01 06:00:00,2021-12-08 06:00:00,1.0
CAD_CHF,2021-12-01 10:00:00,2021-12-02 10:00:00,1.0
EUR_GBP,2021-12-01 10:00:00,2021-12-08 14:00:00,1.0
GBP_CHF,2021-12-01 10:00:00,2021-12-03 18:00:00,1.0
GBP_CAD,2021-12-01 14:00:00,2021-12-07 10:00:00,-1.0
EUR_NOK,2021-12-02 10:00:00,2021-12-05 22:00:00,-1.0
CHF_JPY,2021-12-02 10:00:00,2021-12-22 10:00:00,0.8700327484236715
GBP_JPY,2021-12-02 10:00:00,2021-12-16 06:00:00,1.0
EUR_NOK,2021-12-03 06:00:00,2021-12-07 06:00:00,1.0
GBP_AUD,2021-12-03 10:00:00,2021-12-07 14:00:00,-1.0
NZD_CAD,2021-12-03 10:00:00,2021-12-06 14:00:00,1.0
CAD_CHF,2021-12-03 10:00:00,2021-12-07 02:00:00,-1.0
USD_NOK,2021-12-03 10:00:00,2021-12-03 14:00:00,1.0
USD_CHF,2021-12-03 14:00:00,2021-12-23 14:00:00,0.34530311750079595
USD_PLN,2021-12-05 22:00:00,2021-12-13 22:00:00,-1.0
NZD_USD,2021-12-06 14:00:00,2021-12-08 14:00:00,1.0
USD_SGD,2021-12-06 22:00:00,2021-12-24 06:00:00,1.0
USD_ZAR,2021-12-07 06:00:00,2021-12-08 06:00:00,1.0
GBP_USD,2021-12-07 06:00:00,2021-12-23 06:00:00,1.0
EUR_GBP,2021-12-07 10:00:00,2021-12-08 14:00:00,1.0
NZD_JPY,2021-12-08 06:00:00,2021-12-16 06:00:00,1.0
NZD_USD,2021-12-08 06:00:00,2021-12-15 18:00:00,-1.0
AUD_USD,2021-12-08 06:00:00,2021-12-16 06:00:00,1.0
AUD_JPY,2021-12-08 06:00:00,2021-12-08 14:00:00,1.0
CAD_CHF,2021-12-08 14:00:00,2021-12-10 14:00:00,1.0
USD_CHF,2021-12-09 06:00:00,2021-12-29 06:00:00,0.2463161092905657
AUD_USD,2021-12-09 06:00:00,2021-12-20 06:00:00,-1.0
USD_NOK,2021-12-09 22:00:00,2021-12-13 14:00:00,1.0
GBP_AUD,2021-12-10 06:00:00,2021-12-30 06:00:00,0.3908406864071899
CHF_JPY,2021-12-10 10:00:00,2021-12-16 14:00:00,1.0
AUD_CAD,2021-12-10 10:00:00,2021-12-15 06:00:00,1.0
NZD_JPY,2021-12-10 10:00:00,2021-12-16 06:00:00,1.0
USD_CHF,2021-12-10 10:00:00,2021-12-28 10:00:00,1.0
EUR_AUD,2021-12-10 14:00:00,2021-12-23 10:00:00,1.0
GBP_CHF,2021-12-10 18:00:00,2021-12-16 10:00:00,-1.0
USD_ZAR,2021-12-12 22:00:00,2021-12-14 14:00:00,-1.0
EUR_USD,2021-12-14 06:00:00,2022-01-03 06:00:00,-0.602596481899968
NZD_CAD,2021-12-14 06:00:00,2021-12-21 10:00:00,-1.0
GBP_AUD,2021-12-14 14:00:00,2022-01-03 14:00:00,0.8578187049739542
EUR_PLN,2021-12-15 10:00:00,2021-12-30 06:00:00,1.0
CHF_JPY,2021-12-15 14:00:00,2021-12-22 22:00:00,1.0
USD_PLN,2021-12-16 10:00:00,2021-12-28 06:00:00,1.0
USD_CHF,2021-12-16 10:00:00,2021-12-28 10:00:00,1.0
USD_SEK,2021-12-16 22:00:00,2021-12-17 18:00:00,-1.0
USD_SGD,2021-12-16 22:00:00,2021-12-29 22:00:00,1.0
CHF_JPY,2021-12-16 22:00:00,2021-12-23 14:00:00,1.0
USD_CHF,2021-12-17 06:00:00,2021-12-31 14:00:00,1.0
USD_PLN,2021-12-17 06:00:00,2021-12-29 14:00:00,1.0
EUR_CAD,2021-12-17 10:00:00,2021-12-31 14:00:00,1.0
USD_NOK,2021-12-17 10:00:00,2021-12-19 22:00:00,1.0
EUR_NOK,2021-12-17 10:00:00,2021-12-21 14:00:00,1.0
EUR_PLN,2021-12-17 14:00:00,2021-12-28 06:00:00,1.0
CAD_CHF,2021-12-17 14:00:00,2021-12-20 14:00:00,1.0
AUD_CAD,2021-12-19 22:00:00,2021-12-22 10:00:00,1.0
NZD_JPY,2021-12-20 14:00:00,2021-12-21 14:00:00,1.0
EUR_NOK,2021-12-20 14:00:00,2021-12-21 10:00:00,1.0
AUD_JPY,2021-12-20 22:00:00,2021-12-21 14:00:00,1.0
NZD_JPY,2021-12-20 22:00:00,2021-12-21 14:00:00,1.0
GBP_CAD,2021-12-20 22:00:00,2021-12-29 14:00:00,1.0
EUR_JPY,2021-12-21 10:00:00,2021-12-23 06:00:00,1.0
CHF_JPY,2021-12-21 10:00:00,2021-12-23 14:00:00,1.0
NZD_USD,2021-12-21 22:00:00,2021-12-22 18:00:00,1.0
GBP_CAD,2021-12-22 02:00:00,2021-12-29 14:00:00,1.0
GBP_JPY,2021-12-22 02:00:00,2021-12-23 06:00:00,1.0
EUR_NOK,2021-12-22 22:00:00,2021-12-28 10:00:00,1.0
EUR_PLN,2021-12-23 14:00:00,2021-12-30 06:00:00,1.0
USD_PLN,2021-12-23 14:00:00,2021-12-28 06:00:00,1.0
EUR_PLN,2021-12-24 10:00:00,2021-12-30 06:00:00,1.0
NZD_JPY,2021-12-24 10:00:00,2021-12-29 22:00:00,1.0
USD_PLN,2021-12-24 18:00:00,2021-12-28 06:00:00,1.0
NZD_JPY,2021-12-26 22:00:00,2021-12-29 14:00:00,1.0
GBP_AUD,2021-12-28 02:00:00,2022-01-03 18:00:00,1.0
NZD_JPY,2021-12-28 06:00:00,2022-01-02 22:00:00,1.0
EUR_JPY,2021-12-28 06:00:00,2022-01-04 14:00:00,1.0
NZD_CHF,2021-12-28 10:00:00,2022-01-06 06:00:00,1.0
GBP_CHF,2021-12-28 10:00:00,2022-01-06 18:00:00,-1.0
EUR_AUD,2021-12-28 14:00:00,2022-01-06 06:00:00,-1.0
USD_SGD,2021-12-28 22:00:00,2022-01-17 22:00:00,0.6684077730069561
USD_SGD,2021-12-29 06:00:00,2022-01-18 06:00:00,0.4406164201576359
AUD_CAD,2021-12-29 06:00:00,2022-01-03 14:00:00,-1.0
USD_JPY,2021-12-29 10:00:00,2022-01-04 10:00:00,1.0
CAD_JPY,2021-12-29 14:00:00,2021-12-31 02:00:00,1.0
GBP_AUD,2021-12-29 22:00:00,2022-01-05 18:00:00,1.0
GBP_USD,2021-12-30 02:00:00,2022-01-11 06:00:00,1.0
USD_CAD,2021-12-30 02:00:00,2021-12-31 14:00:00,1.0
GBP_CAD,2021-12-30 06:00:00,2022-01-17 14:00:00,-1.0
GBP_AUD,2021-12-30 06:00:00,2022-01-04 10:00:00,1.0
CAD_CHF,2021-12-30 06:00:00,2022-01-06 14:00:00,-1.0
AUD_NZD,2021-12-30 10:00:00,2022-01-19 10:00:00,0.14897368445866246
USD_NOK,2021-12-30 22:00:00,2022-01-03 14:00:00,1.0
USD_ZAR,2021-12-30 22:00:00,2022-01-03 06:00:00,1.0
NZD_CHF,2021-12-31 06:00:00,2022-01-06 14:00:00,1.0
EUR_USD,2021-12-31 06:00:00,2022-01-12 14:00:00,-1.0
NZD_CAD,2021-12-31 06:00:00,2022-01-06 10:00:00,1.0
USD_HUF,2021-12-31 10:00:00,2022-01-03 10:00:00,1.0
NZD_USD,2021-12-31 10:00:00,2022-01-06 02:00:00,-1.0
NZD_JPY,2021-12-31 10:00:00,2022-01-10 14:00:00,-1.0
GBP_USD,2021-12-31 10:00:00,2022-01-11 18:00:00,1.0
GBP_JPY,2021-12-31 10:00:00,2022-01-04 10:00:00,1.0
NZD_CHF,2021-12-31 14:00:00,2022-01-06 14:00:00,1.0
GBP_AUD,2022-01-02 22:00:00,2022-01-05 18:00:00,1.0
CHF_JPY,2022-01-03 10:00:00,2022-01-10 10:00:00,-1.0
EUR_JPY,2022-01-03 10:00:00,2022-01-20 14:00:00,-1.0
GBP_JPY,2022-01-03 10:00:00,2022-01-04 14:00:00,1.0
NZD_CHF,2022-01-03 22:00:00,2022-01-20 22:00:00,1.0
NZD_CAD,2022-01-03 22:00:00,2022-01-06 22:00:00,1.0
GBP_CAD,2022-01-04 02:00:00,2022-01-18 10:00:00,-1.0
AUD_CAD,2022-01-04 10:00:00,2022-01-07 10:00:00,-1.0
USD_SEK,2022-01-04 10:00:00,2022-01-12 02:00:00,1.0
GBP_CAD,2022-01-04 22:00:00,2022-01-18 10:00:00,-1.0
USD_NOK,2022-01-04 22:00:00,2022-01-11 22:00:00,-1.0
EUR_JPY,2022-01-05 06:00:00,2022-01-19 02:00:00,-1.0
EUR_NOK,2022-01-06 14:00:00,2022-01-12 06:00:00,1.0
CAD_JPY,2022-01-06 14:00:00,2022-01-07 14:00:00,1.0
GBP_AUD,2022-01-06 22:00:00,2022-01-26 22:00:00,0.64226892626626
EUR_GBP,2022-01-07 10:00:00,2022-01-27 10:00:00,-0.10789685061081754
GBP_JPY,2022-01-07 10:00:00,2022-01-20 18:00:00,-1.0
EUR_JPY,2022-01-07 10:00:00,2022-01-19 02:00:00,-1.0
GBP_AUD,2022-01-09 22:00:00,2022-01-27 22:00:00,0.5934372818245256
USD_JPY,2022-01-10 06:00:00,2022-01-12 18:00:00,-1.0
USD_SGD,2022-01-10 10:00:00,2022-01-28 10:00:00,0.08775617058619846
GBP_AUD,2022-01-10 10:00:00,2022-01-28 02:00:00,1.0
USD_PLN,2022-01-10 10:00:00,2022-01-12 10:00:00,1.0
USD_HUF,2022-01-10 10:00:00,2022-01-11 18:00:00,1.0
AUD_CAD,2022-01-10 14:00:00,2022-01-18 10:00:00,-1.0
GBP_AUD,2022-01-11 02:00:00,2022-01-28 02:00:00,1.0
GBP_CAD,2022-01-11 02:00:00,2022-01-18 10:00:00,-1.0
AUD_CAD,2022-01-11 06:00:00,2022-01-18 02:00:00,-1.0
USD_SEK,2022-01-11 14:00:00,2022-01-12 10:00:00,1.0
USD_PLN,2022-01-11 14:00:00,2022-01-12 14:00:00,1.0
AUD_USD,2022-01-12 06:00:00,2022-01-12 14:00:00,1.0
GBP_JPY,2022-01-12 06:00:00,2022-01-14 10:00:00,-1.0
EUR_JPY,2022-01-12 06:00:00,2022-01-18 14:00:00,-1.0
NZD_JPY,2022-01-12 06:00:00,2022-01-18 14:00:00,-1.0
CHF_JPY,2022-01-12 06:00:00,2022-01-31 10:00:00,-1.0
AUD_JPY,2022-01-12 06:00:00,2022-01-14 10:00:00,-1.0
EUR_GBP,2022-01-12 10:00:00,2022-01-24 14:00:00,1.0
NZD_JPY,2022-01-12 22:00:00,2022-01-14 10:00:00,-1.0
EUR_NOK,2022-01-12 22:00:00,2022-01-13 18:00:00,-1.0
NZD_CHF,2022-01-13 02:00:00,2022-01-17 14:00:00,1.0
CAD_CHF,2022-01-13 02:00:00,2022-01-24 06:00:00,1.0
GBP_CAD,2022-01-13 06:00:00,2022-01-27 10:00:00,-1.0
EUR_GBP,2022-01-13 10:00:00,2022-02-02 10:00:00,0.014389006798806685
USD_PLN,2022-01-13 22:00:00,2022-01-18 14:00:00,-1.0
USD_JPY,2022-01-14 10:00:00,2022-01-18 02:00:00,1.0
GBP_CAD,2022-01-14 14:00:00,2022-01-27 10:00:00,-1.0
NZD_CAD,2022-01-14 18:00:00,2022-01-18 06:00:00,1.0
GBP_CAD,2022-01-16 22:00:00,2022-01-19 10:00:00,-1.0
USD_SGD,2022-01-18 02:00:00,2022-02-07 02:00:00,0.22826143345215683
GBP_CHF,2022-01-18 02:00:00,2022-01-21 14:00:00,1.0
AUD_JPY,2022-01-18 02:00:00,2022-01-20 22:00:00,-1.0
USD_CAD,2022-01-18 02:00:00,2022-01-24 10:00:00,-1.0
USD_PLN,2022-01-18 02:00:00,2022-01-18 18:00:00,-1.0
EUR_JPY,2022-01-18 06:00:00,2022-01-19 02:00:00,-1.0
CAD_JPY,2022-01-18 06:00:00,2022-01-21 02:00:00,-1.0
CHF_JPY,2022-01-18 06:00:00,2022-01-20 22:00:00,-1.0
USD_CAD,2022-01-18 14:00:00,2022-01-24 14:00:00,-1.0
GBP_CHF,2022-01-19 06:00:00,2022-01-21 14:00:00,1.0
CHF_JPY,2022-01-19 22:00:00,2022-02-08 22:00:00,0.10344993504306732
USD_JPY,2022-01-20 06:00:00,2022-01-27 10:00:00,1.0
USD_CHF,2022-01-20 10:00:00,2022-01-27 06:00:00,-1.0
GBP_CHF,2022-01-20 14:00:00,2022-01-21 14:00:00,1.0
CHF_JPY,2022-01-21 18:00:00,2022-02-10 18:00:00,0.6124726073031143
AUD_CAD,2022-01-24 10:00:00,2022-01-28 10:00:00,-1.0
GBP_CAD,2022-01-24 10:00:00,2022-02-02 06:00:00,1.0
EUR_USD,2022-01-24 14:00:00,2022-01-27 06:00:00,1.0
NZD_CHF,2022-01-25 06:00:00,2022-02-10 10:00:00,-1.0
AUD_USD,2022-01-25 10:00:00,2022-01-27 10:00:00,-1.0
USD_SEK,2022-01-25 10:00:00,2022-01-27 18:00:00,-1.0
GBP_JPY,2022-01-25 10:00:00,2022-01-28 02:00:00,1.0
GBP_USD,2022-01-25 10:00:00,2022-02-03 10:00:00,1.0
NZD_JPY,2022-01-25 10:00:00,2022-01-26 18:00:00,1.0
EUR_JPY,2022-01-25 10:00:00,2022-02-03 10:00:00,1.0
GBP_AUD,2022-01-26 18:00:00,2022-01-27 18:00:00,1.0
USD_HUF,2022-01-27 18:00:00,2022-01-28 18:00:00,-1.0
EUR_GBP,2022-01-28 10:00:00,2022-02-03 14:00:00,1.0
EUR_USD,2022-01-28 10:00:00,2022-02-01 06:00:00,-1.0
USD_CZK,2022-01-28 10:00:00,2022-01-31 14:00:00,-1.0
AUD_NZD,2022-01-28 18:00:00,2022-02-02 10:00:00,1.0
GBP_AUD,2022-01-30 22:00:00,2022-02-01 22:00:00,-1.0
GBP_USD,2022-01-31 10:00:00,2022-02-02 10:00:00,1.0
GBP_USD,2022-01-31 22:00:00,2022-02-02 10:00:00,1.0
EUR_JPY,2022-02-01 06:00:00,2022-02-03 10:00:00,1.000000000000011
USD_CAD,2022-02-01 10:00:00,2022-02-21 10:00:00,-0.27229086330369184
EUR_JPY,2022-02-01 14:00:00,2022-02-03 10:00:00,0.999999999999989
USD_CHF,2022-02-01 22:00:00,2022-02-21 22:00:00,0.6136499159754938
CHF_JPY,2022-02-01 22:00:00,2022-02-21 22:00:00,0.6385305754817074
GBP_AUD,2022-02-02 10:00:00,2022-02-03 10:00:00,1.0
EUR_JPY,2022-02-02 14:00:00,2022-02-03 10:00:00,1.0
NZD_CAD,2022-02-02 22:00:00,2022-02-10 14:00:00,-1.0
GBP_CAD,2022-02-03 02:00:00,2022-02-21 06:00:00,1.0
NZD_CHF,2022-02-03 06:00:00,2022-02-06 22:00:00,-1.0
USD_SGD,2022-02-03 06:00:00,2022-02-23 06:00:00,0.2929484707348102
GBP_USD,2022-02-03 10:00:00,2022-02-23 10:00:00,0.432580869000339
USD_JPY,2022-02-03 22:00:00,2022-02-10 10:00:00,1.0
GBP_AUD,2022-02-04 02:00:00,2022-02-09 14:00:00,-1.0
GBP_JPY,2022-02-04 06:00:00,2022-02-10 14:00:00,1.0
AUD_JPY,2022-02-04 06:00:00,2022-02-09 02:00:00,1.0
USD_SGD,2022-02-04 06:00:00,2022-02-24 06:00:00,-0.6756052917454111
EUR_NOK,2022-02-04 06:00:00,2022-02-04 18:00:00,-1.0
AUD_CAD,2022-02-04 06:00:00,2022-02-10 14:00:00,1.0
AUD_USD,2022-02-04 06:00:00,2022-02-04 10:00:00,-1.0
USD_CZK,2022-02-04 10:00:00,2022-02-11 06:00:00,1.0
CAD_CHF,2022-02-04 10:00:00,2022-02-21 10:00:00,1.0
GBP_CAD,2022-02-04 10:00:00,2022-02-24 10:00:00,-0.6000708013904955
EUR_GBP,2022-02-06 22:00:00,2022-02-11 18:00:00,-1.0
USD_NOK,2022-02-06 22:00:00,2022-02-10 10:00:00,1.0
CHF_JPY,2022-02-07 06:00:00,2022-02-25 06:00:00,0.039377039168093445
GBP_CHF,2022-02-07 06:00:00,2022-02-24 02:00:00,1.0
USD_SEK,2022-02-07 10:00:00,2022-02-09 14:00:00,1.0
USD_NOK,2022-02-07 18:00:00,2022-02-10 10:00:00,1.0
USD_CHF,2022-02-07 22:00:00,2022-02-21 14:00:00,1.0
AUD_CAD,2022-02-07 22:00:00,2022-02-09 10:00:00,1.0
USD_NOK,2022-02-08 06:00:00,2022-02-10 14:00:00,1.0
EUR_AUD,2022-02-08 10:00:00,2022-02-10 06:00:00,1.0
GBP_JPY,2022-02-08 10:00:00,2022-02-10 14:00:00,1.0
AUD_JPY,2022-02-08 10:00:00,2022-02-09 10:00:00,1.0
EUR_PLN,2022-02-08 10:00:00,2022-02-09 14:00:00,1.0
USD_ZAR,2022-02-09 06:00:00,2022-02-09 14:00:00,1.0
GBP_CHF,2022-02-09 10:00:00,2022-02-24 02:00:00,1.0
USD_CZK,2022-02-09 10:00:00,2022-02-11 06:00:00,1.0
USD_SEK,2022-02-10 06:00:00,2022-02-10 10:00:00,-1.0
GBP_USD,2022-02-10 10:00:00,2022-02-24 10:00:00,-1.0
CAD_CHF,2022-02-10 10:00:00,2022-02-18 14:00:00,1.0
NZD_CAD,2022-02-10 14:00:00,2022-02-14 14:00:00,1.0
EUR_USD,2022-02-10 14:00:00,2022-02-11 18:00:00,1.0
USD_NOK,2022-02-10 14:00:00,2022-02-11 18:00:00,1.0
USD_CZK,2022-02-10 14:00:00,2022-02-11 18:00:00,1.0
USD_NOK,2022-02-11 14:00:00,2022-02-14 06:00:00,1.0
USD_ZAR,2022-02-11 18:00:00,2022-02-15 06:00:00,1.0
AUD_NZD,2022-02-11 18:00:00,2022-03-03 18:00:00,0.4998974091138035
USD_CHF,2022-02-14 10:00:00,2022-02-21 10:00:00,1.0
GBP_CAD,2022-02-14 10:00:00,2022-02-25 18:00:00,-1.0
GBP_AUD,2022-02-14 10:00:00,2022-02-22 10:00:00,-1.0
USD_ZAR,2022-02-15 10:00:00,2022-02-17 06:00:00,1.0
NZD_JPY,2022-02-16 10:00:00,2022-02-22 10:00:00,1.0
CHF_JPY,2022-02-16 10:00:00,2022-03-08 10:00:00,-0.26728980937595403
USD_ZAR,2022-02-16 10:00:00,2022-02-17 10:00:00,1.0
GBP_USD,2022-02-16 10:00:00,2022-02-24 10:00:00,-1.0
AUD_JPY,2022-02-16 10:00:00,2022-02-23 06:00:00,1.0
NZD_USD,2022-02-17 02:00:00,2022-02-22 10:00:00,1.0
CHF_JPY,2022-02-17 02:00:00,2022-03-09 02:00:00,-0.316561945417047
USD_SGD,2022-02-17 02:00:00,2022-02-24 14:00:00,-1.0
EUR_CAD,2022-02-17 06:00:00,2022-02-24 10:00:00,1.0
USD_PLN,2022-02-17 10:00:00,2022-02-21 22:00:00,-1.0
AUD_JPY,2022-02-17 18:00:00,2022-02-23 06:00:00,1.0
NZD_JPY,2022-02-17 18:00:00,2022-02-22 22:00:00,1.0
GBP_CAD,2022-02-17 22:00:00,2022-02-24 14:00:00,-1.0
USD_SGD,2022-02-18 02:00:00,2022-02-24 14:00:00,-1.0
AUD_CAD,2022-02-20 22:00:00,2022-02-23 06:00:00,1.0
AUD_CAD,2022-02-21 18:00:00,2022-03-03 14:00:00,1.0
EUR_CAD,2022-02-22 06:00:00,2022-02-27 22:00:00,1.0
CHF_JPY,2022-02-22 06:00:00,2022-03-14 05:00:00,0.6084933193670351
USD_CHF,2022-02-22 06:00:00,2022-02-24 14:00:00,-1.0
USD_CZK,2022-02-22 10:00:00,2022-02-23 14:00:00,1.0
EUR_CAD,2022-02-24 06:00:00,2022-02-27 22:00:00,1.0
EUR_AUD,2022-02-24 06:00:00,2022-02-25 06:00:00,1.0
USD_CHF,2022-02-24 06:00:00,2022-02-24 14:00:00,-1.0
EUR_GBP,2022-02-24 10:00:00,2022-02-25 14:00:00,1.0
USD_PLN,2022-02-24 10:00:00,2022-02-24 14:00:00,-1.0
EUR_PLN,2022-02-24 10:00:00,2022-02-24 18:00:00,1.0
AUD_CAD,2022-02-24 10:00:00,2022-03-03 14:00:00,1.0
USD_ZAR,2022-02-24 10:00:00,2022-02-24 18:00:00,-1.0
EUR_AUD,2022-02-24 14:00:00,2022-02-28 14:00:00,1.0
AUD_NZD,2022-02-24 18:00:00,2022-03-16 17:00:00,-0.3095598825355975
AUD_CAD,2022-02-24 22:00:00,2022-03-02 02:00:00,1.0
USD_SEK,2022-02-25 06:00:00,2022-02-25 10:00:00,1.0
EUR_CAD,2022-02-25 10:00:00,2022-02-28 14:00:00,1.0
CHF_JPY,2022-02-25 14:00:00,2022-03-03 06:00:00,1.0
EUR_PLN,2022-02-25 14:00:00,2022-02-28 06:00:00,-1.0
AUD_USD,2022-02-27 22:00:00,2022-03-01 06:00:00,1.0
USD_ZAR,2022-02-27 22:00:00,2022-02-28 02:00:00,-1.0
EUR_NOK,2022-02-27 22:00:00,2022-02-28 14:00:00,1.0
USD_CAD,2022-02-27 22:00:00,2022-03-03 02:00:00,1.0
USD_PLN,2022-02-27 22:00:00,2022-02-28 02:00:00,-1.0
USD_SEK,2022-02-27 22:00:00,2022-02-28 02:00:00,-1.0
NZD_USD,2022-02-27 22:00:00,2022-03-02 18:00:00,1.0
CAD_JPY,2022-02-28 18:00:00,2022-03-02 18:00:00,1.0
AUD_CAD,2022-02-28 22:00:00,2022-03-03 18:00:00,1.0
CAD_CHF,2022-02-28 22:00:00,2022-03-11 10:00:00,-1.0
EUR_GBP,2022-03-01 10:00:00,2022-03-04 10:00:00,-1.0
NZD_JPY,2022-03-01 14:00:00,2022-03-02 14:00:00,1.0
AUD_JPY,2022-03-01 14:00:00,2022-03-02 14:00:00,1.0
EUR_GBP,2022-03-02 06:00:00,2022-03-04 10:00:00,-1.0
EUR_USD,2022-03-02 10:00:00,2022-03-04 10:00:00,1.0
GBP_CAD,2022-03-02 14:00:00,2022-03-07 06:00:00,-1.0
AUD_USD,2022-03-02 14:00:00,2022-03-03 14:00:00,1.0
GBP_USD,2022-03-03 06:00:00,2022-03-04 10:00:00,-1.0
NZD_USD,2022-03-03 22:00:00,2022-03-04 14:00:00,1.0
NZD_JPY,2022-03-03 22:00:00,2022-03-06 22:00:00,1.0
AUD_JPY,2022-03-03 22:00:00,2022-03-06 22:00:00,1.0
AUD_USD,2022-03-03 22:00:00,2022-03-06 22:00:00,1.0
USD_CHF,2022-03-04 06:00:00,2022-03-08 06:00:00,-1.0
CAD_CHF,2022-03-06 22:00:00,2022-03-11 10:00:00,-1.0
EUR_USD,2022-03-07 10:00:00,2022-03-09 10:00:00,-1.0
USD_CZK,2022-03-07 10:00:00,2022-03-07 18:00:00,1.0
NZD_CAD,2022-03-08 06:00:00,2022-03-11 14:00:00,1.0
NZD_CHF,2022-03-08 06:00:00,2022-03-16 13:00:00,-1.0
CHF_JPY,2022-03-08 14:00:00,2022-03-11 06:00:00,1.0
EUR_NOK,2022-03-08 18:00:00,2022-03-10 06:00:00,-1.0
GBP_JPY,2022-03-08 18:00:00,2022-03-10 02:00:00,1.0
CAD_CHF,2022-03-09 06:00:00,2022-03-10 18:00:00,-1.0
EUR_GBP,2022-03-09 10:00:00,2022-03-09 14:00:00,1.0
AUD_USD,2022-03-09 22:00:00,2022-03-14 05:00:00,-1.0
GBP_USD,2022-03-10 06:00:00,2022-03-14 01:00:00,-1.0
USD_ZAR,2022-03-10 06:00:00,2022-03-16 17:00:00,1.0
USD_SGD,2022-03-10 06:00:00,2022-03-30 05:00:00,0.48906048906049493
GBP_CHF,2022-03-10 10:00:00,2022-03-16 17:00:00,-1.0
EUR_USD,2022-03-10 10:00:00,2022-03-11 06:00:00,1.0
EUR_GBP,2022-03-10 14:00:00,2022-03-29 13:00:00,1.0
AUD_NZD,2022-03-11 06:00:00,2022-03-28 01:00:00,1.0
EUR_USD,2022-03-11 10:00:00,2022-03-17 13:00:00,-1.0
USD_CZK,2022-03-11 10:00:00,2022-03-14 05:00:00,1.0
EUR_CAD,2022-03-11 10:00:00,2022-03-11 14:00:00,1.0
USD_ZAR,2022-03-13 21:00:00,2022-03-16 17:00:00,1.0
EUR_USD,2022-03-14 05:00:00,2022-03-16 21:00:00,-1.0
USD_ZAR,2022-03-14 05:00:00,2022-03-16 13:00:00,1.0
GBP_CHF,2022-03-14 05:00:00,2022-03-16 13:00:00,-1.0
EUR_GBP,2022-03-14 09:00:00,2022-03-29 13:00:00,1.0
USD_SEK,2022-03-14 17:00:00,2022-03-16 05:00:00,1.0
EUR_JPY,2022-03-15 05:00:00,2022-03-16 17:00:00,1.0
CHF_JPY,2022-03-15 05:00:00,2022-03-18 09:00:00,1.0
CAD_JPY,2022-03-15 05:00:00,2022-03-16 05:00:00,1.0
USD_JPY,2022-03-15 05:00:00,2022-03-18 13:00:00,1.0
USD_SGD,2022-03-15 13:00:00,2022-03-17 13:00:00,1.0
GBP_USD,2022-03-16 05:00:00,2022-03-17 05:00:00,1.0
CHF_JPY,2022-03-16 09:00:00,2022-03-18 05:00:00,1.0
EUR_CAD,2022-03-16 13:00:00,2022-03-21 17:00:00,1.0
CHF_JPY,2022-03-16 17:00:00,2022-03-18 01:00:00,1.0
USD_HUF,2022-03-16 17:00:00,2022-03-16 21:00:00,1.0
EUR_NOK,2022-03-16 21:00:00,2022-03-17 09:00:00,1.0
EUR_JPY,2022-03-17 09:00:00,2022-03-22 01:00:00,1.0
USD_SEK,2022-03-17 09:00:00,2022-03-28 13:00:00,-1.0
EUR_NOK,2022-03-17 21:00:00,2022-03-18 13:00:00,1.0
AUD_USD,2022-03-18 01:00:00,2022-03-22 13:00:00,1.0
AUD_CAD,2022-03-18 01:00:00,2022-03-23 09:00:00,1.0
AUD_CAD,2022-03-18 09:00:00,2022-03-22 21:00:00,1.0
AUD_USD,2022-03-18 09:00:00,2022-03-22 13:00:00,1.0
EUR_JPY,2022-03-18 09:00:00,2022-03-22 09:00:00,1.0
EUR_CAD,2022-03-18 13:00:00,2022-03-22 01:00:00,1.0
NZD_CHF,2022-03-20 21:00:00,2022-03-23 09:00:00,-1.0
EUR_JPY,2022-03-21 09:00:00,2022-03-22 09:00:00,1.0
USD_NOK,2022-03-21 13:00:00,2022-03-24 05:00:00,-1.0
USD_CAD,2022-03-21 17:00:00,2022-03-25 17:00:00,1.0
USD_NOK,2022-03-21 21:00:00,2022-03-24 05:00:00,-1.0
NZD_JPY,2022-03-21 21:00:00,2022-03-22 05:00:00,1.0
CAD_CHF,2022-03-22 17:00:00,2022-03-28 05:00:00,-1.0
GBP_AUD,2022-03-22 17:00:00,2022-03-23 17:00:00,-1.0
USD_SGD,2022-03-23 05:00:00,2022-04-12 05:00:00,-0.5717316986915023
AUD_CAD,2022-03-23 05:00:00,2022-04-05 01:00:00,1.0
GBP_USD,2022-03-23 05:00:00,2022-03-28 05:00:00,-1.0
USD_SEK,2022-03-23 05:00:00,2022-03-28 13:00:00,-1.0
USD_CHF,2022-03-23 09:00:00,2022-03-25 01:00:00,1.0
CAD_CHF,2022-03-23 13:00:00,2022-03-28 05:00:00,-1.0
AUD_USD,2022-03-23 13:00:00,2022-03-25 05:00:00,1.0
NZD_CHF,2022-03-24 05:00:00,2022-03-29 09:00:00,1.0
USD_ZAR,2022-03-24 09:00:00,2022-03-24 13:00:00,1.0
NZD_CHF,2022-03-24 13:00:00,2022-03-29 09:00:00,1.0
USD_SGD,2022-03-24 13:00:00,2022-04-13 13:00:00,-0.3239247905531743
CAD_CHF,2022-03-24 13:00:00,2022-03-28 05:00:00,-1.0
AUD_CAD,2022-03-24 21:00:00,2022-04-05 05:00:00,1.0
GBP_USD,2022-03-25 05:00:00,2022-03-29 09:00:00,-1.0
AUD_USD,2022-03-25 05:00:00,2022-04-05 01:00:00,1.0
USD_ZAR,2022-03-25 05:00:00,2022-03-28 13:00:00,-1.0
NZD_USD,2022-03-25 05:00:00,2022-03-28 13:00:00,-1.0
EUR_CAD,2022-03-28 05:00:00,2022-03-29 09:00:00,-1.0
USD_NOK,2022-03-28 09:00:00,2022-03-28 13:00:00,1.0
USD_PLN,2022-03-28 09:00:00,2022-03-29 05:00:00,1.0
GBP_AUD,2022-03-28 09:00:00,2022-03-29 09:00:00,1.0
NZD_CAD,2022-03-28 13:00:00,2022-04-13 05:00:00,1.0
NZD_CAD,2022-03-28 21:00:00,2022-04-13 09:00:00,1.0
NZD_CHF,2022-03-29 05:00:00,2022-04-01 05:00:00,1.0
GBP_CHF,2022-03-29 05:00:00,2022-03-30 17:00:00,1.0
CAD_CHF,2022-03-29 05:00:00,2022-03-30 13:00:00,1.0
USD_ZAR,2022-03-29 21:00:00,2022-03-30 05:00:00,1.0
USD_PLN,2022-03-29 21:00:00,2022-03-30 05:00:00,1.0
EUR_PLN,2022-03-30 09:00:00,2022-04-04 13:00:00,1.0
NZD_CHF,2022-03-30 09:00:00,2022-03-31 09:00:00,1.0
USD_PLN,2022-03-30 09:00:00,2022-03-30 13:00:00,1.0
NZD_JPY,2022-03-30 17:00:00,2022-04-05 05:00:00,1.0
USD_CHF,2022-03-31 01:00:00,2022-04-06 05:00:00,-1.0
NZD_JPY,2022-03-31 01:00:00,2022-04-05 05:00:00,1.0
NZD_CHF,2022-04-01 05:00:00,2022-04-05 05:00:00,-1.0
CAD_CHF,2022-04-01 09:00:00,2022-04-05 13:00:00,-1.0
GBP_CHF,2022-04-01 09:00:00,2022-04-13 17:00:00,-1.0
GBP_CAD,2022-04-01 09:00:00,2022-04-21 09:00:00,-0.5951364667430923
USD_PLN,2022-04-03 21:00:00,2022-04-04 21:00:00,-1.0
AUD_CAD,2022-04-03 21:00:00,2022-04-05 01:00:00,1.0
NZD_JPY,2022-04-03 21:00:00,2022-04-04 13:00:00,1.0
AUD_JPY,2022-04-03 21:00:00,2022-04-04 13:00:00,1.0
USD_SEK,2022-04-03 21:00:00,2022-04-06 17:00:00,-1.0
EUR_JPY,2022-04-04 05:00:00,2022-04-11 05:00:00,1.0
AUD_NZD,2022-04-04 09:00:00,2022-04-13 05:00:00,1.0
AUD_CAD,2022-04-04 13:00:00,2022-04-05 01:00:00,1.0
EUR_NOK,2022-04-04 21:00:00,2022-04-08 13:00:00,1.0
EUR_USD,2022-04-05 05:00:00,2022-04-07 09:00:00,1.0
EUR_NOK,2022-04-05 09:00:00,2022-04-08 13:00:00,1.0
AUD_JPY,2022-04-05 17:00:00,2022-04-06 17:00:00,-1.0
USD_CZK,2022-04-06 09:00:00,2022-04-07 21:00:00,1.0
EUR_GBP,2022-04-06 09:00:00,2022-04-22 17:00:00,1.0
USD_NOK,2022-04-06 09:00:00,2022-04-10 21:00:00,-1.0
EUR_CAD,2022-04-07 09:00:00,2022-04-14 13:00:00,1.0
USD_NOK,2022-04-07 09:00:00,2022-04-08 13:00:00,-1.0
GBP_JPY,2022-04-07 21:00:00,2022-04-11 09:00:00,1.0
AUD_JPY,2022-04-07 21:00:00,2022-04-11 09:00:00,1.0
NZD_JPY,2022-04-07 21:00:00,2022-04-12 13:00:00,1.0
NZD_JPY,2022-04-08 05:00:00,2022-04-11 09:00:00,1.0
GBP_JPY,2022-04-08 05:00:00,2022-04-11 05:00:00,1.0
USD_CHF,2022-04-08 09:00:00,2022-04-15 01:00:00,-1.0
AUD_JPY,2022-04-08 13:00:00,2022-04-11 09:00:00,1.0
GBP_JPY,2022-04-08 13:00:00,2022-04-11 09:00:00,1.0
GBP_CHF,2022-04-11 09:00:00,2022-04-14 13:00:00,-1.0
AUD_CAD,2022-04-11 13:00:00,2022-04-18 17:00:00,-1.0
GBP_USD,2022-04-11 21:00:00,2022-04-22 05:00:00,-1.0
USD_ZAR,2022-04-11 21:00:00,2022-04-13 05:00:00,1.0
USD_SGD,2022-04-11 21:00:00,2022-04-14 05:00:00,1.0
USD_CHF,2022-04-12 05:00:00,2022-04-14 13:00:00,-1.0
GBP_USD,2022-04-12 05:00:00,2022-04-14 01:00:00,1.0
USD_SGD,2022-04-12 05:00:00,2022-04-14 05:00:00,1.0
EUR_USD,2022-04-12 09:00:00,2022-04-14 13:00:00,1.0
CAD_JPY,2022-04-12 09:00:00,2022-04-14 21:00:00,1.0
CHF_JPY,2022-04-12 09:00:00,2022-04-19 05:00:00,1.0
USD_CZK,2022-04-12 09:00:00,2022-04-14 13:00:00,1.0
USD_JPY,2022-04-12 09:00:00,2022-04-15 05:00:00,1.0
GBP_JPY,2022-04-12 09:00:00,2022-04-14 21:00:00,1.0
GBP_JPY,2022-04-12 17:00:00,2022-04-13 17:00:00,1.0
NZD_CHF,2022-04-12 21:00:00,2022-04-13 05:00:00,1.0
NZD_JPY,2022-04-13 01:00:00,2022-04-19 05:00:00,1.0
USD_SGD,2022-04-13 05:00:00,2022-04-25 05:00:00,-1.0
AUD_USD,2022-04-13 05:00:00,2022-04-18 01:00:00,-1.0
CAD_JPY,2022-04-13 09:00:00,2022-04-15 05:00:00,1.0
EUR_JPY,2022-04-14 05:00:00,2022-04-19 01:00:00,1.0
NZD_JPY,2022-04-14 13:00:00,2022-04-19 01:00:00,1.0
NZD_JPY,2022-04-14 21:00:00,2022-04-19 01:00:00,1.0
GBP_AUD,2022-04-14 21:00:00,2022-04-25 01:00:00,1.0
NZD_CAD,2022-04-15 05:00:00,2022-04-18 13:00:00,1.0
NZD_CHF,2022-04-15 09:00:00,2022-04-18 01:00:00,1.0
CHF_JPY,2022-04-17 21:00:00,2022-04-19 01:00:00,1.0
USD_PLN,2022-04-17 21:00:00,2022-04-21 05:00:00,1.0
USD_SGD,2022-04-17 21:00:00,2022-04-25 01:00:00,-1.0
AUD_NZD,2022-04-17 21:00:00,2022-05-03 01:00:00,1.0
EUR_GBP,2022-04-17 21:00:00,2022-04-21 05:00:00,1.0
NZD_JPY,2022-04-18 09:00:00,2022-04-19 01:00:00,1.0
USD_HUF,2022-04-18 13:00:00,2022-04-18 21:00:00,-1.0
CHF_JPY,2022-04-18 13:00:00,2022-04-19 01:00:00,1.0
USD_NOK,2022-04-19 05:00:00,2022-04-21 05:00:00,-1.0
GBP_CHF,2022-04-19 05:00:00,2022-04-21 13:00:00,-1.0
EUR_CAD,2022-04-19 05:00:00,2022-04-22 13:00:00,-1.0
EUR_GBP,2022-04-19 09:00:00,2022-04-22 05:00:00,1.0
USD_HUF,2022-04-19 17:00:00,2022-04-20 05:00:00,1.0
USD_JPY,2022-04-20 01:00:00,2022-04-20 13:00:00,-1.0
CAD_JPY,2022-04-20 01:00:00,2022-04-22 13:00:00,-1.0
NZD_JPY,2022-04-20 09:00:00,2022-04-22 01:00:00,-1.0
USD_CHF,2022-04-20 21:00:00,2022-04-22 13:00:00,-1.0
GBP_USD,2022-04-20 21:00:00,2022-04-22 05:00:00,-1.0
NZD_JPY,2022-04-21 05:00:00,2022-04-22 01:00:00,-1.0
USD_SGD,2022-04-21 21:00:00,2022-04-26 17:00:00,-1.0
USD_SGD,2022-04-22 05:00:00,2022-04-26 17:00:00,-1.0
USD_PLN,2022-04-22 05:00:00,2022-04-25 05:00:00,-1.0
USD_NOK,2022-04-22 09:00:00,2022-04-25 01:00:00,1.0
NZD_CAD,2022-04-25 05:00:00,2022-04-28 01:00:00,1.0
AUD_USD,2022-04-25 09:00:00,2022-04-26 01:00:00,1.0
USD_ZAR,2022-04-25 09:00:00,2022-04-26 21:00:00,-1.0
AUD_CAD,2022-04-25 09:00:00,2022-04-26 13:00:00,1.0
NZD_JPY,2022-04-25 21:00:00,2022-04-26 17:00:00,-1.0
USD_ZAR,2022-04-25 21:00:00,2022-04-26 21:00:00,-1.0
CAD_JPY,2022-04-25 21:00:00,2022-04-26 01:00:00,1.0
GBP_CHF,2022-04-26 01:00:00,2022-04-26 13:00:00,1.0
USD_ZAR,2022-04-26 05:00:00,2022-04-26 21:00:00,-1.0
NZD_USD,2022-04-26 05:00:00,2022-04-27 13:00:00,-1.0
USD_CAD,2022-04-26 05:00:00,2022-04-28 09:00:00,-1.0
AUD_NZD,2022-04-26 05:00:00,2022-04-28 05:00:00,1.0
GBP_JPY,2022-04-27 13:00:00,2022-04-28 01:00:00,1.0
GBP_AUD,2022-04-28 05:00:00,2022-04-29 17:00:00,1.0
USD_CZK,2022-04-28 05:00:00,2022-05-02 09:00:00,1.0
NZD_CHF,2022-04-28 05:00:00,2022-05-02 01:00:00,1.0
NZD_USD,2022-04-28 09:00:00,2022-04-29 09:00:00,1.0
AUD_USD,2022-04-28 09:00:00,2022-04-29 01:00:00,1.0
USD_SEK,2022-04-28 17:00:00,2022-04-29 05:00:00,1.0
EUR_CAD,2022-04-29 05:00:00,2022-05-01 21:00:00,-1.0
NZD_CHF,2022-04-29 09:00:00,2022-05-02 01:00:00,1.0
USD_HUF,2022-04-29 09:00:00,2022-05-02 13:00:00,-1.0
CAD_CHF,2022-04-29 09:00:00,2022-05-02 05:00:00,1.0
AUD_JPY,2022-05-02 01:00:00,2022-05-03 01:00:00,1.0
GBP_AUD,2022-05-02 05:00:00,2022-05-03 01:00:00,-1.0
EUR_PLN,2022-05-02 05:00:00,2022-05-18 09:00:00,1.0
USD_JPY,2022-05-02 05:00:00,2022-05-04 17:00:00,-1.0
AUD_JPY,2022-05-02 09:00:00,2022-05-03 01:00:00,1.0
EUR_USD,2022-05-02 13:00:00,2022-05-05 01:00:00,-1.0
EUR_USD,2022-05-03 05:00:00,2022-05-05 01:00:00,-1.0
NZD_JPY,2022-05-03 21:00:00,2022-05-04 17:00:00,1.0
USD_PLN,2022-05-03 21:00:00,2022-05-04 17:00:00,1.0
USD_CHF,2022-05-04 13:00:00,2022-05-05 01:00:00,1.0
USD_ZAR,2022-05-04 13:00:00,2022-05-04 17:00:00,1.0
CAD_JPY,2022-05-05 01:00:00,2022-05-09 13:00:00,-1.0
USD_CHF,2022-05-05 05:00:00,2022-05-05 13:00:00,-1.0
NZD_JPY,2022-05-05 05:00:00,2022-05-05 13:00:00,-1.0
GBP_AUD,2022-05-05 09:00:00,2022-05-08 21:00:00,1.0
EUR_USD,2022-05-06 05:00:00,2022-05-12 09:00:00,1.0
USD_NOK,2022-05-06 05:00:00,2022-05-09 05:00:00,1.0
USD_SGD,2022-05-06 17:00:00,2022-05-23 09:00:00,1.0
USD_ZAR,2022-05-06 17:00:00,2022-05-09 09:00:00,-1.0
NZD_CHF,2022-05-08 21:00:00,2022-05-09 17:00:00,1.0
USD_NOK,2022-05-09 09:00:00,2022-05-09 13:00:00,1.0
USD_CHF,2022-05-09 13:00:00,2022-05-12 17:00:00,-1.0
CAD_CHF,2022-05-09 13:00:00,2022-05-13 17:00:00,-1.0
USD_ZAR,2022-05-09 17:00:00,2022-05-10 05:00:00,1.0
GBP_USD,2022-05-10 05:00:00,2022-05-12 05:00:00,-1.0
EUR_CAD,2022-05-10 13:00:00,2022-05-12 05:00:00,1.0
USD_ZAR,2022-05-10 21:00:00,2022-05-11 05:00:00,1.0
USD_SEK,2022-05-10 21:00:00,2022-05-11 05:00:00,1.0
NZD_CHF,2022-05-11 01:00:00,2022-05-12 05:00:00,1.0
NZD_CHF,2022-05-11 09:00:00,2022-05-12 05:00:00,1.0
EUR_USD,2022-05-11 13:00:00,2022-05-12 05:00:00,1.0
GBP_AUD,2022-05-11 13:00:00,2022-05-12 09:00:00,1.0
NZD_CAD,2022-05-11 13:00:00,2022-05-12 01:00:00,1.0
NZD_CHF,2022-05-11 21:00:00,2022-05-16 17:00:00,-1.0
EUR_NOK,2022-05-12 13:00:00,2022-05-13 09:00:00,1.0
GBP_AUD,2022-05-12 21:00:00,2022-05-30 05:00:00,-1.0
AUD_CAD,2022-05-13 09:00:00,2022-05-19 13:00:00,1.0
NZD_CAD,2022-05-13 17:00:00,2022-05-19 13:00:00,-1.0
EUR_USD,2022-05-16 05:00:00,2022-05-17 09:00:00,-1.0
CAD_CHF,2022-05-16 05:00:00,2022-05-18 13:00:00,1.0
EUR_NOK,2022-05-16 09:00:00,2022-05-17 05:00:00,1.0
EUR_JPY,2022-05-16 21:00:00,2022-05-17 09:00:00,1.0
EUR_NOK,2022-05-16 21:00:00,2022-05-17 05:00:00,1.0
GBP_AUD,2022-05-18 05:00:00,2022-05-30 05:00:00,-1.0
GBP_CAD,2022-05-18 05:00:00,2022-05-25 21:00:00,1.0
USD_CZK,2022-05-18 09:00:00,2022-05-23 01:00:00,-1.0
USD_CAD,2022-05-18 13:00:00,2022-05-27 17:00:00,1.0
AUD_USD,2022-05-18 13:00:00,2022-05-22 21:00:00,1.0
EUR_AUD,2022-05-18 17:00:00,2022-05-23 05:00:00,1.0
EUR_GBP,2022-05-18 21:00:00,2022-05-24 05:00:00,1.0
NZD_CAD,2022-05-19 01:00:00,2022-05-19 13:00:00,-1.0
EUR_GBP,2022-05-19 13:00:00,2022-05-24 05:00:00,1.0
GBP_CHF,2022-05-20 05:00:00,2022-05-24 13:00:00,1.0
USD_SEK,2022-05-20 05:00:00,2022-05-23 09:00:00,1.0
CHF_JPY,2022-05-20 05:00:00,2022-05-23 09:00:00,1.0
USD_ZAR,2022-05-20 09:00:00,2022-05-23 09:00:00,0.9999999999999888
GBP_CAD,2022-05-20 09:00:00,2022-05-23 09:00:00,1.0
CHF_JPY,2022-05-23 21:00:00,2022-05-30 21:00:00,1.0
AUD_JPY,2022-05-23 21:00:00,2022-05-24 13:00:00,-1.0
GBP_USD,2022-05-24 05:00:00,2022-06-10 09:00:00,-1.0
CAD_CHF,2022-05-24 09:00:00,2022-05-24 13:00:00,1.0
USD_HUF,2022-05-24 09:00:00,2022-05-25 09:00:00,-1.0
NZD_JPY,2022-05-24 13:00:00,2022-05-25 01:00:00,1.0
AUD_USD,2022-05-24 13:00:00,2022-05-27 01:00:00,1.0
USD_ZAR,2022-05-24 21:00:00,2022-05-26 09:00:00,-1.0
EUR_GBP,2022-05-24 21:00:00,2022-06-13 21:00:00,0.2103934357248084
AUD_USD,2022-05-25 05:00:00,2022-05-27 09:00:00,1.0
CHF_JPY,2022-05-25 09:00:00,2022-05-30 13:00:00,1.0
GBP_CAD,2022-05-25 09:00:00,2022-05-31 13:00:00,-1.0
GBP_AUD,2022-05-26 05:00:00,2022-05-30 21:00:00,-1.0
EUR_AUD,2022-05-26 09:00:00,2022-05-27 13:00:00,1.0
USD_ZAR,2022-05-26 09:00:00,2022-05-27 05:00:00,1.0
USD_SGD,2022-05-29 21:00:00,2022-06-10 09:00:00,-1.0
USD_SEK,2022-05-29 21:00:00,2022-05-30 09:00:00,1.0
GBP_AUD,2022-05-30 01:00:00,2022-06-01 09:00:00,-1.0
USD_CHF,2022-05-30 05:00:00,2022-06-06 13:00:00,-1.0
USD_CZK,2022-05-30 13:00:00,2022-06-01 13:00:00,1.0
EUR_USD,2022-05-30 13:00:00,2022-06-01 13:00:00,1.0
GBP_JPY,2022-05-31 01:00:00,2022-06-01 05:00:00,1.0
USD_SEK,2022-05-31 05:00:00,2022-06-02 17:00:00,1.0
USD_ZAR,2022-05-31 05:00:00,2022-06-03 05:00:00,1.0
EUR_NOK,2022-05-31 05:00:00,2022-05-31 13:00:00,1.0
EUR_AUD,2022-05-31 17:00:00,2022-06-01 17:00:00,1.0
GBP_CHF,2022-05-31 21:00:00,2022-06-02 05:00:00,1.0
EUR_USD,2022-06-01 05:00:00,2022-06-09 17:00:00,1.0
GBP_AUD,2022-06-01 05:00:00,2022-06-02 13:00:00,-1.0
AUD_JPY,2022-06-01 21:00:00,2022-06-02 13:00:00,1.0
USD_ZAR,2022-06-01 21:00:00,2022-06-02 13:00:00,1.0
NZD_JPY,2022-06-01 21:00:00,2022-06-02 13:00:00,1.0
CHF_JPY,2022-06-02 05:00:00,2022-06-07 01:00:00,1.0
NZD_JPY,2022-06-03 01:00:00,2022-06-07 01:00:00,1.0
CHF_JPY,2022-06-03 09:00:00,2022-06-08 05:00:00,1.0
EUR_GBP,2022-06-03 09:00:00,2022-06-14 09:00:00,1.0
AUD_JPY,2022-06-03 17:00:00,2022-06-07 01:00:00,1.0
USD_NOK,2022-06-05 21:00:00,2022-06-07 09:00:00,1.0
USD_NOK,2022-06-06 13:00:00,2022-06-07 05:00:00,1.0
EUR_NOK,2022-06-07 05:00:00,2022-06-07 09:00:00,-1.0
USD_SGD,2022-06-08 05:00:00,2022-06-12 21:00:00,-1.0
EUR_JPY,2022-06-08 21:00:00,2022-06-10 05:00:00,-1.0
GBP_JPY,2022-06-08 21:00:00,2022-06-10 09:00:00,-1.0
NZD_JPY,2022-06-09 05:00:00,2022-06-10 09:00:00,-1.0
CHF_JPY,2022-06-09 05:00:00,2022-06-10 13:00:00,-1.0
EUR_JPY,2022-06-09 05:00:00,2022-06-10 05:00:00,-1.0
USD_NOK,2022-06-09 09:00:00,2022-06-09 13:00:00,1.0
EUR_USD,2022-06-09 09:00:00,2022-06-09 17:00:00,1.0
GBP_CHF,2022-06-09 13:00:00,2022-06-12 21:00:00,1.0
GBP_JPY,2022-06-13 01:00:00,2022-06-13 09:00:00,-1.0
EUR_GBP,2022-06-13 21:00:00,2022-06-14 09:00:00,1.0
GBP_AUD,2022-06-14 05:00:00,2022-06-16 01:00:00,-1.0
GBP_CHF,2022-06-14 21:00:00,2022-06-16 05:00:00,1.0
CAD_CHF,2022-06-14 21:00:00,2022-06-16 05:00:00,1.0
USD_SEK,2022-06-15 09:00:00,2022-06-15 17:00:00,-1.0
USD_SGD,2022-06-15 09:00:00,2022-07-05 09:00:00,-0.9064333785831855
EUR_NOK,2022-06-15 13:00:00,2022-06-16 13:00:00,-1.0
AUD_USD,2022-06-15 17:00:00,2022-06-15 21:00:00,1.0
GBP_USD,2022-06-15 17:00:00,2022-06-15 21:00:00,1.0
GBP_AUD,2022-06-16 09:00:00,2022-06-16 13:00:00,1.0
GBP_CAD,2022-06-16 09:00:00,2022-06-16 13:00:00,1.0
GBP_CHF,2022-06-16 21:00:00,2022-06-17 09:00:00,1.0
GBP_AUD,2022-06-17 01:00:00,2022-06-21 09:00:00,1.0
EUR_USD,2022-06-17 09:00:00,2022-06-30 09:00:00,1.0
USD_PLN,2022-06-19 21:00:00,2022-06-20 05:00:00,1.0
GBP_JPY,2022-06-20 01:00:00,2022-06-21 05:00:00,1.0
EUR_JPY,2022-06-20 01:00:00,2022-06-21 05:00:00,1.0
GBP_CAD,2022-06-20 05:00:00,2022-06-28 09:00:00,-1.0
GBP_USD,2022-06-20 13:00:00,2022-06-29 13:00:00,-1.0
EUR_JPY,2022-06-20 17:00:00,2022-06-21 09:00:00,1.0
EUR_USD,2022-06-20 21:00:00,2022-06-30 09:00:00,1.0
EUR_CAD,2022-06-21 05:00:00,2022-06-28 13:00:00,1.0
EUR_USD,2022-06-21 05:00:00,2022-06-29 17:00:00,1.0
EUR_JPY,2022-06-21 21:00:00,2022-06-23 05:00:00,-1.0
NZD_CHF,2022-06-22 21:00:00,2022-06-28 13:00:00,1.0
USD_SEK,2022-06-23 01:00:00,2022-06-29 13:00:00,-1.0
GBP_CAD,2022-06-23 05:00:00,2022-06-28 09:00:00,-1.0
NZD_JPY,2022-06-23 13:00:00,2022-06-24 13:00:00,1.0
AUD_USD,2022-06-23 13:00:00,2022-06-24 13:00:00,1.0
EUR_NOK,2022-06-23 21:00:00,2022-06-24 13:00:00,1.0
AUD_CAD,2022-06-23 21:00:00,2022-06-29 05:00:00,-1.0
GBP_CAD,2022-06-24 05:00:00,2022-06-28 05:00:00,-1.0
USD_CHF,2022-06-24 05:00:00,2022-06-24 13:00:00,1.0
GBP_USD,2022-06-24 05:00:00,2022-06-29 13:00:00,-1.0
EUR_GBP,2022-06-24 09:00:00,2022-06-29 09:00:00,1.0
GBP_USD,2022-06-27 05:00:00,2022-06-29 09:00:00,-1.0
USD_SEK,2022-06-27 17:00:00,2022-06-29 05:00:00,-1.0
AUD_JPY,2022-06-28 01:00:00,2022-06-28 09:00:00,1.0
GBP_JPY,2022-06-28 01:00:00,2022-07-01 01:00:00,-1.0
EUR_NOK,2022-06-28 09:00:00,2022-07-04 13:00:00,1.0
EUR_AUD,2022-06-29 05:00:00,2022-06-30 09:00:00,1.0
USD_NOK,2022-06-29 05:00:00,2022-06-29 17:00:00,1.0
AUD_JPY,2022-06-29 05:00:00,2022-07-01 01:00:00,-1.0
AUD_JPY,2022-06-29 21:00:00,2022-07-01 01:00:00,-1.0
CAD_CHF,2022-06-29 21:00:00,2022-07-07 09:00:00,-1.0
EUR_NOK,2022-06-29 21:00:00,2022-07-04 21:00:00,1.0
AUD_NZD,2022-06-30 05:00:00,2022-07-20 05:00:00,0.11674419446505824
USD_PLN,2022-06-30 05:00:00,2022-07-01 09:00:00,-1.0
AUD_JPY,2022-06-30 05:00:00,2022-07-01 01:00:00,-1.0
GBP_CAD,2022-06-30 09:00:00,2022-07-06 09:00:00,-1.0
GBP_AUD,2022-06-30 09:00:00,2022-07-01 01:00:00,1.0
NZD_CAD,2022-06-30 13:00:00,2022-07-01 09:00:00,1.0
USD_NOK,2022-06-30 21:00:00,2022-07-01 01:00:00,1.0
GBP_CAD,2022-07-01 05:00:00,2022-07-06 09:00:00,-1.0
NZD_JPY,2022-07-01 09:00:00,2022-07-01 17:00:00,1.0
AUD_JPY,2022-07-01 09:00:00,2022-07-04 05:00:00,1.0
USD_ZAR,2022-07-01 09:00:00,2022-07-04 09:00:00,1.0
USD_SGD,2022-07-05 05:00:00,2022-07-25 05:00:00,0.8601504189834073
GBP_USD,2022-07-05 05:00:00,2022-07-05 09:00:00,-1.0
NZD_CHF,2022-07-06 05:00:00,2022-07-08 13:00:00,-1.0
CAD_CHF,2022-07-06 05:00:00,2022-07-07 17:00:00,-1.0
EUR_USD,2022-07-06 05:00:00,2022-07-06 09:00:00,1.0
GBP_CHF,2022-07-06 05:00:00,2022-07-07 17:00:00,-1.0
GBP_JPY,2022-07-06 09:00:00,2022-07-07 05:00:00,1.0
USD_SEK,2022-07-06 09:00:00,2022-07-11 13:00:00,-1.0
GBP_USD,2022-07-06 09:00:00,2022-07-07 21:00:00,1.0
EUR_NOK,2022-07-06 21:00:00,2022-07-13 21:00:00,1.0
AUD_JPY,2022-07-06 21:00:00,2022-07-07 05:00:00,1.0
AUD_USD,2022-07-06 21:00:00,2022-07-07 09:00:00,1.0
USD_SEK,2022-07-07 05:00:00,2022-07-11 21:00:00,-1.0
USD_NOK,2022-07-07 09:00:00,2022-07-08 05:00:00,1.0
GBP_AUD,2022-07-07 09:00:00,2022-07-11 09:00:00,1.0
GBP_JPY,2022-07-08 01:00:00,2022-07-14 05:00:00,1.0
GBP_AUD,2022-07-08 05:00:00,2022-07-19 13:00:00,-1.0
AUD_NZD,2022-07-08 09:00:00,2022-07-27 13:00:00,1.0
EUR_AUD,2022-07-08 09:00:00,2022-07-21 17:00:00,1.0
NZD_CAD,2022-07-08 13:00:00,2022-07-13 13:00:00,1.0
USD_SEK,2022-07-10 21:00:00,2022-07-11 13:00:00,-1.0
EUR_GBP,2022-07-10 21:00:00,2022-07-19 09:00:00,1.0
USD_PLN,2022-07-10 21:00:00,2022-07-11 09:00:00,-1.0
CAD_JPY,2022-07-11 05:00:00,2022-07-14 01:00:00,1.0
EUR_JPY,2022-07-11 05:00:00,2022-07-12 09:00:00,-1.0
EUR_GBP,2022-07-11 05:00:00,2022-07-19 09:00:00,1.0
CAD_CHF,2022-07-12 21:00:00,2022-07-14 09:00:00,1.0
EUR_JPY,2022-07-13 05:00:00,2022-07-13 13:00:00,1.0
USD_ZAR,2022-07-13 05:00:00,2022-07-13 13:00:00,1.0
NZD_CHF,2022-07-13 09:00:00,2022-07-29 13:00:00,1.0
EUR_USD,2022-07-13 13:00:00,2022-07-14 09:00:00,1.0
USD_ZAR,2022-07-14 05:00:00,2022-07-14 09:00:00,-1.0
USD_NOK,2022-07-14 09:00:00,2022-07-14 13:00:00,1.0
USD_PLN,2022-07-14 13:00:00,2022-07-15 09:00:00,1.0
AUD_CAD,2022-07-14 21:00:00,2022-07-19 05:00:00,1.0
NZD_USD,2022-07-14 21:00:00,2022-07-15 09:00:00,1.0
AUD_JPY,2022-07-15 05:00:00,2022-07-18 09:00:00,1.0
NZD_JPY,2022-07-15 05:00:00,2022-07-19 09:00:00,1.0
GBP_JPY,2022-07-15 05:00:00,2022-07-18 13:00:00,1.0
EUR_JPY,2022-07-15 05:00:00,2022-07-18 09:00:00,1.0
CAD_CHF,2022-07-15 09:00:00,2022-07-29 09:00:00,1.0
USD_ZAR,2022-07-17 21:00:00,2022-07-22 09:00:00,1.0
AUD_JPY,2022-07-18 05:00:00,2022-07-19 05:00:00,1.0
USD_SEK,2022-07-18 05:00:00,2022-07-18 13:00:00,1.0
AUD_USD,2022-07-18 17:00:00,2022-07-19 05:00:00,1.0
EUR_AUD,2022-07-19 05:00:00,2022-07-22 01:00:00,1.0
USD_ZAR,2022-07-19 17:00:00,2022-07-22 09:00:00,1.0
AUD_JPY,2022-07-20 01:00:00,2022-07-22 17:00:00,-1.0
GBP_JPY,2022-07-20 01:00:00,2022-07-22 05:00:00,-1.0
EUR_JPY,2022-07-20 01:00:00,2022-07-22 05:00:00,-1.0
EUR_GBP,2022-07-20 01:00:00,2022-07-26 13:00:00,-1.0
AUD_CAD,2022-07-20 01:00:00,2022-07-26 13:00:00,1.0
CHF_JPY,2022-07-20 09:00:00,2022-07-28 09:00:00,-1.0
EUR_GBP,2022-07-20 09:00:00,2022-07-26 13:00:00,-1.0
EUR_AUD,2022-07-20 13:00:00,2022-07-22 05:00:00,1.0
USD_ZAR,2022-07-20 13:00:00,2022-07-22 09:00:00,1.0
GBP_CHF,2022-07-20 21:00:00,2022-07-22 09:00:00,1.0
USD_JPY,2022-07-21 01:00:00,2022-07-22 09:00:00,-1.0
USD_SEK,2022-07-21 05:00:00,2022-07-21 09:00:00,1.0
NZD_CAD,2022-07-21 09:00:00,2022-07-24 21:00:00,-1.0
USD_CZK,2022-07-21 09:00:00,2022-07-26 09:00:00,1.0
USD_NOK,2022-07-21 09:00:00,2022-07-22 05:00:00,1.0
EUR_USD,2022-07-21 09:00:00,2022-07-26 09:00:00,1.0
NZD_CAD,2022-07-21 17:00:00,2022-08-01 13:00:00,-1.0
AUD_NZD,2022-07-22 05:00:00,2022-08-11 05:00:00,-0.28776069856390724
EUR_NOK,2022-07-24 21:00:00,2022-07-25 13:00:00,1.0
USD_JPY,2022-07-25 01:00:00,2022-07-27 13:00:00,1.0
CHF_JPY,2022-07-25 01:00:00,2022-07-29 01:00:00,-1.0
USD_CHF,2022-07-25 05:00:00,2022-07-28 17:00:00,1.0
GBP_JPY,2022-07-26 05:00:00,2022-07-27 17:00:00,1.0
NZD_JPY,2022-07-26 05:00:00,2022-07-28 13:00:00,-1.0
USD_ZAR,2022-07-26 05:00:00,2022-07-26 13:00:00,-1.0
EUR_JPY,2022-07-26 05:00:00,2022-07-28 01:00:00,-1.0
GBP_USD,2022-07-26 05:00:00,2022-07-27 17:00:00,1.0
USD_CHF,2022-07-26 09:00:00,2022-07-28 13:00:00,1.0
CHF_JPY,2022-07-26 09:00:00,2022-07-29 01:00:00,-1.0
EUR_NOK,2022-07-26 21:00:00,2022-07-27 17:00:00,1.0
GBP_CAD,2022-07-27 05:00:00,2022-07-29 05:00:00,1.0
CAD_CHF,2022-07-27 13:00:00,2022-08-01 13:00:00,1.0
GBP_AUD,2022-07-27 17:00:00,2022-08-02 01:00:00,1.0
USD_ZAR,2022-07-27 17:00:00,2022-07-27 21:00:00,1.0
CAD_CHF,2022-07-27 21:00:00,2022-07-29 09:00:00,1.0
EUR_NOK,2022-07-27 21:00:00,2022-07-28 09:00:00,1.0
USD_ZAR,2022-07-28 05:00:00,2022-07-28 13:00:00,1.0
GBP_CAD,2022-07-28 05:00:00,2022-08-01 13:00:00,1.0
USD_CAD,2022-07-28 09:00:00,2022-08-05 09:00:00,-1.0
NZD_USD,2022-07-28 09:00:00,2022-07-29 05:00:00,1.0
EUR_AUD,2022-07-28 13:00:00,2022-08-02 01:00:00,-1.0
GBP_USD,2022-07-29 05:00:00,2022-08-01 13:00:00,1.0
USD_PLN,2022-07-31 21:00:00,2022-08-01 13:00:00,1.0
EUR_JPY,2022-07-31 21:00:00,2022-08-01 21:00:00,-1.0
GBP_CAD,2022-08-01 05:00:00,2022-08-01 13:00:00,1.0
GBP_AUD,2022-08-01 05:00:00,2022-08-02 05:00:00,1.0
USD_SEK,2022-08-02 01:00:00,2022-08-02 17:00:00,-1.0
GBP_CHF,2022-08-02 21:00:00,2022-08-08 13:00:00,1.0
NZD_CHF,2022-08-02 21:00:00,2022-08-04 05:00:00,-1.0
CAD_JPY,2022-08-03 01:00:00,2022-08-03 13:00:00,1.0
USD_SGD,2022-08-03 13:00:00,2022-08-11 13:00:00,1.0
USD_CAD,2022-08-03 13:00:00,2022-08-11 13:00:00,1.0
NZD_USD,2022-08-03 21:00:00,2022-08-04 09:00:00,1.0
GBP_CAD,2022-08-04 09:00:00,2022-08-18 21:00:00,-1.0
USD_NOK,2022-08-04 09:00:00,2022-08-05 09:00:00,1.0
CHF_JPY,2022-08-05 05:00:00,2022-08-05 13:00:00,1.0
AUD_USD,2022-08-05 05:00:00,2022-08-05 09:00:00,-1.0
NZD_CHF,2022-08-07 21:00:00,2022-08-12 01:00:00,-1.0
EUR_GBP,2022-08-07 21:00:00,2022-08-19 13:00:00,1.0
CAD_CHF,2022-08-08 09:00:00,2022-08-10 09:00:00,1.0
EUR_NOK,2022-08-08 21:00:00,2022-08-10 13:00:00,1.0
AUD_USD,2022-08-09 05:00:00,2022-08-10 09:00:00,1.0
GBP_CHF,2022-08-09 09:00:00,2022-08-12 09:00:00,1.0
USD_ZAR,2022-08-09 09:00:00,2022-08-10 09:00:00,1.0
GBP_CAD,2022-08-09 17:00:00,2022-08-19 09:00:00,-1.0
CHF_JPY,2022-08-10 01:00:00,2022-08-19 09:00:00,1.0
NZD_JPY,2022-08-10 05:00:00,2022-08-11 21:00:00,1.0
EUR_AUD,2022-08-10 09:00:00,2022-08-10 13:00:00,1.0
GBP_CHF,2022-08-10 09:00:00,2022-08-12 09:00:00,1.0
USD_CAD,2022-08-10 09:00:00,2022-08-10 13:00:00,1.0
AUD_JPY,2022-08-10 09:00:00,2022-08-12 01:00:00,1.0
EUR_NOK,2022-08-11 05:00:00,2022-08-23 05:00:00,1.0
NZD_JPY,2022-08-11 09:00:00,2022-08-12 01:00:00,1.0
USD_CAD,2022-08-11 17:00:00,2022-08-15 09:00:00,-1.0
USD_CHF,2022-08-12 09:00:00,2022-08-17 05:00:00,-1.0
USD_ZAR,2022-08-12 09:00:00,2022-08-15 09:00:00,-1.0
GBP_CHF,2022-08-14 21:00:00,2022-08-19 09:00:00,1.0
CHF_JPY,2022-08-14 21:00:00,2022-08-19 09:00:00,1.0
USD_NOK,2022-08-15 21:00:00,2022-08-19 05:00:00,1.0
GBP_AUD,2022-08-16 01:00:00,2022-08-17 01:00:00,1.0
EUR_AUD,2022-08-16 05:00:00,2022-08-17 09:00:00,-1.0
AUD_JPY,2022-08-16 21:00:00,2022-08-25 01:00:00,1.0
CHF_JPY,2022-08-17 01:00:00,2022-08-19 05:00:00,1.0
NZD_USD,2022-08-17 05:00:00,2022-08-17 13:00:00,-1.0
NZD_CAD,2022-08-17 17:00:00,2022-08-19 13:00:00,1.0
GBP_JPY,2022-08-17 17:00:00,2022-08-22 05:00:00,-1.0
GBP_JPY,2022-08-18 05:00:00,2022-09-05 05:00:00,-1.0
NZD_CAD,2022-08-18 09:00:00,2022-08-19 13:00:00,1.0
NZD_JPY,2022-08-18 13:00:00,2022-08-30 05:00:00,1.0
CHF_JPY,2022-08-18 13:00:00,2022-08-19 09:00:00,1.0
NZD_JPY,2022-08-18 21:00:00,2022-08-30 05:00:00,1.0
EUR_NOK,2022-08-18 21:00:00,2022-08-23 05:00:00,1.0
USD_HUF,2022-08-19 09:00:00,2022-08-22 09:00:00,-1.0
AUD_JPY,2022-08-21 21:00:00,2022-08-25 01:00:00,1.0
EUR_GBP,2022-08-21 21:00:00,2022-08-30 09:00:00,1.0
CAD_CHF,2022-08-21 21:00:00,2022-08-25 09:00:00,-1.0
EUR_USD,2022-08-22 01:00:00,2022-08-22 13:00:00,1.0
USD_CHF,2022-08-22 05:00:00,2022-08-29 01:00:00,-1.0
GBP_CHF,2022-08-22 21:00:00,2022-09-07 13:00:00,1.0
GBP_CAD,2022-08-24 05:00:00,2022-09-02 09:00:00,-1.0
AUD_JPY,2022-08-24 09:00:00,2022-08-25 05:00:00,1.0
USD_CHF,2022-08-24 09:00:00,2022-08-30 13:00:00,-1.0
NZD_JPY,2022-08-24 09:00:00,2022-08-29 13:00:00,1.0
AUD_USD,2022-08-24 09:00:00,2022-08-25 05:00:00,1.0
EUR_AUD,2022-08-24 09:00:00,2022-08-29 09:00:00,-1.0
CHF_JPY,2022-08-25 01:00:00,2022-08-29 01:00:00,1.0
GBP_CHF,2022-08-25 05:00:00,2022-08-29 09:00:00,1.0
GBP_CHF,2022-08-25 21:00:00,2022-08-29 09:00:00,1.0
AUD_CAD,2022-08-26 05:00:00,2022-09-01 13:00:00,-1.0
GBP_CAD,2022-08-28 21:00:00,2022-09-02 13:00:00,-1.0
AUD_USD,2022-08-30 01:00:00,2022-08-31 21:00:00,-1.0
USD_SGD,2022-08-30 01:00:00,2022-09-07 01:00:00,-1.0
GBP_CAD,2022-08-30 09:00:00,2022-09-04 21:00:00,-1.0
EUR_PLN,2022-08-30 09:00:00,2022-09-12 01:00:00,1.0
USD_PLN,2022-08-31 05:00:00,2022-09-04 21:00:00,-1.0
EUR_JPY,2022-08-31 05:00:00,2022-09-02 09:00:00,1.0
USD_SEK,2022-08-31 05:00:00,2022-09-01 13:00:00,-1.0
GBP_AUD,2022-08-31 13:00:00,2022-09-06 09:00:00,1.0
GBP_AUD,2022-08-31 21:00:00,2022-09-06 09:00:00,1.0
NZD_CAD,2022-09-01 05:00:00,2022-09-06 13:00:00,1.0
EUR_JPY,2022-09-01 09:00:00,2022-09-06 05:00:00,1.0
AUD_JPY,2022-09-01 09:00:00,2022-09-02 09:00:00,1.0
USD_CAD,2022-09-01 13:00:00,2022-09-08 21:00:00,1.0
GBP_AUD,2022-09-02 05:00:00,2022-09-14 09:00:00,1.0
NZD_CAD,2022-09-02 05:00:00,2022-09-13 09:00:00,1.0
EUR_NOK,2022-09-02 09:00:00,2022-09-05 09:00:00,1.0
GBP_CHF,2022-09-02 09:00:00,2022-09-07 13:00:00,1.0
USD_CHF,2022-09-02 09:00:00,2022-09-08 09:00:00,1.0
NZD_JPY,2022-09-04 21:00:00,2022-09-06 05:00:00,1.0
AUD_CAD,2022-09-04 21:00:00,2022-09-07 09:00:00,-1.0
AUD_JPY,2022-09-04 21:00:00,2022-09-06 05:00:00,1.0
USD_SEK,2022-09-04 21:00:00,2022-09-07 17:00:00,1.0
AUD_USD,2022-09-04 21:00:00,2022-09-06 21:00:00,-1.0
USD_ZAR,2022-09-04 21:00:00,2022-09-05 13:00:00,1.0
GBP_CHF,2022-09-05 05:00:00,2022-09-08 13:00:00,1.0
EUR_PLN,2022-09-05 09:00:00,2022-09-09 17:00:00,1.0
AUD_JPY,2022-09-06 01:00:00,2022-09-06 13:00:00,1.0
AUD_USD,2022-09-06 01:00:00,2022-09-06 21:00:00,-1.0
CAD_CHF,2022-09-06 01:00:00,2022-09-08 09:00:00,1.0
USD_SGD,2022-09-06 01:00:00,2022-09-21 17:00:00,-1.0
USD_CHF,2022-09-07 09:00:00,2022-09-08 05:00:00,1.0
GBP_USD,2022-09-07 09:00:00,2022-09-09 01:00:00,1.0
USD_ZAR,2022-09-07 09:00:00,2022-09-12 05:00:00,1.0
NZD_USD,2022-09-07 09:00:00,2022-09-07 17:00:00,1.0
AUD_USD,2022-09-07 09:00:00,2022-09-07 21:00:00,1.0
EUR_JPY,2022-09-08 01:00:00,2022-09-12 05:00:00,1.0
GBP_JPY,2022-09-08 01:00:00,2022-09-13 09:00:00,1.0
USD_SGD,2022-09-08 05:00:00,2022-09-22 01:00:00,-1.0
EUR_GBP,2022-09-08 09:00:00,2022-09-16 09:00:00,1.0
AUD_CAD,2022-09-08 09:00:00,2022-09-09 05:00:00,1.0
AUD_USD,2022-09-08 09:00:00,2022-09-08 21:00:00,1.0
USD_PLN,2022-09-08 13:00:00,2022-09-08 21:00:00,1.0
GBP_USD,2022-09-08 13:00:00,2022-09-09 01:00:00,1.0
USD_HUF,2022-09-08 13:00:00,2022-09-09 01:00:00,1.0
CHF_JPY,2022-09-09 09:00:00,2022-09-12 05:00:00,1.0
CAD_CHF,2022-09-09 17:00:00,2022-09-13 17:00:00,1.0
AUD_CAD,2022-09-09 17:00:00,2022-09-27 17:00:00,-1.0
NZD_CAD,2022-09-11 21:00:00,2022-09-13 13:00:00,1.0
GBP_AUD,2022-09-12 13:00:00,2022-09-14 05:00:00,1.0
USD_SGD,2022-09-12 17:00:00,2022-09-16 05:00:00,-1.0
EUR_NOK,2022-09-12 21:00:00,2022-09-13 17:00:00,-1.0
AUD_USD,2022-09-13 01:00:00,2022-09-13 09:00:00,-1.0
EUR_JPY,2022-09-13 05:00:00,2022-09-14 13:00:00,-1.0
GBP_CHF,2022-09-13 05:00:00,2022-09-15 09:00:00,1.0
CHF_JPY,2022-09-13 05:00:00,2022-09-19 05:00:00,-1.0
CAD_CHF,2022-09-13 09:00:00,2022-09-15 09:00:00,1.0
EUR_NOK,2022-09-14 09:00:00,2022-09-16 05:00:00,-1.0
EUR_USD,2022-09-14 09:00:00,2022-09-21 05:00:00,0.9999999999999889
EUR_AUD,2022-09-15 05:00:00,2022-09-16 13:00:00,-1.0
AUD_CAD,2022-09-15 05:00:00,2022-09-22 17:00:00,1.0
USD_PLN,2022-09-15 09:00:00,2022-09-19 17:00:00,1.0
USD_CHF,2022-09-16 01:00:00,2022-09-22 05:00:00,-1.0
EUR_JPY,2022-09-16 05:00:00,2022-09-21 21:00:00,-1.0
CHF_JPY,2022-09-16 05:00:00,2022-09-22 01:00:00,1.0
AUD_JPY,2022-09-19 13:00:00,2022-09-22 01:00:00,-1.0
AUD_USD,2022-09-19 13:00:00,2022-09-19 21:00:00,1.0
USD_CHF,2022-09-19 13:00:00,2022-09-22 05:00:00,-1.0
USD_SGD,2022-09-20 05:00:00,2022-09-22 05:00:00,-1.0
GBP_CAD,2022-09-20 21:00:00,2022-09-23 09:00:00,-1.0
GBP_AUD,2022-09-20 21:00:00,2022-09-23 09:00:00,-1.0
USD_JPY,2022-09-21 05:00:00,2022-09-22 01:00:00,1.0
USD_JPY,2022-09-21 17:00:00,2022-09-22 01:00:00,1.0
USD_NOK,2022-09-21 17:00:00,2022-09-21 21:00:00,1.0
USD_JPY,2022-09-22 01:00:00,2022-09-22 05:00:00,-1.0
EUR_NOK,2022-09-22 05:00:00,2022-09-26 01:00:00,-1.0
CHF_JPY,2022-09-22 05:00:00,2022-09-22 09:00:00,-1.0
EUR_AUD,2022-09-23 09:00:00,2022-09-28 05:00:00,-1.0
EUR_PLN,2022-09-25 21:00:00,2022-09-28 05:00:00,-1.0
AUD_NZD,2022-09-25 21:00:00,2022-09-26 13:00:00,1.0
CAD_CHF,2022-09-26 05:00:00,2022-09-28 05:00:00,1.0
CAD_CHF,2022-09-27 17:00:00,2022-09-28 13:00:00,1.0
EUR_JPY,2022-09-28 09:00:00,2022-09-28 13:00:00,1.0
AUD_USD,2022-09-29 05:00:00,2022-09-30 17:00:00,-1.0
AUD_JPY,2022-09-29 05:00:00,2022-10-03 17:00:00,1.0
CHF_JPY,2022-09-29 05:00:00,2022-10-03 13:00:00,-1.0
EUR_JPY,2022-09-29 05:00:00,2022-09-29 09:00:00,1.0
CAD_CHF,2022-09-29 09:00:00,2022-10-03 13:00:00,-1.0
EUR_JPY,2022-09-30 09:00:00,2022-10-04 05:00:00,1.0
GBP_CAD,2022-09-30 09:00:00,2022-09-30 17:00:00,1.0
GBP_USD,2022-09-30 09:00:00,2022-10-03 05:00:00,1.0
GBP_AUD,2022-09-30 09:00:00,2022-09-30 13:00:00,1.0
USD_SEK,2022-09-30 09:00:00,2022-09-30 13:00:00,1.0
GBP_JPY,2022-09-30 09:00:00,2022-10-03 05:00:00,1.0
USD_NOK,2022-10-03 05:00:00,2022-10-03 13:00:00,-1.0
EUR_USD,2022-10-03 05:00:00,2022-10-04 09:00:00,-1.0
USD_SEK,2022-10-03 05:00:00,2022-10-03 13:00:00,1.0
EUR_JPY,2022-10-03 09:00:00,2022-10-04 09:00:00,1.0
USD_PLN,2022-10-03 09:00:00,2022-10-03 13:00:00,1.0
USD_ZAR,2022-10-03 09:00:00,2022-10-03 13:00:00,1.0
NZD_CAD,2022-10-04 05:00:00,2022-10-06 01:00:00,-1.0
NZD_JPY,2022-10-04 09:00:00,2022-10-05 01:00:00,1.0
AUD_USD,2022-10-04 09:00:00,2022-10-06 01:00:00,1.0
EUR_NOK,2022-10-04 09:00:00,2022-10-06 05:00:00,1.0
GBP_USD,2022-10-04 09:00:00,2022-10-04 13:00:00,1.0
GBP_JPY,2022-10-04 09:00:00,2022-10-04 21:00:00,1.0
NZD_USD,2022-10-04 09:00:00,2022-10-05 01:00:00,1.0
NZD_JPY,2022-10-04 21:00:00,2022-10-05 01:00:00,1.0
NZD_CHF,2022-10-05 01:00:00,2022-10-07 05:00:00,1.0
EUR_JPY,2022-10-05 05:00:00,2022-10-06 13:00:00,-1.0
USD_SGD,2022-10-05 09:00:00,2022-10-10 13:00:00,-1.0
USD_JPY,2022-10-05 17:00:00,2022-10-11 17:00:00,1.0
GBP_AUD,2022-10-06 21:00:00,2022-10-10 05:00:00,1.0
CAD_CHF,2022-10-07 05:00:00,2022-10-10 09:00:00,-1.0
EUR_USD,2022-10-07 05:00:00,2022-10-10 05:00:00,1.0
EUR_PLN,2022-10-07 09:00:00,2022-10-11 13:00:00,1.0
USD_CZK,2022-10-07 09:00:00,2022-10-10 05:00:00,1.0
EUR_NOK,2022-10-10 21:00:00,2022-10-20 21:00:00,-1.0
EUR_USD,2022-10-11 05:00:00,2022-10-17 13:00:00,-1.0
USD_CZK,2022-10-11 05:00:00,2022-10-13 09:00:00,1.0
AUD_JPY,2022-10-11 09:00:00,2022-10-11 13:00:00,1.0
USD_SEK,2022-10-11 09:00:00,2022-10-13 09:00:00,-1.0
AUD_CAD,2022-10-11 09:00:00,2022-10-26 05:00:00,1.0
AUD_USD,2022-10-11 09:00:00,2022-10-11 13:00:00,1.0
USD_NOK,2022-10-11 13:00:00,2022-10-12 05:00:00,-1.0
USD_SEK,2022-10-11 17:00:00,2022-10-13 13:00:00,1.0
USD_NOK,2022-10-11 21:00:00,2022-10-12 01:00:00,1.0
USD_CHF,2022-10-12 01:00:00,2022-10-21 05:00:00,-1.0
CAD_CHF,2022-10-12 13:00:00,2022-10-19 21:00:00,-1.0
EUR_USD,2022-10-12 17:00:00,2022-10-14 01:00:00,-1.0
CHF_JPY,2022-10-12 21:00:00,2022-10-17 05:00:00,1.0
AUD_JPY,2022-10-13 09:00:00,2022-10-13 13:00:00,-1.0
EUR_NOK,2022-10-13 09:00:00,2022-10-13 13:00:00,1.0
USD_PLN,2022-10-13 09:00:00,2022-10-13 13:00:00,1.0
NZD_JPY,2022-10-13 09:00:00,2022-10-13 13:00:00,-1.0
EUR_JPY,2022-10-13 09:00:00,2022-10-13 13:00:00,1.0
EUR_PLN,2022-10-13 13:00:00,2022-10-13 17:00:00,1.0
USD_JPY,2022-10-13 13:00:00,2022-10-14 13:00:00,1.0
AUD_USD,2022-10-14 05:00:00,2022-10-14 13:00:00,-1.0
USD_PLN,2022-10-14 05:00:00,2022-10-14 09:00:00,-1.0
GBP_JPY,2022-10-14 05:00:00,2022-10-17 09:00:00,1.0
GBP_USD,2022-10-14 05:00:00,2022-10-14 09:00:00,-1.0
USD_CAD,2022-10-14 05:00:00,2022-10-23 21:00:00,1.0
USD_SEK,2022-10-14 05:00:00,2022-10-17 13:00:00,1.0
EUR_JPY,2022-10-14 05:00:00,2022-10-17 09:00:00,1.0
GBP_AUD,2022-10-14 09:00:00,2022-10-14 13:00:00,1.0
USD_NOK,2022-10-14 09:00:00,2022-10-14 13:00:00,1.0
EUR_GBP,2022-10-14 09:00:00,2022-10-18 09:00:00,1.0
GBP_CHF,2022-10-14 09:00:00,2022-10-25 13:00:00,-1.0
AUD_USD,2022-10-18 01:00:00,2022-10-20 13:00:00,1.0
USD_PLN,2022-10-18 05:00:00,2022-10-21 13:00:00,1.0
USD_CAD,2022-10-18 05:00:00,2022-10-26 01:00:00,1.0
GBP_USD,2022-10-18 05:00:00,2022-10-19 13:00:00,-1.0
USD_CHF,2022-10-18 05:00:00,2022-10-19 17:00:00,-1.0
GBP_JPY,2022-10-18 05:00:00,2022-10-21 13:00:00,-1.0
USD_JPY,2022-10-18 09:00:00,2022-10-20 17:00:00,1.0
EUR_AUD,2022-10-18 13:00:00,2022-10-20 13:00:00,1.0
AUD_CAD,2022-10-19 05:00:00,2022-10-26 05:00:00,1.0
NZD_CAD,2022-10-19 13:00:00,2022-10-20 01:00:00,1.0
EUR_NOK,2022-10-19 21:00:00,2022-10-27 05:00:00,1.0
GBP_CHF,2022-10-20 09:00:00,2022-10-25 13:00:00,-1.0
EUR_GBP,2022-10-20 09:00:00,2022-10-27 13:00:00,-1.0
USD_NOK,2022-10-20 09:00:00,2022-10-20 21:00:00,1.0
CAD_JPY,2022-10-20 17:00:00,2022-10-21 13:00:00,-1.0
EUR_AUD,2022-10-20 17:00:00,2022-10-27 13:00:00,1.0
USD_NOK,2022-10-20 21:00:00,2022-10-21 09:00:00,1.0
AUD_JPY,2022-10-21 05:00:00,2022-10-21 13:00:00,-1.0
NZD_JPY,2022-10-21 05:00:00,2022-10-21 13:00:00,-1.0
USD_PLN,2022-10-21 05:00:00,2022-10-21 13:00:00,1.0
AUD_CAD,2022-10-21 09:00:00,2022-10-21 17:00:00,1.0
AUD_JPY,2022-10-23 21:00:00,2022-10-24 01:00:00,1.0
AUD_CAD,2022-10-25 09:00:00,2022-10-26 05:00:00,1.0
GBP_JPY,2022-10-26 05:00:00,2022-10-28 13:00:00,1.0
CAD_CHF,2022-10-26 09:00:00,2022-10-26 13:00:00,1.0
EUR_NOK,2022-10-26 21:00:00,2022-10-27 13:00:00,1.0
AUD_JPY,2022-10-26 21:00:00,2022-11-02 17:00:00,-1.0
EUR_AUD,2022-10-27 05:00:00,2022-10-27 13:00:00,1.0
AUD_USD,2022-10-27 05:00:00,2022-10-28 05:00:00,-1.0
NZD_JPY,2022-10-27 05:00:00,2022-10-28 01:00:00,1.0
USD_ZAR,2022-10-27 05:00:00,2022-10-28 09:00:00,-1.0
AUD_JPY,2022-10-27 05:00:00,2022-11-02 21:00:00,-1.0
AUD_CAD,2022-10-27 05:00:00,2022-10-30 21:00:00,-1.0
GBP_CHF,2022-10-27 09:00:00,2022-10-30 21:00:00,-1.0
USD_JPY,2022-10-27 13:00:00,2022-10-28 05:00:00,1.0
USD_NOK,2022-10-27 13:00:00,2022-10-28 05:00:00,1.0
CHF_JPY,2022-10-27 13:00:00,2022-11-03 09:00:00,-1.0
CHF_JPY,2022-10-27 21:00:00,2022-10-31 09:00:00,1.0
GBP_CHF,2022-10-27 21:00:00,2022-11-03 09:00:00,1.0
NZD_USD,2022-10-28 05:00:00,2022-11-01 05:00:00,1.0
EUR_PLN,2022-10-28 09:00:00,2022-11-04 05:00:00,1.0
USD_SGD,2022-10-31 05:00:00,2022-11-08 14:00:00,1.0
USD_HUF,2022-10-31 13:00:00,2022-11-01 05:00:00,1.0
AUD_JPY,2022-10-31 13:00:00,2022-11-02 21:00:00,-1.0
NZD_JPY,2022-10-31 13:00:00,2022-11-01 01:00:00,1.0
EUR_AUD,2022-11-01 05:00:00,2022-11-04 09:00:00,1.0
GBP_AUD,2022-11-01 09:00:00,2022-11-03 21:00:00,-1.0
NZD_USD,2022-11-01 13:00:00,2022-11-02 17:00:00,1.0
USD_PLN,2022-11-01 21:00:00,2022-11-02 17:00:00,1.0
USD_SGD,2022-11-01 21:00:00,2022-11-04 17:00:00,1.0
USD_CHF,2022-11-01 21:00:00,2022-11-03 05:00:00,-1.0
EUR_USD,2022-11-02 05:00:00,2022-11-03 05:00:00,1.0
USD_NOK,2022-11-02 17:00:00,2022-11-02 21:00:00,1.0
EUR_USD,2022-11-02 17:00:00,2022-11-02 21:00:00,1.0
GBP_CHF,2022-11-03 21:00:00,2022-11-07 22:00:00,-1.0
EUR_AUD,2022-11-04 13:00:00,2022-11-09 10:00:00,-1.0
EUR_PLN,2022-11-04 13:00:00,2022-11-15 18:00:00,-1.0
USD_CAD,2022-11-06 22:00:00,2022-11-10 10:00:00,1.0
NZD_USD,2022-11-06 22:00:00,2022-11-08 14:00:00,1.0
USD_ZAR,2022-11-07 06:00:00,2022-11-07 10:00:00,1.0
USD_ZAR,2022-11-08 10:00:00,2022-11-10 10:00:00,1.0
USD_CHF,2022-11-08 10:00:00,2022-11-09 10:00:00,1.0
USD_HUF,2022-11-08 10:00:00,2022-11-08 14:00:00,1.0
GBP_USD,2022-11-08 10:00:00,2022-11-08 14:00:00,1.0
AUD_CAD,2022-11-08 18:00:00,2022-11-10 18:00:00,1.0
USD_ZAR,2022-11-09 06:00:00,2022-11-10 10:00:00,1.0
AUD_USD,2022-11-09 06:00:00,2022-11-09 18:00:00,-1.0
AUD_CAD,2022-11-09 06:00:00,2022-11-10 14:00:00,1.0
USD_SGD,2022-11-09 06:00:00,2022-11-10 14:00:00,1.0
USD_PLN,2022-11-09 06:00:00,2022-11-09 18:00:00,-1.0
USD_SEK,2022-11-09 06:00:00,2022-11-09 18:00:00,-1.0
EUR_JPY,2022-11-09 06:00:00,2022-11-10 14:00:00,-1.0
CHF_JPY,2022-11-10 06:00:00,2022-11-10 14:00:00,-1.0
AUD_JPY,2022-11-10 14:00:00,2022-11-11 10:00:00,-1.0
AUD_NZD,2022-11-10 22:00:00,2022-11-18 10:00:00,-1.0
GBP_AUD,2022-11-11 10:00:00,2022-11-17 10:00:00,1.0
GBP_AUD,2022-11-13 22:00:00,2022-11-17 10:00:00,1.0
GBP_USD,2022-11-14 10:00:00,2022-11-15 10:00:00,1.0
USD_CHF,2022-11-14 10:00:00,2022-11-15 06:00:00,1.0
GBP_USD,2022-11-14 22:00:00,2022-11-15 10:00:00,1.0
GBP_CHF,2022-11-15 02:00:00,2022-11-15 10:00:00,-1.0
EUR_AUD,2022-11-15 10:00:00,2022-11-15 18:00:00,1.0
AUD_NZD,2022-11-15 10:00:00,2022-11-18 10:00:00,-1.0
GBP_CAD,2022-11-16 06:00:00,2022-11-17 06:00:00,1.0
CAD_CHF,2022-11-16 10:00:00,2022-11-23 14:00:00,1.0
GBP_CAD,2022-11-16 14:00:00,2022-11-16 22:00:00,1.0
GBP_JPY,2022-11-16 14:00:00,2022-11-21 06:00:00,1.0
USD_PLN,2022-11-17 06:00:00,2022-11-21 06:00:00,-1.0
GBP_JPY,2022-11-17 10:00:00,2022-11-21 06:00:00,1.0
USD_NOK,2022-11-18 06:00:00,2022-11-18 14:00:00,1.0
GBP_AUD,2022-11-18 10:00:00,2022-11-21 22:00:00,1.0
CAD_CHF,2022-11-18 18:00:00,2022-11-23 14:00:00,1.0
NZD_JPY,2022-11-20 22:00:00,2022-11-22 22:00:00,1.0
GBP_JPY,2022-11-20 22:00:00,2022-11-21 22:00:00,1.0
GBP_USD,2022-11-21 14:00:00,2022-11-22 10:00:00,1.0
EUR_NOK,2022-11-21 22:00:00,2022-11-22 14:00:00,1.0
EUR_USD,2022-11-22 06:00:00,2022-11-23 14:00:00,-1.0
GBP_AUD,2022-11-22 06:00:00,2022-12-01 06:00:00,-1.0
EUR_GBP,2022-11-22 10:00:00,2022-12-01 10:00:00,-1.0
NZD_JPY,2022-11-22 22:00:00,2022-11-28 02:00:00,-1.0
GBP_CAD,2022-11-23 06:00:00,2022-11-23 10:00:00,1.0
AUD_USD,2022-11-23 10:00:00,2022-11-23 14:00:00,1.0
EUR_NOK,2022-11-23 18:00:00,2022-11-25 14:00:00,1.0
GBP_JPY,2022-11-23 22:00:00,2022-11-28 18:00:00,-1.0
GBP_JPY,2022-11-24 06:00:00,2022-11-28 18:00:00,-1.0
EUR_USD,2022-11-25 02:00:00,2022-11-30 14:00:00,1.0
AUD_USD,2022-11-25 06:00:00,2022-11-27 22:00:00,-1.0
CAD_CHF,2022-11-25 10:00:00,2022-11-28 06:00:00,1.0
CHF_JPY,2022-11-25 18:00:00,2022-11-29 06:00:00,-1.0
AUD_JPY,2022-11-25 18:00:00,2022-11-27 22:00:00,-1.0
NZD_JPY,2022-11-27 22:00:00,2022-11-28 06:00:00,-1.0
USD_ZAR,2022-11-28 06:00:00,2022-11-29 06:00:00,1.0
EUR_PLN,2022-11-28 10:00:00,2022-12-16 10:00:00,0.12093262902851395
CHF_JPY,2022-11-29 06:00:00,2022-12-01 02:00:00,-1.0
GBP_CHF,2022-11-29 06:00:00,2022-12-01 10:00:00,-1.0
EUR_GBP,2022-11-29 06:00:00,2022-12-15 14:00:00,1.0
EUR_USD,2022-11-29 10:00:00,2022-12-01 10:00:00,-1.0
NZD_JPY,2022-11-29 14:00:00,2022-11-30 14:00:00,1.0
EUR_PLN,2022-11-29 14:00:00,2022-12-19 14:00:00,-0.009603175450012033
AUD_NZD,2022-11-30 22:00:00,2022-12-02 06:00:00,-1.0
AUD_JPY,2022-11-30 22:00:00,2022-12-01 10:00:00,-1.0
AUD_JPY,2022-12-01 06:00:00,2022-12-01 22:00:00,-1.0
CAD_CHF,2022-12-01 10:00:00,2022-12-01 18:00:00,1.0
AUD_CAD,2022-12-01 14:00:00,2022-12-08 22:00:00,1.0
EUR_NOK,2022-12-02 02:00:00,2022-12-05 14:00:00,-1.0
CAD_CHF,2022-12-02 10:00:00,2022-12-06 10:00:00,1.0
GBP_CAD,2022-12-02 10:00:00,2022-12-06 06:00:00,1.0
NZD_USD,2022-12-02 10:00:00,2022-12-05 14:00:00,-1.0
USD_CHF,2022-12-02 10:00:00,2022-12-13 10:00:00,1.0
USD_HUF,2022-12-02 10:00:00,2022-12-04 22:00:00,1.0
GBP_USD,2022-12-02 10:00:00,2022-12-13 10:00:00,1.0
USD_NOK,2022-12-02 10:00:00,2022-12-02 14:00:00,1.0
USD_PLN,2022-12-02 10:00:00,2022-12-05 02:00:00,1.0
USD_CZK,2022-12-05 10:00:00,2022-12-06 22:00:00,1.0
EUR_USD,2022-12-05 10:00:00,2022-12-06 06:00:00,1.0
USD_NOK,2022-12-06 06:00:00,2022-12-06 14:00:00,1.0
CHF_JPY,2022-12-06 06:00:00,2022-12-09 14:00:00,1.0
NZD_JPY,2022-12-06 14:00:00,2022-12-07 06:00:00,1.0
EUR_JPY,2022-12-06 18:00:00,2022-12-12 10:00:00,1.0
USD_NOK,2022-12-07 10:00:00,2022-12-13 10:00:00,-1.0
USD_PLN,2022-12-07 14:00:00,2022-12-08 14:00:00,1.0
GBP_JPY,2022-12-07 22:00:00,2022-12-12 10:00:00,1.0
EUR_JPY,2022-12-07 22:00:00,2022-12-12 10:00:00,1.0
CAD_CHF,2022-12-07 22:00:00,2022-12-12 06:00:00,1.0
USD_SEK,2022-12-08 06:00:00,2022-12-08 22:00:00,1.0
EUR_GBP,2022-12-08 10:00:00,2022-12-15 14:00:00,1.0
NZD_JPY,2022-12-08 22:00:00,2022-12-12 18:00:00,1.0
EUR_GBP,2022-12-09 06:00:00,2022-12-15 14:00:00,1.0
USD_NOK,2022-12-11 22:00:00,2022-12-13 10:00:00,-1.0
NZD_JPY,2022-12-12 06:00:00,2022-12-20 02:00:00,-1.0
GBP_JPY,2022-12-12 06:00:00,2022-12-12 14:00:00,1.0
CHF_JPY,2022-12-12 06:00:00,2022-12-15 14:00:00,1.0
USD_SGD,2022-12-13 06:00:00,2022-12-30 06:00:00,1.0
USD_PLN,2022-12-13 06:00:00,2022-12-13 10:00:00,1.0
GBP_USD,2022-12-13 06:00:00,2022-12-13 10:00:00,1.0
GBP_AUD,2022-12-13 06:00:00,2022-12-22 02:00:00,-1.0
USD_CHF,2022-12-13 06:00:00,2022-12-13 10:00:00,1.0
AUD_CAD,2022-12-13 10:00:00,2022-12-13 14:00:00,1.0
GBP_CHF,2022-12-13 22:00:00,2022-12-15 14:00:00,1.0
USD_PLN,2022-12-13 22:00:00,2022-12-15 14:00:00,1.0
EUR_JPY,2022-12-14 10:00:00,2022-12-15 10:00:00,1.0
USD_CAD,2022-12-14 10:00:00,2022-12-16 14:00:00,-1.0
GBP_JPY,2022-12-14 10:00:00,2022-12-18 22:00:00,-1.0
CHF_JPY,2022-12-14 10:00:00,2022-12-15 06:00:00,1.0
NZD_JPY,2022-12-14 18:00:00,2022-12-20 02:00:00,-1.0
USD_SEK,2022-12-14 18:00:00,2022-12-15 14:00:00,-1.0
USD_PLN,2022-12-14 18:00:00,2022-12-27 02:00:00,1.0
USD_ZAR,2022-12-14 18:00:00,2022-12-15 14:00:00,-1.0
GBP_USD,2022-12-14 18:00:00,2022-12-15 14:00:00,-1.0
USD_CZK,2022-12-15 10:00:00,2022-12-30 14:00:00,-1.0
EUR_USD,2022-12-15 10:00:00,2023-01-03 06:00:00,1.0
CAD_CHF,2022-12-15 22:00:00,2022-12-27 10:00:00,-1.0
GBP_AUD,2022-12-16 02:00:00,2022-12-22 02:00:00,-1.0
NZD_CHF,2022-12-16 02:00:00,2022-12-16 18:00:00,-1.0
CHF_JPY,2022-12-16 06:00:00,2022-12-16 14:00:00,-1.0
NZD_JPY,2022-12-16 06:00:00,2022-12-20 02:00:00,-1.0
EUR_JPY,2022-12-16 06:00:00,2022-12-18 22:00:00,-1.0
EUR_GBP,2022-12-16 10:00:00,2022-12-22 10:00:00,1.0
EUR_GBP,2022-12-18 22:00:00,2022-12-22 06:00:00,1.0
EUR_GBP,2022-12-19 06:00:00,2022-12-21 14:00:00,1.0
GBP_AUD,2022-12-19 10:00:00,2022-12-22 02:00:00,-1.0
CAD_CHF,2022-12-19 10:00:00,2022-12-27 14:00:00,-1.0
USD_HUF,2022-12-19 18:00:00,2022-12-23 06:00:00,1.0
USD_NOK,2022-12-19 22:00:00,2022-12-20 18:00:00,-1.0
NZD_CAD,2022-12-20 02:00:00,2022-12-20 10:00:00,1.0
USD_CZK,2022-12-20 06:00:00,2022-12-30 14:00:00,-1.0
EUR_AUD,2022-12-20 10:00:00,2022-12-21 22:00:00,1.0
AUD_USD,2022-12-20 10:00:00,2022-12-21 10:00:00,1.0
GBP_USD,2022-12-20 10:00:00,2022-12-22 14:00:00,-1.0
USD_ZAR,2022-12-20 10:00:00,2022-12-21 14:00:00,1.0
USD_SEK,2022-12-20 10:00:00,2022-12-22 06:00:00,1.0
GBP_AUD,2022-12-21 06:00:00,2022-12-21 18:00:00,-1.0
USD_SGD,2022-12-21 22:00:00,2022-12-30 14:00:00,1.0
USD_CHF,2022-12-21 22:00:00,2023-01-03 06:00:00,-1.0
USD_SEK,2022-12-21 22:00:00,2022-12-22 06:00:00,1.0
NZD_CHF,2022-12-22 02:00:00,2023-01-08 22:00:00,-1.0
EUR_GBP,2022-12-22 06:00:00,2022-12-27 10:00:00,1.0
NZD_JPY,2022-12-22 22:00:00,2022-12-23 06:00:00,1.0
USD_PLN,2022-12-23 10:00:00,2022-12-28 06:00:00,-1.0
GBP_USD,2022-12-23 10:00:00,2023-01-03 06:00:00,-1.0
USD_SGD,2022-12-23 18:00:00,2022-12-30 14:00:00,1.0
GBP_JPY,2022-12-23 18:00:00,2022-12-28 06:00:00,1.0
GBP_USD,2022-12-23 18:00:00,2023-01-03 06:00:00,-1.0
USD_PLN,2022-12-27 02:00:00,2022-12-27 14:00:00,-1.0
GBP_JPY,2022-12-27 10:00:00,2022-12-28 14:00:00,1.0
EUR_NOK,2022-12-27 10:00:00,2022-12-30 18:00:00,-1.0
USD_CAD,2022-12-27 18:00:00,2023-01-03 10:00:00,-1.0
AUD_JPY,2022-12-27 18:00:00,2022-12-28 06:00:00,1.0
GBP_CHF,2022-12-28 06:00:00,2023-01-11 14:00:00,-1.0
AUD_NZD,2022-12-28 06:00:00,2023-01-02 02:00:00,1.0
USD_CHF,2022-12-28 06:00:00,2022-12-29 14:00:00,1.0
USD_NOK,2022-12-28 10:00:00,2022-12-29 06:00:00,1.0
EUR_USD,2022-12-28 10:00:00,2023-01-03 06:00:00,1.0
USD_ZAR,2022-12-29 06:00:00,2022-12-29 14:00:00,1.0
NZD_JPY,2022-12-29 06:00:00,2022-12-30 06:00:00,-1.0
USD_NOK,2022-12-29 10:00:00,2022-12-30 18:00:00,-1.0
GBP_CHF,2022-12-29 22:00:00,2023-01-03 14:00:00,-1.0
USD_PLN,2022-12-30 02:00:00,2023-01-03 10:00:00,-1.0
EUR_CAD,2023-01-02 02:00:00,2023-01-03 06:00:00,1.0
EUR_GBP,2023-01-02 06:00:00,2023-01-18 10:00:00,-1.0
GBP_CAD,2023-01-02 14:00:00,2023-01-05 10:00:00,-1.0
EUR_AUD,2023-01-02 18:00:00,2023-01-04 02:00:00,1.0
CAD_CHF,2023-01-02 22:00:00,2023-01-03 10:00:00,-1.0
USD_SGD,2023-01-02 22:00:00,2023-01-09 10:00:00,1.0
USD_NOK,2023-01-03 02:00:00,2023-01-03 06:00:00,1.0
USD_ZAR,2023-01-03 06:00:00,2023-01-04 06:00:00,1.0
EUR_AUD,2023-01-03 06:00:00,2023-01-04 02:00:00,1.0
CAD_JPY,2023-01-03 10:00:00,2023-01-04 10:00:00,1.0
AUD_USD,2023-01-03 22:00:00,2023-01-04 02:00:00,1.0
USD_NOK,2023-01-04 22:00:00,2023-01-05 10:00:00,1.0
USD_PLN,2023-01-05 02:00:00,2023-01-05 22:00:00,-1.0
GBP_USD,2023-01-05 02:00:00,2023-01-05 10:00:00,-1.0
GBP_AUD,2023-01-05 06:00:00,2023-01-18 22:00:00,1.0
NZD_JPY,2023-01-05 14:00:00,2023-01-09 02:00:00,1.0
USD_ZAR,2023-01-06 10:00:00,2023-01-09 02:00:00,1.0
CAD_CHF,2023-01-06 10:00:00,2023-01-18 06:00:00,1.0
GBP_CAD,2023-01-06 14:00:00,2023-01-08 22:00:00,1.0
GBP_JPY,2023-01-09 02:00:00,2023-01-09 06:00:00,1.0
EUR_JPY,2023-01-09 02:00:00,2023-01-09 14:00:00,1.0
USD_ZAR,2023-01-09 10:00:00,2023-01-09 14:00:00,1.0
CAD_CHF,2023-01-09 10:00:00,2023-01-18 06:00:00,1.0
CAD_CHF,2023-01-10 10:00:00,2023-01-12 10:00:00,-1.0
GBP_CAD,2023-01-10 10:00:00,2023-01-17 10:00:00,1.0
GBP_CHF,2023-01-10 10:00:00,2023-01-11 22:00:00,-1.0
USD_SGD,2023-01-10 10:00:00,2023-01-13 14:00:00,1.0
EUR_GBP,2023-01-10 14:00:00,2023-01-19 14:00:00,-1.0
USD_JPY,2023-01-10 14:00:00,2023-01-12 10:00:00,-1.0
GBP_CHF,2023-01-10 18:00:00,2023-01-12 06:00:00,-1.0
USD_CHF,2023-01-12 10:00:00,2023-01-15 22:00:00,1.0
USD_SGD,2023-01-12 10:00:00,2023-01-15 22:00:00,1.0
GBP_USD,2023-01-12 10:00:00,2023-01-15 22:00:00,1.0
USD_SGD,2023-01-12 22:00:00,2023-01-25 22:00:00,1.0
USD_SEK,2023-01-12 22:00:00,2023-01-18 06:00:00,1.0
AUD_CAD,2023-01-13 02:00:00,2023-01-18 06:00:00,1.0
AUD_USD,2023-01-13 02:00:00,2023-01-18 06:00:00,1.0
NZD_CHF,2023-01-13 06:00:00,2023-01-19 06:00:00,1.0
NZD_CAD,2023-01-13 06:00:00,2023-01-17 22:00:00,-1.0
AUD_NZD,2023-01-13 06:00:00,2023-01-18 18:00:00,-1.0
NZD_USD,2023-01-13 10:00:00,2023-01-17 14:00:00,1.0
USD_SGD,2023-01-13 10:00:00,2023-01-26 06:00:00,1.0
EUR_AUD,2023-01-13 10:00:00,2023-01-17 18:00:00,1.0
GBP_USD,2023-01-13 10:00:00,2023-01-18 06:00:00,1.0
USD_PLN,2023-01-13 10:00:00,2023-01-18 22:00:00,-1.0
GBP_CAD,2023-01-13 10:00:00,2023-01-17 14:00:00,1.0
USD_SEK,2023-01-13 10:00:00,2023-01-18 06:00:00,1.0
AUD_CAD,2023-01-13 10:00:00,2023-01-18 10:00:00,1.0
AUD_USD,2023-01-13 10:00:00,2023-01-18 06:00:00,1.0
CAD_CHF,2023-01-16 10:00:00,2023-01-18 06:00:00,1.0
EUR_USD,2023-01-17 10:00:00,2023-02-01 18:00:00,-1.0
EUR_JPY,2023-01-17 14:00:00,2023-01-18 02:00:00,1.0
EUR_USD,2023-01-18 06:00:00,2023-01-23 06:00:00,-1.0
USD_CZK,2023-01-18 06:00:00,2023-01-22 22:00:00,-1.0
EUR_CAD,2023-01-18 06:00:00,2023-01-19 06:00:00,-1.0
USD_SGD,2023-01-19 06:00:00,2023-01-26 02:00:00,1.0
USD_SEK,2023-01-19 06:00:00,2023-01-19 10:00:00,1.0
USD_HUF,2023-01-19 10:00:00,2023-01-20 06:00:00,1.0
USD_PLN,2023-01-19 22:00:00,2023-01-22 22:00:00,1.0
USD_PLN,2023-01-20 10:00:00,2023-01-23 02:00:00,1.0
USD_SGD,2023-01-20 10:00:00,2023-02-01 18:00:00,1.0
AUD_CAD,2023-01-20 10:00:00,2023-01-23 14:00:00,1.0
NZD_CHF,2023-01-23 06:00:00,2023-01-24 18:00:00,-1.0
USD_SEK,2023-01-23 10:00:00,2023-01-30 14:00:00,-1.0
NZD_USD,2023-01-23 10:00:00,2023-02-01 22:00:00,1.0
USD_CAD,2023-01-23 10:00:00,2023-02-10 10:00:00,0.06350012700025529
AUD_USD,2023-01-23 10:00:00,2023-01-23 22:00:00,1.0
NZD_JPY,2023-01-24 06:00:00,2023-01-25 14:00:00,-1.0
NZD_CHF,2023-01-24 10:00:00,2023-01-25 14:00:00,1.0
USD_SEK,2023-01-24 10:00:00,2023-01-27 14:00:00,-1.0
GBP_CAD,2023-01-25 10:00:00,2023-01-25 14:00:00,1.0
CHF_JPY,2023-01-26 22:00:00,2023-02-05 22:00:00,1.0
AUD_JPY,2023-01-26 22:00:00,2023-01-31 06:00:00,-1.0
CHF_JPY,2023-01-27 06:00:00,2023-01-31 18:00:00,1.0
EUR_JPY,2023-01-27 06:00:00,2023-02-05 22:00:00,1.0
GBP_JPY,2023-01-27 06:00:00,2023-02-01 14:00:00,-1.0
EUR_USD,2023-01-27 06:00:00,2023-02-01 18:00:00,-1.0
NZD_JPY,2023-01-27 06:00:00,2023-02-01 02:00:00,-1.0
EUR_NOK,2023-01-27 10:00:00,2023-01-31 06:00:00,-1.0
EUR_PLN,2023-01-27 10:00:00,2023-02-07 10:00:00,-1.0
NZD_CHF,2023-01-27 10:00:00,2023-01-31 14:00:00,1.0
GBP_AUD,2023-01-27 10:00:00,2023-01-31 06:00:00,1.0
USD_CHF,2023-01-27 10:00:00,2023-02-01 18:00:00,1.0
USD_PLN,2023-01-27 10:00:00,2023-02-01 18:00:00,1.0
USD_ZAR,2023-01-27 14:00:00,2023-01-30 22:00:00,-1.0
CHF_JPY,2023-01-30 02:00:00,2023-01-31 18:00:00,1.0
EUR_JPY,2023-01-30 02:00:00,2023-02-03 14:00:00,1.0
NZD_JPY,2023-01-30 02:00:00,2023-02-01 14:00:00,-1.0
GBP_USD,2023-01-30 06:00:00,2023-02-02 14:00:00,-1.0
USD_HUF,2023-01-30 18:00:00,2023-02-01 18:00:00,1.0
GBP_AUD,2023-01-30 22:00:00,2023-02-02 06:00:00,-1.0
EUR_GBP,2023-01-31 06:00:00,2023-02-01 14:00:00,1.0
USD_ZAR,2023-01-31 22:00:00,2023-02-01 10:00:00,1.0
USD_JPY,2023-02-01 06:00:00,2023-02-01 18:00:00,-1.0
CHF_JPY,2023-02-01 06:00:00,2023-02-06 10:00:00,1.0
CAD_CHF,2023-02-01 06:00:00,2023-02-21 06:00:00,0.2728592162554435
GBP_CHF,2023-02-01 10:00:00,2023-02-02 10:00:00,1.0
NZD_USD,2023-02-01 14:00:00,2023-02-01 18:00:00,1.0
AUD_CAD,2023-02-01 14:00:00,2023-02-03 14:00:00,-1.0
CAD_CHF,2023-02-01 14:00:00,2023-02-21 14:00:00,0.4994410325652936
GBP_CAD,2023-02-02 06:00:00,2023-02-02 18:00:00,-1.0
NZD_CHF,2023-02-02 10:00:00,2023-02-03 14:00:00,1.0
USD_JPY,2023-02-02 10:00:00,2023-02-03 10:00:00,0.9999999999999889
EUR_GBP,2023-02-02 10:00:00,2023-02-03 14:00:00,1.0
GBP_CHF,2023-02-02 10:00:00,2023-02-06 06:00:00,1.0
EUR_GBP,2023-02-03 10:00:00,2023-02-10 10:00:00,-1.0
NZD_CHF,2023-02-03 10:00:00,2023-02-03 14:00:00,1.0
AUD_NZD,2023-02-06 06:00:00,2023-02-20 02:00:00,1.0
NZD_CAD,2023-02-07 14:00:00,2023-02-15 06:00:00,1.0
GBP_CHF,2023-02-07 22:00:00,2023-02-14 22:00:00,-1.0
NZD_CHF,2023-02-07 22:00:00,2023-02-15 10:00:00,1.0
AUD_CAD,2023-02-08 10:00:00,2023-02-10 18:00:00,-1.0
USD_SEK,2023-02-08 10:00:00,2023-02-09 06:00:00,1.0
NZD_JPY,2023-02-08 10:00:00,2023-02-13 06:00:00,1.0
AUD_JPY,2023-02-08 14:00:00,2023-02-10 06:00:00,-1.0
GBP_JPY,2023-02-09 02:00:00,2023-02-13 10:00:00,1.0
EUR_JPY,2023-02-09 02:00:00,2023-02-13 14:00:00,1.0
CHF_JPY,2023-02-09 02:00:00,2023-02-13 10:00:00,1.0
GBP_AUD,2023-02-10 06:00:00,2023-02-21 10:00:00,1.0
USD_PLN,2023-02-13 14:00:00,2023-02-14 06:00:00,1.0
GBP_JPY,2023-02-15 06:00:00,2023-02-21 10:00:00,1.0
USD_SEK,2023-02-15 10:00:00,2023-02-17 06:00:00,-1.0
USD_PLN,2023-02-15 10:00:00,2023-02-28 14:00:00,1.0
USD_CHF,2023-02-15 10:00:00,2023-02-23 10:00:00,-1.0
AUD_NZD,2023-02-16 10:00:00,2023-02-20 06:00:00,1.0
NZD_CAD,2023-02-16 14:00:00,2023-02-27 10:00:00,1.0
EUR_JPY,2023-02-16 14:00:00,2023-02-27 22:00:00,1.0
GBP_CHF,2023-02-16 14:00:00,2023-02-21 14:00:00,-1.0
GBP_CHF,2023-02-16 22:00:00,2023-02-21 14:00:00,-1.0
NZD_CHF,2023-02-16 22:00:00,2023-02-21 06:00:00,1.0
EUR_JPY,2023-02-17 10:00:00,2023-02-27 22:00:00,1.0
NZD_CHF,2023-02-17 14:00:00,2023-03-01 02:00:00,-1.0
NZD_JPY,2023-02-20 02:00:00,2023-02-28 14:00:00,1.0
USD_ZAR,2023-02-20 06:00:00,2023-02-21 10:00:00,-1.0
NZD_USD,2023-02-20 06:00:00,2023-02-24 10:00:00,-1.0
NZD_CHF,2023-02-20 10:00:00,2023-03-01 02:00:00,-1.0
CAD_CHF,2023-02-20 10:00:00,2023-02-27 06:00:00,-1.0
NZD_CAD,2023-02-20 10:00:00,2023-03-01 06:00:00,-1.0
AUD_JPY,2023-02-21 02:00:00,2023-02-22 14:00:00,-1.0
EUR_USD,2023-02-21 22:00:00,2023-02-24 10:00:00,1.0
NZD_JPY,2023-02-21 22:00:00,2023-03-01 02:00:00,1.0
GBP_USD,2023-02-22 02:00:00,2023-02-24 10:00:00,-1.0
EUR_JPY,2023-02-22 06:00:00,2023-02-28 06:00:00,1.0
CHF_JPY,2023-02-22 06:00:00,2023-02-23 22:00:00,-1.0
EUR_NOK,2023-02-22 14:00:00,2023-03-01 14:00:00,-1.0
EUR_AUD,2023-02-22 14:00:00,2023-02-27 14:00:00,-1.0
EUR_CAD,2023-02-23 10:00:00,2023-03-01 10:00:00,-1.0
EUR_GBP,2023-02-23 14:00:00,2023-03-01 14:00:00,1.0
AUD_JPY,2023-02-24 10:00:00,2023-03-07 14:00:00,-1.0
USD_NOK,2023-02-24 10:00:00,2023-02-24 14:00:00,1.0
NZD_JPY,2023-02-24 10:00:00,2023-03-01 02:00:00,1.0
USD_NOK,2023-02-27 06:00:00,2023-03-02 10:00:00,1.0
EUR_USD,2023-02-27 06:00:00,2023-03-01 10:00:00,-1.0
AUD_CAD,2023-02-27 10:00:00,2023-03-01 10:00:00,1.0
USD_ZAR,2023-02-27 10:00:00,2023-02-28 14:00:00,1.0
EUR_PLN,2023-02-27 10:00:00,2023-03-01 10:00:00,1.0
NZD_CHF,2023-02-27 22:00:00,2023-03-01 02:00:00,-1.0
AUD_JPY,2023-02-28 02:00:00,2023-03-07 06:00:00,-1.0
AUD_CAD,2023-02-28 02:00:00,2023-03-07 22:00:00,-1.0
AUD_USD,2023-02-28 02:00:00,2023-03-07 10:00:00,-1.0
USD_SEK,2023-02-28 06:00:00,2023-03-02 10:00:00,-1.0
EUR_NOK,2023-02-28 14:00:00,2023-03-01 14:00:00,-1.0
NZD_JPY,2023-02-28 22:00:00,2023-03-01 06:00:00,1.0
EUR_AUD,2023-03-01 06:00:00,2023-03-06 14:00:00,-1.0
USD_PLN,2023-03-01 22:00:00,2023-03-02 10:00:00,-1.0
NZD_JPY,2023-03-02 06:00:00,2023-03-06 06:00:00,-1.0
EUR_JPY,2023-03-02 06:00:00,2023-03-09 10:00:00,-1.0
USD_ZAR,2023-03-02 10:00:00,2023-03-07 14:00:00,-1.0
USD_ZAR,2023-03-02 18:00:00,2023-03-07 14:00:00,-1.0
USD_SGD,2023-03-03 10:00:00,2023-03-22 13:00:00,1.0
USD_ZAR,2023-03-03 14:00:00,2023-03-07 10:00:00,-1.0
USD_SEK,2023-03-03 14:00:00,2023-03-07 14:00:00,-1.0
GBP_JPY,2023-03-03 14:00:00,2023-03-12 21:00:00,-1.0
CAD_CHF,2023-03-05 22:00:00,2023-03-07 06:00:00,1.0
AUD_CAD,2023-03-05 22:00:00,2023-03-07 10:00:00,-1.0
GBP_USD,2023-03-06 06:00:00,2023-03-07 14:00:00,-1.0
USD_SGD,2023-03-06 06:00:00,2023-03-22 17:00:00,1.0
CAD_CHF,2023-03-07 06:00:00,2023-03-09 18:00:00,1.0
NZD_CHF,2023-03-07 06:00:00,2023-03-09 18:00:00,1.0
EUR_CAD,2023-03-07 10:00:00,2023-03-10 14:00:00,-1.0
GBP_CHF,2023-03-07 14:00:00,2023-03-10 02:00:00,1.0
EUR_USD,2023-03-08 06:00:00,2023-03-10 14:00:00,-1.0
NZD_CHF,2023-03-08 06:00:00,2023-03-09 18:00:00,1.0
USD_CHF,2023-03-08 10:00:00,2023-03-09 18:00:00,1.0
CAD_CHF,2023-03-08 10:00:00,2023-03-09 10:00:00,1.0
GBP_CAD,2023-03-08 10:00:00,2023-03-09 14:00:00,1.0
USD_ZAR,2023-03-09 06:00:00,2023-03-10 06:00:00,1.0
USD_PLN,2023-03-09 10:00:00,2023-03-10 14:00:00,1.0
NZD_CHF,2023-03-09 10:00:00,2023-03-09 18:00:00,1.0
GBP_CHF,2023-03-09 10:00:00,2023-03-13 09:00:00,1.0
EUR_JPY,2023-03-10 02:00:00,2023-03-13 09:00:00,-1.0
AUD_NZD,2023-03-10 06:00:00,2023-03-15 21:00:00,-1.0
EUR_JPY,2023-03-13 05:00:00,2023-03-13 09:00:00,-1.0
GBP_JPY,2023-03-13 05:00:00,2023-03-13 09:00:00,-1.0
GBP_AUD,2023-03-13 13:00:00,2023-03-21 09:00:00,1.0
USD_CZK,2023-03-13 13:00:00,2023-03-15 09:00:00,1.0
AUD_USD,2023-03-14 09:00:00,2023-03-17 01:00:00,1.0
GBP_USD,2023-03-14 09:00:00,2023-03-15 13:00:00,-1.0
EUR_AUD,2023-03-14 09:00:00,2023-03-15 09:00:00,1.0
USD_ZAR,2023-03-14 09:00:00,2023-03-14 13:00:00,1.0
USD_CHF,2023-03-14 09:00:00,2023-03-15 09:00:00,-1.0
AUD_CAD,2023-03-14 09:00:00,2023-03-22 17:00:00,1.0
GBP_USD,2023-03-14 21:00:00,2023-03-15 13:00:00,-1.0
GBP_USD,2023-03-15 05:00:00,2023-03-15 13:00:00,-1.0
AUD_CAD,2023-03-15 05:00:00,2023-03-22 17:00:00,1.0
AUD_USD,2023-03-15 05:00:00,2023-03-15 13:00:00,-1.0
USD_CHF,2023-03-15 05:00:00,2023-03-15 09:00:00,-1.0
GBP_AUD,2023-03-15 09:00:00,2023-03-21 05:00:00,1.0
AUD_NZD,2023-03-15 21:00:00,2023-03-16 05:00:00,1.0
GBP_AUD,2023-03-16 05:00:00,2023-03-21 13:00:00,1.0
EUR_JPY,2023-03-16 09:00:00,2023-03-16 13:00:00,-1.0
USD_HUF,2023-03-16 09:00:00,2023-03-16 13:00:00,-1.0
CHF_JPY,2023-03-16 09:00:00,2023-03-17 05:00:00,1.0
GBP_JPY,2023-03-16 09:00:00,2023-03-16 13:00:00,-1.0
NZD_JPY,2023-03-16 09:00:00,2023-03-16 17:00:00,1.0
AUD_JPY,2023-03-16 09:00:00,2023-03-16 17:00:00,1.0
EUR_CAD,2023-03-16 13:00:00,2023-03-21 13:00:00,-1.0
AUD_CAD,2023-03-16 17:00:00,2023-03-22 17:00:00,1.0
EUR_NOK,2023-03-16 21:00:00,2023-03-21 09:00:00,1.0
GBP_AUD,2023-03-17 09:00:00,2023-03-20 09:00:00,1.0
GBP_CAD,2023-03-17 09:00:00,2023-03-20 13:00:00,1.0
CAD_CHF,2023-03-17 17:00:00,2023-03-22 17:00:00,1.0
USD_NOK,2023-03-19 21:00:00,2023-03-20 05:00:00,1.0
USD_CHF,2023-03-19 21:00:00,2023-03-22 17:00:00,1.0
CAD_CHF,2023-03-20 05:00:00,2023-03-22 17:00:00,1.0
AUD_USD,2023-03-20 09:00:00,2023-03-22 17:00:00,1.0
NZD_CAD,2023-03-20 13:00:00,2023-03-21 05:00:00,1.0
USD_ZAR,2023-03-21 09:00:00,2023-03-22 09:00:00,1.0
AUD_USD,2023-03-21 13:00:00,2023-03-22 17:00:00,1.0
AUD_CAD,2023-03-21 13:00:00,2023-03-22 17:00:00,1.0
USD_SGD,2023-03-21 21:00:00,2023-03-23 01:00:00,1.0
NZD_CHF,2023-03-22 01:00:00,2023-03-27 09:00:00,1.0
GBP_CHF,2023-03-23 09:00:00,2023-04-04 09:00:00,-1.0
GBP_CAD,2023-03-23 09:00:00,2023-04-02 21:00:00,-1.0
CAD_CHF,2023-03-23 09:00:00,2023-03-28 21:00:00,-1.0
USD_HUF,2023-03-23 17:00:00,2023-03-24 05:00:00,-1.0
USD_ZAR,2023-03-24 01:00:00,2023-03-27 09:00:00,-1.0
GBP_AUD,2023-03-26 21:00:00,2023-04-05 05:00:00,1.0
CHF_JPY,2023-03-28 09:00:00,2023-03-29 09:00:00,1.0
CAD_JPY,2023-03-28 09:00:00,2023-03-29 01:00:00,1.0
USD_JPY,2023-03-28 09:00:00,2023-03-29 05:00:00,1.0
EUR_JPY,2023-03-28 17:00:00,2023-03-29 05:00:00,1.0
CHF_JPY,2023-03-28 17:00:00,2023-03-29 05:00:00,1.0
AUD_USD,2023-03-29 05:00:00,2023-04-03 09:00:00,1.0
GBP_JPY,2023-03-29 21:00:00,2023-03-30 21:00:00,1.0
EUR_JPY,2023-03-29 21:00:00,2023-03-30 13:00:00,1.0
CHF_JPY,2023-03-29 21:00:00,2023-03-30 13:00:00,1.0
NZD_CHF,2023-03-29 21:00:00,2023-04-05 01:00:00,-1.0
USD_CHF,2023-03-30 21:00:00,2023-04-04 21:00:00,1.0
CAD_CHF,2023-03-30 21:00:00,2023-04-07 05:00:00,1.0
USD_SGD,2023-03-31 05:00:00,2023-04-20 05:00:00,-0.47370878582939696
NZD_CHF,2023-03-31 09:00:00,2023-04-05 09:00:00,1.0
USD_NOK,2023-04-02 21:00:00,2023-04-03 13:00:00,-1.0
USD_ZAR,2023-04-03 13:00:00,2023-04-05 17:00:00,-1.0
AUD_USD,2023-04-04 01:00:00,2023-04-05 05:00:00,-1.0
USD_SGD,2023-04-04 09:00:00,2023-04-24 09:00:00,-0.42456771629240264
USD_NOK,2023-04-04 13:00:00,2023-04-05 05:00:00,1.0
NZD_CHF,2023-04-05 01:00:00,2023-04-06 09:00:00,1.0
USD_SGD,2023-04-05 01:00:00,2023-04-25 01:00:00,-0.6197786289471434
GBP_USD,2023-04-06 09:00:00,2023-04-26 09:00:00,0.24836832459891545
AUD_JPY,2023-04-06 09:00:00,2023-04-10 13:00:00,1.0
EUR_JPY,2023-04-07 09:00:00,2023-04-10 17:00:00,1.0
CHF_JPY,2023-04-07 09:00:00,2023-04-10 21:00:00,1.0
CAD_CHF,2023-04-07 09:00:00,2023-04-13 09:00:00,1.0
USD_ZAR,2023-04-07 13:00:00,2023-04-10 09:00:00,-1.0
AUD_JPY,2023-04-09 21:00:00,2023-04-11 01:00:00,1.0
EUR_USD,2023-04-10 05:00:00,2023-04-13 05:00:00,-1.0
USD_CZK,2023-04-10 09:00:00,2023-04-13 05:00:00,-1.0
AUD_USD,2023-04-10 09:00:00,2023-04-12 09:00:00,1.0
USD_CAD,2023-04-10 09:00:00,2023-04-13 13:00:00,1.0
CHF_JPY,2023-04-11 05:00:00,2023-04-12 01:00:00,1.0
GBP_JPY,2023-04-11 05:00:00,2023-04-19 05:00:00,1.0
EUR_AUD,2023-04-11 05:00:00,2023-04-25 01:00:00,-1.0
EUR_JPY,2023-04-11 05:00:00,2023-04-12 17:00:00,1.0
USD_SGD,2023-04-11 09:00:00,2023-05-01 09:00:00,0.03902849079828815
NZD_CHF,2023-04-12 09:00:00,2023-04-17 01:00:00,1.0
AUD_JPY,2023-04-12 13:00:00,2023-04-13 09:00:00,1.0
GBP_CHF,2023-04-13 01:00:00,2023-04-17 05:00:00,1.0
EUR_GBP,2023-04-13 01:00:00,2023-05-03 01:00:00,0.28864292370280914
USD_CHF,2023-04-13 01:00:00,2023-04-13 09:00:00,1.0
USD_SGD,2023-04-14 05:00:00,2023-04-25 13:00:00,-1.0
GBP_USD,2023-04-14 05:00:00,2023-04-16 21:00:00,-1.0
USD_NOK,2023-04-14 09:00:00,2023-04-14 13:00:00,1.0
AUD_CAD,2023-04-17 05:00:00,2023-04-19 13:00:00,1.0
GBP_JPY,2023-04-17 05:00:00,2023-04-19 05:00:00,1.0
USD_ZAR,2023-04-17 05:00:00,2023-04-17 13:00:00,-1.0
EUR_JPY,2023-04-17 05:00:00,2023-04-24 09:00:00,1.0
USD_NOK,2023-04-17 09:00:00,2023-04-17 13:00:00,1.0
EUR_CAD,2023-04-17 09:00:00,2023-04-21 05:00:00,-1.0
USD_HUF,2023-04-17 13:00:00,2023-04-19 05:00:00,-1.0
AUD_USD,2023-04-19 01:00:00,2023-04-25 13:00:00,-1.0
USD_SEK,2023-04-19 01:00:00,2023-05-03 17:00:00,1.0
USD_SGD,2023-04-19 01:00:00,2023-05-09 01:00:00,0.6105518969112395
GBP_USD,2023-04-19 09:00:00,2023-04-28 13:00:00,1.0
NZD_CHF,2023-04-19 09:00:00,2023-04-20 17:00:00,1.0
NZD_CHF,2023-04-19 21:00:00,2023-04-20 01:00:00,1.0
USD_PLN,2023-04-20 09:00:00,2023-04-24 09:00:00,1.0
AUD_USD,2023-04-20 09:00:00,2023-04-20 13:00:00,1.0
GBP_USD,2023-04-20 09:00:00,2023-04-28 13:00:00,1.0
USD_SEK,2023-04-20 09:00:00,2023-04-24 09:00:00,1.0
AUD_CAD,2023-04-21 01:00:00,2023-04-28 09:00:00,-1.0
AUD_USD,2023-04-21 01:00:00,2023-04-24 05:00:00,-1.0
GBP_CAD,2023-04-21 05:00:00,2023-04-25 05:00:00,1.0
USD_CHF,2023-04-21 13:00:00,2023-04-26 13:00:00,1.0
GBP_USD,2023-04-21 13:00:00,2023-04-24 21:00:00,1.0
USD_SEK,2023-04-21 13:00:00,2023-04-24 21:00:00,1.0
CAD_CHF,2023-04-23 21:00:00,2023-04-25 05:00:00,1.0
EUR_GBP,2023-04-23 21:00:00,2023-05-05 09:00:00,-1.0
USD_CHF,2023-04-23 21:00:00,2023-05-03 17:00:00,1.0
NZD_CHF,2023-04-23 21:00:00,2023-04-30 21:00:00,-1.0
GBP_JPY,2023-04-24 05:00:00,2023-04-28 05:00:00,1.0
USD_NOK,2023-04-24 05:00:00,2023-04-25 13:00:00,1.0
EUR_USD,2023-04-24 05:00:00,2023-05-12 05:00:00,0.7393799394308622
USD_SGD,2023-04-24 21:00:00,2023-05-14 21:00:00,-0.27795259072793077
AUD_USD,2023-04-25 01:00:00,2023-04-25 13:00:00,-1.0
EUR_GBP,2023-04-25 05:00:00,2023-05-04 13:00:00,-1.0
NZD_CHF,2023-04-25 05:00:00,2023-04-30 21:00:00,-1.0
GBP_CAD,2023-04-25 09:00:00,2023-04-28 13:00:00,1.0
NZD_CHF,2023-04-25 21:00:00,2023-04-30 21:00:00,-1.0
CAD_JPY,2023-04-26 13:00:00,2023-04-28 01:00:00,1.0
AUD_JPY,2023-04-26 13:00:00,2023-04-27 17:00:00,1.0
NZD_JPY,2023-04-26 13:00:00,2023-04-28 01:00:00,1.0
AUD_USD,2023-04-26 17:00:00,2023-05-01 13:00:00,1.0
GBP_AUD,2023-04-26 21:00:00,2023-05-02 01:00:00,-1.0
AUD_CAD,2023-04-26 21:00:00,2023-05-02 05:00:00,1.0
USD_SGD,2023-04-27 01:00:00,2023-05-17 01:00:00,-0.41017657053466006
CHF_JPY,2023-04-27 05:00:00,2023-04-28 05:00:00,1.0
EUR_USD,2023-04-28 05:00:00,2023-05-11 05:00:00,1.0
EUR_CAD,2023-04-28 05:00:00,2023-05-01 13:00:00,1.0
EUR_CAD,2023-04-28 13:00:00,2023-05-01 13:00:00,1.0
USD_CZK,2023-05-01 09:00:00,2023-05-11 13:00:00,1.0
EUR_USD,2023-05-01 09:00:00,2023-05-12 09:00:00,1.0
AUD_CAD,2023-05-01 13:00:00,2023-05-02 09:00:00,1.0
USD_CAD,2023-05-02 05:00:00,2023-05-05 13:00:00,1.0
GBP_JPY,2023-05-02 05:00:00,2023-05-02 13:00:00,-1.0
EUR_JPY,2023-05-02 05:00:00,2023-05-03 13:00:00,-1.0
EUR_GBP,2023-05-02 09:00:00,2023-05-09 05:00:00,-1.0
GBP_AUD,2023-05-02 13:00:00,2023-05-03 05:00:00,1.0
EUR_NOK,2023-05-03 09:00:00,2023-05-04 09:00:00,1.0
USD_PLN,2023-05-03 09:00:00,2023-05-10 09:00:00,1.0
USD_HUF,2023-05-03 09:00:00,2023-05-05 17:00:00,1.0
EUR_NOK,2023-05-04 05:00:00,2023-05-04 09:00:00,1.0
USD_CZK,2023-05-04 09:00:00,2023-05-10 05:00:00,1.0
AUD_USD,2023-05-04 13:00:00,2023-05-05 01:00:00,1.0
NZD_JPY,2023-05-04 13:00:00,2023-05-05 09:00:00,1.0
AUD_CAD,2023-05-04 13:00:00,2023-05-16 09:00:00,-1.0
AUD_JPY,2023-05-04 13:00:00,2023-05-05 09:00:00,1.0
NZD_USD,2023-05-05 05:00:00,2023-05-08 13:00:00,1.0
USD_SEK,2023-05-05 09:00:00,2023-05-11 13:00:00,-1.0
USD_CZK,2023-05-05 13:00:00,2023-05-11 05:00:00,1.0
GBP_CAD,2023-05-08 05:00:00,2023-05-18 13:00:00,-1.0
GBP_CHF,2023-05-08 09:00:00,2023-05-22 05:00:00,1.0
AUD_USD,2023-05-09 05:00:00,2023-05-11 13:00:00,-1.0
AUD_CAD,2023-05-09 05:00:00,2023-05-16 09:00:00,-1.0
USD_CZK,2023-05-10 09:00:00,2023-05-11 05:00:00,1.0
EUR_AUD,2023-05-10 13:00:00,2023-05-24 05:00:00,-1.0
USD_JPY,2023-05-11 09:00:00,2023-05-12 13:00:00,1.0
NZD_CAD,2023-05-11 09:00:00,2023-05-12 01:00:00,1.0
EUR_JPY,2023-05-12 09:00:00,2023-05-16 13:00:00,1.0
USD_NOK,2023-05-12 09:00:00,2023-05-17 05:00:00,1.0
AUD_JPY,2023-05-12 09:00:00,2023-05-15 05:00:00,1.0
USD_SEK,2023-05-15 05:00:00,2023-05-18 09:00:00,-1.0
AUD_JPY,2023-05-16 01:00:00,2023-05-19 09:00:00,1.0
USD_SGD,2023-05-16 01:00:00,2023-05-24 13:00:00,-1.0
AUD_USD,2023-05-16 01:00:00,2023-05-18 09:00:00,-1.0
CHF_JPY,2023-05-16 05:00:00,2023-05-18 09:00:00,1.0
GBP_JPY,2023-05-16 05:00:00,2023-05-17 13:00:00,1.0
EUR_JPY,2023-05-16 05:00:00,2023-05-17 21:00:00,1.0
CHF_JPY,2023-05-16 17:00:00,2023-05-19 09:00:00,1.0
USD_PLN,2023-05-16 21:00:00,2023-05-17 13:00:00,-1.0
USD_NOK,2023-05-17 01:00:00,2023-05-17 09:00:00,1.0
USD_PLN,2023-05-17 05:00:00,2023-05-18 05:00:00,-1.0
GBP_JPY,2023-05-17 05:00:00,2023-05-17 17:00:00,1.0
GBP_AUD,2023-05-17 05:00:00,2023-05-24 05:00:00,1.0
NZD_USD,2023-05-17 13:00:00,2023-05-19 13:00:00,1.0
CHF_JPY,2023-05-17 13:00:00,2023-05-19 09:00:00,1.0
EUR_JPY,2023-05-18 05:00:00,2023-05-26 09:00:00,1.0
CHF_JPY,2023-05-18 05:00:00,2023-05-22 09:00:00,1.0
GBP_JPY,2023-05-18 05:00:00,2023-05-26 09:00:00,1.0
NZD_JPY,2023-05-18 13:00:00,2023-05-19 09:00:00,1.0
EUR_USD,2023-05-19 05:00:00,2023-05-31 05:00:00,1.0
USD_NOK,2023-05-19 05:00:00,2023-05-25 05:00:00,1.0
GBP_JPY,2023-05-19 13:00:00,2023-05-26 09:00:00,1.0
EUR_GBP,2023-05-21 21:00:00,2023-05-31 13:00:00,-1.0
CHF_JPY,2023-05-21 21:00:00,2023-05-26 09:00:00,1.0
EUR_PLN,2023-05-21 21:00:00,2023-05-22 13:00:00,1.0
AUD_USD,2023-05-22 01:00:00,2023-05-24 05:00:00,-1.0
NZD_JPY,2023-05-22 01:00:00,2023-05-22 21:00:00,1.0
EUR_GBP,2023-05-22 09:00:00,2023-05-31 13:00:00,-1.0
AUD_CAD,2023-05-23 01:00:00,2023-05-24 13:00:00,-1.0
AUD_USD,2023-05-23 01:00:00,2023-05-24 05:00:00,-1.0
GBP_CAD,2023-05-23 09:00:00,2023-05-30 13:00:00,1.0
EUR_PLN,2023-05-23 09:00:00,2023-06-09 09:00:00,1.0
NZD_CHF,2023-05-23 21:00:00,2023-05-24 01:00:00,1.0
USD_NOK,2023-05-23 21:00:00,2023-05-25 13:00:00,1.0
USD_PLN,2023-05-24 05:00:00,2023-05-25 05:00:00,-1.0
EUR_USD,2023-05-24 09:00:00,2023-05-30 05:00:00,1.0
USD_NOK,2023-05-24 09:00:00,2023-05-25 13:00:00,1.0
EUR_JPY,2023-05-24 09:00:00,2023-05-26 09:00:00,1.0
GBP_JPY,2023-05-24 09:00:00,2023-05-26 13:00:00,1.0
GBP_CHF,2023-05-24 13:00:00,2023-05-31 13:00:00,-1.0
CAD_CHF,2023-05-24 21:00:00,2023-06-01 13:00:00,-1.0
EUR_GBP,2023-05-25 05:00:00,2023-05-31 13:00:00,-1.0
USD_SGD,2023-05-25 09:00:00,2023-06-13 09:00:00,1.0
USD_CHF,2023-05-25 09:00:00,2023-06-14 09:00:00,0.8776669055626024
USD_PLN,2023-05-25 09:00:00,2023-05-31 05:00:00,-1.0
USD_HUF,2023-05-25 13:00:00,2023-05-26 09:00:00,1.0
GBP_AUD,2023-05-25 17:00:00,2023-05-31 13:00:00,1.0
AUD_CAD,2023-05-25 21:00:00,2023-06-06 01:00:00,1.0
GBP_AUD,2023-05-26 01:00:00,2023-05-31 13:00:00,1.0
EUR_JPY,2023-05-26 05:00:00,2023-06-14 17:00:00,1.0
EUR_CAD,2023-05-26 09:00:00,2023-05-31 13:00:00,1.0
EUR_USD,2023-05-26 09:00:00,2023-05-31 13:00:00,1.0
USD_CZK,2023-05-26 09:00:00,2023-05-30 05:00:00,1.0
NZD_JPY,2023-05-26 13:00:00,2023-05-31 01:00:00,-1.0
EUR_GBP,2023-05-29 05:00:00,2023-05-31 13:00:00,-1.0
USD_NOK,2023-05-30 01:00:00,2023-05-30 13:00:00,1.0
GBP_CHF,2023-05-30 01:00:00,2023-05-31 13:00:00,-1.0
GBP_USD,2023-05-30 01:00:00,2023-06-01 09:00:00,1.0
GBP_AUD,2023-05-30 01:00:00,2023-05-30 13:00:00,1.0
CHF_JPY,2023-05-30 05:00:00,2023-05-31 05:00:00,-1.0
USD_CZK,2023-05-30 09:00:00,2023-06-14 13:00:00,-1.0
NZD_CHF,2023-05-30 13:00:00,2023-06-02 09:00:00,-1.0
NZD_CHF,2023-05-30 21:00:00,2023-06-02 09:00:00,-1.0
USD_SGD,2023-05-30 21:00:00,2023-06-13 09:00:00,1.0
GBP_AUD,2023-05-31 01:00:00,2023-06-02 13:00:00,-1.0
USD_HUF,2023-05-31 01:00:00,2023-06-07 13:00:00,1.0
EUR_PLN,2023-05-31 09:00:00,2023-06-02 09:00:00,1.0
USD_PLN,2023-05-31 13:00:00,2023-06-01 13:00:00,1.0
USD_SGD,2023-05-31 13:00:00,2023-06-12 05:00:00,1.0
USD_CZK,2023-05-31 17:00:00,2023-06-01 21:00:00,-1.0
GBP_AUD,2023-06-01 01:00:00,2023-06-02 05:00:00,-1.0
USD_SGD,2023-06-01 05:00:00,2023-06-13 09:00:00,1.0
USD_ZAR,2023-06-01 05:00:00,2023-06-01 13:00:00,1.0
GBP_USD,2023-06-02 05:00:00,2023-06-05 05:00:00,-1.0
USD_CAD,2023-06-02 09:00:00,2023-06-13 13:00:00,1.0
EUR_GBP,2023-06-02 09:00:00,2023-06-22 09:00:00,0.3039265918300797
AUD_CAD,2023-06-05 05:00:00,2023-06-06 01:00:00,1.0
AUD_JPY,2023-06-05 13:00:00,2023-06-06 21:00:00,1.0
GBP_USD,2023-06-06 05:00:00,2023-06-08 13:00:00,1.0
AUD_CAD,2023-06-06 13:00:00,2023-06-12 05:00:00,1.0
USD_CZK,2023-06-07 09:00:00,2023-06-15 13:00:00,-1.0
GBP_AUD,2023-06-08 05:00:00,2023-06-21 05:00:00,1.0
NZD_CHF,2023-06-08 05:00:00,2023-06-12 09:00:00,-1.0
GBP_JPY,2023-06-08 09:00:00,2023-06-12 05:00:00,1.0
AUD_CAD,2023-06-09 01:00:00,2023-06-13 05:00:00,1.0
GBP_AUD,2023-06-09 05:00:00,2023-06-12 13:00:00,-1.0
CAD_JPY,2023-06-09 09:00:00,2023-06-13 13:00:00,1.0
AUD_NZD,2023-06-09 09:00:00,2023-06-23 13:00:00,-1.0
USD_SGD,2023-06-09 09:00:00,2023-06-29 09:00:00,-0.8900597590289631
EUR_USD,2023-06-09 09:00:00,2023-06-15 13:00:00,-1.0
AUD_CAD,2023-06-09 09:00:00,2023-06-13 01:00:00,1.0
USD_SGD,2023-06-11 21:00:00,2023-06-29 21:00:00,-0.8194161474056781
EUR_USD,2023-06-12 05:00:00,2023-06-14 13:00:00,-1.0
GBP_CHF,2023-06-12 09:00:00,2023-06-19 09:00:00,-1.0
AUD_USD,2023-06-12 21:00:00,2023-06-14 13:00:00,1.0
GBP_CHF,2023-06-12 21:00:00,2023-06-21 05:00:00,-1.0
USD_ZAR,2023-06-12 21:00:00,2023-06-14 09:00:00,1.0
USD_SEK,2023-06-12 21:00:00,2023-06-13 13:00:00,1.0
GBP_CHF,2023-06-13 05:00:00,2023-06-21 05:00:00,-1.0
EUR_GBP,2023-06-13 05:00:00,2023-07-03 05:00:00,-0.03606999906916508
USD_ZAR,2023-06-13 05:00:00,2023-06-14 09:00:00,1.0
USD_PLN,2023-06-13 05:00:00,2023-06-15 13:00:00,1.0
NZD_USD,2023-06-13 09:00:00,2023-06-14 09:00:00,1.0
NZD_JPY,2023-06-14 05:00:00,2023-06-14 17:00:00,1.0
CHF_JPY,2023-06-14 05:00:00,2023-06-15 01:00:00,1.0
EUR_JPY,2023-06-14 05:00:00,2023-06-15 01:00:00,1.0
AUD_USD,2023-06-14 05:00:00,2023-06-14 13:00:00,1.0
EUR_AUD,2023-06-14 17:00:00,2023-06-20 05:00:00,-1.0
CAD_CHF,2023-06-15 01:00:00,2023-07-05 01:00:00,-0.20242017700683668
USD_ZAR,2023-06-15 01:00:00,2023-06-15 17:00:00,1.0
GBP_CAD,2023-06-15 09:00:00,2023-07-05 09:00:00,0.17682836374425123
USD_ZAR,2023-06-15 09:00:00,2023-06-15 13:00:00,1.0
GBP_AUD,2023-06-16 05:00:00,2023-06-19 01:00:00,1.0
GBP_CAD,2023-06-16 09:00:00,2023-06-26 05:00:00,-1.0
NZD_USD,2023-06-18 21:00:00,2023-06-20 09:00:00,-1.0
EUR_JPY,2023-06-20 01:00:00,2023-06-22 09:00:00,1.0
USD_ZAR,2023-06-20 01:00:00,2023-06-20 13:00:00,-1.0
GBP_JPY,2023-06-20 01:00:00,2023-06-27 13:00:00,1.0
CHF_JPY,2023-06-20 01:00:00,2023-06-22 17:00:00,1.0
EUR_USD,2023-06-20 05:00:00,2023-07-10 05:00:00,-0.3752997821430505
NZD_USD,2023-06-20 09:00:00,2023-06-22 09:00:00,1.0
EUR_NOK,2023-06-20 09:00:00,2023-06-22 05:00:00,1.0
EUR_NOK,2023-06-20 21:00:00,2023-06-22 05:00:00,1.0
GBP_AUD,2023-06-21 01:00:00,2023-06-23 01:00:00,1.0
USD_CAD,2023-06-21 05:00:00,2023-07-06 13:00:00,-1.0
NZD_USD,2023-06-21 05:00:00,2023-06-28 05:00:00,-1.0
EUR_CAD,2023-06-21 05:00:00,2023-07-10 13:00:00,-1.0
EUR_NOK,2023-06-21 05:00:00,2023-06-22 05:00:00,1.0
CAD_CHF,2023-06-21 09:00:00,2023-07-06 13:00:00,1.0
GBP_AUD,2023-06-21 09:00:00,2023-06-23 01:00:00,1.0
USD_SGD,2023-06-21 13:00:00,2023-07-11 13:00:00,0.2631852854147661
NZD_JPY,2023-06-22 01:00:00,2023-06-27 01:00:00,1.0
NZD_JPY,2023-06-23 01:00:00,2023-07-03 21:00:00,1.0
EUR_AUD,2023-06-23 09:00:00,2023-06-28 01:00:00,-1.0
GBP_USD,2023-06-23 13:00:00,2023-07-07 13:00:00,1.0
AUD_USD,2023-06-26 05:00:00,2023-06-28 09:00:00,-1.0
USD_ZAR,2023-06-26 05:00:00,2023-06-26 09:00:00,1.0
USD_PLN,2023-06-26 09:00:00,2023-06-28 13:00:00,-1.0
USD_SEK,2023-06-26 13:00:00,2023-06-29 05:00:00,-1.0
AUD_USD,2023-06-26 13:00:00,2023-06-28 13:00:00,-1.0
AUD_CAD,2023-06-26 13:00:00,2023-07-06 05:00:00,1.0
USD_SGD,2023-06-26 13:00:00,2023-07-11 21:00:00,1.0
USD_CAD,2023-06-26 13:00:00,2023-07-06 01:00:00,-1.0
EUR_AUD,2023-06-27 05:00:00,2023-06-28 01:00:00,-1.0
EUR_NOK,2023-06-27 05:00:00,2023-06-27 21:00:00,-1.0
USD_JPY,2023-06-27 09:00:00,2023-06-29 13:00:00,1.0
GBP_CHF,2023-06-27 13:00:00,2023-07-12 13:00:00,1.0
CHF_JPY,2023-06-28 05:00:00,2023-07-11 01:00:00,-1.0
EUR_NOK,2023-06-28 09:00:00,2023-06-29 13:00:00,1.0
NZD_CHF,2023-06-28 21:00:00,2023-07-03 05:00:00,-1.0
GBP_USD,2023-06-29 09:00:00,2023-07-06 09:00:00,1.0
GBP_JPY,2023-06-29 13:00:00,2023-07-12 05:00:00,-1.0
NZD_JPY,2023-06-29 13:00:00,2023-06-30 13:00:00,1.0
EUR_USD,2023-06-30 05:00:00,2023-07-10 13:00:00,-1.0
AUD_JPY,2023-06-30 05:00:00,2023-07-04 01:00:00,1.0
GBP_CAD,2023-07-02 21:00:00,2023-07-06 09:00:00,1.0
USD_CAD,2023-07-03 05:00:00,2023-07-13 13:00:00,1.0
GBP_USD,2023-07-03 05:00:00,2023-07-07 13:00:00,1.0
EUR_JPY,2023-07-03 05:00:00,2023-07-06 05:00:00,-1.0
USD_CZK,2023-07-03 09:00:00,2023-07-06 05:00:00,1.0
CAD_JPY,2023-07-03 13:00:00,2023-07-06 13:00:00,-1.0
GBP_AUD,2023-07-03 13:00:00,2023-07-06 13:00:00,1.0
NZD_CAD,2023-07-04 05:00:00,2023-07-06 05:00:00,-1.0
EUR_PLN,2023-07-04 13:00:00,2023-07-05 17:00:00,-1.0
AUD_JPY,2023-07-05 01:00:00,2023-07-06 13:00:00,-1.0
USD_ZAR,2023-07-05 01:00:00,2023-07-06 05:00:00,-1.0
EUR_USD,2023-07-05 05:00:00,2023-07-10 17:00:00,-1.0
NZD_CHF,2023-07-05 09:00:00,2023-07-06 13:00:00,1.0
GBP_CAD,2023-07-05 21:00:00,2023-07-06 17:00:00,1.0
USD_NOK,2023-07-05 21:00:00,2023-07-06 13:00:00,1.0
AUD_CAD,2023-07-06 01:00:00,2023-07-12 13:00:00,1.0
GBP_AUD,2023-07-06 05:00:00,2023-07-06 21:00:00,1.0
EUR_NOK,2023-07-06 05:00:00,2023-07-06 13:00:00,-1.0
NZD_CHF,2023-07-06 05:00:00,2023-07-07 13:00:00,1.0
EUR_GBP,2023-07-06 09:00:00,2023-07-18 21:00:00,1.0
GBP_CHF,2023-07-06 09:00:00,2023-07-12 09:00:00,1.0
USD_SEK,2023-07-06 09:00:00,2023-07-07 13:00:00,1.0
EUR_JPY,2023-07-06 21:00:00,2023-07-11 01:00:00,-1.0
GBP_JPY,2023-07-06 21:00:00,2023-07-10 09:00:00,-1.0
GBP_CHF,2023-07-07 05:00:00,2023-07-12 13:00:00,1.0
USD_SEK,2023-07-07 05:00:00,2023-07-07 13:00:00,1.0
GBP_USD,2023-07-07 05:00:00,2023-07-10 17:00:00,1.0
EUR_NOK,2023-07-07 09:00:00,2023-07-10 05:00:00,1.0
EUR_PLN,2023-07-07 09:00:00,2023-07-10 09:00:00,1.0
CAD_CHF,2023-07-07 09:00:00,2023-07-11 05:00:00,1.0
EUR_AUD,2023-07-07 09:00:00,2023-07-13 13:00:00,1.0
USD_CHF,2023-07-07 09:00:00,2023-07-10 13:00:00,1.0
USD_SEK,2023-07-07 13:00:00,2023-07-07 17:00:00,1.0
USD_SEK,2023-07-10 09:00:00,2023-07-10 17:00:00,1.0
USD_ZAR,2023-07-10 09:00:00,2023-07-11 01:00:00,1.0
GBP_USD,2023-07-10 09:00:00,2023-07-11 09:00:00,1.0
USD_SGD,2023-07-10 09:00:00,2023-07-12 09:00:00,1.0
USD_CHF,2023-07-10 09:00:00,2023-07-11 05:00:00,1.0
NZD_CHF,2023-07-10 21:00:00,2023-07-11 05:00:00,1.0
GBP_CHF,2023-07-10 21:00:00,2023-07-12 13:00:00,1.0
EUR_GBP,2023-07-11 05:00:00,2023-07-19 05:00:00,1.0
AUD_CAD,2023-07-11 21:00:00,2023-07-12 13:00:00,1.0
CAD_CHF,2023-07-12 01:00:00,2023-07-12 13:00:00,1.0
CHF_JPY,2023-07-12 09:00:00,2023-07-13 05:00:00,1.0
GBP_USD,2023-07-13 05:00:00,2023-07-13 17:00:00,1.0
AUD_JPY,2023-07-13 21:00:00,2023-07-18 09:00:00,-1.0
USD_PLN,2023-07-13 21:00:00,2023-07-21 09:00:00,-1.0
EUR_JPY,2023-07-13 21:00:00,2023-07-17 13:00:00,1.0
USD_PLN,2023-07-14 05:00:00,2023-07-18 05:00:00,1.0
GBP_USD,2023-07-14 05:00:00,2023-07-19 05:00:00,-1.0
AUD_USD,2023-07-14 05:00:00,2023-07-17 01:00:00,-1.0
EUR_USD,2023-07-14 09:00:00,2023-07-20 13:00:00,1.0
CAD_CHF,2023-07-14 09:00:00,2023-07-18 09:00:00,1.0
CHF_JPY,2023-07-16 21:00:00,2023-07-19 01:00:00,1.0
EUR_USD,2023-07-16 21:00:00,2023-07-20 13:00:00,1.0
NZD_JPY,2023-07-16 21:00:00,2023-07-17 09:00:00,-1.0
USD_NOK,2023-07-17 05:00:00,2023-07-20 09:00:00,-1.0
CAD_CHF,2023-07-17 09:00:00,2023-07-20 13:00:00,-1.0
USD_CHF,2023-07-17 09:00:00,2023-07-24 17:00:00,-1.0
USD_SGD,2023-07-17 09:00:00,2023-08-01 09:00:00,-1.0
GBP_USD,2023-07-17 09:00:00,2023-07-19 05:00:00,-1.0
EUR_GBP,2023-07-17 21:00:00,2023-07-19 05:00:00,1.0
GBP_CHF,2023-07-17 21:00:00,2023-07-19 05:00:00,1.0
EUR_JPY,2023-07-18 01:00:00,2023-07-21 05:00:00,1.0
AUD_USD,2023-07-18 05:00:00,2023-07-21 09:00:00,-1.0
GBP_USD,2023-07-18 05:00:00,2023-07-19 05:00:00,-1.0
GBP_CHF,2023-07-18 09:00:00,2023-07-19 05:00:00,1.0
CHF_JPY,2023-07-18 13:00:00,2023-07-19 05:00:00,1.0
NZD_CHF,2023-07-18 21:00:00,2023-07-21 17:00:00,1.0
AUD_NZD,2023-07-18 21:00:00,2023-08-01 21:00:00,-1.0
EUR_USD,2023-07-19 05:00:00,2023-07-20 13:00:00,1.0
USD_SGD,2023-07-19 13:00:00,2023-08-02 09:00:00,-1.0
AUD_USD,2023-07-19 13:00:00,2023-07-20 01:00:00,1.0
AUD_CAD,2023-07-19 13:00:00,2023-07-28 01:00:00,-1.0
USD_CHF,2023-07-19 13:00:00,2023-07-20 13:00:00,-1.0
USD_CHF,2023-07-19 21:00:00,2023-07-24 17:00:00,-1.0
NZD_CHF,2023-07-20 09:00:00,2023-07-21 13:00:00,1.0
NZD_CHF,2023-07-20 17:00:00,2023-07-21 13:00:00,1.0
USD_NOK,2023-07-21 09:00:00,2023-07-25 09:00:00,1.0
CAD_CHF,2023-07-21 09:00:00,2023-07-26 09:00:00,1.0
EUR_NOK,2023-07-24 05:00:00,2023-07-25 01:00:00,1.0
EUR_USD,2023-07-24 05:00:00,2023-07-27 13:00:00,1.0
USD_SEK,2023-07-24 05:00:00,2023-07-27 09:00:00,1.0
USD_SGD,2023-07-24 13:00:00,2023-08-08 05:00:00,-1.0
USD_CHF,2023-07-25 09:00:00,2023-07-26 17:00:00,1.0
GBP_JPY,2023-07-25 09:00:00,2023-07-27 17:00:00,-1.0
NZD_CHF,2023-07-25 09:00:00,2023-07-26 13:00:00,1.0
USD_ZAR,2023-07-25 21:00:00,2023-07-27 05:00:00,1.0
USD_SGD,2023-07-25 21:00:00,2023-08-02 13:00:00,-1.0
NZD_CHF,2023-07-26 05:00:00,2023-08-03 01:00:00,1.0
CHF_JPY,2023-07-26 05:00:00,2023-07-27 17:00:00,-1.0
AUD_USD,2023-07-26 09:00:00,2023-07-28 01:00:00,-1.0
GBP_USD,2023-07-26 17:00:00,2023-07-28 01:00:00,-1.0
AUD_CAD,2023-07-26 17:00:00,2023-07-28 01:00:00,-1.0
USD_CHF,2023-07-27 05:00:00,2023-07-27 13:00:00,-1.0
GBP_CAD,2023-07-27 05:00:00,2023-08-03 09:00:00,-1.0
USD_NOK,2023-07-28 05:00:00,2023-08-02 13:00:00,1.0
EUR_USD,2023-07-28 05:00:00,2023-08-14 13:00:00,1.0
GBP_CHF,2023-07-28 05:00:00,2023-08-17 05:00:00,-0.4140619386362019
GBP_CHF,2023-07-31 09:00:00,2023-08-03 09:00:00,1.0
CHF_JPY,2023-07-31 17:00:00,2023-08-10 05:00:00,1.0
EUR_NOK,2023-08-01 01:00:00,2023-08-02 17:00:00,-1.0
CAD_CHF,2023-08-01 13:00:00,2023-08-03 09:00:00,1.0
GBP_AUD,2023-08-03 01:00:00,2023-08-14 01:00:00,1.0
USD_JPY,2023-08-03 05:00:00,2023-08-04 13:00:00,-1.0
CAD_JPY,2023-08-03 05:00:00,2023-08-04 13:00:00,-1.0
CHF_JPY,2023-08-03 05:00:00,2023-08-10 05:00:00,1.0
NZD_CHF,2023-08-03 21:00:00,2023-08-11 01:00:00,1.0
CAD_CHF,2023-08-04 05:00:00,2023-08-15 09:00:00,1.0
EUR_NOK,2023-08-04 09:00:00,2023-08-10 17:00:00,-1.0
GBP_AUD,2023-08-04 13:00:00,2023-08-08 05:00:00,1.0
NZD_CHF,2023-08-06 21:00:00,2023-08-10 17:00:00,1.0
NZD_JPY,2023-08-07 13:00:00,2023-08-10 05:00:00,1.0
USD_NOK,2023-08-09 01:00:00,2023-08-10 09:00:00,-1.0
GBP_CHF,2023-08-09 09:00:00,2023-08-29 09:00:00,0.35275263445337457
GBP_JPY,2023-08-09 09:00:00,2023-08-14 13:00:00,1.0
CHF_JPY,2023-08-09 09:00:00,2023-08-10 13:00:00,1.0
USD_PLN,2023-08-09 09:00:00,2023-08-10 09:00:00,1.0
NZD_CHF,2023-08-10 09:00:00,2023-08-11 01:00:00,1.0
GBP_AUD,2023-08-10 09:00:00,2023-08-14 01:00:00,1.0
CAD_CHF,2023-08-11 05:00:00,2023-08-23 13:00:00,1.0
USD_HUF,2023-08-11 17:00:00,2023-08-14 13:00:00,-1.0
GBP_CAD,2023-08-13 21:00:00,2023-08-16 13:00:00,1.0
GBP_CHF,2023-08-14 05:00:00,2023-08-18 17:00:00,-1.0
EUR_GBP,2023-08-14 05:00:00,2023-08-17 09:00:00,-1.0
GBP_USD,2023-08-14 09:00:00,2023-08-22 05:00:00,1.0
USD_SEK,2023-08-14 09:00:00,2023-08-18 05:00:00,-1.0
AUD_NZD,2023-08-14 13:00:00,2023-09-01 13:00:00,0.05254860746189799
EUR_CAD,2023-08-14 21:00:00,2023-09-03 21:00:00,0.36513224994899474
CAD_JPY,2023-08-15 05:00:00,2023-08-23 13:00:00,-1.0
EUR_AUD,2023-08-15 05:00:00,2023-08-17 01:00:00,-1.0
USD_SEK,2023-08-15 05:00:00,2023-08-16 17:00:00,-1.0
AUD_USD,2023-08-15 05:00:00,2023-08-17 01:00:00,-1.0
EUR_NOK,2023-08-15 05:00:00,2023-08-16 17:00:00,-1.0
USD_CAD,2023-08-15 05:00:00,2023-08-25 13:00:00,-1.0
USD_CZK,2023-08-15 13:00:00,2023-08-23 05:00:00,1.0
GBP_JPY,2023-08-15 17:00:00,2023-08-21 21:00:00,1.0
GBP_USD,2023-08-16 17:00:00,2023-08-24 21:00:00,-1.0
EUR_CAD,2023-08-17 05:00:00,2023-09-06 05:00:00,0.46858764965942074
GBP_CHF,2023-08-17 09:00:00,2023-08-29 13:00:00,1.0
EUR_NOK,2023-08-17 09:00:00,2023-09-01 09:00:00,1.0
AUD_USD,2023-08-18 01:00:00,2023-08-23 13:00:00,1.0
GBP_AUD,2023-08-18 05:00:00,2023-08-23 13:00:00,-1.0
NZD_CHF,2023-08-18 05:00:00,2023-08-31 17:00:00,-1.0
AUD_JPY,2023-08-18 09:00:00,2023-08-21 17:00:00,1.0
USD_ZAR,2023-08-18 09:00:00,2023-08-22 05:00:00,1.0
AUD_CAD,2023-08-18 17:00:00,2023-08-23 13:00:00,1.0
AUD_NZD,2023-08-20 21:00:00,2023-09-07 21:00:00,0.3957404609866624
USD_NOK,2023-08-20 21:00:00,2023-08-23 09:00:00,1.0
CAD_CHF,2023-08-21 09:00:00,2023-09-08 09:00:00,-0.5034149336198384
AUD_USD,2023-08-21 13:00:00,2023-08-23 13:00:00,1.0
USD_HUF,2023-08-21 13:00:00,2023-08-23 09:00:00,-1.0
USD_SGD,2023-08-21 13:00:00,2023-09-08 13:00:00,-0.5721228186436783
EUR_JPY,2023-08-22 01:00:00,2023-08-23 05:00:00,-1.0
AUD_NZD,2023-08-22 13:00:00,2023-09-11 13:00:00,0.5775317920145175
EUR_NOK,2023-08-23 05:00:00,2023-09-08 09:00:00,1.0
AUD_NZD,2023-08-23 21:00:00,2023-09-12 21:00:00,0.4297041048293039
CAD_CHF,2023-08-23 21:00:00,2023-09-11 09:00:00,-1.0
AUD_USD,2023-08-24 05:00:00,2023-08-25 05:00:00,-1.0
AUD_CAD,2023-08-24 05:00:00,2023-09-13 05:00:00,-0.6149555357428552
AUD_JPY,2023-08-24 05:00:00,2023-08-30 05:00:00,1.0
EUR_CAD,2023-08-24 13:00:00,2023-09-12 05:00:00,1.0
GBP_CHF,2023-08-25 05:00:00,2023-09-14 05:00:00,-0.08432308299543824
USD_NOK,2023-08-25 05:00:00,2023-08-25 13:00:00,-1.0
EUR_GBP,2023-08-25 05:00:00,2023-09-14 05:00:00,0.2682997958588608
NZD_USD,2023-08-25 13:00:00,2023-08-29 17:00:00,1.0
USD_CHF,2023-08-27 21:00:00,2023-08-30 09:00:00,1.0
GBP_CAD,2023-08-28 13:00:00,2023-09-12 09:00:00,-1.0
EUR_JPY,2023-08-28 13:00:00,2023-09-11 05:00:00,-1.0
USD_PLN,2023-08-28 13:00:00,2023-08-29 17:00:00,1.0
GBP_CAD,2023-08-28 21:00:00,2023-09-12 05:00:00,-1.0
GBP_JPY,2023-08-29 05:00:00,2023-09-11 05:00:00,-1.0
NZD_JPY,2023-08-29 13:00:00,2023-09-15 05:00:00,1.0
EUR_JPY,2023-08-29 13:00:00,2023-09-11 05:00:00,-1.0
CHF_JPY,2023-08-29 21:00:00,2023-09-01 09:00:00,-1.0
EUR_GBP,2023-08-30 05:00:00,2023-09-19 05:00:00,0.42336411640186805
USD_NOK,2023-08-30 09:00:00,2023-09-01 13:00:00,1.0
AUD_NZD,2023-08-30 21:00:00,2023-09-19 21:00:00,0.15022349200497728
USD_PLN,2023-08-30 21:00:00,2023-09-01 13:00:00,-1.0
NZD_USD,2023-08-31 13:00:00,2023-09-01 09:00:00,1.0
USD_NOK,2023-08-31 17:00:00,2023-09-05 05:00:00,1.0
EUR_NOK,2023-08-31 21:00:00,2023-09-08 05:00:00,1.0
NZD_CHF,2023-09-01 09:00:00,2023-09-05 05:00:00,1.0
CHF_JPY,2023-09-01 09:00:00,2023-09-21 09:00:00,-0.6068853235810483
GBP_CHF,2023-09-01 09:00:00,2023-09-20 05:00:00,1.0
CAD_CHF,2023-09-01 09:00:00,2023-09-14 09:00:00,-1.0
EUR_NOK,2023-09-03 21:00:00,2023-09-11 05:00:00,1.0
NZD_JPY,2023-09-03 21:00:00,2023-09-19 05:00:00,1.0
NZD_CHF,2023-09-04 01:00:00,2023-09-05 05:00:00,1.0
EUR_NOK,2023-09-04 09:00:00,2023-09-22 09:00:00,0.7670454545454566
USD_SEK,2023-09-04 09:00:00,2023-09-06 13:00:00,-1.0
EUR_JPY,2023-09-05 05:00:00,2023-09-25 05:00:00,-0.15496913267888107
CAD_JPY,2023-09-06 01:00:00,2023-09-14 17:00:00,1.0
EUR_USD,2023-09-06 09:00:00,2023-09-14 17:00:00,1.0
USD_NOK,2023-09-06 09:00:00,2023-09-18 05:00:00,1.0
GBP_CHF,2023-09-06 09:00:00,2023-09-20 05:00:00,1.0
EUR_NOK,2023-09-06 21:00:00,2023-09-26 21:00:00,0.5568063229841702
USD_NOK,2023-09-07 05:00:00,2023-09-18 05:00:00,1.0
USD_SEK,2023-09-07 09:00:00,2023-09-18 09:00:00,-1.0
NZD_JPY,2023-09-07 09:00:00,2023-09-15 01:00:00,1.0
NZD_JPY,2023-09-07 21:00:00,2023-09-14 01:00:00,1.0
EUR_NOK,2023-09-07 21:00:00,2023-09-18 05:00:00,-1.0
EUR_USD,2023-09-07 21:00:00,2023-09-25 13:00:00,1.0
AUD_JPY,2023-09-07 21:00:00,2023-09-13 13:00:00,1.0
AUD_CAD,2023-09-08 01:00:00,2023-09-25 21:00:00,-1.0
USD_SGD,2023-09-08 01:00:00,2023-09-28 01:00:00,-0.364498704492556
AUD_USD,2023-09-08 01:00:00,2023-09-11 01:00:00,1.0
EUR_GBP,2023-09-08 05:00:00,2023-09-21 05:00:00,1.0
EUR_USD,2023-09-08 05:00:00,2023-09-22 05:00:00,1.0
USD_PLN,2023-09-08 09:00:00,2023-09-12 05:00:00,-1.0
EUR_PLN,2023-09-08 09:00:00,2023-09-12 05:00:00,-1.0
USD_PLN,2023-09-08 17:00:00,2023-09-12 05:00:00,-1.0
USD_CZK,2023-09-10 21:00:00,2023-09-12 05:00:00,1.0
EUR_USD,2023-09-10 21:00:00,2023-09-25 13:00:00,1.0
AUD_JPY,2023-09-10 21:00:00,2023-09-14 21:00:00,1.0
NZD_CHF,2023-09-11 13:00:00,2023-09-19 21:00:00,-1.0
EUR_CAD,2023-09-11 13:00:00,2023-09-14 09:00:00,1.0
CHF_JPY,2023-09-11 13:00:00,2023-09-27 01:00:00,-1.0
NZD_JPY,2023-09-11 13:00:00,2023-09-15 05:00:00,1.0
USD_NOK,2023-09-12 01:00:00,2023-09-14 09:00:00,1.0
EUR_JPY,2023-09-12 01:00:00,2023-10-02 01:00:00,0.5221865768827628
USD_ZAR,2023-09-12 05:00:00,2023-09-20 13:00:00,1.0
AUD_JPY,2023-09-13 01:00:00,2023-09-15 01:00:00,1.0
USD_CHF,2023-09-13 05:00:00,2023-09-21 05:00:00,-1.0
NZD_CAD,2023-09-13 05:00:00,2023-09-29 01:00:00,-1.0
NZD_CHF,2023-09-13 05:00:00,2023-09-19 05:00:00,-1.0
NZD_USD,2023-09-13 09:00:00,2023-09-19 21:00:00,1.0
AUD_USD,2023-09-13 09:00:00,2023-09-15 01:00:00,1.0
EUR_CAD,2023-09-13 09:00:00,2023-09-14 09:00:00,1.0
EUR_NOK,2023-09-13 09:00:00,2023-09-27 05:00:00,1.0
AUD_CAD,2023-09-13 09:00:00,2023-09-27 13:00:00,-1.0
NZD_JPY,2023-09-14 01:00:00,2023-09-20 05:00:00,1.0
AUD_JPY,2023-09-14 01:00:00,2023-09-15 05:00:00,1.0
NZD_JPY,2023-09-14 09:00:00,2023-09-20 09:00:00,1.0
NZD_CAD,2023-09-14 13:00:00,2023-09-29 05:00:00,-1.0
AUD_JPY,2023-09-14 21:00:00,2023-09-20 09:00:00,1.0
EUR_NOK,2023-09-15 05:00:00,2023-09-18 05:00:00,-1.0
EUR_AUD,2023-09-15 05:00:00,2023-09-29 05:00:00,1.0
EUR_GBP,2023-09-18 09:00:00,2023-09-21 09:00:00,1.0
CHF_JPY,2023-09-18 09:00:00,2023-09-25 21:00:00,-1.0
EUR_CAD,2023-09-18 13:00:00,2023-09-25 13:00:00,1.0
NZD_CAD,2023-09-18 13:00:00,2023-09-29 01:00:00,-1.0
AUD_CAD,2023-09-19 09:00:00,2023-09-27 17:00:00,-1.0
GBP_JPY,2023-09-19 21:00:00,2023-09-21 09:00:00,-1.0
AUD_JPY,2023-09-19 21:00:00,2023-09-29 01:00:00,1.0
AUD_USD,2023-09-20 01:00:00,2023-09-21 09:00:00,-1.0
EUR_JPY,2023-09-20 05:00:00,2023-10-03 13:00:00,-1.0
GBP_JPY,2023-09-20 05:00:00,2023-09-21 09:00:00,-1.0
EUR_USD,2023-09-20 05:00:00,2023-09-25 13:00:00,1.0
USD_JPY,2023-09-20 09:00:00,2023-09-27 13:00:00,1.0
CHF_JPY,2023-09-20 17:00:00,2023-09-21 09:00:00,-1.0
CAD_CHF,2023-09-20 17:00:00,2023-09-22 09:00:00,-1.0
EUR_GBP,2023-09-20 17:00:00,2023-10-10 17:00:00,-0.06715372413712212
NZD_CHF,2023-09-21 05:00:00,2023-09-22 05:00:00,-1.0
CHF_JPY,2023-09-21 05:00:00,2023-09-26 13:00:00,-1.0
USD_PLN,2023-09-21 05:00:00,2023-09-22 13:00:00,1.0
CAD_CHF,2023-09-21 05:00:00,2023-09-22 09:00:00,-1.0
EUR_NOK,2023-09-21 09:00:00,2023-09-22 09:00:00,1.0
USD_ZAR,2023-09-21 09:00:00,2023-09-22 09:00:00,1.0
AUD_CAD,2023-09-21 09:00:00,2023-09-29 09:00:00,1.0
NZD_JPY,2023-09-21 09:00:00,2023-09-22 09:00:00,1.0
AUD_JPY,2023-09-21 21:00:00,2023-09-22 09:00:00,1.0
EUR_GBP,2023-09-21 21:00:00,2023-10-11 21:00:00,-0.44548570637182916
EUR_CAD,2023-09-22 05:00:00,2023-09-27 13:00:00,1.0
USD_NOK,2023-09-25 09:00:00,2023-09-26 05:00:00,1.0
USD_CAD,2023-09-25 13:00:00,2023-10-02 09:00:00,-1.0
USD_CZK,2023-09-25 17:00:00,2023-09-27 09:00:00,1.0
NZD_CHF,2023-09-26 21:00:00,2023-09-29 09:00:00,-1.0
AUD_NZD,2023-09-27 05:00:00,2023-10-08 21:00:00,-1.0
NZD_USD,2023-09-27 09:00:00,2023-09-29 01:00:00,1.0
NZD_JPY,2023-09-27 17:00:00,2023-09-29 01:00:00,1.0
EUR_USD,2023-09-28 05:00:00,2023-10-11 05:00:00,-1.0
AUD_JPY,2023-09-28 05:00:00,2023-09-28 21:00:00,1.0
AUD_NZD,2023-09-28 21:00:00,2023-10-03 21:00:00,-1.0
CAD_JPY,2023-09-29 05:00:00,2023-10-02 17:00:00,-1.0
EUR_GBP,2023-09-29 09:00:00,2023-10-19 09:00:00,0.7961488613219746
GBP_AUD,2023-09-29 13:00:00,2023-10-03 01:00:00,1.0
GBP_AUD,2023-10-02 17:00:00,2023-10-03 17:00:00,1.0
USD_SGD,2023-10-03 09:00:00,2023-10-11 13:00:00,1.0
AUD_USD,2023-10-03 09:00:00,2023-10-05 01:00:00,1.0
GBP_USD,2023-10-03 09:00:00,2023-10-05 13:00:00,1.0
NZD_CAD,2023-10-03 13:00:00,2023-10-05 09:00:00,-1.0
USD_NOK,2023-10-04 05:00:00,2023-10-06 09:00:00,1.0
GBP_USD,2023-10-04 05:00:00,2023-10-05 13:00:00,1.0
GBP_CHF,2023-10-04 09:00:00,2023-10-13 13:00:00,1.0
NZD_USD,2023-10-04 13:00:00,2023-10-05 13:00:00,1.0
NZD_JPY,2023-10-04 13:00:00,2023-10-06 05:00:00,1.0
AUD_JPY,2023-10-04 13:00:00,2023-10-06 13:00:00,1.0
EUR_AUD,2023-10-05 05:00:00,2023-10-19 21:00:00,-1.0
AUD_NZD,2023-10-05 05:00:00,2023-10-17 21:00:00,1.0
GBP_JPY,2023-10-05 09:00:00,2023-10-06 13:00:00,1.0
GBP_CAD,2023-10-05 09:00:00,2023-10-25 09:00:00,0.2135790692512128
USD_PLN,2023-10-05 13:00:00,2023-10-06 13:00:00,1.0
AUD_JPY,2023-10-05 13:00:00,2023-10-06 13:00:00,1.0
USD_PLN,2023-10-06 09:00:00,2023-10-06 13:00:00,1.0
USD_HUF,2023-10-06 09:00:00,2023-10-06 13:00:00,1.0
EUR_PLN,2023-10-06 09:00:00,2023-10-09 13:00:00,1.0
USD_CHF,2023-10-06 09:00:00,2023-10-09 17:00:00,1.0
GBP_CAD,2023-10-06 09:00:00,2023-10-26 09:00:00,0.3240879410531296
USD_ZAR,2023-10-06 09:00:00,2023-10-06 13:00:00,1.0
NZD_JPY,2023-10-06 09:00:00,2023-10-06 17:00:00,1.0
GBP_USD,2023-10-06 09:00:00,2023-10-10 13:00:00,1.0
CAD_CHF,2023-10-06 09:00:00,2023-10-13 17:00:00,1.0
GBP_AUD,2023-10-06 17:00:00,2023-10-26 17:00:00,0.16866664577915877
GBP_AUD,2023-10-09 05:00:00,2023-10-27 05:00:00,-0.29550580569709967
CHF_JPY,2023-10-09 13:00:00,2023-10-11 13:00:00,1.0
CHF_JPY,2023-10-09 21:00:00,2023-10-11 13:00:00,1.0
GBP_CHF,2023-10-10 05:00:00,2023-10-13 13:00:00,1.0
USD_CZK,2023-10-10 09:00:00,2023-10-12 13:00:00,1.0
USD_CHF,2023-10-10 09:00:00,2023-10-18 05:00:00,1.0
AUD_CAD,2023-10-10 09:00:00,2023-10-13 13:00:00,-1.0
AUD_USD,2023-10-10 09:00:00,2023-10-12 13:00:00,-1.0
GBP_JPY,2023-10-10 17:00:00,2023-10-30 17:00:00,-0.5253834805832949
GBP_JPY,2023-10-11 05:00:00,2023-10-30 05:00:00,-1.0
EUR_JPY,2023-10-11 05:00:00,2023-10-23 13:00:00,1.0
EUR_GBP,2023-10-11 09:00:00,2023-10-19 09:00:00,1.0
AUD_USD,2023-10-11 09:00:00,2023-10-12 13:00:00,-1.0
USD_SGD,2023-10-11 09:00:00,2023-10-31 09:00:00,-0.2808226711148564
AUD_CAD,2023-10-11 09:00:00,2023-10-13 13:00:00,-1.0
AUD_JPY,2023-10-11 13:00:00,2023-10-13 09:00:00,-1.0
CAD_CHF,2023-10-12 09:00:00,2023-10-18 13:00:00,1.0
CAD_JPY,2023-10-13 09:00:00,2023-10-27 13:00:00,-1.0
CHF_JPY,2023-10-13 09:00:00,2023-10-17 13:00:00,1.0
EUR_AUD,2023-10-13 13:00:00,2023-11-01 13:00:00,1.0
AUD_NZD,2023-10-15 21:00:00,2023-10-17 05:00:00,1.0
EUR_NOK,2023-10-16 05:00:00,2023-10-18 05:00:00,-1.0
GBP_JPY,2023-10-16 09:00:00,2023-10-23 21:00:00,1.0
USD_NOK,2023-10-16 09:00:00,2023-10-18 13:00:00,1.0
GBP_CAD,2023-10-16 09:00:00,2023-10-23 17:00:00,1.0
USD_CHF,2023-10-16 13:00:00,2023-10-19 13:00:00,1.0
USD_NOK,2023-10-17 05:00:00,2023-10-18 13:00:00,1.0
GBP_CHF,2023-10-17 21:00:00,2023-10-19 09:00:00,1.0
NZD_CHF,2023-10-17 21:00:00,2023-10-18 13:00:00,1.0
CAD_CHF,2023-10-17 21:00:00,2023-10-19 09:00:00,1.0
GBP_CAD,2023-10-18 09:00:00,2023-10-23 17:00:00,1.0
USD_NOK,2023-10-18 09:00:00,2023-10-18 13:00:00,1.0
NZD_CHF,2023-10-19 13:00:00,2023-10-23 09:00:00,1.0
EUR_PLN,2023-10-19 13:00:00,2023-11-08 14:00:00,0.457187188892971
GBP_USD,2023-10-20 05:00:00,2023-10-23 17:00:00,1.0
AUD_USD,2023-10-20 05:00:00,2023-10-24 05:00:00,1.0
GBP_JPY,2023-10-20 05:00:00,2023-10-23 21:00:00,1.0
USD_SEK,2023-10-20 05:00:00,2023-10-24 13:00:00,-1.0
AUD_JPY,2023-10-20 05:00:00,2023-10-24 21:00:00,1.0
CAD_CHF,2023-10-20 09:00:00,2023-11-02 13:00:00,-1.0
NZD_CAD,2023-10-20 13:00:00,2023-10-27 13:00:00,-1.0
USD_SGD,2023-10-20 17:00:00,2023-11-03 09:00:00,1.0
AUD_JPY,2023-10-20 17:00:00,2023-10-24 21:00:00,1.0
NZD_CHF,2023-10-22 21:00:00,2023-10-27 13:00:00,-1.0
GBP_AUD,2023-10-22 21:00:00,2023-10-24 21:00:00,-1.0
EUR_JPY,2023-10-22 21:00:00,2023-10-31 09:00:00,1.0
NZD_JPY,2023-10-23 05:00:00,2023-10-31 09:00:00,1.0
GBP_JPY,2023-10-23 09:00:00,2023-10-31 13:00:00,1.0
GBP_USD,2023-10-23 09:00:00,2023-10-24 01:00:00,1.0
USD_ZAR,2023-10-24 05:00:00,2023-10-25 05:00:00,-1.0
USD_SEK,2023-10-24 05:00:00,2023-10-24 13:00:00,-1.0
USD_CHF,2023-10-24 05:00:00,2023-10-26 13:00:00,-1.0
CAD_CHF,2023-10-24 09:00:00,2023-11-02 17:00:00,-1.0
NZD_JPY,2023-10-24 13:00:00,2023-11-01 21:00:00,1.0
AUD_USD,2023-10-24 21:00:00,2023-10-25 21:00:00,-1.0
USD_NOK,2023-10-25 21:00:00,2023-11-03 09:00:00,-1.0
GBP_CHF,2023-10-25 21:00:00,2023-10-31 09:00:00,-1.0
USD_JPY,2023-10-26 05:00:00,2023-10-31 13:00:00,1.0
EUR_NOK,2023-10-26 09:00:00,2023-11-07 22:00:00,-1.0
USD_CAD,2023-10-26 09:00:00,2023-11-03 13:00:00,1.0
USD_SGD,2023-10-26 21:00:00,2023-11-03 09:00:00,1.0
AUD_NZD,2023-10-26 21:00:00,2023-11-15 22:00:00,-0.24706609017912426
GBP_USD,2023-10-27 05:00:00,2023-11-03 09:00:00,1.0
USD_SEK,2023-10-27 05:00:00,2023-11-03 09:00:00,1.0
EUR_GBP,2023-10-27 09:00:00,2023-11-16 10:00:00,0.4756488470685599
USD_NOK,2023-10-30 09:00:00,2023-11-03 09:00:00,-1.0
NZD_CHF,2023-10-30 09:00:00,2023-11-01 21:00:00,-1.0
USD_CHF,2023-10-30 09:00:00,2023-11-14 10:00:00,1.0
CAD_JPY,2023-10-30 13:00:00,2023-10-31 09:00:00,1.0
GBP_CAD,2023-10-30 13:00:00,2023-11-03 17:00:00,1.0
GBP_JPY,2023-10-30 13:00:00,2023-10-31 05:00:00,1.0
USD_JPY,2023-10-30 13:00:00,2023-10-31 13:00:00,1.0
NZD_JPY,2023-10-30 13:00:00,2023-10-31 05:00:00,1.0
NZD_CHF,2023-10-30 17:00:00,2023-11-01 21:00:00,-1.0
AUD_JPY,2023-10-30 21:00:00,2023-10-31 05:00:00,1.0
AUD_NZD,2023-10-31 17:00:00,2023-11-20 18:00:00,-0.15811875453901275
GBP_CAD,2023-11-01 09:00:00,2023-11-14 10:00:00,1.0
GBP_USD,2023-11-01 09:00:00,2023-11-03 09:00:00,1.0
CHF_JPY,2023-11-01 13:00:00,2023-11-08 14:00:00,1.0
CAD_CHF,2023-11-01 21:00:00,2023-11-14 14:00:00,1.0
GBP_CHF,2023-11-01 21:00:00,2023-11-06 10:00:00,-1.0
NZD_USD,2023-11-02 13:00:00,2023-11-03 09:00:00,1.0
NZD_JPY,2023-11-02 21:00:00,2023-11-03 13:00:00,1.0
USD_SEK,2023-11-02 21:00:00,2023-11-03 09:00:00,1.0
GBP_AUD,2023-11-03 01:00:00,2023-11-07 02:00:00,1.0
USD_ZAR,2023-11-03 05:00:00,2023-11-03 09:00:00,1.0
AUD_CAD,2023-11-05 22:00:00,2023-11-09 18:00:00,-1.0
EUR_NOK,2023-11-05 22:00:00,2023-11-07 14:00:00,-1.0
NZD_CHF,2023-11-06 22:00:00,2023-11-08 18:00:00,1.0
GBP_AUD,2023-11-07 02:00:00,2023-11-07 06:00:00,1.0
GBP_JPY,2023-11-07 06:00:00,2023-11-14 10:00:00,1.0
NZD_JPY,2023-11-07 22:00:00,2023-11-14 14:00:00,1.0
EUR_GBP,2023-11-08 10:00:00,2023-11-28 10:00:00,-0.2402547389959806
NZD_JPY,2023-11-08 14:00:00,2023-11-14 14:00:00,1.0
GBP_CHF,2023-11-08 22:00:00,2023-11-28 22:00:00,-0.7755231165544306
EUR_NOK,2023-11-08 22:00:00,2023-11-10 06:00:00,1.0
GBP_AUD,2023-11-09 06:00:00,2023-11-29 06:00:00,-0.04648854762464686
AUD_USD,2023-11-10 10:00:00,2023-11-14 10:00:00,1.0
AUD_CAD,2023-11-10 10:00:00,2023-11-14 10:00:00,1.0
AUD_JPY,2023-11-10 10:00:00,2023-11-14 10:00:00,1.0
GBP_USD,2023-11-10 14:00:00,2023-11-14 10:00:00,1.0
NZD_JPY,2023-11-10 14:00:00,2023-11-14 14:00:00,1.0
NZD_CHF,2023-11-10 18:00:00,2023-11-21 06:00:00,-1.0
GBP_USD,2023-11-12 22:00:00,2023-11-14 10:00:00,1.0
USD_SEK,2023-11-12 22:00:00,2023-11-14 10:00:00,1.0
EUR_NOK,2023-11-12 22:00:00,2023-11-15 10:00:00,1.0
USD_ZAR,2023-11-13 10:00:00,2023-11-14 10:00:00,1.0
NZD_CHF,2023-11-13 10:00:00,2023-11-21 06:00:00,-1.0
USD_HUF,2023-11-14 10:00:00,2023-11-14 14:00:00,1.0
USD_CHF,2023-11-14 10:00:00,2023-11-14 14:00:00,1.0
NZD_USD,2023-11-14 10:00:00,2023-11-14 14:00:00,1.0
USD_SEK,2023-11-14 10:00:00,2023-11-14 14:00:00,1.0
USD_SGD,2023-11-14 10:00:00,2023-11-14 18:00:00,1.0
CHF_JPY,2023-11-14 10:00:00,2023-11-15 06:00:00,1.0
NZD_JPY,2023-11-14 10:00:00,2023-11-14 14:00:00,1.0
EUR_USD,2023-11-15 10:00:00,2023-11-28 14:00:00,-1.0
USD_CHF,2023-11-15 14:00:00,2023-11-27 06:00:00,1.0
CAD_CHF,2023-11-17 10:00:00,2023-12-07 10:00:00,0.3650425367362565
EUR_GBP,2023-11-17 10:00:00,2023-11-28 22:00:00,-1.0
GBP_USD,2023-11-17 14:00:00,2023-11-21 02:00:00,1.0
USD_PLN,2023-11-17 14:00:00,2023-11-20 06:00:00,1.0
USD_CAD,2023-11-17 14:00:00,2023-11-24 14:00:00,1.0
USD_PLN,2023-11-19 22:00:00,2023-11-20 14:00:00,1.0
GBP_CAD,2023-11-20 10:00:00,2023-11-29 18:00:00,1.0
AUD_JPY,2023-11-21 14:00:00,2023-11-22 14:00:00,1.0
NZD_JPY,2023-11-21 18:00:00,2023-11-23 06:00:00,1.0
USD_CHF,2023-11-22 14:00:00,2023-11-28 22:00:00,1.0
USD_HUF,2023-11-22 14:00:00,2023-11-27 18:00:00,1.0
USD_PLN,2023-11-22 14:00:00,2023-11-27 06:00:00,1.0
USD_SEK,2023-11-22 22:00:00,2023-11-28 14:00:00,1.0
USD_CHF,2023-11-22 22:00:00,2023-11-28 22:00:00,1.0
USD_CAD,2023-11-23 06:00:00,2023-11-28 22:00:00,1.0
AUD_USD,2023-11-24 02:00:00,2023-11-27 22:00:00,1.0
AUD_JPY,2023-11-24 02:00:00,2023-12-05 02:00:00,-1.0
GBP_USD,2023-11-24 02:00:00,2023-11-28 14:00:00,1.0
EUR_NOK,2023-11-24 18:00:00,2023-11-27 22:00:00,1.0
EUR_CAD,2023-11-24 18:00:00,2023-11-30 18:00:00,1.0
GBP_USD,2023-11-27 02:00:00,2023-11-28 22:00:00,1.0
GBP_AUD,2023-11-27 06:00:00,2023-12-13 18:00:00,-1.0
NZD_CAD,2023-11-27 06:00:00,2023-11-28 22:00:00,-1.0
GBP_USD,2023-11-27 14:00:00,2023-11-28 22:00:00,1.0
AUD_JPY,2023-11-27 22:00:00,2023-12-05 02:00:00,-1.0
USD_ZAR,2023-11-27 22:00:00,2023-11-29 06:00:00,1.0
AUD_CAD,2023-11-27 22:00:00,2023-12-05 10:00:00,-1.0
USD_CAD,2023-11-28 10:00:00,2023-12-14 02:00:00,1.0
USD_CHF,2023-11-28 10:00:00,2023-11-29 18:00:00,1.0
USD_ZAR,2023-11-28 14:00:00,2023-11-28 22:00:00,1.0
NZD_JPY,2023-11-28 22:00:00,2023-11-30 14:00:00,1.0
GBP_AUD,2023-11-28 22:00:00,2023-12-13 22:00:00,-1.0
CHF_JPY,2023-11-29 22:00:00,2023-11-30 14:00:00,1.0
CHF_JPY,2023-11-30 06:00:00,2023-11-30 14:00:00,1.0
EUR_JPY,2023-12-01 06:00:00,2023-12-03 22:00:00,-1.0
GBP_CAD,2023-12-01 10:00:00,2023-12-17 22:00:00,-1.0
GBP_USD,2023-12-01 10:00:00,2023-12-08 14:00:00,-1.0
USD_CHF,2023-12-01 10:00:00,2023-12-14 14:00:00,1.0
USD_CAD,2023-12-01 10:00:00,2023-12-14 14:00:00,1.0
CHF_JPY,2023-12-04 06:00:00,2023-12-07 06:00:00,-1.0
USD_CZK,2023-12-05 10:00:00,2023-12-11 14:00:00,1.0
EUR_CAD,2023-12-05 10:00:00,2023-12-26 10:00:00,1.0
USD_CZK,2023-12-06 14:00:00,2023-12-12 14:00:00,1.0
EUR_USD,2023-12-07 06:00:00,2023-12-13 18:00:00,-1.0
USD_CAD,2023-12-07 10:00:00,2023-12-14 02:00:00,1.0
USD_CHF,2023-12-07 10:00:00,2023-12-14 02:00:00,1.0
USD_PLN,2023-12-07 10:00:00,2023-12-13 18:00:00,1.0
EUR_GBP,2023-12-08 10:00:00,2023-12-20 06:00:00,1.0
USD_SEK,2023-12-11 10:00:00,2023-12-13 18:00:00,1.0
CAD_CHF,2023-12-11 10:00:00,2023-12-27 14:00:00,1.0
GBP_CHF,2023-12-11 10:00:00,2023-12-20 06:00:00,1.0
USD_CHF,2023-12-11 10:00:00,2023-12-13 18:00:00,1.0
EUR_PLN,2023-12-11 14:00:00,2023-12-13 18:00:00,1.0
USD_SGD,2023-12-11 14:00:00,2023-12-14 02:00:00,1.0
USD_PLN,2023-12-11 14:00:00,2023-12-13 18:00:00,1.000000000000011
AUD_CAD,2023-12-11 22:00:00,2023-12-13 18:00:00,1.0
USD_PLN,2023-12-11 22:00:00,2023-12-13 18:00:00,1.000000000000011
USD_CAD,2023-12-12 06:00:00,2023-12-14 10:00:00,1.0
NZD_JPY,2023-12-12 06:00:00,2023-12-13 18:00:00,-1.0
USD_SEK,2023-12-12 10:00:00,2023-12-13 18:00:00,1.0
USD_PLN,2023-12-12 10:00:00,2023-12-13 18:00:00,0.999999999999989
USD_CHF,2023-12-12 14:00:00,2023-12-13 22:00:00,1.0
USD_ZAR,2023-12-12 22:00:00,2023-12-13 18:00:00,1.0
GBP_AUD,2023-12-13 06:00:00,2023-12-13 18:00:00,-1.0
USD_CHF,2023-12-13 14:00:00,2023-12-14 02:00:00,1.0
GBP_USD,2023-12-13 14:00:00,2023-12-13 18:00:00,1.0
GBP_CHF,2023-12-13 18:00:00,2023-12-21 06:00:00,1.0
USD_PLN,2023-12-14 10:00:00,2023-12-27 06:00:00,1.0
USD_JPY,2023-12-15 02:00:00,2023-12-19 02:00:00,1.0
USD_SGD,2023-12-15 06:00:00,2023-12-28 06:00:00,1.0
GBP_AUD,2023-12-15 06:00:00,2023-12-18 10:00:00,-1.0
USD_CHF,2023-12-15 06:00:00,2023-12-21 10:00:00,1.0
USD_ZAR,2023-12-15 10:00:00,2023-12-18 10:00:00,-1.0
AUD_JPY,2023-12-15 10:00:00,2023-12-18 10:00:00,1.0
NZD_USD,2023-12-15 10:00:00,2023-12-19 14:00:00,1.0
AUD_USD,2023-12-15 10:00:00,2023-12-19 14:00:00,1.0
USD_CAD,2023-12-15 10:00:00,2023-12-22 14:00:00,1.0
CAD_JPY,2023-12-15 14:00:00,2023-12-18 10:00:00,1.0
USD_JPY,2023-12-15 14:00:00,2023-12-18 10:00:00,1.0
USD_ZAR,2023-12-15 18:00:00,2023-12-18 10:00:00,-1.0
USD_CHF,2023-12-18 22:00:00,2023-12-19 14:00:00,1.0
CAD_JPY,2023-12-19 06:00:00,2023-12-19 10:00:00,1.0
CAD_CHF,2023-12-19 06:00:00,2023-12-27 14:00:00,1.0
USD_ZAR,2023-12-20 10:00:00,2023-12-22 18:00:00,-1.0
USD_ZAR,2023-12-20 18:00:00,2023-12-22 14:00:00,-1.0
EUR_GBP,2023-12-20 22:00:00,2024-01-11 22:00:00,-0.622231474734864
GBP_CHF,2023-12-20 22:00:00,2023-12-27 14:00:00,1.0
USD_CZK,2023-12-21 10:00:00,2024-01-03 10:00:00,1.0
CHF_JPY,2023-12-21 10:00:00,2023-12-27 06:00:00,1.0
EUR_NOK,2023-12-21 10:00:00,2023-12-22 14:00:00,1.0
EUR_CAD,2023-12-21 10:00:00,2024-01-12 10:00:00,-0.04580977320744765
USD_SEK,2023-12-21 22:00:00,2023-12-22 10:00:00,1.0
USD_SGD,2023-12-21 22:00:00,2024-01-14 22:00:00,-0.23706491063028848
CAD_CHF,2023-12-25 22:00:00,2023-12-27 14:00:00,1.0
GBP_CHF,2023-12-25 22:00:00,2023-12-27 14:00:00,1.0
USD_SGD,2023-12-25 22:00:00,2024-01-15 22:00:00,-0.8096157909033173
USD_SEK,2023-12-25 22:00:00,2023-12-27 14:00:00,1.0
CHF_JPY,2023-12-26 06:00:00,2023-12-27 14:00:00,1.0
GBP_AUD,2023-12-26 10:00:00,2024-01-03 14:00:00,1.0
GBP_AUD,2023-12-27 06:00:00,2024-01-03 10:00:00,1.0
USD_JPY,2023-12-28 14:00:00,2024-01-02 10:00:00,1.0
NZD_USD,2023-12-28 18:00:00,2024-01-02 14:00:00,-1.0
EUR_USD,2023-12-28 22:00:00,2024-01-02 10:00:00,1.0
USD_CZK,2023-12-29 10:00:00,2024-01-02 10:00:00,1.0
AUD_NZD,2023-12-29 10:00:00,2024-01-19 06:00:00,0.2109724248817355
GBP_AUD,2024-01-01 22:00:00,2024-01-04 06:00:00,1.0
AUD_USD,2024-01-02 02:00:00,2024-01-03 10:00:00,-1.0
EUR_USD,2024-01-02 06:00:00,2024-01-03 10:00:00,1.0
GBP_AUD,2024-01-02 10:00:00,2024-01-03 14:00:00,1.0
USD_JPY,2024-01-02 14:00:00,2024-01-03 10:00:00,1.0
EUR_CAD,2024-01-02 14:00:00,2024-01-22 14:00:00,-0.3848866912756692
NZD_CHF,2024-01-03 02:00:00,2024-01-17 06:00:00,1.0
EUR_USD,2024-01-03 06:00:00,2024-01-17 10:00:00,1.0
NZD_CHF,2024-01-03 10:00:00,2024-01-08 10:00:00,1.0
USD_HUF,2024-01-03 10:00:00,2024-01-04 10:00:00,1.0
CHF_JPY,2024-01-03 10:00:00,2024-01-03 14:00:00,1.0
EUR_NOK,2024-01-03 14:00:00,2024-01-05 02:00:00,1.0
GBP_USD,2024-01-03 14:00:00,2024-01-05 14:00:00,1.0
USD_JPY,2024-01-04 06:00:00,2024-01-04 14:00:00,1.0
USD_CHF,2024-01-04 06:00:00,2024-01-16 02:00:00,-1.0
CAD_CHF,2024-01-04 06:00:00,2024-01-18 14:00:00,-1.0
EUR_NOK,2024-01-04 10:00:00,2024-01-17 06:00:00,-1.0
USD_ZAR,2024-01-04 10:00:00,2024-01-05 10:00:00,-1.0
GBP_AUD,2024-01-05 02:00:00,2024-01-11 14:00:00,1.0
AUD_JPY,2024-01-05 02:00:00,2024-01-25 02:00:00,0.23320125474657236
GBP_USD,2024-01-05 02:00:00,2024-01-25 02:00:00,0.272187201678895
NZD_JPY,2024-01-05 10:00:00,2024-01-25 10:00:00,0.21187850819781517
AUD_CAD,2024-01-08 10:00:00,2024-01-17 02:00:00,-1.0
GBP_USD,2024-01-09 02:00:00,2024-01-17 02:00:00,-1.0
AUD_CAD,2024-01-09 02:00:00,2024-01-17 02:00:00,-1.0
CHF_JPY,2024-01-09 06:00:00,2024-01-10 14:00:00,1.0
AUD_JPY,2024-01-09 10:00:00,2024-01-10 14:00:00,1.0
AUD_CAD,2024-01-10 22:00:00,2024-01-17 02:00:00,-1.0
EUR_JPY,2024-01-11 06:00:00,2024-01-17 14:00:00,1.0
GBP_AUD,2024-01-11 06:00:00,2024-01-16 02:00:00,1.0
GBP_JPY,2024-01-11 06:00:00,2024-01-17 06:00:00,1.0
CHF_JPY,2024-01-11 06:00:00,2024-01-31 06:00:00,0.14561573819578205
EUR_NOK,2024-01-11 10:00:00,2024-01-17 22:00:00,-1.0
EUR_USD,2024-01-11 10:00:00,2024-01-16 10:00:00,1.0
GBP_AUD,2024-01-12 06:00:00,2024-01-17 02:00:00,1.0
EUR_NOK,2024-01-14 22:00:00,2024-01-16 14:00:00,-1.0
GBP_USD,2024-01-15 06:00:00,2024-01-17 02:00:00,-1.0
EUR_USD,2024-01-15 18:00:00,2024-01-23 14:00:00,1.0
EUR_JPY,2024-01-16 06:00:00,2024-01-17 14:00:00,1.0
GBP_JPY,2024-01-16 06:00:00,2024-01-17 06:00:00,1.0
EUR_GBP,2024-01-16 10:00:00,2024-01-29 10:00:00,-1.0
AUD_JPY,2024-01-17 02:00:00,2024-01-21 22:00:00,1.0
GBP_CHF,2024-01-17 06:00:00,2024-01-18 10:00:00,-1.0
USD_SEK,2024-01-17 10:00:00,2024-01-31 10:00:00,1.0
CAD_JPY,2024-01-17 10:00:00,2024-01-19 18:00:00,1.0
USD_SGD,2024-01-17 10:00:00,2024-02-06 10:00:00,-0.04235682279242591
NZD_JPY,2024-01-17 10:00:00,2024-02-01 06:00:00,-1.0
AUD_JPY,2024-01-17 14:00:00,2024-01-19 02:00:00,1.0
GBP_JPY,2024-01-18 02:00:00,2024-02-01 06:00:00,-1.0
GBP_AUD,2024-01-18 02:00:00,2024-02-07 02:00:00,-0.08695472143433379
NZD_JPY,2024-01-18 10:00:00,2024-02-01 06:00:00,-1.0
AUD_USD,2024-01-18 10:00:00,2024-01-24 10:00:00,1.0
USD_SGD,2024-01-18 10:00:00,2024-02-07 10:00:00,0.052072872265255435
CHF_JPY,2024-01-18 10:00:00,2024-02-07 10:00:00,-0.37845944742578225
EUR_PLN,2024-01-18 10:00:00,2024-01-19 10:00:00,1.0
GBP_CAD,2024-01-18 14:00:00,2024-02-07 14:00:00,-0.5339805825242748
USD_JPY,2024-01-19 06:00:00,2024-01-24 14:00:00,-1.0
USD_CHF,2024-01-19 10:00:00,2024-01-24 14:00:00,1.0
USD_CHF,2024-01-21 22:00:00,2024-01-24 10:00:00,1.0
NZD_CAD,2024-01-21 22:00:00,2024-02-08 22:00:00,-0.25166561299421353
AUD_JPY,2024-01-22 10:00:00,2024-01-31 14:00:00,-1.0
GBP_CHF,2024-01-22 10:00:00,2024-01-29 06:00:00,1.0
AUD_USD,2024-01-22 14:00:00,2024-02-01 10:00:00,-1.0
AUD_JPY,2024-01-22 18:00:00,2024-01-31 22:00:00,-1.0
USD_SGD,2024-01-22 18:00:00,2024-02-09 18:00:00,-0.3509896268033865
GBP_CHF,2024-01-22 22:00:00,2024-01-29 06:00:00,1.0
CAD_CHF,2024-01-22 22:00:00,2024-01-24 18:00:00,1.0
GBP_AUD,2024-01-23 10:00:00,2024-02-12 10:00:00,0.3450297555736586
USD_ZAR,2024-01-23 22:00:00,2024-01-24 06:00:00,1.0
GBP_JPY,2024-01-24 10:00:00,2024-02-01 06:00:00,-1.0
EUR_NOK,2024-01-24 10:00:00,2024-01-26 14:00:00,1.0
GBP_AUD,2024-01-25 06:00:00,2024-02-13 14:00:00,1.0
USD_SGD,2024-01-25 10:00:00,2024-02-14 10:00:00,-0.7019088040697232
EUR_NOK,2024-01-25 10:00:00,2024-01-29 06:00:00,1.0
USD_ZAR,2024-01-25 10:00:00,2024-01-26 10:00:00,1.0
AUD_JPY,2024-01-25 14:00:00,2024-02-01 02:00:00,-1.0
USD_SEK,2024-01-25 22:00:00,2024-01-31 10:00:00,1.0
USD_ZAR,2024-01-25 22:00:00,2024-01-26 10:00:00,1.0
USD_CAD,2024-01-26 14:00:00,2024-02-15 14:00:00,-0.2333202059756679
CAD_CHF,2024-01-26 18:00:00,2024-02-07 18:00:00,-1.0
EUR_NOK,2024-01-28 22:00:00,2024-02-02 14:00:00,-1.0
NZD_CAD,2024-01-28 22:00:00,2024-02-15 22:00:00,-0.09254636451090194
AUD_JPY,2024-01-28 22:00:00,2024-01-31 22:00:00,-1.0
GBP_USD,2024-01-29 10:00:00,2024-02-05 10:00:00,-1.0
USD_SGD,2024-01-29 10:00:00,2024-02-16 10:00:00,-0.4650781465443345
EUR_NOK,2024-01-29 22:00:00,2024-02-02 14:00:00,-1.0
USD_SGD,2024-01-29 22:00:00,2024-02-18 22:00:00,-0.2511196059583075
AUD_CAD,2024-01-29 22:00:00,2024-02-01 06:00:00,-1.0
NZD_JPY,2024-01-30 06:00:00,2024-02-01 06:00:00,-1.0
AUD_CAD,2024-01-30 06:00:00,2024-02-01 06:00:00,-1.0
GBP_JPY,2024-01-30 14:00:00,2024-02-09 02:00:00,1.0
GBP_AUD,2024-01-30 14:00:00,2024-02-01 06:00:00,1.0
GBP_JPY,2024-01-31 06:00:00,2024-02-13 06:00:00,1.0
CHF_JPY,2024-01-31 06:00:00,2024-02-07 22:00:00,-1.0
EUR_JPY,2024-01-31 06:00:00,2024-02-01 06:00:00,-1.0
USD_NOK,2024-01-31 10:00:00,2024-02-01 06:00:00,1.0
GBP_AUD,2024-01-31 14:00:00,2024-02-01 10:00:00,1.0
GBP_CAD,2024-01-31 14:00:00,2024-02-20 14:00:00,0.45577779215356135
CAD_CHF,2024-01-31 18:00:00,2024-02-07 22:00:00,-1.0
AUD_NZD,2024-02-01 10:00:00,2024-02-09 06:00:00,-1.0
GBP_CHF,2024-02-01 10:00:00,2024-02-09 14:00:00,-1.0
EUR_PLN,2024-02-01 10:00:00,2024-02-21 10:00:00,0.34632254372870425
USD_PLN,2024-02-01 10:00:00,2024-02-01 14:00:00,1.000000000000011
EUR_JPY,2024-02-01 14:00:00,2024-02-02 14:00:00,1.0
EUR_NOK,2024-02-01 22:00:00,2024-02-02 14:00:00,-1.0
GBP_CHF,2024-02-01 22:00:00,2024-02-07 22:00:00,-1.0
EUR_GBP,2024-02-02 10:00:00,2024-02-22 10:00:00,0.5656214795343509
EUR_PLN,2024-02-04 22:00:00,2024-02-22 22:00:00,-0.013875078047322641
AUD_USD,2024-02-05 06:00:00,2024-02-20 10:00:00,1.0
AUD_CAD,2024-02-05 14:00:00,2024-02-20 10:00:00,1.0
USD_NOK,2024-02-06 02:00:00,2024-02-07 02:00:00,-1.0
GBP_CAD,2024-02-06 22:00:00,2024-02-26 06:00:00,1.0
EUR_NOK,2024-02-07 06:00:00,2024-02-27 06:00:00,-0.10436673946026599
USD_NOK,2024-02-07 10:00:00,2024-02-13 10:00:00,-1.0
USD_PLN,2024-02-07 10:00:00,2024-02-09 06:00:00,1.0
EUR_PLN,2024-02-07 10:00:00,2024-02-08 14:00:00,1.0
USD_JPY,2024-02-07 14:00:00,2024-02-08 10:00:00,1.0
CHF_JPY,2024-02-07 14:00:00,2024-02-21 22:00:00,1.0
AUD_JPY,2024-02-07 14:00:00,2024-02-12 14:00:00,1.0
GBP_JPY,2024-02-07 22:00:00,2024-02-09 06:00:00,1.0
AUD_JPY,2024-02-07 22:00:00,2024-02-12 14:00:00,1.0
USD_PLN,2024-02-08 10:00:00,2024-02-20 14:00:00,1.0
AUD_JPY,2024-02-08 14:00:00,2024-02-14 22:00:00,1.0
EUR_GBP,2024-02-08 22:00:00,2024-02-28 22:00:00,0.2120505641013591
GBP_JPY,2024-02-09 06:00:00,2024-02-21 22:00:00,1.0
EUR_JPY,2024-02-09 06:00:00,2024-02-21 14:00:00,1.0
EUR_USD,2024-02-09 06:00:00,2024-02-22 06:00:00,-1.0
USD_PLN,2024-02-09 10:00:00,2024-02-13 22:00:00,-1.0
USD_SEK,2024-02-09 10:00:00,2024-02-13 18:00:00,-1.0
USD_CAD,2024-02-09 14:00:00,2024-02-28 10:00:00,-1.0
EUR_GBP,2024-02-09 14:00:00,2024-02-29 14:00:00,0.2647517074142223
AUD_USD,2024-02-11 22:00:00,2024-02-13 18:00:00,-1.0
NZD_JPY,2024-02-11 22:00:00,2024-02-20 10:00:00,1.0
USD_CZK,2024-02-12 18:00:00,2024-02-13 10:00:00,1.0
NZD_CHF,2024-02-12 22:00:00,2024-02-19 18:00:00,-1.0
AUD_JPY,2024-02-13 02:00:00,2024-02-20 06:00:00,1.0
CHF_JPY,2024-02-13 06:00:00,2024-03-04 06:00:00,-0.1214482260931935
USD_NOK,2024-02-13 10:00:00,2024-02-13 14:00:00,1.0
EUR_USD,2024-02-13 10:00:00,2024-02-22 06:00:00,-1.0
EUR_JPY,2024-02-14 06:00:00,2024-02-21 22:00:00,1.0
EUR_NOK,2024-02-15 10:00:00,2024-02-28 18:00:00,-1.0
NZD_CHF,2024-02-15 10:00:00,2024-02-20 10:00:00,-1.0
EUR_AUD,2024-02-15 14:00:00,2024-02-28 14:00:00,-1.0
USD_ZAR,2024-02-15 22:00:00,2024-02-21 10:00:00,1.0
USD_PLN,2024-02-15 22:00:00,2024-02-20 06:00:00,1.000000000000011
AUD_USD,2024-02-15 22:00:00,2024-02-20 10:00:00,1.0
AUD_NZD,2024-02-16 06:00:00,2024-02-22 14:00:00,-1.0
EUR_AUD,2024-02-16 10:00:00,2024-02-28 14:00:00,-1.0
USD_SEK,2024-02-16 10:00:00,2024-02-20 10:00:00,1.0
USD_PLN,2024-02-16 10:00:00,2024-02-20 06:00:00,1.0
GBP_USD,2024-02-16 10:00:00,2024-02-22 06:00:00,1.0
NZD_USD,2024-02-16 10:00:00,2024-02-20 06:00:00,1.0
GBP_CAD,2024-02-16 10:00:00,2024-02-20 14:00:00,1.0
CAD_JPY,2024-02-16 14:00:00,2024-02-29 06:00:00,-1.0
USD_JPY,2024-02-16 14:00:00,2024-03-06 22:00:00,-1.0
CHF_JPY,2024-02-16 18:00:00,2024-03-06 22:00:00,-1.0
EUR_GBP,2024-02-18 22:00:00,2024-03-07 22:00:00,0.028090216411710882
GBP_JPY,2024-02-19 06:00:00,2024-02-23 10:00:00,1.0
CAD_CHF,2024-02-19 14:00:00,2024-02-28 10:00:00,1.0
CHF_JPY,2024-02-19 14:00:00,2024-03-07 06:00:00,-1.0
EUR_NOK,2024-02-19 22:00:00,2024-02-26 06:00:00,-1.0
CHF_JPY,2024-02-20 06:00:00,2024-03-07 06:00:00,-1.0
EUR_GBP,2024-02-20 06:00:00,2024-03-11 05:00:00,-0.3110347166193071
GBP_CAD,2024-02-20 10:00:00,2024-02-26 10:00:00,1.0
EUR_PLN,2024-02-20 10:00:00,2024-03-11 09:00:00,1.0
EUR_JPY,2024-02-20 22:00:00,2024-02-26 14:00:00,1.0
USD_SGD,2024-02-21 06:00:00,2024-03-08 10:00:00,1.0
USD_SEK,2024-02-21 06:00:00,2024-02-22 06:00:00,1.0
EUR_GBP,2024-02-21 10:00:00,2024-03-12 09:00:00,-0.08647789554872144
GBP_USD,2024-02-21 14:00:00,2024-03-05 14:00:00,1.0
USD_SGD,2024-02-21 14:00:00,2024-03-08 10:00:00,1.0
USD_PLN,2024-02-21 14:00:00,2024-03-06 10:00:00,1.0
GBP_CHF,2024-02-21 18:00:00,2024-03-04 10:00:00,-1.0
CAD_CHF,2024-02-21 22:00:00,2024-03-12 21:00:00,0.2591786031960207
CAD_CHF,2024-02-22 06:00:00,2024-03-13 05:00:00,0.07976071784647212
NZD_USD,2024-02-22 10:00:00,2024-02-27 22:00:00,-1.0
EUR_AUD,2024-02-22 10:00:00,2024-02-28 14:00:00,-1.0
CAD_JPY,2024-02-22 10:00:00,2024-02-29 02:00:00,-1.0
GBP_AUD,2024-02-22 14:00:00,2024-02-28 06:00:00,1.0
USD_SEK,2024-02-22 22:00:00,2024-03-07 14:00:00,1.0
GBP_AUD,2024-02-23 06:00:00,2024-02-28 06:00:00,1.0
EUR_USD,2024-02-23 10:00:00,2024-03-07 14:00:00,-1.0
GBP_AUD,2024-02-23 18:00:00,2024-02-28 14:00:00,1.0
USD_ZAR,2024-02-26 14:00:00,2024-02-27 10:00:00,1.0
EUR_NOK,2024-02-26 14:00:00,2024-03-08 10:00:00,1.0
USD_CAD,2024-02-26 14:00:00,2024-03-15 13:00:00,-0.1441625266146133
USD_PLN,2024-02-26 22:00:00,2024-03-07 14:00:00,1.0
USD_SEK,2024-02-26 22:00:00,2024-03-05 06:00:00,-1.0
CHF_JPY,2024-02-26 22:00:00,2024-03-06 06:00:00,-1.0
USD_HUF,2024-02-26 22:00:00,2024-02-28 10:00:00,-1.0
CAD_CHF,2024-02-26 22:00:00,2024-03-17 21:00:00,-0.04139961360360507
GBP_AUD,2024-02-27 02:00:00,2024-03-05 06:00:00,1.0
CAD_CHF,2024-02-27 06:00:00,2024-03-18 05:00:00,-0.22091649663255786
NZD_CHF,2024-02-27 22:00:00,2024-02-28 02:00:00,1.0
GBP_CHF,2024-02-27 22:00:00,2024-03-08 14:00:00,-1.0
AUD_USD,2024-02-28 14:00:00,2024-03-06 14:00:00,1.0
AUD_CAD,2024-02-28 14:00:00,2024-03-07 06:00:00,1.0
USD_NOK,2024-02-28 22:00:00,2024-03-06 14:00:00,-1.0
USD_SEK,2024-02-29 06:00:00,2024-03-07 14:00:00,1.0
EUR_PLN,2024-02-29 10:00:00,2024-03-11 09:00:00,1.0
EUR_USD,2024-02-29 14:00:00,2024-03-08 10:00:00,-1.0
NZD_JPY,2024-02-29 14:00:00,2024-03-20 13:00:00,0.43774479149524476
AUD_NZD,2024-03-01 06:00:00,2024-03-15 13:00:00,1.0
USD_NOK,2024-03-01 06:00:00,2024-03-06 14:00:00,-1.0
CAD_CHF,2024-03-01 10:00:00,2024-03-21 05:00:00,-1.0
GBP_JPY,2024-03-01 10:00:00,2024-03-19 13:00:00,1.0
GBP_USD,2024-03-01 10:00:00,2024-03-06 14:00:00,1.0
EUR_JPY,2024-03-01 10:00:00,2024-03-07 10:00:00,-1.0
GBP_CAD,2024-03-01 10:00:00,2024-03-08 10:00:00,1.0
NZD_JPY,2024-03-03 22:00:00,2024-03-10 21:00:00,-1.0
GBP_CAD,2024-03-03 22:00:00,2024-03-08 14:00:00,1.0
NZD_CAD,2024-03-04 14:00:00,2024-03-19 09:00:00,1.0
GBP_CAD,2024-03-05 10:00:00,2024-03-25 09:00:00,-0.27982908364683867
EUR_PLN,2024-03-05 10:00:00,2024-03-11 09:00:00,1.0
USD_CAD,2024-03-05 18:00:00,2024-03-07 18:00:00,1.0
EUR_NOK,2024-03-06 06:00:00,2024-03-07 10:00:00,1.0
AUD_JPY,2024-03-06 06:00:00,2024-03-19 13:00:00,1.0
USD_ZAR,2024-03-07 06:00:00,2024-03-08 06:00:00,1.0
AUD_JPY,2024-03-07 06:00:00,2024-03-19 17:00:00,1.0
GBP_CAD,2024-03-07 10:00:00,2024-03-27 09:00:00,-0.20586182833217614
EUR_PLN,2024-03-07 14:00:00,2024-03-27 13:00:00,-0.18501323181204543
EUR_CAD,2024-03-07 14:00:00,2024-03-27 13:00:00,0.16026511653176365
CAD_CHF,2024-03-07 22:00:00,2024-03-21 05:00:00,-1.0
AUD_JPY,2024-03-08 06:00:00,2024-03-11 09:00:00,-1.0
EUR_USD,2024-03-08 10:00:00,2024-03-19 09:00:00,1.0
AUD_CAD,2024-03-10 21:00:00,2024-03-19 05:00:00,-1.0
USD_SEK,2024-03-10 21:00:00,2024-03-14 13:00:00,-1.0
USD_PLN,2024-03-11 21:00:00,2024-03-18 13:00:00,-1.0
GBP_JPY,2024-03-11 21:00:00,2024-03-15 13:00:00,1.0
USD_CHF,2024-03-11 21:00:00,2024-03-18 17:00:00,-1.0
NZD_CHF,2024-03-11 21:00:00,2024-03-19 05:00:00,1.0
USD_SGD,2024-03-12 01:00:00,2024-03-20 09:00:00,-1.0
NZD_CAD,2024-03-12 09:00:00,2024-03-15 13:00:00,1.0
EUR_USD,2024-03-12 09:00:00,2024-03-22 05:00:00,1.0
CAD_CHF,2024-03-12 09:00:00,2024-03-20 17:00:00,-1.0
AUD_CAD,2024-03-12 09:00:00,2024-03-28 21:00:00,-1.0
AUD_JPY,2024-03-12 13:00:00,2024-03-19 13:00:00,1.0
USD_CZK,2024-03-12 17:00:00,2024-03-22 01:00:00,1.0
CAD_CHF,2024-03-12 21:00:00,2024-03-20 13:00:00,-1.0
AUD_CAD,2024-03-12 21:00:00,2024-03-28 21:00:00,-1.0
AUD_JPY,2024-03-12 21:00:00,2024-03-19 13:00:00,1.0
CHF_JPY,2024-03-12 21:00:00,2024-03-19 13:00:00,1.0
EUR_USD,2024-03-13 05:00:00,2024-03-22 05:00:00,1.0
EUR_NOK,2024-03-13 09:00:00,2024-03-19 05:00:00,-1.0
EUR_GBP,2024-03-13 09:00:00,2024-04-02 09:00:00,0.24593619712371775
GBP_USD,2024-03-13 09:00:00,2024-03-22 01:00:00,-1.0
USD_PLN,2024-03-13 09:00:00,2024-03-18 13:00:00,-1.0
EUR_PLN,2024-03-13 09:00:00,2024-04-02 09:00:00,-0.08527095661898339
GBP_USD,2024-03-13 21:00:00,2024-03-21 13:00:00,-1.0
AUD_USD,2024-03-14 01:00:00,2024-03-18 17:00:00,-1.0
CHF_JPY,2024-03-14 05:00:00,2024-03-19 09:00:00,1.0
GBP_CAD,2024-03-14 09:00:00,2024-04-01 13:00:00,-1.0
USD_NOK,2024-03-15 09:00:00,2024-03-19 05:00:00,1.0
GBP_AUD,2024-03-17 21:00:00,2024-04-04 05:00:00,-1.0
GBP_CHF,2024-03-17 21:00:00,2024-03-21 05:00:00,-1.0
CAD_CHF,2024-03-17 21:00:00,2024-03-21 05:00:00,-1.0
GBP_CAD,2024-03-17 21:00:00,2024-04-01 13:00:00,-1.0
USD_JPY,2024-03-18 01:00:00,2024-03-19 05:00:00,1.0
USD_CHF,2024-03-18 05:00:00,2024-03-21 05:00:00,-1.0
GBP_AUD,2024-03-18 09:00:00,2024-04-04 05:00:00,-1.0
USD_CZK,2024-03-18 09:00:00,2024-03-19 09:00:00,1.0
CHF_JPY,2024-03-18 13:00:00,2024-03-20 01:00:00,1.0
NZD_JPY,2024-03-18 21:00:00,2024-03-20 01:00:00,1.0
GBP_AUD,2024-03-19 01:00:00,2024-04-04 05:00:00,-1.0
EUR_PLN,2024-03-19 09:00:00,2024-04-05 09:00:00,1.0
GBP_AUD,2024-03-19 13:00:00,2024-03-21 17:00:00,-1.0
GBP_CAD,2024-03-19 21:00:00,2024-03-22 05:00:00,-1.0
EUR_USD,2024-03-20 01:00:00,2024-04-01 13:00:00,1.0
GBP_USD,2024-03-20 05:00:00,2024-03-22 05:00:00,-1.0
GBP_AUD,2024-03-20 05:00:00,2024-03-21 21:00:00,-1.0
EUR_PLN,2024-03-20 09:00:00,2024-04-05 17:00:00,1.0
AUD_CAD,2024-03-20 09:00:00,2024-04-05 13:00:00,1.0
EUR_PLN,2024-03-20 17:00:00,2024-04-04 13:00:00,1.0
USD_ZAR,2024-03-21 05:00:00,2024-03-22 01:00:00,-1.0
EUR_CAD,2024-03-21 09:00:00,2024-04-01 13:00:00,1.0
EUR_GBP,2024-03-22 17:00:00,2024-04-11 17:00:00,-0.3754664179104466
USD_ZAR,2024-03-25 05:00:00,2024-04-01 05:00:00,1.0
EUR_AUD,2024-03-25 05:00:00,2024-04-04 13:00:00,1.0
USD_SEK,2024-03-25 05:00:00,2024-03-28 05:00:00,-1.0
EUR_NOK,2024-03-25 05:00:00,2024-03-29 09:00:00,-1.0
USD_ZAR,2024-03-25 21:00:00,2024-04-02 17:00:00,1.0
AUD_CAD,2024-03-26 01:00:00,2024-04-08 13:00:00,1.0
USD_HUF,2024-03-26 13:00:00,2024-04-04 05:00:00,1.0
EUR_GBP,2024-03-26 21:00:00,2024-04-15 21:00:00,-0.41297246850209723
EUR_JPY,2024-03-26 21:00:00,2024-04-12 13:00:00,-1.0
GBP_USD,2024-03-27 09:00:00,2024-04-12 09:00:00,-1.0
EUR_USD,2024-03-27 09:00:00,2024-04-02 05:00:00,1.0
GBP_AUD,2024-03-28 01:00:00,2024-04-08 13:00:00,-1.0
EUR_AUD,2024-03-28 05:00:00,2024-04-04 13:00:00,1.0
AUD_USD,2024-03-28 05:00:00,2024-04-04 01:00:00,1.0
GBP_USD,2024-03-28 05:00:00,2024-04-12 09:00:00,-1.0
USD_ZAR,2024-03-28 05:00:00,2024-04-02 13:00:00,1.0
GBP_JPY,2024-03-29 09:00:00,2024-04-09 09:00:00,1.0
EUR_NOK,2024-03-29 09:00:00,2024-04-03 13:00:00,1.0
GBP_JPY,2024-03-29 17:00:00,2024-04-10 09:00:00,1.0
USD_ZAR,2024-03-31 21:00:00,2024-04-03 13:00:00,1.0
USD_PLN,2024-03-31 21:00:00,2024-04-04 13:00:00,1.0
NZD_JPY,2024-03-31 21:00:00,2024-04-03 21:00:00,1.0
USD_SEK,2024-03-31 21:00:00,2024-04-01 13:00:00,-1.0
GBP_CHF,2024-03-31 21:00:00,2024-04-18 21:00:00,0.5771524805276799
EUR_GBP,2024-03-31 21:00:00,2024-04-18 21:00:00,0.2177628960123593
EUR_NOK,2024-04-01 05:00:00,2024-04-08 09:00:00,1.0
NZD_CHF,2024-04-01 13:00:00,2024-04-04 01:00:00,-1.0
EUR_AUD,2024-04-02 09:00:00,2024-04-09 13:00:00,1.0
AUD_NZD,2024-04-02 09:00:00,2024-04-22 09:00:00,-0.11733216001172894
NZD_USD,2024-04-02 21:00:00,2024-04-03 21:00:00,1.0
AUD_USD,2024-04-03 05:00:00,2024-04-03 17:00:00,1.0
EUR_AUD,2024-04-03 05:00:00,2024-04-09 13:00:00,1.0
GBP_USD,2024-04-03 05:00:00,2024-04-09 09:00:00,1.0
USD_SGD,2024-04-03 05:00:00,2024-04-16 01:00:00,-1.0
USD_SEK,2024-04-03 09:00:00,2024-04-03 13:00:00,1.0
GBP_CAD,2024-04-03 09:00:00,2024-04-09 09:00:00,1.0
CAD_CHF,2024-04-03 09:00:00,2024-04-05 13:00:00,1.0
AUD_CAD,2024-04-03 13:00:00,2024-04-04 09:00:00,1.0
GBP_CAD,2024-04-04 09:00:00,2024-04-22 09:00:00,-1.0
USD_CZK,2024-04-04 13:00:00,2024-04-10 09:00:00,1.0
USD_NOK,2024-04-04 13:00:00,2024-04-05 01:00:00,1.0
AUD_CAD,2024-04-05 01:00:00,2024-04-09 09:00:00,1.0
EUR_USD,2024-04-05 05:00:00,2024-04-10 13:00:00,1.0
GBP_CHF,2024-04-05 05:00:00,2024-04-19 01:00:00,1.0
NZD_CHF,2024-04-05 05:00:00,2024-04-10 01:00:00,-1.0
USD_NOK,2024-04-05 05:00:00,2024-04-10 13:00:00,1.0
AUD_CAD,2024-04-05 09:00:00,2024-04-09 13:00:00,1.0
USD_SEK,2024-04-05 09:00:00,2024-04-08 13:00:00,1.0
USD_SGD,2024-04-05 09:00:00,2024-04-15 13:00:00,-1.0
NZD_USD,2024-04-05 09:00:00,2024-04-09 09:00:00,1.0
USD_PLN,2024-04-05 09:00:00,2024-04-08 17:00:00,1.0
GBP_USD,2024-04-05 09:00:00,2024-04-12 09:00:00,-1.0
CAD_JPY,2024-04-05 09:00:00,2024-04-19 13:00:00,1.0
AUD_USD,2024-04-05 09:00:00,2024-04-09 09:00:00,1.0
GBP_CAD,2024-04-05 09:00:00,2024-04-22 09:00:00,-1.0
GBP_CAD,2024-04-07 21:00:00,2024-04-21 21:00:00,-1.0
EUR_USD,2024-04-08 01:00:00,2024-04-10 13:00:00,1.0
EUR_PLN,2024-04-08 21:00:00,2024-04-15 21:00:00,-1.0
AUD_USD,2024-04-09 05:00:00,2024-04-10 13:00:00,-1.0
EUR_NOK,2024-04-09 09:00:00,2024-04-17 13:00:00,-1.0
CHF_JPY,2024-04-09 13:00:00,2024-04-16 09:00:00,1.0
USD_ZAR,2024-04-09 21:00:00,2024-04-10 13:00:00,-1.0
GBP_USD,2024-04-09 21:00:00,2024-04-10 13:00:00,-1.0
EUR_USD,2024-04-10 05:00:00,2024-04-10 13:00:00,1.0
NZD_CHF,2024-04-10 09:00:00,2024-04-12 09:00:00,1.0
USD_JPY,2024-04-11 09:00:00,2024-04-15 09:00:00,1.0
GBP_CAD,2024-04-11 09:00:00,2024-04-22 05:00:00,-1.0
EUR_CAD,2024-04-11 13:00:00,2024-05-01 13:00:00,0.05646066460325214
EUR_PLN,2024-04-11 13:00:00,2024-04-15 21:00:00,-1.0
NZD_USD,2024-04-11 13:00:00,2024-04-15 17:00:00,-1.0
USD_NOK,2024-04-11 13:00:00,2024-04-12 09:00:00,1.0
USD_CHF,2024-04-11 21:00:00,2024-04-19 01:00:00,1.0
EUR_NOK,2024-04-11 21:00:00,2024-04-17 13:00:00,-1.0
GBP_JPY,2024-04-12 05:00:00,2024-04-12 13:00:00,-1.0
EUR_NOK,2024-04-14 21:00:00,2024-04-17 13:00:00,-1.0
AUD_USD,2024-04-15 01:00:00,2024-04-16 13:00:00,-1.0
USD_ZAR,2024-04-15 05:00:00,2024-04-16 05:00:00,-1.0
CAD_CHF,2024-04-15 09:00:00,2024-04-19 01:00:00,1.0
GBP_CAD,2024-04-15 09:00:00,2024-04-22 09:00:00,-1.0
CAD_JPY,2024-04-15 13:00:00,2024-04-22 17:00:00,1.0
USD_CHF,2024-04-16 05:00:00,2024-04-19 01:00:00,1.0
EUR_USD,2024-04-16 05:00:00,2024-04-25 05:00:00,-1.0
USD_CHF,2024-04-16 13:00:00,2024-04-19 01:00:00,1.0
EUR_GBP,2024-04-16 13:00:00,2024-04-22 05:00:00,1.0
GBP_AUD,2024-04-16 21:00:00,2024-04-22 01:00:00,-1.0
CHF_JPY,2024-04-16 21:00:00,2024-04-26 01:00:00,1.0
AUD_CAD,2024-04-17 21:00:00,2024-04-29 01:00:00,1.0
USD_ZAR,2024-04-17 21:00:00,2024-04-19 01:00:00,-1.0
USD_ZAR,2024-04-18 05:00:00,2024-04-19 01:00:00,-1.0
NZD_CHF,2024-04-18 09:00:00,2024-04-19 01:00:00,1.0
GBP_CHF,2024-04-18 21:00:00,2024-04-19 01:00:00,1.0
USD_CZK,2024-04-19 05:00:00,2024-04-25 05:00:00,-1.0
EUR_USD,2024-04-19 05:00:00,2024-04-26 05:00:00,-1.0
GBP_USD,2024-04-22 05:00:00,2024-04-25 05:00:00,1.0
EUR_JPY,2024-04-22 05:00:00,2024-04-25 01:00:00,1.0
AUD_USD,2024-04-22 13:00:00,2024-04-24 01:00:00,1.0
USD_SEK,2024-04-22 13:00:00,2024-04-23 13:00:00,1.0
AUD_NZD,2024-04-23 21:00:00,2024-05-02 01:00:00,1.0
USD_ZAR,2024-04-24 05:00:00,2024-04-26 09:00:00,1.0
NZD_USD,2024-04-25 09:00:00,2024-04-30 21:00:00,-1.0
USD_CHF,2024-04-25 09:00:00,2024-05-03 09:00:00,1.0
USD_HUF,2024-04-25 09:00:00,2024-04-30 09:00:00,1.0
USD_CAD,2024-04-25 09:00:00,2024-05-15 09:00:00,0.5265002701873908
EUR_AUD,2024-04-25 09:00:00,2024-04-29 01:00:00,1.0
AUD_NZD,2024-04-25 13:00:00,2024-05-15 13:00:00,-0.13427600569986733
AUD_CAD,2024-04-25 17:00:00,2024-05-02 21:00:00,1.0
NZD_CAD,2024-04-25 21:00:00,2024-05-03 09:00:00,-1.0
EUR_JPY,2024-04-26 05:00:00,2024-04-26 09:00:00,1.0
EUR_CAD,2024-04-26 05:00:00,2024-05-15 13:00:00,-1.0
USD_JPY,2024-04-26 05:00:00,2024-04-26 13:00:00,1.0
CAD_JPY,2024-04-26 05:00:00,2024-04-26 09:00:00,1.0
GBP_JPY,2024-04-26 05:00:00,2024-04-26 09:00:00,1.0
EUR_AUD,2024-04-26 09:00:00,2024-05-03 09:00:00,1.0
AUD_USD,2024-04-28 21:00:00,2024-05-03 09:00:00,1.0
CAD_CHF,2024-04-29 01:00:00,2024-05-03 09:00:00,1.0
USD_CHF,2024-04-29 01:00:00,2024-05-03 09:00:00,1.0
EUR_NOK,2024-04-29 05:00:00,2024-05-03 09:00:00,1.0
NZD_CHF,2024-04-29 09:00:00,2024-05-15 09:00:00,-1.0
USD_JPY,2024-04-29 13:00:00,2024-04-30 09:00:00,1.0
CAD_CHF,2024-04-30 05:00:00,2024-05-08 09:00:00,1.0
GBP_CAD,2024-04-30 09:00:00,2024-05-20 09:00:00,0.8837073739434588
AUD_NZD,2024-04-30 21:00:00,2024-05-20 21:00:00,-0.5689991078093869
NZD_CAD,2024-04-30 21:00:00,2024-05-03 09:00:00,-1.0
GBP_CAD,2024-05-01 09:00:00,2024-05-21 09:00:00,1.0
CAD_CHF,2024-05-01 13:00:00,2024-05-03 09:00:00,1.0
GBP_CAD,2024-05-01 21:00:00,2024-05-21 09:00:00,1.0
EUR_NOK,2024-05-02 05:00:00,2024-05-03 09:00:00,1.0
USD_ZAR,2024-05-02 05:00:00,2024-05-03 09:00:00,1.0
USD_PLN,2024-05-02 05:00:00,2024-05-03 09:00:00,0.999999999999989
USD_HUF,2024-05-02 13:00:00,2024-05-03 09:00:00,1.0
GBP_JPY,2024-05-03 09:00:00,2024-05-06 21:00:00,1.0
EUR_GBP,2024-05-03 09:00:00,2024-05-23 09:00:00,-0.3216073349861918
USD_CZK,2024-05-03 09:00:00,2024-05-13 05:00:00,-1.0
EUR_NOK,2024-05-06 21:00:00,2024-05-21 13:00:00,1.0
NZD_USD,2024-05-07 01:00:00,2024-05-15 05:00:00,1.0
CAD_JPY,2024-05-07 05:00:00,2024-05-09 13:00:00,1.0
AUD_CAD,2024-05-08 05:00:00,2024-05-15 21:00:00,1.0
GBP_CHF,2024-05-08 09:00:00,2024-05-15 21:00:00,-1.0
GBP_USD,2024-05-08 13:00:00,2024-05-15 01:00:00,1.0
GBP_AUD,2024-05-09 01:00:00,2024-05-22 13:00:00,1.0
NZD_USD,2024-05-09 05:00:00,2024-05-15 01:00:00,1.0
GBP_USD,2024-05-09 05:00:00,2024-05-15 05:00:00,1.0
AUD_USD,2024-05-09 05:00:00,2024-05-15 01:00:00,1.0
USD_SGD,2024-05-09 05:00:00,2024-05-15 21:00:00,1.0
GBP_CHF,2024-05-09 09:00:00,2024-05-15 21:00:00,-1.0
EUR_NOK,2024-05-09 21:00:00,2024-05-20 05:00:00,1.0
USD_ZAR,2024-05-09 21:00:00,2024-05-13 09:00:00,1.0
AUD_CAD,2024-05-09 21:00:00,2024-05-29 21:00:00,0.27975894288716063
USD_CHF,2024-05-10 09:00:00,2024-05-30 09:00:00,0.2281871796285084
EUR_USD,2024-05-10 13:00:00,2024-05-15 21:00:00,-1.0
NZD_JPY,2024-05-10 13:00:00,2024-05-14 21:00:00,1.0
USD_HUF,2024-05-10 17:00:00,2024-05-14 13:00:00,1.0
USD_SEK,2024-05-10 17:00:00,2024-05-15 09:00:00,1.0
EUR_NOK,2024-05-12 21:00:00,2024-05-21 09:00:00,1.0
EUR_JPY,2024-05-13 01:00:00,2024-05-14 13:00:00,1.0
CHF_JPY,2024-05-13 09:00:00,2024-05-30 17:00:00,1.0
GBP_CAD,2024-05-14 05:00:00,2024-05-21 05:00:00,1.0
CAD_CHF,2024-05-14 09:00:00,2024-05-27 21:00:00,-1.0
AUD_JPY,2024-05-14 09:00:00,2024-05-17 17:00:00,1.0
AUD_CAD,2024-05-14 09:00:00,2024-05-15 21:00:00,1.0
USD_CHF,2024-05-14 09:00:00,2024-05-15 21:00:00,1.0
AUD_USD,2024-05-14 09:00:00,2024-05-15 09:00:00,1.0
EUR_AUD,2024-05-14 09:00:00,2024-06-03 09:00:00,0.4422721656043172
NZD_USD,2024-05-14 09:00:00,2024-05-15 09:00:00,1.0
USD_SGD,2024-05-14 09:00:00,2024-06-03 09:00:00,0.35290035363863725
GBP_JPY,2024-05-15 05:00:00,2024-05-20 21:00:00,1.0
EUR_JPY,2024-05-15 05:00:00,2024-05-15 21:00:00,-1.0
GBP_USD,2024-05-15 05:00:00,2024-05-20 13:00:00,1.0
CHF_JPY,2024-05-15 05:00:00,2024-05-31 13:00:00,1.0
CAD_JPY,2024-05-15 05:00:00,2024-05-15 21:00:00,-1.0
USD_PLN,2024-05-15 09:00:00,2024-05-28 09:00:00,1.0
EUR_PLN,2024-05-15 09:00:00,2024-06-04 09:00:00,-0.7398908895080621
CAD_CHF,2024-05-15 21:00:00,2024-05-27 21:00:00,-1.0
AUD_USD,2024-05-16 01:00:00,2024-05-22 17:00:00,-1.0
EUR_AUD,2024-05-16 01:00:00,2024-06-05 01:00:00,-0.40070553674261067
AUD_JPY,2024-05-17 05:00:00,2024-05-29 01:00:00,1.0
CHF_JPY,2024-05-17 05:00:00,2024-05-30 09:00:00,1.0
USD_SGD,2024-05-17 09:00:00,2024-06-06 09:00:00,-0.013356187253734038
EUR_GBP,2024-05-20 05:00:00,2024-06-07 05:00:00,-0.5083319699908782
CAD_CHF,2024-05-20 17:00:00,2024-05-30 05:00:00,1.0
NZD_CHF,2024-05-20 21:00:00,2024-05-27 09:00:00,-1.0
USD_NOK,2024-05-20 21:00:00,2024-05-24 13:00:00,-1.0
GBP_USD,2024-05-21 01:00:00,2024-06-10 01:00:00,0.13781697905181167
USD_SEK,2024-05-21 01:00:00,2024-05-28 01:00:00,1.0
EUR_USD,2024-05-21 05:00:00,2024-06-10 01:00:00,1.0
USD_PLN,2024-05-21 09:00:00,2024-05-29 17:00:00,-1.0
AUD_JPY,2024-05-21 13:00:00,2024-06-04 09:00:00,-1.0
GBP_CAD,2024-05-21 21:00:00,2024-06-05 13:00:00,1.0
USD_SEK,2024-05-22 05:00:00,2024-05-28 01:00:00,1.0
EUR_AUD,2024-05-22 05:00:00,2024-06-11 05:00:00,0.05524658391955474
AUD_CAD,2024-05-22 05:00:00,2024-06-11 05:00:00,-0.03740620943076617
GBP_USD,2024-05-22 09:00:00,2024-06-11 09:00:00,0.28409090909090234
GBP_USD,2024-05-22 17:00:00,2024-06-11 17:00:00,0.14229224153519074
GBP_USD,2024-05-23 05:00:00,2024-06-12 05:00:00,0.3200666871131884
NZD_CHF,2024-05-23 09:00:00,2024-05-30 05:00:00,1.0
CAD_CHF,2024-05-23 13:00:00,2024-05-30 05:00:00,1.0
CHF_JPY,2024-05-24 09:00:00,2024-05-30 09:00:00,1.0
USD_CHF,2024-05-24 09:00:00,2024-05-30 09:00:00,1.0
USD_PLN,2024-05-27 09:00:00,2024-05-29 17:00:00,-1.0
EUR_JPY,2024-05-27 09:00:00,2024-06-04 09:00:00,-1.0
USD_ZAR,2024-05-27 13:00:00,2024-05-29 05:00:00,1.0
USD_PLN,2024-05-27 17:00:00,2024-05-29 21:00:00,-1.0
GBP_JPY,2024-05-28 01:00:00,2024-06-04 09:00:00,-1.0
GBP_USD,2024-05-28 05:00:00,2024-06-17 05:00:00,-0.7517913778926331
EUR_AUD,2024-05-28 05:00:00,2024-06-14 05:00:00,1.0
USD_ZAR,2024-05-28 05:00:00,2024-05-30 05:00:00,-1.0
GBP_CAD,2024-05-28 09:00:00,2024-06-12 09:00:00,1.0
USD_CZK,2024-05-28 09:00:00,2024-05-29 21:00:00,1.0
EUR_USD,2024-05-28 09:00:00,2024-06-09 21:00:00,1.0
USD_JPY,2024-05-28 09:00:00,2024-06-04 09:00:00,-1.0
EUR_JPY,2024-05-28 09:00:00,2024-06-04 09:00:00,-1.0
AUD_JPY,2024-05-28 13:00:00,2024-05-30 05:00:00,-1.0
EUR_JPY,2024-05-29 01:00:00,2024-06-04 05:00:00,-1.0
EUR_CAD,2024-05-29 09:00:00,2024-06-18 09:00:00,0.6169801015488524
CAD_CHF,2024-05-29 21:00:00,2024-05-30 17:00:00,1.0
NZD_CHF,2024-05-29 21:00:00,2024-05-30 09:00:00,1.0
NZD_CAD,2024-05-30 21:00:00,2024-06-05 01:00:00,-1.0
USD_CHF,2024-05-31 01:00:00,2024-06-03 13:00:00,1.0
AUD_USD,2024-05-31 01:00:00,2024-06-03 13:00:00,1.0
AUD_CAD,2024-05-31 01:00:00,2024-06-12 09:00:00,1.0
EUR_NOK,2024-05-31 05:00:00,2024-06-07 13:00:00,-1.0
EUR_PLN,2024-05-31 09:00:00,2024-06-10 09:00:00,-1.0
USD_ZAR,2024-05-31 13:00:00,2024-06-03 05:00:00,1.0
USD_CHF,2024-06-02 21:00:00,2024-06-04 05:00:00,1.0
USD_ZAR,2024-06-02 21:00:00,2024-06-03 09:00:00,1.0
EUR_JPY,2024-06-03 01:00:00,2024-06-04 09:00:00,-1.0
CHF_JPY,2024-06-03 05:00:00,2024-06-14 01:00:00,1.0
GBP_AUD,2024-06-03 05:00:00,2024-06-07 13:00:00,1.0
GBP_JPY,2024-06-03 05:00:00,2024-06-04 09:00:00,-1.0
USD_SEK,2024-06-03 09:00:00,2024-06-03 13:00:00,1.0
EUR_CAD,2024-06-04 13:00:00,2024-06-14 05:00:00,1.0
GBP_AUD,2024-06-05 01:00:00,2024-06-21 01:00:00,-1.0
AUD_JPY,2024-06-06 09:00:00,2024-06-14 05:00:00,1.0
USD_ZAR,2024-06-06 09:00:00,2024-06-07 09:00:00,1.0
USD_CHF,2024-06-06 13:00:00,2024-06-18 13:00:00,1.0
GBP_CHF,2024-06-06 13:00:00,2024-06-14 13:00:00,1.0
USD_ZAR,2024-06-06 17:00:00,2024-06-07 09:00:00,1.0
AUD_JPY,2024-06-06 17:00:00,2024-06-13 13:00:00,1.0
AUD_USD,2024-06-07 05:00:00,2024-06-07 13:00:00,-1.0
EUR_USD,2024-06-07 09:00:00,2024-06-09 21:00:00,1.0
USD_NOK,2024-06-07 09:00:00,2024-06-07 13:00:00,1.0
GBP_CAD,2024-06-07 09:00:00,2024-06-21 05:00:00,-1.0
NZD_CHF,2024-06-07 09:00:00,2024-06-14 13:00:00,1.0
USD_ZAR,2024-06-07 17:00:00,2024-06-10 09:00:00,1.0
USD_CZK,2024-06-10 05:00:00,2024-06-14 05:00:00,1.0
USD_NOK,2024-06-10 05:00:00,2024-06-12 09:00:00,-1.0
GBP_AUD,2024-06-10 09:00:00,2024-06-18 13:00:00,-1.0
GBP_CAD,2024-06-10 09:00:00,2024-06-21 05:00:00,-1.0
CHF_JPY,2024-06-10 13:00:00,2024-06-14 01:00:00,1.0
GBP_USD,2024-06-11 05:00:00,2024-06-12 09:00:00,1.0
AUD_CAD,2024-06-11 09:00:00,2024-06-12 13:00:00,1.0
AUD_JPY,2024-06-11 09:00:00,2024-06-14 05:00:00,1.0
NZD_JPY,2024-06-11 09:00:00,2024-06-13 09:00:00,1.0
AUD_USD,2024-06-11 09:00:00,2024-06-12 09:00:00,1.0
GBP_USD,2024-06-11 13:00:00,2024-06-12 09:00:00,1.0
USD_SGD,2024-06-11 21:00:00,2024-07-01 21:00:00,-0.30577425882978854
NZD_USD,2024-06-11 21:00:00,2024-06-12 09:00:00,1.0
USD_ZAR,2024-06-11 21:00:00,2024-06-12 13:00:00,1.0
AUD_USD,2024-06-11 21:00:00,2024-06-12 09:00:00,1.0
AUD_CAD,2024-06-11 21:00:00,2024-06-12 13:00:00,1.0
USD_ZAR,2024-06-12 09:00:00,2024-06-12 13:00:00,1.0
EUR_PLN,2024-06-12 09:00:00,2024-06-24 09:00:00,1.0
USD_HUF,2024-06-12 09:00:00,2024-06-12 13:00:00,1.0
USD_PLN,2024-06-12 09:00:00,2024-06-12 13:00:00,1.0
AUD_NZD,2024-06-12 17:00:00,2024-06-19 05:00:00,1.0
USD_CHF,2024-06-13 01:00:00,2024-06-18 09:00:00,1.0
USD_CHF,2024-06-13 09:00:00,2024-06-18 09:00:00,1.0
USD_NOK,2024-06-13 09:00:00,2024-06-14 13:00:00,1.0
EUR_NOK,2024-06-13 13:00:00,2024-06-19 01:00:00,1.0
NZD_JPY,2024-06-13 21:00:00,2024-06-21 17:00:00,1.0
EUR_NOK,2024-06-13 21:00:00,2024-06-19 05:00:00,1.0
EUR_NOK,2024-06-14 05:00:00,2024-06-19 09:00:00,1.0
USD_NOK,2024-06-14 17:00:00,2024-06-19 05:00:00,-1.0
CAD_CHF,2024-06-16 21:00:00,2024-06-25 09:00:00,-1.0
EUR_NOK,2024-06-16 21:00:00,2024-06-19 09:00:00,1.0
USD_ZAR,2024-06-16 21:00:00,2024-06-17 09:00:00,1.0
AUD_USD,2024-06-17 09:00:00,2024-06-18 17:00:00,1.0
AUD_CAD,2024-06-17 09:00:00,2024-06-19 05:00:00,1.0
NZD_CAD,2024-06-17 13:00:00,2024-06-26 13:00:00,1.0
AUD_USD,2024-06-18 01:00:00,2024-06-19 05:00:00,1.0
NZD_JPY,2024-06-18 01:00:00,2024-06-21 09:00:00,1.0
GBP_CAD,2024-06-18 05:00:00,2024-07-08 05:00:00,0.2770861778170495
NZD_JPY,2024-06-18 09:00:00,2024-06-21 01:00:00,1.0
EUR_GBP,2024-06-18 09:00:00,2024-07-08 09:00:00,0.02131691141638534
EUR_PLN,2024-06-18 09:00:00,2024-06-24 09:00:00,1.0
GBP_JPY,2024-06-18 09:00:00,2024-06-23 21:00:00,1.0
USD_JPY,2024-06-18 09:00:00,2024-06-21 13:00:00,1.0
GBP_USD,2024-06-19 05:00:00,2024-07-08 09:00:00,1.0
USD_ZAR,2024-06-19 09:00:00,2024-06-24 09:00:00,-1.0
EUR_AUD,2024-06-19 09:00:00,2024-07-09 09:00:00,0.3176750159768206
USD_CHF,2024-06-19 09:00:00,2024-06-21 13:00:00,-1.0
GBP_USD,2024-06-19 17:00:00,2024-07-08 13:00:00,1.0
CHF_JPY,2024-06-19 21:00:00,2024-07-09 21:00:00,0.6989834495505451
EUR_CAD,2024-06-19 21:00:00,2024-06-25 09:00:00,1.0
USD_PLN,2024-06-19 21:00:00,2024-07-01 05:00:00,0.999999999999989
GBP_JPY,2024-06-20 05:00:00,2024-06-26 09:00:00,1.0
USD_CZK,2024-06-20 09:00:00,2024-06-27 13:00:00,1.0
USD_CAD,2024-06-21 05:00:00,2024-07-11 05:00:00,0.4382216963561843
GBP_AUD,2024-06-21 09:00:00,2024-07-11 09:00:00,0.30127303658993515
CHF_JPY,2024-06-21 13:00:00,2024-07-07 21:00:00,1.0
NZD_JPY,2024-06-21 13:00:00,2024-06-30 21:00:00,1.0
AUD_JPY,2024-06-24 09:00:00,2024-06-28 13:00:00,1.0
AUD_USD,2024-06-24 09:00:00,2024-07-03 13:00:00,1.0
EUR_JPY,2024-06-24 09:00:00,2024-06-30 21:00:00,1.0
NZD_CHF,2024-06-24 13:00:00,2024-07-12 13:00:00,0.09488358513976353
USD_SGD,2024-06-24 21:00:00,2024-07-14 21:00:00,0.8221971056888966
GBP_CAD,2024-06-25 09:00:00,2024-07-08 09:00:00,1.0
AUD_JPY,2024-06-25 21:00:00,2024-06-27 05:00:00,1.0
GBP_JPY,2024-06-25 21:00:00,2024-07-01 13:00:00,1.0
AUD_CAD,2024-06-25 21:00:00,2024-07-03 13:00:00,1.0
AUD_USD,2024-06-25 21:00:00,2024-07-03 13:00:00,1.0
EUR_USD,2024-06-26 01:00:00,2024-07-05 01:00:00,-1.0
GBP_JPY,2024-06-26 05:00:00,2024-07-01 13:00:00,1.0
EUR_JPY,2024-06-26 13:00:00,2024-06-30 21:00:00,1.0
USD_ZAR,2024-06-26 13:00:00,2024-06-27 13:00:00,-1.0
USD_ZAR,2024-06-27 05:00:00,2024-06-27 09:00:00,-1.0
USD_CZK,2024-06-27 09:00:00,2024-07-02 09:00:00,1.0
USD_JPY,2024-06-27 09:00:00,2024-07-03 05:00:00,1.0
CHF_JPY,2024-06-27 09:00:00,2024-07-11 13:00:00,-1.0
EUR_USD,2024-06-27 09:00:00,2024-07-03 13:00:00,-1.0
EUR_JPY,2024-06-28 09:00:00,2024-07-03 01:00:00,1.0
GBP_JPY,2024-06-28 09:00:00,2024-07-03 05:00:00,1.0
CHF_JPY,2024-07-01 05:00:00,2024-07-11 13:00:00,-1.0
USD_NOK,2024-07-01 13:00:00,2024-07-10 09:00:00,1.0
NZD_CHF,2024-07-01 13:00:00,2024-07-15 09:00:00,1.0
EUR_USD,2024-07-01 13:00:00,2024-07-11 09:00:00,-1.0
USD_JPY,2024-07-01 13:00:00,2024-07-11 09:00:00,-1.0
USD_NOK,2024-07-02 05:00:00,2024-07-03 13:00:00,-1.0
CAD_CHF,2024-07-02 05:00:00,2024-07-17 05:00:00,1.0
GBP_JPY,2024-07-02 05:00:00,2024-07-03 13:00:00,1.0
EUR_JPY,2024-07-02 05:00:00,2024-07-10 13:00:00,1.0
CAD_CHF,2024-07-03 17:00:00,2024-07-15 13:00:00,1.0
EUR_PLN,2024-07-03 17:00:00,2024-07-09 09:00:00,1.0
AUD_JPY,2024-07-04 01:00:00,2024-07-11 13:00:00,-1.0
GBP_CAD,2024-07-04 09:00:00,2024-07-11 05:00:00,1.0
USD_SEK,2024-07-04 17:00:00,2024-07-15 17:00:00,-1.0
EUR_GBP,2024-07-05 05:00:00,2024-07-14 21:00:00,-1.0
GBP_CAD,2024-07-05 05:00:00,2024-07-11 05:00:00,1.0
CHF_JPY,2024-07-05 09:00:00,2024-07-11 13:00:00,-1.0
USD_HUF,2024-07-05 09:00:00,2024-07-12 13:00:00,1.0
USD_PLN,2024-07-05 09:00:00,2024-07-11 09:00:00,1.0
AUD_USD,2024-07-05 09:00:00,2024-07-11 09:00:00,1.0
USD_ZAR,2024-07-05 09:00:00,2024-07-09 05:00:00,1.0
EUR_JPY,2024-07-05 09:00:00,2024-07-11 13:00:00,-1.0
NZD_JPY,2024-07-05 09:00:00,2024-07-11 09:00:00,-1.0
AUD_JPY,2024-07-05 09:00:00,2024-07-11 01:00:00,1.0
EUR_PLN,2024-07-05 13:00:00,2024-07-25 13:00:00,0.09788612580697638
USD_SEK,2024-07-05 13:00:00,2024-07-15 17:00:00,-1.0
USD_PLN,2024-07-07 21:00:00,2024-07-11 09:00:00,1.0
USD_SEK,2024-07-07 21:00:00,2024-07-08 21:00:00,-1.0
EUR_JPY,2024-07-07 21:00:00,2024-07-11 13:00:00,-1.0
GBP_USD,2024-07-07 21:00:00,2024-07-11 09:00:00,1.0
USD_HUF,2024-07-07 21:00:00,2024-07-09 05:00:00,-1.0
EUR_AUD,2024-07-08 05:00:00,2024-07-17 05:00:00,-1.0
NZD_USD,2024-07-08 05:00:00,2024-07-10 05:00:00,-1.0
EUR_GBP,2024-07-08 09:00:00,2024-07-26 09:00:00,-0.05802112442572101
USD_NOK,2024-07-08 09:00:00,2024-07-10 05:00:00,1.0
AUD_NZD,2024-07-08 21:00:00,2024-07-10 05:00:00,1.0
NZD_CAD,2024-07-08 21:00:00,2024-07-10 05:00:00,1.0
AUD_NZD,2024-07-09 09:00:00,2024-07-11 21:00:00,1.0
USD_CHF,2024-07-09 13:00:00,2024-07-17 05:00:00,1.0
USD_PLN,2024-07-10 09:00:00,2024-07-12 17:00:00,1.0
USD_PLN,2024-07-10 21:00:00,2024-07-12 13:00:00,1.0
AUD_CAD,2024-07-10 21:00:00,2024-07-24 01:00:00,-1.0
USD_NOK,2024-07-11 01:00:00,2024-07-11 09:00:00,1.0
USD_SEK,2024-07-11 05:00:00,2024-07-11 09:00:00,1.0
GBP_AUD,2024-07-11 09:00:00,2024-07-16 01:00:00,1.0
USD_NOK,2024-07-11 09:00:00,2024-07-15 17:00:00,1.0
AUD_NZD,2024-07-11 09:00:00,2024-07-31 01:00:00,-1.0
USD_SGD,2024-07-12 09:00:00,2024-08-01 09:00:00,0.49546935678256326
USD_ZAR,2024-07-14 21:00:00,2024-07-15 09:00:00,-1.0
CAD_CHF,2024-07-14 21:00:00,2024-07-17 05:00:00,1.0
EUR_JPY,2024-07-15 01:00:00,2024-07-17 21:00:00,-1.0
USD_NOK,2024-07-15 09:00:00,2024-07-19 05:00:00,1.0
EUR_USD,2024-07-15 13:00:00,2024-07-29 13:00:00,1.0
USD_HUF,2024-07-15 17:00:00,2024-07-24 09:00:00,-1.0
NZD_CHF,2024-07-15 21:00:00,2024-07-16 21:00:00,1.0
USD_CHF,2024-07-16 09:00:00,2024-07-17 09:00:00,1.0
GBP_USD,2024-07-16 09:00:00,2024-07-29 05:00:00,-1.0
USD_SGD,2024-07-16 09:00:00,2024-08-02 09:00:00,1.0
GBP_CHF,2024-07-16 09:00:00,2024-07-17 17:00:00,1.0
NZD_USD,2024-07-16 21:00:00,2024-07-22 13:00:00,-1.0
GBP_AUD,2024-07-17 01:00:00,2024-07-22 09:00:00,1.0
GBP_CHF,2024-07-17 05:00:00,2024-07-17 17:00:00,1.0
EUR_GBP,2024-07-17 05:00:00,2024-08-02 05:00:00,1.0
USD_SEK,2024-07-17 21:00:00,2024-07-19 05:00:00,-1.0
NZD_USD,2024-07-17 21:00:00,2024-07-19 17:00:00,-1.0
GBP_AUD,2024-07-18 01:00:00,2024-07-23 05:00:00,1.0
EUR_NOK,2024-07-18 05:00:00,2024-07-19 13:00:00,-1.0
NZD_CHF,2024-07-18 09:00:00,2024-07-22 09:00:00,1.0
EUR_CAD,2024-07-18 09:00:00,2024-08-02 13:00:00,-1.0
NZD_CHF,2024-07-18 21:00:00,2024-07-22 09:00:00,1.0
EUR_JPY,2024-07-19 05:00:00,2024-07-23 05:00:00,-1.0
AUD_JPY,2024-07-19 05:00:00,2024-07-22 05:00:00,-1.0
AUD_NZD,2024-07-19 05:00:00,2024-07-31 01:00:00,-1.0
USD_CHF,2024-07-19 09:00:00,2024-07-25 05:00:00,1.0
CAD_CHF,2024-07-19 09:00:00,2024-07-24 09:00:00,1.0
USD_SGD,2024-07-22 09:00:00,2024-08-02 05:00:00,1.0
USD_ZAR,2024-07-22 13:00:00,2024-07-25 05:00:00,-1.0
GBP_CHF,2024-07-23 21:00:00,2024-07-25 01:00:00,1.0
EUR_USD,2024-07-24 09:00:00,2024-08-05 05:00:00,-1.0
NZD_JPY,2024-07-25 09:00:00,2024-07-25 13:00:00,1.0
GBP_JPY,2024-07-25 09:00:00,2024-07-25 13:00:00,1.0
NZD_CHF,2024-07-25 21:00:00,2024-08-02 09:00:00,1.0
EUR_USD,2024-07-26 09:00:00,2024-08-05 05:00:00,-1.0
USD_SEK,2024-07-26 09:00:00,2024-07-31 09:00:00,1.0
GBP_USD,2024-07-26 09:00:00,2024-08-01 17:00:00,-1.0
GBP_AUD,2024-07-26 13:00:00,2024-07-31 01:00:00,1.0
GBP_CAD,2024-07-26 13:00:00,2024-08-06 09:00:00,-1.0
EUR_USD,2024-07-28 21:00:00,2024-08-05 05:00:00,-1.0
GBP_AUD,2024-07-29 05:00:00,2024-08-05 05:00:00,1.0
AUD_CAD,2024-07-29 09:00:00,2024-08-05 05:00:00,-1.0
AUD_JPY,2024-07-29 13:00:00,2024-07-30 05:00:00,1.0
EUR_AUD,2024-07-30 01:00:00,2024-08-02 13:00:00,-1.0
AUD_CAD,2024-07-30 01:00:00,2024-07-31 05:00:00,-1.0
NZD_CHF,2024-07-30 13:00:00,2024-08-01 21:00:00,1.0
EUR_NOK,2024-07-31 01:00:00,2024-08-01 05:00:00,1.0
USD_CZK,2024-07-31 09:00:00,2024-08-02 09:00:00,-1.0
CAD_CHF,2024-07-31 13:00:00,2024-08-01 13:00:00,1.0
EUR_NOK,2024-07-31 17:00:00,2024-08-01 09:00:00,1.0
USD_CZK,2024-07-31 17:00:00,2024-08-02 09:00:00,-1.0
USD_HUF,2024-07-31 17:00:00,2024-08-05 13:00:00,1.0
EUR_AUD,2024-08-01 13:00:00,2024-08-02 13:00:00,-1.0
EUR_USD,2024-08-02 01:00:00,2024-08-02 13:00:00,-1.0
EUR_NOK,2024-08-02 05:00:00,2024-08-02 09:00:00,-1.0
USD_NOK,2024-08-02 09:00:00,2024-08-05 05:00:00,1.0
AUD_CAD,2024-08-04 21:00:00,2024-08-05 05:00:00,-1.0
GBP_USD,2024-08-04 21:00:00,2024-08-16 13:00:00,1.0
USD_SEK,2024-08-05 05:00:00,2024-08-05 09:00:00,1.0
USD_PLN,2024-08-05 13:00:00,2024-08-13 17:00:00,1.0
EUR_AUD,2024-08-06 01:00:00,2024-08-07 01:00:00,1.0
AUD_CAD,2024-08-06 09:00:00,2024-08-12 13:00:00,1.0
GBP_CHF,2024-08-07 09:00:00,2024-08-08 13:00:00,-1.0
EUR_GBP,2024-08-07 09:00:00,2024-08-22 05:00:00,-1.0
GBP_CHF,2024-08-07 21:00:00,2024-08-08 09:00:00,1.0
USD_ZAR,2024-08-08 05:00:00,2024-08-12 05:00:00,1.0
EUR_NOK,2024-08-08 05:00:00,2024-08-19 13:00:00,1.0
GBP_CAD,2024-08-08 09:00:00,2024-08-13 13:00:00,1.0
EUR_PLN,2024-08-08 09:00:00,2024-08-13 09:00:00,1.0
AUD_JPY,2024-08-09 01:00:00,2024-08-14 05:00:00,1.0
EUR_JPY,2024-08-09 01:00:00,2024-08-14 05:00:00,1.0
GBP_JPY,2024-08-09 01:00:00,2024-08-12 13:00:00,1.0
AUD_USD,2024-08-09 05:00:00,2024-08-16 13:00:00,1.0
AUD_CAD,2024-08-09 05:00:00,2024-08-18 21:00:00,1.0
GBP_CAD,2024-08-09 09:00:00,2024-08-16 05:00:00,1.0
GBP_USD,2024-08-12 09:00:00,2024-08-16 05:00:00,1.0
USD_NOK,2024-08-12 13:00:00,2024-08-14 09:00:00,-1.0
AUD_USD,2024-08-12 21:00:00,2024-08-16 13:00:00,1.0
USD_HUF,2024-08-13 09:00:00,2024-08-14 13:00:00,1.0
GBP_AUD,2024-08-13 09:00:00,2024-09-02 09:00:00,0.06091485857944279
USD_CHF,2024-08-13 09:00:00,2024-08-20 05:00:00,1.0
GBP_AUD,2024-08-14 05:00:00,2024-09-03 05:00:00,0.4348162875364761
GBP_JPY,2024-08-14 09:00:00,2024-08-15 09:00:00,1.0
AUD_JPY,2024-08-14 09:00:00,2024-08-15 09:00:00,1.0
CAD_JPY,2024-08-14 09:00:00,2024-08-15 09:00:00,1.0
USD_SGD,2024-08-14 09:00:00,2024-08-20 17:00:00,1.0
USD_SGD,2024-08-14 17:00:00,2024-08-23 13:00:00,1.0
USD_ZAR,2024-08-14 21:00:00,2024-08-16 09:00:00,1.0
USD_SEK,2024-08-15 05:00:00,2024-08-19 13:00:00,1.0
EUR_JPY,2024-08-15 05:00:00,2024-08-15 13:00:00,1.0
GBP_CAD,2024-08-15 09:00:00,2024-08-20 13:00:00,1.0
GBP_AUD,2024-08-15 09:00:00,2024-09-03 21:00:00,1.0
EUR_PLN,2024-08-15 09:00:00,2024-09-04 09:00:00,0.28883557336189336
CAD_CHF,2024-08-18 21:00:00,2024-08-20 17:00:00,1.0
GBP_CAD,2024-08-18 21:00:00,2024-09-05 21:00:00,0.5324019125775713
EUR_NOK,2024-08-19 05:00:00,2024-08-20 09:00:00,1.0
USD_ZAR,2024-08-19 05:00:00,2024-08-19 13:00:00,1.0
GBP_CHF,2024-08-19 13:00:00,2024-08-20 21:00:00,1.0
GBP_CAD,2024-08-20 09:00:00,2024-09-09 09:00:00,0.32782993539489347
USD_PLN,2024-08-20 13:00:00,2024-08-23 13:00:00,1.0
USD_PLN,2024-08-20 21:00:00,2024-08-23 13:00:00,1.0
EUR_NOK,2024-08-21 05:00:00,2024-08-22 21:00:00,-1.0
USD_NOK,2024-08-21 09:00:00,2024-08-22 13:00:00,1.0
USD_PLN,2024-08-21 13:00:00,2024-08-23 13:00:00,1.0
USD_SEK,2024-08-21 13:00:00,2024-08-27 17:00:00,1.0
USD_NOK,2024-08-21 17:00:00,2024-08-22 13:00:00,1.0
GBP_AUD,2024-08-22 05:00:00,2024-09-06 05:00:00,1.0
NZD_USD,2024-08-22 09:00:00,2024-08-23 13:00:00,1.0
NZD_JPY,2024-08-22 21:00:00,2024-08-29 01:00:00,1.0
GBP_CAD,2024-08-23 09:00:00,2024-09-12 09:00:00,-0.4742714741143084
AUD_CAD,2024-08-23 13:00:00,2024-09-06 13:00:00,-1.0
NZD_JPY,2024-08-23 17:00:00,2024-08-29 01:00:00,1.0
GBP_CHF,2024-08-26 09:00:00,2024-09-06 05:00:00,1.0
USD_CHF,2024-08-26 09:00:00,2024-09-06 09:00:00,1.0
NZD_CAD,2024-08-27 01:00:00,2024-08-29 01:00:00,-1.0
USD_CHF,2024-08-27 05:00:00,2024-09-06 09:00:00,1.0
GBP_JPY,2024-08-27 09:00:00,2024-09-02 05:00:00,1.0
EUR_USD,2024-08-27 09:00:00,2024-08-29 13:00:00,1.0
NZD_JPY,2024-08-27 21:00:00,2024-08-29 01:00:00,1.0
GBP_AUD,2024-08-28 01:00:00,2024-09-06 13:00:00,1.0
AUD_USD,2024-08-28 05:00:00,2024-09-03 13:00:00,-1.0
CHF_JPY,2024-08-28 09:00:00,2024-09-02 05:00:00,1.0
USD_CHF,2024-08-28 09:00:00,2024-09-02 13:00:00,-1.0
EUR_JPY,2024-08-28 17:00:00,2024-09-02 05:00:00,1.0
AUD_USD,2024-08-28 17:00:00,2024-09-03 21:00:00,-1.0
AUD_JPY,2024-08-28 17:00:00,2024-08-29 09:00:00,1.0
CHF_JPY,2024-08-29 05:00:00,2024-09-04 13:00:00,-1.0
CAD_CHF,2024-08-29 05:00:00,2024-09-02 13:00:00,-1.0
USD_ZAR,2024-08-29 21:00:00,2024-08-30 05:00:00,1.0
EUR_NOK,2024-08-29 21:00:00,2024-09-03 09:00:00,-1.0
EUR_NOK,2024-08-30 05:00:00,2024-08-30 13:00:00,-1.0
EUR_USD,2024-08-30 05:00:00,2024-09-19 05:00:00,-0.7281553398058233
EUR_USD,2024-09-02 05:00:00,2024-09-18 17:00:00,-1.0
GBP_AUD,2024-09-02 05:00:00,2024-09-03 21:00:00,1.0
GBP_CHF,2024-09-02 05:00:00,2024-09-06 13:00:00,1.0
GBP_AUD,2024-09-02 13:00:00,2024-09-03 21:00:00,1.0
EUR_JPY,2024-09-03 01:00:00,2024-09-03 13:00:00,-1.0
AUD_JPY,2024-09-03 01:00:00,2024-09-03 05:00:00,-1.0
CHF_JPY,2024-09-03 01:00:00,2024-09-04 09:00:00,-1.0
GBP_JPY,2024-09-03 01:00:00,2024-09-03 13:00:00,-1.0
GBP_CAD,2024-09-03 05:00:00,2024-09-16 09:00:00,1.0
USD_SGD,2024-09-03 09:00:00,2024-09-06 09:00:00,1.0
USD_SGD,2024-09-03 17:00:00,2024-09-06 09:00:00,1.0
CAD_CHF,2024-09-04 09:00:00,2024-09-06 13:00:00,1.0
AUD_NZD,2024-09-04 13:00:00,2024-09-24 13:00:00,0.23509454488462198
AUD_NZD,2024-09-05 01:00:00,2024-09-25 01:00:00,0.33767264205777353
USD_CHF,2024-09-05 05:00:00,2024-09-06 09:00:00,1.0
CHF_JPY,2024-09-05 09:00:00,2024-09-11 01:00:00,-1.0
GBP_CHF,2024-09-05 13:00:00,2024-09-11 13:00:00,1.0
GBP_CHF,2024-09-05 21:00:00,2024-09-11 13:00:00,1.0
EUR_GBP,2024-09-05 21:00:00,2024-09-23 13:00:00,-1.0
CAD_CHF,2024-09-06 09:00:00,2024-09-25 09:00:00,-1.0
USD_CZK,2024-09-06 09:00:00,2024-09-09 09:00:00,1.0
EUR_PLN,2024-09-06 09:00:00,2024-09-26 09:00:00,0.3826947309469339
GBP_CHF,2024-09-06 09:00:00,2024-09-19 05:00:00,-1.0
GBP_CAD,2024-09-08 21:00:00,2024-09-17 09:00:00,1.0
AUD_USD,2024-09-09 05:00:00,2024-09-16 05:00:00,1.0
AUD_CAD,2024-09-09 05:00:00,2024-09-16 05:00:00,1.0
GBP_CHF,2024-09-09 21:00:00,2024-09-19 05:00:00,-1.0
NZD_CHF,2024-09-09 21:00:00,2024-09-19 01:00:00,-1.0
GBP_USD,2024-09-10 09:00:00,2024-09-16 09:00:00,1.0
USD_SGD,2024-09-10 13:00:00,2024-09-17 05:00:00,1.0
USD_SEK,2024-09-10 21:00:00,2024-09-12 17:00:00,1.0
EUR_NOK,2024-09-11 01:00:00,2024-09-13 05:00:00,1.0
GBP_CAD,2024-09-11 05:00:00,2024-09-17 09:00:00,1.0
EUR_USD,2024-09-11 09:00:00,2024-09-18 17:00:00,-1.0
CHF_JPY,2024-09-11 21:00:00,2024-09-18 21:00:00,1.0
EUR_AUD,2024-09-12 05:00:00,2024-09-19 05:00:00,1.0
AUD_USD,2024-09-12 05:00:00,2024-09-16 05:00:00,1.0
USD_ZAR,2024-09-12 05:00:00,2024-09-12 21:00:00,1.0
USD_CZK,2024-09-13 13:00:00,2024-09-18 17:00:00,-1.0
EUR_CAD,2024-09-15 21:00:00,2024-10-02 01:00:00,1.0
USD_SGD,2024-09-16 21:00:00,2024-09-24 17:00:00,1.0
NZD_USD,2024-09-16 21:00:00,2024-09-18 17:00:00,1.0
USD_PLN,2024-09-16 21:00:00,2024-09-24 17:00:00,1.0
GBP_AUD,2024-09-17 01:00:00,2024-09-27 09:00:00,-1.0
CHF_JPY,2024-09-17 01:00:00,2024-09-17 17:00:00,1.0
USD_PLN,2024-09-17 05:00:00,2024-09-24 17:00:00,1.0
EUR_JPY,2024-09-17 05:00:00,2024-09-17 13:00:00,1.0
GBP_JPY,2024-09-17 05:00:00,2024-09-17 17:00:00,1.0
USD_CAD,2024-09-17 09:00:00,2024-09-24 13:00:00,1.0
NZD_USD,2024-09-17 09:00:00,2024-09-18 17:00:00,1.0
USD_ZAR,2024-09-17 09:00:00,2024-09-18 17:00:00,1.0
AUD_USD,2024-09-17 17:00:00,2024-09-18 17:00:00,1.0
USD_NOK,2024-09-17 21:00:00,2024-09-18 17:00:00,-1.0
EUR_USD,2024-09-18 05:00:00,2024-10-03 13:00:00,1.0
USD_NOK,2024-09-18 05:00:00,2024-09-18 17:00:00,-1.0
USD_PLN,2024-09-18 17:00:00,2024-09-24 17:00:00,1.0
EUR_NOK,2024-09-18 21:00:00,2024-09-19 05:00:00,1.0
GBP_USD,2024-09-18 21:00:00,2024-09-19 09:00:00,1.0
AUD_CAD,2024-09-18 21:00:00,2024-09-24 01:00:00,1.0
EUR_AUD,2024-09-18 21:00:00,2024-09-23 05:00:00,1.0
USD_ZAR,2024-09-20 05:00:00,2024-09-23 05:00:00,1.0
USD_PLN,2024-09-20 13:00:00,2024-10-01 13:00:00,-1.0
USD_ZAR,2024-09-22 21:00:00,2024-09-23 13:00:00,1.0
AUD_USD,2024-09-23 05:00:00,2024-09-24 13:00:00,1.0
CAD_CHF,2024-09-23 09:00:00,2024-10-11 09:00:00,0.640331315705642
AUD_CAD,2024-09-23 13:00:00,2024-09-27 13:00:00,1.0
AUD_CAD,2024-09-24 05:00:00,2024-09-27 13:00:00,1.0
EUR_AUD,2024-09-24 05:00:00,2024-09-30 01:00:00,1.0
AUD_USD,2024-09-24 05:00:00,2024-09-24 21:00:00,1.0
USD_ZAR,2024-09-24 05:00:00,2024-09-25 09:00:00,1.0
GBP_USD,2024-09-24 05:00:00,2024-10-03 05:00:00,-1.0
CAD_JPY,2024-09-24 09:00:00,2024-09-25 09:00:00,1.0
GBP_CHF,2024-09-24 13:00:00,2024-09-27 17:00:00,1.0
CHF_JPY,2024-09-24 21:00:00,2024-09-26 05:00:00,1.0
NZD_USD,2024-09-25 01:00:00,2024-09-25 13:00:00,-1.0
EUR_CAD,2024-09-25 09:00:00,2024-10-02 13:00:00,1.0
EUR_USD,2024-09-25 09:00:00,2024-10-01 09:00:00,1.0
CHF_JPY,2024-09-25 21:00:00,2024-09-27 01:00:00,1.0
EUR_GBP,2024-09-25 21:00:00,2024-10-15 21:00:00,-0.23112388479731494
USD_HUF,2024-09-26 13:00:00,2024-10-01 13:00:00,-1.0
EUR_USD,2024-09-27 09:00:00,2024-10-01 13:00:00,1.0
EUR_GBP,2024-09-27 13:00:00,2024-10-03 05:00:00,1.0
NZD_CHF,2024-09-29 21:00:00,2024-10-03 05:00:00,1.0
USD_SEK,2024-09-29 21:00:00,2024-10-01 09:00:00,-1.0
EUR_NOK,2024-09-30 05:00:00,2024-10-16 13:00:00,-1.0
NZD_CHF,2024-09-30 13:00:00,2024-10-01 13:00:00,1.0
AUD_CAD,2024-09-30 17:00:00,2024-10-03 09:00:00,-1.0
EUR_AUD,2024-10-01 13:00:00,2024-10-07 13:00:00,-1.0
USD_CHF,2024-10-01 17:00:00,2024-10-04 09:00:00,-1.0
USD_NOK,2024-10-02 01:00:00,2024-10-04 09:00:00,1.0
EUR_GBP,2024-10-02 05:00:00,2024-10-03 05:00:00,1.0
EUR_AUD,2024-10-02 05:00:00,2024-10-07 13:00:00,-1.0
GBP_AUD,2024-10-02 09:00:00,2024-10-08 01:00:00,1.0
NZD_CHF,2024-10-02 09:00:00,2024-10-04 05:00:00,1.0
AUD_NZD,2024-10-02 21:00:00,2024-10-22 21:00:00,0.6702425075812128
EUR_NOK,2024-10-02 21:00:00,2024-10-09 09:00:00,-1.0
CAD_CHF,2024-10-03 13:00:00,2024-10-10 09:00:00,1.0
USD_CZK,2024-10-04 09:00:00,2024-10-09 13:00:00,1.0
GBP_CAD,2024-10-04 09:00:00,2024-10-10 09:00:00,1.0
USD_NOK,2024-10-04 09:00:00,2024-10-08 13:00:00,1.0
USD_SGD,2024-10-07 05:00:00,2024-10-23 01:00:00,-1.0
AUD_JPY,2024-10-07 05:00:00,2024-10-07 21:00:00,-1.0
CHF_JPY,2024-10-07 05:00:00,2024-10-22 01:00:00,1.0
GBP_AUD,2024-10-07 09:00:00,2024-10-08 01:00:00,1.0
USD_PLN,2024-10-07 17:00:00,2024-10-17 09:00:00,-1.0
CHF_JPY,2024-10-08 05:00:00,2024-10-22 01:00:00,1.0
GBP_CHF,2024-10-08 05:00:00,2024-10-18 05:00:00,-1.0
AUD_NZD,2024-10-08 17:00:00,2024-10-28 17:00:00,0.1282762761670072
EUR_AUD,2024-10-09 09:00:00,2024-10-29 01:00:00,-1.0
AUD_CAD,2024-10-09 21:00:00,2024-10-11 13:00:00,1.0
GBP_CAD,2024-10-09 21:00:00,2024-10-15 09:00:00,1.0
GBP_JPY,2024-10-10 05:00:00,2024-10-23 01:00:00,1.0
EUR_JPY,2024-10-10 05:00:00,2024-10-23 09:00:00,1.0
CAD_JPY,2024-10-10 05:00:00,2024-10-23 01:00:00,1.0
CHF_JPY,2024-10-10 05:00:00,2024-10-23 01:00:00,1.0
USD_CHF,2024-10-10 09:00:00,2024-10-28 05:00:00,-1.0
GBP_CAD,2024-10-10 09:00:00,2024-10-15 09:00:00,1.0
EUR_USD,2024-10-10 09:00:00,2024-10-17 09:00:00,1.0
GBP_CAD,2024-10-10 21:00:00,2024-10-30 05:00:00,1.0
AUD_USD,2024-10-11 05:00:00,2024-10-15 21:00:00,-1.0
EUR_USD,2024-10-11 05:00:00,2024-10-17 13:00:00,1.0
CAD_CHF,2024-10-11 09:00:00,2024-10-16 21:00:00,-1.0
GBP_CAD,2024-10-11 09:00:00,2024-10-30 13:00:00,1.0
NZD_JPY,2024-10-14 01:00:00,2024-10-23 01:00:00,1.0
CHF_JPY,2024-10-14 05:00:00,2024-10-23 05:00:00,1.0
GBP_CAD,2024-10-14 09:00:00,2024-11-01 09:00:00,0.17513232219899336
EUR_USD,2024-10-15 05:00:00,2024-10-22 17:00:00,1.0
NZD_CHF,2024-10-15 09:00:00,2024-10-23 13:00:00,1.0
EUR_USD,2024-10-15 13:00:00,2024-10-22 13:00:00,1.0
GBP_USD,2024-10-15 21:00:00,2024-10-23 13:00:00,-1.0
EUR_USD,2024-10-16 01:00:00,2024-10-23 05:00:00,1.0
USD_CHF,2024-10-16 05:00:00,2024-11-05 06:00:00,0.0625920044509852
GBP_USD,2024-10-16 05:00:00,2024-10-23 13:00:00,-1.0
EUR_USD,2024-10-16 09:00:00,2024-10-23 05:00:00,1.0
EUR_GBP,2024-10-16 21:00:00,2024-10-31 13:00:00,1.0
NZD_JPY,2024-10-17 01:00:00,2024-10-22 01:00:00,1.0
USD_HUF,2024-10-17 13:00:00,2024-10-23 13:00:00,-1.0
EUR_PLN,2024-10-18 09:00:00,2024-10-23 21:00:00,-1.0
USD_PLN,2024-10-18 09:00:00,2024-10-23 05:00:00,-1.0
USD_SEK,2024-10-20 21:00:00,2024-10-28 01:00:00,-1.0
GBP_AUD,2024-10-20 21:00:00,2024-10-25 17:00:00,1.0
GBP_CAD,2024-10-20 21:00:00,2024-11-07 22:00:00,0.02778935667638976
USD_ZAR,2024-10-21 13:00:00,2024-10-23 13:00:00,-1.0
AUD_JPY,2024-10-21 21:00:00,2024-10-23 01:00:00,1.0
NZD_JPY,2024-10-21 21:00:00,2024-10-23 01:00:00,1.0
EUR_NOK,2024-10-21 21:00:00,2024-10-31 13:00:00,-1.0
NZD_CHF,2024-10-22 01:00:00,2024-10-25 17:00:00,1.0
GBP_AUD,2024-10-22 09:00:00,2024-10-25 17:00:00,1.0
NZD_CHF,2024-10-22 09:00:00,2024-10-25 01:00:00,1.0
NZD_CAD,2024-10-22 21:00:00,2024-10-28 05:00:00,1.0
USD_SEK,2024-10-23 05:00:00,2024-10-28 21:00:00,-1.0
EUR_AUD,2024-10-23 05:00:00,2024-10-28 01:00:00,-1.0
EUR_NOK,2024-10-23 05:00:00,2024-10-31 09:00:00,-1.0
CAD_CHF,2024-10-23 21:00:00,2024-10-31 13:00:00,1.0
USD_CHF,2024-10-24 05:00:00,2024-11-06 10:00:00,-1.0
CAD_CHF,2024-10-24 05:00:00,2024-10-31 13:00:00,1.0
USD_SEK,2024-10-24 21:00:00,2024-10-29 09:00:00,-1.0
USD_CHF,2024-10-25 05:00:00,2024-11-06 02:00:00,-1.0
CAD_CHF,2024-10-25 05:00:00,2024-11-11 14:00:00,-1.0
CHF_JPY,2024-10-25 09:00:00,2024-10-28 01:00:00,1.0
AUD_CAD,2024-10-25 13:00:00,2024-11-06 02:00:00,-1.0
EUR_USD,2024-10-28 05:00:00,2024-11-01 09:00:00,-1.0
EUR_GBP,2024-10-28 09:00:00,2024-10-31 13:00:00,1.0
GBP_CAD,2024-10-29 09:00:00,2024-11-12 14:00:00,-1.0
USD_ZAR,2024-10-29 09:00:00,2024-10-30 05:00:00,1.0
NZD_CAD,2024-10-29 13:00:00,2024-11-13 22:00:00,1.0
CHF_JPY,2024-10-29 21:00:00,2024-11-08 02:00:00,-1.0
NZD_JPY,2024-10-29 21:00:00,2024-10-31 13:00:00,-1.0
NZD_CAD,2024-10-30 05:00:00,2024-11-13 14:00:00,1.0
CHF_JPY,2024-10-30 05:00:00,2024-11-08 02:00:00,-1.0
EUR_JPY,2024-10-30 05:00:00,2024-11-08 10:00:00,-1.0
GBP_AUD,2024-10-30 05:00:00,2024-10-31 13:00:00,-1.0
USD_ZAR,2024-10-30 09:00:00,2024-11-01 09:00:00,1.0
CAD_CHF,2024-10-30 09:00:00,2024-11-06 10:00:00,-1.0
USD_SGD,2024-10-30 09:00:00,2024-11-12 06:00:00,-1.0
USD_CAD,2024-10-30 09:00:00,2024-11-14 18:00:00,-1.0
USD_CHF,2024-10-30 09:00:00,2024-11-06 10:00:00,-1.0
GBP_CHF,2024-10-30 13:00:00,2024-10-31 13:00:00,1.0
CAD_CHF,2024-10-30 17:00:00,2024-11-06 10:00:00,-1.0
AUD_JPY,2024-10-30 21:00:00,2024-10-31 13:00:00,-1.0
USD_SEK,2024-10-31 09:00:00,2024-11-06 02:00:00,-1.0
AUD_USD,2024-11-01 05:00:00,2024-11-05 14:00:00,1.0
NZD_USD,2024-11-01 05:00:00,2024-11-07 14:00:00,1.0
AUD_CAD,2024-11-01 05:00:00,2024-11-07 10:00:00,1.0
NZD_CAD,2024-11-01 09:00:00,2024-11-06 02:00:00,1.0
USD_NOK,2024-11-01 09:00:00,2024-11-06 02:00:00,1.0
USD_CZK,2024-11-01 09:00:00,2024-11-06 02:00:00,1.0
NZD_CAD,2024-11-03 22:00:00,2024-11-06 02:00:00,1.0
AUD_USD,2024-11-04 06:00:00,2024-11-06 02:00:00,-1.0
EUR_USD,2024-11-04 10:00:00,2024-11-06 02:00:00,1.0
USD_NOK,2024-11-04 10:00:00,2024-11-06 02:00:00,1.0
USD_NOK,2024-11-05 14:00:00,2024-11-06 02:00:00,1.0
GBP_JPY,2024-11-05 18:00:00,2024-11-06 14:00:00,1.0
EUR_NOK,2024-11-05 22:00:00,2024-11-06 14:00:00,1.0
EUR_USD,2024-11-05 22:00:00,2024-11-06 02:00:00,1.0
AUD_JPY,2024-11-05 22:00:00,2024-11-06 06:00:00,1.0
EUR_AUD,2024-11-06 02:00:00,2024-11-06 10:00:00,1.0
NZD_CAD,2024-11-06 06:00:00,2024-11-14 02:00:00,1.0
USD_SGD,2024-11-06 10:00:00,2024-11-07 14:00:00,1.0
EUR_JPY,2024-11-06 10:00:00,2024-11-08 14:00:00,-1.0
GBP_USD,2024-11-06 10:00:00,2024-11-07 10:00:00,1.0
EUR_USD,2024-11-07 02:00:00,2024-11-11 14:00:00,1.0
EUR_GBP,2024-11-07 22:00:00,2024-11-27 22:00:00,0.19846997690531587
EUR_USD,2024-11-08 10:00:00,2024-11-11 06:00:00,1.0
GBP_CHF,2024-11-08 18:00:00,2024-11-15 14:00:00,1.0
EUR_NOK,2024-11-11 10:00:00,2024-11-15 10:00:00,1.0
EUR_NOK,2024-11-12 02:00:00,2024-11-18 18:00:00,1.0
NZD_JPY,2024-11-12 22:00:00,2024-11-15 14:00:00,-1.0
AUD_JPY,2024-11-12 22:00:00,2024-11-15 14:00:00,-1.0
EUR_USD,2024-11-13 06:00:00,2024-11-14 06:00:00,1.0
USD_NOK,2024-11-13 06:00:00,2024-11-14 06:00:00,1.0
GBP_AUD,2024-11-13 10:00:00,2024-11-22 02:00:00,-1.0
EUR_NOK,2024-11-13 10:00:00,2024-11-18 14:00:00,1.0
GBP_AUD,2024-11-14 06:00:00,2024-11-21 06:00:00,-1.0
USD_ZAR,2024-11-14 10:00:00,2024-11-15 10:00:00,1.0
EUR_PLN,2024-11-14 10:00:00,2024-11-27 06:00:00,1.0
AUD_JPY,2024-11-14 10:00:00,2024-11-15 14:00:00,-1.0
USD_ZAR,2024-11-14 18:00:00,2024-11-15 10:00:00,1.0
AUD_JPY,2024-11-14 18:00:00,2024-11-15 14:00:00,-1.0
AUD_NZD,2024-11-14 22:00:00,2024-11-21 22:00:00,1.0
USD_ZAR,2024-11-15 06:00:00,2024-11-15 10:00:00,1.0
EUR_NOK,2024-11-15 06:00:00,2024-11-19 10:00:00,1.0
CAD_CHF,2024-11-15 10:00:00,2024-11-22 10:00:00,-1.0
USD_CHF,2024-11-15 10:00:00,2024-11-19 10:00:00,1.0
AUD_CAD,2024-11-15 14:00:00,2024-12-05 14:00:00,-0.3195697929408153
EUR_NOK,2024-11-17 22:00:00,2024-11-21 18:00:00,1.0
USD_CHF,2024-11-18 10:00:00,2024-12-05 18:00:00,1.0
CHF_JPY,2024-11-19 06:00:00,2024-11-20 06:00:00,1.0
GBP_JPY,2024-11-19 06:00:00,2024-11-20 06:00:00,1.0
NZD_JPY,2024-11-19 06:00:00,2024-11-19 22:00:00,1.0
AUD_JPY,2024-11-19 06:00:00,2024-11-19 22:00:00,1.0
EUR_JPY,2024-11-19 06:00:00,2024-11-20 06:00:00,1.0
EUR_AUD,2024-11-19 10:00:00,2024-11-21 14:00:00,1.0
EUR_NOK,2024-11-19 10:00:00,2024-11-22 10:00:00,1.0
USD_CZK,2024-11-20 18:00:00,2024-11-21 14:00:00,1.0
CHF_JPY,2024-11-20 22:00:00,2024-11-21 22:00:00,-1.0
AUD_NZD,2024-11-20 22:00:00,2024-11-22 02:00:00,1.0
CHF_JPY,2024-11-21 06:00:00,2024-11-22 06:00:00,-1.0
USD_NOK,2024-11-21 10:00:00,2024-11-22 06:00:00,1.0
NZD_CHF,2024-11-21 22:00:00,2024-12-06 02:00:00,1.0
USD_ZAR,2024-11-22 02:00:00,2024-11-24 22:00:00,1.0
EUR_USD,2024-11-22 06:00:00,2024-11-27 14:00:00,-1.0
USD_NOK,2024-11-22 06:00:00,2024-11-25 22:00:00,1.0
AUD_USD,2024-11-22 14:00:00,2024-11-24 22:00:00,1.0
USD_CHF,2024-11-25 22:00:00,2024-12-05 18:00:00,1.0
AUD_CAD,2024-11-25 22:00:00,2024-12-11 14:00:00,-1.0
USD_PLN,2024-11-25 22:00:00,2024-11-27 14:00:00,1.0
USD_NOK,2024-11-26 10:00:00,2024-12-16 10:00:00,0.5562141379356982
AUD_USD,2024-11-28 02:00:00,2024-12-04 02:00:00,-1.0
GBP_AUD,2024-11-28 06:00:00,2024-12-04 02:00:00,1.0
USD_CHF,2024-11-29 10:00:00,2024-12-12 18:00:00,-1.0
USD_HUF,2024-11-29 14:00:00,2024-12-02 14:00:00,-1.0
USD_SGD,2024-11-29 14:00:00,2024-12-18 18:00:00,-1.0
CAD_CHF,2024-12-01 22:00:00,2024-12-06 10:00:00,1.0
USD_ZAR,2024-12-02 10:00:00,2024-12-05 18:00:00,1.0
USD_CZK,2024-12-02 10:00:00,2024-12-05 14:00:00,-1.0
GBP_CAD,2024-12-03 10:00:00,2024-12-06 10:00:00,1.0
USD_SEK,2024-12-03 10:00:00,2024-12-04 14:00:00,1.0
USD_PLN,2024-12-03 10:00:00,2024-12-05 10:00:00,1.0
GBP_CAD,2024-12-04 06:00:00,2024-12-06 10:00:00,1.0
GBP_USD,2024-12-04 06:00:00,2024-12-06 10:00:00,1.0
USD_ZAR,2024-12-04 06:00:00,2024-12-06 10:00:00,1.0
USD_CHF,2024-12-04 06:00:00,2024-12-05 18:00:00,1.0
NZD_JPY,2024-12-04 22:00:00,2024-12-09 02:00:00,-1.0
NZD_CHF,2024-12-04 22:00:00,2024-12-06 10:00:00,1.0
CHF_JPY,2024-12-04 22:00:00,2024-12-06 10:00:00,1.0
EUR_NOK,2024-12-05 06:00:00,2024-12-06 10:00:00,-1.0
EUR_PLN,2024-12-05 18:00:00,2024-12-26 18:00:00,0.2942449156209605
USD_ZAR,2024-12-05 22:00:00,2024-12-09 06:00:00,1.0
USD_JPY,2024-12-06 10:00:00,2024-12-09 14:00:00,1.0
USD_PLN,2024-12-08 22:00:00,2024-12-12 18:00:00,-1.0
EUR_JPY,2024-12-08 22:00:00,2024-12-09 14:00:00,1.0
GBP_JPY,2024-12-08 22:00:00,2024-12-09 10:00:00,1.0
NZD_CAD,2024-12-09 06:00:00,2024-12-11 14:00:00,1.0
GBP_CAD,2024-12-09 10:00:00,2024-12-17 14:00:00,1.0
GBP_JPY,2024-12-10 02:00:00,2024-12-11 06:00:00,1.0
EUR_JPY,2024-12-10 02:00:00,2024-12-13 10:00:00,1.0
USD_ZAR,2024-12-10 06:00:00,2024-12-12 06:00:00,1.0
CAD_CHF,2024-12-10 06:00:00,2024-12-12 06:00:00,-1.0
USD_CHF,2024-12-10 06:00:00,2024-12-12 06:00:00,-1.0
GBP_CAD,2024-12-10 10:00:00,2024-12-31 10:00:00,-0.09910912523738871
USD_CZK,2024-12-10 18:00:00,2024-12-18 18:00:00,1.0
USD_CZK,2024-12-11 10:00:00,2024-12-18 18:00:00,1.0
AUD_CAD,2024-12-11 14:00:00,2024-12-12 06:00:00,1.0
USD_CAD,2024-12-11 14:00:00,2024-12-18 14:00:00,-1.0
EUR_NOK,2024-12-11 22:00:00,2024-12-19 10:00:00,-1.0
CHF_JPY,2024-12-12 06:00:00,2024-12-19 06:00:00,1.0
EUR_USD,2024-12-12 14:00:00,2024-12-18 18:00:00,1.0
USD_CZK,2024-12-12 14:00:00,2024-12-18 18:00:00,1.0
GBP_AUD,2024-12-13 02:00:00,2024-12-17 22:00:00,1.000000000000011
NZD_CAD,2024-12-13 18:00:00,2024-12-18 18:00:00,1.0
NZD_JPY,2024-12-16 10:00:00,2024-12-18 18:00:00,-1.0
EUR_USD,2024-12-16 22:00:00,2024-12-18 18:00:00,1.0
GBP_AUD,2024-12-16 22:00:00,2024-12-18 02:00:00,1.0
GBP_JPY,2024-12-17 02:00:00,2024-12-19 06:00:00,1.0
EUR_JPY,2024-12-17 02:00:00,2024-12-18 18:00:00,-1.0
USD_SGD,2024-12-17 10:00:00,2024-12-31 14:00:00,-1.0
NZD_JPY,2024-12-19 18:00:00,2024-12-31 06:00:00,-1.0
EUR_JPY,2024-12-19 18:00:00,2024-12-27 14:00:00,1.0
USD_SEK,2024-12-19 22:00:00,2025-01-02 14:00:00,-1.0
USD_CHF,2024-12-19 22:00:00,2025-01-02 10:00:00,-1.0
USD_PLN,2024-12-19 22:00:00,2025-01-02 14:00:00,-1.0
USD_SGD,2024-12-20 06:00:00,2025-01-10 10:00:00,-1.0
USD_ZAR,2024-12-20 10:00:00,2024-12-23 14:00:00,-1.0
GBP_AUD,2024-12-20 14:00:00,2024-12-27 14:00:00,1.0
CAD_CHF,2024-12-22 22:00:00,2024-12-30 10:00:00,-1.0
EUR_CAD,2024-12-23 10:00:00,2025-01-02 14:00:00,1.0
GBP_USD,2024-12-24 14:00:00,2025-01-02 10:00:00,-1.0
NZD_CAD,2024-12-24 18:00:00,2024-12-31 18:00:00,1.0
EUR_GBP,2024-12-24 18:00:00,2025-01-09 02:00:00,1.0
USD_CZK,2024-12-24 18:00:00,2025-01-02 10:00:00,1.0
EUR_AUD,2024-12-25 22:00:00,2025-01-02 14:00:00,1.0
NZD_JPY,2024-12-25 22:00:00,2025-01-07 02:00:00,1.0
USD_SGD,2024-12-26 06:00:00,2025-01-10 10:00:00,-1.0
USD_CHF,2024-12-26 10:00:00,2025-01-02 14:00:00,-1.0
USD_CZK,2024-12-27 10:00:00,2024-12-31 14:00:00,1.0
EUR_AUD,2024-12-27 10:00:00,2025-01-02 10:00:00,1.0
CAD_JPY,2024-12-27 14:00:00,2025-01-16 02:00:00,-1.0
NZD_JPY,2024-12-29 22:00:00,2024-12-31 02:00:00,-1.0
GBP_JPY,2024-12-29 22:00:00,2024-12-31 02:00:00,-1.0
EUR_JPY,2024-12-29 22:00:00,2024-12-30 14:00:00,-1.0
USD_SGD,2024-12-29 22:00:00,2025-01-10 10:00:00,-1.0
CAD_JPY,2024-12-29 22:00:00,2025-01-06 22:00:00,1.0
AUD_JPY,2024-12-29 22:00:00,2024-12-31 06:00:00,-1.0
USD_SEK,2024-12-29 22:00:00,2025-01-02 14:00:00,-1.0
NZD_CHF,2024-12-30 10:00:00,2025-01-20 10:00:00,-0.6593363593676623
USD_CZK,2024-12-30 10:00:00,2025-01-02 10:00:00,1.0
EUR_GBP,2024-12-30 10:00:00,2025-01-09 06:00:00,1.0
GBP_CHF,2024-12-30 10:00:00,2025-01-08 10:00:00,1.0
GBP_AUD,2024-12-30 22:00:00,2025-01-02 14:00:00,-1.0
EUR_USD,2024-12-31 06:00:00,2025-01-02 14:00:00,1.0
NZD_CAD,2024-12-31 06:00:00,2025-01-10 10:00:00,1.0
AUD_NZD,2025-01-02 06:00:00,2025-01-22 06:00:00,0.05155198610809281
GBP_USD,2025-01-02 06:00:00,2025-01-02 14:00:00,-1.0
GBP_CAD,2025-01-02 06:00:00,2025-01-02 14:00:00,-1.0
USD_SEK,2025-01-02 06:00:00,2025-01-02 14:00:00,-1.0
GBP_USD,2025-01-03 10:00:00,2025-01-06 10:00:00,1.0
AUD_JPY,2025-01-03 14:00:00,2025-01-06 10:00:00,1.0
AUD_USD,2025-01-03 14:00:00,2025-01-06 10:00:00,1.0
AUD_JPY,2025-01-05 22:00:00,2025-01-06 06:00:00,1.0
EUR_GBP,2025-01-05 22:00:00,2025-01-09 06:00:00,1.0
AUD_USD,2025-01-05 22:00:00,2025-01-06 10:00:00,1.0
GBP_CHF,2025-01-05 22:00:00,2025-01-09 06:00:00,1.0
GBP_AUD,2025-01-06 10:00:00,2025-01-13 02:00:00,-1.0
EUR_JPY,2025-01-09 10:00:00,2025-01-13 02:00:00,-1.0
CAD_CHF,2025-01-09 22:00:00,2025-01-20 22:00:00,1.0
EUR_USD,2025-01-10 06:00:00,2025-01-13 06:00:00,1.0
USD_JPY,2025-01-10 06:00:00,2025-01-15 10:00:00,-1.0
NZD_CHF,2025-01-12 22:00:00,2025-01-20 14:00:00,-1.0
GBP_AUD,2025-01-12 22:00:00,2025-01-15 06:00:00,-1.0
AUD_CAD,2025-01-13 14:00:00,2025-01-16 14:00:00,1.0
USD_SEK,2025-01-13 14:00:00,2025-01-14 14:00:00,1.0
USD_CZK,2025-01-13 18:00:00,2025-01-15 10:00:00,-1.0
USD_SGD,2025-01-14 10:00:00,2025-01-20 14:00:00,1.0
AUD_USD,2025-01-14 10:00:00,2025-01-15 10:00:00,1.0
USD_PLN,2025-01-14 10:00:00,2025-01-15 10:00:00,1.0
CAD_CHF,2025-01-14 14:00:00,2025-01-20 06:00:00,1.0
USD_ZAR,2025-01-15 22:00:00,2025-01-20 10:00:00,1.0
AUD_CAD,2025-01-15 22:00:00,2025-01-20 22:00:00,1.0
USD_SEK,2025-01-16 02:00:00,2025-01-20 10:00:00,1.0
AUD_USD,2025-01-16 02:00:00,2025-01-20 14:00:00,1.0
USD_SGD,2025-01-16 10:00:00,2025-01-20 14:00:00,1.0
USD_SEK,2025-01-16 10:00:00,2025-01-20 10:00:00,1.0
AUD_CAD,2025-01-16 10:00:00,2025-01-20 22:00:00,1.0
AUD_USD,2025-01-16 10:00:00,2025-01-20 10:00:00,1.0
USD_PLN,2025-01-16 10:00:00,2025-01-20 10:00:00,1.0
USD_CHF,2025-01-16 10:00:00,2025-01-22 10:00:00,1.0
USD_ZAR,2025-01-16 14:00:00,2025-01-17 06:00:00,1.0
USD_SEK,2025-01-17 02:00:00,2025-01-20 10:00:00,1.0
AUD_CAD,2025-01-17 02:00:00,2025-01-20 22:00:00,1.0
GBP_CAD,2025-01-17 02:00:00,2025-01-20 22:00:00,1.0
GBP_AUD,2025-01-17 06:00:00,2025-01-27 10:00:00,1.0
AUD_CAD,2025-01-17 10:00:00,2025-01-20 22:00:00,1.0
NZD_JPY,2025-01-17 10:00:00,2025-01-20 10:00:00,1.0
EUR_USD,2025-01-17 14:00:00,2025-01-20 14:00:00,-1.0
GBP_CAD,2025-01-17 14:00:00,2025-01-20 22:00:00,1.0
AUD_NZD,2025-01-17 18:00:00,2025-02-06 18:00:00,-0.07673142196865967
USD_NOK,2025-01-19 22:00:00,2025-01-20 10:00:00,-1.0
GBP_AUD,2025-01-20 06:00:00,2025-01-27 06:00:00,1.0
CAD_CHF,2025-01-20 10:00:00,2025-01-27 10:00:00,1.0
GBP_CHF,2025-01-20 10:00:00,2025-01-24 14:00:00,-1.0
AUD_CAD,2025-01-20 10:00:00,2025-01-24 02:00:00,1.0
EUR_GBP,2025-01-20 18:00:00,2025-01-29 22:00:00,-1.0
GBP_JPY,2025-01-20 22:00:00,2025-01-24 02:00:00,1.0
EUR_JPY,2025-01-20 22:00:00,2025-01-24 10:00:00,1.0
GBP_USD,2025-01-20 22:00:00,2025-01-24 02:00:00,1.0
USD_HUF,2025-01-20 22:00:00,2025-01-24 02:00:00,1.0
NZD_USD,2025-01-20 22:00:00,2025-01-24 02:00:00,1.0
USD_SGD,2025-01-20 22:00:00,2025-01-24 06:00:00,1.0
USD_SEK,2025-01-20 22:00:00,2025-01-24 06:00:00,1.0
USD_PLN,2025-01-20 22:00:00,2025-01-22 10:00:00,1.0
USD_CAD,2025-01-20 22:00:00,2025-01-30 18:00:00,-1.0
AUD_CAD,2025-01-20 22:00:00,2025-01-24 02:00:00,1.0
AUD_USD,2025-01-20 22:00:00,2025-01-24 02:00:00,1.0
USD_PLN,2025-01-21 06:00:00,2025-01-22 06:00:00,1.0
USD_ZAR,2025-01-21 06:00:00,2025-01-22 02:00:00,1.0
USD_CHF,2025-01-21 06:00:00,2025-01-27 10:00:00,1.0
USD_SEK,2025-01-21 06:00:00,2025-01-22 10:00:00,1.0
USD_SGD,2025-01-21 06:00:00,2025-01-24 06:00:00,1.0
GBP_USD,2025-01-21 06:00:00,2025-01-24 02:00:00,1.0
AUD_USD,2025-01-21 06:00:00,2025-01-22 10:00:00,1.0
NZD_JPY,2025-01-21 10:00:00,2025-01-22 10:00:00,1.0
CHF_JPY,2025-01-21 10:00:00,2025-01-22 14:00:00,1.0
GBP_AUD,2025-01-21 14:00:00,2025-01-27 06:00:00,1.0
GBP_AUD,2025-01-21 22:00:00,2025-01-27 10:00:00,1.0
GBP_JPY,2025-01-22 06:00:00,2025-01-24 10:00:00,1.0
AUD_JPY,2025-01-22 06:00:00,2025-01-24 02:00:00,1.0
GBP_JPY,2025-01-23 06:00:00,2025-01-24 14:00:00,1.0
EUR_JPY,2025-01-23 06:00:00,2025-01-29 22:00:00,-1.0
USD_PLN,2025-01-23 06:00:00,2025-01-24 06:00:00,1.0
AUD_USD,2025-01-23 14:00:00,2025-01-24 02:00:00,1.0
USD_HUF,2025-01-23 14:00:00,2025-01-24 06:00:00,1.0
USD_SEK,2025-01-23 14:00:00,2025-01-24 06:00:00,1.0
USD_SGD,2025-01-23 14:00:00,2025-01-27 10:00:00,1.0
AUD_CAD,2025-01-23 14:00:00,2025-02-12 14:00:00,-0.25856137781033506
EUR_AUD,2025-01-24 06:00:00,2025-01-28 22:00:00,-1.0
CAD_CHF,2025-01-24 10:00:00,2025-01-27 10:00:00,1.0
USD_JPY,2025-01-24 14:00:00,2025-01-27 10:00:00,-1.0
USD_SEK,2025-01-24 18:00:00,2025-01-30 18:00:00,-1.0
NZD_JPY,2025-01-26 22:00:00,2025-01-27 06:00:00,-1.0
AUD_JPY,2025-01-26 22:00:00,2025-01-27 06:00:00,-1.0
CHF_JPY,2025-01-26 22:00:00,2025-01-30 02:00:00,-1.0
USD_JPY,2025-01-27 06:00:00,2025-01-27 10:00:00,-1.0
GBP_JPY,2025-01-27 06:00:00,2025-01-30 10:00:00,-1.0
EUR_JPY,2025-01-27 06:00:00,2025-01-29 22:00:00,-1.0
CAD_JPY,2025-01-27 06:00:00,2025-01-30 10:00:00,-1.0
GBP_USD,2025-01-28 10:00:00,2025-02-02 22:00:00,-1.0
GBP_CAD,2025-01-28 10:00:00,2025-01-30 18:00:00,1.0
CAD_CHF,2025-01-28 14:00:00,2025-02-02 22:00:00,1.0
NZD_CHF,2025-01-28 22:00:00,2025-02-02 22:00:00,1.0
USD_ZAR,2025-01-28 22:00:00,2025-01-29 14:00:00,1.0
USD_SEK,2025-01-29 06:00:00,2025-01-31 18:00:00,-1.0
GBP_USD,2025-01-29 06:00:00,2025-02-02 22:00:00,-1.0
USD_ZAR,2025-01-29 06:00:00,2025-01-29 14:00:00,1.0
USD_PLN,2025-01-29 06:00:00,2025-01-31 10:00:00,-1.0
GBP_AUD,2025-01-29 10:00:00,2025-02-03 02:00:00,1.000000000000011
GBP_CAD,2025-01-29 14:00:00,2025-01-30 18:00:00,1.0
AUD_CAD,2025-01-30 10:00:00,2025-01-30 18:00:00,1.0
AUD_JPY,2025-01-30 10:00:00,2025-02-03 02:00:00,-1.0
EUR_AUD,2025-01-30 10:00:00,2025-02-03 18:00:00,1.0
USD_CZK,2025-01-30 10:00:00,2025-01-31 18:00:00,1.0
NZD_JPY,2025-01-30 10:00:00,2025-02-03 02:00:00,-1.0
EUR_NOK,2025-01-30 10:00:00,2025-02-05 06:00:00,1.0
EUR_USD,2025-01-30 10:00:00,2025-02-02 22:00:00,1.0
NZD_JPY,2025-01-30 18:00:00,2025-01-31 14:00:00,1.0
AUD_JPY,2025-01-30 18:00:00,2025-01-31 14:00:00,1.0
AUD_CAD,2025-01-30 22:00:00,2025-02-02 22:00:00,1.0
USD_NOK,2025-01-31 10:00:00,2025-02-02 22:00:00,1.0
EUR_JPY,2025-01-31 14:00:00,2025-02-02 22:00:00,-1.0
GBP_CHF,2025-01-31 14:00:00,2025-02-06 10:00:00,1.0
CAD_CHF,2025-01-31 14:00:00,2025-02-02 22:00:00,1.0
NZD_CHF,2025-01-31 14:00:00,2025-02-02 22:00:00,1.0
EUR_AUD,2025-01-31 18:00:00,2025-02-06 10:00:00,1.0
EUR_NOK,2025-02-02 22:00:00,2025-02-05 06:00:00,1.0
AUD_CAD,2025-02-02 22:00:00,2025-02-20 22:00:00,0.7366421119296083
NZD_JPY,2025-02-03 14:00:00,2025-02-03 18:00:00,1.0
AUD_JPY,2025-02-03 14:00:00,2025-02-03 18:00:00,1.0
CHF_JPY,2025-02-03 14:00:00,2025-02-03 22:00:00,1.0
GBP_JPY,2025-02-03 14:00:00,2025-02-03 18:00:00,1.0
EUR_JPY,2025-02-03 14:00:00,2025-02-03 18:00:00,1.0
AUD_NZD,2025-02-03 22:00:00,2025-02-18 22:00:00,1.0
USD_SGD,2025-02-06 02:00:00,2025-02-20 10:00:00,1.0
USD_ZAR,2025-02-06 02:00:00,2025-02-07 10:00:00,1.0
AUD_CAD,2025-02-06 10:00:00,2025-02-20 14:00:00,1.0
AUD_CAD,2025-02-06 18:00:00,2025-02-20 14:00:00,1.0
GBP_CHF,2025-02-07 06:00:00,2025-02-13 02:00:00,-1.0
USD_ZAR,2025-02-07 10:00:00,2025-02-14 14:00:00,1.0
CAD_JPY,2025-02-07 14:00:00,2025-02-11 22:00:00,1.0
CHF_JPY,2025-02-11 14:00:00,2025-02-12 02:00:00,1.0
NZD_USD,2025-02-12 02:00:00,2025-02-14 06:00:00,1.0
GBP_USD,2025-02-12 10:00:00,2025-02-13 18:00:00,1.0
USD_SGD,2025-02-12 10:00:00,2025-02-14 06:00:00,1.0
USD_ZAR,2025-02-12 10:00:00,2025-02-14 10:00:00,1.0
USD_CHF,2025-02-12 10:00:00,2025-02-13 14:00:00,1.0
GBP_CAD,2025-02-12 10:00:00,2025-02-21 06:00:00,1.0
USD_HUF,2025-02-12 10:00:00,2025-02-12 14:00:00,1.0
USD_PLN,2025-02-12 10:00:00,2025-02-12 14:00:00,1.0
EUR_PLN,2025-02-12 10:00:00,2025-02-25 06:00:00,1.0
GBP_AUD,2025-02-12 22:00:00,2025-02-25 14:00:00,1.0
AUD_JPY,2025-02-13 06:00:00,2025-02-19 22:00:00,-1.0
NZD_USD,2025-02-13 06:00:00,2025-02-14 06:00:00,1.0
NZD_JPY,2025-02-13 06:00:00,2025-02-19 22:00:00,-1.0
GBP_AUD,2025-02-13 18:00:00,2025-02-26 14:00:00,0.9999999999999888
USD_HUF,2025-02-13 18:00:00,2025-02-14 06:00:00,1.0
USD_HUF,2025-02-14 10:00:00,2025-02-26 06:00:00,1.0
USD_SEK,2025-02-14 10:00:00,2025-02-20 18:00:00,1.0
EUR_GBP,2025-02-14 10:00:00,2025-03-06 10:00:00,1.0
GBP_JPY,2025-02-14 18:00:00,2025-02-19 22:00:00,-1.0
USD_ZAR,2025-02-16 22:00:00,2025-02-28 14:00:00,-1.0
AUD_JPY,2025-02-17 10:00:00,2025-02-19 22:00:00,-1.0
NZD_CHF,2025-02-17 10:00:00,2025-02-25 10:00:00,1.0
USD_JPY,2025-02-17 10:00:00,2025-02-20 06:00:00,-1.0
GBP_JPY,2025-02-17 10:00:00,2025-02-20 06:00:00,-1.0
CHF_JPY,2025-02-17 10:00:00,2025-02-20 02:00:00,-1.0
EUR_NOK,2025-02-18 06:00:00,2025-03-04 06:00:00,-1.0
GBP_USD,2025-02-18 10:00:00,2025-03-03 18:00:00,1.0
EUR_PLN,2025-02-18 10:00:00,2025-03-10 09:00:00,-0.7372010373643393
USD_SEK,2025-02-18 10:00:00,2025-02-21 14:00:00,1.0
USD_PLN,2025-02-18 10:00:00,2025-02-25 10:00:00,1.000000000000011
GBP_AUD,2025-02-18 10:00:00,2025-02-25 14:00:00,1.0
USD_SEK,2025-02-18 18:00:00,2025-02-20 18:00:00,1.0
USD_CHF,2025-02-19 06:00:00,2025-02-25 10:00:00,1.0
GBP_USD,2025-02-19 06:00:00,2025-03-04 06:00:00,1.0
GBP_CAD,2025-02-19 06:00:00,2025-02-25 10:00:00,1.0
USD_SGD,2025-02-19 14:00:00,2025-03-05 18:00:00,1.0
USD_CHF,2025-02-19 14:00:00,2025-02-23 22:00:00,1.0
USD_SGD,2025-02-19 22:00:00,2025-03-05 18:00:00,1.0
USD_CHF,2025-02-19 22:00:00,2025-02-23 22:00:00,1.0
EUR_USD,2025-02-20 02:00:00,2025-03-04 10:00:00,-1.0
CHF_JPY,2025-02-20 10:00:00,2025-03-03 10:00:00,1.0
AUD_JPY,2025-02-20 22:00:00,2025-02-25 06:00:00,-1.0
USD_CHF,2025-02-21 06:00:00,2025-03-04 10:00:00,1.0
GBP_USD,2025-02-21 06:00:00,2025-03-04 18:00:00,1.0
USD_SGD,2025-02-21 06:00:00,2025-02-28 02:00:00,-1.0
USD_SEK,2025-02-21 06:00:00,2025-02-27 18:00:00,-1.0
USD_PLN,2025-02-21 06:00:00,2025-02-26 14:00:00,1.000000000000011
CAD_CHF,2025-02-21 10:00:00,2025-02-25 10:00:00,1.0
GBP_CAD,2025-02-21 10:00:00,2025-02-25 18:00:00,1.0
USD_ZAR,2025-02-21 10:00:00,2025-02-28 14:00:00,-1.0
USD_ZAR,2025-02-21 18:00:00,2025-02-28 14:00:00,-1.0
AUD_CAD,2025-02-24 14:00:00,2025-03-14 13:00:00,0.5398050949636621
CHF_JPY,2025-02-24 14:00:00,2025-03-03 10:00:00,1.0
EUR_NOK,2025-02-24 22:00:00,2025-03-04 06:00:00,-1.0
USD_JPY,2025-02-25 02:00:00,2025-03-03 10:00:00,1.0
AUD_CAD,2025-02-25 06:00:00,2025-02-28 10:00:00,-1.0
USD_NOK,2025-02-25 10:00:00,2025-02-27 10:00:00,1.0
EUR_GBP,2025-02-25 10:00:00,2025-03-05 14:00:00,1.0
GBP_USD,2025-02-25 22:00:00,2025-03-04 18:00:00,1.0
USD_CHF,2025-02-26 02:00:00,2025-02-28 18:00:00,-1.0
EUR_PLN,2025-02-26 10:00:00,2025-02-28 18:00:00,-1.0
USD_NOK,2025-02-26 14:00:00,2025-02-27 14:00:00,1.0
USD_CZK,2025-02-26 14:00:00,2025-02-27 10:00:00,1.0
EUR_USD,2025-02-26 14:00:00,2025-02-27 18:00:00,1.0
USD_HUF,2025-02-26 18:00:00,2025-02-27 14:00:00,-1.0
NZD_CHF,2025-02-26 22:00:00,2025-02-27 22:00:00,1.0
NZD_CHF,2025-02-27 06:00:00,2025-02-27 22:00:00,1.0
CHF_JPY,2025-02-27 10:00:00,2025-03-03 10:00:00,1.0
GBP_CAD,2025-02-28 10:00:00,2025-03-03 18:00:00,1.0
AUD_CAD,2025-02-28 18:00:00,2025-03-04 18:00:00,1.0
NZD_USD,2025-03-03 18:00:00,2025-03-05 06:00:00,1.0
CAD_JPY,2025-03-04 10:00:00,2025-03-04 18:00:00,1.0
USD_SEK,2025-03-04 14:00:00,2025-03-04 18:00:00,1.0
AUD_NZD,2025-03-04 22:00:00,2025-03-18 13:00:00,-1.0
USD_CHF,2025-03-04 22:00:00,2025-03-07 06:00:00,1.0
EUR_PLN,2025-03-05 10:00:00,2025-03-25 09:00:00,0.1893394688907893
GBP_JPY,2025-03-05 10:00:00,2025-03-10 13:00:00,-1.0
USD_CAD,2025-03-05 10:00:00,2025-03-06 14:00:00,1.0
USD_SEK,2025-03-06 10:00:00,2025-03-07 10:00:00,1.0
USD_CZK,2025-03-06 10:00:00,2025-03-11 09:00:00,-1.0
GBP_AUD,2025-03-06 14:00:00,2025-03-07 10:00:00,1.0
USD_SEK,2025-03-06 18:00:00,2025-03-07 06:00:00,1.0
EUR_NOK,2025-03-07 02:00:00,2025-03-10 05:00:00,1.0
GBP_JPY,2025-03-07 10:00:00,2025-03-12 05:00:00,1.0
AUD_JPY,2025-03-07 10:00:00,2025-03-10 21:00:00,-1.0
AUD_USD,2025-03-07 10:00:00,2025-03-17 13:00:00,1.0
NZD_JPY,2025-03-07 10:00:00,2025-03-11 01:00:00,-1.0
AUD_CAD,2025-03-07 10:00:00,2025-03-10 09:00:00,1.0
USD_CHF,2025-03-07 18:00:00,2025-03-27 17:00:00,-0.17037516611578116
USD_JPY,2025-03-09 21:00:00,2025-03-12 09:00:00,1.0
USD_SGD,2025-03-09 21:00:00,2025-03-27 21:00:00,-0.538751866497588
USD_NOK,2025-03-10 05:00:00,2025-03-11 05:00:00,-1.0
EUR_GBP,2025-03-10 09:00:00,2025-03-28 09:00:00,-0.6164889938231859
NZD_CHF,2025-03-10 13:00:00,2025-03-11 01:00:00,1.000000000000011
EUR_NOK,2025-03-10 21:00:00,2025-03-12 17:00:00,1.0
CAD_CHF,2025-03-10 21:00:00,2025-03-18 09:00:00,-1.0
EUR_GBP,2025-03-11 17:00:00,2025-03-24 13:00:00,-1.0
GBP_USD,2025-03-11 21:00:00,2025-03-31 21:00:00,-0.057991185339813
USD_HUF,2025-03-11 21:00:00,2025-03-17 13:00:00,1.0
USD_PLN,2025-03-11 21:00:00,2025-03-26 13:00:00,-1.0
AUD_NZD,2025-03-11 21:00:00,2025-03-31 21:00:00,0.004544008724506363
USD_CHF,2025-03-12 09:00:00,2025-04-01 09:00:00,0.09614079536714677
USD_SGD,2025-03-12 09:00:00,2025-04-01 09:00:00,-0.7270274321690952
NZD_JPY,2025-03-13 01:00:00,2025-03-16 21:00:00,1.0
GBP_JPY,2025-03-13 13:00:00,2025-03-17 09:00:00,1.0
EUR_CAD,2025-03-13 13:00:00,2025-03-24 13:00:00,1.0
AUD_NZD,2025-03-13 21:00:00,2025-04-02 21:00:00,-0.7346330920879334
USD_NOK,2025-03-13 21:00:00,2025-03-17 09:00:00,-1.0
EUR_AUD,2025-03-14 09:00:00,2025-03-26 05:00:00,1.0
GBP_CAD,2025-03-17 05:00:00,2025-03-26 05:00:00,-1.0
GBP_AUD,2025-03-17 05:00:00,2025-03-20 09:00:00,1.0
GBP_USD,2025-03-17 05:00:00,2025-04-03 01:00:00,1.0
GBP_USD,2025-03-18 09:00:00,2025-04-03 05:00:00,1.0
GBP_JPY,2025-03-19 01:00:00,2025-03-27 13:00:00,1.0
EUR_JPY,2025-03-19 01:00:00,2025-03-20 05:00:00,-1.0
USD_CHF,2025-03-19 05:00:00,2025-04-03 05:00:00,1.0
USD_SGD,2025-03-19 13:00:00,2025-04-02 17:00:00,-1.0
GBP_AUD,2025-03-19 17:00:00,2025-03-31 05:00:00,1.0
NZD_CHF,2025-03-19 17:00:00,2025-03-24 09:00:00,1.0
EUR_PLN,2025-03-19 21:00:00,2025-04-03 21:00:00,-1.0
EUR_NOK,2025-03-19 21:00:00,2025-03-21 05:00:00,1.0
EUR_AUD,2025-03-20 05:00:00,2025-03-26 09:00:00,1.0
NZD_CAD,2025-03-21 05:00:00,2025-03-26 01:00:00,1.0
USD_NOK,2025-03-21 05:00:00,2025-03-25 13:00:00,-1.0
GBP_AUD,2025-03-21 05:00:00,2025-03-31 13:00:00,1.0
EUR_PLN,2025-03-21 09:00:00,2025-04-04 05:00:00,-1.0
EUR_GBP,2025-03-21 09:00:00,2025-04-04 01:00:00,1.0
EUR_PLN,2025-03-21 17:00:00,2025-03-25 13:00:00,1.0
EUR_GBP,2025-03-23 21:00:00,2025-04-04 01:00:00,1.0
GBP_CHF,2025-03-23 21:00:00,2025-04-03 09:00:00,1.0
CAD_CHF,2025-03-23 21:00:00,2025-04-03 09:00:00,1.0
USD_NOK,2025-03-24 05:00:00,2025-04-02 09:00:00,-1.0
EUR_JPY,2025-03-24 09:00:00,2025-04-02 17:00:00,1.0
USD_SEK,2025-03-24 09:00:00,2025-03-25 09:00:00,1.0
USD_CHF,2025-03-24 21:00:00,2025-04-03 01:00:00,1.0
AUD_USD,2025-03-25 05:00:00,2025-03-31 13:00:00,-1.0
GBP_USD,2025-03-25 05:00:00,2025-04-02 21:00:00,1.0
EUR_USD,2025-03-25 09:00:00,2025-04-02 17:00:00,-1.0
USD_NOK,2025-03-25 09:00:00,2025-04-02 13:00:00,-1.0
NZD_JPY,2025-03-25 13:00:00,2025-03-30 21:00:00,-1.0
AUD_JPY,2025-03-25 13:00:00,2025-03-30 21:00:00,-1.0
NZD_JPY,2025-03-25 21:00:00,2025-03-27 09:00:00,1.0
GBP_USD,2025-03-26 05:00:00,2025-04-02 21:00:00,1.0
EUR_USD,2025-03-26 05:00:00,2025-04-02 17:00:00,-1.0
USD_CHF,2025-03-26 09:00:00,2025-04-03 01:00:00,1.0
USD_SEK,2025-03-26 09:00:00,2025-04-02 09:00:00,1.0
USD_CZK,2025-03-26 13:00:00,2025-04-03 01:00:00,-1.0
CAD_CHF,2025-03-26 13:00:00,2025-03-30 21:00:00,1.0
EUR_GBP,2025-03-26 17:00:00,2025-04-03 09:00:00,1.0
USD_SEK,2025-03-26 17:00:00,2025-04-02 09:00:00,1.0
USD_CHF,2025-03-26 17:00:00,2025-04-03 01:00:00,1.0
USD_ZAR,2025-03-26 17:00:00,2025-03-28 17:00:00,-1.0
AUD_NZD,2025-03-26 21:00:00,2025-04-04 09:00:00,-1.0
USD_SEK,2025-03-27 05:00:00,2025-04-02 09:00:00,1.0
USD_CAD,2025-03-27 05:00:00,2025-04-03 05:00:00,1.0
USD_CHF,2025-03-28 09:00:00,2025-04-03 05:00:00,1.0
USD_SGD,2025-03-28 09:00:00,2025-04-08 21:00:00,-1.0
GBP_CAD,2025-03-28 09:00:00,2025-04-04 13:00:00,-1.0
CAD_CHF,2025-03-28 09:00:00,2025-04-03 09:00:00,1.0
USD_SGD,2025-03-28 17:00:00,2025-04-08 21:00:00,-1.0
AUD_CAD,2025-03-30 21:00:00,2025-04-02 21:00:00,-1.0
GBP_CAD,2025-03-30 21:00:00,2025-04-04 13:00:00,-1.0
EUR_GBP,2025-03-31 09:00:00,2025-04-03 09:00:00,1.0
GBP_AUD,2025-04-01 01:00:00,2025-04-04 01:00:00,1.0
EUR_USD,2025-04-01 09:00:00,2025-04-03 05:00:00,-1.0
CHF_JPY,2025-04-01 09:00:00,2025-04-04 05:00:00,1.0
AUD_CAD,2025-04-01 13:00:00,2025-04-03 17:00:00,-1.0
CHF_JPY,2025-04-01 17:00:00,2025-04-02 17:00:00,1.0
EUR_USD,2025-04-01 21:00:00,2025-04-02 17:00:00,-1.0
USD_SEK,2025-04-02 05:00:00,2025-04-02 13:00:00,1.0
NZD_CAD,2025-04-02 17:00:00,2025-04-02 21:00:00,1.0
NZD_USD,2025-04-02 21:00:00,2025-04-03 05:00:00,1.0
USD_CHF,2025-04-02 21:00:00,2025-04-03 01:00:00,1.0
EUR_JPY,2025-04-03 21:00:00,2025-04-04 13:00:00,-1.0
USD_CAD,2025-04-04 01:00:00,2025-04-04 09:00:00,-1.0
GBP_USD,2025-04-04 01:00:00,2025-04-04 13:00:00,-1.0
USD_SGD,2025-04-04 05:00:00,2025-04-04 17:00:00,-1.0
USD_JPY,2025-04-04 09:00:00,2025-04-04 13:00:00,1.0
EUR_CAD,2025-04-04 09:00:00,2025-04-08 09:00:00,1.0
USD_CHF,2025-04-07 01:00:00,2025-04-07 05:00:00,1.0
GBP_AUD,2025-04-07 01:00:00,2025-04-07 09:00:00,-1.0
NZD_CHF,2025-04-07 01:00:00,2025-04-07 05:00:00,1.0
NZD_JPY,2025-04-07 05:00:00,2025-04-07 09:00:00,1.0
AUD_NZD,2025-04-07 13:00:00,2025-04-09 17:00:00,1.0
AUD_USD,2025-04-07 13:00:00,2025-04-08 01:00:00,1.0
EUR_AUD,2025-04-07 13:00:00,2025-04-08 01:00:00,1.0
NZD_USD,2025-04-07 13:00:00,2025-04-08 01:00:00,1.0
EUR_JPY,2025-04-08 05:00:00,2025-04-08 21:00:00,-1.0
GBP_JPY,2025-04-08 05:00:00,2025-04-08 21:00:00,-1.0
CHF_JPY,2025-04-08 13:00:00,2025-04-10 09:00:00,1.0
CAD_CHF,2025-04-08 13:00:00,2025-04-08 17:00:00,1.0
GBP_CHF,2025-04-08 13:00:00,2025-04-08 17:00:00,1.0
NZD_CHF,2025-04-08 13:00:00,2025-04-08 17:00:00,1.0
USD_PLN,2025-04-08 21:00:00,2025-04-09 01:00:00,1.0
CHF_JPY,2025-04-09 05:00:00,2025-04-10 13:00:00,1.0
USD_SEK,2025-04-09 05:00:00,2025-04-10 05:00:00,1.0
EUR_USD,2025-04-09 09:00:00,2025-04-09 17:00:00,1.0
USD_CZK,2025-04-09 09:00:00,2025-04-09 17:00:00,1.0
GBP_JPY,2025-04-09 09:00:00,2025-04-09 17:00:00,1.0
USD_ZAR,2025-04-10 05:00:00,2025-04-10 13:00:00,-1.0
AUD_JPY,2025-04-10 05:00:00,2025-04-10 21:00:00,-1.0
EUR_JPY,2025-04-11 09:00:00,2025-04-25 13:00:00,1.0
CHF_JPY,2025-04-11 09:00:00,2025-04-11 13:00:00,1.0
EUR_NOK,2025-04-11 13:00:00,2025-04-14 05:00:00,1.0
USD_PLN,2025-04-13 21:00:00,2025-04-14 01:00:00,1.0
USD_CHF,2025-04-13 21:00:00,2025-04-20 21:00:00,1.0
AUD_USD,2025-04-14 09:00:00,2025-04-15 01:00:00,1.0
NZD_USD,2025-04-14 09:00:00,2025-04-15 01:00:00,1.0
USD_SGD,2025-04-14 09:00:00,2025-04-21 01:00:00,1.0
USD_CHF,2025-04-14 09:00:00,2025-04-21 01:00:00,1.0
EUR_PLN,2025-04-14 13:00:00,2025-05-02 13:00:00,0.2075366103908355
USD_ZAR,2025-04-14 17:00:00,2025-04-15 05:00:00,1.0
USD_PLN,2025-04-14 21:00:00,2025-04-20 21:00:00,1.0
AUD_CAD,2025-04-16 05:00:00,2025-05-04 21:00:00,1.0
EUR_JPY,2025-04-16 17:00:00,2025-04-25 13:00:00,1.0
CAD_JPY,2025-04-16 17:00:00,2025-04-22 09:00:00,-1.0
NZD_CHF,2025-04-17 05:00:00,2025-04-17 13:00:00,-1.0
USD_SGD,2025-04-17 21:00:00,2025-05-02 09:00:00,1.0
AUD_CAD,2025-04-17 21:00:00,2025-05-04 21:00:00,1.0
USD_ZAR,2025-04-18 05:00:00,2025-04-21 13:00:00,1.0
GBP_CHF,2025-04-18 13:00:00,2025-04-23 13:00:00,-1.0
GBP_JPY,2025-04-20 21:00:00,2025-04-25 01:00:00,1.0
GBP_USD,2025-04-20 21:00:00,2025-04-21 05:00:00,1.0
GBP_AUD,2025-04-20 21:00:00,2025-04-29 13:00:00,1.0
EUR_PLN,2025-04-21 05:00:00,2025-05-09 05:00:00,1.0
GBP_USD,2025-04-21 21:00:00,2025-05-08 21:00:00,-1.0
AUD_USD,2025-04-21 21:00:00,2025-05-02 13:00:00,1.0
USD_PLN,2025-04-21 21:00:00,2025-04-22 17:00:00,-1.0
USD_PLN,2025-04-22 05:00:00,2025-04-22 17:00:00,-1.0
USD_HUF,2025-04-22 05:00:00,2025-04-22 21:00:00,-1.0
AUD_USD,2025-04-22 05:00:00,2025-04-24 05:00:00,-1.0
CAD_CHF,2025-04-22 05:00:00,2025-04-22 17:00:00,-1.0
GBP_USD,2025-04-22 05:00:00,2025-04-22 21:00:00,-1.0
EUR_AUD,2025-04-22 05:00:00,2025-04-23 05:00:00,1.0
USD_SEK,2025-04-22 05:00:00,2025-04-22 21:00:00,-1.0
AUD_CAD,2025-04-22 05:00:00,2025-05-05 09:00:00,1.0
CAD_JPY,2025-04-22 09:00:00,2025-04-22 13:00:00,1.0
GBP_JPY,2025-04-22 09:00:00,2025-04-22 21:00:00,1.0
USD_NOK,2025-04-24 05:00:00,2025-04-24 17:00:00,-1.0
EUR_NOK,2025-04-24 21:00:00,2025-05-02 05:00:00,1.0
AUD_USD,2025-04-25 05:00:00,2025-05-02 13:00:00,1.0
EUR_AUD,2025-04-25 05:00:00,2025-05-02 09:00:00,1.0
USD_ZAR,2025-04-25 09:00:00,2025-04-25 13:00:00,1.0
EUR_GBP,2025-04-25 09:00:00,2025-05-11 21:00:00,-1.0
USD_NOK,2025-04-25 13:00:00,2025-05-06 13:00:00,-1.0
USD_NOK,2025-04-27 21:00:00,2025-05-06 13:00:00,-1.0
USD_PLN,2025-04-27 21:00:00,2025-05-01 21:00:00,-1.0
USD_SEK,2025-04-28 05:00:00,2025-04-28 13:00:00,1.0
NZD_USD,2025-04-28 05:00:00,2025-05-06 13:00:00,1.0
AUD_CAD,2025-04-28 05:00:00,2025-05-05 01:00:00,1.0
AUD_USD,2025-04-28 05:00:00,2025-04-29 01:00:00,1.0
GBP_JPY,2025-04-28 21:00:00,2025-05-01 09:00:00,1.0
AUD_CAD,2025-04-29 01:00:00,2025-05-06 21:00:00,1.0
NZD_CHF,2025-04-29 01:00:00,2025-04-30 09:00:00,1.0
AUD_JPY,2025-04-29 09:00:00,2025-05-01 05:00:00,1.0
AUD_USD,2025-04-29 09:00:00,2025-05-05 01:00:00,1.0
CHF_JPY,2025-04-29 13:00:00,2025-05-01 05:00:00,1.0
CHF_JPY,2025-04-29 21:00:00,2025-05-01 05:00:00,1.0
USD_ZAR,2025-04-29 21:00:00,2025-05-02 09:00:00,1.0
USD_ZAR,2025-04-30 05:00:00,2025-05-02 09:00:00,1.0
EUR_USD,2025-04-30 05:00:00,2025-05-01 13:00:00,1.0
GBP_JPY,2025-04-30 09:00:00,2025-05-01 09:00:00,1.0
EUR_NOK,2025-04-30 09:00:00,2025-05-06 09:00:00,1.0
EUR_USD,2025-05-01 05:00:00,2025-05-09 01:00:00,1.0
AUD_CAD,2025-05-01 13:00:00,2025-05-02 09:00:00,1.0
AUD_USD,2025-05-01 21:00:00,2025-05-02 09:00:00,1.0
USD_JPY,2025-05-02 01:00:00,2025-05-02 13:00:00,-1.0
AUD_JPY,2025-05-02 13:00:00,2025-05-11 21:00:00,1.0
EUR_USD,2025-05-02 13:00:00,2025-05-08 13:00:00,1.0
USD_CZK,2025-05-02 13:00:00,2025-05-08 13:00:00,1.0
EUR_GBP,2025-05-02 17:00:00,2025-05-12 05:00:00,-1.0
USD_CHF,2025-05-04 21:00:00,2025-05-07 13:00:00,1.0
AUD_CAD,2025-05-04 21:00:00,2025-05-12 05:00:00,1.0
EUR_USD,2025-05-04 21:00:00,2025-05-09 01:00:00,1.0
NZD_CHF,2025-05-04 21:00:00,2025-05-12 05:00:00,-1.0
USD_ZAR,2025-05-05 05:00:00,2025-05-05 13:00:00,1.0
EUR_USD,2025-05-05 09:00:00,2025-05-08 13:00:00,1.0
USD_PLN,2025-05-05 13:00:00,2025-05-12 05:00:00,-1.0
GBP_CAD,2025-05-05 13:00:00,2025-05-08 09:00:00,1.0
NZD_USD,2025-05-05 13:00:00,2025-05-08 13:00:00,-1.0
GBP_USD,2025-05-05 13:00:00,2025-05-12 09:00:00,-1.0
GBP_USD,2025-05-05 21:00:00,2025-05-20 21:00:00,1.0
USD_CHF,2025-05-05 21:00:00,2025-05-08 17:00:00,-1.0
USD_PLN,2025-05-05 21:00:00,2025-05-12 05:00:00,-1.0
USD_ZAR,2025-05-05 21:00:00,2025-05-08 09:00:00,1.0
AUD_CAD,2025-05-05 21:00:00,2025-05-13 13:00:00,1.0
EUR_USD,2025-05-06 01:00:00,2025-05-09 01:00:00,1.0
AUD_CAD,2025-05-06 05:00:00,2025-05-13 13:00:00,1.0
USD_HUF,2025-05-06 05:00:00,2025-05-08 13:00:00,-1.0
CAD_CHF,2025-05-06 05:00:00,2025-05-12 05:00:00,-1.0
EUR_NOK,2025-05-06 05:00:00,2025-05-06 21:00:00,1.0
GBP_CAD,2025-05-06 21:00:00,2025-05-14 05:00:00,1.0
GBP_USD,2025-05-06 21:00:00,2025-05-08 21:00:00,-1.0
GBP_CAD,2025-05-07 13:00:00,2025-05-14 05:00:00,1.0
CAD_JPY,2025-05-07 17:00:00,2025-05-08 17:00:00,1.0
GBP_AUD,2025-05-07 21:00:00,2025-05-20 05:00:00,1.0
AUD_NZD,2025-05-08 01:00:00,2025-05-15 01:00:00,1.0
EUR_USD,2025-05-08 09:00:00,2025-05-09 01:00:00,1.0
USD_NOK,2025-05-08 09:00:00,2025-05-08 17:00:00,1.0
USD_ZAR,2025-05-08 21:00:00,2025-05-13 09:00:00,-1.0
AUD_JPY,2025-05-09 05:00:00,2025-05-11 21:00:00,1.0
CAD_CHF,2025-05-09 09:00:00,2025-05-12 05:00:00,-1.0
EUR_JPY,2025-05-09 09:00:00,2025-05-12 13:00:00,1.0
USD_HUF,2025-05-09 17:00:00,2025-05-12 05:00:00,-1.0
USD_ZAR,2025-05-11 21:00:00,2025-05-13 13:00:00,-1.0
EUR_JPY,2025-05-12 17:00:00,2025-05-15 13:00:00,-1.0
AUD_JPY,2025-05-12 21:00:00,2025-05-13 13:00:00,1.0
AUD_NZD,2025-05-12 21:00:00,2025-05-28 21:00:00,-1.0
USD_SEK,2025-05-13 21:00:00,2025-05-14 09:00:00,1.0
CAD_CHF,2025-05-13 21:00:00,2025-05-15 13:00:00,1.0
NZD_JPY,2025-05-14 01:00:00,2025-05-14 17:00:00,-1.0
GBP_AUD,2025-05-15 01:00:00,2025-05-15 21:00:00,1.0
USD_HUF,2025-05-15 09:00:00,2025-05-19 09:00:00,1.0
USD_SEK,2025-05-15 21:00:00,2025-05-20 05:00:00,1.0
CHF_JPY,2025-05-15 21:00:00,2025-06-04 21:00:00,0.25402006873482774
USD_NOK,2025-05-19 05:00:00,2025-05-20 05:00:00,-1.0
CAD_CHF,2025-05-19 17:00:00,2025-05-21 01:00:00,1.0
GBP_USD,2025-05-19 21:00:00,2025-05-23 05:00:00,1.0
USD_SEK,2025-05-19 21:00:00,2025-05-21 01:00:00,1.0
GBP_AUD,2025-05-19 21:00:00,2025-05-20 13:00:00,1.0
GBP_CAD,2025-05-19 21:00:00,2025-06-08 21:00:00,-0.5283873981753461
AUD_CAD,2025-05-20 01:00:00,2025-05-22 13:00:00,-1.0
NZD_JPY,2025-05-20 01:00:00,2025-05-22 01:00:00,-1.0
EUR_NOK,2025-05-20 09:00:00,2025-05-21 09:00:00,1.0
USD_HUF,2025-05-20 09:00:00,2025-05-21 09:00:00,1.0
EUR_GBP,2025-05-20 21:00:00,2025-06-09 21:00:00,0.12117900039205275
GBP_AUD,2025-05-20 21:00:00,2025-06-09 21:00:00,-0.15701979313720965
USD_PLN,2025-05-21 17:00:00,2025-06-02 13:00:00,1.0
EUR_GBP,2025-05-21 21:00:00,2025-06-10 21:00:00,0.378307223414714
AUD_USD,2025-05-22 01:00:00,2025-05-23 17:00:00,1.0
USD_PLN,2025-05-22 05:00:00,2025-06-02 13:00:00,1.0
EUR_GBP,2025-05-22 05:00:00,2025-06-11 05:00:00,0.4351744254986182
GBP_CAD,2025-05-22 09:00:00,2025-06-11 09:00:00,-0.6327206990057241
NZD_CHF,2025-05-22 21:00:00,2025-05-28 01:00:00,-1.0
GBP_JPY,2025-05-23 09:00:00,2025-05-27 05:00:00,1.0
EUR_NOK,2025-05-23 09:00:00,2025-06-12 09:00:00,-0.20297347466300236
NZD_JPY,2025-05-23 09:00:00,2025-05-26 01:00:00,1.0
AUD_JPY,2025-05-23 09:00:00,2025-05-26 05:00:00,1.0
AUD_CAD,2025-05-25 21:00:00,2025-06-12 21:00:00,-0.8305143794742688
USD_CHF,2025-05-26 05:00:00,2025-05-28 21:00:00,-1.0
GBP_CAD,2025-05-27 13:00:00,2025-06-10 21:00:00,-1.0
CAD_JPY,2025-05-27 17:00:00,2025-06-06 09:00:00,1.0
USD_JPY,2025-05-28 05:00:00,2025-05-28 21:00:00,1.0
CHF_JPY,2025-05-28 05:00:00,2025-06-06 13:00:00,1.0
AUD_CAD,2025-05-28 09:00:00,2025-06-15 21:00:00,-1.0
AUD_USD,2025-05-28 09:00:00,2025-06-02 13:00:00,1.0
AUD_CAD,2025-05-28 21:00:00,2025-06-17 21:00:00,-0.1104312452813283
NZD_CAD,2025-05-29 05:00:00,2025-06-15 21:00:00,1.0
GBP_USD,2025-05-30 01:00:00,2025-06-12 09:00:00,1.0
USD_PLN,2025-05-30 01:00:00,2025-06-11 13:00:00,1.0
NZD_USD,2025-05-30 01:00:00,2025-06-02 05:00:00,1.0
USD_SEK,2025-05-30 01:00:00,2025-06-12 09:00:00,1.0
USD_SGD,2025-05-30 01:00:00,2025-06-19 01:00:00,0.11408526127077567
NZD_CHF,2025-05-30 05:00:00,2025-06-05 09:00:00,-1.0
GBP_AUD,2025-05-30 05:00:00,2025-06-10 05:00:00,-1.0
CHF_JPY,2025-05-30 09:00:00,2025-06-10 21:00:00,1.0
GBP_JPY,2025-05-30 09:00:00,2025-06-06 09:00:00,1.0
AUD_USD,2025-05-30 13:00:00,2025-06-02 05:00:00,1.0
EUR_JPY,2025-06-02 09:00:00,2025-06-06 05:00:00,1.0
CHF_JPY,2025-06-02 09:00:00,2025-06-06 13:00:00,1.0
EUR_PLN,2025-06-02 17:00:00,2025-06-20 17:00:00,-0.26284909645622395
USD_SGD,2025-06-02 21:00:00,2025-06-22 21:00:00,-0.18492331121505795
GBP_CHF,2025-06-03 05:00:00,2025-06-12 21:00:00,1.0
USD_ZAR,2025-06-03 21:00:00,2025-06-05 09:00:00,1.0
GBP_AUD,2025-06-04 01:00:00,2025-06-10 21:00:00,-1.0
EUR_USD,2025-06-04 05:00:00,2025-06-11 21:00:00,-1.0
USD_NOK,2025-06-04 05:00:00,2025-06-12 05:00:00,-1.0
EUR_GBP,2025-06-04 09:00:00,2025-06-12 05:00:00,1.0
USD_PLN,2025-06-04 09:00:00,2025-06-05 13:00:00,1.0
CAD_CHF,2025-06-04 09:00:00,2025-06-12 09:00:00,1.0
GBP_CHF,2025-06-04 09:00:00,2025-06-12 05:00:00,1.0
EUR_AUD,2025-06-04 13:00:00,2025-06-12 05:00:00,-1.0
USD_PLN,2025-06-05 01:00:00,2025-06-11 09:00:00,1.0
USD_CHF,2025-06-05 01:00:00,2025-06-12 09:00:00,1.0
EUR_NOK,2025-06-05 05:00:00,2025-06-13 13:00:00,1.0
USD_PLN,2025-06-05 09:00:00,2025-06-10 13:00:00,1.0
NZD_USD,2025-06-05 13:00:00,2025-06-19 05:00:00,-1.0
USD_ZAR,2025-06-05 21:00:00,2025-06-13 01:00:00,-1.0
AUD_USD,2025-06-06 01:00:00,2025-06-22 21:00:00,-1.0
USD_NOK,2025-06-06 09:00:00,2025-06-12 09:00:00,-1.0
GBP_CHF,2025-06-06 09:00:00,2025-06-12 09:00:00,1.0
NZD_CHF,2025-06-06 09:00:00,2025-06-12 01:00:00,0.9999999999999888
NZD_CAD,2025-06-06 09:00:00,2025-06-13 09:00:00,1.0
GBP_JPY,2025-06-09 21:00:00,2025-06-12 21:00:00,-1.0
AUD_JPY,2025-06-09 21:00:00,2025-06-12 21:00:00,-1.0
USD_PLN,2025-06-10 01:00:00,2025-06-11 09:00:00,1.0
USD_SEK,2025-06-10 01:00:00,2025-06-12 05:00:00,1.0
AUD_USD,2025-06-10 01:00:00,2025-06-22 21:00:00,-1.0
GBP_JPY,2025-06-10 05:00:00,2025-06-12 21:00:00,-1.0
CAD_JPY,2025-06-10 05:00:00,2025-06-16 17:00:00,1.0
USD_JPY,2025-06-10 05:00:00,2025-06-12 21:00:00,-1.0
EUR_AUD,2025-06-10 05:00:00,2025-06-11 21:00:00,-1.0
AUD_NZD,2025-06-10 17:00:00,2025-06-30 17:00:00,0.1586992232090741
EUR_GBP,2025-06-10 21:00:00,2025-06-12 09:00:00,1.0
USD_SGD,2025-06-10 21:00:00,2025-06-26 01:00:00,1.0
USD_SEK,2025-06-10 21:00:00,2025-06-12 05:00:00,1.0
USD_PLN,2025-06-10 21:00:00,2025-06-11 21:00:00,1.0
USD_ZAR,2025-06-11 05:00:00,2025-06-12 09:00:00,-1.0
USD_SGD,2025-06-11 09:00:00,2025-06-26 01:00:00,1.0
CAD_CHF,2025-06-11 09:00:00,2025-06-12 05:00:00,1.0
CAD_CHF,2025-06-11 21:00:00,2025-06-12 21:00:00,1.0
AUD_NZD,2025-06-12 09:00:00,2025-07-02 09:00:00,0.5353060352038056
NZD_CHF,2025-06-12 21:00:00,2025-06-13 01:00:00,1.0
USD_SGD,2025-06-13 09:00:00,2025-06-30 17:00:00,1.0
USD_PLN,2025-06-13 09:00:00,2025-06-16 05:00:00,1.0
AUD_USD,2025-06-13 09:00:00,2025-06-16 13:00:00,1.0
USD_HUF,2025-06-13 09:00:00,2025-06-16 05:00:00,1.0
USD_SEK,2025-06-13 09:00:00,2025-06-16 13:00:00,1.0
NZD_CAD,2025-06-13 13:00:00,2025-06-23 09:00:00,1.0
AUD_JPY,2025-06-13 17:00:00,2025-06-16 13:00:00,1.0
GBP_AUD,2025-06-15 21:00:00,2025-06-18 13:00:00,-1.0
USD_SEK,2025-06-16 17:00:00,2025-06-17 17:00:00,-1.0
GBP_USD,2025-06-16 17:00:00,2025-06-17 17:00:00,-1.0
GBP_USD,2025-06-17 05:00:00,2025-06-17 17:00:00,-1.0
USD_JPY,2025-06-17 09:00:00,2025-06-20 13:00:00,1.0
EUR_USD,2025-06-17 09:00:00,2025-06-19 01:00:00,1.0
AUD_NZD,2025-06-17 21:00:00,2025-07-07 21:00:00,0.746643359244246
NZD_CHF,2025-06-18 09:00:00,2025-06-20 13:00:00,1.0
GBP_CAD,2025-06-18 09:00:00,2025-06-23 13:00:00,1.0
AUD_NZD,2025-06-18 21:00:00,2025-07-08 21:00:00,1.0
USD_ZAR,2025-06-19 09:00:00,2025-06-23 13:00:00,1.0
CAD_JPY,2025-06-19 13:00:00,2025-06-23 05:00:00,1.0
GBP_CAD,2025-06-19 21:00:00,2025-06-24 01:00:00,1.0
GBP_JPY,2025-06-19 21:00:00,2025-06-23 05:00:00,1.0
USD_ZAR,2025-06-19 21:00:00,2025-06-20 13:00:00,1.0
CAD_CHF,2025-06-19 21:00:00,2025-06-23 13:00:00,1.0
AUD_JPY,2025-06-19 21:00:00,2025-07-03 09:00:00,1.0
GBP_JPY,2025-06-20 05:00:00,2025-06-23 05:00:00,1.0
CAD_CHF,2025-06-20 09:00:00,2025-06-23 13:00:00,1.0
CHF_JPY,2025-06-20 09:00:00,2025-06-23 05:00:00,1.0
EUR_USD,2025-06-20 09:00:00,2025-06-25 17:00:00,-1.0
GBP_CHF,2025-06-20 09:00:00,2025-06-30 09:00:00,1.0
USD_NOK,2025-06-23 05:00:00,2025-07-01 09:00:00,-1.0
AUD_JPY,2025-06-23 09:00:00,2025-07-03 13:00:00,1.0
GBP_USD,2025-06-23 09:00:00,2025-06-23 21:00:00,1.0
GBP_CAD,2025-06-23 09:00:00,2025-06-24 05:00:00,1.0
USD_ZAR,2025-06-23 09:00:00,2025-06-23 17:00:00,1.0
AUD_CAD,2025-06-23 09:00:00,2025-06-23 21:00:00,1.0
EUR_AUD,2025-06-23 09:00:00,2025-07-10 13:00:00,1.0
NZD_JPY,2025-06-23 09:00:00,2025-07-03 13:00:00,1.0
EUR_PLN,2025-06-23 09:00:00,2025-07-11 09:00:00,0.4414195566632622
AUD_JPY,2025-06-24 05:00:00,2025-07-03 13:00:00,1.0
USD_SEK,2025-06-25 09:00:00,2025-06-26 01:00:00,1.0
USD_ZAR,2025-06-25 09:00:00,2025-06-26 05:00:00,1.0
GBP_AUD,2025-06-25 09:00:00,2025-07-02 13:00:00,-1.0
GBP_USD,2025-06-25 09:00:00,2025-06-26 05:00:00,1.0
AUD_CAD,2025-06-25 13:00:00,2025-07-10 17:00:00,1.0
AUD_NZD,2025-06-25 13:00:00,2025-07-08 21:00:00,1.0
NZD_JPY,2025-06-26 05:00:00,2025-07-08 09:00:00,1.0
EUR_JPY,2025-06-26 05:00:00,2025-07-07 05:00:00,1.0
AUD_JPY,2025-06-26 05:00:00,2025-07-03 13:00:00,1.0
GBP_JPY,2025-06-26 05:00:00,2025-07-02 09:00:00,-1.0
CHF_JPY,2025-06-26 05:00:00,2025-06-30 17:00:00,1.0
USD_CZK,2025-06-26 13:00:00,2025-07-01 09:00:00,-1.0
USD_HUF,2025-06-26 17:00:00,2025-07-01 05:00:00,1.0
GBP_CHF,2025-06-26 21:00:00,2025-06-30 13:00:00,1.0
EUR_CAD,2025-06-26 21:00:00,2025-07-16 21:00:00,0.3666143229834759
NZD_CHF,2025-06-26 21:00:00,2025-07-02 09:00:00,1.0
USD_CZK,2025-06-26 21:00:00,2025-07-01 09:00:00,-1.0
CHF_JPY,2025-06-27 01:00:00,2025-07-03 05:00:00,1.0
AUD_CAD,2025-06-27 09:00:00,2025-07-11 01:00:00,1.0
NZD_JPY,2025-06-27 17:00:00,2025-07-11 01:00:00,1.0
GBP_JPY,2025-06-29 21:00:00,2025-07-02 09:00:00,-1.0
CHF_JPY,2025-06-29 21:00:00,2025-07-07 13:00:00,1.0
NZD_CHF,2025-06-29 21:00:00,2025-07-02 09:00:00,1.0
GBP_AUD,2025-06-29 21:00:00,2025-07-02 09:00:00,-1.0
USD_PLN,2025-06-30 05:00:00,2025-07-01 09:00:00,1.0
EUR_NOK,2025-06-30 05:00:00,2025-07-16 05:00:00,-1.0
NZD_CHF,2025-06-30 21:00:00,2025-07-07 01:00:00,1.0
AUD_JPY,2025-07-01 05:00:00,2025-07-03 13:00:00,1.0
USD_NOK,2025-07-01 05:00:00,2025-07-14 01:00:00,1.0
CHF_JPY,2025-07-01 05:00:00,2025-07-07 13:00:00,1.0
NZD_JPY,2025-07-01 05:00:00,2025-07-09 01:00:00,1.0
CAD_JPY,2025-07-01 05:00:00,2025-07-03 09:00:00,1.0
EUR_JPY,2025-07-01 05:00:00,2025-07-07 13:00:00,1.0
USD_ZAR,2025-07-01 21:00:00,2025-07-07 17:00:00,-1.0
GBP_CHF,2025-07-01 21:00:00,2025-07-02 09:00:00,1.0
CHF_JPY,2025-07-02 09:00:00,2025-07-07 21:00:00,1.0
USD_JPY,2025-07-02 09:00:00,2025-07-03 09:00:00,1.0
EUR_JPY,2025-07-02 09:00:00,2025-07-07 13:00:00,1.0
EUR_NOK,2025-07-02 13:00:00,2025-07-10 17:00:00,1.0
EUR_USD,2025-07-03 05:00:00,2025-07-07 13:00:00,1.0
USD_PLN,2025-07-03 09:00:00,2025-07-13 21:00:00,-1.0
NZD_JPY,2025-07-03 09:00:00,2025-07-08 09:00:00,1.0
GBP_CAD,2025-07-03 09:00:00,2025-07-15 21:00:00,-1.0
AUD_USD,2025-07-03 09:00:00,2025-07-07 05:00:00,-1.0
GBP_USD,2025-07-03 09:00:00,2025-07-11 13:00:00,-1.0
USD_ZAR,2025-07-03 09:00:00,2025-07-07 05:00:00,-1.0
AUD_USD,2025-07-04 01:00:00,2025-07-07 05:00:00,-1.0
USD_PLN,2025-07-04 05:00:00,2025-07-10 13:00:00,-1.0
GBP_CHF,2025-07-04 17:00:00,2025-07-14 09:00:00,1.0
GBP_AUD,2025-07-04 17:00:00,2025-07-10 17:00:00,-1.0
NZD_CHF,2025-07-04 17:00:00,2025-07-09 09:00:00,1.0
USD_NOK,2025-07-04 17:00:00,2025-07-13 21:00:00,1.0
CAD_CHF,2025-07-04 17:00:00,2025-07-24 17:00:00,0.09928106812735768
EUR_GBP,2025-07-06 21:00:00,2025-07-24 13:00:00,1.0
EUR_GBP,2025-07-07 05:00:00,2025-07-25 05:00:00,1.0
USD_SEK,2025-07-07 21:00:00,2025-07-14 21:00:00,-1.0
EUR_USD,2025-07-08 05:00:00,2025-07-15 13:00:00,1.0
AUD_CAD,2025-07-08 13:00:00,2025-07-10 21:00:00,1.0
GBP_JPY,2025-07-08 13:00:00,2025-07-28 13:00:00,-0.016609707115505534
USD_NOK,2025-07-09 05:00:00,2025-07-15 13:00:00,1.0
EUR_USD,2025-07-09 05:00:00,2025-07-15 13:00:00,1.0
USD_PLN,2025-07-09 09:00:00,2025-07-13 21:00:00,-1.0
GBP_USD,2025-07-09 09:00:00,2025-07-14 13:00:00,-1.0
USD_SEK,2025-07-09 09:00:00,2025-07-14 21:00:00,-1.0
USD_SGD,2025-07-09 09:00:00,2025-07-29 09:00:00,-0.5960972793308673
GBP_USD,2025-07-09 21:00:00,2025-07-14 13:00:00,-1.0
GBP_JPY,2025-07-10 17:00:00,2025-07-30 17:00:00,-0.275111480613708
USD_ZAR,2025-07-10 21:00:00,2025-07-11 09:00:00,-1.0
USD_ZAR,2025-07-11 05:00:00,2025-07-21 13:00:00,1.0
USD_CAD,2025-07-11 13:00:00,2025-07-30 17:00:00,-1.0
CAD_CHF,2025-07-11 17:00:00,2025-07-30 13:00:00,-1.0
AUD_JPY,2025-07-14 01:00:00,2025-08-01 01:00:00,0.3676737128830835
USD_NOK,2025-07-14 05:00:00,2025-07-15 13:00:00,1.0
GBP_JPY,2025-07-14 05:00:00,2025-08-01 05:00:00,-0.02572483505841873
NZD_CHF,2025-07-14 21:00:00,2025-07-31 05:00:00,-1.0
CAD_CHF,2025-07-14 21:00:00,2025-07-30 17:00:00,-1.0
USD_ZAR,2025-07-16 13:00:00,2025-07-18 05:00:00,1.0
CAD_CHF,2025-07-17 21:00:00,2025-07-25 13:00:00,1.0
EUR_JPY,2025-07-20 21:00:00,2025-07-29 13:00:00,-1.0
USD_ZAR,2025-07-20 21:00:00,2025-07-22 09:00:00,1.0
USD_ZAR,2025-07-21 09:00:00,2025-07-22 13:00:00,1.0
CAD_CHF,2025-07-21 17:00:00,2025-07-30 17:00:00,-1.0
GBP_AUD,2025-07-21 21:00:00,2025-07-27 21:00:00,-1.0
GBP_USD,2025-07-23 05:00:00,2025-07-28 13:00:00,-1.0
USD_ZAR,2025-07-23 05:00:00,2025-07-25 09:00:00,-1.0
CAD_CHF,2025-07-23 09:00:00,2025-07-30 21:00:00,-1.0
USD_SGD,2025-07-23 13:00:00,2025-07-30 09:00:00,-1.0
USD_SEK,2025-07-23 21:00:00,2025-07-28 21:00:00,-1.0
EUR_PLN,2025-07-23 21:00:00,2025-08-12 21:00:00,-0.02795914675261252
GBP_USD,2025-07-24 05:00:00,2025-07-25 09:00:00,-1.0
USD_CHF,2025-07-24 05:00:00,2025-07-28 09:00:00,-1.0
GBP_CHF,2025-07-24 09:00:00,2025-08-08 17:00:00,-1.0
USD_NOK,2025-07-24 13:00:00,2025-07-28 05:00:00,1.0
NZD_CAD,2025-07-24 13:00:00,2025-07-30 17:00:00,1.0
GBP_AUD,2025-07-24 21:00:00,2025-08-12 05:00:00,1.0
USD_CZK,2025-07-24 21:00:00,2025-07-28 05:00:00,1.0
NZD_CAD,2025-07-24 21:00:00,2025-07-30 17:00:00,1.0
AUD_JPY,2025-07-25 01:00:00,2025-08-01 13:00:00,-1.0
USD_NOK,2025-07-25 05:00:00,2025-07-29 05:00:00,1.0
EUR_USD,2025-07-25 05:00:00,2025-07-28 13:00:00,1.0
USD_PLN,2025-07-25 09:00:00,2025-07-28 13:00:00,-1.0
USD_HUF,2025-07-25 09:00:00,2025-07-28 13:00:00,-1.0
AUD_CAD,2025-07-25 09:00:00,2025-07-30 17:00:00,-1.0
USD_CHF,2025-07-25 09:00:00,2025-07-29 05:00:00,-1.0
NZD_CHF,2025-07-25 17:00:00,2025-08-14 17:00:00,0.22324222824953416
USD_ZAR,2025-07-28 05:00:00,2025-07-29 05:00:00,-1.0
AUD_NZD,2025-07-28 21:00:00,2025-08-17 21:00:00,0.625051553005662
GBP_AUD,2025-07-29 01:00:00,2025-08-07 13:00:00,1.0
GBP_AUD,2025-07-29 21:00:00,2025-08-12 05:00:00,1.0
AUD_CAD,2025-07-30 01:00:00,2025-08-19 01:00:00,0.03126221180149131
EUR_AUD,2025-07-30 13:00:00,2025-08-15 09:00:00,-1.0
GBP_AUD,2025-07-30 21:00:00,2025-08-12 09:00:00,1.0
EUR_GBP,2025-07-31 21:00:00,2025-08-01 17:00:00,1.0
EUR_JPY,2025-08-01 01:00:00,2025-08-01 17:00:00,-1.0
GBP_JPY,2025-08-01 01:00:00,2025-08-01 13:00:00,-1.0
NZD_CHF,2025-08-01 05:00:00,2025-08-20 01:00:00,1.0
USD_NOK,2025-08-01 05:00:00,2025-08-01 09:00:00,-1.0
EUR_USD,2025-08-01 05:00:00,2025-08-01 09:00:00,-1.0
CAD_CHF,2025-08-03 21:00:00,2025-08-20 17:00:00,1.0
USD_ZAR,2025-08-03 21:00:00,2025-08-04 09:00:00,1.0
CHF_JPY,2025-08-04 05:00:00,2025-08-22 05:00:00,0.3212307288878193
EUR_USD,2025-08-04 09:00:00,2025-08-13 05:00:00,-1.0
AUD_CAD,2025-08-05 13:00:00,2025-08-12 17:00:00,1.0
GBP_USD,2025-08-06 05:00:00,2025-08-07 09:00:00,1.0
USD_CHF,2025-08-06 05:00:00,2025-08-26 05:00:00,0.14356791009679126
AUD_USD,2025-08-06 13:00:00,2025-08-13 09:00:00,1.0
AUD_CAD,2025-08-06 13:00:00,2025-08-14 01:00:00,1.0
EUR_GBP,2025-08-06 21:00:00,2025-08-12 05:00:00,-1.0
AUD_USD,2025-08-06 21:00:00,2025-08-13 09:00:00,1.0
AUD_CAD,2025-08-06 21:00:00,2025-08-13 05:00:00,1.0
USD_SGD,2025-08-06 21:00:00,2025-08-26 21:00:00,-0.01788435818481156
GBP_AUD,2025-08-07 01:00:00,2025-08-12 05:00:00,1.0
EUR_NOK,2025-08-07 05:00:00,2025-08-10 21:00:00,-1.0
USD_CHF,2025-08-07 05:00:00,2025-08-27 05:00:00,0.026031014093926403
USD_ZAR,2025-08-07 21:00:00,2025-08-12 13:00:00,1.0
EUR_CAD,2025-08-08 09:00:00,2025-08-17 21:00:00,-1.0
USD_HUF,2025-08-08 17:00:00,2025-08-19 09:00:00,1.0
AUD_NZD,2025-08-08 17:00:00,2025-08-20 01:00:00,1.0
NZD_JPY,2025-08-10 21:00:00,2025-08-15 09:00:00,-1.0
USD_ZAR,2025-08-11 05:00:00,2025-08-12 13:00:00,1.0
AUD_USD,2025-08-11 05:00:00,2025-08-19 21:00:00,-1.0
AUD_CAD,2025-08-12 01:00:00,2025-09-01 01:00:00,0.32595833984506095
GBP_JPY,2025-08-12 17:00:00,2025-09-01 17:00:00,-0.09022692070557817
NZD_CHF,2025-08-12 21:00:00,2025-08-19 13:00:00,1.0
CHF_JPY,2025-08-13 05:00:00,2025-09-02 05:00:00,1.0
EUR_JPY,2025-08-13 05:00:00,2025-09-02 05:00:00,0.15588148371357455
EUR_AUD,2025-08-14 05:00:00,2025-08-19 13:00:00,-1.0
EUR_NOK,2025-08-14 09:00:00,2025-08-21 17:00:00,1.0
EUR_CAD,2025-08-14 09:00:00,2025-09-03 09:00:00,0.1974358178375163
CAD_CHF,2025-08-14 13:00:00,2025-08-20 13:00:00,1.0
CAD_CHF,2025-08-14 21:00:00,2025-08-20 13:00:00,1.0
GBP_CHF,2025-08-14 21:00:00,2025-08-20 13:00:00,1.0
GBP_AUD,2025-08-15 05:00:00,2025-08-29 09:00:00,-1.0
CAD_CHF,2025-08-15 09:00:00,2025-08-22 13:00:00,1.0
CAD_CHF,2025-08-15 17:00:00,2025-08-22 13:00:00,1.0
AUD_CAD,2025-08-18 05:00:00,2025-09-05 05:00:00,0.37928924976364153
GBP_USD,2025-08-18 05:00:00,2025-08-21 13:00:00,-1.0
USD_NOK,2025-08-18 09:00:00,2025-08-19 17:00:00,1.0
NZD_JPY,2025-08-18 13:00:00,2025-08-20 01:00:00,-1.0
EUR_NOK,2025-08-18 21:00:00,2025-08-22 13:00:00,1.0
NZD_JPY,2025-08-18 21:00:00,2025-08-20 01:00:00,-1.0
AUD_NZD,2025-08-19 21:00:00,2025-08-20 01:00:00,1.0
GBP_CHF,2025-08-20 05:00:00,2025-08-29 05:00:00,1.0
USD_PLN,2025-08-20 21:00:00,2025-08-27 05:00:00,-1.0
USD_CZK,2025-08-21 09:00:00,2025-09-01 05:00:00,-1.0
USD_JPY,2025-08-22 05:00:00,2025-08-22 13:00:00,-1.0
USD_SEK,2025-08-22 09:00:00,2025-08-22 13:00:00,1.0
NZD_CHF,2025-08-22 13:00:00,2025-09-10 13:00:00,-1.0
EUR_GBP,2025-08-22 13:00:00,2025-09-11 13:00:00,0.004628022677315771
GBP_CHF,2025-08-25 21:00:00,2025-09-02 13:00:00,1.0
NZD_CHF,2025-08-25 21:00:00,2025-09-14 21:00:00,-0.5212527016146057
CHF_JPY,2025-08-26 05:00:00,2025-09-02 05:00:00,1.0
GBP_JPY,2025-08-26 13:00:00,2025-09-15 09:00:00,1.0
GBP_JPY,2025-08-26 21:00:00,2025-09-12 09:00:00,1.0
NZD_JPY,2025-08-27 05:00:00,2025-09-03 01:00:00,1.0
CHF_JPY,2025-08-27 05:00:00,2025-09-07 21:00:00,1.0
GBP_AUD,2025-08-27 21:00:00,2025-09-02 21:00:00,-1.0
USD_SEK,2025-08-28 05:00:00,2025-09-01 05:00:00,1.0
GBP_AUD,2025-08-28 05:00:00,2025-09-02 21:00:00,-1.0
EUR_AUD,2025-08-28 09:00:00,2025-09-10 05:00:00,1.0
USD_CAD,2025-08-28 13:00:00,2025-09-17 13:00:00,0.11758301578660534
AUD_JPY,2025-08-28 21:00:00,2025-09-02 05:00:00,1.0
EUR_JPY,2025-08-28 21:00:00,2025-09-02 05:00:00,1.0
USD_PLN,2025-08-29 09:00:00,2025-09-05 09:00:00,1.0
USD_CHF,2025-08-29 09:00:00,2025-09-08 09:00:00,1.0
USD_CAD,2025-08-29 09:00:00,2025-09-18 09:00:00,-0.2093251444561538
CAD_CHF,2025-08-29 09:00:00,2025-09-05 13:00:00,1.0
CAD_JPY,2025-08-29 13:00:00,2025-09-02 05:00:00,1.0
USD_JPY,2025-08-29 13:00:00,2025-09-02 05:00:00,1.0
EUR_GBP,2025-08-29 17:00:00,2025-09-18 17:00:00,0.43781623270105513
CAD_CHF,2025-08-29 17:00:00,2025-09-05 13:00:00,1.0
GBP_CHF,2025-08-29 17:00:00,2025-09-18 17:00:00,0.6012784104048904
AUD_CAD,2025-09-02 01:00:00,2025-09-05 13:00:00,1.0
GBP_AUD,2025-09-02 05:00:00,2025-09-10 13:00:00,-1.0
EUR_NOK,2025-09-02 09:00:00,2025-09-10 13:00:00,1.0
EUR_USD,2025-09-02 21:00:00,2025-09-08 17:00:00,-1.0
EUR_JPY,2025-09-02 21:00:00,2025-09-18 05:00:00,1.0
USD_NOK,2025-09-02 21:00:00,2025-09-04 13:00:00,1.0
GBP_JPY,2025-09-03 21:00:00,2025-09-18 05:00:00,1.0
USD_NOK,2025-09-03 21:00:00,2025-09-10 09:00:00,-1.0
USD_ZAR,2025-09-04 01:00:00,2025-09-05 13:00:00,1.0
AUD_USD,2025-09-04 01:00:00,2025-09-09 01:00:00,1.0
AUD_CAD,2025-09-04 01:00:00,2025-09-08 13:00:00,1.0
USD_SGD,2025-09-04 09:00:00,2025-09-16 13:00:00,1.0
USD_SGD,2025-09-04 21:00:00,2025-09-16 05:00:00,1.0
AUD_CAD,2025-09-05 09:00:00,2025-09-08 13:00:00,1.0
GBP_CHF,2025-09-05 09:00:00,2025-09-16 17:00:00,1.0
EUR_PLN,2025-09-05 09:00:00,2025-09-25 09:00:00,-0.3315930577113028
EUR_PLN,2025-09-08 09:00:00,2025-09-26 09:00:00,-0.4530333486147039
USD_SEK,2025-09-08 09:00:00,2025-09-15 09:00:00,1.0
USD_SGD,2025-09-08 21:00:00,2025-09-17 17:00:00,1.0
USD_PLN,2025-09-09 05:00:00,2025-09-10 05:00:00,-1.0
USD_CZK,2025-09-09 09:00:00,2025-09-11 01:00:00,1.0
GBP_CAD,2025-09-09 13:00:00,2025-09-29 13:00:00,-0.1704314747932398
AUD_USD,2025-09-10 01:00:00,2025-09-11 13:00:00,1.0
EUR_USD,2025-09-10 09:00:00,2025-09-16 13:00:00,-1.0
USD_SEK,2025-09-10 17:00:00,2025-09-15 09:00:00,1.0
AUD_CAD,2025-09-11 05:00:00,2025-10-01 05:00:00,0.4561924302614866
GBP_CHF,2025-09-11 09:00:00,2025-09-22 09:00:00,1.0
USD_JPY,2025-09-11 09:00:00,2025-09-17 17:00:00,-1.0
GBP_JPY,2025-09-11 21:00:00,2025-10-01 21:00:00,-0.7057315014700751
EUR_GBP,2025-09-11 21:00:00,2025-09-19 05:00:00,1.0
GBP_CHF,2025-09-11 21:00:00,2025-09-22 09:00:00,1.0
CHF_JPY,2025-09-11 21:00:00,2025-09-18 05:00:00,1.0
GBP_CAD,2025-09-12 01:00:00,2025-09-19 13:00:00,-1.0
GBP_JPY,2025-09-12 05:00:00,2025-10-02 05:00:00,-0.7385968162721631
EUR_NOK,2025-09-14 21:00:00,2025-09-19 13:00:00,-1.0
NZD_USD,2025-09-15 05:00:00,2025-09-18 05:00:00,-1.0
CHF_JPY,2025-09-15 13:00:00,2025-09-18 09:00:00,1.0
GBP_JPY,2025-09-15 21:00:00,2025-10-01 05:00:00,-1.0
USD_SEK,2025-09-15 21:00:00,2025-09-18 13:00:00,-1.0
USD_ZAR,2025-09-15 21:00:00,2025-10-01 09:00:00,1.0
USD_ZAR,2025-09-16 05:00:00,2025-10-01 05:00:00,1.0
EUR_GBP,2025-09-16 05:00:00,2025-09-22 09:00:00,1.0
AUD_CAD,2025-09-16 09:00:00,2025-09-19 13:00:00,-1.0
GBP_CAD,2025-09-16 17:00:00,2025-09-19 13:00:00,-1.0
CHF_JPY,2025-09-17 09:00:00,2025-10-01 09:00:00,-1.0
EUR_JPY,2025-09-17 17:00:00,2025-09-26 05:00:00,1.0
NZD_CHF,2025-09-17 17:00:00,2025-09-18 05:00:00,1.0
NZD_CAD,2025-09-17 17:00:00,2025-09-17 21:00:00,1.0
USD_NOK,2025-09-18 05:00:00,2025-09-19 05:00:00,1.0
EUR_CAD,2025-09-18 05:00:00,2025-10-08 05:00:00,0.4758805324949599
USD_CZK,2025-09-18 05:00:00,2025-09-25 09:00:00,1.0
EUR_USD,2025-09-18 05:00:00,2025-09-25 09:00:00,1.0
EUR_GBP,2025-09-18 09:00:00,2025-10-08 09:00:00,0.01846274564106678
NZD_CHF,2025-09-18 17:00:00,2025-09-24 13:00:00,1.0
NZD_CHF,2025-09-19 05:00:00,2025-09-24 13:00:00,1.0
USD_ZAR,2025-09-19 09:00:00,2025-09-24 05:00:00,1.0
EUR_AUD,2025-09-22 05:00:00,2025-10-06 05:00:00,1.0
AUD_USD,2025-09-22 05:00:00,2025-10-10 05:00:00,-0.355606887223989
AUD_JPY,2025-09-22 05:00:00,2025-10-05 21:00:00,1.0
NZD_JPY,2025-09-22 05:00:00,2025-09-29 21:00:00,-1.0
CHF_JPY,2025-09-22 21:00:00,2025-10-01 09:00:00,-1.0
AUD_CAD,2025-09-23 01:00:00,2025-09-30 09:00:00,1.0
CHF_JPY,2025-09-23 05:00:00,2025-10-01 09:00:00,-1.0
CAD_CHF,2025-09-23 09:00:00,2025-10-13 09:00:00,-0.1586969411600507
EUR_GBP,2025-09-24 05:00:00,2025-10-14 05:00:00,-0.3344979666647591
GBP_CHF,2025-09-24 21:00:00,2025-10-14 21:00:00,0.2298270691443246
EUR_JPY,2025-09-24 21:00:00,2025-10-01 09:00:00,-1.0
NZD_CHF,2025-09-25 01:00:00,2025-10-10 13:00:00,1.0
EUR_JPY,2025-09-25 05:00:00,2025-10-01 09:00:00,-1.0
EUR_USD,2025-09-25 09:00:00,2025-10-08 01:00:00,1.0
GBP_AUD,2025-09-25 13:00:00,2025-10-10 13:00:00,1.0
GBP_AUD,2025-09-25 21:00:00,2025-10-10 13:00:00,1.0
USD_HUF,2025-09-26 09:00:00,2025-09-29 05:00:00,1.0
NZD_CHF,2025-09-28 21:00:00,2025-10-06 05:00:00,-1.0
GBP_AUD,2025-09-28 21:00:00,2025-10-09 09:00:00,-1.0
USD_NOK,2025-09-29 09:00:00,2025-10-09 13:00:00,1.0
EUR_PLN,2025-09-29 09:00:00,2025-10-17 09:00:00,0.5734884483041036
AUD_JPY,2025-09-29 13:00:00,2025-10-05 21:00:00,1.0
GBP_USD,2025-09-29 13:00:00,2025-10-09 17:00:00,-1.0
USD_PLN,2025-09-29 21:00:00,2025-10-09 13:00:00,-1.0
EUR_AUD,2025-09-30 05:00:00,2025-10-08 13:00:00,1.0
AUD_NZD,2025-09-30 05:00:00,2025-10-20 05:00:00,-0.46249483430200056
USD_SEK,2025-09-30 09:00:00,2025-10-09 13:00:00,-1.0
GBP_CHF,2025-09-30 09:00:00,2025-10-17 05:00:00,1.0
GBP_AUD,2025-09-30 09:00:00,2025-10-10 13:00:00,1.0
USD_ZAR,2025-09-30 13:00:00,2025-10-01 09:00:00,1.0
USD_NOK,2025-09-30 21:00:00,2025-10-09 13:00:00,1.0
GBP_CHF,2025-10-01 05:00:00,2025-10-17 05:00:00,1.0
AUD_USD,2025-10-01 21:00:00,2025-10-09 17:00:00,-1.0
USD_SGD,2025-10-01 21:00:00,2025-10-14 05:00:00,-1.0
CAD_CHF,2025-10-02 13:00:00,2025-10-16 13:00:00,1.0
EUR_JPY,2025-10-02 13:00:00,2025-10-05 21:00:00,1.0
CAD_CHF,2025-10-02 21:00:00,2025-10-16 01:00:00,1.0
NZD_CHF,2025-10-02 21:00:00,2025-10-08 01:00:00,1.0
USD_NOK,2025-10-03 05:00:00,2025-10-09 13:00:00,1.0
GBP_AUD,2025-10-03 05:00:00,2025-10-10 13:00:00,1.0
NZD_CHF,2025-10-03 05:00:00,2025-10-08 01:00:00,1.0
CHF_JPY,2025-10-03 13:00:00,2025-10-05 21:00:00,1.0
AUD_CAD,2025-10-03 17:00:00,2025-10-10 13:00:00,-1.0
AUD_USD,2025-10-03 17:00:00,2025-10-10 13:00:00,-1.0
USD_SGD,2025-10-05 21:00:00,2025-10-23 21:00:00,-0.6495771547280372
CAD_CHF,2025-10-06 05:00:00,2025-10-16 13:00:00,1.0
GBP_USD,2025-10-06 05:00:00,2025-10-09 13:00:00,-1.0
GBP_AUD,2025-10-07 01:00:00,2025-10-10 13:00:00,1.0
EUR_AUD,2025-10-07 05:00:00,2025-10-10 13:00:00,-1.0
AUD_CAD,2025-10-07 05:00:00,2025-10-10 13:00:00,-1.0
EUR_NOK,2025-10-07 05:00:00,2025-10-10 13:00:00,-1.0
AUD_USD,2025-10-07 05:00:00,2025-10-10 13:00:00,-1.0
USD_ZAR,2025-10-07 05:00:00,2025-10-10 13:00:00,-1.0
NZD_CHF,2025-10-07 09:00:00,2025-10-10 13:00:00,1.0
GBP_AUD,2025-10-07 09:00:00,2025-10-10 13:00:00,1.0
GBP_JPY,2025-10-07 09:00:00,2025-10-07 21:00:00,1.0
USD_CZK,2025-10-08 05:00:00,2025-10-16 21:00:00,-1.0
USD_PLN,2025-10-08 13:00:00,2025-10-17 05:00:00,1.0
USD_CHF,2025-10-08 13:00:00,2025-10-16 17:00:00,1.0
EUR_GBP,2025-10-08 13:00:00,2025-10-24 13:00:00,1.0
NZD_USD,2025-10-09 05:00:00,2025-10-10 13:00:00,-1.0
EUR_AUD,2025-10-09 05:00:00,2025-10-10 13:00:00,-1.0
EUR_NOK,2025-10-09 05:00:00,2025-10-10 13:00:00,-1.0
USD_CAD,2025-10-09 05:00:00,2025-10-29 05:00:00,0.023654896563584406
USD_CZK,2025-10-09 09:00:00,2025-10-17 05:00:00,-1.0
EUR_AUD,2025-10-09 13:00:00,2025-10-10 13:00:00,-1.0
USD_CHF,2025-10-10 09:00:00,2025-10-15 13:00:00,1.0
GBP_CAD,2025-10-10 09:00:00,2025-10-15 17:00:00,1.0
EUR_GBP,2025-10-12 21:00:00,2025-10-28 13:00:00,1.0
USD_SEK,2025-10-12 21:00:00,2025-10-16 09:00:00,1.0
USD_ZAR,2025-10-13 09:00:00,2025-10-27 01:00:00,1.0
GBP_AUD,2025-10-13 13:00:00,2025-10-14 05:00:00,1.0
CAD_CHF,2025-10-13 13:00:00,2025-10-15 13:00:00,1.0
NZD_CHF,2025-10-13 13:00:00,2025-10-15 13:00:00,1.0
EUR_USD,2025-10-14 01:00:00,2025-10-16 17:00:00,-1.0
EUR_NOK,2025-10-14 01:00:00,2025-10-14 13:00:00,-1.0
GBP_CAD,2025-10-14 05:00:00,2025-10-17 05:00:00,1.0
NZD_CHF,2025-10-14 21:00:00,2025-10-16 17:00:00,1.0
CAD_CHF,2025-10-15 09:00:00,2025-10-16 17:00:00,1.0
GBP_CHF,2025-10-15 09:00:00,2025-10-17 05:00:00,1.0
GBP_USD,2025-10-15 13:00:00,2025-10-17 05:00:00,1.0
USD_CAD,2025-10-15 17:00:00,2025-10-29 13:00:00,1.0
GBP_CHF,2025-10-16 05:00:00,2025-10-24 13:00:00,1.0
GBP_CAD,2025-10-17 05:00:00,2025-10-22 05:00:00,-1.0
USD_CAD,2025-10-17 13:00:00,2025-10-29 13:00:00,1.0
AUD_NZD,2025-10-19 21:00:00,2025-10-31 05:00:00,1.0
NZD_JPY,2025-10-20 09:00:00,2025-10-21 13:00:00,1.0
EUR_PLN,2025-10-20 09:00:00,2025-11-07 10:00:00,-0.03815445488588883
CHF_JPY,2025-10-20 09:00:00,2025-10-23 13:00:00,1.0
NZD_CHF,2025-10-20 13:00:00,2025-10-26 21:00:00,-1.0
AUD_USD,2025-10-21 01:00:00,2025-10-28 13:00:00,1.0
NZD_JPY,2025-10-21 01:00:00,2025-10-21 17:00:00,1.0
EUR_AUD,2025-10-21 13:00:00,2025-10-27 05:00:00,1.0
GBP_JPY,2025-10-22 05:00:00,2025-10-29 13:00:00,-1.0
AUD_JPY,2025-10-22 13:00:00,2025-10-23 05:00:00,1.0
NZD_JPY,2025-10-22 13:00:00,2025-10-24 01:00:00,1.0
NZD_CHF,2025-10-23 05:00:00,2025-10-29 13:00:00,-1.0
NZD_CAD,2025-10-23 05:00:00,2025-11-04 18:00:00,1.0
USD_SGD,2025-10-23 09:00:00,2025-11-12 10:00:00,-0.25776567176811666
USD_SEK,2025-10-23 09:00:00,2025-11-04 06:00:00,-1.0
USD_SGD,2025-10-23 21:00:00,2025-11-12 22:00:00,-0.187771749586363
EUR_JPY,2025-10-24 05:00:00,2025-11-12 02:00:00,1.0
EUR_GBP,2025-10-24 09:00:00,2025-10-29 05:00:00,1.0
GBP_CHF,2025-10-24 09:00:00,2025-10-29 05:00:00,1.0
USD_CHF,2025-10-24 09:00:00,2025-10-31 13:00:00,-1.0
NZD_JPY,2025-10-24 13:00:00,2025-10-30 05:00:00,1.0
EUR_AUD,2025-10-24 13:00:00,2025-10-28 13:00:00,1.0
NZD_USD,2025-10-24 13:00:00,2025-10-29 05:00:00,1.0
NZD_CHF,2025-10-24 17:00:00,2025-10-29 13:00:00,-1.0
USD_CHF,2025-10-26 21:00:00,2025-10-31 13:00:00,-1.0
CHF_JPY,2025-10-26 21:00:00,2025-11-04 02:00:00,-1.0
USD_NOK,2025-10-27 05:00:00,2025-10-30 09:00:00,1.0
USD_ZAR,2025-10-27 13:00:00,2025-11-04 06:00:00,-1.0
USD_ZAR,2025-10-27 21:00:00,2025-11-04 06:00:00,-1.0
USD_CZK,2025-10-28 13:00:00,2025-10-30 09:00:00,1.0
AUD_CAD,2025-10-28 13:00:00,2025-11-17 14:00:00,-0.4004145982215844
USD_NOK,2025-10-29 05:00:00,2025-10-30 09:00:00,1.0
CHF_JPY,2025-10-29 05:00:00,2025-11-04 22:00:00,-1.0
NZD_USD,2025-10-29 17:00:00,2025-10-31 05:00:00,-1.0
EUR_JPY,2025-10-30 01:00:00,2025-11-12 02:00:00,1.0
GBP_JPY,2025-10-30 17:00:00,2025-11-04 06:00:00,-1.0
CHF_JPY,2025-10-30 17:00:00,2025-11-04 02:00:00,-1.0
NZD_CHF,2025-10-30 21:00:00,2025-11-04 22:00:00,1.0
EUR_USD,2025-10-31 09:00:00,2025-11-20 10:00:00,0.3939797135007052
AUD_CAD,2025-11-02 22:00:00,2025-11-19 02:00:00,-1.0
USD_SEK,2025-11-03 06:00:00,2025-11-05 14:00:00,-1.0
NZD_CHF,2025-11-04 22:00:00,2025-11-07 02:00:00,1.0
NZD_CAD,2025-11-04 22:00:00,2025-11-09 22:00:00,1.0
AUD_NZD,2025-11-04 22:00:00,2025-11-10 06:00:00,1.0
EUR_PLN,2025-11-05 10:00:00,2025-11-25 10:00:00,1.0
EUR_JPY,2025-11-06 06:00:00,2025-11-12 02:00:00,1.0
GBP_JPY,2025-11-06 10:00:00,2025-11-10 06:00:00,1.0
GBP_JPY,2025-11-06 22:00:00,2025-11-10 06:00:00,1.0
USD_SGD,2025-11-06 22:00:00,2025-11-26 22:00:00,0.6745776224204963
NZD_JPY,2025-11-07 10:00:00,2025-11-10 06:00:00,1.0
CHF_JPY,2025-11-09 22:00:00,2025-11-11 06:00:00,1.0
USD_SGD,2025-11-10 06:00:00,2025-11-28 06:00:00,0.36915095280855487
GBP_CAD,2025-11-10 10:00:00,2025-11-25 18:00:00,1.0
CHF_JPY,2025-11-10 22:00:00,2025-11-12 02:00:00,1.0
NZD_JPY,2025-11-11 02:00:00,2025-11-13 06:00:00,1.0
EUR_USD,2025-11-11 02:00:00,2025-12-01 02:00:00,-0.3096055556036118
GBP_AUD,2025-11-11 06:00:00,2025-11-21 14:00:00,1.0
USD_PLN,2025-11-11 06:00:00,2025-11-13 14:00:00,1.0
AUD_JPY,2025-11-11 10:00:00,2025-11-12 22:00:00,1.0
USD_JPY,2025-11-11 10:00:00,2025-11-18 14:00:00,1.0
CAD_CHF,2025-11-11 22:00:00,2025-11-13 14:00:00,1.0
GBP_CHF,2025-11-11 22:00:00,2025-11-13 22:00:00,1.0
AUD_USD,2025-11-12 02:00:00,2025-11-19 14:00:00,-1.0
AUD_JPY,2025-11-12 22:00:00,2025-11-20 02:00:00,1.0
NZD_JPY,2025-11-12 22:00:00,2025-11-20 06:00:00,1.0
USD_JPY,2025-11-13 06:00:00,2025-11-19 10:00:00,1.0
EUR_GBP,2025-11-13 10:00:00,2025-12-03 10:00:00,-0.6276269131858305
USD_ZAR,2025-11-13 18:00:00,2025-11-14 10:00:00,-1.0
EUR_PLN,2025-11-13 18:00:00,2025-12-03 18:00:00,0.11575906050889538
USD_SGD,2025-11-13 18:00:00,2025-12-03 18:00:00,0.5365309965794168
EUR_GBP,2025-11-13 22:00:00,2025-12-03 22:00:00,-0.8236148296047596
EUR_JPY,2025-11-14 06:00:00,2025-11-20 06:00:00,1.0
USD_SGD,2025-11-14 06:00:00,2025-12-04 06:00:00,0.4535042813878756
USD_PLN,2025-11-14 06:00:00,2025-11-20 10:00:00,-1.0
GBP_USD,2025-11-14 06:00:00,2025-12-01 10:00:00,1.0
EUR_USD,2025-11-14 10:00:00,2025-11-19 14:00:00,1.0
GBP_JPY,2025-11-14 10:00:00,2025-11-18 18:00:00,1.0
EUR_CAD,2025-11-14 10:00:00,2025-11-28 14:00:00,1.0
USD_JPY,2025-11-14 10:00:00,2025-11-19 10:00:00,1.0
GBP_USD,2025-11-16 22:00:00,2025-12-03 06:00:00,1.0
GBP_CAD,2025-11-16 22:00:00,2025-12-04 06:00:00,1.0
GBP_AUD,2025-11-16 22:00:00,2025-11-18 02:00:00,1.0
USD_SGD,2025-11-16 22:00:00,2025-12-04 22:00:00,0.38906915588909885
CAD_CHF,2025-11-17 10:00:00,2025-11-19 10:00:00,-1.0
CHF_JPY,2025-11-17 10:00:00,2025-12-05 02:00:00,-1.0
USD_CHF,2025-11-17 10:00:00,2025-11-19 14:00:00,-1.0
EUR_USD,2025-11-17 22:00:00,2025-12-07 22:00:00,-0.48549968524442866
GBP_CAD,2025-11-17 22:00:00,2025-12-04 10:00:00,1.0
GBP_CAD,2025-11-18 06:00:00,2025-12-04 10:00:00,1.0
USD_CHF,2025-11-18 06:00:00,2025-11-19 14:00:00,-1.0
CAD_CHF,2025-11-18 06:00:00,2025-11-19 10:00:00,-1.0
EUR_GBP,2025-11-18 14:00:00,2025-12-08 14:00:00,-0.8006450587139744
USD_SEK,2025-11-18 22:00:00,2025-11-21 06:00:00,-1.0
EUR_USD,2025-11-19 02:00:00,2025-12-09 02:00:00,-0.5324427645601966
USD_ZAR,2025-11-19 06:00:00,2025-11-21 10:00:00,-1.0
USD_SEK,2025-11-19 06:00:00,2025-11-21 10:00:00,-1.0
USD_SGD,2025-11-19 06:00:00,2025-12-09 06:00:00,0.5026629625650434
USD_CZK,2025-11-19 10:00:00,2025-11-21 10:00:00,1.0
EUR_CAD,2025-11-19 10:00:00,2025-12-09 10:00:00,0.7494699472412553
AUD_CAD,2025-11-19 14:00:00,2025-11-27 02:00:00,1.0
USD_CHF,2025-11-20 10:00:00,2025-12-10 10:00:00,0.4658654441828723
USD_SGD,2025-11-20 10:00:00,2025-11-26 22:00:00,1.0
USD_SEK,2025-11-20 10:00:00,2025-11-28 14:00:00,1.0
GBP_JPY,2025-11-20 22:00:00,2025-12-08 22:00:00,1.0
GBP_USD,2025-11-20 22:00:00,2025-11-25 14:00:00,1.0
USD_SGD,2025-11-20 22:00:00,2025-11-26 22:00:00,1.0
GBP_AUD,2025-11-21 06:00:00,2025-11-25 14:00:00,1.0
CAD_CHF,2025-11-21 06:00:00,2025-12-05 10:00:00,-1.0
NZD_CHF,2025-11-21 06:00:00,2025-11-25 22:00:00,-1.0
USD_SGD,2025-11-21 10:00:00,2025-11-26 22:00:00,1.0
USD_NOK,2025-11-21 18:00:00,2025-11-28 14:00:00,-1.0
AUD_USD,2025-11-24 06:00:00,2025-11-26 14:00:00,1.0
GBP_USD,2025-11-24 06:00:00,2025-11-26 10:00:00,1.0
USD_SEK,2025-11-24 06:00:00,2025-11-28 14:00:00,1.0
NZD_CHF,2025-11-24 06:00:00,2025-11-26 02:00:00,-1.0
USD_NOK,2025-11-24 10:00:00,2025-11-28 14:00:00,-1.0
AUD_CAD,2025-11-24 14:00:00,2025-12-02 10:00:00,1.0
USD_SGD,2025-11-24 22:00:00,2025-12-10 18:00:00,1.0
EUR_USD,2025-11-25 06:00:00,2025-12-01 10:00:00,-1.0
AUD_USD,2025-11-25 10:00:00,2025-11-26 14:00:00,1.0
EUR_JPY,2025-11-26 02:00:00,2025-12-09 14:00:00,1.0
EUR_CAD,2025-11-26 10:00:00,2025-12-05 14:00:00,1.0
EUR_CAD,2025-11-27 10:00:00,2025-12-05 14:00:00,1.0
GBP_CHF,2025-11-27 10:00:00,2025-12-17 10:00:00,0.2917202112391969
EUR_PLN,2025-11-27 10:00:00,2025-12-17 10:00:00,0.5982905982905901
NZD_JPY,2025-11-28 02:00:00,2025-12-09 02:00:00,1.0
CAD_JPY,2025-11-28 02:00:00,2025-12-05 18:00:00,1.0
GBP_JPY,2025-11-28 02:00:00,2025-12-09 14:00:00,1.0
AUD_JPY,2025-11-28 02:00:00,2025-12-05 10:00:00,1.0
EUR_NOK,2025-11-28 06:00:00,2025-12-12 14:00:00,-1.0
EUR_JPY,2025-11-28 06:00:00,2025-12-09 14:00:00,1.0
USD_SEK,2025-11-28 06:00:00,2025-12-03 06:00:00,1.0
USD_SGD,2025-11-28 06:00:00,2025-12-18 06:00:00,0.46085435306992795
EUR_JPY,2025-12-01 10:00:00,2025-12-09 06:00:00,1.0
USD_CHF,2025-12-02 10:00:00,2025-12-11 10:00:00,1.0
USD_ZAR,2025-12-02 14:00:00,2025-12-04 10:00:00,1.0
USD_SGD,2025-12-02 14:00:00,2025-12-22 14:00:00,0.7801609611459994
GBP_JPY,2025-12-02 22:00:00,2025-12-08 18:00:00,1.0
AUD_USD,2025-12-02 22:00:00,2025-12-04 06:00:00,1.0
USD_SGD,2025-12-02 22:00:00,2025-12-22 22:00:00,0.7959439988288037
AUD_CAD,2025-12-02 22:00:00,2025-12-05 10:00:00,1.0
USD_ZAR,2025-12-02 22:00:00,2025-12-04 10:00:00,1.0
AUD_JPY,2025-12-02 22:00:00,2025-12-08 06:00:00,1.0
CAD_CHF,2025-12-02 22:00:00,2025-12-05 14:00:00,-1.0
EUR_NOK,2025-12-03 10:00:00,2025-12-12 14:00:00,-1.0
AUD_JPY,2025-12-03 14:00:00,2025-12-09 02:00:00,1.0
NZD_JPY,2025-12-03 14:00:00,2025-12-09 02:00:00,1.0
AUD_USD,2025-12-03 14:00:00,2025-12-05 14:00:00,1.0
AUD_CAD,2025-12-03 14:00:00,2025-12-17 22:00:00,-1.0
NZD_JPY,2025-12-04 06:00:00,2025-12-09 10:00:00,1.0
GBP_USD,2025-12-04 10:00:00,2025-12-22 14:00:00,1.0
USD_SGD,2025-12-04 10:00:00,2025-12-23 22:00:00,1.0
GBP_USD,2025-12-04 18:00:00,2025-12-22 14:00:00,1.0
USD_ZAR,2025-12-04 18:00:00,2025-12-11 14:00:00,1.0
AUD_NZD,2025-12-04 22:00:00,2025-12-25 22:00:00,0.3666041112032461
USD_NOK,2025-12-05 10:00:00,2025-12-16 10:00:00,1.0
USD_PLN,2025-12-07 22:00:00,2025-12-11 10:00:00,1.0
CHF_JPY,2025-12-07 22:00:00,2025-12-10 06:00:00,1.0
EUR_PLN,2025-12-07 22:00:00,2025-12-28 22:00:00,0.42677310408350383
AUD_USD,2025-12-07 22:00:00,2025-12-23 18:00:00,1.0
AUD_NZD,2025-12-08 06:00:00,2025-12-29 06:00:00,0.5263891793906477
USD_SEK,2025-12-08 14:00:00,2025-12-10 10:00:00,1.0
CHF_JPY,2025-12-08 22:00:00,2025-12-10 14:00:00,1.0
NZD_CHF,2025-12-09 14:00:00,2025-12-11 14:00:00,1.0
USD_SGD,2025-12-09 22:00:00,2025-12-23 06:00:00,1.0
EUR_GBP,2025-12-10 10:00:00,2025-12-31 10:00:00,-0.09387521465369644
USD_HUF,2025-12-10 10:00:00,2025-12-11 06:00:00,1.0
GBP_CAD,2025-12-10 10:00:00,2025-12-31 10:00:00,-0.02604576457884724
USD_CAD,2025-12-10 14:00:00,2025-12-23 06:00:00,1.0
EUR_GBP,2025-12-10 18:00:00,2025-12-31 18:00:00,-0.12718564520933356
USD_SGD,2025-12-10 18:00:00,2025-12-23 22:00:00,1.0
CHF_JPY,2025-12-10 22:00:00,2025-12-19 06:00:00,1.0
USD_HUF,2025-12-11 10:00:00,2025-12-17 14:00:00,-1.0
EUR_NOK,2025-12-11 10:00:00,2025-12-16 06:00:00,-1.0
GBP_CHF,2025-12-12 18:00:00,2026-01-05 18:00:00,-0.7196069405431769
GBP_CAD,2025-12-15 22:00:00,2026-01-05 14:00:00,1.0
USD_ZAR,2025-12-15 22:00:00,2025-12-24 06:00:00,1.0
USD_NOK,2025-12-16 10:00:00,2025-12-23 18:00:00,-1.0
CAD_JPY,2025-12-16 14:00:00,2025-12-19 06:00:00,1.0
CAD_CHF,2025-12-16 18:00:00,2026-01-07 18:00:00,0.49592203483550645
GBP_JPY,2025-12-16 22:00:00,2025-12-19 06:00:00,1.0
GBP_JPY,2025-12-17 06:00:00,2025-12-19 06:00:00,1.0
NZD_CHF,2025-12-17 06:00:00,2025-12-31 14:00:00,1.0
NZD_JPY,2025-12-17 18:00:00,2025-12-19 14:00:00,1.0
AUD_JPY,2025-12-17 22:00:00,2025-12-19 06:00:00,1.0
GBP_JPY,2025-12-18 06:00:00,2025-12-19 06:00:00,1.0
USD_CZK,2025-12-18 10:00:00,2025-12-26 10:00:00,-1.0
EUR_USD,2025-12-18 10:00:00,2026-01-09 10:00:00,1.0
EUR_CAD,2025-12-18 10:00:00,2026-01-09 10:00:00,0.1476575580281909
USD_ZAR,2025-12-18 14:00:00,2025-12-24 10:00:00,1.0
CHF_JPY,2025-12-18 14:00:00,2025-12-19 06:00:00,1.0
AUD_CAD,2025-12-18 22:00:00,2026-01-02 06:00:00,1.0
CAD_CHF,2025-12-18 22:00:00,2026-01-11 22:00:00,0.4261585101775722
NZD_CHF,2025-12-18 22:00:00,2026-01-11 22:00:00,0.07187506806351045
USD_CHF,2025-12-18 22:00:00,2025-12-23 10:00:00,1.0
USD_CZK,2025-12-19 10:00:00,2025-12-26 10:00:00,-1.0
GBP_CAD,2025-12-19 10:00:00,2026-01-05 14:00:00,1.0
GBP_USD,2025-12-19 10:00:00,2025-12-23 06:00:00,1.0
AUD_CAD,2025-12-19 10:00:00,2026-01-02 06:00:00,1.0
USD_JPY,2025-12-21 22:00:00,2025-12-23 06:00:00,-1.0
USD_PLN,2025-12-22 10:00:00,2026-01-13 10:00:00,-0.45381145943537243
AUD_CAD,2025-12-22 18:00:00,2026-01-05 14:00:00,1.0
CAD_CHF,2025-12-22 22:00:00,2026-01-13 22:00:00,-0.005199577101058036
USD_SGD,2025-12-23 18:00:00,2026-01-14 18:00:00,-0.09556515523511112
EUR_JPY,2025-12-23 22:00:00,2026-01-14 22:00:00,0.20335370495225905
USD_ZAR,2025-12-23 22:00:00,2025-12-31 10:00:00,1.0
CHF_JPY,2025-12-23 22:00:00,2026-01-14 22:00:00,0.004041383769807704
GBP_JPY,2025-12-23 22:00:00,2026-01-12 10:00:00,1.0
NZD_JPY,2025-12-23 22:00:00,2025-12-31 14:00:00,-1.0
GBP_JPY,2025-12-24 06:00:00,2026-01-12 10:00:00,1.0
EUR_JPY,2025-12-24 06:00:00,2026-01-13 06:00:00,1.0
CHF_JPY,2025-12-24 06:00:00,2026-01-15 06:00:00,0.07485635672089885
EUR_AUD,2025-12-24 10:00:00,2026-01-06 10:00:00,1.0
GBP_JPY,2025-12-25 22:00:00,2026-01-12 06:00:00,1.0
GBP_CHF,2025-12-26 06:00:00,2026-01-13 10:00:00,-1.0
EUR_CAD,2025-12-26 10:00:00,2026-01-16 10:00:00,-0.1954118537450826
USD_SGD,2025-12-26 14:00:00,2026-01-16 14:00:00,-0.3377431906614787
GBP_USD,2025-12-26 14:00:00,2026-01-16 14:00:00,-0.7773039124791392
GBP_CAD,2025-12-26 14:00:00,2026-01-05 18:00:00,1.0
EUR_CAD,2025-12-26 18:00:00,2026-01-16 18:00:00,-0.25336107057472423
AUD_CAD,2025-12-28 22:00:00,2026-01-06 02:00:00,1.0
AUD_USD,2025-12-28 22:00:00,2026-01-18 22:00:00,-0.3682499925455409
USD_SGD,2025-12-28 22:00:00,2026-01-18 22:00:00,-0.04821300818066355
AUD_NZD,2025-12-28 22:00:00,2026-01-02 02:00:00,1.0
GBP_CAD,2025-12-28 22:00:00,2026-01-05 14:00:00,1.0
CHF_JPY,2025-12-28 22:00:00,2026-01-08 14:00:00,-1.0
GBP_JPY,2025-12-28 22:00:00,2026-01-12 22:00:00,1.0
EUR_JPY,2025-12-28 22:00:00,2026-01-18 22:00:00,-0.4881545152935152
GBP_USD,2025-12-28 22:00:00,2026-01-18 22:00:00,-1.0
EUR_NOK,2025-12-28 22:00:00,2026-01-18 22:00:00,0.7736491638286074
USD_SEK,2025-12-28 22:00:00,2026-01-04 22:00:00,-1.0
EUR_USD,2025-12-29 06:00:00,2026-01-05 10:00:00,1.0
EUR_CAD,2025-12-29 06:00:00,2026-01-19 06:00:00,-0.2583497907118253
USD_SEK,2025-12-29 10:00:00,2026-01-05 14:00:00,-1.0
CAD_CHF,2025-12-29 10:00:00,2026-01-19 10:00:00,0.5433371978335747
USD_SGD,2025-12-29 10:00:00,2026-01-19 10:00:00,0.07309827830226648
USD_CHF,2025-12-29 10:00:00,2026-01-07 22:00:00,-1.0
NZD_CHF,2025-12-29 22:00:00,2026-01-19 22:00:00,-0.8779382611158402
USD_SEK,2025-12-29 22:00:00,2026-01-19 22:00:00,-0.06847044630775273
USD_SGD,2025-12-29 22:00:00,2026-01-19 22:00:00,0.055973195058814824
USD_ZAR,2025-12-29 22:00:00,2025-12-31 10:00:00,1.0
GBP_JPY,2025-12-29 22:00:00,2026-01-12 10:00:00,1.0
GBP_CAD,2025-12-30 06:00:00,2026-01-06 02:00:00,1.0
EUR_NOK,2025-12-30 10:00:00,2026-01-14 14:00:00,1.0
EUR_NOK,2025-12-30 18:00:00,2026-01-06 06:00:00,1.0
GBP_CAD,2025-12-31 14:00:00,2026-01-05 14:00:00,1.0
USD_CHF,2025-12-31 14:00:00,2026-01-09 14:00:00,-1.0
USD_PLN,2025-12-31 14:00:00,2026-01-16 10:00:00,-1.0
GBP_JPY,2025-12-31 14:00:00,2026-01-12 10:00:00,1.0
GBP_USD,2025-12-31 14:00:00,2026-01-06 06:00:00,1.0
GBP_JPY,2026-01-01 22:00:00,2026-01-12 14:00:00,1.0
USD_PLN,2026-01-01 22:00:00,2026-01-15 14:00:00,-1.0
EUR_AUD,2026-01-04 22:00:00,2026-01-06 14:00:00,1.0
NZD_JPY,2026-01-04 22:00:00,2026-01-12 18:00:00,1.0
AUD_CAD,2026-01-04 22:00:00,2026-01-06 14:00:00,1.0
EUR_CAD,2026-01-04 22:00:00,2026-01-22 22:00:00,-0.5080897315003141
AUD_USD,2026-01-05 10:00:00,2026-01-06 06:00:00,1.0
USD_SEK,2026-01-05 10:00:00,2026-01-06 02:00:00,1.0
GBP_CAD,2026-01-06 06:00:00,2026-01-26 06:00:00,0.2939693370669679
USD_NOK,2026-01-06 14:00:00,2026-01-08 06:00:00,1.0
GBP_CHF,2026-01-07 10:00:00,2026-01-20 10:00:00,1.0
GBP_CAD,2026-01-08 06:00:00,2026-01-28 06:00:00,0.28908089438089024
EUR_JPY,2026-01-08 14:00:00,2026-01-12 22:00:00,1.0
GBP_JPY,2026-01-08 22:00:00,2026-01-12 10:00:00,1.0
NZD_JPY,2026-01-08 22:00:00,2026-01-12 10:00:00,1.0
EUR_USD,2026-01-09 10:00:00,2026-01-23 14:00:00,-1.0
EUR_NOK,2026-01-09 10:00:00,2026-01-21 10:00:00,1.0
USD_SEK,2026-01-09 10:00:00,2026-01-20 10:00:00,1.0
EUR_GBP,2026-01-09 10:00:00,2026-01-29 10:00:00,-0.1291736347384818
GBP_CHF,2026-01-09 10:00:00,2026-01-20 10:00:00,1.0
USD_ZAR,2026-01-11 22:00:00,2026-01-14 06:00:00,1.0
GBP_CAD,2026-01-11 22:00:00,2026-01-29 22:00:00,-0.08588482844505804
GBP_CAD,2026-01-12 22:00:00,2026-02-01 22:00:00,-0.0776663667137997
USD_SEK,2026-01-12 22:00:00,2026-01-18 22:00:00,-1.0
EUR_JPY,2026-01-12 22:00:00,2026-01-22 22:00:00,1.0
AUD_CAD,2026-01-13 02:00:00,2026-01-21 22:00:00,1.0
USD_SGD,2026-01-13 06:00:00,2026-01-23 14:00:00,1.0
USD_NOK,2026-01-13 10:00:00,2026-01-20 10:00:00,-1.0
GBP_JPY,2026-01-13 22:00:00,2026-01-18 22:00:00,-1.0
USD_NOK,2026-01-14 02:00:00,2026-01-20 10:00:00,-1.0
EUR_USD,2026-01-14 14:00:00,2026-01-23 14:00:00,-1.0
NZD_CAD,2026-01-14 14:00:00,2026-01-20 02:00:00,-1.0
USD_SGD,2026-01-14 18:00:00,2026-01-23 14:00:00,1.0
USD_SGD,2026-01-15 02:00:00,2026-01-23 14:00:00,1.0
GBP_AUD,2026-01-15 06:00:00,2026-01-21 06:00:00,-1.0
EUR_GBP,2026-01-15 06:00:00,2026-02-04 06:00:00,-0.5229557969592403
USD_SGD,2026-01-15 10:00:00,2026-01-23 14:00:00,1.0
AUD_USD,2026-01-15 10:00:00,2026-01-20 06:00:00,1.0
NZD_USD,2026-01-15 10:00:00,2026-01-19 14:00:00,1.0
USD_NOK,2026-01-15 10:00:00,2026-01-20 10:00:00,-1.0
GBP_CHF,2026-01-15 22:00:00,2026-01-20 06:00:00,1.0
EUR_USD,2026-01-16 02:00:00,2026-01-20 06:00:00,-1.0
USD_SEK,2026-01-16 14:00:00,2026-01-20 10:00:00,1.0
USD_SEK,2026-01-18 22:00:00,2026-01-20 10:00:00,1.0
CAD_CHF,2026-01-19 14:00:00,2026-01-23 18:00:00,1.0
EUR_AUD,2026-01-20 06:00:00,2026-01-22 02:00:00,1.0
AUD_CAD,2026-01-20 06:00:00,2026-01-21 22:00:00,1.0
USD_ZAR,2026-01-20 06:00:00,2026-01-21 14:00:00,1.0
NZD_USD,2026-01-20 18:00:00,2026-01-22 10:00:00,1.0
NZD_CHF,2026-01-20 22:00:00,2026-01-22 02:00:00,-1.0
EUR_GBP,2026-01-20 22:00:00,2026-02-02 18:00:00,-1.0
AUD_USD,2026-01-21 02:00:00,2026-01-21 22:00:00,1.0
USD_CHF,2026-01-21 02:00:00,2026-01-23 18:00:00,1.0
USD_PLN,2026-01-21 02:00:00,2026-01-23 14:00:00,1.0
USD_JPY,2026-01-21 06:00:00,2026-01-23 14:00:00,-1.0
EUR_JPY,2026-01-21 06:00:00,2026-01-25 22:00:00,-1.0
GBP_JPY,2026-01-21 06:00:00,2026-01-23 06:00:00,1.0
NZD_USD,2026-01-21 14:00:00,2026-01-22 14:00:00,1.0
EUR_NOK,2026-01-21 22:00:00,2026-01-23 10:00:00,1.0
AUD_USD,2026-01-21 22:00:00,2026-01-22 14:00:00,1.0
GBP_CAD,2026-01-22 10:00:00,2026-01-25 22:00:00,1.0
GBP_USD,2026-01-22 10:00:00,2026-01-23 14:00:00,1.0
CAD_JPY,2026-01-22 14:00:00,2026-01-25 22:00:00,-1.0
AUD_USD,2026-01-23 02:00:00,2026-01-25 22:00:00,1.0
GBP_CHF,2026-01-23 14:00:00,2026-01-25 22:00:00,1.0
EUR_NOK,2026-01-25 22:00:00,2026-01-29 02:00:00,1.0
EUR_GBP,2026-01-26 14:00:00,2026-02-13 14:00:00,0.34950112463232924
GBP_AUD,2026-01-27 06:00:00,2026-01-29 02:00:00,-1.0
USD_ZAR,2026-01-27 06:00:00,2026-01-27 18:00:00,0.9999999999999889
EUR_CAD,2026-01-27 10:00:00,2026-01-29 10:00:00,1.0
EUR_GBP,2026-01-27 14:00:00,2026-02-16 14:00:00,0.2733500957302016
USD_ZAR,2026-01-28 06:00:00,2026-01-28 22:00:00,0.9999999999999889
AUD_CAD,2026-01-28 06:00:00,2026-02-03 02:00:00,1.0
USD_PLN,2026-01-28 06:00:00,2026-01-30 14:00:00,-1.0
USD_ZAR,2026-01-28 14:00:00,2026-01-28 18:00:00,1.0
NZD_CHF,2026-01-29 10:00:00,2026-02-05 22:00:00,1.0
USD_NOK,2026-01-29 10:00:00,2026-01-29 14:00:00,1.0
GBP_CHF,2026-01-29 14:00:00,2026-02-05 14:00:00,1.0
EUR_JPY,2026-01-29 14:00:00,2026-02-04 02:00:00,1.0
EUR_NOK,2026-01-29 14:00:00,2026-02-05 22:00:00,-1.0
USD_CAD,2026-01-29 22:00:00,2026-02-01 22:00:00,-1.0
EUR_NOK,2026-01-29 22:00:00,2026-02-05 14:00:00,-1.0
USD_CZK,2026-01-30 10:00:00,2026-02-02 02:00:00,1.0
EUR_USD,2026-01-30 10:00:00,2026-02-02 10:00:00,1.0
GBP_CAD,2026-01-30 10:00:00,2026-02-19 10:00:00,-0.8475032285837392
USD_NOK,2026-01-30 10:00:00,2026-02-02 02:00:00,1.0
CAD_CHF,2026-02-01 22:00:00,2026-02-19 22:00:00,0.3956252637501711
NZD_CHF,2026-02-02 06:00:00,2026-02-03 06:00:00,-1.0
GBP_USD,2026-02-02 10:00:00,2026-02-05 14:00:00,-1.0
AUD_USD,2026-02-02 18:00:00,2026-02-03 02:00:00,1.0
EUR_GBP,2026-02-03 10:00:00,2026-02-05 14:00:00,1.0
EUR_GBP,2026-02-03 22:00:00,2026-02-05 14:00:00,1.0
USD_ZAR,2026-02-03 22:00:00,2026-02-05 10:00:00,-1.0
CAD_CHF,2026-02-04 06:00:00,2026-02-24 06:00:00,0.6854370979647856
USD_CHF,2026-02-04 06:00:00,2026-02-09 14:00:00,1.0
CHF_JPY,2026-02-04 22:00:00,2026-02-09 22:00:00,1.0
GBP_AUD,2026-02-05 06:00:00,2026-02-09 14:00:00,-1.0
USD_NOK,2026-02-05 06:00:00,2026-02-05 14:00:00,1.0
EUR_USD,2026-02-05 06:00:00,2026-02-09 14:00:00,-1.0
USD_SGD,2026-02-05 10:00:00,2026-02-11 06:00:00,1.0
CHF_JPY,2026-02-06 06:00:00,2026-02-09 22:00:00,1.0
USD_SEK,2026-02-09 10:00:00,2026-02-09 18:00:00,1.0
CAD_CHF,2026-02-09 22:00:00,2026-03-01 22:00:00,0.47358190493018537
NZD_CAD,2026-02-10 06:00:00,2026-03-02 06:00:00,1.0
EUR_GBP,2026-02-10 10:00:00,2026-03-02 10:00:00,0.42394788543066636
GBP_CHF,2026-02-10 22:00:00,2026-02-27 10:00:00,1.0
EUR_NOK,2026-02-10 22:00:00,2026-02-12 10:00:00,1.0
AUD_CAD,2026-02-10 22:00:00,2026-02-11 14:00:00,1.0
USD_ZAR,2026-02-10 22:00:00,2026-02-12 14:00:00,0.9999999999999889
GBP_CHF,2026-02-11 06:00:00,2026-02-27 10:00:00,1.0
AUD_JPY,2026-02-11 10:00:00,2026-02-20 06:00:00,1.0
EUR_USD,2026-02-11 10:00:00,2026-02-17 14:00:00,1.0
USD_JPY,2026-02-11 14:00:00,2026-02-18 14:00:00,1.0
EUR_AUD,2026-02-12 02:00:00,2026-03-02 18:00:00,1.0
AUD_USD,2026-02-12 02:00:00,2026-02-13 06:00:00,-1.0
USD_CZK,2026-02-12 06:00:00,2026-02-19 10:00:00,1.0
EUR_USD,2026-02-12 06:00:00,2026-02-19 10:00:00,1.0
NZD_CHF,2026-02-12 10:00:00,2026-02-18 02:00:00,1.0
USD_NOK,2026-02-12 10:00:00,2026-02-13 06:00:00,1.0
USD_JPY,2026-02-12 14:00:00,2026-02-18 14:00:00,1.0
EUR_USD,2026-02-12 14:00:00,2026-02-19 10:00:00,1.0
NZD_CHF,2026-02-13 06:00:00,2026-02-27 10:00:00,1.0
AUD_USD,2026-02-13 10:00:00,2026-02-25 06:00:00,1.0
USD_SEK,2026-02-13 10:00:00,2026-02-18 22:00:00,-1.0
NZD_CHF,2026-02-15 22:00:00,2026-02-27 14:00:00,1.0
USD_NOK,2026-02-17 06:00:00,2026-02-17 14:00:00,1.0
AUD_JPY,2026-02-17 10:00:00,2026-02-18 14:00:00,1.0
USD_ZAR,2026-02-17 10:00:00,2026-02-19 10:00:00,-1.0
NZD_CHF,2026-02-17 14:00:00,2026-02-18 18:00:00,1.0
EUR_USD,2026-02-18 10:00:00,2026-03-02 06:00:00,1.0
AUD_CAD,2026-02-18 10:00:00,2026-02-25 14:00:00,1.0
AUD_CAD,2026-02-18 18:00:00,2026-02-25 14:00:00,1.0
EUR_CAD,2026-02-18 22:00:00,2026-03-02 10:00:00,1.0
CAD_CHF,2026-02-18 22:00:00,2026-03-02 18:00:00,-1.0
USD_JPY,2026-02-19 06:00:00,2026-02-25 06:00:00,1.0
EUR_USD,2026-02-19 06:00:00,2026-03-02 14:00:00,1.0
USD_CAD,2026-02-19 10:00:00,2026-03-08 21:00:00,1.0
EUR_AUD,2026-02-19 10:00:00,2026-03-02 10:00:00,1.0
EUR_NOK,2026-02-20 14:00:00,2026-03-02 06:00:00,1.0
USD_SGD,2026-02-20 14:00:00,2026-03-03 14:00:00,-1.0
CHF_JPY,2026-02-23 10:00:00,2026-02-25 02:00:00,1.0
USD_SGD,2026-02-24 10:00:00,2026-03-03 14:00:00,-1.0
GBP_CHF,2026-02-24 22:00:00,2026-02-27 14:00:00,1.0
GBP_JPY,2026-02-25 02:00:00,2026-03-10 05:00:00,1.0
CHF_JPY,2026-02-25 02:00:00,2026-02-27 14:00:00,1.0
AUD_CAD,2026-02-26 02:00:00,2026-03-01 22:00:00,-1.0
AUD_USD,2026-02-26 02:00:00,2026-03-01 22:00:00,-1.0
AUD_JPY,2026-02-26 06:00:00,2026-03-03 14:00:00,-1.0
NZD_JPY,2026-02-26 06:00:00,2026-03-03 10:00:00,-1.0
EUR_JPY,2026-02-26 06:00:00,2026-03-03 14:00:00,-1.0
NZD_CHF,2026-02-26 10:00:00,2026-03-01 22:00:00,1.0
EUR_CAD,2026-02-26 10:00:00,2026-03-02 10:00:00,1.0
EUR_USD,2026-02-27 02:00:00,2026-03-02 14:00:00,1.0
EUR_GBP,2026-02-27 06:00:00,2026-03-06 10:00:00,-1.0
AUD_NZD,2026-02-27 06:00:00,2026-03-10 13:00:00,1.0
GBP_JPY,2026-02-27 10:00:00,2026-03-09 13:00:00,1.0
NZD_CAD,2026-02-27 14:00:00,2026-03-03 06:00:00,1.0
CHF_JPY,2026-03-02 06:00:00,2026-03-03 06:00:00,-1.0
CAD_JPY,2026-03-02 14:00:00,2026-03-06 14:00:00,1.0
EUR_NOK,2026-03-02 22:00:00,2026-03-06 14:00:00,1.0
AUD_CAD,2026-03-03 02:00:00,2026-03-03 14:00:00,-1.0
USD_CHF,2026-03-05 02:00:00,2026-03-13 05:00:00,-1.0
EUR_CAD,2026-03-05 06:00:00,2026-03-08 21:00:00,1.0
CAD_CHF,2026-03-05 10:00:00,2026-03-18 21:00:00,-1.0
USD_CHF,2026-03-05 10:00:00,2026-03-13 13:00:00,-1.0
CAD_JPY,2026-03-05 14:00:00,2026-03-06 18:00:00,1.0
GBP_JPY,2026-03-05 22:00:00,2026-03-10 05:00:00,1.0
EUR_JPY,2026-03-06 06:00:00,2026-03-26 05:00:00,0.7807459732534443
GBP_CHF,2026-03-06 10:00:00,2026-03-18 17:00:00,-1.0
GBP_JPY,2026-03-06 14:00:00,2026-03-10 13:00:00,1.0
USD_CAD,2026-03-06 14:00:00,2026-03-09 09:00:00,1.0
AUD_NZD,2026-03-08 21:00:00,2026-03-10 13:00:00,1.0
NZD_CHF,2026-03-08 21:00:00,2026-03-19 17:00:00,-1.0
AUD_NZD,2026-03-09 05:00:00,2026-03-10 13:00:00,1.0
USD_PLN,2026-03-10 09:00:00,2026-03-12 13:00:00,-1.0
GBP_JPY,2026-03-10 17:00:00,2026-03-30 17:00:00,-0.6745346654213623
GBP_USD,2026-03-10 17:00:00,2026-03-13 05:00:00,-1.0
NZD_USD,2026-03-10 17:00:00,2026-03-12 13:00:00,-1.0
USD_PLN,2026-03-10 17:00:00,2026-03-12 13:00:00,-1.0
NZD_USD,2026-03-11 05:00:00,2026-03-12 13:00:00,-1.0
USD_SEK,2026-03-11 05:00:00,2026-03-11 21:00:00,-1.0
GBP_CHF,2026-03-11 09:00:00,2026-03-19 09:00:00,-1.0
GBP_AUD,2026-03-11 21:00:00,2026-03-13 17:00:00,1.0
GBP_JPY,2026-03-12 21:00:00,2026-03-30 13:00:00,-1.0
EUR_CAD,2026-03-13 09:00:00,2026-03-19 17:00:00,-1.0
GBP_JPY,2026-03-16 05:00:00,2026-04-03 05:00:00,0.01562352049994651
CAD_CHF,2026-03-16 13:00:00,2026-04-01 05:00:00,1.0
CHF_JPY,2026-03-16 13:00:00,2026-03-19 13:00:00,-1.0
CAD_JPY,2026-03-16 17:00:00,2026-03-19 17:00:00,-1.0
CAD_CHF,2026-03-16 21:00:00,2026-04-01 05:00:00,1.0
NZD_USD,2026-03-16 21:00:00,2026-03-18 21:00:00,-1.0
USD_CHF,2026-03-16 21:00:00,2026-03-27 05:00:00,-1.0
USD_HUF,2026-03-16 21:00:00,2026-03-17 09:00:00,1.0
GBP_USD,2026-03-17 05:00:00,2026-03-19 17:00:00,1.0
CAD_CHF,2026-03-17 05:00:00,2026-04-01 05:00:00,1.0
USD_SEK,2026-03-17 21:00:00,2026-03-18 17:00:00,-1.0
GBP_CAD,2026-03-18 05:00:00,2026-03-19 17:00:00,1.0
EUR_USD,2026-03-18 09:00:00,2026-04-07 09:00:00,-0.095234797063295
USD_CZK,2026-03-18 09:00:00,2026-03-18 17:00:00,1.0
EUR_GBP,2026-03-19 05:00:00,2026-03-31 13:00:00,1.0
USD_NOK,2026-03-19 05:00:00,2026-03-19 17:00:00,-1.0
GBP_AUD,2026-03-19 05:00:00,2026-03-22 21:00:00,1.0
USD_CHF,2026-03-19 09:00:00,2026-03-19 17:00:00,1.0
CAD_CHF,2026-03-19 09:00:00,2026-03-23 17:00:00,1.0
AUD_CAD,2026-03-19 09:00:00,2026-03-19 17:00:00,1.0
GBP_JPY,2026-03-19 13:00:00,2026-03-23 13:00:00,1.0
GBP_AUD,2026-03-20 01:00:00,2026-03-23 05:00:00,1.0
CAD_CHF,2026-03-20 13:00:00,2026-04-08 05:00:00,1.0
GBP_JPY,2026-03-22 21:00:00,2026-03-31 13:00:00,-1.0
USD_CHF,2026-03-22 21:00:00,2026-03-27 05:00:00,-1.0
CAD_CHF,2026-03-22 21:00:00,2026-04-01 09:00:00,1.0
GBP_CAD,2026-03-23 09:00:00,2026-03-23 13:00:00,1.0
USD_PLN,2026-03-23 21:00:00,2026-03-26 17:00:00,-1.0
AUD_CAD,2026-03-23 21:00:00,2026-03-29 21:00:00,-1.0
GBP_USD,2026-03-23 21:00:00,2026-03-27 17:00:00,-1.0
USD_CHF,2026-03-23 21:00:00,2026-03-26 17:00:00,-1.0
USD_SGD,2026-03-23 21:00:00,2026-03-27 17:00:00,-1.0
GBP_JPY,2026-03-24 05:00:00,2026-03-31 13:00:00,-1.0
USD_SGD,2026-03-24 09:00:00,2026-03-30 21:00:00,-1.0
CAD_CHF,2026-03-24 09:00:00,2026-04-13 09:00:00,0.5351975175203155
USD_SGD,2026-03-24 17:00:00,2026-04-13 17:00:00,0.5946806518074472
USD_ZAR,2026-03-24 17:00:00,2026-03-24 21:00:00,1.0
AUD_USD,2026-03-24 17:00:00,2026-03-26 21:00:00,-1.0
EUR_GBP,2026-03-25 05:00:00,2026-03-31 13:00:00,1.0
NZD_CAD,2026-03-25 05:00:00,2026-03-29 21:00:00,1.0
EUR_NOK,2026-03-25 09:00:00,2026-03-26 09:00:00,1.0
AUD_CAD,2026-03-25 09:00:00,2026-04-07 17:00:00,1.0
CHF_JPY,2026-03-25 13:00:00,2026-03-31 13:00:00,-1.0
EUR_JPY,2026-03-25 13:00:00,2026-04-09 13:00:00,1.0
GBP_AUD,2026-03-26 01:00:00,2026-04-07 21:00:00,-1.0
EUR_JPY,2026-03-26 05:00:00,2026-04-09 13:00:00,1.0
NZD_JPY,2026-03-26 05:00:00,2026-03-30 05:00:00,-1.0
AUD_JPY,2026-03-26 05:00:00,2026-03-30 05:00:00,-1.0
EUR_NOK,2026-03-26 09:00:00,2026-04-09 09:00:00,1.0
NZD_CHF,2026-03-26 21:00:00,2026-04-09 17:00:00,-1.0
USD_ZAR,2026-03-30 05:00:00,2026-03-31 09:00:00,1.0
AUD_USD,2026-03-30 05:00:00,2026-03-31 21:00:00,1.0
USD_SGD,2026-03-30 05:00:00,2026-04-07 21:00:00,1.0
GBP_USD,2026-03-30 05:00:00,2026-04-07 21:00:00,1.0
USD_SEK,2026-03-30 05:00:00,2026-03-30 21:00:00,-1.0
USD_PLN,2026-03-30 05:00:00,2026-04-01 09:00:00,1.0
GBP_CAD,2026-04-01 01:00:00,2026-04-07 21:00:00,1.0
AUD_JPY,2026-04-01 17:00:00,2026-04-07 13:00:00,1.0
NZD_CHF,2026-04-01 21:00:00,2026-04-09 13:00:00,-1.0
CHF_JPY,2026-04-02 01:00:00,2026-04-09 13:00:00,1.0
AUD_JPY,2026-04-02 01:00:00,2026-04-07 09:00:00,1.0
USD_SGD,2026-04-02 09:00:00,2026-04-07 21:00:00,1.0
AUD_CAD,2026-04-02 09:00:00,2026-04-06 05:00:00,1.0
NZD_CHF,2026-04-02 13:00:00,2026-04-09 01:00:00,-1.0
NZD_CHF,2026-04-02 21:00:00,2026-04-09 01:00:00,-1.0
NZD_JPY,2026-04-03 01:00:00,2026-04-07 21:00:00,1.0
NZD_CAD,2026-04-03 17:00:00,2026-04-07 21:00:00,-1.0
AUD_NZD,2026-04-05 21:00:00,2026-04-23 21:00:00,0.7155738654224824
USD_PLN,2026-04-06 21:00:00,2026-04-07 21:00:00,1.0
USD_ZAR,2026-04-06 21:00:00,2026-04-07 21:00:00,1.0
USD_ZAR,2026-04-07 05:00:00,2026-04-07 21:00:00,1.0
CAD_CHF,2026-04-07 09:00:00,2026-04-08 05:00:00,1.0
USD_SEK,2026-04-07 09:00:00,2026-04-07 21:00:00,1.0
EUR_NOK,2026-04-07 09:00:00,2026-04-09 13:00:00,1.0
USD_HUF,2026-04-07 21:00:00,2026-04-08 01:00:00,1.0
CAD_CHF,2026-04-07 21:00:00,2026-04-08 05:00:00,1.0
EUR_NOK,2026-04-08 05:00:00,2026-04-13 05:00:00,1.0
USD_NOK,2026-04-08 09:00:00,2026-04-13 17:00:00,-1.0
GBP_AUD,2026-04-08 21:00:00,2026-04-17 13:00:00,-1.0
EUR_GBP,2026-04-09 09:00:00,2026-04-29 09:00:00,-0.4446231617646954
EUR_GBP,2026-04-10 05:00:00,2026-04-30 05:00:00,-0.5146290191033078
USD_NOK,2026-04-10 09:00:00,2026-04-15 13:00:00,-1.0
USD_HUF,2026-04-10 17:00:00,2026-04-12 21:00:00,1.0
USD_CHF,2026-04-12 21:00:00,2026-04-14 05:00:00,1.0
CAD_CHF,2026-04-12 21:00:00,2026-04-27 09:00:00,-1.0
CHF_JPY,2026-04-12 21:00:00,2026-04-14 05:00:00,1.0
GBP_USD,2026-04-12 21:00:00,2026-04-14 09:00:00,1.0
USD_ZAR,2026-04-13 09:00:00,2026-04-13 13:00:00,1.0
EUR_AUD,2026-04-13 09:00:00,2026-04-16 01:00:00,1.0
GBP_AUD,2026-04-13 13:00:00,2026-04-17 05:00:00,-1.0
EUR_NOK,2026-04-13 17:00:00,2026-04-20 05:00:00,1.0
NZD_CHF,2026-04-13 21:00:00,2026-04-28 05:00:00,-1.0
