tr_n,tr_w,tr_l,tr_t,tr_wr,tr_ci_low,tr_ci_high,te_n,te_w,te_l,te_t,te_wr,te_ci_low,te_ci_high,pair,tf,period,threshold,recovery,direction,total_n
203.0,83.0,104.0,16.0,0.44385026737967914,0.37263889141702594,0.5150616433423323,87.0,36.0,45.0,6.0,0.4444444444444444,0.3362297966444546,0.5526590922444342,EUR_USD,H4,7,20,1,long,290
91.0,39.0,48.0,4.0,0.4482758620689655,0.34377253563925975,0.5527791884986714,40.0,16.0,22.0,2.0,0.42105263157894735,0.26406985430576235,0.5780354088521323,EUR_USD,H4,7,20,2,long,131
41.0,24.0,15.0,2.0,0.6153846153846154,0.4626946800396934,0.7680745507295375,18.0,9.0,8.0,1.0,0.5294117647058824,0.29213842808518775,0.766685101326577,EUR_USD,H4,7,20,3,long,59
17.0,9.0,5.0,3.0,0.6428571428571429,0.39185913489692026,0.8938551508173656,8.0,5.0,3.0,0.0,0.625,0.28951993352808575,0.9604800664719142,EUR_USD,H4,7,20,4,long,25
413.0,180.0,192.0,41.0,0.4838709677419355,0.4330867779145517,0.5346551575693193,178.0,83.0,85.0,10.0,0.49404761904761907,0.41844433551124427,0.5696509025839939,EUR_USD,H4,7,25,1,long,591
200.0,88.0,96.0,16.0,0.4782608695652174,0.40608262932324163,0.5504391098071932,86.0,42.0,41.0,3.0,0.5060240963855421,0.39846292917865644,0.6135852635924278,EUR_USD,H4,7,25,2,long,286
100.0,48.0,43.0,9.0,0.5274725274725275,0.42489580241098446,0.6300492525340705,43.0,22.0,19.0,2.0,0.5365853658536586,0.38394534131975266,0.6892253903875645,EUR_USD,H4,7,25,3,long,143
51.0,24.0,21.0,6.0,0.5333333333333333,0.3875685642660633,0.6790981024006033,23.0,12.0,11.0,0.0,0.5217391304347826,0.3175882379179313,0.7258900229516339,EUR_USD,H4,7,25,4,long,74
676.0,319.0,284.0,73.0,0.5290215588723052,0.48918015668319637,0.568862961061414,291.0,146.0,129.0,16.0,0.5309090909090909,0.4719258931997344,0.5898922886184473,EUR_USD,H4,7,30,1,long,967
330.0,156.0,140.0,34.0,0.527027027027027,0.47014896090431607,0.5839050931497379,142.0,68.0,66.0,8.0,0.5074626865671642,0.4228130110028776,0.5921123621314508,EUR_USD,H4,7,30,2,long,472
171.0,84.0,69.0,18.0,0.5490196078431373,0.4701729818848889,0.6278662338013857,74.0,34.0,36.0,4.0,0.4857142857142857,0.36862970090484126,0.6027988705237302,EUR_USD,H4,7,30,3,long,245
84.0,40.0,35.0,9.0,0.5333333333333333,0.42042442872107194,0.6462422379455947,37.0,17.0,17.0,3.0,0.5,0.3319313865603413,0.6680686134396587,EUR_USD,H4,7,30,4,long,121
960.0,451.0,402.0,107.0,0.5287221570926143,0.4952230044236329,0.5622213097615957,412.0,194.0,191.0,27.0,0.5038961038961038,0.45395219546392773,0.55384001232828,EUR_USD,H4,7,35,1,long,1372
475.0,224.0,200.0,51.0,0.5283018867924528,0.4807851843985806,0.5758185891863251,204.0,95.0,100.0,9.0,0.48717948717948717,0.4170233034212235,0.5573356709377508,EUR_USD,H4,7,35,2,long,679
238.0,118.0,97.0,23.0,0.5488372093023256,0.48232134291341777,0.6153530756912334,103.0,45.0,54.0,4.0,0.45454545454545453,0.35645959183419695,0.5526313172567121,EUR_USD,H4,7,35,3,long,341
114.0,53.0,47.0,14.0,0.53,0.4321765590464126,0.6278234409535874,50.0,23.0,24.0,3.0,0.48936170212765956,0.34644636986968314,0.632277034385636,EUR_USD,H4,7,35,4,long,164
224.0,95.0,108.0,21.0,0.46798029556650245,0.3993389647719516,0.5366216263610533,97.0,40.0,45.0,12.0,0.47058823529411764,0.364476373307705,0.5767000972805303,EUR_USD,H4,7,20,1,short,321
114.0,52.0,52.0,10.0,0.5,0.40390309378228983,0.5960969062177102,49.0,17.0,24.0,8.0,0.4146341463414634,0.2638310121124069,0.5654372805705199,EUR_USD,H4,7,20,2,short,163
49.0,22.0,26.0,1.0,0.4583333333333333,0.3173745217106679,0.5992921449559987,21.0,9.0,8.0,4.0,0.5294117647058824,0.29213842808518775,0.766685101326577,EUR_USD,H4,7,20,3,short,70
19.0,11.0,8.0,0.0,0.5789473684210527,0.3569401957423196,0.8009545410997857,9.0,5.0,4.0,0.0,0.5555555555555556,0.23091161215558614,0.8801994989555251,EUR_USD,H4,7,20,4,short,28
408.0,202.0,175.0,31.0,0.5358090185676393,0.48546605763239403,0.5861519795028846,176.0,78.0,83.0,15.0,0.484472049689441,0.4072744841561253,0.5616696152227567,EUR_USD,H4,7,25,1,short,584
212.0,105.0,92.0,15.0,0.5329949238578681,0.46332500650881464,0.6026648412069215,91.0,40.0,41.0,10.0,0.49382716049382713,0.38494657011418243,0.6027077508734718,EUR_USD,H4,7,25,2,short,303
96.0,49.0,45.0,2.0,0.5212765957446809,0.4202888709508806,0.6222643205384811,42.0,20.0,17.0,5.0,0.5405405405405406,0.3799599895403506,0.7011210915407305,EUR_USD,H4,7,25,3,short,138
46.0,27.0,18.0,1.0,0.6,0.45686183830531657,0.7431381616946834,21.0,8.0,12.0,1.0,0.4,0.1852927574579749,0.6147072425420251,EUR_USD,H4,7,25,4,short,67
639.0,304.0,288.0,47.0,0.5135135135135135,0.47325047495821554,0.5537765520688114,274.0,123.0,132.0,19.0,0.4823529411764706,0.42102119607834604,0.5436846862745952,EUR_USD,H4,7,30,1,short,913
336.0,159.0,151.0,26.0,0.5129032258064516,0.45726150325062226,0.5685449483622811,144.0,58.0,73.0,13.0,0.44274809160305345,0.3576882529238897,0.5278079302822172,EUR_USD,H4,7,30,2,short,480
167.0,74.0,84.0,9.0,0.46835443037974683,0.39054612731338445,0.5461627334461092,72.0,30.0,36.0,6.0,0.45454545454545453,0.3344152972338223,0.5746756118570867,EUR_USD,H4,7,30,3,short,239
79.0,40.0,34.0,5.0,0.5405405405405406,0.426992944001634,0.6540881370794471,34.0,12.0,20.0,2.0,0.375,0.20725996676404287,0.5427400332359571,EUR_USD,H4,7,30,4,short,113
912.0,432.0,407.0,73.0,0.5148986889153755,0.48108035498631097,0.54871702284444,392.0,176.0,182.0,34.0,0.49162011173184356,0.43983277712648516,0.543407446337202,EUR_USD,H4,7,35,1,short,1304
463.0,214.0,212.0,37.0,0.5023474178403756,0.45486678597584607,0.5498280497049052,199.0,81.0,97.0,21.0,0.4550561797752809,0.38189942289704737,0.5282129366535144,EUR_USD,H4,7,35,2,short,662
223.0,96.0,114.0,13.0,0.45714285714285713,0.3897653139008144,0.5245204003848998,96.0,40.0,45.0,11.0,0.47058823529411764,0.364476373307705,0.5767000972805303,EUR_USD,H4,7,35,3,short,319
107.0,53.0,45.0,9.0,0.5408163265306123,0.44215177424585794,0.6394808788153666,47.0,15.0,25.0,7.0,0.375,0.22496875325453036,0.5250312467454696,EUR_USD,H4,7,35,4,short,154
16.0,8.0,6.0,2.0,0.5714285714285714,0.31219894349225696,0.8306581993648858,7.0,7.0,0.0,0.0,1.0,1.0,1.0,EUR_USD,H4,14,20,1,long,23
4.0,1.0,3.0,0.0,0.25,0.0,0.674352447854375,3.0,2.0,1.0,0.0,0.6666666666666666,0.13322223379388565,1.0,EUR_USD,H4,14,20,2,long,7
2.0,1.0,1.0,0.0,0.5,0.0,1.0,2.0,1.0,1.0,0.0,0.5,0.0,1.0,EUR_USD,H4,14,20,3,long,4
0.0,0.0,0.0,0.0,,,,1.0,1.0,0.0,0.0,1.0,1.0,1.0,EUR_USD,H4,14,20,4,long,1
86.0,34.0,42.0,10.0,0.4473684210526316,0.3355792368972559,0.5591576052080073,37.0,16.0,18.0,3.0,0.47058823529411764,0.3028106499748662,0.6383658206133691,EUR_USD,H4,14,25,1,long,123
40.0,18.0,20.0,2.0,0.47368421052631576,0.31492756025629715,0.6324408607963343,18.0,5.0,11.0,2.0,0.3125,0.08537892133269531,0.5396210786673047,EUR_USD,H4,14,25,2,long,58
18.0,9.0,8.0,1.0,0.5294117647058824,0.29213842808518775,0.766685101326577,9.0,4.0,4.0,1.0,0.5,0.15351767721859172,0.8464823227814082,EUR_USD,H4,14,25,3,long,27
6.0,3.0,1.0,2.0,0.75,0.3256475521456251,1.0,3.0,2.0,1.0,0.0,0.6666666666666666,0.13322223379388565,1.0,EUR_USD,H4,14,25,4,long,9
253.0,107.0,117.0,29.0,0.47767857142857145,0.4122648490293302,0.5430922938278128,109.0,54.0,48.0,7.0,0.5294117647058824,0.4325453306578271,0.6262781987539376,EUR_USD,H4,14,30,1,long,362
122.0,51.0,62.0,9.0,0.45132743362831856,0.35957463098028086,0.5430802362763563,53.0,25.0,25.0,3.0,0.5,0.3614070708874367,0.6385929291125634,EUR_USD,H4,14,30,2,long,175
60.0,27.0,28.0,5.0,0.4909090909090909,0.3587877615184891,0.6230304202996927,26.0,16.0,8.0,2.0,0.6666666666666666,0.4780655787313889,0.8552677546019444,EUR_USD,H4,14,30,3,long,86
30.0,11.0,14.0,5.0,0.44,0.24541631723086335,0.6345836827691367,13.0,8.0,4.0,1.0,0.6666666666666666,0.39994445023027614,0.9333888831030571,EUR_USD,H4,14,30,4,long,43
553.0,254.0,238.0,61.0,0.516260162601626,0.4721017193969064,0.5604186058063456,237.0,115.0,110.0,12.0,0.5111111111111111,0.44579391145707875,0.5764283107651433,EUR_USD,H4,14,35,1,long,790
268.0,127.0,113.0,28.0,0.5291666666666667,0.4660156580899285,0.5923176752434048,116.0,56.0,55.0,5.0,0.5045045045045045,0.41149079575117253,0.5975182132578364,EUR_USD,H4,14,35,2,long,384
140.0,69.0,53.0,18.0,0.5655737704918032,0.4776150697822204,0.6535324712013861,61.0,30.0,29.0,2.0,0.5084745762711864,0.3809077707574716,0.6360413817849012,EUR_USD,H4,14,35,3,long,201
67.0,32.0,26.0,9.0,0.5517241379310345,0.42373422484289125,0.6797140510191777,29.0,17.0,11.0,1.0,0.6071428571428571,0.42624233199160166,0.7880433822941125,EUR_USD,H4,14,35,4,long,96
32.0,17.0,14.0,1.0,0.5483870967741935,0.37320004290478614,0.7235741506436009,14.0,7.0,5.0,2.0,0.5833333333333334,0.30438856248221097,0.8622781041844558,EUR_USD,H4,14,20,1,short,46
16.0,9.0,7.0,0.0,0.5625,0.31942159829594075,0.8055784017040593,7.0,2.0,3.0,2.0,0.4,0.0,0.8294144850840502,EUR_USD,H4,14,20,2,short,23
7.0,3.0,3.0,1.0,0.5,0.09991667534541426,0.9000833246545857,3.0,2.0,0.0,1.0,1.0,1.0,1.0,EUR_USD,H4,14,20,3,short,10
3.0,1.0,2.0,0.0,0.3333333333333333,0.0,0.8667777662061142,2.0,2.0,0.0,0.0,1.0,1.0,1.0,EUR_USD,H4,14,20,4,short,5
108.0,43.0,58.0,7.0,0.42574257425742573,0.3293103386407844,0.5221748098740671,47.0,25.0,18.0,4.0,0.5813953488372093,0.4339403008287866,0.7288503968456321,EUR_USD,H4,14,25,1,short,155
58.0,26.0,30.0,2.0,0.4642857142857143,0.333662209509583,0.5949092190618457,26.0,10.0,13.0,3.0,0.43478260869565216,0.23218421697992483,0.6373810004113795,EUR_USD,H4,14,25,2,short,84
27.0,12.0,15.0,0.0,0.4444444444444444,0.25701117633169046,0.6318777125571984,12.0,6.0,4.0,2.0,0.6,0.2963581056573385,0.9036418943426614,EUR_USD,H4,14,25,3,short,39
10.0,6.0,4.0,0.0,0.6,0.2963581056573385,0.9036418943426614,5.0,3.0,2.0,0.0,0.6,0.17058551491594975,1.0,EUR_USD,H4,14,25,4,short,15
256.0,121.0,118.0,17.0,0.5062761506276151,0.4428902144896776,0.5696620867655526,111.0,54.0,47.0,10.0,0.5346534653465347,0.4373743036161636,0.6319326270769058,EUR_USD,H4,14,30,1,short,367
137.0,64.0,67.0,6.0,0.48854961832061067,0.4029490759872134,0.5741501606540079,60.0,25.0,29.0,6.0,0.46296296296296297,0.32996823210794796,0.595957693817978,EUR_USD,H4,14,30,2,short,197
63.0,30.0,31.0,2.0,0.4918032786885246,0.3663439980277261,0.6172625593493231,28.0,15.0,10.0,3.0,0.6,0.4079600041657988,0.7920399958342011,EUR_USD,H4,14,30,3,short,91
30.0,15.0,13.0,2.0,0.5357142857142857,0.350984753695174,0.7204438177333974,14.0,7.0,6.0,1.0,0.5384615384615384,0.2674637865884742,0.8094592903346027,EUR_USD,H4,14,30,4,short,44
483.0,233.0,211.0,39.0,0.5247747747747747,0.4783231612206592,0.5712263883288903,208.0,93.0,92.0,23.0,0.5027027027027027,0.430652722353423,0.5747526830519823,EUR_USD,H4,14,35,1,short,691
260.0,126.0,112.0,22.0,0.5294117647058824,0.4659977980879308,0.5928257313238339,112.0,45.0,53.0,14.0,0.45918367346938777,0.3605191211846334,0.5578482257541421,EUR_USD,H4,14,35,2,short,372
125.0,60.0,58.0,7.0,0.5084745762711864,0.4182712230381332,0.5986779295042396,54.0,23.0,25.0,6.0,0.4791666666666667,0.3378386912211856,0.6204946421121478,EUR_USD,H4,14,35,3,short,179
62.0,31.0,26.0,5.0,0.543859649122807,0.4145558429986815,0.6731634552469326,28.0,11.0,14.0,3.0,0.44,0.24541631723086335,0.6345836827691367,EUR_USD,H4,14,35,4,short,90
1.0,0.0,1.0,0.0,0.0,0.0,0.0,1.0,0.0,0.0,1.0,,,,EUR_USD,H4,21,20,1,long,2
0.0,0.0,0.0,0.0,,,,1.0,0.0,1.0,0.0,0.0,0.0,0.0,EUR_USD,H4,21,20,2,long,1
0.0,0.0,0.0,0.0,,,,1.0,0.0,1.0,0.0,0.0,0.0,0.0,EUR_USD,H4,21,20,3,long,1
,,,,,,,,,,,,,,EUR_USD,H4,21,20,4,long,0
16.0,9.0,5.0,2.0,0.6428571428571429,0.39185913489692026,0.8938551508173656,8.0,7.0,1.0,0.0,0.875,0.6458234850600961,1.0,EUR_USD,H4,21,25,1,long,24
6.0,3.0,3.0,0.0,0.5,0.09991667534541426,0.9000833246545857,3.0,2.0,1.0,0.0,0.6666666666666666,0.13322223379388565,1.0,EUR_USD,H4,21,25,2,long,9
4.0,3.0,1.0,0.0,0.75,0.3256475521456251,1.0,2.0,1.0,1.0,0.0,0.5,0.0,1.0,EUR_USD,H4,21,25,3,long,6
1.0,1.0,0.0,0.0,1.0,1.0,1.0,1.0,1.0,0.0,0.0,1.0,1.0,1.0,EUR_USD,H4,21,25,4,long,2
95.0,45.0,41.0,9.0,0.5232558139534884,0.41769406434041734,0.6288175635665595,41.0,19.0,20.0,2.0,0.48717948717948717,0.33030549125404296,0.6440534831049314,EUR_USD,H4,21,30,1,long,136
44.0,20.0,22.0,2.0,0.47619047619047616,0.32514473869744126,0.627236213683511,20.0,7.0,11.0,2.0,0.3888888888888889,0.16367629309127704,0.6141014846865007,EUR_USD,H4,21,30,2,long,64
21.0,9.0,12.0,0.0,0.42857142857142855,0.21691132368626131,0.6402315334565958,10.0,5.0,4.0,1.0,0.5555555555555556,0.23091161215558614,0.8801994989555251,EUR_USD,H4,21,30,3,long,31
8.0,3.0,4.0,1.0,0.42857142857142855,0.06196537297496135,0.7951774841678958,4.0,3.0,1.0,0.0,0.75,0.3256475521456251,1.0,EUR_USD,H4,21,30,4,long,12
303.0,137.0,129.0,37.0,0.5150375939849624,0.454977120014093,0.5750980679558318,130.0,62.0,61.0,7.0,0.5040650406504065,0.4157043368404796,0.5924257444603334,EUR_USD,H4,21,35,1,long,433
146.0,67.0,66.0,13.0,0.5037593984962406,0.4187850234834996,0.5887337735089817,63.0,31.0,28.0,4.0,0.5254237288135594,0.3980036361781897,0.652843821448929,EUR_USD,H4,21,35,2,long,209
78.0,36.0,33.0,9.0,0.5217391304347826,0.4038725576848761,0.639605703184689,34.0,18.0,14.0,2.0,0.5625,0.3906176137950721,0.7343823862049279,EUR_USD,H4,21,35,3,long,112
37.0,16.0,16.0,5.0,0.5,0.3267588386092959,0.6732411613907041,17.0,9.0,7.0,1.0,0.5625,0.31942159829594075,0.8055784017040593,EUR_USD,H4,21,35,4,long,54
2.0,0.0,1.0,1.0,0.0,0.0,0.0,1.0,1.0,0.0,0.0,1.0,1.0,1.0,EUR_USD,H4,21,20,1,short,3
1.0,0.0,0.0,1.0,,,,1.0,0.0,1.0,0.0,0.0,0.0,0.0,EUR_USD,H4,21,20,2,short,2
0.0,0.0,0.0,0.0,,,,1.0,0.0,1.0,0.0,0.0,0.0,0.0,EUR_USD,H4,21,20,3,short,1
0.0,0.0,0.0,0.0,,,,1.0,0.0,1.0,0.0,0.0,0.0,0.0,EUR_USD,H4,21,20,4,short,1
31.0,13.0,16.0,2.0,0.4482758620689655,0.26727079113275964,0.6292809330051714,14.0,7.0,5.0,2.0,0.5833333333333334,0.30438856248221097,0.8622781041844558,EUR_USD,H4,21,25,1,short,45
19.0,7.0,11.0,1.0,0.3888888888888889,0.16367629309127704,0.6141014846865007,9.0,3.0,4.0,2.0,0.42857142857142855,0.06196537297496135,0.7951774841678958,EUR_USD,H4,21,25,2,short,28
9.0,3.0,6.0,0.0,0.3333333333333333,0.02534904641652591,0.6413176202501407,4.0,1.0,1.0,2.0,0.5,0.0,1.0,EUR_USD,H4,21,25,3,short,13
3.0,1.0,2.0,0.0,0.3333333333333333,0.0,0.8667777662061142,2.0,1.0,1.0,0.0,0.5,0.0,1.0,EUR_USD,H4,21,25,4,short,5
118.0,51.0,61.0,6.0,0.45535714285714285,0.3631256914698856,0.5475885942444001,52.0,26.0,20.0,6.0,0.5652173913043478,0.4219586946646685,0.708476087944027,EUR_USD,H4,21,30,1,short,170
65.0,30.0,32.0,3.0,0.4838709677419355,0.35947561566420505,0.608266319819666,28.0,11.0,14.0,3.0,0.44,0.24541631723086335,0.6345836827691367,EUR_USD,H4,21,30,2,short,93
32.0,12.0,18.0,2.0,0.4,0.2246922705640165,0.5753077294359835,15.0,8.0,5.0,2.0,0.6153846153846154,0.35091788956280356,0.8798513412064273,EUR_USD,H4,21,30,3,short,47
14.0,6.0,6.0,2.0,0.5,0.21709836809708338,0.7829016319029166,6.0,3.0,3.0,0.0,0.5,0.09991667534541426,0.9000833246545857,EUR_USD,H4,21,30,4,short,20
302.0,147.0,138.0,17.0,0.5157894736842106,0.45776823557663326,0.5738107117917879,130.0,59.0,56.0,15.0,0.5130434782608696,0.42168910759082756,0.6043978489309116,EUR_USD,H4,21,35,1,short,432
164.0,79.0,76.0,9.0,0.5096774193548387,0.4309766703004918,0.5883781684091856,71.0,26.0,36.0,9.0,0.41935483870967744,0.2965242703316106,0.5421854070877442,EUR_USD,H4,21,35,2,short,235
74.0,35.0,36.0,3.0,0.49295774647887325,0.37666468041418233,0.6092508125435642,33.0,15.0,13.0,5.0,0.5357142857142857,0.350984753695174,0.7204438177333974,EUR_USD,H4,21,35,3,short,107
37.0,18.0,16.0,3.0,0.5294117647058824,0.3616341793866309,0.6971893500251338,17.0,7.0,7.0,3.0,0.5,0.2380839829258241,0.7619160170741759,EUR_USD,H4,21,35,4,short,54
,,,,,,,,,,,,,,EUR_USD,H4,28,20,1,long,0
,,,,,,,,,,,,,,EUR_USD,H4,28,20,2,long,0
,,,,,,,,,,,,,,EUR_USD,H4,28,20,3,long,0
,,,,,,,,,,,,,,EUR_USD,H4,28,20,4,long,0
2.0,0.0,1.0,1.0,0.0,0.0,0.0,2.0,0.0,1.0,1.0,0.0,0.0,0.0,EUR_USD,H4,28,25,1,long,4
0.0,0.0,0.0,0.0,,,,1.0,0.0,1.0,0.0,0.0,0.0,0.0,EUR_USD,H4,28,25,2,long,1
0.0,0.0,0.0,0.0,,,,1.0,0.0,1.0,0.0,0.0,0.0,0.0,EUR_USD,H4,28,25,3,long,1
,,,,,,,,,,,,,,EUR_USD,H4,28,25,4,long,0
49.0,26.0,19.0,4.0,0.5777777777777777,0.4334663328356338,0.7220892227199216,21.0,13.0,8.0,0.0,0.6190476190476191,0.4113441266823227,0.8267511114129155,EUR_USD,H4,28,30,1,long,70
19.0,12.0,7.0,0.0,0.631578947368421,0.41467607015701474,0.8484818245798273,9.0,3.0,6.0,0.0,0.3333333333333333,0.02534904641652591,0.6413176202501407,EUR_USD,H4,28,30,2,long,28
11.0,8.0,3.0,0.0,0.7272727272727273,0.4640807392878268,0.9904647152576278,5.0,1.0,4.0,0.0,0.2,0.0,0.5506154588719672,EUR_USD,H4,28,30,3,long,16
2.0,1.0,0.0,1.0,1.0,1.0,1.0,2.0,2.0,0.0,0.0,1.0,1.0,1.0,EUR_USD,H4,28,30,4,long,4
173.0,84.0,73.0,16.0,0.535031847133758,0.45701153816462725,0.6130521561028887,75.0,40.0,32.0,3.0,0.5555555555555556,0.4407765886309255,0.6703345224801857,EUR_USD,H4,28,35,1,long,248
84.0,38.0,39.0,7.0,0.4935064935064935,0.38183454720266685,0.6051784398103202,37.0,18.0,17.0,2.0,0.5142857142857142,0.348703106503375,0.6798683220680535,EUR_USD,H4,28,35,2,long,121
45.0,23.0,18.0,4.0,0.5609756097560976,0.40906767589104376,0.7128835436211515,20.0,12.0,7.0,1.0,0.631578947368421,0.41467607015701474,0.8484818245798273,EUR_USD,H4,28,35,3,long,65
21.0,8.0,9.0,4.0,0.47058823529411764,0.23331489867342306,0.7078615719148122,9.0,5.0,3.0,1.0,0.625,0.28951993352808575,0.9604800664719142,EUR_USD,H4,28,35,4,long,30
0.0,0.0,0.0,0.0,,,,1.0,1.0,0.0,0.0,1.0,1.0,1.0,EUR_USD,H4,28,20,1,short,1
,,,,,,,,,,,,,,EUR_USD,H4,28,20,2,short,0
,,,,,,,,,,,,,,EUR_USD,H4,28,20,3,short,0
,,,,,,,,,,,,,,EUR_USD,H4,28,20,4,short,0
3.0,2.0,1.0,0.0,0.6666666666666666,0.13322223379388565,1.0,2.0,1.0,1.0,0.0,0.5,0.0,1.0,EUR_USD,H4,28,25,1,short,5
2.0,1.0,0.0,1.0,1.0,1.0,1.0,2.0,0.0,2.0,0.0,0.0,0.0,0.0,EUR_USD,H4,28,25,2,short,4
1.0,0.0,0.0,1.0,,,,1.0,1.0,0.0,0.0,1.0,1.0,1.0,EUR_USD,H4,28,25,3,short,2
1.0,0.0,0.0,1.0,,,,1.0,1.0,0.0,0.0,1.0,1.0,1.0,EUR_USD,H4,28,25,4,short,2
58.0,25.0,31.0,2.0,0.44642857142857145,0.3162244048285736,0.5766327380285693,25.0,14.0,9.0,2.0,0.6086956521739131,0.4092385110469433,0.8081527933008829,EUR_USD,H4,28,30,1,short,83
31.0,13.0,17.0,1.0,0.43333333333333335,0.2560081873235037,0.610658479343163,14.0,4.0,8.0,2.0,0.3333333333333333,0.06661111689694282,0.6000555497697238,EUR_USD,H4,28,30,2,short,45
16.0,5.0,10.0,1.0,0.3333333333333333,0.09476973050886098,0.5718969361578057,7.0,4.0,1.0,2.0,0.8,0.44938454112803305,1.0,EUR_USD,H4,28,30,3,short,23
5.0,2.0,2.0,1.0,0.5,0.010000000000000009,0.99,3.0,1.0,2.0,0.0,0.3333333333333333,0.0,0.8667777662061142,EUR_USD,H4,28,30,4,short,8
197.0,86.0,101.0,10.0,0.45989304812834225,0.3884592776446268,0.5313268186120578,85.0,49.0,27.0,9.0,0.6447368421052632,0.5371360161510582,0.7523376680594681,EUR_USD,H4,28,35,1,short,282
104.0,46.0,53.0,5.0,0.46464646464646464,0.3663992763941029,0.5628936528988263,45.0,20.0,17.0,8.0,0.5405405405405406,0.3799599895403506,0.7011210915407305,EUR_USD,H4,28,35,2,short,149
49.0,22.0,24.0,3.0,0.4782608695652174,0.33390438908126585,0.622617350049169,22.0,11.0,6.0,5.0,0.6470588235294118,0.41988689910096416,0.8742307479578595,EUR_USD,H4,28,35,3,short,71
25.0,13.0,10.0,2.0,0.5652173913043478,0.3626189995886204,0.7678157830200751,12.0,5.0,3.0,4.0,0.625,0.28951993352808575,0.9604800664719142,EUR_USD,H4,28,35,4,short,37
214.0,106.0,107.0,1.0,0.49765258215962443,0.43050482862676265,0.5648003356924862,92.0,50.0,39.0,3.0,0.5617977528089888,0.4587144400097749,0.6648810656082027,GBP_USD,H4,7,20,1,long,306
109.0,47.0,58.0,4.0,0.44761904761904764,0.3525071057742851,0.5427309894638102,48.0,26.0,21.0,1.0,0.5531914893617021,0.41105499305058923,0.6953279856728151,GBP_USD,H4,7,20,2,long,157
53.0,23.0,30.0,0.0,0.4339622641509434,0.30052816979688846,0.5673963585049984,23.0,11.0,11.0,1.0,0.5,0.29106329797150177,0.7089367020284982,GBP_USD,H4,7,20,3,long,76
25.0,13.0,12.0,0.0,0.52,0.32415686277022626,0.7158431372297738,12.0,6.0,5.0,1.0,0.5454545454545454,0.2511969573207727,0.8397121335883182,GBP_USD,H4,7,20,4,long,37
413.0,196.0,207.0,10.0,0.48635235732009924,0.43755326876415057,0.5351514458760479,177.0,82.0,86.0,9.0,0.4880952380952381,0.4125080306727785,0.5636824455176976,GBP_USD,H4,7,25,1,long,590
203.0,90.0,106.0,7.0,0.45918367346938777,0.3894172994861033,0.5289500474526723,87.0,41.0,45.0,1.0,0.47674418604651164,0.37118243643344057,0.5823059356595827,GBP_USD,H4,7,25,2,long,290
102.0,38.0,63.0,1.0,0.37623762376237624,0.28175845063519683,0.47071679688955564,44.0,18.0,25.0,1.0,0.4186046511627907,0.271149603154368,0.5660596991712135,GBP_USD,H4,7,25,3,long,146
48.0,22.0,26.0,0.0,0.4583333333333333,0.3173745217106679,0.5992921449559987,21.0,10.0,10.0,1.0,0.5,0.28086533820502063,0.7191346617949794,GBP_USD,H4,7,25,4,long,69
664.0,300.0,346.0,18.0,0.46439628482972134,0.42593657784584593,0.5028559918135967,285.0,142.0,127.0,16.0,0.5278810408921933,0.4682223548435764,0.5875397269408102,GBP_USD,H4,7,30,1,long,949
331.0,140.0,182.0,9.0,0.43478260869565216,0.38063591091624704,0.4889293064750573,143.0,73.0,66.0,4.0,0.5251798561151079,0.44216281145071856,0.6081969007794972,GBP_USD,H4,7,30,2,long,474
166.0,65.0,98.0,3.0,0.3987730061349693,0.32360303544313423,0.47394297682680436,72.0,34.0,34.0,4.0,0.5,0.38115754373219685,0.6188424562678032,GBP_USD,H4,7,30,3,long,238
81.0,35.0,45.0,1.0,0.4375,0.3287920339855446,0.5462079660144554,36.0,17.0,17.0,2.0,0.5,0.3319313865603413,0.6680686134396587,GBP_USD,H4,7,30,4,long,117
947.0,427.0,499.0,21.0,0.4611231101511879,0.42901580899102604,0.49323041131134976,407.0,193.0,195.0,19.0,0.49742268041237114,0.4476713792876186,0.5471739815371237,GBP_USD,H4,7,35,1,long,1354
482.0,221.0,250.0,11.0,0.4692144373673036,0.42414409554668225,0.514284779187925,207.0,101.0,101.0,5.0,0.5,0.4310474406164314,0.5689525593835686,GBP_USD,H4,7,35,2,long,689
237.0,103.0,129.0,5.0,0.44396551724137934,0.38003068035485277,0.5079003541279059,102.0,45.0,51.0,6.0,0.46875,0.36892471317033443,0.5685752868296655,GBP_USD,H4,7,35,3,long,339
116.0,54.0,60.0,2.0,0.47368421052631576,0.38202601575727724,0.5653424052953543,51.0,22.0,26.0,3.0,0.4583333333333333,0.3173745217106679,0.5992921449559987,GBP_USD,H4,7,35,4,long,167
219.0,103.0,107.0,9.0,0.49047619047619045,0.4228620346057363,0.5580903463466447,95.0,37.0,49.0,9.0,0.43023255813953487,0.32559025336448966,0.5348748629145801,GBP_USD,H4,7,20,1,short,314
121.0,54.0,63.0,4.0,0.46153846153846156,0.3712058775807735,0.5518710454961496,52.0,30.0,20.0,2.0,0.6,0.46420721668660003,0.7357927833133999,GBP_USD,H4,7,20,2,short,173
72.0,26.0,42.0,4.0,0.38235294117647056,0.2668470802515842,0.4978588021013569,31.0,18.0,12.0,1.0,0.6,0.4246922705640165,0.7753077294359835,GBP_USD,H4,7,20,3,short,103
30.0,15.0,15.0,0.0,0.5,0.32107729788164574,0.6789227021183543,14.0,10.0,3.0,1.0,0.7692307692307693,0.5401958662133862,0.9982656722481523,GBP_USD,H4,7,20,4,short,44
403.0,184.0,208.0,11.0,0.46938775510204084,0.41998313662835346,0.5187923735757282,173.0,72.0,88.0,13.0,0.45,0.3729125496594939,0.5270874503405062,GBP_USD,H4,7,25,1,short,576
219.0,91.0,119.0,9.0,0.43333333333333335,0.36631072797044384,0.5003559386962229,95.0,47.0,44.0,4.0,0.5164835164835165,0.41380744348095166,0.6191595894860814,GBP_USD,H4,7,25,2,short,314
119.0,46.0,69.0,4.0,0.4,0.31046089025507884,0.4895391097449212,52.0,27.0,24.0,1.0,0.5294117647058824,0.3924219399364037,0.666401589475361,GBP_USD,H4,7,25,3,short,171
49.0,23.0,26.0,0.0,0.46938775510204084,0.32965039212332675,0.6091251180807549,21.0,13.0,7.0,1.0,0.65,0.4409588557245249,0.8590411442754751,GBP_USD,H4,7,25,4,short,70
638.0,301.0,320.0,17.0,0.48470209339774556,0.4453944589959999,0.5240097277994912,274.0,112.0,137.0,25.0,0.4497991967871486,0.38800803716233484,0.5115903564119623,GBP_USD,H4,7,30,1,short,912
336.0,148.0,175.0,13.0,0.4582043343653251,0.40386651948297536,0.5125421492476748,144.0,62.0,72.0,10.0,0.4626865671641791,0.37826353103086346,0.5471096032974947,GBP_USD,H4,7,30,2,short,480
172.0,73.0,93.0,6.0,0.4397590361445783,0.36425036216213946,0.5152677101270171,75.0,38.0,35.0,2.0,0.5205479452054794,0.40594451897763245,0.6351513714333263,GBP_USD,H4,7,30,3,short,247
76.0,36.0,40.0,0.0,0.47368421052631576,0.3614263065619245,0.5859421144907071,33.0,18.0,13.0,2.0,0.5806451612903226,0.4069365056160647,0.7543538169645805,GBP_USD,H4,7,30,4,short,109
905.0,436.0,448.0,21.0,0.49321266968325794,0.46025473979929915,0.5261705995672167,388.0,174.0,179.0,35.0,0.49291784702549574,0.44076294271813327,0.5450727513328582,GBP_USD,H4,7,35,1,short,1293
480.0,223.0,240.0,17.0,0.4816414686825054,0.4361277168442176,0.5271552205207932,207.0,90.0,102.0,15.0,0.46875,0.3981628627488513,0.5393371372511486,GBP_USD,H4,7,35,2,short,687
239.0,108.0,125.0,6.0,0.463519313304721,0.39948849175878587,0.5275501348506562,103.0,48.0,51.0,4.0,0.48484848484848486,0.3864000114266021,0.5832969582703676,GBP_USD,H4,7,35,3,short,342
105.0,53.0,51.0,1.0,0.5096153846153846,0.4135362494391981,0.6056945197915711,45.0,23.0,19.0,3.0,0.5476190476190477,0.3970891195008849,0.6981489757372105,GBP_USD,H4,7,35,4,short,150
28.0,6.0,22.0,0.0,0.21428571428571427,0.062298872750007644,0.36627255582142093,13.0,7.0,6.0,0.0,0.5384615384615384,0.2674637865884742,0.8094592903346027,GBP_USD,H4,14,20,1,long,41
14.0,3.0,11.0,0.0,0.21428571428571427,0.0,0.42922756688776104,7.0,5.0,2.0,0.0,0.7142857142857143,0.3796217036720841,1.0,GBP_USD,H4,14,20,2,long,21
6.0,1.0,5.0,0.0,0.16666666666666666,0.0,0.4648711701972571,3.0,1.0,2.0,0.0,0.3333333333333333,0.0,0.8667777662061142,GBP_USD,H4,14,20,3,long,9
2.0,1.0,1.0,0.0,0.5,0.0,1.0,1.0,1.0,0.0,0.0,1.0,1.0,1.0,GBP_USD,H4,14,20,4,long,3
93.0,38.0,54.0,1.0,0.41304347826086957,0.31242841408075406,0.5136585424409851,40.0,26.0,14.0,0.0,0.65,0.5021855893358161,0.7978144106641839,GBP_USD,H4,14,25,1,long,133
46.0,17.0,28.0,1.0,0.37777777777777777,0.23611988504536344,0.5194356705101921,21.0,15.0,6.0,0.0,0.7142857142857143,0.5210673576698551,0.9075040709015735,GBP_USD,H4,14,25,2,long,67
22.0,9.0,13.0,0.0,0.4090909090909091,0.20363672932088425,0.614545088860934,10.0,5.0,5.0,0.0,0.5,0.19009678930349883,0.8099032106965012,GBP_USD,H4,14,25,3,long,32
11.0,5.0,6.0,0.0,0.45454545454545453,0.1602878664116818,0.7488030426792273,6.0,4.0,2.0,0.0,0.6666666666666666,0.28946449079611114,1.0,GBP_USD,H4,14,25,4,long,17
263.0,128.0,130.0,5.0,0.49612403100775193,0.4351137291987123,0.5571343328167916,114.0,53.0,57.0,4.0,0.4818181818181818,0.38844064658002875,0.5751957170563349,GBP_USD,H4,14,30,1,long,377
128.0,58.0,65.0,5.0,0.4715447154471545,0.38332430392546335,0.5597651269688456,56.0,28.0,28.0,0.0,0.5,0.36904199146291206,0.6309580085370879,GBP_USD,H4,14,30,2,long,184
59.0,26.0,33.0,0.0,0.4406779661016949,0.31399398645798693,0.5673619457454029,26.0,9.0,17.0,0.0,0.34615384615384615,0.16328414093967988,0.5290235513680124,GBP_USD,H4,14,30,3,long,85
27.0,16.0,11.0,0.0,0.5925925925925926,0.4072536166713656,0.7779315685138195,12.0,5.0,7.0,0.0,0.4166666666666667,0.13772189581554434,0.6956114375177891,GBP_USD,H4,14,30,4,long,39
513.0,253.0,251.0,9.0,0.501984126984127,0.4583318011732742,0.5456364527949797,220.0,107.0,105.0,8.0,0.5047169811320755,0.4374132999989787,0.5720206622651723,GBP_USD,H4,14,35,1,long,733
261.0,121.0,133.0,7.0,0.4763779527559055,0.414955945911018,0.537799959600793,112.0,58.0,51.0,3.0,0.5321100917431193,0.43843688037181183,0.6257833031144268,GBP_USD,H4,14,35,2,long,373
130.0,53.0,76.0,1.0,0.4108527131782946,0.3259510423906448,0.49575438396594435,57.0,25.0,30.0,2.0,0.45454545454545453,0.3229494605530043,0.5861414485379048,GBP_USD,H4,14,35,3,long,187
64.0,32.0,32.0,0.0,0.5,0.3775,0.6225,28.0,12.0,14.0,2.0,0.46153846153846156,0.26991411350270844,0.6531628095742147,GBP_USD,H4,14,35,4,long,92
29.0,13.0,14.0,2.0,0.48148148148148145,0.29300979396482363,0.6699531689981393,13.0,6.0,7.0,0.0,0.46153846153846156,0.19054070966539732,0.7325362134115259,GBP_USD,H4,14,20,1,short,42
11.0,3.0,7.0,1.0,0.3,0.015969015774687012,0.584030984225313,5.0,3.0,1.0,1.0,0.75,0.3256475521456251,1.0,GBP_USD,H4,14,20,2,short,16
7.0,0.0,5.0,2.0,0.0,0.0,0.0,3.0,2.0,1.0,0.0,0.6666666666666666,0.13322223379388565,1.0,GBP_USD,H4,14,20,3,short,10
0.0,0.0,0.0,0.0,,,,1.0,0.0,1.0,0.0,0.0,0.0,0.0,GBP_USD,H4,14,20,4,short,1
91.0,40.0,49.0,2.0,0.449438202247191,0.34609091126210384,0.5527854932322781,39.0,17.0,20.0,2.0,0.4594594594594595,0.2988789084592695,0.6200400104596495,GBP_USD,H4,14,25,1,short,130
49.0,20.0,26.0,3.0,0.43478260869565216,0.29152391205597294,0.5780413053353314,22.0,14.0,8.0,0.0,0.6363636363636364,0.4353474351558506,0.8373798375714221,GBP_USD,H4,14,25,2,short,71
26.0,9.0,15.0,2.0,0.375,0.18131049331468677,0.5686895066853133,12.0,8.0,4.0,0.0,0.6666666666666666,0.39994445023027614,0.9333888831030571,GBP_USD,H4,14,25,3,short,38
11.0,6.0,5.0,0.0,0.5454545454545454,0.2511969573207727,0.8397121335883182,6.0,5.0,1.0,0.0,0.8333333333333334,0.535128829802743,1.0,GBP_USD,H4,14,25,4,short,17
259.0,122.0,128.0,9.0,0.488,0.42603721085683766,0.5499627891431623,111.0,43.0,55.0,13.0,0.4387755102040816,0.3405255166952279,0.5370255037129353,GBP_USD,H4,14,30,1,short,370
146.0,61.0,78.0,7.0,0.43884892086330934,0.35635041371870674,0.521347428007912,63.0,33.0,26.0,4.0,0.559322033898305,0.4326380542545971,0.686006013542013,GBP_USD,H4,14,30,2,short,209
78.0,26.0,48.0,4.0,0.35135135135135137,0.24257968435378746,0.4601230183489153,34.0,19.0,14.0,1.0,0.5757575757575758,0.40713101598803636,0.7443841355271152,GBP_USD,H4,14,30,3,short,112
32.0,14.0,18.0,0.0,0.4375,0.2656176137950721,0.6093823862049279,15.0,12.0,2.0,1.0,0.8571428571428571,0.6738398293446235,1.0,GBP_USD,H4,14,30,4,short,47
501.0,231.0,255.0,15.0,0.47530864197530864,0.43090917589205496,0.5197081080585623,215.0,92.0,101.0,22.0,0.47668393782383417,0.4062187346610441,0.5471491409866243,GBP_USD,H4,14,35,1,short,716
266.0,119.0,136.0,11.0,0.4666666666666667,0.4054332157433146,0.5279001175900188,114.0,57.0,51.0,6.0,0.5277777777777778,0.4336228718027907,0.6219326837527649,GBP_USD,H4,14,35,2,short,380
137.0,58.0,73.0,6.0,0.44274809160305345,0.3576882529238897,0.5278079302822172,59.0,31.0,27.0,1.0,0.5344827586206896,0.40610883652956736,0.6628566807118119,GBP_USD,H4,14,35,3,short,196
60.0,30.0,30.0,0.0,0.5,0.373482544023891,0.626517455976109,26.0,17.0,8.0,1.0,0.68,0.49714134857765147,0.8628586514223486,GBP_USD,H4,14,35,4,short,86
7.0,1.0,6.0,0.0,0.14285714285714285,0.0,0.4020867707934573,4.0,3.0,1.0,0.0,0.75,0.3256475521456251,1.0,GBP_USD,H4,21,20,1,long,11
4.0,1.0,3.0,0.0,0.25,0.0,0.674352447854375,2.0,2.0,0.0,0.0,1.0,1.0,1.0,GBP_USD,H4,21,20,2,long,6
0.0,0.0,0.0,0.0,,,,1.0,0.0,1.0,0.0,0.0,0.0,0.0,GBP_USD,H4,21,20,3,long,1
,,,,,,,,,,,,,,GBP_USD,H4,21,20,4,long,0
29.0,9.0,20.0,0.0,0.3103448275862069,0.14196295808965828,0.4787266970827555,13.0,8.0,5.0,0.0,0.6153846153846154,0.35091788956280356,0.8798513412064273,GBP_USD,H4,21,25,1,long,42
14.0,3.0,11.0,0.0,0.21428571428571427,0.0,0.42922756688776104,7.0,6.0,1.0,0.0,0.8571428571428571,0.5979132292065427,1.0,GBP_USD,H4,21,25,2,long,21
7.0,1.0,6.0,0.0,0.14285714285714285,0.0,0.4020867707934573,4.0,1.0,3.0,0.0,0.25,0.0,0.674352447854375,GBP_USD,H4,21,25,3,long,11
2.0,1.0,1.0,0.0,0.5,0.0,1.0,1.0,1.0,0.0,0.0,1.0,1.0,1.0,GBP_USD,H4,21,25,4,long,3
108.0,47.0,57.0,4.0,0.4519230769230769,0.35627143723860194,0.547574716607552,47.0,28.0,18.0,1.0,0.6086956521739131,0.4676581551269505,0.7497331492208756,GBP_USD,H4,21,30,1,long,155
50.0,19.0,29.0,2.0,0.3958333333333333,0.25748624775520135,0.5341804189114653,22.0,14.0,8.0,0.0,0.6363636363636364,0.4353474351558506,0.8373798375714221,GBP_USD,H4,21,30,2,long,72
23.0,10.0,13.0,0.0,0.43478260869565216,0.23218421697992483,0.6373810004113795,11.0,5.0,6.0,0.0,0.45454545454545453,0.1602878664116818,0.7488030426792273,GBP_USD,H4,21,30,3,long,34
12.0,5.0,7.0,0.0,0.4166666666666667,0.13772189581554434,0.6956114375177891,6.0,4.0,2.0,0.0,0.6666666666666666,0.28946449079611114,1.0,GBP_USD,H4,21,30,4,long,18
315.0,158.0,151.0,6.0,0.511326860841424,0.4555909157931316,0.5670628058897164,136.0,59.0,70.0,7.0,0.4573643410852713,0.3713944192772512,0.5433342628932915,GBP_USD,H4,21,35,1,long,451
157.0,77.0,76.0,4.0,0.5032679738562091,0.4240413619573594,0.5824945857550589,68.0,34.0,32.0,2.0,0.5151515151515151,0.394577252231733,0.6357257780712973,GBP_USD,H4,21,35,2,long,225
78.0,36.0,42.0,0.0,0.46153846153846156,0.35090409261673294,0.5721728304601902,34.0,13.0,20.0,1.0,0.3939393939393939,0.22722548461529885,0.5606533032634891,GBP_USD,H4,21,35,3,long,112
42.0,26.0,16.0,0.0,0.6190476190476191,0.4721790711199897,0.7659161669752484,18.0,8.0,9.0,1.0,0.47058823529411764,0.23331489867342306,0.7078615719148122,GBP_USD,H4,21,35,4,long,60
2.0,1.0,1.0,0.0,0.5,0.0,1.0,2.0,2.0,0.0,0.0,1.0,1.0,1.0,GBP_USD,H4,21,20,1,short,4
1.0,0.0,1.0,0.0,0.0,0.0,0.0,1.0,0.0,1.0,0.0,0.0,0.0,0.0,GBP_USD,H4,21,20,2,short,2
0.0,0.0,0.0,0.0,,,,1.0,0.0,1.0,0.0,0.0,0.0,0.0,GBP_USD,H4,21,20,3,short,1
,,,,,,,,,,,,,,GBP_USD,H4,21,20,4,short,0
28.0,13.0,13.0,2.0,0.5,0.30780618756457967,0.6921938124354203,13.0,8.0,5.0,0.0,0.6153846153846154,0.35091788956280356,0.8798513412064273,GBP_USD,H4,21,25,1,short,41
14.0,4.0,9.0,1.0,0.3076923076923077,0.05679714201505026,0.5585874733695652,7.0,5.0,1.0,1.0,0.8333333333333334,0.535128829802743,1.0,GBP_USD,H4,21,25,2,short,21
10.0,2.0,7.0,1.0,0.2222222222222222,0.0,0.49383883252136757,5.0,4.0,0.0,1.0,1.0,1.0,1.0,GBP_USD,H4,21,25,3,short,15
4.0,2.0,2.0,0.0,0.5,0.010000000000000009,0.99,2.0,2.0,0.0,0.0,1.0,1.0,1.0,GBP_USD,H4,21,25,4,short,6
105.0,45.0,57.0,3.0,0.4411764705882353,0.3448158699403795,0.5375370712360911,46.0,23.0,19.0,4.0,0.5476190476190477,0.3970891195008849,0.6981489757372105,GBP_USD,H4,21,30,1,short,151
58.0,24.0,31.0,3.0,0.43636363636363634,0.3052950833473536,0.567432189379919,26.0,15.0,9.0,2.0,0.625,0.43131049331468674,0.8186895066853133,GBP_USD,H4,21,30,2,short,84
30.0,9.0,19.0,2.0,0.32142857142857145,0.14844013250850951,0.4944170103486334,14.0,10.0,3.0,1.0,0.7692307692307693,0.5401958662133862,0.9982656722481523,GBP_USD,H4,21,30,3,short,44
13.0,7.0,6.0,0.0,0.5384615384615384,0.2674637865884742,0.8094592903346027,6.0,4.0,1.0,1.0,0.8,0.44938454112803305,1.0,GBP_USD,H4,21,30,4,short,19
308.0,143.0,154.0,11.0,0.48148148148148145,0.4246551295634938,0.5383078333994691,132.0,58.0,57.0,17.0,0.5043478260869565,0.41296580997198745,0.5957298422019255,GBP_USD,H4,21,35,1,short,440
172.0,74.0,91.0,7.0,0.4484848484848485,0.37259796614757096,0.524371730822126,74.0,41.0,28.0,5.0,0.5942028985507246,0.4783376015305803,0.710068195570869,GBP_USD,H4,21,35,2,short,246
86.0,31.0,51.0,4.0,0.3780487804878049,0.27309424091735324,0.4830033200582565,38.0,23.0,14.0,1.0,0.6216216216216216,0.46534953140181484,0.7778937118414284,GBP_USD,H4,21,35,3,short,124
40.0,19.0,21.0,0.0,0.475,0.3202422053659332,0.6297577946340668,18.0,14.0,3.0,1.0,0.8235294117647058,0.6423089075215274,1.0,GBP_USD,H4,21,35,4,short,58
2.0,0.0,2.0,0.0,0.0,0.0,0.0,1.0,1.0,0.0,0.0,1.0,1.0,1.0,GBP_USD,H4,28,20,1,long,3
0.0,0.0,0.0,0.0,,,,1.0,1.0,0.0,0.0,1.0,1.0,1.0,GBP_USD,H4,28,20,2,long,1
0.0,0.0,0.0,0.0,,,,1.0,0.0,1.0,0.0,0.0,0.0,0.0,GBP_USD,H4,28,20,3,long,1
,,,,,,,,,,,,,,GBP_USD,H4,28,20,4,long,0
11.0,2.0,9.0,0.0,0.18181818181818182,0.0,0.40974912948563447,5.0,3.0,2.0,0.0,0.6,0.17058551491594975,1.0,GBP_USD,H4,28,25,1,long,16
6.0,2.0,4.0,0.0,0.3333333333333333,0.0,0.7105355092038887,3.0,2.0,1.0,0.0,0.6666666666666666,0.13322223379388565,1.0,GBP_USD,H4,28,25,2,long,9
2.0,0.0,2.0,0.0,0.0,0.0,0.0,2.0,0.0,2.0,0.0,0.0,0.0,0.0,GBP_USD,H4,28,25,3,long,4
,,,,,,,,,,,,,,GBP_USD,H4,28,25,4,long,0
51.0,15.0,33.0,3.0,0.3125,0.18137158409279347,0.44362841590720653,22.0,14.0,8.0,0.0,0.6363636363636364,0.4353474351558506,0.8373798375714221,GBP_USD,H4,28,30,1,long,73
25.0,6.0,18.0,1.0,0.25,0.07675883860929586,0.4232411613907041,12.0,9.0,3.0,0.0,0.75,0.505,0.995,GBP_USD,H4,28,30,2,long,37
11.0,3.0,8.0,0.0,0.2727272727272727,0.009535284742372196,0.5359192607121732,6.0,3.0,3.0,0.0,0.5,0.09991667534541426,0.9000833246545857,GBP_USD,H4,28,30,3,long,17
4.0,1.0,3.0,0.0,0.25,0.0,0.674352447854375,3.0,2.0,1.0,0.0,0.6666666666666666,0.13322223379388565,1.0,GBP_USD,H4,28,30,4,long,7
186.0,93.0,87.0,6.0,0.5166666666666667,0.4436623711732245,0.589670962160109,81.0,40.0,39.0,2.0,0.5063291139240507,0.3960793333964272,0.6165788944516741,GBP_USD,H4,28,35,1,long,267
95.0,43.0,48.0,4.0,0.4725274725274725,0.3699507474659295,0.5751041975890155,42.0,23.0,19.0,0.0,0.5476190476190477,0.3970891195008849,0.6981489757372105,GBP_USD,H4,28,35,2,long,137
46.0,22.0,24.0,0.0,0.4782608695652174,0.33390438908126585,0.622617350049169,21.0,8.0,13.0,0.0,0.38095238095238093,0.17324888858708454,0.5886558733176773,GBP_USD,H4,28,35,3,long,67
24.0,15.0,9.0,0.0,0.625,0.43131049331468674,0.8186895066853133,11.0,5.0,6.0,0.0,0.45454545454545453,0.1602878664116818,0.7488030426792273,GBP_USD,H4,28,35,4,long,35
1.0,1.0,0.0,0.0,1.0,1.0,1.0,1.0,1.0,0.0,0.0,1.0,1.0,1.0,GBP_USD,H4,28,20,1,short,2
0.0,0.0,0.0,0.0,,,,1.0,0.0,1.0,0.0,0.0,0.0,0.0,GBP_USD,H4,28,20,2,short,1
,,,,,,,,,,,,,,GBP_USD,H4,28,20,3,short,0
,,,,,,,,,,,,,,GBP_USD,H4,28,20,4,short,0
8.0,6.0,2.0,0.0,0.75,0.4499375065090607,1.0,4.0,3.0,1.0,0.0,0.75,0.3256475521456251,1.0,GBP_USD,H4,28,25,1,short,12
4.0,1.0,3.0,0.0,0.25,0.0,0.674352447854375,3.0,2.0,1.0,0.0,0.6666666666666666,0.13322223379388565,1.0,GBP_USD,H4,28,25,2,short,7
3.0,1.0,2.0,0.0,0.3333333333333333,0.0,0.8667777662061142,2.0,1.0,1.0,0.0,0.5,0.0,1.0,GBP_USD,H4,28,25,3,short,5
0.0,0.0,0.0,0.0,,,,1.0,1.0,0.0,0.0,1.0,1.0,1.0,GBP_USD,H4,28,25,4,short,1
50.0,22.0,25.0,3.0,0.46808510638297873,0.3254289136532616,0.6107412991126959,22.0,13.0,7.0,2.0,0.65,0.4409588557245249,0.8590411442754751,GBP_USD,H4,28,30,1,short,72
25.0,7.0,15.0,3.0,0.3181818181818182,0.12354871828290975,0.5128149180807267,11.0,9.0,2.0,0.0,0.8181818181818182,0.5902508705143656,1.0,GBP_USD,H4,28,30,2,short,36
15.0,4.0,9.0,2.0,0.3076923076923077,0.05679714201505026,0.5585874733695652,7.0,7.0,0.0,0.0,1.0,1.0,1.0,GBP_USD,H4,28,30,3,short,22
5.0,2.0,3.0,0.0,0.4,0.0,0.8294144850840502,3.0,3.0,0.0,0.0,1.0,1.0,1.0,GBP_USD,H4,28,30,4,short,8
181.0,84.0,90.0,7.0,0.4827586206896552,0.40850919535965513,0.5570080460196553,78.0,36.0,31.0,11.0,0.5373134328358209,0.41792123015937205,0.6567056355122697,GBP_USD,H4,28,35,1,short,259
102.0,43.0,54.0,5.0,0.44329896907216493,0.3444369268289119,0.5421610113154179,45.0,26.0,17.0,2.0,0.6046511627906976,0.45851270406854006,0.7507896215128552,GBP_USD,H4,28,35,2,short,147
53.0,16.0,34.0,3.0,0.32,0.19069940758063017,0.4493005924193698,24.0,15.0,8.0,1.0,0.6521739130434783,0.4575236744675626,0.846824151619394,GBP_USD,H4,28,35,3,short,77
22.0,11.0,11.0,0.0,0.5,0.29106329797150177,0.7089367020284982,10.0,8.0,1.0,1.0,0.8888888888888888,0.6835660309443505,1.0,GBP_USD,H4,28,35,4,short,32
191.0,85.0,102.0,4.0,0.45454545454545453,0.3831775064857461,0.525913402605163,83.0,46.0,37.0,0.0,0.5542168674698795,0.447282153856544,0.661151581083215,AUD_USD,H4,7,20,1,long,274
96.0,38.0,58.0,0.0,0.3958333333333333,0.2980071709636406,0.49365949570302603,42.0,25.0,17.0,0.0,0.5952380952380952,0.4467893261726798,0.7436868643035106,AUD_USD,H4,7,20,2,long,138
42.0,17.0,24.0,1.0,0.4146341463414634,0.2638310121124069,0.5654372805705199,19.0,10.0,9.0,0.0,0.5263157894736842,0.3017999815449016,0.7508315974024667,AUD_USD,H4,7,20,3,long,61
15.0,7.0,8.0,0.0,0.4666666666666667,0.2141946806886107,0.7191386526447227,7.0,5.0,2.0,0.0,0.7142857142857143,0.3796217036720841,1.0,AUD_USD,H4,7,20,4,long,22
377.0,177.0,194.0,6.0,0.477088948787062,0.4262633264505634,0.5279145711235605,162.0,87.0,75.0,0.0,0.5370370370370371,0.46025249337709234,0.6138215806969818,AUD_USD,H4,7,25,1,long,539
188.0,81.0,107.0,0.0,0.4308510638297872,0.3600640330710031,0.5016380945885713,81.0,43.0,38.0,0.0,0.5308641975308642,0.42218296146623,0.6395454335954984,AUD_USD,H4,7,25,2,long,269
88.0,38.0,49.0,1.0,0.4367816091954023,0.33255777865646696,0.5410054397343377,38.0,20.0,18.0,0.0,0.5263157894736842,0.36755913920366556,0.6850724397437028,AUD_USD,H4,7,25,3,long,126
41.0,18.0,23.0,0.0,0.43902439024390244,0.2871164563788486,0.5909323241089564,18.0,10.0,8.0,0.0,0.5555555555555556,0.3259976217062955,0.7851134894048157,AUD_USD,H4,7,25,4,long,59
615.0,306.0,302.0,7.0,0.5032894736842105,0.4635460856326551,0.5430328617357659,264.0,148.0,116.0,0.0,0.5606060606060606,0.5007359537378315,0.6204761674742896,AUD_USD,H4,7,30,1,long,879
320.0,155.0,164.0,1.0,0.48589341692789967,0.4310457927756196,0.5407410410801797,138.0,73.0,65.0,0.0,0.5289855072463768,0.44570266271076475,0.6122683517819889,AUD_USD,H4,7,30,2,long,458
161.0,81.0,79.0,1.0,0.50625,0.42878025035941447,0.5837197496405855,69.0,34.0,35.0,0.0,0.4927536231884058,0.3747878778734156,0.610719368503396,AUD_USD,H4,7,30,3,long,230
71.0,34.0,37.0,0.0,0.4788732394366197,0.362672506110634,0.5950739727626053,31.0,17.0,14.0,0.0,0.5483870967741935,0.37320004290478614,0.7235741506436009,AUD_USD,H4,7,30,4,long,102
914.0,445.0,455.0,14.0,0.49444444444444446,0.4617797943009234,0.5271090945879655,392.0,209.0,183.0,0.0,0.5331632653061225,0.48377478548769204,0.5825517451245529,AUD_USD,H4,7,35,1,long,1306
472.0,223.0,244.0,5.0,0.47751605995717344,0.43221294177797737,0.5228191781363696,203.0,105.0,97.0,1.0,0.5198019801980198,0.4509035171722019,0.5887004432238377,AUD_USD,H4,7,35,2,long,675
240.0,117.0,121.0,2.0,0.49159663865546216,0.4280816460588225,0.5551116312521018,103.0,53.0,49.0,1.0,0.5196078431372549,0.42264802582828814,0.6165676604462218,AUD_USD,H4,7,35,3,long,343
116.0,54.0,62.0,0.0,0.46551724137931033,0.37474317054116424,0.5562913122174564,50.0,30.0,20.0,0.0,0.6,0.46420721668660003,0.7357927833133999,AUD_USD,H4,7,35,4,long,166
190.0,95.0,93.0,2.0,0.5053191489361702,0.4338493476850552,0.5767889501872854,82.0,40.0,38.0,4.0,0.5128205128205128,0.40189384650980037,0.6237471791312251,AUD_USD,H4,7,20,1,short,272
92.0,47.0,43.0,2.0,0.5222222222222223,0.41902322817134086,0.6254212162731037,40.0,23.0,17.0,0.0,0.575,0.42180151763153784,0.7281984823684621,AUD_USD,H4,7,20,2,short,132
51.0,28.0,23.0,0.0,0.5490196078431373,0.4124532456780719,0.6855859700082028,22.0,14.0,7.0,1.0,0.6666666666666666,0.4650436227161998,0.8682897106171334,AUD_USD,H4,7,20,3,short,73
22.0,17.0,5.0,0.0,0.7727272727272727,0.5976089806261913,0.9478455648283541,10.0,6.0,4.0,0.0,0.6,0.2963581056573385,0.9036418943426614,AUD_USD,H4,7,20,4,short,32
373.0,184.0,185.0,4.0,0.4986449864498645,0.4476284115731123,0.5496615613266167,160.0,75.0,79.0,6.0,0.487012987012987,0.40806897980864887,0.5659569942173251,AUD_USD,H4,7,25,1,short,533
190.0,98.0,89.0,3.0,0.5240641711229946,0.4524825214851812,0.5956458207608081,82.0,41.0,41.0,0.0,0.5,0.39177710444665037,0.6082228955533496,AUD_USD,H4,7,25,2,short,272
94.0,48.0,45.0,1.0,0.5161290322580645,0.4145606526032969,0.6176974119128321,41.0,24.0,16.0,1.0,0.6,0.4481790528286692,0.7518209471713307,AUD_USD,H4,7,25,3,short,135
44.0,25.0,19.0,0.0,0.5681818181818182,0.4218213259410647,0.7145423104225718,19.0,11.0,8.0,0.0,0.5789473684210527,0.3569401957423196,0.8009545410997857,AUD_USD,H4,7,25,4,short,63
634.0,318.0,308.0,8.0,0.5079872204472844,0.4688235407699179,0.5471509001246508,272.0,132.0,133.0,7.0,0.4981132075471698,0.43791271472781473,0.558313700366525,AUD_USD,H4,7,30,1,short,906
326.0,174.0,148.0,4.0,0.5403726708074534,0.48593773117234407,0.5948076104425628,141.0,74.0,67.0,0.0,0.524822695035461,0.4423935750015343,0.6072518150693876,AUD_USD,H4,7,30,2,short,467
163.0,85.0,77.0,1.0,0.5246913580246914,0.44778922693956486,0.6015934891098178,70.0,37.0,31.0,2.0,0.5441176470588235,0.4257387167637846,0.6624965773538624,AUD_USD,H4,7,30,3,short,233
78.0,47.0,31.0,0.0,0.6025641025641025,0.49396057216094946,0.7111676329672556,34.0,18.0,16.0,0.0,0.5294117647058824,0.3616341793866309,0.6971893500251338,AUD_USD,H4,7,30,4,short,112
931.0,465.0,455.0,11.0,0.5054347826086957,0.47312704811962597,0.5377425170977654,400.0,185.0,206.0,9.0,0.4731457800511509,0.42365658276171786,0.522634977340584,AUD_USD,H4,7,35,1,short,1331
489.0,255.0,229.0,5.0,0.5268595041322314,0.482378369141001,0.5713406391234617,211.0,102.0,109.0,0.0,0.4834123222748815,0.415983476867492,0.550841167682271,AUD_USD,H4,7,35,2,short,700
242.0,130.0,111.0,1.0,0.5394190871369294,0.4764882262276412,0.6023499480462177,105.0,48.0,55.0,2.0,0.46601941747572817,0.3696804033421608,0.5623584316092956,AUD_USD,H4,7,35,3,short,347
119.0,69.0,49.0,1.0,0.5847457627118644,0.4958347318169356,0.6736567936067932,52.0,24.0,28.0,0.0,0.46153846153846156,0.32603958560192947,0.5970373374749937,AUD_USD,H4,7,35,4,short,171
28.0,10.0,17.0,1.0,0.37037037037037035,0.188217975393852,0.5525227653468887,13.0,6.0,7.0,0.0,0.46153846153846156,0.19054070966539732,0.7325362134115259,AUD_USD,H4,14,20,1,long,41
13.0,5.0,8.0,0.0,0.38461538461538464,0.12014865879357278,0.6490821104371964,6.0,3.0,3.0,0.0,0.5,0.09991667534541426,0.9000833246545857,AUD_USD,H4,14,20,2,long,19
4.0,1.0,3.0,0.0,0.25,0.0,0.674352447854375,3.0,1.0,2.0,0.0,0.3333333333333333,0.0,0.8667777662061142,AUD_USD,H4,14,20,3,long,7
1.0,0.0,1.0,0.0,0.0,0.0,0.0,1.0,0.0,1.0,0.0,0.0,0.0,0.0,AUD_USD,H4,14,20,4,long,2
88.0,31.0,55.0,2.0,0.36046511627906974,0.2589874230990488,0.46194280945909066,38.0,19.0,19.0,0.0,0.5,0.3410230072918527,0.6589769927081472,AUD_USD,H4,14,25,1,long,126
40.0,15.0,25.0,0.0,0.375,0.22496875325453036,0.5250312467454696,18.0,8.0,10.0,0.0,0.4444444444444444,0.21488651059518432,0.6740023782937046,AUD_USD,H4,14,25,2,long,58
18.0,8.0,9.0,1.0,0.47058823529411764,0.23331489867342306,0.7078615719148122,8.0,3.0,5.0,0.0,0.375,0.03951993352808575,0.7104800664719142,AUD_USD,H4,14,25,3,long,26
7.0,4.0,3.0,0.0,0.5714285714285714,0.2048225158321042,0.9380346270250386,3.0,2.0,1.0,0.0,0.6666666666666666,0.13322223379388565,1.0,AUD_USD,H4,14,25,4,long,10
232.0,105.0,120.0,7.0,0.4666666666666667,0.40147868019487176,0.5318546531384616,100.0,59.0,41.0,0.0,0.59,0.4936006722015137,0.6863993277984862,AUD_USD,H4,14,30,1,long,332
112.0,46.0,65.0,1.0,0.4144144144144144,0.3227697474494833,0.5060590813793455,48.0,27.0,21.0,0.0,0.5625,0.4221586193419774,0.7028413806580226,AUD_USD,H4,14,30,2,long,160
52.0,22.0,29.0,1.0,0.43137254901960786,0.29544385428615283,0.5673012437530629,23.0,12.0,11.0,0.0,0.5217391304347826,0.3175882379179313,0.7258900229516339,AUD_USD,H4,14,30,3,long,75
18.0,9.0,9.0,0.0,0.5,0.2690117848123945,0.7309882151876055,8.0,4.0,4.0,0.0,0.5,0.15351767721859172,0.8464823227814082,AUD_USD,H4,14,30,4,long,26
481.0,230.0,241.0,10.0,0.4883227176220807,0.44317901775013147,0.5334664174940299,207.0,126.0,81.0,0.0,0.6086956521739131,0.5422099384649232,0.675181365882903,AUD_USD,H4,14,35,1,long,688
257.0,110.0,143.0,4.0,0.43478260869565216,0.37369689520015076,0.49586832219115357,111.0,63.0,48.0,0.0,0.5675675675675675,0.475403316869876,0.6597318182652591,AUD_USD,H4,14,35,2,long,368
125.0,57.0,67.0,1.0,0.4596774193548387,0.3719574698920637,0.5473973688176137,55.0,26.0,29.0,0.0,0.4727272727272727,0.3407808227374621,0.6046737227170833,AUD_USD,H4,14,35,3,long,180
60.0,28.0,32.0,0.0,0.4666666666666667,0.3404306736776387,0.5929026596556947,26.0,12.0,14.0,0.0,0.46153846153846156,0.26991411350270844,0.6531628095742147,AUD_USD,H4,14,35,4,long,86
21.0,8.0,13.0,0.0,0.38095238095238093,0.17324888858708454,0.5886558733176773,10.0,5.0,5.0,0.0,0.5,0.19009678930349883,0.8099032106965012,AUD_USD,H4,14,20,1,short,31
8.0,3.0,5.0,0.0,0.375,0.03951993352808575,0.7104800664719142,4.0,4.0,0.0,0.0,1.0,1.0,1.0,AUD_USD,H4,14,20,2,short,12
7.0,2.0,5.0,0.0,0.2857142857142857,0.0,0.6203782963279159,3.0,2.0,1.0,0.0,0.6666666666666666,0.13322223379388565,1.0,AUD_USD,H4,14,20,3,short,10
2.0,1.0,1.0,0.0,0.5,0.0,1.0,1.0,1.0,0.0,0.0,1.0,1.0,1.0,AUD_USD,H4,14,20,4,short,3
84.0,40.0,42.0,2.0,0.4878048780487805,0.37961417731855984,0.5959955787790011,36.0,16.0,19.0,1.0,0.45714285714285713,0.2921022560775435,0.6221834582081708,AUD_USD,H4,14,25,1,short,120
40.0,18.0,20.0,2.0,0.47368421052631576,0.31492756025629715,0.6324408607963343,18.0,11.0,7.0,0.0,0.6111111111111112,0.38589851531349934,0.836323706908723,AUD_USD,H4,14,25,2,short,58
20.0,11.0,9.0,0.0,0.55,0.3319637644793876,0.7680362355206125,9.0,6.0,3.0,0.0,0.6666666666666666,0.3586823797498592,0.974650953583474,AUD_USD,H4,14,25,3,short,29
8.0,5.0,3.0,0.0,0.625,0.28951993352808575,0.9604800664719142,4.0,3.0,1.0,0.0,0.75,0.3256475521456251,1.0,AUD_USD,H4,14,25,4,short,12
228.0,117.0,108.0,3.0,0.52,0.4547189542567421,0.5852810457432579,99.0,44.0,50.0,5.0,0.46808510638297873,0.3672119451255407,0.5689582676404168,AUD_USD,H4,14,30,1,short,327
118.0,63.0,53.0,2.0,0.5431034482758621,0.4524514677025692,0.633755428849155,51.0,27.0,24.0,0.0,0.5294117647058824,0.3924219399364037,0.666401589475361,AUD_USD,H4,14,30,2,short,169
60.0,35.0,25.0,0.0,0.5833333333333334,0.45858543941509106,0.7080812272515757,26.0,15.0,10.0,1.0,0.6,0.4079600041657988,0.7920399958342011,AUD_USD,H4,14,30,3,short,86
26.0,17.0,9.0,0.0,0.6538461538461539,0.4709764486319876,0.8367158590603201,12.0,9.0,3.0,0.0,0.75,0.505,0.995,AUD_USD,H4,14,30,4,short,38
485.0,252.0,227.0,6.0,0.5260960334029228,0.4813797190842663,0.5708123477215792,208.0,91.0,109.0,8.0,0.455,0.3859847567562064,0.5240152432437937,AUD_USD,H4,14,35,1,short,693
259.0,138.0,118.0,3.0,0.5390625,0.4779997062573036,0.6001252937426964,112.0,57.0,55.0,0.0,0.5089285714285714,0.4163420409557213,0.6015151019014215,AUD_USD,H4,14,35,2,short,371
134.0,72.0,61.0,1.0,0.5413533834586466,0.4566677431407859,0.6260390237765072,58.0,29.0,28.0,1.0,0.5087719298245614,0.37898773638844124,0.6385561232606816,AUD_USD,H4,14,35,3,short,192
67.0,41.0,26.0,0.0,0.6119402985074627,0.4952532997726573,0.728627297242268,29.0,13.0,16.0,0.0,0.4482758620689655,0.26727079113275964,0.6292809330051714,AUD_USD,H4,14,35,4,short,96
3.0,1.0,2.0,0.0,0.3333333333333333,0.0,0.8667777662061142,2.0,0.0,2.0,0.0,0.0,0.0,0.0,AUD_USD,H4,21,20,1,long,5
1.0,1.0,0.0,0.0,1.0,1.0,1.0,1.0,0.0,1.0,0.0,0.0,0.0,0.0,AUD_USD,H4,21,20,2,long,2
0.0,0.0,0.0,0.0,,,,1.0,0.0,1.0,0.0,0.0,0.0,0.0,AUD_USD,H4,21,20,3,long,1
,,,,,,,,,,,,,,AUD_USD,H4,21,20,4,long,0
22.0,11.0,10.0,1.0,0.5238095238095238,0.3101985933082275,0.7374204543108202,10.0,4.0,6.0,0.0,0.4,0.09635810565733854,0.7036418943426614,AUD_USD,H4,21,25,1,long,32
11.0,6.0,5.0,0.0,0.5454545454545454,0.2511969573207727,0.8397121335883182,5.0,3.0,2.0,0.0,0.6,0.17058551491594975,1.0,AUD_USD,H4,21,25,2,long,16
4.0,1.0,3.0,0.0,0.25,0.0,0.674352447854375,2.0,1.0,1.0,0.0,0.5,0.0,1.0,AUD_USD,H4,21,25,3,long,6
2.0,0.0,2.0,0.0,0.0,0.0,0.0,1.0,1.0,0.0,0.0,1.0,1.0,1.0,AUD_USD,H4,21,25,4,long,3
92.0,35.0,54.0,3.0,0.39325842696629215,0.2917734018646231,0.4947434520679612,40.0,17.0,23.0,0.0,0.425,0.27180151763153787,0.578198482368462,AUD_USD,H4,21,30,1,long,132
44.0,19.0,25.0,0.0,0.4318181818181818,0.28545768957742834,0.5781786740589353,19.0,6.0,13.0,0.0,0.3157894736842105,0.1067766313149944,0.5248023160534266,AUD_USD,H4,21,30,2,long,63
21.0,10.0,10.0,1.0,0.5,0.28086533820502063,0.7191346617949794,10.0,2.0,8.0,0.0,0.2,0.0,0.447922568557201,AUD_USD,H4,21,30,3,long,31
9.0,5.0,4.0,0.0,0.5555555555555556,0.23091161215558614,0.8801994989555251,5.0,2.0,3.0,0.0,0.4,0.0,0.8294144850840502,AUD_USD,H4,21,30,4,long,14
296.0,137.0,151.0,8.0,0.4756944444444444,0.41801566030494886,0.53337322858394,128.0,81.0,47.0,0.0,0.6328125,0.5493036399562266,0.7163213600437734,AUD_USD,H4,21,35,1,long,424
150.0,64.0,85.0,1.0,0.42953020134228187,0.35004685949189207,0.5090135431926717,65.0,38.0,27.0,0.0,0.5846153846153846,0.46481458499981526,0.7044161842309541,AUD_USD,H4,21,35,2,long,215
74.0,33.0,40.0,1.0,0.4520547945205479,0.3378830211493826,0.5662265678917132,33.0,16.0,17.0,0.0,0.48484848484848486,0.3143307269541896,0.6553662427427801,AUD_USD,H4,21,35,3,long,107
31.0,15.0,16.0,0.0,0.4838709677419355,0.3079493737374329,0.6597925617464381,14.0,7.0,7.0,0.0,0.5,0.2380839829258241,0.7619160170741759,AUD_USD,H4,21,35,4,long,45
6.0,3.0,3.0,0.0,0.5,0.09991667534541426,0.9000833246545857,3.0,0.0,3.0,0.0,0.0,0.0,0.0,AUD_USD,H4,21,20,1,short,9
2.0,1.0,1.0,0.0,0.5,0.0,1.0,1.0,0.0,1.0,0.0,0.0,0.0,0.0,AUD_USD,H4,21,20,2,short,3
2.0,1.0,1.0,0.0,0.5,0.0,1.0,1.0,0.0,1.0,0.0,0.0,0.0,0.0,AUD_USD,H4,21,20,3,short,3
0.0,0.0,0.0,0.0,,,,1.0,1.0,0.0,0.0,1.0,1.0,1.0,AUD_USD,H4,21,20,4,short,1
19.0,6.0,13.0,0.0,0.3157894736842105,0.1067766313149944,0.5248023160534266,9.0,3.0,6.0,0.0,0.3333333333333333,0.02534904641652591,0.6413176202501407,AUD_USD,H4,21,25,1,short,28
8.0,2.0,6.0,0.0,0.25,0.0,0.5500624934909393,4.0,2.0,2.0,0.0,0.5,0.010000000000000009,0.99,AUD_USD,H4,21,25,2,short,12
4.0,0.0,4.0,0.0,0.0,0.0,0.0,3.0,2.0,1.0,0.0,0.6666666666666666,0.13322223379388565,1.0,AUD_USD,H4,21,25,3,short,7
1.0,0.0,1.0,0.0,0.0,0.0,0.0,1.0,1.0,0.0,0.0,1.0,1.0,1.0,AUD_USD,H4,21,25,4,short,2
87.0,43.0,42.0,2.0,0.5058823529411764,0.3995937849839204,0.6121709208984325,38.0,17.0,20.0,1.0,0.4594594594594595,0.2988789084592695,0.6200400104596495,AUD_USD,H4,21,30,1,short,125
46.0,22.0,22.0,2.0,0.5,0.35225944115689584,0.6477405588431042,20.0,11.0,9.0,0.0,0.55,0.3319637644793876,0.7680362355206125,AUD_USD,H4,21,30,2,short,66
23.0,10.0,13.0,0.0,0.43478260869565216,0.23218421697992483,0.6373810004113795,11.0,8.0,3.0,0.0,0.7272727272727273,0.4640807392878268,0.9904647152576278,AUD_USD,H4,21,30,3,short,34
10.0,5.0,5.0,0.0,0.5,0.19009678930349883,0.8099032106965012,5.0,5.0,0.0,0.0,1.0,1.0,1.0,AUD_USD,H4,21,30,4,short,15
266.0,133.0,128.0,5.0,0.5095785440613027,0.4489291989612491,0.5702278891613561,115.0,54.0,55.0,6.0,0.4954128440366973,0.40154981846593446,0.58927586960746,AUD_USD,H4,21,35,1,short,381
142.0,72.0,68.0,2.0,0.5142857142857142,0.4314944103945446,0.5970770181768839,61.0,31.0,30.0,0.0,0.5081967213114754,0.38273744065067694,0.6336560019722739,AUD_USD,H4,21,35,2,short,203
69.0,38.0,30.0,1.0,0.5588235294117647,0.4408063779640903,0.6768406808594392,30.0,14.0,15.0,1.0,0.4827586206896552,0.3008854149362746,0.6646318264430358,AUD_USD,H4,21,35,3,short,99
31.0,19.0,12.0,0.0,0.6129032258064516,0.44143606604916524,0.7843703855637381,14.0,7.0,7.0,0.0,0.5,0.2380839829258241,0.7619160170741759,AUD_USD,H4,21,35,4,short,45
0.0,0.0,0.0,0.0,,,,1.0,1.0,0.0,0.0,1.0,1.0,1.0,AUD_USD,H4,28,20,1,long,1
0.0,0.0,0.0,0.0,,,,1.0,1.0,0.0,0.0,1.0,1.0,1.0,AUD_USD,H4,28,20,2,long,1
0.0,0.0,0.0,0.0,,,,1.0,0.0,1.0,0.0,0.0,0.0,0.0,AUD_USD,H4,28,20,3,long,1
,,,,,,,,,,,,,,AUD_USD,H4,28,20,4,long,0
3.0,2.0,1.0,0.0,0.6666666666666666,0.13322223379388565,1.0,2.0,1.0,1.0,0.0,0.5,0.0,1.0,AUD_USD,H4,28,25,1,long,5
1.0,1.0,0.0,0.0,1.0,1.0,1.0,1.0,1.0,0.0,0.0,1.0,1.0,1.0,AUD_USD,H4,28,25,2,long,2
1.0,0.0,1.0,0.0,0.0,0.0,0.0,1.0,0.0,1.0,0.0,0.0,0.0,0.0,AUD_USD,H4,28,25,3,long,2
0.0,0.0,0.0,0.0,,,,1.0,0.0,1.0,0.0,0.0,0.0,0.0,AUD_USD,H4,28,25,4,long,1
37.0,15.0,21.0,1.0,0.4166666666666667,0.2556178281267327,0.5777155052066006,17.0,8.0,9.0,0.0,0.47058823529411764,0.23331489867342306,0.7078615719148122,AUD_USD,H4,28,30,1,long,54
18.0,8.0,10.0,0.0,0.4444444444444444,0.21488651059518432,0.6740023782937046,8.0,4.0,4.0,0.0,0.5,0.15351767721859172,0.8464823227814082,AUD_USD,H4,28,30,2,long,26
8.0,2.0,6.0,0.0,0.25,0.0,0.5500624934909393,4.0,2.0,2.0,0.0,0.5,0.010000000000000009,0.99,AUD_USD,H4,28,30,3,long,12
3.0,1.0,2.0,0.0,0.3333333333333333,0.0,0.8667777662061142,2.0,0.0,2.0,0.0,0.0,0.0,0.0,AUD_USD,H4,28,30,4,long,5
179.0,82.0,93.0,4.0,0.4685714285714286,0.3946368845476774,0.5425059725951797,77.0,40.0,37.0,0.0,0.5194805194805194,0.4078839508068162,0.6310770881542226,AUD_USD,H4,28,35,1,long,256
91.0,37.0,54.0,0.0,0.4065934065934066,0.30567004102880274,0.5075167721580104,39.0,18.0,21.0,0.0,0.46153846153846156,0.3050778365447645,0.6179990865321586,AUD_USD,H4,28,35,2,long,130
46.0,19.0,26.0,1.0,0.4222222222222222,0.2779107772800783,0.5665336671643662,21.0,6.0,15.0,0.0,0.2857142857142857,0.09249592909842652,0.4789326423301449,AUD_USD,H4,28,35,3,long,67
17.0,8.0,9.0,0.0,0.47058823529411764,0.23331489867342306,0.7078615719148122,8.0,3.0,5.0,0.0,0.375,0.03951993352808575,0.7104800664719142,AUD_USD,H4,28,35,4,long,25
,,,,,,,,,,,,,,AUD_USD,H4,28,20,1,short,0
,,,,,,,,,,,,,,AUD_USD,H4,28,20,2,short,0
,,,,,,,,,,,,,,AUD_USD,H4,28,20,3,short,0
,,,,,,,,,,,,,,AUD_USD,H4,28,20,4,short,0
9.0,3.0,6.0,0.0,0.3333333333333333,0.02534904641652591,0.6413176202501407,4.0,2.0,2.0,0.0,0.5,0.010000000000000009,0.99,AUD_USD,H4,28,25,1,short,13
2.0,0.0,2.0,0.0,0.0,0.0,0.0,2.0,1.0,1.0,0.0,0.5,0.0,1.0,AUD_USD,H4,28,25,2,short,4
2.0,1.0,1.0,0.0,0.5,0.0,1.0,1.0,0.0,1.0,0.0,0.0,0.0,0.0,AUD_USD,H4,28,25,3,short,3
0.0,0.0,0.0,0.0,,,,1.0,1.0,0.0,0.0,1.0,1.0,1.0,AUD_USD,H4,28,25,4,short,1
32.0,10.0,22.0,0.0,0.3125,0.15190114512394554,0.47309885487605446,14.0,5.0,9.0,0.0,0.35714285714285715,0.1061448491826345,0.6081408651030797,AUD_USD,H4,28,30,1,short,46
14.0,3.0,11.0,0.0,0.21428571428571427,0.0,0.42922756688776104,6.0,5.0,1.0,0.0,0.8333333333333334,0.535128829802743,1.0,AUD_USD,H4,28,30,2,short,20
9.0,1.0,8.0,0.0,0.1111111111111111,0.0,0.31643396905564936,4.0,3.0,1.0,0.0,0.75,0.3256475521456251,1.0,AUD_USD,H4,28,30,3,short,13
2.0,1.0,1.0,0.0,0.5,0.0,1.0,1.0,0.0,1.0,0.0,0.0,0.0,0.0,AUD_USD,H4,28,30,4,short,3
147.0,68.0,77.0,2.0,0.4689655172413793,0.3877378675937105,0.5501931668890481,63.0,27.0,32.0,4.0,0.4576271186440678,0.33050095971652577,0.5847532775716098,AUD_USD,H4,28,35,1,short,210
75.0,36.0,37.0,2.0,0.4931506849315068,0.3784611230836624,0.6078402467793512,33.0,18.0,15.0,0.0,0.5454545454545454,0.37556484773442167,0.7153442431746692,AUD_USD,H4,28,35,2,short,108
37.0,19.0,18.0,0.0,0.5135135135135135,0.3524613592923218,0.6745656677347052,16.0,10.0,6.0,0.0,0.625,0.3877797700447957,0.8622202299552043,AUD_USD,H4,28,35,3,short,53
18.0,11.0,7.0,0.0,0.6111111111111112,0.38589851531349934,0.836323706908723,8.0,6.0,2.0,0.0,0.75,0.4499375065090607,1.0,AUD_USD,H4,28,35,4,short,26
196.0,104.0,71.0,21.0,0.5942857142857143,0.5215337301203322,0.6670376984510964,85.0,42.0,28.0,15.0,0.6,0.4852341514212525,0.7147658485787475,USD_CAD,H4,7,20,1,long,281
95.0,46.0,35.0,14.0,0.5679012345679012,0.4600210996170968,0.6757813695187056,41.0,17.0,13.0,11.0,0.5666666666666667,0.389341520656837,0.7439918126764963,USD_CAD,H4,7,20,2,long,136
44.0,26.0,13.0,5.0,0.6666666666666666,0.5187158008717727,0.8146175324615605,20.0,6.0,9.0,5.0,0.4,0.15207743144279912,0.647922568557201,USD_CAD,H4,7,20,3,long,64
21.0,10.0,8.0,3.0,0.5555555555555556,0.3259976217062955,0.7851134894048157,9.0,3.0,4.0,2.0,0.42857142857142855,0.06196537297496135,0.7951774841678958,USD_CAD,H4,7,20,4,long,30
396.0,199.0,162.0,35.0,0.5512465373961218,0.49993921931256646,0.6025538554796772,170.0,74.0,62.0,34.0,0.5441176470588235,0.46041110269759183,0.6278241914200551,USD_CAD,H4,7,25,1,long,566
199.0,91.0,89.0,19.0,0.5055555555555555,0.4325151773733943,0.5785959337377168,86.0,31.0,34.0,21.0,0.47692307692307695,0.3554985718868014,0.5983475819593524,USD_CAD,H4,7,25,2,long,285
93.0,47.0,39.0,7.0,0.5465116279069767,0.44129372855474913,0.6517295272592043,40.0,15.0,15.0,10.0,0.5,0.32107729788164574,0.6789227021183543,USD_CAD,H4,7,25,3,long,133
46.0,20.0,23.0,3.0,0.46511627906976744,0.3160318440504992,0.6142007140890356,21.0,11.0,7.0,3.0,0.6111111111111112,0.38589851531349934,0.836323706908723,USD_CAD,H4,7,25,4,long,67
627.0,288.0,283.0,56.0,0.5043782837127846,0.46336813249936054,0.5453884349262087,269.0,125.0,94.0,50.0,0.5707762557077626,0.5052208012569928,0.6363317101585324,USD_CAD,H4,7,30,1,long,896
316.0,139.0,150.0,27.0,0.4809688581314879,0.4233635721692254,0.5385741440937504,136.0,54.0,51.0,31.0,0.5142857142857142,0.4186865511094604,0.6098848774619681,USD_CAD,H4,7,30,2,long,452
149.0,70.0,65.0,14.0,0.5185185185185185,0.43423141749424937,0.6028056195427876,65.0,23.0,24.0,18.0,0.48936170212765956,0.34644636986968314,0.632277034385636,USD_CAD,H4,7,30,3,long,214
77.0,35.0,34.0,8.0,0.5072463768115942,0.3892806314966041,0.6252121221265844,33.0,13.0,13.0,7.0,0.5,0.30780618756457967,0.6921938124354203,USD_CAD,H4,7,30,4,long,110
942.0,433.0,413.0,96.0,0.5118203309692672,0.478136653453986,0.5455040084845483,405.0,182.0,153.0,70.0,0.5432835820895522,0.489941462317555,0.5966257018615494,USD_CAD,H4,7,35,1,long,1347
484.0,214.0,228.0,42.0,0.4841628959276018,0.4375724381661422,0.5307533536890614,208.0,84.0,82.0,42.0,0.5060240963855421,0.4299668656612131,0.5820813271098711,USD_CAD,H4,7,35,2,long,692
226.0,98.0,100.0,28.0,0.494949494949495,0.4253074806800182,0.5645915092189717,97.0,38.0,35.0,24.0,0.5205479452054794,0.40594451897763245,0.6351513714333263,USD_CAD,H4,7,35,3,long,323
106.0,51.0,42.0,13.0,0.5483870967741935,0.4472428040641537,0.6495313894842334,46.0,20.0,17.0,9.0,0.5405405405405406,0.3799599895403506,0.7011210915407305,USD_CAD,H4,7,35,4,long,152
210.0,100.0,93.0,17.0,0.5181347150259067,0.4476391846815262,0.5886302453702872,90.0,38.0,32.0,20.0,0.5428571428571428,0.4261558146727558,0.6595584710415299,USD_CAD,H4,7,20,1,short,300
101.0,45.0,50.0,6.0,0.47368421052631576,0.37327768881590695,0.5740907322367246,44.0,17.0,14.0,13.0,0.5483870967741935,0.37320004290478614,0.7235741506436009,USD_CAD,H4,7,20,2,short,145
46.0,21.0,22.0,3.0,0.4883720930232558,0.33896391292128136,0.6377802731252302,21.0,9.0,4.0,8.0,0.6923076923076923,0.44141252663043484,0.9432028579849497,USD_CAD,H4,7,20,3,short,67
15.0,8.0,5.0,2.0,0.6153846153846154,0.35091788956280356,0.8798513412064273,7.0,4.0,1.0,2.0,0.8,0.44938454112803305,1.0,USD_CAD,H4,7,20,4,short,22
408.0,167.0,201.0,40.0,0.453804347826087,0.40293682277581266,0.5046718728763613,176.0,71.0,66.0,39.0,0.5182481751824818,0.43457690483559797,0.6019194455293656,USD_CAD,H4,7,25,1,short,584
187.0,74.0,104.0,9.0,0.4157303370786517,0.3433269976553497,0.4881336765019537,81.0,28.0,26.0,27.0,0.5185185185185185,0.3852489102138178,0.6517881268232192,USD_CAD,H4,7,25,2,short,268
91.0,39.0,48.0,4.0,0.4482758620689655,0.34377253563925975,0.5527791884986714,40.0,14.0,11.0,15.0,0.56,0.36541631723086343,0.7545836827691367,USD_CAD,H4,7,25,3,short,131
35.0,20.0,14.0,1.0,0.5882352941176471,0.4228043640235646,0.7536662242117296,15.0,7.0,3.0,5.0,0.7,0.415969015774687,0.984030984225313,USD_CAD,H4,7,25,4,short,50
645.0,283.0,296.0,66.0,0.48877374784110533,0.4480566046721113,0.5294908910100994,277.0,111.0,108.0,58.0,0.5068493150684932,0.4406332656624,0.5730653644745863,USD_CAD,H4,7,30,1,short,922
302.0,130.0,152.0,20.0,0.46099290780141844,0.4028126181573118,0.5191731974455251,130.0,48.0,48.0,34.0,0.5,0.39997916883635354,0.6000208311636465,USD_CAD,H4,7,30,2,short,432
152.0,70.0,73.0,9.0,0.48951048951048953,0.40757680878156466,0.5714441702394144,66.0,24.0,21.0,21.0,0.5333333333333333,0.3875685642660633,0.6790981024006033,USD_CAD,H4,7,30,3,short,218
71.0,40.0,27.0,4.0,0.5970149253731343,0.47956418871358053,0.714465662032688,31.0,14.0,9.0,8.0,0.6086956521739131,0.4092385110469433,0.8081527933008829,USD_CAD,H4,7,30,4,short,102
945.0,424.0,433.0,88.0,0.49474912485414235,0.4612748085951946,0.5282234411130902,406.0,153.0,164.0,89.0,0.48264984227129337,0.4276407070695768,0.53765897747301,USD_CAD,H4,7,35,1,short,1351
455.0,206.0,216.0,33.0,0.4881516587677725,0.44045940120817023,0.5358439163273747,196.0,66.0,75.0,55.0,0.46808510638297873,0.3857225151089094,0.550447697657048,USD_CAD,H4,7,35,2,short,651
229.0,105.0,107.0,17.0,0.49528301886792453,0.4279793377348277,0.5625867000010213,99.0,29.0,39.0,31.0,0.4264705882352941,0.3089202170667763,0.5440209594038119,USD_CAD,H4,7,35,3,short,328
111.0,64.0,40.0,7.0,0.6153846153846154,0.5218815077712121,0.7088877229980187,48.0,16.0,19.0,13.0,0.45714285714285713,0.2921022560775435,0.6221834582081708,USD_CAD,H4,7,35,4,short,159
25.0,14.0,7.0,4.0,0.6666666666666666,0.4650436227161998,0.8682897106171334,11.0,4.0,5.0,2.0,0.4444444444444444,0.11980050104447498,0.7690883878444139,USD_CAD,H4,14,20,1,long,36
13.0,6.0,5.0,2.0,0.5454545454545454,0.2511969573207727,0.8397121335883182,6.0,2.0,2.0,2.0,0.5,0.010000000000000009,0.99,USD_CAD,H4,14,20,2,long,19
5.0,4.0,1.0,0.0,0.8,0.44938454112803305,1.0,3.0,1.0,2.0,0.0,0.3333333333333333,0.0,0.8667777662061142,USD_CAD,H4,14,20,3,long,8
2.0,2.0,0.0,0.0,1.0,1.0,1.0,2.0,0.0,2.0,0.0,0.0,0.0,0.0,USD_CAD,H4,14,20,4,long,4
93.0,45.0,36.0,12.0,0.5555555555555556,0.4473409077555658,0.6637702033555454,41.0,23.0,15.0,3.0,0.6052631578947368,0.4498491272494405,0.7606771885400332,USD_CAD,H4,14,25,1,long,134
46.0,22.0,18.0,6.0,0.55,0.3958250993189878,0.7041749006810123,21.0,9.0,9.0,3.0,0.5,0.2690117848123945,0.7309882151876055,USD_CAD,H4,14,25,2,long,67
20.0,12.0,7.0,1.0,0.631578947368421,0.41467607015701474,0.8484818245798273,9.0,3.0,5.0,1.0,0.375,0.03951993352808575,0.7104800664719142,USD_CAD,H4,14,25,3,long,29
7.0,4.0,3.0,0.0,0.5714285714285714,0.2048225158321042,0.9380346270250386,4.0,1.0,3.0,0.0,0.25,0.0,0.674352447854375,USD_CAD,H4,14,25,4,long,11
242.0,123.0,92.0,27.0,0.5720930232558139,0.5059559684910693,0.6382300780205585,105.0,49.0,41.0,15.0,0.5444444444444444,0.4415522865356801,0.6473366023532087,USD_CAD,H4,14,30,1,long,347
120.0,57.0,47.0,16.0,0.5480769230769231,0.45242528339244814,0.6437285627613981,52.0,18.0,25.0,9.0,0.4186046511627907,0.271149603154368,0.5660596991712135,USD_CAD,H4,14,30,2,long,172
58.0,31.0,21.0,6.0,0.5961538461538461,0.4627889441483457,0.7295187481593466,25.0,8.0,11.0,6.0,0.42105263157894735,0.19904545890021433,0.6430598042576804,USD_CAD,H4,14,30,3,long,83
29.0,14.0,12.0,3.0,0.5384615384615384,0.3468371904257853,0.7300858864972916,13.0,5.0,6.0,2.0,0.45454545454545453,0.1602878664116818,0.7488030426792273,USD_CAD,H4,14,30,4,long,42
526.0,246.0,232.0,48.0,0.5146443514644351,0.46983942463315675,0.5594492782957134,226.0,104.0,86.0,36.0,0.5473684210526316,0.476591516423393,0.6181453256818702,USD_CAD,H4,14,35,1,long,752
266.0,118.0,122.0,26.0,0.49166666666666664,0.42841672522327406,0.5549166081100593,114.0,46.0,45.0,23.0,0.5054945054945055,0.4027687945518872,0.6082202164371238,USD_CAD,H4,14,35,2,long,380
127.0,59.0,54.0,14.0,0.5221238938053098,0.4300235414180822,0.6142242461925373,55.0,25.0,17.0,13.0,0.5952380952380952,0.4467893261726798,0.7436868643035106,USD_CAD,H4,14,35,3,long,182
62.0,30.0,27.0,5.0,0.5263157894736842,0.39669152732867524,0.6559400516186931,28.0,11.0,10.0,7.0,0.5238095238095238,0.3101985933082275,0.7374204543108202,USD_CAD,H4,14,35,4,long,90
23.0,7.0,16.0,0.0,0.30434782608695654,0.11629783002433983,0.4923978221495733,11.0,6.0,5.0,0.0,0.5454545454545454,0.2511969573207727,0.8397121335883182,USD_CAD,H4,14,20,1,short,34
8.0,3.0,4.0,1.0,0.42857142857142855,0.06196537297496135,0.7951774841678958,4.0,2.0,2.0,0.0,0.5,0.010000000000000009,0.99,USD_CAD,H4,14,20,2,short,12
4.0,2.0,1.0,1.0,0.6666666666666666,0.13322223379388565,1.0,2.0,1.0,1.0,0.0,0.5,0.0,1.0,USD_CAD,H4,14,20,3,short,6
2.0,1.0,1.0,0.0,0.5,0.0,1.0,2.0,2.0,0.0,0.0,1.0,1.0,1.0,USD_CAD,H4,14,20,4,short,4
102.0,46.0,50.0,6.0,0.4791666666666667,0.3792326968578011,0.5791006364755322,44.0,18.0,16.0,10.0,0.5294117647058824,0.3616341793866309,0.6971893500251338,USD_CAD,H4,14,25,1,short,146
46.0,19.0,25.0,2.0,0.4318181818181818,0.28545768957742834,0.5781786740589353,20.0,8.0,4.0,8.0,0.6666666666666666,0.39994445023027614,0.9333888831030571,USD_CAD,H4,14,25,2,short,66
21.0,8.0,11.0,2.0,0.42105263157894735,0.19904545890021433,0.6430598042576804,9.0,4.0,1.0,4.0,0.8,0.44938454112803305,1.0,USD_CAD,H4,14,25,3,short,30
10.0,5.0,4.0,1.0,0.5555555555555556,0.23091161215558614,0.8801994989555251,5.0,3.0,0.0,2.0,1.0,1.0,1.0,USD_CAD,H4,14,25,4,short,15
244.0,112.0,117.0,15.0,0.4890829694323144,0.4243381848761991,0.5538277539884296,106.0,50.0,37.0,19.0,0.5747126436781609,0.4708252007747435,0.6786000865815783,USD_CAD,H4,14,30,1,short,350
116.0,50.0,60.0,6.0,0.45454545454545453,0.36149303481640876,0.5475978742745002,50.0,21.0,16.0,13.0,0.5675675675675675,0.40793440271765047,0.7272007324174846,USD_CAD,H4,14,30,2,short,166
58.0,26.0,30.0,2.0,0.4642857142857143,0.333662209509583,0.5949092190618457,26.0,11.0,7.0,8.0,0.6111111111111112,0.38589851531349934,0.836323706908723,USD_CAD,H4,14,30,3,short,84
25.0,15.0,9.0,1.0,0.625,0.43131049331468674,0.8186895066853133,11.0,6.0,2.0,3.0,0.75,0.4499375065090607,1.0,USD_CAD,H4,14,30,4,short,36
522.0,233.0,235.0,54.0,0.49786324786324787,0.45256314549808646,0.5431633502284092,225.0,93.0,84.0,48.0,0.5254237288135594,0.45185770403036163,0.5989897535967571,USD_CAD,H4,14,35,1,short,747
254.0,109.0,126.0,19.0,0.46382978723404256,0.4000691278810341,0.527590446587051,110.0,40.0,38.0,32.0,0.5128205128205128,0.40189384650980037,0.6237471791312251,USD_CAD,H4,14,35,2,short,364
123.0,55.0,61.0,7.0,0.47413793103448276,0.38326901451095696,0.5650068475580086,53.0,20.0,14.0,19.0,0.5882352941176471,0.4228043640235646,0.7536662242117296,USD_CAD,H4,14,35,3,short,176
56.0,31.0,21.0,4.0,0.5961538461538461,0.4627889441483457,0.7295187481593466,25.0,11.0,6.0,8.0,0.6470588235294118,0.41988689910096416,0.8742307479578595,USD_CAD,H4,14,35,4,short,81
,,,,,,,,,,,,,,USD_CAD,H4,21,20,1,long,0
,,,,,,,,,,,,,,USD_CAD,H4,21,20,2,long,0
,,,,,,,,,,,,,,USD_CAD,H4,21,20,3,long,0
,,,,,,,,,,,,,,USD_CAD,H4,21,20,4,long,0
21.0,10.0,7.0,4.0,0.5882352941176471,0.3542806291426003,0.8221899590926939,9.0,4.0,4.0,1.0,0.5,0.15351767721859172,0.8464823227814082,USD_CAD,H4,21,25,1,long,30
9.0,4.0,5.0,0.0,0.4444444444444444,0.11980050104447498,0.7690883878444139,5.0,1.0,2.0,2.0,0.3333333333333333,0.0,0.8667777662061142,USD_CAD,H4,21,25,2,long,14
3.0,2.0,1.0,0.0,0.6666666666666666,0.13322223379388565,1.0,2.0,1.0,1.0,0.0,0.5,0.0,1.0,USD_CAD,H4,21,25,3,long,5
2.0,2.0,0.0,0.0,1.0,1.0,1.0,1.0,0.0,1.0,0.0,0.0,0.0,0.0,USD_CAD,H4,21,25,4,long,3
102.0,52.0,38.0,12.0,0.5777777777777777,0.4757341764563586,0.6798213790991968,44.0,24.0,14.0,6.0,0.631578947368421,0.4782054520333626,0.7849524427034794,USD_CAD,H4,21,30,1,long,146
50.0,23.0,21.0,6.0,0.5227272727272727,0.37513941734496625,0.6703151281095792,22.0,9.0,9.0,4.0,0.5,0.2690117848123945,0.7309882151876055,USD_CAD,H4,21,30,2,long,72
21.0,11.0,8.0,2.0,0.5789473684210527,0.3569401957423196,0.8009545410997857,10.0,3.0,5.0,2.0,0.375,0.03951993352808575,0.7104800664719142,USD_CAD,H4,21,30,3,long,31
9.0,4.0,5.0,0.0,0.4444444444444444,0.11980050104447498,0.7690883878444139,4.0,1.0,3.0,0.0,0.25,0.0,0.674352447854375,USD_CAD,H4,21,30,4,long,13
308.0,148.0,126.0,34.0,0.5401459854014599,0.48113316690259317,0.5991588039003265,132.0,60.0,53.0,19.0,0.5309734513274337,0.43895986330462555,0.6229870393502418,USD_CAD,H4,21,35,1,long,440
157.0,72.0,67.0,18.0,0.5179856115107914,0.43491689112109644,0.6010543319004863,68.0,29.0,28.0,11.0,0.5087719298245614,0.37898773638844124,0.6385561232606816,USD_CAD,H4,21,35,2,long,225
74.0,34.0,32.0,8.0,0.5151515151515151,0.394577252231733,0.6357257780712973,32.0,16.0,10.0,6.0,0.6153846153846154,0.4283784001578088,0.802390830611422,USD_CAD,H4,21,35,3,long,106
36.0,16.0,16.0,4.0,0.5,0.3267588386092959,0.6732411613907041,16.0,6.0,6.0,4.0,0.5,0.21709836809708338,0.7829016319029166,USD_CAD,H4,21,35,4,long,52
2.0,1.0,1.0,0.0,0.5,0.0,1.0,2.0,1.0,1.0,0.0,0.5,0.0,1.0,USD_CAD,H4,21,20,1,short,4
1.0,1.0,0.0,0.0,1.0,1.0,1.0,1.0,1.0,0.0,0.0,1.0,1.0,1.0,USD_CAD,H4,21,20,2,short,2
0.0,0.0,0.0,0.0,,,,1.0,1.0,0.0,0.0,1.0,1.0,1.0,USD_CAD,H4,21,20,3,short,1
0.0,0.0,0.0,0.0,,,,1.0,1.0,0.0,0.0,1.0,1.0,1.0,USD_CAD,H4,21,20,4,short,1
26.0,9.0,17.0,0.0,0.34615384615384615,0.16328414093967988,0.5290235513680124,12.0,5.0,6.0,1.0,0.45454545454545453,0.1602878664116818,0.7488030426792273,USD_CAD,H4,21,25,1,short,38
10.0,4.0,5.0,1.0,0.4444444444444444,0.11980050104447498,0.7690883878444139,5.0,2.0,2.0,1.0,0.5,0.010000000000000009,0.99,USD_CAD,H4,21,25,2,short,15
4.0,2.0,1.0,1.0,0.6666666666666666,0.13322223379388565,1.0,2.0,1.0,1.0,0.0,0.5,0.0,1.0,USD_CAD,H4,21,25,3,short,6
2.0,1.0,1.0,0.0,0.5,0.0,1.0,1.0,1.0,0.0,0.0,1.0,1.0,1.0,USD_CAD,H4,21,25,4,short,3
108.0,49.0,54.0,5.0,0.47572815533980584,0.379279727185589,0.5721765834940227,47.0,20.0,16.0,11.0,0.5555555555555556,0.39323358385557083,0.7178775272555403,USD_CAD,H4,21,30,1,short,155
49.0,21.0,26.0,2.0,0.44680851063829785,0.30467201432718494,0.5889450069494108,22.0,9.0,5.0,8.0,0.6428571428571429,0.39185913489692026,0.8938551508173656,USD_CAD,H4,21,30,2,short,71
24.0,9.0,14.0,1.0,0.391304347826087,0.19184720669911723,0.5907614889530567,11.0,5.0,1.0,5.0,0.8333333333333334,0.535128829802743,1.0,USD_CAD,H4,21,30,3,short,35
12.0,7.0,5.0,0.0,0.5833333333333334,0.30438856248221097,0.8622781041844558,6.0,4.0,0.0,2.0,1.0,1.0,1.0,USD_CAD,H4,21,30,4,short,18
300.0,140.0,133.0,27.0,0.5128205128205128,0.4535277156217006,0.572113310019325,129.0,59.0,42.0,28.0,0.5841584158415841,0.48803600346951054,0.6802808282136577,USD_CAD,H4,21,35,1,short,429
142.0,60.0,72.0,10.0,0.45454545454545453,0.36960060568539266,0.5394903034055164,62.0,27.0,19.0,16.0,0.5869565217391305,0.4446653333965717,0.7292477100816892,USD_CAD,H4,21,35,2,short,204
68.0,27.0,38.0,3.0,0.4153846153846154,0.295583815769046,0.5351854150001848,30.0,15.0,7.0,8.0,0.6818181818181818,0.48718508191927334,0.8764512817170902,USD_CAD,H4,21,35,3,short,98
29.0,15.0,13.0,1.0,0.5357142857142857,0.350984753695174,0.7204438177333974,13.0,10.0,0.0,3.0,1.0,1.0,1.0,USD_CAD,H4,21,35,4,short,42
,,,,,,,,,,,,,,USD_CAD,H4,28,20,1,long,0
,,,,,,,,,,,,,,USD_CAD,H4,28,20,2,long,0
,,,,,,,,,,,,,,USD_CAD,H4,28,20,3,long,0
,,,,,,,,,,,,,,USD_CAD,H4,28,20,4,long,0
2.0,1.0,0.0,1.0,1.0,1.0,1.0,2.0,2.0,0.0,0.0,1.0,1.0,1.0,USD_CAD,H4,28,25,1,long,4
2.0,1.0,0.0,1.0,1.0,1.0,1.0,2.0,1.0,0.0,1.0,1.0,1.0,1.0,USD_CAD,H4,28,25,2,long,4
1.0,1.0,0.0,0.0,1.0,1.0,1.0,1.0,1.0,0.0,0.0,1.0,1.0,1.0,USD_CAD,H4,28,25,3,long,2
1.0,1.0,0.0,0.0,1.0,1.0,1.0,1.0,1.0,0.0,0.0,1.0,1.0,1.0,USD_CAD,H4,28,25,4,long,2
44.0,22.0,15.0,7.0,0.5945945945945946,0.43639314624245384,0.7527960429467354,19.0,10.0,6.0,3.0,0.625,0.3877797700447957,0.8622202299552043,USD_CAD,H4,28,30,1,long,63
20.0,7.0,10.0,3.0,0.4117647058823529,0.17781004090730612,0.6457193708573997,9.0,4.0,3.0,2.0,0.5714285714285714,0.2048225158321042,0.9380346270250386,USD_CAD,H4,28,30,2,long,29
7.0,3.0,2.0,2.0,0.6,0.17058551491594975,1.0,4.0,2.0,2.0,0.0,0.5,0.010000000000000009,0.99,USD_CAD,H4,28,30,3,long,11
2.0,1.0,1.0,0.0,0.5,0.0,1.0,2.0,1.0,1.0,0.0,0.5,0.0,1.0,USD_CAD,H4,28,30,4,long,4
192.0,91.0,78.0,23.0,0.5384615384615384,0.4633002853912461,0.6136227915318307,83.0,44.0,29.0,10.0,0.6027397260273972,0.49048694266074966,0.7149925093940448,USD_CAD,H4,28,35,1,long,275
94.0,43.0,40.0,11.0,0.5180722891566265,0.4105736030280348,0.6255709752852182,41.0,19.0,16.0,6.0,0.5428571428571428,0.3778165417918292,0.7078977439224564,USD_CAD,H4,28,35,2,long,135
45.0,22.0,17.0,6.0,0.5641025641025641,0.40847197480527225,0.7197331533998559,20.0,9.0,7.0,4.0,0.5625,0.31942159829594075,0.8055784017040593,USD_CAD,H4,28,35,3,long,65
23.0,11.0,9.0,3.0,0.55,0.3319637644793876,0.7680362355206125,10.0,2.0,5.0,3.0,0.2857142857142857,0.0,0.6203782963279159,USD_CAD,H4,28,35,4,long,33
,,,,,,,,,,,,,,USD_CAD,H4,28,20,1,short,0
,,,,,,,,,,,,,,USD_CAD,H4,28,20,2,short,0
,,,,,,,,,,,,,,USD_CAD,H4,28,20,3,short,0
,,,,,,,,,,,,,,USD_CAD,H4,28,20,4,short,0
5.0,3.0,2.0,0.0,0.6,0.17058551491594975,1.0,3.0,1.0,2.0,0.0,0.3333333333333333,0.0,0.8667777662061142,USD_CAD,H4,28,25,1,short,8
2.0,2.0,0.0,0.0,1.0,1.0,1.0,1.0,0.0,1.0,0.0,0.0,0.0,0.0,USD_CAD,H4,28,25,2,short,3
0.0,0.0,0.0,0.0,,,,1.0,1.0,0.0,0.0,1.0,1.0,1.0,USD_CAD,H4,28,25,3,short,1
0.0,0.0,0.0,0.0,,,,1.0,1.0,0.0,0.0,1.0,1.0,1.0,USD_CAD,H4,28,25,4,short,1
40.0,16.0,23.0,1.0,0.41025641025641024,0.2558792420856332,0.5646335784271873,18.0,9.0,8.0,1.0,0.5294117647058824,0.29213842808518775,0.766685101326577,USD_CAD,H4,28,30,1,short,58
18.0,8.0,9.0,1.0,0.47058823529411764,0.23331489867342306,0.7078615719148122,8.0,4.0,3.0,1.0,0.5714285714285714,0.2048225158321042,0.9380346270250386,USD_CAD,H4,28,30,2,short,26
7.0,3.0,3.0,1.0,0.5,0.09991667534541426,0.9000833246545857,4.0,2.0,2.0,0.0,0.5,0.010000000000000009,0.99,USD_CAD,H4,28,30,3,short,11
4.0,2.0,2.0,0.0,0.5,0.010000000000000009,0.99,2.0,2.0,0.0,0.0,1.0,1.0,1.0,USD_CAD,H4,28,30,4,short,6
177.0,89.0,79.0,9.0,0.5297619047619048,0.4542873260149052,0.6052364835089044,76.0,32.0,26.0,18.0,0.5517241379310345,0.42373422484289125,0.6797140510191777,USD_CAD,H4,28,35,1,short,253
81.0,40.0,38.0,3.0,0.5128205128205128,0.40189384650980037,0.6237471791312251,35.0,13.0,11.0,11.0,0.5416666666666666,0.34232080353389893,0.7410125297994343,USD_CAD,H4,28,35,2,short,116
42.0,17.0,23.0,2.0,0.425,0.27180151763153787,0.578198482368462,19.0,10.0,3.0,6.0,0.7692307692307693,0.5401958662133862,0.9982656722481523,USD_CAD,H4,28,35,3,short,61
20.0,12.0,7.0,1.0,0.631578947368421,0.41467607015701474,0.8484818245798273,9.0,6.0,0.0,3.0,1.0,1.0,1.0,USD_CAD,H4,28,35,4,short,29
245.0,105.0,110.0,30.0,0.4883720930232558,0.42155472360274654,0.5551894624437651,106.0,42.0,60.0,4.0,0.4117647058823529,0.31625311386024424,0.5072762979044616,USD_CHF,H4,7,20,1,long,351
118.0,49.0,54.0,15.0,0.47572815533980584,0.379279727185589,0.5721765834940227,52.0,22.0,28.0,2.0,0.44,0.3024085584056915,0.5775914415943085,USD_CHF,H4,7,20,2,long,170
58.0,28.0,26.0,4.0,0.5185185185185185,0.3852489102138178,0.6517881268232192,25.0,8.0,15.0,2.0,0.34782608695652173,0.15317584838060608,0.5424763255324374,USD_CHF,H4,7,20,3,long,83
27.0,11.0,14.0,2.0,0.44,0.24541631723086335,0.6345836827691367,12.0,5.0,7.0,0.0,0.4166666666666667,0.13772189581554434,0.6956114375177891,USD_CHF,H4,7,20,4,long,39
415.0,176.0,197.0,42.0,0.4718498659517426,0.4211878729444229,0.5225118589590624,179.0,82.0,92.0,5.0,0.47126436781609193,0.39709355492245924,0.5454351807097246,USD_CHF,H4,7,25,1,long,594
208.0,85.0,106.0,17.0,0.44502617801047123,0.3745457689554948,0.5155065870654476,90.0,43.0,43.0,4.0,0.5,0.39432388226063037,0.6056761177393697,USD_CHF,H4,7,25,2,long,298
101.0,48.0,47.0,6.0,0.5052631578947369,0.4047228499534867,0.6058034658359871,44.0,18.0,24.0,2.0,0.42857142857142855,0.27890513310047094,0.5782377240423862,USD_CHF,H4,7,25,3,long,145
42.0,17.0,21.0,4.0,0.4473684210526316,0.28927464069347575,0.6054622014117874,19.0,8.0,11.0,0.0,0.42105263157894735,0.19904545890021433,0.6430598042576804,USD_CHF,H4,7,25,4,long,61
629.0,272.0,297.0,60.0,0.4780316344463972,0.43698757117355613,0.5190756977192382,270.0,121.0,142.0,7.0,0.4600760456273764,0.3998396043770412,0.5203124868777116,USD_CHF,H4,7,30,1,long,899
319.0,138.0,158.0,23.0,0.46621621621621623,0.40938504695412936,0.5230473854783031,138.0,61.0,72.0,5.0,0.45864661654135336,0.37396097622349267,0.543332256859214,USD_CHF,H4,7,30,2,long,457
154.0,69.0,77.0,8.0,0.4726027397260274,0.3916192111656352,0.5535862682864195,67.0,24.0,40.0,3.0,0.375,0.25638988502239785,0.49361011497760215,USD_CHF,H4,7,30,3,long,221
66.0,26.0,35.0,5.0,0.4262295081967213,0.30212658393074165,0.5503324324627009,29.0,10.0,18.0,1.0,0.35714285714285715,0.17966046364986868,0.5346252506358457,USD_CHF,H4,7,30,4,long,95
907.0,392.0,435.0,80.0,0.4740024183796856,0.43997057538014556,0.5080342613792256,389.0,168.0,211.0,10.0,0.44327176781002636,0.39325759101997043,0.4932859446000823,USD_CHF,H4,7,35,1,long,1296
459.0,199.0,229.0,31.0,0.4649532710280374,0.41769969316740047,0.5122068488886743,198.0,89.0,103.0,6.0,0.4635416666666667,0.39300452712164496,0.5340788062116884,USD_CHF,H4,7,35,2,long,657
228.0,95.0,122.0,11.0,0.4377880184331797,0.3717782531392325,0.5037977837271269,98.0,41.0,53.0,4.0,0.43617021276595747,0.3359179568387757,0.5364224686931393,USD_CHF,H4,7,35,3,long,326
98.0,38.0,54.0,6.0,0.41304347826086957,0.31242841408075406,0.5136585424409851,42.0,20.0,21.0,1.0,0.4878048780487805,0.33480012175345375,0.6408096343441072,USD_CHF,H4,7,35,4,long,140
207.0,86.0,96.0,25.0,0.4725274725274725,0.39999477464454736,0.5450601704103977,89.0,51.0,35.0,3.0,0.5930232558139535,0.48919214393034416,0.6968543676975629,USD_CHF,H4,7,20,1,short,296
92.0,39.0,43.0,10.0,0.47560975609756095,0.36751569737030715,0.5837038148248147,40.0,28.0,12.0,0.0,0.7,0.5579845078873434,0.8420154921126565,USD_CHF,H4,7,20,2,short,132
43.0,20.0,20.0,3.0,0.5,0.3450483946517494,0.6549516053482506,19.0,10.0,9.0,0.0,0.5263157894736842,0.3017999815449016,0.7508315974024667,USD_CHF,H4,7,20,3,short,62
21.0,9.0,11.0,1.0,0.45,0.23196376447938752,0.6680362355206125,10.0,7.0,3.0,0.0,0.7,0.415969015774687,0.984030984225313,USD_CHF,H4,7,20,4,short,31
422.0,181.0,197.0,44.0,0.47883597883597884,0.4284753931648626,0.5291965645070951,182.0,99.0,76.0,7.0,0.5657142857142857,0.4922758543584895,0.639152717070082,USD_CHF,H4,7,25,1,short,604
186.0,90.0,79.0,17.0,0.5325443786982249,0.45731961800944515,0.6077691393870046,80.0,43.0,35.0,2.0,0.5512820512820513,0.4409040775344665,0.6616600250296362,USD_CHF,H4,7,25,2,short,266
83.0,36.0,35.0,12.0,0.5070422535211268,0.39074918745643583,0.6233353195858177,36.0,18.0,18.0,0.0,0.5,0.33666666666666667,0.6633333333333333,USD_CHF,H4,7,25,3,short,119
39.0,16.0,20.0,3.0,0.4444444444444444,0.2821224727444597,0.6067664161444292,17.0,10.0,7.0,0.0,0.5882352941176471,0.3542806291426003,0.8221899590926939,USD_CHF,H4,7,25,4,short,56
674.0,315.0,298.0,61.0,0.5138662316476346,0.4742996283652036,0.5534328349300655,290.0,154.0,127.0,9.0,0.5480427046263345,0.4898513037439082,0.6062341055087609,USD_CHF,H4,7,30,1,short,964
315.0,153.0,137.0,25.0,0.5275862068965518,0.47012627942177565,0.5850461343713279,135.0,73.0,59.0,3.0,0.553030303030303,0.46821336100542893,0.637847245055177,USD_CHF,H4,7,30,2,short,450
154.0,68.0,71.0,15.0,0.4892086330935252,0.40610548007213815,0.5723117861149122,67.0,36.0,29.0,2.0,0.5538461538461539,0.43299903917157556,0.6746932685207322,USD_CHF,H4,7,30,3,short,221
79.0,35.0,39.0,5.0,0.47297297297297297,0.3592168407275511,0.5867291052183948,34.0,19.0,15.0,0.0,0.5588235294117647,0.39192207324182393,0.7257249855817055,USD_CHF,H4,7,30,4,short,113
974.0,470.0,421.0,83.0,0.5274971941638609,0.4947156435710403,0.5602787447566815,418.0,210.0,194.0,14.0,0.5198019801980198,0.4710834097791334,0.5685205506169063,USD_CHF,H4,7,35,1,short,1392
461.0,232.0,194.0,35.0,0.5446009389671361,0.49730906428204663,0.5918928136522256,199.0,102.0,92.0,5.0,0.5257731958762887,0.455506832704955,0.5960395590476224,USD_CHF,H4,7,35,2,short,660
221.0,109.0,91.0,21.0,0.545,0.47598475675620644,0.6140152432437936,95.0,41.0,51.0,3.0,0.44565217391304346,0.34408547281102897,0.547218875015058,USD_CHF,H4,7,35,3,short,316
112.0,55.0,49.0,8.0,0.5288461538461539,0.4329093055087598,0.6247830021835479,48.0,20.0,27.0,1.0,0.425531914893617,0.284178545733946,0.5668852840532881,USD_CHF,H4,7,35,4,short,160
37.0,18.0,18.0,1.0,0.5,0.33666666666666667,0.6633333333333333,17.0,10.0,7.0,0.0,0.5882352941176471,0.3542806291426003,0.8221899590926939,USD_CHF,H4,14,20,1,long,54
16.0,8.0,7.0,1.0,0.5333333333333333,0.28086134735527735,0.7858053193113893,7.0,5.0,1.0,1.0,0.8333333333333334,0.535128829802743,1.0,USD_CHF,H4,14,20,2,long,23
7.0,4.0,3.0,0.0,0.5714285714285714,0.2048225158321042,0.9380346270250386,3.0,1.0,1.0,1.0,0.5,0.0,1.0,USD_CHF,H4,14,20,3,long,10
4.0,2.0,2.0,0.0,0.5,0.010000000000000009,0.99,2.0,1.0,1.0,0.0,0.5,0.0,1.0,USD_CHF,H4,14,20,4,long,6
135.0,56.0,64.0,15.0,0.4666666666666667,0.3774043399943075,0.5559289933390259,59.0,25.0,31.0,3.0,0.44642857142857145,0.3162244048285736,0.5766327380285693,USD_CHF,H4,14,25,1,long,194
65.0,29.0,28.0,8.0,0.5087719298245614,0.37898773638844124,0.6385561232606816,28.0,12.0,15.0,1.0,0.4444444444444444,0.25701117633169046,0.6318777125571984,USD_CHF,H4,14,25,2,long,93
28.0,14.0,12.0,2.0,0.5384615384615384,0.3468371904257853,0.7300858864972916,13.0,4.0,8.0,1.0,0.3333333333333333,0.06661111689694282,0.6000555497697238,USD_CHF,H4,14,25,3,long,41
15.0,7.0,7.0,1.0,0.5,0.2380839829258241,0.7619160170741759,7.0,3.0,4.0,0.0,0.42857142857142855,0.06196537297496135,0.7951774841678958,USD_CHF,H4,14,25,4,long,22
289.0,127.0,134.0,28.0,0.48659003831417624,0.42595138189303083,0.5472286947353217,124.0,56.0,64.0,4.0,0.4666666666666667,0.3774043399943075,0.5559289933390259,USD_CHF,H4,14,30,1,long,413
139.0,63.0,63.0,13.0,0.5,0.4126946609752747,0.5873053390247253,60.0,28.0,31.0,1.0,0.4745762711864407,0.34715617855107106,0.6019963638218103,USD_CHF,H4,14,30,2,long,199
70.0,36.0,29.0,5.0,0.5538461538461539,0.43299903917157556,0.6746932685207322,30.0,11.0,18.0,1.0,0.3793103448275862,0.20270995022817426,0.5559107394269981,USD_CHF,H4,14,30,3,long,100
29.0,14.0,12.0,3.0,0.5384615384615384,0.3468371904257853,0.7300858864972916,13.0,7.0,6.0,0.0,0.5384615384615384,0.2674637865884742,0.8094592903346027,USD_CHF,H4,14,30,4,long,42
518.0,226.0,240.0,52.0,0.48497854077253216,0.43960140946970006,0.5303556720753643,222.0,96.0,120.0,6.0,0.4444444444444444,0.3781767769932021,0.5107121118956868,USD_CHF,H4,14,35,1,long,740
258.0,113.0,124.0,21.0,0.4767932489451477,0.41320401154993014,0.5403824863403652,111.0,53.0,54.0,4.0,0.4953271028037383,0.40059106445455217,0.5900631411529245,USD_CHF,H4,14,35,2,long,369
122.0,59.0,56.0,7.0,0.5130434782608696,0.42168910759082756,0.6043978489309116,53.0,20.0,31.0,2.0,0.39215686274509803,0.25815937626582186,0.5261543492243742,USD_CHF,H4,14,35,3,long,175
50.0,21.0,24.0,5.0,0.4666666666666667,0.32090189759939663,0.6124314357339367,22.0,9.0,13.0,0.0,0.4090909090909091,0.20363672932088425,0.614545088860934,USD_CHF,H4,14,35,4,long,72
19.0,6.0,7.0,6.0,0.46153846153846156,0.19054070966539732,0.7325362134115259,9.0,8.0,1.0,0.0,0.8888888888888888,0.6835660309443505,1.0,USD_CHF,H4,14,20,1,short,28
7.0,3.0,2.0,2.0,0.6,0.17058551491594975,1.0,3.0,3.0,0.0,0.0,1.0,1.0,1.0,USD_CHF,H4,14,20,2,short,10
4.0,2.0,1.0,1.0,0.6666666666666666,0.13322223379388565,1.0,2.0,2.0,0.0,0.0,1.0,1.0,1.0,USD_CHF,H4,14,20,3,short,6
3.0,1.0,2.0,0.0,0.3333333333333333,0.0,0.8667777662061142,2.0,1.0,1.0,0.0,0.5,0.0,1.0,USD_CHF,H4,14,20,4,short,5
91.0,44.0,31.0,16.0,0.5866666666666667,0.47521890218748386,0.6981144311458495,40.0,21.0,17.0,2.0,0.5526315789473685,0.3945377985882126,0.7107253593065244,USD_CHF,H4,14,25,1,short,131
41.0,21.0,15.0,5.0,0.5833333333333334,0.42228449479339936,0.7443821718732674,18.0,11.0,7.0,0.0,0.6111111111111112,0.38589851531349934,0.836323706908723,USD_CHF,H4,14,25,2,short,59
16.0,10.0,5.0,1.0,0.6666666666666666,0.4281030638421943,0.9052302694911389,8.0,4.0,4.0,0.0,0.5,0.15351767721859172,0.8464823227814082,USD_CHF,H4,14,25,3,short,24
10.0,5.0,5.0,0.0,0.5,0.19009678930349883,0.8099032106965012,5.0,4.0,0.0,1.0,1.0,1.0,1.0,USD_CHF,H4,14,25,4,short,15
249.0,112.0,111.0,26.0,0.5022421524663677,0.43661715834464077,0.5678671465880947,108.0,60.0,45.0,3.0,0.5714285714285714,0.4767712948989775,0.6660858479581653,USD_CHF,H4,14,30,1,short,357
114.0,54.0,52.0,8.0,0.5094339622641509,0.4142648923041431,0.6046030322241588,50.0,32.0,18.0,0.0,0.64,0.5069507880519393,0.7730492119480608,USD_CHF,H4,14,30,2,short,164
46.0,21.0,22.0,3.0,0.4883720930232558,0.33896391292128136,0.6377802731252302,21.0,11.0,9.0,1.0,0.55,0.3319637644793876,0.7680362355206125,USD_CHF,H4,14,30,3,short,67
23.0,11.0,11.0,1.0,0.5,0.29106329797150177,0.7089367020284982,10.0,4.0,6.0,0.0,0.4,0.09635810565733854,0.7036418943426614,USD_CHF,H4,14,30,4,short,33
537.0,244.0,240.0,53.0,0.5041322314049587,0.45958829814272245,0.5486761646671948,231.0,115.0,106.0,10.0,0.5203619909502263,0.4544947436966371,0.5862292382038155,USD_CHF,H4,14,35,1,short,768
244.0,117.0,107.0,20.0,0.5223214285714286,0.45690770617218734,0.5877351509706699,106.0,56.0,46.0,4.0,0.5490196078431373,0.4524526070742416,0.645586608612033,USD_CHF,H4,14,35,2,short,350
113.0,53.0,51.0,9.0,0.5096153846153846,0.4135362494391981,0.6056945197915711,49.0,23.0,23.0,3.0,0.5,0.3555068829682008,0.6444931170317991,USD_CHF,H4,14,35,3,short,162
55.0,23.0,28.0,4.0,0.45098039215686275,0.31441402999179735,0.5875467543219282,24.0,13.0,10.0,1.0,0.5652173913043478,0.3626189995886204,0.7678157830200751,USD_CHF,H4,14,35,4,short,79
9.0,8.0,1.0,0.0,0.8888888888888888,0.6835660309443505,1.0,4.0,2.0,2.0,0.0,0.5,0.010000000000000009,0.99,USD_CHF,H4,21,20,1,long,13
3.0,3.0,0.0,0.0,1.0,1.0,1.0,2.0,2.0,0.0,0.0,1.0,1.0,1.0,USD_CHF,H4,21,20,2,long,5
2.0,1.0,1.0,0.0,0.5,0.0,1.0,2.0,1.0,1.0,0.0,0.5,0.0,1.0,USD_CHF,H4,21,20,3,long,4
,,,,,,,,,,,,,,USD_CHF,H4,21,20,4,long,0
35.0,19.0,14.0,2.0,0.5757575757575758,0.40713101598803636,0.7443841355271152,16.0,11.0,5.0,0.0,0.6875,0.4603789213326953,0.9146210786673047,USD_CHF,H4,21,25,1,long,51
18.0,9.0,7.0,2.0,0.5625,0.31942159829594075,0.8055784017040593,9.0,6.0,2.0,1.0,0.75,0.4499375065090607,1.0,USD_CHF,H4,21,25,2,long,27
7.0,4.0,2.0,1.0,0.6666666666666666,0.28946449079611114,1.0,4.0,2.0,1.0,1.0,0.6666666666666666,0.13322223379388565,1.0,USD_CHF,H4,21,25,3,long,11
4.0,2.0,2.0,0.0,0.5,0.010000000000000009,0.99,3.0,1.0,1.0,1.0,0.5,0.0,1.0,USD_CHF,H4,21,25,4,long,7
143.0,62.0,68.0,13.0,0.47692307692307695,0.3910629860097064,0.5627831678364474,62.0,32.0,27.0,3.0,0.5423728813559322,0.41524672242839017,0.6694990402834742,USD_CHF,H4,21,30,1,long,205
72.0,32.0,32.0,8.0,0.5,0.3775,0.6225,32.0,17.0,14.0,1.0,0.5483870967741935,0.37320004290478614,0.7235741506436009,USD_CHF,H4,21,30,2,long,104
34.0,17.0,15.0,2.0,0.53125,0.35834753133088293,0.7041524686691171,15.0,6.0,8.0,1.0,0.42857142857142855,0.16934180063511417,0.6878010565077429,USD_CHF,H4,21,30,3,long,49
15.0,6.0,7.0,2.0,0.46153846153846156,0.19054070966539732,0.7325362134115259,7.0,5.0,2.0,0.0,0.7142857142857143,0.3796217036720841,1.0,USD_CHF,H4,21,30,4,long,22
350.0,158.0,158.0,34.0,0.5,0.4448706928546248,0.5551293071453751,150.0,65.0,81.0,4.0,0.4452054794520548,0.3645886014609978,0.5258223574431118,USD_CHF,H4,21,35,1,long,500
168.0,75.0,80.0,13.0,0.4838709677419355,0.4051964391610981,0.562545496322773,72.0,36.0,35.0,1.0,0.5070422535211268,0.39074918745643583,0.6233353195858177,USD_CHF,H4,21,35,2,long,240
77.0,41.0,33.0,3.0,0.5540540540540541,0.4407990525811987,0.6673090555269094,34.0,14.0,19.0,1.0,0.42424242424242425,0.25561586447288487,0.5928689840119636,USD_CHF,H4,21,35,3,long,111
33.0,16.0,15.0,2.0,0.5161290322580645,0.3402074382535619,0.6920506262625671,15.0,8.0,7.0,0.0,0.5333333333333333,0.28086134735527735,0.7858053193113893,USD_CHF,H4,21,35,4,long,48
2.0,2.0,0.0,0.0,1.0,1.0,1.0,1.0,1.0,0.0,0.0,1.0,1.0,1.0,USD_CHF,H4,21,20,1,short,3
1.0,1.0,0.0,0.0,1.0,1.0,1.0,1.0,1.0,0.0,0.0,1.0,1.0,1.0,USD_CHF,H4,21,20,2,short,2
0.0,0.0,0.0,0.0,,,,1.0,1.0,0.0,0.0,1.0,1.0,1.0,USD_CHF,H4,21,20,3,short,1
0.0,0.0,0.0,0.0,,,,1.0,0.0,1.0,0.0,0.0,0.0,0.0,USD_CHF,H4,21,20,4,short,1
23.0,7.0,9.0,7.0,0.4375,0.19442159829594075,0.6805784017040593,10.0,7.0,1.0,2.0,0.875,0.6458234850600961,1.0,USD_CHF,H4,21,25,1,short,33
9.0,4.0,3.0,2.0,0.5714285714285714,0.2048225158321042,0.9380346270250386,5.0,4.0,1.0,0.0,0.8,0.44938454112803305,1.0,USD_CHF,H4,21,25,2,short,14
4.0,2.0,1.0,1.0,0.6666666666666666,0.13322223379388565,1.0,3.0,3.0,0.0,0.0,1.0,1.0,1.0,USD_CHF,H4,21,25,3,short,7
4.0,2.0,2.0,0.0,0.5,0.010000000000000009,0.99,2.0,1.0,1.0,0.0,0.5,0.0,1.0,USD_CHF,H4,21,25,4,short,6
102.0,50.0,36.0,16.0,0.5813953488372093,0.4771288844702657,0.685661813204153,44.0,25.0,17.0,2.0,0.5952380952380952,0.4467893261726798,0.7436868643035106,USD_CHF,H4,21,30,1,short,146
46.0,26.0,15.0,5.0,0.6341463414634146,0.48670726909866263,0.7815854138281666,21.0,13.0,8.0,0.0,0.6190476190476191,0.4113441266823227,0.8267511114129155,USD_CHF,H4,21,30,2,short,67
15.0,11.0,3.0,1.0,0.7857142857142857,0.5707724331122389,1.0,7.0,3.0,3.0,1.0,0.5,0.09991667534541426,0.9000833246545857,USD_CHF,H4,21,30,3,short,22
8.0,5.0,3.0,0.0,0.625,0.28951993352808575,0.9604800664719142,4.0,3.0,0.0,1.0,1.0,1.0,1.0,USD_CHF,H4,21,30,4,short,12
313.0,142.0,140.0,31.0,0.5035460992907801,0.44518941624654934,0.5619027823350109,135.0,68.0,63.0,4.0,0.5190839694656488,0.43352336207369885,0.6046445768575989,USD_CHF,H4,21,35,1,short,448
150.0,74.0,65.0,11.0,0.5323741007194245,0.4494260071007058,0.6153221943381432,65.0,35.0,29.0,1.0,0.546875,0.424914518159121,0.668835481840879,USD_CHF,H4,21,35,2,short,215
62.0,30.0,29.0,3.0,0.5084745762711864,0.3809077707574716,0.6360413817849012,27.0,13.0,12.0,2.0,0.52,0.32415686277022626,0.7158431372297738,USD_CHF,H4,21,35,3,short,89
30.0,15.0,14.0,1.0,0.5172413793103449,0.33536817355696424,0.6991145850637255,14.0,7.0,6.0,1.0,0.5384615384615384,0.2674637865884742,0.8094592903346027,USD_CHF,H4,21,35,4,short,44
3.0,3.0,0.0,0.0,1.0,1.0,1.0,2.0,2.0,0.0,0.0,1.0,1.0,1.0,USD_CHF,H4,28,20,1,long,5
2.0,2.0,0.0,0.0,1.0,1.0,1.0,1.0,1.0,0.0,0.0,1.0,1.0,1.0,USD_CHF,H4,28,20,2,long,3
0.0,0.0,0.0,0.0,,,,1.0,1.0,0.0,0.0,1.0,1.0,1.0,USD_CHF,H4,28,20,3,long,1
,,,,,,,,,,,,,,USD_CHF,H4,28,20,4,long,0
14.0,12.0,2.0,0.0,0.8571428571428571,0.6738398293446235,1.0,7.0,4.0,3.0,0.0,0.5714285714285714,0.2048225158321042,0.9380346270250386,USD_CHF,H4,28,25,1,long,21
6.0,5.0,1.0,0.0,0.8333333333333334,0.535128829802743,1.0,3.0,2.0,1.0,0.0,0.6666666666666666,0.13322223379388565,1.0,USD_CHF,H4,28,25,2,long,9
2.0,1.0,1.0,0.0,0.5,0.0,1.0,2.0,1.0,1.0,0.0,0.5,0.0,1.0,USD_CHF,H4,28,25,3,long,4
0.0,0.0,0.0,0.0,,,,1.0,0.0,1.0,0.0,0.0,0.0,0.0,USD_CHF,H4,28,25,4,long,1
63.0,37.0,22.0,4.0,0.6271186440677966,0.5037257198805615,0.7505115682550317,28.0,17.0,9.0,2.0,0.6538461538461539,0.4709764486319876,0.8367158590603201,USD_CHF,H4,28,30,1,long,91
35.0,19.0,13.0,3.0,0.59375,0.4235813394103515,0.7639186605896485,16.0,8.0,7.0,1.0,0.5333333333333333,0.28086134735527735,0.7858053193113893,USD_CHF,H4,28,30,2,long,51
13.0,9.0,3.0,1.0,0.75,0.505,0.995,6.0,1.0,4.0,1.0,0.2,0.0,0.5506154588719672,USD_CHF,H4,28,30,3,long,19
7.0,2.0,4.0,1.0,0.3333333333333333,0.0,0.7105355092038887,4.0,3.0,1.0,0.0,0.75,0.3256475521456251,1.0,USD_CHF,H4,28,30,4,long,11
235.0,110.0,106.0,19.0,0.5092592592592593,0.4425901396960931,0.5759283788224254,102.0,43.0,55.0,4.0,0.4387755102040816,0.3405255166952279,0.5370255037129353,USD_CHF,H4,28,35,1,long,337
111.0,52.0,50.0,9.0,0.5098039215686274,0.4127881174487346,0.6068197256885202,48.0,22.0,25.0,1.0,0.46808510638297873,0.3254289136532616,0.6107412991126959,USD_CHF,H4,28,35,2,long,159
51.0,26.0,23.0,2.0,0.5306122448979592,0.39087488191924513,0.6703496078766733,23.0,10.0,12.0,1.0,0.45454545454545453,0.24647391856046566,0.6626169905304434,USD_CHF,H4,28,35,3,long,74
21.0,10.0,9.0,2.0,0.5263157894736842,0.3017999815449016,0.7508315974024667,10.0,5.0,5.0,0.0,0.5,0.19009678930349883,0.8099032106965012,USD_CHF,H4,28,35,4,long,31
0.0,0.0,0.0,0.0,,,,1.0,1.0,0.0,0.0,1.0,1.0,1.0,USD_CHF,H4,28,20,1,short,1
0.0,0.0,0.0,0.0,,,,1.0,1.0,0.0,0.0,1.0,1.0,1.0,USD_CHF,H4,28,20,2,short,1
0.0,0.0,0.0,0.0,,,,1.0,1.0,0.0,0.0,1.0,1.0,1.0,USD_CHF,H4,28,20,3,short,1
0.0,0.0,0.0,0.0,,,,1.0,0.0,1.0,0.0,0.0,0.0,0.0,USD_CHF,H4,28,20,4,short,1
8.0,2.0,4.0,2.0,0.3333333333333333,0.0,0.7105355092038887,4.0,2.0,0.0,2.0,1.0,1.0,1.0,USD_CHF,H4,28,25,1,short,12
2.0,0.0,1.0,1.0,0.0,0.0,0.0,2.0,2.0,0.0,0.0,1.0,1.0,1.0,USD_CHF,H4,28,25,2,short,4
2.0,0.0,1.0,1.0,0.0,0.0,0.0,1.0,1.0,0.0,0.0,1.0,1.0,1.0,USD_CHF,H4,28,25,3,short,3
2.0,0.0,2.0,0.0,0.0,0.0,0.0,1.0,0.0,1.0,0.0,0.0,0.0,0.0,USD_CHF,H4,28,25,4,short,3
40.0,12.0,17.0,11.0,0.41379310344827586,0.2345369147912597,0.593049292105292,18.0,10.0,7.0,1.0,0.5882352941176471,0.3542806291426003,0.8221899590926939,USD_CHF,H4,28,30,1,short,58
15.0,6.0,6.0,3.0,0.5,0.21709836809708338,0.7829016319029166,7.0,5.0,2.0,0.0,0.7142857142857143,0.3796217036720841,1.0,USD_CHF,H4,28,30,2,short,22
5.0,3.0,1.0,1.0,0.75,0.3256475521456251,1.0,3.0,3.0,0.0,0.0,1.0,1.0,1.0,USD_CHF,H4,28,30,3,short,8
4.0,2.0,2.0,0.0,0.5,0.010000000000000009,0.99,3.0,2.0,1.0,0.0,0.6666666666666666,0.13322223379388565,1.0,USD_CHF,H4,28,30,4,short,7
177.0,85.0,71.0,21.0,0.5448717948717948,0.4667256044938598,0.6230179852497298,77.0,45.0,29.0,3.0,0.6081081081081081,0.49688020558661516,0.7193360106296011,USD_CHF,H4,28,35,1,short,254
80.0,42.0,32.0,6.0,0.5675675675675675,0.4546898741999212,0.6804452609352138,35.0,22.0,12.0,1.0,0.6470588235294118,0.48642401527085855,0.807693631787965,USD_CHF,H4,28,35,2,short,115
28.0,16.0,11.0,1.0,0.5925925925925926,0.4072536166713656,0.7779315685138195,13.0,8.0,3.0,2.0,0.7272727272727273,0.4640807392878268,0.9904647152576278,USD_CHF,H4,28,35,3,short,41
15.0,11.0,3.0,1.0,0.7857142857142857,0.5707724331122389,1.0,7.0,3.0,3.0,1.0,0.5,0.09991667534541426,0.9000833246545857,USD_CHF,H4,28,35,4,short,22
200.0,103.0,97.0,0.0,0.515,0.4457347258721948,0.5842652741278052,86.0,45.0,41.0,0.0,0.5232558139534884,0.41769406434041734,0.6288175635665595,NZD_USD,H4,7,20,1,long,286
99.0,54.0,45.0,0.0,0.5454545454545454,0.44736868274328784,0.6435404081658029,43.0,21.0,22.0,0.0,0.4883720930232558,0.33896391292128136,0.6377802731252302,NZD_USD,H4,7,20,2,long,142
44.0,23.0,21.0,0.0,0.5227272727272727,0.37513941734496625,0.6703151281095792,20.0,11.0,9.0,0.0,0.55,0.3319637644793876,0.7680362355206125,NZD_USD,H4,7,20,3,long,64
21.0,9.0,12.0,0.0,0.42857142857142855,0.21691132368626131,0.6402315334565958,9.0,4.0,5.0,0.0,0.4444444444444444,0.11980050104447498,0.7690883878444139,NZD_USD,H4,7,20,4,long,30
399.0,189.0,210.0,0.0,0.47368421052631576,0.4246908445954675,0.522677576457164,171.0,89.0,82.0,0.0,0.52046783625731,0.44558818116881405,0.5953474913458059,NZD_USD,H4,7,25,1,long,570
194.0,105.0,89.0,0.0,0.5412371134020618,0.47111691611766593,0.6113573106864577,84.0,42.0,42.0,0.0,0.5,0.39307323378436376,0.6069267662156362,NZD_USD,H4,7,25,2,long,278
98.0,49.0,49.0,0.0,0.5,0.40100505063388336,0.5989949493661166,42.0,22.0,20.0,0.0,0.5238095238095238,0.37276378631648893,0.6748552613025587,NZD_USD,H4,7,25,3,long,140
41.0,19.0,22.0,0.0,0.4634146341463415,0.3107746096124355,0.6160546586802474,18.0,9.0,9.0,0.0,0.5,0.2690117848123945,0.7309882151876055,NZD_USD,H4,7,25,4,long,59
663.0,307.0,354.0,2.0,0.46444780635400906,0.4264267042999273,0.5024689084080909,285.0,154.0,131.0,0.0,0.5403508771929825,0.4824900298223916,0.5982117245635734,NZD_USD,H4,7,30,1,long,948
337.0,184.0,153.0,0.0,0.5459940652818991,0.4928364062717372,0.599151724292061,145.0,69.0,75.0,1.0,0.4791666666666667,0.3975709219991933,0.5607624113341401,NZD_USD,H4,7,30,2,long,482
169.0,90.0,79.0,0.0,0.5325443786982249,0.45731961800944515,0.6077691393870046,73.0,38.0,35.0,0.0,0.5205479452054794,0.40594451897763245,0.6351513714333263,NZD_USD,H4,7,30,3,long,242
74.0,37.0,37.0,0.0,0.5,0.3860773140310571,0.6139226859689428,32.0,15.0,17.0,0.0,0.46875,0.29584753133088293,0.6416524686691171,NZD_USD,H4,7,30,4,long,106
941.0,428.0,510.0,3.0,0.4562899786780384,0.4244143479966599,0.4881656093594169,404.0,202.0,202.0,0.0,0.5,0.45124317767971056,0.5487568223202894,NZD_USD,H4,7,35,1,long,1345
478.0,254.0,224.0,0.0,0.5313807531380753,0.4866449649038037,0.5761165413723469,206.0,92.0,113.0,1.0,0.44878048780487806,0.38069439456743637,0.5168665810423198,NZD_USD,H4,7,35,2,long,684
249.0,133.0,116.0,0.0,0.5341365461847389,0.47217648102491105,0.5960966113445668,107.0,47.0,60.0,0.0,0.4392523364485981,0.34521399540997605,0.5332906774872201,NZD_USD,H4,7,35,3,long,356
106.0,51.0,55.0,0.0,0.4811320754716981,0.38601385727591936,0.5762502936674769,46.0,21.0,25.0,0.0,0.45652173913043476,0.3125759464786233,0.6004675317822462,NZD_USD,H4,7,35,4,long,152
183.0,90.0,92.0,1.0,0.4945054945054945,0.42186744769576,0.567143541315229,79.0,44.0,35.0,0.0,0.5569620253164557,0.4474212539470488,0.6665027966858625,NZD_USD,H4,7,20,1,short,262
86.0,42.0,44.0,0.0,0.4883720930232558,0.3827245557084087,0.5940196303381029,38.0,19.0,19.0,0.0,0.5,0.3410230072918527,0.6589769927081472,NZD_USD,H4,7,20,2,short,124
44.0,26.0,18.0,0.0,0.5909090909090909,0.4456310471705863,0.7361871346475956,20.0,6.0,14.0,0.0,0.3,0.09915976498719187,0.500840235012808,NZD_USD,H4,7,20,3,short,64
17.0,12.0,5.0,0.0,0.7058823529411765,0.48928242167172487,0.9224822842106282,8.0,3.0,5.0,0.0,0.375,0.03951993352808575,0.7104800664719142,NZD_USD,H4,7,20,4,short,25
371.0,176.0,194.0,1.0,0.4756756756756757,0.424788226207508,0.5265631251438434,160.0,84.0,76.0,0.0,0.525,0.4476211026829666,0.6023788973170334,NZD_USD,H4,7,25,1,short,531
174.0,79.0,94.0,1.0,0.45664739884393063,0.3824199748239336,0.5308748228639277,75.0,42.0,33.0,0.0,0.56,0.44765705837333025,0.6723429416266699,NZD_USD,H4,7,25,2,short,249
83.0,45.0,38.0,0.0,0.5421686746987951,0.4349829402855688,0.6493544091120215,36.0,15.0,21.0,0.0,0.4166666666666667,0.2556178281267327,0.5777155052066006,NZD_USD,H4,7,25,3,short,119
35.0,24.0,11.0,0.0,0.6857142857142857,0.5319144157533524,0.839514155675219,16.0,5.0,11.0,0.0,0.3125,0.08537892133269531,0.5396210786673047,NZD_USD,H4,7,25,4,short,51
615.0,281.0,333.0,1.0,0.4576547231270358,0.41824723155462895,0.4970622146994427,264.0,134.0,130.0,0.0,0.5075757575757576,0.4472678505831862,0.567883664568329,NZD_USD,H4,7,30,1,short,879
308.0,139.0,168.0,1.0,0.4527687296416938,0.39708727798478144,0.5084501812986062,133.0,62.0,71.0,0.0,0.46616541353383456,0.3813834190599722,0.5509474080076969,NZD_USD,H4,7,30,2,short,441
142.0,70.0,72.0,0.0,0.49295774647887325,0.4107261308595551,0.5751893620981914,61.0,26.0,35.0,0.0,0.4262295081967213,0.30212658393074165,0.5503324324627009,NZD_USD,H4,7,30,3,short,203
65.0,37.0,28.0,0.0,0.5692307692307692,0.4488475607394533,0.6896139777220851,28.0,12.0,16.0,0.0,0.42857142857142855,0.24526840077319495,0.6118744563696621,NZD_USD,H4,7,30,4,short,93
921.0,434.0,486.0,1.0,0.4717391304347826,0.43948113844555936,0.5039971224240059,396.0,193.0,203.0,0.0,0.48737373737373735,0.43814258904371167,0.536604885703763,NZD_USD,H4,7,35,1,short,1317
474.0,225.0,248.0,1.0,0.47568710359408034,0.4306799591014403,0.5206942480867204,204.0,87.0,117.0,0.0,0.4264705882352941,0.35860284979780993,0.49433832667277827,NZD_USD,H4,7,35,2,short,678
215.0,108.0,107.0,0.0,0.5023255813953489,0.43549085906728296,0.5691603037234149,93.0,42.0,51.0,0.0,0.45161290322580644,0.3504686105157666,0.5527571959358463,NZD_USD,H4,7,35,3,short,308
98.0,58.0,40.0,0.0,0.5918367346938775,0.49452595546001243,0.6891475139277426,42.0,20.0,22.0,0.0,0.47619047619047616,0.32514473869744126,0.627236213683511,NZD_USD,H4,7,35,4,short,140
20.0,9.0,11.0,0.0,0.45,0.23196376447938752,0.6680362355206125,9.0,2.0,7.0,0.0,0.2222222222222222,0.0,0.49383883252136757,NZD_USD,H4,14,20,1,long,29
10.0,4.0,6.0,0.0,0.4,0.09635810565733854,0.7036418943426614,5.0,2.0,3.0,0.0,0.4,0.0,0.8294144850840502,NZD_USD,H4,14,20,2,long,15
4.0,0.0,4.0,0.0,0.0,0.0,0.0,2.0,0.0,2.0,0.0,0.0,0.0,0.0,NZD_USD,H4,14,20,3,long,6
0.0,0.0,0.0,0.0,,,,1.0,0.0,1.0,0.0,0.0,0.0,0.0,NZD_USD,H4,14,20,4,long,1
97.0,47.0,50.0,0.0,0.4845360824742268,0.3850797589698413,0.5839924059786122,42.0,19.0,23.0,0.0,0.4523809523809524,0.3018510242627896,0.6029108804991152,NZD_USD,H4,14,25,1,long,139
46.0,25.0,21.0,0.0,0.5434782608695652,0.39953246821775373,0.6874240535213767,20.0,8.0,12.0,0.0,0.4,0.1852927574579749,0.6147072425420251,NZD_USD,H4,14,25,2,long,66
21.0,13.0,8.0,0.0,0.6190476190476191,0.4113441266823227,0.8267511114129155,9.0,3.0,6.0,0.0,0.3333333333333333,0.02534904641652591,0.6413176202501407,NZD_USD,H4,14,25,3,long,30
11.0,5.0,6.0,0.0,0.45454545454545453,0.1602878664116818,0.7488030426792273,5.0,2.0,3.0,0.0,0.4,0.0,0.8294144850840502,NZD_USD,H4,14,25,4,long,16
244.0,113.0,131.0,0.0,0.46311475409836067,0.4005476287965032,0.5256818794002182,105.0,58.0,47.0,0.0,0.5523809523809524,0.45726901053618996,0.6474928942257149,NZD_USD,H4,14,30,1,long,349
121.0,69.0,52.0,0.0,0.5702479338842975,0.48204069391895116,0.6584551738496438,52.0,24.0,28.0,0.0,0.46153846153846156,0.32603958560192947,0.5970373374749937,NZD_USD,H4,14,30,2,long,173
60.0,30.0,30.0,0.0,0.5,0.373482544023891,0.626517455976109,27.0,11.0,16.0,0.0,0.4074074074074074,0.22206843148618047,0.5927463833286343,NZD_USD,H4,14,30,3,long,87
31.0,13.0,18.0,0.0,0.41935483870967744,0.24564618303541952,0.5930634943839354,14.0,7.0,7.0,0.0,0.5,0.2380839829258241,0.7619160170741759,NZD_USD,H4,14,30,4,long,45
520.0,241.0,279.0,0.0,0.4634615384615385,0.42060059971131103,0.5063224772117659,224.0,125.0,99.0,0.0,0.5580357142857143,0.4929992911973786,0.62307213737405,NZD_USD,H4,14,35,1,long,744
263.0,143.0,120.0,0.0,0.5437262357414449,0.4835283705061134,0.6039241009767763,114.0,57.0,56.0,1.0,0.504424778761062,0.4122377436700475,0.5966118138520764,NZD_USD,H4,14,35,2,long,377
127.0,68.0,59.0,0.0,0.5354330708661418,0.44869076713648215,0.6221753745958014,55.0,27.0,28.0,0.0,0.4909090909090909,0.3587877615184891,0.6230304202996927,NZD_USD,H4,14,35,3,long,182
56.0,25.0,31.0,0.0,0.44642857142857145,0.3162244048285736,0.5766327380285693,24.0,12.0,12.0,0.0,0.5,0.29995833767270713,0.7000416623272929,NZD_USD,H4,14,35,4,long,80
18.0,12.0,6.0,0.0,0.6666666666666666,0.44888888888888884,0.8844444444444444,8.0,1.0,7.0,0.0,0.125,0.0,0.3541765149399039,NZD_USD,H4,14,20,1,short,26
9.0,4.0,5.0,0.0,0.4444444444444444,0.11980050104447498,0.7690883878444139,5.0,0.0,5.0,0.0,0.0,0.0,0.0,NZD_USD,H4,14,20,2,short,14
6.0,2.0,4.0,0.0,0.3333333333333333,0.0,0.7105355092038887,3.0,0.0,3.0,0.0,0.0,0.0,0.0,NZD_USD,H4,14,20,3,short,9
0.0,0.0,0.0,0.0,,,,1.0,0.0,1.0,0.0,0.0,0.0,0.0,NZD_USD,H4,14,20,4,short,1
77.0,47.0,29.0,1.0,0.618421052631579,0.5092057204942195,0.7276363847689384,33.0,18.0,15.0,0.0,0.5454545454545454,0.37556484773442167,0.7153442431746692,NZD_USD,H4,14,25,1,short,110
38.0,17.0,21.0,0.0,0.4473684210526316,0.28927464069347575,0.6054622014117874,17.0,9.0,8.0,0.0,0.5294117647058824,0.29213842808518775,0.766685101326577,NZD_USD,H4,14,25,2,short,55
19.0,11.0,8.0,0.0,0.5789473684210527,0.3569401957423196,0.8009545410997857,9.0,1.0,8.0,0.0,0.1111111111111111,0.0,0.31643396905564936,NZD_USD,H4,14,25,3,short,28
7.0,5.0,2.0,0.0,0.7142857142857143,0.3796217036720841,1.0,3.0,1.0,2.0,0.0,0.3333333333333333,0.0,0.8667777662061142,NZD_USD,H4,14,25,4,short,10
220.0,110.0,109.0,1.0,0.502283105022831,0.43606153231945116,0.5685046777262108,95.0,51.0,44.0,0.0,0.5368421052631579,0.4365695482844702,0.6371146622418457,NZD_USD,H4,14,30,1,short,315
113.0,53.0,60.0,0.0,0.4690265486725664,0.3770129606497582,0.5610401366953746,49.0,23.0,26.0,0.0,0.46938775510204084,0.32965039212332675,0.6091251180807549,NZD_USD,H4,14,30,2,short,162
58.0,31.0,27.0,0.0,0.5344827586206896,0.40610883652956736,0.6628566807118119,25.0,8.0,17.0,0.0,0.32,0.1371413485776514,0.5028586514223486,NZD_USD,H4,14,30,3,short,83
24.0,15.0,9.0,0.0,0.625,0.43131049331468674,0.8186895066853133,11.0,4.0,7.0,0.0,0.36363636363636365,0.07935652563159407,0.6479162016411333,NZD_USD,H4,14,30,4,short,35
473.0,223.0,249.0,1.0,0.4724576271186441,0.4274179593334854,0.5174972949038028,204.0,106.0,98.0,0.0,0.5196078431372549,0.4510468988154757,0.5881687874590341,NZD_USD,H4,14,35,1,short,677
239.0,112.0,126.0,1.0,0.47058823529411764,0.4071742686761661,0.5340022019120692,103.0,53.0,50.0,0.0,0.5145631067961165,0.4180418048663694,0.6110844087258637,NZD_USD,H4,14,35,2,short,342
109.0,54.0,55.0,0.0,0.4954128440366973,0.40154981846593446,0.58927586960746,47.0,23.0,24.0,0.0,0.48936170212765956,0.34644636986968314,0.632277034385636,NZD_USD,H4,14,35,3,short,156
49.0,30.0,19.0,0.0,0.6122448979591837,0.4758181964013172,0.7486715995170502,21.0,11.0,10.0,0.0,0.5238095238095238,0.3101985933082275,0.7374204543108202,NZD_USD,H4,14,35,4,short,70
3.0,0.0,3.0,0.0,0.0,0.0,0.0,2.0,1.0,1.0,0.0,0.5,0.0,1.0,NZD_USD,H4,21,20,1,long,5
2.0,0.0,2.0,0.0,0.0,0.0,0.0,1.0,1.0,0.0,0.0,1.0,1.0,1.0,NZD_USD,H4,21,20,2,long,3
0.0,0.0,0.0,0.0,,,,1.0,0.0,1.0,0.0,0.0,0.0,0.0,NZD_USD,H4,21,20,3,long,1
,,,,,,,,,,,,,,NZD_USD,H4,21,20,4,long,0
22.0,10.0,12.0,0.0,0.45454545454545453,0.24647391856046566,0.6626169905304434,10.0,4.0,6.0,0.0,0.4,0.09635810565733854,0.7036418943426614,NZD_USD,H4,21,25,1,long,32
10.0,5.0,5.0,0.0,0.5,0.19009678930349883,0.8099032106965012,5.0,1.0,4.0,0.0,0.2,0.0,0.5506154588719672,NZD_USD,H4,21,25,2,long,15
4.0,0.0,4.0,0.0,0.0,0.0,0.0,2.0,0.0,2.0,0.0,0.0,0.0,0.0,NZD_USD,H4,21,25,3,long,6
1.0,0.0,1.0,0.0,0.0,0.0,0.0,1.0,0.0,1.0,0.0,0.0,0.0,0.0,NZD_USD,H4,21,25,4,long,2
104.0,47.0,57.0,0.0,0.4519230769230769,0.35627143723860194,0.547574716607552,45.0,22.0,23.0,0.0,0.4888888888888889,0.3428351903625469,0.6349425874152308,NZD_USD,H4,21,30,1,long,149
51.0,29.0,22.0,0.0,0.5686274509803921,0.4326987562469371,0.7045561457138472,23.0,11.0,12.0,0.0,0.4782608695652174,0.2741099770483661,0.6824117620820687,NZD_USD,H4,21,30,2,long,74
23.0,15.0,8.0,0.0,0.6521739130434783,0.4575236744675626,0.846824151619394,11.0,3.0,8.0,0.0,0.2727272727272727,0.009535284742372196,0.5359192607121732,NZD_USD,H4,21,30,3,long,34
11.0,5.0,6.0,0.0,0.45454545454545453,0.1602878664116818,0.7488030426792273,6.0,2.0,4.0,0.0,0.3333333333333333,0.0,0.7105355092038887,NZD_USD,H4,21,30,4,long,17
310.0,147.0,163.0,0.0,0.47419354838709676,0.4186074745238306,0.5297796222503629,133.0,71.0,62.0,0.0,0.5338345864661654,0.4490525919923031,0.6186165809400278,NZD_USD,H4,21,35,1,long,443
155.0,84.0,71.0,0.0,0.5419354838709678,0.4634973339773573,0.6203736337645782,67.0,31.0,36.0,0.0,0.4626865671641791,0.34329436448773026,0.5820787698406279,NZD_USD,H4,21,35,2,long,222
77.0,38.0,39.0,0.0,0.4935064935064935,0.38183454720266685,0.6051784398103202,34.0,13.0,21.0,0.0,0.38235294117647056,0.21900298612291577,0.5457028962300253,NZD_USD,H4,21,35,3,long,111
37.0,15.0,22.0,0.0,0.40540540540540543,0.24720395705326467,0.5636068537575462,16.0,8.0,8.0,0.0,0.5,0.255,0.745,NZD_USD,H4,21,35,4,long,53
1.0,1.0,0.0,0.0,1.0,1.0,1.0,1.0,1.0,0.0,0.0,1.0,1.0,1.0,NZD_USD,H4,21,20,1,short,2
0.0,0.0,0.0,0.0,,,,1.0,0.0,1.0,0.0,0.0,0.0,0.0,NZD_USD,H4,21,20,2,short,1
0.0,0.0,0.0,0.0,,,,1.0,0.0,1.0,0.0,0.0,0.0,0.0,NZD_USD,H4,21,20,3,short,1
,,,,,,,,,,,,,,NZD_USD,H4,21,20,4,short,0
17.0,12.0,5.0,0.0,0.7058823529411765,0.48928242167172487,0.9224822842106282,8.0,2.0,6.0,0.0,0.25,0.0,0.5500624934909393,NZD_USD,H4,21,25,1,short,25
9.0,4.0,5.0,0.0,0.4444444444444444,0.11980050104447498,0.7690883878444139,4.0,0.0,4.0,0.0,0.0,0.0,0.0,NZD_USD,H4,21,25,2,short,13
5.0,1.0,4.0,0.0,0.2,0.0,0.5506154588719672,3.0,0.0,3.0,0.0,0.0,0.0,0.0,NZD_USD,H4,21,25,3,short,8
0.0,0.0,0.0,0.0,,,,1.0,0.0,1.0,0.0,0.0,0.0,0.0,NZD_USD,H4,21,25,4,short,1
84.0,48.0,36.0,0.0,0.5714285714285714,0.4655985189859878,0.677258623871155,36.0,21.0,15.0,0.0,0.5833333333333334,0.42228449479339936,0.7443821718732674,NZD_USD,H4,21,30,1,short,120
44.0,18.0,26.0,0.0,0.4090909090909091,0.26381286535240456,0.5543689528294137,20.0,13.0,7.0,0.0,0.65,0.4409588557245249,0.8590411442754751,NZD_USD,H4,21,30,2,short,64
24.0,10.0,14.0,0.0,0.4166666666666667,0.21942292762131047,0.6139104057120229,11.0,4.0,7.0,0.0,0.36363636363636365,0.07935652563159407,0.6479162016411333,NZD_USD,H4,21,30,3,short,35
10.0,7.0,3.0,0.0,0.7,0.415969015774687,0.984030984225313,5.0,1.0,4.0,0.0,0.2,0.0,0.5506154588719672,NZD_USD,H4,21,30,4,short,15
265.0,124.0,140.0,1.0,0.4696969696969697,0.4094930120611765,0.529900927332763,114.0,56.0,58.0,0.0,0.49122807017543857,0.39945678690593134,0.5829993534449458,NZD_USD,H4,21,35,1,short,379
143.0,62.0,81.0,0.0,0.43356643356643354,0.3523413121237341,0.514791555009133,62.0,28.0,34.0,0.0,0.45161290322580644,0.3277369494586555,0.5754888569929574,NZD_USD,H4,21,35,2,short,205
74.0,37.0,37.0,0.0,0.5,0.3860773140310571,0.6139226859689428,32.0,12.0,20.0,0.0,0.375,0.20725996676404287,0.5427400332359571,NZD_USD,H4,21,35,3,short,106
31.0,20.0,11.0,0.0,0.6451612903225806,0.476729187382965,0.8135933932621963,14.0,5.0,9.0,0.0,0.35714285714285715,0.1061448491826345,0.6081408651030797,NZD_USD,H4,21,35,4,short,45
0.0,0.0,0.0,0.0,,,,1.0,0.0,1.0,0.0,0.0,0.0,0.0,NZD_USD,H4,28,20,1,long,1
0.0,0.0,0.0,0.0,,,,1.0,0.0,1.0,0.0,0.0,0.0,0.0,NZD_USD,H4,28,20,2,long,1
,,,,,,,,,,,,,,NZD_USD,H4,28,20,3,long,0
,,,,,,,,,,,,,,NZD_USD,H4,28,20,4,long,0
4.0,1.0,3.0,0.0,0.25,0.0,0.674352447854375,3.0,1.0,2.0,0.0,0.3333333333333333,0.0,0.8667777662061142,NZD_USD,H4,28,25,1,long,7
4.0,1.0,3.0,0.0,0.25,0.0,0.674352447854375,2.0,1.0,1.0,0.0,0.5,0.0,1.0,NZD_USD,H4,28,25,2,long,6
1.0,0.0,1.0,0.0,0.0,0.0,0.0,1.0,0.0,1.0,0.0,0.0,0.0,0.0,NZD_USD,H4,28,25,3,long,2
0.0,0.0,0.0,0.0,,,,1.0,0.0,1.0,0.0,0.0,0.0,0.0,NZD_USD,H4,28,25,4,long,1
46.0,26.0,20.0,0.0,0.5652173913043478,0.4219586946646685,0.708476087944027,20.0,11.0,9.0,0.0,0.55,0.3319637644793876,0.7680362355206125,NZD_USD,H4,28,30,1,long,66
24.0,13.0,11.0,0.0,0.5416666666666666,0.34232080353389893,0.7410125297994343,11.0,6.0,5.0,0.0,0.5454545454545454,0.2511969573207727,0.8397121335883182,NZD_USD,H4,28,30,2,long,35
9.0,4.0,5.0,0.0,0.4444444444444444,0.11980050104447498,0.7690883878444139,4.0,1.0,3.0,0.0,0.25,0.0,0.674352447854375,NZD_USD,H4,28,30,3,long,13
4.0,1.0,3.0,0.0,0.25,0.0,0.674352447854375,3.0,2.0,1.0,0.0,0.6666666666666666,0.13322223379388565,1.0,NZD_USD,H4,28,30,4,long,7
184.0,84.0,100.0,0.0,0.45652173913043476,0.38454884280452906,0.5284946354563405,79.0,42.0,37.0,0.0,0.5316455696202531,0.4216080121585673,0.641683127081939,NZD_USD,H4,28,35,1,long,263
91.0,52.0,39.0,0.0,0.5714285714285714,0.4697503459402126,0.6731067969169302,40.0,19.0,21.0,0.0,0.475,0.3202422053659332,0.6297577946340668,NZD_USD,H4,28,35,2,long,131
48.0,28.0,20.0,0.0,0.5833333333333334,0.4438609479077722,0.7228057187588945,21.0,8.0,13.0,0.0,0.38095238095238093,0.17324888858708454,0.5886558733176773,NZD_USD,H4,28,35,3,long,69
25.0,11.0,14.0,0.0,0.44,0.24541631723086335,0.6345836827691367,11.0,4.0,7.0,0.0,0.36363636363636365,0.07935652563159407,0.6479162016411333,NZD_USD,H4,28,35,4,long,36
,,,,,,,,,,,,,,NZD_USD,H4,28,20,1,short,0
,,,,,,,,,,,,,,NZD_USD,H4,28,20,2,short,0
,,,,,,,,,,,,,,NZD_USD,H4,28,20,3,short,0
,,,,,,,,,,,,,,NZD_USD,H4,28,20,4,short,0
5.0,3.0,2.0,0.0,0.6,0.17058551491594975,1.0,3.0,1.0,2.0,0.0,0.3333333333333333,0.0,0.8667777662061142,NZD_USD,H4,28,25,1,short,8
2.0,2.0,0.0,0.0,1.0,1.0,1.0,2.0,0.0,2.0,0.0,0.0,0.0,0.0,NZD_USD,H4,28,25,2,short,4
1.0,0.0,1.0,0.0,0.0,0.0,0.0,1.0,0.0,1.0,0.0,0.0,0.0,0.0,NZD_USD,H4,28,25,3,short,2
,,,,,,,,,,,,,,NZD_USD,H4,28,25,4,short,0
32.0,22.0,10.0,0.0,0.6875,0.5269011451239456,0.8480988548760544,14.0,6.0,8.0,0.0,0.42857142857142855,0.16934180063511417,0.6878010565077429,NZD_USD,H4,28,30,1,short,46
15.0,7.0,8.0,0.0,0.4666666666666667,0.2141946806886107,0.7191386526447227,7.0,1.0,6.0,0.0,0.14285714285714285,0.0,0.4020867707934573,NZD_USD,H4,28,30,2,short,22
8.0,4.0,4.0,0.0,0.5,0.15351767721859172,0.8464823227814082,4.0,0.0,4.0,0.0,0.0,0.0,0.0,NZD_USD,H4,28,30,3,short,12
3.0,2.0,1.0,0.0,0.6666666666666666,0.13322223379388565,1.0,2.0,1.0,1.0,0.0,0.5,0.0,1.0,NZD_USD,H4,28,30,4,short,5
146.0,70.0,76.0,0.0,0.4794520547945205,0.3984151949615977,0.5604889146274433,63.0,35.0,28.0,0.0,0.5555555555555556,0.43285167857274875,0.6782594325383624,NZD_USD,H4,28,35,1,short,209
81.0,36.0,45.0,0.0,0.4444444444444444,0.3362297966444546,0.5526590922444342,35.0,17.0,18.0,0.0,0.4857142857142857,0.3201316779319464,0.651296893496625,NZD_USD,H4,28,35,2,short,116
41.0,20.0,21.0,0.0,0.4878048780487805,0.33480012175345375,0.6408096343441072,18.0,5.0,13.0,0.0,0.2777777777777778,0.0708570524820083,0.4846985030735473,NZD_USD,H4,28,35,3,short,59
17.0,12.0,5.0,0.0,0.7058823529411765,0.48928242167172487,0.9224822842106282,8.0,2.0,6.0,0.0,0.25,0.0,0.5500624934909393,NZD_USD,H4,28,35,4,short,25
213.0,91.0,119.0,3.0,0.43333333333333335,0.36631072797044384,0.5003559386962229,92.0,43.0,48.0,1.0,0.4725274725274725,0.3699507474659295,0.5751041975890155,USD_SEK,H4,7,20,1,long,305
108.0,50.0,57.0,1.0,0.4672897196261682,0.3727524979459638,0.5618269413063726,47.0,21.0,25.0,1.0,0.45652173913043476,0.3125759464786233,0.6004675317822462,USD_SEK,H4,7,20,2,long,155
57.0,28.0,29.0,0.0,0.49122807017543857,0.3614438767393184,0.6210122636115587,25.0,11.0,14.0,0.0,0.44,0.24541631723086335,0.6345836827691367,USD_SEK,H4,7,20,3,long,82
29.0,15.0,14.0,0.0,0.5172413793103449,0.33536817355696424,0.6991145850637255,13.0,7.0,6.0,0.0,0.5384615384615384,0.2674637865884742,0.8094592903346027,USD_SEK,H4,7,20,4,long,42
402.0,192.0,207.0,3.0,0.48120300751879697,0.43217632409621587,0.5302296909413781,173.0,77.0,95.0,1.0,0.4476744186046512,0.3733604309069781,0.5219884063023242,USD_SEK,H4,7,25,1,long,575
196.0,91.0,104.0,1.0,0.4666666666666667,0.3966435365849662,0.5366897967483671,85.0,39.0,44.0,2.0,0.46987951807228917,0.36250590317409753,0.5772531329704809,USD_SEK,H4,7,25,2,long,281
99.0,43.0,56.0,0.0,0.43434343434343436,0.33670259124648794,0.5319842774403808,43.0,18.0,24.0,1.0,0.42857142857142855,0.27890513310047094,0.5782377240423862,USD_SEK,H4,7,25,3,long,142
48.0,18.0,30.0,0.0,0.375,0.2380408363781379,0.5119591636218621,21.0,12.0,9.0,0.0,0.5714285714285714,0.35976846654340416,0.7830886763137386,USD_SEK,H4,7,25,4,long,69
648.0,305.0,336.0,7.0,0.47581903276131043,0.4371566527263121,0.5144814127963088,279.0,133.0,145.0,1.0,0.4784172661870504,0.4196955554897817,0.5371389768843191,USD_SEK,H4,7,30,1,long,927
321.0,153.0,165.0,3.0,0.4811320754716981,0.4262155465915277,0.5360486043518685,138.0,65.0,71.0,2.0,0.47794117647058826,0.3939886903749611,0.5618936625662154,USD_SEK,H4,7,30,2,long,459
162.0,76.0,84.0,2.0,0.475,0.3976211026829666,0.5523788973170334,70.0,29.0,40.0,1.0,0.42028985507246375,0.30382056457475753,0.53675914557017,USD_SEK,H4,7,30,3,long,232
78.0,33.0,44.0,1.0,0.42857142857142855,0.3180355438181874,0.5391073133246698,34.0,18.0,16.0,0.0,0.5294117647058824,0.3616341793866309,0.6971893500251338,USD_SEK,H4,7,30,4,long,112
914.0,430.0,473.0,11.0,0.47619047619047616,0.44361511468161113,0.5087658376993413,393.0,187.0,204.0,2.0,0.4782608695652174,0.42874700524691767,0.5277747338835171,USD_SEK,H4,7,35,1,long,1307
453.0,211.0,236.0,6.0,0.4720357941834452,0.42575593639104214,0.5183156519758483,195.0,91.0,102.0,2.0,0.47150259067357514,0.4010753148525513,0.541929866494599,USD_SEK,H4,7,35,2,long,648
220.0,102.0,116.0,2.0,0.46788990825688076,0.40165294528070844,0.5341268712330531,95.0,41.0,53.0,1.0,0.43617021276595747,0.3359179568387757,0.5364224686931393,USD_SEK,H4,7,35,3,long,315
105.0,46.0,58.0,1.0,0.4423076923076923,0.34685262789619836,0.5377627567191863,46.0,22.0,24.0,0.0,0.4782608695652174,0.33390438908126585,0.622617350049169,USD_SEK,H4,7,35,4,long,151
228.0,91.0,135.0,2.0,0.4026548672566372,0.33871363626154427,0.4665960982517301,98.0,59.0,39.0,0.0,0.6020408163265306,0.5051293271485499,0.6989523055045114,USD_SEK,H4,7,20,1,short,326
112.0,45.0,66.0,1.0,0.40540540540540543,0.31406775661310826,0.4967430541977026,48.0,29.0,19.0,0.0,0.6041666666666666,0.4658195810885347,0.7425137522447985,USD_SEK,H4,7,20,2,short,160
56.0,25.0,29.0,2.0,0.46296296296296297,0.32996823210794796,0.595957693817978,24.0,16.0,8.0,0.0,0.6666666666666666,0.4780655787313889,0.8552677546019444,USD_SEK,H4,7,20,3,short,80
28.0,16.0,11.0,1.0,0.5925925925925926,0.4072536166713656,0.7779315685138195,13.0,8.0,5.0,0.0,0.6153846153846154,0.35091788956280356,0.8798513412064273,USD_SEK,H4,7,20,4,short,41
404.0,154.0,247.0,3.0,0.38403990024937656,0.3364353628226359,0.4316444376761172,174.0,90.0,84.0,0.0,0.5172413793103449,0.4429919539803448,0.5914908046403449,USD_SEK,H4,7,25,1,short,578
200.0,76.0,123.0,1.0,0.38190954773869346,0.31440456841155723,0.4494145270658297,87.0,51.0,36.0,0.0,0.5862068965517241,0.4827132877766895,0.6897005053267586,USD_SEK,H4,7,25,2,short,287
95.0,37.0,56.0,2.0,0.3978494623655914,0.2983715817396283,0.49732734299155446,41.0,27.0,14.0,0.0,0.6585365853658537,0.5133835285461881,0.8036896421855193,USD_SEK,H4,7,25,3,short,136
42.0,22.0,19.0,1.0,0.5365853658536586,0.38394534131975266,0.6892253903875645,18.0,10.0,8.0,0.0,0.5555555555555556,0.3259976217062955,0.7851134894048157,USD_SEK,H4,7,25,4,short,60
680.0,285.0,389.0,6.0,0.4228486646884273,0.3855525615459636,0.460144767830891,292.0,139.0,153.0,0.0,0.476027397260274,0.4187431896932001,0.5333116048273479,USD_SEK,H4,7,30,1,short,972
347.0,139.0,206.0,2.0,0.4028985507246377,0.3511416289325484,0.454655472516727,150.0,78.0,72.0,0.0,0.52,0.44004737402686517,0.5999526259731349,USD_SEK,H4,7,30,2,short,497
167.0,68.0,96.0,3.0,0.4146341463414634,0.33923257922693517,0.4900357134559916,72.0,39.0,33.0,0.0,0.5416666666666666,0.4265742789251249,0.6567590544082084,USD_SEK,H4,7,30,3,short,239
74.0,32.0,40.0,2.0,0.4444444444444444,0.32966547751981434,0.5592234113690745,32.0,15.0,17.0,0.0,0.46875,0.29584753133088293,0.6416524686691171,USD_SEK,H4,7,30,4,short,106
951.0,388.0,555.0,8.0,0.41145281018027574,0.38004404326842445,0.44286157709212703,408.0,202.0,206.0,0.0,0.4950980392156863,0.44658314132818244,0.5436129371031901,USD_SEK,H4,7,35,1,short,1359
475.0,194.0,277.0,4.0,0.4118895966029724,0.36744024192937286,0.456338951276572,205.0,112.0,93.0,0.0,0.5463414634146342,0.47818990905906517,0.6144930177702032,USD_SEK,H4,7,35,2,short,680
231.0,96.0,131.0,4.0,0.42290748898678415,0.35864041166581967,0.48717456630774864,100.0,59.0,41.0,0.0,0.59,0.4936006722015137,0.6863993277984862,USD_SEK,H4,7,35,3,short,331
107.0,47.0,58.0,2.0,0.44761904761904764,0.3525071057742851,0.5427309894638102,46.0,23.0,23.0,0.0,0.5,0.3555068829682008,0.6444931170317991,USD_SEK,H4,7,35,4,short,153
23.0,12.0,11.0,0.0,0.5217391304347826,0.3175882379179313,0.7258900229516339,11.0,7.0,4.0,0.0,0.6363636363636364,0.3520837983588668,0.920643474368406,USD_SEK,H4,14,20,1,long,34
11.0,7.0,4.0,0.0,0.6363636363636364,0.3520837983588668,0.920643474368406,5.0,3.0,2.0,0.0,0.6,0.17058551491594975,1.0,USD_SEK,H4,14,20,2,long,16
4.0,3.0,1.0,0.0,0.75,0.3256475521456251,1.0,3.0,2.0,1.0,0.0,0.6666666666666666,0.13322223379388565,1.0,USD_SEK,H4,14,20,3,long,7
2.0,1.0,1.0,0.0,0.5,0.0,1.0,1.0,1.0,0.0,0.0,1.0,1.0,1.0,USD_SEK,H4,14,20,4,long,3
84.0,39.0,44.0,1.0,0.46987951807228917,0.36250590317409753,0.5772531329704809,36.0,18.0,18.0,0.0,0.5,0.33666666666666667,0.6633333333333333,USD_SEK,H4,14,25,1,long,120
40.0,23.0,17.0,0.0,0.575,0.42180151763153784,0.7281984823684621,18.0,9.0,9.0,0.0,0.5,0.2690117848123945,0.7309882151876055,USD_SEK,H4,14,25,2,long,58
23.0,10.0,13.0,0.0,0.43478260869565216,0.23218421697992483,0.6373810004113795,10.0,5.0,5.0,0.0,0.5,0.19009678930349883,0.8099032106965012,USD_SEK,H4,14,25,3,long,33
11.0,2.0,9.0,0.0,0.18181818181818182,0.0,0.40974912948563447,5.0,3.0,2.0,0.0,0.6,0.17058551491594975,1.0,USD_SEK,H4,14,25,4,long,16
244.0,121.0,122.0,1.0,0.49794238683127573,0.43507588985110107,0.5608088838114503,105.0,49.0,55.0,1.0,0.47115384615384615,0.37521699781645207,0.5670906944912402,USD_SEK,H4,14,30,1,long,349
123.0,65.0,58.0,0.0,0.5284552845528455,0.4402348730311544,0.6166756960745367,54.0,24.0,28.0,2.0,0.46153846153846156,0.32603958560192947,0.5970373374749937,USD_SEK,H4,14,30,2,long,177
65.0,33.0,32.0,0.0,0.5076923076923077,0.3861526537396521,0.6292319616449633,29.0,14.0,14.0,1.0,0.5,0.31479740822547864,0.6852025917745214,USD_SEK,H4,14,30,3,long,94
27.0,13.0,14.0,0.0,0.48148148148148145,0.29300979396482363,0.6699531689981393,12.0,7.0,5.0,0.0,0.5833333333333334,0.30438856248221097,0.8622781041844558,USD_SEK,H4,14,30,4,long,39
499.0,245.0,250.0,4.0,0.494949494949495,0.45090401776279626,0.5389949721361937,214.0,99.0,113.0,2.0,0.4669811320754717,0.3998213777173787,0.5341408864335647,USD_SEK,H4,14,35,1,long,713
245.0,120.0,122.0,3.0,0.49586776859504134,0.4328731340541449,0.5588624031359378,106.0,46.0,58.0,2.0,0.4423076923076923,0.34685262789619836,0.5377627567191863,USD_SEK,H4,14,35,2,long,351
125.0,61.0,63.0,1.0,0.49193548387096775,0.40394033389064354,0.579930633851292,55.0,22.0,32.0,1.0,0.4074074074074074,0.27635296071533755,0.5384618540994772,USD_SEK,H4,14,35,3,long,180
58.0,28.0,30.0,0.0,0.4827586206896552,0.3541548435853036,0.6113623977940068,26.0,13.0,13.0,0.0,0.5,0.30780618756457967,0.6921938124354203,USD_SEK,H4,14,35,4,long,84
35.0,14.0,21.0,0.0,0.4,0.23769658044267833,0.5623034195573218,16.0,10.0,6.0,0.0,0.625,0.3877797700447957,0.8622202299552043,USD_SEK,H4,14,20,1,short,51
19.0,10.0,9.0,0.0,0.5263157894736842,0.3017999815449016,0.7508315974024667,9.0,5.0,4.0,0.0,0.5555555555555556,0.23091161215558614,0.8801994989555251,USD_SEK,H4,14,20,2,short,28
11.0,5.0,6.0,0.0,0.45454545454545453,0.1602878664116818,0.7488030426792273,5.0,3.0,2.0,0.0,0.6,0.17058551491594975,1.0,USD_SEK,H4,14,20,3,short,16
6.0,5.0,1.0,0.0,0.8333333333333334,0.535128829802743,1.0,3.0,0.0,3.0,0.0,0.0,0.0,0.0,USD_SEK,H4,14,20,4,short,9
102.0,42.0,60.0,0.0,0.4117647058823529,0.31625311386024424,0.5072762979044616,45.0,25.0,20.0,0.0,0.5555555555555556,0.4103703703703704,0.7007407407407408,USD_SEK,H4,14,25,1,short,147
51.0,21.0,30.0,0.0,0.4117647058823529,0.2766909170808409,0.5468384946838649,22.0,13.0,9.0,0.0,0.5909090909090909,0.38545491113906605,0.7963632706791158,USD_SEK,H4,14,25,2,short,73
24.0,12.0,12.0,0.0,0.5,0.29995833767270713,0.7000416623272929,11.0,5.0,6.0,0.0,0.45454545454545453,0.1602878664116818,0.7488030426792273,USD_SEK,H4,14,25,3,short,35
14.0,8.0,6.0,0.0,0.5714285714285714,0.31219894349225696,0.8306581993648858,6.0,3.0,3.0,0.0,0.5,0.09991667534541426,0.9000833246545857,USD_SEK,H4,14,25,4,short,20
257.0,101.0,156.0,0.0,0.39299610894941633,0.33328166777131196,0.4527105501275207,111.0,66.0,45.0,0.0,0.5945945945945946,0.5032569458022975,0.6859322433868917,USD_SEK,H4,14,30,1,short,368
128.0,51.0,77.0,0.0,0.3984375,0.31362271460827174,0.48325228539172826,56.0,33.0,23.0,0.0,0.5892857142857143,0.4604326002371978,0.7181388283342308,USD_SEK,H4,14,30,2,short,184
65.0,27.0,38.0,0.0,0.4153846153846154,0.295583815769046,0.5351854150001848,28.0,16.0,12.0,0.0,0.5714285714285714,0.3881255436303378,0.754731599226805,USD_SEK,H4,14,30,3,short,93
31.0,18.0,13.0,0.0,0.5806451612903226,0.4069365056160647,0.7543538169645805,14.0,8.0,6.0,0.0,0.5714285714285714,0.31219894349225696,0.8306581993648858,USD_SEK,H4,14,30,4,short,45
529.0,205.0,321.0,3.0,0.3897338403041825,0.34805583727822154,0.4314118433301435,228.0,104.0,124.0,0.0,0.45614035087719296,0.39148844781513015,0.5207922539392558,USD_SEK,H4,14,35,1,short,757
258.0,96.0,161.0,1.0,0.3735408560311284,0.31439763939690973,0.4326840726653471,111.0,59.0,52.0,0.0,0.5315315315315315,0.4386991951485406,0.6243638679145225,USD_SEK,H4,14,35,2,short,369
124.0,48.0,74.0,2.0,0.39344262295081966,0.3067558564014951,0.4801293895001442,54.0,30.0,24.0,0.0,0.5555555555555556,0.423020220653071,0.6880908904580402,USD_SEK,H4,14,35,3,short,178
56.0,25.0,30.0,1.0,0.45454545454545453,0.3229494605530043,0.5861414485379048,24.0,10.0,14.0,0.0,0.4166666666666667,0.21942292762131047,0.6139104057120229,USD_SEK,H4,14,35,4,short,80
3.0,2.0,1.0,0.0,0.6666666666666666,0.13322223379388565,1.0,2.0,0.0,2.0,0.0,0.0,0.0,0.0,USD_SEK,H4,21,20,1,long,5
1.0,1.0,0.0,0.0,1.0,1.0,1.0,1.0,0.0,1.0,0.0,0.0,0.0,0.0,USD_SEK,H4,21,20,2,long,2
,,,,,,,,,,,,,,USD_SEK,H4,21,20,3,long,0
,,,,,,,,,,,,,,USD_SEK,H4,21,20,4,long,0
22.0,13.0,9.0,0.0,0.5909090909090909,0.38545491113906605,0.7963632706791158,10.0,5.0,5.0,0.0,0.5,0.19009678930349883,0.8099032106965012,USD_SEK,H4,21,25,1,long,32
9.0,6.0,3.0,0.0,0.6666666666666666,0.3586823797498592,0.974650953583474,4.0,2.0,2.0,0.0,0.5,0.010000000000000009,0.99,USD_SEK,H4,21,25,2,long,13
4.0,3.0,1.0,0.0,0.75,0.3256475521456251,1.0,2.0,1.0,1.0,0.0,0.5,0.0,1.0,USD_SEK,H4,21,25,3,long,6
0.0,0.0,0.0,0.0,,,,1.0,0.0,1.0,0.0,0.0,0.0,0.0,USD_SEK,H4,21,25,4,long,1
84.0,41.0,42.0,1.0,0.4939759036144578,0.38641473640757207,0.6015370708213436,36.0,19.0,17.0,0.0,0.5277777777777778,0.3646966968472296,0.690858858708326,USD_SEK,H4,21,30,1,long,120
39.0,25.0,14.0,0.0,0.6410256410256411,0.4904713344294943,0.7915799476217878,18.0,10.0,8.0,0.0,0.5555555555555556,0.3259976217062955,0.7851134894048157,USD_SEK,H4,21,30,2,long,57
21.0,9.0,12.0,0.0,0.42857142857142855,0.21691132368626131,0.6402315334565958,10.0,6.0,4.0,0.0,0.6,0.2963581056573385,0.9036418943426614,USD_SEK,H4,21,30,3,long,31
10.0,2.0,8.0,0.0,0.2,0.0,0.447922568557201,5.0,4.0,1.0,0.0,0.8,0.44938454112803305,1.0,USD_SEK,H4,21,30,4,long,15
295.0,143.0,151.0,1.0,0.48639455782312924,0.4292609606898244,0.543528154956434,127.0,61.0,65.0,1.0,0.48412698412698413,0.3968656498122241,0.5713883184417442,USD_SEK,H4,21,35,1,long,422
149.0,78.0,70.0,1.0,0.527027027027027,0.4465892945147355,0.6074647595393184,65.0,29.0,34.0,2.0,0.4603174603174603,0.3372385324030092,0.5833963882319114,USD_SEK,H4,21,35,2,long,214
78.0,38.0,40.0,0.0,0.48717948717948717,0.37625282086877476,0.5981061534901996,34.0,16.0,17.0,1.0,0.48484848484848486,0.3143307269541896,0.6553662427427801,USD_SEK,H4,21,35,3,long,112
35.0,14.0,21.0,0.0,0.4,0.23769658044267833,0.5623034195573218,15.0,9.0,6.0,0.0,0.6,0.35207743144279907,0.8479225685572009,USD_SEK,H4,21,35,4,long,50
9.0,3.0,6.0,0.0,0.3333333333333333,0.02534904641652591,0.6413176202501407,4.0,4.0,0.0,0.0,1.0,1.0,1.0,USD_SEK,H4,21,20,1,short,13
6.0,4.0,2.0,0.0,0.6666666666666666,0.28946449079611114,1.0,3.0,2.0,1.0,0.0,0.6666666666666666,0.13322223379388565,1.0,USD_SEK,H4,21,20,2,short,9
2.0,1.0,1.0,0.0,0.5,0.0,1.0,1.0,0.0,1.0,0.0,0.0,0.0,0.0,USD_SEK,H4,21,20,3,short,3
1.0,0.0,1.0,0.0,0.0,0.0,0.0,1.0,0.0,1.0,0.0,0.0,0.0,0.0,USD_SEK,H4,21,20,4,short,2
33.0,12.0,21.0,0.0,0.36363636363636365,0.19950732263912674,0.5277654046336006,15.0,10.0,5.0,0.0,0.6666666666666666,0.4281030638421943,0.9052302694911389,USD_SEK,H4,21,25,1,short,48
18.0,8.0,10.0,0.0,0.4444444444444444,0.21488651059518432,0.6740023782937046,8.0,5.0,3.0,0.0,0.625,0.28951993352808575,0.9604800664719142,USD_SEK,H4,21,25,2,short,26
10.0,5.0,5.0,0.0,0.5,0.19009678930349883,0.8099032106965012,5.0,3.0,2.0,0.0,0.6,0.17058551491594975,1.0,USD_SEK,H4,21,25,3,short,15
5.0,4.0,1.0,0.0,0.8,0.44938454112803305,1.0,3.0,0.0,3.0,0.0,0.0,0.0,0.0,USD_SEK,H4,21,25,4,short,8
115.0,48.0,67.0,0.0,0.41739130434782606,0.3272617277540658,0.5075208809415863,50.0,29.0,21.0,0.0,0.58,0.44319256160573717,0.7168074383942628,USD_SEK,H4,21,30,1,short,165
60.0,27.0,33.0,0.0,0.45,0.3241167207290817,0.5758832792709183,26.0,16.0,10.0,0.0,0.6153846153846154,0.4283784001578088,0.802390830611422,USD_SEK,H4,21,30,2,short,86
25.0,13.0,12.0,0.0,0.52,0.32415686277022626,0.7158431372297738,12.0,7.0,5.0,0.0,0.5833333333333334,0.30438856248221097,0.8622781041844558,USD_SEK,H4,21,30,3,short,37
13.0,9.0,4.0,0.0,0.6923076923076923,0.44141252663043484,0.9432028579849497,6.0,2.0,4.0,0.0,0.3333333333333333,0.0,0.7105355092038887,USD_SEK,H4,21,30,4,short,19
310.0,119.0,190.0,1.0,0.3851132686084142,0.3308546624060278,0.43937187481080064,134.0,72.0,62.0,0.0,0.5373134328358209,0.45289039670250525,0.6217364689691365,USD_SEK,H4,21,35,1,short,444
150.0,56.0,94.0,0.0,0.37333333333333335,0.2959268882002041,0.4507397784664626,65.0,38.0,27.0,0.0,0.5846153846153846,0.46481458499981526,0.7044161842309541,USD_SEK,H4,21,35,2,short,215
77.0,31.0,46.0,0.0,0.4025974025974026,0.2930556345444847,0.5121391706503206,33.0,18.0,15.0,0.0,0.5454545454545454,0.37556484773442167,0.7153442431746692,USD_SEK,H4,21,35,3,short,110
35.0,17.0,18.0,0.0,0.4857142857142857,0.3201316779319464,0.651296893496625,16.0,9.0,7.0,0.0,0.5625,0.31942159829594075,0.8055784017040593,USD_SEK,H4,21,35,4,short,51
,,,,,,,,,,,,,,USD_SEK,H4,28,20,1,long,0
,,,,,,,,,,,,,,USD_SEK,H4,28,20,2,long,0
,,,,,,,,,,,,,,USD_SEK,H4,28,20,3,long,0
,,,,,,,,,,,,,,USD_SEK,H4,28,20,4,long,0
4.0,3.0,1.0,0.0,0.75,0.3256475521456251,1.0,3.0,1.0,2.0,0.0,0.3333333333333333,0.0,0.8667777662061142,USD_SEK,H4,28,25,1,long,7
2.0,1.0,1.0,0.0,0.5,0.0,1.0,1.0,0.0,1.0,0.0,0.0,0.0,0.0,USD_SEK,H4,28,25,2,long,3
0.0,0.0,0.0,0.0,,,,1.0,0.0,1.0,0.0,0.0,0.0,0.0,USD_SEK,H4,28,25,3,long,1
,,,,,,,,,,,,,,USD_SEK,H4,28,25,4,long,0
43.0,20.0,23.0,0.0,0.46511627906976744,0.3160318440504992,0.6142007140890356,19.0,11.0,8.0,0.0,0.5789473684210527,0.3569401957423196,0.8009545410997857,USD_SEK,H4,28,30,1,long,62
20.0,11.0,9.0,0.0,0.55,0.3319637644793876,0.7680362355206125,9.0,5.0,4.0,0.0,0.5555555555555556,0.23091161215558614,0.8801994989555251,USD_SEK,H4,28,30,2,long,29
11.0,5.0,6.0,0.0,0.45454545454545453,0.1602878664116818,0.7488030426792273,5.0,3.0,2.0,0.0,0.6,0.17058551491594975,1.0,USD_SEK,H4,28,30,3,long,16
4.0,1.0,3.0,0.0,0.25,0.0,0.674352447854375,3.0,1.0,2.0,0.0,0.3333333333333333,0.0,0.8667777662061142,USD_SEK,H4,28,30,4,long,7
173.0,86.0,86.0,1.0,0.5,0.4252757005370237,0.5747242994629763,75.0,34.0,40.0,1.0,0.4594594594594595,0.3459118629205529,0.573007055998366,USD_SEK,H4,28,35,1,long,248
88.0,49.0,38.0,1.0,0.5632183908045977,0.4589945602656623,0.667442221343533,39.0,16.0,22.0,1.0,0.42105263157894735,0.26406985430576235,0.5780354088521323,USD_SEK,H4,28,35,2,long,127
45.0,21.0,24.0,0.0,0.4666666666666667,0.32090189759939663,0.6124314357339367,20.0,10.0,9.0,1.0,0.5263157894736842,0.3017999815449016,0.7508315974024667,USD_SEK,H4,28,35,3,long,65
19.0,8.0,11.0,0.0,0.42105263157894735,0.19904545890021433,0.6430598042576804,9.0,5.0,4.0,0.0,0.5555555555555556,0.23091161215558614,0.8801994989555251,USD_SEK,H4,28,35,4,long,28
,,,,,,,,,,,,,,USD_SEK,H4,28,20,1,short,0
,,,,,,,,,,,,,,USD_SEK,H4,28,20,2,short,0
,,,,,,,,,,,,,,USD_SEK,H4,28,20,3,short,0
,,,,,,,,,,,,,,USD_SEK,H4,28,20,4,short,0
14.0,3.0,11.0,0.0,0.21428571428571427,0.0,0.42922756688776104,7.0,6.0,1.0,0.0,0.8571428571428571,0.5979132292065427,1.0,USD_SEK,H4,28,25,1,short,21
9.0,4.0,5.0,0.0,0.4444444444444444,0.11980050104447498,0.7690883878444139,5.0,4.0,1.0,0.0,0.8,0.44938454112803305,1.0,USD_SEK,H4,28,25,2,short,14
4.0,1.0,3.0,0.0,0.25,0.0,0.674352447854375,3.0,2.0,1.0,0.0,0.6666666666666666,0.13322223379388565,1.0,USD_SEK,H4,28,25,3,short,7
2.0,1.0,1.0,0.0,0.5,0.0,1.0,2.0,0.0,2.0,0.0,0.0,0.0,0.0,USD_SEK,H4,28,25,4,short,4
58.0,22.0,36.0,0.0,0.3793103448275862,0.25443500824612186,0.5041856814090505,25.0,14.0,11.0,0.0,0.56,0.36541631723086343,0.7545836827691367,USD_SEK,H4,28,30,1,short,83
26.0,13.0,13.0,0.0,0.5,0.30780618756457967,0.6921938124354203,12.0,7.0,5.0,0.0,0.5833333333333334,0.30438856248221097,0.8622781041844558,USD_SEK,H4,28,30,2,short,38
14.0,8.0,6.0,0.0,0.5714285714285714,0.31219894349225696,0.8306581993648858,7.0,4.0,3.0,0.0,0.5714285714285714,0.2048225158321042,0.9380346270250386,USD_SEK,H4,28,30,3,short,21
9.0,7.0,2.0,0.0,0.7777777777777778,0.5061611674786324,1.0,4.0,1.0,3.0,0.0,0.25,0.0,0.674352447854375,USD_SEK,H4,28,30,4,short,13
212.0,89.0,122.0,1.0,0.4218009478672986,0.3551651952732673,0.4884367004613299,92.0,49.0,43.0,0.0,0.532608695652174,0.4306541489342889,0.634563242370059,USD_SEK,H4,28,35,1,short,304
102.0,39.0,63.0,0.0,0.38235294117647056,0.2880428006541874,0.4766630816987537,45.0,24.0,21.0,0.0,0.5333333333333333,0.3875685642660633,0.6790981024006033,USD_SEK,H4,28,35,2,short,147
51.0,20.0,31.0,0.0,0.39215686274509803,0.25815937626582186,0.5261543492243742,23.0,12.0,11.0,0.0,0.5217391304347826,0.3175882379179313,0.7258900229516339,USD_SEK,H4,28,35,3,short,74
23.0,12.0,11.0,0.0,0.5217391304347826,0.3175882379179313,0.7258900229516339,11.0,4.0,7.0,0.0,0.36363636363636365,0.07935652563159407,0.6479162016411333,USD_SEK,H4,28,35,4,short,34
184.0,72.0,109.0,3.0,0.39779005524861877,0.3264854292594979,0.4690946812377396,80.0,31.0,46.0,3.0,0.4025974025974026,0.2930556345444847,0.5121391706503206,AUD_CHF,H4,7,20,1,long,264
98.0,38.0,60.0,0.0,0.3877551020408163,0.2912868562343356,0.48422334784729704,42.0,16.0,26.0,0.0,0.38095238095238093,0.23408383302475155,0.5278209288800103,AUD_CHF,H4,7,20,2,long,140
49.0,16.0,32.0,1.0,0.3333333333333333,0.19997222511513807,0.46669444155152856,21.0,6.0,15.0,0.0,0.2857142857142857,0.09249592909842652,0.4789326423301449,AUD_CHF,H4,7,20,3,long,70
20.0,10.0,10.0,0.0,0.5,0.28086533820502063,0.7191346617949794,9.0,4.0,5.0,0.0,0.4444444444444444,0.11980050104447498,0.7690883878444139,AUD_CHF,H4,7,20,4,long,29
347.0,151.0,184.0,12.0,0.4507462686567164,0.3974635659352983,0.5040289713781345,149.0,50.0,92.0,7.0,0.352112676056338,0.2735524959168688,0.4306728561958072,AUD_CHF,H4,7,25,1,long,496
172.0,73.0,94.0,5.0,0.437125748502994,0.3618930358305712,0.5123584611754168,75.0,26.0,49.0,0.0,0.3466666666666667,0.23895843636798395,0.4543748969653494,AUD_CHF,H4,7,25,2,long,247
81.0,29.0,48.0,4.0,0.37662337662337664,0.26839538453271666,0.4848513687140366,35.0,12.0,23.0,0.0,0.34285714285714286,0.18560066445323098,0.5001136212610547,AUD_CHF,H4,7,25,3,long,116
37.0,17.0,20.0,0.0,0.4594594594594595,0.2988789084592695,0.6200400104596495,17.0,8.0,9.0,0.0,0.47058823529411764,0.23331489867342306,0.7078615719148122,AUD_CHF,H4,7,25,4,long,54
606.0,264.0,318.0,24.0,0.4536082474226804,0.4131611726574179,0.4940553221879429,260.0,104.0,147.0,9.0,0.41434262948207173,0.3534000508776016,0.47528520808654184,AUD_CHF,H4,7,30,1,long,866
312.0,133.0,170.0,9.0,0.4389438943894389,0.3830656941318865,0.49482209464699134,134.0,59.0,74.0,1.0,0.44360902255639095,0.359174417638418,0.5280436274743638,AUD_CHF,H4,7,30,2,long,446
154.0,58.0,90.0,6.0,0.3918918918918919,0.3132418877617879,0.47054189602199586,66.0,25.0,41.0,0.0,0.3787878787878788,0.2617565595264724,0.49581919804928515,AUD_CHF,H4,7,30,3,long,220
77.0,37.0,39.0,1.0,0.4868421052631579,0.3744673268225888,0.5992168837037269,34.0,17.0,17.0,0.0,0.5,0.3319313865603413,0.6680686134396587,AUD_CHF,H4,7,30,4,long,111
877.0,392.0,453.0,32.0,0.463905325443787,0.4302802596764659,0.4975303912111081,377.0,158.0,206.0,13.0,0.4340659340659341,0.3831485422239605,0.48498332590790766,AUD_CHF,H4,7,35,1,long,1254
448.0,199.0,235.0,14.0,0.45852534562211983,0.4116459562189145,0.5054047350253251,193.0,84.0,106.0,3.0,0.4421052631578947,0.37148680265984824,0.5127237236559412,AUD_CHF,H4,7,35,2,long,641
226.0,90.0,125.0,11.0,0.4186046511627907,0.35266074896832506,0.4845485533572564,97.0,42.0,55.0,0.0,0.4329896907216495,0.33438343685591154,0.5315959445873875,AUD_CHF,H4,7,35,3,long,323
111.0,54.0,54.0,3.0,0.5,0.4056994560323611,0.5943005439676389,48.0,24.0,24.0,0.0,0.5,0.3585491840485417,0.6414508159514583,AUD_CHF,H4,7,35,4,long,159
184.0,92.0,91.0,1.0,0.5027322404371585,0.4302896374958616,0.5751748433784554,79.0,43.0,35.0,1.0,0.5512820512820513,0.4409040775344665,0.6616600250296362,AUD_CHF,H4,7,20,1,short,263
95.0,49.0,45.0,1.0,0.5212765957446809,0.4202888709508806,0.6222643205384811,41.0,23.0,18.0,0.0,0.5609756097560976,0.40906767589104376,0.7128835436211515,AUD_CHF,H4,7,20,2,short,136
44.0,23.0,21.0,0.0,0.5227272727272727,0.37513941734496625,0.6703151281095792,19.0,9.0,10.0,0.0,0.47368421052631576,0.2491684025975332,0.6982000184550983,AUD_CHF,H4,7,20,3,short,63
18.0,7.0,10.0,1.0,0.4117647058823529,0.17781004090730612,0.6457193708573997,8.0,2.0,6.0,0.0,0.25,0.0,0.5500624934909393,AUD_CHF,H4,7,20,4,short,26
362.0,176.0,185.0,1.0,0.48753462603878117,0.4359717104078511,0.5390975416697112,156.0,78.0,75.0,3.0,0.5098039215686274,0.43059084920878093,0.5890169939284738,AUD_CHF,H4,7,25,1,short,518
185.0,88.0,93.0,4.0,0.4861878453038674,0.41337281754627353,0.5590028730614612,80.0,43.0,37.0,0.0,0.5375,0.42824126179110433,0.6467587382088956,AUD_CHF,H4,7,25,2,short,265
83.0,39.0,44.0,0.0,0.46987951807228917,0.36250590317409753,0.5772531329704809,36.0,19.0,17.0,0.0,0.5277777777777778,0.3646966968472296,0.690858858708326,AUD_CHF,H4,7,25,3,short,119
37.0,14.0,22.0,1.0,0.3888888888888889,0.2296395351917726,0.5481382425860052,16.0,7.0,9.0,0.0,0.4375,0.19442159829594075,0.6805784017040593,AUD_CHF,H4,7,25,4,short,53
623.0,301.0,319.0,3.0,0.4854838709677419,0.4461427141198021,0.5248250278156817,268.0,132.0,131.0,5.0,0.5019011406844106,0.4414721887443438,0.5623300926244774,AUD_CHF,H4,7,30,1,short,891
316.0,146.0,165.0,5.0,0.4694533762057878,0.41398647702008345,0.5249202753914921,136.0,72.0,64.0,0.0,0.5294117647058824,0.4455229720462566,0.6133005573655081,AUD_CHF,H4,7,30,2,short,452
149.0,65.0,82.0,2.0,0.4421768707482993,0.36189015852117,0.5224635829754286,64.0,35.0,29.0,0.0,0.546875,0.424914518159121,0.668835481840879,AUD_CHF,H4,7,30,3,short,213
68.0,25.0,42.0,1.0,0.373134328358209,0.2573263402479185,0.48894231646849945,30.0,15.0,15.0,0.0,0.5,0.32107729788164574,0.6789227021183543,AUD_CHF,H4,7,30,4,short,98
905.0,455.0,439.0,11.0,0.5089485458612976,0.4761776924287223,0.5417193992938728,388.0,184.0,199.0,5.0,0.4804177545691906,0.4303805129971174,0.5304549961412638,AUD_CHF,H4,7,35,1,short,1293
454.0,225.0,215.0,14.0,0.5113636363636364,0.46465603707878583,0.5580712356484869,195.0,94.0,101.0,0.0,0.48205128205128206,0.4119172563765605,0.5521853077260036,AUD_CHF,H4,7,35,2,short,649
225.0,102.0,115.0,8.0,0.4700460829493088,0.40363883590651006,0.5364533299921075,97.0,50.0,46.0,1.0,0.5208333333333334,0.4208993635244678,0.620767303142199,AUD_CHF,H4,7,35,3,short,322
112.0,47.0,60.0,5.0,0.4392523364485981,0.34521399540997605,0.5332906774872201,48.0,23.0,24.0,1.0,0.48936170212765956,0.34644636986968314,0.632277034385636,AUD_CHF,H4,7,35,4,short,160
32.0,9.0,23.0,0.0,0.28125,0.1254683582000915,0.4370316417999085,15.0,7.0,8.0,0.0,0.4666666666666667,0.2141946806886107,0.7191386526447227,AUD_CHF,H4,14,20,1,long,47
18.0,5.0,13.0,0.0,0.2777777777777778,0.0708570524820083,0.4846985030735473,8.0,4.0,4.0,0.0,0.5,0.15351767721859172,0.8464823227814082,AUD_CHF,H4,14,20,2,long,26
8.0,1.0,7.0,0.0,0.125,0.0,0.3541765149399039,4.0,1.0,3.0,0.0,0.25,0.0,0.674352447854375,AUD_CHF,H4,14,20,3,long,12
2.0,0.0,2.0,0.0,0.0,0.0,0.0,1.0,1.0,0.0,0.0,1.0,1.0,1.0,AUD_CHF,H4,14,20,4,long,3
100.0,34.0,66.0,0.0,0.34,0.24715308082655627,0.43284691917344376,43.0,14.0,29.0,0.0,0.32558139534883723,0.18552065915544702,0.46564213154222744,AUD_CHF,H4,14,25,1,long,143
52.0,17.0,35.0,0.0,0.3269230769230769,0.19942326657577447,0.4544228872703794,23.0,7.0,16.0,0.0,0.30434782608695654,0.11629783002433983,0.4923978221495733,AUD_CHF,H4,14,25,2,long,75
25.0,6.0,19.0,0.0,0.24,0.07258341300814902,0.40741658699185096,12.0,3.0,9.0,0.0,0.25,0.0050000000000000044,0.495,AUD_CHF,H4,14,25,3,long,37
10.0,4.0,6.0,0.0,0.4,0.09635810565733854,0.7036418943426614,5.0,2.0,3.0,0.0,0.4,0.0,0.8294144850840502,AUD_CHF,H4,14,25,4,long,15
220.0,87.0,127.0,6.0,0.40654205607476634,0.3407312972955475,0.47235281485398517,95.0,39.0,56.0,0.0,0.4105263157894737,0.3116033836975772,0.5094492478813701,AUD_CHF,H4,14,30,1,long,315
107.0,45.0,61.0,1.0,0.42452830188679247,0.33043288995572134,0.5186237138178637,46.0,19.0,27.0,0.0,0.41304347826086957,0.2707522899183108,0.5553346666034283,AUD_CHF,H4,14,30,2,long,153
52.0,16.0,34.0,2.0,0.32,0.19069940758063017,0.4493005924193698,23.0,7.0,16.0,0.0,0.30434782608695654,0.11629783002433983,0.4923978221495733,AUD_CHF,H4,14,30,3,long,75
21.0,9.0,12.0,0.0,0.42857142857142855,0.21691132368626131,0.6402315334565958,9.0,4.0,5.0,0.0,0.4444444444444444,0.11980050104447498,0.7690883878444139,AUD_CHF,H4,14,30,4,long,30
457.0,192.0,247.0,18.0,0.43735763097949887,0.3909533142930894,0.48376194766590835,197.0,77.0,112.0,8.0,0.4074074074074074,0.337355859045271,0.4774589557695438,AUD_CHF,H4,14,35,1,long,654
230.0,93.0,129.0,8.0,0.4189189189189189,0.3540161927719789,0.48382164506585895,100.0,43.0,57.0,0.0,0.43,0.33296515265122534,0.5270348473487747,AUD_CHF,H4,14,35,2,long,330
108.0,40.0,61.0,7.0,0.39603960396039606,0.30065705506406826,0.49142215285672386,47.0,20.0,27.0,0.0,0.425531914893617,0.284178545733946,0.5668852840532881,AUD_CHF,H4,14,35,3,long,155
53.0,24.0,27.0,2.0,0.47058823529411764,0.33359841052463896,0.6075780600635963,23.0,13.0,10.0,0.0,0.5652173913043478,0.3626189995886204,0.7678157830200751,AUD_CHF,H4,14,35,4,long,76
16.0,5.0,11.0,0.0,0.3125,0.08537892133269531,0.5396210786673047,8.0,6.0,2.0,0.0,0.75,0.4499375065090607,1.0,AUD_CHF,H4,14,20,1,short,24
6.0,0.0,5.0,1.0,0.0,0.0,0.0,3.0,3.0,0.0,0.0,1.0,1.0,1.0,AUD_CHF,H4,14,20,2,short,9
2.0,0.0,2.0,0.0,0.0,0.0,0.0,2.0,1.0,1.0,0.0,0.5,0.0,1.0,AUD_CHF,H4,14,20,3,short,4
1.0,0.0,1.0,0.0,0.0,0.0,0.0,1.0,1.0,0.0,0.0,1.0,1.0,1.0,AUD_CHF,H4,14,20,4,short,2
70.0,38.0,32.0,0.0,0.5428571428571428,0.4261558146727558,0.6595584710415299,30.0,19.0,11.0,0.0,0.6333333333333333,0.46088963344948825,0.8057770332171783,AUD_CHF,H4,14,25,1,short,100
33.0,19.0,13.0,1.0,0.59375,0.4235813394103515,0.7639186605896485,15.0,11.0,4.0,0.0,0.7333333333333333,0.5095408368517008,0.9571258298149657,AUD_CHF,H4,14,25,2,short,48
16.0,10.0,6.0,0.0,0.625,0.3877797700447957,0.8622202299552043,8.0,6.0,2.0,0.0,0.75,0.4499375065090607,1.0,AUD_CHF,H4,14,25,3,short,24
7.0,2.0,4.0,1.0,0.3333333333333333,0.0,0.7105355092038887,3.0,2.0,1.0,0.0,0.6666666666666666,0.13322223379388565,1.0,AUD_CHF,H4,14,25,4,short,10
193.0,91.0,101.0,1.0,0.4739583333333333,0.40332891797489767,0.544587748691769,84.0,50.0,33.0,1.0,0.6024096385542169,0.4971211467059715,0.7076981304024623,AUD_CHF,H4,14,30,1,short,277
96.0,51.0,43.0,2.0,0.5425531914893617,0.4418406381192571,0.6432657448594662,42.0,21.0,21.0,0.0,0.5,0.3487827170371499,0.6512172829628501,AUD_CHF,H4,14,30,2,short,138
46.0,23.0,23.0,0.0,0.5,0.3555068829682008,0.6444931170317991,20.0,12.0,8.0,0.0,0.6,0.38529275745797487,0.8147072425420251,AUD_CHF,H4,14,30,3,short,66
16.0,6.0,9.0,1.0,0.4,0.15207743144279912,0.647922568557201,7.0,4.0,3.0,0.0,0.5714285714285714,0.2048225158321042,0.9380346270250386,AUD_CHF,H4,14,30,4,short,23
454.0,223.0,226.0,5.0,0.49665924276169265,0.4504112156512362,0.5429072698721491,195.0,104.0,87.0,4.0,0.5445026178010471,0.4738737382924876,0.6151314973096067,AUD_CHF,H4,14,35,1,short,649
233.0,123.0,105.0,5.0,0.5394736842105263,0.4747741720433864,0.6041731963776663,101.0,55.0,46.0,0.0,0.5445544554455446,0.4474287309742931,0.641680179916796,AUD_CHF,H4,14,35,2,short,334
117.0,55.0,60.0,2.0,0.4782608695652174,0.3869618148982309,0.5695599242322039,51.0,27.0,24.0,0.0,0.5294117647058824,0.3924219399364037,0.666401589475361,AUD_CHF,H4,14,35,3,short,168
56.0,23.0,32.0,1.0,0.41818181818181815,0.28781983933186,0.5485437970317764,24.0,9.0,15.0,0.0,0.375,0.18131049331468677,0.5686895066853133,AUD_CHF,H4,14,35,4,short,80
11.0,3.0,8.0,0.0,0.2727272727272727,0.009535284742372196,0.5359192607121732,5.0,1.0,4.0,0.0,0.2,0.0,0.5506154588719672,AUD_CHF,H4,21,20,1,long,16
6.0,1.0,5.0,0.0,0.16666666666666666,0.0,0.4648711701972571,3.0,1.0,2.0,0.0,0.3333333333333333,0.0,0.8667777662061142,AUD_CHF,H4,21,20,2,long,9
3.0,0.0,3.0,0.0,0.0,0.0,0.0,2.0,0.0,2.0,0.0,0.0,0.0,0.0,AUD_CHF,H4,21,20,3,long,5
,,,,,,,,,,,,,,AUD_CHF,H4,21,20,4,long,0
31.0,11.0,20.0,0.0,0.3548387096774194,0.18640660673780374,0.523270812617035,14.0,7.0,7.0,0.0,0.5,0.2380839829258241,0.7619160170741759,AUD_CHF,H4,21,25,1,long,45
16.0,4.0,12.0,0.0,0.25,0.03782377607281254,0.4621762239271875,7.0,3.0,4.0,0.0,0.42857142857142855,0.06196537297496135,0.7951774841678958,AUD_CHF,H4,21,25,2,long,23
7.0,0.0,7.0,0.0,0.0,0.0,0.0,4.0,0.0,4.0,0.0,0.0,0.0,0.0,AUD_CHF,H4,21,25,3,long,11
2.0,0.0,2.0,0.0,0.0,0.0,0.0,1.0,0.0,1.0,0.0,0.0,0.0,0.0,AUD_CHF,H4,21,25,4,long,3
105.0,37.0,67.0,1.0,0.3557692307692308,0.26375726148243317,0.4477812000560284,45.0,16.0,29.0,0.0,0.35555555555555557,0.21569466444780505,0.4954164466633061,AUD_CHF,H4,21,30,1,long,150
49.0,21.0,28.0,0.0,0.42857142857142855,0.2900073639659184,0.5671354931769387,22.0,9.0,13.0,0.0,0.4090909090909091,0.20363672932088425,0.614545088860934,AUD_CHF,H4,21,30,2,long,71
26.0,5.0,20.0,1.0,0.2,0.043200000000000016,0.3568,12.0,4.0,8.0,0.0,0.3333333333333333,0.06661111689694282,0.6000555497697238,AUD_CHF,H4,21,30,3,long,38
11.0,3.0,8.0,0.0,0.2727272727272727,0.009535284742372196,0.5359192607121732,5.0,2.0,3.0,0.0,0.4,0.0,0.8294144850840502,AUD_CHF,H4,21,30,4,long,16
266.0,103.0,157.0,6.0,0.39615384615384613,0.3367021173611474,0.45560557494654486,115.0,49.0,66.0,0.0,0.4260869565217391,0.33570550358241263,0.5164684094610656,AUD_CHF,H4,21,35,1,long,381
131.0,52.0,77.0,2.0,0.40310077519379844,0.3184524167682037,0.4877491336193932,57.0,27.0,30.0,0.0,0.47368421052631576,0.3440599483813068,0.6033084726713247,AUD_CHF,H4,21,35,2,long,188
60.0,17.0,40.0,3.0,0.2982456140350877,0.17947794193139333,0.4170132861387821,27.0,11.0,16.0,0.0,0.4074074074074074,0.22206843148618047,0.5927463833286343,AUD_CHF,H4,21,35,3,long,87
25.0,9.0,15.0,1.0,0.375,0.18131049331468677,0.5686895066853133,11.0,5.0,6.0,0.0,0.45454545454545453,0.1602878664116818,0.7488030426792273,AUD_CHF,H4,21,35,4,long,36
4.0,0.0,4.0,0.0,0.0,0.0,0.0,3.0,2.0,1.0,0.0,0.6666666666666666,0.13322223379388565,1.0,AUD_CHF,H4,21,20,1,short,7
1.0,0.0,1.0,0.0,0.0,0.0,0.0,1.0,1.0,0.0,0.0,1.0,1.0,1.0,AUD_CHF,H4,21,20,2,short,2
1.0,0.0,1.0,0.0,0.0,0.0,0.0,1.0,1.0,0.0,0.0,1.0,1.0,1.0,AUD_CHF,H4,21,20,3,short,2
1.0,0.0,1.0,0.0,0.0,0.0,0.0,1.0,1.0,0.0,0.0,1.0,1.0,1.0,AUD_CHF,H4,21,20,4,short,2
17.0,6.0,11.0,0.0,0.35294117647058826,0.12576925204214065,0.5801131008990359,8.0,7.0,1.0,0.0,0.875,0.6458234850600961,1.0,AUD_CHF,H4,21,25,1,short,25
6.0,2.0,3.0,1.0,0.4,0.0,0.8294144850840502,3.0,3.0,0.0,0.0,1.0,1.0,1.0,AUD_CHF,H4,21,25,2,short,9
3.0,1.0,2.0,0.0,0.3333333333333333,0.0,0.8667777662061142,2.0,1.0,1.0,0.0,0.5,0.0,1.0,AUD_CHF,H4,21,25,3,short,5
1.0,0.0,1.0,0.0,0.0,0.0,0.0,1.0,1.0,0.0,0.0,1.0,1.0,1.0,AUD_CHF,H4,21,25,4,short,2
70.0,39.0,31.0,0.0,0.5571428571428572,0.440777913968377,0.6735078003173374,31.0,21.0,10.0,0.0,0.6774193548387096,0.5128597719137113,0.8419789377637079,AUD_CHF,H4,21,30,1,short,101
32.0,19.0,12.0,1.0,0.6129032258064516,0.44143606604916524,0.7843703855637381,15.0,11.0,4.0,0.0,0.7333333333333333,0.5095408368517008,0.9571258298149657,AUD_CHF,H4,21,30,2,short,47
16.0,8.0,8.0,0.0,0.5,0.255,0.745,7.0,6.0,1.0,0.0,0.8571428571428571,0.5979132292065427,1.0,AUD_CHF,H4,21,30,3,short,23
7.0,3.0,4.0,0.0,0.42857142857142855,0.06196537297496135,0.7951774841678958,3.0,1.0,2.0,0.0,0.3333333333333333,0.0,0.8667777662061142,AUD_CHF,H4,21,30,4,short,10
235.0,113.0,118.0,4.0,0.48917748917748916,0.42471332933352446,0.5536416490214539,102.0,60.0,40.0,2.0,0.6,0.5039800020828994,0.6960199979171006,AUD_CHF,H4,21,35,1,short,337
120.0,64.0,53.0,3.0,0.5470085470085471,0.4568088246964643,0.6372082693206298,52.0,29.0,23.0,0.0,0.5576923076923077,0.42269846100437564,0.6926861543802398,AUD_CHF,H4,21,35,2,short,172
60.0,28.0,31.0,1.0,0.4745762711864407,0.34715617855107106,0.6019963638218103,27.0,17.0,10.0,0.0,0.6296296296296297,0.4474772346531113,0.811782024606148,AUD_CHF,H4,21,35,3,short,87
21.0,7.0,13.0,1.0,0.35,0.14095885572452488,0.559041144275475,10.0,5.0,5.0,0.0,0.5,0.19009678930349883,0.8099032106965012,AUD_CHF,H4,21,35,4,short,31
4.0,1.0,3.0,0.0,0.25,0.0,0.674352447854375,2.0,1.0,1.0,0.0,0.5,0.0,1.0,AUD_CHF,H4,28,20,1,long,6
2.0,0.0,2.0,0.0,0.0,0.0,0.0,1.0,1.0,0.0,0.0,1.0,1.0,1.0,AUD_CHF,H4,28,20,2,long,3
2.0,0.0,2.0,0.0,0.0,0.0,0.0,1.0,0.0,1.0,0.0,0.0,0.0,0.0,AUD_CHF,H4,28,20,3,long,3
,,,,,,,,,,,,,,AUD_CHF,H4,28,20,4,long,0
14.0,6.0,8.0,0.0,0.42857142857142855,0.16934180063511417,0.6878010565077429,7.0,2.0,5.0,0.0,0.2857142857142857,0.0,0.6203782963279159,AUD_CHF,H4,28,25,1,long,21
8.0,2.0,6.0,0.0,0.25,0.0,0.5500624934909393,4.0,2.0,2.0,0.0,0.5,0.010000000000000009,0.99,AUD_CHF,H4,28,25,2,long,12
3.0,0.0,3.0,0.0,0.0,0.0,0.0,2.0,0.0,2.0,0.0,0.0,0.0,0.0,AUD_CHF,H4,28,25,3,long,5
,,,,,,,,,,,,,,AUD_CHF,H4,28,25,4,long,0
51.0,22.0,29.0,0.0,0.43137254901960786,0.29544385428615283,0.5673012437530629,23.0,9.0,14.0,0.0,0.391304347826087,0.19184720669911723,0.5907614889530567,AUD_CHF,H4,28,30,1,long,74
25.0,10.0,15.0,0.0,0.4,0.20796000416579888,0.5920399958342012,11.0,5.0,6.0,0.0,0.45454545454545453,0.1602878664116818,0.7488030426792273,AUD_CHF,H4,28,30,2,long,36
11.0,0.0,11.0,0.0,0.0,0.0,0.0,6.0,1.0,5.0,0.0,0.16666666666666666,0.0,0.4648711701972571,AUD_CHF,H4,28,30,3,long,17
4.0,0.0,4.0,0.0,0.0,0.0,0.0,3.0,1.0,2.0,0.0,0.3333333333333333,0.0,0.8667777662061142,AUD_CHF,H4,28,30,4,long,7
177.0,63.0,112.0,2.0,0.36,0.2888822047585838,0.4311177952414162,76.0,30.0,46.0,0.0,0.39473684210526316,0.2848425271444402,0.5046311570660861,AUD_CHF,H4,28,35,1,long,253
88.0,35.0,52.0,1.0,0.40229885057471265,0.29925718111513894,0.5053405200342863,38.0,16.0,22.0,0.0,0.42105263157894735,0.26406985430576235,0.5780354088521323,AUD_CHF,H4,28,35,2,long,126
42.0,10.0,30.0,2.0,0.25,0.1158079734112343,0.3841920265887657,19.0,6.0,13.0,0.0,0.3157894736842105,0.1067766313149944,0.5248023160534266,AUD_CHF,H4,28,35,3,long,61
17.0,4.0,13.0,0.0,0.23529411764705882,0.03365055539969364,0.436937679894424,8.0,4.0,4.0,0.0,0.5,0.15351767721859172,0.8464823227814082,AUD_CHF,H4,28,35,4,long,25
2.0,1.0,1.0,0.0,0.5,0.0,1.0,1.0,1.0,0.0,0.0,1.0,1.0,1.0,AUD_CHF,H4,28,20,1,short,3
0.0,0.0,0.0,0.0,,,,1.0,1.0,0.0,0.0,1.0,1.0,1.0,AUD_CHF,H4,28,20,2,short,1
0.0,0.0,0.0,0.0,,,,1.0,1.0,0.0,0.0,1.0,1.0,1.0,AUD_CHF,H4,28,20,3,short,1
0.0,0.0,0.0,0.0,,,,1.0,1.0,0.0,0.0,1.0,1.0,1.0,AUD_CHF,H4,28,20,4,short,1
7.0,0.0,7.0,0.0,0.0,0.0,0.0,3.0,2.0,1.0,0.0,0.6666666666666666,0.13322223379388565,1.0,AUD_CHF,H4,28,25,1,short,10
2.0,0.0,2.0,0.0,0.0,0.0,0.0,1.0,1.0,0.0,0.0,1.0,1.0,1.0,AUD_CHF,H4,28,25,2,short,3
1.0,0.0,1.0,0.0,0.0,0.0,0.0,1.0,1.0,0.0,0.0,1.0,1.0,1.0,AUD_CHF,H4,28,25,3,short,2
1.0,0.0,1.0,0.0,0.0,0.0,0.0,1.0,1.0,0.0,0.0,1.0,1.0,1.0,AUD_CHF,H4,28,25,4,short,2
26.0,13.0,13.0,0.0,0.5,0.30780618756457967,0.6921938124354203,12.0,12.0,0.0,0.0,1.0,1.0,1.0,AUD_CHF,H4,28,30,1,short,38
11.0,6.0,4.0,1.0,0.6,0.2963581056573385,0.9036418943426614,6.0,6.0,0.0,0.0,1.0,1.0,1.0,AUD_CHF,H4,28,30,2,short,17
7.0,4.0,3.0,0.0,0.5714285714285714,0.2048225158321042,0.9380346270250386,3.0,2.0,1.0,0.0,0.6666666666666666,0.13322223379388565,1.0,AUD_CHF,H4,28,30,3,short,10
2.0,1.0,1.0,0.0,0.5,0.0,1.0,2.0,1.0,1.0,0.0,0.5,0.0,1.0,AUD_CHF,H4,28,30,4,short,4
129.0,63.0,65.0,1.0,0.4921875,0.40557749375145474,0.5787975062485452,56.0,37.0,19.0,0.0,0.6607142857142857,0.5367057174619266,0.7847228539666448,AUD_CHF,H4,28,35,1,short,185
61.0,34.0,25.0,2.0,0.576271186440678,0.4501791912494828,0.7023631816318732,27.0,16.0,11.0,0.0,0.5925925925925926,0.4072536166713656,0.7779315685138195,AUD_CHF,H4,28,35,2,short,88
29.0,16.0,13.0,0.0,0.5517241379310345,0.3707190669948286,0.7327292088672404,13.0,8.0,5.0,0.0,0.6153846153846154,0.35091788956280356,0.8798513412064273,AUD_CHF,H4,28,35,3,short,42
9.0,3.0,6.0,0.0,0.3333333333333333,0.02534904641652591,0.6413176202501407,5.0,2.0,3.0,0.0,0.4,0.0,0.8294144850840502,AUD_CHF,H4,28,35,4,short,14
180.0,62.0,80.0,38.0,0.43661971830985913,0.35504334512978536,0.5181960914899328,78.0,19.0,40.0,19.0,0.3220338983050847,0.2028040888120416,0.44126370779812785,AUD_NZD,H4,7,20,1,long,258
88.0,31.0,40.0,17.0,0.43661971830985913,0.32125330498939,0.5519861316303283,39.0,11.0,20.0,8.0,0.3548387096774194,0.18640660673780374,0.523270812617035,AUD_NZD,H4,7,20,2,long,127
39.0,10.0,21.0,8.0,0.3225806451612903,0.158021062236292,0.48714022808628865,17.0,3.0,11.0,3.0,0.21428571428571427,0.0,0.42922756688776104,AUD_NZD,H4,7,20,3,long,56
19.0,7.0,9.0,3.0,0.4375,0.19442159829594075,0.6805784017040593,9.0,1.0,7.0,1.0,0.125,0.0,0.3541765149399039,AUD_NZD,H4,7,20,4,long,28
350.0,117.0,162.0,71.0,0.41935483870967744,0.3614519534849248,0.47725772393443006,150.0,47.0,60.0,43.0,0.4392523364485981,0.34521399540997605,0.5332906774872201,AUD_NZD,H4,7,25,1,long,500
168.0,56.0,80.0,32.0,0.4117647058823529,0.3290492408353117,0.49448017092939417,72.0,24.0,31.0,17.0,0.43636363636363634,0.3052950833473536,0.567432189379919,AUD_NZD,H4,7,25,2,long,240
72.0,24.0,34.0,14.0,0.41379310344827586,0.28703983687924467,0.540546370017307,31.0,7.0,16.0,8.0,0.30434782608695654,0.11629783002433983,0.4923978221495733,AUD_NZD,H4,7,25,3,long,103
31.0,13.0,14.0,4.0,0.48148148148148145,0.29300979396482363,0.6699531689981393,14.0,2.0,8.0,4.0,0.2,0.0,0.447922568557201,AUD_NZD,H4,7,25,4,long,45
612.0,206.0,267.0,139.0,0.4355179704016913,0.3908338101032297,0.48020213070015294,263.0,90.0,98.0,75.0,0.4787234042553192,0.40731429923702217,0.5501325092736162,AUD_NZD,H4,7,30,1,long,875
308.0,98.0,142.0,68.0,0.4083333333333333,0.3461467897430701,0.47051987692359654,133.0,49.0,46.0,38.0,0.5157894736842106,0.4152937413638352,0.616285206004586,AUD_NZD,H4,7,30,2,long,441
140.0,50.0,58.0,32.0,0.46296296296296297,0.36892148691330207,0.5570044390126239,60.0,16.0,24.0,20.0,0.4,0.24817905282866928,0.5518209471713308,AUD_NZD,H4,7,30,3,long,200
62.0,26.0,20.0,16.0,0.5652173913043478,0.4219586946646685,0.708476087944027,28.0,5.0,17.0,6.0,0.22727272727272727,0.05215443517164578,0.4023910193738087,AUD_NZD,H4,7,30,4,long,90
891.0,293.0,400.0,198.0,0.4227994227994228,0.38601871984135283,0.45958012575749274,383.0,133.0,129.0,121.0,0.5076335877862596,0.4470960420716347,0.5681711335008844,AUD_NZD,H4,7,35,1,long,1274
448.0,150.0,200.0,98.0,0.42857142857142855,0.3767255029841657,0.4804173541586914,192.0,62.0,65.0,65.0,0.4881889763779528,0.40125230399089973,0.5751256487650058,AUD_NZD,H4,7,35,2,long,640
205.0,71.0,91.0,43.0,0.4382716049382716,0.36186455709654236,0.5146786527800009,88.0,26.0,30.0,32.0,0.4642857142857143,0.333662209509583,0.5949092190618457,AUD_NZD,H4,7,35,3,long,293
96.0,34.0,39.0,23.0,0.4657534246575342,0.3513224641801196,0.5801843851349489,42.0,14.0,14.0,14.0,0.5,0.31479740822547864,0.6852025917745214,AUD_NZD,H4,7,35,4,long,138
196.0,87.0,83.0,26.0,0.5117647058823529,0.43662294610331376,0.586906465661392,85.0,15.0,36.0,34.0,0.29411764705882354,0.16906361843395115,0.41917167568369595,AUD_NZD,H4,7,20,1,short,281
96.0,45.0,38.0,13.0,0.5421686746987951,0.4349829402855688,0.6493544091120215,42.0,11.0,13.0,18.0,0.4583333333333333,0.2589874702005656,0.6576791964661011,AUD_NZD,H4,7,20,2,short,138
51.0,26.0,19.0,6.0,0.5777777777777777,0.4334663328356338,0.7220892227199216,22.0,6.0,9.0,7.0,0.4,0.15207743144279912,0.647922568557201,AUD_NZD,H4,7,20,3,short,73
23.0,9.0,11.0,3.0,0.45,0.23196376447938752,0.6680362355206125,11.0,5.0,4.0,2.0,0.5555555555555556,0.23091161215558614,0.8801994989555251,AUD_NZD,H4,7,20,4,short,34
387.0,170.0,160.0,57.0,0.5151515151515151,0.46122906550640214,0.5690739647966282,166.0,30.0,79.0,57.0,0.27522935779816515,0.1913817845768958,0.3590769310194345,AUD_NZD,H4,7,25,1,short,553
191.0,89.0,70.0,32.0,0.559748427672956,0.48258626201233235,0.6369105933335796,83.0,19.0,37.0,27.0,0.3392857142857143,0.21527714603335518,0.4632942825380734,AUD_NZD,H4,7,25,2,short,274
94.0,45.0,31.0,18.0,0.5921052631578947,0.4816153106909349,0.7025952156248545,41.0,12.0,17.0,12.0,0.41379310344827586,0.2345369147912597,0.593049292105292,AUD_NZD,H4,7,25,3,short,135
43.0,20.0,15.0,8.0,0.5714285714285714,0.4074773591732178,0.735379783683925,19.0,6.0,8.0,5.0,0.42857142857142855,0.16934180063511417,0.6878010565077429,AUD_NZD,H4,7,25,4,short,62
647.0,276.0,277.0,94.0,0.49909584086799275,0.4574220699599556,0.5407696117760299,278.0,57.0,126.0,95.0,0.3114754098360656,0.24437855900821298,0.3785722606639182,AUD_NZD,H4,7,30,1,short,925
310.0,143.0,113.0,54.0,0.55859375,0.4977657742878169,0.6194217257121831,134.0,36.0,53.0,45.0,0.4044943820224719,0.3025272400736134,0.5064615239713304,AUD_NZD,H4,7,30,2,short,444
162.0,79.0,53.0,30.0,0.5984848484848485,0.5148578219835148,0.6821118749861822,70.0,21.0,26.0,23.0,0.44680851063829785,0.30467201432718494,0.5889450069494108,AUD_NZD,H4,7,30,3,short,232
75.0,38.0,24.0,13.0,0.6129032258064516,0.49165763439127735,0.734148817221626,33.0,13.0,10.0,10.0,0.5652173913043478,0.3626189995886204,0.7678157830200751,AUD_NZD,H4,7,30,4,short,108
938.0,401.0,393.0,144.0,0.5050377833753149,0.4702606501372373,0.5398149166133925,403.0,89.0,172.0,142.0,0.34099616858237547,0.283484689475877,0.3985076476888739,AUD_NZD,H4,7,35,1,short,1341
446.0,197.0,170.0,79.0,0.5367847411444142,0.4857677843801613,0.5878016979086671,192.0,52.0,72.0,68.0,0.41935483870967744,0.3325005108725485,0.5062091665468064,AUD_NZD,H4,7,35,2,short,638
229.0,116.0,77.0,36.0,0.6010362694300518,0.5319495668203952,0.6701229720397085,99.0,30.0,37.0,32.0,0.44776119402985076,0.32869037067840795,0.5668320173812936,AUD_NZD,H4,7,35,3,short,328
107.0,56.0,37.0,14.0,0.6021505376344086,0.5026726570084455,0.7016284182603717,47.0,20.0,15.0,12.0,0.5714285714285714,0.4074773591732178,0.735379783683925,AUD_NZD,H4,7,35,4,short,154
9.0,2.0,5.0,2.0,0.2857142857142857,0.0,0.6203782963279159,5.0,1.0,3.0,1.0,0.25,0.0,0.674352447854375,AUD_NZD,H4,14,20,1,long,14
5.0,1.0,4.0,0.0,0.2,0.0,0.5506154588719672,3.0,0.0,2.0,1.0,0.0,0.0,0.0,AUD_NZD,H4,14,20,2,long,8
3.0,1.0,2.0,0.0,0.3333333333333333,0.0,0.8667777662061142,2.0,0.0,2.0,0.0,0.0,0.0,0.0,AUD_NZD,H4,14,20,3,long,5
2.0,1.0,1.0,0.0,0.5,0.0,1.0,1.0,0.0,1.0,0.0,0.0,0.0,0.0,AUD_NZD,H4,14,20,4,long,3
71.0,31.0,30.0,10.0,0.5081967213114754,0.38273744065067694,0.6336560019722739,31.0,8.0,16.0,7.0,0.3333333333333333,0.14473224539805557,0.521934421268611,AUD_NZD,H4,14,25,1,long,102
37.0,17.0,15.0,5.0,0.53125,0.35834753133088293,0.7041524686691171,17.0,6.0,8.0,3.0,0.42857142857142855,0.16934180063511417,0.6878010565077429,AUD_NZD,H4,14,25,2,long,54
18.0,7.0,9.0,2.0,0.4375,0.19442159829594075,0.6805784017040593,9.0,2.0,6.0,1.0,0.25,0.0,0.5500624934909393,AUD_NZD,H4,14,25,3,long,27
9.0,4.0,4.0,1.0,0.5,0.15351767721859172,0.8464823227814082,4.0,1.0,2.0,1.0,0.3333333333333333,0.0,0.8667777662061142,AUD_NZD,H4,14,25,4,long,13
216.0,69.0,101.0,46.0,0.40588235294117647,0.33206339307487986,0.4797013128074731,93.0,26.0,47.0,20.0,0.3561643835616438,0.24631253130617448,0.46601623581711316,AUD_NZD,H4,14,30,1,long,309
103.0,35.0,50.0,18.0,0.4117647058823529,0.3071369989748742,0.5163924127898317,45.0,17.0,22.0,6.0,0.4358974358974359,0.28026684660014406,0.5915280251947277,AUD_NZD,H4,14,30,2,long,148
44.0,15.0,22.0,7.0,0.40540540540540543,0.24720395705326467,0.5636068537575462,19.0,6.0,11.0,2.0,0.35294117647058826,0.12576925204214065,0.5801131008990359,AUD_NZD,H4,14,30,3,long,63
22.0,11.0,8.0,3.0,0.5789473684210527,0.3569401957423196,0.8009545410997857,10.0,2.0,7.0,1.0,0.2222222222222222,0.0,0.49383883252136757,AUD_NZD,H4,14,30,4,long,32
461.0,158.0,206.0,97.0,0.4340659340659341,0.3831485422239605,0.48498332590790766,198.0,55.0,93.0,50.0,0.3716216216216216,0.2937666559963198,0.4494765872469234,AUD_NZD,H4,14,35,1,long,659
228.0,73.0,109.0,46.0,0.4010989010989011,0.32989174051938497,0.47230606167841727,98.0,28.0,44.0,26.0,0.3888888888888889,0.27628259099008295,0.5014951867876948,AUD_NZD,H4,14,35,2,long,326
102.0,33.0,50.0,19.0,0.39759036144578314,0.29230186959753773,0.5028788532940285,44.0,11.0,23.0,10.0,0.3235294117647059,0.16627676772784217,0.48078205580156963,AUD_NZD,H4,14,35,3,long,146
47.0,18.0,21.0,8.0,0.46153846153846156,0.3050778365447645,0.6179990865321586,21.0,4.0,11.0,6.0,0.26666666666666666,0.0428741701850342,0.4904591631482991,AUD_NZD,H4,14,35,4,long,68
23.0,11.0,8.0,4.0,0.5789473684210527,0.3569401957423196,0.8009545410997857,10.0,2.0,3.0,5.0,0.4,0.0,0.8294144850840502,AUD_NZD,H4,14,20,1,short,33
11.0,3.0,6.0,2.0,0.3333333333333333,0.02534904641652591,0.6413176202501407,5.0,1.0,1.0,3.0,0.5,0.0,1.0,AUD_NZD,H4,14,20,2,short,16
4.0,2.0,2.0,0.0,0.5,0.010000000000000009,0.99,3.0,0.0,2.0,1.0,0.0,0.0,0.0,AUD_NZD,H4,14,20,3,short,7
2.0,1.0,1.0,0.0,0.5,0.0,1.0,2.0,1.0,1.0,0.0,0.5,0.0,1.0,AUD_NZD,H4,14,20,4,short,4
93.0,35.0,45.0,13.0,0.4375,0.3287920339855446,0.5462079660144554,41.0,9.0,15.0,17.0,0.375,0.18131049331468677,0.5686895066853133,AUD_NZD,H4,14,25,1,short,134
44.0,16.0,21.0,7.0,0.43243243243243246,0.2727992675825154,0.5920655972823495,20.0,3.0,7.0,10.0,0.3,0.015969015774687012,0.584030984225313,AUD_NZD,H4,14,25,2,short,64
21.0,9.0,10.0,2.0,0.47368421052631576,0.2491684025975332,0.6982000184550983,10.0,0.0,6.0,4.0,0.0,0.0,0.0,AUD_NZD,H4,14,25,3,short,31
8.0,4.0,3.0,1.0,0.5714285714285714,0.2048225158321042,0.9380346270250386,4.0,1.0,2.0,1.0,0.3333333333333333,0.0,0.8667777662061142,AUD_NZD,H4,14,25,4,short,12
249.0,97.0,114.0,38.0,0.4597156398104265,0.39246898561796006,0.526962294002893,107.0,19.0,47.0,41.0,0.2878787878787879,0.17864276053570044,0.39711481522187536,AUD_NZD,H4,14,30,1,short,356
126.0,58.0,50.0,18.0,0.5370370370370371,0.4429955609873762,0.6310785130866979,55.0,12.0,20.0,23.0,0.375,0.20725996676404287,0.5427400332359571,AUD_NZD,H4,14,30,2,short,181
62.0,31.0,22.0,9.0,0.5849056603773585,0.45224735221660195,0.717563968538115,28.0,6.0,12.0,10.0,0.3333333333333333,0.11555555555555552,0.5511111111111111,AUD_NZD,H4,14,30,3,short,90
25.0,12.0,10.0,3.0,0.5454545454545454,0.33738300946955657,0.7535260814395343,12.0,3.0,5.0,4.0,0.375,0.03951993352808575,0.7104800664719142,AUD_NZD,H4,14,30,4,short,37
531.0,219.0,228.0,84.0,0.4899328859060403,0.44358987274951883,0.5362758990625618,228.0,40.0,105.0,83.0,0.27586206896551724,0.203112786664165,0.3486113512668695,AUD_NZD,H4,14,35,1,short,759
247.0,110.0,94.0,43.0,0.5392156862745098,0.4708133256908886,0.6076180468581309,107.0,28.0,43.0,36.0,0.39436619718309857,0.28068679220447335,0.5080456021617238,AUD_NZD,H4,14,35,2,short,354
126.0,63.0,42.0,21.0,0.6,0.5062940770281835,0.6937059229718164,55.0,12.0,26.0,17.0,0.3157894736842105,0.16799507548986284,0.4635838718785582,AUD_NZD,H4,14,35,3,short,181
57.0,27.0,21.0,9.0,0.5625,0.4221586193419774,0.7028413806580226,25.0,8.0,11.0,6.0,0.42105263157894735,0.19904545890021433,0.6430598042576804,AUD_NZD,H4,14,35,4,short,82
0.0,0.0,0.0,0.0,,,,1.0,0.0,1.0,0.0,0.0,0.0,0.0,AUD_NZD,H4,21,20,1,long,1
0.0,0.0,0.0,0.0,,,,1.0,0.0,1.0,0.0,0.0,0.0,0.0,AUD_NZD,H4,21,20,2,long,1
,,,,,,,,,,,,,,AUD_NZD,H4,21,20,3,long,0
,,,,,,,,,,,,,,AUD_NZD,H4,21,20,4,long,0
8.0,3.0,5.0,0.0,0.375,0.03951993352808575,0.7104800664719142,4.0,0.0,2.0,2.0,0.0,0.0,0.0,AUD_NZD,H4,21,25,1,long,12
3.0,1.0,2.0,0.0,0.3333333333333333,0.0,0.8667777662061142,2.0,0.0,2.0,0.0,0.0,0.0,0.0,AUD_NZD,H4,21,25,2,long,5
2.0,1.0,1.0,0.0,0.5,0.0,1.0,1.0,0.0,1.0,0.0,0.0,0.0,0.0,AUD_NZD,H4,21,25,3,long,3
1.0,1.0,0.0,0.0,1.0,1.0,1.0,1.0,0.0,1.0,0.0,0.0,0.0,0.0,AUD_NZD,H4,21,25,4,long,2
69.0,22.0,36.0,11.0,0.3793103448275862,0.25443500824612186,0.5041856814090505,30.0,6.0,18.0,6.0,0.25,0.07675883860929586,0.4232411613907041,AUD_NZD,H4,21,30,1,long,99
32.0,12.0,16.0,4.0,0.42857142857142855,0.24526840077319495,0.6118744563696621,14.0,4.0,8.0,2.0,0.3333333333333333,0.06661111689694282,0.6000555497697238,AUD_NZD,H4,21,30,2,long,46
16.0,6.0,9.0,1.0,0.4,0.15207743144279912,0.647922568557201,7.0,2.0,4.0,1.0,0.3333333333333333,0.0,0.7105355092038887,AUD_NZD,H4,21,30,3,long,23
7.0,3.0,4.0,0.0,0.42857142857142855,0.06196537297496135,0.7951774841678958,3.0,1.0,1.0,1.0,0.5,0.0,1.0,AUD_NZD,H4,21,30,4,long,10
268.0,96.0,116.0,56.0,0.4528301886792453,0.3858236952530551,0.5198366821054355,116.0,32.0,55.0,29.0,0.367816091954023,0.26648714569962584,0.46914503820842013,AUD_NZD,H4,21,35,1,long,384
134.0,53.0,61.0,20.0,0.4649122807017544,0.37335315295207283,0.556471408451436,58.0,19.0,26.0,13.0,0.4222222222222222,0.2779107772800783,0.5665336671643662,AUD_NZD,H4,21,35,2,long,192
65.0,25.0,33.0,7.0,0.43103448275862066,0.3035841260574149,0.5584848394598264,29.0,7.0,16.0,6.0,0.30434782608695654,0.11629783002433983,0.4923978221495733,AUD_NZD,H4,21,35,3,long,94
32.0,14.0,14.0,4.0,0.5,0.31479740822547864,0.6852025917745214,15.0,3.0,8.0,4.0,0.2727272727272727,0.009535284742372196,0.5359192607121732,AUD_NZD,H4,21,35,4,long,47
,,,,,,,,,,,,,,AUD_NZD,H4,21,20,1,short,0
,,,,,,,,,,,,,,AUD_NZD,H4,21,20,2,short,0
,,,,,,,,,,,,,,AUD_NZD,H4,21,20,3,short,0
,,,,,,,,,,,,,,AUD_NZD,H4,21,20,4,short,0
23.0,13.0,6.0,4.0,0.6842105263157895,0.47519768394657336,0.8932233686850056,10.0,4.0,1.0,5.0,0.8,0.44938454112803305,1.0,AUD_NZD,H4,21,25,1,short,33
12.0,6.0,4.0,2.0,0.6,0.2963581056573385,0.9036418943426614,6.0,1.0,1.0,4.0,0.5,0.0,1.0,AUD_NZD,H4,21,25,2,short,18
6.0,4.0,2.0,0.0,0.6666666666666666,0.28946449079611114,1.0,3.0,0.0,1.0,2.0,0.0,0.0,0.0,AUD_NZD,H4,21,25,3,short,9
3.0,2.0,1.0,0.0,0.6666666666666666,0.13322223379388565,1.0,2.0,1.0,0.0,1.0,1.0,1.0,1.0,AUD_NZD,H4,21,25,4,short,5
109.0,38.0,52.0,19.0,0.4222222222222222,0.3201786209008032,0.5242658235436413,47.0,15.0,11.0,21.0,0.5769230769230769,0.3870173676220525,0.7668287862241012,AUD_NZD,H4,21,30,1,short,156
56.0,21.0,24.0,11.0,0.4666666666666667,0.32090189759939663,0.6124314357339367,24.0,7.0,4.0,13.0,0.6363636363636364,0.3520837983588668,0.920643474368406,AUD_NZD,H4,21,30,2,short,80
27.0,11.0,11.0,5.0,0.5,0.29106329797150177,0.7089367020284982,12.0,4.0,4.0,4.0,0.5,0.15351767721859172,0.8464823227814082,AUD_NZD,H4,21,30,3,short,39
9.0,5.0,2.0,2.0,0.7142857142857143,0.3796217036720841,1.0,4.0,0.0,2.0,2.0,0.0,0.0,0.0,AUD_NZD,H4,21,30,4,short,13
327.0,129.0,153.0,45.0,0.4574468085106383,0.39930038871163387,0.5155932283096427,141.0,23.0,63.0,55.0,0.26744186046511625,0.1738921199458373,0.3609916009843952,AUD_NZD,H4,21,35,1,short,468
156.0,65.0,66.0,25.0,0.4961832061068702,0.41056270328763955,0.5818037089261009,67.0,16.0,26.0,25.0,0.38095238095238093,0.23408383302475155,0.5278209288800103,AUD_NZD,H4,21,35,2,short,223
72.0,34.0,28.0,10.0,0.5483870967741935,0.4245111430070425,0.6722630505413445,31.0,5.0,15.0,11.0,0.25,0.06022381603583657,0.4397761839641634,AUD_NZD,H4,21,35,3,short,103
28.0,13.0,12.0,3.0,0.52,0.32415686277022626,0.7158431372297738,13.0,3.0,5.0,5.0,0.375,0.03951993352808575,0.7104800664719142,AUD_NZD,H4,21,35,4,short,41
,,,,,,,,,,,,,,AUD_NZD,H4,28,20,1,long,0
,,,,,,,,,,,,,,AUD_NZD,H4,28,20,2,long,0
,,,,,,,,,,,,,,AUD_NZD,H4,28,20,3,long,0
,,,,,,,,,,,,,,AUD_NZD,H4,28,20,4,long,0
0.0,0.0,0.0,0.0,,,,1.0,0.0,1.0,0.0,0.0,0.0,0.0,AUD_NZD,H4,28,25,1,long,1
0.0,0.0,0.0,0.0,,,,1.0,0.0,1.0,0.0,0.0,0.0,0.0,AUD_NZD,H4,28,25,2,long,1
,,,,,,,,,,,,,,AUD_NZD,H4,28,25,3,long,0
,,,,,,,,,,,,,,AUD_NZD,H4,28,25,4,long,0
16.0,5.0,9.0,2.0,0.35714285714285715,0.1061448491826345,0.6081408651030797,8.0,1.0,4.0,3.0,0.2,0.0,0.5506154588719672,AUD_NZD,H4,28,30,1,long,24
9.0,3.0,6.0,0.0,0.3333333333333333,0.02534904641652591,0.6413176202501407,4.0,1.0,2.0,1.0,0.3333333333333333,0.0,0.8667777662061142,AUD_NZD,H4,28,30,2,long,13
4.0,2.0,2.0,0.0,0.5,0.010000000000000009,0.99,3.0,1.0,2.0,0.0,0.3333333333333333,0.0,0.8667777662061142,AUD_NZD,H4,28,30,3,long,7
3.0,1.0,2.0,0.0,0.3333333333333333,0.0,0.8667777662061142,2.0,0.0,1.0,1.0,0.0,0.0,0.0,AUD_NZD,H4,28,30,4,long,5
147.0,43.0,74.0,30.0,0.36752136752136755,0.2801584022559733,0.45488433278676177,63.0,19.0,33.0,11.0,0.36538461538461536,0.23450113761933572,0.496268093149895,AUD_NZD,H4,28,35,1,long,210
67.0,24.0,35.0,8.0,0.4067796610169492,0.28143157789455914,0.5321277441393393,30.0,10.0,16.0,4.0,0.38461538461538464,0.19760916938857803,0.5716215998421912,AUD_NZD,H4,28,35,2,long,97
32.0,12.0,18.0,2.0,0.4,0.2246922705640165,0.5753077294359835,15.0,3.0,10.0,2.0,0.23076923076923078,0.0017343277518477307,0.45980413378661383,AUD_NZD,H4,28,35,3,long,47
16.0,7.0,8.0,1.0,0.4666666666666667,0.2141946806886107,0.7191386526447227,8.0,2.0,4.0,2.0,0.3333333333333333,0.0,0.7105355092038887,AUD_NZD,H4,28,35,4,long,24
,,,,,,,,,,,,,,AUD_NZD,H4,28,20,1,short,0
,,,,,,,,,,,,,,AUD_NZD,H4,28,20,2,short,0
,,,,,,,,,,,,,,AUD_NZD,H4,28,20,3,short,0
,,,,,,,,,,,,,,AUD_NZD,H4,28,20,4,short,0
2.0,1.0,0.0,1.0,1.0,1.0,1.0,1.0,1.0,0.0,0.0,1.0,1.0,1.0,AUD_NZD,H4,28,25,1,short,3
0.0,0.0,0.0,0.0,,,,1.0,0.0,0.0,1.0,,,,AUD_NZD,H4,28,25,2,short,1
,,,,,,,,,,,,,,AUD_NZD,H4,28,25,3,short,0
,,,,,,,,,,,,,,AUD_NZD,H4,28,25,4,short,0
49.0,31.0,10.0,8.0,0.7560975609756098,0.6246473966982611,0.8875477252529584,22.0,7.0,5.0,10.0,0.5833333333333334,0.30438856248221097,0.8622781041844558,AUD_NZD,H4,28,30,1,short,71
26.0,16.0,5.0,5.0,0.7619047619047619,0.5797367482877023,0.9440727755218215,12.0,3.0,2.0,7.0,0.6,0.17058551491594975,1.0,AUD_NZD,H4,28,30,2,short,38
14.0,9.0,4.0,1.0,0.6923076923076923,0.44141252663043484,0.9432028579849497,7.0,1.0,4.0,2.0,0.2,0.0,0.5506154588719672,AUD_NZD,H4,28,30,3,short,21
6.0,4.0,2.0,0.0,0.6666666666666666,0.28946449079611114,1.0,3.0,0.0,2.0,1.0,0.0,0.0,0.0,AUD_NZD,H4,28,30,4,short,9
206.0,80.0,97.0,29.0,0.4519774011299435,0.37865662855443016,0.5252981737054568,89.0,21.0,31.0,37.0,0.40384615384615385,0.2704812518406534,0.5372110558516543,AUD_NZD,H4,28,35,1,short,295
97.0,42.0,40.0,15.0,0.5121951219512195,0.4040044212209989,0.6203858226814402,42.0,14.0,11.0,17.0,0.56,0.36541631723086343,0.7545836827691367,AUD_NZD,H4,28,35,2,short,139
46.0,21.0,19.0,6.0,0.525,0.3702422053659332,0.6797577946340668,21.0,5.0,10.0,6.0,0.3333333333333333,0.09476973050886098,0.5718969361578057,AUD_NZD,H4,28,35,3,short,67
20.0,11.0,7.0,2.0,0.6111111111111112,0.38589851531349934,0.836323706908723,9.0,1.0,4.0,4.0,0.2,0.0,0.5506154588719672,AUD_NZD,H4,28,35,4,short,29
184.0,79.0,93.0,12.0,0.45930232558139533,0.38482596928879526,0.5337786818739954,79.0,45.0,28.0,6.0,0.6164383561643836,0.5048915721495686,0.7279851401791986,AUD_CAD,H4,7,20,1,long,263
102.0,41.0,55.0,6.0,0.4270833333333333,0.3281318076171983,0.5260348590494683,44.0,24.0,17.0,3.0,0.5853658536585366,0.43456271942948005,0.736168987887593,AUD_CAD,H4,7,20,2,long,146
52.0,20.0,32.0,0.0,0.38461538461538464,0.2523820217044787,0.5168487475262906,23.0,10.0,8.0,5.0,0.5555555555555556,0.3259976217062955,0.7851134894048157,AUD_CAD,H4,7,20,3,long,75
21.0,8.0,11.0,2.0,0.42105263157894735,0.19904545890021433,0.6430598042576804,9.0,4.0,3.0,2.0,0.5714285714285714,0.2048225158321042,0.9380346270250386,AUD_CAD,H4,7,20,4,long,30
346.0,139.0,178.0,29.0,0.4384858044164038,0.3838616685932219,0.49310994023958565,149.0,76.0,60.0,13.0,0.5588235294117647,0.4753728013267943,0.6422742574967351,AUD_CAD,H4,7,25,1,long,495
192.0,81.0,102.0,9.0,0.4426229508196721,0.37065783443589795,0.5145880672034463,83.0,37.0,39.0,7.0,0.4868421052631579,0.3744673268225888,0.5992168837037269,AUD_CAD,H4,7,25,2,long,275
100.0,40.0,58.0,2.0,0.40816326530612246,0.31085248607225735,0.5054740445399876,43.0,18.0,19.0,6.0,0.4864864864864865,0.32543433226529483,0.6475386407076782,AUD_CAD,H4,7,25,3,long,143
41.0,15.0,22.0,4.0,0.40540540540540543,0.24720395705326467,0.5636068537575462,18.0,7.0,9.0,2.0,0.4375,0.19442159829594075,0.6805784017040593,AUD_CAD,H4,7,25,4,long,59
597.0,261.0,289.0,47.0,0.47454545454545455,0.43281230013904476,0.5162786089518644,256.0,124.0,114.0,18.0,0.5210084033613446,0.4575405362095497,0.5844762705131394,AUD_CAD,H4,7,30,1,long,853
313.0,138.0,160.0,15.0,0.46308724832214765,0.4064722876754487,0.5197022089688467,135.0,61.0,65.0,9.0,0.48412698412698413,0.3968656498122241,0.5713883184417442,AUD_CAD,H4,7,30,2,long,448
163.0,64.0,94.0,5.0,0.4050632911392405,0.32851696442569855,0.48160961785278245,71.0,34.0,30.0,7.0,0.53125,0.40898949192017275,0.6535105080798272,AUD_CAD,H4,7,30,3,long,234
72.0,24.0,41.0,7.0,0.36923076923076925,0.2519076541324743,0.4865538843290642,31.0,17.0,11.0,3.0,0.6071428571428571,0.42624233199160166,0.7880433822941125,AUD_CAD,H4,7,30,4,long,103
871.0,377.0,428.0,66.0,0.4683229813664596,0.4338519077097933,0.5027940550231259,374.0,180.0,168.0,26.0,0.5172413793103449,0.46473910716029765,0.5697436514603921,AUD_CAD,H4,7,35,1,long,1245
455.0,201.0,227.0,27.0,0.4696261682242991,0.4223435654584333,0.5169087709901649,196.0,87.0,100.0,9.0,0.46524064171123,0.39374932631992754,0.5367319571025324,AUD_CAD,H4,7,35,2,long,651
233.0,95.0,126.0,12.0,0.4298642533936652,0.364594084567578,0.49513442221975235,100.0,49.0,42.0,9.0,0.5384615384615384,0.4360340159881504,0.6408890609349265,AUD_CAD,H4,7,35,3,long,333
106.0,43.0,54.0,9.0,0.44329896907216493,0.3444369268289119,0.5421610113154179,46.0,21.0,19.0,6.0,0.525,0.3702422053659332,0.6797577946340668,AUD_CAD,H4,7,35,4,long,152
163.0,86.0,65.0,12.0,0.5695364238410596,0.4905601654916701,0.6485126821904492,70.0,28.0,32.0,10.0,0.4666666666666667,0.3404306736776387,0.5929026596556947,AUD_CAD,H4,7,20,1,short,233
85.0,37.0,41.0,7.0,0.47435897435897434,0.36354182921991646,0.5851761194980322,37.0,17.0,15.0,5.0,0.53125,0.35834753133088293,0.7041524686691171,AUD_CAD,H4,7,20,2,short,122
41.0,22.0,14.0,5.0,0.6111111111111112,0.45186175741399487,0.7703604648082274,18.0,7.0,8.0,3.0,0.4666666666666667,0.2141946806886107,0.7191386526447227,AUD_CAD,H4,7,20,3,short,59
17.0,10.0,5.0,2.0,0.6666666666666666,0.4281030638421943,0.9052302694911389,8.0,2.0,5.0,1.0,0.2857142857142857,0.0,0.6203782963279159,AUD_CAD,H4,7,20,4,short,25
347.0,175.0,151.0,21.0,0.5368098159509203,0.4826799228719181,0.5909397090299224,150.0,64.0,66.0,20.0,0.49230769230769234,0.4063661788147032,0.5782492058006815,AUD_CAD,H4,7,25,1,short,497
170.0,79.0,80.0,11.0,0.4968553459119497,0.41913782763083046,0.574572864193069,73.0,35.0,29.0,9.0,0.546875,0.424914518159121,0.668835481840879,AUD_CAD,H4,7,25,2,short,243
87.0,43.0,37.0,7.0,0.5375,0.42824126179110433,0.6467587382088956,38.0,15.0,18.0,5.0,0.45454545454545453,0.28465575682533084,0.6244351522655782,AUD_CAD,H4,7,25,3,short,125
36.0,17.0,15.0,4.0,0.53125,0.35834753133088293,0.7041524686691171,16.0,3.0,10.0,3.0,0.23076923076923078,0.0017343277518477307,0.45980413378661383,AUD_CAD,H4,7,25,4,short,52
592.0,293.0,264.0,35.0,0.526032315978456,0.4845647015065482,0.5674999304503638,254.0,108.0,114.0,32.0,0.4864864864864865,0.42073721985016255,0.5522357531228105,AUD_CAD,H4,7,30,1,short,846
303.0,138.0,148.0,17.0,0.4825174825174825,0.4246043011895518,0.5404306638454133,130.0,65.0,51.0,14.0,0.5603448275862069,0.47001922784055095,0.6506704273318628,AUD_CAD,H4,7,30,2,short,433
149.0,68.0,72.0,9.0,0.4857142857142857,0.4029229818231161,0.5685055896054554,65.0,29.0,30.0,6.0,0.4915254237288136,0.3639586182150988,0.6190922292425284,AUD_CAD,H4,7,30,3,short,214
67.0,28.0,33.0,6.0,0.45901639344262296,0.3339624750067829,0.584070311878463,29.0,6.0,18.0,5.0,0.25,0.07675883860929586,0.4232411613907041,AUD_CAD,H4,7,30,4,short,96
902.0,429.0,419.0,54.0,0.5058962264150944,0.4722452282783303,0.5395472245518583,388.0,159.0,185.0,44.0,0.4622093023255814,0.40952237956394694,0.5148962250872158,AUD_CAD,H4,7,35,1,short,1290
465.0,215.0,223.0,27.0,0.4908675799086758,0.4440491799833463,0.5376859798340052,200.0,91.0,89.0,20.0,0.5055555555555555,0.4325151773733943,0.5785959337377168,AUD_CAD,H4,7,35,2,short,665
228.0,109.0,107.0,12.0,0.5046296296296297,0.4379519339731798,0.5713073252860795,98.0,34.0,57.0,7.0,0.37362637362637363,0.2742299246267393,0.473022822626008,AUD_CAD,H4,7,35,3,short,326
109.0,51.0,50.0,8.0,0.504950495049505,0.40744163013809787,0.602459359960912,48.0,9.0,34.0,5.0,0.20930232558139536,0.08770777798754534,0.3308968731752454,AUD_CAD,H4,7,35,4,short,157
18.0,6.0,11.0,1.0,0.35294117647058826,0.12576925204214065,0.5801131008990359,8.0,6.0,2.0,0.0,0.75,0.4499375065090607,1.0,AUD_CAD,H4,14,20,1,long,26
11.0,4.0,6.0,1.0,0.4,0.09635810565733854,0.7036418943426614,5.0,4.0,1.0,0.0,0.8,0.44938454112803305,1.0,AUD_CAD,H4,14,20,2,long,16
4.0,1.0,3.0,0.0,0.25,0.0,0.674352447854375,3.0,1.0,2.0,0.0,0.3333333333333333,0.0,0.8667777662061142,AUD_CAD,H4,14,20,3,long,7
1.0,0.0,1.0,0.0,0.0,0.0,0.0,1.0,0.0,1.0,0.0,0.0,0.0,0.0,AUD_CAD,H4,14,20,4,long,2
68.0,30.0,34.0,4.0,0.46875,0.34648949192017275,0.5910105080798272,30.0,18.0,11.0,1.0,0.6206896551724138,0.4440892605730019,0.7972900497718257,AUD_CAD,H4,14,25,1,long,98
44.0,20.0,21.0,3.0,0.4878048780487805,0.33480012175345375,0.6408096343441072,19.0,11.0,8.0,0.0,0.5789473684210527,0.3569401957423196,0.8009545410997857,AUD_CAD,H4,14,25,2,long,63
23.0,11.0,12.0,0.0,0.4782608695652174,0.2741099770483661,0.6824117620820687,10.0,6.0,3.0,1.0,0.6666666666666666,0.3586823797498592,0.974650953583474,AUD_CAD,H4,14,25,3,long,33
8.0,2.0,4.0,2.0,0.3333333333333333,0.0,0.7105355092038887,4.0,2.0,2.0,0.0,0.5,0.010000000000000009,0.99,AUD_CAD,H4,14,25,4,long,12
206.0,81.0,108.0,17.0,0.42857142857142855,0.35801806027637284,0.49912479686648425,89.0,51.0,35.0,3.0,0.5930232558139535,0.48919214393034416,0.6968543676975629,AUD_CAD,H4,14,30,1,long,295
117.0,49.0,62.0,6.0,0.44144144144144143,0.34906409392587023,0.5338187889570126,51.0,29.0,20.0,2.0,0.5918367346938775,0.4542185109362513,0.7294549584515038,AUD_CAD,H4,14,30,2,long,168
62.0,28.0,34.0,0.0,0.45161290322580644,0.3277369494586555,0.5754888569929574,28.0,13.0,13.0,2.0,0.5,0.30780618756457967,0.6921938124354203,AUD_CAD,H4,14,30,3,long,90
24.0,11.0,11.0,2.0,0.5,0.29106329797150177,0.7089367020284982,11.0,6.0,4.0,1.0,0.6,0.2963581056573385,0.9036418943426614,AUD_CAD,H4,14,30,4,long,35
461.0,182.0,238.0,41.0,0.43333333333333335,0.3859411945884443,0.4807254720782224,199.0,111.0,77.0,11.0,0.5904255319148937,0.5201302544578176,0.6607208093719698,AUD_CAD,H4,14,35,1,long,660
249.0,105.0,132.0,12.0,0.4430379746835443,0.37979458084617795,0.5062813685209107,107.0,55.0,45.0,7.0,0.55,0.4524912311635513,0.6475087688364488,AUD_CAD,H4,14,35,2,long,356
128.0,54.0,72.0,2.0,0.42857142857142855,0.34216155259265707,0.5149813045502,55.0,25.0,23.0,7.0,0.5208333333333334,0.3795053578878522,0.6621613087788145,AUD_CAD,H4,14,35,3,long,183
53.0,19.0,29.0,5.0,0.3958333333333333,0.25748624775520135,0.5341804189114653,24.0,8.0,13.0,3.0,0.38095238095238093,0.17324888858708454,0.5886558733176773,AUD_CAD,H4,14,35,4,long,77
13.0,8.0,2.0,3.0,0.8,0.5520774314427992,1.0,6.0,1.0,4.0,1.0,0.2,0.0,0.5506154588719672,AUD_CAD,H4,14,20,1,short,19
7.0,4.0,2.0,1.0,0.6666666666666666,0.28946449079611114,1.0,3.0,1.0,2.0,0.0,0.3333333333333333,0.0,0.8667777662061142,AUD_CAD,H4,14,20,2,short,10
2.0,1.0,1.0,0.0,0.5,0.0,1.0,2.0,2.0,0.0,0.0,1.0,1.0,1.0,AUD_CAD,H4,14,20,3,short,4
0.0,0.0,0.0,0.0,,,,1.0,1.0,0.0,0.0,1.0,1.0,1.0,AUD_CAD,H4,14,20,4,short,1
60.0,35.0,19.0,6.0,0.6481481481481481,0.5207754776674347,0.7755208186288616,26.0,6.0,13.0,7.0,0.3157894736842105,0.1067766313149944,0.5248023160534266,AUD_CAD,H4,14,25,1,short,86
32.0,15.0,14.0,3.0,0.5172413793103449,0.33536817355696424,0.6991145850637255,15.0,6.0,7.0,2.0,0.46153846153846156,0.19054070966539732,0.7325362134115259,AUD_CAD,H4,14,25,2,short,47
14.0,8.0,5.0,1.0,0.6153846153846154,0.35091788956280356,0.8798513412064273,7.0,3.0,2.0,2.0,0.6,0.17058551491594975,1.0,AUD_CAD,H4,14,25,3,short,21
4.0,1.0,3.0,0.0,0.25,0.0,0.674352447854375,3.0,2.0,1.0,0.0,0.6666666666666666,0.13322223379388565,1.0,AUD_CAD,H4,14,25,4,short,7
188.0,99.0,75.0,14.0,0.5689655172413793,0.49538201949162436,0.6425490149911344,81.0,38.0,34.0,9.0,0.5277777777777778,0.41246203956855504,0.6430935159870006,AUD_CAD,H4,14,30,1,short,269
103.0,51.0,45.0,7.0,0.53125,0.43142471317033443,0.6310752868296655,45.0,24.0,17.0,4.0,0.5853658536585366,0.43456271942948005,0.736168987887593,AUD_CAD,H4,14,30,2,short,148
52.0,27.0,20.0,5.0,0.574468085106383,0.433114715946712,0.715821454266054,23.0,12.0,7.0,4.0,0.631578947368421,0.41467607015701474,0.8484818245798273,AUD_CAD,H4,14,30,3,short,75
22.0,11.0,7.0,4.0,0.6111111111111112,0.38589851531349934,0.836323706908723,10.0,3.0,4.0,3.0,0.42857142857142855,0.06196537297496135,0.7951774841678958,AUD_CAD,H4,14,30,4,short,32
441.0,226.0,188.0,27.0,0.5458937198067633,0.49793266743874975,0.5938547721747768,189.0,85.0,77.0,27.0,0.5246913580246914,0.44778922693956486,0.6015934891098178,AUD_CAD,H4,14,35,1,short,630
228.0,112.0,103.0,13.0,0.5209302325581395,0.4541533707918053,0.5877070943244738,99.0,48.0,38.0,13.0,0.5581395348837209,0.45318026246752335,0.6630988072999184,AUD_CAD,H4,14,35,2,short,327
117.0,56.0,52.0,9.0,0.5185185185185185,0.42428267476018955,0.6127543622768474,51.0,22.0,23.0,6.0,0.4888888888888889,0.3428351903625469,0.6349425874152308,AUD_CAD,H4,14,35,3,short,168
49.0,21.0,22.0,6.0,0.4883720930232558,0.33896391292128136,0.6377802731252302,21.0,6.0,11.0,4.0,0.35294117647058826,0.12576925204214065,0.5801131008990359,AUD_CAD,H4,14,35,4,short,70
2.0,2.0,0.0,0.0,1.0,1.0,1.0,1.0,0.0,1.0,0.0,0.0,0.0,0.0,AUD_CAD,H4,21,20,1,long,3
1.0,1.0,0.0,0.0,1.0,1.0,1.0,1.0,1.0,0.0,0.0,1.0,1.0,1.0,AUD_CAD,H4,21,20,2,long,2
0.0,0.0,0.0,0.0,,,,1.0,0.0,1.0,0.0,0.0,0.0,0.0,AUD_CAD,H4,21,20,3,long,1
0.0,0.0,0.0,0.0,,,,1.0,0.0,1.0,0.0,0.0,0.0,0.0,AUD_CAD,H4,21,20,4,long,1
16.0,9.0,6.0,1.0,0.6,0.35207743144279907,0.8479225685572009,7.0,4.0,3.0,0.0,0.5714285714285714,0.2048225158321042,0.9380346270250386,AUD_CAD,H4,21,25,1,long,23
12.0,7.0,4.0,1.0,0.6363636363636364,0.3520837983588668,0.920643474368406,6.0,3.0,3.0,0.0,0.5,0.09991667534541426,0.9000833246545857,AUD_CAD,H4,21,25,2,long,18
6.0,4.0,2.0,0.0,0.6666666666666666,0.28946449079611114,1.0,3.0,0.0,3.0,0.0,0.0,0.0,0.0,AUD_CAD,H4,21,25,3,long,9
2.0,0.0,1.0,1.0,0.0,0.0,0.0,1.0,0.0,1.0,0.0,0.0,0.0,0.0,AUD_CAD,H4,21,25,4,long,3
70.0,35.0,32.0,3.0,0.5223880597014925,0.40278208388577474,0.6419940355172102,31.0,15.0,16.0,0.0,0.4838709677419355,0.3079493737374329,0.6597925617464381,AUD_CAD,H4,21,30,1,long,101
44.0,22.0,19.0,3.0,0.5365853658536586,0.38394534131975266,0.6892253903875645,20.0,9.0,11.0,0.0,0.45,0.23196376447938752,0.6680362355206125,AUD_CAD,H4,21,30,2,long,64
28.0,16.0,12.0,0.0,0.5714285714285714,0.3881255436303378,0.754731599226805,12.0,4.0,7.0,1.0,0.36363636363636365,0.07935652563159407,0.6479162016411333,AUD_CAD,H4,21,30,3,long,40
11.0,5.0,4.0,2.0,0.5555555555555556,0.23091161215558614,0.8801994989555251,5.0,1.0,4.0,0.0,0.2,0.0,0.5506154588719672,AUD_CAD,H4,21,30,4,long,16
243.0,98.0,120.0,25.0,0.44954128440366975,0.3835061612963884,0.515576407510951,105.0,61.0,41.0,3.0,0.5980392156862745,0.5028883684673968,0.6931900629051522,AUD_CAD,H4,21,35,1,long,348
135.0,58.0,68.0,9.0,0.4603174603174603,0.3732875157679817,0.5473474048669389,59.0,36.0,21.0,2.0,0.631578947368421,0.5063500128224112,0.7568078819144308,AUD_CAD,H4,21,35,2,long,194
72.0,33.0,39.0,0.0,0.4583333333333333,0.3432409455917916,0.573425721074875,31.0,17.0,12.0,2.0,0.5862068965517241,0.40695070789470794,0.7654630852087403,AUD_CAD,H4,21,35,3,long,103
30.0,12.0,16.0,2.0,0.42857142857142855,0.24526840077319495,0.6118744563696621,14.0,9.0,5.0,0.0,0.6428571428571429,0.39185913489692026,0.8938551508173656,AUD_CAD,H4,21,35,4,long,44
1.0,1.0,0.0,0.0,1.0,1.0,1.0,1.0,1.0,0.0,0.0,1.0,1.0,1.0,AUD_CAD,H4,21,20,1,short,2
1.0,1.0,0.0,0.0,1.0,1.0,1.0,1.0,1.0,0.0,0.0,1.0,1.0,1.0,AUD_CAD,H4,21,20,2,short,2
1.0,1.0,0.0,0.0,1.0,1.0,1.0,1.0,1.0,0.0,0.0,1.0,1.0,1.0,AUD_CAD,H4,21,20,3,short,2
0.0,0.0,0.0,0.0,,,,1.0,1.0,0.0,0.0,1.0,1.0,1.0,AUD_CAD,H4,21,20,4,short,1
13.0,8.0,1.0,4.0,0.8888888888888888,0.6835660309443505,1.0,6.0,1.0,4.0,1.0,0.2,0.0,0.5506154588719672,AUD_CAD,H4,21,25,1,short,19
7.0,3.0,3.0,1.0,0.5,0.09991667534541426,0.9000833246545857,4.0,1.0,2.0,1.0,0.3333333333333333,0.0,0.8667777662061142,AUD_CAD,H4,21,25,2,short,11
2.0,1.0,1.0,0.0,0.5,0.0,1.0,2.0,2.0,0.0,0.0,1.0,1.0,1.0,AUD_CAD,H4,21,25,3,short,4
0.0,0.0,0.0,0.0,,,,1.0,1.0,0.0,0.0,1.0,1.0,1.0,AUD_CAD,H4,21,25,4,short,1
67.0,41.0,18.0,8.0,0.6949152542372882,0.5774238120284956,0.8124066964460808,29.0,8.0,17.0,4.0,0.32,0.1371413485776514,0.5028586514223486,AUD_CAD,H4,21,30,1,short,96
35.0,19.0,14.0,2.0,0.5757575757575758,0.40713101598803636,0.7443841355271152,16.0,5.0,9.0,2.0,0.35714285714285715,0.1061448491826345,0.6081408651030797,AUD_CAD,H4,21,30,2,short,51
14.0,9.0,4.0,1.0,0.6923076923076923,0.44141252663043484,0.9432028579849497,7.0,3.0,2.0,2.0,0.6,0.17058551491594975,1.0,AUD_CAD,H4,21,30,3,short,21
4.0,1.0,2.0,1.0,0.3333333333333333,0.0,0.8667777662061142,3.0,3.0,0.0,0.0,1.0,1.0,1.0,AUD_CAD,H4,21,30,4,short,7
230.0,125.0,85.0,20.0,0.5952380952380952,0.5288497874768079,0.6616264029993826,100.0,52.0,37.0,11.0,0.5842696629213483,0.481875878347812,0.6866634474948846,AUD_CAD,H4,21,35,1,short,330
125.0,65.0,51.0,9.0,0.5603448275862069,0.47001922784055095,0.6506704273318628,54.0,31.0,17.0,6.0,0.6458333333333334,0.5105327955206277,0.781133871146039,AUD_CAD,H4,21,35,2,short,179
64.0,33.0,24.0,7.0,0.5789473684210527,0.4507714675129584,0.7071232693291469,28.0,16.0,9.0,3.0,0.64,0.45184,0.82816,AUD_CAD,H4,21,35,3,short,92
28.0,14.0,10.0,4.0,0.5833333333333334,0.3860895942879771,0.7805770723786896,13.0,4.0,6.0,3.0,0.4,0.09635810565733854,0.7036418943426614,AUD_CAD,H4,21,35,4,short,41
0.0,0.0,0.0,0.0,,,,1.0,0.0,1.0,0.0,0.0,0.0,0.0,AUD_CAD,H4,28,20,1,long,1
,,,,,,,,,,,,,,AUD_CAD,H4,28,20,2,long,0
,,,,,,,,,,,,,,AUD_CAD,H4,28,20,3,long,0
,,,,,,,,,,,,,,AUD_CAD,H4,28,20,4,long,0
3.0,3.0,0.0,0.0,1.0,1.0,1.0,2.0,1.0,1.0,0.0,0.5,0.0,1.0,AUD_CAD,H4,28,25,1,long,5
2.0,2.0,0.0,0.0,1.0,1.0,1.0,2.0,2.0,0.0,0.0,1.0,1.0,1.0,AUD_CAD,H4,28,25,2,long,4
2.0,1.0,1.0,0.0,0.5,0.0,1.0,1.0,0.0,1.0,0.0,0.0,0.0,0.0,AUD_CAD,H4,28,25,3,long,3
,,,,,,,,,,,,,,AUD_CAD,H4,28,25,4,long,0
27.0,15.0,11.0,1.0,0.5769230769230769,0.3870173676220525,0.7668287862241012,12.0,8.0,4.0,0.0,0.6666666666666666,0.39994445023027614,0.9333888831030571,AUD_CAD,H4,28,30,1,long,39
18.0,10.0,7.0,1.0,0.5882352941176471,0.3542806291426003,0.8221899590926939,8.0,5.0,3.0,0.0,0.625,0.28951993352808575,0.9604800664719142,AUD_CAD,H4,28,30,2,long,26
11.0,7.0,4.0,0.0,0.6363636363636364,0.3520837983588668,0.920643474368406,6.0,3.0,3.0,0.0,0.5,0.09991667534541426,0.9000833246545857,AUD_CAD,H4,28,30,3,long,17
4.0,2.0,1.0,1.0,0.6666666666666666,0.13322223379388565,1.0,2.0,1.0,1.0,0.0,0.5,0.0,1.0,AUD_CAD,H4,28,30,4,long,6
130.0,56.0,63.0,11.0,0.47058823529411764,0.3809073436591358,0.5602691269290995,56.0,27.0,27.0,2.0,0.5,0.36663889178180475,0.6333611082181952,AUD_CAD,H4,28,35,1,long,186
76.0,33.0,38.0,5.0,0.4647887323943662,0.3487728849982566,0.5808045797904757,33.0,17.0,15.0,1.0,0.53125,0.35834753133088293,0.7041524686691171,AUD_CAD,H4,28,35,2,long,109
44.0,23.0,21.0,0.0,0.5227272727272727,0.37513941734496625,0.6703151281095792,19.0,7.0,10.0,2.0,0.4117647058823529,0.17781004090730612,0.6457193708573997,AUD_CAD,H4,28,35,3,long,63
14.0,6.0,6.0,2.0,0.5,0.21709836809708338,0.7829016319029166,7.0,3.0,4.0,0.0,0.42857142857142855,0.06196537297496135,0.7951774841678958,AUD_CAD,H4,28,35,4,long,21
,,,,,,,,,,,,,,AUD_CAD,H4,28,20,1,short,0
,,,,,,,,,,,,,,AUD_CAD,H4,28,20,2,short,0
,,,,,,,,,,,,,,AUD_CAD,H4,28,20,3,short,0
,,,,,,,,,,,,,,AUD_CAD,H4,28,20,4,short,0
2.0,2.0,0.0,0.0,1.0,1.0,1.0,2.0,0.0,2.0,0.0,0.0,0.0,0.0,AUD_CAD,H4,28,25,1,short,4
2.0,2.0,0.0,0.0,1.0,1.0,1.0,1.0,0.0,1.0,0.0,0.0,0.0,0.0,AUD_CAD,H4,28,25,2,short,3
1.0,1.0,0.0,0.0,1.0,1.0,1.0,1.0,1.0,0.0,0.0,1.0,1.0,1.0,AUD_CAD,H4,28,25,3,short,2
0.0,0.0,0.0,0.0,,,,1.0,1.0,0.0,0.0,1.0,1.0,1.0,AUD_CAD,H4,28,25,4,short,1
23.0,13.0,2.0,8.0,0.8666666666666667,0.6946360061780545,1.0,11.0,3.0,8.0,0.0,0.2727272727272727,0.009535284742372196,0.5359192607121732,AUD_CAD,H4,28,30,1,short,34
14.0,7.0,5.0,2.0,0.5833333333333334,0.30438856248221097,0.8622781041844558,6.0,1.0,4.0,1.0,0.2,0.0,0.5506154588719672,AUD_CAD,H4,28,30,2,short,20
5.0,4.0,1.0,0.0,0.8,0.44938454112803305,1.0,3.0,2.0,0.0,1.0,1.0,1.0,1.0,AUD_CAD,H4,28,30,3,short,8
2.0,2.0,0.0,0.0,1.0,1.0,1.0,1.0,1.0,0.0,0.0,1.0,1.0,1.0,AUD_CAD,H4,28,30,4,short,3
124.0,72.0,46.0,6.0,0.6101694915254238,0.5221703927463708,0.6981685903044768,54.0,25.0,22.0,7.0,0.5319148936170213,0.38925870088730413,0.6745710863467385,AUD_CAD,H4,28,35,1,short,178
67.0,36.0,27.0,4.0,0.5714285714285714,0.44922655289641567,0.6936305899607271,30.0,16.0,12.0,2.0,0.5714285714285714,0.3881255436303378,0.754731599226805,AUD_CAD,H4,28,35,2,short,97
34.0,17.0,12.0,5.0,0.5862068965517241,0.40695070789470794,0.7654630852087403,15.0,9.0,4.0,2.0,0.6923076923076923,0.44141252663043484,0.9432028579849497,AUD_CAD,H4,28,35,3,short,49
15.0,6.0,5.0,4.0,0.5454545454545454,0.2511969573207727,0.8397121335883182,7.0,4.0,2.0,1.0,0.6666666666666666,0.28946449079611114,1.0,AUD_CAD,H4,28,35,4,short,22
177.0,88.0,85.0,4.0,0.5086705202312138,0.43417370350524376,0.5831673369571839,76.0,37.0,31.0,8.0,0.5441176470588235,0.4257387167637846,0.6624965773538624,EUR_AUD,H4,7,20,1,long,253
91.0,47.0,38.0,6.0,0.5529411764705883,0.44724277724996736,0.6586395756912091,40.0,17.0,18.0,5.0,0.4857142857142857,0.3201316779319464,0.651296893496625,EUR_AUD,H4,7,20,2,long,131
32.0,19.0,13.0,0.0,0.59375,0.4235813394103515,0.7639186605896485,15.0,6.0,8.0,1.0,0.42857142857142855,0.16934180063511417,0.6878010565077429,EUR_AUD,H4,7,20,3,long,47
16.0,9.0,7.0,0.0,0.5625,0.31942159829594075,0.8055784017040593,7.0,2.0,5.0,0.0,0.2857142857142857,0.0,0.6203782963279159,EUR_AUD,H4,7,20,4,long,23
364.0,163.0,184.0,17.0,0.4697406340057637,0.41722790688783584,0.5222533611236916,157.0,77.0,63.0,17.0,0.55,0.467590049144536,0.6324099508554641,EUR_AUD,H4,7,25,1,long,521
194.0,95.0,88.0,11.0,0.5191256830601093,0.44673501651187253,0.5915163496083461,84.0,40.0,35.0,9.0,0.5333333333333333,0.42042442872107194,0.6462422379455947,EUR_AUD,H4,7,25,2,long,278
89.0,43.0,43.0,3.0,0.5,0.39432388226063037,0.6056761177393697,39.0,17.0,18.0,4.0,0.4857142857142857,0.3201316779319464,0.651296893496625,EUR_AUD,H4,7,25,3,long,128
47.0,23.0,22.0,2.0,0.5111111111111111,0.3650574125847691,0.657164809637453,21.0,10.0,8.0,3.0,0.5555555555555556,0.3259976217062955,0.7851134894048157,EUR_AUD,H4,7,25,4,long,68
618.0,289.0,307.0,22.0,0.4848993288590604,0.4447752762783249,0.5250233814397959,266.0,123.0,120.0,23.0,0.5061728395061729,0.44331060134095956,0.5690350776713862,EUR_AUD,H4,7,30,1,long,884
322.0,158.0,150.0,14.0,0.512987012987013,0.4571651701587859,0.5688088558152401,139.0,66.0,60.0,13.0,0.5238095238095238,0.43660322660797457,0.6110158210110731,EUR_AUD,H4,7,30,2,long,461
156.0,73.0,78.0,5.0,0.48344370860927155,0.40373617300658754,0.5631512442119555,68.0,32.0,31.0,5.0,0.5079365079365079,0.384483668493547,0.6313893473794688,EUR_AUD,H4,7,30,3,long,224
81.0,39.0,38.0,4.0,0.5064935064935064,0.3948215601896798,0.6181654527973331,35.0,12.0,18.0,5.0,0.4,0.2246922705640165,0.5753077294359835,EUR_AUD,H4,7,30,4,long,116
928.0,453.0,439.0,36.0,0.507847533632287,0.4750387483783736,0.5406563188862004,398.0,170.0,196.0,32.0,0.4644808743169399,0.41338487002469104,0.5155768786091888,EUR_AUD,H4,7,35,1,long,1326
474.0,233.0,220.0,21.0,0.5143487858719646,0.4683233331291814,0.5603742386147479,204.0,94.0,94.0,16.0,0.5,0.4285261541660317,0.5714738458339683,EUR_AUD,H4,7,35,2,long,678
239.0,117.0,113.0,9.0,0.508695652173913,0.44408613881300163,0.5733051655348244,103.0,44.0,52.0,7.0,0.4583333333333333,0.35866040176694947,0.5580062648997172,EUR_AUD,H4,7,35,3,long,342
118.0,55.0,57.0,6.0,0.49107142857142855,0.39848489809857846,0.5836579590442786,51.0,20.0,25.0,6.0,0.4444444444444444,0.2992592592592592,0.5896296296296296,EUR_AUD,H4,7,35,4,long,169
204.0,93.0,95.0,16.0,0.4946808510638298,0.42321104981271473,0.5661506523149449,88.0,40.0,45.0,3.0,0.47058823529411764,0.364476373307705,0.5767000972805303,EUR_AUD,H4,7,20,1,short,292
103.0,45.0,50.0,8.0,0.47368421052631576,0.37327768881590695,0.5740907322367246,45.0,19.0,23.0,3.0,0.4523809523809524,0.3018510242627896,0.6029108804991152,EUR_AUD,H4,7,20,2,short,148
51.0,25.0,24.0,2.0,0.5102040816326531,0.3702332391879001,0.6501749240774061,23.0,10.0,10.0,3.0,0.5,0.28086533820502063,0.7191346617949794,EUR_AUD,H4,7,20,3,short,74
22.0,12.0,8.0,2.0,0.6,0.38529275745797487,0.8147072425420251,10.0,5.0,4.0,1.0,0.5555555555555556,0.23091161215558614,0.8801994989555251,EUR_AUD,H4,7,20,4,short,32
366.0,164.0,170.0,32.0,0.49101796407185627,0.43740340288070734,0.5446325252630052,157.0,71.0,78.0,8.0,0.47651006711409394,0.39631398636831816,0.5567061478598697,EUR_AUD,H4,7,25,1,short,523
179.0,79.0,87.0,13.0,0.4759036144578313,0.3999292437981112,0.5518779851175515,78.0,32.0,42.0,4.0,0.43243243243243246,0.3195547390647861,0.5453101258000788,EUR_AUD,H4,7,25,2,short,257
92.0,37.0,48.0,7.0,0.43529411764705883,0.3298920419677796,0.5406961933263381,40.0,14.0,23.0,3.0,0.3783783783783784,0.22210628815857164,0.5346504685981852,EUR_AUD,H4,7,25,3,short,132
39.0,16.0,20.0,3.0,0.4444444444444444,0.2821224727444597,0.6067664161444292,17.0,8.0,8.0,1.0,0.5,0.255,0.745,EUR_AUD,H4,7,25,4,short,56
567.0,264.0,256.0,47.0,0.5076923076923077,0.4647215509458131,0.5506630644388022,244.0,106.0,124.0,14.0,0.4608695652173913,0.3964484716917989,0.5252906587429838,EUR_AUD,H4,7,30,1,short,811
286.0,129.0,134.0,23.0,0.49049429657794674,0.43007582940449657,0.5509127637513969,123.0,55.0,62.0,6.0,0.4700854700854701,0.3796467373438538,0.5605242028270864,EUR_AUD,H4,7,30,2,short,409
146.0,63.0,68.0,15.0,0.48091603053435117,0.3953554231424012,0.5664766379263012,63.0,27.0,32.0,4.0,0.4576271186440678,0.33050095971652577,0.5847532775716098,EUR_AUD,H4,7,30,3,short,209
67.0,24.0,37.0,6.0,0.39344262295081966,0.27084902201849453,0.5160362238831449,30.0,15.0,13.0,2.0,0.5357142857142857,0.350984753695174,0.7204438177333974,EUR_AUD,H4,7,30,4,short,97
865.0,386.0,407.0,72.0,0.48675914249684743,0.4519705268308223,0.5215477581628726,371.0,169.0,176.0,26.0,0.48985507246376814,0.4371045075450648,0.5426056373824715,EUR_AUD,H4,7,35,1,short,1236
446.0,196.0,217.0,33.0,0.4745762711864407,0.42641600302272625,0.5227365393501551,192.0,94.0,88.0,10.0,0.5164835164835165,0.4438805689977979,0.5890864639692351,EUR_AUD,H4,7,35,2,short,638
224.0,94.0,106.0,24.0,0.47,0.4008283815427165,0.5391716184572835,96.0,43.0,47.0,6.0,0.4777777777777778,0.3745787837268964,0.5809767718286591,EUR_AUD,H4,7,35,3,short,320
107.0,41.0,56.0,10.0,0.422680412371134,0.32437341945006437,0.5209874052922037,46.0,22.0,20.0,4.0,0.5238095238095238,0.37276378631648893,0.6748552613025587,EUR_AUD,H4,7,35,4,short,153
14.0,4.0,9.0,1.0,0.3076923076923077,0.05679714201505026,0.5585874733695652,7.0,5.0,2.0,0.0,0.7142857142857143,0.3796217036720841,1.0,EUR_AUD,H4,14,20,1,long,21
7.0,2.0,4.0,1.0,0.3333333333333333,0.0,0.7105355092038887,4.0,2.0,2.0,0.0,0.5,0.010000000000000009,0.99,EUR_AUD,H4,14,20,2,long,11
3.0,1.0,2.0,0.0,0.3333333333333333,0.0,0.8667777662061142,2.0,1.0,1.0,0.0,0.5,0.0,1.0,EUR_AUD,H4,14,20,3,long,5
2.0,0.0,2.0,0.0,0.0,0.0,0.0,2.0,1.0,1.0,0.0,0.5,0.0,1.0,EUR_AUD,H4,14,20,4,long,4
68.0,34.0,31.0,3.0,0.5230769230769231,0.40165241804064755,0.6445014281131987,30.0,16.0,14.0,0.0,0.5333333333333333,0.354808679988615,0.7118579866780517,EUR_AUD,H4,14,25,1,long,98
35.0,18.0,14.0,3.0,0.5625,0.3906176137950721,0.7343823862049279,15.0,8.0,7.0,0.0,0.5333333333333333,0.28086134735527735,0.7858053193113893,EUR_AUD,H4,14,25,2,long,50
12.0,6.0,6.0,0.0,0.5,0.21709836809708338,0.7829016319029166,6.0,3.0,3.0,0.0,0.5,0.09991667534541426,0.9000833246545857,EUR_AUD,H4,14,25,3,long,18
5.0,2.0,3.0,0.0,0.4,0.0,0.8294144850840502,3.0,1.0,2.0,0.0,0.3333333333333333,0.0,0.8667777662061142,EUR_AUD,H4,14,25,4,long,8
215.0,102.0,106.0,7.0,0.49038461538461536,0.4224464073709949,0.5583228233982358,93.0,49.0,33.0,11.0,0.5975609756097561,0.4914182335836168,0.7037037176358953,EUR_AUD,H4,14,30,1,long,308
114.0,57.0,51.0,6.0,0.5277777777777778,0.4336228718027907,0.6219326837527649,49.0,25.0,17.0,7.0,0.5952380952380952,0.4467893261726798,0.7436868643035106,EUR_AUD,H4,14,30,2,long,163
44.0,23.0,20.0,1.0,0.5348837209302325,0.38579928591096435,0.6839681559495007,19.0,9.0,8.0,2.0,0.5294117647058824,0.29213842808518775,0.766685101326577,EUR_AUD,H4,14,30,3,long,63
21.0,12.0,8.0,1.0,0.6,0.38529275745797487,0.8147072425420251,10.0,4.0,5.0,1.0,0.4444444444444444,0.11980050104447498,0.7690883878444139,EUR_AUD,H4,14,30,4,long,31
457.0,207.0,235.0,15.0,0.4683257918552036,0.42180557064452673,0.5148460130658805,197.0,97.0,81.0,19.0,0.5449438202247191,0.47178706334648557,0.6181005771029526,EUR_AUD,H4,14,35,1,long,654
242.0,115.0,117.0,10.0,0.4956896551724138,0.4313518938762748,0.5600274164685528,104.0,48.0,44.0,12.0,0.5217391304347826,0.4196636841763569,0.6238145766932083,EUR_AUD,H4,14,35,2,long,346
108.0,52.0,55.0,1.0,0.48598130841121495,0.39127837718809627,0.5806842396343336,47.0,19.0,24.0,4.0,0.4418604651162791,0.29342563856848014,0.590295291664078,EUR_AUD,H4,14,35,3,long,155
50.0,28.0,21.0,1.0,0.5714285714285714,0.4328645068230612,0.7099926360340816,22.0,6.0,14.0,2.0,0.3,0.09915976498719187,0.500840235012808,EUR_AUD,H4,14,35,4,long,72
42.0,13.0,27.0,2.0,0.325,0.1798491302127335,0.4701508697872665,18.0,4.0,14.0,0.0,0.2222222222222222,0.03016027519679268,0.41428416924765177,EUR_AUD,H4,14,20,1,short,60
18.0,2.0,15.0,1.0,0.11764705882352941,0.0,0.27080633902869883,8.0,2.0,6.0,0.0,0.25,0.0,0.5500624934909393,EUR_AUD,H4,14,20,2,short,26
10.0,1.0,8.0,1.0,0.1111111111111111,0.0,0.31643396905564936,5.0,2.0,3.0,0.0,0.4,0.0,0.8294144850840502,EUR_AUD,H4,14,20,3,short,15
4.0,1.0,3.0,0.0,0.25,0.0,0.674352447854375,2.0,1.0,1.0,0.0,0.5,0.0,1.0,EUR_AUD,H4,14,20,4,short,6
107.0,40.0,57.0,10.0,0.41237113402061853,0.3144072730118088,0.5103349950294283,47.0,20.0,27.0,0.0,0.425531914893617,0.284178545733946,0.5668852840532881,EUR_AUD,H4,14,25,1,short,154
52.0,17.0,31.0,4.0,0.3541666666666667,0.21886612885396098,0.4894672044793724,23.0,11.0,12.0,0.0,0.4782608695652174,0.2741099770483661,0.6824117620820687,EUR_AUD,H4,14,25,2,short,75
27.0,8.0,18.0,1.0,0.3076923076923077,0.13028263467499662,0.4851019807096188,12.0,8.0,4.0,0.0,0.6666666666666666,0.39994445023027614,0.9333888831030571,EUR_AUD,H4,14,25,3,short,39
13.0,6.0,7.0,0.0,0.46153846153846156,0.19054070966539732,0.7325362134115259,6.0,4.0,2.0,0.0,0.6666666666666666,0.28946449079611114,1.0,EUR_AUD,H4,14,25,4,short,19
232.0,104.0,108.0,20.0,0.49056603773584906,0.4232713430079106,0.5578607324637875,100.0,46.0,54.0,0.0,0.46,0.3623141033720835,0.5576858966279166,EUR_AUD,H4,14,30,1,short,332
115.0,49.0,57.0,9.0,0.46226415094339623,0.3673496122494353,0.5571786896373572,50.0,25.0,24.0,1.0,0.5102040816326531,0.3702332391879001,0.6501749240774061,EUR_AUD,H4,14,30,2,short,165
60.0,25.0,29.0,6.0,0.46296296296296297,0.32996823210794796,0.595957693817978,27.0,16.0,10.0,1.0,0.6153846153846154,0.4283784001578088,0.802390830611422,EUR_AUD,H4,14,30,3,short,87
24.0,11.0,12.0,1.0,0.4782608695652174,0.2741099770483661,0.6824117620820687,11.0,7.0,4.0,0.0,0.6363636363636364,0.3520837983588668,0.920643474368406,EUR_AUD,H4,14,30,4,short,35
449.0,204.0,203.0,42.0,0.5012285012285013,0.4526518513389408,0.5498051511180617,193.0,88.0,96.0,9.0,0.4782608695652174,0.40608262932324163,0.5504391098071932,EUR_AUD,H4,14,35,1,short,642
224.0,104.0,103.0,17.0,0.5024154589371981,0.43430154517247427,0.5705293727019218,96.0,46.0,46.0,4.0,0.5,0.39782793711203335,0.6021720628879667,EUR_AUD,H4,14,35,2,short,320
116.0,48.0,55.0,13.0,0.46601941747572817,0.3696804033421608,0.5623584316092956,50.0,23.0,24.0,3.0,0.48936170212765956,0.34644636986968314,0.632277034385636,EUR_AUD,H4,14,35,3,short,166
49.0,17.0,29.0,3.0,0.3695652173913043,0.23007531079264418,0.5090551239899644,22.0,11.0,9.0,2.0,0.55,0.3319637644793876,0.7680362355206125,EUR_AUD,H4,14,35,4,short,71
2.0,0.0,2.0,0.0,0.0,0.0,0.0,2.0,2.0,0.0,0.0,1.0,1.0,1.0,EUR_AUD,H4,21,20,1,long,4
0.0,0.0,0.0,0.0,,,,1.0,1.0,0.0,0.0,1.0,1.0,1.0,EUR_AUD,H4,21,20,2,long,1
,,,,,,,,,,,,,,EUR_AUD,H4,21,20,3,long,0
,,,,,,,,,,,,,,EUR_AUD,H4,21,20,4,long,0
12.0,3.0,8.0,1.0,0.2727272727272727,0.009535284742372196,0.5359192607121732,6.0,4.0,2.0,0.0,0.6666666666666666,0.28946449079611114,1.0,EUR_AUD,H4,21,25,1,long,18
5.0,1.0,4.0,0.0,0.2,0.0,0.5506154588719672,3.0,2.0,0.0,1.0,1.0,1.0,1.0,EUR_AUD,H4,21,25,2,long,8
1.0,0.0,1.0,0.0,0.0,0.0,0.0,1.0,1.0,0.0,0.0,1.0,1.0,1.0,EUR_AUD,H4,21,25,3,long,2
0.0,0.0,0.0,0.0,,,,1.0,0.0,1.0,0.0,0.0,0.0,0.0,EUR_AUD,H4,21,25,4,long,1
69.0,35.0,31.0,3.0,0.5303030303030303,0.4098951150314439,0.6507109455746167,30.0,19.0,11.0,0.0,0.6333333333333333,0.46088963344948825,0.8057770332171783,EUR_AUD,H4,21,30,1,long,99
38.0,21.0,13.0,4.0,0.6176470588235294,0.4542971037699747,0.7809970138770842,17.0,11.0,6.0,0.0,0.6470588235294118,0.41988689910096416,0.8742307479578595,EUR_AUD,H4,21,30,2,long,55
15.0,9.0,5.0,1.0,0.6428571428571429,0.39185913489692026,0.8938551508173656,7.0,4.0,3.0,0.0,0.5714285714285714,0.2048225158321042,0.9380346270250386,EUR_AUD,H4,21,30,3,long,22
7.0,5.0,1.0,1.0,0.8333333333333334,0.535128829802743,1.0,4.0,1.0,3.0,0.0,0.25,0.0,0.674352447854375,EUR_AUD,H4,21,30,4,long,11
260.0,122.0,130.0,8.0,0.48412698412698413,0.42242390289763093,0.5458300653563373,112.0,59.0,40.0,13.0,0.5959595959595959,0.4992968160151803,0.6926223759040115,EUR_AUD,H4,21,35,1,long,372
136.0,64.0,66.0,6.0,0.49230769230769234,0.4063661788147032,0.5782492058006815,59.0,34.0,18.0,7.0,0.6538461538461539,0.5245377452156319,0.7831545624766758,EUR_AUD,H4,21,35,2,long,195
54.0,27.0,26.0,1.0,0.5094339622641509,0.37484457280827393,0.644023351720028,24.0,12.0,9.0,3.0,0.5714285714285714,0.35976846654340416,0.7830886763137386,EUR_AUD,H4,21,35,3,long,78
24.0,15.0,8.0,1.0,0.6521739130434783,0.4575236744675626,0.846824151619394,11.0,4.0,5.0,2.0,0.4444444444444444,0.11980050104447498,0.7690883878444139,EUR_AUD,H4,21,35,4,long,35
11.0,3.0,8.0,0.0,0.2727272727272727,0.009535284742372196,0.5359192607121732,6.0,0.0,6.0,0.0,0.0,0.0,0.0,EUR_AUD,H4,21,20,1,short,17
4.0,1.0,3.0,0.0,0.25,0.0,0.674352447854375,2.0,1.0,1.0,0.0,0.5,0.0,1.0,EUR_AUD,H4,21,20,2,short,6
2.0,0.0,2.0,0.0,0.0,0.0,0.0,2.0,0.0,2.0,0.0,0.0,0.0,0.0,EUR_AUD,H4,21,20,3,short,4
1.0,0.0,1.0,0.0,0.0,0.0,0.0,1.0,0.0,1.0,0.0,0.0,0.0,0.0,EUR_AUD,H4,21,20,4,short,2
44.0,17.0,25.0,2.0,0.40476190476190477,0.25631313569648934,0.5532106738273201,19.0,2.0,17.0,0.0,0.10526315789473684,0.0,0.24325872273236626,EUR_AUD,H4,21,25,1,short,63
19.0,3.0,15.0,1.0,0.16666666666666666,0.0,0.33883511705361175,9.0,3.0,6.0,0.0,0.3333333333333333,0.02534904641652591,0.6413176202501407,EUR_AUD,H4,21,25,2,short,28
11.0,0.0,10.0,1.0,0.0,0.0,0.0,5.0,2.0,3.0,0.0,0.4,0.0,0.8294144850840502,EUR_AUD,H4,21,25,3,short,16
4.0,0.0,4.0,0.0,0.0,0.0,0.0,3.0,1.0,2.0,0.0,0.3333333333333333,0.0,0.8667777662061142,EUR_AUD,H4,21,25,4,short,7
100.0,39.0,52.0,9.0,0.42857142857142855,0.32689320308306974,0.5302496540597874,43.0,19.0,24.0,0.0,0.4418604651162791,0.29342563856848014,0.590295291664078,EUR_AUD,H4,21,30,1,short,143
55.0,18.0,33.0,4.0,0.35294117647058826,0.2217834047494987,0.4840989481916778,24.0,11.0,13.0,0.0,0.4583333333333333,0.2589874702005656,0.6576791964661011,EUR_AUD,H4,21,30,2,short,79
29.0,8.0,20.0,1.0,0.2857142857142857,0.11838228040747059,0.45304629102110083,13.0,9.0,4.0,0.0,0.6923076923076923,0.44141252663043484,0.9432028579849497,EUR_AUD,H4,21,30,3,short,42
11.0,5.0,6.0,0.0,0.45454545454545453,0.1602878664116818,0.7488030426792273,6.0,3.0,3.0,0.0,0.5,0.09991667534541426,0.9000833246545857,EUR_AUD,H4,21,30,4,short,17
277.0,114.0,135.0,28.0,0.4578313253012048,0.3959476126844408,0.5197150379179688,119.0,59.0,60.0,0.0,0.4957983193277311,0.40596503864208444,0.5856316000133778,EUR_AUD,H4,21,35,1,short,396
135.0,58.0,66.0,11.0,0.46774193548387094,0.37991868476905577,0.5555651861986861,58.0,30.0,27.0,1.0,0.5263157894736842,0.39669152732867524,0.6559400516186931,EUR_AUD,H4,21,35,2,short,193
69.0,29.0,33.0,7.0,0.46774193548387094,0.3435411032312867,0.5919427677364552,30.0,19.0,10.0,1.0,0.6551724137931034,0.4821764880980003,0.8281683394882066,EUR_AUD,H4,21,35,3,short,99
28.0,11.0,15.0,2.0,0.4230769230769231,0.23317121377589872,0.6129826323779475,13.0,7.0,5.0,1.0,0.5833333333333334,0.30438856248221097,0.8622781041844558,EUR_AUD,H4,21,35,4,short,41
2.0,0.0,2.0,0.0,0.0,0.0,0.0,2.0,2.0,0.0,0.0,1.0,1.0,1.0,EUR_AUD,H4,28,20,1,long,4
0.0,0.0,0.0,0.0,,,,1.0,1.0,0.0,0.0,1.0,1.0,1.0,EUR_AUD,H4,28,20,2,long,1
,,,,,,,,,,,,,,EUR_AUD,H4,28,20,3,long,0
,,,,,,,,,,,,,,EUR_AUD,H4,28,20,4,long,0
4.0,0.0,4.0,0.0,0.0,0.0,0.0,3.0,2.0,1.0,0.0,0.6666666666666666,0.13322223379388565,1.0,EUR_AUD,H4,28,25,1,long,7
1.0,0.0,1.0,0.0,0.0,0.0,0.0,1.0,1.0,0.0,0.0,1.0,1.0,1.0,EUR_AUD,H4,28,25,2,long,2
,,,,,,,,,,,,,,EUR_AUD,H4,28,25,3,long,0
,,,,,,,,,,,,,,EUR_AUD,H4,28,25,4,long,0
24.0,10.0,13.0,1.0,0.43478260869565216,0.23218421697992483,0.6373810004113795,11.0,8.0,3.0,0.0,0.7272727272727273,0.4640807392878268,0.9904647152576278,EUR_AUD,H4,28,30,1,long,35
14.0,8.0,5.0,1.0,0.6153846153846154,0.35091788956280356,0.8798513412064273,6.0,4.0,2.0,0.0,0.6666666666666666,0.28946449079611114,1.0,EUR_AUD,H4,28,30,2,long,20
6.0,4.0,2.0,0.0,0.6666666666666666,0.28946449079611114,1.0,3.0,2.0,1.0,0.0,0.6666666666666666,0.13322223379388565,1.0,EUR_AUD,H4,28,30,3,long,9
3.0,2.0,1.0,0.0,0.6666666666666666,0.13322223379388565,1.0,2.0,1.0,1.0,0.0,0.5,0.0,1.0,EUR_AUD,H4,28,30,4,long,5
137.0,61.0,71.0,5.0,0.4621212121212121,0.37706828464043657,0.5471741396019876,60.0,36.0,20.0,4.0,0.6428571428571429,0.5173581388770316,0.7683561468372542,EUR_AUD,H4,28,35,1,long,197
76.0,34.0,37.0,5.0,0.4788732394366197,0.362672506110634,0.5950739727626053,33.0,21.0,9.0,3.0,0.7,0.5360146347993211,0.8639853652006788,EUR_AUD,H4,28,35,2,long,109
32.0,14.0,17.0,1.0,0.45161290322580644,0.2764258493563991,0.6267999570952139,15.0,9.0,5.0,1.0,0.6428571428571429,0.39185913489692026,0.8938551508173656,EUR_AUD,H4,28,35,3,long,47
16.0,11.0,4.0,1.0,0.7333333333333333,0.5095408368517008,0.9571258298149657,7.0,3.0,3.0,1.0,0.5,0.09991667534541426,0.9000833246545857,EUR_AUD,H4,28,35,4,long,23
4.0,1.0,3.0,0.0,0.25,0.0,0.674352447854375,3.0,2.0,1.0,0.0,0.6666666666666666,0.13322223379388565,1.0,EUR_AUD,H4,28,20,1,short,7
2.0,1.0,1.0,0.0,0.5,0.0,1.0,2.0,1.0,1.0,0.0,0.5,0.0,1.0,EUR_AUD,H4,28,20,2,short,4
2.0,0.0,2.0,0.0,0.0,0.0,0.0,1.0,0.0,1.0,0.0,0.0,0.0,0.0,EUR_AUD,H4,28,20,3,short,3
1.0,0.0,1.0,0.0,0.0,0.0,0.0,1.0,0.0,1.0,0.0,0.0,0.0,0.0,EUR_AUD,H4,28,20,4,short,2
18.0,5.0,13.0,0.0,0.2777777777777778,0.0708570524820083,0.4846985030735473,9.0,2.0,7.0,0.0,0.2222222222222222,0.0,0.49383883252136757,EUR_AUD,H4,28,25,1,short,27
8.0,3.0,5.0,0.0,0.375,0.03951993352808575,0.7104800664719142,4.0,1.0,3.0,0.0,0.25,0.0,0.674352447854375,EUR_AUD,H4,28,25,2,short,12
5.0,0.0,5.0,0.0,0.0,0.0,0.0,3.0,1.0,2.0,0.0,0.3333333333333333,0.0,0.8667777662061142,EUR_AUD,H4,28,25,3,short,8
2.0,0.0,2.0,0.0,0.0,0.0,0.0,2.0,0.0,2.0,0.0,0.0,0.0,0.0,EUR_AUD,H4,28,25,4,short,4
58.0,25.0,29.0,4.0,0.46296296296296297,0.32996823210794796,0.595957693817978,25.0,7.0,18.0,0.0,0.28,0.10399243652615381,0.45600756347384624,EUR_AUD,H4,28,30,1,short,83
30.0,8.0,21.0,1.0,0.27586206896551724,0.11318972842537128,0.4385344095056632,14.0,5.0,9.0,0.0,0.35714285714285715,0.1061448491826345,0.6081408651030797,EUR_AUD,H4,28,30,2,short,44
18.0,3.0,14.0,1.0,0.17647058823529413,0.0,0.3576910924784725,9.0,4.0,5.0,0.0,0.4444444444444444,0.11980050104447498,0.7690883878444139,EUR_AUD,H4,28,30,3,short,27
7.0,2.0,5.0,0.0,0.2857142857142857,0.0,0.6203782963279159,4.0,2.0,2.0,0.0,0.5,0.010000000000000009,0.99,EUR_AUD,H4,28,30,4,short,11
172.0,70.0,87.0,15.0,0.445859872611465,0.36810721557685,0.52361252964608,74.0,37.0,37.0,0.0,0.5,0.3860773140310571,0.6139226859689428,EUR_AUD,H4,28,35,1,short,246
91.0,34.0,50.0,7.0,0.40476190476190477,0.29979277349695377,0.5097310360268558,39.0,19.0,20.0,0.0,0.48717948717948717,0.33030549125404296,0.6440534831049314,EUR_AUD,H4,28,35,2,short,130
48.0,16.0,27.0,5.0,0.37209302325581395,0.2276171722085209,0.5165688743031069,21.0,12.0,9.0,0.0,0.5714285714285714,0.35976846654340416,0.7830886763137386,EUR_AUD,H4,28,35,3,short,69
21.0,8.0,13.0,0.0,0.38095238095238093,0.17324888858708454,0.5886558733176773,9.0,4.0,4.0,1.0,0.5,0.15351767721859172,0.8464823227814082,EUR_AUD,H4,28,35,4,short,30
198.0,100.0,78.0,20.0,0.5617977528089888,0.48890684330149065,0.634688662316487,85.0,37.0,27.0,21.0,0.578125,0.4571296014320818,0.6991203985679182,EUR_CAD,H4,7,20,1,long,283
105.0,52.0,42.0,11.0,0.5531914893617021,0.4526858089660175,0.6536971697573868,46.0,19.0,16.0,11.0,0.5428571428571428,0.3778165417918292,0.7078977439224564,EUR_CAD,H4,7,20,2,long,151
55.0,32.0,17.0,6.0,0.6530612244897959,0.519782324036189,0.7863401249434028,24.0,10.0,8.0,6.0,0.5555555555555556,0.3259976217062955,0.7851134894048157,EUR_CAD,H4,7,20,3,long,79
30.0,17.0,9.0,4.0,0.6538461538461539,0.4709764486319876,0.8367158590603201,14.0,8.0,3.0,3.0,0.7272727272727273,0.4640807392878268,0.9904647152576278,EUR_CAD,H4,7,20,4,long,44
370.0,178.0,159.0,33.0,0.5281899109792285,0.4748908223065432,0.5814889996519138,159.0,70.0,54.0,35.0,0.5645161290322581,0.4772452312856359,0.6517870267788803,EUR_CAD,H4,7,25,1,long,529
200.0,94.0,87.0,19.0,0.5193370165745856,0.44654868543668197,0.5921253477124893,86.0,36.0,30.0,20.0,0.5454545454545454,0.4253243881429132,0.6655847027661776,EUR_CAD,H4,7,25,2,long,286
108.0,54.0,42.0,12.0,0.5625,0.46326365805562963,0.6617363419443704,47.0,19.0,17.0,11.0,0.5277777777777778,0.3646966968472296,0.690858858708326,EUR_CAD,H4,7,25,3,long,155
56.0,31.0,20.0,5.0,0.6078431372549019,0.4738456507756258,0.741840623734178,25.0,15.0,5.0,5.0,0.75,0.5602238160358366,0.9397761839641634,EUR_CAD,H4,7,25,4,long,81
613.0,286.0,258.0,69.0,0.5257352941176471,0.48377383404019786,0.5676967541950964,264.0,114.0,95.0,55.0,0.5454545454545454,0.47794722492585445,0.6129618659832364,EUR_CAD,H4,7,30,1,long,877
322.0,144.0,141.0,37.0,0.5052631578947369,0.4472161840404482,0.5633101317490256,138.0,53.0,57.0,28.0,0.4818181818181818,0.38844064658002875,0.5751957170563349,EUR_CAD,H4,7,30,2,long,460
173.0,81.0,71.0,21.0,0.5328947368421053,0.4535784502668939,0.6122110234173167,75.0,31.0,27.0,17.0,0.5344827586206896,0.40610883652956736,0.6628566807118119,EUR_CAD,H4,7,30,3,long,248
94.0,49.0,34.0,11.0,0.5903614457831325,0.48456369586400017,0.6961591957022649,41.0,15.0,16.0,10.0,0.4838709677419355,0.3079493737374329,0.6597925617464381,EUR_CAD,H4,7,30,4,long,135
907.0,411.0,393.0,103.0,0.5111940298507462,0.4766407574160402,0.5457473022854523,389.0,163.0,141.0,85.0,0.5361842105263158,0.48012473188351423,0.5922436891691174,EUR_CAD,H4,7,35,1,long,1296
463.0,196.0,210.0,57.0,0.4827586206896552,0.4341509618494128,0.5313662795298976,199.0,77.0,81.0,41.0,0.4873417721518987,0.40940214696160404,0.5652813973421934,EUR_CAD,H4,7,35,2,long,662
246.0,109.0,109.0,28.0,0.5,0.43362602477509754,0.5663739752249024,106.0,40.0,42.0,24.0,0.4878048780487805,0.37961417731855984,0.5959955787790011,EUR_CAD,H4,7,35,3,long,352
130.0,59.0,59.0,12.0,0.5,0.40978368744596433,0.5902163125540357,56.0,19.0,24.0,13.0,0.4418604651162791,0.29342563856848014,0.590295291664078,EUR_CAD,H4,7,35,4,long,186
210.0,102.0,93.0,15.0,0.5230769230769231,0.45297245240801237,0.5931813937458339,90.0,25.0,47.0,18.0,0.3472222222222222,0.23725170693824066,0.45719273750620376,EUR_CAD,H4,7,20,1,short,300
100.0,51.0,45.0,4.0,0.53125,0.43142471317033443,0.6310752868296655,44.0,16.0,19.0,9.0,0.45714285714285713,0.2921022560775435,0.6221834582081708,EUR_CAD,H4,7,20,2,short,144
49.0,28.0,20.0,1.0,0.5833333333333334,0.4438609479077722,0.7228057187588945,22.0,6.0,12.0,4.0,0.3333333333333333,0.11555555555555552,0.5511111111111111,EUR_CAD,H4,7,20,3,short,71
28.0,16.0,12.0,0.0,0.5714285714285714,0.3881255436303378,0.754731599226805,12.0,4.0,7.0,1.0,0.36363636363636365,0.07935652563159407,0.6479162016411333,EUR_CAD,H4,7,20,4,short,40
406.0,198.0,179.0,29.0,0.5251989389920424,0.47479051068955536,0.5756073672945294,174.0,51.0,78.0,45.0,0.3953488372093023,0.31097575872710764,0.47972191569149697,EUR_CAD,H4,7,25,1,short,580
200.0,99.0,91.0,10.0,0.5210526315789473,0.4500190090063065,0.5920862541515881,87.0,32.0,32.0,23.0,0.5,0.3775,0.6225,EUR_CAD,H4,7,25,2,short,287
105.0,53.0,47.0,5.0,0.53,0.4321765590464126,0.6278234409535874,45.0,20.0,16.0,9.0,0.5555555555555556,0.39323358385557083,0.7178775272555403,EUR_CAD,H4,7,25,3,short,150
60.0,31.0,28.0,1.0,0.5254237288135594,0.3980036361781897,0.652843821448929,26.0,7.0,12.0,7.0,0.3684210526315789,0.15151817542017268,0.5853239298429852,EUR_CAD,H4,7,25,4,short,86
651.0,305.0,300.0,46.0,0.5041322314049587,0.46429092630112906,0.5439735365087883,279.0,79.0,123.0,77.0,0.3910891089108911,0.32379219970064815,0.45838601812113405,EUR_CAD,H4,7,30,1,short,930
317.0,149.0,152.0,16.0,0.4950166112956811,0.4385331560083639,0.5515000665829983,137.0,44.0,53.0,40.0,0.4536082474226804,0.35453355265958564,0.5526829421857752,EUR_CAD,H4,7,30,2,short,454
169.0,77.0,85.0,7.0,0.47530864197530864,0.39840651089018214,0.5522107730604351,73.0,27.0,29.0,17.0,0.48214285714285715,0.35126839439324353,0.6130173198924708,EUR_CAD,H4,7,30,3,short,242
87.0,44.0,41.0,2.0,0.5176470588235295,0.41141736019671427,0.6238767574503447,38.0,10.0,17.0,11.0,0.37037037037037035,0.188217975393852,0.5525227653468887,EUR_CAD,H4,7,30,4,short,125
933.0,437.0,418.0,78.0,0.5111111111111111,0.4776040946791805,0.5446181275430416,401.0,115.0,176.0,110.0,0.3951890034364261,0.33901675060219727,0.45136125627065493,EUR_CAD,H4,7,35,1,short,1334
458.0,212.0,213.0,33.0,0.4988235294117647,0.4512866784950886,0.5463603803284408,197.0,61.0,80.0,56.0,0.4326241134751773,0.350845957499797,0.5144022694505577,EUR_CAD,H4,7,35,2,short,655
235.0,105.0,113.0,17.0,0.481651376146789,0.4153221084963622,0.5479806437972158,102.0,33.0,42.0,27.0,0.44,0.3276570583733302,0.5523429416266697,EUR_CAD,H4,7,35,3,short,337
124.0,57.0,62.0,5.0,0.4789915966386555,0.3892344781376933,0.5687487151396177,54.0,15.0,24.0,15.0,0.38461538461538464,0.23192544927046257,0.5373053199603067,EUR_CAD,H4,7,35,4,short,178
23.0,7.0,13.0,3.0,0.35,0.14095885572452488,0.559041144275475,11.0,6.0,3.0,2.0,0.6666666666666666,0.3586823797498592,0.974650953583474,EUR_CAD,H4,14,20,1,long,34
12.0,4.0,6.0,2.0,0.4,0.09635810565733854,0.7036418943426614,6.0,4.0,2.0,0.0,0.6666666666666666,0.28946449079611114,1.0,EUR_CAD,H4,14,20,2,long,18
7.0,5.0,1.0,1.0,0.8333333333333334,0.535128829802743,1.0,3.0,3.0,0.0,0.0,1.0,1.0,1.0,EUR_CAD,H4,14,20,3,long,10
5.0,3.0,1.0,1.0,0.75,0.3256475521456251,1.0,3.0,2.0,1.0,0.0,0.6666666666666666,0.13322223379388565,1.0,EUR_CAD,H4,14,20,4,long,8
85.0,45.0,31.0,9.0,0.5921052631578947,0.4816153106909349,0.7025952156248545,37.0,18.0,13.0,6.0,0.5806451612903226,0.4069365056160647,0.7543538169645805,EUR_CAD,H4,14,25,1,long,122
47.0,25.0,15.0,7.0,0.625,0.47496875325453036,0.7750312467454696,21.0,11.0,7.0,3.0,0.6111111111111112,0.38589851531349934,0.836323706908723,EUR_CAD,H4,14,25,2,long,68
26.0,18.0,3.0,5.0,0.8571428571428571,0.7074765616718994,1.0,12.0,7.0,3.0,2.0,0.7,0.415969015774687,0.984030984225313,EUR_CAD,H4,14,25,3,long,38
14.0,8.0,3.0,3.0,0.7272727272727273,0.4640807392878268,0.9904647152576278,6.0,5.0,1.0,0.0,0.8333333333333334,0.535128829802743,1.0,EUR_CAD,H4,14,25,4,long,20
229.0,117.0,91.0,21.0,0.5625,0.4950821814383216,0.6299178185616784,99.0,40.0,39.0,20.0,0.5063291139240507,0.3960793333964272,0.6165788944516741,EUR_CAD,H4,14,30,1,long,328
124.0,61.0,48.0,15.0,0.5596330275229358,0.4664360429853255,0.652830012060546,54.0,24.0,18.0,12.0,0.5714285714285714,0.42176227595761373,0.7210948668995291,EUR_CAD,H4,14,30,2,long,178
62.0,38.0,16.0,8.0,0.7037037037037037,0.5819121358590068,0.8254952715484006,28.0,11.0,11.0,6.0,0.5,0.29106329797150177,0.7089367020284982,EUR_CAD,H4,14,30,3,long,90
33.0,21.0,8.0,4.0,0.7241379310344828,0.5614655904943369,0.8868102715746287,15.0,9.0,4.0,2.0,0.6923076923076923,0.44141252663043484,0.9432028579849497,EUR_CAD,H4,14,30,4,long,48
463.0,217.0,197.0,49.0,0.5241545893719807,0.47604645230355686,0.5722627264404044,199.0,92.0,65.0,42.0,0.5859872611464968,0.5089400036224528,0.6630345186705408,EUR_CAD,H4,14,35,1,long,662
244.0,112.0,102.0,30.0,0.5233644859813084,0.4564462462310157,0.590282725731601,106.0,45.0,37.0,24.0,0.5487804878048781,0.4410738642264263,0.6564871113833298,EUR_CAD,H4,14,35,2,long,350
133.0,66.0,51.0,16.0,0.5641025641025641,0.47424920147763255,0.6539559267274957,57.0,21.0,22.0,14.0,0.4883720930232558,0.33896391292128136,0.6377802731252302,EUR_CAD,H4,14,35,3,long,190
72.0,34.0,32.0,6.0,0.5151515151515151,0.394577252231733,0.6357257780712973,31.0,17.0,8.0,6.0,0.68,0.49714134857765147,0.8628586514223486,EUR_CAD,H4,14,35,4,long,103
34.0,15.0,16.0,3.0,0.4838709677419355,0.3079493737374329,0.6597925617464381,15.0,4.0,11.0,0.0,0.26666666666666666,0.0428741701850342,0.4904591631482991,EUR_CAD,H4,14,20,1,short,49
16.0,8.0,8.0,0.0,0.5,0.255,0.745,8.0,3.0,5.0,0.0,0.375,0.03951993352808575,0.7104800664719142,EUR_CAD,H4,14,20,2,short,24
8.0,4.0,4.0,0.0,0.5,0.15351767721859172,0.8464823227814082,4.0,2.0,1.0,1.0,0.6666666666666666,0.13322223379388565,1.0,EUR_CAD,H4,14,20,3,short,12
4.0,2.0,2.0,0.0,0.5,0.010000000000000009,0.99,3.0,3.0,0.0,0.0,1.0,1.0,1.0,EUR_CAD,H4,14,20,4,short,7
105.0,49.0,50.0,6.0,0.494949494949495,0.3964608138586204,0.5934381760403695,46.0,14.0,24.0,8.0,0.3684210526315789,0.2150475572965205,0.5217945479666374,EUR_CAD,H4,14,25,1,short,151
51.0,23.0,28.0,0.0,0.45098039215686275,0.31441402999179735,0.5875467543219282,22.0,8.0,10.0,4.0,0.4444444444444444,0.21488651059518432,0.6740023782937046,EUR_CAD,H4,14,25,2,short,73
24.0,12.0,12.0,0.0,0.5,0.29995833767270713,0.7000416623272929,11.0,4.0,5.0,2.0,0.4444444444444444,0.11980050104447498,0.7690883878444139,EUR_CAD,H4,14,25,3,short,35
13.0,8.0,5.0,0.0,0.6153846153846154,0.35091788956280356,0.8798513412064273,6.0,2.0,3.0,1.0,0.4,0.0,0.8294144850840502,EUR_CAD,H4,14,25,4,short,19
251.0,126.0,110.0,15.0,0.5338983050847458,0.47025251500763343,0.5975440951618581,109.0,35.0,55.0,19.0,0.3888888888888889,0.2881707541703602,0.4896070236074176,EUR_CAD,H4,14,30,1,short,360
122.0,60.0,59.0,3.0,0.5042016806722689,0.4143683999866222,0.5940349613579156,53.0,20.0,22.0,11.0,0.47619047619047616,0.32514473869744126,0.627236213683511,EUR_CAD,H4,14,30,2,short,175
63.0,33.0,28.0,2.0,0.5409836065573771,0.415929688121537,0.6660375249932171,28.0,10.0,14.0,4.0,0.4166666666666667,0.21942292762131047,0.6139104057120229,EUR_CAD,H4,14,30,3,short,91
35.0,18.0,17.0,0.0,0.5142857142857142,0.348703106503375,0.6798683220680535,16.0,4.0,8.0,4.0,0.3333333333333333,0.06661111689694282,0.6000555497697238,EUR_CAD,H4,14,30,4,short,51
487.0,241.0,214.0,32.0,0.5296703296703297,0.4838081824262168,0.5755324769144425,209.0,61.0,94.0,54.0,0.3935483870967742,0.31663758007603415,0.47045919411751425,EUR_CAD,H4,14,35,1,short,696
237.0,113.0,111.0,13.0,0.5044642857142857,0.43898789147082573,0.5699406799577457,103.0,34.0,41.0,28.0,0.4533333333333333,0.3406666361604249,0.5660000305062417,EUR_CAD,H4,14,35,2,short,340
123.0,58.0,58.0,7.0,0.5,0.40900928429324457,0.5909907157067554,54.0,19.0,23.0,12.0,0.4523809523809524,0.3018510242627896,0.6029108804991152,EUR_CAD,H4,14,35,3,short,177
65.0,33.0,31.0,1.0,0.515625,0.39318482906339774,0.6380651709366022,28.0,7.0,13.0,8.0,0.35,0.14095885572452488,0.559041144275475,EUR_CAD,H4,14,35,4,short,93
1.0,0.0,0.0,1.0,,,,1.0,1.0,0.0,0.0,1.0,1.0,1.0,EUR_CAD,H4,21,20,1,long,2
0.0,0.0,0.0,0.0,,,,1.0,0.0,0.0,1.0,,,,EUR_CAD,H4,21,20,2,long,1
0.0,0.0,0.0,0.0,,,,1.0,0.0,0.0,1.0,,,,EUR_CAD,H4,21,20,3,long,1
0.0,0.0,0.0,0.0,,,,1.0,0.0,0.0,1.0,,,,EUR_CAD,H4,21,20,4,long,1
28.0,12.0,12.0,4.0,0.5,0.29995833767270713,0.7000416623272929,12.0,7.0,3.0,2.0,0.7,0.415969015774687,0.984030984225313,EUR_CAD,H4,21,25,1,long,40
14.0,6.0,6.0,2.0,0.5,0.21709836809708338,0.7829016319029166,7.0,3.0,3.0,1.0,0.5,0.09991667534541426,0.9000833246545857,EUR_CAD,H4,21,25,2,long,21
8.0,5.0,2.0,1.0,0.7142857142857143,0.3796217036720841,1.0,4.0,3.0,0.0,1.0,1.0,1.0,1.0,EUR_CAD,H4,21,25,3,long,12
7.0,3.0,2.0,2.0,0.6,0.17058551491594975,1.0,4.0,2.0,1.0,1.0,0.6666666666666666,0.13322223379388565,1.0,EUR_CAD,H4,21,25,4,long,11
100.0,44.0,42.0,14.0,0.5116279069767442,0.4059803696618971,0.6172754442915913,44.0,20.0,17.0,7.0,0.5405405405405406,0.3799599895403506,0.7011210915407305,EUR_CAD,H4,21,30,1,long,144
57.0,25.0,22.0,10.0,0.5319148936170213,0.38925870088730413,0.6745710863467385,25.0,13.0,8.0,4.0,0.6190476190476191,0.4113441266823227,0.8267511114129155,EUR_CAD,H4,21,30,2,long,82
32.0,19.0,7.0,6.0,0.7307692307692307,0.5602702175215458,0.9012682440169156,15.0,7.0,5.0,3.0,0.5833333333333334,0.30438856248221097,0.8622781041844558,EUR_CAD,H4,21,30,3,long,47
18.0,11.0,4.0,3.0,0.7333333333333333,0.5095408368517008,0.9571258298149657,8.0,6.0,1.0,1.0,0.8571428571428571,0.5979132292065427,1.0,EUR_CAD,H4,21,30,4,long,26
262.0,132.0,105.0,25.0,0.5569620253164557,0.49371863147908934,0.620205419153822,113.0,51.0,43.0,19.0,0.5425531914893617,0.4418406381192571,0.6432657448594662,EUR_CAD,H4,21,35,1,long,375
139.0,68.0,54.0,17.0,0.5573770491803278,0.4692381419702016,0.645515956390454,60.0,28.0,20.0,12.0,0.5833333333333334,0.4438609479077722,0.7228057187588945,EUR_CAD,H4,21,35,2,long,199
76.0,42.0,24.0,10.0,0.6363636363636364,0.5203068784848452,0.7524203942424275,33.0,16.0,10.0,7.0,0.6153846153846154,0.4283784001578088,0.802390830611422,EUR_CAD,H4,21,35,3,long,109
41.0,22.0,15.0,4.0,0.5945945945945946,0.43639314624245384,0.7527960429467354,18.0,11.0,4.0,3.0,0.7333333333333333,0.5095408368517008,0.9571258298149657,EUR_CAD,H4,21,35,4,long,59
11.0,3.0,8.0,0.0,0.2727272727272727,0.009535284742372196,0.5359192607121732,5.0,1.0,4.0,0.0,0.2,0.0,0.5506154588719672,EUR_CAD,H4,21,20,1,short,16
4.0,1.0,3.0,0.0,0.25,0.0,0.674352447854375,2.0,0.0,2.0,0.0,0.0,0.0,0.0,EUR_CAD,H4,21,20,2,short,6
2.0,0.0,2.0,0.0,0.0,0.0,0.0,2.0,1.0,1.0,0.0,0.5,0.0,1.0,EUR_CAD,H4,21,20,3,short,4
1.0,0.0,1.0,0.0,0.0,0.0,0.0,1.0,1.0,0.0,0.0,1.0,1.0,1.0,EUR_CAD,H4,21,20,4,short,2
35.0,17.0,18.0,0.0,0.4857142857142857,0.3201316779319464,0.651296893496625,16.0,6.0,9.0,1.0,0.4,0.15207743144279912,0.647922568557201,EUR_CAD,H4,21,25,1,short,51
18.0,7.0,11.0,0.0,0.3888888888888889,0.16367629309127704,0.6141014846865007,9.0,4.0,4.0,1.0,0.5,0.15351767721859172,0.8464823227814082,EUR_CAD,H4,21,25,2,short,27
10.0,5.0,5.0,0.0,0.5,0.19009678930349883,0.8099032106965012,5.0,2.0,2.0,1.0,0.5,0.010000000000000009,0.99,EUR_CAD,H4,21,25,3,short,15
6.0,3.0,3.0,0.0,0.5,0.09991667534541426,0.9000833246545857,3.0,2.0,1.0,0.0,0.6666666666666666,0.13322223379388565,1.0,EUR_CAD,H4,21,25,4,short,9
113.0,53.0,55.0,5.0,0.49074074074074076,0.3964563676630377,0.5850251138184438,49.0,16.0,28.0,5.0,0.36363636363636365,0.22149644463397886,0.5057762826387484,EUR_CAD,H4,21,30,1,short,162
57.0,28.0,29.0,0.0,0.49122807017543857,0.3614438767393184,0.6210122636115587,25.0,10.0,13.0,2.0,0.43478260869565216,0.23218421697992483,0.6373810004113795,EUR_CAD,H4,21,30,2,short,82
28.0,14.0,14.0,0.0,0.5,0.31479740822547864,0.6852025917745214,13.0,5.0,7.0,1.0,0.4166666666666667,0.13772189581554434,0.6956114375177891,EUR_CAD,H4,21,30,3,short,41
17.0,11.0,6.0,0.0,0.6470588235294118,0.41988689910096416,0.8742307479578595,8.0,2.0,5.0,1.0,0.2857142857142857,0.0,0.6203782963279159,EUR_CAD,H4,21,30,4,short,25
305.0,147.0,143.0,15.0,0.506896551724138,0.4493544446772262,0.5644386587710497,132.0,40.0,62.0,30.0,0.39215686274509803,0.29740633139364914,0.48690739409654693,EUR_CAD,H4,21,35,1,short,437
151.0,71.0,77.0,3.0,0.4797297297297297,0.39924045108429657,0.5602190083751628,66.0,23.0,28.0,15.0,0.45098039215686275,0.31441402999179735,0.5875467543219282,EUR_CAD,H4,21,35,2,short,217
74.0,36.0,35.0,3.0,0.5070422535211268,0.39074918745643583,0.6233353195858177,33.0,13.0,14.0,6.0,0.48148148148148145,0.29300979396482363,0.6699531689981393,EUR_CAD,H4,21,35,3,short,107
37.0,19.0,18.0,0.0,0.5135135135135135,0.3524613592923218,0.6745656677347052,17.0,6.0,6.0,5.0,0.5,0.21709836809708338,0.7829016319029166,EUR_CAD,H4,21,35,4,short,54
,,,,,,,,,,,,,,EUR_CAD,H4,28,20,1,long,0
,,,,,,,,,,,,,,EUR_CAD,H4,28,20,2,long,0
,,,,,,,,,,,,,,EUR_CAD,H4,28,20,3,long,0
,,,,,,,,,,,,,,EUR_CAD,H4,28,20,4,long,0
5.0,1.0,2.0,2.0,0.3333333333333333,0.0,0.8667777662061142,3.0,3.0,0.0,0.0,1.0,1.0,1.0,EUR_CAD,H4,28,25,1,long,8
2.0,0.0,0.0,2.0,,,,2.0,2.0,0.0,0.0,1.0,1.0,1.0,EUR_CAD,H4,28,25,2,long,4
2.0,1.0,0.0,1.0,1.0,1.0,1.0,1.0,1.0,0.0,0.0,1.0,1.0,1.0,EUR_CAD,H4,28,25,3,long,3
2.0,1.0,0.0,1.0,1.0,1.0,1.0,1.0,0.0,1.0,0.0,0.0,0.0,0.0,EUR_CAD,H4,28,25,4,long,3
44.0,20.0,16.0,8.0,0.5555555555555556,0.39323358385557083,0.7178775272555403,20.0,8.0,9.0,3.0,0.47058823529411764,0.23331489867342306,0.7078615719148122,EUR_CAD,H4,28,30,1,long,64
23.0,10.0,7.0,6.0,0.5882352941176471,0.3542806291426003,0.8221899590926939,10.0,2.0,7.0,1.0,0.2222222222222222,0.0,0.49383883252136757,EUR_CAD,H4,28,30,2,long,33
12.0,6.0,3.0,3.0,0.6666666666666666,0.3586823797498592,0.974650953583474,6.0,3.0,2.0,1.0,0.6,0.17058551491594975,1.0,EUR_CAD,H4,28,30,3,long,18
7.0,3.0,2.0,2.0,0.6,0.17058551491594975,1.0,4.0,2.0,1.0,1.0,0.6666666666666666,0.13322223379388565,1.0,EUR_CAD,H4,28,30,4,long,11
148.0,74.0,57.0,17.0,0.5648854961832062,0.47998652731929087,0.6497844650471214,64.0,28.0,27.0,9.0,0.509090909090909,0.37696957970030726,0.6412122384815109,EUR_CAD,H4,28,35,1,long,212
81.0,42.0,27.0,12.0,0.6086956521739131,0.4935390180524639,0.7238522862953622,36.0,17.0,14.0,5.0,0.5483870967741935,0.37320004290478614,0.7235741506436009,EUR_CAD,H4,28,35,2,long,117
46.0,29.0,10.0,7.0,0.7435897435897436,0.6065463325525574,0.8806331546269298,20.0,11.0,5.0,4.0,0.6875,0.4603789213326953,0.9146210786673047,EUR_CAD,H4,28,35,3,long,66
25.0,15.0,6.0,4.0,0.7142857142857143,0.5210673576698551,0.9075040709015735,11.0,9.0,1.0,1.0,0.9,0.7140580735820994,1.0,EUR_CAD,H4,28,35,4,long,36
4.0,0.0,4.0,0.0,0.0,0.0,0.0,3.0,0.0,3.0,0.0,0.0,0.0,0.0,EUR_CAD,H4,28,20,1,short,7
2.0,0.0,2.0,0.0,0.0,0.0,0.0,1.0,0.0,1.0,0.0,0.0,0.0,0.0,EUR_CAD,H4,28,20,2,short,3
0.0,0.0,0.0,0.0,,,,1.0,0.0,1.0,0.0,0.0,0.0,0.0,EUR_CAD,H4,28,20,3,short,1
,,,,,,,,,,,,,,EUR_CAD,H4,28,20,4,short,0
14.0,8.0,6.0,0.0,0.5714285714285714,0.31219894349225696,0.8306581993648858,6.0,1.0,5.0,0.0,0.16666666666666666,0.0,0.4648711701972571,EUR_CAD,H4,28,25,1,short,20
7.0,3.0,4.0,0.0,0.42857142857142855,0.06196537297496135,0.7951774841678958,3.0,1.0,2.0,0.0,0.3333333333333333,0.0,0.8667777662061142,EUR_CAD,H4,28,25,2,short,10
4.0,2.0,2.0,0.0,0.5,0.010000000000000009,0.99,3.0,1.0,2.0,0.0,0.3333333333333333,0.0,0.8667777662061142,EUR_CAD,H4,28,25,3,short,7
2.0,2.0,0.0,0.0,1.0,1.0,1.0,1.0,1.0,0.0,0.0,1.0,1.0,1.0,EUR_CAD,H4,28,25,4,short,3
53.0,28.0,25.0,0.0,0.5283018867924528,0.3939043568631324,0.6626994167217732,23.0,5.0,16.0,2.0,0.23809523809523808,0.05592722447817858,0.4202632517122976,EUR_CAD,H4,28,30,1,short,76
29.0,13.0,16.0,0.0,0.4482758620689655,0.26727079113275964,0.6292809330051714,13.0,4.0,7.0,2.0,0.36363636363636365,0.07935652563159407,0.6479162016411333,EUR_CAD,H4,28,30,2,short,42
16.0,9.0,7.0,0.0,0.5625,0.31942159829594075,0.8055784017040593,7.0,3.0,3.0,1.0,0.5,0.09991667534541426,0.9000833246545857,EUR_CAD,H4,28,30,3,short,23
9.0,5.0,4.0,0.0,0.5555555555555556,0.23091161215558614,0.8801994989555251,5.0,3.0,2.0,0.0,0.6,0.17058551491594975,1.0,EUR_CAD,H4,28,30,4,short,14
185.0,77.0,100.0,8.0,0.4350282485875706,0.361991482654276,0.5080650145208652,80.0,32.0,39.0,9.0,0.4507042253521127,0.334966260624249,0.5664421900799763,EUR_CAD,H4,28,35,1,short,265
90.0,35.0,55.0,0.0,0.3888888888888889,0.2881707541703602,0.4896070236074176,39.0,16.0,20.0,3.0,0.4444444444444444,0.2821224727444597,0.6067664161444292,EUR_CAD,H4,28,35,2,short,129
40.0,17.0,23.0,0.0,0.425,0.27180151763153787,0.578198482368462,18.0,9.0,8.0,1.0,0.5294117647058824,0.29213842808518775,0.766685101326577,EUR_CAD,H4,28,35,3,short,58
23.0,12.0,11.0,0.0,0.5217391304347826,0.3175882379179313,0.7258900229516339,10.0,2.0,6.0,2.0,0.25,0.0,0.5500624934909393,EUR_CAD,H4,28,35,4,short,33
191.0,60.0,65.0,66.0,0.48,0.3924162864454812,0.5675837135545188,82.0,24.0,38.0,20.0,0.3870967741935484,0.2658511827783741,0.5083423656087227,EUR_CHF,H4,7,20,1,long,273
101.0,34.0,36.0,31.0,0.4857142857142857,0.36862970090484126,0.6027988705237302,44.0,14.0,21.0,9.0,0.4,0.23769658044267833,0.5623034195573218,EUR_CHF,H4,7,20,2,long,145
50.0,15.0,15.0,20.0,0.5,0.32107729788164574,0.6789227021183543,22.0,6.0,13.0,3.0,0.3157894736842105,0.1067766313149944,0.5248023160534266,EUR_CHF,H4,7,20,3,long,72
24.0,5.0,11.0,8.0,0.3125,0.08537892133269531,0.5396210786673047,11.0,3.0,5.0,3.0,0.375,0.03951993352808575,0.7104800664719142,EUR_CHF,H4,7,20,4,long,35
360.0,111.0,114.0,135.0,0.49333333333333335,0.42800580766553736,0.5586608590011293,155.0,50.0,62.0,43.0,0.44642857142857145,0.35436032228697,0.5384968205701729,EUR_CHF,H4,7,25,1,long,515
191.0,57.0,66.0,68.0,0.4634146341463415,0.3752878748925798,0.5515413934001032,83.0,29.0,32.0,22.0,0.47540983606557374,0.3500855304633912,0.6007341416677563,EUR_CHF,H4,7,25,2,long,274
94.0,28.0,33.0,33.0,0.45901639344262296,0.3339624750067829,0.584070311878463,41.0,13.0,18.0,10.0,0.41935483870967744,0.24564618303541952,0.5930634943839354,EUR_CHF,H4,7,25,3,long,135
39.0,6.0,18.0,15.0,0.25,0.07675883860929586,0.4232411613907041,18.0,6.0,7.0,5.0,0.46153846153846156,0.19054070966539732,0.7325362134115259,EUR_CHF,H4,7,25,4,long,57
602.0,179.0,189.0,234.0,0.48641304347826086,0.4353458770307642,0.5374802099257575,259.0,89.0,93.0,77.0,0.489010989010989,0.41638610245986596,0.561635875562112,EUR_CHF,H4,7,30,1,long,861
306.0,93.0,97.0,116.0,0.48947368421052634,0.41839276894118665,0.560554599479866,132.0,43.0,49.0,40.0,0.4673913043478261,0.365436757629941,0.5693458510657112,EUR_CHF,H4,7,30,2,long,438
154.0,46.0,53.0,55.0,0.46464646464646464,0.3663992763941029,0.5628936528988263,67.0,23.0,25.0,19.0,0.4791666666666667,0.3378386912211856,0.6204946421121478,EUR_CHF,H4,7,30,3,long,221
69.0,16.0,30.0,23.0,0.34782608695652173,0.21018758329991247,0.48546459061313096,30.0,11.0,7.0,12.0,0.6111111111111112,0.38589851531349934,0.836323706908723,EUR_CHF,H4,7,30,4,long,99
909.0,263.0,280.0,366.0,0.4843462246777164,0.4423110151154886,0.5263814342399442,391.0,134.0,139.0,118.0,0.4908424908424908,0.4315401413308816,0.5501448403541,EUR_CHF,H4,7,35,1,long,1300
468.0,132.0,147.0,189.0,0.4731182795698925,0.41453207018403565,0.5317044889557494,202.0,68.0,69.0,65.0,0.49635036496350365,0.4126255449981161,0.5800751849288912,EUR_CHF,H4,7,35,2,long,670
235.0,64.0,76.0,95.0,0.45714285714285713,0.37462255661020033,0.539663157675514,102.0,31.0,36.0,35.0,0.4626865671641791,0.34329436448773026,0.5820787698406279,EUR_CHF,H4,7,35,3,long,337
105.0,27.0,41.0,37.0,0.39705882352941174,0.280762358845638,0.5133552882131854,46.0,14.0,12.0,20.0,0.5384615384615384,0.3468371904257853,0.7300858864972916,EUR_CHF,H4,7,35,4,long,151
189.0,57.0,64.0,68.0,0.47107438016528924,0.38213267922986827,0.5600160811007102,82.0,32.0,19.0,31.0,0.6274509803921569,0.4947565798447118,0.7601453809396019,EUR_CHF,H4,7,20,1,short,271
86.0,22.0,28.0,36.0,0.44,0.3024085584056915,0.5775914415943085,38.0,15.0,10.0,13.0,0.6,0.4079600041657988,0.7920399958342011,EUR_CHF,H4,7,20,2,short,124
39.0,11.0,19.0,9.0,0.36666666666666664,0.19422296678282158,0.5391103665505117,17.0,8.0,5.0,4.0,0.6153846153846154,0.35091788956280356,0.8798513412064273,EUR_CHF,H4,7,20,3,short,56
16.0,4.0,9.0,3.0,0.3076923076923077,0.05679714201505026,0.5585874733695652,8.0,5.0,2.0,1.0,0.7142857142857143,0.3796217036720841,1.0,EUR_CHF,H4,7,20,4,short,24
359.0,114.0,131.0,114.0,0.46530612244897956,0.40284712365287134,0.5277651212450878,154.0,57.0,46.0,51.0,0.5533980582524272,0.45738803431402053,0.6494080821908338,EUR_CHF,H4,7,25,1,short,513
172.0,53.0,58.0,61.0,0.4774774774774775,0.3845544106577302,0.5704005442972248,74.0,28.0,21.0,25.0,0.5714285714285714,0.4328645068230612,0.7099926360340816,EUR_CHF,H4,7,25,2,short,246
88.0,30.0,29.0,29.0,0.5084745762711864,0.3809077707574716,0.6360413817849012,39.0,15.0,15.0,9.0,0.5,0.32107729788164574,0.6789227021183543,EUR_CHF,H4,7,25,3,short,127
36.0,12.0,13.0,11.0,0.48,0.2841568627702262,0.6758431372297737,16.0,9.0,6.0,1.0,0.6,0.35207743144279907,0.8479225685572009,EUR_CHF,H4,7,25,4,short,52
578.0,183.0,204.0,191.0,0.4728682170542636,0.42312541424331424,0.522611019865213,248.0,93.0,73.0,82.0,0.5602409638554217,0.4847322898729829,0.6357496378378604,EUR_CHF,H4,7,30,1,short,826
275.0,89.0,93.0,93.0,0.489010989010989,0.41638610245986596,0.561635875562112,119.0,46.0,31.0,42.0,0.5974025974025974,0.48786082934967945,0.7069443654555153,EUR_CHF,H4,7,30,2,short,394
140.0,48.0,45.0,47.0,0.5161290322580645,0.4145606526032969,0.6176974119128321,61.0,25.0,21.0,15.0,0.5434782608695652,0.39953246821775373,0.6874240535213767,EUR_CHF,H4,7,30,3,short,201
63.0,20.0,20.0,23.0,0.5,0.3450483946517494,0.6549516053482506,28.0,13.0,12.0,3.0,0.52,0.32415686277022626,0.7158431372297738,EUR_CHF,H4,7,30,4,short,91
876.0,269.0,301.0,306.0,0.47192982456140353,0.4309468783891139,0.5129127707336932,376.0,129.0,118.0,129.0,0.5222672064777328,0.4599731660659209,0.5845612468895447,EUR_CHF,H4,7,35,1,short,1252
419.0,128.0,145.0,146.0,0.46886446886446886,0.40966727957068944,0.5280616581582482,180.0,65.0,54.0,61.0,0.5462184873949579,0.45676666609994965,0.6356703086899662,EUR_CHF,H4,7,35,2,short,599
208.0,68.0,64.0,76.0,0.5151515151515151,0.4298926362043675,0.6004103940986627,90.0,35.0,31.0,24.0,0.5303030303030303,0.4098951150314439,0.6507109455746167,EUR_CHF,H4,7,35,3,short,298
97.0,30.0,34.0,33.0,0.46875,0.34648949192017275,0.5910105080798272,42.0,17.0,17.0,8.0,0.5,0.3319313865603413,0.6680686134396587,EUR_CHF,H4,7,35,4,short,139
25.0,9.0,8.0,8.0,0.5294117647058824,0.29213842808518775,0.766685101326577,12.0,4.0,5.0,3.0,0.4444444444444444,0.11980050104447498,0.7690883878444139,EUR_CHF,H4,14,20,1,long,37
15.0,8.0,3.0,4.0,0.7272727272727273,0.4640807392878268,0.9904647152576278,7.0,0.0,5.0,2.0,0.0,0.0,0.0,EUR_CHF,H4,14,20,2,long,22
4.0,2.0,0.0,2.0,1.0,1.0,1.0,3.0,0.0,2.0,1.0,0.0,0.0,0.0,EUR_CHF,H4,14,20,3,long,7
2.0,1.0,0.0,1.0,1.0,1.0,1.0,2.0,0.0,2.0,0.0,0.0,0.0,0.0,EUR_CHF,H4,14,20,4,long,4
86.0,27.0,33.0,26.0,0.45,0.3241167207290817,0.5758832792709183,37.0,16.0,14.0,7.0,0.5333333333333333,0.354808679988615,0.7118579866780517,EUR_CHF,H4,14,25,1,long,123
47.0,19.0,17.0,11.0,0.5277777777777778,0.3646966968472296,0.690858858708326,21.0,7.0,12.0,2.0,0.3684210526315789,0.15151817542017268,0.5853239298429852,EUR_CHF,H4,14,25,2,long,68
21.0,9.0,5.0,7.0,0.6428571428571429,0.39185913489692026,0.8938551508173656,10.0,3.0,6.0,1.0,0.3333333333333333,0.02534904641652591,0.6413176202501407,EUR_CHF,H4,14,25,3,long,31
11.0,3.0,5.0,3.0,0.375,0.03951993352808575,0.7104800664719142,5.0,2.0,2.0,1.0,0.5,0.010000000000000009,0.99,EUR_CHF,H4,14,25,4,long,16
219.0,65.0,77.0,77.0,0.45774647887323944,0.3758008871313815,0.5396920706150974,94.0,35.0,38.0,21.0,0.4794520547945205,0.36484862856667355,0.5940554810223675,EUR_CHF,H4,14,30,1,long,313
119.0,36.0,44.0,39.0,0.45,0.3409818822396938,0.5590181177603063,52.0,17.0,24.0,11.0,0.4146341463414634,0.2638310121124069,0.5654372805705199,EUR_CHF,H4,14,30,2,long,171
53.0,13.0,18.0,22.0,0.41935483870967744,0.24564618303541952,0.5930634943839354,24.0,9.0,12.0,3.0,0.42857142857142855,0.21691132368626131,0.6402315334565958,EUR_CHF,H4,14,30,3,long,77
23.0,4.0,11.0,8.0,0.26666666666666666,0.0428741701850342,0.4904591631482991,11.0,4.0,5.0,2.0,0.4444444444444444,0.11980050104447498,0.7690883878444139,EUR_CHF,H4,14,30,4,long,34
461.0,140.0,146.0,175.0,0.48951048951048953,0.4315746282594932,0.5474463507614858,198.0,66.0,74.0,58.0,0.4714285714285714,0.388738789714021,0.5541183531431219,EUR_CHF,H4,14,35,1,long,659
237.0,72.0,72.0,93.0,0.5,0.41833333333333333,0.5816666666666667,102.0,33.0,38.0,31.0,0.4647887323943662,0.3487728849982566,0.5808045797904757,EUR_CHF,H4,14,35,2,long,339
117.0,33.0,36.0,48.0,0.4782608695652174,0.36039429681531093,0.5961274423151238,51.0,16.0,19.0,16.0,0.45714285714285713,0.2921022560775435,0.6221834582081708,EUR_CHF,H4,14,35,3,long,168
53.0,11.0,21.0,21.0,0.34375,0.17918514410155795,0.508314855898442,23.0,9.0,7.0,7.0,0.5625,0.31942159829594075,0.8055784017040593,EUR_CHF,H4,14,35,4,long,76
28.0,8.0,12.0,8.0,0.4,0.1852927574579749,0.6147072425420251,13.0,6.0,1.0,6.0,0.8571428571428571,0.5979132292065427,1.0,EUR_CHF,H4,14,20,1,short,41
12.0,3.0,3.0,6.0,0.5,0.09991667534541426,0.9000833246545857,6.0,2.0,2.0,2.0,0.5,0.010000000000000009,0.99,EUR_CHF,H4,14,20,2,short,18
6.0,1.0,4.0,1.0,0.2,0.0,0.5506154588719672,3.0,2.0,1.0,0.0,0.6666666666666666,0.13322223379388565,1.0,EUR_CHF,H4,14,20,3,short,9
0.0,0.0,0.0,0.0,,,,1.0,0.0,1.0,0.0,0.0,0.0,0.0,EUR_CHF,H4,14,20,4,short,1
82.0,25.0,34.0,23.0,0.423728813559322,0.29763681836812683,0.5498208087505172,36.0,19.0,5.0,12.0,0.7916666666666666,0.6291862547418464,0.9541470785914868,EUR_CHF,H4,14,25,1,short,118
37.0,15.0,13.0,9.0,0.5357142857142857,0.350984753695174,0.7204438177333974,16.0,7.0,4.0,5.0,0.6363636363636364,0.3520837983588668,0.920643474368406,EUR_CHF,H4,14,25,2,short,53
18.0,6.0,10.0,2.0,0.375,0.13777977004479572,0.6122202299552043,9.0,6.0,2.0,1.0,0.75,0.4499375065090607,1.0,EUR_CHF,H4,14,25,3,short,27
8.0,2.0,4.0,2.0,0.3333333333333333,0.0,0.7105355092038887,4.0,3.0,1.0,0.0,0.75,0.3256475521456251,1.0,EUR_CHF,H4,14,25,4,short,12
223.0,72.0,85.0,66.0,0.4585987261146497,0.38065479534196633,0.536542656887333,96.0,41.0,22.0,33.0,0.6507936507936508,0.5330741217547238,0.7685131798325778,EUR_CHF,H4,14,30,1,short,319
108.0,34.0,38.0,36.0,0.4722222222222222,0.35690648401299946,0.587537960431445,47.0,19.0,12.0,16.0,0.6129032258064516,0.44143606604916524,0.7843703855637381,EUR_CHF,H4,14,30,2,short,155
48.0,19.0,17.0,12.0,0.5277777777777778,0.3646966968472296,0.690858858708326,21.0,9.0,7.0,5.0,0.5625,0.31942159829594075,0.8055784017040593,EUR_CHF,H4,14,30,3,short,69
16.0,5.0,6.0,5.0,0.45454545454545453,0.1602878664116818,0.7488030426792273,8.0,6.0,1.0,1.0,0.8571428571428571,0.5979132292065427,1.0,EUR_CHF,H4,14,30,4,short,24
438.0,137.0,158.0,143.0,0.46440677966101696,0.4074937278073393,0.5213198315146946,189.0,76.0,54.0,59.0,0.5846153846153846,0.4999034268156448,0.6693273424151245,EUR_CHF,H4,14,35,1,short,627
224.0,69.0,73.0,82.0,0.4859154929577465,0.4037083546765564,0.5681226312389366,96.0,37.0,27.0,32.0,0.578125,0.4571296014320818,0.6991203985679182,EUR_CHF,H4,14,35,2,short,320
112.0,40.0,34.0,38.0,0.5405405405405406,0.426992944001634,0.6540881370794471,48.0,22.0,16.0,10.0,0.5789473684210527,0.42196459114786766,0.7359301456942376,EUR_CHF,H4,14,35,3,short,160
49.0,16.0,12.0,21.0,0.5714285714285714,0.3881255436303378,0.754731599226805,22.0,13.0,7.0,2.0,0.65,0.4409588557245249,0.8590411442754751,EUR_CHF,H4,14,35,4,short,71
5.0,1.0,2.0,2.0,0.3333333333333333,0.0,0.8667777662061142,3.0,2.0,1.0,0.0,0.6666666666666666,0.13322223379388565,1.0,EUR_CHF,H4,21,20,1,long,8
2.0,0.0,1.0,1.0,0.0,0.0,0.0,1.0,0.0,0.0,1.0,,,,EUR_CHF,H4,21,20,2,long,3
1.0,0.0,0.0,1.0,,,,1.0,0.0,0.0,1.0,,,,EUR_CHF,H4,21,20,3,long,2
0.0,0.0,0.0,0.0,,,,1.0,0.0,0.0,1.0,,,,EUR_CHF,H4,21,20,4,long,1
25.0,10.0,8.0,7.0,0.5555555555555556,0.3259976217062955,0.7851134894048157,12.0,5.0,6.0,1.0,0.45454545454545453,0.1602878664116818,0.7488030426792273,EUR_CHF,H4,21,25,1,long,37
12.0,6.0,3.0,3.0,0.6666666666666666,0.3586823797498592,0.974650953583474,6.0,0.0,5.0,1.0,0.0,0.0,0.0,EUR_CHF,H4,21,25,2,long,18
6.0,3.0,1.0,2.0,0.75,0.3256475521456251,1.0,3.0,0.0,2.0,1.0,0.0,0.0,0.0,EUR_CHF,H4,21,25,3,long,9
3.0,1.0,1.0,1.0,0.5,0.0,1.0,2.0,0.0,2.0,0.0,0.0,0.0,0.0,EUR_CHF,H4,21,25,4,long,5
93.0,32.0,37.0,24.0,0.463768115942029,0.34610013907497855,0.5814360928090794,41.0,21.0,13.0,7.0,0.6176470588235294,0.4542971037699747,0.7809970138770842,EUR_CHF,H4,21,30,1,long,134
53.0,20.0,21.0,12.0,0.4878048780487805,0.33480012175345375,0.6408096343441072,24.0,9.0,12.0,3.0,0.42857142857142855,0.21691132368626131,0.6402315334565958,EUR_CHF,H4,21,30,2,long,77
22.0,8.0,7.0,7.0,0.5333333333333333,0.28086134735527735,0.7858053193113893,10.0,3.0,5.0,2.0,0.375,0.03951993352808575,0.7104800664719142,EUR_CHF,H4,21,30,3,long,32
11.0,3.0,5.0,3.0,0.375,0.03951993352808575,0.7104800664719142,5.0,2.0,2.0,1.0,0.5,0.010000000000000009,0.99,EUR_CHF,H4,21,30,4,long,16
268.0,79.0,95.0,94.0,0.4540229885057471,0.38004414339612735,0.5280018336153669,115.0,46.0,46.0,23.0,0.5,0.39782793711203335,0.6021720628879667,EUR_CHF,H4,21,35,1,long,383
142.0,46.0,51.0,45.0,0.4742268041237113,0.3748551603481779,0.5735984478992447,61.0,24.0,26.0,11.0,0.48,0.34151798961597934,0.6184820103840206,EUR_CHF,H4,21,35,2,long,203
63.0,19.0,18.0,26.0,0.5135135135135135,0.3524613592923218,0.6745656677347052,28.0,10.0,15.0,3.0,0.4,0.20796000416579888,0.5920399958342012,EUR_CHF,H4,21,35,3,long,91
29.0,6.0,13.0,10.0,0.3157894736842105,0.1067766313149944,0.5248023160534266,13.0,7.0,5.0,1.0,0.5833333333333334,0.30438856248221097,0.8622781041844558,EUR_CHF,H4,21,35,4,long,42
6.0,1.0,3.0,2.0,0.25,0.0,0.674352447854375,3.0,1.0,1.0,1.0,0.5,0.0,1.0,EUR_CHF,H4,21,20,1,short,9
2.0,0.0,0.0,2.0,,,,1.0,0.0,0.0,1.0,,,,EUR_CHF,H4,21,20,2,short,3
1.0,0.0,0.0,1.0,,,,1.0,0.0,1.0,0.0,0.0,0.0,0.0,EUR_CHF,H4,21,20,3,short,2
0.0,0.0,0.0,0.0,,,,1.0,0.0,1.0,0.0,0.0,0.0,0.0,EUR_CHF,H4,21,20,4,short,1
30.0,7.0,15.0,8.0,0.3181818181818182,0.12354871828290975,0.5128149180807267,14.0,9.0,1.0,4.0,0.9,0.7140580735820994,1.0,EUR_CHF,H4,21,25,1,short,44
13.0,3.0,5.0,5.0,0.375,0.03951993352808575,0.7104800664719142,6.0,3.0,2.0,1.0,0.6,0.17058551491594975,1.0,EUR_CHF,H4,21,25,2,short,19
7.0,0.0,6.0,1.0,0.0,0.0,0.0,4.0,3.0,1.0,0.0,0.75,0.3256475521456251,1.0,EUR_CHF,H4,21,25,3,short,11
1.0,0.0,1.0,0.0,0.0,0.0,0.0,1.0,0.0,1.0,0.0,0.0,0.0,0.0,EUR_CHF,H4,21,25,4,short,2
88.0,30.0,36.0,22.0,0.45454545454545453,0.3344152972338223,0.5746756118570867,39.0,20.0,7.0,12.0,0.7407407407407407,0.5754401357919274,0.906041345689554,EUR_CHF,H4,21,30,1,short,127
42.0,16.0,13.0,13.0,0.5517241379310345,0.3707190669948286,0.7327292088672404,18.0,8.0,6.0,4.0,0.5714285714285714,0.31219894349225696,0.8306581993648858,EUR_CHF,H4,21,30,2,short,60
21.0,7.0,11.0,3.0,0.3888888888888889,0.16367629309127704,0.6141014846865007,9.0,4.0,4.0,1.0,0.5,0.15351767721859172,0.8464823227814082,EUR_CHF,H4,21,30,3,short,30
7.0,0.0,4.0,3.0,0.0,0.0,0.0,4.0,3.0,1.0,0.0,0.75,0.3256475521456251,1.0,EUR_CHF,H4,21,30,4,short,11
256.0,81.0,94.0,81.0,0.46285714285714286,0.38898079210807024,0.5367334936062155,110.0,49.0,27.0,34.0,0.6447368421052632,0.5371360161510582,0.7523376680594681,EUR_CHF,H4,21,35,1,short,366
130.0,42.0,42.0,46.0,0.5,0.39307323378436376,0.6069267662156362,56.0,23.0,17.0,16.0,0.575,0.42180151763153784,0.7281984823684621,EUR_CHF,H4,21,35,2,short,186
65.0,27.0,21.0,17.0,0.5625,0.4221586193419774,0.7028413806580226,28.0,12.0,11.0,5.0,0.5217391304347826,0.3175882379179313,0.7258900229516339,EUR_CHF,H4,21,35,3,short,93
25.0,9.0,6.0,10.0,0.6,0.35207743144279907,0.8479225685572009,11.0,6.0,4.0,1.0,0.6,0.2963581056573385,0.9036418943426614,EUR_CHF,H4,21,35,4,short,36
1.0,1.0,0.0,0.0,1.0,1.0,1.0,1.0,1.0,0.0,0.0,1.0,1.0,1.0,EUR_CHF,H4,28,20,1,long,2
0.0,0.0,0.0,0.0,,,,1.0,0.0,1.0,0.0,0.0,0.0,0.0,EUR_CHF,H4,28,20,2,long,1
,,,,,,,,,,,,,,EUR_CHF,H4,28,20,3,long,0
,,,,,,,,,,,,,,EUR_CHF,H4,28,20,4,long,0
9.0,5.0,2.0,2.0,0.7142857142857143,0.3796217036720841,1.0,4.0,2.0,2.0,0.0,0.5,0.010000000000000009,0.99,EUR_CHF,H4,28,25,1,long,13
2.0,0.0,1.0,1.0,0.0,0.0,0.0,2.0,1.0,0.0,1.0,1.0,1.0,1.0,EUR_CHF,H4,28,25,2,long,4
2.0,1.0,0.0,1.0,1.0,1.0,1.0,1.0,0.0,0.0,1.0,,,,EUR_CHF,H4,28,25,3,long,3
1.0,0.0,0.0,1.0,,,,1.0,1.0,0.0,0.0,1.0,1.0,1.0,EUR_CHF,H4,28,25,4,long,2
49.0,25.0,12.0,12.0,0.6756756756756757,0.5248365131074406,0.8265148382439107,21.0,13.0,7.0,1.0,0.65,0.4409588557245249,0.8590411442754751,EUR_CHF,H4,28,30,1,long,70
26.0,15.0,6.0,5.0,0.7142857142857143,0.5210673576698551,0.9075040709015735,12.0,4.0,8.0,0.0,0.3333333333333333,0.06661111689694282,0.6000555497697238,EUR_CHF,H4,28,30,2,long,38
9.0,6.0,1.0,2.0,0.8571428571428571,0.5979132292065427,1.0,5.0,1.0,3.0,1.0,0.25,0.0,0.674352447854375,EUR_CHF,H4,28,30,3,long,14
5.0,2.0,2.0,1.0,0.5,0.010000000000000009,0.99,3.0,1.0,2.0,0.0,0.3333333333333333,0.0,0.8667777662061142,EUR_CHF,H4,28,30,4,long,8
168.0,55.0,66.0,47.0,0.45454545454545453,0.3658234534950309,0.5432674555958781,72.0,32.0,26.0,14.0,0.5517241379310345,0.42373422484289125,0.6797140510191777,EUR_CHF,H4,28,35,1,long,240
93.0,28.0,38.0,27.0,0.42424242424242425,0.30500544034122423,0.5434794081436243,41.0,19.0,17.0,5.0,0.5277777777777778,0.3646966968472296,0.690858858708326,EUR_CHF,H4,28,35,2,long,134
39.0,12.0,15.0,12.0,0.4444444444444444,0.25701117633169046,0.6318777125571984,17.0,7.0,8.0,2.0,0.4666666666666667,0.2141946806886107,0.7191386526447227,EUR_CHF,H4,28,35,3,long,56
19.0,4.0,10.0,5.0,0.2857142857142857,0.04907109439030105,0.5223574770382704,9.0,5.0,3.0,1.0,0.625,0.28951993352808575,0.9604800664719142,EUR_CHF,H4,28,35,4,long,28
2.0,0.0,2.0,0.0,0.0,0.0,0.0,2.0,1.0,1.0,0.0,0.5,0.0,1.0,EUR_CHF,H4,28,20,1,short,4
0.0,0.0,0.0,0.0,,,,1.0,0.0,0.0,1.0,,,,EUR_CHF,H4,28,20,2,short,1
0.0,0.0,0.0,0.0,,,,1.0,0.0,1.0,0.0,0.0,0.0,0.0,EUR_CHF,H4,28,20,3,short,1
0.0,0.0,0.0,0.0,,,,1.0,0.0,1.0,0.0,0.0,0.0,0.0,EUR_CHF,H4,28,20,4,short,1
10.0,2.0,5.0,3.0,0.2857142857142857,0.0,0.6203782963279159,5.0,2.0,2.0,1.0,0.5,0.010000000000000009,0.99,EUR_CHF,H4,28,25,1,short,15
4.0,0.0,1.0,3.0,0.0,0.0,0.0,3.0,1.0,1.0,1.0,0.5,0.0,1.0,EUR_CHF,H4,28,25,2,short,7
3.0,0.0,2.0,1.0,0.0,0.0,0.0,2.0,1.0,1.0,0.0,0.5,0.0,1.0,EUR_CHF,H4,28,25,3,short,5
0.0,0.0,0.0,0.0,,,,1.0,0.0,1.0,0.0,0.0,0.0,0.0,EUR_CHF,H4,28,25,4,short,1
46.0,14.0,20.0,12.0,0.4117647058823529,0.24633377578827045,0.5771956359764354,20.0,12.0,4.0,4.0,0.75,0.5378237760728125,0.9621762239271875,EUR_CHF,H4,28,30,1,short,66
21.0,6.0,8.0,7.0,0.42857142857142855,0.16934180063511417,0.6878010565077429,9.0,4.0,4.0,1.0,0.5,0.15351767721859172,0.8464823227814082,EUR_CHF,H4,28,30,2,short,30
11.0,1.0,9.0,1.0,0.1,0.0,0.2859419264179007,5.0,3.0,2.0,0.0,0.6,0.17058551491594975,1.0,EUR_CHF,H4,28,30,3,short,16
3.0,0.0,2.0,1.0,0.0,0.0,0.0,2.0,0.0,2.0,0.0,0.0,0.0,0.0,EUR_CHF,H4,28,30,4,short,5
151.0,47.0,59.0,45.0,0.44339622641509435,0.3488221283399159,0.5379703244902728,66.0,33.0,13.0,20.0,0.717391304347826,0.5872701312652251,0.847512477430427,EUR_CHF,H4,28,35,1,short,217
77.0,27.0,24.0,26.0,0.5294117647058824,0.3924219399364037,0.666401589475361,34.0,15.0,11.0,8.0,0.5769230769230769,0.3870173676220525,0.7668287862241012,EUR_CHF,H4,28,35,2,short,111
39.0,18.0,13.0,8.0,0.5806451612903226,0.4069365056160647,0.7543538169645805,17.0,7.0,9.0,1.0,0.4375,0.19442159829594075,0.6805784017040593,EUR_CHF,H4,28,35,3,short,56
12.0,4.0,4.0,4.0,0.5,0.15351767721859172,0.8464823227814082,6.0,4.0,2.0,0.0,0.6666666666666666,0.28946449079611114,1.0,EUR_CHF,H4,28,35,4,short,18
174.0,80.0,88.0,6.0,0.47619047619047616,0.4006676074439587,0.5517133449369936,75.0,43.0,28.0,4.0,0.6056338028169014,0.4919543978382762,0.7193132077955265,EUR_NZD,H4,7,20,1,long,249
84.0,40.0,42.0,2.0,0.4878048780487805,0.37961417731855984,0.5959955787790011,37.0,17.0,19.0,1.0,0.4722222222222222,0.309141141291674,0.6353033031527704,EUR_NZD,H4,7,20,2,long,121
35.0,18.0,14.0,3.0,0.5625,0.3906176137950721,0.7343823862049279,15.0,6.0,8.0,1.0,0.42857142857142855,0.16934180063511417,0.6878010565077429,EUR_NZD,H4,7,20,3,long,50
19.0,10.0,7.0,2.0,0.5882352941176471,0.3542806291426003,0.8221899590926939,9.0,4.0,4.0,1.0,0.5,0.15351767721859172,0.8464823227814082,EUR_NZD,H4,7,20,4,long,28
358.0,158.0,182.0,18.0,0.4647058823529412,0.41169049568751015,0.5177212690183722,154.0,88.0,56.0,10.0,0.6111111111111112,0.531486434262553,0.6907357879596693,EUR_NZD,H4,7,25,1,long,512
173.0,78.0,90.0,5.0,0.4642857142857143,0.38887019864072253,0.5397012299307061,75.0,36.0,34.0,5.0,0.5142857142857142,0.39720112947626973,0.6313702990951587,EUR_NZD,H4,7,25,2,long,248
77.0,39.0,35.0,3.0,0.527027027027027,0.41327089478160517,0.6407831592724488,34.0,10.0,20.0,4.0,0.3333333333333333,0.1646433920318547,0.5020232746348119,EUR_NZD,H4,7,25,3,long,111
41.0,23.0,16.0,2.0,0.5897435897435898,0.4353664215728127,0.7441207579143668,18.0,5.0,10.0,3.0,0.3333333333333333,0.09476973050886098,0.5718969361578057,EUR_NZD,H4,7,25,4,long,59
616.0,275.0,315.0,26.0,0.4661016949152542,0.42584856289033046,0.506354826940178,265.0,147.0,98.0,20.0,0.6,0.5386550735594213,0.6613449264405786,EUR_NZD,H4,7,30,1,long,881
315.0,140.0,163.0,12.0,0.46204620462046203,0.405909107840379,0.518183301400545,135.0,62.0,66.0,7.0,0.484375,0.3977967248410885,0.5709532751589115,EUR_NZD,H4,7,30,2,long,450
147.0,73.0,66.0,8.0,0.5251798561151079,0.44216281145071856,0.6081969007794972,64.0,22.0,37.0,5.0,0.3728813559322034,0.2494884317449682,0.4962742801194386,EUR_NZD,H4,7,30,3,long,211
79.0,33.0,41.0,5.0,0.44594594594594594,0.3326909444730906,0.5592009474188013,34.0,12.0,19.0,3.0,0.3870967741935484,0.215629614436262,0.5585639339508348,EUR_NZD,H4,7,30,4,long,113
894.0,405.0,455.0,34.0,0.47093023255813954,0.43756903711810285,0.5042914279981762,384.0,208.0,144.0,32.0,0.5909090909090909,0.5395455459665848,0.6422726358515971,EUR_NZD,H4,7,35,1,long,1278
446.0,198.0,234.0,14.0,0.4583333333333333,0.4113470627924448,0.5053196038742218,192.0,90.0,91.0,11.0,0.4972375690607735,0.424395854467848,0.570079283653699,EUR_NZD,H4,7,35,2,long,638
219.0,110.0,99.0,10.0,0.5263157894736842,0.45862172634611403,0.5940098526012544,94.0,40.0,48.0,6.0,0.45454545454545453,0.3505096865529601,0.558581222537949,EUR_NZD,H4,7,35,3,long,313
121.0,52.0,63.0,6.0,0.45217391304347826,0.36120746077407767,0.5431403653128788,52.0,22.0,26.0,4.0,0.4583333333333333,0.3173745217106679,0.5992921449559987,EUR_NZD,H4,7,35,4,long,173
201.0,94.0,100.0,7.0,0.4845360824742268,0.41420984169239283,0.5548623232560608,87.0,32.0,48.0,7.0,0.4,0.29264637872898747,0.5073536212710126,EUR_NZD,H4,7,20,1,short,288
93.0,39.0,50.0,4.0,0.43820224719101125,0.33511893439179735,0.5412855599902251,40.0,11.0,23.0,6.0,0.3235294117647059,0.16627676772784217,0.48078205580156963,EUR_NZD,H4,7,20,2,short,133
44.0,20.0,23.0,1.0,0.46511627906976744,0.3160318440504992,0.6142007140890356,20.0,7.0,11.0,2.0,0.3888888888888889,0.16367629309127704,0.6141014846865007,EUR_NZD,H4,7,20,3,short,64
24.0,9.0,14.0,1.0,0.391304347826087,0.19184720669911723,0.5907614889530567,11.0,5.0,5.0,1.0,0.5,0.19009678930349883,0.8099032106965012,EUR_NZD,H4,7,20,4,short,35
404.0,192.0,198.0,14.0,0.49230769230769234,0.4426893363579512,0.5419260482574335,174.0,67.0,93.0,14.0,0.41875,0.3423039635796924,0.49519603642030763,EUR_NZD,H4,7,25,1,short,578
194.0,88.0,102.0,4.0,0.4631578947368421,0.39225448973029753,0.5340612997433867,84.0,26.0,48.0,10.0,0.35135135135135137,0.24257968435378746,0.4601230183489153,EUR_NZD,H4,7,25,2,short,278
94.0,43.0,50.0,1.0,0.46236559139784944,0.361032596485119,0.5636985863105799,41.0,14.0,22.0,5.0,0.3888888888888889,0.2296395351917726,0.5481382425860052,EUR_NZD,H4,7,25,3,short,135
51.0,22.0,28.0,1.0,0.44,0.3024085584056915,0.5775914415943085,22.0,7.0,14.0,1.0,0.3333333333333333,0.13171028938286652,0.5349563772838001,EUR_NZD,H4,7,25,4,short,73
639.0,297.0,322.0,20.0,0.4798061389337641,0.4404487518319852,0.519163526035543,275.0,112.0,140.0,23.0,0.4444444444444444,0.383092505953041,0.5057963829358478,EUR_NZD,H4,7,30,1,short,914
310.0,142.0,162.0,6.0,0.46710526315789475,0.41102017906202726,0.5231903472537622,134.0,48.0,72.0,14.0,0.4,0.3123461352820083,0.48765386471799177,EUR_NZD,H4,7,30,2,short,444
147.0,68.0,78.0,1.0,0.4657534246575342,0.38483851652626455,0.5466683327888039,64.0,23.0,35.0,6.0,0.39655172413793105,0.270655698226561,0.5224477500493011,EUR_NZD,H4,7,30,3,short,211
72.0,29.0,41.0,2.0,0.4142857142857143,0.2988872740882836,0.5296841544831451,32.0,14.0,16.0,2.0,0.4666666666666667,0.28814201332194833,0.645191320011385,EUR_NZD,H4,7,30,4,short,104
937.0,421.0,482.0,34.0,0.46622369878183834,0.4336858367791539,0.4987615607845228,402.0,171.0,197.0,34.0,0.46467391304347827,0.4137155449436948,0.5156322811432618,EUR_NZD,H4,7,35,1,short,1339
453.0,202.0,239.0,12.0,0.4580498866213152,0.411547759145227,0.5045520140974034,195.0,70.0,107.0,18.0,0.3954802259887006,0.32344630077126313,0.46751415120613804,EUR_NZD,H4,7,35,2,short,648
221.0,105.0,112.0,4.0,0.4838709677419355,0.4173788551730805,0.5503630803107905,95.0,34.0,52.0,9.0,0.3953488372093023,0.29201334205471435,0.49868433236389026,EUR_NZD,H4,7,35,3,short,316
108.0,47.0,59.0,2.0,0.44339622641509435,0.3488221283399159,0.5379703244902728,47.0,18.0,25.0,4.0,0.4186046511627907,0.271149603154368,0.5660596991712135,EUR_NZD,H4,7,35,4,short,155
23.0,11.0,11.0,1.0,0.5,0.29106329797150177,0.7089367020284982,10.0,7.0,3.0,0.0,0.7,0.415969015774687,0.984030984225313,EUR_NZD,H4,14,20,1,long,33
10.0,6.0,4.0,0.0,0.6,0.2963581056573385,0.9036418943426614,5.0,2.0,3.0,0.0,0.4,0.0,0.8294144850840502,EUR_NZD,H4,14,20,2,long,15
4.0,3.0,1.0,0.0,0.75,0.3256475521456251,1.0,2.0,1.0,1.0,0.0,0.5,0.0,1.0,EUR_NZD,H4,14,20,3,long,6
1.0,1.0,0.0,0.0,1.0,1.0,1.0,1.0,1.0,0.0,0.0,1.0,1.0,1.0,EUR_NZD,H4,14,20,4,long,2
68.0,33.0,32.0,3.0,0.5076923076923077,0.3861526537396521,0.6292319616449633,30.0,18.0,12.0,0.0,0.6,0.4246922705640165,0.7753077294359835,EUR_NZD,H4,14,25,1,long,98
38.0,21.0,16.0,1.0,0.5675675675675675,0.40793440271765047,0.7272007324174846,17.0,7.0,9.0,1.0,0.4375,0.19442159829594075,0.6805784017040593,EUR_NZD,H4,14,25,2,long,55
18.0,9.0,6.0,3.0,0.6,0.35207743144279907,0.8479225685572009,8.0,3.0,4.0,1.0,0.42857142857142855,0.06196537297496135,0.7951774841678958,EUR_NZD,H4,14,25,3,long,26
9.0,4.0,3.0,2.0,0.5714285714285714,0.2048225158321042,0.9380346270250386,5.0,3.0,1.0,1.0,0.75,0.3256475521456251,1.0,EUR_NZD,H4,14,25,4,long,14
205.0,92.0,104.0,9.0,0.46938775510204084,0.3995190736126838,0.5392564365913979,89.0,48.0,39.0,2.0,0.5517241379310345,0.4472208115013287,0.6562274643607403,EUR_NZD,H4,14,30,1,long,294
101.0,47.0,50.0,4.0,0.4845360824742268,0.3850797589698413,0.5839924059786122,44.0,22.0,21.0,1.0,0.5116279069767442,0.3622197268747698,0.6610360870787186,EUR_NZD,H4,14,30,2,long,145
46.0,24.0,19.0,3.0,0.5581395348837209,0.409704708335922,0.7065743614315199,20.0,7.0,11.0,2.0,0.3888888888888889,0.16367629309127704,0.6141014846865007,EUR_NZD,H4,14,30,3,long,66
24.0,13.0,9.0,2.0,0.5909090909090909,0.38545491113906605,0.7963632706791158,11.0,4.0,5.0,2.0,0.4444444444444444,0.11980050104447498,0.7690883878444139,EUR_NZD,H4,14,30,4,long,35
459.0,209.0,227.0,23.0,0.4793577981651376,0.43246432401154844,0.5262512723187268,197.0,115.0,73.0,9.0,0.6117021276595744,0.5420347204714053,0.6813695348477435,EUR_NZD,H4,14,35,1,long,656
228.0,105.0,114.0,9.0,0.4794520547945205,0.41328573581181965,0.5456183737772213,99.0,51.0,43.0,5.0,0.5425531914893617,0.4418406381192571,0.6432657448594662,EUR_NZD,H4,14,35,2,long,327
104.0,53.0,47.0,4.0,0.53,0.4321765590464126,0.6278234409535874,45.0,16.0,25.0,4.0,0.3902439024390244,0.2409265496089425,0.5395612552691063,EUR_NZD,H4,14,35,3,long,149
56.0,28.0,26.0,2.0,0.5185185185185185,0.3852489102138178,0.6517881268232192,25.0,10.0,12.0,3.0,0.45454545454545453,0.24647391856046566,0.6626169905304434,EUR_NZD,H4,14,35,4,long,81
30.0,11.0,18.0,1.0,0.3793103448275862,0.20270995022817426,0.5559107394269981,13.0,7.0,6.0,0.0,0.5384615384615384,0.2674637865884742,0.8094592903346027,EUR_NZD,H4,14,20,1,short,43
11.0,5.0,6.0,0.0,0.45454545454545453,0.1602878664116818,0.7488030426792273,5.0,4.0,1.0,0.0,0.8,0.44938454112803305,1.0,EUR_NZD,H4,14,20,2,short,16
7.0,3.0,4.0,0.0,0.42857142857142855,0.06196537297496135,0.7951774841678958,3.0,2.0,1.0,0.0,0.6666666666666666,0.13322223379388565,1.0,EUR_NZD,H4,14,20,3,short,10
3.0,1.0,2.0,0.0,0.3333333333333333,0.0,0.8667777662061142,2.0,1.0,1.0,0.0,0.5,0.0,1.0,EUR_NZD,H4,14,20,4,short,5
105.0,47.0,55.0,3.0,0.46078431372549017,0.36404876768979827,0.5575198597611821,46.0,17.0,24.0,5.0,0.4146341463414634,0.2638310121124069,0.5654372805705199,EUR_NZD,H4,14,25,1,short,151
45.0,14.0,30.0,1.0,0.3181818181818182,0.18055543339994132,0.45580820296369506,20.0,5.0,12.0,3.0,0.29411764705882354,0.07751771578937186,0.5107175783282752,EUR_NZD,H4,14,25,2,short,65
21.0,7.0,13.0,1.0,0.35,0.14095885572452488,0.559041144275475,10.0,3.0,7.0,0.0,0.3,0.015969015774687012,0.584030984225313,EUR_NZD,H4,14,25,3,short,31
11.0,5.0,5.0,1.0,0.5,0.19009678930349883,0.8099032106965012,5.0,1.0,4.0,0.0,0.2,0.0,0.5506154588719672,EUR_NZD,H4,14,25,4,short,16
244.0,110.0,125.0,9.0,0.46808510638297873,0.404287317511987,0.5318828952539705,105.0,41.0,55.0,9.0,0.4270833333333333,0.3281318076171983,0.5260348590494683,EUR_NZD,H4,14,30,1,short,349
112.0,50.0,59.0,3.0,0.45871559633027525,0.3651691417306614,0.5522620509298891,49.0,15.0,28.0,6.0,0.3488372093023256,0.20638209904782523,0.49129231955682595,EUR_NZD,H4,14,30,2,short,161
58.0,26.0,31.0,1.0,0.45614035087719296,0.3268365447530674,0.5854441570013185,26.0,10.0,14.0,2.0,0.4166666666666667,0.21942292762131047,0.6139104057120229,EUR_NZD,H4,14,30,3,short,84
31.0,9.0,20.0,2.0,0.3103448275862069,0.14196295808965828,0.4787266970827555,14.0,7.0,7.0,0.0,0.5,0.2380839829258241,0.7619160170741759,EUR_NZD,H4,14,30,4,short,45
534.0,232.0,283.0,19.0,0.45048543689320386,0.40751374650193495,0.4934571272844728,229.0,91.0,114.0,24.0,0.44390243902439025,0.37588842578652226,0.5119164522622582,EUR_NZD,H4,14,35,1,short,763
260.0,106.0,147.0,7.0,0.4189723320158103,0.3581746684780366,0.479769995553584,112.0,39.0,59.0,14.0,0.3979591836734694,0.3010476944954886,0.49487067285145014,EUR_NZD,H4,14,35,2,short,372
124.0,52.0,71.0,1.0,0.42276422764227645,0.33546121101445636,0.5100672442700965,54.0,21.0,27.0,6.0,0.4375,0.2971586193419774,0.5778413806580226,EUR_NZD,H4,14,35,3,short,178
67.0,25.0,40.0,2.0,0.38461538461538464,0.2663422692705106,0.5028884999602588,29.0,13.0,14.0,2.0,0.48148148148148145,0.29300979396482363,0.6699531689981393,EUR_NZD,H4,14,35,4,short,96
2.0,1.0,1.0,0.0,0.5,0.0,1.0,1.0,1.0,0.0,0.0,1.0,1.0,1.0,EUR_NZD,H4,21,20,1,long,3
0.0,0.0,0.0,0.0,,,,1.0,1.0,0.0,0.0,1.0,1.0,1.0,EUR_NZD,H4,21,20,2,long,1
0.0,0.0,0.0,0.0,,,,1.0,1.0,0.0,0.0,1.0,1.0,1.0,EUR_NZD,H4,21,20,3,long,1
0.0,0.0,0.0,0.0,,,,1.0,1.0,0.0,0.0,1.0,1.0,1.0,EUR_NZD,H4,21,20,4,long,1
21.0,7.0,12.0,2.0,0.3684210526315789,0.15151817542017268,0.5853239298429852,10.0,9.0,1.0,0.0,0.9,0.7140580735820994,1.0,EUR_NZD,H4,21,25,1,long,31
8.0,4.0,3.0,1.0,0.5714285714285714,0.2048225158321042,0.9380346270250386,4.0,1.0,3.0,0.0,0.25,0.0,0.674352447854375,EUR_NZD,H4,21,25,2,long,12
3.0,1.0,1.0,1.0,0.5,0.0,1.0,2.0,1.0,1.0,0.0,0.5,0.0,1.0,EUR_NZD,H4,21,25,3,long,5
1.0,0.0,1.0,0.0,0.0,0.0,0.0,1.0,1.0,0.0,0.0,1.0,1.0,1.0,EUR_NZD,H4,21,25,4,long,2
72.0,33.0,36.0,3.0,0.4782608695652174,0.36039429681531093,0.5961274423151238,31.0,20.0,11.0,0.0,0.6451612903225806,0.476729187382965,0.8135933932621963,EUR_NZD,H4,21,30,1,long,103
37.0,19.0,17.0,1.0,0.5277777777777778,0.3646966968472296,0.690858858708326,17.0,8.0,8.0,1.0,0.5,0.255,0.745,EUR_NZD,H4,21,30,2,long,54
18.0,10.0,5.0,3.0,0.6666666666666666,0.4281030638421943,0.9052302694911389,8.0,2.0,5.0,1.0,0.2857142857142857,0.0,0.6203782963279159,EUR_NZD,H4,21,30,3,long,26
9.0,6.0,2.0,1.0,0.75,0.4499375065090607,1.0,4.0,2.0,1.0,1.0,0.6666666666666666,0.13322223379388565,1.0,EUR_NZD,H4,21,30,4,long,13
244.0,108.0,122.0,14.0,0.46956521739130436,0.4050657526767258,0.534064682105883,105.0,54.0,49.0,2.0,0.5242718446601942,0.4278234165059773,0.620720272814411,EUR_NZD,H4,21,35,1,long,349
118.0,55.0,56.0,7.0,0.4954954954954955,0.4024817867421636,0.5885092042488274,52.0,26.0,25.0,1.0,0.5098039215686274,0.3726028556177434,0.6470049875195114,EUR_NZD,H4,21,35,2,long,170
56.0,30.0,22.0,4.0,0.5769230769230769,0.4426394620902813,0.7112066917558724,25.0,9.0,14.0,2.0,0.391304347826087,0.19184720669911723,0.5907614889530567,EUR_NZD,H4,21,35,3,long,81
28.0,16.0,10.0,2.0,0.6153846153846154,0.4283784001578088,0.802390830611422,13.0,6.0,5.0,2.0,0.5454545454545454,0.2511969573207727,0.8397121335883182,EUR_NZD,H4,21,35,4,long,41
4.0,2.0,2.0,0.0,0.5,0.010000000000000009,0.99,3.0,1.0,2.0,0.0,0.3333333333333333,0.0,0.8667777662061142,EUR_NZD,H4,21,20,1,short,7
2.0,0.0,2.0,0.0,0.0,0.0,0.0,1.0,1.0,0.0,0.0,1.0,1.0,1.0,EUR_NZD,H4,21,20,2,short,3
,,,,,,,,,,,,,,EUR_NZD,H4,21,20,3,short,0
,,,,,,,,,,,,,,EUR_NZD,H4,21,20,4,short,0
37.0,13.0,22.0,2.0,0.37142857142857144,0.2113485914185777,0.5315085514385651,17.0,9.0,8.0,0.0,0.5294117647058824,0.29213842808518775,0.766685101326577,EUR_NZD,H4,21,25,1,short,54
17.0,5.0,11.0,1.0,0.3125,0.08537892133269531,0.5396210786673047,8.0,4.0,4.0,0.0,0.5,0.15351767721859172,0.8464823227814082,EUR_NZD,H4,21,25,2,short,25
8.0,3.0,4.0,1.0,0.42857142857142855,0.06196537297496135,0.7951774841678958,4.0,3.0,1.0,0.0,0.75,0.3256475521456251,1.0,EUR_NZD,H4,21,25,3,short,12
4.0,1.0,2.0,1.0,0.3333333333333333,0.0,0.8667777662061142,3.0,1.0,2.0,0.0,0.3333333333333333,0.0,0.8667777662061142,EUR_NZD,H4,21,25,4,short,7
121.0,54.0,62.0,5.0,0.46551724137931033,0.37474317054116424,0.5562913122174564,53.0,23.0,26.0,4.0,0.46938775510204084,0.32965039212332675,0.6091251180807549,EUR_NZD,H4,21,30,1,short,174
55.0,18.0,34.0,3.0,0.34615384615384615,0.21684543752332425,0.47546225478436804,24.0,8.0,14.0,2.0,0.36363636363636365,0.16262016242857788,0.5646525648441494,EUR_NZD,H4,21,30,2,short,79
25.0,9.0,15.0,1.0,0.375,0.18131049331468677,0.5686895066853133,12.0,6.0,6.0,0.0,0.5,0.21709836809708338,0.7829016319029166,EUR_NZD,H4,21,30,3,short,37
14.0,4.0,8.0,2.0,0.3333333333333333,0.06661111689694282,0.6000555497697238,6.0,3.0,3.0,0.0,0.5,0.09991667534541426,0.9000833246545857,EUR_NZD,H4,21,30,4,short,20
310.0,137.0,164.0,9.0,0.45514950166112955,0.3988909515264628,0.5114080517957963,134.0,55.0,63.0,16.0,0.4661016949152542,0.376092955400251,0.5561104344302574,EUR_NZD,H4,21,35,1,short,444
146.0,59.0,83.0,4.0,0.4154929577464789,0.3344363159543184,0.49654959953863936,63.0,26.0,29.0,8.0,0.4727272727272727,0.3407808227374621,0.6046737227170833,EUR_NZD,H4,21,35,2,short,209
74.0,30.0,43.0,1.0,0.410958904109589,0.29809199385958585,0.5238258143595922,33.0,16.0,14.0,3.0,0.5333333333333333,0.354808679988615,0.7118579866780517,EUR_NZD,H4,21,35,3,short,107
39.0,12.0,25.0,2.0,0.32432432432432434,0.17348516175608936,0.47516348689255933,18.0,10.0,8.0,0.0,0.5555555555555556,0.3259976217062955,0.7851134894048157,EUR_NZD,H4,21,35,4,short,57
1.0,0.0,1.0,0.0,0.0,0.0,0.0,1.0,1.0,0.0,0.0,1.0,1.0,1.0,EUR_NZD,H4,28,20,1,long,2
0.0,0.0,0.0,0.0,,,,1.0,1.0,0.0,0.0,1.0,1.0,1.0,EUR_NZD,H4,28,20,2,long,1
0.0,0.0,0.0,0.0,,,,1.0,1.0,0.0,0.0,1.0,1.0,1.0,EUR_NZD,H4,28,20,3,long,1
0.0,0.0,0.0,0.0,,,,1.0,1.0,0.0,0.0,1.0,1.0,1.0,EUR_NZD,H4,28,20,4,long,1
3.0,0.0,3.0,0.0,0.0,0.0,0.0,2.0,2.0,0.0,0.0,1.0,1.0,1.0,EUR_NZD,H4,28,25,1,long,5
2.0,0.0,2.0,0.0,0.0,0.0,0.0,1.0,1.0,0.0,0.0,1.0,1.0,1.0,EUR_NZD,H4,28,25,2,long,3
0.0,0.0,0.0,0.0,,,,1.0,1.0,0.0,0.0,1.0,1.0,1.0,EUR_NZD,H4,28,25,3,long,1
0.0,0.0,0.0,0.0,,,,1.0,1.0,0.0,0.0,1.0,1.0,1.0,EUR_NZD,H4,28,25,4,long,1
36.0,15.0,19.0,2.0,0.4411764705882353,0.2742750144182945,0.6080779267581761,16.0,13.0,3.0,0.0,0.8125,0.621246936299049,1.0,EUR_NZD,H4,28,30,1,long,52
15.0,8.0,7.0,0.0,0.5333333333333333,0.28086134735527735,0.7858053193113893,7.0,3.0,3.0,1.0,0.5,0.09991667534541426,0.9000833246545857,EUR_NZD,H4,28,30,2,long,22
7.0,3.0,3.0,1.0,0.5,0.09991667534541426,0.9000833246545857,3.0,1.0,2.0,0.0,0.3333333333333333,0.0,0.8667777662061142,EUR_NZD,H4,28,30,3,long,10
2.0,2.0,0.0,0.0,1.0,1.0,1.0,2.0,1.0,1.0,0.0,0.5,0.0,1.0,EUR_NZD,H4,28,30,4,long,4
121.0,51.0,64.0,6.0,0.4434782608695652,0.3526785666730592,0.5342779550660712,52.0,30.0,22.0,0.0,0.5769230769230769,0.4426394620902813,0.7112066917558724,EUR_NZD,H4,28,35,1,long,173
60.0,27.0,28.0,5.0,0.4909090909090909,0.3587877615184891,0.6230304202996927,27.0,13.0,14.0,0.0,0.48148148148148145,0.29300979396482363,0.6699531689981393,EUR_NZD,H4,28,35,2,long,87
30.0,14.0,13.0,3.0,0.5185185185185185,0.3300468310018606,0.7069902060351764,13.0,4.0,8.0,1.0,0.3333333333333333,0.06661111689694282,0.6000555497697238,EUR_NZD,H4,28,35,3,long,43
15.0,7.0,7.0,1.0,0.5,0.2380839829258241,0.7619160170741759,7.0,3.0,3.0,1.0,0.5,0.09991667534541426,0.9000833246545857,EUR_NZD,H4,28,35,4,long,22
2.0,2.0,0.0,0.0,1.0,1.0,1.0,2.0,1.0,1.0,0.0,0.5,0.0,1.0,EUR_NZD,H4,28,20,1,short,4
1.0,0.0,1.0,0.0,0.0,0.0,0.0,1.0,1.0,0.0,0.0,1.0,1.0,1.0,EUR_NZD,H4,28,20,2,short,2
,,,,,,,,,,,,,,EUR_NZD,H4,28,20,3,short,0
,,,,,,,,,,,,,,EUR_NZD,H4,28,20,4,short,0
11.0,4.0,7.0,0.0,0.36363636363636365,0.07935652563159407,0.6479162016411333,5.0,1.0,4.0,0.0,0.2,0.0,0.5506154588719672,EUR_NZD,H4,28,25,1,short,16
4.0,1.0,3.0,0.0,0.25,0.0,0.674352447854375,3.0,1.0,2.0,0.0,0.3333333333333333,0.0,0.8667777662061142,EUR_NZD,H4,28,25,2,short,7
1.0,1.0,0.0,0.0,1.0,1.0,1.0,1.0,0.0,1.0,0.0,0.0,0.0,0.0,EUR_NZD,H4,28,25,3,short,2
0.0,0.0,0.0,0.0,,,,1.0,0.0,1.0,0.0,0.0,0.0,0.0,EUR_NZD,H4,28,25,4,short,1
61.0,28.0,31.0,2.0,0.4745762711864407,0.34715617855107106,0.6019963638218103,27.0,13.0,13.0,1.0,0.5,0.30780618756457967,0.6921938124354203,EUR_NZD,H4,28,30,1,short,88
26.0,6.0,18.0,2.0,0.25,0.07675883860929586,0.4232411613907041,12.0,6.0,5.0,1.0,0.5454545454545454,0.2511969573207727,0.8397121335883182,EUR_NZD,H4,28,30,2,short,38
13.0,4.0,8.0,1.0,0.3333333333333333,0.06661111689694282,0.6000555497697238,6.0,4.0,2.0,0.0,0.6666666666666666,0.28946449079611114,1.0,EUR_NZD,H4,28,30,3,short,19
6.0,2.0,3.0,1.0,0.4,0.0,0.8294144850840502,3.0,1.0,2.0,0.0,0.3333333333333333,0.0,0.8667777662061142,EUR_NZD,H4,28,30,4,short,9
193.0,91.0,95.0,7.0,0.489247311827957,0.4174068436653018,0.5610877799906122,84.0,44.0,31.0,9.0,0.5866666666666667,0.47521890218748386,0.6981144311458495,EUR_NZD,H4,28,35,1,short,277
96.0,38.0,54.0,4.0,0.41304347826086957,0.31242841408075406,0.5136585424409851,42.0,20.0,17.0,5.0,0.5405405405405406,0.3799599895403506,0.7011210915407305,EUR_NZD,H4,28,35,2,short,138
51.0,22.0,28.0,1.0,0.44,0.3024085584056915,0.5775914415943085,23.0,11.0,9.0,3.0,0.55,0.3319637644793876,0.7680362355206125,EUR_NZD,H4,28,35,3,short,74
26.0,8.0,16.0,2.0,0.3333333333333333,0.14473224539805557,0.521934421268611,12.0,6.0,6.0,0.0,0.5,0.21709836809708338,0.7829016319029166,EUR_NZD,H4,28,35,4,short,38
193.0,36.0,79.0,78.0,0.3130434782608696,0.22828676504236103,0.3978001914793782,84.0,17.0,15.0,52.0,0.53125,0.35834753133088293,0.7041524686691171,EUR_CZK,H4,7,20,1,long,277
91.0,19.0,33.0,39.0,0.36538461538461536,0.23450113761933572,0.496268093149895,40.0,12.0,3.0,25.0,0.8,0.5975720704382257,1.0,EUR_CZK,H4,7,20,2,long,131
42.0,10.0,18.0,14.0,0.35714285714285715,0.17966046364986868,0.5346252506358457,19.0,6.0,0.0,13.0,1.0,1.0,1.0,EUR_CZK,H4,7,20,3,long,61
17.0,3.0,7.0,7.0,0.3,0.015969015774687012,0.584030984225313,8.0,2.0,1.0,5.0,0.6666666666666666,0.13322223379388565,1.0,EUR_CZK,H4,7,20,4,long,25
394.0,65.0,173.0,156.0,0.27310924369747897,0.2165022141802961,0.3297162732146618,169.0,34.0,32.0,103.0,0.5151515151515151,0.394577252231733,0.6357257780712973,EUR_CZK,H4,7,25,1,long,563
181.0,34.0,68.0,79.0,0.3333333333333333,0.24184836784350333,0.4248182988231633,78.0,21.0,14.0,43.0,0.6,0.4376965804426783,0.7623034195573217,EUR_CZK,H4,7,25,2,long,259
85.0,16.0,36.0,33.0,0.3076923076923077,0.18224472485367899,0.43313989053093643,37.0,11.0,4.0,22.0,0.7333333333333333,0.5095408368517008,0.9571258298149657,EUR_CZK,H4,7,25,3,long,122
42.0,7.0,18.0,17.0,0.28,0.10399243652615381,0.45600756347384624,18.0,6.0,4.0,8.0,0.6,0.2963581056573385,0.9036418943426614,EUR_CZK,H4,7,25,4,long,60
640.0,96.0,260.0,284.0,0.2696629213483146,0.22356266239533132,0.3157631803012979,275.0,57.0,48.0,170.0,0.5428571428571428,0.4475709074048664,0.6381433783094193,EUR_CZK,H4,7,30,1,long,915
297.0,50.0,108.0,139.0,0.31645569620253167,0.24393410559858758,0.38897728680647575,128.0,30.0,16.0,82.0,0.6521739130434783,0.514535409386869,0.7898124167000875,EUR_CZK,H4,7,30,2,long,425
132.0,26.0,47.0,59.0,0.3561643835616438,0.24631253130617448,0.46601623581711316,57.0,12.0,5.0,40.0,0.7058823529411765,0.48928242167172487,0.9224822842106282,EUR_CZK,H4,7,30,3,long,189
58.0,16.0,22.0,20.0,0.42105263157894735,0.26406985430576235,0.5780354088521323,25.0,6.0,4.0,15.0,0.6,0.2963581056573385,0.9036418943426614,EUR_CZK,H4,7,30,4,long,83
981.0,147.0,372.0,462.0,0.2832369942196532,0.2444724062765917,0.3220015821627147,421.0,83.0,72.0,266.0,0.535483870967742,0.45696684910861046,0.6140008928268735,EUR_CZK,H4,7,35,1,long,1402
451.0,74.0,161.0,216.0,0.3148936170212766,0.2555077535050513,0.37427948053750193,194.0,45.0,27.0,122.0,0.625,0.5131733111760286,0.7368266888239714,EUR_CZK,H4,7,35,2,long,645
191.0,38.0,70.0,83.0,0.35185185185185186,0.2617857728170998,0.4419179308866039,83.0,16.0,9.0,58.0,0.64,0.45184,0.82816,EUR_CZK,H4,7,35,3,long,274
81.0,20.0,31.0,30.0,0.39215686274509803,0.25815937626582186,0.5261543492243742,36.0,9.0,6.0,21.0,0.6,0.35207743144279907,0.8479225685572009,EUR_CZK,H4,7,35,4,long,117
196.0,38.0,71.0,87.0,0.3486238532110092,0.2591621222094632,0.43808558421255517,84.0,16.0,21.0,47.0,0.43243243243243246,0.2727992675825154,0.5920655972823495,EUR_CZK,H4,7,20,1,short,280
94.0,18.0,32.0,44.0,0.36,0.22695078805193922,0.49304921194806073,41.0,2.0,12.0,27.0,0.14285714285714285,0.0,0.32616017065537645,EUR_CZK,H4,7,20,2,short,135
44.0,7.0,18.0,19.0,0.28,0.10399243652615381,0.45600756347384624,19.0,1.0,7.0,11.0,0.125,0.0,0.3541765149399039,EUR_CZK,H4,7,20,3,short,63
17.0,2.0,7.0,8.0,0.2222222222222222,0.0,0.49383883252136757,8.0,0.0,5.0,3.0,0.0,0.0,0.0,EUR_CZK,H4,7,20,4,short,25
362.0,58.0,131.0,173.0,0.30687830687830686,0.24112569487802182,0.3726309188785919,156.0,23.0,44.0,89.0,0.34328358208955223,0.22959047809180366,0.4569766860873008,EUR_CZK,H4,7,25,1,short,518
172.0,27.0,55.0,90.0,0.32926829268292684,0.2275501270449249,0.4309864583209288,74.0,6.0,22.0,46.0,0.21428571428571427,0.062298872750007644,0.36627255582142093,EUR_CZK,H4,7,25,2,short,246
80.0,10.0,32.0,38.0,0.23809523809523808,0.10928300035133198,0.3669074758391442,35.0,2.0,8.0,25.0,0.2,0.0,0.447922568557201,EUR_CZK,H4,7,25,3,short,115
36.0,5.0,17.0,14.0,0.22727272727272727,0.05215443517164578,0.4023910193738087,16.0,0.0,5.0,11.0,0.0,0.0,0.0,EUR_CZK,H4,7,25,4,short,52
589.0,106.0,200.0,283.0,0.3464052287581699,0.2930911557830186,0.39971930173332126,253.0,33.0,72.0,148.0,0.3142857142857143,0.22548931796243998,0.4030821106089886,EUR_CZK,H4,7,30,1,short,842
278.0,49.0,84.0,145.0,0.3684210526315789,0.28643947095218464,0.4504026343109732,120.0,11.0,35.0,74.0,0.2391304347826087,0.1158626224270871,0.3623982471381303,EUR_CZK,H4,7,30,2,short,398
126.0,19.0,43.0,64.0,0.3064516129032258,0.19169451274003857,0.42120871306641305,55.0,5.0,13.0,37.0,0.2777777777777778,0.0708570524820083,0.4846985030735473,EUR_CZK,H4,7,30,3,short,181
53.0,9.0,21.0,23.0,0.3,0.1360146347993212,0.4639853652006788,24.0,1.0,6.0,17.0,0.14285714285714285,0.0,0.4020867707934573,EUR_CZK,H4,7,30,4,short,77
887.0,167.0,277.0,443.0,0.3761261261261261,0.33106731421315255,0.4211849380390997,381.0,45.0,114.0,222.0,0.2830188679245283,0.21299935789125776,0.3530383779577988,EUR_CZK,H4,7,35,1,short,1268
426.0,82.0,130.0,214.0,0.3867924528301887,0.3212336699271245,0.4523512357332529,183.0,15.0,52.0,116.0,0.22388059701492538,0.12406666399610672,0.32369453003374404,EUR_CZK,H4,7,35,2,short,609
192.0,33.0,62.0,97.0,0.3473684210526316,0.25162179522138006,0.44311504688388315,83.0,6.0,23.0,54.0,0.20689655172413793,0.0594622226791342,0.35433088076914165,EUR_CZK,H4,7,35,3,short,275
87.0,15.0,31.0,41.0,0.32608695652173914,0.19061612382682103,0.46155778921665724,38.0,3.0,11.0,24.0,0.21428571428571427,0.0,0.42922756688776104,EUR_CZK,H4,7,35,4,short,125
30.0,6.0,17.0,7.0,0.2608695652173913,0.08141091240005918,0.44032821803472344,14.0,4.0,1.0,9.0,0.8,0.44938454112803305,1.0,EUR_CZK,H4,14,20,1,long,44
15.0,2.0,9.0,4.0,0.18181818181818182,0.0,0.40974912948563447,7.0,2.0,2.0,3.0,0.5,0.010000000000000009,0.99,EUR_CZK,H4,14,20,2,long,22
4.0,1.0,2.0,1.0,0.3333333333333333,0.0,0.8667777662061142,3.0,0.0,1.0,2.0,0.0,0.0,0.0,EUR_CZK,H4,14,20,3,long,7
2.0,0.0,1.0,1.0,0.0,0.0,0.0,2.0,0.0,1.0,1.0,0.0,0.0,0.0,EUR_CZK,H4,14,20,4,long,4
93.0,22.0,41.0,30.0,0.3492063492063492,0.2314868201674222,0.4669258782452762,40.0,7.0,5.0,28.0,0.5833333333333334,0.30438856248221097,0.8622781041844558,EUR_CZK,H4,14,25,1,long,133
44.0,8.0,18.0,18.0,0.3076923076923077,0.13028263467499662,0.4851019807096188,19.0,2.0,1.0,16.0,0.6666666666666666,0.13322223379388565,1.0,EUR_CZK,H4,14,25,2,long,63
17.0,4.0,7.0,6.0,0.36363636363636365,0.07935652563159407,0.6479162016411333,8.0,0.0,1.0,7.0,0.0,0.0,0.0,EUR_CZK,H4,14,25,3,long,25
9.0,1.0,4.0,4.0,0.2,0.0,0.5506154588719672,4.0,0.0,0.0,4.0,,,,EUR_CZK,H4,14,25,4,long,13
233.0,43.0,103.0,87.0,0.2945205479452055,0.22058051702976325,0.36846057886064776,101.0,13.0,19.0,69.0,0.40625,0.23608133941035148,0.5764186605896485,EUR_CZK,H4,14,30,1,long,334
106.0,22.0,35.0,49.0,0.38596491228070173,0.25958176960687573,0.5123480549545277,46.0,9.0,7.0,30.0,0.5625,0.31942159829594075,0.8055784017040593,EUR_CZK,H4,14,30,2,long,152
46.0,8.0,23.0,15.0,0.25806451612903225,0.10402844173378381,0.4121005905242807,20.0,5.0,0.0,15.0,1.0,1.0,1.0,EUR_CZK,H4,14,30,3,long,66
21.0,2.0,11.0,8.0,0.15384615384615385,0.0,0.34997992703884034,9.0,2.0,1.0,6.0,0.6666666666666666,0.13322223379388565,1.0,EUR_CZK,H4,14,30,4,long,30
512.0,87.0,222.0,203.0,0.2815533980582524,0.23140530007460144,0.33170149604190335,220.0,37.0,39.0,144.0,0.4868421052631579,0.3744673268225888,0.5992168837037269,EUR_CZK,H4,14,35,1,long,732
237.0,44.0,86.0,107.0,0.3384615384615385,0.257119208757198,0.41980386816587895,102.0,20.0,17.0,65.0,0.5405405405405406,0.3799599895403506,0.7011210915407305,EUR_CZK,H4,14,35,2,long,339
101.0,18.0,40.0,43.0,0.3103448275862069,0.19128086583632908,0.42940878933608473,44.0,11.0,1.0,32.0,0.9166666666666666,0.7602869057331314,1.0,EUR_CZK,H4,14,35,3,long,145
42.0,9.0,18.0,15.0,0.3333333333333333,0.15551852237573965,0.5111481442909269,18.0,5.0,3.0,10.0,0.625,0.28951993352808575,0.9604800664719142,EUR_CZK,H4,14,35,4,long,60
39.0,10.0,11.0,18.0,0.47619047619047616,0.26257954568917985,0.6898014066917725,18.0,4.0,6.0,8.0,0.4,0.09635810565733854,0.7036418943426614,EUR_CZK,H4,14,20,1,short,57
16.0,3.0,5.0,8.0,0.375,0.03951993352808575,0.7104800664719142,8.0,0.0,2.0,6.0,0.0,0.0,0.0,EUR_CZK,H4,14,20,2,short,24
7.0,0.0,4.0,3.0,0.0,0.0,0.0,4.0,0.0,1.0,3.0,0.0,0.0,0.0,EUR_CZK,H4,14,20,3,short,11
2.0,0.0,2.0,0.0,0.0,0.0,0.0,2.0,0.0,0.0,2.0,,,,EUR_CZK,H4,14,20,4,short,4
97.0,23.0,37.0,37.0,0.38333333333333336,0.26030816276814944,0.5063585038985173,42.0,8.0,14.0,20.0,0.36363636363636365,0.16262016242857788,0.5646525648441494,EUR_CZK,H4,14,25,1,short,139
42.0,9.0,17.0,16.0,0.34615384615384615,0.16328414093967988,0.5290235513680124,18.0,2.0,5.0,11.0,0.2857142857142857,0.0,0.6203782963279159,EUR_CZK,H4,14,25,2,short,60
19.0,2.0,10.0,7.0,0.16666666666666666,0.0,0.3775290932935149,9.0,1.0,3.0,5.0,0.25,0.0,0.674352447854375,EUR_CZK,H4,14,25,3,short,28
7.0,0.0,5.0,2.0,0.0,0.0,0.0,4.0,0.0,2.0,2.0,0.0,0.0,0.0,EUR_CZK,H4,14,25,4,short,11
221.0,44.0,82.0,95.0,0.3492063492063492,0.26596607194483723,0.43244662646786114,95.0,17.0,27.0,51.0,0.38636363636363635,0.24248927814032473,0.530237994586948,EUR_CZK,H4,14,30,1,short,316
109.0,19.0,36.0,54.0,0.34545454545454546,0.21978209366421378,0.47112699724487717,48.0,6.0,12.0,30.0,0.3333333333333333,0.11555555555555552,0.5511111111111111,EUR_CZK,H4,14,30,2,short,157
53.0,8.0,19.0,26.0,0.2962962962962963,0.12405700926764301,0.46853558332494954,23.0,2.0,8.0,13.0,0.2,0.0,0.447922568557201,EUR_CZK,H4,14,30,3,short,76
22.0,3.0,9.0,10.0,0.25,0.0050000000000000044,0.495,10.0,0.0,5.0,5.0,0.0,0.0,0.0,EUR_CZK,H4,14,30,4,short,32
445.0,78.0,165.0,202.0,0.32098765432098764,0.2622879471936477,0.3796873614483276,192.0,28.0,52.0,112.0,0.35,0.24547942786226243,0.45452057213773756,EUR_CZK,H4,14,35,1,short,637
212.0,34.0,74.0,104.0,0.3148148148148148,0.2272205329366502,0.4024090966929794,91.0,9.0,23.0,59.0,0.28125,0.1254683582000915,0.4370316417999085,EUR_CZK,H4,14,35,2,short,303
100.0,15.0,39.0,46.0,0.2777777777777778,0.15831204132735266,0.3972435142282029,43.0,2.0,9.0,32.0,0.18181818181818182,0.0,0.40974912948563447,EUR_CZK,H4,14,35,3,short,143
46.0,6.0,21.0,19.0,0.2222222222222222,0.06540429914963697,0.37904014529480745,20.0,1.0,6.0,13.0,0.14285714285714285,0.0,0.4020867707934573,EUR_CZK,H4,14,35,4,short,66
7.0,1.0,5.0,1.0,0.16666666666666666,0.0,0.4648711701972571,4.0,2.0,0.0,2.0,1.0,1.0,1.0,EUR_CZK,H4,21,20,1,long,11
4.0,0.0,4.0,0.0,0.0,0.0,0.0,2.0,0.0,1.0,1.0,0.0,0.0,0.0,EUR_CZK,H4,21,20,2,long,6
0.0,0.0,0.0,0.0,,,,1.0,0.0,0.0,1.0,,,,EUR_CZK,H4,21,20,3,long,1
,,,,,,,,,,,,,,EUR_CZK,H4,21,20,4,long,0
30.0,6.0,21.0,3.0,0.2222222222222222,0.06540429914963697,0.37904014529480745,14.0,6.0,1.0,7.0,0.8571428571428571,0.5979132292065427,1.0,EUR_CZK,H4,21,25,1,long,44
16.0,3.0,10.0,3.0,0.23076923076923078,0.0017343277518477307,0.45980413378661383,7.0,2.0,3.0,2.0,0.4,0.0,0.8294144850840502,EUR_CZK,H4,21,25,2,long,23
4.0,1.0,2.0,1.0,0.3333333333333333,0.0,0.8667777662061142,3.0,0.0,1.0,2.0,0.0,0.0,0.0,EUR_CZK,H4,21,25,3,long,7
2.0,0.0,1.0,1.0,0.0,0.0,0.0,2.0,0.0,1.0,1.0,0.0,0.0,0.0,EUR_CZK,H4,21,25,4,long,4
107.0,27.0,46.0,34.0,0.3698630136986301,0.25911585851689595,0.4806101688803643,47.0,7.0,5.0,35.0,0.5833333333333334,0.30438856248221097,0.8622781041844558,EUR_CZK,H4,21,30,1,long,154
53.0,11.0,20.0,22.0,0.3548387096774194,0.18640660673780374,0.523270812617035,23.0,3.0,2.0,18.0,0.6,0.17058551491594975,1.0,EUR_CZK,H4,21,30,2,long,76
21.0,4.0,8.0,9.0,0.3333333333333333,0.06661111689694282,0.6000555497697238,9.0,0.0,1.0,8.0,0.0,0.0,0.0,EUR_CZK,H4,21,30,3,long,30
11.0,1.0,4.0,6.0,0.2,0.0,0.5506154588719672,6.0,0.0,1.0,5.0,0.0,0.0,0.0,EUR_CZK,H4,21,30,4,long,17
298.0,53.0,126.0,119.0,0.29608938547486036,0.22920885144002234,0.36296991950969837,129.0,14.0,25.0,90.0,0.358974358974359,0.20842005237821218,0.5095286655705058,EUR_CZK,H4,21,35,1,long,427
142.0,28.0,51.0,63.0,0.35443037974683544,0.2489480925476492,0.4599126669460217,61.0,8.0,10.0,43.0,0.4444444444444444,0.21488651059518432,0.6740023782937046,EUR_CZK,H4,21,35,2,long,203
62.0,11.0,29.0,22.0,0.275,0.13662379178485923,0.4133762082151408,27.0,4.0,1.0,22.0,0.8,0.44938454112803305,1.0,EUR_CZK,H4,21,35,3,long,89
28.0,5.0,14.0,9.0,0.2631578947368421,0.06515356367607467,0.4611622257976095,13.0,3.0,2.0,8.0,0.6,0.17058551491594975,1.0,EUR_CZK,H4,21,35,4,long,41
9.0,0.0,4.0,5.0,0.0,0.0,0.0,5.0,2.0,3.0,0.0,0.4,0.0,0.8294144850840502,EUR_CZK,H4,21,20,1,short,14
4.0,0.0,2.0,2.0,0.0,0.0,0.0,3.0,1.0,1.0,1.0,0.5,0.0,1.0,EUR_CZK,H4,21,20,2,short,7
2.0,0.0,1.0,1.0,0.0,0.0,0.0,2.0,0.0,1.0,1.0,0.0,0.0,0.0,EUR_CZK,H4,21,20,3,short,4
1.0,0.0,1.0,0.0,0.0,0.0,0.0,1.0,0.0,0.0,1.0,,,,EUR_CZK,H4,21,20,4,short,2
36.0,11.0,12.0,13.0,0.4782608695652174,0.2741099770483661,0.6824117620820687,16.0,3.0,5.0,8.0,0.375,0.03951993352808575,0.7104800664719142,EUR_CZK,H4,21,25,1,short,52
16.0,4.0,6.0,6.0,0.4,0.09635810565733854,0.7036418943426614,7.0,1.0,1.0,5.0,0.5,0.0,1.0,EUR_CZK,H4,21,25,2,short,23
9.0,2.0,4.0,3.0,0.3333333333333333,0.0,0.7105355092038887,4.0,0.0,1.0,3.0,0.0,0.0,0.0,EUR_CZK,H4,21,25,3,short,13
2.0,0.0,2.0,0.0,0.0,0.0,0.0,2.0,0.0,0.0,2.0,,,,EUR_CZK,H4,21,25,4,short,4
109.0,24.0,43.0,42.0,0.3582089552238806,0.24339789804243145,0.4730200124053297,47.0,9.0,17.0,21.0,0.34615384615384615,0.16328414093967988,0.5290235513680124,EUR_CZK,H4,21,30,1,short,156
49.0,9.0,21.0,19.0,0.3,0.1360146347993212,0.4639853652006788,22.0,4.0,7.0,11.0,0.36363636363636365,0.07935652563159407,0.6479162016411333,EUR_CZK,H4,21,30,2,short,71
20.0,2.0,10.0,8.0,0.16666666666666666,0.0,0.3775290932935149,9.0,1.0,4.0,4.0,0.2,0.0,0.5506154588719672,EUR_CZK,H4,21,30,3,short,29
7.0,0.0,5.0,2.0,0.0,0.0,0.0,3.0,0.0,1.0,2.0,0.0,0.0,0.0,EUR_CZK,H4,21,30,4,short,10
277.0,58.0,104.0,115.0,0.35802469135802467,0.28419786220361554,0.4318515205124338,119.0,20.0,35.0,64.0,0.36363636363636365,0.23650255515410507,0.4907701721186222,EUR_CZK,H4,21,35,1,short,396
123.0,23.0,42.0,58.0,0.35384615384615387,0.2376010687899378,0.4700912389023699,54.0,6.0,14.0,34.0,0.3,0.09915976498719187,0.500840235012808,EUR_CZK,H4,21,35,2,short,177
58.0,8.0,22.0,28.0,0.26666666666666666,0.10842147482583778,0.4249118585074956,26.0,2.0,7.0,17.0,0.2222222222222222,0.0,0.49383883252136757,EUR_CZK,H4,21,35,3,short,84
25.0,2.0,12.0,11.0,0.14285714285714285,0.0,0.32616017065537645,11.0,0.0,4.0,7.0,0.0,0.0,0.0,EUR_CZK,H4,21,35,4,short,36
2.0,1.0,0.0,1.0,1.0,1.0,1.0,1.0,1.0,0.0,0.0,1.0,1.0,1.0,EUR_CZK,H4,28,20,1,long,3
,,,,,,,,,,,,,,EUR_CZK,H4,28,20,2,long,0
,,,,,,,,,,,,,,EUR_CZK,H4,28,20,3,long,0
,,,,,,,,,,,,,,EUR_CZK,H4,28,20,4,long,0
15.0,4.0,11.0,0.0,0.26666666666666666,0.0428741701850342,0.4904591631482991,7.0,4.0,0.0,3.0,1.0,1.0,1.0,EUR_CZK,H4,28,25,1,long,22
8.0,1.0,7.0,0.0,0.125,0.0,0.3541765149399039,4.0,2.0,1.0,1.0,0.6666666666666666,0.13322223379388565,1.0,EUR_CZK,H4,28,25,2,long,12
2.0,0.0,1.0,1.0,0.0,0.0,0.0,1.0,0.0,0.0,1.0,,,,EUR_CZK,H4,28,25,3,long,3
1.0,0.0,1.0,0.0,0.0,0.0,0.0,1.0,0.0,0.0,1.0,,,,EUR_CZK,H4,28,25,4,long,2
56.0,16.0,27.0,13.0,0.37209302325581395,0.2276171722085209,0.5165688743031069,24.0,7.0,5.0,12.0,0.5833333333333334,0.30438856248221097,0.8622781041844558,EUR_CZK,H4,28,30,1,long,80
30.0,7.0,14.0,9.0,0.3333333333333333,0.13171028938286652,0.5349563772838001,13.0,3.0,5.0,5.0,0.375,0.03951993352808575,0.7104800664719142,EUR_CZK,H4,28,30,2,long,43
10.0,3.0,4.0,3.0,0.42857142857142855,0.06196537297496135,0.7951774841678958,5.0,0.0,3.0,2.0,0.0,0.0,0.0,EUR_CZK,H4,28,30,3,long,15
5.0,0.0,2.0,3.0,0.0,0.0,0.0,3.0,1.0,1.0,1.0,0.5,0.0,1.0,EUR_CZK,H4,28,30,4,long,8
179.0,32.0,83.0,64.0,0.2782608695652174,0.1963534307320779,0.3601683083983569,78.0,10.0,10.0,58.0,0.5,0.28086533820502063,0.7191346617949794,EUR_CZK,H4,28,35,1,long,257
79.0,12.0,30.0,37.0,0.2857142857142857,0.14908827550149106,0.42234029592708033,35.0,5.0,3.0,27.0,0.625,0.28951993352808575,0.9604800664719142,EUR_CZK,H4,28,35,2,long,114
34.0,6.0,12.0,16.0,0.3333333333333333,0.11555555555555552,0.5511111111111111,15.0,0.0,2.0,13.0,0.0,0.0,0.0,EUR_CZK,H4,28,35,3,long,49
16.0,3.0,6.0,7.0,0.3333333333333333,0.02534904641652591,0.6413176202501407,8.0,0.0,2.0,6.0,0.0,0.0,0.0,EUR_CZK,H4,28,35,4,long,24
2.0,0.0,1.0,1.0,0.0,0.0,0.0,2.0,1.0,1.0,0.0,0.5,0.0,1.0,EUR_CZK,H4,28,20,1,short,4
1.0,0.0,1.0,0.0,0.0,0.0,0.0,1.0,1.0,0.0,0.0,1.0,1.0,1.0,EUR_CZK,H4,28,20,2,short,2
0.0,0.0,0.0,0.0,,,,1.0,0.0,1.0,0.0,0.0,0.0,0.0,EUR_CZK,H4,28,20,3,short,1
0.0,0.0,0.0,0.0,,,,1.0,0.0,1.0,0.0,0.0,0.0,0.0,EUR_CZK,H4,28,20,4,short,1
14.0,2.0,6.0,6.0,0.25,0.0,0.5500624934909393,7.0,3.0,3.0,1.0,0.5,0.09991667534541426,0.9000833246545857,EUR_CZK,H4,28,25,1,short,21
7.0,1.0,3.0,3.0,0.25,0.0,0.674352447854375,4.0,2.0,0.0,2.0,1.0,1.0,1.0,EUR_CZK,H4,28,25,2,short,11
4.0,0.0,2.0,2.0,0.0,0.0,0.0,2.0,1.0,0.0,1.0,1.0,1.0,1.0,EUR_CZK,H4,28,25,3,short,6
2.0,0.0,1.0,1.0,0.0,0.0,0.0,1.0,0.0,0.0,1.0,,,,EUR_CZK,H4,28,25,4,short,3
49.0,13.0,22.0,14.0,0.37142857142857144,0.2113485914185777,0.5315085514385651,22.0,5.0,7.0,10.0,0.4166666666666667,0.13772189581554434,0.6956114375177891,EUR_CZK,H4,28,30,1,short,71
25.0,4.0,13.0,8.0,0.23529411764705882,0.03365055539969364,0.436937679894424,11.0,2.0,2.0,7.0,0.5,0.010000000000000009,0.99,EUR_CZK,H4,28,30,2,short,36
11.0,2.0,6.0,3.0,0.25,0.0,0.5500624934909393,5.0,0.0,1.0,4.0,0.0,0.0,0.0,EUR_CZK,H4,28,30,3,short,16
3.0,0.0,2.0,1.0,0.0,0.0,0.0,2.0,0.0,1.0,1.0,0.0,0.0,0.0,EUR_CZK,H4,28,30,4,short,5
171.0,42.0,69.0,60.0,0.3783783783783784,0.28815464502314747,0.46860211173360933,74.0,11.0,22.0,41.0,0.3333333333333333,0.17249378512033853,0.4941728815463281,EUR_CZK,H4,28,35,1,short,245
76.0,16.0,30.0,30.0,0.34782608695652173,0.21018758329991247,0.48546459061313096,33.0,4.0,9.0,20.0,0.3076923076923077,0.05679714201505026,0.5585874733695652,EUR_CZK,H4,28,35,2,short,109
32.0,3.0,13.0,16.0,0.1875,0.0,0.37875306370095096,15.0,2.0,6.0,7.0,0.25,0.0,0.5500624934909393,EUR_CZK,H4,28,35,3,short,47
11.0,0.0,7.0,4.0,0.0,0.0,0.0,5.0,0.0,2.0,3.0,0.0,0.0,0.0,EUR_CZK,H4,28,35,4,short,16
191.0,88.0,103.0,0.0,0.4607329842931937,0.39004168419842644,0.531424284387961,83.0,41.0,41.0,1.0,0.5,0.39177710444665037,0.6082228955533496,CAD_JPY,H4,7,20,1,long,274
100.0,46.0,54.0,0.0,0.46,0.3623141033720835,0.5576858966279166,43.0,23.0,19.0,1.0,0.5476190476190477,0.3970891195008849,0.6981489757372105,CAD_JPY,H4,7,20,2,long,143
48.0,25.0,23.0,0.0,0.5208333333333334,0.3795053578878522,0.6621613087788145,21.0,13.0,7.0,1.0,0.65,0.4409588557245249,0.8590411442754751,CAD_JPY,H4,7,20,3,long,69
23.0,12.0,11.0,0.0,0.5217391304347826,0.3175882379179313,0.7258900229516339,11.0,6.0,5.0,0.0,0.5454545454545454,0.2511969573207727,0.8397121335883182,CAD_JPY,H4,7,20,4,long,34
368.0,171.0,195.0,2.0,0.4672131147540984,0.4160979453869877,0.518328284121209,159.0,82.0,76.0,1.0,0.5189873417721519,0.44107896367656224,0.5968957198677415,CAD_JPY,H4,7,25,1,long,527
188.0,88.0,99.0,1.0,0.47058823529411764,0.3990476325371597,0.5421288380510756,81.0,46.0,34.0,1.0,0.575,0.4666723142497726,0.6833276857502273,CAD_JPY,H4,7,25,2,long,269
91.0,49.0,42.0,0.0,0.5384615384615384,0.4360340159881504,0.6408890609349265,40.0,22.0,17.0,1.0,0.5641025641025641,0.40847197480527225,0.7197331533998559,CAD_JPY,H4,7,25,3,long,131
48.0,25.0,23.0,0.0,0.5208333333333334,0.3795053578878522,0.6621613087788145,21.0,12.0,9.0,0.0,0.5714285714285714,0.35976846654340416,0.7830886763137386,CAD_JPY,H4,7,25,4,long,69
609.0,285.0,321.0,3.0,0.47029702970297027,0.43055755873039986,0.5100365006755407,262.0,146.0,112.0,4.0,0.5658914728682171,0.5054114493129112,0.626371496423523,CAD_JPY,H4,7,30,1,long,871
318.0,154.0,163.0,1.0,0.48580441640378547,0.43078432080521945,0.5408245120023515,137.0,77.0,58.0,2.0,0.5703703703703704,0.48686492858905644,0.6538758121516843,CAD_JPY,H4,7,30,2,long,455
161.0,80.0,80.0,1.0,0.5,0.4225241973258747,0.5774758026741253,70.0,37.0,32.0,1.0,0.5362318840579711,0.4185639071909206,0.6538998609250215,CAD_JPY,H4,7,30,3,long,231
77.0,36.0,40.0,1.0,0.47368421052631576,0.3614263065619245,0.5859421144907071,34.0,21.0,13.0,0.0,0.6176470588235294,0.4542971037699747,0.7809970138770842,CAD_JPY,H4,7,30,4,long,111
878.0,403.0,470.0,5.0,0.4616265750286369,0.4285564255586172,0.4946967244986566,377.0,213.0,160.0,4.0,0.5710455764075067,0.5208179544670288,0.6212731983479847,CAD_JPY,H4,7,35,1,long,1255
449.0,214.0,233.0,2.0,0.47874720357941836,0.4324366861037096,0.5250577210551272,193.0,105.0,85.0,3.0,0.5526315789473685,0.48192989100676975,0.6233332668879672,CAD_JPY,H4,7,35,2,long,642
230.0,105.0,124.0,1.0,0.4585152838427948,0.3939783482485983,0.5230522194369913,100.0,53.0,46.0,1.0,0.5353535353535354,0.43710634710117363,0.633600723605897,CAD_JPY,H4,7,35,3,long,330
113.0,50.0,61.0,2.0,0.45045045045045046,0.357890839000653,0.5430100619002479,49.0,27.0,22.0,0.0,0.5510204081632653,0.4117511783695059,0.6902896379570246,CAD_JPY,H4,7,35,4,long,162
232.0,114.0,113.0,5.0,0.5022026431718062,0.43715838978640054,0.5672468965572118,100.0,47.0,47.0,6.0,0.5,0.39892071786663824,0.6010792821333617,CAD_JPY,H4,7,20,1,short,332
116.0,54.0,60.0,2.0,0.47368421052631576,0.38202601575727724,0.5653424052953543,50.0,22.0,27.0,1.0,0.4489795918367347,0.30971036204297536,0.588248821630494,CAD_JPY,H4,7,20,2,short,166
58.0,28.0,29.0,1.0,0.49122807017543857,0.3614438767393184,0.6210122636115587,26.0,8.0,18.0,0.0,0.3076923076923077,0.13028263467499662,0.4851019807096188,CAD_JPY,H4,7,20,3,short,84
21.0,10.0,11.0,0.0,0.47619047619047616,0.26257954568917985,0.6898014066917725,10.0,3.0,7.0,0.0,0.3,0.015969015774687012,0.584030984225313,CAD_JPY,H4,7,20,4,short,31
436.0,204.0,223.0,9.0,0.477751756440281,0.4303732054736791,0.5251303074068829,188.0,87.0,91.0,10.0,0.4887640449438202,0.4153284884390674,0.5621996014485731,CAD_JPY,H4,7,25,1,short,624
201.0,90.0,107.0,4.0,0.45685279187817257,0.3872911417543618,0.5264144420019834,87.0,41.0,42.0,4.0,0.4939759036144578,0.38641473640757207,0.6015370708213436,CAD_JPY,H4,7,25,2,short,288
92.0,42.0,49.0,1.0,0.46153846153846156,0.3591109390650735,0.5639659840118496,40.0,13.0,27.0,0.0,0.325,0.1798491302127335,0.4701508697872665,CAD_JPY,H4,7,25,3,short,132
38.0,19.0,19.0,0.0,0.5,0.3410230072918527,0.6589769927081472,17.0,5.0,12.0,0.0,0.29411764705882354,0.07751771578937186,0.5107175783282752,CAD_JPY,H4,7,25,4,short,55
711.0,338.0,357.0,16.0,0.48633093525179855,0.4491713102477029,0.5234905602558942,306.0,144.0,148.0,14.0,0.4931506849315068,0.4358059040075846,0.550495465855429,CAD_JPY,H4,7,30,1,short,1017
340.0,159.0,174.0,7.0,0.4774774774774775,0.42382831983517083,0.5311266351197842,146.0,68.0,71.0,7.0,0.4892086330935252,0.40610548007213815,0.5723117861149122,CAD_JPY,H4,7,30,2,short,486
159.0,79.0,75.0,5.0,0.512987012987013,0.43404300578267485,0.5919310201913511,69.0,25.0,42.0,2.0,0.373134328358209,0.2573263402479185,0.48894231646849945,CAD_JPY,H4,7,30,3,short,228
74.0,40.0,34.0,0.0,0.5405405405405406,0.426992944001634,0.6540881370794471,33.0,9.0,23.0,1.0,0.28125,0.1254683582000915,0.4370316417999085,CAD_JPY,H4,7,30,4,short,107
1001.0,482.0,497.0,22.0,0.4923391215526047,0.46102186232794107,0.5236563807772683,430.0,192.0,219.0,19.0,0.46715328467153283,0.41891787067937086,0.5153886986636947,CAD_JPY,H4,7,35,1,short,1431
471.0,223.0,239.0,9.0,0.48268398268398266,0.4371176066298367,0.5282503587381286,203.0,87.0,105.0,11.0,0.453125,0.38271108297867207,0.5235389170213279,CAD_JPY,H4,7,35,2,short,674
214.0,109.0,98.0,7.0,0.5265700483091788,0.4585515812452234,0.5945885153731341,93.0,33.0,57.0,3.0,0.36666666666666664,0.26710625011867367,0.4662270832146596,CAD_JPY,H4,7,35,3,short,307
95.0,53.0,41.0,1.0,0.5638297872340425,0.46357753130686075,0.6640820431612243,42.0,14.0,27.0,1.0,0.34146341463414637,0.1963103578144807,0.48661647145381204,CAD_JPY,H4,7,35,4,short,137
23.0,13.0,10.0,0.0,0.5652173913043478,0.3626189995886204,0.7678157830200751,10.0,4.0,6.0,0.0,0.4,0.09635810565733854,0.7036418943426614,CAD_JPY,H4,14,20,1,long,33
11.0,5.0,6.0,0.0,0.45454545454545453,0.1602878664116818,0.7488030426792273,5.0,3.0,2.0,0.0,0.6,0.17058551491594975,1.0,CAD_JPY,H4,14,20,2,long,16
4.0,1.0,3.0,0.0,0.25,0.0,0.674352447854375,3.0,2.0,1.0,0.0,0.6666666666666666,0.13322223379388565,1.0,CAD_JPY,H4,14,20,3,long,7
3.0,1.0,2.0,0.0,0.3333333333333333,0.0,0.8667777662061142,2.0,1.0,1.0,0.0,0.5,0.0,1.0,CAD_JPY,H4,14,20,4,long,5
95.0,55.0,40.0,0.0,0.5789473684210527,0.47966274250061647,0.6782319943414888,41.0,19.0,22.0,0.0,0.4634146341463415,0.3107746096124355,0.6160546586802474,CAD_JPY,H4,14,25,1,long,136
56.0,31.0,25.0,0.0,0.5535714285714286,0.42336726197143076,0.6837755951714264,25.0,13.0,11.0,1.0,0.5416666666666666,0.34232080353389893,0.7410125297994343,CAD_JPY,H4,14,25,2,long,81
27.0,17.0,10.0,0.0,0.6296296296296297,0.4474772346531113,0.811782024606148,12.0,6.0,5.0,1.0,0.5454545454545454,0.2511969573207727,0.8397121335883182,CAD_JPY,H4,14,25,3,long,39
11.0,6.0,5.0,0.0,0.5454545454545454,0.2511969573207727,0.8397121335883182,6.0,3.0,3.0,0.0,0.5,0.09991667534541426,0.9000833246545857,CAD_JPY,H4,14,25,4,long,17
235.0,120.0,114.0,1.0,0.5128205128205128,0.4487769721657152,0.5768640534753103,101.0,49.0,51.0,1.0,0.49,0.3920196019603921,0.5879803980396079,CAD_JPY,H4,14,30,1,long,336
125.0,63.0,61.0,1.0,0.5080645161290323,0.42006936614870805,0.5960596661093565,55.0,28.0,26.0,1.0,0.5185185185185185,0.3852489102138178,0.6517881268232192,CAD_JPY,H4,14,30,2,long,180
65.0,37.0,28.0,0.0,0.5692307692307692,0.4488475607394533,0.6896139777220851,29.0,16.0,12.0,1.0,0.5714285714285714,0.3881255436303378,0.754731599226805,CAD_JPY,H4,14,30,3,long,94
30.0,15.0,15.0,0.0,0.5,0.32107729788164574,0.6789227021183543,13.0,7.0,6.0,0.0,0.5384615384615384,0.2674637865884742,0.8094592903346027,CAD_JPY,H4,14,30,4,long,43
450.0,210.0,238.0,2.0,0.46875,0.4225398714937677,0.5149601285062323,194.0,98.0,93.0,3.0,0.5130890052356021,0.4422029950819291,0.5839750153892751,CAD_JPY,H4,14,35,1,long,644
229.0,108.0,120.0,1.0,0.47368421052631576,0.4088720794538113,0.5384963415988202,99.0,51.0,47.0,1.0,0.5204081632653061,0.4214957097046561,0.6193206168259562,CAD_JPY,H4,14,35,2,long,328
116.0,59.0,57.0,0.0,0.5086206896551724,0.41764349913848897,0.5995978801718558,51.0,27.0,23.0,1.0,0.54,0.40185128013622423,0.6781487198637759,CAD_JPY,H4,14,35,3,long,167
56.0,27.0,29.0,0.0,0.48214285714285715,0.35126839439324353,0.6130173198924708,25.0,14.0,11.0,0.0,0.56,0.36541631723086343,0.7545836827691367,CAD_JPY,H4,14,35,4,long,81
38.0,15.0,23.0,0.0,0.39473684210526316,0.2393228114599668,0.5501508727505595,17.0,9.0,8.0,0.0,0.5294117647058824,0.29213842808518775,0.766685101326577,CAD_JPY,H4,14,20,1,short,55
18.0,7.0,10.0,1.0,0.4117647058823529,0.17781004090730612,0.6457193708573997,9.0,7.0,2.0,0.0,0.7777777777777778,0.5061611674786324,1.0,CAD_JPY,H4,14,20,2,short,27
7.0,2.0,5.0,0.0,0.2857142857142857,0.0,0.6203782963279159,4.0,2.0,2.0,0.0,0.5,0.010000000000000009,0.99,CAD_JPY,H4,14,20,3,short,11
2.0,0.0,2.0,0.0,0.0,0.0,0.0,2.0,1.0,1.0,0.0,0.5,0.0,1.0,CAD_JPY,H4,14,20,4,short,4
108.0,44.0,62.0,2.0,0.41509433962264153,0.3212907503414359,0.5088979289038471,47.0,24.0,18.0,5.0,0.5714285714285714,0.42176227595761373,0.7210948668995291,CAD_JPY,H4,14,25,1,short,155
49.0,20.0,28.0,1.0,0.4166666666666667,0.2771942812411055,0.5561390520922278,22.0,11.0,11.0,0.0,0.5,0.29106329797150177,0.7089367020284982,CAD_JPY,H4,14,25,2,short,71
27.0,10.0,16.0,1.0,0.38461538461538464,0.19760916938857803,0.5716215998421912,12.0,4.0,8.0,0.0,0.3333333333333333,0.06661111689694282,0.6000555497697238,CAD_JPY,H4,14,25,3,short,39
9.0,2.0,7.0,0.0,0.2222222222222222,0.0,0.49383883252136757,5.0,2.0,3.0,0.0,0.4,0.0,0.8294144850840502,CAD_JPY,H4,14,25,4,short,14
277.0,127.0,142.0,8.0,0.4721189591078067,0.41246027305918975,0.5317776451564237,120.0,58.0,52.0,10.0,0.5272727272727272,0.4339724977314405,0.620572956814014,CAD_JPY,H4,14,30,1,short,397
138.0,63.0,71.0,4.0,0.4701492537313433,0.38564115658286546,0.5546573508798212,60.0,30.0,28.0,2.0,0.5172413793103449,0.3886376022059932,0.6458451564146965,CAD_JPY,H4,14,30,2,short,198
64.0,31.0,32.0,1.0,0.49206349206349204,0.36861065262053105,0.615516331506453,28.0,7.0,20.0,1.0,0.25925925925925924,0.093958654310446,0.42455986420807246,CAD_JPY,H4,14,30,3,short,92
25.0,11.0,14.0,0.0,0.44,0.24541631723086335,0.6345836827691367,11.0,2.0,8.0,1.0,0.2,0.0,0.447922568557201,CAD_JPY,H4,14,30,4,short,36
571.0,260.0,292.0,19.0,0.47101449275362317,0.42937307048581713,0.5126559150214293,246.0,115.0,116.0,15.0,0.49783549783549785,0.43335683591197266,0.562314159759023,CAD_JPY,H4,14,35,1,short,817
285.0,125.0,152.0,8.0,0.45126353790613716,0.39266143263783726,0.509865643174437,123.0,61.0,56.0,6.0,0.5213675213675214,0.43084925872684177,0.611885784008201,CAD_JPY,H4,14,35,2,short,408
133.0,67.0,61.0,5.0,0.5234375,0.43691213584961097,0.609962864150389,57.0,21.0,35.0,1.0,0.375,0.2482004534708424,0.5017995465291576,CAD_JPY,H4,14,35,3,short,190
59.0,31.0,27.0,1.0,0.5344827586206896,0.40610883652956736,0.6628566807118119,26.0,8.0,17.0,1.0,0.32,0.1371413485776514,0.5028586514223486,CAD_JPY,H4,14,35,4,short,85
6.0,1.0,5.0,0.0,0.16666666666666666,0.0,0.4648711701972571,3.0,3.0,0.0,0.0,1.0,1.0,1.0,CAD_JPY,H4,21,20,1,long,9
2.0,1.0,1.0,0.0,0.5,0.0,1.0,2.0,1.0,1.0,0.0,0.5,0.0,1.0,CAD_JPY,H4,21,20,2,long,4
1.0,0.0,1.0,0.0,0.0,0.0,0.0,1.0,1.0,0.0,0.0,1.0,1.0,1.0,CAD_JPY,H4,21,20,3,long,2
0.0,0.0,0.0,0.0,,,,1.0,1.0,0.0,0.0,1.0,1.0,1.0,CAD_JPY,H4,21,20,4,long,1
25.0,14.0,11.0,0.0,0.56,0.36541631723086343,0.7545836827691367,11.0,5.0,6.0,0.0,0.45454545454545453,0.1602878664116818,0.7488030426792273,CAD_JPY,H4,21,25,1,long,36
13.0,8.0,5.0,0.0,0.6153846153846154,0.35091788956280356,0.8798513412064273,6.0,4.0,2.0,0.0,0.6666666666666666,0.28946449079611114,1.0,CAD_JPY,H4,21,25,2,long,19
7.0,3.0,4.0,0.0,0.42857142857142855,0.06196537297496135,0.7951774841678958,4.0,4.0,0.0,0.0,1.0,1.0,1.0,CAD_JPY,H4,21,25,3,long,11
4.0,2.0,2.0,0.0,0.5,0.010000000000000009,0.99,2.0,2.0,0.0,0.0,1.0,1.0,1.0,CAD_JPY,H4,21,25,4,long,6
103.0,57.0,46.0,0.0,0.5533980582524272,0.45738803431402053,0.6494080821908338,45.0,19.0,26.0,0.0,0.4222222222222222,0.2779107772800783,0.5665336671643662,CAD_JPY,H4,21,30,1,long,148
56.0,34.0,22.0,0.0,0.6071428571428571,0.4792268690881968,0.7350588451975174,24.0,12.0,12.0,0.0,0.5,0.29995833767270713,0.7000416623272929,CAD_JPY,H4,21,30,2,long,80
28.0,18.0,10.0,0.0,0.6428571428571429,0.46537474936415446,0.8203395363501313,13.0,8.0,5.0,0.0,0.6153846153846154,0.35091788956280356,0.8798513412064273,CAD_JPY,H4,21,30,3,long,41
12.0,6.0,6.0,0.0,0.5,0.21709836809708338,0.7829016319029166,6.0,3.0,3.0,0.0,0.5,0.09991667534541426,0.9000833246545857,CAD_JPY,H4,21,30,4,long,18
274.0,136.0,137.0,1.0,0.4981684981684982,0.43885659788251297,0.5574803984544834,118.0,61.0,57.0,0.0,0.5169491525423728,0.4267846884481105,0.6071136166366351,CAD_JPY,H4,21,35,1,long,392
147.0,72.0,74.0,1.0,0.4931506849315068,0.4120529180175821,0.5742484518454315,63.0,32.0,30.0,1.0,0.5161290322580645,0.39173368018033405,0.640524384335795,CAD_JPY,H4,21,35,2,long,210
78.0,42.0,36.0,0.0,0.5384615384615384,0.4278271695398098,0.6490959073832671,34.0,18.0,15.0,1.0,0.5454545454545454,0.37556484773442167,0.7153442431746692,CAD_JPY,H4,21,35,3,long,112
37.0,18.0,19.0,0.0,0.4864864864864865,0.32543433226529483,0.6475386407076782,16.0,8.0,8.0,0.0,0.5,0.255,0.745,CAD_JPY,H4,21,35,4,long,53
9.0,1.0,8.0,0.0,0.1111111111111111,0.0,0.31643396905564936,4.0,3.0,1.0,0.0,0.75,0.3256475521456251,1.0,CAD_JPY,H4,21,20,1,short,13
5.0,2.0,3.0,0.0,0.4,0.0,0.8294144850840502,3.0,2.0,1.0,0.0,0.6666666666666666,0.13322223379388565,1.0,CAD_JPY,H4,21,20,2,short,8
2.0,0.0,2.0,0.0,0.0,0.0,0.0,1.0,1.0,0.0,0.0,1.0,1.0,1.0,CAD_JPY,H4,21,20,3,short,3
0.0,0.0,0.0,0.0,,,,1.0,1.0,0.0,0.0,1.0,1.0,1.0,CAD_JPY,H4,21,20,4,short,1
41.0,18.0,23.0,0.0,0.43902439024390244,0.2871164563788486,0.5909323241089564,18.0,11.0,7.0,0.0,0.6111111111111112,0.38589851531349934,0.836323706908723,CAD_JPY,H4,21,25,1,short,59
19.0,9.0,9.0,1.0,0.5,0.2690117848123945,0.7309882151876055,9.0,6.0,3.0,0.0,0.6666666666666666,0.3586823797498592,0.974650953583474,CAD_JPY,H4,21,25,2,short,28
10.0,4.0,6.0,0.0,0.4,0.09635810565733854,0.7036418943426614,5.0,3.0,2.0,0.0,0.6,0.17058551491594975,1.0,CAD_JPY,H4,21,25,3,short,15
4.0,1.0,3.0,0.0,0.25,0.0,0.674352447854375,2.0,2.0,0.0,0.0,1.0,1.0,1.0,CAD_JPY,H4,21,25,4,short,6
119.0,54.0,64.0,1.0,0.4576271186440678,0.36773534960020404,0.5475188876879316,52.0,25.0,20.0,7.0,0.5555555555555556,0.4103703703703704,0.7007407407407408,CAD_JPY,H4,21,30,1,short,171
57.0,29.0,27.0,1.0,0.5178571428571429,0.38698268010752934,0.6487316056067565,25.0,13.0,11.0,1.0,0.5416666666666666,0.34232080353389893,0.7410125297994343,CAD_JPY,H4,21,30,2,short,82
30.0,13.0,16.0,1.0,0.4482758620689655,0.26727079113275964,0.6292809330051714,14.0,4.0,9.0,1.0,0.3076923076923077,0.05679714201505026,0.5585874733695652,CAD_JPY,H4,21,30,3,short,44
12.0,5.0,7.0,0.0,0.4166666666666667,0.13772189581554434,0.6956114375177891,6.0,2.0,3.0,1.0,0.4,0.0,0.8294144850840502,CAD_JPY,H4,21,30,4,short,18
343.0,152.0,177.0,14.0,0.46200607902735563,0.40813314216531327,0.515879015889398,147.0,67.0,69.0,11.0,0.49264705882352944,0.40862183934965474,0.5766722782974041,CAD_JPY,H4,21,35,1,short,490
167.0,70.0,89.0,8.0,0.44025157232704404,0.3630894066664204,0.5174137379876677,72.0,37.0,31.0,4.0,0.5441176470588235,0.4257387167637846,0.6624965773538624,CAD_JPY,H4,21,35,2,short,239
81.0,36.0,40.0,5.0,0.47368421052631576,0.3614263065619245,0.5859421144907071,36.0,11.0,24.0,1.0,0.3142857142857143,0.16048584432478097,0.4680855842466476,CAD_JPY,H4,21,35,3,short,117
34.0,14.0,19.0,1.0,0.42424242424242425,0.25561586447288487,0.5928689840119636,15.0,3.0,11.0,1.0,0.21428571428571427,0.0,0.42922756688776104,CAD_JPY,H4,21,35,4,short,49
2.0,2.0,0.0,0.0,1.0,1.0,1.0,2.0,2.0,0.0,0.0,1.0,1.0,1.0,CAD_JPY,H4,28,20,1,long,4
2.0,0.0,2.0,0.0,0.0,0.0,0.0,1.0,1.0,0.0,0.0,1.0,1.0,1.0,CAD_JPY,H4,28,20,2,long,3
2.0,0.0,2.0,0.0,0.0,0.0,0.0,1.0,1.0,0.0,0.0,1.0,1.0,1.0,CAD_JPY,H4,28,20,3,long,3
0.0,0.0,0.0,0.0,,,,1.0,1.0,0.0,0.0,1.0,1.0,1.0,CAD_JPY,H4,28,20,4,long,1
7.0,2.0,5.0,0.0,0.2857142857142857,0.0,0.6203782963279159,4.0,3.0,1.0,0.0,0.75,0.3256475521456251,1.0,CAD_JPY,H4,28,25,1,long,11
4.0,1.0,3.0,0.0,0.25,0.0,0.674352447854375,3.0,1.0,2.0,0.0,0.3333333333333333,0.0,0.8667777662061142,CAD_JPY,H4,28,25,2,long,7
2.0,0.0,2.0,0.0,0.0,0.0,0.0,1.0,1.0,0.0,0.0,1.0,1.0,1.0,CAD_JPY,H4,28,25,3,long,3
0.0,0.0,0.0,0.0,,,,1.0,1.0,0.0,0.0,1.0,1.0,1.0,CAD_JPY,H4,28,25,4,long,1
41.0,24.0,17.0,0.0,0.5853658536585366,0.43456271942948005,0.736168987887593,18.0,7.0,11.0,0.0,0.3888888888888889,0.16367629309127704,0.6141014846865007,CAD_JPY,H4,28,30,1,long,59
23.0,10.0,13.0,0.0,0.43478260869565216,0.23218421697992483,0.6373810004113795,11.0,8.0,3.0,0.0,0.7272727272727273,0.4640807392878268,0.9904647152576278,CAD_JPY,H4,28,30,2,long,34
11.0,4.0,7.0,0.0,0.36363636363636365,0.07935652563159407,0.6479162016411333,5.0,5.0,0.0,0.0,1.0,1.0,1.0,CAD_JPY,H4,28,30,3,long,16
6.0,2.0,4.0,0.0,0.3333333333333333,0.0,0.7105355092038887,3.0,3.0,0.0,0.0,1.0,1.0,1.0,CAD_JPY,H4,28,30,4,long,9
161.0,88.0,73.0,0.0,0.546583850931677,0.46968496935333204,0.6234827325100221,69.0,31.0,38.0,0.0,0.4492753623188406,0.3319059093412949,0.5666448152963863,CAD_JPY,H4,28,35,1,long,230
84.0,47.0,37.0,0.0,0.5595238095238095,0.453357448107887,0.6656901709397322,36.0,18.0,18.0,0.0,0.5,0.33666666666666667,0.6633333333333333,CAD_JPY,H4,28,35,2,long,120
44.0,26.0,18.0,0.0,0.5909090909090909,0.4456310471705863,0.7361871346475956,19.0,10.0,9.0,0.0,0.5263157894736842,0.3017999815449016,0.7508315974024667,CAD_JPY,H4,28,35,3,long,63
21.0,11.0,10.0,0.0,0.5238095238095238,0.3101985933082275,0.7374204543108202,9.0,4.0,5.0,0.0,0.4444444444444444,0.11980050104447498,0.7690883878444139,CAD_JPY,H4,28,35,4,long,30
2.0,2.0,0.0,0.0,1.0,1.0,1.0,1.0,1.0,0.0,0.0,1.0,1.0,1.0,CAD_JPY,H4,28,20,1,short,3
2.0,2.0,0.0,0.0,1.0,1.0,1.0,1.0,1.0,0.0,0.0,1.0,1.0,1.0,CAD_JPY,H4,28,20,2,short,3
0.0,0.0,0.0,0.0,,,,1.0,1.0,0.0,0.0,1.0,1.0,1.0,CAD_JPY,H4,28,20,3,short,1
0.0,0.0,0.0,0.0,,,,1.0,1.0,0.0,0.0,1.0,1.0,1.0,CAD_JPY,H4,28,20,4,short,1
14.0,4.0,10.0,0.0,0.2857142857142857,0.04907109439030105,0.5223574770382704,6.0,5.0,1.0,0.0,0.8333333333333334,0.535128829802743,1.0,CAD_JPY,H4,28,25,1,short,20
8.0,5.0,3.0,0.0,0.625,0.28951993352808575,0.9604800664719142,4.0,3.0,1.0,0.0,0.75,0.3256475521456251,1.0,CAD_JPY,H4,28,25,2,short,12
2.0,1.0,1.0,0.0,0.5,0.0,1.0,2.0,1.0,1.0,0.0,0.5,0.0,1.0,CAD_JPY,H4,28,25,3,short,4
1.0,1.0,0.0,0.0,1.0,1.0,1.0,1.0,1.0,0.0,0.0,1.0,1.0,1.0,CAD_JPY,H4,28,25,4,short,2
59.0,30.0,29.0,0.0,0.5084745762711864,0.3809077707574716,0.6360413817849012,26.0,15.0,10.0,1.0,0.6,0.4079600041657988,0.7920399958342011,CAD_JPY,H4,28,30,1,short,85
29.0,15.0,13.0,1.0,0.5357142857142857,0.350984753695174,0.7204438177333974,13.0,8.0,5.0,0.0,0.6153846153846154,0.35091788956280356,0.8798513412064273,CAD_JPY,H4,28,30,2,short,42
16.0,8.0,8.0,0.0,0.5,0.255,0.745,7.0,3.0,4.0,0.0,0.42857142857142855,0.06196537297496135,0.7951774841678958,CAD_JPY,H4,28,30,3,short,23
5.0,1.0,4.0,0.0,0.2,0.0,0.5506154588719672,3.0,2.0,1.0,0.0,0.6666666666666666,0.13322223379388565,1.0,CAD_JPY,H4,28,30,4,short,8
212.0,90.0,115.0,7.0,0.43902439024390244,0.37108909695514186,0.506959683532663,91.0,44.0,40.0,7.0,0.5238095238095238,0.4170040585588757,0.630614989060172,CAD_JPY,H4,28,35,1,short,303
103.0,48.0,51.0,4.0,0.48484848484848486,0.3864000114266021,0.5832969582703676,45.0,25.0,19.0,1.0,0.5681818181818182,0.4218213259410647,0.7145423104225718,CAD_JPY,H4,28,35,2,short,148
50.0,23.0,26.0,1.0,0.46938775510204084,0.32965039212332675,0.6091251180807549,22.0,7.0,14.0,1.0,0.3333333333333333,0.13171028938286652,0.5349563772838001,CAD_JPY,H4,28,35,3,short,72
20.0,8.0,12.0,0.0,0.4,0.1852927574579749,0.6147072425420251,9.0,3.0,5.0,1.0,0.375,0.03951993352808575,0.7104800664719142,CAD_JPY,H4,28,35,4,short,29
204.0,79.0,116.0,9.0,0.40512820512820513,0.3362238465040864,0.4740325637523239,88.0,29.0,51.0,8.0,0.3625,0.2571571223337809,0.46784287766621907,CAD_CHF,H4,7,20,1,long,292
97.0,40.0,53.0,4.0,0.43010752688172044,0.32948398989931854,0.5307310638641223,42.0,16.0,21.0,5.0,0.43243243243243246,0.2727992675825154,0.5920655972823495,CAD_CHF,H4,7,20,2,long,139
49.0,23.0,25.0,1.0,0.4791666666666667,0.3378386912211856,0.6204946421121478,21.0,7.0,13.0,1.0,0.35,0.14095885572452488,0.559041144275475,CAD_CHF,H4,7,20,3,long,70
26.0,12.0,12.0,2.0,0.5,0.29995833767270713,0.7000416623272929,12.0,2.0,7.0,3.0,0.2222222222222222,0.0,0.49383883252136757,CAD_CHF,H4,7,20,4,long,38
379.0,161.0,204.0,14.0,0.4410958904109589,0.39015754941243963,0.4920342314094782,163.0,60.0,93.0,10.0,0.39215686274509803,0.3147933778555547,0.46952034763464134,CAD_CHF,H4,7,25,1,long,542
185.0,81.0,97.0,7.0,0.4550561797752809,0.38189942289704737,0.5282129366535144,80.0,34.0,39.0,7.0,0.4657534246575342,0.3513224641801196,0.5801843851349489,CAD_CHF,H4,7,25,2,long,265
98.0,46.0,50.0,2.0,0.4791666666666667,0.3792326968578011,0.5791006364755322,42.0,15.0,21.0,6.0,0.4166666666666667,0.2556178281267327,0.5777155052066006,CAD_CHF,H4,7,25,3,long,140
50.0,18.0,30.0,2.0,0.375,0.2380408363781379,0.5119591636218621,22.0,6.0,12.0,4.0,0.3333333333333333,0.11555555555555552,0.5511111111111111,CAD_CHF,H4,7,25,4,long,72
639.0,272.0,334.0,33.0,0.44884488448844884,0.40924400597264254,0.48844576300425513,274.0,96.0,152.0,26.0,0.3870967741935484,0.3264739784859612,0.44771956990113554,CAD_CHF,H4,7,30,1,long,913
307.0,140.0,153.0,14.0,0.4778156996587031,0.42061986868240064,0.5350115306350055,132.0,51.0,67.0,14.0,0.4322033898305085,0.34282026164752066,0.5215865180134963,CAD_CHF,H4,7,30,2,long,439
154.0,68.0,79.0,7.0,0.46258503401360546,0.38198261586727733,0.5431874521599336,66.0,24.0,35.0,7.0,0.4067796610169492,0.28143157789455914,0.5321277441393393,CAD_CHF,H4,7,30,3,long,220
74.0,28.0,41.0,5.0,0.4057971014492754,0.2899318044291311,0.5216623984694198,32.0,7.0,20.0,5.0,0.25925925925925924,0.093958654310446,0.42455986420807246,CAD_CHF,H4,7,30,4,long,106
940.0,387.0,499.0,54.0,0.4367945823927765,0.4041349536314888,0.4694542111540642,403.0,141.0,217.0,45.0,0.39385474860335196,0.34324071435202064,0.4444687828546833,CAD_CHF,H4,7,35,1,long,1343
461.0,193.0,243.0,25.0,0.4426605504587156,0.3960367008996239,0.4892844000178073,198.0,70.0,103.0,25.0,0.4046242774566474,0.33148434599639043,0.4777642089169044,CAD_CHF,H4,7,35,2,long,659
226.0,98.0,118.0,10.0,0.4537037037037037,0.3873096040254755,0.520097803381932,98.0,34.0,53.0,11.0,0.39080459770114945,0.2882737410958368,0.4933354543064621,CAD_CHF,H4,7,35,3,long,324
111.0,49.0,56.0,6.0,0.4666666666666667,0.3712412255368777,0.5620921077964556,48.0,10.0,32.0,6.0,0.23809523809523808,0.10928300035133198,0.3669074758391442,CAD_CHF,H4,7,35,4,long,159
186.0,95.0,86.0,5.0,0.5248618784530387,0.452109158046786,0.5976145988592914,81.0,44.0,36.0,1.0,0.55,0.4409818822396938,0.6590181177603063,CAD_CHF,H4,7,20,1,short,267
88.0,41.0,45.0,2.0,0.47674418604651164,0.37118243643344057,0.5823059356595827,38.0,18.0,19.0,1.0,0.4864864864864865,0.32543433226529483,0.6475386407076782,CAD_CHF,H4,7,20,2,short,126
41.0,19.0,22.0,0.0,0.4634146341463415,0.3107746096124355,0.6160546586802474,18.0,6.0,10.0,2.0,0.375,0.13777977004479572,0.6122202299552043,CAD_CHF,H4,7,20,3,short,59
19.0,7.0,11.0,1.0,0.3888888888888889,0.16367629309127704,0.6141014846865007,9.0,3.0,4.0,2.0,0.42857142857142855,0.06196537297496135,0.7951774841678958,CAD_CHF,H4,7,20,4,short,28
376.0,178.0,187.0,11.0,0.4876712328767123,0.4363912845252999,0.5389511812281247,162.0,87.0,66.0,9.0,0.5686274509803921,0.49014898248543737,0.6471059194753469,CAD_CHF,H4,7,25,1,short,538
178.0,78.0,95.0,5.0,0.4508670520231214,0.37671963602855285,0.5250144680176899,77.0,40.0,34.0,3.0,0.5405405405405406,0.426992944001634,0.6540881370794471,CAD_CHF,H4,7,25,2,short,255
80.0,39.0,40.0,1.0,0.4936708860759494,0.38342110554832587,0.6039206666035729,35.0,12.0,20.0,3.0,0.375,0.20725996676404287,0.5427400332359571,CAD_CHF,H4,7,25,3,short,115
39.0,16.0,20.0,3.0,0.4444444444444444,0.2821224727444597,0.6067664161444292,17.0,9.0,6.0,2.0,0.6,0.35207743144279907,0.8479225685572009,CAD_CHF,H4,7,25,4,short,56
637.0,306.0,304.0,27.0,0.5016393442622951,0.4619605173549435,0.5413181711696466,274.0,144.0,112.0,18.0,0.5625,0.5017303995739852,0.6232696004260148,CAD_CHF,H4,7,30,1,short,911
324.0,150.0,157.0,17.0,0.48859934853420195,0.4326823355531655,0.5445163615152384,139.0,70.0,62.0,7.0,0.5303030303030303,0.44516177690595626,0.6154442837001043,CAD_CHF,H4,7,30,2,short,463
152.0,79.0,69.0,4.0,0.5337837837837838,0.4534123734478195,0.6141551941197481,66.0,29.0,33.0,4.0,0.46774193548387094,0.3435411032312867,0.5919427677364552,CAD_CHF,H4,7,30,3,short,218
75.0,38.0,32.0,5.0,0.5428571428571428,0.4261558146727558,0.6595584710415299,33.0,16.0,14.0,3.0,0.5333333333333333,0.354808679988615,0.7118579866780517,CAD_CHF,H4,7,30,4,short,108
912.0,444.0,424.0,44.0,0.511520737327189,0.478266200987456,0.5447752736669219,392.0,207.0,149.0,36.0,0.5814606741573034,0.5302147438846203,0.6327066044299865,CAD_CHF,H4,7,35,1,short,1304
457.0,223.0,211.0,23.0,0.5138248847926268,0.466801364723447,0.5608484048618065,196.0,100.0,79.0,17.0,0.5586592178770949,0.4859164083762073,0.6314020273779826,CAD_CHF,H4,7,35,2,short,653
214.0,118.0,88.0,8.0,0.5728155339805825,0.5052636321439555,0.6403674358172095,93.0,43.0,42.0,8.0,0.5058823529411764,0.3995937849839204,0.6121709208984325,CAD_CHF,H4,7,35,3,short,307
102.0,53.0,43.0,6.0,0.5520833333333334,0.45260662997523365,0.6515600366914331,44.0,23.0,17.0,4.0,0.575,0.42180151763153784,0.7281984823684621,CAD_CHF,H4,7,35,4,short,146
37.0,16.0,21.0,0.0,0.43243243243243246,0.2727992675825154,0.5920655972823495,17.0,6.0,11.0,0.0,0.35294117647058826,0.12576925204214065,0.5801131008990359,CAD_CHF,H4,14,20,1,long,54
17.0,7.0,9.0,1.0,0.4375,0.19442159829594075,0.6805784017040593,8.0,4.0,4.0,0.0,0.5,0.15351767721859172,0.8464823227814082,CAD_CHF,H4,14,20,2,long,25
9.0,3.0,6.0,0.0,0.3333333333333333,0.02534904641652591,0.6413176202501407,4.0,2.0,2.0,0.0,0.5,0.010000000000000009,0.99,CAD_CHF,H4,14,20,3,long,13
5.0,3.0,2.0,0.0,0.6,0.17058551491594975,1.0,3.0,0.0,2.0,1.0,0.0,0.0,0.0,CAD_CHF,H4,14,20,4,long,8
107.0,40.0,64.0,3.0,0.38461538461538464,0.29111227700198133,0.47811849222878794,47.0,18.0,26.0,3.0,0.4090909090909091,0.26381286535240456,0.5543689528294137,CAD_CHF,H4,14,25,1,long,154
46.0,18.0,26.0,2.0,0.4090909090909091,0.26381286535240456,0.5543689528294137,21.0,7.0,11.0,3.0,0.3888888888888889,0.16367629309127704,0.6141014846865007,CAD_CHF,H4,14,25,2,long,67
24.0,10.0,14.0,0.0,0.4166666666666667,0.21942292762131047,0.6139104057120229,11.0,3.0,8.0,0.0,0.2727272727272727,0.009535284742372196,0.5359192607121732,CAD_CHF,H4,14,25,3,long,35
16.0,6.0,8.0,2.0,0.42857142857142855,0.16934180063511417,0.6878010565077429,7.0,0.0,5.0,2.0,0.0,0.0,0.0,CAD_CHF,H4,14,25,4,long,23
246.0,100.0,138.0,8.0,0.42016806722689076,0.3574590233755852,0.4828771110781963,106.0,38.0,60.0,8.0,0.3877551020408163,0.2912868562343356,0.48422334784729704,CAD_CHF,H4,14,30,1,long,352
111.0,50.0,56.0,5.0,0.4716981132075472,0.3766647084198027,0.5667315179952916,48.0,21.0,23.0,4.0,0.4772727272727273,0.32968487189042084,0.6248605826550337,CAD_CHF,H4,14,30,2,long,159
57.0,29.0,27.0,1.0,0.5178571428571429,0.38698268010752934,0.6487316056067565,25.0,12.0,11.0,2.0,0.5217391304347826,0.3175882379179313,0.7258900229516339,CAD_CHF,H4,14,30,3,long,82
31.0,15.0,14.0,2.0,0.5172413793103449,0.33536817355696424,0.6991145850637255,14.0,4.0,6.0,4.0,0.4,0.09635810565733854,0.7036418943426614,CAD_CHF,H4,14,30,4,long,45
479.0,194.0,269.0,16.0,0.4190064794816415,0.3740635280099682,0.46394943095331476,206.0,71.0,116.0,19.0,0.37967914438502676,0.3101203845223144,0.44923790424773913,CAD_CHF,H4,14,35,1,long,685
232.0,95.0,127.0,10.0,0.42792792792792794,0.3628415246458818,0.49301433120997407,100.0,42.0,51.0,7.0,0.45161290322580644,0.3504686105157666,0.5527571959358463,CAD_CHF,H4,14,35,2,long,332
118.0,52.0,62.0,4.0,0.45614035087719296,0.3647087527335931,0.5475719490207928,52.0,18.0,28.0,6.0,0.391304347826087,0.2502668507791245,0.5323418448730495,CAD_CHF,H4,14,35,3,long,170
59.0,24.0,31.0,4.0,0.43636363636363634,0.3052950833473536,0.567432189379919,26.0,7.0,14.0,5.0,0.3333333333333333,0.13171028938286652,0.5349563772838001,CAD_CHF,H4,14,35,4,long,85
18.0,13.0,5.0,0.0,0.7222222222222222,0.5153014969264527,0.9291429475179918,9.0,7.0,2.0,0.0,0.7777777777777778,0.5061611674786324,1.0,CAD_CHF,H4,14,20,1,short,27
6.0,6.0,0.0,0.0,1.0,1.0,1.0,3.0,0.0,3.0,0.0,0.0,0.0,0.0,CAD_CHF,H4,14,20,2,short,9
2.0,1.0,1.0,0.0,0.5,0.0,1.0,2.0,0.0,2.0,0.0,0.0,0.0,0.0,CAD_CHF,H4,14,20,3,short,4
0.0,0.0,0.0,0.0,,,,1.0,0.0,1.0,0.0,0.0,0.0,0.0,CAD_CHF,H4,14,20,4,short,1
69.0,40.0,26.0,3.0,0.6060606060606061,0.4881760702594192,0.7239451418617929,30.0,19.0,11.0,0.0,0.6333333333333333,0.46088963344948825,0.8057770332171783,CAD_CHF,H4,14,25,1,short,99
29.0,15.0,12.0,2.0,0.5555555555555556,0.3681222874428016,0.7429888236683095,13.0,6.0,7.0,0.0,0.46153846153846156,0.19054070966539732,0.7325362134115259,CAD_CHF,H4,14,25,2,short,42
7.0,5.0,2.0,0.0,0.7142857142857143,0.3796217036720841,1.0,4.0,1.0,3.0,0.0,0.25,0.0,0.674352447854375,CAD_CHF,H4,14,25,3,short,11
3.0,2.0,1.0,0.0,0.6666666666666666,0.13322223379388565,1.0,2.0,1.0,1.0,0.0,0.5,0.0,1.0,CAD_CHF,H4,14,25,4,short,5
221.0,116.0,100.0,5.0,0.5370370370370371,0.4705396716095296,0.6035344024645446,96.0,53.0,41.0,2.0,0.5638297872340425,0.46357753130686075,0.6640820431612243,CAD_CHF,H4,14,30,1,short,317
111.0,52.0,57.0,2.0,0.47706422018348627,0.38329605368250547,0.5708323866844671,48.0,23.0,24.0,1.0,0.48936170212765956,0.34644636986968314,0.632277034385636,CAD_CHF,H4,14,30,2,short,159
44.0,23.0,20.0,1.0,0.5348837209302325,0.38579928591096435,0.6839681559495007,20.0,6.0,13.0,1.0,0.3157894736842105,0.1067766313149944,0.5248023160534266,CAD_CHF,H4,14,30,3,short,64
23.0,11.0,10.0,2.0,0.5238095238095238,0.3101985933082275,0.7374204543108202,10.0,3.0,6.0,1.0,0.3333333333333333,0.02534904641652591,0.6413176202501407,CAD_CHF,H4,14,30,4,short,33
468.0,223.0,231.0,14.0,0.4911894273127753,0.44520288955791487,0.5371759650676358,202.0,114.0,78.0,10.0,0.59375,0.5242789352237507,0.6632210647762493,CAD_CHF,H4,14,35,1,short,670
231.0,107.0,115.0,9.0,0.481981981981982,0.41625140890897955,0.5477125550549844,100.0,55.0,43.0,2.0,0.5612244897959183,0.4629744962870646,0.6594744833047721,CAD_CHF,H4,14,35,2,short,331
109.0,55.0,50.0,4.0,0.5238095238095238,0.4282798115419475,0.6193392360771002,48.0,21.0,25.0,2.0,0.45652173913043476,0.3125759464786233,0.6004675317822462,CAD_CHF,H4,14,35,3,short,157
58.0,25.0,29.0,4.0,0.46296296296296297,0.32996823210794796,0.595957693817978,26.0,15.0,10.0,1.0,0.6,0.4079600041657988,0.7920399958342011,CAD_CHF,H4,14,35,4,short,84
7.0,1.0,6.0,0.0,0.14285714285714285,0.0,0.4020867707934573,4.0,3.0,1.0,0.0,0.75,0.3256475521456251,1.0,CAD_CHF,H4,21,20,1,long,11
2.0,1.0,1.0,0.0,0.5,0.0,1.0,2.0,1.0,1.0,0.0,0.5,0.0,1.0,CAD_CHF,H4,21,20,2,long,4
1.0,0.0,1.0,0.0,0.0,0.0,0.0,1.0,0.0,1.0,0.0,0.0,0.0,0.0,CAD_CHF,H4,21,20,3,long,2
,,,,,,,,,,,,,,CAD_CHF,H4,21,20,4,long,0
37.0,18.0,19.0,0.0,0.4864864864864865,0.32543433226529483,0.6475386407076782,17.0,8.0,9.0,0.0,0.47058823529411764,0.23331489867342306,0.7078615719148122,CAD_CHF,H4,21,25,1,long,54
16.0,8.0,8.0,0.0,0.5,0.255,0.745,8.0,4.0,4.0,0.0,0.5,0.15351767721859172,0.8464823227814082,CAD_CHF,H4,21,25,2,long,24
9.0,3.0,6.0,0.0,0.3333333333333333,0.02534904641652591,0.6413176202501407,4.0,2.0,2.0,0.0,0.5,0.010000000000000009,0.99,CAD_CHF,H4,21,25,3,long,13
4.0,3.0,1.0,0.0,0.75,0.3256475521456251,1.0,3.0,0.0,2.0,1.0,0.0,0.0,0.0,CAD_CHF,H4,21,25,4,long,7
119.0,43.0,73.0,3.0,0.3706896551724138,0.2827945388227247,0.4585847715221029,52.0,21.0,28.0,3.0,0.42857142857142855,0.2900073639659184,0.5671354931769387,CAD_CHF,H4,21,30,1,long,171
53.0,18.0,33.0,2.0,0.35294117647058826,0.2217834047494987,0.4840989481916778,24.0,10.0,11.0,3.0,0.47619047619047616,0.26257954568917985,0.6898014066917725,CAD_CHF,H4,21,30,2,long,77
28.0,10.0,18.0,0.0,0.35714285714285715,0.17966046364986868,0.5346252506358457,12.0,5.0,7.0,0.0,0.4166666666666667,0.13772189581554434,0.6956114375177891,CAD_CHF,H4,21,30,3,long,40
18.0,6.0,11.0,1.0,0.35294117647058826,0.12576925204214065,0.5801131008990359,8.0,0.0,4.0,4.0,0.0,0.0,0.0,CAD_CHF,H4,21,30,4,long,26
307.0,125.0,177.0,5.0,0.4139072847682119,0.35835687119610665,0.4694576983403172,132.0,49.0,68.0,15.0,0.4188034188034188,0.32940501283663826,0.5082018247701994,CAD_CHF,H4,21,35,1,long,439
144.0,59.0,80.0,5.0,0.4244604316546763,0.3422920241040977,0.5066288392052549,63.0,31.0,28.0,4.0,0.5254237288135594,0.3980036361781897,0.652843821448929,CAD_CHF,H4,21,35,2,long,207
71.0,33.0,37.0,1.0,0.4714285714285714,0.35448756065818343,0.5883695821989594,31.0,14.0,15.0,2.0,0.4827586206896552,0.3008854149362746,0.6646318264430358,CAD_CHF,H4,21,35,3,long,102
39.0,18.0,19.0,2.0,0.4864864864864865,0.32543433226529483,0.6475386407076782,17.0,5.0,8.0,4.0,0.38461538461538464,0.12014865879357278,0.6490821104371964,CAD_CHF,H4,21,35,4,long,56
2.0,2.0,0.0,0.0,1.0,1.0,1.0,1.0,1.0,0.0,0.0,1.0,1.0,1.0,CAD_CHF,H4,21,20,1,short,3
1.0,1.0,0.0,0.0,1.0,1.0,1.0,1.0,1.0,0.0,0.0,1.0,1.0,1.0,CAD_CHF,H4,21,20,2,short,2
0.0,0.0,0.0,0.0,,,,1.0,0.0,1.0,0.0,0.0,0.0,0.0,CAD_CHF,H4,21,20,3,short,1
,,,,,,,,,,,,,,CAD_CHF,H4,21,20,4,short,0
17.0,14.0,3.0,0.0,0.8235294117647058,0.6423089075215274,1.0,8.0,5.0,3.0,0.0,0.625,0.28951993352808575,0.9604800664719142,CAD_CHF,H4,21,25,1,short,25
6.0,6.0,0.0,0.0,1.0,1.0,1.0,3.0,0.0,3.0,0.0,0.0,0.0,0.0,CAD_CHF,H4,21,25,2,short,9
3.0,2.0,1.0,0.0,0.6666666666666666,0.13322223379388565,1.0,2.0,0.0,2.0,0.0,0.0,0.0,0.0,CAD_CHF,H4,21,25,3,short,5
1.0,1.0,0.0,0.0,1.0,1.0,1.0,1.0,0.0,1.0,0.0,0.0,0.0,0.0,CAD_CHF,H4,21,25,4,short,2
79.0,47.0,31.0,1.0,0.6025641025641025,0.49396057216094946,0.7111676329672556,35.0,19.0,16.0,0.0,0.5428571428571428,0.3778165417918292,0.7078977439224564,CAD_CHF,H4,21,30,1,short,114
35.0,19.0,15.0,1.0,0.5588235294117647,0.39192207324182393,0.7257249855817055,16.0,7.0,9.0,0.0,0.4375,0.19442159829594075,0.6805784017040593,CAD_CHF,H4,21,30,2,short,51
9.0,5.0,4.0,0.0,0.5555555555555556,0.23091161215558614,0.8801994989555251,5.0,1.0,4.0,0.0,0.2,0.0,0.5506154588719672,CAD_CHF,H4,21,30,3,short,14
4.0,3.0,1.0,0.0,0.75,0.3256475521456251,1.0,3.0,1.0,2.0,0.0,0.3333333333333333,0.0,0.8667777662061142,CAD_CHF,H4,21,30,4,short,7
246.0,133.0,106.0,7.0,0.5564853556485355,0.49350023391794196,0.6194704773791291,106.0,55.0,47.0,4.0,0.5392156862745098,0.4424801402388179,0.6359512323102017,CAD_CHF,H4,21,35,1,short,352
120.0,56.0,61.0,3.0,0.47863247863247865,0.388114215991799,0.5691507412731582,52.0,24.0,27.0,1.0,0.47058823529411764,0.33359841052463896,0.6075780600635963,CAD_CHF,H4,21,35,2,short,172
49.0,23.0,25.0,1.0,0.4791666666666667,0.3378386912211856,0.6204946421121478,22.0,10.0,11.0,1.0,0.47619047619047616,0.26257954568917985,0.6898014066917725,CAD_CHF,H4,21,35,3,short,71
25.0,11.0,12.0,2.0,0.4782608695652174,0.2741099770483661,0.6824117620820687,12.0,5.0,7.0,0.0,0.4166666666666667,0.13772189581554434,0.6956114375177891,CAD_CHF,H4,21,35,4,short,37
2.0,1.0,1.0,0.0,0.5,0.0,1.0,2.0,2.0,0.0,0.0,1.0,1.0,1.0,CAD_CHF,H4,28,20,1,long,4
0.0,0.0,0.0,0.0,,,,1.0,0.0,1.0,0.0,0.0,0.0,0.0,CAD_CHF,H4,28,20,2,long,1
0.0,0.0,0.0,0.0,,,,1.0,0.0,1.0,0.0,0.0,0.0,0.0,CAD_CHF,H4,28,20,3,long,1
,,,,,,,,,,,,,,CAD_CHF,H4,28,20,4,long,0
13.0,6.0,7.0,0.0,0.46153846153846156,0.19054070966539732,0.7325362134115259,6.0,3.0,3.0,0.0,0.5,0.09991667534541426,0.9000833246545857,CAD_CHF,H4,28,25,1,long,19
7.0,3.0,4.0,0.0,0.42857142857142855,0.06196537297496135,0.7951774841678958,3.0,1.0,2.0,0.0,0.3333333333333333,0.0,0.8667777662061142,CAD_CHF,H4,28,25,2,long,10
3.0,0.0,3.0,0.0,0.0,0.0,0.0,2.0,1.0,1.0,0.0,0.5,0.0,1.0,CAD_CHF,H4,28,25,3,long,5
1.0,0.0,1.0,0.0,0.0,0.0,0.0,1.0,0.0,0.0,1.0,,,,CAD_CHF,H4,28,25,4,long,2
63.0,29.0,34.0,0.0,0.4603174603174603,0.3372385324030092,0.5833963882319114,28.0,13.0,15.0,0.0,0.4642857142857143,0.2795561822666026,0.649015246304826,CAD_CHF,H4,28,30,1,long,91
30.0,10.0,20.0,0.0,0.3333333333333333,0.1646433920318547,0.5020232746348119,14.0,7.0,7.0,0.0,0.5,0.2380839829258241,0.7619160170741759,CAD_CHF,H4,28,30,2,long,44
16.0,5.0,11.0,0.0,0.3125,0.08537892133269531,0.5396210786673047,7.0,2.0,5.0,0.0,0.2857142857142857,0.0,0.6203782963279159,CAD_CHF,H4,28,30,3,long,23
8.0,4.0,4.0,0.0,0.5,0.15351767721859172,0.8464823227814082,4.0,0.0,3.0,1.0,0.0,0.0,0.0,CAD_CHF,H4,28,30,4,long,12
198.0,79.0,119.0,0.0,0.398989898989899,0.33078032889534237,0.46719946908445564,86.0,35.0,40.0,11.0,0.4666666666666667,0.3537577620544053,0.579575571278928,CAD_CHF,H4,28,35,1,long,284
93.0,37.0,55.0,1.0,0.40217391304347827,0.30197649346700495,0.5023713326199516,41.0,21.0,16.0,4.0,0.5675675675675675,0.40793440271765047,0.7272007324174846,CAD_CHF,H4,28,35,2,long,134
46.0,20.0,26.0,0.0,0.43478260869565216,0.29152391205597294,0.5780413053353314,20.0,9.0,10.0,1.0,0.47368421052631576,0.2491684025975332,0.6982000184550983,CAD_CHF,H4,28,35,3,long,66
23.0,10.0,12.0,1.0,0.45454545454545453,0.24647391856046566,0.6626169905304434,11.0,3.0,4.0,4.0,0.42857142857142855,0.06196537297496135,0.7951774841678958,CAD_CHF,H4,28,35,4,long,34
,,,,,,,,,,,,,,CAD_CHF,H4,28,20,1,short,0
,,,,,,,,,,,,,,CAD_CHF,H4,28,20,2,short,0
,,,,,,,,,,,,,,CAD_CHF,H4,28,20,3,short,0
,,,,,,,,,,,,,,CAD_CHF,H4,28,20,4,short,0
7.0,5.0,2.0,0.0,0.7142857142857143,0.3796217036720841,1.0,3.0,3.0,0.0,0.0,1.0,1.0,1.0,CAD_CHF,H4,28,25,1,short,10
2.0,2.0,0.0,0.0,1.0,1.0,1.0,2.0,0.0,2.0,0.0,0.0,0.0,0.0,CAD_CHF,H4,28,25,2,short,4
2.0,0.0,2.0,0.0,0.0,0.0,0.0,1.0,0.0,1.0,0.0,0.0,0.0,0.0,CAD_CHF,H4,28,25,3,short,3
0.0,0.0,0.0,0.0,,,,1.0,0.0,1.0,0.0,0.0,0.0,0.0,CAD_CHF,H4,28,25,4,short,1
31.0,21.0,10.0,0.0,0.6774193548387096,0.5128597719137113,0.8419789377637079,14.0,7.0,7.0,0.0,0.5,0.2380839829258241,0.7619160170741759,CAD_CHF,H4,28,30,1,short,45
9.0,5.0,4.0,0.0,0.5555555555555556,0.23091161215558614,0.8801994989555251,5.0,1.0,4.0,0.0,0.2,0.0,0.5506154588719672,CAD_CHF,H4,28,30,2,short,14
4.0,2.0,2.0,0.0,0.5,0.010000000000000009,0.99,3.0,1.0,2.0,0.0,0.3333333333333333,0.0,0.8667777662061142,CAD_CHF,H4,28,30,3,short,7
2.0,2.0,0.0,0.0,1.0,1.0,1.0,2.0,1.0,1.0,0.0,0.5,0.0,1.0,CAD_CHF,H4,28,30,4,short,4
144.0,80.0,61.0,3.0,0.5673758865248227,0.48559773054944244,0.649154042500203,62.0,33.0,28.0,1.0,0.5409836065573771,0.415929688121537,0.6660375249932171,CAD_CHF,H4,28,35,1,short,206
67.0,36.0,29.0,2.0,0.5538461538461539,0.43299903917157556,0.6746932685207322,30.0,16.0,14.0,0.0,0.5333333333333333,0.354808679988615,0.7118579866780517,CAD_CHF,H4,28,35,2,short,97
23.0,13.0,10.0,0.0,0.5652173913043478,0.3626189995886204,0.7678157830200751,11.0,6.0,5.0,0.0,0.5454545454545454,0.2511969573207727,0.8397121335883182,CAD_CHF,H4,28,35,3,short,34
12.0,6.0,6.0,0.0,0.5,0.21709836809708338,0.7829016319029166,6.0,4.0,2.0,0.0,0.6666666666666666,0.28946449079611114,1.0,CAD_CHF,H4,28,35,4,short,18
202.0,95.0,89.0,18.0,0.5163043478260869,0.4440962103857703,0.5885124852664035,87.0,44.0,42.0,1.0,0.5116279069767442,0.4059803696618971,0.6172754442915913,USD_JPY,H4,7,20,1,long,289
96.0,49.0,43.0,4.0,0.532608695652174,0.4306541489342889,0.634563242370059,42.0,25.0,16.0,1.0,0.6097560975609756,0.4604387447308937,0.7590734503910574,USD_JPY,H4,7,20,2,long,138
47.0,28.0,18.0,1.0,0.6086956521739131,0.4676581551269505,0.7497331492208756,21.0,10.0,9.0,2.0,0.5263157894736842,0.3017999815449016,0.7508315974024667,USD_JPY,H4,7,20,3,long,68
19.0,6.0,10.0,3.0,0.375,0.13777977004479572,0.6122202299552043,9.0,6.0,3.0,0.0,0.6666666666666666,0.3586823797498592,0.974650953583474,USD_JPY,H4,7,20,4,long,28
394.0,192.0,169.0,33.0,0.5318559556786704,0.4803817995896137,0.5833301117677271,169.0,89.0,73.0,7.0,0.5493827160493827,0.47276309795746885,0.6260023341412966,USD_JPY,H4,7,25,1,long,563
200.0,94.0,91.0,15.0,0.5081081081081081,0.43606654923981675,0.5801496669763995,86.0,43.0,39.0,4.0,0.524390243902439,0.41629618517518524,0.6324843026296928,USD_JPY,H4,7,25,2,long,286
92.0,52.0,36.0,4.0,0.5909090909090909,0.4881820010240785,0.6936361807941034,40.0,16.0,21.0,3.0,0.43243243243243246,0.2727992675825154,0.5920655972823495,USD_JPY,H4,7,25,3,long,132
43.0,20.0,19.0,4.0,0.5128205128205128,0.3559465168950686,0.6696945087459569,19.0,11.0,8.0,0.0,0.5789473684210527,0.3569401957423196,0.8009545410997857,USD_JPY,H4,7,25,4,long,62
588.0,279.0,259.0,50.0,0.5185873605947955,0.4763657650150244,0.5608089561745666,253.0,140.0,105.0,8.0,0.5714285714285714,0.5094608378892527,0.6333963049678901,USD_JPY,H4,7,30,1,long,841
312.0,147.0,139.0,26.0,0.513986013986014,0.45606007410870986,0.5719119538633181,134.0,75.0,54.0,5.0,0.5813953488372093,0.4962621371761773,0.6665285604982414,USD_JPY,H4,7,30,2,long,446
147.0,77.0,62.0,8.0,0.5539568345323741,0.4713197325699564,0.6365939364947918,63.0,34.0,26.0,3.0,0.5666666666666667,0.44127885344822143,0.6920544798851118,USD_JPY,H4,7,30,3,long,210
71.0,32.0,33.0,6.0,0.49230769230769234,0.37076803835503674,0.613847346260348,31.0,23.0,8.0,0.0,0.7419354838709677,0.5878994094757193,0.8959715582662162,USD_JPY,H4,7,30,4,long,102
830.0,407.0,358.0,65.0,0.5320261437908497,0.4966669270190122,0.5673853605626872,357.0,196.0,152.0,9.0,0.5632183908045977,0.51110647553513,0.6153303060740654,USD_JPY,H4,7,35,1,long,1187
440.0,211.0,194.0,35.0,0.5209876543209877,0.4723339816326667,0.5696413270093087,189.0,105.0,79.0,5.0,0.5706521739130435,0.49913052276480496,0.642173825061282,USD_JPY,H4,7,35,2,long,629
214.0,108.0,94.0,12.0,0.5346534653465347,0.4658667104188464,0.603440220274223,93.0,53.0,37.0,3.0,0.5888888888888889,0.48723333663936835,0.6905444411384095,USD_JPY,H4,7,35,3,long,307
105.0,50.0,49.0,6.0,0.5050505050505051,0.4065618239596305,0.6035391861413797,46.0,33.0,13.0,0.0,0.717391304347826,0.5872701312652251,0.847512477430427,USD_JPY,H4,7,35,4,long,151
254.0,101.0,115.0,38.0,0.4675925925925926,0.4010522470687562,0.534132938116429,109.0,56.0,46.0,7.0,0.5490196078431373,0.4524526070742416,0.645586608612033,USD_JPY,H4,7,20,1,short,363
118.0,47.0,54.0,17.0,0.46534653465346537,0.36806737292309427,0.5626256963838364,52.0,23.0,26.0,3.0,0.46938775510204084,0.32965039212332675,0.6091251180807549,USD_JPY,H4,7,20,2,short,170
60.0,25.0,28.0,7.0,0.4716981132075472,0.33730058327822676,0.6060956431368676,27.0,14.0,12.0,1.0,0.5384615384615384,0.3468371904257853,0.7300858864972916,USD_JPY,H4,7,20,3,short,87
30.0,13.0,15.0,2.0,0.4642857142857143,0.2795561822666026,0.649015246304826,13.0,6.0,6.0,1.0,0.5,0.21709836809708338,0.7829016319029166,USD_JPY,H4,7,20,4,short,43
472.0,178.0,229.0,65.0,0.43734643734643736,0.38915252317970517,0.48554035151316954,203.0,89.0,105.0,9.0,0.4587628865979381,0.38864268931354223,0.5288830838823341,USD_JPY,H4,7,25,1,short,675
216.0,77.0,112.0,27.0,0.4074074074074074,0.337355859045271,0.4774589557695438,93.0,40.0,50.0,3.0,0.4444444444444444,0.3417830154721753,0.5471058734167136,USD_JPY,H4,7,25,2,short,309
98.0,40.0,47.0,11.0,0.45977011494252873,0.355043728864303,0.5644965010207544,42.0,21.0,20.0,1.0,0.5121951219512195,0.3591903656558928,0.6651998782465463,USD_JPY,H4,7,25,3,short,140
46.0,21.0,22.0,3.0,0.4883720930232558,0.33896391292128136,0.6377802731252302,21.0,9.0,11.0,1.0,0.45,0.23196376447938752,0.6680362355206125,USD_JPY,H4,7,25,4,short,67
740.0,288.0,353.0,99.0,0.44929797191887677,0.41078982468470293,0.4878061191530506,318.0,141.0,166.0,11.0,0.4592833876221498,0.40353759325070887,0.5150291819935908,USD_JPY,H4,7,30,1,short,1058
346.0,135.0,168.0,43.0,0.44554455445544555,0.3895799222819538,0.5015091866289373,149.0,64.0,81.0,4.0,0.4413793103448276,0.3605560129864842,0.522202607703171,USD_JPY,H4,7,30,2,short,495
161.0,68.0,76.0,17.0,0.4722222222222222,0.3906816817569481,0.5537627626874962,70.0,30.0,38.0,2.0,0.4411764705882353,0.32315931914056084,0.5591936220359097,USD_JPY,H4,7,30,3,short,231
77.0,35.0,36.0,6.0,0.49295774647887325,0.37666468041418233,0.6092508125435642,33.0,14.0,17.0,2.0,0.45161290322580644,0.2764258493563991,0.6267999570952139,USD_JPY,H4,7,30,4,short,110
1014.0,413.0,469.0,132.0,0.46825396825396826,0.4353222310673432,0.5011857054405933,435.0,188.0,233.0,14.0,0.44655581947743467,0.3990671706751406,0.49404446827972875,USD_JPY,H4,7,35,1,short,1449
484.0,192.0,236.0,56.0,0.4485981308411215,0.4014790257340034,0.4957172359482396,208.0,91.0,111.0,6.0,0.4504950495049505,0.3818812920896838,0.5191088069202172,USD_JPY,H4,7,35,2,short,692
229.0,95.0,112.0,22.0,0.45893719806763283,0.39105258183931946,0.5268218142959462,99.0,47.0,49.0,3.0,0.4895833333333333,0.38958421043498076,0.5895824562316858,USD_JPY,H4,7,35,3,short,328
112.0,50.0,55.0,7.0,0.47619047619047616,0.3806607639228998,0.5717201884580525,48.0,21.0,24.0,3.0,0.4666666666666667,0.32090189759939663,0.6124314357339367,USD_JPY,H4,7,35,4,short,160
27.0,12.0,13.0,2.0,0.48,0.2841568627702262,0.6758431372297737,12.0,7.0,5.0,0.0,0.5833333333333334,0.30438856248221097,0.8622781041844558,USD_JPY,H4,14,20,1,long,39
11.0,4.0,6.0,1.0,0.4,0.09635810565733854,0.7036418943426614,6.0,4.0,2.0,0.0,0.6666666666666666,0.28946449079611114,1.0,USD_JPY,H4,14,20,2,long,17
6.0,4.0,2.0,0.0,0.6666666666666666,0.28946449079611114,1.0,3.0,2.0,1.0,0.0,0.6666666666666666,0.13322223379388565,1.0,USD_JPY,H4,14,20,3,long,9
4.0,0.0,4.0,0.0,0.0,0.0,0.0,2.0,0.0,2.0,0.0,0.0,0.0,0.0,USD_JPY,H4,14,20,4,long,6
109.0,60.0,41.0,8.0,0.594059405940594,0.49828674274171486,0.6898320691394733,47.0,21.0,26.0,0.0,0.44680851063829785,0.30467201432718494,0.5889450069494108,USD_JPY,H4,14,25,1,long,156
51.0,27.0,21.0,3.0,0.5625,0.4221586193419774,0.7028413806580226,23.0,12.0,11.0,0.0,0.5217391304347826,0.3175882379179313,0.7258900229516339,USD_JPY,H4,14,25,2,long,74
25.0,13.0,11.0,1.0,0.5416666666666666,0.34232080353389893,0.7410125297994343,12.0,6.0,6.0,0.0,0.5,0.21709836809708338,0.7829016319029166,USD_JPY,H4,14,25,3,long,37
10.0,2.0,7.0,1.0,0.2222222222222222,0.0,0.49383883252136757,5.0,2.0,3.0,0.0,0.4,0.0,0.8294144850840502,USD_JPY,H4,14,25,4,long,15
234.0,119.0,95.0,20.0,0.5560747663551402,0.48950597149853964,0.6226435612117407,101.0,53.0,47.0,1.0,0.53,0.4321765590464126,0.6278234409535874,USD_JPY,H4,14,30,1,long,335
119.0,56.0,54.0,9.0,0.509090909090909,0.415667021139433,0.6025147970423851,52.0,31.0,20.0,1.0,0.6078431372549019,0.4738456507756258,0.741840623734178,USD_JPY,H4,14,30,2,long,171
59.0,31.0,23.0,5.0,0.5740740740740741,0.44218458175100844,0.7059635663971398,26.0,14.0,11.0,1.0,0.56,0.36541631723086343,0.7545836827691367,USD_JPY,H4,14,30,3,long,85
25.0,10.0,12.0,3.0,0.45454545454545453,0.24647391856046566,0.6626169905304434,12.0,8.0,4.0,0.0,0.6666666666666666,0.39994445023027614,0.9333888831030571,USD_JPY,H4,14,30,4,long,37
468.0,233.0,203.0,32.0,0.5344036697247706,0.48758141568820074,0.5812259237613404,201.0,112.0,85.0,4.0,0.5685279187817259,0.49936469846533427,0.6376911390981176,USD_JPY,H4,14,35,1,long,669
245.0,116.0,113.0,16.0,0.5065502183406113,0.44179555285585304,0.5713048838253696,106.0,60.0,42.0,4.0,0.5882352941176471,0.4927237020955384,0.6837468861397558,USD_JPY,H4,14,35,2,long,351
118.0,64.0,46.0,8.0,0.5818181818181818,0.4896383425644791,0.6739980210718844,52.0,27.0,22.0,3.0,0.5510204081632653,0.4117511783695059,0.6902896379570246,USD_JPY,H4,14,35,3,long,170
52.0,23.0,24.0,5.0,0.48936170212765956,0.34644636986968314,0.632277034385636,23.0,17.0,6.0,0.0,0.7391304347826086,0.5596717819652766,0.9185890875999407,USD_JPY,H4,14,35,4,long,75
46.0,16.0,27.0,3.0,0.37209302325581395,0.2276171722085209,0.5165688743031069,21.0,10.0,6.0,5.0,0.625,0.3877797700447957,0.8622202299552043,USD_JPY,H4,14,20,1,short,67
23.0,9.0,13.0,1.0,0.4090909090909091,0.20363672932088425,0.614545088860934,10.0,4.0,4.0,2.0,0.5,0.15351767721859172,0.8464823227814082,USD_JPY,H4,14,20,2,short,33
10.0,5.0,5.0,0.0,0.5,0.19009678930349883,0.8099032106965012,5.0,1.0,3.0,1.0,0.25,0.0,0.674352447854375,USD_JPY,H4,14,20,3,short,15
4.0,2.0,2.0,0.0,0.5,0.010000000000000009,0.99,2.0,0.0,2.0,0.0,0.0,0.0,0.0,USD_JPY,H4,14,20,4,short,6
127.0,37.0,72.0,18.0,0.3394495412844037,0.2505532925904634,0.428345789978344,55.0,28.0,21.0,6.0,0.5714285714285714,0.4328645068230612,0.7099926360340816,USD_JPY,H4,14,25,1,short,182
58.0,19.0,31.0,8.0,0.38,0.2454577419544328,0.5145422580455672,26.0,13.0,11.0,2.0,0.5416666666666666,0.34232080353389893,0.7410125297994343,USD_JPY,H4,14,25,2,short,84
25.0,10.0,11.0,4.0,0.47619047619047616,0.26257954568917985,0.6898014066917725,11.0,7.0,4.0,0.0,0.6363636363636364,0.3520837983588668,0.920643474368406,USD_JPY,H4,14,25,3,short,36
11.0,4.0,7.0,0.0,0.36363636363636365,0.07935652563159407,0.6479162016411333,5.0,4.0,1.0,0.0,0.8,0.44938454112803305,1.0,USD_JPY,H4,14,25,4,short,16
307.0,111.0,159.0,37.0,0.4111111111111111,0.3524202506552303,0.4698019715669919,132.0,68.0,57.0,7.0,0.544,0.4566861906729526,0.6313138093270475,USD_JPY,H4,14,30,1,short,439
146.0,49.0,75.0,22.0,0.3951612903225806,0.3091110246872897,0.4812115559578716,63.0,30.0,30.0,3.0,0.5,0.373482544023891,0.626517455976109,USD_JPY,H4,14,30,2,short,209
67.0,27.0,31.0,9.0,0.46551724137931033,0.3371433192881881,0.5938911634704326,30.0,16.0,12.0,2.0,0.5714285714285714,0.3881255436303378,0.754731599226805,USD_JPY,H4,14,30,3,short,97
33.0,15.0,16.0,2.0,0.4838709677419355,0.3079493737374329,0.6597925617464381,15.0,8.0,6.0,1.0,0.5714285714285714,0.31219894349225696,0.8306581993648858,USD_JPY,H4,14,30,4,short,48
613.0,228.0,299.0,86.0,0.43263757115749524,0.39033729855287724,0.47493784376211323,263.0,120.0,131.0,12.0,0.47808764940239046,0.41629002791162906,0.5398852708931519,USD_JPY,H4,14,35,1,short,876
288.0,104.0,147.0,37.0,0.41434262948207173,0.3534000508776016,0.47528520808654184,124.0,53.0,66.0,5.0,0.44537815126050423,0.35607936997714484,0.5346769325438636,USD_JPY,H4,14,35,2,short,412
135.0,56.0,62.0,17.0,0.4745762711864407,0.38447665962455274,0.5646758827483287,58.0,25.0,30.0,3.0,0.45454545454545453,0.3229494605530043,0.5861414485379048,USD_JPY,H4,14,35,3,short,193
65.0,27.0,32.0,6.0,0.4576271186440678,0.33050095971652577,0.5847532775716098,29.0,14.0,13.0,2.0,0.5185185185185185,0.3300468310018606,0.7069902060351764,USD_JPY,H4,14,35,4,short,94
4.0,1.0,3.0,0.0,0.25,0.0,0.674352447854375,3.0,3.0,0.0,0.0,1.0,1.0,1.0,USD_JPY,H4,21,20,1,long,7
4.0,1.0,3.0,0.0,0.25,0.0,0.674352447854375,2.0,2.0,0.0,0.0,1.0,1.0,1.0,USD_JPY,H4,21,20,2,long,6
2.0,0.0,2.0,0.0,0.0,0.0,0.0,2.0,2.0,0.0,0.0,1.0,1.0,1.0,USD_JPY,H4,21,20,3,long,4
2.0,0.0,2.0,0.0,0.0,0.0,0.0,1.0,0.0,1.0,0.0,0.0,0.0,0.0,USD_JPY,H4,21,20,4,long,3
25.0,12.0,12.0,1.0,0.5,0.29995833767270713,0.7000416623272929,12.0,7.0,5.0,0.0,0.5833333333333334,0.30438856248221097,0.8622781041844558,USD_JPY,H4,21,25,1,long,37
13.0,5.0,8.0,0.0,0.38461538461538464,0.12014865879357278,0.6490821104371964,6.0,6.0,0.0,0.0,1.0,1.0,1.0,USD_JPY,H4,21,25,2,long,19
7.0,3.0,4.0,0.0,0.42857142857142855,0.06196537297496135,0.7951774841678958,3.0,3.0,0.0,0.0,1.0,1.0,1.0,USD_JPY,H4,21,25,3,long,10
3.0,0.0,3.0,0.0,0.0,0.0,0.0,2.0,0.0,2.0,0.0,0.0,0.0,0.0,USD_JPY,H4,21,25,4,long,5
110.0,60.0,43.0,7.0,0.5825242718446602,0.4872863111760621,0.6777622325132582,48.0,25.0,23.0,0.0,0.5208333333333334,0.3795053578878522,0.6621613087788145,USD_JPY,H4,21,30,1,long,158
56.0,31.0,23.0,2.0,0.5740740740740741,0.44218458175100844,0.7059635663971398,25.0,13.0,12.0,0.0,0.52,0.32415686277022626,0.7158431372297738,USD_JPY,H4,21,30,2,long,81
25.0,17.0,8.0,0.0,0.68,0.49714134857765147,0.8628586514223486,11.0,3.0,8.0,0.0,0.2727272727272727,0.009535284742372196,0.5359192607121732,USD_JPY,H4,21,30,3,long,36
11.0,3.0,8.0,0.0,0.2727272727272727,0.009535284742372196,0.5359192607121732,5.0,2.0,3.0,0.0,0.4,0.0,0.8294144850840502,USD_JPY,H4,21,30,4,long,16
280.0,147.0,113.0,20.0,0.5653846153846154,0.5051294977687016,0.6256397330005291,121.0,69.0,51.0,1.0,0.575,0.4865508149651262,0.6634491850348737,USD_JPY,H4,21,35,1,long,401
149.0,74.0,63.0,12.0,0.5401459854014599,0.4566892571265007,0.623602713676419,64.0,35.0,28.0,1.0,0.5555555555555556,0.43285167857274875,0.6782594325383624,USD_JPY,H4,21,35,2,long,213
69.0,38.0,24.0,7.0,0.6129032258064516,0.49165763439127735,0.734148817221626,30.0,17.0,12.0,1.0,0.5862068965517241,0.40695070789470794,0.7654630852087403,USD_JPY,H4,21,35,3,long,99
32.0,14.0,14.0,4.0,0.5,0.31479740822547864,0.6852025917745214,15.0,10.0,5.0,0.0,0.6666666666666666,0.4281030638421943,0.9052302694911389,USD_JPY,H4,21,35,4,long,47
11.0,5.0,5.0,1.0,0.5,0.19009678930349883,0.8099032106965012,6.0,2.0,4.0,0.0,0.3333333333333333,0.0,0.7105355092038887,USD_JPY,H4,21,20,1,short,17
7.0,4.0,3.0,0.0,0.5714285714285714,0.2048225158321042,0.9380346270250386,3.0,2.0,1.0,0.0,0.6666666666666666,0.13322223379388565,1.0,USD_JPY,H4,21,20,2,short,10
4.0,2.0,2.0,0.0,0.5,0.010000000000000009,0.99,2.0,0.0,2.0,0.0,0.0,0.0,0.0,USD_JPY,H4,21,20,3,short,6
1.0,1.0,0.0,0.0,1.0,1.0,1.0,1.0,0.0,1.0,0.0,0.0,0.0,0.0,USD_JPY,H4,21,20,4,short,2
45.0,15.0,25.0,5.0,0.375,0.22496875325453036,0.5250312467454696,20.0,8.0,7.0,5.0,0.5333333333333333,0.28086134735527735,0.7858053193113893,USD_JPY,H4,21,25,1,short,65
21.0,8.0,11.0,2.0,0.42105263157894735,0.19904545890021433,0.6430598042576804,9.0,4.0,3.0,2.0,0.5714285714285714,0.2048225158321042,0.9380346270250386,USD_JPY,H4,21,25,2,short,30
9.0,5.0,4.0,0.0,0.5555555555555556,0.23091161215558614,0.8801994989555251,4.0,0.0,3.0,1.0,0.0,0.0,0.0,USD_JPY,H4,21,25,3,short,13
3.0,2.0,1.0,0.0,0.6666666666666666,0.13322223379388565,1.0,2.0,0.0,2.0,0.0,0.0,0.0,0.0,USD_JPY,H4,21,25,4,short,5
145.0,43.0,85.0,17.0,0.3359375,0.25411272730545675,0.41776227269454325,63.0,33.0,24.0,6.0,0.5789473684210527,0.4507714675129584,0.7071232693291469,USD_JPY,H4,21,30,1,short,208
67.0,24.0,35.0,8.0,0.4067796610169492,0.28143157789455914,0.5321277441393393,30.0,16.0,12.0,2.0,0.5714285714285714,0.3881255436303378,0.754731599226805,USD_JPY,H4,21,30,2,short,97
29.0,14.0,13.0,2.0,0.5185185185185185,0.3300468310018606,0.7069902060351764,13.0,8.0,4.0,1.0,0.6666666666666666,0.39994445023027614,0.9333888831030571,USD_JPY,H4,21,30,3,short,42
13.0,6.0,7.0,0.0,0.46153846153846156,0.19054070966539732,0.7325362134115259,6.0,4.0,2.0,0.0,0.6666666666666666,0.28946449079611114,1.0,USD_JPY,H4,21,30,4,short,19
382.0,148.0,193.0,41.0,0.4340175953079179,0.381411748603979,0.4866234420118568,164.0,80.0,72.0,12.0,0.5263157894736842,0.4469374643386749,0.6056941146086935,USD_JPY,H4,21,35,1,short,546
183.0,67.0,94.0,22.0,0.4161490683229814,0.34000806672332207,0.4922900699226407,79.0,33.0,41.0,5.0,0.44594594594594594,0.3326909444730906,0.5592009474188013,USD_JPY,H4,21,35,2,short,262
83.0,37.0,37.0,9.0,0.5,0.3860773140310571,0.6139226859689428,36.0,15.0,18.0,3.0,0.45454545454545453,0.28465575682533084,0.6244351522655782,USD_JPY,H4,21,35,3,short,119
41.0,20.0,19.0,2.0,0.5128205128205128,0.3559465168950686,0.6696945087459569,18.0,8.0,9.0,1.0,0.47058823529411764,0.23331489867342306,0.7078615719148122,USD_JPY,H4,21,35,4,short,59
2.0,0.0,2.0,0.0,0.0,0.0,0.0,2.0,2.0,0.0,0.0,1.0,1.0,1.0,USD_JPY,H4,28,20,1,long,4
2.0,0.0,2.0,0.0,0.0,0.0,0.0,2.0,2.0,0.0,0.0,1.0,1.0,1.0,USD_JPY,H4,28,20,2,long,4
2.0,1.0,1.0,0.0,0.5,0.0,1.0,1.0,1.0,0.0,0.0,1.0,1.0,1.0,USD_JPY,H4,28,20,3,long,3
1.0,0.0,1.0,0.0,0.0,0.0,0.0,1.0,0.0,1.0,0.0,0.0,0.0,0.0,USD_JPY,H4,28,20,4,long,2
10.0,5.0,5.0,0.0,0.5,0.19009678930349883,0.8099032106965012,5.0,4.0,1.0,0.0,0.8,0.44938454112803305,1.0,USD_JPY,H4,28,25,1,long,15
8.0,2.0,6.0,0.0,0.25,0.0,0.5500624934909393,4.0,4.0,0.0,0.0,1.0,1.0,1.0,USD_JPY,H4,28,25,2,long,12
4.0,2.0,2.0,0.0,0.5,0.010000000000000009,0.99,2.0,2.0,0.0,0.0,1.0,1.0,1.0,USD_JPY,H4,28,25,3,long,6
2.0,0.0,2.0,0.0,0.0,0.0,0.0,1.0,0.0,1.0,0.0,0.0,0.0,0.0,USD_JPY,H4,28,25,4,long,3
46.0,22.0,23.0,1.0,0.4888888888888889,0.3428351903625469,0.6349425874152308,21.0,11.0,10.0,0.0,0.5238095238095238,0.3101985933082275,0.7374204543108202,USD_JPY,H4,28,30,1,long,67
24.0,11.0,13.0,0.0,0.4583333333333333,0.2589874702005656,0.6576791964661011,11.0,7.0,4.0,0.0,0.6363636363636364,0.3520837983588668,0.920643474368406,USD_JPY,H4,28,30,2,long,35
11.0,7.0,4.0,0.0,0.6363636363636364,0.3520837983588668,0.920643474368406,5.0,2.0,3.0,0.0,0.4,0.0,0.8294144850840502,USD_JPY,H4,28,30,3,long,16
4.0,1.0,3.0,0.0,0.25,0.0,0.674352447854375,3.0,1.0,2.0,0.0,0.3333333333333333,0.0,0.8667777662061142,USD_JPY,H4,28,30,4,long,7
172.0,94.0,68.0,10.0,0.5802469135802469,0.5042489539390919,0.656244873221402,75.0,42.0,33.0,0.0,0.56,0.44765705837333025,0.6723429416266699,USD_JPY,H4,28,35,1,long,247
88.0,47.0,38.0,3.0,0.5529411764705883,0.44724277724996736,0.6586395756912091,39.0,23.0,16.0,0.0,0.5897435897435898,0.4353664215728127,0.7441207579143668,USD_JPY,H4,28,35,2,long,127
42.0,26.0,16.0,0.0,0.6190476190476191,0.4721790711199897,0.7659161669752484,18.0,9.0,9.0,0.0,0.5,0.2690117848123945,0.7309882151876055,USD_JPY,H4,28,35,3,long,60
18.0,7.0,11.0,0.0,0.3888888888888889,0.16367629309127704,0.6141014846865007,9.0,5.0,4.0,0.0,0.5555555555555556,0.23091161215558614,0.8801994989555251,USD_JPY,H4,28,35,4,long,27
4.0,2.0,2.0,0.0,0.5,0.010000000000000009,0.99,3.0,1.0,2.0,0.0,0.3333333333333333,0.0,0.8667777662061142,USD_JPY,H4,28,20,1,short,7
4.0,2.0,2.0,0.0,0.5,0.010000000000000009,0.99,2.0,2.0,0.0,0.0,1.0,1.0,1.0,USD_JPY,H4,28,20,2,short,6
2.0,1.0,1.0,0.0,0.5,0.0,1.0,2.0,0.0,2.0,0.0,0.0,0.0,0.0,USD_JPY,H4,28,20,3,short,4
,,,,,,,,,,,,,,USD_JPY,H4,28,20,4,short,0
19.0,8.0,10.0,1.0,0.4444444444444444,0.21488651059518432,0.6740023782937046,9.0,2.0,7.0,0.0,0.2222222222222222,0.0,0.49383883252136757,USD_JPY,H4,28,25,1,short,28
9.0,5.0,4.0,0.0,0.5555555555555556,0.23091161215558614,0.8801994989555251,5.0,3.0,2.0,0.0,0.6,0.17058551491594975,1.0,USD_JPY,H4,28,25,2,short,14
4.0,3.0,1.0,0.0,0.75,0.3256475521456251,1.0,3.0,0.0,3.0,0.0,0.0,0.0,0.0,USD_JPY,H4,28,25,3,short,7
1.0,1.0,0.0,0.0,1.0,1.0,1.0,1.0,0.0,1.0,0.0,0.0,0.0,0.0,USD_JPY,H4,28,25,4,short,2
77.0,28.0,42.0,7.0,0.4,0.2852341514212525,0.5147658485787475,33.0,18.0,10.0,5.0,0.6428571428571429,0.46537474936415446,0.8203395363501313,USD_JPY,H4,28,30,1,short,110
32.0,15.0,14.0,3.0,0.5172413793103449,0.33536817355696424,0.6991145850637255,15.0,8.0,5.0,2.0,0.6153846153846154,0.35091788956280356,0.8798513412064273,USD_JPY,H4,28,30,2,short,47
14.0,9.0,4.0,1.0,0.6923076923076923,0.44141252663043484,0.9432028579849497,7.0,3.0,4.0,0.0,0.42857142857142855,0.06196537297496135,0.7951774841678958,USD_JPY,H4,28,30,3,short,21
7.0,4.0,3.0,0.0,0.5714285714285714,0.2048225158321042,0.9380346270250386,3.0,2.0,1.0,0.0,0.6666666666666666,0.13322223379388565,1.0,USD_JPY,H4,28,30,4,short,10
248.0,94.0,132.0,22.0,0.415929203539823,0.35166867326047735,0.48018973381916863,107.0,55.0,43.0,9.0,0.5612244897959183,0.4629744962870646,0.6594744833047721,USD_JPY,H4,28,35,1,short,355
121.0,46.0,66.0,9.0,0.4107142857142857,0.3196013749935761,0.5018271964349953,52.0,25.0,22.0,5.0,0.5319148936170213,0.38925870088730413,0.6745710863467385,USD_JPY,H4,28,35,2,short,173
53.0,27.0,24.0,2.0,0.5294117647058824,0.3924219399364037,0.666401589475361,23.0,12.0,9.0,2.0,0.5714285714285714,0.35976846654340416,0.7830886763137386,USD_JPY,H4,28,35,3,short,76
28.0,17.0,10.0,1.0,0.6296296296296297,0.4474772346531113,0.811782024606148,12.0,6.0,6.0,0.0,0.5,0.21709836809708338,0.7829016319029166,USD_JPY,H4,28,35,4,short,40
212.0,100.0,98.0,14.0,0.5050505050505051,0.4354084907810284,0.5746925193199818,92.0,32.0,16.0,44.0,0.6666666666666666,0.5333055584484714,0.8000277748848619,EUR_GBP,H4,7,20,1,long,304
97.0,46.0,43.0,8.0,0.5168539325842697,0.4130331722745488,0.6206746928939906,42.0,13.0,10.0,19.0,0.5652173913043478,0.3626189995886204,0.7678157830200751,EUR_GBP,H4,7,20,2,long,139
50.0,22.0,24.0,4.0,0.4782608695652174,0.33390438908126585,0.622617350049169,22.0,6.0,6.0,10.0,0.5,0.21709836809708338,0.7829016319029166,EUR_GBP,H4,7,20,3,long,72
25.0,11.0,14.0,0.0,0.44,0.24541631723086335,0.6345836827691367,11.0,4.0,4.0,3.0,0.5,0.15351767721859172,0.8464823227814082,EUR_GBP,H4,7,20,4,long,36
386.0,191.0,157.0,38.0,0.5488505747126436,0.49656839142789166,0.6011327579973956,166.0,52.0,42.0,72.0,0.5531914893617021,0.4526858089660175,0.6536971697573868,EUR_GBP,H4,7,25,1,long,552
184.0,91.0,71.0,22.0,0.5617283950617284,0.4853213472199992,0.6381354429034577,79.0,21.0,25.0,33.0,0.45652173913043476,0.3125759464786233,0.6004675317822462,EUR_GBP,H4,7,25,2,long,263
93.0,41.0,41.0,11.0,0.5,0.39177710444665037,0.6082228955533496,41.0,11.0,10.0,20.0,0.5238095238095238,0.3101985933082275,0.7374204543108202,EUR_GBP,H4,7,25,3,long,134
50.0,21.0,28.0,1.0,0.42857142857142855,0.2900073639659184,0.5671354931769387,22.0,9.0,6.0,7.0,0.6,0.35207743144279907,0.8479225685572009,EUR_GBP,H4,7,25,4,long,72
660.0,320.0,278.0,62.0,0.5351170568561873,0.4951408409052953,0.5750932728070792,283.0,96.0,69.0,118.0,0.5818181818181818,0.5065536582370662,0.6570827053992974,EUR_GBP,H4,7,30,1,long,943
315.0,154.0,132.0,29.0,0.5384615384615384,0.48068462363144115,0.5962384532916357,136.0,40.0,40.0,56.0,0.5,0.3904326691025103,0.6095673308974897,EUR_GBP,H4,7,30,2,long,451
157.0,72.0,66.0,19.0,0.5217391304347826,0.4383948775681062,0.6050833833014589,68.0,22.0,16.0,30.0,0.5789473684210527,0.42196459114786766,0.7359301456942376,EUR_GBP,H4,7,30,3,long,225
81.0,37.0,40.0,4.0,0.4805194805194805,0.3689229118457773,0.5921160491931837,36.0,13.0,11.0,12.0,0.5416666666666666,0.34232080353389893,0.7410125297994343,EUR_GBP,H4,7,30,4,long,117
976.0,477.0,397.0,102.0,0.545766590389016,0.512756754492412,0.57877642628562,419.0,143.0,107.0,169.0,0.572,0.510665339469432,0.6333346605305679,EUR_GBP,H4,7,35,1,long,1395
477.0,234.0,198.0,45.0,0.5416666666666666,0.4946803961257782,0.5886529372075551,205.0,67.0,55.0,83.0,0.5491803278688525,0.4608855391963859,0.6374751165413192,EUR_GBP,H4,7,35,2,long,682
235.0,113.0,99.0,23.0,0.5330188679245284,0.4658591135664354,0.6001786222826213,102.0,30.0,24.0,48.0,0.5555555555555556,0.423020220653071,0.6880908904580402,EUR_GBP,H4,7,35,3,long,337
115.0,55.0,56.0,4.0,0.4954954954954955,0.4024817867421636,0.5885092042488274,50.0,16.0,14.0,20.0,0.5333333333333333,0.354808679988615,0.7118579866780517,EUR_GBP,H4,7,35,4,long,165
207.0,89.0,105.0,13.0,0.4587628865979381,0.38864268931354223,0.5288830838823341,89.0,33.0,28.0,28.0,0.5409836065573771,0.415929688121537,0.6660375249932171,EUR_GBP,H4,7,20,1,short,296
92.0,45.0,42.0,5.0,0.5172413793103449,0.4122368350102504,0.6222459236104394,40.0,11.0,16.0,13.0,0.4074074074074074,0.22206843148618047,0.5927463833286343,EUR_GBP,H4,7,20,2,short,132
51.0,24.0,24.0,3.0,0.5,0.3585491840485417,0.6414508159514583,23.0,8.0,8.0,7.0,0.5,0.255,0.745,EUR_GBP,H4,7,20,3,short,74
28.0,14.0,12.0,2.0,0.5384615384615384,0.3468371904257853,0.7300858864972916,13.0,3.0,4.0,6.0,0.42857142857142855,0.06196537297496135,0.7951774841678958,EUR_GBP,H4,7,20,4,short,41
399.0,179.0,192.0,28.0,0.48247978436657685,0.43163196452614344,0.5333276042070102,172.0,60.0,52.0,60.0,0.5357142857142857,0.44334951970472986,0.6280790517238415,EUR_GBP,H4,7,25,1,short,571
188.0,90.0,82.0,16.0,0.5232558139534884,0.44861238496816946,0.5978992429388074,81.0,26.0,24.0,31.0,0.52,0.3815179896159794,0.6584820103840207,EUR_GBP,H4,7,25,2,short,269
96.0,46.0,41.0,9.0,0.5287356321839081,0.42384226265749547,0.6336290017103207,42.0,14.0,17.0,11.0,0.45161290322580644,0.2764258493563991,0.6267999570952139,EUR_GBP,H4,7,25,3,short,138
52.0,25.0,21.0,6.0,0.5434782608695652,0.39953246821775373,0.6874240535213767,23.0,5.0,9.0,9.0,0.35714285714285715,0.1061448491826345,0.6081408651030797,EUR_GBP,H4,7,25,4,short,75
662.0,284.0,328.0,50.0,0.46405228758169936,0.4245406499647239,0.5035639251986749,284.0,101.0,69.0,114.0,0.5941176470588235,0.5202986871925269,0.6679366069251201,EUR_GBP,H4,7,30,1,short,946
317.0,139.0,150.0,28.0,0.4809688581314879,0.4233635721692254,0.5385741440937504,136.0,37.0,41.0,58.0,0.47435897435897434,0.36354182921991646,0.5851761194980322,EUR_GBP,H4,7,30,2,short,453
150.0,68.0,67.0,15.0,0.5037037037037037,0.41936104707567157,0.5880463603317357,65.0,19.0,28.0,18.0,0.40425531914893614,0.26395291898517614,0.5445577193126961,EUR_GBP,H4,7,30,3,short,215
77.0,36.0,31.0,10.0,0.5373134328358209,0.41792123015937205,0.6567056355122697,33.0,5.0,16.0,12.0,0.23809523809523808,0.05592722447817858,0.4202632517122976,EUR_GBP,H4,7,30,4,short,110
938.0,411.0,443.0,84.0,0.4812646370023419,0.4477532780751515,0.5147759959295324,403.0,140.0,102.0,161.0,0.5785123966942148,0.516297107225268,0.6407276861631617,EUR_GBP,H4,7,35,1,short,1341
456.0,203.0,209.0,44.0,0.49271844660194175,0.44444243207337775,0.5409944611305058,196.0,58.0,56.0,82.0,0.5087719298245614,0.4170006465550542,0.6005432130940687,EUR_GBP,H4,7,35,2,short,652
221.0,100.0,99.0,22.0,0.5025125628140703,0.433043081857627,0.5719820437705135,95.0,31.0,36.0,28.0,0.4626865671641791,0.34329436448773026,0.5820787698406279,EUR_GBP,H4,7,35,3,short,316
107.0,52.0,42.0,13.0,0.5531914893617021,0.4526858089660175,0.6536971697573868,46.0,12.0,20.0,14.0,0.375,0.20725996676404287,0.5427400332359571,EUR_GBP,H4,7,35,4,short,153
21.0,14.0,6.0,1.0,0.7,0.49915976498719183,0.9008402350128081,9.0,4.0,2.0,3.0,0.6666666666666666,0.28946449079611114,1.0,EUR_GBP,H4,14,20,1,long,30
13.0,9.0,4.0,0.0,0.6923076923076923,0.44141252663043484,0.9432028579849497,6.0,1.0,2.0,3.0,0.3333333333333333,0.0,0.8667777662061142,EUR_GBP,H4,14,20,2,long,19
5.0,3.0,2.0,0.0,0.6,0.17058551491594975,1.0,3.0,2.0,1.0,0.0,0.6666666666666666,0.13322223379388565,1.0,EUR_GBP,H4,14,20,3,long,8
4.0,2.0,2.0,0.0,0.5,0.010000000000000009,0.99,2.0,1.0,1.0,0.0,0.5,0.0,1.0,EUR_GBP,H4,14,20,4,long,6
87.0,49.0,32.0,6.0,0.6049382716049383,0.4984745674855481,0.7114019757243285,38.0,13.0,5.0,20.0,0.7222222222222222,0.5153014969264527,0.9291429475179918,EUR_GBP,H4,14,25,1,long,125
42.0,22.0,16.0,4.0,0.5789473684210527,0.42196459114786766,0.7359301456942376,18.0,6.0,3.0,9.0,0.6666666666666666,0.3586823797498592,0.974650953583474,EUR_GBP,H4,14,25,2,long,60
20.0,8.0,10.0,2.0,0.4444444444444444,0.21488651059518432,0.6740023782937046,9.0,5.0,2.0,2.0,0.7142857142857143,0.3796217036720841,1.0,EUR_GBP,H4,14,25,3,long,29
7.0,2.0,5.0,0.0,0.2857142857142857,0.0,0.6203782963279159,4.0,3.0,0.0,1.0,1.0,1.0,1.0,EUR_GBP,H4,14,25,4,long,11
231.0,120.0,89.0,22.0,0.5741626794258373,0.5071244912002196,0.641200867651455,100.0,31.0,17.0,52.0,0.6458333333333334,0.5105327955206277,0.781133871146039,EUR_GBP,H4,14,30,1,long,331
107.0,53.0,41.0,13.0,0.5638297872340425,0.46357753130686075,0.6640820431612243,47.0,16.0,10.0,21.0,0.6153846153846154,0.4283784001578088,0.802390830611422,EUR_GBP,H4,14,30,2,long,154
55.0,27.0,21.0,7.0,0.5625,0.4221586193419774,0.7028413806580226,24.0,7.0,4.0,13.0,0.6363636363636364,0.3520837983588668,0.920643474368406,EUR_GBP,H4,14,30,3,long,79
29.0,14.0,14.0,1.0,0.5,0.31479740822547864,0.6852025917745214,13.0,6.0,2.0,5.0,0.75,0.4499375065090607,1.0,EUR_GBP,H4,14,30,4,long,42
497.0,242.0,198.0,57.0,0.55,0.5035145183955249,0.5964854816044752,214.0,75.0,46.0,93.0,0.6198347107438017,0.5333403957777513,0.7063290257098521,EUR_GBP,H4,14,35,1,long,711
240.0,121.0,93.0,26.0,0.5654205607476636,0.49900504174679255,0.6318360797485345,103.0,34.0,27.0,42.0,0.5573770491803278,0.43272981123102355,0.6820242871296321,EUR_GBP,H4,14,35,2,long,343
124.0,59.0,52.0,13.0,0.5315315315315315,0.4386991951485406,0.6243638679145225,54.0,18.0,11.0,25.0,0.6206896551724138,0.4440892605730019,0.7972900497718257,EUR_GBP,H4,14,35,3,long,178
67.0,33.0,32.0,2.0,0.5076923076923077,0.3861526537396521,0.6292319616449633,30.0,12.0,7.0,11.0,0.631578947368421,0.41467607015701474,0.8484818245798273,EUR_GBP,H4,14,35,4,long,97
31.0,10.0,21.0,0.0,0.3225806451612903,0.158021062236292,0.48714022808628865,14.0,6.0,6.0,2.0,0.5,0.21709836809708338,0.7829016319029166,EUR_GBP,H4,14,20,1,short,45
14.0,7.0,6.0,1.0,0.5384615384615384,0.2674637865884742,0.8094592903346027,6.0,2.0,3.0,1.0,0.4,0.0,0.8294144850840502,EUR_GBP,H4,14,20,2,short,20
8.0,2.0,6.0,0.0,0.25,0.0,0.5500624934909393,4.0,2.0,2.0,0.0,0.5,0.010000000000000009,0.99,EUR_GBP,H4,14,20,3,short,12
3.0,1.0,2.0,0.0,0.3333333333333333,0.0,0.8667777662061142,2.0,0.0,2.0,0.0,0.0,0.0,0.0,EUR_GBP,H4,14,20,4,short,5
105.0,44.0,55.0,6.0,0.4444444444444444,0.3465606125608922,0.5423282763279966,46.0,18.0,16.0,12.0,0.5294117647058824,0.3616341793866309,0.6971893500251338,EUR_GBP,H4,14,25,1,short,151
51.0,25.0,23.0,3.0,0.5208333333333334,0.3795053578878522,0.6621613087788145,23.0,7.0,7.0,9.0,0.5,0.2380839829258241,0.7619160170741759,EUR_GBP,H4,14,25,2,short,74
32.0,12.0,17.0,3.0,0.41379310344827586,0.2345369147912597,0.593049292105292,15.0,6.0,4.0,5.0,0.6,0.2963581056573385,0.9036418943426614,EUR_GBP,H4,14,25,3,short,47
17.0,6.0,8.0,3.0,0.42857142857142855,0.16934180063511417,0.6878010565077429,8.0,3.0,1.0,4.0,0.75,0.3256475521456251,1.0,EUR_GBP,H4,14,25,4,short,25
251.0,116.0,121.0,14.0,0.48945147679324896,0.4258078043153891,0.5530951492711088,109.0,46.0,31.0,32.0,0.5974025974025974,0.48786082934967945,0.7069443654555153,EUR_GBP,H4,14,30,1,short,360
124.0,63.0,53.0,8.0,0.5431034482758621,0.4524514677025692,0.633755428849155,54.0,16.0,20.0,18.0,0.4444444444444444,0.2821224727444597,0.6067664161444292,EUR_GBP,H4,14,30,2,short,178
68.0,33.0,31.0,4.0,0.515625,0.39318482906339774,0.6380651709366022,30.0,9.0,10.0,11.0,0.47368421052631576,0.2491684025975332,0.6982000184550983,EUR_GBP,H4,14,30,3,short,98
35.0,21.0,11.0,3.0,0.65625,0.49168514410155795,0.820814855898442,15.0,3.0,4.0,8.0,0.42857142857142855,0.06196537297496135,0.7951774841678958,EUR_GBP,H4,14,30,4,short,50
505.0,219.0,251.0,35.0,0.46595744680851064,0.42085831280435665,0.5110565808126647,217.0,78.0,61.0,78.0,0.5611510791366906,0.478652571992088,0.6436495862812932,EUR_GBP,H4,14,35,1,short,722
239.0,112.0,110.0,17.0,0.5045045045045045,0.43873388030171295,0.570275128707296,103.0,32.0,37.0,34.0,0.463768115942029,0.34610013907497855,0.5814360928090794,EUR_GBP,H4,14,35,2,short,342
120.0,56.0,55.0,9.0,0.5045045045045045,0.41149079575117253,0.5975182132578364,52.0,18.0,21.0,13.0,0.46153846153846156,0.3050778365447645,0.6179990865321586,EUR_GBP,H4,14,35,3,short,172
60.0,29.0,25.0,6.0,0.5370370370370371,0.4040423061820221,0.6700317678920521,27.0,7.0,11.0,9.0,0.3888888888888889,0.16367629309127704,0.6141014846865007,EUR_GBP,H4,14,35,4,short,87
2.0,2.0,0.0,0.0,1.0,1.0,1.0,1.0,1.0,0.0,0.0,1.0,1.0,1.0,EUR_GBP,H4,21,20,1,long,3
1.0,1.0,0.0,0.0,1.0,1.0,1.0,1.0,1.0,0.0,0.0,1.0,1.0,1.0,EUR_GBP,H4,21,20,2,long,2
0.0,0.0,0.0,0.0,,,,1.0,1.0,0.0,0.0,1.0,1.0,1.0,EUR_GBP,H4,21,20,3,long,1
0.0,0.0,0.0,0.0,,,,1.0,1.0,0.0,0.0,1.0,1.0,1.0,EUR_GBP,H4,21,20,4,long,1
18.0,14.0,3.0,1.0,0.8235294117647058,0.6423089075215274,1.0,8.0,5.0,2.0,1.0,0.7142857142857143,0.3796217036720841,1.0,EUR_GBP,H4,21,25,1,long,26
11.0,8.0,3.0,0.0,0.7272727272727273,0.4640807392878268,0.9904647152576278,6.0,3.0,2.0,1.0,0.6,0.17058551491594975,1.0,EUR_GBP,H4,21,25,2,long,17
4.0,2.0,2.0,0.0,0.5,0.010000000000000009,0.99,3.0,3.0,0.0,0.0,1.0,1.0,1.0,EUR_GBP,H4,21,25,3,long,7
3.0,1.0,2.0,0.0,0.3333333333333333,0.0,0.8667777662061142,2.0,2.0,0.0,0.0,1.0,1.0,1.0,EUR_GBP,H4,21,25,4,long,5
84.0,52.0,26.0,6.0,0.6666666666666666,0.5620496061806763,0.7712837271526569,36.0,14.0,4.0,18.0,0.7777777777777778,0.5857158307523482,0.9698397248032073,EUR_GBP,H4,21,30,1,long,120
43.0,26.0,12.0,5.0,0.6842105263157895,0.5364161281214418,0.8320049245101372,19.0,7.0,3.0,9.0,0.7,0.415969015774687,0.984030984225313,EUR_GBP,H4,21,30,2,long,62
23.0,12.0,8.0,3.0,0.6,0.38529275745797487,0.8147072425420251,11.0,5.0,1.0,5.0,0.8333333333333334,0.535128829802743,1.0,EUR_GBP,H4,21,30,3,long,34
13.0,6.0,7.0,0.0,0.46153846153846156,0.19054070966539732,0.7325362134115259,6.0,3.0,0.0,3.0,1.0,1.0,1.0,EUR_GBP,H4,21,30,4,long,19
275.0,142.0,105.0,28.0,0.5748987854251012,0.5132464598475809,0.6365511110026215,118.0,41.0,17.0,60.0,0.7068965517241379,0.5897497408749308,0.824043362573345,EUR_GBP,H4,21,35,1,long,393
133.0,68.0,51.0,14.0,0.5714285714285714,0.4825135425923776,0.6603436002647652,58.0,19.0,9.0,30.0,0.6785714285714286,0.5055829896513667,0.8515598674914905,EUR_GBP,H4,21,35,2,long,191
65.0,31.0,27.0,7.0,0.5344827586206896,0.40610883652956736,0.6628566807118119,29.0,11.0,2.0,16.0,0.8461538461538461,0.6500200729611596,1.0,EUR_GBP,H4,21,35,3,long,94
35.0,18.0,16.0,1.0,0.5294117647058824,0.3616341793866309,0.6971893500251338,16.0,8.0,1.0,7.0,0.8888888888888888,0.6835660309443505,1.0,EUR_GBP,H4,21,35,4,long,51
5.0,2.0,3.0,0.0,0.4,0.0,0.8294144850840502,3.0,2.0,1.0,0.0,0.6666666666666666,0.13322223379388565,1.0,EUR_GBP,H4,21,20,1,short,8
2.0,2.0,0.0,0.0,1.0,1.0,1.0,2.0,2.0,0.0,0.0,1.0,1.0,1.0,EUR_GBP,H4,21,20,2,short,4
2.0,1.0,1.0,0.0,0.5,0.0,1.0,2.0,1.0,1.0,0.0,0.5,0.0,1.0,EUR_GBP,H4,21,20,3,short,4
0.0,0.0,0.0,0.0,,,,1.0,1.0,0.0,0.0,1.0,1.0,1.0,EUR_GBP,H4,21,20,4,short,1
32.0,11.0,21.0,0.0,0.34375,0.17918514410155795,0.508314855898442,14.0,6.0,7.0,1.0,0.46153846153846156,0.19054070966539732,0.7325362134115259,EUR_GBP,H4,21,25,1,short,46
14.0,6.0,8.0,0.0,0.42857142857142855,0.16934180063511417,0.6878010565077429,7.0,3.0,4.0,0.0,0.42857142857142855,0.06196537297496135,0.7951774841678958,EUR_GBP,H4,21,25,2,short,21
9.0,2.0,7.0,0.0,0.2222222222222222,0.0,0.49383883252136757,4.0,2.0,2.0,0.0,0.5,0.010000000000000009,0.99,EUR_GBP,H4,21,25,3,short,13
3.0,1.0,2.0,0.0,0.3333333333333333,0.0,0.8667777662061142,2.0,0.0,2.0,0.0,0.0,0.0,0.0,EUR_GBP,H4,21,25,4,short,5
116.0,50.0,62.0,4.0,0.44642857142857145,0.35436032228697,0.5384968205701729,50.0,18.0,19.0,13.0,0.4864864864864865,0.32543433226529483,0.6475386407076782,EUR_GBP,H4,21,30,1,short,166
57.0,30.0,24.0,3.0,0.5555555555555556,0.423020220653071,0.6880908904580402,25.0,9.0,10.0,6.0,0.47368421052631576,0.2491684025975332,0.6982000184550983,EUR_GBP,H4,21,30,2,short,82
32.0,13.0,18.0,1.0,0.41935483870967744,0.24564618303541952,0.5930634943839354,14.0,6.0,4.0,4.0,0.6,0.2963581056573385,0.9036418943426614,EUR_GBP,H4,21,30,3,short,46
16.0,7.0,8.0,1.0,0.4666666666666667,0.2141946806886107,0.7191386526447227,7.0,3.0,1.0,3.0,0.75,0.3256475521456251,1.0,EUR_GBP,H4,21,30,4,short,23
296.0,132.0,149.0,15.0,0.4697508896797153,0.4113960753868813,0.5281057039725493,127.0,46.0,43.0,38.0,0.5168539325842697,0.4130331722745488,0.6206746928939906,EUR_GBP,H4,21,35,1,short,423
146.0,72.0,67.0,7.0,0.5179856115107914,0.43491689112109644,0.6010543319004863,63.0,19.0,26.0,18.0,0.4222222222222222,0.2779107772800783,0.5665336671643662,EUR_GBP,H4,21,35,2,short,209
82.0,38.0,40.0,4.0,0.48717948717948717,0.37625282086877476,0.5981061534901996,36.0,12.0,13.0,11.0,0.48,0.2841568627702262,0.6758431372297737,EUR_GBP,H4,21,35,3,short,118
40.0,22.0,15.0,3.0,0.5945945945945946,0.43639314624245384,0.7527960429467354,18.0,4.0,6.0,8.0,0.4,0.09635810565733854,0.7036418943426614,EUR_GBP,H4,21,35,4,short,58
,,,,,,,,,,,,,,EUR_GBP,H4,28,20,1,long,0
,,,,,,,,,,,,,,EUR_GBP,H4,28,20,2,long,0
,,,,,,,,,,,,,,EUR_GBP,H4,28,20,3,long,0
,,,,,,,,,,,,,,EUR_GBP,H4,28,20,4,long,0
5.0,5.0,0.0,0.0,1.0,1.0,1.0,3.0,3.0,0.0,0.0,1.0,1.0,1.0,EUR_GBP,H4,28,25,1,long,8
3.0,3.0,0.0,0.0,1.0,1.0,1.0,2.0,2.0,0.0,0.0,1.0,1.0,1.0,EUR_GBP,H4,28,25,2,long,5
2.0,1.0,1.0,0.0,0.5,0.0,1.0,1.0,1.0,0.0,0.0,1.0,1.0,1.0,EUR_GBP,H4,28,25,3,long,3
1.0,0.0,1.0,0.0,0.0,0.0,0.0,1.0,1.0,0.0,0.0,1.0,1.0,1.0,EUR_GBP,H4,28,25,4,long,2
32.0,24.0,6.0,2.0,0.8,0.6568618383053166,0.9431381616946835,14.0,5.0,2.0,7.0,0.7142857142857143,0.3796217036720841,1.0,EUR_GBP,H4,28,30,1,long,46
20.0,16.0,4.0,0.0,0.8,0.6246922705640165,0.9753077294359835,9.0,2.0,2.0,5.0,0.5,0.010000000000000009,0.99,EUR_GBP,H4,28,30,2,long,29
9.0,6.0,3.0,0.0,0.6666666666666666,0.3586823797498592,0.974650953583474,4.0,3.0,0.0,1.0,1.0,1.0,1.0,EUR_GBP,H4,28,30,3,long,13
4.0,1.0,3.0,0.0,0.25,0.0,0.674352447854375,3.0,3.0,0.0,0.0,1.0,1.0,1.0,EUR_GBP,H4,28,30,4,long,7
147.0,87.0,48.0,12.0,0.6444444444444445,0.5636957213142838,0.7251931675746052,64.0,25.0,6.0,33.0,0.8064516129032258,0.6673733812378133,0.9455298445686382,EUR_GBP,H4,28,35,1,long,211
79.0,46.0,26.0,7.0,0.6388888888888888,0.5279400104127339,0.7498377673650438,34.0,13.0,4.0,17.0,0.7647058823529411,0.5630623201055759,0.9663494446003064,EUR_GBP,H4,28,35,2,long,113
40.0,21.0,15.0,4.0,0.5833333333333334,0.42228449479339936,0.7443821718732674,18.0,7.0,1.0,10.0,0.875,0.6458234850600961,1.0,EUR_GBP,H4,28,35,3,long,58
22.0,12.0,9.0,1.0,0.5714285714285714,0.35976846654340416,0.7830886763137386,10.0,4.0,0.0,6.0,1.0,1.0,1.0,EUR_GBP,H4,28,35,4,long,32
2.0,1.0,1.0,0.0,0.5,0.0,1.0,1.0,1.0,0.0,0.0,1.0,1.0,1.0,EUR_GBP,H4,28,20,1,short,3
2.0,1.0,1.0,0.0,0.5,0.0,1.0,1.0,1.0,0.0,0.0,1.0,1.0,1.0,EUR_GBP,H4,28,20,2,short,3
2.0,0.0,2.0,0.0,0.0,0.0,0.0,1.0,0.0,1.0,0.0,0.0,0.0,0.0,EUR_GBP,H4,28,20,3,short,3
,,,,,,,,,,,,,,EUR_GBP,H4,28,20,4,short,0
9.0,4.0,5.0,0.0,0.4444444444444444,0.11980050104447498,0.7690883878444139,5.0,3.0,2.0,0.0,0.6,0.17058551491594975,1.0,EUR_GBP,H4,28,25,1,short,14
6.0,4.0,2.0,0.0,0.6666666666666666,0.28946449079611114,1.0,3.0,1.0,2.0,0.0,0.3333333333333333,0.0,0.8667777662061142,EUR_GBP,H4,28,25,2,short,9
5.0,1.0,4.0,0.0,0.2,0.0,0.5506154588719672,3.0,1.0,2.0,0.0,0.3333333333333333,0.0,0.8667777662061142,EUR_GBP,H4,28,25,3,short,8
1.0,1.0,0.0,0.0,1.0,1.0,1.0,1.0,0.0,1.0,0.0,0.0,0.0,0.0,EUR_GBP,H4,28,25,4,short,2
53.0,15.0,38.0,0.0,0.2830188679245283,0.16174151902582495,0.40429621682323164,23.0,10.0,11.0,2.0,0.47619047619047616,0.26257954568917985,0.6898014066917725,EUR_GBP,H4,28,30,1,short,76
26.0,11.0,14.0,1.0,0.44,0.24541631723086335,0.6345836827691367,12.0,4.0,7.0,1.0,0.36363636363636365,0.07935652563159407,0.6479162016411333,EUR_GBP,H4,28,30,2,short,38
14.0,3.0,11.0,0.0,0.21428571428571427,0.0,0.42922756688776104,6.0,3.0,3.0,0.0,0.5,0.09991667534541426,0.9000833246545857,EUR_GBP,H4,28,30,3,short,20
5.0,2.0,3.0,0.0,0.4,0.0,0.8294144850840502,3.0,1.0,2.0,0.0,0.3333333333333333,0.0,0.8667777662061142,EUR_GBP,H4,28,30,4,short,8
193.0,82.0,100.0,11.0,0.45054945054945056,0.37826316390293957,0.5228357371959615,83.0,31.0,30.0,22.0,0.5081967213114754,0.38273744065067694,0.6336560019722739,EUR_GBP,H4,28,35,1,short,276
96.0,49.0,42.0,5.0,0.5384615384615384,0.4360340159881504,0.6408890609349265,42.0,11.0,20.0,11.0,0.3548387096774194,0.18640660673780374,0.523270812617035,EUR_GBP,H4,28,35,2,short,138
53.0,23.0,27.0,3.0,0.46,0.3218512801362242,0.5981487198637758,23.0,7.0,9.0,7.0,0.4375,0.19442159829594075,0.6805784017040593,EUR_GBP,H4,28,35,3,short,76
25.0,13.0,9.0,3.0,0.5909090909090909,0.38545491113906605,0.7963632706791158,11.0,3.0,3.0,5.0,0.5,0.09991667534541426,0.9000833246545857,EUR_GBP,H4,28,35,4,short,36
178.0,96.0,73.0,9.0,0.5680473372781065,0.4933641127146938,0.6427305618415192,77.0,39.0,32.0,6.0,0.5492957746478874,0.4335578099200237,0.665033739375751,EUR_JPY,H4,7,20,1,long,255
88.0,47.0,38.0,3.0,0.5529411764705883,0.44724277724996736,0.6586395756912091,39.0,24.0,13.0,2.0,0.6486486486486487,0.49482228197876377,0.8024750153185336,EUR_JPY,H4,7,20,2,long,127
42.0,22.0,17.0,3.0,0.5641025641025641,0.40847197480527225,0.7197331533998559,19.0,10.0,8.0,1.0,0.5555555555555556,0.3259976217062955,0.7851134894048157,EUR_JPY,H4,7,20,3,long,61
23.0,10.0,11.0,2.0,0.47619047619047616,0.26257954568917985,0.6898014066917725,11.0,8.0,3.0,0.0,0.7272727272727273,0.4640807392878268,0.9904647152576278,EUR_JPY,H4,7,20,4,long,34
338.0,169.0,154.0,15.0,0.5232198142414861,0.46874998665710077,0.5776896418258715,145.0,75.0,62.0,8.0,0.5474452554744526,0.46409600532299716,0.6307945056259079,EUR_JPY,H4,7,25,1,long,483
170.0,83.0,82.0,5.0,0.503030303030303,0.42673880767046496,0.5793217983901412,74.0,46.0,26.0,2.0,0.6388888888888888,0.5279400104127339,0.7498377673650438,EUR_JPY,H4,7,25,2,long,244
88.0,44.0,40.0,4.0,0.5238095238095238,0.4170040585588757,0.630614989060172,39.0,20.0,18.0,1.0,0.5263157894736842,0.36755913920366556,0.6850724397437028,EUR_JPY,H4,7,25,3,long,127
43.0,22.0,16.0,5.0,0.5789473684210527,0.42196459114786766,0.7359301456942376,19.0,12.0,7.0,0.0,0.631578947368421,0.41467607015701474,0.8484818245798273,EUR_JPY,H4,7,25,4,long,62
580.0,266.0,289.0,25.0,0.47927927927927927,0.43771633199638027,0.5208422265621783,249.0,138.0,99.0,12.0,0.5822784810126582,0.5194884506824597,0.6450685113428567,EUR_JPY,H4,7,30,1,long,829
296.0,136.0,149.0,11.0,0.47719298245614034,0.41920321466074156,0.5351827502515392,127.0,73.0,48.0,6.0,0.6033057851239669,0.516137186384915,0.6904743838630188,EUR_JPY,H4,7,30,2,long,423
156.0,76.0,71.0,9.0,0.5170068027210885,0.43622453514740506,0.5977890702947719,67.0,33.0,30.0,4.0,0.5238095238095238,0.400481195582754,0.6471378520362937,EUR_JPY,H4,7,30,3,long,223
74.0,34.0,31.0,9.0,0.5230769230769231,0.40165241804064755,0.6445014281131987,33.0,18.0,14.0,1.0,0.5625,0.3906176137950721,0.7343823862049279,EUR_JPY,H4,7,30,4,long,107
847.0,388.0,420.0,39.0,0.4801980198019802,0.4457487882890712,0.5146472513148891,364.0,207.0,141.0,16.0,0.5948275862068966,0.5432475153394651,0.646407657074328,EUR_JPY,H4,7,35,1,long,1211
432.0,194.0,221.0,17.0,0.4674698795180723,0.41946549253707355,0.515474266499071,186.0,110.0,67.0,9.0,0.6214689265536724,0.5500143720726541,0.6929234810346906,EUR_JPY,H4,7,35,2,long,618
233.0,110.0,111.0,12.0,0.497737556561086,0.43181629761555623,0.5636588155066158,101.0,55.0,41.0,5.0,0.5729166666666666,0.47396514095053166,0.6718681923828016,EUR_JPY,H4,7,35,3,long,334
116.0,52.0,53.0,11.0,0.49523809523809526,0.39960422552115327,0.5908719649550372,51.0,31.0,20.0,0.0,0.6078431372549019,0.4738456507756258,0.741840623734178,EUR_JPY,H4,7,35,4,long,167
228.0,105.0,115.0,8.0,0.4772727272727273,0.4112694318150782,0.5432760227303763,99.0,43.0,52.0,4.0,0.45263157894736844,0.3525379205179121,0.5527252373768248,EUR_JPY,H4,7,20,1,short,327
108.0,50.0,53.0,5.0,0.4854368932038835,0.3889155912741364,0.5819581951336307,47.0,21.0,25.0,1.0,0.45652173913043476,0.3125759464786233,0.6004675317822462,EUR_JPY,H4,7,20,2,short,155
48.0,20.0,26.0,2.0,0.43478260869565216,0.29152391205597294,0.5780413053353314,21.0,10.0,10.0,1.0,0.5,0.28086533820502063,0.7191346617949794,EUR_JPY,H4,7,20,3,short,69
20.0,10.0,9.0,1.0,0.5263157894736842,0.3017999815449016,0.7508315974024667,9.0,3.0,5.0,1.0,0.375,0.03951993352808575,0.7104800664719142,EUR_JPY,H4,7,20,4,short,29
445.0,197.0,223.0,25.0,0.46904761904761905,0.42132022959770565,0.5167750084975324,192.0,79.0,103.0,10.0,0.4340659340659341,0.36205786796234984,0.5060740001695183,EUR_JPY,H4,7,25,1,short,637
220.0,97.0,113.0,10.0,0.46190476190476193,0.3944749080921873,0.5293346157173365,95.0,35.0,56.0,4.0,0.38461538461538464,0.2846563579616677,0.48457441126910156,EUR_JPY,H4,7,25,2,short,315
94.0,38.0,53.0,3.0,0.4175824175824176,0.3162557602389857,0.5189090749258495,41.0,15.0,23.0,3.0,0.39473684210526316,0.2393228114599668,0.5501508727505595,EUR_JPY,H4,7,25,3,short,135
42.0,16.0,25.0,1.0,0.3902439024390244,0.2409265496089425,0.5395612552691063,18.0,6.0,9.0,3.0,0.4,0.15207743144279912,0.647922568557201,EUR_JPY,H4,7,25,4,short,60
689.0,303.0,350.0,36.0,0.46401225114854516,0.4257613531032107,0.5022631491938796,296.0,111.0,167.0,18.0,0.39928057553956836,0.34170893535465113,0.4568522157244856,EUR_JPY,H4,7,30,1,short,985
338.0,152.0,173.0,13.0,0.4676923076923077,0.4134452889743955,0.5219393264102199,146.0,53.0,84.0,9.0,0.38686131386861317,0.3053058995343888,0.46841672820283753,EUR_JPY,H4,7,30,2,short,484
144.0,60.0,80.0,4.0,0.42857142857142855,0.34659582244375176,0.5105470346991053,63.0,21.0,39.0,3.0,0.35,0.22931003908084702,0.47068996091915294,EUR_JPY,H4,7,30,3,short,207
66.0,33.0,32.0,1.0,0.5076923076923077,0.3861526537396521,0.6292319616449633,29.0,8.0,18.0,3.0,0.3076923076923077,0.13028263467499662,0.4851019807096188,EUR_JPY,H4,7,30,4,short,95
998.0,455.0,487.0,56.0,0.4830148619957537,0.4511031652612709,0.5149265587302365,428.0,160.0,246.0,22.0,0.39408866995073893,0.3465557421181233,0.4416215977833546,EUR_JPY,H4,7,35,1,short,1426
492.0,231.0,240.0,21.0,0.49044585987261147,0.44529808804829096,0.535593631696932,211.0,78.0,120.0,13.0,0.3939393939393939,0.3258787254612846,0.46200006241750324,EUR_JPY,H4,7,35,2,short,703
217.0,102.0,107.0,8.0,0.4880382775119617,0.42026966142883765,0.5558068935950858,93.0,36.0,53.0,4.0,0.4044943820224719,0.3025272400736134,0.5064615239713304,EUR_JPY,H4,7,35,3,short,310
91.0,49.0,39.0,3.0,0.5568181818181818,0.45302653407136884,0.6606098295649947,40.0,12.0,24.0,4.0,0.3333333333333333,0.1793411898749296,0.487325476791737,EUR_JPY,H4,7,35,4,short,131
17.0,12.0,5.0,0.0,0.7058823529411765,0.48928242167172487,0.9224822842106282,8.0,4.0,4.0,0.0,0.5,0.15351767721859172,0.8464823227814082,EUR_JPY,H4,14,20,1,long,25
7.0,3.0,4.0,0.0,0.42857142857142855,0.06196537297496135,0.7951774841678958,4.0,3.0,1.0,0.0,0.75,0.3256475521456251,1.0,EUR_JPY,H4,14,20,2,long,11
4.0,2.0,2.0,0.0,0.5,0.010000000000000009,0.99,2.0,1.0,1.0,0.0,0.5,0.0,1.0,EUR_JPY,H4,14,20,3,long,6
1.0,0.0,1.0,0.0,0.0,0.0,0.0,1.0,0.0,1.0,0.0,0.0,0.0,0.0,EUR_JPY,H4,14,20,4,long,2
67.0,38.0,29.0,0.0,0.5671641791044776,0.4485232157242064,0.6858051424847488,30.0,19.0,11.0,0.0,0.6333333333333333,0.46088963344948825,0.8057770332171783,EUR_JPY,H4,14,25,1,long,97
34.0,20.0,13.0,1.0,0.6060606060606061,0.439346696736511,0.7727745153847012,15.0,11.0,4.0,0.0,0.7333333333333333,0.5095408368517008,0.9571258298149657,EUR_JPY,H4,14,25,2,long,49
19.0,9.0,9.0,1.0,0.5,0.2690117848123945,0.7309882151876055,9.0,5.0,4.0,0.0,0.5555555555555556,0.23091161215558614,0.8801994989555251,EUR_JPY,H4,14,25,3,long,28
11.0,3.0,6.0,2.0,0.3333333333333333,0.02534904641652591,0.6413176202501407,6.0,3.0,3.0,0.0,0.5,0.09991667534541426,0.9000833246545857,EUR_JPY,H4,14,25,4,long,17
198.0,107.0,85.0,6.0,0.5572916666666666,0.4870320817038148,0.6275512516295185,85.0,45.0,38.0,2.0,0.5421686746987951,0.4349829402855688,0.6493544091120215,EUR_JPY,H4,14,30,1,long,283
111.0,58.0,51.0,2.0,0.5321100917431193,0.43843688037181183,0.6257833031144268,48.0,30.0,18.0,0.0,0.625,0.4880408363781379,0.7619591636218621,EUR_JPY,H4,14,30,2,long,159
56.0,30.0,25.0,1.0,0.5454545454545454,0.41385855146209516,0.6770505394469957,24.0,10.0,14.0,0.0,0.4166666666666667,0.21942292762131047,0.6139104057120229,EUR_JPY,H4,14,30,3,long,80
30.0,14.0,14.0,2.0,0.5,0.31479740822547864,0.6852025917745214,14.0,8.0,6.0,0.0,0.5714285714285714,0.31219894349225696,0.8306581993648858,EUR_JPY,H4,14,30,4,long,44
421.0,210.0,192.0,19.0,0.5223880597014925,0.47355912454546356,0.5712169948575214,181.0,99.0,75.0,7.0,0.5689655172413793,0.49538201949162436,0.6425490149911344,EUR_JPY,H4,14,35,1,long,602
223.0,109.0,108.0,6.0,0.5023041474654378,0.4357781189991624,0.5688301759317133,96.0,52.0,40.0,4.0,0.5652173913043478,0.4639181954464841,0.6665165871622114,EUR_JPY,H4,14,35,2,long,319
112.0,57.0,50.0,5.0,0.5327102803738317,0.4381730586936273,0.6272475020540361,49.0,22.0,25.0,2.0,0.46808510638297873,0.3254289136532616,0.6107412991126959,EUR_JPY,H4,14,35,3,long,161
58.0,29.0,24.0,5.0,0.5471698113207547,0.4131568244683743,0.6811827981731351,26.0,13.0,12.0,1.0,0.52,0.32415686277022626,0.7158431372297738,EUR_JPY,H4,14,35,4,long,84
35.0,14.0,19.0,2.0,0.42424242424242425,0.25561586447288487,0.5928689840119636,16.0,9.0,7.0,0.0,0.5625,0.31942159829594075,0.8055784017040593,EUR_JPY,H4,14,20,1,short,51
16.0,7.0,8.0,1.0,0.4666666666666667,0.2141946806886107,0.7191386526447227,7.0,3.0,4.0,0.0,0.42857142857142855,0.06196537297496135,0.7951774841678958,EUR_JPY,H4,14,20,2,short,23
7.0,2.0,4.0,1.0,0.3333333333333333,0.0,0.7105355092038887,4.0,2.0,2.0,0.0,0.5,0.010000000000000009,0.99,EUR_JPY,H4,14,20,3,short,11
2.0,0.0,2.0,0.0,0.0,0.0,0.0,1.0,1.0,0.0,0.0,1.0,1.0,1.0,EUR_JPY,H4,14,20,4,short,3
113.0,56.0,51.0,6.0,0.5233644859813084,0.42872780375631014,0.6180011682063066,49.0,23.0,22.0,4.0,0.5111111111111111,0.3650574125847691,0.657164809637453,EUR_JPY,H4,14,25,1,short,162
56.0,29.0,25.0,2.0,0.5370370370370371,0.4040423061820221,0.6700317678920521,25.0,10.0,14.0,1.0,0.4166666666666667,0.21942292762131047,0.6139104057120229,EUR_JPY,H4,14,25,2,short,81
29.0,12.0,16.0,1.0,0.42857142857142855,0.24526840077319495,0.6118744563696621,13.0,7.0,6.0,0.0,0.5384615384615384,0.2674637865884742,0.8094592903346027,EUR_JPY,H4,14,25,3,short,42
8.0,6.0,2.0,0.0,0.75,0.4499375065090607,1.0,4.0,2.0,2.0,0.0,0.5,0.010000000000000009,0.99,EUR_JPY,H4,14,25,4,short,12
288.0,133.0,141.0,14.0,0.4854014598540146,0.4262227348751338,0.5445801848328955,124.0,53.0,65.0,6.0,0.4491525423728814,0.3594039442675627,0.5389011404782,EUR_JPY,H4,14,30,1,short,412
139.0,66.0,65.0,8.0,0.5038167938931297,0.418196291073899,0.5894372967123604,60.0,28.0,31.0,1.0,0.4745762711864407,0.34715617855107106,0.6019963638218103,EUR_JPY,H4,14,30,2,short,199
62.0,27.0,32.0,3.0,0.4576271186440678,0.33050095971652577,0.5847532775716098,27.0,11.0,16.0,0.0,0.4074074074074074,0.22206843148618047,0.5927463833286343,EUR_JPY,H4,14,30,3,short,89
26.0,11.0,14.0,1.0,0.44,0.24541631723086335,0.6345836827691367,12.0,5.0,7.0,0.0,0.4166666666666667,0.13772189581554434,0.6956114375177891,EUR_JPY,H4,14,30,4,short,38
546.0,249.0,267.0,30.0,0.48255813953488375,0.43944230236148996,0.5256739767082775,234.0,91.0,131.0,12.0,0.4099099099099099,0.34521308706979015,0.4746067327500296,EUR_JPY,H4,14,35,1,short,780
275.0,131.0,132.0,12.0,0.49809885931558934,0.4376699073755225,0.5585278112556561,119.0,46.0,67.0,6.0,0.40707964601769914,0.3164949725155151,0.49766431951988316,EUR_JPY,H4,14,35,2,short,394
119.0,55.0,60.0,4.0,0.4782608695652174,0.3869618148982309,0.5695599242322039,52.0,19.0,31.0,2.0,0.38,0.2454577419544328,0.5145422580455672,EUR_JPY,H4,14,35,3,short,171
56.0,27.0,28.0,1.0,0.4909090909090909,0.3587877615184891,0.6230304202996927,24.0,8.0,13.0,3.0,0.38095238095238093,0.17324888858708454,0.5886558733176773,EUR_JPY,H4,14,35,4,short,80
4.0,2.0,2.0,0.0,0.5,0.010000000000000009,0.99,2.0,2.0,0.0,0.0,1.0,1.0,1.0,EUR_JPY,H4,21,20,1,long,6
2.0,2.0,0.0,0.0,1.0,1.0,1.0,1.0,1.0,0.0,0.0,1.0,1.0,1.0,EUR_JPY,H4,21,20,2,long,3
0.0,0.0,0.0,0.0,,,,1.0,0.0,1.0,0.0,0.0,0.0,0.0,EUR_JPY,H4,21,20,3,long,1
,,,,,,,,,,,,,,EUR_JPY,H4,21,20,4,long,0
18.0,13.0,5.0,0.0,0.7222222222222222,0.5153014969264527,0.9291429475179918,8.0,3.0,5.0,0.0,0.375,0.03951993352808575,0.7104800664719142,EUR_JPY,H4,21,25,1,long,26
9.0,4.0,5.0,0.0,0.4444444444444444,0.11980050104447498,0.7690883878444139,5.0,4.0,1.0,0.0,0.8,0.44938454112803305,1.0,EUR_JPY,H4,21,25,2,long,14
6.0,2.0,4.0,0.0,0.3333333333333333,0.0,0.7105355092038887,3.0,2.0,1.0,0.0,0.6666666666666666,0.13322223379388565,1.0,EUR_JPY,H4,21,25,3,long,9
2.0,1.0,1.0,0.0,0.5,0.0,1.0,2.0,0.0,2.0,0.0,0.0,0.0,0.0,EUR_JPY,H4,21,25,4,long,4
69.0,37.0,30.0,2.0,0.5522388059701493,0.4331679826187065,0.6713096293215921,30.0,16.0,14.0,0.0,0.5333333333333333,0.354808679988615,0.7118579866780517,EUR_JPY,H4,21,30,1,long,99
36.0,19.0,17.0,0.0,0.5277777777777778,0.3646966968472296,0.690858858708326,16.0,10.0,6.0,0.0,0.625,0.3877797700447957,0.8622202299552043,EUR_JPY,H4,21,30,2,long,52
20.0,10.0,10.0,0.0,0.5,0.28086533820502063,0.7191346617949794,9.0,5.0,4.0,0.0,0.5555555555555556,0.23091161215558614,0.8801994989555251,EUR_JPY,H4,21,30,3,long,29
11.0,4.0,6.0,1.0,0.4,0.09635810565733854,0.7036418943426614,6.0,2.0,4.0,0.0,0.3333333333333333,0.0,0.7105355092038887,EUR_JPY,H4,21,30,4,long,17
220.0,115.0,98.0,7.0,0.539906103286385,0.47297181895563023,0.6068403876171398,95.0,51.0,43.0,1.0,0.5425531914893617,0.4418406381192571,0.6432657448594662,EUR_JPY,H4,21,35,1,long,315
121.0,66.0,53.0,2.0,0.5546218487394958,0.4653230674561364,0.6439206300228553,53.0,29.0,24.0,0.0,0.5471698113207547,0.4131568244683743,0.6811827981731351,EUR_JPY,H4,21,35,2,long,174
61.0,29.0,30.0,2.0,0.4915254237288136,0.3639586182150988,0.6190922292425284,27.0,13.0,14.0,0.0,0.48148148148148145,0.29300979396482363,0.6699531689981393,EUR_JPY,H4,21,35,3,long,88
31.0,14.0,14.0,3.0,0.5,0.31479740822547864,0.6852025917745214,14.0,8.0,6.0,0.0,0.5714285714285714,0.31219894349225696,0.8306581993648858,EUR_JPY,H4,21,35,4,long,45
3.0,1.0,2.0,0.0,0.3333333333333333,0.0,0.8667777662061142,2.0,1.0,1.0,0.0,0.5,0.0,1.0,EUR_JPY,H4,21,20,1,short,5
0.0,0.0,0.0,0.0,,,,1.0,1.0,0.0,0.0,1.0,1.0,1.0,EUR_JPY,H4,21,20,2,short,1
,,,,,,,,,,,,,,EUR_JPY,H4,21,20,3,short,0
,,,,,,,,,,,,,,EUR_JPY,H4,21,20,4,short,0
35.0,14.0,18.0,3.0,0.4375,0.2656176137950721,0.6093823862049279,15.0,7.0,7.0,1.0,0.5,0.2380839829258241,0.7619160170741759,EUR_JPY,H4,21,25,1,short,50
16.0,7.0,8.0,1.0,0.4666666666666667,0.2141946806886107,0.7191386526447227,8.0,2.0,6.0,0.0,0.25,0.0,0.5500624934909393,EUR_JPY,H4,21,25,2,short,24
7.0,1.0,6.0,0.0,0.14285714285714285,0.0,0.4020867707934573,3.0,2.0,1.0,0.0,0.6666666666666666,0.13322223379388565,1.0,EUR_JPY,H4,21,25,3,short,10
2.0,0.0,2.0,0.0,0.0,0.0,0.0,2.0,1.0,1.0,0.0,0.5,0.0,1.0,EUR_JPY,H4,21,25,4,short,4
130.0,67.0,53.0,10.0,0.5583333333333333,0.46948290241668517,0.6471837642499816,57.0,26.0,26.0,5.0,0.5,0.3640984519248188,0.6359015480751812,EUR_JPY,H4,21,30,1,short,187
62.0,36.0,22.0,4.0,0.6206896551724138,0.4958143185909495,0.7455649917538781,28.0,12.0,15.0,1.0,0.4444444444444444,0.25701117633169046,0.6318777125571984,EUR_JPY,H4,21,30,2,short,90
28.0,14.0,12.0,2.0,0.5384615384615384,0.3468371904257853,0.7300858864972916,12.0,6.0,6.0,0.0,0.5,0.21709836809708338,0.7829016319029166,EUR_JPY,H4,21,30,3,short,40
9.0,5.0,3.0,1.0,0.625,0.28951993352808575,0.9604800664719142,5.0,2.0,3.0,0.0,0.4,0.0,0.8294144850840502,EUR_JPY,H4,21,30,4,short,14
340.0,151.0,171.0,18.0,0.468944099378882,0.41443628194335613,0.5234519168144078,146.0,62.0,77.0,7.0,0.4460431654676259,0.3634060635052082,0.5286802674300436,EUR_JPY,H4,21,35,1,short,486
168.0,78.0,80.0,10.0,0.4936708860759494,0.4157125186405382,0.5716292535113605,73.0,33.0,39.0,1.0,0.4583333333333333,0.3432409455917916,0.573425721074875,EUR_JPY,H4,21,35,2,short,241
74.0,32.0,38.0,4.0,0.45714285714285713,0.34044152895847013,0.5738441853272441,33.0,13.0,19.0,1.0,0.40625,0.23608133941035148,0.5764186605896485,EUR_JPY,H4,21,35,3,short,107
32.0,15.0,16.0,1.0,0.4838709677419355,0.3079493737374329,0.6597925617464381,15.0,5.0,8.0,2.0,0.38461538461538464,0.12014865879357278,0.6490821104371964,EUR_JPY,H4,21,35,4,short,47
1.0,1.0,0.0,0.0,1.0,1.0,1.0,1.0,0.0,1.0,0.0,0.0,0.0,0.0,EUR_JPY,H4,28,20,1,long,2
,,,,,,,,,,,,,,EUR_JPY,H4,28,20,2,long,0
,,,,,,,,,,,,,,EUR_JPY,H4,28,20,3,long,0
,,,,,,,,,,,,,,EUR_JPY,H4,28,20,4,long,0
6.0,4.0,2.0,0.0,0.6666666666666666,0.28946449079611114,1.0,3.0,3.0,0.0,0.0,1.0,1.0,1.0,EUR_JPY,H4,28,25,1,long,9
4.0,3.0,1.0,0.0,0.75,0.3256475521456251,1.0,2.0,1.0,1.0,0.0,0.5,0.0,1.0,EUR_JPY,H4,28,25,2,long,6
2.0,1.0,1.0,0.0,0.5,0.0,1.0,1.0,0.0,1.0,0.0,0.0,0.0,0.0,EUR_JPY,H4,28,25,3,long,3
0.0,0.0,0.0,0.0,,,,1.0,0.0,1.0,0.0,0.0,0.0,0.0,EUR_JPY,H4,28,25,4,long,1
29.0,16.0,13.0,0.0,0.5517241379310345,0.3707190669948286,0.7327292088672404,13.0,6.0,7.0,0.0,0.46153846153846156,0.19054070966539732,0.7325362134115259,EUR_JPY,H4,28,30,1,long,42
12.0,6.0,6.0,0.0,0.5,0.21709836809708338,0.7829016319029166,6.0,5.0,1.0,0.0,0.8333333333333334,0.535128829802743,1.0,EUR_JPY,H4,28,30,2,long,18
8.0,3.0,5.0,0.0,0.375,0.03951993352808575,0.7104800664719142,4.0,2.0,2.0,0.0,0.5,0.010000000000000009,0.99,EUR_JPY,H4,28,30,3,long,12
3.0,1.0,2.0,0.0,0.3333333333333333,0.0,0.8667777662061142,2.0,0.0,2.0,0.0,0.0,0.0,0.0,EUR_JPY,H4,28,30,4,long,5
135.0,66.0,64.0,5.0,0.5076923076923077,0.42175079419931855,0.5936338211852968,58.0,31.0,26.0,1.0,0.543859649122807,0.4145558429986815,0.6731634552469326,EUR_JPY,H4,28,35,1,long,193
72.0,37.0,35.0,0.0,0.5138888888888888,0.3984393478055603,0.6293384299722173,31.0,19.0,12.0,0.0,0.6129032258064516,0.44143606604916524,0.7843703855637381,EUR_JPY,H4,28,35,2,long,103
37.0,20.0,17.0,0.0,0.5405405405405406,0.3799599895403506,0.7011210915407305,16.0,9.0,7.0,0.0,0.5625,0.31942159829594075,0.8055784017040593,EUR_JPY,H4,28,35,3,long,53
21.0,9.0,11.0,1.0,0.45,0.23196376447938752,0.6680362355206125,10.0,5.0,5.0,0.0,0.5,0.19009678930349883,0.8099032106965012,EUR_JPY,H4,28,35,4,long,31
,,,,,,,,,,,,,,EUR_JPY,H4,28,20,1,short,0
,,,,,,,,,,,,,,EUR_JPY,H4,28,20,2,short,0
,,,,,,,,,,,,,,EUR_JPY,H4,28,20,3,short,0
,,,,,,,,,,,,,,EUR_JPY,H4,28,20,4,short,0
9.0,6.0,3.0,0.0,0.6666666666666666,0.3586823797498592,0.974650953583474,5.0,4.0,1.0,0.0,0.8,0.44938454112803305,1.0,EUR_JPY,H4,28,25,1,short,14
2.0,2.0,0.0,0.0,1.0,1.0,1.0,2.0,1.0,1.0,0.0,0.5,0.0,1.0,EUR_JPY,H4,28,25,2,short,4
0.0,0.0,0.0,0.0,,,,1.0,1.0,0.0,0.0,1.0,1.0,1.0,EUR_JPY,H4,28,25,3,short,1
,,,,,,,,,,,,,,EUR_JPY,H4,28,25,4,short,0
56.0,21.0,28.0,7.0,0.42857142857142855,0.2900073639659184,0.5671354931769387,25.0,12.0,11.0,2.0,0.5217391304347826,0.3175882379179313,0.7258900229516339,EUR_JPY,H4,28,30,1,short,81
26.0,11.0,12.0,3.0,0.4782608695652174,0.2741099770483661,0.6824117620820687,12.0,4.0,7.0,1.0,0.36363636363636365,0.07935652563159407,0.6479162016411333,EUR_JPY,H4,28,30,2,short,38
12.0,4.0,8.0,0.0,0.3333333333333333,0.06661111689694282,0.6000555497697238,6.0,3.0,3.0,0.0,0.5,0.09991667534541426,0.9000833246545857,EUR_JPY,H4,28,30,3,short,18
3.0,1.0,2.0,0.0,0.3333333333333333,0.0,0.8667777662061142,2.0,1.0,1.0,0.0,0.5,0.0,1.0,EUR_JPY,H4,28,30,4,short,5
205.0,95.0,96.0,14.0,0.4973821989528796,0.4264728595209204,0.5682915383848388,88.0,39.0,42.0,7.0,0.48148148148148145,0.372667301959116,0.5902956610038469,EUR_JPY,H4,28,35,1,short,293
100.0,48.0,45.0,7.0,0.5161290322580645,0.4145606526032969,0.6176974119128321,43.0,21.0,21.0,1.0,0.5,0.3487827170371499,0.6512172829628501,EUR_JPY,H4,28,35,2,short,143
49.0,22.0,23.0,4.0,0.4888888888888889,0.3428351903625469,0.6349425874152308,22.0,11.0,11.0,0.0,0.5,0.29106329797150177,0.7089367020284982,EUR_JPY,H4,28,35,3,short,71
18.0,10.0,7.0,1.0,0.5882352941176471,0.3542806291426003,0.8221899590926939,9.0,3.0,5.0,1.0,0.375,0.03951993352808575,0.7104800664719142,EUR_JPY,H4,28,35,4,short,27
189.0,81.0,104.0,4.0,0.43783783783783786,0.36634580307943065,0.5093298725962451,81.0,42.0,39.0,0.0,0.5185185185185185,0.40970433899615305,0.6273326980408839,GBP_JPY,H4,7,20,1,long,270
88.0,43.0,44.0,1.0,0.4942528735632184,0.3891927859932782,0.5993129611331586,39.0,26.0,12.0,1.0,0.6842105263157895,0.5364161281214418,0.8320049245101372,GBP_JPY,H4,7,20,2,long,127
45.0,22.0,23.0,0.0,0.4888888888888889,0.3428351903625469,0.6349425874152308,20.0,12.0,8.0,0.0,0.6,0.38529275745797487,0.8147072425420251,GBP_JPY,H4,7,20,3,long,65
22.0,13.0,9.0,0.0,0.5909090909090909,0.38545491113906605,0.7963632706791158,10.0,6.0,4.0,0.0,0.6,0.2963581056573385,0.9036418943426614,GBP_JPY,H4,7,20,4,long,32
361.0,161.0,195.0,5.0,0.45224719101123595,0.40054471782021983,0.5039496642022521,156.0,86.0,68.0,2.0,0.5584415584415584,0.4800121982634886,0.6368709186196282,GBP_JPY,H4,7,25,1,long,517
174.0,81.0,91.0,2.0,0.47093023255813954,0.39633233174356153,0.5455281333727175,75.0,46.0,27.0,2.0,0.6301369863013698,0.5193898311196357,0.740884141483104,GBP_JPY,H4,7,25,2,long,249
88.0,40.0,48.0,0.0,0.45454545454545453,0.3505096865529601,0.558581222537949,38.0,21.0,17.0,0.0,0.5526315789473685,0.3945377985882126,0.7107253593065244,GBP_JPY,H4,7,25,3,long,126
46.0,23.0,23.0,0.0,0.5,0.3555068829682008,0.6444931170317991,20.0,14.0,6.0,0.0,0.7,0.49915976498719183,0.9008402350128081,GBP_JPY,H4,7,25,4,long,66
597.0,259.0,330.0,8.0,0.4397283531409168,0.39964260613666125,0.47981410014517234,257.0,140.0,112.0,5.0,0.5555555555555556,0.49420361706415217,0.616907494046959,GBP_JPY,H4,7,30,1,long,854
298.0,123.0,173.0,2.0,0.4155405405405405,0.35939773488854093,0.4716833461925401,129.0,77.0,49.0,3.0,0.6111111111111112,0.5259887510254267,0.6962334711967956,GBP_JPY,H4,7,30,2,long,427
146.0,63.0,83.0,0.0,0.4315068493150685,0.35116605733350537,0.5118476412966316,63.0,30.0,32.0,1.0,0.4838709677419355,0.35947561566420505,0.608266319819666,GBP_JPY,H4,7,30,3,long,209
78.0,34.0,44.0,0.0,0.4358974358974359,0.3258499908452623,0.5459448809496095,34.0,21.0,12.0,1.0,0.6363636363636364,0.47223459536639945,0.8004926773608733,GBP_JPY,H4,7,30,4,long,112
877.0,393.0,475.0,9.0,0.45276497695852536,0.4196503731357683,0.4858795807812824,376.0,209.0,156.0,11.0,0.5726027397260274,0.5218508500888914,0.6233546293631633,GBP_JPY,H4,7,35,1,long,1253
443.0,200.0,240.0,3.0,0.45454545454545453,0.40801924468093165,0.5010716644099774,190.0,114.0,69.0,7.0,0.6229508196721312,0.5527315338959193,0.693170105448343,GBP_JPY,H4,7,35,2,long,633
219.0,104.0,115.0,0.0,0.4748858447488584,0.40874716993656524,0.5410245195611516,94.0,47.0,44.0,3.0,0.5164835164835165,0.41380744348095166,0.6191595894860814,GBP_JPY,H4,7,35,3,long,313
113.0,56.0,57.0,0.0,0.49557522123893805,0.4033881861479236,0.5877622563299525,49.0,29.0,19.0,1.0,0.6041666666666666,0.4658195810885347,0.7425137522447985,GBP_JPY,H4,7,35,4,long,162
236.0,104.0,127.0,5.0,0.45021645021645024,0.3860575912480445,0.514375309184856,102.0,44.0,52.0,6.0,0.4583333333333333,0.35866040176694947,0.5580062648997172,GBP_JPY,H4,7,20,1,short,338
122.0,50.0,69.0,3.0,0.42016806722689076,0.3314840869289253,0.5088520475248562,53.0,21.0,29.0,3.0,0.42,0.28319256160573725,0.5568074383942627,GBP_JPY,H4,7,20,2,short,175
60.0,25.0,35.0,0.0,0.4166666666666667,0.29191877274842437,0.541414560584909,27.0,5.0,21.0,1.0,0.19230769230769232,0.04081534357324418,0.34380004104214046,GBP_JPY,H4,7,20,3,short,87
32.0,15.0,17.0,0.0,0.46875,0.29584753133088293,0.6416524686691171,14.0,3.0,10.0,1.0,0.23076923076923078,0.0017343277518477307,0.45980413378661383,GBP_JPY,H4,7,20,4,short,46
433.0,192.0,234.0,7.0,0.4507042253521127,0.4034543991101955,0.4979540515940299,186.0,84.0,92.0,10.0,0.4772727272727273,0.40347879958157407,0.5510666549638805,GBP_JPY,H4,7,25,1,short,619
222.0,96.0,123.0,3.0,0.4383561643835616,0.3726391126644406,0.5040732161026826,96.0,41.0,51.0,4.0,0.44565217391304346,0.34408547281102897,0.547218875015058,GBP_JPY,H4,7,25,2,short,318
109.0,50.0,59.0,0.0,0.45871559633027525,0.3651691417306614,0.5522620509298891,47.0,16.0,30.0,1.0,0.34782608695652173,0.21018758329991247,0.48546459061313096,GBP_JPY,H4,7,25,3,short,156
53.0,29.0,24.0,0.0,0.5471698113207547,0.4131568244683743,0.6811827981731351,24.0,6.0,17.0,1.0,0.2608695652173913,0.08141091240005918,0.44032821803472344,GBP_JPY,H4,7,25,4,short,77
690.0,306.0,372.0,12.0,0.45132743362831856,0.413869508801989,0.48878535845464816,297.0,116.0,162.0,19.0,0.4172661870503597,0.359299913850477,0.47523246025024246,GBP_JPY,H4,7,30,1,short,987
348.0,155.0,188.0,5.0,0.4518950437317784,0.39922548679759445,0.5045646006659623,150.0,60.0,84.0,6.0,0.4166666666666667,0.3361422473966997,0.4971910859366337,GBP_JPY,H4,7,30,2,short,498
167.0,77.0,89.0,1.0,0.463855421686747,0.3879916718932992,0.5397191714801948,72.0,30.0,41.0,1.0,0.4225352112676056,0.30763492677587473,0.5374354957593366,GBP_JPY,H4,7,30,3,short,239
88.0,43.0,45.0,0.0,0.48863636363636365,0.3841949965696173,0.59307773070311,38.0,14.0,22.0,2.0,0.3888888888888889,0.2296395351917726,0.5481382425860052,GBP_JPY,H4,7,30,4,short,126
1000.0,453.0,532.0,15.0,0.45989847715736043,0.4287736719029536,0.49102328241176724,429.0,166.0,240.0,23.0,0.4088669950738916,0.36104511061118655,0.4566888795365967,GBP_JPY,H4,7,35,1,short,1429
500.0,222.0,272.0,6.0,0.4493927125506073,0.40552685871242045,0.4932585663887942,215.0,85.0,123.0,7.0,0.40865384615384615,0.34184667425037385,0.47546101805731844,GBP_JPY,H4,7,35,2,short,715
230.0,112.0,117.0,1.0,0.4890829694323144,0.4243381848761991,0.5538277539884296,99.0,39.0,58.0,2.0,0.4020618556701031,0.30448546036291413,0.4996382509772921,GBP_JPY,H4,7,35,3,short,329
120.0,63.0,56.0,1.0,0.5294117647058824,0.43973087307090053,0.6190926563408642,52.0,17.0,33.0,2.0,0.34,0.2086946276803573,0.47130537231964276,GBP_JPY,H4,7,35,4,short,172
24.0,11.0,13.0,0.0,0.4583333333333333,0.2589874702005656,0.6576791964661011,11.0,7.0,4.0,0.0,0.6363636363636364,0.3520837983588668,0.920643474368406,GBP_JPY,H4,14,20,1,long,35
15.0,6.0,9.0,0.0,0.4,0.15207743144279912,0.647922568557201,7.0,3.0,4.0,0.0,0.42857142857142855,0.06196537297496135,0.7951774841678958,GBP_JPY,H4,14,20,2,long,22
8.0,3.0,5.0,0.0,0.375,0.03951993352808575,0.7104800664719142,4.0,0.0,4.0,0.0,0.0,0.0,0.0,GBP_JPY,H4,14,20,3,long,12
2.0,0.0,2.0,0.0,0.0,0.0,0.0,2.0,0.0,2.0,0.0,0.0,0.0,0.0,GBP_JPY,H4,14,20,4,long,4
88.0,44.0,44.0,0.0,0.5,0.3955316489857509,0.6044683510142491,38.0,21.0,17.0,0.0,0.5526315789473685,0.3945377985882126,0.7107253593065244,GBP_JPY,H4,14,25,1,long,126
49.0,25.0,24.0,0.0,0.5102040816326531,0.3702332391879001,0.6501749240774061,21.0,14.0,7.0,0.0,0.6666666666666666,0.4650436227161998,0.8682897106171334,GBP_JPY,H4,14,25,2,long,70
24.0,12.0,12.0,0.0,0.5,0.29995833767270713,0.7000416623272929,11.0,5.0,6.0,0.0,0.45454545454545453,0.1602878664116818,0.7488030426792273,GBP_JPY,H4,14,25,3,long,35
12.0,6.0,6.0,0.0,0.5,0.21709836809708338,0.7829016319029166,6.0,3.0,3.0,0.0,0.5,0.09991667534541426,0.9000833246545857,GBP_JPY,H4,14,25,4,long,18
233.0,109.0,123.0,1.0,0.4698275862068966,0.4056046882227126,0.5340504841910805,100.0,53.0,44.0,3.0,0.5463917525773195,0.44731705781422476,0.6454664473404144,GBP_JPY,H4,14,30,1,long,333
114.0,52.0,61.0,1.0,0.46017699115044247,0.3682792163743152,0.5520747659265698,49.0,31.0,18.0,0.0,0.6326530612244898,0.4976700690985731,0.7676360533504065,GBP_JPY,H4,14,30,2,long,163
56.0,24.0,32.0,0.0,0.42857142857142855,0.2989566146032714,0.5581862425395857,24.0,14.0,10.0,0.0,0.5833333333333334,0.3860895942879771,0.7805770723786896,GBP_JPY,H4,14,30,3,long,80
27.0,14.0,13.0,0.0,0.5185185185185185,0.3300468310018606,0.7069902060351764,12.0,7.0,5.0,0.0,0.5833333333333334,0.30438856248221097,0.8622781041844558,GBP_JPY,H4,14,30,4,long,39
463.0,210.0,247.0,6.0,0.45951859956236324,0.4138266282713562,0.5052105708533703,199.0,117.0,82.0,0.0,0.5879396984924623,0.5195522636808403,0.6563271333040843,GBP_JPY,H4,14,35,1,long,662
238.0,109.0,127.0,2.0,0.461864406779661,0.39825766108964933,0.5254711524696727,103.0,66.0,36.0,1.0,0.6470588235294118,0.5543162737401122,0.7398013733187114,GBP_JPY,H4,14,35,2,long,341
117.0,49.0,68.0,0.0,0.4188034188034188,0.32940501283663826,0.5082018247701994,51.0,29.0,22.0,0.0,0.5686274509803921,0.4326987562469371,0.7045561457138472,GBP_JPY,H4,14,35,3,long,168
65.0,29.0,36.0,0.0,0.4461538461538462,0.3253067314792678,0.5670009608284245,29.0,19.0,10.0,0.0,0.6551724137931034,0.4821764880980003,0.8281683394882066,GBP_JPY,H4,14,35,4,long,94
32.0,16.0,16.0,0.0,0.5,0.3267588386092959,0.6732411613907041,15.0,10.0,5.0,0.0,0.6666666666666666,0.4281030638421943,0.9052302694911389,GBP_JPY,H4,14,20,1,short,47
16.0,8.0,8.0,0.0,0.5,0.255,0.745,8.0,4.0,4.0,0.0,0.5,0.15351767721859172,0.8464823227814082,GBP_JPY,H4,14,20,2,short,24
6.0,4.0,2.0,0.0,0.6666666666666666,0.28946449079611114,1.0,3.0,2.0,1.0,0.0,0.6666666666666666,0.13322223379388565,1.0,GBP_JPY,H4,14,20,3,short,9
4.0,4.0,0.0,0.0,1.0,1.0,1.0,2.0,1.0,1.0,0.0,0.5,0.0,1.0,GBP_JPY,H4,14,20,4,short,6
119.0,56.0,63.0,0.0,0.47058823529411764,0.3809073436591358,0.5602691269290995,52.0,26.0,23.0,3.0,0.5306122448979592,0.39087488191924513,0.6703496078766733,GBP_JPY,H4,14,25,1,short,171
58.0,27.0,30.0,1.0,0.47368421052631576,0.3440599483813068,0.6033084726713247,25.0,14.0,10.0,1.0,0.5833333333333334,0.3860895942879771,0.7805770723786896,GBP_JPY,H4,14,25,2,short,83
28.0,15.0,13.0,0.0,0.5357142857142857,0.350984753695174,0.7204438177333974,12.0,3.0,9.0,0.0,0.25,0.0050000000000000044,0.495,GBP_JPY,H4,14,25,3,short,40
14.0,8.0,6.0,0.0,0.5714285714285714,0.31219894349225696,0.8306581993648858,7.0,1.0,6.0,0.0,0.14285714285714285,0.0,0.4020867707934573,GBP_JPY,H4,14,25,4,short,21
296.0,120.0,172.0,4.0,0.410958904109589,0.35452544898458743,0.4673923592345906,127.0,55.0,63.0,9.0,0.4661016949152542,0.376092955400251,0.5561104344302574,GBP_JPY,H4,14,30,1,short,423
151.0,60.0,89.0,2.0,0.40268456375838924,0.32393515583191557,0.4814339716848629,66.0,28.0,34.0,4.0,0.45161290322580644,0.3277369494586555,0.5754888569929574,GBP_JPY,H4,14,30,2,short,217
75.0,30.0,45.0,0.0,0.4,0.2891256567099494,0.5108743432900507,33.0,10.0,21.0,2.0,0.3225806451612903,0.158021062236292,0.48714022808628865,GBP_JPY,H4,14,30,3,short,108
36.0,18.0,17.0,1.0,0.5142857142857142,0.348703106503375,0.6798683220680535,16.0,3.0,12.0,1.0,0.2,0.0,0.4024279295617743,GBP_JPY,H4,14,30,4,short,52
564.0,244.0,311.0,9.0,0.43963963963963965,0.39834518790647544,0.48093409137280385,242.0,100.0,127.0,15.0,0.44052863436123346,0.37594549589745185,0.5051117728250151,GBP_JPY,H4,14,35,1,short,806
289.0,126.0,159.0,4.0,0.4421052631578947,0.38444553161086004,0.4997649947049294,125.0,49.0,70.0,6.0,0.4117647058823529,0.32333815422700907,0.5001912575376968,GBP_JPY,H4,14,35,2,short,414
137.0,63.0,73.0,1.0,0.4632352941176471,0.37942846414750797,0.5470421240877862,59.0,21.0,36.0,2.0,0.3684210526315789,0.24319211808556918,0.4936499871775887,GBP_JPY,H4,14,35,3,short,196
72.0,38.0,34.0,0.0,0.5277777777777778,0.41246203956855504,0.6430935159870006,32.0,11.0,19.0,2.0,0.36666666666666664,0.19422296678282158,0.5391103665505117,GBP_JPY,H4,14,35,4,short,104
7.0,4.0,3.0,0.0,0.5714285714285714,0.2048225158321042,0.9380346270250386,4.0,2.0,2.0,0.0,0.5,0.010000000000000009,0.99,GBP_JPY,H4,21,20,1,long,11
3.0,3.0,0.0,0.0,1.0,1.0,1.0,2.0,2.0,0.0,0.0,1.0,1.0,1.0,GBP_JPY,H4,21,20,2,long,5
3.0,1.0,2.0,0.0,0.3333333333333333,0.0,0.8667777662061142,2.0,0.0,2.0,0.0,0.0,0.0,0.0,GBP_JPY,H4,21,20,3,long,5
1.0,0.0,1.0,0.0,0.0,0.0,0.0,1.0,0.0,1.0,0.0,0.0,0.0,0.0,GBP_JPY,H4,21,20,4,long,2
25.0,10.0,15.0,0.0,0.4,0.20796000416579888,0.5920399958342012,11.0,7.0,4.0,0.0,0.6363636363636364,0.3520837983588668,0.920643474368406,GBP_JPY,H4,21,25,1,long,36
14.0,8.0,6.0,0.0,0.5714285714285714,0.31219894349225696,0.8306581993648858,6.0,2.0,4.0,0.0,0.3333333333333333,0.0,0.7105355092038887,GBP_JPY,H4,21,25,2,long,20
8.0,3.0,5.0,0.0,0.375,0.03951993352808575,0.7104800664719142,4.0,0.0,4.0,0.0,0.0,0.0,0.0,GBP_JPY,H4,21,25,3,long,12
2.0,0.0,2.0,0.0,0.0,0.0,0.0,2.0,0.0,2.0,0.0,0.0,0.0,0.0,GBP_JPY,H4,21,25,4,long,4
96.0,42.0,54.0,0.0,0.4375,0.33826365805562963,0.5367363419443704,42.0,26.0,16.0,0.0,0.6190476190476191,0.4721790711199897,0.7659161669752484,GBP_JPY,H4,21,30,1,long,138
52.0,25.0,27.0,0.0,0.4807692307692308,0.3449682387922242,0.6165702227462373,23.0,15.0,8.0,0.0,0.6521739130434783,0.4575236744675626,0.846824151619394,GBP_JPY,H4,21,30,2,long,75
30.0,13.0,17.0,0.0,0.43333333333333335,0.2560081873235037,0.610658479343163,13.0,5.0,8.0,0.0,0.38461538461538464,0.12014865879357278,0.6490821104371964,GBP_JPY,H4,21,30,3,long,43
14.0,7.0,7.0,0.0,0.5,0.2380839829258241,0.7619160170741759,7.0,3.0,4.0,0.0,0.42857142857142855,0.06196537297496135,0.7951774841678958,GBP_JPY,H4,21,30,4,long,21
284.0,139.0,145.0,0.0,0.4894366197183099,0.43129729776468406,0.5475759416719357,122.0,70.0,49.0,3.0,0.5882352941176471,0.4998087424623032,0.6766618457729909,GBP_JPY,H4,21,35,1,long,406
147.0,69.0,78.0,0.0,0.46938775510204084,0.38871035097043183,0.5500651592336498,63.0,41.0,22.0,0.0,0.6507936507936508,0.5330741217547238,0.7685131798325778,GBP_JPY,H4,21,35,2,long,210
74.0,30.0,44.0,0.0,0.40540540540540543,0.29354008848207336,0.5172707223287375,33.0,18.0,15.0,0.0,0.5454545454545454,0.37556484773442167,0.7153442431746692,GBP_JPY,H4,21,35,3,long,107
38.0,18.0,20.0,0.0,0.47368421052631576,0.31492756025629715,0.6324408607963343,17.0,9.0,8.0,0.0,0.5294117647058824,0.29213842808518775,0.766685101326577,GBP_JPY,H4,21,35,4,long,55
6.0,4.0,2.0,0.0,0.6666666666666666,0.28946449079611114,1.0,3.0,2.0,1.0,0.0,0.6666666666666666,0.13322223379388565,1.0,GBP_JPY,H4,21,20,1,short,9
3.0,2.0,1.0,0.0,0.6666666666666666,0.13322223379388565,1.0,2.0,1.0,1.0,0.0,0.5,0.0,1.0,GBP_JPY,H4,21,20,2,short,5
2.0,1.0,1.0,0.0,0.5,0.0,1.0,1.0,1.0,0.0,0.0,1.0,1.0,1.0,GBP_JPY,H4,21,20,3,short,3
1.0,1.0,0.0,0.0,1.0,1.0,1.0,1.0,1.0,0.0,0.0,1.0,1.0,1.0,GBP_JPY,H4,21,20,4,short,2
41.0,21.0,20.0,0.0,0.5121951219512195,0.3591903656558928,0.6651998782465463,18.0,12.0,6.0,0.0,0.6666666666666666,0.44888888888888884,0.8844444444444444,GBP_JPY,H4,21,25,1,short,59
23.0,12.0,11.0,0.0,0.5217391304347826,0.3175882379179313,0.7258900229516339,11.0,6.0,5.0,0.0,0.5454545454545454,0.2511969573207727,0.8397121335883182,GBP_JPY,H4,21,25,2,short,34
9.0,5.0,4.0,0.0,0.5555555555555556,0.23091161215558614,0.8801994989555251,5.0,4.0,1.0,0.0,0.8,0.44938454112803305,1.0,GBP_JPY,H4,21,25,3,short,14
6.0,4.0,2.0,0.0,0.6666666666666666,0.28946449079611114,1.0,3.0,2.0,1.0,0.0,0.6666666666666666,0.13322223379388565,1.0,GBP_JPY,H4,21,25,4,short,9
142.0,57.0,84.0,1.0,0.40425531914893614,0.32325169064643866,0.4852589476514336,62.0,36.0,24.0,2.0,0.6,0.47603871572139955,0.7239612842786004,GBP_JPY,H4,21,30,1,short,204
74.0,31.0,41.0,2.0,0.4305555555555556,0.3161808202533665,0.5449302908577447,32.0,17.0,14.0,1.0,0.5483870967741935,0.37320004290478614,0.7235741506436009,GBP_JPY,H4,21,30,2,short,106
34.0,18.0,16.0,0.0,0.5294117647058824,0.3616341793866309,0.6971893500251338,15.0,5.0,10.0,0.0,0.3333333333333333,0.09476973050886098,0.5718969361578057,GBP_JPY,H4,21,30,3,short,49
16.0,9.0,7.0,0.0,0.5625,0.31942159829594075,0.8055784017040593,7.0,2.0,5.0,0.0,0.2857142857142857,0.0,0.6203782963279159,GBP_JPY,H4,21,30,4,short,23
349.0,145.0,199.0,5.0,0.42151162790697677,0.36932863947132094,0.4736946163426326,150.0,66.0,77.0,7.0,0.46153846153846156,0.3798295649936628,0.5432473580832603,GBP_JPY,H4,21,35,1,short,499
176.0,73.0,100.0,3.0,0.42196531791907516,0.34837031163394516,0.49556032420420515,76.0,33.0,39.0,4.0,0.4583333333333333,0.3432409455917916,0.573425721074875,GBP_JPY,H4,21,35,2,short,252
86.0,40.0,46.0,0.0,0.46511627906976744,0.3596976640982777,0.5705348940412572,37.0,13.0,22.0,2.0,0.37142857142857144,0.2113485914185777,0.5315085514385651,GBP_JPY,H4,21,35,3,short,123
44.0,24.0,20.0,0.0,0.5454545454545454,0.398325751387659,0.6925833395214318,19.0,5.0,12.0,2.0,0.29411764705882354,0.07751771578937186,0.5107175783282752,GBP_JPY,H4,21,35,4,short,63
2.0,2.0,0.0,0.0,1.0,1.0,1.0,1.0,1.0,0.0,0.0,1.0,1.0,1.0,GBP_JPY,H4,28,20,1,long,3
2.0,2.0,0.0,0.0,1.0,1.0,1.0,1.0,1.0,0.0,0.0,1.0,1.0,1.0,GBP_JPY,H4,28,20,2,long,3
2.0,0.0,2.0,0.0,0.0,0.0,0.0,1.0,0.0,1.0,0.0,0.0,0.0,0.0,GBP_JPY,H4,28,20,3,long,3
1.0,0.0,1.0,0.0,0.0,0.0,0.0,1.0,0.0,1.0,0.0,0.0,0.0,0.0,GBP_JPY,H4,28,20,4,long,2
11.0,5.0,6.0,0.0,0.45454545454545453,0.1602878664116818,0.7488030426792273,5.0,2.0,3.0,0.0,0.4,0.0,0.8294144850840502,GBP_JPY,H4,28,25,1,long,16
4.0,3.0,1.0,0.0,0.75,0.3256475521456251,1.0,3.0,3.0,0.0,0.0,1.0,1.0,1.0,GBP_JPY,H4,28,25,2,long,7
4.0,1.0,3.0,0.0,0.25,0.0,0.674352447854375,2.0,0.0,2.0,0.0,0.0,0.0,0.0,GBP_JPY,H4,28,25,3,long,6
2.0,0.0,2.0,0.0,0.0,0.0,0.0,1.0,0.0,1.0,0.0,0.0,0.0,0.0,GBP_JPY,H4,28,25,4,long,3
49.0,19.0,30.0,0.0,0.3877551020408163,0.2513284004829498,0.5241818035986828,22.0,12.0,10.0,0.0,0.5454545454545454,0.33738300946955657,0.7535260814395343,GBP_JPY,H4,28,30,1,long,71
26.0,12.0,14.0,0.0,0.46153846153846156,0.26991411350270844,0.6531628095742147,12.0,7.0,5.0,0.0,0.5833333333333334,0.30438856248221097,0.8622781041844558,GBP_JPY,H4,28,30,2,long,38
16.0,5.0,11.0,0.0,0.3125,0.08537892133269531,0.5396210786673047,7.0,1.0,6.0,0.0,0.14285714285714285,0.0,0.4020867707934573,GBP_JPY,H4,28,30,3,long,23
7.0,0.0,7.0,0.0,0.0,0.0,0.0,3.0,1.0,2.0,0.0,0.3333333333333333,0.0,0.8667777662061142,GBP_JPY,H4,28,30,4,long,10
182.0,86.0,96.0,0.0,0.4725274725274725,0.39999477464454736,0.5450601704103977,78.0,46.0,29.0,3.0,0.6133333333333333,0.503117981576135,0.7235486850905316,GBP_JPY,H4,28,35,1,long,260
99.0,45.0,54.0,0.0,0.45454545454545453,0.35645959183419695,0.5526313172567121,43.0,28.0,15.0,0.0,0.6511627906976745,0.5087076804431742,0.7936179009521748,GBP_JPY,H4,28,35,2,long,142
51.0,20.0,31.0,0.0,0.39215686274509803,0.25815937626582186,0.5261543492243742,22.0,10.0,12.0,0.0,0.45454545454545453,0.24647391856046566,0.6626169905304434,GBP_JPY,H4,28,35,3,long,73
27.0,13.0,14.0,0.0,0.48148148148148145,0.29300979396482363,0.6699531689981393,12.0,5.0,7.0,0.0,0.4166666666666667,0.13772189581554434,0.6956114375177891,GBP_JPY,H4,28,35,4,long,39
,,,,,,,,,,,,,,GBP_JPY,H4,28,20,1,short,0
,,,,,,,,,,,,,,GBP_JPY,H4,28,20,2,short,0
,,,,,,,,,,,,,,GBP_JPY,H4,28,20,3,short,0
,,,,,,,,,,,,,,GBP_JPY,H4,28,20,4,short,0
14.0,10.0,4.0,0.0,0.7142857142857143,0.47764252296172965,0.950928905609699,7.0,3.0,4.0,0.0,0.42857142857142855,0.06196537297496135,0.7951774841678958,GBP_JPY,H4,28,25,1,short,21
9.0,5.0,4.0,0.0,0.5555555555555556,0.23091161215558614,0.8801994989555251,4.0,2.0,2.0,0.0,0.5,0.010000000000000009,0.99,GBP_JPY,H4,28,25,2,short,13
5.0,3.0,2.0,0.0,0.6,0.17058551491594975,1.0,3.0,2.0,1.0,0.0,0.6666666666666666,0.13322223379388565,1.0,GBP_JPY,H4,28,25,3,short,8
3.0,3.0,0.0,0.0,1.0,1.0,1.0,2.0,1.0,1.0,0.0,0.5,0.0,1.0,GBP_JPY,H4,28,25,4,short,5
70.0,37.0,32.0,1.0,0.5362318840579711,0.4185639071909206,0.6538998609250215,31.0,23.0,8.0,0.0,0.7419354838709677,0.5878994094757193,0.8959715582662162,GBP_JPY,H4,28,30,1,short,101
38.0,20.0,16.0,2.0,0.5555555555555556,0.39323358385557083,0.7178775272555403,17.0,10.0,7.0,0.0,0.5882352941176471,0.3542806291426003,0.8221899590926939,GBP_JPY,H4,28,30,2,short,55
18.0,11.0,7.0,0.0,0.6111111111111112,0.38589851531349934,0.836323706908723,8.0,5.0,3.0,0.0,0.625,0.28951993352808575,0.9604800664719142,GBP_JPY,H4,28,30,3,short,26
9.0,6.0,3.0,0.0,0.6666666666666666,0.3586823797498592,0.974650953583474,4.0,2.0,2.0,0.0,0.5,0.010000000000000009,0.99,GBP_JPY,H4,28,30,4,short,13
232.0,84.0,145.0,3.0,0.36681222707423583,0.30439183503280215,0.4292326191156695,100.0,53.0,45.0,2.0,0.5408163265306123,0.44215177424585794,0.6394808788153666,GBP_JPY,H4,28,35,1,short,332
114.0,47.0,64.0,3.0,0.42342342342342343,0.33150331686506246,0.5153435299817845,50.0,23.0,26.0,1.0,0.46938775510204084,0.32965039212332675,0.6091251180807549,GBP_JPY,H4,28,35,2,short,164
56.0,27.0,29.0,0.0,0.48214285714285715,0.35126839439324353,0.6130173198924708,24.0,8.0,15.0,1.0,0.34782608695652173,0.15317584838060608,0.5424763255324374,GBP_JPY,H4,28,35,3,short,80
27.0,12.0,15.0,0.0,0.4444444444444444,0.25701117633169046,0.6318777125571984,12.0,4.0,7.0,1.0,0.36363636363636365,0.07935652563159407,0.6479162016411333,GBP_JPY,H4,28,35,4,short,39
199.0,94.0,100.0,5.0,0.4845360824742268,0.41420984169239283,0.5548623232560608,86.0,38.0,36.0,12.0,0.5135135135135135,0.39963244313900714,0.6273945838880198,GBP_AUD,H4,7,20,1,long,285
90.0,40.0,48.0,2.0,0.45454545454545453,0.3505096865529601,0.558581222537949,39.0,16.0,18.0,5.0,0.47058823529411764,0.3028106499748662,0.6383658206133691,GBP_AUD,H4,7,20,2,long,129
50.0,27.0,22.0,1.0,0.5510204081632653,0.4117511783695059,0.6902896379570246,22.0,6.0,12.0,4.0,0.3333333333333333,0.11555555555555552,0.5511111111111111,GBP_AUD,H4,7,20,3,long,72
24.0,13.0,11.0,0.0,0.5416666666666666,0.34232080353389893,0.7410125297994343,11.0,4.0,5.0,2.0,0.4444444444444444,0.11980050104447498,0.7690883878444139,GBP_AUD,H4,7,20,4,long,35
371.0,165.0,199.0,7.0,0.4532967032967033,0.40215531583848535,0.5044380907549212,159.0,78.0,60.0,21.0,0.5652173913043478,0.48250694423567403,0.6479278383730216,GBP_AUD,H4,7,25,1,long,530
180.0,90.0,87.0,3.0,0.5084745762711864,0.43482384676818253,0.5821253057741903,78.0,36.0,34.0,8.0,0.5142857142857142,0.39720112947626973,0.6313702990951587,GBP_AUD,H4,7,25,2,long,258
91.0,48.0,42.0,1.0,0.5333333333333333,0.4302620766677756,0.636404589998891,39.0,15.0,19.0,5.0,0.4411764705882353,0.2742750144182945,0.6080779267581761,GBP_AUD,H4,7,25,3,long,130
41.0,23.0,18.0,0.0,0.5609756097560976,0.40906767589104376,0.7128835436211515,18.0,7.0,9.0,2.0,0.4375,0.19442159829594075,0.6805784017040593,GBP_AUD,H4,7,25,4,long,59
627.0,276.0,337.0,14.0,0.45024469820554647,0.41085933534200414,0.4896300610690888,269.0,127.0,108.0,34.0,0.5404255319148936,0.4767066691310132,0.604144394698774,GBP_AUD,H4,7,30,1,long,896
301.0,139.0,158.0,4.0,0.468013468013468,0.41126458196316307,0.5247623540637729,130.0,64.0,54.0,12.0,0.5423728813559322,0.45248111231206845,0.632264650399796,GBP_AUD,H4,7,30,2,long,431
156.0,78.0,75.0,3.0,0.5098039215686274,0.43059084920878093,0.5890169939284738,68.0,25.0,34.0,9.0,0.423728813559322,0.29763681836812683,0.5498208087505172,GBP_AUD,H4,7,30,3,long,224
76.0,39.0,35.0,2.0,0.527027027027027,0.41327089478160517,0.6407831592724488,33.0,13.0,15.0,5.0,0.4642857142857143,0.2795561822666026,0.649015246304826,GBP_AUD,H4,7,30,4,long,109
926.0,406.0,500.0,20.0,0.4481236203090508,0.41574101445858797,0.4805062261595136,398.0,194.0,162.0,42.0,0.5449438202247191,0.4932141813465046,0.5966734591029337,GBP_AUD,H4,7,35,1,long,1324
438.0,205.0,227.0,6.0,0.47453703703703703,0.42744794568101474,0.5216261283930593,189.0,93.0,81.0,15.0,0.5344827586206896,0.46036604014445215,0.6085994770969271,GBP_AUD,H4,7,35,2,long,627
221.0,107.0,110.0,4.0,0.4930875576036866,0.4265671805861294,0.5596079346212438,96.0,41.0,45.0,10.0,0.47674418604651164,0.37118243643344057,0.5823059356595827,GBP_AUD,H4,7,35,3,long,317
107.0,60.0,45.0,2.0,0.5714285714285714,0.4767712948989775,0.6660858479581653,46.0,16.0,24.0,6.0,0.4,0.24817905282866928,0.5518209471713308,GBP_AUD,H4,7,35,4,long,153
202.0,89.0,106.0,7.0,0.4564102564102564,0.3864981978256675,0.5263223149948453,87.0,40.0,40.0,7.0,0.5,0.3904326691025103,0.6095673308974897,GBP_AUD,H4,7,20,1,short,289
104.0,45.0,55.0,4.0,0.45,0.35249123116355124,0.5475087688364488,45.0,19.0,22.0,4.0,0.4634146341463415,0.3107746096124355,0.6160546586802474,GBP_AUD,H4,7,20,2,short,149
48.0,21.0,25.0,2.0,0.45652173913043476,0.3125759464786233,0.6004675317822462,21.0,11.0,9.0,1.0,0.55,0.3319637644793876,0.7680362355206125,GBP_AUD,H4,7,20,3,short,69
21.0,8.0,12.0,1.0,0.4,0.1852927574579749,0.6147072425420251,10.0,4.0,6.0,0.0,0.4,0.09635810565733854,0.7036418943426614,GBP_AUD,H4,7,20,4,short,31
373.0,170.0,190.0,13.0,0.4722222222222222,0.42065145631994383,0.5237929881245006,160.0,71.0,79.0,10.0,0.47333333333333333,0.3934305509222243,0.5532361157444423,GBP_AUD,H4,7,25,1,short,533
193.0,89.0,99.0,5.0,0.4734042553191489,0.4020315928166309,0.5447769178216669,84.0,36.0,42.0,6.0,0.46153846153846156,0.35090409261673294,0.5721728304601902,GBP_AUD,H4,7,25,2,short,277
91.0,40.0,49.0,2.0,0.449438202247191,0.34609091126210384,0.5527854932322781,40.0,20.0,19.0,1.0,0.5128205128205128,0.3559465168950686,0.6696945087459569,GBP_AUD,H4,7,25,3,short,131
41.0,17.0,22.0,2.0,0.4358974358974359,0.28026684660014406,0.5915280251947277,18.0,8.0,8.0,2.0,0.5,0.255,0.745,GBP_AUD,H4,7,25,4,short,59
588.0,276.0,292.0,20.0,0.4859154929577465,0.44481192381715146,0.5270190620983416,252.0,107.0,125.0,20.0,0.46120689655172414,0.3970606883753074,0.5253531047281409,GBP_AUD,H4,7,30,1,short,840
296.0,137.0,149.0,10.0,0.479020979020979,0.42112339529373777,0.5369185627482203,128.0,56.0,60.0,12.0,0.4827586206896552,0.3918220178129649,0.5736952235663455,GBP_AUD,H4,7,30,2,short,424
148.0,65.0,77.0,6.0,0.45774647887323944,0.3758008871313815,0.5396920706150974,64.0,31.0,32.0,1.0,0.49206349206349204,0.36861065262053105,0.615516331506453,GBP_AUD,H4,7,30,3,short,212
74.0,33.0,38.0,3.0,0.4647887323943662,0.3487728849982566,0.5808045797904757,33.0,15.0,16.0,2.0,0.4838709677419355,0.3079493737374329,0.6597925617464381,GBP_AUD,H4,7,30,4,short,107
893.0,421.0,443.0,29.0,0.48726851851851855,0.45393905150886577,0.5205979855281713,384.0,154.0,196.0,34.0,0.44,0.3879953232872273,0.4920046767127727,GBP_AUD,H4,7,35,1,short,1277
454.0,207.0,232.0,15.0,0.4715261958997722,0.42482925229594065,0.5182231395036037,196.0,76.0,99.0,21.0,0.4342857142857143,0.360847282929918,0.5077241456415106,GBP_AUD,H4,7,35,2,short,650
224.0,99.0,117.0,8.0,0.4583333333333333,0.3918847122890774,0.5247819543775892,97.0,42.0,52.0,3.0,0.44680851063829785,0.3463028302426132,0.5473141910339825,GBP_AUD,H4,7,35,3,short,321
114.0,52.0,56.0,6.0,0.48148148148148145,0.3872456377231525,0.5757173252398103,49.0,20.0,25.0,4.0,0.4444444444444444,0.2992592592592592,0.5896296296296296,GBP_AUD,H4,7,35,4,short,163
15.0,8.0,7.0,0.0,0.5333333333333333,0.28086134735527735,0.7858053193113893,7.0,6.0,1.0,0.0,0.8571428571428571,0.5979132292065427,1.0,GBP_AUD,H4,14,20,1,long,22
7.0,3.0,4.0,0.0,0.42857142857142855,0.06196537297496135,0.7951774841678958,4.0,4.0,0.0,0.0,1.0,1.0,1.0,GBP_AUD,H4,14,20,2,long,11
3.0,2.0,1.0,0.0,0.6666666666666666,0.13322223379388565,1.0,2.0,1.0,1.0,0.0,0.5,0.0,1.0,GBP_AUD,H4,14,20,3,long,5
1.0,1.0,0.0,0.0,1.0,1.0,1.0,1.0,1.0,0.0,0.0,1.0,1.0,1.0,GBP_AUD,H4,14,20,4,long,2
77.0,35.0,40.0,2.0,0.4666666666666667,0.3537577620544053,0.579575571278928,33.0,19.0,8.0,6.0,0.7037037037037037,0.5314644166750504,0.875942990732357,GBP_AUD,H4,14,25,1,long,110
32.0,16.0,14.0,2.0,0.5333333333333333,0.354808679988615,0.7118579866780517,15.0,9.0,5.0,1.0,0.6428571428571429,0.39185913489692026,0.8938551508173656,GBP_AUD,H4,14,25,2,long,47
18.0,10.0,7.0,1.0,0.5882352941176471,0.3542806291426003,0.8221899590926939,8.0,2.0,5.0,1.0,0.2857142857142857,0.0,0.6203782963279159,GBP_AUD,H4,14,25,3,long,26
9.0,4.0,5.0,0.0,0.4444444444444444,0.11980050104447498,0.7690883878444139,5.0,2.0,2.0,1.0,0.5,0.010000000000000009,0.99,GBP_AUD,H4,14,25,4,long,14
231.0,97.0,128.0,6.0,0.4311111111111111,0.3664008509077787,0.49582137131444354,100.0,49.0,36.0,15.0,0.5764705882352941,0.4714252041904013,0.6815159722801869,GBP_AUD,H4,14,30,1,long,331
108.0,53.0,53.0,2.0,0.5,0.4048139854889881,0.5951860145110119,47.0,21.0,20.0,6.0,0.5121951219512195,0.3591903656558928,0.6651998782465463,GBP_AUD,H4,14,30,2,long,155
56.0,31.0,23.0,2.0,0.5740740740740741,0.44218458175100844,0.7059635663971398,24.0,6.0,14.0,4.0,0.3,0.09915976498719187,0.500840235012808,GBP_AUD,H4,14,30,3,long,80
28.0,15.0,12.0,1.0,0.5555555555555556,0.3681222874428016,0.7429888236683095,12.0,3.0,6.0,3.0,0.3333333333333333,0.02534904641652591,0.6413176202501407,GBP_AUD,H4,14,30,4,long,40
491.0,207.0,270.0,14.0,0.4339622641509434,0.38948423269959176,0.47844029560229506,211.0,105.0,80.0,26.0,0.5675675675675675,0.49617744595399865,0.6389576891811365,GBP_AUD,H4,14,35,1,long,702
227.0,100.0,124.0,3.0,0.44642857142857145,0.3813264881285725,0.5115306547285704,98.0,49.0,37.0,12.0,0.5697674418604651,0.4651251370854199,0.6744097466355103,GBP_AUD,H4,14,35,2,long,325
121.0,56.0,62.0,3.0,0.4745762711864407,0.38447665962455274,0.5646758827483287,52.0,19.0,25.0,8.0,0.4318181818181818,0.28545768957742834,0.5781786740589353,GBP_AUD,H4,14,35,3,long,173
56.0,28.0,27.0,1.0,0.509090909090909,0.37696957970030726,0.6412122384815109,25.0,9.0,12.0,4.0,0.42857142857142855,0.21691132368626131,0.6402315334565958,GBP_AUD,H4,14,35,4,long,81
25.0,15.0,9.0,1.0,0.625,0.43131049331468674,0.8186895066853133,12.0,4.0,8.0,0.0,0.3333333333333333,0.06661111689694282,0.6000555497697238,GBP_AUD,H4,14,20,1,short,37
15.0,7.0,7.0,1.0,0.5,0.2380839829258241,0.7619160170741759,7.0,1.0,6.0,0.0,0.14285714285714285,0.0,0.4020867707934573,GBP_AUD,H4,14,20,2,short,22
7.0,3.0,4.0,0.0,0.42857142857142855,0.06196537297496135,0.7951774841678958,4.0,1.0,2.0,1.0,0.3333333333333333,0.0,0.8667777662061142,GBP_AUD,H4,14,20,3,short,11
2.0,1.0,1.0,0.0,0.5,0.0,1.0,2.0,1.0,1.0,0.0,0.5,0.0,1.0,GBP_AUD,H4,14,20,4,short,4
99.0,49.0,45.0,5.0,0.5212765957446809,0.4202888709508806,0.6222643205384811,43.0,17.0,22.0,4.0,0.4358974358974359,0.28026684660014406,0.5915280251947277,GBP_AUD,H4,14,25,1,short,142
49.0,22.0,24.0,3.0,0.4782608695652174,0.33390438908126585,0.622617350049169,22.0,7.0,12.0,3.0,0.3684210526315789,0.15151817542017268,0.5853239298429852,GBP_AUD,H4,14,25,2,short,71
21.0,12.0,8.0,1.0,0.6,0.38529275745797487,0.8147072425420251,9.0,3.0,6.0,0.0,0.3333333333333333,0.02534904641652591,0.6413176202501407,GBP_AUD,H4,14,25,3,short,30
10.0,4.0,6.0,0.0,0.4,0.09635810565733854,0.7036418943426614,5.0,3.0,2.0,0.0,0.6,0.17058551491594975,1.0,GBP_AUD,H4,14,25,4,short,15
230.0,109.0,113.0,8.0,0.49099099099099097,0.42522837506278355,0.5567536069191984,100.0,42.0,52.0,6.0,0.44680851063829785,0.3463028302426132,0.5473141910339825,GBP_AUD,H4,14,30,1,short,330
111.0,49.0,57.0,5.0,0.46226415094339623,0.3673496122494353,0.5571786896373572,48.0,18.0,26.0,4.0,0.4090909090909091,0.26381286535240456,0.5543689528294137,GBP_AUD,H4,14,30,2,short,159
53.0,25.0,25.0,3.0,0.5,0.3614070708874367,0.6385929291125634,24.0,9.0,15.0,0.0,0.375,0.18131049331468677,0.5686895066853133,GBP_AUD,H4,14,30,3,short,77
24.0,11.0,12.0,1.0,0.4782608695652174,0.2741099770483661,0.6824117620820687,11.0,3.0,8.0,0.0,0.2727272727272727,0.009535284742372196,0.5359192607121732,GBP_AUD,H4,14,30,4,short,35
488.0,217.0,248.0,23.0,0.4666666666666667,0.4213213593717782,0.5120119739615551,210.0,93.0,98.0,19.0,0.4869109947643979,0.41602498461072496,0.5577970049180709,GBP_AUD,H4,14,35,1,short,698
256.0,111.0,136.0,9.0,0.4493927125506073,0.3873570271275676,0.511428397973647,111.0,47.0,50.0,14.0,0.4845360824742268,0.3850797589698413,0.5839924059786122,GBP_AUD,H4,14,35,2,short,367
127.0,55.0,67.0,5.0,0.45081967213114754,0.36252488345868095,0.5391144608036141,55.0,27.0,26.0,2.0,0.5094339622641509,0.37484457280827393,0.644023351720028,GBP_AUD,H4,14,35,3,short,182
62.0,28.0,30.0,4.0,0.4827586206896552,0.3541548435853036,0.6113623977940068,28.0,15.0,11.0,2.0,0.5769230769230769,0.3870173676220525,0.7668287862241012,GBP_AUD,H4,14,35,4,short,90
2.0,1.0,1.0,0.0,0.5,0.0,1.0,2.0,2.0,0.0,0.0,1.0,1.0,1.0,GBP_AUD,H4,21,20,1,long,4
1.0,1.0,0.0,0.0,1.0,1.0,1.0,1.0,1.0,0.0,0.0,1.0,1.0,1.0,GBP_AUD,H4,21,20,2,long,2
0.0,0.0,0.0,0.0,,,,1.0,0.0,1.0,0.0,0.0,0.0,0.0,GBP_AUD,H4,21,20,3,long,1
,,,,,,,,,,,,,,GBP_AUD,H4,21,20,4,long,0
16.0,8.0,8.0,0.0,0.5,0.255,0.745,8.0,6.0,2.0,0.0,0.75,0.4499375065090607,1.0,GBP_AUD,H4,21,25,1,long,24
8.0,3.0,5.0,0.0,0.375,0.03951993352808575,0.7104800664719142,4.0,3.0,1.0,0.0,0.75,0.3256475521456251,1.0,GBP_AUD,H4,21,25,2,long,12
3.0,1.0,2.0,0.0,0.3333333333333333,0.0,0.8667777662061142,2.0,1.0,1.0,0.0,0.5,0.0,1.0,GBP_AUD,H4,21,25,3,long,5
1.0,1.0,0.0,0.0,1.0,1.0,1.0,1.0,1.0,0.0,0.0,1.0,1.0,1.0,GBP_AUD,H4,21,25,4,long,2
88.0,38.0,48.0,2.0,0.4418604651162791,0.3369011927000815,0.5468197375324766,39.0,23.0,12.0,4.0,0.6571428571428571,0.49988637873894526,0.814399335546769,GBP_AUD,H4,21,30,1,long,127
38.0,18.0,19.0,1.0,0.4864864864864865,0.32543433226529483,0.6475386407076782,17.0,11.0,5.0,1.0,0.6875,0.4603789213326953,0.9146210786673047,GBP_AUD,H4,21,30,2,long,55
21.0,11.0,9.0,1.0,0.55,0.3319637644793876,0.7680362355206125,9.0,4.0,4.0,1.0,0.5,0.15351767721859172,0.8464823227814082,GBP_AUD,H4,21,30,3,long,30
9.0,3.0,6.0,0.0,0.3333333333333333,0.02534904641652591,0.6413176202501407,5.0,2.0,2.0,1.0,0.5,0.010000000000000009,0.99,GBP_AUD,H4,21,30,4,long,14
273.0,108.0,158.0,7.0,0.40601503759398494,0.34699845772673665,0.4650316174612332,118.0,66.0,37.0,15.0,0.6407766990291263,0.5481208021800287,0.7334325958782238,GBP_AUD,H4,21,35,1,long,391
125.0,59.0,64.0,2.0,0.4796747967479675,0.3913842112168868,0.5679653822790481,54.0,31.0,18.0,5.0,0.6326530612244898,0.4976700690985731,0.7676360533504065,GBP_AUD,H4,21,35,2,long,179
64.0,31.0,31.0,2.0,0.5,0.37553987553981333,0.6244601244601867,28.0,12.0,13.0,3.0,0.48,0.2841568627702262,0.6758431372297737,GBP_AUD,H4,21,35,3,long,92
30.0,16.0,13.0,1.0,0.5517241379310345,0.3707190669948286,0.7327292088672404,14.0,6.0,6.0,2.0,0.5,0.21709836809708338,0.7829016319029166,GBP_AUD,H4,21,35,4,long,44
6.0,2.0,4.0,0.0,0.3333333333333333,0.0,0.7105355092038887,3.0,0.0,3.0,0.0,0.0,0.0,0.0,GBP_AUD,H4,21,20,1,short,9
4.0,1.0,3.0,0.0,0.25,0.0,0.674352447854375,2.0,0.0,2.0,0.0,0.0,0.0,0.0,GBP_AUD,H4,21,20,2,short,6
1.0,0.0,1.0,0.0,0.0,0.0,0.0,1.0,1.0,0.0,0.0,1.0,1.0,1.0,GBP_AUD,H4,21,20,3,short,2
0.0,0.0,0.0,0.0,,,,1.0,1.0,0.0,0.0,1.0,1.0,1.0,GBP_AUD,H4,21,20,4,short,1
28.0,18.0,9.0,1.0,0.6666666666666666,0.48885185570907297,0.8444814776242603,13.0,4.0,9.0,0.0,0.3076923076923077,0.05679714201505026,0.5585874733695652,GBP_AUD,H4,21,25,1,short,41
18.0,9.0,8.0,1.0,0.5294117647058824,0.29213842808518775,0.766685101326577,8.0,1.0,7.0,0.0,0.125,0.0,0.3541765149399039,GBP_AUD,H4,21,25,2,short,26
8.0,5.0,3.0,0.0,0.625,0.28951993352808575,0.9604800664719142,4.0,1.0,2.0,1.0,0.3333333333333333,0.0,0.8667777662061142,GBP_AUD,H4,21,25,3,short,12
3.0,1.0,2.0,0.0,0.3333333333333333,0.0,0.8667777662061142,2.0,2.0,0.0,0.0,1.0,1.0,1.0,GBP_AUD,H4,21,25,4,short,5
112.0,54.0,53.0,5.0,0.5046728971962616,0.4099368588470755,0.5994089355454478,49.0,22.0,24.0,3.0,0.4782608695652174,0.33390438908126585,0.622617350049169,GBP_AUD,H4,21,30,1,short,161
57.0,26.0,28.0,3.0,0.48148148148148145,0.3482118731767807,0.6147510897861822,25.0,9.0,14.0,2.0,0.391304347826087,0.19184720669911723,0.5907614889530567,GBP_AUD,H4,21,30,2,short,82
25.0,15.0,9.0,1.0,0.625,0.43131049331468674,0.8186895066853133,12.0,4.0,8.0,0.0,0.3333333333333333,0.06661111689694282,0.6000555497697238,GBP_AUD,H4,21,30,3,short,37
13.0,7.0,6.0,0.0,0.5384615384615384,0.2674637865884742,0.8094592903346027,6.0,1.0,5.0,0.0,0.16666666666666666,0.0,0.4648711701972571,GBP_AUD,H4,21,30,4,short,19
284.0,127.0,141.0,16.0,0.47388059701492535,0.4140993049745756,0.5336618890552751,123.0,51.0,62.0,10.0,0.45132743362831856,0.35957463098028086,0.5430802362763563,GBP_AUD,H4,21,35,1,short,407
141.0,62.0,71.0,8.0,0.46616541353383456,0.3813834190599722,0.5509474080076969,61.0,23.0,32.0,6.0,0.41818181818181815,0.28781983933186,0.5485437970317764,GBP_AUD,H4,21,35,2,short,202
71.0,32.0,35.0,4.0,0.47761194029850745,0.3580059644827897,0.5972179161142251,31.0,14.0,17.0,0.0,0.45161290322580644,0.2764258493563991,0.6267999570952139,GBP_AUD,H4,21,35,3,short,102
38.0,18.0,17.0,3.0,0.5142857142857142,0.348703106503375,0.6798683220680535,17.0,8.0,9.0,0.0,0.47058823529411764,0.23331489867342306,0.7078615719148122,GBP_AUD,H4,21,35,4,short,55
2.0,1.0,1.0,0.0,0.5,0.0,1.0,2.0,2.0,0.0,0.0,1.0,1.0,1.0,GBP_AUD,H4,28,20,1,long,4
1.0,1.0,0.0,0.0,1.0,1.0,1.0,1.0,1.0,0.0,0.0,1.0,1.0,1.0,GBP_AUD,H4,28,20,2,long,2
0.0,0.0,0.0,0.0,,,,1.0,0.0,1.0,0.0,0.0,0.0,0.0,GBP_AUD,H4,28,20,3,long,1
,,,,,,,,,,,,,,GBP_AUD,H4,28,20,4,long,0
4.0,3.0,1.0,0.0,0.75,0.3256475521456251,1.0,2.0,2.0,0.0,0.0,1.0,1.0,1.0,GBP_AUD,H4,28,25,1,long,6
2.0,2.0,0.0,0.0,1.0,1.0,1.0,2.0,2.0,0.0,0.0,1.0,1.0,1.0,GBP_AUD,H4,28,25,2,long,4
1.0,1.0,0.0,0.0,1.0,1.0,1.0,1.0,0.0,1.0,0.0,0.0,0.0,0.0,GBP_AUD,H4,28,25,3,long,2
0.0,0.0,0.0,0.0,,,,1.0,1.0,0.0,0.0,1.0,1.0,1.0,GBP_AUD,H4,28,25,4,long,1
32.0,16.0,16.0,0.0,0.5,0.3267588386092959,0.6732411613907041,14.0,7.0,7.0,0.0,0.5,0.2380839829258241,0.7619160170741759,GBP_AUD,H4,28,30,1,long,46
14.0,5.0,9.0,0.0,0.35714285714285715,0.1061448491826345,0.6081408651030797,6.0,4.0,2.0,0.0,0.6666666666666666,0.28946449079611114,1.0,GBP_AUD,H4,28,30,2,long,20
5.0,2.0,3.0,0.0,0.4,0.0,0.8294144850840502,3.0,2.0,1.0,0.0,0.6666666666666666,0.13322223379388565,1.0,GBP_AUD,H4,28,30,3,long,8
2.0,1.0,1.0,0.0,0.5,0.0,1.0,1.0,1.0,0.0,0.0,1.0,1.0,1.0,GBP_AUD,H4,28,30,4,long,3
179.0,69.0,107.0,3.0,0.39204545454545453,0.3199175186831145,0.46417339040779454,78.0,44.0,27.0,7.0,0.6197183098591549,0.5067967760294354,0.7326398436888744,GBP_AUD,H4,28,35,1,long,257
75.0,33.0,41.0,1.0,0.44594594594594594,0.3326909444730906,0.5592009474188013,33.0,24.0,6.0,3.0,0.8,0.6568618383053166,0.9431381616946835,GBP_AUD,H4,28,35,2,long,108
39.0,18.0,19.0,2.0,0.4864864864864865,0.32543433226529483,0.6475386407076782,18.0,10.0,6.0,2.0,0.625,0.3877797700447957,0.8622202299552043,GBP_AUD,H4,28,35,3,long,57
18.0,7.0,10.0,1.0,0.4117647058823529,0.17781004090730612,0.6457193708573997,8.0,4.0,2.0,2.0,0.6666666666666666,0.28946449079611114,1.0,GBP_AUD,H4,28,35,4,long,26
1.0,1.0,0.0,0.0,1.0,1.0,1.0,1.0,0.0,1.0,0.0,0.0,0.0,0.0,GBP_AUD,H4,28,20,1,short,2
1.0,0.0,1.0,0.0,0.0,0.0,0.0,1.0,0.0,1.0,0.0,0.0,0.0,0.0,GBP_AUD,H4,28,20,2,short,2
,,,,,,,,,,,,,,GBP_AUD,H4,28,20,3,short,0
,,,,,,,,,,,,,,GBP_AUD,H4,28,20,4,short,0
8.0,3.0,5.0,0.0,0.375,0.03951993352808575,0.7104800664719142,4.0,1.0,3.0,0.0,0.25,0.0,0.674352447854375,GBP_AUD,H4,28,25,1,short,12
5.0,3.0,2.0,0.0,0.6,0.17058551491594975,1.0,3.0,0.0,3.0,0.0,0.0,0.0,0.0,GBP_AUD,H4,28,25,2,short,8
2.0,1.0,1.0,0.0,0.5,0.0,1.0,2.0,2.0,0.0,0.0,1.0,1.0,1.0,GBP_AUD,H4,28,25,3,short,4
2.0,2.0,0.0,0.0,1.0,1.0,1.0,1.0,1.0,0.0,0.0,1.0,1.0,1.0,GBP_AUD,H4,28,25,4,short,3
52.0,33.0,17.0,2.0,0.66,0.5286946276803572,0.7913053723196428,23.0,9.0,14.0,0.0,0.391304347826087,0.19184720669911723,0.5907614889530567,GBP_AUD,H4,28,30,1,short,75
30.0,17.0,11.0,2.0,0.6071428571428571,0.42624233199160166,0.7880433822941125,14.0,4.0,10.0,0.0,0.2857142857142857,0.04907109439030105,0.5223574770382704,GBP_AUD,H4,28,30,2,short,44
16.0,11.0,5.0,0.0,0.6875,0.4603789213326953,0.9146210786673047,8.0,1.0,6.0,1.0,0.14285714285714285,0.0,0.4020867707934573,GBP_AUD,H4,28,30,3,short,24
9.0,4.0,5.0,0.0,0.4444444444444444,0.11980050104447498,0.7690883878444139,4.0,2.0,2.0,0.0,0.5,0.010000000000000009,0.99,GBP_AUD,H4,28,30,4,short,13
178.0,84.0,81.0,13.0,0.509090909090909,0.4328106240015539,0.5853711941802642,77.0,36.0,35.0,6.0,0.5070422535211268,0.39074918745643583,0.6233353195858177,GBP_AUD,H4,28,35,1,short,255
91.0,41.0,44.0,6.0,0.4823529411764706,0.3761232425496554,0.5885826398032858,39.0,15.0,20.0,4.0,0.42857142857142855,0.264620216316075,0.5925226408267821,GBP_AUD,H4,28,35,2,short,130
43.0,20.0,19.0,4.0,0.5128205128205128,0.3559465168950686,0.6696945087459569,19.0,7.0,12.0,0.0,0.3684210526315789,0.15151817542017268,0.5853239298429852,GBP_AUD,H4,28,35,3,short,62
23.0,10.0,12.0,1.0,0.45454545454545453,0.24647391856046566,0.6626169905304434,11.0,4.0,7.0,0.0,0.36363636363636365,0.07935652563159407,0.6479162016411333,GBP_AUD,H4,28,35,4,short,34
205.0,90.0,105.0,10.0,0.46153846153846156,0.3915671428808597,0.5315097801960634,89.0,41.0,34.0,14.0,0.5466666666666666,0.4339999694937582,0.6593333638395751,GBP_CAD,H4,7,20,1,long,294
103.0,48.0,51.0,4.0,0.48484848484848486,0.3864000114266021,0.5832969582703676,45.0,20.0,19.0,6.0,0.5128205128205128,0.3559465168950686,0.6696945087459569,GBP_CAD,H4,7,20,2,long,148
58.0,31.0,25.0,2.0,0.5535714285714286,0.42336726197143076,0.6837755951714264,26.0,11.0,11.0,4.0,0.5,0.29106329797150177,0.7089367020284982,GBP_CAD,H4,7,20,3,long,84
37.0,24.0,12.0,1.0,0.6666666666666666,0.5126745232082629,0.8206588101250704,16.0,8.0,6.0,2.0,0.5714285714285714,0.31219894349225696,0.8306581993648858,GBP_CAD,H4,7,20,4,long,53
390.0,175.0,197.0,18.0,0.47043010752688175,0.4197084077689176,0.5211518072848459,168.0,78.0,68.0,22.0,0.5342465753424658,0.4533316672111961,0.6151614834737354,GBP_CAD,H4,7,25,1,long,558
197.0,88.0,101.0,8.0,0.4656084656084656,0.3944927821706427,0.5367241490462884,85.0,44.0,33.0,8.0,0.5714285714285714,0.46089268667533023,0.6819644561818126,GBP_CAD,H4,7,25,2,long,282
106.0,56.0,46.0,4.0,0.5490196078431373,0.4524526070742416,0.645586608612033,46.0,23.0,18.0,5.0,0.5609756097560976,0.40906767589104376,0.7128835436211515,GBP_CAD,H4,7,25,3,long,152
64.0,36.0,26.0,2.0,0.5806451612903226,0.4578145929122558,0.7034757296683894,28.0,15.0,11.0,2.0,0.5769230769230769,0.3870173676220525,0.7668287862241012,GBP_CAD,H4,7,25,4,long,92
646.0,285.0,332.0,29.0,0.4619124797406807,0.42257379847413057,0.5012511610072309,278.0,132.0,111.0,35.0,0.5432098765432098,0.4805780444244608,0.605841708661959,GBP_CAD,H4,7,30,1,long,924
317.0,142.0,162.0,13.0,0.46710526315789475,0.41102017906202726,0.5231903472537622,137.0,72.0,51.0,14.0,0.5853658536585366,0.4982996235167515,0.6724320838003216,GBP_CAD,H4,7,30,2,long,454
163.0,82.0,73.0,8.0,0.5290322580645161,0.45044957003863456,0.6076149460903977,70.0,38.0,23.0,9.0,0.6229508196721312,0.5013274490365337,0.7445741903077286,GBP_CAD,H4,7,30,3,long,233
95.0,53.0,38.0,4.0,0.5824175824175825,0.4810909250741505,0.6837442397610144,41.0,22.0,14.0,5.0,0.6111111111111112,0.45186175741399487,0.7703604648082274,GBP_CAD,H4,7,30,4,long,136
942.0,409.0,487.0,46.0,0.4564732142857143,0.42385800336132234,0.48908842521010626,404.0,192.0,166.0,46.0,0.5363128491620112,0.4846550154710442,0.587970682852978,GBP_CAD,H4,7,35,1,long,1346
466.0,211.0,236.0,19.0,0.4720357941834452,0.42575593639104214,0.5183156519758483,200.0,96.0,81.0,23.0,0.5423728813559322,0.4689765592780727,0.6157692034337917,GBP_CAD,H4,7,35,2,long,666
235.0,108.0,116.0,11.0,0.48214285714285715,0.41670562576805037,0.5475800885176639,101.0,51.0,40.0,10.0,0.5604395604395604,0.45846095549179955,0.6624181653873213,GBP_CAD,H4,7,35,3,long,336
132.0,65.0,61.0,6.0,0.5158730158730159,0.4286116815582559,0.603134350187776,57.0,29.0,22.0,6.0,0.5686274509803921,0.4326987562469371,0.7045561457138472,GBP_CAD,H4,7,35,4,long,189
215.0,98.0,114.0,3.0,0.46226415094339623,0.39514943699970345,0.529378864887089,93.0,34.0,37.0,22.0,0.4788732394366197,0.362672506110634,0.5950739727626053,GBP_CAD,H4,7,20,1,short,308
104.0,48.0,53.0,3.0,0.4752475247524752,0.37785344371241736,0.5726416057925331,45.0,17.0,18.0,10.0,0.4857142857142857,0.3201316779319464,0.651296893496625,GBP_CAD,H4,7,20,2,short,149
51.0,24.0,25.0,2.0,0.4897959183673469,0.34982507592259393,0.6297667608120999,22.0,10.0,9.0,3.0,0.5263157894736842,0.3017999815449016,0.7508315974024667,GBP_CAD,H4,7,20,3,short,73
29.0,11.0,18.0,0.0,0.3793103448275862,0.20270995022817426,0.5559107394269981,13.0,3.0,8.0,2.0,0.2727272727272727,0.009535284742372196,0.5359192607121732,GBP_CAD,H4,7,20,4,short,42
370.0,172.0,191.0,7.0,0.4738292011019284,0.422463048119939,0.5251953540839178,159.0,53.0,70.0,36.0,0.43089430894308944,0.34337873224150406,0.5184098856446748,GBP_CAD,H4,7,25,1,short,529
184.0,85.0,91.0,8.0,0.48295454545454547,0.40912720416526105,0.5567818867438299,80.0,27.0,35.0,18.0,0.43548387096774194,0.3120641837739932,0.5589035581614907,GBP_CAD,H4,7,25,2,short,264
86.0,40.0,42.0,4.0,0.4878048780487805,0.37961417731855984,0.5959955787790011,37.0,15.0,17.0,5.0,0.46875,0.29584753133088293,0.6416524686691171,GBP_CAD,H4,7,25,3,short,123
45.0,18.0,26.0,1.0,0.4090909090909091,0.26381286535240456,0.5543689528294137,20.0,6.0,11.0,3.0,0.35294117647058826,0.12576925204214065,0.5801131008990359,GBP_CAD,H4,7,25,4,short,65
630.0,308.0,306.0,16.0,0.501628664495114,0.46207929300870726,0.5411780359815207,270.0,93.0,113.0,64.0,0.45145631067961167,0.3834990386636754,0.5194135826955479,GBP_CAD,H4,7,30,1,short,900
309.0,149.0,149.0,11.0,0.5,0.44323012425637776,0.5567698757436222,133.0,44.0,56.0,33.0,0.44,0.3427081586154317,0.5372918413845683,GBP_CAD,H4,7,30,2,short,442
150.0,70.0,74.0,6.0,0.4861111111111111,0.4044759577262146,0.5677462644960076,65.0,27.0,26.0,12.0,0.5094339622641509,0.37484457280827393,0.644023351720028,GBP_CAD,H4,7,30,3,short,215
77.0,37.0,39.0,1.0,0.4868421052631579,0.3744673268225888,0.5992168837037269,34.0,14.0,14.0,6.0,0.5,0.31479740822547864,0.6852025917745214,GBP_CAD,H4,7,30,4,short,111
936.0,444.0,463.0,29.0,0.4895259095920617,0.45699268425099226,0.5220591349331312,402.0,141.0,179.0,82.0,0.440625,0.38622897362355524,0.49502102637644474,GBP_CAD,H4,7,35,1,short,1338
448.0,210.0,219.0,19.0,0.48951048951048953,0.44220605688594794,0.5368149221350311,192.0,69.0,87.0,36.0,0.4423076923076923,0.3643689585834716,0.520246426031913,GBP_CAD,H4,7,35,2,short,640
213.0,100.0,103.0,10.0,0.49261083743842365,0.4238358330395672,0.5613858418372801,92.0,38.0,39.0,15.0,0.4935064935064935,0.38183454720266685,0.6051784398103202,GBP_CAD,H4,7,35,3,short,305
110.0,53.0,53.0,4.0,0.5,0.4048139854889881,0.5951860145110119,48.0,19.0,21.0,8.0,0.475,0.3202422053659332,0.6297577946340668,GBP_CAD,H4,7,35,4,short,158
23.0,6.0,14.0,3.0,0.3,0.09915976498719187,0.500840235012808,11.0,7.0,3.0,1.0,0.7,0.415969015774687,0.984030984225313,GBP_CAD,H4,14,20,1,long,34
13.0,4.0,8.0,1.0,0.3333333333333333,0.06661111689694282,0.6000555497697238,6.0,3.0,2.0,1.0,0.6,0.17058551491594975,1.0,GBP_CAD,H4,14,20,2,long,19
7.0,0.0,6.0,1.0,0.0,0.0,0.0,4.0,2.0,1.0,1.0,0.6666666666666666,0.13322223379388565,1.0,GBP_CAD,H4,14,20,3,long,11
5.0,0.0,5.0,0.0,0.0,0.0,0.0,3.0,2.0,0.0,1.0,1.0,1.0,1.0,GBP_CAD,H4,14,20,4,long,8
92.0,34.0,51.0,7.0,0.4,0.2958516894604848,0.5041483105395153,40.0,25.0,10.0,5.0,0.7142857142857143,0.5646194188147566,0.863952009756672,GBP_CAD,H4,14,25,1,long,132
53.0,19.0,31.0,3.0,0.38,0.2454577419544328,0.5145422580455672,23.0,13.0,8.0,2.0,0.6190476190476191,0.4113441266823227,0.8267511114129155,GBP_CAD,H4,14,25,2,long,76
27.0,10.0,15.0,2.0,0.4,0.20796000416579888,0.5920399958342012,12.0,8.0,3.0,1.0,0.7272727272727273,0.4640807392878268,0.9904647152576278,GBP_CAD,H4,14,25,3,long,39
16.0,7.0,8.0,1.0,0.4666666666666667,0.2141946806886107,0.7191386526447227,7.0,5.0,1.0,1.0,0.8333333333333334,0.535128829802743,1.0,GBP_CAD,H4,14,25,4,long,23
249.0,86.0,147.0,16.0,0.36909871244635195,0.3071360482426937,0.4310613766500102,108.0,51.0,40.0,17.0,0.5604395604395604,0.45846095549179955,0.6624181653873213,GBP_CAD,H4,14,30,1,long,357
130.0,50.0,73.0,7.0,0.4065040650406504,0.31969904605116106,0.49330908403013973,56.0,27.0,21.0,8.0,0.5625,0.4221586193419774,0.7028413806580226,GBP_CAD,H4,14,30,2,long,186
66.0,28.0,34.0,4.0,0.45161290322580644,0.3277369494586555,0.5754888569929574,29.0,13.0,12.0,4.0,0.52,0.32415686277022626,0.7158431372297738,GBP_CAD,H4,14,30,3,long,95
38.0,20.0,15.0,3.0,0.5714285714285714,0.4074773591732178,0.735379783683925,17.0,8.0,7.0,2.0,0.5333333333333333,0.28086134735527735,0.7858053193113893,GBP_CAD,H4,14,30,4,long,55
501.0,207.0,266.0,28.0,0.4376321353065539,0.392923609359137,0.48234066125397085,216.0,108.0,80.0,28.0,0.574468085106383,0.5037914005265476,0.6451447696862185,GBP_CAD,H4,14,35,1,long,717
249.0,109.0,128.0,12.0,0.459915611814346,0.3964626664327804,0.5233685571959116,107.0,57.0,37.0,13.0,0.6063829787234043,0.5076180895298716,0.705147867916937,GBP_CAD,H4,14,35,2,long,356
133.0,66.0,61.0,6.0,0.5196850393700787,0.4327915224447998,0.6065785562953576,58.0,31.0,19.0,8.0,0.62,0.4854577419544328,0.7545422580455672,GBP_CAD,H4,14,35,3,long,191
80.0,44.0,33.0,3.0,0.5714285714285714,0.46089268667533023,0.6819644561818126,35.0,18.0,12.0,5.0,0.6,0.4246922705640165,0.7753077294359835,GBP_CAD,H4,14,35,4,long,115
35.0,20.0,15.0,0.0,0.5714285714285714,0.4074773591732178,0.735379783683925,16.0,5.0,7.0,4.0,0.4166666666666667,0.13772189581554434,0.6956114375177891,GBP_CAD,H4,14,20,1,short,51
18.0,9.0,9.0,0.0,0.5,0.2690117848123945,0.7309882151876055,9.0,3.0,4.0,2.0,0.42857142857142855,0.06196537297496135,0.7951774841678958,GBP_CAD,H4,14,20,2,short,27
9.0,3.0,6.0,0.0,0.3333333333333333,0.02534904641652591,0.6413176202501407,5.0,4.0,1.0,0.0,0.8,0.44938454112803305,1.0,GBP_CAD,H4,14,20,3,short,14
6.0,3.0,3.0,0.0,0.5,0.09991667534541426,0.9000833246545857,3.0,1.0,2.0,0.0,0.3333333333333333,0.0,0.8667777662061142,GBP_CAD,H4,14,20,4,short,9
109.0,60.0,49.0,0.0,0.5504587155963303,0.4570709489050361,0.6438464822876245,48.0,12.0,19.0,17.0,0.3870967741935484,0.215629614436262,0.5585639339508348,GBP_CAD,H4,14,25,1,short,157
52.0,25.0,26.0,1.0,0.49019607843137253,0.3529950124804886,0.6273971443822565,23.0,4.0,13.0,6.0,0.23529411764705882,0.03365055539969364,0.436937679894424,GBP_CAD,H4,14,25,2,short,75
23.0,8.0,14.0,1.0,0.36363636363636365,0.16262016242857788,0.5646525648441494,11.0,7.0,3.0,1.0,0.7,0.415969015774687,0.984030984225313,GBP_CAD,H4,14,25,3,short,34
16.0,6.0,10.0,0.0,0.375,0.13777977004479572,0.6122202299552043,7.0,2.0,5.0,0.0,0.2857142857142857,0.0,0.6203782963279159,GBP_CAD,H4,14,25,4,short,23
252.0,118.0,127.0,7.0,0.4816326530612245,0.4190650080353676,0.5442002980870814,109.0,38.0,39.0,32.0,0.4935064935064935,0.38183454720266685,0.6051784398103202,GBP_CAD,H4,14,30,1,short,361
126.0,59.0,60.0,7.0,0.4957983193277311,0.40596503864208444,0.5856316000133778,55.0,20.0,19.0,16.0,0.5128205128205128,0.3559465168950686,0.6696945087459569,GBP_CAD,H4,14,30,2,short,181
60.0,26.0,32.0,2.0,0.4482758620689655,0.3202859489808223,0.5762657751571088,27.0,10.0,10.0,7.0,0.5,0.28086533820502063,0.7191346617949794,GBP_CAD,H4,14,30,3,short,87
32.0,11.0,21.0,0.0,0.34375,0.17918514410155795,0.508314855898442,14.0,3.0,7.0,4.0,0.3,0.015969015774687012,0.584030984225313,GBP_CAD,H4,14,30,4,short,46
494.0,229.0,254.0,11.0,0.474120082815735,0.4295883110342743,0.5186518545971956,213.0,66.0,89.0,58.0,0.4258064516129032,0.34796238865996343,0.503650514565843,GBP_CAD,H4,14,35,1,short,707
239.0,110.0,118.0,11.0,0.4824561403508772,0.4175940191968392,0.5473182615049152,103.0,35.0,44.0,24.0,0.4430379746835443,0.3334972033141374,0.5525787460529512,GBP_CAD,H4,14,35,2,short,342
108.0,50.0,54.0,4.0,0.4807692307692308,0.3847434284504295,0.576795033088032,47.0,19.0,20.0,8.0,0.48717948717948717,0.33030549125404296,0.6440534831049314,GBP_CAD,H4,14,35,3,short,155
54.0,25.0,29.0,0.0,0.46296296296296297,0.32996823210794796,0.595957693817978,24.0,7.0,12.0,5.0,0.3684210526315789,0.15151817542017268,0.5853239298429852,GBP_CAD,H4,14,35,4,short,78
4.0,1.0,3.0,0.0,0.25,0.0,0.674352447854375,3.0,2.0,1.0,0.0,0.6666666666666666,0.13322223379388565,1.0,GBP_CAD,H4,21,20,1,long,7
2.0,0.0,2.0,0.0,0.0,0.0,0.0,2.0,1.0,1.0,0.0,0.5,0.0,1.0,GBP_CAD,H4,21,20,2,long,4
0.0,0.0,0.0,0.0,,,,1.0,0.0,1.0,0.0,0.0,0.0,0.0,GBP_CAD,H4,21,20,3,long,1
,,,,,,,,,,,,,,GBP_CAD,H4,21,20,4,long,0
25.0,9.0,13.0,3.0,0.4090909090909091,0.20363672932088425,0.614545088860934,11.0,8.0,2.0,1.0,0.8,0.5520774314427992,1.0,GBP_CAD,H4,21,25,1,long,36
13.0,5.0,7.0,1.0,0.4166666666666667,0.13772189581554434,0.6956114375177891,6.0,3.0,2.0,1.0,0.6,0.17058551491594975,1.0,GBP_CAD,H4,21,25,2,long,19
7.0,1.0,5.0,1.0,0.16666666666666666,0.0,0.4648711701972571,4.0,3.0,0.0,1.0,1.0,1.0,1.0,GBP_CAD,H4,21,25,3,long,11
5.0,1.0,4.0,0.0,0.2,0.0,0.5506154588719672,3.0,2.0,0.0,1.0,1.0,1.0,1.0,GBP_CAD,H4,21,25,4,long,8
112.0,38.0,63.0,11.0,0.37623762376237624,0.28175845063519683,0.47071679688955564,48.0,29.0,13.0,6.0,0.6904761904761905,0.5506614983006249,0.830290882651756,GBP_CAD,H4,21,30,1,long,160
60.0,22.0,35.0,3.0,0.38596491228070173,0.25958176960687573,0.5123480549545277,26.0,14.0,9.0,3.0,0.6086956521739131,0.4092385110469433,0.8081527933008829,GBP_CAD,H4,21,30,2,long,86
29.0,11.0,15.0,3.0,0.4230769230769231,0.23317121377589872,0.6129826323779475,13.0,6.0,6.0,1.0,0.5,0.21709836809708338,0.7829016319029166,GBP_CAD,H4,21,30,3,long,42
16.0,5.0,9.0,2.0,0.35714285714285715,0.1061448491826345,0.6081408651030797,8.0,5.0,2.0,1.0,0.7142857142857143,0.3796217036720841,1.0,GBP_CAD,H4,21,30,4,long,24
306.0,114.0,172.0,20.0,0.3986013986013986,0.341856912036594,0.45534588516620317,132.0,60.0,53.0,19.0,0.5309734513274337,0.43895986330462555,0.6229870393502418,GBP_CAD,H4,21,35,1,long,438
156.0,62.0,85.0,9.0,0.4217687074829932,0.34193516940553337,0.5016022455604531,67.0,33.0,24.0,10.0,0.5789473684210527,0.4507714675129584,0.7071232693291469,GBP_CAD,H4,21,35,2,long,223
81.0,38.0,38.0,5.0,0.5,0.38758629040342474,0.6124137095965753,35.0,15.0,14.0,6.0,0.5172413793103449,0.33536817355696424,0.6991145850637255,GBP_CAD,H4,21,35,3,long,116
44.0,24.0,17.0,3.0,0.5853658536585366,0.43456271942948005,0.736168987887593,20.0,9.0,7.0,4.0,0.5625,0.31942159829594075,0.8055784017040593,GBP_CAD,H4,21,35,4,long,64
11.0,5.0,5.0,1.0,0.5,0.19009678930349883,0.8099032106965012,5.0,1.0,2.0,2.0,0.3333333333333333,0.0,0.8667777662061142,GBP_CAD,H4,21,20,1,short,16
4.0,3.0,1.0,0.0,0.75,0.3256475521456251,1.0,3.0,1.0,1.0,1.0,0.5,0.0,1.0,GBP_CAD,H4,21,20,2,short,7
2.0,1.0,1.0,0.0,0.5,0.0,1.0,2.0,2.0,0.0,0.0,1.0,1.0,1.0,GBP_CAD,H4,21,20,3,short,4
2.0,1.0,1.0,0.0,0.5,0.0,1.0,1.0,1.0,0.0,0.0,1.0,1.0,1.0,GBP_CAD,H4,21,20,4,short,3
35.0,21.0,14.0,0.0,0.6,0.4376965804426783,0.7623034195573217,16.0,5.0,5.0,6.0,0.5,0.19009678930349883,0.8099032106965012,GBP_CAD,H4,21,25,1,short,51
20.0,10.0,9.0,1.0,0.5263157894736842,0.3017999815449016,0.7508315974024667,9.0,3.0,4.0,2.0,0.42857142857142855,0.06196537297496135,0.7951774841678958,GBP_CAD,H4,21,25,2,short,29
11.0,4.0,7.0,0.0,0.36363636363636365,0.07935652563159407,0.6479162016411333,5.0,3.0,1.0,1.0,0.75,0.3256475521456251,1.0,GBP_CAD,H4,21,25,3,short,16
7.0,3.0,4.0,0.0,0.42857142857142855,0.06196537297496135,0.7951774841678958,3.0,1.0,2.0,0.0,0.3333333333333333,0.0,0.8667777662061142,GBP_CAD,H4,21,25,4,short,10
116.0,63.0,53.0,0.0,0.5431034482758621,0.4524514677025692,0.633755428849155,51.0,17.0,21.0,13.0,0.4473684210526316,0.28927464069347575,0.6054622014117874,GBP_CAD,H4,21,30,1,short,167
53.0,27.0,25.0,1.0,0.5192307692307693,0.3834297772537627,0.6550317612077758,23.0,7.0,10.0,6.0,0.4117647058823529,0.17781004090730612,0.6457193708573997,GBP_CAD,H4,21,30,2,short,76
23.0,11.0,11.0,1.0,0.5,0.29106329797150177,0.7089367020284982,10.0,4.0,4.0,2.0,0.5,0.15351767721859172,0.8464823227814082,GBP_CAD,H4,21,30,3,short,33
14.0,6.0,8.0,0.0,0.42857142857142855,0.16934180063511417,0.6878010565077429,6.0,3.0,3.0,0.0,0.5,0.09991667534541426,0.9000833246545857,GBP_CAD,H4,21,30,4,short,20
295.0,150.0,140.0,5.0,0.5172413793103449,0.4597280217566326,0.5747547368640571,127.0,45.0,48.0,34.0,0.4838709677419355,0.3823025880871679,0.5854393473967031,GBP_CAD,H4,21,35,1,short,422
149.0,75.0,68.0,6.0,0.5244755244755245,0.4426220529491144,0.6063289960019346,64.0,23.0,21.0,20.0,0.5227272727272727,0.37513941734496625,0.6703151281095792,GBP_CAD,H4,21,35,2,short,213
69.0,32.0,35.0,2.0,0.47761194029850745,0.3580059644827897,0.5972179161142251,30.0,14.0,9.0,7.0,0.6086956521739131,0.4092385110469433,0.8081527933008829,GBP_CAD,H4,21,35,3,short,99
35.0,13.0,22.0,0.0,0.37142857142857144,0.2113485914185777,0.5315085514385651,16.0,6.0,6.0,4.0,0.5,0.21709836809708338,0.7829016319029166,GBP_CAD,H4,21,35,4,short,51
0.0,0.0,0.0,0.0,,,,1.0,1.0,0.0,0.0,1.0,1.0,1.0,GBP_CAD,H4,28,20,1,long,1
0.0,0.0,0.0,0.0,,,,1.0,1.0,0.0,0.0,1.0,1.0,1.0,GBP_CAD,H4,28,20,2,long,1
0.0,0.0,0.0,0.0,,,,1.0,0.0,1.0,0.0,0.0,0.0,0.0,GBP_CAD,H4,28,20,3,long,1
,,,,,,,,,,,,,,GBP_CAD,H4,28,20,4,long,0
8.0,3.0,5.0,0.0,0.375,0.03951993352808575,0.7104800664719142,4.0,4.0,0.0,0.0,1.0,1.0,1.0,GBP_CAD,H4,28,25,1,long,12
4.0,1.0,3.0,0.0,0.25,0.0,0.674352447854375,2.0,1.0,1.0,0.0,0.5,0.0,1.0,GBP_CAD,H4,28,25,2,long,6
2.0,0.0,2.0,0.0,0.0,0.0,0.0,1.0,1.0,0.0,0.0,1.0,1.0,1.0,GBP_CAD,H4,28,25,3,long,3
1.0,0.0,1.0,0.0,0.0,0.0,0.0,1.0,1.0,0.0,0.0,1.0,1.0,1.0,GBP_CAD,H4,28,25,4,long,2
50.0,16.0,30.0,4.0,0.34782608695652173,0.21018758329991247,0.48546459061313096,22.0,14.0,7.0,1.0,0.6666666666666666,0.4650436227161998,0.8682897106171334,GBP_CAD,H4,28,30,1,long,72
25.0,9.0,15.0,1.0,0.375,0.18131049331468677,0.5686895066853133,11.0,6.0,4.0,1.0,0.6,0.2963581056573385,0.9036418943426614,GBP_CAD,H4,28,30,2,long,36
14.0,4.0,9.0,1.0,0.3076923076923077,0.05679714201505026,0.5585874733695652,7.0,4.0,2.0,1.0,0.6666666666666666,0.28946449079611114,1.0,GBP_CAD,H4,28,30,3,long,21
9.0,3.0,6.0,0.0,0.3333333333333333,0.02534904641652591,0.6413176202501407,4.0,3.0,0.0,1.0,1.0,1.0,1.0,GBP_CAD,H4,28,30,4,long,13
185.0,59.0,113.0,13.0,0.3430232558139535,0.2720771391766867,0.4139693724512203,80.0,44.0,25.0,11.0,0.6376811594202898,0.524263996910928,0.7510983219296516,GBP_CAD,H4,28,35,1,long,265
90.0,35.0,51.0,4.0,0.4069767441860465,0.3031456323024372,0.5108078560696558,39.0,22.0,12.0,5.0,0.6470588235294118,0.48642401527085855,0.807693631787965,GBP_CAD,H4,28,35,2,long,129
45.0,17.0,24.0,4.0,0.4146341463414634,0.2638310121124069,0.5654372805705199,20.0,10.0,7.0,3.0,0.5882352941176471,0.3542806291426003,0.8221899590926939,GBP_CAD,H4,28,35,3,long,65
25.0,10.0,12.0,3.0,0.45454545454545453,0.24647391856046566,0.6626169905304434,11.0,6.0,3.0,2.0,0.6666666666666666,0.3586823797498592,0.974650953583474,GBP_CAD,H4,28,35,4,long,36
2.0,0.0,2.0,0.0,0.0,0.0,0.0,1.0,0.0,1.0,0.0,0.0,0.0,0.0,GBP_CAD,H4,28,20,1,short,3
,,,,,,,,,,,,,,GBP_CAD,H4,28,20,2,short,0
,,,,,,,,,,,,,,GBP_CAD,H4,28,20,3,short,0
,,,,,,,,,,,,,,GBP_CAD,H4,28,20,4,short,0
15.0,8.0,7.0,0.0,0.5333333333333333,0.28086134735527735,0.7858053193113893,7.0,1.0,2.0,4.0,0.3333333333333333,0.0,0.8667777662061142,GBP_CAD,H4,28,25,1,short,22
7.0,4.0,3.0,0.0,0.5714285714285714,0.2048225158321042,0.9380346270250386,4.0,1.0,1.0,2.0,0.5,0.0,1.0,GBP_CAD,H4,28,25,2,short,11
4.0,1.0,3.0,0.0,0.25,0.0,0.674352447854375,2.0,2.0,0.0,0.0,1.0,1.0,1.0,GBP_CAD,H4,28,25,3,short,6
3.0,0.0,3.0,0.0,0.0,0.0,0.0,2.0,2.0,0.0,0.0,1.0,1.0,1.0,GBP_CAD,H4,28,25,4,short,5
60.0,33.0,27.0,0.0,0.55,0.4241167207290818,0.6758832792709183,26.0,9.0,9.0,8.0,0.5,0.2690117848123945,0.7309882151876055,GBP_CAD,H4,28,30,1,short,86
30.0,13.0,17.0,0.0,0.43333333333333335,0.2560081873235037,0.610658479343163,14.0,4.0,6.0,4.0,0.4,0.09635810565733854,0.7036418943426614,GBP_CAD,H4,28,30,2,short,44
13.0,4.0,9.0,0.0,0.3076923076923077,0.05679714201505026,0.5585874733695652,6.0,3.0,2.0,1.0,0.6,0.17058551491594975,1.0,GBP_CAD,H4,28,30,3,short,19
8.0,3.0,5.0,0.0,0.375,0.03951993352808575,0.7104800664719142,4.0,1.0,3.0,0.0,0.25,0.0,0.674352447854375,GBP_CAD,H4,28,30,4,short,12
184.0,102.0,82.0,0.0,0.5543478260869565,0.4825293229949749,0.6261663291789382,80.0,31.0,28.0,21.0,0.5254237288135594,0.3980036361781897,0.652843821448929,GBP_CAD,H4,28,35,1,short,264
91.0,48.0,40.0,3.0,0.5454545454545454,0.441418777462051,0.6494903134470399,39.0,13.0,13.0,13.0,0.5,0.30780618756457967,0.6921938124354203,GBP_CAD,H4,28,35,2,short,130
41.0,18.0,22.0,1.0,0.45,0.2958250993189877,0.6041749006810123,18.0,8.0,5.0,5.0,0.6153846153846154,0.35091788956280356,0.8798513412064273,GBP_CAD,H4,28,35,3,short,59
19.0,7.0,12.0,0.0,0.3684210526315789,0.15151817542017268,0.5853239298429852,9.0,3.0,4.0,2.0,0.42857142857142855,0.06196537297496135,0.7951774841678958,GBP_CAD,H4,28,35,4,short,28
230.0,83.0,140.0,7.0,0.3721973094170404,0.30875166091773537,0.4356429579163454,100.0,29.0,58.0,13.0,0.3333333333333333,0.2342751889723566,0.43239147769431,GBP_CHF,H4,7,20,1,long,330
118.0,46.0,65.0,7.0,0.4144144144144144,0.3227697474494833,0.5060590813793455,51.0,17.0,29.0,5.0,0.3695652173913043,0.23007531079264418,0.5090551239899644,GBP_CHF,H4,7,20,2,long,169
58.0,22.0,31.0,5.0,0.41509433962264153,0.282436031461885,0.547752647783398,26.0,7.0,16.0,3.0,0.30434782608695654,0.11629783002433983,0.4923978221495733,GBP_CHF,H4,7,20,3,long,84
27.0,14.0,12.0,1.0,0.5384615384615384,0.3468371904257853,0.7300858864972916,12.0,4.0,7.0,1.0,0.36363636363636365,0.07935652563159407,0.6479162016411333,GBP_CHF,H4,7,20,4,long,39
406.0,158.0,233.0,15.0,0.4040920716112532,0.3554516378433958,0.45273250537911064,174.0,65.0,86.0,23.0,0.4304635761589404,0.35148731780955084,0.50943983450833,GBP_CHF,H4,7,25,1,long,580
209.0,93.0,108.0,8.0,0.4626865671641791,0.393755446809789,0.5316176875185692,90.0,37.0,44.0,9.0,0.4567901234567901,0.34830860805599245,0.5652716388575878,GBP_CHF,H4,7,25,2,long,299
109.0,47.0,57.0,5.0,0.4519230769230769,0.35627143723860194,0.547574716607552,47.0,16.0,26.0,5.0,0.38095238095238093,0.23408383302475155,0.5278209288800103,GBP_CHF,H4,7,25,3,long,156
53.0,28.0,24.0,1.0,0.5384615384615384,0.40296266252500634,0.6739604143980705,23.0,9.0,12.0,2.0,0.42857142857142855,0.21691132368626131,0.6402315334565958,GBP_CHF,H4,7,25,4,long,76
670.0,252.0,390.0,28.0,0.3925233644859813,0.3547499622648671,0.4302967667070955,288.0,106.0,142.0,40.0,0.4274193548387097,0.365848433134413,0.48899027654300636,GBP_CHF,H4,7,30,1,long,958
331.0,139.0,180.0,12.0,0.43573667711598746,0.38132229532620315,0.49015105890577176,142.0,54.0,71.0,17.0,0.432,0.3451605416138493,0.5188394583861506,GBP_CHF,H4,7,30,2,long,473
167.0,66.0,94.0,7.0,0.4125,0.3362197703366069,0.4887802296633931,72.0,27.0,38.0,7.0,0.4153846153846154,0.295583815769046,0.5351854150001848,GBP_CHF,H4,7,30,3,long,239
79.0,38.0,38.0,3.0,0.5,0.38758629040342474,0.6124137095965753,35.0,11.0,21.0,3.0,0.34375,0.17918514410155795,0.508314855898442,GBP_CHF,H4,7,30,4,long,114
930.0,362.0,522.0,46.0,0.4095022624434389,0.37708568121753194,0.44191884366934586,399.0,152.0,180.0,67.0,0.4578313253012048,0.4042384580945916,0.511424192507818,GBP_CHF,H4,7,35,1,long,1329
464.0,198.0,246.0,20.0,0.44594594594594594,0.39970978520817046,0.4921821066837214,199.0,77.0,93.0,29.0,0.45294117647058824,0.37811224802399823,0.5277701049171782,GBP_CHF,H4,7,35,2,long,663
231.0,97.0,125.0,9.0,0.4369369369369369,0.3716888949872264,0.5021849788866475,100.0,38.0,51.0,11.0,0.42696629213483145,0.32420064823520056,0.5297319360344623,GBP_CHF,H4,7,35,3,long,331
108.0,51.0,52.0,5.0,0.49514563106796117,0.3985879128751075,0.5917033492608149,47.0,15.0,27.0,5.0,0.35714285714285715,0.21222908968096277,0.5020566246047515,GBP_CHF,H4,7,35,4,long,155
203.0,104.0,96.0,3.0,0.52,0.4507589948079897,0.5892410051920103,87.0,36.0,34.0,17.0,0.5142857142857142,0.39720112947626973,0.6313702990951587,GBP_CHF,H4,7,20,1,short,290
104.0,52.0,48.0,4.0,0.52,0.42207843138511314,0.6179215686148869,45.0,25.0,13.0,7.0,0.6578947368421053,0.5070527108346606,0.80873676284955,GBP_CHF,H4,7,20,2,short,149
54.0,23.0,30.0,1.0,0.4339622641509434,0.30052816979688846,0.5673963585049984,24.0,10.0,9.0,5.0,0.5263157894736842,0.3017999815449016,0.7508315974024667,GBP_CHF,H4,7,20,3,short,78
28.0,14.0,13.0,1.0,0.5185185185185185,0.3300468310018606,0.7069902060351764,13.0,5.0,3.0,5.0,0.625,0.28951993352808575,0.9604800664719142,GBP_CHF,H4,7,20,4,short,41
366.0,178.0,178.0,10.0,0.5,0.44806010387968837,0.5519398961203117,158.0,69.0,66.0,23.0,0.5111111111111111,0.42678696895078705,0.5954352532714351,GBP_CHF,H4,7,25,1,short,524
190.0,86.0,92.0,12.0,0.48314606741573035,0.4097337037727835,0.5565584310586772,82.0,39.0,35.0,8.0,0.527027027027027,0.41327089478160517,0.6407831592724488,GBP_CHF,H4,7,25,2,short,272
101.0,45.0,53.0,3.0,0.45918367346938777,0.3605191211846334,0.5578482257541421,44.0,19.0,19.0,6.0,0.5,0.3410230072918527,0.6589769927081472,GBP_CHF,H4,7,25,3,short,145
49.0,22.0,26.0,1.0,0.4583333333333333,0.3173745217106679,0.5992921449559987,21.0,10.0,6.0,5.0,0.625,0.3877797700447957,0.8622202299552043,GBP_CHF,H4,7,25,4,short,70
616.0,277.0,318.0,21.0,0.46554621848739497,0.425465632048045,0.5056268049267449,265.0,103.0,118.0,44.0,0.4660633484162896,0.4002934339841665,0.5318332628484127,GBP_CHF,H4,7,30,1,short,881
313.0,135.0,163.0,15.0,0.45302013422818793,0.39650140849832877,0.5095388599580472,135.0,55.0,58.0,22.0,0.48672566371681414,0.39456751380122,0.5788838136324083,GBP_CHF,H4,7,30,2,short,448
154.0,64.0,85.0,5.0,0.42953020134228187,0.35004685949189207,0.5090135431926717,67.0,28.0,26.0,13.0,0.5185185185185185,0.3852489102138178,0.6517881268232192,GBP_CHF,H4,7,30,3,short,221
70.0,31.0,38.0,1.0,0.4492753623188406,0.3319059093412949,0.5666448152963863,31.0,13.0,12.0,6.0,0.52,0.32415686277022626,0.7158431372297738,GBP_CHF,H4,7,30,4,short,101
937.0,417.0,479.0,41.0,0.4654017857142857,0.43274075838355364,0.49806281304501776,402.0,167.0,169.0,66.0,0.49702380952380953,0.4435613735506406,0.5504862454969784,GBP_CHF,H4,7,35,1,short,1339
460.0,196.0,239.0,25.0,0.45057471264367815,0.4038174398613127,0.4973319854260436,198.0,79.0,83.0,36.0,0.4876543209876543,0.4106817236711106,0.5646269183041981,GBP_CHF,H4,7,35,2,short,658
221.0,90.0,123.0,8.0,0.4225352112676056,0.3561975010863402,0.48887292144887107,96.0,40.0,38.0,18.0,0.5128205128205128,0.40189384650980037,0.6237471791312251,GBP_CHF,H4,7,35,3,short,317
97.0,43.0,52.0,2.0,0.45263157894736844,0.3525379205179121,0.5527252373768248,42.0,19.0,13.0,10.0,0.59375,0.4235813394103515,0.7639186605896485,GBP_CHF,H4,7,35,4,short,139
38.0,12.0,24.0,2.0,0.3333333333333333,0.1793411898749296,0.487325476791737,17.0,5.0,12.0,0.0,0.29411764705882354,0.07751771578937186,0.5107175783282752,GBP_CHF,H4,14,20,1,long,55
16.0,4.0,12.0,0.0,0.25,0.03782377607281254,0.4621762239271875,7.0,2.0,5.0,0.0,0.2857142857142857,0.0,0.6203782963279159,GBP_CHF,H4,14,20,2,long,23
7.0,1.0,6.0,0.0,0.14285714285714285,0.0,0.4020867707934573,4.0,0.0,4.0,0.0,0.0,0.0,0.0,GBP_CHF,H4,14,20,3,long,11
2.0,1.0,1.0,0.0,0.5,0.0,1.0,1.0,0.0,1.0,0.0,0.0,0.0,0.0,GBP_CHF,H4,14,20,4,long,3
116.0,34.0,79.0,3.0,0.3008849557522124,0.21631980833231784,0.385450103172107,50.0,17.0,27.0,6.0,0.38636363636363635,0.24248927814032473,0.530237994586948,GBP_CHF,H4,14,25,1,long,166
58.0,15.0,41.0,2.0,0.26785714285714285,0.1518695357605224,0.3838447499537633,25.0,9.0,14.0,2.0,0.391304347826087,0.19184720669911723,0.5907614889530567,GBP_CHF,H4,14,25,2,long,83
30.0,8.0,21.0,1.0,0.27586206896551724,0.11318972842537128,0.4385344095056632,13.0,4.0,8.0,1.0,0.3333333333333333,0.06661111689694282,0.6000555497697238,GBP_CHF,H4,14,25,3,long,43
11.0,6.0,5.0,0.0,0.5454545454545454,0.2511969573207727,0.8397121335883182,6.0,2.0,3.0,1.0,0.4,0.0,0.8294144850840502,GBP_CHF,H4,14,25,4,long,17
277.0,95.0,170.0,12.0,0.3584905660377358,0.3007509988935018,0.41623013318196983,120.0,37.0,68.0,15.0,0.3523809523809524,0.2610059416143725,0.4437559631475323,GBP_CHF,H4,14,30,1,long,397
144.0,51.0,86.0,7.0,0.3722627737226277,0.291314137892866,0.4532114095523895,62.0,22.0,34.0,6.0,0.39285714285714285,0.26494115480248254,0.5207731309118031,GBP_CHF,H4,14,30,2,long,206
74.0,27.0,42.0,5.0,0.391304347826087,0.2761477137046378,0.5064609819475362,32.0,10.0,20.0,2.0,0.3333333333333333,0.1646433920318547,0.5020232746348119,GBP_CHF,H4,14,30,3,long,106
36.0,18.0,17.0,1.0,0.5142857142857142,0.348703106503375,0.6798683220680535,16.0,5.0,10.0,1.0,0.3333333333333333,0.09476973050886098,0.5718969361578057,GBP_CHF,H4,14,30,4,long,52
506.0,186.0,305.0,15.0,0.3788187372708758,0.33591054431497214,0.42172693022677943,217.0,70.0,117.0,30.0,0.37433155080213903,0.3049673139632165,0.44369578764106155,GBP_CHF,H4,14,35,1,long,723
247.0,103.0,134.0,10.0,0.4345991561181435,0.37148822845642643,0.49771008377986053,107.0,39.0,58.0,10.0,0.4020618556701031,0.30448546036291413,0.4996382509772921,GBP_CHF,H4,14,35,2,long,354
126.0,52.0,68.0,6.0,0.43333333333333335,0.34467076032841854,0.5219959063382482,55.0,18.0,33.0,4.0,0.35294117647058826,0.2217834047494987,0.4840989481916778,GBP_CHF,H4,14,35,3,long,181
58.0,30.0,26.0,2.0,0.5357142857142857,0.40509078093815437,0.6663377904904171,25.0,8.0,16.0,1.0,0.3333333333333333,0.14473224539805557,0.521934421268611,GBP_CHF,H4,14,35,4,long,83
28.0,14.0,14.0,0.0,0.5,0.31479740822547864,0.6852025917745214,13.0,6.0,6.0,1.0,0.5,0.21709836809708338,0.7829016319029166,GBP_CHF,H4,14,20,1,short,41
17.0,5.0,12.0,0.0,0.29411764705882354,0.07751771578937186,0.5107175783282752,8.0,3.0,4.0,1.0,0.42857142857142855,0.06196537297496135,0.7951774841678958,GBP_CHF,H4,14,20,2,short,25
9.0,2.0,7.0,0.0,0.2222222222222222,0.0,0.49383883252136757,5.0,2.0,2.0,1.0,0.5,0.010000000000000009,0.99,GBP_CHF,H4,14,20,3,short,14
5.0,1.0,4.0,0.0,0.2,0.0,0.5506154588719672,3.0,1.0,2.0,0.0,0.3333333333333333,0.0,0.8667777662061142,GBP_CHF,H4,14,20,4,short,8
84.0,48.0,36.0,0.0,0.5714285714285714,0.4655985189859878,0.677258623871155,37.0,19.0,13.0,5.0,0.59375,0.4235813394103515,0.7639186605896485,GBP_CHF,H4,14,25,1,short,121
47.0,21.0,23.0,3.0,0.4772727272727273,0.32968487189042084,0.6248605826550337,21.0,10.0,9.0,2.0,0.5263157894736842,0.3017999815449016,0.7508315974024667,GBP_CHF,H4,14,25,2,short,68
25.0,9.0,16.0,0.0,0.36,0.17184,0.54816,11.0,5.0,5.0,1.0,0.5,0.19009678930349883,0.8099032106965012,GBP_CHF,H4,14,25,3,short,36
10.0,2.0,7.0,1.0,0.2222222222222222,0.0,0.49383883252136757,5.0,3.0,2.0,0.0,0.6,0.17058551491594975,1.0,GBP_CHF,H4,14,25,4,short,15
231.0,117.0,112.0,2.0,0.5109170305676856,0.44617224601157024,0.5756618151238009,100.0,46.0,39.0,15.0,0.5411764705882353,0.4352416093288616,0.6471113318476089,GBP_CHF,H4,14,30,1,short,331
123.0,55.0,61.0,7.0,0.47413793103448276,0.38326901451095696,0.5650068475580086,53.0,26.0,19.0,8.0,0.5777777777777777,0.4334663328356338,0.7220892227199216,GBP_CHF,H4,14,30,2,short,176
65.0,25.0,40.0,0.0,0.38461538461538464,0.2663422692705106,0.5028884999602588,29.0,12.0,11.0,6.0,0.5217391304347826,0.3175882379179313,0.7258900229516339,GBP_CHF,H4,14,30,3,short,94
30.0,10.0,19.0,1.0,0.3448275862068966,0.1718316605117934,0.5178235119019997,14.0,6.0,4.0,4.0,0.6,0.2963581056573385,0.9036418943426614,GBP_CHF,H4,14,30,4,short,44
473.0,221.0,243.0,9.0,0.47629310344827586,0.4308489126918379,0.5217372942047138,203.0,86.0,84.0,33.0,0.5058823529411764,0.4307249857759935,0.5810397201063594,GBP_CHF,H4,14,35,1,short,676
235.0,106.0,116.0,13.0,0.4774774774774775,0.4117709468005835,0.5431840081543715,102.0,42.0,43.0,17.0,0.49411764705882355,0.3878290791015675,0.6004062150160796,GBP_CHF,H4,14,35,2,short,337
119.0,50.0,65.0,4.0,0.43478260869565216,0.34417785349395286,0.5253873638973515,52.0,21.0,20.0,11.0,0.5121951219512195,0.3591903656558928,0.6651998782465463,GBP_CHF,H4,14,35,3,short,171
55.0,24.0,30.0,1.0,0.4444444444444444,0.31190910954195983,0.576979779346929,24.0,12.0,6.0,6.0,0.6666666666666666,0.44888888888888884,0.8844444444444444,GBP_CHF,H4,14,35,4,short,79
11.0,4.0,7.0,0.0,0.36363636363636365,0.07935652563159407,0.6479162016411333,5.0,3.0,2.0,0.0,0.6,0.17058551491594975,1.0,GBP_CHF,H4,21,20,1,long,16
5.0,1.0,4.0,0.0,0.2,0.0,0.5506154588719672,3.0,2.0,1.0,0.0,0.6666666666666666,0.13322223379388565,1.0,GBP_CHF,H4,21,20,2,long,8
3.0,0.0,3.0,0.0,0.0,0.0,0.0,2.0,0.0,2.0,0.0,0.0,0.0,0.0,GBP_CHF,H4,21,20,3,long,5
0.0,0.0,0.0,0.0,,,,1.0,0.0,1.0,0.0,0.0,0.0,0.0,GBP_CHF,H4,21,20,4,long,1
45.0,12.0,33.0,0.0,0.26666666666666666,0.13746000858037777,0.39587332475295556,20.0,10.0,9.0,1.0,0.5263157894736842,0.3017999815449016,0.7508315974024667,GBP_CHF,H4,21,25,1,long,65
21.0,5.0,16.0,0.0,0.23809523809523808,0.05592722447817858,0.4202632517122976,9.0,5.0,4.0,0.0,0.5555555555555556,0.23091161215558614,0.8801994989555251,GBP_CHF,H4,21,25,2,long,30
11.0,2.0,9.0,0.0,0.18181818181818182,0.0,0.40974912948563447,6.0,1.0,4.0,1.0,0.2,0.0,0.5506154588719672,GBP_CHF,H4,21,25,3,long,17
4.0,1.0,2.0,1.0,0.3333333333333333,0.0,0.8667777662061142,2.0,1.0,1.0,0.0,0.5,0.0,1.0,GBP_CHF,H4,21,25,4,long,6
125.0,35.0,85.0,5.0,0.2916666666666667,0.21034098965908968,0.3729923436742437,55.0,22.0,28.0,5.0,0.44,0.3024085584056915,0.5775914415943085,GBP_CHF,H4,21,30,1,long,180
67.0,19.0,46.0,2.0,0.2923076923076923,0.18173656109843062,0.40287882351695403,30.0,11.0,18.0,1.0,0.3793103448275862,0.20270995022817426,0.5559107394269981,GBP_CHF,H4,21,30,2,long,97
37.0,9.0,27.0,1.0,0.25,0.10854918404854169,0.3914508159514583,17.0,6.0,10.0,1.0,0.375,0.13777977004479572,0.6122202299552043,GBP_CHF,H4,21,30,3,long,54
14.0,7.0,7.0,0.0,0.5,0.2380839829258241,0.7619160170741759,6.0,2.0,3.0,1.0,0.4,0.0,0.8294144850840502,GBP_CHF,H4,21,30,4,long,20
342.0,120.0,209.0,13.0,0.364741641337386,0.3127269542104632,0.4167563284643088,147.0,51.0,78.0,18.0,0.3953488372093023,0.31097575872710764,0.47972191569149697,GBP_CHF,H4,21,35,1,long,489
177.0,63.0,106.0,8.0,0.3727810650887574,0.2998774235642856,0.44568470661322923,76.0,34.0,36.0,6.0,0.4857142857142857,0.36862970090484126,0.6027988705237302,GBP_CHF,H4,21,35,2,long,253
91.0,32.0,54.0,5.0,0.37209302325581395,0.2699331692625755,0.4742528772490524,40.0,15.0,22.0,3.0,0.40540540540540543,0.24720395705326467,0.5636068537575462,GBP_CHF,H4,21,35,3,long,131
41.0,21.0,19.0,1.0,0.525,0.3702422053659332,0.6797577946340668,18.0,6.0,11.0,1.0,0.35294117647058826,0.12576925204214065,0.5801131008990359,GBP_CHF,H4,21,35,4,long,59
4.0,1.0,3.0,0.0,0.25,0.0,0.674352447854375,2.0,2.0,0.0,0.0,1.0,1.0,1.0,GBP_CHF,H4,21,20,1,short,6
4.0,1.0,3.0,0.0,0.25,0.0,0.674352447854375,2.0,2.0,0.0,0.0,1.0,1.0,1.0,GBP_CHF,H4,21,20,2,short,6
2.0,0.0,2.0,0.0,0.0,0.0,0.0,1.0,1.0,0.0,0.0,1.0,1.0,1.0,GBP_CHF,H4,21,20,3,short,3
2.0,0.0,2.0,0.0,0.0,0.0,0.0,1.0,1.0,0.0,0.0,1.0,1.0,1.0,GBP_CHF,H4,21,20,4,short,3
29.0,15.0,14.0,0.0,0.5172413793103449,0.33536817355696424,0.6991145850637255,13.0,7.0,5.0,1.0,0.5833333333333334,0.30438856248221097,0.8622781041844558,GBP_CHF,H4,21,25,1,short,42
19.0,7.0,12.0,0.0,0.3684210526315789,0.15151817542017268,0.5853239298429852,9.0,5.0,3.0,1.0,0.625,0.28951993352808575,0.9604800664719142,GBP_CHF,H4,21,25,2,short,28
10.0,4.0,6.0,0.0,0.4,0.09635810565733854,0.7036418943426614,5.0,2.0,2.0,1.0,0.5,0.010000000000000009,0.99,GBP_CHF,H4,21,25,3,short,15
7.0,2.0,5.0,0.0,0.2857142857142857,0.0,0.6203782963279159,3.0,2.0,1.0,0.0,0.6666666666666666,0.13322223379388565,1.0,GBP_CHF,H4,21,25,4,short,10
92.0,49.0,42.0,1.0,0.5384615384615384,0.4360340159881504,0.6408890609349265,40.0,24.0,11.0,5.0,0.6857142857142857,0.5319144157533524,0.839514155675219,GBP_CHF,H4,21,30,1,short,132
50.0,23.0,24.0,3.0,0.48936170212765956,0.34644636986968314,0.632277034385636,22.0,12.0,8.0,2.0,0.6,0.38529275745797487,0.8147072425420251,GBP_CHF,H4,21,30,2,short,72
25.0,10.0,15.0,0.0,0.4,0.20796000416579888,0.5920399958342012,12.0,6.0,5.0,1.0,0.5454545454545454,0.2511969573207727,0.8397121335883182,GBP_CHF,H4,21,30,3,short,37
11.0,2.0,8.0,1.0,0.2,0.0,0.447922568557201,5.0,3.0,2.0,0.0,0.6,0.17058551491594975,1.0,GBP_CHF,H4,21,30,4,short,16
280.0,139.0,139.0,2.0,0.5,0.44122350589740145,0.5587764941025986,121.0,54.0,49.0,18.0,0.5242718446601942,0.4278234165059773,0.620720272814411,GBP_CHF,H4,21,35,1,short,401
142.0,63.0,72.0,7.0,0.4666666666666667,0.3825093380073147,0.5508239953260187,61.0,28.0,23.0,10.0,0.5490196078431373,0.4124532456780719,0.6855859700082028,GBP_CHF,H4,21,35,2,short,203
72.0,29.0,43.0,0.0,0.4027777777777778,0.2894880447277769,0.5160675108277787,31.0,12.0,13.0,6.0,0.48,0.2841568627702262,0.6758431372297737,GBP_CHF,H4,21,35,3,short,103
31.0,10.0,20.0,1.0,0.3333333333333333,0.1646433920318547,0.5020232746348119,14.0,7.0,4.0,3.0,0.6363636363636364,0.3520837983588668,0.920643474368406,GBP_CHF,H4,21,35,4,short,45
2.0,1.0,1.0,0.0,0.5,0.0,1.0,2.0,2.0,0.0,0.0,1.0,1.0,1.0,GBP_CHF,H4,28,20,1,long,4
2.0,1.0,1.0,0.0,0.5,0.0,1.0,1.0,0.0,1.0,0.0,0.0,0.0,0.0,GBP_CHF,H4,28,20,2,long,3
1.0,0.0,1.0,0.0,0.0,0.0,0.0,1.0,0.0,1.0,0.0,0.0,0.0,0.0,GBP_CHF,H4,28,20,3,long,2
0.0,0.0,0.0,0.0,,,,1.0,0.0,1.0,0.0,0.0,0.0,0.0,GBP_CHF,H4,28,20,4,long,1
16.0,5.0,11.0,0.0,0.3125,0.08537892133269531,0.5396210786673047,8.0,3.0,5.0,0.0,0.375,0.03951993352808575,0.7104800664719142,GBP_CHF,H4,28,25,1,long,24
9.0,0.0,9.0,0.0,0.0,0.0,0.0,5.0,3.0,2.0,0.0,0.6,0.17058551491594975,1.0,GBP_CHF,H4,28,25,2,long,14
4.0,0.0,4.0,0.0,0.0,0.0,0.0,3.0,0.0,3.0,0.0,0.0,0.0,0.0,GBP_CHF,H4,28,25,3,long,7
0.0,0.0,0.0,0.0,,,,1.0,0.0,1.0,0.0,0.0,0.0,0.0,GBP_CHF,H4,28,25,4,long,1
76.0,18.0,58.0,0.0,0.23684210526315788,0.14125794430122388,0.33242626622509186,33.0,19.0,13.0,1.0,0.59375,0.4235813394103515,0.7639186605896485,GBP_CHF,H4,28,30,1,long,109
39.0,9.0,30.0,0.0,0.23076923076923078,0.09853586785832485,0.3630025936801367,18.0,9.0,9.0,0.0,0.5,0.2690117848123945,0.7309882151876055,GBP_CHF,H4,28,30,2,long,57
21.0,5.0,16.0,0.0,0.23809523809523808,0.05592722447817858,0.4202632517122976,9.0,2.0,6.0,1.0,0.25,0.0,0.5500624934909393,GBP_CHF,H4,28,30,3,long,30
9.0,2.0,7.0,0.0,0.2222222222222222,0.0,0.49383883252136757,4.0,1.0,2.0,1.0,0.3333333333333333,0.0,0.8667777662061142,GBP_CHF,H4,28,30,4,long,13
221.0,69.0,143.0,9.0,0.32547169811320753,0.2623985012050168,0.3885448950213983,95.0,37.0,48.0,10.0,0.43529411764705883,0.3298920419677796,0.5406961933263381,GBP_CHF,H4,28,35,1,long,316
121.0,37.0,81.0,3.0,0.3135593220338983,0.2298494974469788,0.3972691466208178,52.0,23.0,27.0,2.0,0.46,0.3218512801362242,0.5981487198637758,GBP_CHF,H4,28,35,2,long,173
62.0,22.0,38.0,2.0,0.36666666666666664,0.24473055710590194,0.4886027762274313,28.0,11.0,16.0,1.0,0.4074074074074074,0.22206843148618047,0.5927463833286343,GBP_CHF,H4,28,35,3,long,90
25.0,15.0,10.0,0.0,0.6,0.4079600041657988,0.7920399958342011,12.0,4.0,7.0,1.0,0.36363636363636365,0.07935652563159407,0.6479162016411333,GBP_CHF,H4,28,35,4,long,37
0.0,0.0,0.0,0.0,,,,1.0,1.0,0.0,0.0,1.0,1.0,1.0,GBP_CHF,H4,28,20,1,short,1
0.0,0.0,0.0,0.0,,,,1.0,1.0,0.0,0.0,1.0,1.0,1.0,GBP_CHF,H4,28,20,2,short,1
,,,,,,,,,,,,,,GBP_CHF,H4,28,20,3,short,0
,,,,,,,,,,,,,,GBP_CHF,H4,28,20,4,short,0
7.0,3.0,4.0,0.0,0.42857142857142855,0.06196537297496135,0.7951774841678958,4.0,4.0,0.0,0.0,1.0,1.0,1.0,GBP_CHF,H4,28,25,1,short,11
7.0,2.0,5.0,0.0,0.2857142857142857,0.0,0.6203782963279159,4.0,4.0,0.0,0.0,1.0,1.0,1.0,GBP_CHF,H4,28,25,2,short,11
4.0,2.0,2.0,0.0,0.5,0.010000000000000009,0.99,2.0,2.0,0.0,0.0,1.0,1.0,1.0,GBP_CHF,H4,28,25,3,short,6
3.0,1.0,2.0,0.0,0.3333333333333333,0.0,0.8667777662061142,2.0,2.0,0.0,0.0,1.0,1.0,1.0,GBP_CHF,H4,28,25,4,short,5
44.0,25.0,19.0,0.0,0.5681818181818182,0.4218213259410647,0.7145423104225718,19.0,11.0,6.0,2.0,0.6470588235294118,0.41988689910096416,0.8742307479578595,GBP_CHF,H4,28,30,1,short,63
25.0,12.0,13.0,0.0,0.48,0.2841568627702262,0.6758431372297737,12.0,7.0,3.0,2.0,0.7,0.415969015774687,0.984030984225313,GBP_CHF,H4,28,30,2,short,37
14.0,7.0,7.0,0.0,0.5,0.2380839829258241,0.7619160170741759,6.0,3.0,2.0,1.0,0.6,0.17058551491594975,1.0,GBP_CHF,H4,28,30,3,short,20
7.0,2.0,5.0,0.0,0.2857142857142857,0.0,0.6203782963279159,3.0,2.0,1.0,0.0,0.6666666666666666,0.13322223379388565,1.0,GBP_CHF,H4,28,30,4,short,10
163.0,88.0,74.0,1.0,0.5432098765432098,0.4665018613699129,0.6199178917165068,71.0,36.0,24.0,11.0,0.6,0.47603871572139955,0.7239612842786004,GBP_CHF,H4,28,35,1,short,234
88.0,44.0,40.0,4.0,0.5238095238095238,0.4170040585588757,0.630614989060172,38.0,19.0,13.0,6.0,0.59375,0.4235813394103515,0.7639186605896485,GBP_CHF,H4,28,35,2,short,126
45.0,22.0,23.0,0.0,0.4888888888888889,0.3428351903625469,0.6349425874152308,20.0,9.0,8.0,3.0,0.5294117647058824,0.29213842808518775,0.766685101326577,GBP_CHF,H4,28,35,3,short,65
21.0,8.0,12.0,1.0,0.4,0.1852927574579749,0.6147072425420251,9.0,4.0,4.0,1.0,0.5,0.15351767721859172,0.8464823227814082,GBP_CHF,H4,28,35,4,short,30
163.0,83.0,75.0,5.0,0.5253164556962026,0.44745184459950615,0.603181066792899,71.0,39.0,27.0,5.0,0.5909090909090909,0.4722900649127333,0.7095281169054486,GBP_NZD,H4,7,20,1,long,234
84.0,40.0,41.0,3.0,0.49382716049382713,0.38494657011418243,0.6027077508734718,37.0,17.0,18.0,2.0,0.4857142857142857,0.3201316779319464,0.651296893496625,GBP_NZD,H4,7,20,2,long,121
38.0,13.0,24.0,1.0,0.35135135135135137,0.19752498468146648,0.5051777180212362,17.0,9.0,7.0,1.0,0.5625,0.31942159829594075,0.8055784017040593,GBP_NZD,H4,7,20,3,long,55
21.0,8.0,12.0,1.0,0.4,0.1852927574579749,0.6147072425420251,9.0,4.0,4.0,1.0,0.5,0.15351767721859172,0.8464823227814082,GBP_NZD,H4,7,20,4,long,30
334.0,168.0,156.0,10.0,0.5185185185185185,0.4641114287573358,0.5729256082797012,144.0,76.0,50.0,18.0,0.6031746031746031,0.5177482135844491,0.6886009927647572,GBP_NZD,H4,7,25,1,long,478
179.0,77.0,95.0,7.0,0.4476744186046512,0.3733604309069781,0.5219884063023242,77.0,38.0,33.0,6.0,0.5352112676056338,0.41919542020952416,0.6512271150017434,GBP_NZD,H4,7,25,2,long,256
82.0,34.0,46.0,2.0,0.425,0.3166723142497727,0.5333276857502273,36.0,20.0,12.0,4.0,0.625,0.4572599667640429,0.7927400332359571,GBP_NZD,H4,7,25,3,long,118
45.0,19.0,24.0,2.0,0.4418604651162791,0.29342563856848014,0.590295291664078,20.0,11.0,6.0,3.0,0.6470588235294118,0.41988689910096416,0.8742307479578595,GBP_NZD,H4,7,25,4,long,65
583.0,289.0,275.0,19.0,0.5124113475177305,0.471158618530154,0.553664076505307,251.0,124.0,88.0,39.0,0.5849056603773585,0.5185765062969803,0.6512348144577367,GBP_NZD,H4,7,30,1,long,834
301.0,142.0,150.0,9.0,0.4863013698630137,0.4289727355763041,0.5436300041497233,129.0,61.0,53.0,15.0,0.5350877192982456,0.44352859154856406,0.6266468470479272,GBP_NZD,H4,7,30,2,long,430
144.0,65.0,77.0,2.0,0.45774647887323944,0.3758008871313815,0.5396920706150974,63.0,32.0,23.0,8.0,0.5818181818181818,0.45145620296822364,0.7121801606681399,GBP_NZD,H4,7,30,3,long,207
77.0,34.0,40.0,3.0,0.4594594594594595,0.3459118629205529,0.573007055998366,34.0,19.0,11.0,4.0,0.6333333333333333,0.46088963344948825,0.8057770332171783,GBP_NZD,H4,7,30,4,long,111
872.0,425.0,423.0,24.0,0.5011792452830188,0.46752600071369255,0.5348324898523451,374.0,184.0,136.0,54.0,0.575,0.5208361571248863,0.6291638428751136,GBP_NZD,H4,7,35,1,long,1246
443.0,209.0,223.0,11.0,0.4837962962962963,0.43667079036887885,0.5309218022237137,191.0,90.0,81.0,20.0,0.5263157894736842,0.45147718683075666,0.6011543921166117,GBP_NZD,H4,7,35,2,long,634
214.0,101.0,109.0,4.0,0.48095238095238096,0.41337504528208174,0.5485297166226801,93.0,46.0,38.0,9.0,0.5476190476190477,0.4411783146751712,0.6540597805629241,GBP_NZD,H4,7,35,3,long,307
112.0,53.0,56.0,3.0,0.48623853211009177,0.39240711557392477,0.5800699486462587,48.0,25.0,19.0,4.0,0.5681818181818182,0.4218213259410647,0.7145423104225718,GBP_NZD,H4,7,35,4,long,160
191.0,97.0,91.0,3.0,0.5159574468085106,0.4445200104639578,0.5873948831530635,82.0,34.0,43.0,5.0,0.44155844155844154,0.3306425767063709,0.5524743064105122,GBP_NZD,H4,7,20,1,short,273
102.0,48.0,52.0,2.0,0.48,0.3820784313851131,0.5779215686148869,45.0,18.0,22.0,5.0,0.45,0.2958250993189877,0.6041749006810123,GBP_NZD,H4,7,20,2,short,147
46.0,19.0,27.0,0.0,0.41304347826086957,0.2707522899183108,0.5553346666034283,20.0,7.0,10.0,3.0,0.4117647058823529,0.17781004090730612,0.6457193708573997,GBP_NZD,H4,7,20,3,short,66
25.0,10.0,15.0,0.0,0.4,0.20796000416579888,0.5920399958342012,11.0,2.0,7.0,2.0,0.2222222222222222,0.0,0.49383883252136757,GBP_NZD,H4,7,20,4,short,36
371.0,192.0,173.0,6.0,0.5260273972602739,0.47480139780013053,0.5772533967204173,159.0,61.0,90.0,8.0,0.40397350993377484,0.3257068460089356,0.48224017385861406,GBP_NZD,H4,7,25,1,short,530
189.0,97.0,89.0,3.0,0.521505376344086,0.4497147858556888,0.5932959668324832,81.0,31.0,45.0,5.0,0.40789473684210525,0.29740478437514545,0.5183846893090651,GBP_NZD,H4,7,25,2,short,270
87.0,41.0,46.0,0.0,0.47126436781609193,0.36637099828967934,0.5761577373425045,38.0,12.0,22.0,4.0,0.35294117647058826,0.19230636821203503,0.5135759847291415,GBP_NZD,H4,7,25,3,short,125
42.0,19.0,23.0,0.0,0.4523809523809524,0.3018510242627896,0.6029108804991152,18.0,3.0,12.0,3.0,0.2,0.0,0.4024279295617743,GBP_NZD,H4,7,25,4,short,60
618.0,302.0,306.0,10.0,0.4967105263157895,0.4569671382642341,0.5364539143673449,265.0,105.0,148.0,12.0,0.4150197628458498,0.35430409214853553,0.47573543354316405,GBP_NZD,H4,7,30,1,short,883
311.0,145.0,159.0,7.0,0.4769736842105263,0.42082646405795854,0.5331209043630941,134.0,53.0,76.0,5.0,0.4108527131782946,0.3259510423906448,0.49575438396594435,GBP_NZD,H4,7,30,2,short,445
144.0,63.0,80.0,1.0,0.4405594405594406,0.3591888845840911,0.52192999653479,63.0,20.0,37.0,6.0,0.3508771929824561,0.22698051904114863,0.4747738669237636,GBP_NZD,H4,7,30,3,short,207
72.0,32.0,40.0,0.0,0.4444444444444444,0.32966547751981434,0.5592234113690745,32.0,9.0,20.0,3.0,0.3103448275862069,0.14196295808965828,0.4787266970827555,GBP_NZD,H4,7,30,4,short,104
905.0,434.0,456.0,15.0,0.48764044943820223,0.45480081247062404,0.5204800864057804,389.0,150.0,208.0,31.0,0.41899441340782123,0.3678840665362549,0.4701047602793876,GBP_NZD,H4,7,35,1,short,1294
453.0,216.0,227.0,10.0,0.48758465011286684,0.44103780116114094,0.5341314990645928,195.0,68.0,114.0,13.0,0.37362637362637363,0.30334247051286933,0.44391027673987793,GBP_NZD,H4,7,35,2,short,648
212.0,101.0,109.0,2.0,0.48095238095238096,0.41337504528208174,0.5485297166226801,92.0,26.0,54.0,12.0,0.325,0.2223628356782983,0.42763716432170173,GBP_NZD,H4,7,35,3,short,304
109.0,54.0,54.0,1.0,0.5,0.4056994560323611,0.5943005439676389,47.0,13.0,29.0,5.0,0.30952380952380953,0.16970911734824398,0.44933850169937506,GBP_NZD,H4,7,35,4,short,156
17.0,12.0,5.0,0.0,0.7058823529411765,0.48928242167172487,0.9224822842106282,8.0,4.0,4.0,0.0,0.5,0.15351767721859172,0.8464823227814082,GBP_NZD,H4,14,20,1,long,25
7.0,6.0,1.0,0.0,0.8571428571428571,0.5979132292065427,1.0,3.0,1.0,2.0,0.0,0.3333333333333333,0.0,0.8667777662061142,GBP_NZD,H4,14,20,2,long,10
2.0,1.0,1.0,0.0,0.5,0.0,1.0,2.0,0.0,2.0,0.0,0.0,0.0,0.0,GBP_NZD,H4,14,20,3,long,4
1.0,1.0,0.0,0.0,1.0,1.0,1.0,1.0,0.0,1.0,0.0,0.0,0.0,0.0,GBP_NZD,H4,14,20,4,long,2
60.0,31.0,27.0,2.0,0.5344827586206896,0.40610883652956736,0.6628566807118119,27.0,14.0,12.0,1.0,0.5384615384615384,0.3468371904257853,0.7300858864972916,GBP_NZD,H4,14,25,1,long,87
29.0,15.0,12.0,2.0,0.5555555555555556,0.3681222874428016,0.7429888236683095,13.0,7.0,6.0,0.0,0.5384615384615384,0.2674637865884742,0.8094592903346027,GBP_NZD,H4,14,25,2,long,42
16.0,4.0,11.0,1.0,0.26666666666666666,0.0428741701850342,0.4904591631482991,7.0,4.0,3.0,0.0,0.5714285714285714,0.2048225158321042,0.9380346270250386,GBP_NZD,H4,14,25,3,long,23
8.0,3.0,4.0,1.0,0.42857142857142855,0.06196537297496135,0.7951774841678958,4.0,2.0,2.0,0.0,0.5,0.010000000000000009,0.99,GBP_NZD,H4,14,25,4,long,12
186.0,92.0,86.0,8.0,0.5168539325842697,0.44344156894132286,0.5902662962272165,81.0,40.0,33.0,8.0,0.547945205479452,0.43377343210828667,0.6621169788506174,GBP_NZD,H4,14,30,1,long,267
100.0,44.0,49.0,7.0,0.4731182795698925,0.37164398829071976,0.5745925708490652,44.0,24.0,18.0,2.0,0.5714285714285714,0.42176227595761373,0.7210948668995291,GBP_NZD,H4,14,30,2,long,144
45.0,19.0,25.0,1.0,0.4318181818181818,0.28545768957742834,0.5781786740589353,20.0,10.0,9.0,1.0,0.5263157894736842,0.3017999815449016,0.7508315974024667,GBP_NZD,H4,14,30,3,long,65
27.0,9.0,17.0,1.0,0.34615384615384615,0.16328414093967988,0.5290235513680124,12.0,6.0,5.0,1.0,0.5454545454545454,0.2511969573207727,0.8397121335883182,GBP_NZD,H4,14,30,4,long,39
449.0,202.0,229.0,18.0,0.46867749419953597,0.42156527174065095,0.515789716658421,193.0,96.0,69.0,28.0,0.5818181818181818,0.5065536582370662,0.6570827053992974,GBP_NZD,H4,14,35,1,long,642
237.0,102.0,127.0,8.0,0.44541484716157204,0.3810416922654948,0.5097880020576493,102.0,50.0,42.0,10.0,0.5434782608695652,0.4416932147621966,0.6452633069769338,GBP_NZD,H4,14,35,2,long,339
108.0,46.0,60.0,2.0,0.4339622641509434,0.33961011119170553,0.5283144171101812,47.0,24.0,19.0,4.0,0.5581395348837209,0.409704708335922,0.7065743614315199,GBP_NZD,H4,14,35,3,long,155
56.0,22.0,32.0,2.0,0.4074074074074074,0.27635296071533755,0.5384618540994772,25.0,15.0,7.0,3.0,0.6818181818181818,0.48718508191927334,0.8764512817170902,GBP_NZD,H4,14,35,4,long,81
23.0,12.0,11.0,0.0,0.5217391304347826,0.3175882379179313,0.7258900229516339,10.0,6.0,4.0,0.0,0.6,0.2963581056573385,0.9036418943426614,GBP_NZD,H4,14,20,1,short,33
11.0,4.0,7.0,0.0,0.36363636363636365,0.07935652563159407,0.6479162016411333,6.0,3.0,3.0,0.0,0.5,0.09991667534541426,0.9000833246545857,GBP_NZD,H4,14,20,2,short,17
3.0,1.0,2.0,0.0,0.3333333333333333,0.0,0.8667777662061142,2.0,2.0,0.0,0.0,1.0,1.0,1.0,GBP_NZD,H4,14,20,3,short,5
2.0,2.0,0.0,0.0,1.0,1.0,1.0,1.0,0.0,1.0,0.0,0.0,0.0,0.0,GBP_NZD,H4,14,20,4,short,3
88.0,42.0,46.0,0.0,0.4772727272727273,0.3729123539111189,0.5816331006343357,39.0,16.0,20.0,3.0,0.4444444444444444,0.2821224727444597,0.6067664161444292,GBP_NZD,H4,14,25,1,short,127
45.0,19.0,25.0,1.0,0.4318181818181818,0.28545768957742834,0.5781786740589353,20.0,6.0,12.0,2.0,0.3333333333333333,0.11555555555555552,0.5511111111111111,GBP_NZD,H4,14,25,2,short,65
17.0,7.0,10.0,0.0,0.4117647058823529,0.17781004090730612,0.6457193708573997,8.0,2.0,4.0,2.0,0.3333333333333333,0.0,0.7105355092038887,GBP_NZD,H4,14,25,3,short,25
9.0,4.0,5.0,0.0,0.4444444444444444,0.11980050104447498,0.7690883878444139,5.0,0.0,4.0,1.0,0.0,0.0,0.0,GBP_NZD,H4,14,25,4,short,14
218.0,109.0,106.0,3.0,0.5069767441860465,0.4401478056598458,0.5738056827122473,94.0,38.0,51.0,5.0,0.42696629213483145,0.32420064823520056,0.5297319360344623,GBP_NZD,H4,14,30,1,short,312
107.0,49.0,57.0,1.0,0.46226415094339623,0.3673496122494353,0.5571786896373572,47.0,20.0,23.0,4.0,0.46511627906976744,0.3160318440504992,0.6142007140890356,GBP_NZD,H4,14,30,2,short,154
49.0,21.0,28.0,0.0,0.42857142857142855,0.2900073639659184,0.5671354931769387,22.0,8.0,11.0,3.0,0.42105263157894735,0.19904545890021433,0.6430598042576804,GBP_NZD,H4,14,30,3,short,71
25.0,10.0,15.0,0.0,0.4,0.20796000416579888,0.5920399958342012,11.0,3.0,6.0,2.0,0.3333333333333333,0.02534904641652591,0.6413176202501407,GBP_NZD,H4,14,30,4,short,36
457.0,220.0,229.0,8.0,0.48997772828507796,0.44373796081618866,0.5362174957539673,196.0,74.0,113.0,9.0,0.39572192513368987,0.32563310597281836,0.4658107442945614,GBP_NZD,H4,14,35,1,short,653
226.0,108.0,115.0,3.0,0.484304932735426,0.41871161855477845,0.5498982469160736,97.0,36.0,55.0,6.0,0.3956043956043956,0.295136668328709,0.4960721228800822,GBP_NZD,H4,14,35,2,short,323
109.0,48.0,60.0,1.0,0.4444444444444444,0.35072781038806744,0.5381610785008214,48.0,16.0,26.0,6.0,0.38095238095238093,0.23408383302475155,0.5278209288800103,GBP_NZD,H4,14,35,3,short,157
52.0,20.0,32.0,0.0,0.38461538461538464,0.2523820217044787,0.5168487475262906,23.0,7.0,13.0,3.0,0.35,0.14095885572452488,0.559041144275475,GBP_NZD,H4,14,35,4,short,75
1.0,1.0,0.0,0.0,1.0,1.0,1.0,1.0,1.0,0.0,0.0,1.0,1.0,1.0,GBP_NZD,H4,21,20,1,long,2
0.0,0.0,0.0,0.0,,,,1.0,1.0,0.0,0.0,1.0,1.0,1.0,GBP_NZD,H4,21,20,2,long,1
0.0,0.0,0.0,0.0,,,,1.0,0.0,1.0,0.0,0.0,0.0,0.0,GBP_NZD,H4,21,20,3,long,1
,,,,,,,,,,,,,,GBP_NZD,H4,21,20,4,long,0
16.0,12.0,4.0,0.0,0.75,0.5378237760728125,0.9621762239271875,8.0,3.0,5.0,0.0,0.375,0.03951993352808575,0.7104800664719142,GBP_NZD,H4,21,25,1,long,24
6.0,5.0,1.0,0.0,0.8333333333333334,0.535128829802743,1.0,3.0,0.0,3.0,0.0,0.0,0.0,0.0,GBP_NZD,H4,21,25,2,long,9
3.0,1.0,2.0,0.0,0.3333333333333333,0.0,0.8667777662061142,2.0,0.0,2.0,0.0,0.0,0.0,0.0,GBP_NZD,H4,21,25,3,long,5
1.0,1.0,0.0,0.0,1.0,1.0,1.0,1.0,0.0,1.0,0.0,0.0,0.0,0.0,GBP_NZD,H4,21,25,4,long,2
77.0,36.0,38.0,3.0,0.4864864864864865,0.37260541611198017,0.6003675568609929,33.0,16.0,16.0,1.0,0.5,0.3267588386092959,0.6732411613907041,GBP_NZD,H4,21,30,1,long,110
39.0,16.0,19.0,4.0,0.45714285714285713,0.2921022560775435,0.6221834582081708,17.0,11.0,6.0,0.0,0.6470588235294118,0.41988689910096416,0.8742307479578595,GBP_NZD,H4,21,30,2,long,56
20.0,5.0,14.0,1.0,0.2631578947368421,0.06515356367607467,0.4611622257976095,9.0,5.0,4.0,0.0,0.5555555555555556,0.23091161215558614,0.8801994989555251,GBP_NZD,H4,21,30,3,long,29
9.0,1.0,7.0,1.0,0.125,0.0,0.3541765149399039,5.0,3.0,2.0,0.0,0.6,0.17058551491594975,1.0,GBP_NZD,H4,21,30,4,long,14
228.0,102.0,112.0,14.0,0.4766355140186916,0.409717274268399,0.5435537537689842,98.0,45.0,45.0,8.0,0.5,0.39669892976783294,0.6033010702321671,GBP_NZD,H4,21,35,1,long,326
123.0,53.0,62.0,8.0,0.4608695652173913,0.36976438105059295,0.5519747493841897,53.0,28.0,22.0,3.0,0.56,0.4224085584056916,0.6975914415943085,GBP_NZD,H4,21,35,2,long,176
56.0,21.0,33.0,2.0,0.3888888888888889,0.25886233608024334,0.5189154416975345,24.0,14.0,9.0,1.0,0.6086956521739131,0.4092385110469433,0.8081527933008829,GBP_NZD,H4,21,35,3,long,80
30.0,9.0,19.0,2.0,0.32142857142857145,0.14844013250850951,0.4944170103486334,13.0,9.0,4.0,0.0,0.6923076923076923,0.44141252663043484,0.9432028579849497,GBP_NZD,H4,21,35,4,long,43
2.0,2.0,0.0,0.0,1.0,1.0,1.0,2.0,2.0,0.0,0.0,1.0,1.0,1.0,GBP_NZD,H4,21,20,1,short,4
2.0,1.0,1.0,0.0,0.5,0.0,1.0,1.0,1.0,0.0,0.0,1.0,1.0,1.0,GBP_NZD,H4,21,20,2,short,3
1.0,0.0,1.0,0.0,0.0,0.0,0.0,1.0,1.0,0.0,0.0,1.0,1.0,1.0,GBP_NZD,H4,21,20,3,short,2
0.0,0.0,0.0,0.0,,,,1.0,0.0,1.0,0.0,0.0,0.0,0.0,GBP_NZD,H4,21,20,4,short,1
25.0,17.0,8.0,0.0,0.68,0.49714134857765147,0.8628586514223486,11.0,8.0,3.0,0.0,0.7272727272727273,0.4640807392878268,0.9904647152576278,GBP_NZD,H4,21,25,1,short,36
13.0,8.0,5.0,0.0,0.6153846153846154,0.35091788956280356,0.8798513412064273,6.0,2.0,4.0,0.0,0.3333333333333333,0.0,0.7105355092038887,GBP_NZD,H4,21,25,2,short,19
4.0,2.0,2.0,0.0,0.5,0.010000000000000009,0.99,2.0,2.0,0.0,0.0,1.0,1.0,1.0,GBP_NZD,H4,21,25,3,short,6
2.0,2.0,0.0,0.0,1.0,1.0,1.0,2.0,1.0,1.0,0.0,0.5,0.0,1.0,GBP_NZD,H4,21,25,4,short,4
99.0,46.0,52.0,1.0,0.46938775510204084,0.3705785181546661,0.5681969920494155,43.0,18.0,22.0,3.0,0.45,0.2958250993189877,0.6041749006810123,GBP_NZD,H4,21,30,1,short,142
48.0,22.0,25.0,1.0,0.46808510638297873,0.3254289136532616,0.6107412991126959,21.0,8.0,12.0,1.0,0.4,0.1852927574579749,0.6147072425420251,GBP_NZD,H4,21,30,2,short,69
19.0,10.0,9.0,0.0,0.5263157894736842,0.3017999815449016,0.7508315974024667,9.0,3.0,5.0,1.0,0.375,0.03951993352808575,0.7104800664719142,GBP_NZD,H4,21,30,3,short,28
11.0,5.0,6.0,0.0,0.45454545454545453,0.1602878664116818,0.7488030426792273,6.0,0.0,5.0,1.0,0.0,0.0,0.0,GBP_NZD,H4,21,30,4,short,17
261.0,128.0,128.0,5.0,0.5,0.43875,0.56125,113.0,49.0,59.0,5.0,0.4537037037037037,0.3598082674772022,0.5475991399302053,GBP_NZD,H4,21,35,1,short,374
133.0,61.0,70.0,2.0,0.46564885496183206,0.38022816689063776,0.5510695430330264,58.0,26.0,29.0,3.0,0.4727272727272727,0.3407808227374621,0.6046737227170833,GBP_NZD,H4,21,35,2,short,191
61.0,26.0,34.0,1.0,0.43333333333333335,0.3079455201148881,0.5587211465517785,27.0,11.0,13.0,3.0,0.4583333333333333,0.2589874702005656,0.6576791964661011,GBP_NZD,H4,21,35,3,short,88
31.0,11.0,20.0,0.0,0.3548387096774194,0.18640660673780374,0.523270812617035,14.0,5.0,7.0,2.0,0.4166666666666667,0.13772189581554434,0.6956114375177891,GBP_NZD,H4,21,35,4,short,45
,,,,,,,,,,,,,,GBP_NZD,H4,28,20,1,long,0
,,,,,,,,,,,,,,GBP_NZD,H4,28,20,2,long,0
,,,,,,,,,,,,,,GBP_NZD,H4,28,20,3,long,0
,,,,,,,,,,,,,,GBP_NZD,H4,28,20,4,long,0
3.0,1.0,2.0,0.0,0.3333333333333333,0.0,0.8667777662061142,2.0,1.0,1.0,0.0,0.5,0.0,1.0,GBP_NZD,H4,28,25,1,long,5
1.0,0.0,1.0,0.0,0.0,0.0,0.0,1.0,1.0,0.0,0.0,1.0,1.0,1.0,GBP_NZD,H4,28,25,2,long,2
0.0,0.0,0.0,0.0,,,,1.0,0.0,1.0,0.0,0.0,0.0,0.0,GBP_NZD,H4,28,25,3,long,1
,,,,,,,,,,,,,,GBP_NZD,H4,28,25,4,long,0
30.0,20.0,10.0,0.0,0.6666666666666666,0.497976725365188,0.8353566079681453,13.0,5.0,7.0,1.0,0.4166666666666667,0.13772189581554434,0.6956114375177891,GBP_NZD,H4,28,30,1,long,43
11.0,8.0,3.0,0.0,0.7272727272727273,0.4640807392878268,0.9904647152576278,5.0,2.0,3.0,0.0,0.4,0.0,0.8294144850840502,GBP_NZD,H4,28,30,2,long,16
5.0,3.0,2.0,0.0,0.6,0.17058551491594975,1.0,3.0,0.0,3.0,0.0,0.0,0.0,0.0,GBP_NZD,H4,28,30,3,long,8
2.0,1.0,1.0,0.0,0.5,0.0,1.0,1.0,0.0,1.0,0.0,0.0,0.0,0.0,GBP_NZD,H4,28,30,4,long,3
135.0,60.0,65.0,10.0,0.48,0.3924162864454812,0.5675837135545188,59.0,23.0,33.0,3.0,0.4107142857142857,0.2818611716657692,0.5395673997628022,GBP_NZD,H4,28,35,1,long,194
69.0,30.0,32.0,7.0,0.4838709677419355,0.35947561566420505,0.608266319819666,30.0,16.0,13.0,1.0,0.5517241379310345,0.3707190669948286,0.7327292088672404,GBP_NZD,H4,28,35,2,long,99
32.0,12.0,19.0,1.0,0.3870967741935484,0.215629614436262,0.5585639339508348,15.0,9.0,5.0,1.0,0.6428571428571429,0.39185913489692026,0.8938551508173656,GBP_NZD,H4,28,35,3,long,47
18.0,6.0,11.0,1.0,0.35294117647058826,0.12576925204214065,0.5801131008990359,8.0,6.0,2.0,0.0,0.75,0.4499375065090607,1.0,GBP_NZD,H4,28,35,4,long,26
0.0,0.0,0.0,0.0,,,,1.0,1.0,0.0,0.0,1.0,1.0,1.0,GBP_NZD,H4,28,20,1,short,1
0.0,0.0,0.0,0.0,,,,1.0,1.0,0.0,0.0,1.0,1.0,1.0,GBP_NZD,H4,28,20,2,short,1
,,,,,,,,,,,,,,GBP_NZD,H4,28,20,3,short,0
,,,,,,,,,,,,,,GBP_NZD,H4,28,20,4,short,0
10.0,8.0,2.0,0.0,0.8,0.5520774314427992,1.0,5.0,5.0,0.0,0.0,1.0,1.0,1.0,GBP_NZD,H4,28,25,1,short,15
6.0,5.0,1.0,0.0,0.8333333333333334,0.535128829802743,1.0,3.0,2.0,1.0,0.0,0.6666666666666666,0.13322223379388565,1.0,GBP_NZD,H4,28,25,2,short,9
3.0,2.0,1.0,0.0,0.6666666666666666,0.13322223379388565,1.0,2.0,1.0,1.0,0.0,0.5,0.0,1.0,GBP_NZD,H4,28,25,3,short,5
2.0,1.0,1.0,0.0,0.5,0.0,1.0,1.0,0.0,1.0,0.0,0.0,0.0,0.0,GBP_NZD,H4,28,25,4,short,3
39.0,23.0,16.0,0.0,0.5897435897435898,0.4353664215728127,0.7441207579143668,18.0,12.0,6.0,0.0,0.6666666666666666,0.44888888888888884,0.8844444444444444,GBP_NZD,H4,28,30,1,short,57
20.0,11.0,8.0,1.0,0.5789473684210527,0.3569401957423196,0.8009545410997857,9.0,5.0,4.0,0.0,0.5555555555555556,0.23091161215558614,0.8801994989555251,GBP_NZD,H4,28,30,2,short,29
7.0,4.0,3.0,0.0,0.5714285714285714,0.2048225158321042,0.9380346270250386,3.0,3.0,0.0,0.0,1.0,1.0,1.0,GBP_NZD,H4,28,30,3,short,10
4.0,3.0,1.0,0.0,0.75,0.3256475521456251,1.0,2.0,1.0,1.0,0.0,0.5,0.0,1.0,GBP_NZD,H4,28,30,4,short,6
167.0,77.0,86.0,4.0,0.4723926380368098,0.3957502103186487,0.549035065754971,72.0,32.0,35.0,5.0,0.47761194029850745,0.3580059644827897,0.5972179161142251,GBP_NZD,H4,28,35,1,short,239
81.0,38.0,41.0,2.0,0.4810126582278481,0.37083357330257427,0.591191743153122,36.0,14.0,19.0,3.0,0.42424242424242425,0.25561586447288487,0.5928689840119636,GBP_NZD,H4,28,35,2,short,117
35.0,17.0,18.0,0.0,0.4857142857142857,0.3201316779319464,0.651296893496625,15.0,5.0,7.0,3.0,0.4166666666666667,0.13772189581554434,0.6956114375177891,GBP_NZD,H4,28,35,3,short,50
19.0,9.0,10.0,0.0,0.47368421052631576,0.2491684025975332,0.6982000184550983,9.0,2.0,5.0,2.0,0.2857142857142857,0.0,0.6203782963279159,GBP_NZD,H4,28,35,4,short,28
153.0,81.0,53.0,19.0,0.6044776119402985,0.5216873382973906,0.6872678855832064,66.0,34.0,28.0,4.0,0.5483870967741935,0.4245111430070425,0.6722630505413445,CHF_JPY,H4,7,20,1,long,219
74.0,40.0,25.0,9.0,0.6153846153846154,0.49711150003974136,0.7336577307294895,33.0,20.0,11.0,2.0,0.6451612903225806,0.476729187382965,0.8135933932621963,CHF_JPY,H4,7,20,2,long,107
43.0,22.0,16.0,5.0,0.5789473684210527,0.42196459114786766,0.7359301456942376,19.0,9.0,9.0,1.0,0.5,0.2690117848123945,0.7309882151876055,CHF_JPY,H4,7,20,3,long,62
19.0,9.0,8.0,2.0,0.5294117647058824,0.29213842808518775,0.766685101326577,9.0,5.0,3.0,1.0,0.625,0.28951993352808575,0.9604800664719142,CHF_JPY,H4,7,20,4,long,28
312.0,161.0,111.0,40.0,0.5919117647058824,0.5335031181739202,0.6503204112378446,134.0,73.0,54.0,7.0,0.5748031496062992,0.4888209007420568,0.6607853984705415,CHF_JPY,H4,7,25,1,long,446
154.0,81.0,55.0,18.0,0.5955882352941176,0.5131038840406238,0.6780725865476115,66.0,39.0,22.0,5.0,0.639344262295082,0.5188392912328146,0.7598492333573494,CHF_JPY,H4,7,25,2,long,220
82.0,44.0,28.0,10.0,0.6111111111111112,0.4985048132123052,0.7237174090099171,36.0,13.0,21.0,2.0,0.38235294117647056,0.21900298612291577,0.5457028962300253,CHF_JPY,H4,7,25,3,long,118
37.0,19.0,14.0,4.0,0.5757575757575758,0.40713101598803636,0.7443841355271152,16.0,7.0,8.0,1.0,0.4666666666666667,0.2141946806886107,0.7191386526447227,CHF_JPY,H4,7,25,4,long,53
562.0,272.0,225.0,65.0,0.5472837022132797,0.5035216984313076,0.5910457059952519,242.0,140.0,90.0,12.0,0.6086956521739131,0.5456217660192263,0.6717695383285999,CHF_JPY,H4,7,30,1,long,804
266.0,137.0,101.0,28.0,0.5756302521008403,0.5128371980511944,0.6384233061504861,115.0,72.0,35.0,8.0,0.6728971962616822,0.5840015124061821,0.7617928801171823,CHF_JPY,H4,7,30,2,long,381
137.0,73.0,48.0,16.0,0.6033057851239669,0.516137186384915,0.6904743838630188,59.0,31.0,23.0,5.0,0.5740740740740741,0.44218458175100844,0.7059635663971398,CHF_JPY,H4,7,30,3,long,196
67.0,35.0,24.0,8.0,0.5932203389830508,0.4678722558606608,0.7185684221054409,29.0,16.0,9.0,4.0,0.64,0.45184,0.82816,CHF_JPY,H4,7,30,4,long,96
844.0,374.0,371.0,99.0,0.5020134228187919,0.46610929195687584,0.537917553680708,363.0,209.0,138.0,16.0,0.6023054755043228,0.5508093510839162,0.6538015999247294,CHF_JPY,H4,7,35,1,long,1207
406.0,195.0,168.0,43.0,0.5371900826446281,0.48589590395968596,0.5884842613295702,174.0,104.0,56.0,14.0,0.65,0.5760927946679081,0.723907205332092,CHF_JPY,H4,7,35,2,long,580
210.0,103.0,82.0,25.0,0.5567567567567567,0.48517142907268207,0.6283420844408314,91.0,46.0,36.0,9.0,0.5609756097560976,0.45356047960408047,0.6683907399081148,CHF_JPY,H4,7,35,3,long,301
110.0,51.0,46.0,13.0,0.5257731958762887,0.42640155210075525,0.6251448396518221,48.0,25.0,17.0,6.0,0.5952380952380952,0.4467893261726798,0.7436868643035106,CHF_JPY,H4,7,35,4,long,158
251.0,99.0,134.0,18.0,0.4248927038626609,0.36141924188593105,0.4883661658393908,108.0,42.0,49.0,17.0,0.46153846153846156,0.3591109390650735,0.5639659840118496,CHF_JPY,H4,7,20,1,short,359
118.0,50.0,60.0,8.0,0.45454545454545453,0.36149303481640876,0.5475978742745002,51.0,15.0,27.0,9.0,0.35714285714285715,0.21222908968096277,0.5020566246047515,CHF_JPY,H4,7,20,2,short,169
55.0,27.0,25.0,3.0,0.5192307692307693,0.3834297772537627,0.6550317612077758,24.0,8.0,15.0,1.0,0.34782608695652173,0.15317584838060608,0.5424763255324374,CHF_JPY,H4,7,20,3,short,79
25.0,11.0,13.0,1.0,0.4583333333333333,0.2589874702005656,0.6576791964661011,11.0,3.0,7.0,1.0,0.3,0.015969015774687012,0.584030984225313,CHF_JPY,H4,7,20,4,short,36
452.0,174.0,236.0,42.0,0.424390243902439,0.37654806927841333,0.4722324185264647,195.0,82.0,92.0,21.0,0.47126436781609193,0.39709355492245924,0.5454351807097246,CHF_JPY,H4,7,25,1,short,647
214.0,89.0,107.0,18.0,0.45408163265306123,0.3843774472020587,0.5237858181040638,92.0,37.0,45.0,10.0,0.45121951219512196,0.3435128886166702,0.5589261357735738,CHF_JPY,H4,7,25,2,short,306
94.0,43.0,43.0,8.0,0.5,0.39432388226063037,0.6056761177393697,41.0,17.0,22.0,2.0,0.4358974358974359,0.28026684660014406,0.5915280251947277,CHF_JPY,H4,7,25,3,short,135
42.0,19.0,19.0,4.0,0.5,0.3410230072918527,0.6589769927081472,18.0,6.0,11.0,1.0,0.35294117647058826,0.12576925204214065,0.5801131008990359,CHF_JPY,H4,7,25,4,short,60
699.0,269.0,369.0,61.0,0.4216300940438871,0.38331107556263616,0.4599491125251381,300.0,125.0,149.0,26.0,0.4562043795620438,0.39722796479541544,0.5151807943286721,CHF_JPY,H4,7,30,1,short,999
333.0,137.0,169.0,27.0,0.4477124183006536,0.39199672134774455,0.5034281152535627,144.0,57.0,73.0,14.0,0.43846153846153846,0.35316333174425013,0.5237597451788268,CHF_JPY,H4,7,30,2,short,477
149.0,69.0,67.0,13.0,0.5073529411764706,0.42332772170259586,0.5913781606503452,65.0,24.0,35.0,6.0,0.4067796610169492,0.28143157789455914,0.5321277441393393,CHF_JPY,H4,7,30,3,short,214
62.0,28.0,28.0,6.0,0.5,0.36904199146291206,0.6309580085370879,28.0,8.0,18.0,2.0,0.3076923076923077,0.13028263467499662,0.4851019807096188,CHF_JPY,H4,7,30,4,short,90
1014.0,386.0,531.0,97.0,0.42093784078516905,0.3889825347797158,0.4528931467906223,436.0,168.0,228.0,40.0,0.42424242424242425,0.3755641294046922,0.4729207190801563,CHF_JPY,H4,7,35,1,short,1450
487.0,202.0,242.0,43.0,0.45495495495495497,0.408635335375364,0.5012745745345459,209.0,84.0,109.0,16.0,0.43523316062176165,0.3652855313065646,0.5051807899369587,CHF_JPY,H4,7,35,2,short,696
226.0,101.0,103.0,22.0,0.4950980392156863,0.4264876126460325,0.5637084657853401,97.0,38.0,53.0,6.0,0.4175824175824176,0.3162557602389857,0.5189090749258495,CHF_JPY,H4,7,35,3,short,323
101.0,40.0,52.0,9.0,0.43478260869565216,0.3334834128377885,0.5360818045535158,44.0,15.0,26.0,3.0,0.36585365853658536,0.21841458617183335,0.5132927309013373,CHF_JPY,H4,7,35,4,short,145
12.0,9.0,3.0,0.0,0.75,0.505,0.995,6.0,4.0,2.0,0.0,0.6666666666666666,0.28946449079611114,1.0,CHF_JPY,H4,14,20,1,long,18
8.0,4.0,4.0,0.0,0.5,0.15351767721859172,0.8464823227814082,4.0,4.0,0.0,0.0,1.0,1.0,1.0,CHF_JPY,H4,14,20,2,long,12
6.0,3.0,2.0,1.0,0.6,0.17058551491594975,1.0,3.0,2.0,1.0,0.0,0.6666666666666666,0.13322223379388565,1.0,CHF_JPY,H4,14,20,3,long,9
4.0,2.0,2.0,0.0,0.5,0.010000000000000009,0.99,2.0,1.0,1.0,0.0,0.5,0.0,1.0,CHF_JPY,H4,14,20,4,long,6
53.0,31.0,19.0,3.0,0.62,0.4854577419544328,0.7545422580455672,24.0,14.0,10.0,0.0,0.5833333333333334,0.3860895942879771,0.7805770723786896,CHF_JPY,H4,14,25,1,long,77
28.0,19.0,7.0,2.0,0.7307692307692307,0.5602702175215458,0.9012682440169156,12.0,7.0,5.0,0.0,0.5833333333333334,0.30438856248221097,0.8622781041844558,CHF_JPY,H4,14,25,2,long,40
18.0,9.0,7.0,2.0,0.5625,0.31942159829594075,0.8055784017040593,8.0,4.0,4.0,0.0,0.5,0.15351767721859172,0.8464823227814082,CHF_JPY,H4,14,25,3,long,26
9.0,3.0,5.0,1.0,0.375,0.03951993352808575,0.7104800664719142,4.0,3.0,1.0,0.0,0.75,0.3256475521456251,1.0,CHF_JPY,H4,14,25,4,long,13
166.0,91.0,57.0,18.0,0.6148648648648649,0.536463861228859,0.6932658685008708,72.0,38.0,34.0,0.0,0.5277777777777778,0.41246203956855504,0.6430935159870006,CHF_JPY,H4,14,30,1,long,238
82.0,49.0,25.0,8.0,0.6621621621621622,0.5543974592185675,0.7699268651057568,36.0,19.0,15.0,2.0,0.5588235294117647,0.39192207324182393,0.7257249855817055,CHF_JPY,H4,14,30,2,long,118
45.0,25.0,15.0,5.0,0.625,0.47496875325453036,0.7750312467454696,20.0,6.0,12.0,2.0,0.3333333333333333,0.11555555555555552,0.5511111111111111,CHF_JPY,H4,14,30,3,long,65
21.0,9.0,10.0,2.0,0.47368421052631576,0.2491684025975332,0.6982000184550983,9.0,4.0,4.0,1.0,0.5,0.15351767721859172,0.8464823227814082,CHF_JPY,H4,14,30,4,long,30
395.0,197.0,158.0,40.0,0.5549295774647888,0.5032314041289963,0.6066277508005813,170.0,100.0,63.0,7.0,0.6134969325153374,0.538741124593443,0.6882527404372318,CHF_JPY,H4,14,35,1,long,565
192.0,100.0,72.0,20.0,0.5813953488372093,0.507667824832998,0.6551228728414207,83.0,52.0,26.0,5.0,0.6666666666666666,0.5620496061806763,0.7712837271526569,CHF_JPY,H4,14,35,2,long,275
101.0,54.0,36.0,11.0,0.6,0.4987860352191128,0.7012139647808872,44.0,20.0,21.0,3.0,0.4878048780487805,0.33480012175345375,0.6408096343441072,CHF_JPY,H4,14,35,3,long,145
46.0,23.0,19.0,4.0,0.5476190476190477,0.3970891195008849,0.6981489757372105,21.0,10.0,9.0,2.0,0.5263157894736842,0.3017999815449016,0.7508315974024667,CHF_JPY,H4,14,35,4,long,67
42.0,12.0,28.0,2.0,0.3,0.1579845078873435,0.44201549211265645,18.0,8.0,6.0,4.0,0.5714285714285714,0.31219894349225696,0.8306581993648858,CHF_JPY,H4,14,20,1,short,60
19.0,8.0,11.0,0.0,0.42105263157894735,0.19904545890021433,0.6430598042576804,9.0,3.0,3.0,3.0,0.5,0.09991667534541426,0.9000833246545857,CHF_JPY,H4,14,20,2,short,28
6.0,3.0,3.0,0.0,0.5,0.09991667534541426,0.9000833246545857,3.0,1.0,1.0,1.0,0.5,0.0,1.0,CHF_JPY,H4,14,20,3,short,9
2.0,1.0,1.0,0.0,0.5,0.0,1.0,2.0,0.0,1.0,1.0,0.0,0.0,0.0,CHF_JPY,H4,14,20,4,short,4
132.0,53.0,72.0,7.0,0.424,0.3373646299298029,0.5106353700701971,57.0,27.0,22.0,8.0,0.5510204081632653,0.4117511783695059,0.6902896379570246,CHF_JPY,H4,14,25,1,short,189
60.0,27.0,31.0,2.0,0.46551724137931033,0.3371433192881881,0.5938911634704326,26.0,10.0,9.0,7.0,0.5263157894736842,0.3017999815449016,0.7508315974024667,CHF_JPY,H4,14,25,2,short,86
28.0,14.0,14.0,0.0,0.5,0.31479740822547864,0.6852025917745214,13.0,5.0,7.0,1.0,0.4166666666666667,0.13772189581554434,0.6956114375177891,CHF_JPY,H4,14,25,3,short,41
14.0,8.0,6.0,0.0,0.5714285714285714,0.31219894349225696,0.8306581993648858,7.0,2.0,4.0,1.0,0.3333333333333333,0.0,0.7105355092038887,CHF_JPY,H4,14,25,4,short,21
291.0,107.0,161.0,23.0,0.39925373134328357,0.3406184913339977,0.45788897135256945,126.0,52.0,58.0,16.0,0.4727272727272727,0.37942704318598597,0.5660275022685595,CHF_JPY,H4,14,30,1,short,417
137.0,61.0,67.0,9.0,0.4765625,0.39003713584961097,0.563087864150389,59.0,20.0,30.0,9.0,0.4,0.2642072166866001,0.5357927833134,CHF_JPY,H4,14,30,2,short,196
61.0,28.0,28.0,5.0,0.5,0.36904199146291206,0.6309580085370879,27.0,9.0,16.0,2.0,0.36,0.17184,0.54816,CHF_JPY,H4,14,30,3,short,88
29.0,11.0,15.0,3.0,0.4230769230769231,0.23317121377589872,0.6129826323779475,13.0,4.0,8.0,1.0,0.3333333333333333,0.06661111689694282,0.6000555497697238,CHF_JPY,H4,14,30,4,short,42
569.0,207.0,310.0,52.0,0.40038684719535783,0.3581505072833109,0.4426231871074048,245.0,99.0,118.0,28.0,0.45622119815668205,0.3899499620032972,0.522492434310067,CHF_JPY,H4,14,35,1,short,814
275.0,108.0,143.0,24.0,0.4302788844621514,0.3690261635055761,0.4915316054187267,118.0,44.0,60.0,14.0,0.4230769230769231,0.3281240684264109,0.5180297777274352,CHF_JPY,H4,14,35,2,short,393
128.0,56.0,59.0,13.0,0.48695652173913045,0.3956021510690884,0.5783108924091726,56.0,20.0,31.0,5.0,0.39215686274509803,0.25815937626582186,0.5261543492243742,CHF_JPY,H4,14,35,3,short,184
53.0,21.0,26.0,6.0,0.44680851063829785,0.30467201432718494,0.5889450069494108,23.0,8.0,14.0,1.0,0.36363636363636365,0.16262016242857788,0.5646525648441494,CHF_JPY,H4,14,35,4,short,76
0.0,0.0,0.0,0.0,,,,1.0,1.0,0.0,0.0,1.0,1.0,1.0,CHF_JPY,H4,21,20,1,long,1
0.0,0.0,0.0,0.0,,,,1.0,1.0,0.0,0.0,1.0,1.0,1.0,CHF_JPY,H4,21,20,2,long,1
0.0,0.0,0.0,0.0,,,,1.0,0.0,0.0,1.0,,,,CHF_JPY,H4,21,20,3,long,1
0.0,0.0,0.0,0.0,,,,1.0,0.0,1.0,0.0,0.0,0.0,0.0,CHF_JPY,H4,21,20,4,long,1
9.0,7.0,2.0,0.0,0.7777777777777778,0.5061611674786324,1.0,4.0,2.0,2.0,0.0,0.5,0.010000000000000009,0.99,CHF_JPY,H4,21,25,1,long,13
5.0,3.0,2.0,0.0,0.6,0.17058551491594975,1.0,3.0,3.0,0.0,0.0,1.0,1.0,1.0,CHF_JPY,H4,21,25,2,long,8
4.0,2.0,1.0,1.0,0.6666666666666666,0.13322223379388565,1.0,2.0,2.0,0.0,0.0,1.0,1.0,1.0,CHF_JPY,H4,21,25,3,long,6
2.0,1.0,1.0,0.0,0.5,0.0,1.0,1.0,1.0,0.0,0.0,1.0,1.0,1.0,CHF_JPY,H4,21,25,4,long,3
60.0,36.0,19.0,5.0,0.6545454545454545,0.5288730027551228,0.7802179063357862,26.0,13.0,13.0,0.0,0.5,0.30780618756457967,0.6921938124354203,CHF_JPY,H4,21,30,1,long,86
29.0,23.0,5.0,1.0,0.8214285714285714,0.6795659618374603,0.9632911810196825,13.0,6.0,7.0,0.0,0.46153846153846156,0.19054070966539732,0.7325362134115259,CHF_JPY,H4,21,30,2,long,42
20.0,12.0,6.0,2.0,0.6666666666666666,0.44888888888888884,0.8844444444444444,9.0,5.0,4.0,0.0,0.5555555555555556,0.23091161215558614,0.8801994989555251,CHF_JPY,H4,21,30,3,long,29
10.0,5.0,4.0,1.0,0.5555555555555556,0.23091161215558614,0.8801994989555251,5.0,4.0,1.0,0.0,0.8,0.44938454112803305,1.0,CHF_JPY,H4,21,30,4,long,15
193.0,103.0,71.0,19.0,0.5919540229885057,0.5189276071832829,0.6649804387937286,83.0,50.0,33.0,0.0,0.6024096385542169,0.4971211467059715,0.7076981304024623,CHF_JPY,H4,21,35,1,long,276
95.0,56.0,30.0,9.0,0.6511627906976745,0.55043181622204,0.751893765173309,42.0,26.0,14.0,2.0,0.65,0.5021855893358161,0.7978144106641839,CHF_JPY,H4,21,35,2,long,137
54.0,31.0,18.0,5.0,0.6326530612244898,0.4976700690985731,0.7676360533504065,24.0,9.0,13.0,2.0,0.4090909090909091,0.20363672932088425,0.614545088860934,CHF_JPY,H4,21,35,3,long,78
24.0,11.0,11.0,2.0,0.5,0.29106329797150177,0.7089367020284982,11.0,5.0,5.0,1.0,0.5,0.19009678930349883,0.8099032106965012,CHF_JPY,H4,21,35,4,long,35
9.0,1.0,8.0,0.0,0.1111111111111111,0.0,0.31643396905564936,5.0,3.0,2.0,0.0,0.6,0.17058551491594975,1.0,CHF_JPY,H4,21,20,1,short,14
2.0,0.0,2.0,0.0,0.0,0.0,0.0,1.0,1.0,0.0,0.0,1.0,1.0,1.0,CHF_JPY,H4,21,20,2,short,3
0.0,0.0,0.0,0.0,,,,1.0,0.0,1.0,0.0,0.0,0.0,0.0,CHF_JPY,H4,21,20,3,short,1
,,,,,,,,,,,,,,CHF_JPY,H4,21,20,4,short,0
48.0,14.0,32.0,2.0,0.30434782608695654,0.1713763986689767,0.4373192535049364,21.0,11.0,6.0,4.0,0.6470588235294118,0.41988689910096416,0.8742307479578595,CHF_JPY,H4,21,25,1,short,69
22.0,9.0,13.0,0.0,0.4090909090909091,0.20363672932088425,0.614545088860934,10.0,3.0,3.0,4.0,0.5,0.09991667534541426,0.9000833246545857,CHF_JPY,H4,21,25,2,short,32
9.0,5.0,4.0,0.0,0.5555555555555556,0.23091161215558614,0.8801994989555251,4.0,1.0,2.0,1.0,0.3333333333333333,0.0,0.8667777662061142,CHF_JPY,H4,21,25,3,short,13
3.0,2.0,1.0,0.0,0.6666666666666666,0.13322223379388565,1.0,2.0,0.0,1.0,1.0,0.0,0.0,0.0,CHF_JPY,H4,21,25,4,short,5
146.0,57.0,81.0,8.0,0.41304347826086957,0.33089162236798153,0.4951953341537576,63.0,27.0,29.0,7.0,0.48214285714285715,0.35126839439324353,0.6130173198924708,CHF_JPY,H4,21,30,1,short,209
67.0,31.0,33.0,3.0,0.484375,0.36193482906339774,0.6068151709366022,29.0,10.0,13.0,6.0,0.43478260869565216,0.23218421697992483,0.6373810004113795,CHF_JPY,H4,21,30,2,short,96
32.0,16.0,15.0,1.0,0.5161290322580645,0.3402074382535619,0.6920506262625671,14.0,5.0,8.0,1.0,0.38461538461538464,0.12014865879357278,0.6490821104371964,CHF_JPY,H4,21,30,3,short,46
16.0,8.0,8.0,0.0,0.5,0.255,0.745,7.0,1.0,5.0,1.0,0.16666666666666666,0.0,0.4648711701972571,CHF_JPY,H4,21,30,4,short,23
359.0,140.0,186.0,33.0,0.4294478527607362,0.3757137302438304,0.483181975277642,155.0,71.0,65.0,19.0,0.5220588235294118,0.43810633743378463,0.606011309625039,CHF_JPY,H4,21,35,1,short,514
170.0,72.0,83.0,15.0,0.4645161290322581,0.3859991071731266,0.5430331508913896,74.0,28.0,36.0,10.0,0.4375,0.3159607991479704,0.5590392008520296,CHF_JPY,H4,21,35,2,short,244
83.0,36.0,39.0,8.0,0.48,0.3669299120014493,0.5930700879985507,36.0,12.0,20.0,4.0,0.375,0.20725996676404287,0.5427400332359571,CHF_JPY,H4,21,35,3,short,119
37.0,13.0,20.0,4.0,0.3939393939393939,0.22722548461529885,0.5606533032634891,16.0,6.0,9.0,1.0,0.4,0.15207743144279912,0.647922568557201,CHF_JPY,H4,21,35,4,short,53
,,,,,,,,,,,,,,CHF_JPY,H4,28,20,1,long,0
,,,,,,,,,,,,,,CHF_JPY,H4,28,20,2,long,0
,,,,,,,,,,,,,,CHF_JPY,H4,28,20,3,long,0
,,,,,,,,,,,,,,CHF_JPY,H4,28,20,4,long,0
2.0,2.0,0.0,0.0,1.0,1.0,1.0,1.0,1.0,0.0,0.0,1.0,1.0,1.0,CHF_JPY,H4,28,25,1,long,3
0.0,0.0,0.0,0.0,,,,1.0,1.0,0.0,0.0,1.0,1.0,1.0,CHF_JPY,H4,28,25,2,long,1
0.0,0.0,0.0,0.0,,,,1.0,0.0,0.0,1.0,,,,CHF_JPY,H4,28,25,3,long,1
0.0,0.0,0.0,0.0,,,,1.0,0.0,1.0,0.0,0.0,0.0,0.0,CHF_JPY,H4,28,25,4,long,1
18.0,13.0,5.0,0.0,0.7222222222222222,0.5153014969264527,0.9291429475179918,8.0,6.0,2.0,0.0,0.75,0.4499375065090607,1.0,CHF_JPY,H4,28,30,1,long,26
11.0,7.0,4.0,0.0,0.6363636363636364,0.3520837983588668,0.920643474368406,6.0,5.0,1.0,0.0,0.8333333333333334,0.535128829802743,1.0,CHF_JPY,H4,28,30,2,long,17
8.0,5.0,2.0,1.0,0.7142857142857143,0.3796217036720841,1.0,4.0,3.0,1.0,0.0,0.75,0.3256475521456251,1.0,CHF_JPY,H4,28,30,3,long,12
4.0,2.0,2.0,0.0,0.5,0.010000000000000009,0.99,3.0,3.0,0.0,0.0,1.0,1.0,1.0,CHF_JPY,H4,28,30,4,long,7
100.0,54.0,36.0,10.0,0.6,0.4987860352191128,0.7012139647808872,44.0,28.0,16.0,0.0,0.6363636363636364,0.4942237173612516,0.7785035553660211,CHF_JPY,H4,28,35,1,long,144
49.0,29.0,16.0,4.0,0.6444444444444445,0.504583553336694,0.784305335552195,22.0,14.0,8.0,0.0,0.6363636363636364,0.4353474351558506,0.8373798375714221,CHF_JPY,H4,28,35,2,long,71
28.0,15.0,11.0,2.0,0.5769230769230769,0.3870173676220525,0.7668287862241012,13.0,5.0,8.0,0.0,0.38461538461538464,0.12014865879357278,0.6490821104371964,CHF_JPY,H4,28,35,3,long,41
14.0,5.0,8.0,1.0,0.38461538461538464,0.12014865879357278,0.6490821104371964,6.0,4.0,2.0,0.0,0.6666666666666666,0.28946449079611114,1.0,CHF_JPY,H4,28,35,4,long,20
0.0,0.0,0.0,0.0,,,,1.0,0.0,1.0,0.0,0.0,0.0,0.0,CHF_JPY,H4,28,20,1,short,1
,,,,,,,,,,,,,,CHF_JPY,H4,28,20,2,short,0
,,,,,,,,,,,,,,CHF_JPY,H4,28,20,3,short,0
,,,,,,,,,,,,,,CHF_JPY,H4,28,20,4,short,0
18.0,1.0,17.0,0.0,0.05555555555555555,0.0,0.16137653438793323,8.0,6.0,1.0,1.0,0.8571428571428571,0.5979132292065427,1.0,CHF_JPY,H4,28,25,1,short,26
6.0,1.0,5.0,0.0,0.16666666666666666,0.0,0.4648711701972571,3.0,1.0,1.0,1.0,0.5,0.0,1.0,CHF_JPY,H4,28,25,2,short,9
2.0,0.0,2.0,0.0,0.0,0.0,0.0,1.0,0.0,1.0,0.0,0.0,0.0,0.0,CHF_JPY,H4,28,25,3,short,3
0.0,0.0,0.0,0.0,,,,1.0,0.0,1.0,0.0,0.0,0.0,0.0,CHF_JPY,H4,28,25,4,short,1
79.0,25.0,49.0,5.0,0.33783783783783783,0.2300731348942432,0.44560254078143247,34.0,18.0,11.0,5.0,0.6206896551724138,0.4440892605730019,0.7972900497718257,CHF_JPY,H4,28,30,1,short,113
40.0,16.0,22.0,2.0,0.42105263157894735,0.26406985430576235,0.5780354088521323,18.0,6.0,6.0,6.0,0.5,0.21709836809708338,0.7829016319029166,CHF_JPY,H4,28,30,2,short,58
18.0,9.0,9.0,0.0,0.5,0.2690117848123945,0.7309882151876055,8.0,4.0,3.0,1.0,0.5714285714285714,0.2048225158321042,0.9380346270250386,CHF_JPY,H4,28,30,3,short,26
8.0,4.0,4.0,0.0,0.5,0.15351767721859172,0.8464823227814082,4.0,1.0,2.0,1.0,0.3333333333333333,0.0,0.8667777662061142,CHF_JPY,H4,28,30,4,short,12
245.0,93.0,131.0,21.0,0.41517857142857145,0.3506486455946996,0.4797084972624433,106.0,50.0,42.0,14.0,0.5434782608695652,0.4416932147621966,0.6452633069769338,CHF_JPY,H4,28,35,1,short,351
115.0,52.0,55.0,8.0,0.48598130841121495,0.39127837718809627,0.5806842396343336,50.0,19.0,23.0,8.0,0.4523809523809524,0.3018510242627896,0.6029108804991152,CHF_JPY,H4,28,35,2,short,165
55.0,25.0,26.0,4.0,0.49019607843137253,0.3529950124804886,0.6273971443822565,24.0,7.0,15.0,2.0,0.3181818181818182,0.12354871828290975,0.5128149180807267,CHF_JPY,H4,28,35,3,short,79
27.0,11.0,15.0,1.0,0.4230769230769231,0.23317121377589872,0.6129826323779475,12.0,2.0,9.0,1.0,0.18181818181818182,0.0,0.40974912948563447,CHF_JPY,H4,28,35,4,short,39
184.0,73.0,111.0,0.0,0.3967391304347826,0.3260500623449065,0.46742819852465867,79.0,36.0,43.0,0.0,0.45569620253164556,0.34587127822992586,0.5655211268333653,NZD_JPY,H4,7,20,1,long,263
92.0,41.0,50.0,1.0,0.45054945054945056,0.3483212036003655,0.5527776974985356,40.0,22.0,18.0,0.0,0.55,0.3958250993189878,0.7041749006810123,NZD_JPY,H4,7,20,2,long,132
43.0,25.0,18.0,0.0,0.5813953488372093,0.4339403008287866,0.7288503968456321,19.0,12.0,7.0,0.0,0.631578947368421,0.41467607015701474,0.8484818245798273,NZD_JPY,H4,7,20,3,long,62
18.0,9.0,9.0,0.0,0.5,0.2690117848123945,0.7309882151876055,8.0,5.0,3.0,0.0,0.625,0.28951993352808575,0.9604800664719142,NZD_JPY,H4,7,20,4,long,26
370.0,149.0,219.0,2.0,0.4048913043478261,0.35473800193962135,0.45504460675603087,159.0,79.0,80.0,0.0,0.4968553459119497,0.41913782763083046,0.574572864193069,NZD_JPY,H4,7,25,1,long,529
189.0,81.0,107.0,1.0,0.4308510638297872,0.3600640330710031,0.5016380945885713,81.0,46.0,35.0,0.0,0.5679012345679012,0.4600210996170968,0.6757813695187056,NZD_JPY,H4,7,25,2,long,270
86.0,42.0,44.0,0.0,0.4883720930232558,0.3827245557084087,0.5940196303381029,38.0,23.0,15.0,0.0,0.6052631578947368,0.4498491272494405,0.7606771885400332,NZD_JPY,H4,7,25,3,long,124
42.0,19.0,23.0,0.0,0.4523809523809524,0.3018510242627896,0.6029108804991152,18.0,11.0,7.0,0.0,0.6111111111111112,0.38589851531349934,0.836323706908723,NZD_JPY,H4,7,25,4,long,60
609.0,251.0,355.0,3.0,0.4141914191419142,0.3749722695534463,0.4534105687303821,262.0,140.0,122.0,0.0,0.5343511450381679,0.47394959724940566,0.5947526928269302,NZD_JPY,H4,7,30,1,long,871
312.0,135.0,174.0,3.0,0.4368932038834951,0.38158878152183534,0.4921976262451549,134.0,74.0,60.0,0.0,0.5522388059701493,0.46804301933687853,0.6364345926034201,NZD_JPY,H4,7,30,2,long,446
153.0,73.0,80.0,0.0,0.477124183006536,0.3979788430852059,0.556269522927866,66.0,39.0,27.0,0.0,0.5909090909090909,0.4722900649127333,0.7095281169054486,NZD_JPY,H4,7,30,3,long,219
72.0,38.0,34.0,0.0,0.5277777777777778,0.41246203956855504,0.6430935159870006,32.0,18.0,14.0,0.0,0.5625,0.3906176137950721,0.7343823862049279,NZD_JPY,H4,7,30,4,long,104
889.0,382.0,500.0,7.0,0.4331065759637188,0.40040491005818984,0.4658082418692478,382.0,201.0,181.0,0.0,0.5261780104712042,0.4761056179374945,0.5762504030049138,NZD_JPY,H4,7,35,1,long,1271
460.0,213.0,243.0,4.0,0.46710526315789475,0.42131198375257495,0.5128985425632145,198.0,106.0,91.0,1.0,0.5380710659898477,0.4684516523932444,0.607690479586451,NZD_JPY,H4,7,35,2,long,658
217.0,108.0,109.0,0.0,0.4976958525345622,0.4311698240682868,0.5642218810008376,93.0,53.0,40.0,0.0,0.5698924731182796,0.4692689361358777,0.6705160101006815,NZD_JPY,H4,7,35,3,long,310
111.0,61.0,50.0,0.0,0.5495495495495496,0.45698993809975214,0.642109160999347,48.0,28.0,20.0,0.0,0.5833333333333334,0.4438609479077722,0.7228057187588945,NZD_JPY,H4,7,35,4,long,159
228.0,103.0,123.0,2.0,0.4557522123893805,0.39081934510838545,0.5206850796703756,98.0,49.0,49.0,0.0,0.5,0.40100505063388336,0.5989949493661166,NZD_JPY,H4,7,20,1,short,326
107.0,48.0,57.0,2.0,0.45714285714285713,0.36185662169058064,0.5524290925951336,47.0,18.0,28.0,1.0,0.391304347826087,0.2502668507791245,0.5323418448730495,NZD_JPY,H4,7,20,2,short,154
50.0,27.0,23.0,0.0,0.54,0.40185128013622423,0.6781487198637759,22.0,9.0,13.0,0.0,0.4090909090909091,0.20363672932088425,0.614545088860934,NZD_JPY,H4,7,20,3,short,72
20.0,8.0,12.0,0.0,0.4,0.1852927574579749,0.6147072425420251,9.0,2.0,6.0,1.0,0.25,0.0,0.5500624934909393,NZD_JPY,H4,7,20,4,short,29
420.0,194.0,223.0,3.0,0.46522781774580335,0.417353203746619,0.5131024317449877,180.0,91.0,86.0,3.0,0.5141242937853108,0.4404923791324039,0.5877562084382176,NZD_JPY,H4,7,25,1,short,600
200.0,97.0,100.0,3.0,0.49238578680203043,0.42257177433037424,0.5621997992736866,86.0,39.0,45.0,2.0,0.4642857142857143,0.3576320692472066,0.570939359324222,NZD_JPY,H4,7,25,2,short,286
96.0,46.0,48.0,2.0,0.48936170212765956,0.3883053015525159,0.5904181027028033,42.0,22.0,19.0,1.0,0.5365853658536586,0.38394534131975266,0.6892253903875645,NZD_JPY,H4,7,25,3,short,138
40.0,19.0,21.0,0.0,0.475,0.3202422053659332,0.6297577946340668,18.0,7.0,10.0,1.0,0.4117647058823529,0.17781004090730612,0.6457193708573997,NZD_JPY,H4,7,25,4,short,58
676.0,293.0,380.0,3.0,0.43536404160475484,0.3979047911115356,0.4728232920979741,290.0,140.0,145.0,5.0,0.49122807017543857,0.4331868143898092,0.5492693259610679,NZD_JPY,H4,7,30,1,short,966
316.0,147.0,166.0,3.0,0.4696485623003195,0.41435783834865936,0.5249392862519796,136.0,62.0,72.0,2.0,0.4626865671641791,0.37826353103086346,0.5471096032974947,NZD_JPY,H4,7,30,2,short,452
154.0,64.0,87.0,3.0,0.423841059602649,0.34502036391514923,0.5026617552901488,67.0,32.0,33.0,2.0,0.49230769230769234,0.37076803835503674,0.613847346260348,NZD_JPY,H4,7,30,3,short,221
69.0,30.0,38.0,1.0,0.4411764705882353,0.32315931914056084,0.5591936220359097,30.0,9.0,20.0,1.0,0.3103448275862069,0.14196295808965828,0.4787266970827555,NZD_JPY,H4,7,30,4,short,99
965.0,425.0,536.0,4.0,0.4422476586888658,0.4108463426605187,0.47364897471721285,415.0,199.0,210.0,6.0,0.48655256723716384,0.43811221472848516,0.5349929197458425,NZD_JPY,H4,7,35,1,short,1380
463.0,210.0,249.0,4.0,0.45751633986928103,0.4119392739004092,0.5030934058381529,199.0,90.0,107.0,2.0,0.45685279187817257,0.3872911417543618,0.5264144420019834,NZD_JPY,H4,7,35,2,short,662
236.0,103.0,128.0,5.0,0.4458874458874459,0.38178690433054724,0.5099879874443446,102.0,42.0,58.0,2.0,0.42,0.3232625325946559,0.516737467405344,NZD_JPY,H4,7,35,3,short,338
105.0,46.0,56.0,3.0,0.45098039215686275,0.354413391387967,0.5475473929257585,45.0,13.0,31.0,1.0,0.29545454545454547,0.16064222634972763,0.4302668645593633,NZD_JPY,H4,7,35,4,short,150
27.0,13.0,14.0,0.0,0.48148148148148145,0.29300979396482363,0.6699531689981393,12.0,5.0,7.0,0.0,0.4166666666666667,0.13772189581554434,0.6956114375177891,NZD_JPY,H4,14,20,1,long,39
14.0,9.0,5.0,0.0,0.6428571428571429,0.39185913489692026,0.8938551508173656,6.0,5.0,1.0,0.0,0.8333333333333334,0.535128829802743,1.0,NZD_JPY,H4,14,20,2,long,20
8.0,6.0,2.0,0.0,0.75,0.4499375065090607,1.0,4.0,3.0,1.0,0.0,0.75,0.3256475521456251,1.0,NZD_JPY,H4,14,20,3,long,12
2.0,0.0,2.0,0.0,0.0,0.0,0.0,1.0,0.0,1.0,0.0,0.0,0.0,0.0,NZD_JPY,H4,14,20,4,long,3
83.0,37.0,46.0,0.0,0.4457831325301205,0.33884841891678497,0.552717846143456,36.0,19.0,17.0,0.0,0.5277777777777778,0.3646966968472296,0.690858858708326,NZD_JPY,H4,14,25,1,long,119
43.0,20.0,22.0,1.0,0.47619047619047616,0.32514473869744126,0.627236213683511,19.0,12.0,7.0,0.0,0.631578947368421,0.41467607015701474,0.8484818245798273,NZD_JPY,H4,14,25,2,long,62
24.0,15.0,9.0,0.0,0.625,0.43131049331468674,0.8186895066853133,11.0,5.0,6.0,0.0,0.45454545454545453,0.1602878664116818,0.7488030426792273,NZD_JPY,H4,14,25,3,long,35
9.0,4.0,5.0,0.0,0.4444444444444444,0.11980050104447498,0.7690883878444139,5.0,2.0,3.0,0.0,0.4,0.0,0.8294144850840502,NZD_JPY,H4,14,25,4,long,14
219.0,88.0,131.0,0.0,0.4018264840182648,0.3368932725127914,0.46675969552373825,95.0,45.0,50.0,0.0,0.47368421052631576,0.37327768881590695,0.5740907322367246,NZD_JPY,H4,14,30,1,long,314
117.0,47.0,69.0,1.0,0.4051724137931034,0.31583311039270895,0.4945117171934979,51.0,28.0,23.0,0.0,0.5490196078431373,0.4124532456780719,0.6855859700082028,NZD_JPY,H4,14,30,2,long,168
53.0,27.0,26.0,0.0,0.5094339622641509,0.37484457280827393,0.644023351720028,23.0,14.0,9.0,0.0,0.6086956521739131,0.4092385110469433,0.8081527933008829,NZD_JPY,H4,14,30,3,long,76
23.0,12.0,11.0,0.0,0.5217391304347826,0.3175882379179313,0.7258900229516339,11.0,5.0,6.0,0.0,0.45454545454545453,0.1602878664116818,0.7488030426792273,NZD_JPY,H4,14,30,4,long,34
477.0,192.0,283.0,2.0,0.40421052631578946,0.3600779288478724,0.44834312378370655,205.0,103.0,102.0,0.0,0.5024390243902439,0.4339936697602823,0.5708843790202055,NZD_JPY,H4,14,35,1,long,682
244.0,106.0,137.0,1.0,0.43621399176954734,0.3738606294515383,0.49856735408755637,106.0,59.0,47.0,0.0,0.5566037735849056,0.4620296755097272,0.6511778716600841,NZD_JPY,H4,14,35,2,long,350
110.0,57.0,53.0,0.0,0.5181818181818182,0.4248042829436651,0.6115593534199713,48.0,28.0,20.0,0.0,0.5833333333333334,0.4438609479077722,0.7228057187588945,NZD_JPY,H4,14,35,3,long,158
51.0,24.0,27.0,0.0,0.47058823529411764,0.33359841052463896,0.6075780600635963,23.0,15.0,8.0,0.0,0.6521739130434783,0.4575236744675626,0.846824151619394,NZD_JPY,H4,14,35,4,long,74
35.0,17.0,18.0,0.0,0.4857142857142857,0.3201316779319464,0.651296893496625,15.0,8.0,7.0,0.0,0.5333333333333333,0.28086134735527735,0.7858053193113893,NZD_JPY,H4,14,20,1,short,50
23.0,10.0,13.0,0.0,0.43478260869565216,0.23218421697992483,0.6373810004113795,11.0,6.0,5.0,0.0,0.5454545454545454,0.2511969573207727,0.8397121335883182,NZD_JPY,H4,14,20,2,short,34
9.0,4.0,5.0,0.0,0.4444444444444444,0.11980050104447498,0.7690883878444139,5.0,2.0,3.0,0.0,0.4,0.0,0.8294144850840502,NZD_JPY,H4,14,20,3,short,14
3.0,2.0,1.0,0.0,0.6666666666666666,0.13322223379388565,1.0,2.0,0.0,2.0,0.0,0.0,0.0,0.0,NZD_JPY,H4,14,20,4,short,5
101.0,43.0,57.0,1.0,0.43,0.33296515265122534,0.5270348473487747,44.0,20.0,24.0,0.0,0.45454545454545453,0.3074166604785682,0.6016742486123409,NZD_JPY,H4,14,25,1,short,145
58.0,22.0,35.0,1.0,0.38596491228070173,0.25958176960687573,0.5123480549545277,26.0,7.0,19.0,0.0,0.2692307692307692,0.09873175598308431,0.4397297824784541,NZD_JPY,H4,14,25,2,short,84
23.0,10.0,13.0,0.0,0.43478260869565216,0.23218421697992483,0.6373810004113795,11.0,3.0,8.0,0.0,0.2727272727272727,0.009535284742372196,0.5359192607121732,NZD_JPY,H4,14,25,3,short,34
7.0,3.0,4.0,0.0,0.42857142857142855,0.06196537297496135,0.7951774841678958,4.0,1.0,3.0,0.0,0.25,0.0,0.674352447854375,NZD_JPY,H4,14,25,4,short,11
263.0,116.0,145.0,2.0,0.4444444444444444,0.3841595775876554,0.5047293113012334,114.0,60.0,54.0,0.0,0.5263157894736842,0.4346575947046457,0.6179739842427227,NZD_JPY,H4,14,30,1,short,377
131.0,57.0,72.0,2.0,0.4418604651162791,0.35616157805179194,0.5275593521807662,57.0,25.0,31.0,1.0,0.44642857142857145,0.3162244048285736,0.5766327380285693,NZD_JPY,H4,14,30,2,short,188
62.0,28.0,33.0,1.0,0.45901639344262296,0.3339624750067829,0.584070311878463,27.0,11.0,16.0,0.0,0.4074074074074074,0.22206843148618047,0.5927463833286343,NZD_JPY,H4,14,30,3,short,89
25.0,10.0,15.0,0.0,0.4,0.20796000416579888,0.5920399958342012,12.0,2.0,9.0,1.0,0.18181818181818182,0.0,0.40974912948563447,NZD_JPY,H4,14,30,4,short,37
530.0,240.0,288.0,2.0,0.45454545454545453,0.4120730301154236,0.49701787897548544,228.0,118.0,106.0,4.0,0.5267857142857143,0.4614007365576459,0.5921706920137827,NZD_JPY,H4,14,35,1,short,758
251.0,118.0,129.0,4.0,0.4777327935222672,0.4154387531104553,0.5400268339340791,109.0,51.0,56.0,2.0,0.4766355140186916,0.38199883179369337,0.5712721962436897,NZD_JPY,H4,14,35,2,short,360
126.0,58.0,65.0,3.0,0.4715447154471545,0.38332430392546335,0.5597651269688456,55.0,24.0,30.0,1.0,0.4444444444444444,0.31190910954195983,0.576979779346929,NZD_JPY,H4,14,35,3,short,181
56.0,24.0,32.0,0.0,0.42857142857142855,0.2989566146032714,0.5581862425395857,25.0,5.0,19.0,1.0,0.20833333333333334,0.04585292140851313,0.3708137452581536,NZD_JPY,H4,14,35,4,short,81
9.0,5.0,4.0,0.0,0.5555555555555556,0.23091161215558614,0.8801994989555251,4.0,2.0,2.0,0.0,0.5,0.010000000000000009,0.99,NZD_JPY,H4,21,20,1,long,13
5.0,3.0,2.0,0.0,0.6,0.17058551491594975,1.0,3.0,2.0,1.0,0.0,0.6666666666666666,0.13322223379388565,1.0,NZD_JPY,H4,21,20,2,long,8
2.0,2.0,0.0,0.0,1.0,1.0,1.0,2.0,1.0,1.0,0.0,0.5,0.0,1.0,NZD_JPY,H4,21,20,3,long,4
0.0,0.0,0.0,0.0,,,,1.0,0.0,1.0,0.0,0.0,0.0,0.0,NZD_JPY,H4,21,20,4,long,1
24.0,11.0,13.0,0.0,0.4583333333333333,0.2589874702005656,0.6576791964661011,11.0,3.0,8.0,0.0,0.2727272727272727,0.009535284742372196,0.5359192607121732,NZD_JPY,H4,21,25,1,long,35
14.0,6.0,8.0,0.0,0.42857142857142855,0.16934180063511417,0.6878010565077429,6.0,4.0,2.0,0.0,0.6666666666666666,0.28946449079611114,1.0,NZD_JPY,H4,21,25,2,long,20
6.0,4.0,2.0,0.0,0.6666666666666666,0.28946449079611114,1.0,3.0,2.0,1.0,0.0,0.6666666666666666,0.13322223379388565,1.0,NZD_JPY,H4,21,25,3,long,9
2.0,0.0,2.0,0.0,0.0,0.0,0.0,1.0,0.0,1.0,0.0,0.0,0.0,0.0,NZD_JPY,H4,21,25,4,long,3
91.0,40.0,51.0,0.0,0.43956043956043955,0.33758183461267866,0.5415390445082005,40.0,20.0,20.0,0.0,0.5,0.3450483946517494,0.6549516053482506,NZD_JPY,H4,21,30,1,long,131
47.0,22.0,25.0,0.0,0.46808510638297873,0.3254289136532616,0.6107412991126959,21.0,13.0,8.0,0.0,0.6190476190476191,0.4113441266823227,0.8267511114129155,NZD_JPY,H4,21,30,2,long,68
24.0,15.0,9.0,0.0,0.625,0.43131049331468674,0.8186895066853133,11.0,6.0,5.0,0.0,0.5454545454545454,0.2511969573207727,0.8397121335883182,NZD_JPY,H4,21,30,3,long,35
10.0,5.0,5.0,0.0,0.5,0.19009678930349883,0.8099032106965012,5.0,2.0,3.0,0.0,0.4,0.0,0.8294144850840502,NZD_JPY,H4,21,30,4,long,15
271.0,121.0,150.0,0.0,0.44649446494464945,0.38730554029590797,0.505683389593391,117.0,53.0,64.0,0.0,0.452991452991453,0.3627917306793702,0.5431911753035358,NZD_JPY,H4,21,35,1,long,388
142.0,63.0,78.0,1.0,0.44680851063829785,0.3647459662314066,0.5288710550451892,62.0,32.0,30.0,0.0,0.5161290322580645,0.39173368018033405,0.640524384335795,NZD_JPY,H4,21,35,2,long,204
67.0,37.0,30.0,0.0,0.5522388059701493,0.4331679826187065,0.6713096293215921,29.0,14.0,15.0,0.0,0.4827586206896552,0.3008854149362746,0.6646318264430358,NZD_JPY,H4,21,35,3,long,96
30.0,15.0,15.0,0.0,0.5,0.32107729788164574,0.6789227021183543,13.0,7.0,6.0,0.0,0.5384615384615384,0.2674637865884742,0.8094592903346027,NZD_JPY,H4,21,35,4,long,43
9.0,5.0,4.0,0.0,0.5555555555555556,0.23091161215558614,0.8801994989555251,4.0,3.0,1.0,0.0,0.75,0.3256475521456251,1.0,NZD_JPY,H4,21,20,1,short,13
6.0,2.0,4.0,0.0,0.3333333333333333,0.0,0.7105355092038887,3.0,3.0,0.0,0.0,1.0,1.0,1.0,NZD_JPY,H4,21,20,2,short,9
2.0,0.0,2.0,0.0,0.0,0.0,0.0,1.0,1.0,0.0,0.0,1.0,1.0,1.0,NZD_JPY,H4,21,20,3,short,3
,,,,,,,,,,,,,,NZD_JPY,H4,21,20,4,short,0
28.0,16.0,12.0,0.0,0.5714285714285714,0.3881255436303378,0.754731599226805,13.0,7.0,6.0,0.0,0.5384615384615384,0.2674637865884742,0.8094592903346027,NZD_JPY,H4,21,25,1,short,41
19.0,8.0,11.0,0.0,0.42105263157894735,0.19904545890021433,0.6430598042576804,9.0,6.0,3.0,0.0,0.6666666666666666,0.3586823797498592,0.974650953583474,NZD_JPY,H4,21,25,2,short,28
7.0,4.0,3.0,0.0,0.5714285714285714,0.2048225158321042,0.9380346270250386,4.0,1.0,3.0,0.0,0.25,0.0,0.674352447854375,NZD_JPY,H4,21,25,3,short,11
3.0,2.0,1.0,0.0,0.6666666666666666,0.13322223379388565,1.0,2.0,0.0,2.0,0.0,0.0,0.0,0.0,NZD_JPY,H4,21,25,4,short,5
109.0,50.0,58.0,1.0,0.46296296296296297,0.36892148691330207,0.5570044390126239,47.0,27.0,20.0,0.0,0.574468085106383,0.433114715946712,0.715821454266054,NZD_JPY,H4,21,30,1,short,156
65.0,26.0,38.0,1.0,0.40625,0.2859225861516275,0.5265774138483725,29.0,13.0,16.0,0.0,0.4482758620689655,0.26727079113275964,0.6292809330051714,NZD_JPY,H4,21,30,2,short,94
27.0,14.0,13.0,0.0,0.5185185185185185,0.3300468310018606,0.7069902060351764,12.0,6.0,6.0,0.0,0.5,0.21709836809708338,0.7829016319029166,NZD_JPY,H4,21,30,3,short,39
8.0,4.0,4.0,0.0,0.5,0.15351767721859172,0.8464823227814082,4.0,1.0,3.0,0.0,0.25,0.0,0.674352447854375,NZD_JPY,H4,21,30,4,short,12
302.0,138.0,162.0,2.0,0.46,0.4036010212858424,0.5163989787141576,130.0,69.0,61.0,0.0,0.5307692307692308,0.4449804480055993,0.6165580135328622,NZD_JPY,H4,21,35,1,short,432
156.0,74.0,80.0,2.0,0.4805194805194805,0.40160879005315475,0.5594301709858063,67.0,30.0,36.0,1.0,0.45454545454545453,0.3344152972338223,0.5746756118570867,NZD_JPY,H4,21,35,2,short,223
76.0,37.0,38.0,1.0,0.49333333333333335,0.3801827397439508,0.6064839269227159,33.0,14.0,19.0,0.0,0.42424242424242425,0.25561586447288487,0.5928689840119636,NZD_JPY,H4,21,35,3,short,109
35.0,16.0,19.0,0.0,0.45714285714285713,0.2921022560775435,0.6221834582081708,15.0,2.0,12.0,1.0,0.14285714285714285,0.0,0.32616017065537645,NZD_JPY,H4,21,35,4,short,50
4.0,3.0,1.0,0.0,0.75,0.3256475521456251,1.0,2.0,1.0,1.0,0.0,0.5,0.0,1.0,NZD_JPY,H4,28,20,1,long,6
3.0,1.0,2.0,0.0,0.3333333333333333,0.0,0.8667777662061142,2.0,2.0,0.0,0.0,1.0,1.0,1.0,NZD_JPY,H4,28,20,2,long,5
1.0,1.0,0.0,0.0,1.0,1.0,1.0,1.0,0.0,1.0,0.0,0.0,0.0,0.0,NZD_JPY,H4,28,20,3,long,2
,,,,,,,,,,,,,,NZD_JPY,H4,28,20,4,long,0
14.0,8.0,6.0,0.0,0.5714285714285714,0.31219894349225696,0.8306581993648858,7.0,3.0,4.0,0.0,0.42857142857142855,0.06196537297496135,0.7951774841678958,NZD_JPY,H4,28,25,1,long,21
9.0,5.0,4.0,0.0,0.5555555555555556,0.23091161215558614,0.8801994989555251,4.0,2.0,2.0,0.0,0.5,0.010000000000000009,0.99,NZD_JPY,H4,28,25,2,long,13
5.0,3.0,2.0,0.0,0.6,0.17058551491594975,1.0,3.0,2.0,1.0,0.0,0.6666666666666666,0.13322223379388565,1.0,NZD_JPY,H4,28,25,3,long,8
1.0,0.0,1.0,0.0,0.0,0.0,0.0,1.0,0.0,1.0,0.0,0.0,0.0,0.0,NZD_JPY,H4,28,25,4,long,2
51.0,24.0,27.0,0.0,0.47058823529411764,0.33359841052463896,0.6075780600635963,22.0,7.0,15.0,0.0,0.3181818181818182,0.12354871828290975,0.5128149180807267,NZD_JPY,H4,28,30,1,long,73
27.0,11.0,16.0,0.0,0.4074074074074074,0.22206843148618047,0.5927463833286343,12.0,7.0,5.0,0.0,0.5833333333333334,0.30438856248221097,0.8622781041844558,NZD_JPY,H4,28,30,2,long,39
12.0,6.0,6.0,0.0,0.5,0.21709836809708338,0.7829016319029166,6.0,3.0,3.0,0.0,0.5,0.09991667534541426,0.9000833246545857,NZD_JPY,H4,28,30,3,long,18
4.0,1.0,3.0,0.0,0.25,0.0,0.674352447854375,2.0,0.0,2.0,0.0,0.0,0.0,0.0,NZD_JPY,H4,28,30,4,long,6
165.0,76.0,89.0,0.0,0.46060606060606063,0.38455032791762156,0.5366617932944997,71.0,33.0,38.0,0.0,0.4647887323943662,0.3487728849982566,0.5808045797904757,NZD_JPY,H4,28,35,1,long,236
88.0,43.0,45.0,0.0,0.48863636363636365,0.3841949965696173,0.59307773070311,39.0,20.0,19.0,0.0,0.5128205128205128,0.3559465168950686,0.6696945087459569,NZD_JPY,H4,28,35,2,long,127
44.0,26.0,18.0,0.0,0.5909090909090909,0.4456310471705863,0.7361871346475956,19.0,9.0,10.0,0.0,0.47368421052631576,0.2491684025975332,0.6982000184550983,NZD_JPY,H4,28,35,3,long,63
23.0,11.0,12.0,0.0,0.4782608695652174,0.2741099770483661,0.6824117620820687,11.0,6.0,5.0,0.0,0.5454545454545454,0.2511969573207727,0.8397121335883182,NZD_JPY,H4,28,35,4,long,34
0.0,0.0,0.0,0.0,,,,1.0,0.0,1.0,0.0,0.0,0.0,0.0,NZD_JPY,H4,28,20,1,short,1
0.0,0.0,0.0,0.0,,,,1.0,0.0,1.0,0.0,0.0,0.0,0.0,NZD_JPY,H4,28,20,2,short,1
0.0,0.0,0.0,0.0,,,,1.0,0.0,1.0,0.0,0.0,0.0,0.0,NZD_JPY,H4,28,20,3,short,1
,,,,,,,,,,,,,,NZD_JPY,H4,28,20,4,short,0
15.0,9.0,6.0,0.0,0.6,0.35207743144279907,0.8479225685572009,7.0,4.0,3.0,0.0,0.5714285714285714,0.2048225158321042,0.9380346270250386,NZD_JPY,H4,28,25,1,short,22
10.0,5.0,5.0,0.0,0.5,0.19009678930349883,0.8099032106965012,5.0,3.0,2.0,0.0,0.6,0.17058551491594975,1.0,NZD_JPY,H4,28,25,2,short,15
5.0,3.0,2.0,0.0,0.6,0.17058551491594975,1.0,3.0,1.0,2.0,0.0,0.3333333333333333,0.0,0.8667777662061142,NZD_JPY,H4,28,25,3,short,8
2.0,1.0,1.0,0.0,0.5,0.0,1.0,1.0,0.0,1.0,0.0,0.0,0.0,0.0,NZD_JPY,H4,28,25,4,short,3
43.0,28.0,15.0,0.0,0.6511627906976745,0.5087076804431742,0.7936179009521748,19.0,10.0,9.0,0.0,0.5263157894736842,0.3017999815449016,0.7508315974024667,NZD_JPY,H4,28,30,1,short,62
25.0,14.0,11.0,0.0,0.56,0.36541631723086343,0.7545836827691367,11.0,6.0,5.0,0.0,0.5454545454545454,0.2511969573207727,0.8397121335883182,NZD_JPY,H4,28,30,2,short,36
9.0,6.0,3.0,0.0,0.6666666666666666,0.3586823797498592,0.974650953583474,5.0,2.0,3.0,0.0,0.4,0.0,0.8294144850840502,NZD_JPY,H4,28,30,3,short,14
4.0,3.0,1.0,0.0,0.75,0.3256475521456251,1.0,2.0,0.0,2.0,0.0,0.0,0.0,0.0,NZD_JPY,H4,28,30,4,short,6
174.0,79.0,93.0,2.0,0.45930232558139533,0.38482596928879526,0.5337786818739954,75.0,37.0,38.0,0.0,0.49333333333333335,0.3801827397439508,0.6064839269227159,NZD_JPY,H4,28,35,1,short,249
93.0,42.0,49.0,2.0,0.46153846153846156,0.3591109390650735,0.5639659840118496,41.0,16.0,25.0,0.0,0.3902439024390244,0.2409265496089425,0.5395612552691063,NZD_JPY,H4,28,35,2,short,134
42.0,22.0,20.0,0.0,0.5238095238095238,0.37276378631648893,0.6748552613025587,19.0,6.0,13.0,0.0,0.3157894736842105,0.1067766313149944,0.5248023160534266,NZD_JPY,H4,28,35,3,short,61
16.0,7.0,9.0,0.0,0.4375,0.19442159829594075,0.6805784017040593,7.0,2.0,5.0,0.0,0.2857142857142857,0.0,0.6203782963279159,NZD_JPY,H4,28,35,4,short,23
184.0,87.0,97.0,0.0,0.47282608695652173,0.40068630417589,0.5449658697371534,79.0,36.0,43.0,0.0,0.45569620253164556,0.34587127822992586,0.5655211268333653,AUD_JPY,H4,7,20,1,long,263
91.0,41.0,50.0,0.0,0.45054945054945056,0.3483212036003655,0.5527776974985356,40.0,21.0,19.0,0.0,0.525,0.3702422053659332,0.6797577946340668,AUD_JPY,H4,7,20,2,long,131
44.0,17.0,27.0,0.0,0.38636363636363635,0.24248927814032473,0.530237994586948,20.0,11.0,9.0,0.0,0.55,0.3319637644793876,0.7680362355206125,AUD_JPY,H4,7,20,3,long,64
18.0,7.0,11.0,0.0,0.3888888888888889,0.16367629309127704,0.6141014846865007,9.0,5.0,4.0,0.0,0.5555555555555556,0.23091161215558614,0.8801994989555251,AUD_JPY,H4,7,20,4,long,27
334.0,158.0,175.0,1.0,0.4744744744744745,0.42084083245902465,0.5281081164899243,144.0,69.0,75.0,0.0,0.4791666666666667,0.3975709219991933,0.5607624113341401,AUD_JPY,H4,7,25,1,long,478
177.0,79.0,97.0,1.0,0.44886363636363635,0.3753807033651853,0.5223465693620875,76.0,41.0,35.0,0.0,0.5394736842105263,0.4274108419121192,0.6515365265089335,AUD_JPY,H4,7,25,2,long,253
88.0,36.0,52.0,0.0,0.4090909090909091,0.30636381920589667,0.5118179989759215,39.0,21.0,18.0,0.0,0.5384615384615384,0.3820009134678414,0.6949221634552355,AUD_JPY,H4,7,25,3,long,127
42.0,17.0,25.0,0.0,0.40476190476190477,0.25631313569648934,0.5532106738273201,19.0,12.0,7.0,0.0,0.631578947368421,0.41467607015701474,0.8484818245798273,AUD_JPY,H4,7,25,4,long,61
547.0,265.0,278.0,4.0,0.4880294659300184,0.44598569493461265,0.5300732369254241,235.0,125.0,110.0,0.0,0.5319148936170213,0.4681171047460295,0.595712682488013,AUD_JPY,H4,7,30,1,long,782
283.0,134.0,147.0,2.0,0.47686832740213525,0.4184690251754988,0.5352676296287717,122.0,69.0,52.0,1.0,0.5702479338842975,0.48204069391895116,0.6584551738496438,AUD_JPY,H4,7,30,2,long,405
134.0,61.0,72.0,1.0,0.45864661654135336,0.37396097622349267,0.543332256859214,58.0,34.0,24.0,0.0,0.5862068965517241,0.4594536299826929,0.7129601631207553,AUD_JPY,H4,7,30,3,long,192
67.0,30.0,37.0,0.0,0.44776119402985076,0.32869037067840795,0.5668320173812936,30.0,17.0,13.0,0.0,0.5666666666666667,0.389341520656837,0.7439918126764963,AUD_JPY,H4,7,30,4,long,97
814.0,392.0,414.0,8.0,0.48635235732009924,0.4518461908864651,0.5208585237537333,349.0,194.0,155.0,0.0,0.5558739255014327,0.5037442951991904,0.6080035558036749,AUD_JPY,H4,7,35,1,long,1163
421.0,197.0,218.0,6.0,0.4746987951807229,0.4266541172775116,0.5227434730839342,181.0,102.0,78.0,1.0,0.5666666666666667,0.4942739789518988,0.6390593543814345,AUD_JPY,H4,7,35,2,long,602
210.0,105.0,103.0,2.0,0.5048076923076923,0.4368600595582266,0.572755325057158,90.0,53.0,36.0,1.0,0.5955056179775281,0.4935384760286696,0.6974727599263866,AUD_JPY,H4,7,35,3,long,300
107.0,52.0,54.0,1.0,0.49056603773584906,0.3953969677758412,0.5857351076958569,46.0,24.0,21.0,1.0,0.5333333333333333,0.3875685642660633,0.6790981024006033,AUD_JPY,H4,7,35,4,long,153
237.0,106.0,128.0,3.0,0.452991452991453,0.38921061768343573,0.5167722882994703,103.0,57.0,45.0,1.0,0.5588235294117647,0.46246292876390893,0.6551841300596205,AUD_JPY,H4,7,20,1,short,340
126.0,56.0,68.0,2.0,0.45161290322580644,0.36401937629110276,0.5392064301605102,55.0,27.0,27.0,1.0,0.5,0.36663889178180475,0.6333611082181952,AUD_JPY,H4,7,20,2,short,181
56.0,27.0,28.0,1.0,0.4909090909090909,0.3587877615184891,0.6230304202996927,25.0,10.0,14.0,1.0,0.4166666666666667,0.21942292762131047,0.6139104057120229,AUD_JPY,H4,7,20,3,short,81
22.0,12.0,9.0,1.0,0.5714285714285714,0.35976846654340416,0.7830886763137386,10.0,2.0,8.0,0.0,0.2,0.0,0.447922568557201,AUD_JPY,H4,7,20,4,short,32
417.0,182.0,231.0,4.0,0.4406779661016949,0.39279592249694917,0.48856000970644065,180.0,90.0,87.0,3.0,0.5084745762711864,0.43482384676818253,0.5821253057741903,AUD_JPY,H4,7,25,1,short,597
212.0,95.0,114.0,3.0,0.45454545454545453,0.38703813401676357,0.5220527750741455,91.0,42.0,48.0,1.0,0.4666666666666667,0.36359541000110895,0.5697379233322244,AUD_JPY,H4,7,25,2,short,303
96.0,48.0,46.0,2.0,0.5106382978723404,0.40958189729719674,0.611694698447484,42.0,14.0,27.0,1.0,0.34146341463414637,0.1963103578144807,0.48661647145381204,AUD_JPY,H4,7,25,3,short,138
39.0,20.0,18.0,1.0,0.5263157894736842,0.36755913920366556,0.6850724397437028,18.0,6.0,12.0,0.0,0.3333333333333333,0.11555555555555552,0.5511111111111111,AUD_JPY,H4,7,25,4,short,57
674.0,296.0,371.0,7.0,0.44377811094452774,0.406073008003619,0.48148321388543647,290.0,133.0,152.0,5.0,0.4666666666666667,0.4087456207217528,0.5245877126115805,AUD_JPY,H4,7,30,1,short,964
339.0,150.0,184.0,5.0,0.4491017964071856,0.3957571412298204,0.5024464515845508,146.0,62.0,80.0,4.0,0.43661971830985913,0.35504334512978536,0.5181960914899328,AUD_JPY,H4,7,30,2,short,485
149.0,69.0,75.0,5.0,0.4791666666666667,0.3975709219991933,0.5607624113341401,64.0,21.0,41.0,2.0,0.3387096774193548,0.22090294429097918,0.45651641054773046,AUD_JPY,H4,7,30,3,short,213
62.0,29.0,31.0,2.0,0.48333333333333334,0.35688618436791986,0.6097804822987468,27.0,9.0,18.0,0.0,0.3333333333333333,0.15551852237573965,0.5111481442909269,AUD_JPY,H4,7,30,4,short,89
972.0,454.0,508.0,10.0,0.47193347193347196,0.44038682204855817,0.5034801218183858,418.0,186.0,226.0,6.0,0.45145631067961167,0.4034032628062043,0.49950935855301903,AUD_JPY,H4,7,35,1,short,1390
481.0,219.0,256.0,6.0,0.4610526315789474,0.41622377136033617,0.5058814917975586,207.0,94.0,109.0,4.0,0.4630541871921182,0.394459703701378,0.5316486706828585,AUD_JPY,H4,7,35,2,short,688
207.0,96.0,106.0,5.0,0.4752475247524752,0.4063795096016181,0.5441155399033323,89.0,32.0,55.0,2.0,0.367816091954023,0.26648714569962584,0.46914503820842013,AUD_JPY,H4,7,35,3,short,296
85.0,40.0,43.0,2.0,0.4819277108433735,0.3744290247147818,0.5894263969719652,37.0,11.0,26.0,0.0,0.2972972972972973,0.15001976395988345,0.44457483063471115,AUD_JPY,H4,7,35,4,short,122
28.0,14.0,14.0,0.0,0.5,0.31479740822547864,0.6852025917745214,13.0,4.0,9.0,0.0,0.3076923076923077,0.05679714201505026,0.5585874733695652,AUD_JPY,H4,14,20,1,long,41
11.0,6.0,5.0,0.0,0.5454545454545454,0.2511969573207727,0.8397121335883182,6.0,3.0,3.0,0.0,0.5,0.09991667534541426,0.9000833246545857,AUD_JPY,H4,14,20,2,long,17
5.0,3.0,2.0,0.0,0.6,0.17058551491594975,1.0,3.0,2.0,1.0,0.0,0.6666666666666666,0.13322223379388565,1.0,AUD_JPY,H4,14,20,3,long,8
2.0,1.0,1.0,0.0,0.5,0.0,1.0,2.0,1.0,1.0,0.0,0.5,0.0,1.0,AUD_JPY,H4,14,20,4,long,4
99.0,50.0,49.0,0.0,0.5050505050505051,0.4065618239596305,0.6035391861413797,43.0,21.0,22.0,0.0,0.4883720930232558,0.33896391292128136,0.6377802731252302,AUD_JPY,H4,14,25,1,long,142
51.0,23.0,28.0,0.0,0.45098039215686275,0.31441402999179735,0.5875467543219282,22.0,13.0,9.0,0.0,0.5909090909090909,0.38545491113906605,0.7963632706791158,AUD_JPY,H4,14,25,2,long,73
24.0,8.0,16.0,0.0,0.3333333333333333,0.14473224539805557,0.521934421268611,11.0,6.0,5.0,0.0,0.5454545454545454,0.2511969573207727,0.8397121335883182,AUD_JPY,H4,14,25,3,long,35
11.0,4.0,7.0,0.0,0.36363636363636365,0.07935652563159407,0.6479162016411333,5.0,3.0,2.0,0.0,0.6,0.17058551491594975,1.0,AUD_JPY,H4,14,25,4,long,16
212.0,105.0,107.0,0.0,0.49528301886792453,0.4279793377348277,0.5625867000010213,91.0,43.0,48.0,0.0,0.4725274725274725,0.3699507474659295,0.5751041975890155,AUD_JPY,H4,14,30,1,long,303
110.0,52.0,58.0,0.0,0.4727272727272727,0.37942704318598597,0.5660275022685595,48.0,26.0,22.0,0.0,0.5416666666666666,0.4007078550440012,0.6826254782893321,AUD_JPY,H4,14,30,2,long,158
53.0,24.0,29.0,0.0,0.4528301886792453,0.3188172018268649,0.5868431755316257,24.0,11.0,13.0,0.0,0.4583333333333333,0.2589874702005656,0.6576791964661011,AUD_JPY,H4,14,30,3,long,77
25.0,11.0,14.0,0.0,0.44,0.24541631723086335,0.6345836827691367,12.0,6.0,6.0,0.0,0.5,0.21709836809708338,0.7829016319029166,AUD_JPY,H4,14,30,4,long,37
410.0,194.0,216.0,0.0,0.47317073170731705,0.4248417074708011,0.521499755943833,176.0,85.0,91.0,0.0,0.48295454545454547,0.40912720416526105,0.5567818867438299,AUD_JPY,H4,14,35,1,long,586
209.0,94.0,114.0,1.0,0.4519230769230769,0.3842871538705724,0.5195589999755814,90.0,50.0,40.0,0.0,0.5555555555555556,0.4528941265832865,0.6582169845278247,AUD_JPY,H4,14,35,2,long,299
100.0,41.0,57.0,2.0,0.41836734693877553,0.3207006918808486,0.5160340019967025,44.0,22.0,22.0,0.0,0.5,0.35225944115689584,0.6477405588431042,AUD_JPY,H4,14,35,3,long,144
46.0,18.0,28.0,0.0,0.391304347826087,0.2502668507791245,0.5323418448730495,20.0,10.0,10.0,0.0,0.5,0.28086533820502063,0.7191346617949794,AUD_JPY,H4,14,35,4,long,66
38.0,17.0,21.0,0.0,0.4473684210526316,0.28927464069347575,0.6054622014117874,17.0,9.0,8.0,0.0,0.5294117647058824,0.29213842808518775,0.766685101326577,AUD_JPY,H4,14,20,1,short,55
25.0,12.0,13.0,0.0,0.48,0.2841568627702262,0.6758431372297737,11.0,5.0,6.0,0.0,0.45454545454545453,0.1602878664116818,0.7488030426792273,AUD_JPY,H4,14,20,2,short,36
9.0,5.0,4.0,0.0,0.5555555555555556,0.23091161215558614,0.8801994989555251,4.0,2.0,2.0,0.0,0.5,0.010000000000000009,0.99,AUD_JPY,H4,14,20,3,short,13
2.0,2.0,0.0,0.0,1.0,1.0,1.0,2.0,2.0,0.0,0.0,1.0,1.0,1.0,AUD_JPY,H4,14,20,4,short,4
112.0,50.0,62.0,0.0,0.44642857142857145,0.35436032228697,0.5384968205701729,48.0,23.0,25.0,0.0,0.4791666666666667,0.3378386912211856,0.6204946421121478,AUD_JPY,H4,14,25,1,short,160
62.0,28.0,34.0,0.0,0.45161290322580644,0.3277369494586555,0.5754888569929574,28.0,11.0,17.0,0.0,0.39285714285714285,0.2119566177058874,0.5737576680083983,AUD_JPY,H4,14,25,2,short,90
26.0,12.0,14.0,0.0,0.46153846153846156,0.26991411350270844,0.6531628095742147,12.0,6.0,6.0,0.0,0.5,0.21709836809708338,0.7829016319029166,AUD_JPY,H4,14,25,3,short,38
8.0,7.0,1.0,0.0,0.875,0.6458234850600961,1.0,4.0,0.0,4.0,0.0,0.0,0.0,0.0,AUD_JPY,H4,14,25,4,short,12
266.0,122.0,140.0,4.0,0.46564885496183206,0.4052473071730698,0.5260504027505943,114.0,59.0,53.0,2.0,0.5267857142857143,0.4343173920072172,0.6192540365642114,AUD_JPY,H4,14,30,1,short,380
144.0,63.0,79.0,2.0,0.44366197183098594,0.361945920012685,0.5253780236492869,63.0,30.0,33.0,0.0,0.47619047619047616,0.35286214796370635,0.599518804417246,AUD_JPY,H4,14,30,2,short,207
67.0,32.0,33.0,2.0,0.49230769230769234,0.37076803835503674,0.613847346260348,29.0,11.0,18.0,0.0,0.3793103448275862,0.20270995022817426,0.5559107394269981,AUD_JPY,H4,14,30,3,short,96
24.0,15.0,8.0,1.0,0.6521739130434783,0.4575236744675626,0.846824151619394,11.0,4.0,7.0,0.0,0.36363636363636365,0.07935652563159407,0.6479162016411333,AUD_JPY,H4,14,30,4,short,35
527.0,235.0,287.0,5.0,0.4501915708812261,0.4075114936764958,0.49287164808595635,227.0,114.0,110.0,3.0,0.5089285714285714,0.4434600078846842,0.5743971349724586,AUD_JPY,H4,14,35,1,short,754
279.0,125.0,151.0,3.0,0.4528985507246377,0.394171805969428,0.5116252954798474,120.0,60.0,58.0,2.0,0.5084745762711864,0.4182712230381332,0.5986779295042396,AUD_JPY,H4,14,35,2,short,399
123.0,62.0,59.0,2.0,0.512396694214876,0.42333317196371634,0.6014602164660356,54.0,21.0,32.0,1.0,0.39622641509433965,0.26454426668743336,0.5279085635012459,AUD_JPY,H4,14,35,3,short,177
53.0,30.0,22.0,1.0,0.5769230769230769,0.4426394620902813,0.7112066917558724,24.0,8.0,16.0,0.0,0.3333333333333333,0.14473224539805557,0.521934421268611,AUD_JPY,H4,14,35,4,short,77
8.0,6.0,2.0,0.0,0.75,0.4499375065090607,1.0,4.0,2.0,2.0,0.0,0.5,0.010000000000000009,0.99,AUD_JPY,H4,21,20,1,long,12
5.0,3.0,2.0,0.0,0.6,0.17058551491594975,1.0,3.0,1.0,2.0,0.0,0.3333333333333333,0.0,0.8667777662061142,AUD_JPY,H4,21,20,2,long,8
2.0,1.0,1.0,0.0,0.5,0.0,1.0,1.0,0.0,1.0,0.0,0.0,0.0,0.0,AUD_JPY,H4,21,20,3,long,3
0.0,0.0,0.0,0.0,,,,1.0,0.0,1.0,0.0,0.0,0.0,0.0,AUD_JPY,H4,21,20,4,long,1
32.0,21.0,11.0,0.0,0.65625,0.49168514410155795,0.820814855898442,15.0,4.0,11.0,0.0,0.26666666666666666,0.0428741701850342,0.4904591631482991,AUD_JPY,H4,21,25,1,long,47
16.0,10.0,6.0,0.0,0.625,0.3877797700447957,0.8622202299552043,8.0,4.0,4.0,0.0,0.5,0.15351767721859172,0.8464823227814082,AUD_JPY,H4,21,25,2,long,24
7.0,2.0,5.0,0.0,0.2857142857142857,0.0,0.6203782963279159,4.0,2.0,2.0,0.0,0.5,0.010000000000000009,0.99,AUD_JPY,H4,21,25,3,long,11
3.0,1.0,2.0,0.0,0.3333333333333333,0.0,0.8667777662061142,2.0,1.0,1.0,0.0,0.5,0.0,1.0,AUD_JPY,H4,21,25,4,long,5
103.0,52.0,51.0,0.0,0.5048543689320388,0.40829665073918514,0.6014120871248926,45.0,18.0,27.0,0.0,0.4,0.2568618383053166,0.5431381616946834,AUD_JPY,H4,21,30,1,long,148
56.0,26.0,30.0,0.0,0.4642857142857143,0.333662209509583,0.5949092190618457,24.0,12.0,12.0,0.0,0.5,0.29995833767270713,0.7000416623272929,AUD_JPY,H4,21,30,2,long,80
23.0,8.0,15.0,0.0,0.34782608695652173,0.15317584838060608,0.5424763255324374,10.0,5.0,5.0,0.0,0.5,0.19009678930349883,0.8099032106965012,AUD_JPY,H4,21,30,3,long,33
11.0,5.0,6.0,0.0,0.45454545454545453,0.1602878664116818,0.7488030426792273,5.0,4.0,1.0,0.0,0.8,0.44938454112803305,1.0,AUD_JPY,H4,21,30,4,long,16
251.0,130.0,121.0,0.0,0.5179282868525896,0.4561110127547196,0.5797455609504596,109.0,50.0,59.0,0.0,0.45871559633027525,0.3651691417306614,0.5522620509298891,AUD_JPY,H4,21,35,1,long,360
131.0,60.0,71.0,0.0,0.4580152671755725,0.37269466196015305,0.543335872390992,57.0,32.0,25.0,0.0,0.5614035087719298,0.4325818813543775,0.6902251361894821,AUD_JPY,H4,21,35,2,long,188
65.0,28.0,36.0,1.0,0.4375,0.3159607991479704,0.5590392008520296,28.0,15.0,13.0,0.0,0.5357142857142857,0.350984753695174,0.7204438177333974,AUD_JPY,H4,21,35,3,long,93
29.0,13.0,16.0,0.0,0.4482758620689655,0.26727079113275964,0.6292809330051714,13.0,7.0,6.0,0.0,0.5384615384615384,0.2674637865884742,0.8094592903346027,AUD_JPY,H4,21,35,4,long,42
7.0,2.0,5.0,0.0,0.2857142857142857,0.0,0.6203782963279159,3.0,2.0,1.0,0.0,0.6666666666666666,0.13322223379388565,1.0,AUD_JPY,H4,21,20,1,short,10
6.0,0.0,6.0,0.0,0.0,0.0,0.0,3.0,3.0,0.0,0.0,1.0,1.0,1.0,AUD_JPY,H4,21,20,2,short,9
1.0,0.0,1.0,0.0,0.0,0.0,0.0,1.0,0.0,1.0,0.0,0.0,0.0,0.0,AUD_JPY,H4,21,20,3,short,2
,,,,,,,,,,,,,,AUD_JPY,H4,21,20,4,short,0
37.0,17.0,20.0,0.0,0.4594594594594595,0.2988789084592695,0.6200400104596495,16.0,11.0,5.0,0.0,0.6875,0.4603789213326953,0.9146210786673047,AUD_JPY,H4,21,25,1,short,53
23.0,10.0,13.0,0.0,0.43478260869565216,0.23218421697992483,0.6373810004113795,11.0,7.0,4.0,0.0,0.6363636363636364,0.3520837983588668,0.920643474368406,AUD_JPY,H4,21,25,2,short,34
9.0,5.0,4.0,0.0,0.5555555555555556,0.23091161215558614,0.8801994989555251,5.0,3.0,2.0,0.0,0.6,0.17058551491594975,1.0,AUD_JPY,H4,21,25,3,short,14
4.0,3.0,1.0,0.0,0.75,0.3256475521456251,1.0,2.0,2.0,0.0,0.0,1.0,1.0,1.0,AUD_JPY,H4,21,25,4,short,6
118.0,54.0,64.0,0.0,0.4576271186440678,0.36773534960020404,0.5475188876879316,52.0,24.0,28.0,0.0,0.46153846153846156,0.32603958560192947,0.5970373374749937,AUD_JPY,H4,21,30,1,short,170
67.0,31.0,36.0,0.0,0.4626865671641791,0.34329436448773026,0.5820787698406279,29.0,12.0,17.0,0.0,0.41379310344827586,0.2345369147912597,0.593049292105292,AUD_JPY,H4,21,30,2,short,96
25.0,12.0,13.0,0.0,0.48,0.2841568627702262,0.6758431372297737,12.0,6.0,6.0,0.0,0.5,0.21709836809708338,0.7829016319029166,AUD_JPY,H4,21,30,3,short,37
8.0,6.0,2.0,0.0,0.75,0.4499375065090607,1.0,4.0,2.0,2.0,0.0,0.5,0.010000000000000009,0.99,AUD_JPY,H4,21,30,4,short,12
309.0,144.0,161.0,4.0,0.4721311475409836,0.4161037440221565,0.5281585510598107,133.0,68.0,63.0,2.0,0.5190839694656488,0.43352336207369885,0.6046445768575989,AUD_JPY,H4,21,35,1,short,442
169.0,75.0,92.0,2.0,0.4491017964071856,0.3736610615752396,0.5245425312391316,73.0,38.0,35.0,0.0,0.5205479452054794,0.40594451897763245,0.6351513714333263,AUD_JPY,H4,21,35,2,short,242
74.0,40.0,32.0,2.0,0.5555555555555556,0.4407765886309255,0.6703345224801857,32.0,11.0,21.0,0.0,0.34375,0.17918514410155795,0.508314855898442,AUD_JPY,H4,21,35,3,short,106
30.0,19.0,10.0,1.0,0.6551724137931034,0.4821764880980003,0.8281683394882066,14.0,6.0,8.0,0.0,0.42857142857142855,0.16934180063511417,0.6878010565077429,AUD_JPY,H4,21,35,4,short,44
3.0,3.0,0.0,0.0,1.0,1.0,1.0,2.0,2.0,0.0,0.0,1.0,1.0,1.0,AUD_JPY,H4,28,20,1,long,5
2.0,1.0,1.0,0.0,0.5,0.0,1.0,2.0,1.0,1.0,0.0,0.5,0.0,1.0,AUD_JPY,H4,28,20,2,long,4
1.0,0.0,1.0,0.0,0.0,0.0,0.0,1.0,0.0,1.0,0.0,0.0,0.0,0.0,AUD_JPY,H4,28,20,3,long,2
0.0,0.0,0.0,0.0,,,,1.0,0.0,1.0,0.0,0.0,0.0,0.0,AUD_JPY,H4,28,20,4,long,1
13.0,10.0,3.0,0.0,0.7692307692307693,0.5401958662133862,0.9982656722481523,6.0,2.0,4.0,0.0,0.3333333333333333,0.0,0.7105355092038887,AUD_JPY,H4,28,25,1,long,19
7.0,4.0,3.0,0.0,0.5714285714285714,0.2048225158321042,0.9380346270250386,4.0,2.0,2.0,0.0,0.5,0.010000000000000009,0.99,AUD_JPY,H4,28,25,2,long,11
2.0,1.0,1.0,0.0,0.5,0.0,1.0,1.0,0.0,1.0,0.0,0.0,0.0,0.0,AUD_JPY,H4,28,25,3,long,3
0.0,0.0,0.0,0.0,,,,1.0,0.0,1.0,0.0,0.0,0.0,0.0,AUD_JPY,H4,28,25,4,long,1
53.0,31.0,22.0,0.0,0.5849056603773585,0.45224735221660195,0.717563968538115,24.0,7.0,17.0,0.0,0.2916666666666667,0.1098169245615328,0.47351640877180057,AUD_JPY,H4,28,30,1,long,77
28.0,15.0,13.0,0.0,0.5357142857142857,0.350984753695174,0.7204438177333974,12.0,7.0,5.0,0.0,0.5833333333333334,0.30438856248221097,0.8622781041844558,AUD_JPY,H4,28,30,2,long,40
13.0,6.0,7.0,0.0,0.46153846153846156,0.19054070966539732,0.7325362134115259,6.0,2.0,4.0,0.0,0.3333333333333333,0.0,0.7105355092038887,AUD_JPY,H4,28,30,3,long,19
6.0,2.0,4.0,0.0,0.3333333333333333,0.0,0.7105355092038887,3.0,3.0,0.0,0.0,1.0,1.0,1.0,AUD_JPY,H4,28,30,4,long,9
172.0,93.0,79.0,0.0,0.5406976744186046,0.46622131812600454,0.6151740307112047,75.0,31.0,44.0,0.0,0.41333333333333333,0.3018855688541505,0.5247810978125161,AUD_JPY,H4,28,35,1,long,247
89.0,44.0,45.0,0.0,0.4943820224719101,0.390508787678015,0.5982552572658052,39.0,17.0,22.0,0.0,0.4358974358974359,0.28026684660014406,0.5915280251947277,AUD_JPY,H4,28,35,2,long,128
43.0,18.0,24.0,1.0,0.42857142857142855,0.27890513310047094,0.5782377240423862,19.0,9.0,10.0,0.0,0.47368421052631576,0.2491684025975332,0.6982000184550983,AUD_JPY,H4,28,35,3,long,62
21.0,9.0,12.0,0.0,0.42857142857142855,0.21691132368626131,0.6402315334565958,10.0,5.0,5.0,0.0,0.5,0.19009678930349883,0.8099032106965012,AUD_JPY,H4,28,35,4,long,31
3.0,1.0,2.0,0.0,0.3333333333333333,0.0,0.8667777662061142,2.0,1.0,1.0,0.0,0.5,0.0,1.0,AUD_JPY,H4,28,20,1,short,5
3.0,0.0,3.0,0.0,0.0,0.0,0.0,2.0,1.0,1.0,0.0,0.5,0.0,1.0,AUD_JPY,H4,28,20,2,short,5
1.0,0.0,1.0,0.0,0.0,0.0,0.0,1.0,0.0,1.0,0.0,0.0,0.0,0.0,AUD_JPY,H4,28,20,3,short,2
,,,,,,,,,,,,,,AUD_JPY,H4,28,20,4,short,0
11.0,4.0,7.0,0.0,0.36363636363636365,0.07935652563159407,0.6479162016411333,5.0,3.0,2.0,0.0,0.6,0.17058551491594975,1.0,AUD_JPY,H4,28,25,1,short,16
7.0,2.0,5.0,0.0,0.2857142857142857,0.0,0.6203782963279159,4.0,3.0,1.0,0.0,0.75,0.3256475521456251,1.0,AUD_JPY,H4,28,25,2,short,11
2.0,1.0,1.0,0.0,0.5,0.0,1.0,1.0,0.0,1.0,0.0,0.0,0.0,0.0,AUD_JPY,H4,28,25,3,short,3
0.0,0.0,0.0,0.0,,,,1.0,1.0,0.0,0.0,1.0,1.0,1.0,AUD_JPY,H4,28,25,4,short,1
60.0,28.0,32.0,0.0,0.4666666666666667,0.3404306736776387,0.5929026596556947,26.0,20.0,6.0,0.0,0.7692307692307693,0.6072786361787745,0.931182902282764,AUD_JPY,H4,28,30,1,short,86
35.0,17.0,18.0,0.0,0.4857142857142857,0.3201316779319464,0.651296893496625,15.0,10.0,5.0,0.0,0.6666666666666666,0.4281030638421943,0.9052302694911389,AUD_JPY,H4,28,30,2,short,50
14.0,8.0,6.0,0.0,0.5714285714285714,0.31219894349225696,0.8306581993648858,6.0,4.0,2.0,0.0,0.6666666666666666,0.28946449079611114,1.0,AUD_JPY,H4,28,30,3,short,20
5.0,4.0,1.0,0.0,0.8,0.44938454112803305,1.0,3.0,2.0,1.0,0.0,0.6666666666666666,0.13322223379388565,1.0,AUD_JPY,H4,28,30,4,short,8
192.0,93.0,96.0,3.0,0.49206349206349204,0.4207879619788749,0.5633390221481092,83.0,44.0,37.0,2.0,0.5432098765432098,0.4347283611424122,0.6516913919440075,AUD_JPY,H4,28,35,1,short,275
110.0,51.0,57.0,2.0,0.4722222222222222,0.3780673162472351,0.5663771281972093,48.0,24.0,24.0,0.0,0.5,0.3585491840485417,0.6414508159514583,AUD_JPY,H4,28,35,2,short,158
46.0,21.0,23.0,2.0,0.4772727272727273,0.32968487189042084,0.6248605826550337,20.0,9.0,11.0,0.0,0.45,0.23196376447938752,0.6680362355206125,AUD_JPY,H4,28,35,3,short,66
18.0,12.0,5.0,1.0,0.7058823529411765,0.48928242167172487,0.9224822842106282,9.0,3.0,6.0,0.0,0.3333333333333333,0.02534904641652591,0.6413176202501407,AUD_JPY,H4,28,35,4,short,27
212.0,56.0,62.0,94.0,0.4745762711864407,0.38447665962455274,0.5646758827483287,91.0,27.0,30.0,34.0,0.47368421052631576,0.3440599483813068,0.6033084726713247,USD_SGD,H4,7,20,1,long,303
108.0,28.0,29.0,51.0,0.49122807017543857,0.3614438767393184,0.6210122636115587,47.0,15.0,16.0,16.0,0.4838709677419355,0.3079493737374329,0.6597925617464381,USD_SGD,H4,7,20,2,long,155
51.0,14.0,11.0,26.0,0.56,0.36541631723086343,0.7545836827691367,22.0,5.0,9.0,8.0,0.35714285714285715,0.1061448491826345,0.6081408651030797,USD_SGD,H4,7,20,3,long,73
23.0,5.0,8.0,10.0,0.38461538461538464,0.12014865879357278,0.6490821104371964,11.0,4.0,3.0,4.0,0.5714285714285714,0.2048225158321042,0.9380346270250386,USD_SGD,H4,7,20,4,long,34
394.0,105.0,117.0,172.0,0.47297297297297297,0.407295839399108,0.538650106546838,169.0,49.0,58.0,62.0,0.45794392523364486,0.3635394806157075,0.5523483698515822,USD_SGD,H4,7,25,1,long,563
191.0,52.0,58.0,81.0,0.4727272727272727,0.37942704318598597,0.5660275022685595,82.0,21.0,31.0,30.0,0.40384615384615385,0.2704812518406534,0.5372110558516543,USD_SGD,H4,7,25,2,long,273
88.0,21.0,27.0,40.0,0.4375,0.2971586193419774,0.5778413806580226,39.0,7.0,17.0,15.0,0.2916666666666667,0.1098169245615328,0.47351640877180057,USD_SGD,H4,7,25,3,long,127
44.0,11.0,13.0,20.0,0.4583333333333333,0.2589874702005656,0.6576791964661011,20.0,3.0,9.0,8.0,0.25,0.0050000000000000044,0.495,USD_SGD,H4,7,25,4,long,64
621.0,176.0,180.0,265.0,0.4943820224719101,0.44244540507496255,0.5463186398688576,267.0,78.0,95.0,94.0,0.4508670520231214,0.37671963602855285,0.5250144680176899,USD_SGD,H4,7,30,1,long,888
293.0,84.0,91.0,118.0,0.48,0.4059782518444748,0.5540217481555252,126.0,32.0,49.0,45.0,0.3950617283950617,0.2885980242756715,0.5015254325144519,USD_SGD,H4,7,30,2,long,419
144.0,37.0,48.0,59.0,0.43529411764705883,0.3298920419677796,0.5406961933263381,62.0,13.0,23.0,26.0,0.3611111111111111,0.20420570244004843,0.5180165197821738,USD_SGD,H4,7,30,3,long,206
74.0,17.0,23.0,34.0,0.425,0.27180151763153787,0.578198482368462,33.0,6.0,11.0,16.0,0.35294117647058826,0.12576925204214065,0.5801131008990359,USD_SGD,H4,7,30,4,long,107
935.0,266.0,284.0,385.0,0.48363636363636364,0.44187140790104346,0.5254013193716838,401.0,130.0,114.0,157.0,0.5327868852459017,0.4701838437132204,0.5953899267785829,USD_SGD,H4,7,35,1,long,1336
448.0,130.0,142.0,176.0,0.47794117647058826,0.41857780425490093,0.5373045486862755,192.0,59.0,57.0,76.0,0.5086206896551724,0.41764349913848897,0.5995978801718558,USD_SGD,H4,7,35,2,long,640
219.0,59.0,75.0,85.0,0.44029850746268656,0.35624506376575743,0.5243519511596156,94.0,21.0,32.0,41.0,0.39622641509433965,0.26454426668743336,0.5279085635012459,USD_SGD,H4,7,35,3,long,313
112.0,29.0,38.0,45.0,0.43283582089552236,0.3141948575152511,0.5514767842757936,49.0,10.0,15.0,24.0,0.4,0.20796000416579888,0.5920399958342012,USD_SGD,H4,7,35,4,long,161
190.0,59.0,70.0,61.0,0.4573643410852713,0.3713944192772512,0.5433342628932915,82.0,24.0,19.0,39.0,0.5581395348837209,0.409704708335922,0.7065743614315199,USD_SGD,H4,7,20,1,short,272
88.0,21.0,37.0,30.0,0.3620689655172414,0.23838181329805236,0.4857561177364304,39.0,9.0,12.0,18.0,0.42857142857142855,0.21691132368626131,0.6402315334565958,USD_SGD,H4,7,20,2,short,127
41.0,8.0,22.0,11.0,0.26666666666666666,0.10842147482583778,0.4249118585074956,18.0,4.0,6.0,8.0,0.4,0.09635810565733854,0.7036418943426614,USD_SGD,H4,7,20,3,short,59
14.0,2.0,7.0,5.0,0.2222222222222222,0.0,0.49383883252136757,7.0,2.0,2.0,3.0,0.5,0.010000000000000009,0.99,USD_SGD,H4,7,20,4,short,21
378.0,141.0,115.0,122.0,0.55078125,0.48984796391898666,0.6117145360810133,162.0,46.0,49.0,67.0,0.4842105263157895,0.3837147939954141,0.5847062586361649,USD_SGD,H4,7,25,1,short,540
176.0,55.0,59.0,62.0,0.4824561403508772,0.39072724893054983,0.5741850317712045,76.0,22.0,25.0,29.0,0.46808510638297873,0.3254289136532616,0.6107412991126959,USD_SGD,H4,7,25,2,short,252
86.0,19.0,33.0,34.0,0.36538461538461536,0.23450113761933572,0.496268093149895,37.0,11.0,13.0,13.0,0.4583333333333333,0.2589874702005656,0.6576791964661011,USD_SGD,H4,7,25,3,short,123
38.0,9.0,11.0,18.0,0.45,0.23196376447938752,0.6680362355206125,17.0,4.0,7.0,6.0,0.36363636363636365,0.07935652563159407,0.6479162016411333,USD_SGD,H4,7,25,4,short,55
630.0,227.0,186.0,217.0,0.549636803874092,0.5016523678715573,0.5976212398766266,270.0,91.0,86.0,93.0,0.5141242937853108,0.4404923791324039,0.5877562084382176,USD_SGD,H4,7,30,1,short,900
310.0,101.0,104.0,105.0,0.4926829268292683,0.4242440873918044,0.5611217662667322,133.0,45.0,43.0,45.0,0.5113636363636364,0.40692226929689,0.6158050034303827,USD_SGD,H4,7,30,2,short,443
152.0,44.0,55.0,53.0,0.4444444444444444,0.3465606125608922,0.5423282763279966,66.0,21.0,23.0,22.0,0.4772727272727273,0.32968487189042084,0.6248605826550337,USD_SGD,H4,7,30,3,short,218
61.0,13.0,24.0,24.0,0.35135135135135137,0.19752498468146648,0.5051777180212362,27.0,8.0,8.0,11.0,0.5,0.255,0.745,USD_SGD,H4,7,30,4,short,88
924.0,312.0,291.0,321.0,0.5174129353233831,0.4775284589596936,0.5572974116870726,397.0,132.0,126.0,139.0,0.5116279069767442,0.4506322728687962,0.5726235410846923,USD_SGD,H4,7,35,1,short,1321
455.0,149.0,151.0,155.0,0.49666666666666665,0.4400875976406403,0.553245735692693,196.0,60.0,64.0,72.0,0.4838709677419355,0.3959101707396842,0.5718317647441867,USD_SGD,H4,7,35,2,short,651
220.0,64.0,73.0,83.0,0.46715328467153283,0.3836070969129896,0.5506994724300761,95.0,29.0,30.0,36.0,0.4915254237288136,0.3639586182150988,0.6190922292425284,USD_SGD,H4,7,35,3,short,315
95.0,24.0,30.0,41.0,0.4444444444444444,0.31190910954195983,0.576979779346929,41.0,12.0,11.0,18.0,0.5217391304347826,0.3175882379179313,0.7258900229516339,USD_SGD,H4,7,35,4,short,136
24.0,10.0,4.0,10.0,0.7142857142857143,0.47764252296172965,0.950928905609699,11.0,3.0,2.0,6.0,0.6,0.17058551491594975,1.0,USD_SGD,H4,14,20,1,long,35
11.0,5.0,3.0,3.0,0.625,0.28951993352808575,0.9604800664719142,5.0,1.0,1.0,3.0,0.5,0.0,1.0,USD_SGD,H4,14,20,2,long,16
5.0,2.0,1.0,2.0,0.6666666666666666,0.13322223379388565,1.0,3.0,1.0,0.0,2.0,1.0,1.0,1.0,USD_SGD,H4,14,20,3,long,8
2.0,0.0,1.0,1.0,0.0,0.0,0.0,2.0,1.0,0.0,1.0,1.0,1.0,1.0,USD_SGD,H4,14,20,4,long,4
100.0,25.0,32.0,43.0,0.43859649122807015,0.3097748638105179,0.5674181186456224,44.0,15.0,13.0,16.0,0.5357142857142857,0.350984753695174,0.7204438177333974,USD_SGD,H4,14,25,1,long,144
54.0,11.0,20.0,23.0,0.3548387096774194,0.18640660673780374,0.523270812617035,24.0,8.0,6.0,10.0,0.5714285714285714,0.31219894349225696,0.8306581993648858,USD_SGD,H4,14,25,2,long,78
26.0,6.0,7.0,13.0,0.46153846153846156,0.19054070966539732,0.7325362134115259,12.0,3.0,3.0,6.0,0.5,0.09991667534541426,0.9000833246545857,USD_SGD,H4,14,25,3,long,38
12.0,2.0,5.0,5.0,0.2857142857142857,0.0,0.6203782963279159,6.0,1.0,2.0,3.0,0.3333333333333333,0.0,0.8667777662061142,USD_SGD,H4,14,25,4,long,18
256.0,66.0,69.0,121.0,0.4888888888888889,0.4045647467285649,0.5732130310492128,111.0,36.0,35.0,40.0,0.5070422535211268,0.39074918745643583,0.6233353195858177,USD_SGD,H4,14,30,1,long,367
126.0,32.0,34.0,60.0,0.48484848484848486,0.36427422192870273,0.605422747768267,55.0,18.0,18.0,19.0,0.5,0.33666666666666667,0.6633333333333333,USD_SGD,H4,14,30,2,long,181
61.0,13.0,14.0,34.0,0.48148148148148145,0.29300979396482363,0.6699531689981393,27.0,6.0,11.0,10.0,0.35294117647058826,0.12576925204214065,0.5801131008990359,USD_SGD,H4,14,30,3,long,88
30.0,5.0,9.0,16.0,0.35714285714285715,0.1061448491826345,0.6081408651030797,13.0,3.0,7.0,3.0,0.3,0.015969015774687012,0.584030984225313,USD_SGD,H4,14,30,4,long,43
521.0,151.0,135.0,235.0,0.527972027972028,0.4701141662024266,0.5858298897416295,224.0,76.0,65.0,83.0,0.5390070921985816,0.45672773752109097,0.6212864468760722,USD_SGD,H4,14,35,1,long,745
253.0,77.0,68.0,108.0,0.5310344827586206,0.4498068331109518,0.6122621324062895,109.0,31.0,35.0,43.0,0.4696969696969697,0.3492890544253833,0.5901048849685562,USD_SGD,H4,14,35,2,long,362
119.0,32.0,38.0,49.0,0.45714285714285713,0.34044152895847013,0.5738441853272441,52.0,11.0,20.0,21.0,0.3548387096774194,0.18640660673780374,0.523270812617035,USD_SGD,H4,14,35,3,long,171
61.0,15.0,19.0,27.0,0.4411764705882353,0.2742750144182945,0.6080779267581761,27.0,4.0,14.0,9.0,0.2222222222222222,0.03016027519679268,0.41428416924765177,USD_SGD,H4,14,35,4,long,88
23.0,3.0,12.0,8.0,0.2,0.0,0.4024279295617743,10.0,3.0,2.0,5.0,0.6,0.17058551491594975,1.0,USD_SGD,H4,14,20,1,short,33
12.0,2.0,7.0,3.0,0.2222222222222222,0.0,0.49383883252136757,6.0,1.0,4.0,1.0,0.2,0.0,0.5506154588719672,USD_SGD,H4,14,20,2,short,18
4.0,0.0,4.0,0.0,0.0,0.0,0.0,2.0,1.0,1.0,0.0,0.5,0.0,1.0,USD_SGD,H4,14,20,3,short,6
0.0,0.0,0.0,0.0,,,,1.0,0.0,1.0,0.0,0.0,0.0,0.0,USD_SGD,H4,14,20,4,short,1
84.0,20.0,37.0,27.0,0.3508771929824561,0.22698051904114863,0.4747738669237636,36.0,11.0,13.0,12.0,0.4583333333333333,0.2589874702005656,0.6576791964661011,USD_SGD,H4,14,25,1,short,120
45.0,10.0,21.0,14.0,0.3225806451612903,0.158021062236292,0.48714022808628865,20.0,6.0,9.0,5.0,0.4,0.15207743144279912,0.647922568557201,USD_SGD,H4,14,25,2,short,65
18.0,3.0,11.0,4.0,0.21428571428571427,0.0,0.42922756688776104,8.0,4.0,3.0,1.0,0.5714285714285714,0.2048225158321042,0.9380346270250386,USD_SGD,H4,14,25,3,short,26
7.0,1.0,4.0,2.0,0.2,0.0,0.5506154588719672,3.0,2.0,1.0,0.0,0.6666666666666666,0.13322223379388565,1.0,USD_SGD,H4,14,25,4,short,10
228.0,81.0,85.0,62.0,0.4879518072289157,0.41191114129422546,0.5639924731636059,98.0,29.0,29.0,40.0,0.5,0.3713196957974719,0.6286803042025281,USD_SGD,H4,14,30,1,short,326
114.0,35.0,46.0,33.0,0.43209876543209874,0.32421863048129435,0.5399789003829032,50.0,12.0,18.0,20.0,0.4,0.2246922705640165,0.5753077294359835,USD_SGD,H4,14,30,2,short,164
49.0,10.0,24.0,15.0,0.29411764705882354,0.14095836685365412,0.44727692726399293,21.0,6.0,8.0,7.0,0.42857142857142855,0.16934180063511417,0.6878010565077429,USD_SGD,H4,14,30,3,short,70
18.0,3.0,8.0,7.0,0.2727272727272727,0.009535284742372196,0.5359192607121732,9.0,2.0,4.0,3.0,0.3333333333333333,0.0,0.7105355092038887,USD_SGD,H4,14,30,4,short,27
468.0,163.0,157.0,148.0,0.509375,0.4546009653389777,0.5641490346610224,201.0,55.0,68.0,78.0,0.44715447154471544,0.3592857707051457,0.5350231723842851,USD_SGD,H4,14,35,1,short,669
235.0,73.0,89.0,73.0,0.4506172839506173,0.3739976658587034,0.5272369020425312,102.0,28.0,35.0,39.0,0.4444444444444444,0.3217405674616376,0.5671483214272512,USD_SGD,H4,14,35,2,short,337
122.0,32.0,48.0,42.0,0.4,0.29264637872898747,0.5073536212710126,53.0,14.0,18.0,21.0,0.4375,0.2656176137950721,0.6093823862049279,USD_SGD,H4,14,35,3,short,175
51.0,10.0,21.0,20.0,0.3225806451612903,0.158021062236292,0.48714022808628865,22.0,4.0,8.0,10.0,0.3333333333333333,0.06661111689694282,0.6000555497697238,USD_SGD,H4,14,35,4,short,73
4.0,2.0,0.0,2.0,1.0,1.0,1.0,3.0,2.0,1.0,0.0,0.6666666666666666,0.13322223379388565,1.0,USD_SGD,H4,21,20,1,long,7
3.0,1.0,0.0,2.0,1.0,1.0,1.0,2.0,1.0,1.0,0.0,0.5,0.0,1.0,USD_SGD,H4,21,20,2,long,5
1.0,1.0,0.0,0.0,1.0,1.0,1.0,1.0,0.0,0.0,1.0,,,,USD_SGD,H4,21,20,3,long,2
1.0,1.0,0.0,0.0,1.0,1.0,1.0,1.0,0.0,0.0,1.0,,,,USD_SGD,H4,21,20,4,long,2
24.0,11.0,3.0,10.0,0.7857142857142857,0.5707724331122389,1.0,11.0,2.0,2.0,7.0,0.5,0.010000000000000009,0.99,USD_SGD,H4,21,25,1,long,35
12.0,4.0,4.0,4.0,0.5,0.15351767721859172,0.8464823227814082,6.0,1.0,1.0,4.0,0.5,0.0,1.0,USD_SGD,H4,21,25,2,long,18
6.0,1.0,2.0,3.0,0.3333333333333333,0.0,0.8667777662061142,3.0,1.0,0.0,2.0,1.0,1.0,1.0,USD_SGD,H4,21,25,3,long,9
2.0,0.0,2.0,0.0,0.0,0.0,0.0,2.0,1.0,0.0,1.0,1.0,1.0,1.0,USD_SGD,H4,21,25,4,long,4
107.0,21.0,38.0,48.0,0.3559322033898305,0.233758004618835,0.478106402160826,47.0,17.0,14.0,16.0,0.5483870967741935,0.37320004290478614,0.7235741506436009,USD_SGD,H4,21,30,1,long,154
53.0,6.0,22.0,25.0,0.21428571428571427,0.062298872750007644,0.36627255582142093,24.0,7.0,6.0,11.0,0.5384615384615384,0.2674637865884742,0.8094592903346027,USD_SGD,H4,21,30,2,long,77
27.0,4.0,9.0,14.0,0.3076923076923077,0.05679714201505026,0.5585874733695652,12.0,3.0,3.0,6.0,0.5,0.09991667534541426,0.9000833246545857,USD_SGD,H4,21,30,3,long,39
14.0,2.0,6.0,6.0,0.25,0.0,0.5500624934909393,6.0,1.0,3.0,2.0,0.25,0.0,0.674352447854375,USD_SGD,H4,21,30,4,long,20
311.0,81.0,75.0,155.0,0.5192307692307693,0.44082602995662634,0.5976355085049122,134.0,47.0,37.0,50.0,0.5595238095238095,0.453357448107887,0.6656901709397322,USD_SGD,H4,21,35,1,long,445
158.0,42.0,37.0,79.0,0.5316455696202531,0.4216080121585673,0.641683127081939,68.0,21.0,22.0,25.0,0.4883720930232558,0.33896391292128136,0.6377802731252302,USD_SGD,H4,21,35,2,long,226
78.0,17.0,22.0,39.0,0.4358974358974359,0.28026684660014406,0.5915280251947277,34.0,8.0,14.0,12.0,0.36363636363636365,0.16262016242857788,0.5646525648441494,USD_SGD,H4,21,35,3,long,112
37.0,6.0,12.0,19.0,0.3333333333333333,0.11555555555555552,0.5511111111111111,17.0,3.0,10.0,4.0,0.23076923076923078,0.0017343277518477307,0.45980413378661383,USD_SGD,H4,21,35,4,long,54
2.0,0.0,2.0,0.0,0.0,0.0,0.0,2.0,0.0,1.0,1.0,0.0,0.0,0.0,USD_SGD,H4,21,20,1,short,4
2.0,0.0,2.0,0.0,0.0,0.0,0.0,1.0,0.0,1.0,0.0,0.0,0.0,0.0,USD_SGD,H4,21,20,2,short,3
0.0,0.0,0.0,0.0,,,,1.0,0.0,1.0,0.0,0.0,0.0,0.0,USD_SGD,H4,21,20,3,short,1
,,,,,,,,,,,,,,USD_SGD,H4,21,20,4,short,0
23.0,3.0,15.0,5.0,0.16666666666666666,0.0,0.33883511705361175,10.0,3.0,2.0,5.0,0.6,0.17058551491594975,1.0,USD_SGD,H4,21,25,1,short,33
12.0,1.0,7.0,4.0,0.125,0.0,0.3541765149399039,6.0,2.0,3.0,1.0,0.4,0.0,0.8294144850840502,USD_SGD,H4,21,25,2,short,18
2.0,0.0,2.0,0.0,0.0,0.0,0.0,2.0,1.0,1.0,0.0,0.5,0.0,1.0,USD_SGD,H4,21,25,3,short,4
,,,,,,,,,,,,,,USD_SGD,H4,21,25,4,short,0
96.0,19.0,50.0,27.0,0.2753623188405797,0.16996143858683246,0.380763199094327,42.0,12.0,13.0,17.0,0.48,0.2841568627702262,0.6758431372297737,USD_SGD,H4,21,30,1,short,138
49.0,9.0,27.0,13.0,0.25,0.10854918404854169,0.3914508159514583,22.0,5.0,8.0,9.0,0.38461538461538464,0.12014865879357278,0.6490821104371964,USD_SGD,H4,21,30,2,short,71
20.0,2.0,12.0,6.0,0.14285714285714285,0.0,0.32616017065537645,9.0,3.0,3.0,3.0,0.5,0.09991667534541426,0.9000833246545857,USD_SGD,H4,21,30,3,short,29
7.0,0.0,5.0,2.0,0.0,0.0,0.0,4.0,0.0,3.0,1.0,0.0,0.0,0.0,USD_SGD,H4,21,30,4,short,11
270.0,90.0,103.0,77.0,0.46632124352331605,0.3959395074909668,0.5367029795556653,116.0,28.0,41.0,47.0,0.4057971014492754,0.2899318044291311,0.5216623984694198,USD_SGD,H4,21,35,1,short,386
133.0,39.0,58.0,36.0,0.4020618556701031,0.30448546036291413,0.4996382509772921,57.0,12.0,21.0,24.0,0.36363636363636365,0.19950732263912674,0.5277654046336006,USD_SGD,H4,21,35,2,short,190
60.0,12.0,28.0,20.0,0.3,0.1579845078873435,0.44201549211265645,26.0,5.0,11.0,10.0,0.3125,0.08537892133269531,0.5396210786673047,USD_SGD,H4,21,35,3,short,86
26.0,5.0,13.0,8.0,0.2777777777777778,0.0708570524820083,0.4846985030735473,12.0,2.0,5.0,5.0,0.2857142857142857,0.0,0.6203782963279159,USD_SGD,H4,21,35,4,short,38
,,,,,,,,,,,,,,USD_SGD,H4,28,20,1,long,0
,,,,,,,,,,,,,,USD_SGD,H4,28,20,2,long,0
,,,,,,,,,,,,,,USD_SGD,H4,28,20,3,long,0
,,,,,,,,,,,,,,USD_SGD,H4,28,20,4,long,0
7.0,4.0,1.0,2.0,0.8,0.44938454112803305,1.0,3.0,2.0,0.0,1.0,1.0,1.0,1.0,USD_SGD,H4,28,25,1,long,10
4.0,2.0,0.0,2.0,1.0,1.0,1.0,3.0,2.0,1.0,0.0,0.6666666666666666,0.13322223379388565,1.0,USD_SGD,H4,28,25,2,long,7
2.0,1.0,0.0,1.0,1.0,1.0,1.0,1.0,1.0,0.0,0.0,1.0,1.0,1.0,USD_SGD,H4,28,25,3,long,3
1.0,1.0,0.0,0.0,1.0,1.0,1.0,1.0,0.0,0.0,1.0,,,,USD_SGD,H4,28,25,4,long,2
43.0,14.0,10.0,19.0,0.5833333333333334,0.3860895942879771,0.7805770723786896,19.0,8.0,3.0,8.0,0.7272727272727273,0.4640807392878268,0.9904647152576278,USD_SGD,H4,28,30,1,long,62
23.0,6.0,7.0,10.0,0.46153846153846156,0.19054070966539732,0.7325362134115259,11.0,4.0,1.0,6.0,0.8,0.44938454112803305,1.0,USD_SGD,H4,28,30,2,long,34
14.0,2.0,4.0,8.0,0.3333333333333333,0.0,0.7105355092038887,6.0,2.0,0.0,4.0,1.0,1.0,1.0,USD_SGD,H4,28,30,3,long,20
5.0,2.0,2.0,1.0,0.5,0.010000000000000009,0.99,3.0,1.0,0.0,2.0,1.0,1.0,1.0,USD_SGD,H4,28,30,4,long,8
176.0,35.0,47.0,94.0,0.4268292682926829,0.31977148570043434,0.5338870508849315,76.0,30.0,22.0,24.0,0.5769230769230769,0.4426394620902813,0.7112066917558724,USD_SGD,H4,28,35,1,long,252
88.0,14.0,28.0,46.0,0.3333333333333333,0.19076431171248495,0.47590235495418165,39.0,13.0,11.0,15.0,0.5416666666666666,0.34232080353389893,0.7410125297994343,USD_SGD,H4,28,35,2,long,127
46.0,5.0,15.0,26.0,0.25,0.06022381603583657,0.4397761839641634,21.0,5.0,6.0,10.0,0.45454545454545453,0.1602878664116818,0.7488030426792273,USD_SGD,H4,28,35,3,long,67
24.0,3.0,9.0,12.0,0.25,0.0050000000000000044,0.495,11.0,3.0,6.0,2.0,0.3333333333333333,0.02534904641652591,0.6413176202501407,USD_SGD,H4,28,35,4,long,35
1.0,0.0,1.0,0.0,0.0,0.0,0.0,1.0,0.0,1.0,0.0,0.0,0.0,0.0,USD_SGD,H4,28,20,1,short,2
1.0,0.0,1.0,0.0,0.0,0.0,0.0,1.0,0.0,1.0,0.0,0.0,0.0,0.0,USD_SGD,H4,28,20,2,short,2
0.0,0.0,0.0,0.0,,,,1.0,0.0,1.0,0.0,0.0,0.0,0.0,USD_SGD,H4,28,20,3,short,1
,,,,,,,,,,,,,,USD_SGD,H4,28,20,4,short,0
9.0,1.0,8.0,0.0,0.1111111111111111,0.0,0.31643396905564936,5.0,2.0,1.0,2.0,0.6666666666666666,0.13322223379388565,1.0,USD_SGD,H4,28,25,1,short,14
4.0,1.0,3.0,0.0,0.25,0.0,0.674352447854375,2.0,1.0,1.0,0.0,0.5,0.0,1.0,USD_SGD,H4,28,25,2,short,6
2.0,0.0,2.0,0.0,0.0,0.0,0.0,1.0,1.0,0.0,0.0,1.0,1.0,1.0,USD_SGD,H4,28,25,3,short,3
,,,,,,,,,,,,,,USD_SGD,H4,28,25,4,short,0
48.0,7.0,32.0,9.0,0.1794871794871795,0.059043734210262044,0.29993062476409693,21.0,6.0,4.0,11.0,0.6,0.2963581056573385,0.9036418943426614,USD_SGD,H4,28,30,1,short,69
26.0,3.0,17.0,6.0,0.15,0.0,0.30649345034217884,12.0,4.0,5.0,3.0,0.4444444444444444,0.11980050104447498,0.7690883878444139,USD_SGD,H4,28,30,2,short,38
9.0,1.0,7.0,1.0,0.125,0.0,0.3541765149399039,5.0,1.0,3.0,1.0,0.25,0.0,0.674352447854375,USD_SGD,H4,28,30,3,short,14
4.0,0.0,3.0,1.0,0.0,0.0,0.0,3.0,0.0,3.0,0.0,0.0,0.0,0.0,USD_SGD,H4,28,30,4,short,7
171.0,53.0,67.0,51.0,0.44166666666666665,0.35281623575001847,0.5305170975833149,74.0,17.0,26.0,31.0,0.3953488372093023,0.24921037848714475,0.5414872959314598,USD_SGD,H4,28,35,1,short,245
88.0,23.0,38.0,27.0,0.3770491803278688,0.25542580969227136,0.4986725509634663,38.0,7.0,16.0,15.0,0.30434782608695654,0.11629783002433983,0.4923978221495733,USD_SGD,H4,28,35,2,short,126
36.0,6.0,17.0,13.0,0.2608695652173913,0.08141091240005918,0.44032821803472344,16.0,3.0,9.0,4.0,0.25,0.0050000000000000044,0.495,USD_SGD,H4,28,35,3,short,52
14.0,2.0,7.0,5.0,0.2222222222222222,0.0,0.49383883252136757,7.0,1.0,4.0,2.0,0.2,0.0,0.5506154588719672,USD_SGD,H4,28,35,4,short,21
240.0,85.0,153.0,2.0,0.35714285714285715,0.29626689839935005,0.41801881588636425,104.0,41.0,61.0,2.0,0.4019607843137255,0.3068099370948478,0.49711163153260324,USD_PLN,H4,7,20,1,long,344
113.0,40.0,72.0,1.0,0.35714285714285715,0.26840166039636293,0.4458840538893514,49.0,17.0,31.0,1.0,0.3541666666666667,0.21886612885396098,0.4894672044793724,USD_PLN,H4,7,20,2,long,162
52.0,17.0,35.0,0.0,0.3269230769230769,0.19942326657577447,0.4544228872703794,23.0,14.0,9.0,0.0,0.6086956521739131,0.4092385110469433,0.8081527933008829,USD_PLN,H4,7,20,3,long,75
25.0,9.0,16.0,0.0,0.36,0.17184,0.54816,11.0,8.0,3.0,0.0,0.7272727272727273,0.4640807392878268,0.9904647152576278,USD_PLN,H4,7,20,4,long,36
417.0,162.0,251.0,4.0,0.3922518159806295,0.3451621768906798,0.43934145507057926,179.0,75.0,100.0,4.0,0.42857142857142855,0.35525021745213514,0.501892639690722,USD_PLN,H4,7,25,1,long,596
200.0,77.0,122.0,1.0,0.3869346733668342,0.31926380730796705,0.4546055394257013,86.0,30.0,54.0,2.0,0.35714285714285715,0.25467334948326115,0.45961236480245315,USD_PLN,H4,7,25,2,long,286
91.0,33.0,58.0,0.0,0.3626373626373626,0.26385828885917306,0.4614164364155522,39.0,17.0,21.0,1.0,0.4473684210526316,0.28927464069347575,0.6054622014117874,USD_PLN,H4,7,25,3,long,130
42.0,15.0,27.0,0.0,0.35714285714285715,0.21222908968096277,0.5020566246047515,18.0,8.0,9.0,1.0,0.47058823529411764,0.23331489867342306,0.7078615719148122,USD_PLN,H4,7,25,4,long,60
665.0,244.0,416.0,5.0,0.3696969696969697,0.33286866339554466,0.4065252759983947,285.0,127.0,154.0,4.0,0.45195729537366547,0.3937658944912391,0.5101486962560918,USD_PLN,H4,7,30,1,long,950
329.0,125.0,203.0,1.0,0.38109756097560976,0.3285384111980024,0.4336567107532171,141.0,61.0,78.0,2.0,0.43884892086330934,0.35635041371870674,0.521347428007912,USD_PLN,H4,7,30,2,long,470
151.0,57.0,94.0,0.0,0.37748344370860926,0.3001634152769326,0.45480347214028594,66.0,33.0,32.0,1.0,0.5076923076923077,0.3861526537396521,0.6292319616449633,USD_PLN,H4,7,30,3,long,217
76.0,29.0,47.0,0.0,0.3815789473684211,0.2723636152310616,0.49079427950578053,33.0,17.0,15.0,1.0,0.53125,0.35834753133088293,0.7041524686691171,USD_PLN,H4,7,30,4,long,109
961.0,363.0,593.0,5.0,0.3797071129707113,0.34894261077249394,0.41047161516892866,413.0,206.0,198.0,9.0,0.5099009900990099,0.4611537279400516,0.5586482522579682,USD_PLN,H4,7,35,1,long,1374
473.0,182.0,289.0,2.0,0.386411889596603,0.3424365374358764,0.4303872417573296,204.0,94.0,105.0,5.0,0.4723618090452261,0.40299766473915016,0.541725953351302,USD_PLN,H4,7,35,2,long,677
223.0,83.0,139.0,1.0,0.3738738738738739,0.3102275893420462,0.4375201584057016,96.0,46.0,49.0,1.0,0.4842105263157895,0.3837147939954141,0.5847062586361649,USD_PLN,H4,7,35,3,long,319
107.0,44.0,63.0,0.0,0.411214953271028,0.317980373479243,0.504449533062813,47.0,21.0,25.0,1.0,0.45652173913043476,0.3125759464786233,0.6004675317822462,USD_PLN,H4,7,35,4,long,154
228.0,82.0,145.0,1.0,0.36123348017621143,0.29874381281560247,0.4237231475368204,99.0,45.0,52.0,2.0,0.4639175257731959,0.36467303706417326,0.5631620144822186,USD_PLN,H4,7,20,1,short,327
120.0,39.0,80.0,1.0,0.3277310924369748,0.24339510653405802,0.41206707833989153,52.0,29.0,23.0,0.0,0.5576923076923077,0.42269846100437564,0.6926861543802398,USD_PLN,H4,7,20,2,short,172
60.0,19.0,41.0,0.0,0.31666666666666665,0.19896085007606967,0.43437248325726363,27.0,13.0,14.0,0.0,0.48148148148148145,0.29300979396482363,0.6699531689981393,USD_PLN,H4,7,20,3,short,87
21.0,9.0,12.0,0.0,0.42857142857142855,0.21691132368626131,0.6402315334565958,10.0,5.0,5.0,0.0,0.5,0.19009678930349883,0.8099032106965012,USD_PLN,H4,7,20,4,short,31
427.0,161.0,262.0,4.0,0.3806146572104019,0.3343436339329927,0.42688568048781106,184.0,89.0,93.0,2.0,0.489010989010989,0.41638610245986596,0.561635875562112,USD_PLN,H4,7,25,1,short,611
219.0,86.0,131.0,2.0,0.39631336405529954,0.3312327946489916,0.4613939334616075,94.0,50.0,44.0,0.0,0.5319148936170213,0.4310417323595832,0.6327880548744593,USD_PLN,H4,7,25,2,short,313
109.0,39.0,69.0,1.0,0.3611111111111111,0.27052173117756484,0.45170049104465737,47.0,23.0,24.0,0.0,0.48936170212765956,0.34644636986968314,0.632277034385636,USD_PLN,H4,7,25,3,short,156
42.0,16.0,25.0,1.0,0.3902439024390244,0.2409265496089425,0.5395612552691063,19.0,7.0,12.0,0.0,0.3684210526315789,0.15151817542017268,0.5853239298429852,USD_PLN,H4,7,25,4,short,61
663.0,253.0,404.0,6.0,0.3850837138508371,0.3478737746711482,0.422293653030526,285.0,148.0,134.0,3.0,0.524822695035461,0.46653650529223156,0.5831088847786904,USD_PLN,H4,7,30,1,short,948
336.0,129.0,204.0,3.0,0.38738738738738737,0.3350635412442684,0.43971123353050634,144.0,77.0,66.0,1.0,0.5384615384615384,0.4567526419167397,0.6201704350063372,USD_PLN,H4,7,30,2,short,480
167.0,59.0,106.0,2.0,0.3575757575757576,0.28444348092299754,0.43070803422851767,72.0,30.0,42.0,0.0,0.4166666666666667,0.302787940832862,0.5305453925004714,USD_PLN,H4,7,30,3,short,239
70.0,23.0,45.0,2.0,0.3382352941176471,0.22578440925581944,0.4506861789794747,30.0,11.0,19.0,0.0,0.36666666666666664,0.19422296678282158,0.5391103665505117,USD_PLN,H4,7,30,4,short,100
934.0,360.0,564.0,10.0,0.38961038961038963,0.35816630784630443,0.4210544713744748,401.0,208.0,189.0,4.0,0.5239294710327456,0.47480104157613967,0.5730579004893515,USD_PLN,H4,7,35,1,short,1335
470.0,181.0,284.0,5.0,0.38924731182795697,0.34492982753180523,0.4335647961241087,202.0,110.0,91.0,1.0,0.5472636815920398,0.47844932969835474,0.6160780334857248,USD_PLN,H4,7,35,2,short,672
234.0,78.0,153.0,3.0,0.33766233766233766,0.27667620161173045,0.3986484737129449,101.0,46.0,55.0,0.0,0.45544554455445546,0.35831982008320395,0.552571269025707,USD_PLN,H4,7,35,3,short,335
105.0,34.0,69.0,2.0,0.3300970873786408,0.2392806966011617,0.4209134781561199,46.0,19.0,27.0,0.0,0.41304347826086957,0.2707522899183108,0.5553346666034283,USD_PLN,H4,7,35,4,short,151
32.0,9.0,23.0,0.0,0.28125,0.1254683582000915,0.4370316417999085,14.0,9.0,5.0,0.0,0.6428571428571429,0.39185913489692026,0.8938551508173656,USD_PLN,H4,14,20,1,long,46
16.0,4.0,12.0,0.0,0.25,0.03782377607281254,0.4621762239271875,8.0,4.0,4.0,0.0,0.5,0.15351767721859172,0.8464823227814082,USD_PLN,H4,14,20,2,long,24
9.0,2.0,7.0,0.0,0.2222222222222222,0.0,0.49383883252136757,4.0,2.0,2.0,0.0,0.5,0.010000000000000009,0.99,USD_PLN,H4,14,20,3,long,13
2.0,0.0,2.0,0.0,0.0,0.0,0.0,1.0,0.0,1.0,0.0,0.0,0.0,0.0,USD_PLN,H4,14,20,4,long,3
126.0,40.0,86.0,0.0,0.31746031746031744,0.2361811072419755,0.3987395276786594,55.0,28.0,27.0,0.0,0.509090909090909,0.37696957970030726,0.6412122384815109,USD_PLN,H4,14,25,1,long,181
57.0,20.0,37.0,0.0,0.3508771929824561,0.22698051904114863,0.4747738669237636,25.0,11.0,14.0,0.0,0.44,0.24541631723086335,0.6345836827691367,USD_PLN,H4,14,25,2,long,82
30.0,12.0,18.0,0.0,0.4,0.2246922705640165,0.5753077294359835,13.0,7.0,6.0,0.0,0.5384615384615384,0.2674637865884742,0.8094592903346027,USD_PLN,H4,14,25,3,long,43
12.0,4.0,8.0,0.0,0.3333333333333333,0.06661111689694282,0.6000555497697238,6.0,4.0,2.0,0.0,0.6666666666666666,0.28946449079611114,1.0,USD_PLN,H4,14,25,4,long,18
282.0,101.0,180.0,1.0,0.3594306049822064,0.3033266430849406,0.4155345668794722,121.0,58.0,60.0,3.0,0.4915254237288136,0.40132207049576035,0.5817287769618668,USD_PLN,H4,14,30,1,long,403
138.0,47.0,91.0,0.0,0.34057971014492755,0.2615105607343455,0.4196488595555096,60.0,26.0,32.0,2.0,0.4482758620689655,0.3202859489808223,0.5762657751571088,USD_PLN,H4,14,30,2,long,198
63.0,22.0,41.0,0.0,0.3492063492063492,0.2314868201674222,0.4669258782452762,28.0,17.0,10.0,1.0,0.6296296296296297,0.4474772346531113,0.811782024606148,USD_PLN,H4,14,30,3,long,91
31.0,12.0,19.0,0.0,0.3870967741935484,0.215629614436262,0.5585639339508348,14.0,8.0,5.0,1.0,0.6153846153846154,0.35091788956280356,0.8798513412064273,USD_PLN,H4,14,30,4,long,45
539.0,199.0,337.0,3.0,0.3712686567164179,0.3303661075400614,0.4121712058927744,231.0,101.0,121.0,9.0,0.45495495495495497,0.38944912074153504,0.5204607891683749,USD_PLN,H4,14,35,1,long,770
264.0,99.0,164.0,1.0,0.376425855513308,0.3178711272404804,0.4349805837861356,114.0,40.0,71.0,3.0,0.36036036036036034,0.27104405019501443,0.44967667052570626,USD_PLN,H4,14,35,2,long,378
121.0,43.0,78.0,0.0,0.35537190082644626,0.2700894750361601,0.44065432661673243,53.0,23.0,29.0,1.0,0.4423076923076923,0.3073138456197602,0.5773015389956244,USD_PLN,H4,14,35,3,long,174
58.0,20.0,38.0,0.0,0.3448275862068966,0.222500994030245,0.4671541783835481,26.0,12.0,13.0,1.0,0.48,0.2841568627702262,0.6758431372297737,USD_PLN,H4,14,35,4,long,84
37.0,13.0,23.0,1.0,0.3611111111111111,0.20420570244004843,0.5180165197821738,16.0,4.0,11.0,1.0,0.26666666666666666,0.0428741701850342,0.4904591631482991,USD_PLN,H4,14,20,1,short,53
18.0,3.0,15.0,0.0,0.16666666666666666,0.0,0.33883511705361175,8.0,3.0,5.0,0.0,0.375,0.03951993352808575,0.7104800664719142,USD_PLN,H4,14,20,2,short,26
10.0,2.0,8.0,0.0,0.2,0.0,0.447922568557201,5.0,1.0,4.0,0.0,0.2,0.0,0.5506154588719672,USD_PLN,H4,14,20,3,short,15
2.0,1.0,1.0,0.0,0.5,0.0,1.0,1.0,1.0,0.0,0.0,1.0,1.0,1.0,USD_PLN,H4,14,20,4,short,3
124.0,38.0,85.0,1.0,0.3089430894308943,0.22728491521515906,0.3906012636466296,54.0,20.0,32.0,2.0,0.38461538461538464,0.2523820217044787,0.5168487475262906,USD_PLN,H4,14,25,1,short,178
60.0,17.0,43.0,0.0,0.2833333333333333,0.16931153554725048,0.39735513111941617,26.0,12.0,14.0,0.0,0.46153846153846156,0.26991411350270844,0.6531628095742147,USD_PLN,H4,14,25,2,short,86
33.0,10.0,23.0,0.0,0.30303030303030304,0.14622921223631213,0.45983139382429394,15.0,3.0,12.0,0.0,0.2,0.0,0.4024279295617743,USD_PLN,H4,14,25,3,short,48
11.0,4.0,7.0,0.0,0.36363636363636365,0.07935652563159407,0.6479162016411333,6.0,2.0,4.0,0.0,0.3333333333333333,0.0,0.7105355092038887,USD_PLN,H4,14,25,4,short,17
284.0,113.0,170.0,1.0,0.3992932862190813,0.3422321913495336,0.45635438108862897,122.0,56.0,64.0,2.0,0.4666666666666667,0.3774043399943075,0.5559289933390259,USD_PLN,H4,14,30,1,short,406
144.0,59.0,84.0,1.0,0.4125874125874126,0.33189779373792744,0.4932770314368978,62.0,31.0,31.0,0.0,0.5,0.37553987553981333,0.6244601244601867,USD_PLN,H4,14,30,2,short,206
70.0,28.0,42.0,0.0,0.4,0.2852341514212525,0.5147658485787475,31.0,13.0,18.0,0.0,0.41935483870967744,0.24564618303541952,0.5930634943839354,USD_PLN,H4,14,30,3,short,101
25.0,10.0,15.0,0.0,0.4,0.20796000416579888,0.5920399958342012,11.0,6.0,5.0,0.0,0.5454545454545454,0.2511969573207727,0.8397121335883182,USD_PLN,H4,14,30,4,short,36
522.0,202.0,315.0,5.0,0.390715667311412,0.3486574153601548,0.43277391926266917,225.0,116.0,107.0,2.0,0.5201793721973094,0.4546071864804667,0.585751557914152,USD_PLN,H4,14,35,1,short,747
270.0,107.0,160.0,3.0,0.40074906367041196,0.34196751018375404,0.4595306171570699,116.0,60.0,56.0,0.0,0.5172413793103449,0.42630477643365455,0.6081779821870352,USD_PLN,H4,14,35,2,short,386
136.0,50.0,84.0,2.0,0.373134328358209,0.2912457146498515,0.45502294206656646,59.0,27.0,32.0,0.0,0.4576271186440678,0.33050095971652577,0.5847532775716098,USD_PLN,H4,14,35,3,short,195
59.0,22.0,35.0,2.0,0.38596491228070173,0.25958176960687573,0.5123480549545277,26.0,10.0,16.0,0.0,0.38461538461538464,0.19760916938857803,0.5716215998421912,USD_PLN,H4,14,35,4,short,85
1.0,0.0,1.0,0.0,0.0,0.0,0.0,1.0,1.0,0.0,0.0,1.0,1.0,1.0,USD_PLN,H4,21,20,1,long,2
,,,,,,,,,,,,,,USD_PLN,H4,21,20,2,long,0
,,,,,,,,,,,,,,USD_PLN,H4,21,20,3,long,0
,,,,,,,,,,,,,,USD_PLN,H4,21,20,4,long,0
29.0,9.0,20.0,0.0,0.3103448275862069,0.14196295808965828,0.4787266970827555,13.0,6.0,7.0,0.0,0.46153846153846156,0.19054070966539732,0.7325362134115259,USD_PLN,H4,21,25,1,long,42
16.0,5.0,11.0,0.0,0.3125,0.08537892133269531,0.5396210786673047,7.0,4.0,3.0,0.0,0.5714285714285714,0.2048225158321042,0.9380346270250386,USD_PLN,H4,21,25,2,long,23
9.0,2.0,7.0,0.0,0.2222222222222222,0.0,0.49383883252136757,5.0,3.0,2.0,0.0,0.6,0.17058551491594975,1.0,USD_PLN,H4,21,25,3,long,14
2.0,0.0,2.0,0.0,0.0,0.0,0.0,1.0,0.0,1.0,0.0,0.0,0.0,0.0,USD_PLN,H4,21,25,4,long,3
131.0,42.0,89.0,0.0,0.32061068702290074,0.24068823926836103,0.40053313477744046,57.0,29.0,28.0,0.0,0.5087719298245614,0.37898773638844124,0.6385561232606816,USD_PLN,H4,21,30,1,long,188
62.0,19.0,43.0,0.0,0.3064516129032258,0.19169451274003857,0.42120871306641305,28.0,11.0,17.0,0.0,0.39285714285714285,0.2119566177058874,0.5737576680083983,USD_PLN,H4,21,30,2,long,90
30.0,10.0,20.0,0.0,0.3333333333333333,0.1646433920318547,0.5020232746348119,14.0,8.0,6.0,0.0,0.5714285714285714,0.31219894349225696,0.8306581993648858,USD_PLN,H4,21,30,3,long,44
13.0,4.0,9.0,0.0,0.3076923076923077,0.05679714201505026,0.5585874733695652,6.0,4.0,2.0,0.0,0.6666666666666666,0.28946449079611114,1.0,USD_PLN,H4,21,30,4,long,19
332.0,130.0,202.0,0.0,0.39156626506024095,0.33906179170268763,0.44407073841779426,143.0,70.0,68.0,5.0,0.5072463768115942,0.4238319983516395,0.590660755271549,USD_PLN,H4,21,35,1,long,475
169.0,63.0,106.0,0.0,0.3727810650887574,0.2998774235642856,0.44568470661322923,73.0,30.0,40.0,3.0,0.42857142857142855,0.31264041460191305,0.544502442540944,USD_PLN,H4,21,35,2,long,242
81.0,31.0,50.0,0.0,0.38271604938271603,0.27686518907364094,0.4885669096917911,35.0,19.0,15.0,1.0,0.5588235294117647,0.39192207324182393,0.7257249855817055,USD_PLN,H4,21,35,3,long,116
38.0,13.0,25.0,0.0,0.34210526315789475,0.19126323715045004,0.4929472891653395,17.0,9.0,7.0,1.0,0.5625,0.31942159829594075,0.8055784017040593,USD_PLN,H4,21,35,4,long,55
4.0,1.0,3.0,0.0,0.25,0.0,0.674352447854375,3.0,1.0,2.0,0.0,0.3333333333333333,0.0,0.8667777662061142,USD_PLN,H4,21,20,1,short,7
2.0,0.0,2.0,0.0,0.0,0.0,0.0,1.0,1.0,0.0,0.0,1.0,1.0,1.0,USD_PLN,H4,21,20,2,short,3
1.0,0.0,1.0,0.0,0.0,0.0,0.0,1.0,0.0,1.0,0.0,0.0,0.0,0.0,USD_PLN,H4,21,20,3,short,2
,,,,,,,,,,,,,,USD_PLN,H4,21,20,4,short,0
47.0,16.0,30.0,1.0,0.34782608695652173,0.21018758329991247,0.48546459061313096,21.0,7.0,14.0,0.0,0.3333333333333333,0.13171028938286652,0.5349563772838001,USD_PLN,H4,21,25,1,short,68
24.0,4.0,20.0,0.0,0.16666666666666666,0.017564414901371422,0.31576891843196186,11.0,4.0,7.0,0.0,0.36363636363636365,0.07935652563159407,0.6479162016411333,USD_PLN,H4,21,25,2,short,35
14.0,2.0,12.0,0.0,0.14285714285714285,0.0,0.32616017065537645,7.0,1.0,6.0,0.0,0.14285714285714285,0.0,0.4020867707934573,USD_PLN,H4,21,25,3,short,21
5.0,2.0,3.0,0.0,0.4,0.0,0.8294144850840502,3.0,1.0,2.0,0.0,0.3333333333333333,0.0,0.8667777662061142,USD_PLN,H4,21,25,4,short,8
147.0,53.0,93.0,1.0,0.363013698630137,0.2850116162889796,0.4410157809712944,64.0,21.0,42.0,1.0,0.3333333333333333,0.2169262146336996,0.44974045203296703,USD_PLN,H4,21,30,1,short,211
70.0,28.0,42.0,0.0,0.4,0.2852341514212525,0.5147658485787475,31.0,12.0,19.0,0.0,0.3870967741935484,0.215629614436262,0.5585639339508348,USD_PLN,H4,21,30,2,short,101
36.0,14.0,22.0,0.0,0.3888888888888889,0.2296395351917726,0.5481382425860052,16.0,5.0,11.0,0.0,0.3125,0.08537892133269531,0.5396210786673047,USD_PLN,H4,21,30,3,short,52
10.0,4.0,6.0,0.0,0.4,0.09635810565733854,0.7036418943426614,5.0,2.0,3.0,0.0,0.4,0.0,0.8294144850840502,USD_PLN,H4,21,30,4,short,15
322.0,129.0,192.0,1.0,0.40186915887850466,0.34823468902166277,0.45550362873534656,139.0,66.0,71.0,2.0,0.48175182481751827,0.3980805544706345,0.565423095164402,USD_PLN,H4,21,35,1,short,461
161.0,70.0,90.0,1.0,0.4375,0.36063186006218184,0.5143681399378182,70.0,35.0,35.0,0.0,0.5,0.38286759628522943,0.6171324037147705,USD_PLN,H4,21,35,2,short,231
80.0,32.0,48.0,0.0,0.4,0.29264637872898747,0.5073536212710126,35.0,16.0,19.0,0.0,0.45714285714285713,0.2921022560775435,0.6221834582081708,USD_PLN,H4,21,35,3,short,115
30.0,12.0,18.0,0.0,0.4,0.2246922705640165,0.5753077294359835,14.0,6.0,8.0,0.0,0.42857142857142855,0.16934180063511417,0.6878010565077429,USD_PLN,H4,21,35,4,short,44
0.0,0.0,0.0,0.0,,,,1.0,1.0,0.0,0.0,1.0,1.0,1.0,USD_PLN,H4,28,20,1,long,1
,,,,,,,,,,,,,,USD_PLN,H4,28,20,2,long,0
,,,,,,,,,,,,,,USD_PLN,H4,28,20,3,long,0
,,,,,,,,,,,,,,USD_PLN,H4,28,20,4,long,0
1.0,0.0,1.0,0.0,0.0,0.0,0.0,1.0,1.0,0.0,0.0,1.0,1.0,1.0,USD_PLN,H4,28,25,1,long,2
,,,,,,,,,,,,,,USD_PLN,H4,28,25,2,long,0
,,,,,,,,,,,,,,USD_PLN,H4,28,25,3,long,0
,,,,,,,,,,,,,,USD_PLN,H4,28,25,4,long,0
60.0,21.0,39.0,0.0,0.35,0.22931003908084702,0.47068996091915294,26.0,13.0,13.0,0.0,0.5,0.30780618756457967,0.6921938124354203,USD_PLN,H4,28,30,1,long,86
30.0,8.0,22.0,0.0,0.26666666666666666,0.10842147482583778,0.4249118585074956,13.0,9.0,4.0,0.0,0.6923076923076923,0.44141252663043484,0.9432028579849497,USD_PLN,H4,28,30,2,long,43
18.0,5.0,13.0,0.0,0.2777777777777778,0.0708570524820083,0.4846985030735473,8.0,4.0,4.0,0.0,0.5,0.15351767721859172,0.8464823227814082,USD_PLN,H4,28,30,3,long,26
5.0,1.0,4.0,0.0,0.2,0.0,0.5506154588719672,3.0,1.0,2.0,0.0,0.3333333333333333,0.0,0.8667777662061142,USD_PLN,H4,28,30,4,long,8
224.0,77.0,147.0,0.0,0.34375,0.28155033096450593,0.40594966903549407,97.0,51.0,44.0,2.0,0.5368421052631579,0.4365695482844702,0.6371146622418457,USD_PLN,H4,28,35,1,long,321
113.0,37.0,76.0,0.0,0.3274336283185841,0.2409077404723582,0.41395951616480997,49.0,21.0,26.0,2.0,0.44680851063829785,0.30467201432718494,0.5889450069494108,USD_PLN,H4,28,35,2,long,162
56.0,20.0,36.0,0.0,0.35714285714285715,0.23164385316274583,0.4826418611229685,25.0,15.0,9.0,1.0,0.625,0.43131049331468674,0.8186895066853133,USD_PLN,H4,28,35,3,long,81
26.0,10.0,16.0,0.0,0.38461538461538464,0.19760916938857803,0.5716215998421912,12.0,7.0,4.0,1.0,0.6363636363636364,0.3520837983588668,0.920643474368406,USD_PLN,H4,28,35,4,long,38
,,,,,,,,,,,,,,USD_PLN,H4,28,20,1,short,0
,,,,,,,,,,,,,,USD_PLN,H4,28,20,2,short,0
,,,,,,,,,,,,,,USD_PLN,H4,28,20,3,short,0
,,,,,,,,,,,,,,USD_PLN,H4,28,20,4,short,0
10.0,4.0,6.0,0.0,0.4,0.09635810565733854,0.7036418943426614,5.0,1.0,4.0,0.0,0.2,0.0,0.5506154588719672,USD_PLN,H4,28,25,1,short,15
3.0,0.0,3.0,0.0,0.0,0.0,0.0,2.0,1.0,1.0,0.0,0.5,0.0,1.0,USD_PLN,H4,28,25,2,short,5
1.0,0.0,1.0,0.0,0.0,0.0,0.0,1.0,0.0,1.0,0.0,0.0,0.0,0.0,USD_PLN,H4,28,25,3,short,2
,,,,,,,,,,,,,,USD_PLN,H4,28,25,4,short,0
79.0,28.0,50.0,1.0,0.358974358974359,0.25251638784338504,0.4654323301053329,34.0,8.0,26.0,0.0,0.23529411764705882,0.09271058739933519,0.37787764789478245,USD_PLN,H4,28,30,1,short,113
37.0,13.0,24.0,0.0,0.35135135135135137,0.19752498468146648,0.5051777180212362,17.0,5.0,12.0,0.0,0.29411764705882354,0.07751771578937186,0.5107175783282752,USD_PLN,H4,28,30,2,short,54
20.0,6.0,14.0,0.0,0.3,0.09915976498719187,0.500840235012808,9.0,1.0,8.0,0.0,0.1111111111111111,0.0,0.31643396905564936,USD_PLN,H4,28,30,3,short,29
7.0,2.0,5.0,0.0,0.2857142857142857,0.0,0.6203782963279159,3.0,1.0,2.0,0.0,0.3333333333333333,0.0,0.8667777662061142,USD_PLN,H4,28,30,4,short,10
219.0,80.0,138.0,1.0,0.3669724770642202,0.3029907634370942,0.4309541906913462,95.0,45.0,49.0,1.0,0.4787234042553192,0.37773567946151887,0.5797111290491195,USD_PLN,H4,28,35,1,short,314
103.0,41.0,62.0,0.0,0.39805825242718446,0.30352425832576224,0.49259224652860667,45.0,21.0,24.0,0.0,0.4666666666666667,0.32090189759939663,0.6124314357339367,USD_PLN,H4,28,35,2,short,148
53.0,21.0,32.0,0.0,0.39622641509433965,0.26454426668743336,0.5279085635012459,23.0,10.0,13.0,0.0,0.43478260869565216,0.23218421697992483,0.6373810004113795,USD_PLN,H4,28,35,3,short,76
19.0,8.0,11.0,0.0,0.42105263157894735,0.19904545890021433,0.6430598042576804,9.0,5.0,4.0,0.0,0.5555555555555556,0.23091161215558614,0.8801994989555251,USD_PLN,H4,28,35,4,short,28
219.0,92.0,119.0,8.0,0.43601895734597157,0.36910760880843535,0.5029303058835077,95.0,51.0,42.0,2.0,0.5483870967741935,0.4472428040641537,0.6495313894842334,USD_CZK,H4,7,20,1,long,314
107.0,39.0,62.0,6.0,0.38613861386138615,0.2911870419234228,0.4810901857993495,46.0,28.0,17.0,1.0,0.6222222222222222,0.4805643294898079,0.7638801149546366,USD_CZK,H4,7,20,2,long,153
53.0,27.0,24.0,2.0,0.5294117647058824,0.3924219399364037,0.666401589475361,24.0,11.0,13.0,0.0,0.4583333333333333,0.2589874702005656,0.6576791964661011,USD_CZK,H4,7,20,3,long,77
24.0,11.0,13.0,0.0,0.4583333333333333,0.2589874702005656,0.6576791964661011,11.0,5.0,5.0,1.0,0.5,0.19009678930349883,0.8099032106965012,USD_CZK,H4,7,20,4,long,35
430.0,189.0,225.0,16.0,0.45652173913043476,0.4085398082464976,0.5045036700143719,185.0,84.0,95.0,6.0,0.4692737430167598,0.39616354325217534,0.5423839427813443,USD_CZK,H4,7,25,1,long,615
205.0,90.0,107.0,8.0,0.45685279187817257,0.3872911417543618,0.5264144420019834,89.0,42.0,45.0,2.0,0.4827586206896552,0.3777540763895607,0.5877631649897497,USD_CZK,H4,7,25,2,long,294
101.0,47.0,51.0,3.0,0.47959183673469385,0.3806793831740438,0.5785042902953439,44.0,20.0,24.0,0.0,0.45454545454545453,0.3074166604785682,0.6016742486123409,USD_CZK,H4,7,25,3,long,145
46.0,21.0,25.0,0.0,0.45652173913043476,0.3125759464786233,0.6004675317822462,20.0,9.0,10.0,1.0,0.47368421052631576,0.2491684025975332,0.6982000184550983,USD_CZK,H4,7,25,4,long,66
685.0,288.0,373.0,24.0,0.4357034795763994,0.39790237051903987,0.4735045886337589,294.0,132.0,154.0,8.0,0.46153846153846156,0.4037615467083643,0.5193153763685588,USD_CZK,H4,7,30,1,long,979
329.0,137.0,182.0,10.0,0.42946708463949845,0.3751463012715871,0.4837878680074098,141.0,64.0,73.0,4.0,0.46715328467153283,0.3836070969129896,0.5506994724300761,USD_CZK,H4,7,30,2,long,470
165.0,69.0,91.0,5.0,0.43125,0.3545100805683574,0.5079899194316426,71.0,30.0,40.0,1.0,0.42857142857142855,0.31264041460191305,0.544502442540944,USD_CZK,H4,7,30,3,long,236
74.0,32.0,42.0,0.0,0.43243243243243246,0.3195547390647861,0.5453101258000788,32.0,11.0,19.0,2.0,0.36666666666666664,0.19422296678282158,0.5391103665505117,USD_CZK,H4,7,30,4,long,106
968.0,400.0,538.0,30.0,0.42643923240938164,0.3947892883108307,0.45808917650793257,415.0,189.0,213.0,13.0,0.4701492537313433,0.42135848109396656,0.51894002636872,USD_CZK,H4,7,35,1,long,1383
477.0,189.0,275.0,13.0,0.4073275862068966,0.3626205016508303,0.45203467076296283,205.0,87.0,112.0,6.0,0.4371859296482412,0.3682659573228594,0.506105901973623,USD_CZK,H4,7,35,2,long,682
230.0,94.0,129.0,7.0,0.42152466367713004,0.35671234499888804,0.48633698235537204,99.0,39.0,59.0,1.0,0.3979591836734694,0.3010476944954886,0.49487067285145014,USD_CZK,H4,7,35,3,long,329
102.0,44.0,57.0,1.0,0.43564356435643564,0.33894104766945726,0.532346081043414,44.0,15.0,27.0,2.0,0.35714285714285715,0.21222908968096277,0.5020566246047515,USD_CZK,H4,7,35,4,long,146
219.0,91.0,124.0,4.0,0.4232558139534884,0.35721233837217514,0.4892992895348016,95.0,45.0,50.0,0.0,0.47368421052631576,0.37327768881590695,0.5740907322367246,USD_CZK,H4,7,20,1,short,314
104.0,51.0,52.0,1.0,0.49514563106796117,0.3985879128751075,0.5917033492608149,45.0,20.0,25.0,0.0,0.4444444444444444,0.2992592592592592,0.5896296296296296,USD_CZK,H4,7,20,2,short,149
49.0,21.0,27.0,1.0,0.4375,0.2971586193419774,0.5778413806580226,22.0,10.0,12.0,0.0,0.45454545454545453,0.24647391856046566,0.6626169905304434,USD_CZK,H4,7,20,3,short,71
27.0,11.0,15.0,1.0,0.4230769230769231,0.23317121377589872,0.6129826323779475,12.0,5.0,7.0,0.0,0.4166666666666667,0.13772189581554434,0.6956114375177891,USD_CZK,H4,7,20,4,short,39
423.0,178.0,236.0,9.0,0.42995169082125606,0.38226232333738575,0.4776410583051264,182.0,81.0,96.0,5.0,0.4576271186440678,0.3842307965662083,0.5310234407219273,USD_CZK,H4,7,25,1,short,605
197.0,83.0,111.0,3.0,0.42783505154639173,0.3582118464601701,0.49745825663261334,85.0,37.0,47.0,1.0,0.44047619047619047,0.3343098290602679,0.5466425518921131,USD_CZK,H4,7,25,2,short,282
95.0,40.0,53.0,2.0,0.43010752688172044,0.32948398989931854,0.5307310638641223,41.0,17.0,23.0,1.0,0.425,0.27180151763153787,0.578198482368462,USD_CZK,H4,7,25,3,short,136
49.0,23.0,25.0,1.0,0.4791666666666667,0.3378386912211856,0.6204946421121478,21.0,10.0,11.0,0.0,0.47619047619047616,0.26257954568917985,0.6898014066917725,USD_CZK,H4,7,25,4,short,70
666.0,296.0,355.0,15.0,0.45468509984639016,0.4164339389206599,0.49293626077212044,286.0,138.0,141.0,7.0,0.4946236559139785,0.43595598246645056,0.5532913293615064,USD_CZK,H4,7,30,1,short,952
304.0,151.0,150.0,3.0,0.5016611295681063,0.44517518036484255,0.5581470787713699,131.0,60.0,69.0,2.0,0.46511627906976744,0.37904234037940965,0.5511902177601252,USD_CZK,H4,7,30,2,short,435
154.0,73.0,79.0,2.0,0.48026315789473684,0.40083661404777476,0.559689701741699,66.0,31.0,33.0,2.0,0.484375,0.36193482906339774,0.6068151709366022,USD_CZK,H4,7,30,3,short,220
76.0,39.0,36.0,1.0,0.52,0.40692991200144935,0.6330700879985507,33.0,16.0,17.0,0.0,0.48484848484848486,0.3143307269541896,0.6553662427427801,USD_CZK,H4,7,30,4,short,109
933.0,412.0,497.0,24.0,0.45324532453245325,0.4208831982005441,0.4856074508643624,401.0,201.0,192.0,8.0,0.5114503816793893,0.4620288855204244,0.5608718778383541,USD_CZK,H4,7,35,1,short,1334
441.0,219.0,217.0,5.0,0.5022935779816514,0.45536058379563565,0.5492265721676672,189.0,88.0,99.0,2.0,0.47058823529411764,0.3990476325371597,0.5421288380510756,USD_CZK,H4,7,35,2,short,630
223.0,106.0,113.0,4.0,0.4840182648401826,0.41782983883415103,0.5502066908462142,96.0,46.0,48.0,2.0,0.48936170212765956,0.3883053015525159,0.5904181027028033,USD_CZK,H4,7,35,3,short,319
111.0,55.0,54.0,2.0,0.5045871559633027,0.4107241303925399,0.5984501815340655,48.0,22.0,26.0,0.0,0.4583333333333333,0.3173745217106679,0.5992921449559987,USD_CZK,H4,7,35,4,short,159
25.0,11.0,14.0,0.0,0.44,0.24541631723086335,0.6345836827691367,11.0,8.0,2.0,1.0,0.8,0.5520774314427992,1.0,USD_CZK,H4,14,20,1,long,36
9.0,4.0,5.0,0.0,0.4444444444444444,0.11980050104447498,0.7690883878444139,5.0,2.0,3.0,0.0,0.4,0.0,0.8294144850840502,USD_CZK,H4,14,20,2,long,14
2.0,1.0,1.0,0.0,0.5,0.0,1.0,2.0,2.0,0.0,0.0,1.0,1.0,1.0,USD_CZK,H4,14,20,3,long,4
2.0,1.0,1.0,0.0,0.5,0.0,1.0,1.0,1.0,0.0,0.0,1.0,1.0,1.0,USD_CZK,H4,14,20,4,long,3
107.0,43.0,60.0,4.0,0.4174757281553398,0.3222377674867417,0.5127136888239379,46.0,25.0,18.0,3.0,0.5813953488372093,0.4339403008287866,0.7288503968456321,USD_CZK,H4,14,25,1,long,153
55.0,18.0,35.0,2.0,0.33962264150943394,0.21212194956624358,0.4671233334526243,24.0,14.0,10.0,0.0,0.5833333333333334,0.3860895942879771,0.7805770723786896,USD_CZK,H4,14,25,2,long,79
22.0,11.0,10.0,1.0,0.5238095238095238,0.3101985933082275,0.7374204543108202,10.0,7.0,3.0,0.0,0.7,0.415969015774687,0.984030984225313,USD_CZK,H4,14,25,3,long,32
9.0,5.0,4.0,0.0,0.5555555555555556,0.23091161215558614,0.8801994989555251,5.0,2.0,3.0,0.0,0.4,0.0,0.8294144850840502,USD_CZK,H4,14,25,4,long,14
261.0,114.0,138.0,9.0,0.4523809523809524,0.39092736656306426,0.5138345381988405,112.0,60.0,46.0,6.0,0.5660377358490566,0.4716855828898187,0.6603898888082944,USD_CZK,H4,14,30,1,long,373
127.0,49.0,73.0,5.0,0.4016393442622951,0.31464804938608804,0.48863063913850213,55.0,30.0,24.0,1.0,0.5555555555555556,0.423020220653071,0.6880908904580402,USD_CZK,H4,14,30,2,long,182
65.0,31.0,31.0,3.0,0.5,0.37553987553981333,0.6244601244601867,28.0,17.0,11.0,0.0,0.6071428571428571,0.42624233199160166,0.7880433822941125,USD_CZK,H4,14,30,3,long,93
30.0,14.0,16.0,0.0,0.4666666666666667,0.28814201332194833,0.645191320011385,14.0,8.0,5.0,1.0,0.6153846153846154,0.35091788956280356,0.8798513412064273,USD_CZK,H4,14,30,4,long,44
550.0,244.0,292.0,14.0,0.4552238805970149,0.41306440252758586,0.49738335866644395,236.0,110.0,116.0,10.0,0.48672566371681414,0.42156001096989104,0.5518913164637372,USD_CZK,H4,14,35,1,long,786
261.0,116.0,136.0,9.0,0.4603174603174603,0.39877799636023475,0.5218569242746859,113.0,52.0,58.0,3.0,0.4727272727272727,0.37942704318598597,0.5660275022685595,USD_CZK,H4,14,35,2,long,374
133.0,60.0,67.0,6.0,0.47244094488188976,0.3856122013662276,0.5592696883975519,57.0,26.0,30.0,1.0,0.4642857142857143,0.333662209509583,0.5949092190618457,USD_CZK,H4,14,35,3,long,190
60.0,28.0,31.0,1.0,0.4745762711864407,0.34715617855107106,0.6019963638218103,27.0,14.0,11.0,2.0,0.56,0.36541631723086343,0.7545836827691367,USD_CZK,H4,14,35,4,long,87
26.0,15.0,11.0,0.0,0.5769230769230769,0.3870173676220525,0.7668287862241012,12.0,4.0,8.0,0.0,0.3333333333333333,0.06661111689694282,0.6000555497697238,USD_CZK,H4,14,20,1,short,38
11.0,6.0,5.0,0.0,0.5454545454545454,0.2511969573207727,0.8397121335883182,6.0,1.0,5.0,0.0,0.16666666666666666,0.0,0.4648711701972571,USD_CZK,H4,14,20,2,short,17
4.0,3.0,1.0,0.0,0.75,0.3256475521456251,1.0,2.0,0.0,2.0,0.0,0.0,0.0,0.0,USD_CZK,H4,14,20,3,short,6
3.0,2.0,1.0,0.0,0.6666666666666666,0.13322223379388565,1.0,2.0,0.0,2.0,0.0,0.0,0.0,0.0,USD_CZK,H4,14,20,4,short,5
102.0,44.0,58.0,0.0,0.43137254901960786,0.33525644721574566,0.5274886508234701,45.0,18.0,26.0,1.0,0.4090909090909091,0.26381286535240456,0.5543689528294137,USD_CZK,H4,14,25,1,short,147
54.0,25.0,29.0,0.0,0.46296296296296297,0.32996823210794796,0.595957693817978,24.0,11.0,13.0,0.0,0.4583333333333333,0.2589874702005656,0.6576791964661011,USD_CZK,H4,14,25,2,short,78
25.0,14.0,11.0,0.0,0.56,0.36541631723086343,0.7545836827691367,12.0,4.0,8.0,0.0,0.3333333333333333,0.06661111689694282,0.6000555497697238,USD_CZK,H4,14,25,3,short,37
14.0,7.0,7.0,0.0,0.5,0.2380839829258241,0.7619160170741759,6.0,3.0,3.0,0.0,0.5,0.09991667534541426,0.9000833246545857,USD_CZK,H4,14,25,4,short,20
271.0,118.0,150.0,3.0,0.44029850746268656,0.3808637474425063,0.49973326748286684,117.0,58.0,58.0,1.0,0.5,0.40900928429324457,0.5909907157067554,USD_CZK,H4,14,30,1,short,388
127.0,60.0,66.0,1.0,0.47619047619047616,0.3889841789889269,0.5633967733920254,55.0,28.0,27.0,0.0,0.509090909090909,0.37696957970030726,0.6412122384815109,USD_CZK,H4,14,30,2,short,182
65.0,31.0,34.0,0.0,0.47692307692307695,0.3554985718868014,0.5983475819593524,28.0,14.0,13.0,1.0,0.5185185185185185,0.3300468310018606,0.7069902060351764,USD_CZK,H4,14,30,3,short,93
36.0,16.0,20.0,0.0,0.4444444444444444,0.2821224727444597,0.6067664161444292,16.0,9.0,7.0,0.0,0.5625,0.31942159829594075,0.8055784017040593,USD_CZK,H4,14,30,4,short,52
533.0,220.0,301.0,12.0,0.42226487523992323,0.37985235551663094,0.46467739496321553,229.0,112.0,113.0,4.0,0.49777777777777776,0.4324450897151207,0.5631104658404349,USD_CZK,H4,14,35,1,short,762
247.0,111.0,133.0,3.0,0.45491803278688525,0.392435497701904,0.5174005678718665,107.0,50.0,56.0,1.0,0.4716981132075472,0.3766647084198027,0.5667315179952916,USD_CZK,H4,14,35,2,short,354
123.0,57.0,64.0,2.0,0.47107438016528924,0.38213267922986827,0.5600160811007102,53.0,23.0,29.0,1.0,0.4423076923076923,0.3073138456197602,0.5773015389956244,USD_CZK,H4,14,35,3,short,176
62.0,30.0,31.0,1.0,0.4918032786885246,0.3663439980277261,0.6172625593493231,27.0,14.0,13.0,0.0,0.5185185185185185,0.3300468310018606,0.7069902060351764,USD_CZK,H4,14,35,4,short,89
2.0,1.0,1.0,0.0,0.5,0.0,1.0,2.0,1.0,1.0,0.0,0.5,0.0,1.0,USD_CZK,H4,21,20,1,long,4
2.0,0.0,2.0,0.0,0.0,0.0,0.0,1.0,0.0,1.0,0.0,0.0,0.0,0.0,USD_CZK,H4,21,20,2,long,3
,,,,,,,,,,,,,,USD_CZK,H4,21,20,3,long,0
,,,,,,,,,,,,,,USD_CZK,H4,21,20,4,long,0
21.0,11.0,9.0,1.0,0.55,0.3319637644793876,0.7680362355206125,10.0,7.0,2.0,1.0,0.7777777777777778,0.5061611674786324,1.0,USD_CZK,H4,21,25,1,long,31
11.0,4.0,6.0,1.0,0.4,0.09635810565733854,0.7036418943426614,6.0,3.0,3.0,0.0,0.5,0.09991667534541426,0.9000833246545857,USD_CZK,H4,21,25,2,long,17
2.0,1.0,0.0,1.0,1.0,1.0,1.0,2.0,2.0,0.0,0.0,1.0,1.0,1.0,USD_CZK,H4,21,25,3,long,4
0.0,0.0,0.0,0.0,,,,1.0,1.0,0.0,0.0,1.0,1.0,1.0,USD_CZK,H4,21,25,4,long,1
116.0,43.0,67.0,6.0,0.39090909090909093,0.29972088467784397,0.4820972971403379,50.0,26.0,19.0,5.0,0.5777777777777777,0.4334663328356338,0.7220892227199216,USD_CZK,H4,21,30,1,long,166
60.0,22.0,35.0,3.0,0.38596491228070173,0.25958176960687573,0.5123480549545277,27.0,14.0,13.0,0.0,0.5185185185185185,0.3300468310018606,0.7069902060351764,USD_CZK,H4,21,30,2,long,87
28.0,14.0,11.0,3.0,0.56,0.36541631723086343,0.7545836827691367,12.0,8.0,4.0,0.0,0.6666666666666666,0.39994445023027614,0.9333888831030571,USD_CZK,H4,21,30,3,long,40
11.0,5.0,6.0,0.0,0.45454545454545453,0.1602878664116818,0.7488030426792273,6.0,3.0,3.0,0.0,0.5,0.09991667534541426,0.9000833246545857,USD_CZK,H4,21,30,4,long,17
321.0,136.0,175.0,10.0,0.43729903536977494,0.38216700758581446,0.4924310631537354,138.0,67.0,65.0,6.0,0.5075757575757576,0.4222874975885279,0.5928640175629872,USD_CZK,H4,21,35,1,long,459
158.0,62.0,90.0,6.0,0.40789473684210525,0.32976654219973867,0.48602293148447184,68.0,35.0,32.0,1.0,0.5223880597014925,0.40278208388577474,0.6419940355172102,USD_CZK,H4,21,35,2,long,226
81.0,32.0,44.0,5.0,0.42105263157894735,0.3100490452395808,0.5320562179183138,35.0,19.0,16.0,0.0,0.5428571428571428,0.3778165417918292,0.7078977439224564,USD_CZK,H4,21,35,3,long,116
37.0,17.0,19.0,1.0,0.4722222222222222,0.309141141291674,0.6353033031527704,17.0,8.0,8.0,1.0,0.5,0.255,0.745,USD_CZK,H4,21,35,4,long,54
2.0,0.0,2.0,0.0,0.0,0.0,0.0,2.0,1.0,1.0,0.0,0.5,0.0,1.0,USD_CZK,H4,21,20,1,short,4
1.0,0.0,1.0,0.0,0.0,0.0,0.0,1.0,0.0,1.0,0.0,0.0,0.0,0.0,USD_CZK,H4,21,20,2,short,2
0.0,0.0,0.0,0.0,,,,1.0,0.0,1.0,0.0,0.0,0.0,0.0,USD_CZK,H4,21,20,3,short,1
0.0,0.0,0.0,0.0,,,,1.0,0.0,1.0,0.0,0.0,0.0,0.0,USD_CZK,H4,21,20,4,short,1
28.0,15.0,13.0,0.0,0.5357142857142857,0.350984753695174,0.7204438177333974,13.0,5.0,8.0,0.0,0.38461538461538464,0.12014865879357278,0.6490821104371964,USD_CZK,H4,21,25,1,short,41
15.0,7.0,8.0,0.0,0.4666666666666667,0.2141946806886107,0.7191386526447227,7.0,1.0,6.0,0.0,0.14285714285714285,0.0,0.4020867707934573,USD_CZK,H4,21,25,2,short,22
6.0,3.0,3.0,0.0,0.5,0.09991667534541426,0.9000833246545857,3.0,1.0,2.0,0.0,0.3333333333333333,0.0,0.8667777662061142,USD_CZK,H4,21,25,3,short,9
5.0,2.0,3.0,0.0,0.4,0.0,0.8294144850840502,3.0,1.0,2.0,0.0,0.3333333333333333,0.0,0.8667777662061142,USD_CZK,H4,21,25,4,short,8
105.0,46.0,59.0,0.0,0.4380952380952381,0.34319287111074576,0.5329976050797305,46.0,17.0,28.0,1.0,0.37777777777777777,0.23611988504536344,0.5194356705101921,USD_CZK,H4,21,30,1,short,151
51.0,24.0,27.0,0.0,0.47058823529411764,0.33359841052463896,0.6075780600635963,23.0,11.0,12.0,0.0,0.4782608695652174,0.2741099770483661,0.6824117620820687,USD_CZK,H4,21,30,2,short,74
25.0,15.0,10.0,0.0,0.6,0.4079600041657988,0.7920399958342011,11.0,5.0,6.0,0.0,0.45454545454545453,0.1602878664116818,0.7488030426792273,USD_CZK,H4,21,30,3,short,36
14.0,8.0,6.0,0.0,0.5714285714285714,0.31219894349225696,0.8306581993648858,7.0,3.0,4.0,0.0,0.42857142857142855,0.06196537297496135,0.7951774841678958,USD_CZK,H4,21,30,4,short,21
317.0,141.0,172.0,4.0,0.4504792332268371,0.39535870829978026,0.5055997581538939,137.0,66.0,69.0,2.0,0.4888888888888889,0.4045647467285649,0.5732130310492128,USD_CZK,H4,21,35,1,short,454
150.0,69.0,80.0,1.0,0.46308724832214765,0.3830216031423669,0.5431528935019284,65.0,31.0,34.0,0.0,0.47692307692307695,0.3554985718868014,0.5983475819593524,USD_CZK,H4,21,35,2,short,215
78.0,35.0,43.0,0.0,0.44871794871794873,0.3383399749703639,0.5590959224655336,34.0,15.0,18.0,1.0,0.45454545454545453,0.28465575682533084,0.6244351522655782,USD_CZK,H4,21,35,3,short,112
39.0,16.0,23.0,0.0,0.41025641025641024,0.2558792420856332,0.5646335784271873,18.0,10.0,8.0,0.0,0.5555555555555556,0.3259976217062955,0.7851134894048157,USD_CZK,H4,21,35,4,short,57
,,,,,,,,,,,,,,USD_CZK,H4,28,20,1,long,0
,,,,,,,,,,,,,,USD_CZK,H4,28,20,2,long,0
,,,,,,,,,,,,,,USD_CZK,H4,28,20,3,long,0
,,,,,,,,,,,,,,USD_CZK,H4,28,20,4,long,0
4.0,3.0,1.0,0.0,0.75,0.3256475521456251,1.0,3.0,2.0,0.0,1.0,1.0,1.0,1.0,USD_CZK,H4,28,25,1,long,7
2.0,1.0,1.0,0.0,0.5,0.0,1.0,2.0,1.0,1.0,0.0,0.5,0.0,1.0,USD_CZK,H4,28,25,2,long,4
1.0,0.0,0.0,1.0,,,,1.0,1.0,0.0,0.0,1.0,1.0,1.0,USD_CZK,H4,28,25,3,long,2
1.0,0.0,1.0,0.0,0.0,0.0,0.0,1.0,1.0,0.0,0.0,1.0,1.0,1.0,USD_CZK,H4,28,25,4,long,2
54.0,20.0,30.0,4.0,0.4,0.2642072166866001,0.5357927833134,24.0,13.0,7.0,4.0,0.65,0.4409588557245249,0.8590411442754751,USD_CZK,H4,28,30,1,long,78
28.0,9.0,17.0,2.0,0.34615384615384615,0.16328414093967988,0.5290235513680124,13.0,6.0,6.0,1.0,0.5,0.21709836809708338,0.7829016319029166,USD_CZK,H4,28,30,2,long,41
12.0,3.0,6.0,3.0,0.3333333333333333,0.02534904641652591,0.6413176202501407,6.0,3.0,3.0,0.0,0.5,0.09991667534541426,0.9000833246545857,USD_CZK,H4,28,30,3,long,18
5.0,2.0,3.0,0.0,0.4,0.0,0.8294144850840502,3.0,1.0,2.0,0.0,0.3333333333333333,0.0,0.8667777662061142,USD_CZK,H4,28,30,4,long,8
211.0,87.0,116.0,8.0,0.42857142857142855,0.3604943930996875,0.4966484640431696,91.0,45.0,40.0,6.0,0.5294117647058824,0.4232999027194697,0.635523626692295,USD_CZK,H4,28,35,1,long,302
109.0,41.0,64.0,4.0,0.3904761904761905,0.2971606366140792,0.48379174433830174,47.0,21.0,25.0,1.0,0.45652173913043476,0.3125759464786233,0.6004675317822462,USD_CZK,H4,28,35,2,long,156
52.0,21.0,27.0,4.0,0.4375,0.2971586193419774,0.5778413806580226,23.0,13.0,10.0,0.0,0.5652173913043478,0.3626189995886204,0.7678157830200751,USD_CZK,H4,28,35,3,long,75
26.0,11.0,14.0,1.0,0.44,0.24541631723086335,0.6345836827691367,12.0,7.0,5.0,0.0,0.5833333333333334,0.30438856248221097,0.8622781041844558,USD_CZK,H4,28,35,4,long,38
0.0,0.0,0.0,0.0,,,,1.0,0.0,1.0,0.0,0.0,0.0,0.0,USD_CZK,H4,28,20,1,short,1
,,,,,,,,,,,,,,USD_CZK,H4,28,20,2,short,0
,,,,,,,,,,,,,,USD_CZK,H4,28,20,3,short,0
,,,,,,,,,,,,,,USD_CZK,H4,28,20,4,short,0
7.0,3.0,4.0,0.0,0.42857142857142855,0.06196537297496135,0.7951774841678958,3.0,2.0,1.0,0.0,0.6666666666666666,0.13322223379388565,1.0,USD_CZK,H4,28,25,1,short,10
3.0,1.0,2.0,0.0,0.3333333333333333,0.0,0.8667777662061142,2.0,1.0,1.0,0.0,0.5,0.0,1.0,USD_CZK,H4,28,25,2,short,5
2.0,1.0,1.0,0.0,0.5,0.0,1.0,1.0,1.0,0.0,0.0,1.0,1.0,1.0,USD_CZK,H4,28,25,3,short,3
1.0,0.0,1.0,0.0,0.0,0.0,0.0,1.0,1.0,0.0,0.0,1.0,1.0,1.0,USD_CZK,H4,28,25,4,short,2
49.0,27.0,22.0,0.0,0.5510204081632653,0.4117511783695059,0.6902896379570246,22.0,9.0,13.0,0.0,0.4090909090909091,0.20363672932088425,0.614545088860934,USD_CZK,H4,28,30,1,short,71
27.0,13.0,14.0,0.0,0.48148148148148145,0.29300979396482363,0.6699531689981393,12.0,3.0,9.0,0.0,0.25,0.0050000000000000044,0.495,USD_CZK,H4,28,30,2,short,39
11.0,8.0,3.0,0.0,0.7272727272727273,0.4640807392878268,0.9904647152576278,6.0,1.0,5.0,0.0,0.16666666666666666,0.0,0.4648711701972571,USD_CZK,H4,28,30,3,short,17
7.0,4.0,3.0,0.0,0.5714285714285714,0.2048225158321042,0.9380346270250386,4.0,1.0,3.0,0.0,0.25,0.0,0.674352447854375,USD_CZK,H4,28,30,4,short,11
192.0,90.0,102.0,0.0,0.46875,0.3981628627488513,0.5393371372511486,83.0,40.0,41.0,2.0,0.49382716049382713,0.38494657011418243,0.6027077508734718,USD_CZK,H4,28,35,1,short,275
93.0,44.0,49.0,0.0,0.4731182795698925,0.37164398829071976,0.5745925708490652,41.0,20.0,21.0,0.0,0.4878048780487805,0.33480012175345375,0.6408096343441072,USD_CZK,H4,28,35,2,short,134
46.0,23.0,23.0,0.0,0.5,0.3555068829682008,0.6444931170317991,20.0,10.0,9.0,1.0,0.5263157894736842,0.3017999815449016,0.7508315974024667,USD_CZK,H4,28,35,3,short,66
25.0,11.0,14.0,0.0,0.44,0.24541631723086335,0.6345836827691367,11.0,6.0,5.0,0.0,0.5454545454545454,0.2511969573207727,0.8397121335883182,USD_CZK,H4,28,35,4,short,36
242.0,93.0,146.0,3.0,0.3891213389121339,0.32730872317583587,0.45093395464843194,105.0,46.0,58.0,1.0,0.4423076923076923,0.34685262789619836,0.5377627567191863,USD_HUF,H4,7,20,1,long,347
115.0,52.0,63.0,0.0,0.45217391304347826,0.36120746077407767,0.5431403653128788,50.0,22.0,28.0,0.0,0.44,0.3024085584056915,0.5775914415943085,USD_HUF,H4,7,20,2,long,165
52.0,22.0,30.0,0.0,0.4230769230769231,0.2887933082441275,0.5573605379097186,23.0,13.0,10.0,0.0,0.5652173913043478,0.3626189995886204,0.7678157830200751,USD_HUF,H4,7,20,3,long,75
21.0,12.0,9.0,0.0,0.5714285714285714,0.35976846654340416,0.7830886763137386,9.0,5.0,4.0,0.0,0.5555555555555556,0.23091161215558614,0.8801994989555251,USD_HUF,H4,7,20,4,long,30
457.0,183.0,270.0,4.0,0.40397350993377484,0.3587862304481949,0.4491607894193548,196.0,91.0,104.0,1.0,0.4666666666666667,0.3966435365849662,0.5366897967483671,USD_HUF,H4,7,25,1,long,653
220.0,102.0,118.0,0.0,0.4636363636363636,0.3977397435565644,0.5295329837161629,95.0,44.0,51.0,0.0,0.4631578947368421,0.3628853377581544,0.5634304517155299,USD_HUF,H4,7,25,2,long,315
112.0,49.0,63.0,0.0,0.4375,0.345625,0.529375,48.0,23.0,25.0,0.0,0.4791666666666667,0.3378386912211856,0.6204946421121478,USD_HUF,H4,7,25,3,long,160
47.0,24.0,23.0,0.0,0.5106382978723404,0.367722965614364,0.6535536301303168,21.0,12.0,9.0,0.0,0.5714285714285714,0.35976846654340416,0.7830886763137386,USD_HUF,H4,7,25,4,long,68
701.0,300.0,394.0,7.0,0.4322766570605187,0.3954191799969491,0.46913413412408833,301.0,149.0,150.0,2.0,0.4983277591973244,0.4416532128354823,0.5550023055591665,USD_HUF,H4,7,30,1,long,1002
336.0,158.0,177.0,1.0,0.4716417910447761,0.418184858140006,0.5250987239495463,145.0,70.0,75.0,0.0,0.4827586206896552,0.40142245041958224,0.5640947909597281,USD_HUF,H4,7,30,2,long,481
167.0,81.0,86.0,0.0,0.48502994011976047,0.4092292604625264,0.5608306197769946,72.0,35.0,37.0,0.0,0.4861111111111111,0.37066157002778255,0.6015606521944397,USD_HUF,H4,7,30,3,long,239
74.0,39.0,35.0,0.0,0.527027027027027,0.41327089478160517,0.6407831592724488,33.0,19.0,14.0,0.0,0.5757575757575758,0.40713101598803636,0.7443841355271152,USD_HUF,H4,7,30,4,long,107
978.0,414.0,556.0,8.0,0.4268041237113402,0.3956772118234173,0.45793103559926307,420.0,203.0,215.0,2.0,0.48564593301435405,0.4377323225662706,0.5335595434624375,USD_HUF,H4,7,35,1,long,1398
478.0,217.0,259.0,2.0,0.45588235294117646,0.41113932293681604,0.5006253829455369,205.0,96.0,109.0,0.0,0.4682926829268293,0.3999842778359328,0.5366010880177258,USD_HUF,H4,7,35,2,long,683
231.0,106.0,125.0,0.0,0.4588744588744589,0.3946136717835126,0.5231352459654052,100.0,53.0,47.0,0.0,0.53,0.4321765590464126,0.6278234409535874,USD_HUF,H4,7,35,3,long,331
109.0,54.0,54.0,1.0,0.5,0.4056994560323611,0.5943005439676389,47.0,28.0,19.0,0.0,0.5957446808510638,0.45544228068730375,0.7360470810148239,USD_HUF,H4,7,35,4,long,156
269.0,99.0,166.0,4.0,0.37358490566037733,0.3153398718410457,0.43182993947970894,116.0,60.0,56.0,0.0,0.5172413793103449,0.42630477643365455,0.6081779821870352,USD_HUF,H4,7,20,1,short,385
132.0,43.0,87.0,2.0,0.33076923076923076,0.2498903938959009,0.4116480676425606,57.0,31.0,26.0,0.0,0.543859649122807,0.4145558429986815,0.6731634552469326,USD_HUF,H4,7,20,2,short,189
58.0,17.0,40.0,1.0,0.2982456140350877,0.17947794193139333,0.4170132861387821,25.0,12.0,13.0,0.0,0.48,0.2841568627702262,0.6758431372297737,USD_HUF,H4,7,20,3,short,83
31.0,7.0,23.0,1.0,0.23333333333333334,0.08198169469496736,0.3846849719716993,14.0,7.0,7.0,0.0,0.5,0.2380839829258241,0.7619160170741759,USD_HUF,H4,7,20,4,short,45
474.0,178.0,292.0,4.0,0.37872340425531914,0.334869252883229,0.4225775556274093,204.0,107.0,97.0,0.0,0.5245098039215687,0.45597856609801357,0.5930410417451237,USD_HUF,H4,7,25,1,short,678
234.0,76.0,156.0,2.0,0.3275862068965517,0.2671922910715408,0.3879801227215626,101.0,52.0,49.0,0.0,0.5148514851485149,0.41738086650840117,0.6123221037886286,USD_HUF,H4,7,25,2,short,335
114.0,34.0,79.0,1.0,0.3008849557522124,0.21631980833231784,0.385450103172107,49.0,22.0,27.0,0.0,0.4489795918367347,0.30971036204297536,0.588248821630494,USD_HUF,H4,7,25,3,short,163
57.0,18.0,38.0,1.0,0.32142857142857145,0.19910727320132077,0.44374986965582214,25.0,12.0,13.0,0.0,0.48,0.2841568627702262,0.6758431372297737,USD_HUF,H4,7,25,4,short,82
703.0,284.0,411.0,8.0,0.40863309352517985,0.372085486594258,0.4451807004561017,302.0,155.0,147.0,0.0,0.5132450331125827,0.45687215952685706,0.5696179066983085,USD_HUF,H4,7,30,1,short,1005
357.0,132.0,220.0,5.0,0.375,0.32442447703950783,0.42557552296049217,153.0,72.0,81.0,0.0,0.47058823529411764,0.39149712308721946,0.5496793475010158,USD_HUF,H4,7,30,2,short,510
170.0,56.0,113.0,1.0,0.33136094674556216,0.2603934887015956,0.4023284047895287,73.0,32.0,41.0,0.0,0.4383561643835616,0.3245308918824124,0.5521814368847109,USD_HUF,H4,7,30,3,short,243
81.0,30.0,50.0,1.0,0.375,0.26891188803640625,0.48108811196359375,35.0,16.0,19.0,0.0,0.45714285714285713,0.2921022560775435,0.6221834582081708,USD_HUF,H4,7,30,4,short,116
975.0,393.0,572.0,10.0,0.4072538860103627,0.3762540503919074,0.43825372162881804,419.0,213.0,206.0,0.0,0.5083532219570406,0.4604837707266501,0.556222673187431,USD_HUF,H4,7,35,1,short,1394
481.0,192.0,284.0,5.0,0.40336134453781514,0.359290088651929,0.44743260042370125,207.0,95.0,112.0,0.0,0.45893719806763283,0.39105258183931946,0.5268218142959462,USD_HUF,H4,7,35,2,short,688
229.0,89.0,139.0,1.0,0.39035087719298245,0.3270286466933052,0.45367310769265967,99.0,42.0,57.0,0.0,0.42424242424242425,0.3268858345669602,0.5215990139178883,USD_HUF,H4,7,35,3,short,328
109.0,48.0,60.0,1.0,0.4444444444444444,0.35072781038806744,0.5381610785008214,47.0,19.0,28.0,0.0,0.40425531914893614,0.26395291898517614,0.5445577193126961,USD_HUF,H4,7,35,4,short,156
29.0,8.0,21.0,0.0,0.27586206896551724,0.11318972842537128,0.4385344095056632,13.0,7.0,6.0,0.0,0.5384615384615384,0.2674637865884742,0.8094592903346027,USD_HUF,H4,14,20,1,long,42
14.0,3.0,11.0,0.0,0.21428571428571427,0.0,0.42922756688776104,7.0,2.0,5.0,0.0,0.2857142857142857,0.0,0.6203782963279159,USD_HUF,H4,14,20,2,long,21
4.0,1.0,3.0,0.0,0.25,0.0,0.674352447854375,3.0,2.0,1.0,0.0,0.6666666666666666,0.13322223379388565,1.0,USD_HUF,H4,14,20,3,long,7
2.0,0.0,2.0,0.0,0.0,0.0,0.0,1.0,1.0,0.0,0.0,1.0,1.0,1.0,USD_HUF,H4,14,20,4,long,3
124.0,34.0,89.0,1.0,0.2764227642276423,0.19738532406253573,0.35546020439274884,54.0,29.0,24.0,1.0,0.5471698113207547,0.4131568244683743,0.6811827981731351,USD_HUF,H4,14,25,1,long,178
57.0,21.0,36.0,0.0,0.3684210526315789,0.24319211808556918,0.4936499871775887,25.0,10.0,15.0,0.0,0.4,0.20796000416579888,0.5920399958342012,USD_HUF,H4,14,25,2,long,82
23.0,11.0,12.0,0.0,0.4782608695652174,0.2741099770483661,0.6824117620820687,10.0,5.0,5.0,0.0,0.5,0.19009678930349883,0.8099032106965012,USD_HUF,H4,14,25,3,long,33
10.0,6.0,4.0,0.0,0.6,0.2963581056573385,0.9036418943426614,5.0,4.0,1.0,0.0,0.8,0.44938454112803305,1.0,USD_HUF,H4,14,25,4,long,15
284.0,110.0,167.0,7.0,0.3971119133574007,0.3394895593945054,0.454734267320296,123.0,61.0,61.0,1.0,0.5,0.4112749688783318,0.5887250311216682,USD_HUF,H4,14,30,1,long,407
139.0,62.0,77.0,0.0,0.4460431654676259,0.3634060635052082,0.5286802674300436,60.0,29.0,31.0,0.0,0.48333333333333334,0.35688618436791986,0.6097804822987468,USD_HUF,H4,14,30,2,long,199
69.0,30.0,39.0,0.0,0.43478260869565216,0.3178123727011917,0.5517528446901125,30.0,16.0,14.0,0.0,0.5333333333333333,0.354808679988615,0.7118579866780517,USD_HUF,H4,14,30,3,long,99
26.0,11.0,15.0,0.0,0.4230769230769231,0.23317121377589872,0.6129826323779475,12.0,7.0,5.0,0.0,0.5833333333333334,0.30438856248221097,0.8622781041844558,USD_HUF,H4,14,30,4,long,38
558.0,230.0,321.0,7.0,0.41742286751361163,0.37624677724866545,0.4585989577785578,240.0,115.0,124.0,1.0,0.4811715481171548,0.41782557929500963,0.5445175169393,USD_HUF,H4,14,35,1,long,798
270.0,120.0,150.0,0.0,0.4444444444444444,0.3851728407919132,0.5037160480969757,117.0,52.0,65.0,0.0,0.4444444444444444,0.3544044148907968,0.5344844739980921,USD_HUF,H4,14,35,2,long,387
131.0,58.0,73.0,0.0,0.44274809160305345,0.3576882529238897,0.5278079302822172,57.0,30.0,27.0,0.0,0.5263157894736842,0.39669152732867524,0.6559400516186931,USD_HUF,H4,14,35,3,long,188
57.0,29.0,28.0,0.0,0.5087719298245614,0.37898773638844124,0.6385561232606816,25.0,12.0,13.0,0.0,0.48,0.2841568627702262,0.6758431372297737,USD_HUF,H4,14,35,4,long,82
40.0,19.0,20.0,1.0,0.48717948717948717,0.33030549125404296,0.6440534831049314,18.0,4.0,14.0,0.0,0.2222222222222222,0.03016027519679268,0.41428416924765177,USD_HUF,H4,14,20,1,short,58
17.0,6.0,10.0,1.0,0.375,0.13777977004479572,0.6122202299552043,8.0,3.0,5.0,0.0,0.375,0.03951993352808575,0.7104800664719142,USD_HUF,H4,14,20,2,short,25
4.0,2.0,2.0,0.0,0.5,0.010000000000000009,0.99,3.0,1.0,2.0,0.0,0.3333333333333333,0.0,0.8667777662061142,USD_HUF,H4,14,20,3,short,7
3.0,2.0,1.0,0.0,0.6666666666666666,0.13322223379388565,1.0,2.0,0.0,2.0,0.0,0.0,0.0,0.0,USD_HUF,H4,14,20,4,short,5
138.0,51.0,83.0,4.0,0.3805970149253731,0.2983873253995155,0.46280670445123073,60.0,28.0,32.0,0.0,0.4666666666666667,0.3404306736776387,0.5929026596556947,USD_HUF,H4,14,25,1,short,198
63.0,18.0,43.0,2.0,0.29508196721311475,0.1806277500694189,0.4095361843568106,28.0,14.0,14.0,0.0,0.5,0.31479740822547864,0.6852025917745214,USD_HUF,H4,14,25,2,short,91
31.0,6.0,24.0,1.0,0.2,0.056861838305316575,0.3431381616946835,14.0,4.0,10.0,0.0,0.2857142857142857,0.04907109439030105,0.5223574770382704,USD_HUF,H4,14,25,3,short,45
16.0,3.0,12.0,1.0,0.2,0.0,0.4024279295617743,7.0,1.0,6.0,0.0,0.14285714285714285,0.0,0.4020867707934573,USD_HUF,H4,14,25,4,short,23
324.0,129.0,191.0,4.0,0.403125,0.3493794337766186,0.4568705662233814,139.0,73.0,66.0,0.0,0.5251798561151079,0.44216281145071856,0.6081969007794972,USD_HUF,H4,14,30,1,short,463
154.0,52.0,99.0,3.0,0.3443708609271523,0.2685812077765465,0.4201605140777581,66.0,37.0,29.0,0.0,0.5606060606060606,0.44086584686960245,0.6803462743425186,USD_HUF,H4,14,30,2,short,220
76.0,21.0,54.0,1.0,0.28,0.17838198584896478,0.38161801415103525,33.0,13.0,20.0,0.0,0.3939393939393939,0.22722548461529885,0.5606533032634891,USD_HUF,H4,14,30,3,short,109
37.0,10.0,26.0,1.0,0.2777777777777778,0.13146272975310042,0.42409282580245516,17.0,6.0,11.0,0.0,0.35294117647058826,0.12576925204214065,0.5801131008990359,USD_HUF,H4,14,30,4,short,54
581.0,228.0,347.0,6.0,0.39652173913043476,0.3565377182833079,0.43650575997756164,249.0,121.0,128.0,0.0,0.4859437751004016,0.4238633444865308,0.5480242057142723,USD_HUF,H4,14,35,1,short,830
287.0,98.0,185.0,4.0,0.3462897526501767,0.2908558671923629,0.4017236381079905,123.0,62.0,61.0,0.0,0.5040650406504065,0.4157043368404796,0.5924257444603334,USD_HUF,H4,14,35,2,short,410
134.0,41.0,92.0,1.0,0.3082706766917293,0.22978969046571018,0.38675166291774843,58.0,26.0,32.0,0.0,0.4482758620689655,0.3202859489808223,0.5762657751571088,USD_HUF,H4,14,35,3,short,192
62.0,20.0,41.0,1.0,0.32786885245901637,0.21006262599004488,0.44567507892798786,27.0,14.0,13.0,0.0,0.5185185185185185,0.3300468310018606,0.7069902060351764,USD_HUF,H4,14,35,4,short,89
2.0,0.0,2.0,0.0,0.0,0.0,0.0,1.0,1.0,0.0,0.0,1.0,1.0,1.0,USD_HUF,H4,21,20,1,long,3
0.0,0.0,0.0,0.0,,,,1.0,0.0,1.0,0.0,0.0,0.0,0.0,USD_HUF,H4,21,20,2,long,1
,,,,,,,,,,,,,,USD_HUF,H4,21,20,3,long,0
,,,,,,,,,,,,,,USD_HUF,H4,21,20,4,long,0
31.0,9.0,22.0,0.0,0.2903225806451613,0.13053385773082313,0.45011130355949946,14.0,9.0,5.0,0.0,0.6428571428571429,0.39185913489692026,0.8938551508173656,USD_HUF,H4,21,25,1,long,45
18.0,5.0,13.0,0.0,0.2777777777777778,0.0708570524820083,0.4846985030735473,8.0,3.0,5.0,0.0,0.375,0.03951993352808575,0.7104800664719142,USD_HUF,H4,21,25,2,long,26
7.0,3.0,4.0,0.0,0.42857142857142855,0.06196537297496135,0.7951774841678958,4.0,2.0,2.0,0.0,0.5,0.010000000000000009,0.99,USD_HUF,H4,21,25,3,long,11
3.0,0.0,3.0,0.0,0.0,0.0,0.0,2.0,2.0,0.0,0.0,1.0,1.0,1.0,USD_HUF,H4,21,25,4,long,5
144.0,48.0,95.0,1.0,0.3356643356643357,0.2582654983976256,0.4130631729310458,62.0,29.0,33.0,0.0,0.46774193548387094,0.3435411032312867,0.5919427677364552,USD_HUF,H4,21,30,1,long,206
70.0,26.0,44.0,0.0,0.37142857142857144,0.2582349320312979,0.484622210825845,30.0,10.0,20.0,0.0,0.3333333333333333,0.1646433920318547,0.5020232746348119,USD_HUF,H4,21,30,2,long,100
32.0,11.0,21.0,0.0,0.34375,0.17918514410155795,0.508314855898442,15.0,6.0,9.0,0.0,0.4,0.15207743144279912,0.647922568557201,USD_HUF,H4,21,30,3,long,47
13.0,3.0,10.0,0.0,0.23076923076923078,0.0017343277518477307,0.45980413378661383,6.0,3.0,3.0,0.0,0.5,0.09991667534541426,0.9000833246545857,USD_HUF,H4,21,30,4,long,19
333.0,133.0,193.0,7.0,0.40797546012269936,0.35462549421386885,0.4613254260315299,143.0,87.0,55.0,1.0,0.6126760563380281,0.5325517051455564,0.6928004075304999,USD_HUF,H4,21,35,1,long,476
170.0,77.0,93.0,0.0,0.45294117647058824,0.37811224802399823,0.5277701049171782,73.0,37.0,36.0,0.0,0.5068493150684932,0.3921597532206488,0.6215388769163376,USD_HUF,H4,21,35,2,long,243
88.0,41.0,47.0,0.0,0.4659090909090909,0.3616838469235442,0.5701343348946375,38.0,23.0,15.0,0.0,0.6052631578947368,0.4498491272494405,0.7606771885400332,USD_HUF,H4,21,35,3,long,126
37.0,17.0,20.0,0.0,0.4594594594594595,0.2988789084592695,0.6200400104596495,16.0,10.0,6.0,0.0,0.625,0.3877797700447957,0.8622202299552043,USD_HUF,H4,21,35,4,long,53
6.0,3.0,3.0,0.0,0.5,0.09991667534541426,0.9000833246545857,3.0,1.0,2.0,0.0,0.3333333333333333,0.0,0.8667777662061142,USD_HUF,H4,21,20,1,short,9
1.0,0.0,1.0,0.0,0.0,0.0,0.0,1.0,0.0,1.0,0.0,0.0,0.0,0.0,USD_HUF,H4,21,20,2,short,2
,,,,,,,,,,,,,,USD_HUF,H4,21,20,3,short,0
,,,,,,,,,,,,,,USD_HUF,H4,21,20,4,short,0
39.0,21.0,17.0,1.0,0.5526315789473685,0.3945377985882126,0.7107253593065244,18.0,4.0,14.0,0.0,0.2222222222222222,0.03016027519679268,0.41428416924765177,USD_HUF,H4,21,25,1,short,57
18.0,5.0,12.0,1.0,0.29411764705882354,0.07751771578937186,0.5107175783282752,9.0,4.0,5.0,0.0,0.4444444444444444,0.11980050104447498,0.7690883878444139,USD_HUF,H4,21,25,2,short,27
4.0,1.0,3.0,0.0,0.25,0.0,0.674352447854375,3.0,1.0,2.0,0.0,0.3333333333333333,0.0,0.8667777662061142,USD_HUF,H4,21,25,3,short,7
3.0,1.0,2.0,0.0,0.3333333333333333,0.0,0.8667777662061142,2.0,0.0,2.0,0.0,0.0,0.0,0.0,USD_HUF,H4,21,25,4,short,5
149.0,57.0,88.0,4.0,0.3931034482758621,0.31360057365575345,0.4726063228959707,65.0,31.0,34.0,0.0,0.47692307692307695,0.3554985718868014,0.5983475819593524,USD_HUF,H4,21,30,1,short,214
65.0,21.0,42.0,2.0,0.3333333333333333,0.2169262146336996,0.44974045203296703,29.0,14.0,15.0,0.0,0.4827586206896552,0.3008854149362746,0.6646318264430358,USD_HUF,H4,21,30,2,short,94
29.0,6.0,22.0,1.0,0.21428571428571427,0.062298872750007644,0.36627255582142093,13.0,5.0,8.0,0.0,0.38461538461538464,0.12014865879357278,0.6490821104371964,USD_HUF,H4,21,30,3,short,42
14.0,3.0,10.0,1.0,0.23076923076923078,0.0017343277518477307,0.45980413378661383,6.0,0.0,6.0,0.0,0.0,0.0,0.0,USD_HUF,H4,21,30,4,short,20
385.0,149.0,230.0,6.0,0.39313984168865435,0.3439637161701698,0.4423159672071389,166.0,77.0,89.0,0.0,0.463855421686747,0.3879916718932992,0.5397191714801948,USD_HUF,H4,21,35,1,short,551
177.0,62.0,112.0,3.0,0.3563218390804598,0.2851616562861798,0.42748202187473977,77.0,38.0,39.0,0.0,0.4935064935064935,0.38183454720266685,0.6051784398103202,USD_HUF,H4,21,35,2,short,254
84.0,27.0,56.0,1.0,0.3253012048192771,0.22451181212430482,0.4260905975142494,37.0,14.0,23.0,0.0,0.3783783783783784,0.22210628815857164,0.5346504685981852,USD_HUF,H4,21,35,3,short,121
41.0,13.0,27.0,1.0,0.325,0.1798491302127335,0.4701508697872665,18.0,6.0,12.0,0.0,0.3333333333333333,0.11555555555555552,0.5511111111111111,USD_HUF,H4,21,35,4,short,59
,,,,,,,,,,,,,,USD_HUF,H4,28,20,1,long,0
,,,,,,,,,,,,,,USD_HUF,H4,28,20,2,long,0
,,,,,,,,,,,,,,USD_HUF,H4,28,20,3,long,0
,,,,,,,,,,,,,,USD_HUF,H4,28,20,4,long,0
5.0,1.0,4.0,0.0,0.2,0.0,0.5506154588719672,3.0,3.0,0.0,0.0,1.0,1.0,1.0,USD_HUF,H4,28,25,1,long,8
3.0,0.0,3.0,0.0,0.0,0.0,0.0,2.0,1.0,1.0,0.0,0.5,0.0,1.0,USD_HUF,H4,28,25,2,long,5
1.0,1.0,0.0,0.0,1.0,1.0,1.0,1.0,0.0,1.0,0.0,0.0,0.0,0.0,USD_HUF,H4,28,25,3,long,2
0.0,0.0,0.0,0.0,,,,1.0,0.0,1.0,0.0,0.0,0.0,0.0,USD_HUF,H4,28,25,4,long,1
64.0,21.0,42.0,1.0,0.3333333333333333,0.2169262146336996,0.44974045203296703,28.0,16.0,12.0,0.0,0.5714285714285714,0.3881255436303378,0.754731599226805,USD_HUF,H4,28,30,1,long,92
34.0,10.0,24.0,0.0,0.29411764705882354,0.14095836685365412,0.44727692726399293,15.0,6.0,9.0,0.0,0.4,0.15207743144279912,0.647922568557201,USD_HUF,H4,28,30,2,long,49
14.0,6.0,8.0,0.0,0.42857142857142855,0.16934180063511417,0.6878010565077429,7.0,4.0,3.0,0.0,0.5714285714285714,0.2048225158321042,0.9380346270250386,USD_HUF,H4,28,30,3,long,21
7.0,2.0,5.0,0.0,0.2857142857142857,0.0,0.6203782963279159,3.0,2.0,1.0,0.0,0.6666666666666666,0.13322223379388565,1.0,USD_HUF,H4,28,30,4,long,10
212.0,69.0,140.0,3.0,0.33014354066985646,0.26638693239494243,0.3939001489447705,91.0,47.0,43.0,1.0,0.5222222222222223,0.41902322817134086,0.6254212162731037,USD_HUF,H4,28,35,1,long,303
98.0,33.0,65.0,0.0,0.336734693877551,0.24316599162719207,0.4303033961279099,43.0,21.0,22.0,0.0,0.4883720930232558,0.33896391292128136,0.6377802731252302,USD_HUF,H4,28,35,2,long,141
49.0,17.0,32.0,0.0,0.3469387755102041,0.2136598750565972,0.48021767596381093,21.0,12.0,9.0,0.0,0.5714285714285714,0.35976846654340416,0.7830886763137386,USD_HUF,H4,28,35,3,long,70
18.0,5.0,13.0,0.0,0.2777777777777778,0.0708570524820083,0.4846985030735473,8.0,5.0,3.0,0.0,0.625,0.28951993352808575,0.9604800664719142,USD_HUF,H4,28,35,4,long,26
0.0,0.0,0.0,0.0,,,,1.0,0.0,1.0,0.0,0.0,0.0,0.0,USD_HUF,H4,28,20,1,short,1
,,,,,,,,,,,,,,USD_HUF,H4,28,20,2,short,0
,,,,,,,,,,,,,,USD_HUF,H4,28,20,3,short,0
,,,,,,,,,,,,,,USD_HUF,H4,28,20,4,short,0
14.0,10.0,4.0,0.0,0.7142857142857143,0.47764252296172965,0.950928905609699,7.0,1.0,6.0,0.0,0.14285714285714285,0.0,0.4020867707934573,USD_HUF,H4,28,25,1,short,21
6.0,4.0,2.0,0.0,0.6666666666666666,0.28946449079611114,1.0,3.0,1.0,2.0,0.0,0.3333333333333333,0.0,0.8667777662061142,USD_HUF,H4,28,25,2,short,9
2.0,1.0,1.0,0.0,0.5,0.0,1.0,1.0,0.0,1.0,0.0,0.0,0.0,0.0,USD_HUF,H4,28,25,3,short,3
2.0,1.0,1.0,0.0,0.5,0.0,1.0,1.0,0.0,1.0,0.0,0.0,0.0,0.0,USD_HUF,H4,28,25,4,short,3
69.0,29.0,38.0,2.0,0.43283582089552236,0.3141948575152511,0.5514767842757936,30.0,8.0,22.0,0.0,0.26666666666666666,0.10842147482583778,0.4249118585074956,USD_HUF,H4,28,30,1,short,99
35.0,9.0,24.0,2.0,0.2727272727272727,0.12077330761563765,0.42468123783890777,15.0,4.0,11.0,0.0,0.26666666666666666,0.0428741701850342,0.4904591631482991,USD_HUF,H4,28,30,2,short,50
14.0,3.0,10.0,1.0,0.23076923076923078,0.0017343277518477307,0.45980413378661383,6.0,1.0,5.0,0.0,0.16666666666666666,0.0,0.4648711701972571,USD_HUF,H4,28,30,3,short,20
8.0,1.0,6.0,1.0,0.14285714285714285,0.0,0.4020867707934573,4.0,0.0,4.0,0.0,0.0,0.0,0.0,USD_HUF,H4,28,30,4,short,12
256.0,91.0,159.0,6.0,0.364,0.3043561984310188,0.4236438015689812,110.0,54.0,56.0,0.0,0.4909090909090909,0.3974852029576149,0.5843329788605669,USD_HUF,H4,28,35,1,short,366
114.0,38.0,74.0,2.0,0.3392857142857143,0.2515984147492364,0.4269730138221922,49.0,23.0,26.0,0.0,0.46938775510204084,0.32965039212332675,0.6091251180807549,USD_HUF,H4,28,35,2,short,163
53.0,13.0,39.0,1.0,0.25,0.13230580695326094,0.36769419304673906,23.0,9.0,14.0,0.0,0.391304347826087,0.19184720669911723,0.5907614889530567,USD_HUF,H4,28,35,3,short,76
23.0,6.0,16.0,1.0,0.2727272727272727,0.0866224332691812,0.45883211218536424,10.0,3.0,7.0,0.0,0.3,0.015969015774687012,0.584030984225313,USD_HUF,H4,28,35,4,short,33
237.0,88.0,108.0,41.0,0.4489795918367347,0.379344976939855,0.5186142067336144,102.0,40.0,40.0,22.0,0.5,0.3904326691025103,0.6095673308974897,EUR_HUF,H4,7,20,1,long,339
108.0,41.0,49.0,18.0,0.45555555555555555,0.3526633976467913,0.5584477134643199,47.0,25.0,17.0,5.0,0.5952380952380952,0.4467893261726798,0.7436868643035106,EUR_HUF,H4,7,20,2,long,155
53.0,23.0,24.0,6.0,0.48936170212765956,0.34644636986968314,0.632277034385636,23.0,13.0,7.0,3.0,0.65,0.4409588557245249,0.8590411442754751,EUR_HUF,H4,7,20,3,long,76
28.0,13.0,13.0,2.0,0.5,0.30780618756457967,0.6921938124354203,13.0,8.0,3.0,2.0,0.7272727272727273,0.4640807392878268,0.9904647152576278,EUR_HUF,H4,7,20,4,long,41
451.0,163.0,209.0,79.0,0.4381720430107527,0.38775137365858175,0.4885927123629236,194.0,74.0,88.0,32.0,0.4567901234567901,0.3800821082834932,0.533498138630087,EUR_HUF,H4,7,25,1,long,645
207.0,80.0,92.0,35.0,0.46511627906976744,0.3905740615601333,0.5396584965794016,90.0,41.0,39.0,10.0,0.5125,0.4029669142450556,0.6220330857549443,EUR_HUF,H4,7,25,2,long,297
93.0,37.0,44.0,12.0,0.4567901234567901,0.34830860805599245,0.5652716388575878,41.0,21.0,17.0,3.0,0.5526315789473685,0.3945377985882126,0.7107253593065244,EUR_HUF,H4,7,25,3,long,134
47.0,18.0,22.0,7.0,0.45,0.2958250993189877,0.6041749006810123,21.0,10.0,9.0,2.0,0.5263157894736842,0.3017999815449016,0.7508315974024667,EUR_HUF,H4,7,25,4,long,68
731.0,258.0,351.0,122.0,0.4236453201970443,0.3843994879087242,0.46289115248536444,314.0,126.0,138.0,50.0,0.4772727272727273,0.41702023761967283,0.5375252169257818,EUR_HUF,H4,7,30,1,long,1045
351.0,133.0,160.0,58.0,0.4539249146757679,0.3969163045977845,0.5109335247537513,151.0,62.0,69.0,20.0,0.4732824427480916,0.38778177274170555,0.5587831127544777,EUR_HUF,H4,7,30,2,long,502
162.0,60.0,81.0,21.0,0.425531914893617,0.34392150915842046,0.5071423206288136,70.0,34.0,30.0,6.0,0.53125,0.40898949192017275,0.6535105080798272,EUR_HUF,H4,7,30,3,long,232
76.0,30.0,36.0,10.0,0.45454545454545453,0.3344152972338223,0.5746756118570867,33.0,12.0,16.0,5.0,0.42857142857142855,0.24526840077319495,0.6118744563696621,EUR_HUF,H4,7,30,4,long,109
1056.0,362.0,511.0,183.0,0.4146620847651776,0.38198077592169755,0.4473433936086576,453.0,186.0,201.0,66.0,0.4806201550387597,0.43084138923758836,0.530398920839931,EUR_HUF,H4,7,35,1,long,1509
499.0,180.0,246.0,73.0,0.4225352112676056,0.37562736655004497,0.4694430559851663,214.0,86.0,100.0,28.0,0.46236559139784944,0.3907123435371158,0.5340188392585831,EUR_HUF,H4,7,35,2,long,713
223.0,84.0,114.0,25.0,0.42424242424242425,0.35540091948970737,0.49308392899514114,96.0,46.0,41.0,9.0,0.5287356321839081,0.42384226265749547,0.6336290017103207,EUR_HUF,H4,7,35,3,long,319
105.0,42.0,49.0,14.0,0.46153846153846156,0.3591109390650735,0.5639659840118496,46.0,18.0,22.0,6.0,0.45,0.2958250993189877,0.6041749006810123,EUR_HUF,H4,7,35,4,long,151
303.0,82.0,169.0,52.0,0.32669322709163345,0.26867081654685815,0.38471563763640876,131.0,53.0,67.0,11.0,0.44166666666666665,0.35281623575001847,0.5305170975833149,EUR_HUF,H4,7,20,1,short,434
136.0,37.0,83.0,16.0,0.30833333333333335,0.2257059289025819,0.3909607377640848,59.0,23.0,32.0,4.0,0.41818181818181815,0.28781983933186,0.5485437970317764,EUR_HUF,H4,7,20,2,short,195
54.0,21.0,28.0,5.0,0.42857142857142855,0.2900073639659184,0.5671354931769387,24.0,8.0,15.0,1.0,0.34782608695652173,0.15317584838060608,0.5424763255324374,EUR_HUF,H4,7,20,3,short,78
24.0,9.0,11.0,4.0,0.45,0.23196376447938752,0.6680362355206125,11.0,5.0,5.0,1.0,0.5,0.19009678930349883,0.8099032106965012,EUR_HUF,H4,7,20,4,short,35
517.0,140.0,291.0,86.0,0.3248259860788863,0.28061291540555433,0.36903905675221826,222.0,85.0,113.0,24.0,0.4292929292929293,0.36034726338509393,0.49823859520076463,EUR_HUF,H4,7,25,1,short,739
235.0,65.0,139.0,31.0,0.31862745098039214,0.2546871172549403,0.38256778470584396,101.0,37.0,52.0,12.0,0.4157303370786517,0.3133365525051154,0.518124121652188,EUR_HUF,H4,7,25,2,short,336
100.0,33.0,54.0,13.0,0.3793103448275862,0.27735005946662156,0.4812706301885508,43.0,13.0,26.0,4.0,0.3333333333333333,0.18538246753843945,0.4812841991282272,EUR_HUF,H4,7,25,3,short,143
47.0,16.0,24.0,7.0,0.4,0.24817905282866928,0.5518209471713308,21.0,8.0,10.0,3.0,0.4444444444444444,0.21488651059518432,0.6740023782937046,EUR_HUF,H4,7,25,4,short,68
759.0,219.0,417.0,123.0,0.3443396226415094,0.3074112233687781,0.38126802191424075,326.0,131.0,156.0,39.0,0.4564459930313589,0.3988183080763627,0.5140736779863552,EUR_HUF,H4,7,30,1,short,1085
354.0,99.0,207.0,48.0,0.3235294117647059,0.27111186375241797,0.3759469597769938,152.0,57.0,74.0,21.0,0.4351145038167939,0.3502155349528786,0.5200134726807092,EUR_HUF,H4,7,30,2,short,506
156.0,46.0,89.0,21.0,0.34074074074074073,0.2607887396953134,0.42069274178616806,67.0,21.0,36.0,10.0,0.3684210526315789,0.24319211808556918,0.4936499871775887,EUR_HUF,H4,7,30,3,short,223
76.0,23.0,42.0,11.0,0.35384615384615387,0.2376010687899378,0.4700912389023699,33.0,12.0,14.0,7.0,0.46153846153846156,0.26991411350270844,0.6531628095742147,EUR_HUF,H4,7,30,4,short,109
1022.0,291.0,565.0,166.0,0.3399532710280374,0.30821990488109696,0.37168663717497785,439.0,194.0,196.0,49.0,0.49743589743589745,0.4478123209741791,0.5470594738976158,EUR_HUF,H4,7,35,1,short,1461
480.0,134.0,277.0,69.0,0.3260340632603406,0.2807145097784474,0.3713536167422338,206.0,84.0,91.0,31.0,0.48,0.4059782518444748,0.5540217481555252,EUR_HUF,H4,7,35,2,short,686
212.0,60.0,125.0,27.0,0.32432432432432434,0.2568670000899813,0.3917816485586674,92.0,31.0,45.0,16.0,0.40789473684210525,0.29740478437514545,0.5183846893090651,EUR_HUF,H4,7,35,3,short,304
102.0,31.0,59.0,12.0,0.34444444444444444,0.24626984004368538,0.44261904884520353,44.0,18.0,18.0,8.0,0.5,0.33666666666666667,0.6633333333333333,EUR_HUF,H4,7,35,4,short,146
28.0,11.0,12.0,5.0,0.4782608695652174,0.2741099770483661,0.6824117620820687,12.0,5.0,4.0,3.0,0.5555555555555556,0.23091161215558614,0.8801994989555251,EUR_HUF,H4,14,20,1,long,40
13.0,5.0,6.0,2.0,0.45454545454545453,0.1602878664116818,0.7488030426792273,6.0,4.0,2.0,0.0,0.6666666666666666,0.28946449079611114,1.0,EUR_HUF,H4,14,20,2,long,19
6.0,1.0,4.0,1.0,0.2,0.0,0.5506154588719672,3.0,3.0,0.0,0.0,1.0,1.0,1.0,EUR_HUF,H4,14,20,3,long,9
3.0,0.0,2.0,1.0,0.0,0.0,0.0,2.0,1.0,0.0,1.0,1.0,1.0,1.0,EUR_HUF,H4,14,20,4,long,5
99.0,41.0,41.0,17.0,0.5,0.39177710444665037,0.6082228955533496,43.0,13.0,19.0,11.0,0.40625,0.23608133941035148,0.5764186605896485,EUR_HUF,H4,14,25,1,long,142
49.0,21.0,19.0,9.0,0.525,0.3702422053659332,0.6797577946340668,21.0,10.0,6.0,5.0,0.625,0.3877797700447957,0.8622202299552043,EUR_HUF,H4,14,25,2,long,70
23.0,12.0,9.0,2.0,0.5714285714285714,0.35976846654340416,0.7830886763137386,10.0,4.0,3.0,3.0,0.5714285714285714,0.2048225158321042,0.9380346270250386,EUR_HUF,H4,14,25,3,long,33
13.0,7.0,5.0,1.0,0.5833333333333334,0.30438856248221097,0.8622781041844558,6.0,3.0,1.0,2.0,0.75,0.3256475521456251,1.0,EUR_HUF,H4,14,25,4,long,19
285.0,111.0,124.0,50.0,0.4723404255319149,0.4085101660497325,0.5361706850140973,123.0,44.0,54.0,25.0,0.4489795918367347,0.3505013750389399,0.5474578086345294,EUR_HUF,H4,14,30,1,long,408
140.0,53.0,67.0,20.0,0.44166666666666665,0.35281623575001847,0.5305170975833149,60.0,27.0,24.0,9.0,0.5294117647058824,0.3924219399364037,0.666401589475361,EUR_HUF,H4,14,30,2,long,200
66.0,26.0,33.0,7.0,0.4406779661016949,0.31399398645798693,0.5673619457454029,29.0,15.0,9.0,5.0,0.625,0.43131049331468674,0.8186895066853133,EUR_HUF,H4,14,30,3,long,95
35.0,16.0,15.0,4.0,0.5161290322580645,0.3402074382535619,0.6920506262625671,15.0,6.0,6.0,3.0,0.5,0.21709836809708338,0.7829016319029166,EUR_HUF,H4,14,30,4,long,50
588.0,208.0,268.0,112.0,0.4369747899159664,0.39241483869289795,0.4815347411390348,252.0,102.0,108.0,42.0,0.4857142857142857,0.41811546915659736,0.553313102271974,EUR_HUF,H4,14,35,1,long,840
282.0,101.0,131.0,50.0,0.4353448275862069,0.37154486430975964,0.4991447908626542,121.0,54.0,50.0,17.0,0.5192307692307693,0.42320496691196796,0.6152565715495706,EUR_HUF,H4,14,35,2,long,403
127.0,45.0,64.0,18.0,0.41284403669724773,0.32041411857455626,0.5052739548199392,55.0,29.0,20.0,6.0,0.5918367346938775,0.4542185109362513,0.7294549584515038,EUR_HUF,H4,14,35,3,long,182
60.0,23.0,27.0,10.0,0.46,0.3218512801362242,0.5981487198637758,27.0,11.0,12.0,4.0,0.4782608695652174,0.2741099770483661,0.6824117620820687,EUR_HUF,H4,14,35,4,long,87
47.0,11.0,32.0,4.0,0.2558139534883721,0.12539980210496396,0.3862281048717803,21.0,7.0,10.0,4.0,0.4117647058823529,0.17781004090730612,0.6457193708573997,EUR_HUF,H4,14,20,1,short,68
18.0,2.0,15.0,1.0,0.11764705882352941,0.0,0.27080633902869883,9.0,3.0,5.0,1.0,0.375,0.03951993352808575,0.7104800664719142,EUR_HUF,H4,14,20,2,short,27
7.0,0.0,6.0,1.0,0.0,0.0,0.0,3.0,2.0,1.0,0.0,0.6666666666666666,0.13322223379388565,1.0,EUR_HUF,H4,14,20,3,short,10
4.0,0.0,3.0,1.0,0.0,0.0,0.0,2.0,1.0,1.0,0.0,0.5,0.0,1.0,EUR_HUF,H4,14,20,4,short,6
165.0,45.0,98.0,22.0,0.3146853146853147,0.2385701292275475,0.3908005001430819,71.0,29.0,35.0,7.0,0.453125,0.331164518159121,0.575085481840879,EUR_HUF,H4,14,25,1,short,236
71.0,21.0,45.0,5.0,0.3181818181818182,0.20581034556197209,0.43055329080166427,31.0,9.0,20.0,2.0,0.3103448275862069,0.14196295808965828,0.4787266970827555,EUR_HUF,H4,14,25,2,short,102
28.0,13.0,14.0,1.0,0.48148148148148145,0.29300979396482363,0.6699531689981393,12.0,3.0,8.0,1.0,0.2727272727272727,0.009535284742372196,0.5359192607121732,EUR_HUF,H4,14,25,3,short,40
12.0,6.0,5.0,1.0,0.5454545454545454,0.2511969573207727,0.8397121335883182,6.0,2.0,3.0,1.0,0.4,0.0,0.8294144850840502,EUR_HUF,H4,14,25,4,short,18
360.0,96.0,200.0,64.0,0.32432432432432434,0.27099462696407484,0.37765402168457385,155.0,61.0,82.0,12.0,0.42657342657342656,0.3455102050753134,0.5076366480715397,EUR_HUF,H4,14,30,1,short,515
156.0,43.0,95.0,18.0,0.3115942028985507,0.23432018891217032,0.3888682168849311,67.0,23.0,41.0,3.0,0.359375,0.24181976967087182,0.4769302303291282,EUR_HUF,H4,14,30,2,short,223
67.0,23.0,37.0,7.0,0.38333333333333336,0.26030816276814944,0.5063585038985173,29.0,11.0,16.0,2.0,0.4074074074074074,0.22206843148618047,0.5927463833286343,EUR_HUF,H4,14,30,3,short,96
31.0,9.0,18.0,4.0,0.3333333333333333,0.15551852237573965,0.5111481442909269,14.0,7.0,5.0,2.0,0.5833333333333334,0.30438856248221097,0.8622781041844558,EUR_HUF,H4,14,30,4,short,45
634.0,188.0,336.0,110.0,0.35877862595419846,0.3177102334365817,0.3998470184718152,273.0,110.0,136.0,27.0,0.44715447154471544,0.3850219173270036,0.5092870257624272,EUR_HUF,H4,14,35,1,short,907
295.0,83.0,168.0,44.0,0.33067729083665337,0.2724751209611401,0.3888794607121666,127.0,47.0,68.0,12.0,0.40869565217391307,0.3188467663166011,0.49854453803122506,EUR_HUF,H4,14,35,2,short,422
126.0,39.0,74.0,13.0,0.34513274336283184,0.2574757501516242,0.43278973657403946,55.0,18.0,33.0,4.0,0.35294117647058826,0.2217834047494987,0.4840989481916778,EUR_HUF,H4,14,35,3,short,181
61.0,18.0,35.0,8.0,0.33962264150943394,0.21212194956624358,0.4671233334526243,27.0,11.0,13.0,3.0,0.4583333333333333,0.2589874702005656,0.6576791964661011,EUR_HUF,H4,14,35,4,short,88
3.0,0.0,3.0,0.0,0.0,0.0,0.0,2.0,1.0,1.0,0.0,0.5,0.0,1.0,EUR_HUF,H4,21,20,1,long,5
2.0,0.0,2.0,0.0,0.0,0.0,0.0,1.0,1.0,0.0,0.0,1.0,1.0,1.0,EUR_HUF,H4,21,20,2,long,3
0.0,0.0,0.0,0.0,,,,1.0,1.0,0.0,0.0,1.0,1.0,1.0,EUR_HUF,H4,21,20,3,long,1
,,,,,,,,,,,,,,EUR_HUF,H4,21,20,4,long,0
22.0,8.0,10.0,4.0,0.4444444444444444,0.21488651059518432,0.6740023782937046,10.0,2.0,6.0,2.0,0.25,0.0,0.5500624934909393,EUR_HUF,H4,21,25,1,long,32
11.0,5.0,5.0,1.0,0.5,0.19009678930349883,0.8099032106965012,5.0,2.0,2.0,1.0,0.5,0.010000000000000009,0.99,EUR_HUF,H4,21,25,2,long,16
4.0,0.0,3.0,1.0,0.0,0.0,0.0,3.0,2.0,1.0,0.0,0.6666666666666666,0.13322223379388565,1.0,EUR_HUF,H4,21,25,3,long,7
2.0,0.0,2.0,0.0,0.0,0.0,0.0,1.0,0.0,0.0,1.0,,,,EUR_HUF,H4,21,25,4,long,3
98.0,42.0,41.0,15.0,0.5060240963855421,0.39846292917865644,0.6135852635924278,42.0,12.0,17.0,13.0,0.41379310344827586,0.2345369147912597,0.593049292105292,EUR_HUF,H4,21,30,1,long,140
51.0,20.0,22.0,9.0,0.47619047619047616,0.32514473869744126,0.627236213683511,22.0,10.0,6.0,6.0,0.625,0.3877797700447957,0.8622202299552043,EUR_HUF,H4,21,30,2,long,73
23.0,6.0,14.0,3.0,0.3,0.09915976498719187,0.500840235012808,10.0,6.0,1.0,3.0,0.8571428571428571,0.5979132292065427,1.0,EUR_HUF,H4,21,30,3,long,33
13.0,6.0,6.0,1.0,0.5,0.21709836809708338,0.7829016319029166,6.0,1.0,2.0,3.0,0.3333333333333333,0.0,0.8667777662061142,EUR_HUF,H4,21,30,4,long,19
347.0,143.0,141.0,63.0,0.5035211267605634,0.4453702675102117,0.5616719860109151,150.0,44.0,77.0,29.0,0.36363636363636365,0.27792276744319677,0.4493499598295305,EUR_HUF,H4,21,35,1,long,497
168.0,65.0,79.0,24.0,0.4513888888888889,0.3701091018250014,0.5326686759527763,73.0,28.0,33.0,12.0,0.45901639344262296,0.3339624750067829,0.584070311878463,EUR_HUF,H4,21,35,2,long,241
79.0,28.0,40.0,11.0,0.4117647058823529,0.2947873733948295,0.5287420383698763,34.0,15.0,14.0,5.0,0.5172413793103449,0.33536817355696424,0.6991145850637255,EUR_HUF,H4,21,35,3,long,113
37.0,17.0,14.0,6.0,0.5483870967741935,0.37320004290478614,0.7235741506436009,16.0,4.0,9.0,3.0,0.3076923076923077,0.05679714201505026,0.5585874733695652,EUR_HUF,H4,21,35,4,long,53
8.0,3.0,5.0,0.0,0.375,0.03951993352808575,0.7104800664719142,4.0,1.0,3.0,0.0,0.25,0.0,0.674352447854375,EUR_HUF,H4,21,20,1,short,12
0.0,0.0,0.0,0.0,,,,1.0,1.0,0.0,0.0,1.0,1.0,1.0,EUR_HUF,H4,21,20,2,short,1
0.0,0.0,0.0,0.0,,,,1.0,1.0,0.0,0.0,1.0,1.0,1.0,EUR_HUF,H4,21,20,3,short,1
0.0,0.0,0.0,0.0,,,,1.0,1.0,0.0,0.0,1.0,1.0,1.0,EUR_HUF,H4,21,20,4,short,1
41.0,15.0,25.0,1.0,0.375,0.22496875325453036,0.5250312467454696,18.0,6.0,8.0,4.0,0.42857142857142855,0.16934180063511417,0.6878010565077429,EUR_HUF,H4,21,25,1,short,59
18.0,4.0,13.0,1.0,0.23529411764705882,0.03365055539969364,0.436937679894424,8.0,3.0,4.0,1.0,0.42857142857142855,0.06196537297496135,0.7951774841678958,EUR_HUF,H4,21,25,2,short,26
4.0,1.0,2.0,1.0,0.3333333333333333,0.0,0.8667777662061142,3.0,2.0,1.0,0.0,0.6666666666666666,0.13322223379388565,1.0,EUR_HUF,H4,21,25,3,short,7
2.0,0.0,1.0,1.0,0.0,0.0,0.0,1.0,1.0,0.0,0.0,1.0,1.0,1.0,EUR_HUF,H4,21,25,4,short,3
180.0,52.0,106.0,22.0,0.3291139240506329,0.2558441174202397,0.40238373068102606,78.0,32.0,37.0,9.0,0.463768115942029,0.34610013907497855,0.5814360928090794,EUR_HUF,H4,21,30,1,short,258
80.0,25.0,50.0,5.0,0.3333333333333333,0.2266444467587771,0.44002221990788953,35.0,11.0,22.0,2.0,0.3333333333333333,0.17249378512033853,0.4941728815463281,EUR_HUF,H4,21,30,2,short,115
34.0,17.0,16.0,1.0,0.5151515151515151,0.3446337572572199,0.6856692730458104,15.0,4.0,11.0,0.0,0.26666666666666666,0.0428741701850342,0.4904591631482991,EUR_HUF,H4,21,30,3,short,49
19.0,9.0,9.0,1.0,0.5,0.2690117848123945,0.7309882151876055,9.0,3.0,5.0,1.0,0.375,0.03951993352808575,0.7104800664719142,EUR_HUF,H4,21,30,4,short,28
413.0,115.0,223.0,75.0,0.34023668639053256,0.2897261043891514,0.3907472683919137,177.0,73.0,92.0,12.0,0.44242424242424244,0.3666388508732997,0.5182096339751852,EUR_HUF,H4,21,35,1,short,590
187.0,53.0,108.0,26.0,0.32919254658385094,0.2566041723065813,0.4017809208611206,81.0,28.0,50.0,3.0,0.358974358974359,0.25251638784338504,0.4654323301053329,EUR_HUF,H4,21,35,2,short,268
83.0,26.0,49.0,8.0,0.3466666666666667,0.23895843636798395,0.4543748969653494,36.0,11.0,23.0,2.0,0.3235294117647059,0.16627676772784217,0.48078205580156963,EUR_HUF,H4,21,35,3,short,119
37.0,9.0,24.0,4.0,0.2727272727272727,0.12077330761563765,0.42468123783890777,16.0,7.0,7.0,2.0,0.5,0.2380839829258241,0.7619160170741759,EUR_HUF,H4,21,35,4,short,53
2.0,0.0,2.0,0.0,0.0,0.0,0.0,1.0,0.0,1.0,0.0,0.0,0.0,0.0,EUR_HUF,H4,28,20,1,long,3
1.0,0.0,1.0,0.0,0.0,0.0,0.0,1.0,0.0,1.0,0.0,0.0,0.0,0.0,EUR_HUF,H4,28,20,2,long,2
,,,,,,,,,,,,,,EUR_HUF,H4,28,20,3,long,0
,,,,,,,,,,,,,,EUR_HUF,H4,28,20,4,long,0
4.0,0.0,4.0,0.0,0.0,0.0,0.0,3.0,2.0,1.0,0.0,0.6666666666666666,0.13322223379388565,1.0,EUR_HUF,H4,28,25,1,long,7
2.0,0.0,2.0,0.0,0.0,0.0,0.0,2.0,2.0,0.0,0.0,1.0,1.0,1.0,EUR_HUF,H4,28,25,2,long,4
1.0,0.0,1.0,0.0,0.0,0.0,0.0,1.0,1.0,0.0,0.0,1.0,1.0,1.0,EUR_HUF,H4,28,25,3,long,2
0.0,0.0,0.0,0.0,,,,1.0,0.0,1.0,0.0,0.0,0.0,0.0,EUR_HUF,H4,28,25,4,long,1
38.0,15.0,15.0,8.0,0.5,0.32107729788164574,0.6789227021183543,17.0,3.0,10.0,4.0,0.23076923076923078,0.0017343277518477307,0.45980413378661383,EUR_HUF,H4,28,30,1,long,55
21.0,7.0,9.0,5.0,0.4375,0.19442159829594075,0.6805784017040593,9.0,3.0,5.0,1.0,0.375,0.03951993352808575,0.7104800664719142,EUR_HUF,H4,28,30,2,long,30
8.0,2.0,4.0,2.0,0.3333333333333333,0.0,0.7105355092038887,4.0,2.0,2.0,0.0,0.5,0.010000000000000009,0.99,EUR_HUF,H4,28,30,3,long,12
3.0,1.0,2.0,0.0,0.3333333333333333,0.0,0.8667777662061142,2.0,0.0,1.0,1.0,0.0,0.0,0.0,EUR_HUF,H4,28,30,4,long,5
165.0,67.0,67.0,31.0,0.5,0.4153408942930267,0.5846591057069733,71.0,21.0,34.0,16.0,0.38181818181818183,0.25341932915824694,0.5102170344781167,EUR_HUF,H4,28,35,1,long,236
88.0,33.0,41.0,14.0,0.44594594594594594,0.3326909444730906,0.5592009474188013,39.0,16.0,15.0,8.0,0.5161290322580645,0.3402074382535619,0.6920506262625671,EUR_HUF,H4,28,35,2,long,127
43.0,14.0,22.0,7.0,0.3888888888888889,0.2296395351917726,0.5481382425860052,19.0,9.0,6.0,4.0,0.6,0.35207743144279907,0.8479225685572009,EUR_HUF,H4,28,35,3,long,62
20.0,9.0,8.0,3.0,0.5294117647058824,0.29213842808518775,0.766685101326577,9.0,3.0,3.0,3.0,0.5,0.09991667534541426,0.9000833246545857,EUR_HUF,H4,28,35,4,long,29
3.0,2.0,1.0,0.0,0.6666666666666666,0.13322223379388565,1.0,2.0,1.0,1.0,0.0,0.5,0.0,1.0,EUR_HUF,H4,28,20,1,short,5
0.0,0.0,0.0,0.0,,,,1.0,1.0,0.0,0.0,1.0,1.0,1.0,EUR_HUF,H4,28,20,2,short,1
0.0,0.0,0.0,0.0,,,,1.0,1.0,0.0,0.0,1.0,1.0,1.0,EUR_HUF,H4,28,20,3,short,1
0.0,0.0,0.0,0.0,,,,1.0,1.0,0.0,0.0,1.0,1.0,1.0,EUR_HUF,H4,28,20,4,short,1
17.0,7.0,10.0,0.0,0.4117647058823529,0.17781004090730612,0.6457193708573997,8.0,2.0,3.0,3.0,0.4,0.0,0.8294144850840502,EUR_HUF,H4,28,25,1,short,25
4.0,0.0,4.0,0.0,0.0,0.0,0.0,3.0,1.0,2.0,0.0,0.3333333333333333,0.0,0.8667777662061142,EUR_HUF,H4,28,25,2,short,7
2.0,0.0,2.0,0.0,0.0,0.0,0.0,2.0,1.0,1.0,0.0,0.5,0.0,1.0,EUR_HUF,H4,28,25,3,short,4
1.0,0.0,1.0,0.0,0.0,0.0,0.0,1.0,1.0,0.0,0.0,1.0,1.0,1.0,EUR_HUF,H4,28,25,4,short,2
81.0,29.0,45.0,7.0,0.3918918918918919,0.28066398937039894,0.5031197944133848,35.0,10.0,19.0,6.0,0.3448275862068966,0.1718316605117934,0.5178235119019997,EUR_HUF,H4,28,30,1,short,116
33.0,10.0,19.0,4.0,0.3448275862068966,0.1718316605117934,0.5178235119019997,15.0,5.0,8.0,2.0,0.38461538461538464,0.12014865879357278,0.6490821104371964,EUR_HUF,H4,28,30,2,short,48
11.0,5.0,5.0,1.0,0.5,0.19009678930349883,0.8099032106965012,5.0,2.0,3.0,0.0,0.4,0.0,0.8294144850840502,EUR_HUF,H4,28,30,3,short,16
6.0,2.0,3.0,1.0,0.4,0.0,0.8294144850840502,3.0,3.0,0.0,0.0,1.0,1.0,1.0,EUR_HUF,H4,28,30,4,short,9
277.0,82.0,157.0,38.0,0.34309623430962344,0.2829073944562446,0.4032850741630023,120.0,57.0,51.0,12.0,0.5277777777777778,0.4336228718027907,0.6219326837527649,EUR_HUF,H4,28,35,1,short,397
121.0,38.0,75.0,8.0,0.336283185840708,0.24917462549956193,0.42339174618185405,53.0,20.0,30.0,3.0,0.4,0.2642072166866001,0.5357927833134,EUR_HUF,H4,28,35,2,short,174
53.0,18.0,33.0,2.0,0.35294117647058826,0.2217834047494987,0.4840989481916778,24.0,9.0,13.0,2.0,0.4090909090909091,0.20363672932088425,0.614545088860934,EUR_HUF,H4,28,35,3,short,77
26.0,7.0,18.0,1.0,0.28,0.10399243652615381,0.45600756347384624,12.0,5.0,5.0,2.0,0.5,0.19009678930349883,0.8099032106965012,EUR_HUF,H4,28,35,4,short,38
198.0,68.0,97.0,33.0,0.4121212121212121,0.3370159305698078,0.48722649367261645,85.0,21.0,26.0,38.0,0.44680851063829785,0.30467201432718494,0.5889450069494108,EUR_PLN,H4,7,20,1,long,283
100.0,30.0,48.0,22.0,0.38461538461538464,0.27664729591405474,0.49258347331671454,43.0,12.0,14.0,17.0,0.46153846153846156,0.26991411350270844,0.6531628095742147,EUR_PLN,H4,7,20,2,long,143
49.0,15.0,23.0,11.0,0.39473684210526316,0.2393228114599668,0.5501508727505595,22.0,6.0,4.0,12.0,0.6,0.2963581056573385,0.9036418943426614,EUR_PLN,H4,7,20,3,long,71
24.0,6.0,12.0,6.0,0.3333333333333333,0.11555555555555552,0.5511111111111111,11.0,2.0,4.0,5.0,0.3333333333333333,0.0,0.7105355092038887,EUR_PLN,H4,7,20,4,long,35
410.0,131.0,204.0,75.0,0.39104477611940297,0.3387883634928183,0.4433011887459876,176.0,40.0,59.0,77.0,0.40404040404040403,0.30737762409598834,0.5007031839848197,EUR_PLN,H4,7,25,1,long,586
203.0,66.0,98.0,39.0,0.4024390243902439,0.3273847717298265,0.47749327705066136,88.0,21.0,30.0,37.0,0.4117647058823529,0.2766909170808409,0.5468384946838649,EUR_PLN,H4,7,25,2,long,291
98.0,38.0,42.0,18.0,0.475,0.36556971397277627,0.5844302860272237,43.0,8.0,11.0,24.0,0.42105263157894735,0.19904545890021433,0.6430598042576804,EUR_PLN,H4,7,25,3,long,141
46.0,19.0,19.0,8.0,0.5,0.3410230072918527,0.6589769927081472,20.0,3.0,7.0,10.0,0.3,0.015969015774687012,0.584030984225313,EUR_PLN,H4,7,25,4,long,66
654.0,193.0,338.0,123.0,0.3634651600753296,0.3225531050892874,0.40437721506137175,281.0,64.0,99.0,118.0,0.39263803680981596,0.31766894512234745,0.4676071284972845,EUR_PLN,H4,7,30,1,long,935
321.0,103.0,159.0,59.0,0.3931297709923664,0.3339843252851956,0.4522752166995372,138.0,33.0,46.0,59.0,0.4177215189873418,0.3089659962466471,0.5264770417280364,EUR_PLN,H4,7,30,2,long,459
157.0,57.0,71.0,29.0,0.4453125,0.359211594451456,0.531413405548544,68.0,12.0,20.0,36.0,0.375,0.20725996676404287,0.5427400332359571,EUR_PLN,H4,7,30,3,long,225
72.0,25.0,35.0,12.0,0.4166666666666667,0.29191877274842437,0.541414560584909,31.0,5.0,10.0,16.0,0.3333333333333333,0.09476973050886098,0.5718969361578057,EUR_PLN,H4,7,30,4,long,103
989.0,278.0,513.0,198.0,0.35145385587863465,0.31818235237424825,0.38472535938302105,424.0,99.0,151.0,174.0,0.396,0.3353749472775487,0.45662505272245135,EUR_PLN,H4,7,35,1,long,1413
467.0,148.0,238.0,81.0,0.38341968911917096,0.334913802132534,0.4319255761058079,201.0,51.0,67.0,83.0,0.4322033898305085,0.34282026164752066,0.5215865180134963,EUR_PLN,H4,7,35,2,long,668
226.0,74.0,115.0,37.0,0.3915343915343915,0.32194738651483834,0.4611213965539447,98.0,22.0,27.0,49.0,0.4489795918367347,0.30971036204297536,0.588248821630494,EUR_PLN,H4,7,35,3,long,324
107.0,33.0,58.0,16.0,0.3626373626373626,0.26385828885917306,0.4614164364155522,47.0,12.0,15.0,20.0,0.4444444444444444,0.25701117633169046,0.6318777125571984,EUR_PLN,H4,7,35,4,long,154
221.0,68.0,127.0,26.0,0.3487179487179487,0.28182806035285246,0.41560783708304494,96.0,36.0,30.0,30.0,0.5454545454545454,0.4253243881429132,0.6655847027661776,EUR_PLN,H4,7,20,1,short,317
112.0,37.0,62.0,13.0,0.37373737373737376,0.2784358188854457,0.4690389285893018,49.0,14.0,17.0,18.0,0.45161290322580644,0.2764258493563991,0.6267999570952139,EUR_PLN,H4,7,20,2,short,161
53.0,14.0,30.0,9.0,0.3181818181818182,0.18055543339994132,0.45580820296369506,24.0,9.0,10.0,5.0,0.47368421052631576,0.2491684025975332,0.6982000184550983,EUR_PLN,H4,7,20,3,short,77
20.0,7.0,10.0,3.0,0.4117647058823529,0.17781004090730612,0.6457193708573997,9.0,3.0,3.0,3.0,0.5,0.09991667534541426,0.9000833246545857,EUR_PLN,H4,7,20,4,short,29
385.0,123.0,196.0,66.0,0.38557993730407525,0.3321664863192364,0.4389933882889141,166.0,61.0,49.0,56.0,0.5545454545454546,0.4616637875863613,0.6474271215045478,EUR_PLN,H4,7,25,1,short,551
195.0,64.0,102.0,29.0,0.3855421686746988,0.3114991677499975,0.45958516959940016,84.0,26.0,19.0,39.0,0.5777777777777777,0.4334663328356338,0.7220892227199216,EUR_PLN,H4,7,25,2,short,279
88.0,26.0,48.0,14.0,0.35135135135135137,0.24257968435378746,0.4601230183489153,38.0,11.0,10.0,17.0,0.5238095238095238,0.3101985933082275,0.7374204543108202,EUR_PLN,H4,7,25,3,short,126
33.0,11.0,17.0,5.0,0.39285714285714285,0.2119566177058874,0.5737576680083983,15.0,4.0,3.0,8.0,0.5714285714285714,0.2048225158321042,0.9380346270250386,EUR_PLN,H4,7,25,4,short,48
613.0,184.0,306.0,123.0,0.37551020408163266,0.33263249473069284,0.4183879134325725,264.0,92.0,71.0,101.0,0.5644171779141104,0.48829735788961653,0.6405369979386042,EUR_PLN,H4,7,30,1,short,877
313.0,91.0,162.0,60.0,0.35968379446640314,0.30054758370599294,0.41882000522681334,135.0,42.0,30.0,63.0,0.5833333333333334,0.46945460749952866,0.6972120591671381,EUR_PLN,H4,7,30,2,short,448
144.0,40.0,79.0,25.0,0.33613445378151263,0.25125957430656776,0.4210093332564575,63.0,19.0,16.0,28.0,0.5428571428571428,0.3778165417918292,0.7078977439224564,EUR_PLN,H4,7,30,3,short,207
53.0,19.0,24.0,10.0,0.4418604651162791,0.29342563856848014,0.590295291664078,24.0,5.0,6.0,13.0,0.45454545454545453,0.1602878664116818,0.7488030426792273,EUR_PLN,H4,7,30,4,short,77
902.0,259.0,471.0,172.0,0.3547945205479452,0.3200863185142535,0.3895027225816369,387.0,123.0,99.0,165.0,0.5540540540540541,0.48866624846662954,0.6194418596414786,EUR_PLN,H4,7,35,1,short,1289
457.0,125.0,242.0,90.0,0.3405994550408719,0.29211308579952894,0.3890858242822149,197.0,60.0,42.0,95.0,0.5882352941176471,0.4927237020955384,0.6837468861397558,EUR_PLN,H4,7,35,2,short,654
210.0,58.0,115.0,37.0,0.3352601156069364,0.2649124268216768,0.405607804392196,90.0,22.0,23.0,45.0,0.4888888888888889,0.3428351903625469,0.6349425874152308,EUR_PLN,H4,7,35,3,short,300
86.0,27.0,42.0,17.0,0.391304347826087,0.2761477137046378,0.5064609819475362,37.0,9.0,9.0,19.0,0.5,0.2690117848123945,0.7309882151876055,EUR_PLN,H4,7,35,4,short,123
21.0,4.0,12.0,5.0,0.25,0.03782377607281254,0.4621762239271875,9.0,3.0,4.0,2.0,0.42857142857142855,0.06196537297496135,0.7951774841678958,EUR_PLN,H4,14,20,1,long,30
11.0,2.0,6.0,3.0,0.25,0.0,0.5500624934909393,5.0,3.0,2.0,0.0,0.6,0.17058551491594975,1.0,EUR_PLN,H4,14,20,2,long,16
5.0,1.0,3.0,1.0,0.25,0.0,0.674352447854375,3.0,1.0,0.0,2.0,1.0,1.0,1.0,EUR_PLN,H4,14,20,3,long,8
2.0,1.0,1.0,0.0,0.5,0.0,1.0,1.0,0.0,0.0,1.0,,,,EUR_PLN,H4,14,20,4,long,3
85.0,27.0,40.0,18.0,0.40298507462686567,0.285534337967312,0.5204358112864194,37.0,11.0,15.0,11.0,0.4230769230769231,0.23317121377589872,0.6129826323779475,EUR_PLN,H4,14,25,1,long,122
43.0,11.0,21.0,11.0,0.34375,0.17918514410155795,0.508314855898442,19.0,6.0,8.0,5.0,0.42857142857142855,0.16934180063511417,0.6878010565077429,EUR_PLN,H4,14,25,2,long,62
21.0,6.0,10.0,5.0,0.375,0.13777977004479572,0.6122202299552043,9.0,2.0,2.0,5.0,0.5,0.010000000000000009,0.99,EUR_PLN,H4,14,25,3,long,30
8.0,3.0,4.0,1.0,0.42857142857142855,0.06196537297496135,0.7951774841678958,4.0,0.0,2.0,2.0,0.0,0.0,0.0,EUR_PLN,H4,14,25,4,long,12
250.0,81.0,124.0,45.0,0.3951219512195122,0.32819845338452097,0.46204544905450345,108.0,23.0,45.0,40.0,0.3382352941176471,0.22578440925581944,0.4506861789794747,EUR_PLN,H4,14,30,1,long,358
124.0,40.0,60.0,24.0,0.4,0.30398000208289944,0.4960199979171006,54.0,11.0,23.0,20.0,0.3235294117647059,0.16627676772784217,0.48078205580156963,EUR_PLN,H4,14,30,2,long,178
56.0,21.0,24.0,11.0,0.4666666666666667,0.32090189759939663,0.6124314357339367,25.0,4.0,7.0,14.0,0.36363636363636365,0.07935652563159407,0.6479162016411333,EUR_PLN,H4,14,30,3,long,81
25.0,8.0,11.0,6.0,0.42105263157894735,0.19904545890021433,0.6430598042576804,12.0,2.0,5.0,5.0,0.2857142857142857,0.0,0.6203782963279159,EUR_PLN,H4,14,30,4,long,37
515.0,143.0,260.0,112.0,0.3548387096774194,0.308124049401803,0.40155336995303575,222.0,49.0,82.0,91.0,0.37404580152671757,0.29118405287548627,0.4569075501779489,EUR_PLN,H4,14,35,1,long,737
259.0,75.0,127.0,57.0,0.3712871287128713,0.30465840269655764,0.43791585472918493,111.0,26.0,41.0,44.0,0.3880597014925373,0.27137270275773195,0.5047467002273427,EUR_PLN,H4,14,35,2,long,370
127.0,45.0,59.0,23.0,0.4326923076923077,0.33747008270016976,0.5279145326844457,55.0,9.0,15.0,31.0,0.375,0.18131049331468677,0.5686895066853133,EUR_PLN,H4,14,35,3,long,182
57.0,19.0,27.0,11.0,0.41304347826086957,0.2707522899183108,0.5553346666034283,25.0,4.0,9.0,12.0,0.3076923076923077,0.05679714201505026,0.5585874733695652,EUR_PLN,H4,14,35,4,long,82
43.0,13.0,24.0,6.0,0.35135135135135137,0.19752498468146648,0.5051777180212362,19.0,7.0,7.0,5.0,0.5,0.2380839829258241,0.7619160170741759,EUR_PLN,H4,14,20,1,short,62
19.0,8.0,10.0,1.0,0.4444444444444444,0.21488651059518432,0.6740023782937046,9.0,5.0,3.0,1.0,0.625,0.28951993352808575,0.9604800664719142,EUR_PLN,H4,14,20,2,short,28
11.0,3.0,6.0,2.0,0.3333333333333333,0.02534904641652591,0.6413176202501407,5.0,3.0,1.0,1.0,0.75,0.3256475521456251,1.0,EUR_PLN,H4,14,20,3,short,16
5.0,2.0,3.0,0.0,0.4,0.0,0.8294144850840502,3.0,1.0,0.0,2.0,1.0,1.0,1.0,EUR_PLN,H4,14,20,4,short,8
125.0,40.0,70.0,15.0,0.36363636363636365,0.27373918554048676,0.45353354173224053,55.0,21.0,23.0,11.0,0.4772727272727273,0.32968487189042084,0.6248605826550337,EUR_PLN,H4,14,25,1,short,180
60.0,22.0,33.0,5.0,0.4,0.27052666122114,0.52947333877886,27.0,7.0,15.0,5.0,0.3181818181818182,0.12354871828290975,0.5128149180807267,EUR_PLN,H4,14,25,2,short,87
28.0,10.0,14.0,4.0,0.4166666666666667,0.21942292762131047,0.6139104057120229,13.0,3.0,8.0,2.0,0.2727272727272727,0.009535284742372196,0.5359192607121732,EUR_PLN,H4,14,25,3,short,41
9.0,4.0,5.0,0.0,0.4444444444444444,0.11980050104447498,0.7690883878444139,4.0,1.0,0.0,3.0,1.0,1.0,1.0,EUR_PLN,H4,14,25,4,short,13
251.0,86.0,138.0,27.0,0.38392857142857145,0.32023834209549396,0.44761880076164895,109.0,39.0,43.0,27.0,0.47560975609756095,0.36751569737030715,0.5837038148248147,EUR_PLN,H4,14,30,1,short,360
123.0,41.0,70.0,12.0,0.36936936936936937,0.27958255738751736,0.4591561813512214,53.0,17.0,20.0,16.0,0.4594594594594595,0.2988789084592695,0.6200400104596495,EUR_PLN,H4,14,30,2,short,176
54.0,16.0,32.0,6.0,0.3333333333333333,0.19997222511513807,0.46669444155152856,24.0,8.0,11.0,5.0,0.42105263157894735,0.19904545890021433,0.6430598042576804,EUR_PLN,H4,14,30,3,short,78
18.0,7.0,8.0,3.0,0.4666666666666667,0.2141946806886107,0.7191386526447227,9.0,2.0,4.0,3.0,0.3333333333333333,0.0,0.7105355092038887,EUR_PLN,H4,14,30,4,short,27
454.0,138.0,246.0,70.0,0.359375,0.3113832781830478,0.4073667218169522,195.0,71.0,58.0,66.0,0.5503875968992248,0.46454266171674685,0.6362325320817027,EUR_PLN,H4,14,35,1,short,649
228.0,71.0,128.0,29.0,0.35678391959798994,0.2902243329938549,0.42334350620212496,99.0,29.0,25.0,45.0,0.5370370370370371,0.4040423061820221,0.6700317678920521,EUR_PLN,H4,14,35,2,short,327
104.0,27.0,60.0,17.0,0.3103448275862069,0.2131295099057221,0.4075601452666917,45.0,13.0,11.0,21.0,0.5416666666666666,0.34232080353389893,0.7410125297994343,EUR_PLN,H4,14,35,3,short,149
39.0,12.0,19.0,8.0,0.3870967741935484,0.215629614436262,0.5585639339508348,17.0,4.0,4.0,9.0,0.5,0.15351767721859172,0.8464823227814082,EUR_PLN,H4,14,35,4,short,56
4.0,0.0,4.0,0.0,0.0,0.0,0.0,3.0,2.0,1.0,0.0,0.6666666666666666,0.13322223379388565,1.0,EUR_PLN,H4,21,20,1,long,7
2.0,0.0,2.0,0.0,0.0,0.0,0.0,2.0,2.0,0.0,0.0,1.0,1.0,1.0,EUR_PLN,H4,21,20,2,long,4
1.0,0.0,1.0,0.0,0.0,0.0,0.0,1.0,0.0,0.0,1.0,,,,EUR_PLN,H4,21,20,3,long,2
1.0,0.0,1.0,0.0,0.0,0.0,0.0,1.0,0.0,0.0,1.0,,,,EUR_PLN,H4,21,20,4,long,2
17.0,4.0,6.0,7.0,0.4,0.09635810565733854,0.7036418943426614,8.0,4.0,4.0,0.0,0.5,0.15351767721859172,0.8464823227814082,EUR_PLN,H4,21,25,1,long,25
9.0,4.0,2.0,3.0,0.6666666666666666,0.28946449079611114,1.0,5.0,2.0,3.0,0.0,0.4,0.0,0.8294144850840502,EUR_PLN,H4,21,25,2,long,14
5.0,2.0,1.0,2.0,0.6666666666666666,0.13322223379388565,1.0,3.0,1.0,0.0,2.0,1.0,1.0,1.0,EUR_PLN,H4,21,25,3,long,8
2.0,1.0,1.0,0.0,0.5,0.0,1.0,1.0,0.0,0.0,1.0,,,,EUR_PLN,H4,21,25,4,long,3
106.0,33.0,47.0,26.0,0.4125,0.30462346466909496,0.520376535330905,46.0,14.0,18.0,14.0,0.4375,0.2656176137950721,0.6093823862049279,EUR_PLN,H4,21,30,1,long,152
54.0,18.0,23.0,13.0,0.43902439024390244,0.2871164563788486,0.5909323241089564,24.0,6.0,10.0,8.0,0.375,0.13777977004479572,0.6122202299552043,EUR_PLN,H4,21,30,2,long,78
26.0,10.0,9.0,7.0,0.5263157894736842,0.3017999815449016,0.7508315974024667,12.0,2.0,5.0,5.0,0.2857142857142857,0.0,0.6203782963279159,EUR_PLN,H4,21,30,3,long,38
13.0,5.0,4.0,4.0,0.5555555555555556,0.23091161215558614,0.8801994989555251,6.0,1.0,4.0,1.0,0.2,0.0,0.5506154588719672,EUR_PLN,H4,21,30,4,long,19
314.0,100.0,142.0,72.0,0.4132231404958678,0.35118236831169924,0.4752639126800363,135.0,30.0,53.0,52.0,0.3614457831325301,0.2580893543549578,0.46480221191010246,EUR_PLN,H4,21,35,1,long,449
156.0,52.0,67.0,37.0,0.4369747899159664,0.3478548874698295,0.5260946923621033,67.0,15.0,27.0,25.0,0.35714285714285715,0.21222908968096277,0.5020566246047515,EUR_PLN,H4,21,35,2,long,223
70.0,29.0,25.0,16.0,0.5370370370370371,0.4040423061820221,0.6700317678920521,30.0,5.0,8.0,17.0,0.38461538461538464,0.12014865879357278,0.6490821104371964,EUR_PLN,H4,21,35,3,long,100
32.0,10.0,12.0,10.0,0.45454545454545453,0.24647391856046566,0.6626169905304434,15.0,3.0,6.0,6.0,0.3333333333333333,0.02534904641652591,0.6413176202501407,EUR_PLN,H4,21,35,4,long,47
11.0,3.0,8.0,0.0,0.2727272727272727,0.009535284742372196,0.5359192607121732,5.0,3.0,1.0,1.0,0.75,0.3256475521456251,1.0,EUR_PLN,H4,21,20,1,short,16
4.0,2.0,2.0,0.0,0.5,0.010000000000000009,0.99,2.0,2.0,0.0,0.0,1.0,1.0,1.0,EUR_PLN,H4,21,20,2,short,6
3.0,0.0,2.0,1.0,0.0,0.0,0.0,2.0,2.0,0.0,0.0,1.0,1.0,1.0,EUR_PLN,H4,21,20,3,short,5
2.0,0.0,2.0,0.0,0.0,0.0,0.0,2.0,1.0,0.0,1.0,1.0,1.0,1.0,EUR_PLN,H4,21,20,4,short,4
49.0,15.0,31.0,3.0,0.32608695652173914,0.19061612382682103,0.46155778921665724,22.0,9.0,8.0,5.0,0.5294117647058824,0.29213842808518775,0.766685101326577,EUR_PLN,H4,21,25,1,short,71
22.0,9.0,13.0,0.0,0.4090909090909091,0.20363672932088425,0.614545088860934,10.0,4.0,5.0,1.0,0.4444444444444444,0.11980050104447498,0.7690883878444139,EUR_PLN,H4,21,25,2,short,32
14.0,4.0,8.0,2.0,0.3333333333333333,0.06661111689694282,0.6000555497697238,6.0,3.0,2.0,1.0,0.6,0.17058551491594975,1.0,EUR_PLN,H4,21,25,3,short,20
6.0,2.0,4.0,0.0,0.3333333333333333,0.0,0.7105355092038887,3.0,1.0,0.0,2.0,1.0,1.0,1.0,EUR_PLN,H4,21,25,4,short,9
134.0,48.0,70.0,16.0,0.4067796610169492,0.31814518143237214,0.4954141406015262,58.0,23.0,27.0,8.0,0.46,0.3218512801362242,0.5981487198637758,EUR_PLN,H4,21,30,1,short,192
64.0,23.0,36.0,5.0,0.3898305084745763,0.2653809895046298,0.5142800274445227,28.0,10.0,15.0,3.0,0.4,0.20796000416579888,0.5920399958342012,EUR_PLN,H4,21,30,2,short,92
28.0,10.0,14.0,4.0,0.4166666666666667,0.21942292762131047,0.6139104057120229,13.0,4.0,8.0,1.0,0.3333333333333333,0.06661111689694282,0.6000555497697238,EUR_PLN,H4,21,30,3,short,41
9.0,4.0,5.0,0.0,0.4444444444444444,0.11980050104447498,0.7690883878444139,4.0,1.0,1.0,2.0,0.5,0.0,1.0,EUR_PLN,H4,21,30,4,short,13
290.0,99.0,159.0,32.0,0.38372093023255816,0.3243815956582784,0.4430602648068379,125.0,47.0,51.0,27.0,0.47959183673469385,0.3806793831740438,0.5785042902953439,EUR_PLN,H4,21,35,1,short,415
147.0,45.0,85.0,17.0,0.34615384615384615,0.2643720277770014,0.4279356645306909,63.0,20.0,28.0,15.0,0.4166666666666667,0.2771942812411055,0.5561390520922278,EUR_PLN,H4,21,35,2,short,210
64.0,18.0,36.0,10.0,0.3333333333333333,0.2075992747098148,0.45906739195685187,28.0,9.0,15.0,4.0,0.375,0.18131049331468677,0.5686895066853133,EUR_PLN,H4,21,35,3,short,92
23.0,8.0,10.0,5.0,0.4444444444444444,0.21488651059518432,0.6740023782937046,10.0,2.0,4.0,4.0,0.3333333333333333,0.0,0.7105355092038887,EUR_PLN,H4,21,35,4,short,33
0.0,0.0,0.0,0.0,,,,1.0,0.0,1.0,0.0,0.0,0.0,0.0,EUR_PLN,H4,28,20,1,long,1
,,,,,,,,,,,,,,EUR_PLN,H4,28,20,2,long,0
,,,,,,,,,,,,,,EUR_PLN,H4,28,20,3,long,0
,,,,,,,,,,,,,,EUR_PLN,H4,28,20,4,long,0
4.0,0.0,4.0,0.0,0.0,0.0,0.0,3.0,2.0,1.0,0.0,0.6666666666666666,0.13322223379388565,1.0,EUR_PLN,H4,28,25,1,long,7
2.0,0.0,2.0,0.0,0.0,0.0,0.0,2.0,2.0,0.0,0.0,1.0,1.0,1.0,EUR_PLN,H4,28,25,2,long,4
1.0,0.0,1.0,0.0,0.0,0.0,0.0,1.0,0.0,0.0,1.0,,,,EUR_PLN,H4,28,25,3,long,2
1.0,0.0,1.0,0.0,0.0,0.0,0.0,1.0,0.0,0.0,1.0,,,,EUR_PLN,H4,28,25,4,long,2
33.0,10.0,14.0,9.0,0.4166666666666667,0.21942292762131047,0.6139104057120229,15.0,5.0,8.0,2.0,0.38461538461538464,0.12014865879357278,0.6490821104371964,EUR_PLN,H4,28,30,1,long,48
13.0,5.0,5.0,3.0,0.5,0.19009678930349883,0.8099032106965012,6.0,2.0,4.0,0.0,0.3333333333333333,0.0,0.7105355092038887,EUR_PLN,H4,28,30,2,long,19
7.0,4.0,1.0,2.0,0.8,0.44938454112803305,1.0,3.0,0.0,1.0,2.0,0.0,0.0,0.0,EUR_PLN,H4,28,30,3,long,10
2.0,1.0,1.0,0.0,0.5,0.0,1.0,2.0,0.0,1.0,1.0,0.0,0.0,0.0,EUR_PLN,H4,28,30,4,long,4
190.0,59.0,86.0,45.0,0.4068965517241379,0.3269353523918159,0.4868577510564599,82.0,21.0,34.0,27.0,0.38181818181818183,0.25341932915824694,0.5102170344781167,EUR_PLN,H4,28,35,1,long,272
97.0,31.0,42.0,24.0,0.4246575342465753,0.3112668768205067,0.538048191672644,42.0,10.0,19.0,13.0,0.3448275862068966,0.1718316605117934,0.5178235119019997,EUR_PLN,H4,28,35,2,long,139
44.0,18.0,16.0,10.0,0.5294117647058824,0.3616341793866309,0.6971893500251338,19.0,3.0,8.0,8.0,0.2727272727272727,0.009535284742372196,0.5359192607121732,EUR_PLN,H4,28,35,3,long,63
21.0,8.0,7.0,6.0,0.5333333333333333,0.28086134735527735,0.7858053193113893,9.0,2.0,5.0,2.0,0.2857142857142857,0.0,0.6203782963279159,EUR_PLN,H4,28,35,4,long,30
6.0,2.0,4.0,0.0,0.3333333333333333,0.0,0.7105355092038887,3.0,1.0,2.0,0.0,0.3333333333333333,0.0,0.8667777662061142,EUR_PLN,H4,28,20,1,short,9
2.0,1.0,1.0,0.0,0.5,0.0,1.0,1.0,0.0,1.0,0.0,0.0,0.0,0.0,EUR_PLN,H4,28,20,2,short,3
1.0,0.0,1.0,0.0,0.0,0.0,0.0,1.0,0.0,1.0,0.0,0.0,0.0,0.0,EUR_PLN,H4,28,20,3,short,2
1.0,0.0,1.0,0.0,0.0,0.0,0.0,1.0,0.0,1.0,0.0,0.0,0.0,0.0,EUR_PLN,H4,28,20,4,short,2
19.0,7.0,11.0,1.0,0.3888888888888889,0.16367629309127704,0.6141014846865007,9.0,4.0,4.0,1.0,0.5,0.15351767721859172,0.8464823227814082,EUR_PLN,H4,28,25,1,short,28
9.0,4.0,5.0,0.0,0.4444444444444444,0.11980050104447498,0.7690883878444139,5.0,3.0,2.0,0.0,0.6,0.17058551491594975,1.0,EUR_PLN,H4,28,25,2,short,14
5.0,1.0,2.0,2.0,0.3333333333333333,0.0,0.8667777662061142,3.0,2.0,1.0,0.0,0.6666666666666666,0.13322223379388565,1.0,EUR_PLN,H4,28,25,3,short,8
3.0,1.0,2.0,0.0,0.3333333333333333,0.0,0.8667777662061142,2.0,1.0,0.0,1.0,1.0,1.0,1.0,EUR_PLN,H4,28,25,4,short,5
72.0,26.0,42.0,4.0,0.38235294117647056,0.2668470802515842,0.4978588021013569,31.0,14.0,11.0,6.0,0.56,0.36541631723086343,0.7545836827691367,EUR_PLN,H4,28,30,1,short,103
34.0,14.0,20.0,0.0,0.4117647058823529,0.24633377578827045,0.5771956359764354,15.0,5.0,8.0,2.0,0.38461538461538464,0.12014865879357278,0.6490821104371964,EUR_PLN,H4,28,30,2,short,49
17.0,5.0,10.0,2.0,0.3333333333333333,0.09476973050886098,0.5718969361578057,8.0,3.0,4.0,1.0,0.42857142857142855,0.06196537297496135,0.7951774841678958,EUR_PLN,H4,28,30,3,short,25
7.0,3.0,4.0,0.0,0.42857142857142855,0.06196537297496135,0.7951774841678958,3.0,1.0,0.0,2.0,1.0,1.0,1.0,EUR_PLN,H4,28,30,4,short,10
205.0,75.0,109.0,21.0,0.4076086956521739,0.3366062648082349,0.47861112649611287,88.0,37.0,40.0,11.0,0.4805194805194805,0.3689229118457773,0.5921160491931837,EUR_PLN,H4,28,35,1,short,293
100.0,31.0,59.0,10.0,0.34444444444444444,0.24626984004368538,0.44261904884520353,44.0,20.0,21.0,3.0,0.4878048780487805,0.33480012175345375,0.6408096343441072,EUR_PLN,H4,28,35,2,short,144
41.0,14.0,21.0,6.0,0.4,0.23769658044267833,0.5623034195573218,18.0,7.0,10.0,1.0,0.4117647058823529,0.17781004090730612,0.6457193708573997,EUR_PLN,H4,28,35,3,short,59
14.0,5.0,5.0,4.0,0.5,0.19009678930349883,0.8099032106965012,7.0,2.0,3.0,2.0,0.4,0.0,0.8294144850840502,EUR_PLN,H4,28,35,4,short,21
189.0,81.0,69.0,39.0,0.54,0.4602397993984469,0.6197602006015532,81.0,23.0,41.0,17.0,0.359375,0.24181976967087182,0.4769302303291282,EUR_SEK,H4,7,20,1,long,270
106.0,39.0,41.0,26.0,0.4875,0.37796691424505563,0.5970330857549444,46.0,12.0,24.0,10.0,0.3333333333333333,0.1793411898749296,0.487325476791737,EUR_SEK,H4,7,20,2,long,152
56.0,14.0,28.0,14.0,0.3333333333333333,0.19076431171248495,0.47590235495418165,24.0,4.0,15.0,5.0,0.21052631578947367,0.027209926251396677,0.39384270532755067,EUR_SEK,H4,7,20,3,long,80
32.0,8.0,17.0,7.0,0.32,0.1371413485776514,0.5028586514223486,14.0,3.0,9.0,2.0,0.25,0.0050000000000000044,0.495,EUR_SEK,H4,7,20,4,long,46
371.0,155.0,142.0,74.0,0.5218855218855218,0.46507465469062964,0.578696389080414,159.0,47.0,82.0,30.0,0.3643410852713178,0.28129343272031354,0.4473887378223221,EUR_SEK,H4,7,25,1,long,530
196.0,72.0,80.0,44.0,0.47368421052631576,0.39430588539130645,0.553062535661325,85.0,26.0,43.0,16.0,0.37681159420289856,0.26247023853976054,0.4911529498660366,EUR_SEK,H4,7,25,2,long,281
104.0,36.0,43.0,25.0,0.45569620253164556,0.34587127822992586,0.5655211268333653,45.0,11.0,25.0,9.0,0.3055555555555556,0.1550790604375791,0.45603205067353203,EUR_SEK,H4,7,25,3,long,149
61.0,22.0,27.0,12.0,0.4489795918367347,0.30971036204297536,0.588248821630494,27.0,8.0,14.0,5.0,0.36363636363636365,0.16262016242857788,0.5646525648441494,EUR_SEK,H4,7,25,4,long,88
602.0,249.0,231.0,122.0,0.51875,0.47405078679150686,0.5634492132084933,259.0,79.0,136.0,44.0,0.3674418604651163,0.3029980248289507,0.43188569610128186,EUR_SEK,H4,7,30,1,long,861
318.0,125.0,124.0,69.0,0.5020080321285141,0.4399035564176418,0.5641125078393864,137.0,42.0,71.0,24.0,0.37168141592920356,0.28257843661225435,0.4607843952461528,EUR_SEK,H4,7,30,2,long,455
167.0,66.0,65.0,36.0,0.5038167938931297,0.418196291073899,0.5894372967123604,72.0,14.0,45.0,13.0,0.23728813559322035,0.12873351129354715,0.34584275989289354,EUR_SEK,H4,7,30,3,long,239
88.0,33.0,37.0,18.0,0.4714285714285714,0.35448756065818343,0.5883695821989594,38.0,9.0,23.0,6.0,0.28125,0.1254683582000915,0.4370316417999085,EUR_SEK,H4,7,30,4,long,126
884.0,363.0,340.0,181.0,0.5163584637268848,0.47941685068163314,0.5533000767721363,380.0,124.0,192.0,64.0,0.3924050632911392,0.33856731293108744,0.446242813651191,EUR_SEK,H4,7,35,1,long,1264
452.0,179.0,175.0,98.0,0.5056497175141242,0.45356663040637374,0.5577328046218747,195.0,61.0,101.0,33.0,0.3765432098765432,0.30193112872095534,0.4511552910321311,EUR_SEK,H4,7,35,2,long,647
226.0,89.0,90.0,47.0,0.4972067039106145,0.42395920787530234,0.5704541999459267,98.0,24.0,57.0,17.0,0.2962962962962963,0.1968538975652741,0.39573869502731845,EUR_SEK,H4,7,35,3,long,324
117.0,44.0,52.0,21.0,0.4583333333333333,0.35866040176694947,0.5580062648997172,51.0,14.0,31.0,6.0,0.3111111111111111,0.17584713001629546,0.44637509220592675,EUR_SEK,H4,7,35,4,long,168
223.0,82.0,117.0,24.0,0.4120603015075377,0.3436728666959157,0.4804477363191597,96.0,39.0,48.0,9.0,0.4482758620689655,0.34377253563925975,0.5527791884986714,EUR_SEK,H4,7,20,1,short,319
105.0,39.0,55.0,11.0,0.4148936170212766,0.3152893510708798,0.5144978829716733,46.0,18.0,26.0,2.0,0.4090909090909091,0.26381286535240456,0.5543689528294137,EUR_SEK,H4,7,20,2,short,151
51.0,14.0,29.0,8.0,0.32558139534883723,0.18552065915544702,0.46564213154222744,23.0,6.0,14.0,3.0,0.3,0.09915976498719187,0.500840235012808,EUR_SEK,H4,7,20,3,short,74
26.0,11.0,10.0,5.0,0.5238095238095238,0.3101985933082275,0.7374204543108202,12.0,1.0,9.0,2.0,0.1,0.0,0.2859419264179007,EUR_SEK,H4,7,20,4,short,38
420.0,154.0,218.0,48.0,0.41397849462365593,0.36392547663503666,0.4640315126122752,180.0,73.0,92.0,15.0,0.44242424242424244,0.3666388508732997,0.5182096339751852,EUR_SEK,H4,7,25,1,short,600
207.0,70.0,112.0,25.0,0.38461538461538464,0.31393367902773456,0.4552970902030347,90.0,32.0,52.0,6.0,0.38095238095238093,0.27710063476973273,0.48480412713502913,EUR_SEK,H4,7,25,2,short,297
105.0,27.0,62.0,16.0,0.30337078651685395,0.20786079901869026,0.39888077401501765,46.0,17.0,25.0,4.0,0.40476190476190477,0.25631313569648934,0.5532106738273201,EUR_SEK,H4,7,25,3,short,151
52.0,16.0,29.0,7.0,0.35555555555555557,0.21569466444780505,0.4954164466633061,23.0,6.0,14.0,3.0,0.3,0.09915976498719187,0.500840235012808,EUR_SEK,H4,7,25,4,short,75
664.0,229.0,347.0,88.0,0.3975694444444444,0.3576021431194209,0.43753674576946794,285.0,119.0,135.0,31.0,0.468503937007874,0.4071353870981311,0.5298724869176169,EUR_SEK,H4,7,30,1,short,949
317.0,110.0,170.0,37.0,0.39285714285714285,0.33565137391728855,0.45006291179699714,136.0,57.0,66.0,13.0,0.4634146341463415,0.3752878748925798,0.5515413934001032,EUR_SEK,H4,7,30,2,short,453
165.0,50.0,92.0,23.0,0.352112676056338,0.2735524959168688,0.4306728561958072,71.0,28.0,34.0,9.0,0.45161290322580644,0.3277369494586555,0.5754888569929574,EUR_SEK,H4,7,30,3,short,236
79.0,25.0,44.0,10.0,0.36231884057971014,0.2489016780703483,0.475736003089072,35.0,13.0,16.0,6.0,0.4482758620689655,0.26727079113275964,0.6292809330051714,EUR_SEK,H4,7,30,4,short,114
975.0,323.0,514.0,138.0,0.3859020310633214,0.3529220269837674,0.41888203514287536,418.0,171.0,194.0,53.0,0.4684931506849315,0.41729954784872875,0.5196867535211342,EUR_SEK,H4,7,35,1,short,1393
474.0,151.0,254.0,69.0,0.3728395061728395,0.3257440651163645,0.4199349472293145,204.0,83.0,94.0,27.0,0.4689265536723164,0.3954076292363397,0.542445478108293,EUR_SEK,H4,7,35,2,short,678
241.0,67.0,139.0,35.0,0.32524271844660196,0.2612692286702768,0.38921620822292713,104.0,40.0,49.0,15.0,0.449438202247191,0.34609091126210384,0.5527854932322781,EUR_SEK,H4,7,35,3,short,345
119.0,36.0,65.0,18.0,0.3564356435643564,0.26302810252653397,0.44984318460217887,52.0,19.0,26.0,7.0,0.4222222222222222,0.2779107772800783,0.5665336671643662,EUR_SEK,H4,7,35,4,short,171
22.0,5.0,13.0,4.0,0.2777777777777778,0.0708570524820083,0.4846985030735473,10.0,1.0,8.0,1.0,0.1111111111111111,0.0,0.31643396905564936,EUR_SEK,H4,14,20,1,long,32
14.0,4.0,8.0,2.0,0.3333333333333333,0.06661111689694282,0.6000555497697238,7.0,1.0,6.0,0.0,0.14285714285714285,0.0,0.4020867707934573,EUR_SEK,H4,14,20,2,long,21
7.0,1.0,4.0,2.0,0.2,0.0,0.5506154588719672,3.0,0.0,3.0,0.0,0.0,0.0,0.0,EUR_SEK,H4,14,20,3,long,10
4.0,1.0,3.0,0.0,0.25,0.0,0.674352447854375,2.0,0.0,2.0,0.0,0.0,0.0,0.0,EUR_SEK,H4,14,20,4,long,6
81.0,28.0,35.0,18.0,0.4444444444444444,0.3217405674616376,0.5671483214272512,35.0,4.0,26.0,5.0,0.13333333333333333,0.011689286729835005,0.25497737993683167,EUR_SEK,H4,14,25,1,long,116
46.0,13.0,20.0,13.0,0.3939393939393939,0.22722548461529885,0.5606533032634891,20.0,5.0,13.0,2.0,0.2777777777777778,0.0708570524820083,0.4846985030735473,EUR_SEK,H4,14,25,2,long,66
28.0,5.0,13.0,10.0,0.2777777777777778,0.0708570524820083,0.4846985030735473,12.0,2.0,9.0,1.0,0.18181818181818182,0.0,0.40974912948563447,EUR_SEK,H4,14,25,3,long,40
18.0,3.0,11.0,4.0,0.21428571428571427,0.0,0.42922756688776104,8.0,2.0,5.0,1.0,0.2857142857142857,0.0,0.6203782963279159,EUR_SEK,H4,14,25,4,long,26
200.0,89.0,69.0,42.0,0.5632911392405063,0.48595366406648133,0.6406286144145313,87.0,19.0,53.0,15.0,0.2638888888888889,0.1620831964867105,0.3656945812910673,EUR_SEK,H4,14,30,1,long,287
111.0,44.0,41.0,26.0,0.5176470588235295,0.41141736019671427,0.6238767574503447,48.0,10.0,29.0,9.0,0.2564102564102564,0.11936684537307021,0.3934536674474426,EUR_SEK,H4,14,30,2,long,159
63.0,20.0,28.0,15.0,0.4166666666666667,0.2771942812411055,0.5561390520922278,28.0,4.0,19.0,5.0,0.17391304347826086,0.019006018441137723,0.32882006851538403,EUR_SEK,H4,14,30,3,long,91
33.0,11.0,15.0,7.0,0.4230769230769231,0.23317121377589872,0.6129826323779475,15.0,2.0,11.0,2.0,0.15384615384615385,0.0,0.34997992703884034,EUR_SEK,H4,14,30,4,long,48
454.0,196.0,157.0,101.0,0.5552407932011332,0.5033999716825145,0.6070816147197519,195.0,55.0,107.0,33.0,0.3395061728395062,0.26658447309732125,0.4124278725816911,EUR_SEK,H4,14,35,1,long,649
237.0,95.0,89.0,53.0,0.5163043478260869,0.4440962103857703,0.5885124852664035,102.0,29.0,53.0,20.0,0.35365853658536583,0.250174770281549,0.4571423028891827,EUR_SEK,H4,14,35,2,long,339
128.0,44.0,54.0,30.0,0.4489795918367347,0.3505013750389399,0.5474578086345294,56.0,10.0,36.0,10.0,0.21739130434782608,0.0981928636423251,0.33658974505332706,EUR_SEK,H4,14,35,3,long,184
72.0,22.0,34.0,16.0,0.39285714285714285,0.26494115480248254,0.5207731309118031,31.0,9.0,18.0,4.0,0.3333333333333333,0.15551852237573965,0.5111481442909269,EUR_SEK,H4,14,35,4,long,103
29.0,10.0,19.0,0.0,0.3448275862068966,0.1718316605117934,0.5178235119019997,13.0,7.0,5.0,1.0,0.5833333333333334,0.30438856248221097,0.8622781041844558,EUR_SEK,H4,14,20,1,short,42
15.0,6.0,9.0,0.0,0.4,0.15207743144279912,0.647922568557201,7.0,3.0,4.0,0.0,0.42857142857142855,0.06196537297496135,0.7951774841678958,EUR_SEK,H4,14,20,2,short,22
5.0,1.0,4.0,0.0,0.2,0.0,0.5506154588719672,3.0,0.0,2.0,1.0,0.0,0.0,0.0,EUR_SEK,H4,14,20,3,short,8
2.0,1.0,1.0,0.0,0.5,0.0,1.0,1.0,0.0,1.0,0.0,0.0,0.0,0.0,EUR_SEK,H4,14,20,4,short,3
119.0,45.0,69.0,5.0,0.39473684210526316,0.30500850967635657,0.48446517453416976,52.0,30.0,20.0,2.0,0.6,0.46420721668660003,0.7357927833133999,EUR_SEK,H4,14,25,1,short,171
60.0,22.0,33.0,5.0,0.4,0.27052666122114,0.52947333877886,26.0,11.0,13.0,2.0,0.4583333333333333,0.2589874702005656,0.6576791964661011,EUR_SEK,H4,14,25,2,short,86
31.0,10.0,18.0,3.0,0.35714285714285715,0.17966046364986868,0.5346252506358457,14.0,3.0,9.0,2.0,0.25,0.0050000000000000044,0.495,EUR_SEK,H4,14,25,3,short,45
17.0,7.0,8.0,2.0,0.4666666666666667,0.2141946806886107,0.7191386526447227,8.0,1.0,7.0,0.0,0.125,0.0,0.3541765149399039,EUR_SEK,H4,14,25,4,short,25
291.0,99.0,167.0,25.0,0.37218045112781956,0.31408937132208636,0.43027153093355275,126.0,58.0,59.0,9.0,0.49572649572649574,0.4051287730008962,0.5863242184520953,EUR_SEK,H4,14,30,1,short,417
142.0,46.0,84.0,12.0,0.35384615384615387,0.2716484659232965,0.43604384176901123,62.0,24.0,35.0,3.0,0.4067796610169492,0.28143157789455914,0.5321277441393393,EUR_SEK,H4,14,30,2,short,204
75.0,21.0,46.0,8.0,0.31343283582089554,0.20235371581474443,0.42451195582704665,33.0,8.0,22.0,3.0,0.26666666666666666,0.10842147482583778,0.4249118585074956,EUR_SEK,H4,14,30,3,short,108
39.0,14.0,20.0,5.0,0.4117647058823529,0.24633377578827045,0.5771956359764354,18.0,3.0,13.0,2.0,0.1875,0.0,0.37875306370095096,EUR_SEK,H4,14,30,4,short,57
532.0,180.0,287.0,65.0,0.3854389721627409,0.34129636790459605,0.4295815764208858,228.0,97.0,113.0,18.0,0.46190476190476193,0.3944749080921873,0.5293346157173365,EUR_SEK,H4,14,35,1,short,760
254.0,81.0,145.0,28.0,0.3584070796460177,0.29588694233260543,0.42092721695943,109.0,42.0,58.0,9.0,0.42,0.3232625325946559,0.516737467405344,EUR_SEK,H4,14,35,2,short,363
125.0,38.0,71.0,16.0,0.3486238532110092,0.2591621222094632,0.43808558421255517,54.0,19.0,31.0,4.0,0.38,0.2454577419544328,0.5145422580455672,EUR_SEK,H4,14,35,3,short,179
59.0,23.0,30.0,6.0,0.4339622641509434,0.30052816979688846,0.5673963585049984,26.0,8.0,15.0,3.0,0.34782608695652173,0.15317584838060608,0.5424763255324374,EUR_SEK,H4,14,35,4,short,85
1.0,0.0,1.0,0.0,0.0,0.0,0.0,1.0,0.0,1.0,0.0,0.0,0.0,0.0,EUR_SEK,H4,21,20,1,long,2
1.0,0.0,1.0,0.0,0.0,0.0,0.0,1.0,0.0,1.0,0.0,0.0,0.0,0.0,EUR_SEK,H4,21,20,2,long,2
,,,,,,,,,,,,,,EUR_SEK,H4,21,20,3,long,0
,,,,,,,,,,,,,,EUR_SEK,H4,21,20,4,long,0
21.0,4.0,14.0,3.0,0.2222222222222222,0.03016027519679268,0.41428416924765177,9.0,0.0,8.0,1.0,0.0,0.0,0.0,EUR_SEK,H4,21,25,1,long,30
13.0,3.0,8.0,2.0,0.2727272727272727,0.009535284742372196,0.5359192607121732,6.0,0.0,6.0,0.0,0.0,0.0,0.0,EUR_SEK,H4,21,25,2,long,19
6.0,1.0,3.0,2.0,0.25,0.0,0.674352447854375,3.0,0.0,3.0,0.0,0.0,0.0,0.0,EUR_SEK,H4,21,25,3,long,9
4.0,1.0,3.0,0.0,0.25,0.0,0.674352447854375,3.0,0.0,3.0,0.0,0.0,0.0,0.0,EUR_SEK,H4,21,25,4,long,7
76.0,25.0,37.0,14.0,0.4032258064516129,0.2811191320027941,0.5253324809004317,33.0,5.0,24.0,4.0,0.1724137931034483,0.03493057236929775,0.3098970138375988,EUR_SEK,H4,21,30,1,long,109
44.0,12.0,22.0,10.0,0.35294117647058826,0.19230636821203503,0.5135759847291415,19.0,5.0,12.0,2.0,0.29411764705882354,0.07751771578937186,0.5107175783282752,EUR_SEK,H4,21,30,2,long,63
25.0,4.0,12.0,9.0,0.25,0.03782377607281254,0.4621762239271875,11.0,2.0,9.0,0.0,0.18181818181818182,0.0,0.40974912948563447,EUR_SEK,H4,21,30,3,long,36
15.0,2.0,10.0,3.0,0.16666666666666666,0.0,0.3775290932935149,7.0,2.0,5.0,0.0,0.2857142857142857,0.0,0.6203782963279159,EUR_SEK,H4,21,30,4,long,22
248.0,107.0,83.0,58.0,0.5631578947368421,0.4926307007951475,0.6336850886785367,107.0,20.0,75.0,12.0,0.21052631578947367,0.12854473411007938,0.29250789746886796,EUR_SEK,H4,21,35,1,long,355
135.0,53.0,49.0,33.0,0.5196078431372549,0.42264802582828814,0.6165676604462218,59.0,11.0,38.0,10.0,0.22448979591836735,0.10766094848830522,0.3413186433484295,EUR_SEK,H4,21,35,2,long,194
77.0,24.0,34.0,19.0,0.41379310344827586,0.28703983687924467,0.540546370017307,34.0,5.0,24.0,5.0,0.1724137931034483,0.03493057236929775,0.3098970138375988,EUR_SEK,H4,21,35,3,long,111
42.0,13.0,20.0,9.0,0.3939393939393939,0.22722548461529885,0.5606533032634891,19.0,4.0,13.0,2.0,0.23529411764705882,0.03365055539969364,0.436937679894424,EUR_SEK,H4,21,35,4,long,61
7.0,3.0,4.0,0.0,0.42857142857142855,0.06196537297496135,0.7951774841678958,3.0,2.0,0.0,1.0,1.0,1.0,1.0,EUR_SEK,H4,21,20,1,short,10
4.0,1.0,3.0,0.0,0.25,0.0,0.674352447854375,2.0,1.0,1.0,0.0,0.5,0.0,1.0,EUR_SEK,H4,21,20,2,short,6
2.0,0.0,1.0,1.0,0.0,0.0,0.0,1.0,0.0,1.0,0.0,0.0,0.0,0.0,EUR_SEK,H4,21,20,3,short,3
0.0,0.0,0.0,0.0,,,,1.0,0.0,1.0,0.0,0.0,0.0,0.0,EUR_SEK,H4,21,20,4,short,1
38.0,17.0,21.0,0.0,0.4473684210526316,0.28927464069347575,0.6054622014117874,17.0,7.0,9.0,1.0,0.4375,0.19442159829594075,0.6805784017040593,EUR_SEK,H4,21,25,1,short,55
17.0,8.0,9.0,0.0,0.47058823529411764,0.23331489867342306,0.7078615719148122,8.0,2.0,6.0,0.0,0.25,0.0,0.5500624934909393,EUR_SEK,H4,21,25,2,short,25
7.0,3.0,4.0,0.0,0.42857142857142855,0.06196537297496135,0.7951774841678958,3.0,0.0,2.0,1.0,0.0,0.0,0.0,EUR_SEK,H4,21,25,3,short,10
3.0,2.0,1.0,0.0,0.6666666666666666,0.13322223379388565,1.0,2.0,0.0,2.0,0.0,0.0,0.0,0.0,EUR_SEK,H4,21,25,4,short,5
143.0,54.0,84.0,5.0,0.391304347826087,0.3098763109401921,0.47273238471198187,62.0,34.0,23.0,5.0,0.5964912280701754,0.4691270889749408,0.72385536716541,EUR_SEK,H4,21,30,1,short,205
72.0,26.0,42.0,4.0,0.38235294117647056,0.2668470802515842,0.4978588021013569,31.0,14.0,14.0,3.0,0.5,0.31479740822547864,0.6852025917745214,EUR_SEK,H4,21,30,2,short,103
39.0,14.0,23.0,2.0,0.3783783783783784,0.22210628815857164,0.5346504685981852,17.0,4.0,11.0,2.0,0.26666666666666666,0.0428741701850342,0.4904591631482991,EUR_SEK,H4,21,30,3,short,56
18.0,7.0,10.0,1.0,0.4117647058823529,0.17781004090730612,0.6457193708573997,9.0,3.0,6.0,0.0,0.3333333333333333,0.02534904641652591,0.6413176202501407,EUR_SEK,H4,21,30,4,short,27
352.0,119.0,203.0,30.0,0.3695652173913043,0.3168429883536354,0.42228744642897326,152.0,72.0,70.0,10.0,0.5070422535211268,0.4248106379018086,0.5892738691404449,EUR_SEK,H4,21,35,1,short,504
170.0,52.0,104.0,14.0,0.3333333333333333,0.25935790043588636,0.4073087662307803,73.0,28.0,40.0,5.0,0.4117647058823529,0.2947873733948295,0.5287420383698763,EUR_SEK,H4,21,35,2,short,243
86.0,22.0,54.0,10.0,0.2894736842105263,0.18751037940411688,0.3914369890169358,38.0,12.0,24.0,2.0,0.3333333333333333,0.1793411898749296,0.487325476791737,EUR_SEK,H4,21,35,3,short,124
44.0,15.0,23.0,6.0,0.39473684210526316,0.2393228114599668,0.5501508727505595,19.0,5.0,12.0,2.0,0.29411764705882354,0.07751771578937186,0.5107175783282752,EUR_SEK,H4,21,35,4,short,63
,,,,,,,,,,,,,,EUR_SEK,H4,28,20,1,long,0
,,,,,,,,,,,,,,EUR_SEK,H4,28,20,2,long,0
,,,,,,,,,,,,,,EUR_SEK,H4,28,20,3,long,0
,,,,,,,,,,,,,,EUR_SEK,H4,28,20,4,long,0
4.0,0.0,3.0,1.0,0.0,0.0,0.0,3.0,0.0,3.0,0.0,0.0,0.0,0.0,EUR_SEK,H4,28,25,1,long,7
4.0,0.0,4.0,0.0,0.0,0.0,0.0,2.0,0.0,2.0,0.0,0.0,0.0,0.0,EUR_SEK,H4,28,25,2,long,6
0.0,0.0,0.0,0.0,,,,1.0,0.0,1.0,0.0,0.0,0.0,0.0,EUR_SEK,H4,28,25,3,long,1
,,,,,,,,,,,,,,EUR_SEK,H4,28,25,4,long,0
35.0,6.0,23.0,6.0,0.20689655172413793,0.0594622226791342,0.35433088076914165,15.0,2.0,11.0,2.0,0.15384615384615385,0.0,0.34997992703884034,EUR_SEK,H4,28,30,1,long,50
21.0,3.0,12.0,6.0,0.2,0.0,0.4024279295617743,10.0,2.0,7.0,1.0,0.2222222222222222,0.0,0.49383883252136757,EUR_SEK,H4,28,30,2,long,31
11.0,2.0,5.0,4.0,0.2857142857142857,0.0,0.6203782963279159,5.0,0.0,5.0,0.0,0.0,0.0,0.0,EUR_SEK,H4,28,30,3,long,16
7.0,2.0,4.0,1.0,0.3333333333333333,0.0,0.7105355092038887,3.0,0.0,3.0,0.0,0.0,0.0,0.0,EUR_SEK,H4,28,30,4,long,10
144.0,60.0,58.0,26.0,0.5084745762711864,0.4182712230381332,0.5986779295042396,62.0,9.0,48.0,5.0,0.15789473684210525,0.0632305603397261,0.25255891334448444,EUR_SEK,H4,28,35,1,long,206
81.0,30.0,33.0,18.0,0.47619047619047616,0.35286214796370635,0.599518804417246,35.0,9.0,23.0,3.0,0.28125,0.1254683582000915,0.4370316417999085,EUR_SEK,H4,28,35,2,long,116
44.0,9.0,22.0,13.0,0.2903225806451613,0.13053385773082313,0.45011130355949946,19.0,4.0,15.0,0.0,0.21052631578947367,0.027209926251396677,0.39384270532755067,EUR_SEK,H4,28,35,3,long,63
26.0,6.0,14.0,6.0,0.3,0.09915976498719187,0.500840235012808,12.0,3.0,9.0,0.0,0.25,0.0050000000000000044,0.495,EUR_SEK,H4,28,35,4,long,38
1.0,0.0,1.0,0.0,0.0,0.0,0.0,1.0,1.0,0.0,0.0,1.0,1.0,1.0,EUR_SEK,H4,28,20,1,short,2
,,,,,,,,,,,,,,EUR_SEK,H4,28,20,2,short,0
,,,,,,,,,,,,,,EUR_SEK,H4,28,20,3,short,0
,,,,,,,,,,,,,,EUR_SEK,H4,28,20,4,short,0
14.0,6.0,8.0,0.0,0.42857142857142855,0.16934180063511417,0.6878010565077429,7.0,3.0,3.0,1.0,0.5,0.09991667534541426,0.9000833246545857,EUR_SEK,H4,28,25,1,short,21
7.0,4.0,3.0,0.0,0.5714285714285714,0.2048225158321042,0.9380346270250386,3.0,1.0,2.0,0.0,0.3333333333333333,0.0,0.8667777662061142,EUR_SEK,H4,28,25,2,short,10
3.0,2.0,1.0,0.0,0.6666666666666666,0.13322223379388565,1.0,2.0,0.0,1.0,1.0,0.0,0.0,0.0,EUR_SEK,H4,28,25,3,short,5
2.0,2.0,0.0,0.0,1.0,1.0,1.0,1.0,0.0,1.0,0.0,0.0,0.0,0.0,EUR_SEK,H4,28,25,4,short,3
84.0,33.0,50.0,1.0,0.39759036144578314,0.29230186959753773,0.5028788532940285,36.0,19.0,14.0,3.0,0.5757575757575758,0.40713101598803636,0.7443841355271152,EUR_SEK,H4,28,30,1,short,120
45.0,16.0,29.0,0.0,0.35555555555555557,0.21569466444780505,0.4954164466633061,20.0,10.0,9.0,1.0,0.5263157894736842,0.3017999815449016,0.7508315974024667,EUR_SEK,H4,28,30,2,short,65
22.0,8.0,14.0,0.0,0.36363636363636365,0.16262016242857788,0.5646525648441494,10.0,3.0,6.0,1.0,0.3333333333333333,0.02534904641652591,0.6413176202501407,EUR_SEK,H4,28,30,3,short,32
13.0,6.0,7.0,0.0,0.46153846153846156,0.19054070966539732,0.7325362134115259,6.0,2.0,4.0,0.0,0.3333333333333333,0.0,0.7105355092038887,EUR_SEK,H4,28,30,4,short,19
235.0,80.0,142.0,13.0,0.36036036036036034,0.2972041917718833,0.4235165289488374,101.0,55.0,40.0,6.0,0.5789473684210527,0.47966274250061647,0.6782319943414888,EUR_SEK,H4,28,35,1,short,336
114.0,33.0,74.0,7.0,0.308411214953271,0.2209021114606878,0.3959203184458542,50.0,21.0,26.0,3.0,0.44680851063829785,0.30467201432718494,0.5889450069494108,EUR_SEK,H4,28,35,2,short,164
61.0,18.0,39.0,4.0,0.3157894736842105,0.19511585287825478,0.43646309449016624,27.0,7.0,18.0,2.0,0.28,0.10399243652615381,0.45600756347384624,EUR_SEK,H4,28,35,3,short,88
28.0,12.0,14.0,2.0,0.46153846153846156,0.26991411350270844,0.6531628095742147,12.0,3.0,9.0,0.0,0.25,0.0050000000000000044,0.495,EUR_SEK,H4,28,35,4,short,40
188.0,70.0,116.0,2.0,0.3763440860215054,0.306719172357484,0.4459689996855267,81.0,39.0,35.0,7.0,0.527027027027027,0.41327089478160517,0.6407831592724488,NZD_CAD,H4,7,20,1,long,269
97.0,29.0,67.0,1.0,0.3020833333333333,0.21023196677423878,0.39393469989242785,42.0,16.0,22.0,4.0,0.42105263157894735,0.26406985430576235,0.5780354088521323,NZD_CAD,H4,7,20,2,long,139
48.0,11.0,35.0,2.0,0.2391304347826087,0.1158626224270871,0.3623982471381303,21.0,6.0,12.0,3.0,0.3333333333333333,0.11555555555555552,0.5511111111111111,NZD_CAD,H4,7,20,3,long,69
24.0,6.0,17.0,1.0,0.2608695652173913,0.08141091240005918,0.44032821803472344,11.0,1.0,8.0,2.0,0.1111111111111111,0.0,0.31643396905564936,NZD_CAD,H4,7,20,4,long,35
373.0,161.0,207.0,5.0,0.4375,0.38681464949874783,0.48818535050125217,161.0,77.0,71.0,13.0,0.5202702702702703,0.43978099162483714,0.6007595489157034,NZD_CAD,H4,7,25,1,long,534
190.0,72.0,113.0,5.0,0.3891891891891892,0.31892986813403257,0.45944851024434585,82.0,39.0,36.0,7.0,0.52,0.40692991200144935,0.6330700879985507,NZD_CAD,H4,7,25,2,long,272
88.0,31.0,54.0,3.0,0.36470588235294116,0.26237530849337637,0.46703645621250595,38.0,11.0,21.0,6.0,0.34375,0.17918514410155795,0.508314855898442,NZD_CAD,H4,7,25,3,long,126
44.0,15.0,26.0,3.0,0.36585365853658536,0.21841458617183335,0.5132927309013373,19.0,3.0,13.0,3.0,0.1875,0.0,0.37875306370095096,NZD_CAD,H4,7,25,4,long,63
624.0,272.0,340.0,12.0,0.4444444444444444,0.40507558358105866,0.4838133053078302,268.0,124.0,125.0,19.0,0.4979919678714859,0.4358874921606136,0.5600964435823582,NZD_CAD,H4,7,30,1,long,892
315.0,131.0,177.0,7.0,0.4253246753246753,0.37011028543862884,0.4805390652107218,135.0,64.0,62.0,9.0,0.5079365079365079,0.42064216800965615,0.5952308478633597,NZD_CAD,H4,7,30,2,long,450
149.0,65.0,80.0,4.0,0.4482758620689655,0.36732793349185994,0.5292237906460711,64.0,24.0,33.0,7.0,0.42105263157894735,0.29287673067085307,0.5492285324870416,NZD_CAD,H4,7,30,3,long,213
74.0,35.0,36.0,3.0,0.49295774647887325,0.37666468041418233,0.6092508125435642,33.0,12.0,17.0,4.0,0.41379310344827586,0.2345369147912597,0.593049292105292,NZD_CAD,H4,7,30,4,long,107
940.0,421.0,504.0,15.0,0.45513513513513515,0.4230429130916999,0.4872273571785704,403.0,175.0,191.0,37.0,0.4781420765027322,0.4269656271263631,0.5293185258791013,NZD_CAD,H4,7,35,1,long,1343
483.0,211.0,263.0,9.0,0.4451476793248945,0.40040647596167805,0.489888882688111,208.0,95.0,98.0,15.0,0.49222797927461137,0.4216945582903844,0.5627614002588384,NZD_CAD,H4,7,35,2,long,691
226.0,106.0,115.0,5.0,0.4796380090497738,0.41377076179618466,0.5455052563033629,98.0,39.0,49.0,10.0,0.4431818181818182,0.33939017043500525,0.5469734659286312,NZD_CAD,H4,7,35,3,long,324
114.0,54.0,57.0,3.0,0.4864864864864865,0.39350298189331234,0.5794699910796607,50.0,21.0,25.0,4.0,0.45652173913043476,0.3125759464786233,0.6004675317822462,NZD_CAD,H4,7,35,4,long,164
175.0,78.0,89.0,8.0,0.46706586826347307,0.3913958795304427,0.5427358569965034,75.0,34.0,36.0,5.0,0.4857142857142857,0.36862970090484126,0.6027988705237302,NZD_CAD,H4,7,20,1,short,250
82.0,45.0,32.0,5.0,0.5844155844155844,0.474337407155327,0.6944937616758418,36.0,14.0,19.0,3.0,0.42424242424242425,0.25561586447288487,0.5928689840119636,NZD_CAD,H4,7,20,2,short,118
40.0,22.0,18.0,0.0,0.55,0.3958250993189878,0.7041749006810123,18.0,9.0,8.0,1.0,0.5294117647058824,0.29213842808518775,0.766685101326577,NZD_CAD,H4,7,20,3,short,58
25.0,12.0,13.0,0.0,0.48,0.2841568627702262,0.6758431372297737,11.0,5.0,5.0,1.0,0.5,0.19009678930349883,0.8099032106965012,NZD_CAD,H4,7,20,4,short,36
353.0,152.0,189.0,12.0,0.44574780058651026,0.39299115198503337,0.49850444918798714,152.0,74.0,71.0,7.0,0.5103448275862069,0.42897767800810904,0.5917119771643048,NZD_CAD,H4,7,25,1,short,505
179.0,75.0,98.0,6.0,0.43352601156069365,0.35967939768251067,0.5073726254388766,78.0,32.0,40.0,6.0,0.4444444444444444,0.32966547751981434,0.5592234113690745,NZD_CAD,H4,7,25,2,short,257
92.0,38.0,54.0,0.0,0.41304347826086957,0.31242841408075406,0.5136585424409851,40.0,23.0,16.0,1.0,0.5897435897435898,0.4353664215728127,0.7441207579143668,NZD_CAD,H4,7,25,3,short,132
49.0,19.0,30.0,0.0,0.3877551020408163,0.2513284004829498,0.5241818035986828,22.0,11.0,10.0,1.0,0.5238095238095238,0.3101985933082275,0.7374204543108202,NZD_CAD,H4,7,25,4,short,71
599.0,257.0,326.0,16.0,0.44082332761578047,0.4005211418103562,0.48112551342120474,257.0,127.0,120.0,10.0,0.5141700404858299,0.4518391796351345,0.5765009013365253,NZD_CAD,H4,7,30,1,short,856
314.0,131.0,174.0,9.0,0.42950819672131146,0.37395403684626244,0.4850623565963605,135.0,64.0,61.0,10.0,0.512,0.42437138323127543,0.5996286167687246,NZD_CAD,H4,7,30,2,short,449
161.0,70.0,90.0,1.0,0.4375,0.36063186006218184,0.5143681399378182,70.0,38.0,26.0,6.0,0.59375,0.4734225861516275,0.7140774138483725,NZD_CAD,H4,7,30,3,short,231
89.0,37.0,52.0,0.0,0.4157303370786517,0.3133365525051154,0.518124121652188,39.0,15.0,17.0,7.0,0.46875,0.29584753133088293,0.6416524686691171,NZD_CAD,H4,7,30,4,short,128
880.0,380.0,481.0,19.0,0.4413472706155633,0.4081795458656152,0.47451499536551134,378.0,188.0,173.0,17.0,0.5207756232686981,0.46924122081869424,0.5723100257187019,NZD_CAD,H4,7,35,1,short,1258
449.0,189.0,249.0,11.0,0.4315068493150685,0.38512207143760535,0.47789162719253164,193.0,100.0,81.0,12.0,0.5524861878453039,0.48004580806740327,0.6249265676232045,NZD_CAD,H4,7,35,2,short,642
219.0,99.0,119.0,1.0,0.4541284403669725,0.38803438362626824,0.5202224971076768,95.0,54.0,34.0,7.0,0.6136363636363636,0.5119018292977975,0.7153708979749298,NZD_CAD,H4,7,35,3,short,314
116.0,56.0,60.0,0.0,0.4827586206896552,0.3918220178129649,0.5736952235663455,51.0,23.0,20.0,8.0,0.5348837209302325,0.38579928591096435,0.6839681559495007,NZD_CAD,H4,7,35,4,short,167
14.0,6.0,6.0,2.0,0.5,0.21709836809708338,0.7829016319029166,7.0,3.0,4.0,0.0,0.42857142857142855,0.06196537297496135,0.7951774841678958,NZD_CAD,H4,14,20,1,long,21
9.0,4.0,4.0,1.0,0.5,0.15351767721859172,0.8464823227814082,4.0,2.0,2.0,0.0,0.5,0.010000000000000009,0.99,NZD_CAD,H4,14,20,2,long,13
2.0,0.0,1.0,1.0,0.0,0.0,0.0,2.0,0.0,2.0,0.0,0.0,0.0,0.0,NZD_CAD,H4,14,20,3,long,4
1.0,0.0,1.0,0.0,0.0,0.0,0.0,1.0,0.0,1.0,0.0,0.0,0.0,0.0,NZD_CAD,H4,14,20,4,long,2
83.0,35.0,46.0,2.0,0.43209876543209874,0.32421863048129435,0.5399789003829032,36.0,12.0,20.0,4.0,0.375,0.20725996676404287,0.5427400332359571,NZD_CAD,H4,14,25,1,long,119
46.0,15.0,30.0,1.0,0.3333333333333333,0.19559857302377723,0.4710680936428894,21.0,5.0,12.0,4.0,0.29411764705882354,0.07751771578937186,0.5107175783282752,NZD_CAD,H4,14,25,2,long,67
18.0,4.0,13.0,1.0,0.23529411764705882,0.03365055539969364,0.436937679894424,8.0,0.0,5.0,3.0,0.0,0.0,0.0,NZD_CAD,H4,14,25,3,long,26
10.0,3.0,7.0,0.0,0.3,0.015969015774687012,0.584030984225313,5.0,0.0,5.0,0.0,0.0,0.0,0.0,NZD_CAD,H4,14,25,4,long,15
235.0,100.0,131.0,4.0,0.4329004329004329,0.36900442143612167,0.4967964443647441,101.0,51.0,42.0,8.0,0.5483870967741935,0.4472428040641537,0.6495313894842334,NZD_CAD,H4,14,30,1,long,336
125.0,46.0,76.0,3.0,0.3770491803278688,0.29104847020067304,0.4630498904550646,55.0,27.0,24.0,4.0,0.5294117647058824,0.3924219399364037,0.666401589475361,NZD_CAD,H4,14,30,2,long,180
58.0,18.0,38.0,2.0,0.32142857142857145,0.19910727320132077,0.44374986965582214,25.0,8.0,13.0,4.0,0.38095238095238093,0.17324888858708454,0.5886558733176773,NZD_CAD,H4,14,30,3,long,83
29.0,9.0,19.0,1.0,0.32142857142857145,0.14844013250850951,0.4944170103486334,13.0,4.0,8.0,1.0,0.3333333333333333,0.06661111689694282,0.6000555497697238,NZD_CAD,H4,14,30,4,long,42
503.0,219.0,274.0,10.0,0.44421906693711966,0.40035761224025945,0.48808052163397986,216.0,101.0,98.0,17.0,0.507537688442211,0.438075224959492,0.57700015192493,NZD_CAD,H4,14,35,1,long,719
259.0,102.0,151.0,6.0,0.4031620553359684,0.34271657276963624,0.4636075379023005,112.0,51.0,50.0,11.0,0.504950495049505,0.40744163013809787,0.602459359960912,NZD_CAD,H4,14,35,2,long,371
123.0,48.0,71.0,4.0,0.40336134453781514,0.3152188327660429,0.4915038563095874,53.0,17.0,29.0,7.0,0.3695652173913043,0.23007531079264418,0.5090551239899644,NZD_CAD,H4,14,35,3,long,176
61.0,22.0,36.0,3.0,0.3793103448275862,0.25443500824612186,0.5041856814090505,27.0,8.0,16.0,3.0,0.3333333333333333,0.14473224539805557,0.521934421268611,NZD_CAD,H4,14,35,4,long,88
14.0,7.0,6.0,1.0,0.5384615384615384,0.2674637865884742,0.8094592903346027,7.0,3.0,4.0,0.0,0.42857142857142855,0.06196537297496135,0.7951774841678958,NZD_CAD,H4,14,20,1,short,21
10.0,5.0,4.0,1.0,0.5555555555555556,0.23091161215558614,0.8801994989555251,5.0,2.0,3.0,0.0,0.4,0.0,0.8294144850840502,NZD_CAD,H4,14,20,2,short,15
5.0,5.0,0.0,0.0,1.0,1.0,1.0,3.0,1.0,2.0,0.0,0.3333333333333333,0.0,0.8667777662061142,NZD_CAD,H4,14,20,3,short,8
4.0,3.0,1.0,0.0,0.75,0.3256475521456251,1.0,3.0,1.0,2.0,0.0,0.3333333333333333,0.0,0.8667777662061142,NZD_CAD,H4,14,20,4,short,7
65.0,27.0,34.0,4.0,0.4426229508196721,0.31797571287036785,0.5672701887689764,28.0,12.0,14.0,2.0,0.46153846153846156,0.26991411350270844,0.6531628095742147,NZD_CAD,H4,14,25,1,short,93
39.0,20.0,17.0,2.0,0.5405405405405406,0.3799599895403506,0.7011210915407305,18.0,6.0,10.0,2.0,0.375,0.13777977004479572,0.6122202299552043,NZD_CAD,H4,14,25,2,short,57
18.0,10.0,8.0,0.0,0.5555555555555556,0.3259976217062955,0.7851134894048157,9.0,3.0,5.0,1.0,0.375,0.03951993352808575,0.7104800664719142,NZD_CAD,H4,14,25,3,short,27
12.0,6.0,6.0,0.0,0.5,0.21709836809708338,0.7829016319029166,6.0,1.0,4.0,1.0,0.2,0.0,0.5506154588719672,NZD_CAD,H4,14,25,4,short,18
209.0,94.0,107.0,8.0,0.46766169154228854,0.3986825475102661,0.536640835574311,90.0,44.0,42.0,4.0,0.5116279069767442,0.4059803696618971,0.6172754442915913,NZD_CAD,H4,14,30,1,short,299
114.0,53.0,57.0,4.0,0.4818181818181818,0.38844064658002875,0.5751957170563349,50.0,18.0,28.0,4.0,0.391304347826087,0.2502668507791245,0.5323418448730495,NZD_CAD,H4,14,30,2,short,164
58.0,28.0,30.0,0.0,0.4827586206896552,0.3541548435853036,0.6113623977940068,26.0,11.0,14.0,1.0,0.44,0.24541631723086335,0.6345836827691367,NZD_CAD,H4,14,30,3,short,84
37.0,15.0,22.0,0.0,0.40540540540540543,0.24720395705326467,0.5636068537575462,16.0,7.0,8.0,1.0,0.4666666666666667,0.2141946806886107,0.7191386526447227,NZD_CAD,H4,14,30,4,short,53
463.0,195.0,252.0,16.0,0.436241610738255,0.39026760319669923,0.4822156182798108,199.0,86.0,103.0,10.0,0.455026455026455,0.38403089275445285,0.5260220172984571,NZD_CAD,H4,14,35,1,short,662
230.0,94.0,127.0,9.0,0.4253393665158371,0.36015650108120845,0.49052223195046574,99.0,36.0,57.0,6.0,0.3870967741935484,0.2881001633504985,0.48609338503659827,NZD_CAD,H4,14,35,2,short,329
114.0,49.0,64.0,1.0,0.4336283185840708,0.3422535198993065,0.5250031172688351,50.0,24.0,25.0,1.0,0.4897959183673469,0.34982507592259393,0.6297667608120999,NZD_CAD,H4,14,35,3,short,164
64.0,23.0,41.0,0.0,0.359375,0.24181976967087182,0.4769302303291282,28.0,11.0,15.0,2.0,0.4230769230769231,0.23317121377589872,0.6129826323779475,NZD_CAD,H4,14,35,4,short,92
,,,,,,,,,,,,,,NZD_CAD,H4,21,20,1,long,0
,,,,,,,,,,,,,,NZD_CAD,H4,21,20,2,long,0
,,,,,,,,,,,,,,NZD_CAD,H4,21,20,3,long,0
,,,,,,,,,,,,,,NZD_CAD,H4,21,20,4,long,0
15.0,12.0,2.0,1.0,0.8571428571428571,0.6738398293446235,1.0,7.0,4.0,3.0,0.0,0.5714285714285714,0.2048225158321042,0.9380346270250386,NZD_CAD,H4,21,25,1,long,22
8.0,6.0,2.0,0.0,0.75,0.4499375065090607,1.0,4.0,3.0,1.0,0.0,0.75,0.3256475521456251,1.0,NZD_CAD,H4,21,25,2,long,12
2.0,1.0,1.0,0.0,0.5,0.0,1.0,2.0,1.0,1.0,0.0,0.5,0.0,1.0,NZD_CAD,H4,21,25,3,long,4
2.0,0.0,2.0,0.0,0.0,0.0,0.0,2.0,1.0,1.0,0.0,0.5,0.0,1.0,NZD_CAD,H4,21,25,4,long,4
86.0,43.0,41.0,2.0,0.5119047619047619,0.4050083080260113,0.6188012157835124,38.0,14.0,21.0,3.0,0.4,0.23769658044267833,0.5623034195573218,NZD_CAD,H4,21,30,1,long,124
45.0,17.0,27.0,1.0,0.38636363636363635,0.24248927814032473,0.530237994586948,20.0,6.0,11.0,3.0,0.35294117647058826,0.12576925204214065,0.5801131008990359,NZD_CAD,H4,21,30,2,long,65
18.0,5.0,12.0,1.0,0.29411764705882354,0.07751771578937186,0.5107175783282752,9.0,0.0,7.0,2.0,0.0,0.0,0.0,NZD_CAD,H4,21,30,3,long,27
10.0,3.0,7.0,0.0,0.3,0.015969015774687012,0.584030984225313,5.0,0.0,5.0,0.0,0.0,0.0,0.0,NZD_CAD,H4,21,30,4,long,15
280.0,122.0,152.0,6.0,0.44525547445255476,0.38640744343904365,0.5041035054660659,120.0,56.0,54.0,10.0,0.509090909090909,0.415667021139433,0.6025147970423851,NZD_CAD,H4,21,35,1,long,400
149.0,59.0,85.0,5.0,0.4097222222222222,0.3293977645702402,0.4900466798742042,65.0,28.0,31.0,6.0,0.4745762711864407,0.34715617855107106,0.6019963638218103,NZD_CAD,H4,21,35,2,long,214
71.0,24.0,44.0,3.0,0.35294117647058826,0.23935521425636447,0.46652713868481205,31.0,9.0,17.0,5.0,0.34615384615384615,0.16328414093967988,0.5290235513680124,NZD_CAD,H4,21,35,3,long,102
39.0,12.0,25.0,2.0,0.32432432432432434,0.17348516175608936,0.47516348689255933,17.0,5.0,11.0,1.0,0.3125,0.08537892133269531,0.5396210786673047,NZD_CAD,H4,21,35,4,long,56
,,,,,,,,,,,,,,NZD_CAD,H4,21,20,1,short,0
,,,,,,,,,,,,,,NZD_CAD,H4,21,20,2,short,0
,,,,,,,,,,,,,,NZD_CAD,H4,21,20,3,short,0
,,,,,,,,,,,,,,NZD_CAD,H4,21,20,4,short,0
11.0,3.0,7.0,1.0,0.3,0.015969015774687012,0.584030984225313,6.0,1.0,5.0,0.0,0.16666666666666666,0.0,0.4648711701972571,NZD_CAD,H4,21,25,1,short,17
9.0,2.0,6.0,1.0,0.25,0.0,0.5500624934909393,4.0,1.0,3.0,0.0,0.25,0.0,0.674352447854375,NZD_CAD,H4,21,25,2,short,13
3.0,1.0,2.0,0.0,0.3333333333333333,0.0,0.8667777662061142,2.0,1.0,1.0,0.0,0.5,0.0,1.0,NZD_CAD,H4,21,25,3,short,5
2.0,1.0,1.0,0.0,0.5,0.0,1.0,2.0,0.0,2.0,0.0,0.0,0.0,0.0,NZD_CAD,H4,21,25,4,short,4
67.0,27.0,35.0,5.0,0.43548387096774194,0.3120641837739932,0.5589035581614907,29.0,16.0,13.0,0.0,0.5517241379310345,0.3707190669948286,0.7327292088672404,NZD_CAD,H4,21,30,1,short,96
43.0,17.0,24.0,2.0,0.4146341463414634,0.2638310121124069,0.5654372805705199,19.0,8.0,9.0,2.0,0.47058823529411764,0.23331489867342306,0.7078615719148122,NZD_CAD,H4,21,30,2,short,62
23.0,12.0,11.0,0.0,0.5217391304347826,0.3175882379179313,0.7258900229516339,10.0,4.0,5.0,1.0,0.4444444444444444,0.11980050104447498,0.7690883878444139,NZD_CAD,H4,21,30,3,short,33
14.0,5.0,9.0,0.0,0.35714285714285715,0.1061448491826345,0.6081408651030797,7.0,2.0,4.0,1.0,0.3333333333333333,0.0,0.7105355092038887,NZD_CAD,H4,21,30,4,short,21
266.0,115.0,143.0,8.0,0.44573643410852715,0.3850846680297985,0.5063882001872558,114.0,49.0,59.0,6.0,0.4537037037037037,0.3598082674772022,0.5475991399302053,NZD_CAD,H4,21,35,1,short,380
142.0,60.0,78.0,4.0,0.43478260869565216,0.3520721616269784,0.5174930557643259,61.0,21.0,36.0,4.0,0.3684210526315789,0.24319211808556918,0.4936499871775887,NZD_CAD,H4,21,35,2,short,203
70.0,33.0,37.0,0.0,0.4714285714285714,0.35448756065818343,0.5883695821989594,31.0,13.0,17.0,1.0,0.43333333333333335,0.2560081873235037,0.610658479343163,NZD_CAD,H4,21,35,3,short,101
42.0,16.0,26.0,0.0,0.38095238095238093,0.23408383302475155,0.5278209288800103,19.0,8.0,10.0,1.0,0.4444444444444444,0.21488651059518432,0.6740023782937046,NZD_CAD,H4,21,35,4,short,61
,,,,,,,,,,,,,,NZD_CAD,H4,28,20,1,long,0
,,,,,,,,,,,,,,NZD_CAD,H4,28,20,2,long,0
,,,,,,,,,,,,,,NZD_CAD,H4,28,20,3,long,0
,,,,,,,,,,,,,,NZD_CAD,H4,28,20,4,long,0
3.0,3.0,0.0,0.0,1.0,1.0,1.0,2.0,2.0,0.0,0.0,1.0,1.0,1.0,NZD_CAD,H4,28,25,1,long,5
2.0,2.0,0.0,0.0,1.0,1.0,1.0,2.0,2.0,0.0,0.0,1.0,1.0,1.0,NZD_CAD,H4,28,25,2,long,4
0.0,0.0,0.0,0.0,,,,1.0,1.0,0.0,0.0,1.0,1.0,1.0,NZD_CAD,H4,28,25,3,long,1
0.0,0.0,0.0,0.0,,,,1.0,0.0,1.0,0.0,0.0,0.0,0.0,NZD_CAD,H4,28,25,4,long,1
30.0,20.0,9.0,1.0,0.6896551724137931,0.5212733029172445,0.8580370419103418,13.0,8.0,5.0,0.0,0.6153846153846154,0.35091788956280356,0.8798513412064273,NZD_CAD,H4,28,30,1,long,43
16.0,8.0,8.0,0.0,0.5,0.255,0.745,7.0,4.0,3.0,0.0,0.5714285714285714,0.2048225158321042,0.9380346270250386,NZD_CAD,H4,28,30,2,long,23
7.0,2.0,5.0,0.0,0.2857142857142857,0.0,0.6203782963279159,3.0,1.0,2.0,0.0,0.3333333333333333,0.0,0.8667777662061142,NZD_CAD,H4,28,30,3,long,10
4.0,0.0,4.0,0.0,0.0,0.0,0.0,2.0,1.0,1.0,0.0,0.5,0.0,1.0,NZD_CAD,H4,28,30,4,long,6
171.0,76.0,93.0,2.0,0.44970414201183434,0.3747018932513645,0.5247063907723042,74.0,35.0,34.0,5.0,0.5072463768115942,0.3892806314966041,0.6252121221265844,NZD_CAD,H4,28,35,1,long,245
92.0,35.0,56.0,1.0,0.38461538461538464,0.2846563579616677,0.48457441126910156,40.0,19.0,17.0,4.0,0.5277777777777778,0.3646966968472296,0.690858858708326,NZD_CAD,H4,28,35,2,long,132
40.0,12.0,27.0,1.0,0.3076923076923077,0.16283791625016736,0.45254669913444806,18.0,5.0,9.0,4.0,0.35714285714285715,0.1061448491826345,0.6081408651030797,NZD_CAD,H4,28,35,3,long,58
21.0,6.0,15.0,0.0,0.2857142857142857,0.09249592909842652,0.4789326423301449,10.0,4.0,6.0,0.0,0.4,0.09635810565733854,0.7036418943426614,NZD_CAD,H4,28,35,4,long,31
,,,,,,,,,,,,,,NZD_CAD,H4,28,20,1,short,0
,,,,,,,,,,,,,,NZD_CAD,H4,28,20,2,short,0
,,,,,,,,,,,,,,NZD_CAD,H4,28,20,3,short,0
,,,,,,,,,,,,,,NZD_CAD,H4,28,20,4,short,0
1.0,0.0,1.0,0.0,0.0,0.0,0.0,1.0,0.0,1.0,0.0,0.0,0.0,0.0,NZD_CAD,H4,28,25,1,short,2
0.0,0.0,0.0,0.0,,,,1.0,0.0,1.0,0.0,0.0,0.0,0.0,NZD_CAD,H4,28,25,2,short,1
0.0,0.0,0.0,0.0,,,,1.0,0.0,1.0,0.0,0.0,0.0,0.0,NZD_CAD,H4,28,25,3,short,1
0.0,0.0,0.0,0.0,,,,1.0,0.0,1.0,0.0,0.0,0.0,0.0,NZD_CAD,H4,28,25,4,short,1
19.0,6.0,11.0,2.0,0.35294117647058826,0.12576925204214065,0.5801131008990359,9.0,1.0,8.0,0.0,0.1111111111111111,0.0,0.31643396905564936,NZD_CAD,H4,28,30,1,short,28
14.0,4.0,8.0,2.0,0.3333333333333333,0.06661111689694282,0.6000555497697238,7.0,1.0,6.0,0.0,0.14285714285714285,0.0,0.4020867707934573,NZD_CAD,H4,28,30,2,short,21
7.0,3.0,4.0,0.0,0.42857142857142855,0.06196537297496135,0.7951774841678958,3.0,1.0,2.0,0.0,0.3333333333333333,0.0,0.8667777662061142,NZD_CAD,H4,28,30,3,short,10
4.0,2.0,2.0,0.0,0.5,0.010000000000000009,0.99,2.0,0.0,2.0,0.0,0.0,0.0,0.0,NZD_CAD,H4,28,30,4,short,6
149.0,67.0,76.0,6.0,0.46853146853146854,0.3867422210020213,0.5503207160609157,64.0,30.0,30.0,4.0,0.5,0.373482544023891,0.626517455976109,NZD_CAD,H4,28,35,1,short,213
84.0,35.0,46.0,3.0,0.43209876543209874,0.32421863048129435,0.5399789003829032,37.0,13.0,20.0,4.0,0.3939393939393939,0.22722548461529885,0.5606533032634891,NZD_CAD,H4,28,35,2,short,121
40.0,20.0,20.0,0.0,0.5,0.3450483946517494,0.6549516053482506,18.0,7.0,10.0,1.0,0.4117647058823529,0.17781004090730612,0.6457193708573997,NZD_CAD,H4,28,35,3,short,58
25.0,8.0,17.0,0.0,0.32,0.1371413485776514,0.5028586514223486,11.0,3.0,7.0,1.0,0.3,0.015969015774687012,0.584030984225313,NZD_CAD,H4,28,35,4,short,36
203.0,94.0,106.0,3.0,0.47,0.4008283815427165,0.5391716184572835,88.0,35.0,51.0,2.0,0.4069767441860465,0.3031456323024372,0.5108078560696558,NZD_CHF,H4,7,20,1,long,291
102.0,47.0,53.0,2.0,0.47,0.37217655904641256,0.5678234409535874,44.0,18.0,24.0,2.0,0.42857142857142855,0.27890513310047094,0.5782377240423862,NZD_CHF,H4,7,20,2,long,146
49.0,17.0,32.0,0.0,0.3469387755102041,0.2136598750565972,0.48021767596381093,21.0,8.0,11.0,2.0,0.42105263157894735,0.19904545890021433,0.6430598042576804,NZD_CHF,H4,7,20,3,long,70
23.0,7.0,15.0,1.0,0.3181818181818182,0.12354871828290975,0.5128149180807267,10.0,4.0,5.0,1.0,0.4444444444444444,0.11980050104447498,0.7690883878444139,NZD_CHF,H4,7,20,4,long,33
387.0,176.0,207.0,4.0,0.4595300261096606,0.4096186645900195,0.5094413876293017,166.0,61.0,99.0,6.0,0.38125,0.30599097074519893,0.456509029254801,NZD_CHF,H4,7,25,1,long,553
200.0,88.0,109.0,3.0,0.4467005076142132,0.37727623835859003,0.5161247768698364,87.0,32.0,52.0,3.0,0.38095238095238093,0.27710063476973273,0.48480412713502913,NZD_CHF,H4,7,25,2,long,287
99.0,40.0,56.0,3.0,0.4166666666666667,0.3180447971439886,0.5152885361893448,43.0,11.0,30.0,2.0,0.2682926829268293,0.13266846207616,0.40391690377749856,NZD_CHF,H4,7,25,3,long,142
48.0,14.0,33.0,1.0,0.2978723404255319,0.16712578011790435,0.42861890073315945,21.0,7.0,12.0,2.0,0.3684210526315789,0.15151817542017268,0.5853239298429852,NZD_CHF,H4,7,25,4,long,69
624.0,285.0,329.0,10.0,0.46416938110749184,0.4247214806504875,0.5036172815644961,268.0,105.0,153.0,10.0,0.4069767441860465,0.34702982378978653,0.4669236645823065,NZD_CHF,H4,7,30,1,long,892
322.0,140.0,175.0,7.0,0.4444444444444444,0.38956960243717886,0.49931928645171,139.0,50.0,84.0,5.0,0.373134328358209,0.2912457146498515,0.45502294206656646,NZD_CHF,H4,7,30,2,long,461
158.0,67.0,87.0,4.0,0.43506493506493504,0.3567630860175631,0.513366784112307,68.0,20.0,46.0,2.0,0.30303030303030304,0.19215518843242452,0.41390541762818156,NZD_CHF,H4,7,30,3,long,226
78.0,28.0,48.0,2.0,0.3684210526315789,0.2599696140258758,0.47687249123728204,34.0,10.0,22.0,2.0,0.3125,0.15190114512394554,0.47309885487605446,NZD_CHF,H4,7,30,4,long,112
927.0,434.0,478.0,15.0,0.4758771929824561,0.4434639393978441,0.5082904465670681,398.0,166.0,217.0,15.0,0.43342036553524804,0.38379064595374557,0.4830500851167505,NZD_CHF,H4,7,35,1,long,1325
467.0,208.0,250.0,9.0,0.45414847161572053,0.4085490298331522,0.49974791339828883,201.0,84.0,109.0,8.0,0.43523316062176165,0.3652855313065646,0.5051807899369587,NZD_CHF,H4,7,35,2,long,668
230.0,100.0,126.0,4.0,0.4424778761061947,0.3777220742976738,0.5072336779147156,99.0,38.0,58.0,3.0,0.3958333333333333,0.2980071709636406,0.49365949570302603,NZD_CHF,H4,7,35,3,long,329
112.0,44.0,66.0,2.0,0.4,0.30844852416660495,0.4915514758333951,49.0,18.0,29.0,2.0,0.3829787234042553,0.24400121032978744,0.5219562364787231,NZD_CHF,H4,7,35,4,long,161
175.0,89.0,81.0,5.0,0.5235294117647059,0.44845011397466505,0.5986087095547468,75.0,43.0,32.0,0.0,0.5733333333333334,0.46139640294311235,0.6852702637235544,NZD_CHF,H4,7,20,1,short,250
95.0,49.0,45.0,1.0,0.5212765957446809,0.4202888709508806,0.6222643205384811,42.0,19.0,22.0,1.0,0.4634146341463415,0.3107746096124355,0.6160546586802474,NZD_CHF,H4,7,20,2,short,137
40.0,15.0,25.0,0.0,0.375,0.22496875325453036,0.5250312467454696,18.0,7.0,10.0,1.0,0.4117647058823529,0.17781004090730612,0.6457193708573997,NZD_CHF,H4,7,20,3,short,58
17.0,8.0,9.0,0.0,0.47058823529411764,0.23331489867342306,0.7078615719148122,8.0,3.0,4.0,1.0,0.42857142857142855,0.06196537297496135,0.7951774841678958,NZD_CHF,H4,7,20,4,short,25
333.0,167.0,158.0,8.0,0.5138461538461538,0.4595063822120445,0.5681859254802631,144.0,84.0,60.0,0.0,0.5833333333333334,0.5028089140633664,0.6638577526033004,NZD_CHF,H4,7,25,1,short,477
172.0,82.0,85.0,5.0,0.49101796407185627,0.41519552449465125,0.5668404036490613,74.0,37.0,35.0,2.0,0.5138888888888888,0.3984393478055603,0.6293384299722173,NZD_CHF,H4,7,25,2,short,246
86.0,36.0,46.0,4.0,0.43902439024390244,0.3316092600918853,0.5464395203959196,37.0,16.0,20.0,1.0,0.4444444444444444,0.2821224727444597,0.6067664161444292,NZD_CHF,H4,7,25,3,short,123
39.0,18.0,20.0,1.0,0.47368421052631576,0.31492756025629715,0.6324408607963343,17.0,7.0,8.0,2.0,0.4666666666666667,0.2141946806886107,0.7191386526447227,NZD_CHF,H4,7,25,4,short,56
583.0,296.0,270.0,17.0,0.5229681978798587,0.4818192095624786,0.5641171861972388,250.0,129.0,116.0,5.0,0.5265306122448979,0.4640089098903865,0.5890523145994094,NZD_CHF,H4,7,30,1,short,833
289.0,141.0,140.0,8.0,0.501779359430605,0.44331783097190275,0.5602408878893074,124.0,55.0,65.0,4.0,0.4583333333333333,0.36918315313368577,0.5474835135329809,NZD_CHF,H4,7,30,2,short,413
133.0,59.0,68.0,6.0,0.4645669291338583,0.3778246254041986,0.551309232863518,58.0,26.0,31.0,1.0,0.45614035087719296,0.3268365447530674,0.5854441570013185,NZD_CHF,H4,7,30,3,short,191
58.0,29.0,27.0,2.0,0.5178571428571429,0.38698268010752934,0.6487316056067565,25.0,9.0,14.0,2.0,0.391304347826087,0.19184720669911723,0.5907614889530567,NZD_CHF,H4,7,30,4,short,83
898.0,434.0,445.0,19.0,0.4937428896473265,0.46069089840639676,0.5267948808882562,385.0,189.0,185.0,11.0,0.5053475935828877,0.45467589830435395,0.5560192888614215,NZD_CHF,H4,7,35,1,short,1283
445.0,208.0,227.0,10.0,0.4781609195402299,0.4312183582474583,0.5251034808330014,192.0,87.0,97.0,8.0,0.47282608695652173,0.40068630417589,0.5449658697371534,NZD_CHF,H4,7,35,2,short,637
200.0,94.0,99.0,7.0,0.48704663212435234,0.41652836495295126,0.5575648992957535,86.0,38.0,46.0,2.0,0.4523809523809524,0.3459402194370759,0.5588216853248289,NZD_CHF,H4,7,35,3,short,286
97.0,49.0,46.0,2.0,0.5157894736842106,0.4152937413638352,0.616285206004586,42.0,18.0,22.0,2.0,0.45,0.2958250993189877,0.6041749006810123,NZD_CHF,H4,7,35,4,short,139
32.0,6.0,26.0,0.0,0.1875,0.052263661734354844,0.3227363382656452,15.0,8.0,6.0,1.0,0.5714285714285714,0.31219894349225696,0.8306581993648858,NZD_CHF,H4,14,20,1,long,47
15.0,2.0,13.0,0.0,0.13333333333333333,0.0,0.3053639938219455,7.0,4.0,3.0,0.0,0.5714285714285714,0.2048225158321042,0.9380346270250386,NZD_CHF,H4,14,20,2,long,22
6.0,0.0,6.0,0.0,0.0,0.0,0.0,3.0,1.0,2.0,0.0,0.3333333333333333,0.0,0.8667777662061142,NZD_CHF,H4,14,20,3,long,9
1.0,0.0,1.0,0.0,0.0,0.0,0.0,1.0,1.0,0.0,0.0,1.0,1.0,1.0,NZD_CHF,H4,14,20,4,long,2
100.0,41.0,58.0,1.0,0.41414141414141414,0.3171107051783749,0.5111721231044534,43.0,22.0,20.0,1.0,0.5238095238095238,0.37276378631648893,0.6748552613025587,NZD_CHF,H4,14,25,1,long,143
45.0,15.0,30.0,0.0,0.3333333333333333,0.19559857302377723,0.4710680936428894,20.0,10.0,9.0,1.0,0.5263157894736842,0.3017999815449016,0.7508315974024667,NZD_CHF,H4,14,25,2,long,65
21.0,7.0,14.0,0.0,0.3333333333333333,0.13171028938286652,0.5349563772838001,10.0,3.0,6.0,1.0,0.3333333333333333,0.02534904641652591,0.6413176202501407,NZD_CHF,H4,14,25,3,long,31
11.0,2.0,8.0,1.0,0.2,0.0,0.447922568557201,5.0,2.0,3.0,0.0,0.4,0.0,0.8294144850840502,NZD_CHF,H4,14,25,4,long,16
249.0,105.0,141.0,3.0,0.4268292682926829,0.3650194286942038,0.48863910789116205,107.0,40.0,64.0,3.0,0.38461538461538464,0.29111227700198133,0.47811849222878794,NZD_CHF,H4,14,30,1,long,356
125.0,48.0,75.0,2.0,0.3902439024390244,0.3040354885878943,0.4764523162901545,54.0,19.0,33.0,2.0,0.36538461538461536,0.23450113761933572,0.496268093149895,NZD_CHF,H4,14,30,2,long,179
59.0,21.0,37.0,1.0,0.3620689655172414,0.23838181329805236,0.4857561177364304,26.0,6.0,18.0,2.0,0.25,0.07675883860929586,0.4232411613907041,NZD_CHF,H4,14,30,3,long,85
30.0,12.0,18.0,0.0,0.4,0.2246922705640165,0.5753077294359835,14.0,3.0,9.0,2.0,0.25,0.0050000000000000044,0.495,NZD_CHF,H4,14,30,4,long,44
497.0,228.0,261.0,8.0,0.4662576687116564,0.4220415660587935,0.5104737713645193,214.0,81.0,125.0,8.0,0.3932038834951456,0.32649974849350916,0.4599080184967821,NZD_CHF,H4,14,35,1,long,711
254.0,112.0,136.0,6.0,0.45161290322580644,0.38967492634223094,0.5135508801093819,110.0,41.0,64.0,5.0,0.3904761904761905,0.2971606366140792,0.48379174433830174,NZD_CHF,H4,14,35,2,long,364
122.0,49.0,70.0,3.0,0.4117647058823529,0.32333815422700907,0.5001912575376968,53.0,16.0,35.0,2.0,0.3137254901960784,0.18637670083326685,0.44107427955889,NZD_CHF,H4,14,35,3,long,175
62.0,22.0,38.0,2.0,0.36666666666666664,0.24473055710590194,0.4886027762274313,28.0,10.0,16.0,2.0,0.38461538461538464,0.19760916938857803,0.5716215998421912,NZD_CHF,H4,14,35,4,long,90
14.0,10.0,4.0,0.0,0.7142857142857143,0.47764252296172965,0.950928905609699,6.0,2.0,4.0,0.0,0.3333333333333333,0.0,0.7105355092038887,NZD_CHF,H4,14,20,1,short,20
9.0,5.0,4.0,0.0,0.5555555555555556,0.23091161215558614,0.8801994989555251,4.0,1.0,3.0,0.0,0.25,0.0,0.674352447854375,NZD_CHF,H4,14,20,2,short,13
3.0,1.0,2.0,0.0,0.3333333333333333,0.0,0.8667777662061142,2.0,1.0,1.0,0.0,0.5,0.0,1.0,NZD_CHF,H4,14,20,3,short,5
2.0,0.0,2.0,0.0,0.0,0.0,0.0,1.0,1.0,0.0,0.0,1.0,1.0,1.0,NZD_CHF,H4,14,20,4,short,3
61.0,31.0,30.0,0.0,0.5081967213114754,0.38273744065067694,0.6336560019722739,27.0,12.0,15.0,0.0,0.4444444444444444,0.25701117633169046,0.6318777125571984,NZD_CHF,H4,14,25,1,short,88
33.0,15.0,18.0,0.0,0.45454545454545453,0.28465575682533084,0.6244351522655782,15.0,6.0,9.0,0.0,0.4,0.15207743144279912,0.647922568557201,NZD_CHF,H4,14,25,2,short,48
12.0,5.0,7.0,0.0,0.4166666666666667,0.13772189581554434,0.6956114375177891,6.0,3.0,3.0,0.0,0.5,0.09991667534541426,0.9000833246545857,NZD_CHF,H4,14,25,3,short,18
5.0,1.0,4.0,0.0,0.2,0.0,0.5506154588719672,3.0,1.0,1.0,1.0,0.5,0.0,1.0,NZD_CHF,H4,14,25,4,short,8
188.0,108.0,77.0,3.0,0.5837837837837838,0.512751509644769,0.6548160579227986,81.0,47.0,34.0,0.0,0.5802469135802469,0.4727695683430423,0.6877242588174516,NZD_CHF,H4,14,30,1,short,269
98.0,52.0,46.0,0.0,0.5306122448979592,0.43180300795058446,0.629421481845334,42.0,24.0,17.0,1.0,0.5853658536585366,0.43456271942948005,0.736168987887593,NZD_CHF,H4,14,30,2,short,140
45.0,19.0,26.0,0.0,0.4222222222222222,0.2779107772800783,0.5665336671643662,20.0,9.0,10.0,1.0,0.47368421052631576,0.2491684025975332,0.6982000184550983,NZD_CHF,H4,14,30,3,short,65
21.0,9.0,12.0,0.0,0.42857142857142855,0.21691132368626131,0.6402315334565958,10.0,6.0,3.0,1.0,0.6666666666666666,0.3586823797498592,0.974650953583474,NZD_CHF,H4,14,30,4,short,31
415.0,209.0,195.0,11.0,0.5173267326732673,0.46859919427079477,0.5660542710757399,178.0,108.0,69.0,1.0,0.6101694915254238,0.5383185282476057,0.6820204548032418,NZD_CHF,H4,14,35,1,short,593
208.0,97.0,106.0,5.0,0.47783251231527096,0.4091176288583689,0.546547395772173,90.0,47.0,41.0,2.0,0.5340909090909091,0.4298656651053624,0.6383161530764557,NZD_CHF,H4,14,35,2,short,298
100.0,43.0,53.0,4.0,0.4479166666666667,0.34843996330856697,0.5473933700247664,44.0,19.0,24.0,1.0,0.4418604651162791,0.29342563856848014,0.590295291664078,NZD_CHF,H4,14,35,3,short,144
45.0,23.0,21.0,1.0,0.5227272727272727,0.37513941734496625,0.6703151281095792,20.0,7.0,11.0,2.0,0.3888888888888889,0.16367629309127704,0.6141014846865007,NZD_CHF,H4,14,35,4,short,65
10.0,2.0,8.0,0.0,0.2,0.0,0.447922568557201,5.0,3.0,2.0,0.0,0.6,0.17058551491594975,1.0,NZD_CHF,H4,21,20,1,long,15
2.0,0.0,2.0,0.0,0.0,0.0,0.0,2.0,1.0,1.0,0.0,0.5,0.0,1.0,NZD_CHF,H4,21,20,2,long,4
1.0,0.0,1.0,0.0,0.0,0.0,0.0,1.0,0.0,1.0,0.0,0.0,0.0,0.0,NZD_CHF,H4,21,20,3,long,2
,,,,,,,,,,,,,,NZD_CHF,H4,21,20,4,long,0
32.0,8.0,24.0,0.0,0.25,0.09996875325453036,0.40003124674546964,14.0,8.0,6.0,0.0,0.5714285714285714,0.31219894349225696,0.8306581993648858,NZD_CHF,H4,21,25,1,long,46
16.0,4.0,12.0,0.0,0.25,0.03782377607281254,0.4621762239271875,7.0,4.0,3.0,0.0,0.5714285714285714,0.2048225158321042,0.9380346270250386,NZD_CHF,H4,21,25,2,long,23
5.0,1.0,4.0,0.0,0.2,0.0,0.5506154588719672,3.0,1.0,2.0,0.0,0.3333333333333333,0.0,0.8667777662061142,NZD_CHF,H4,21,25,3,long,8
2.0,0.0,2.0,0.0,0.0,0.0,0.0,1.0,1.0,0.0,0.0,1.0,1.0,1.0,NZD_CHF,H4,21,25,4,long,3
109.0,40.0,69.0,0.0,0.3669724770642202,0.2764886699088671,0.4574562842195733,48.0,20.0,27.0,1.0,0.425531914893617,0.284178545733946,0.5668852840532881,NZD_CHF,H4,21,30,1,long,157
51.0,16.0,35.0,0.0,0.3137254901960784,0.18637670083326685,0.44107427955889,23.0,11.0,11.0,1.0,0.5,0.29106329797150177,0.7089367020284982,NZD_CHF,H4,21,30,2,long,74
23.0,7.0,16.0,0.0,0.30434782608695654,0.11629783002433983,0.4923978221495733,10.0,3.0,6.0,1.0,0.3333333333333333,0.02534904641652591,0.6413176202501407,NZD_CHF,H4,21,30,3,long,33
11.0,3.0,8.0,0.0,0.2727272727272727,0.009535284742372196,0.5359192607121732,5.0,2.0,2.0,1.0,0.5,0.010000000000000009,0.99,NZD_CHF,H4,21,30,4,long,16
314.0,132.0,176.0,6.0,0.42857142857142855,0.37330348619480797,0.48383937094804913,135.0,57.0,74.0,4.0,0.4351145038167939,0.3502155349528786,0.5200134726807092,NZD_CHF,H4,21,35,1,long,449
157.0,58.0,95.0,4.0,0.3790849673202614,0.30220826874201323,0.4559616658985096,68.0,24.0,40.0,4.0,0.375,0.25638988502239785,0.49361011497760215,NZD_CHF,H4,21,35,2,long,225
77.0,28.0,47.0,2.0,0.37333333333333335,0.2638640888109731,0.4828025778556936,34.0,10.0,22.0,2.0,0.3125,0.15190114512394554,0.47309885487605446,NZD_CHF,H4,21,35,3,long,111
41.0,16.0,24.0,1.0,0.4,0.24817905282866928,0.5518209471713308,18.0,5.0,11.0,2.0,0.3125,0.08537892133269531,0.5396210786673047,NZD_CHF,H4,21,35,4,long,59
3.0,2.0,1.0,0.0,0.6666666666666666,0.13322223379388565,1.0,2.0,1.0,1.0,0.0,0.5,0.0,1.0,NZD_CHF,H4,21,20,1,short,5
2.0,2.0,0.0,0.0,1.0,1.0,1.0,1.0,1.0,0.0,0.0,1.0,1.0,1.0,NZD_CHF,H4,21,20,2,short,3
1.0,1.0,0.0,0.0,1.0,1.0,1.0,1.0,1.0,0.0,0.0,1.0,1.0,1.0,NZD_CHF,H4,21,20,3,short,2
0.0,0.0,0.0,0.0,,,,1.0,1.0,0.0,0.0,1.0,1.0,1.0,NZD_CHF,H4,21,20,4,short,1
14.0,7.0,7.0,0.0,0.5,0.2380839829258241,0.7619160170741759,7.0,3.0,4.0,0.0,0.42857142857142855,0.06196537297496135,0.7951774841678958,NZD_CHF,H4,21,25,1,short,21
9.0,5.0,4.0,0.0,0.5555555555555556,0.23091161215558614,0.8801994989555251,4.0,1.0,3.0,0.0,0.25,0.0,0.674352447854375,NZD_CHF,H4,21,25,2,short,13
2.0,1.0,1.0,0.0,0.5,0.0,1.0,2.0,1.0,1.0,0.0,0.5,0.0,1.0,NZD_CHF,H4,21,25,3,short,4
1.0,0.0,1.0,0.0,0.0,0.0,0.0,1.0,1.0,0.0,0.0,1.0,1.0,1.0,NZD_CHF,H4,21,25,4,short,2
70.0,41.0,29.0,0.0,0.5857142857142857,0.470315845516855,0.7011127259117165,30.0,15.0,15.0,0.0,0.5,0.32107729788164574,0.6789227021183543,NZD_CHF,H4,21,30,1,short,100
40.0,22.0,18.0,0.0,0.55,0.3958250993189878,0.7041749006810123,18.0,7.0,11.0,0.0,0.3888888888888889,0.16367629309127704,0.6141014846865007,NZD_CHF,H4,21,30,2,short,58
18.0,9.0,9.0,0.0,0.5,0.2690117848123945,0.7309882151876055,9.0,4.0,5.0,0.0,0.4444444444444444,0.11980050104447498,0.7690883878444139,NZD_CHF,H4,21,30,3,short,27
7.0,3.0,4.0,0.0,0.42857142857142855,0.06196537297496135,0.7951774841678958,4.0,1.0,2.0,1.0,0.3333333333333333,0.0,0.8667777662061142,NZD_CHF,H4,21,30,4,short,11
222.0,126.0,93.0,3.0,0.5753424657534246,0.5098763391648953,0.640808592341954,96.0,55.0,41.0,0.0,0.5729166666666666,0.47396514095053166,0.6718681923828016,NZD_CHF,H4,21,35,1,short,318
118.0,59.0,58.0,1.0,0.5042735042735043,0.41367578154790474,0.5948712269991038,52.0,28.0,23.0,1.0,0.5490196078431373,0.4124532456780719,0.6855859700082028,NZD_CHF,H4,21,35,2,short,170
53.0,22.0,30.0,1.0,0.4230769230769231,0.2887933082441275,0.5573605379097186,24.0,10.0,14.0,0.0,0.4166666666666667,0.21942292762131047,0.6139104057120229,NZD_CHF,H4,21,35,3,short,77
23.0,8.0,15.0,0.0,0.34782608695652173,0.15317584838060608,0.5424763255324374,11.0,6.0,4.0,1.0,0.6,0.2963581056573385,0.9036418943426614,NZD_CHF,H4,21,35,4,short,34
4.0,1.0,3.0,0.0,0.25,0.0,0.674352447854375,3.0,1.0,2.0,0.0,0.3333333333333333,0.0,0.8667777662061142,NZD_CHF,H4,28,20,1,long,7
2.0,0.0,2.0,0.0,0.0,0.0,0.0,1.0,0.0,1.0,0.0,0.0,0.0,0.0,NZD_CHF,H4,28,20,2,long,3
,,,,,,,,,,,,,,NZD_CHF,H4,28,20,3,long,0
,,,,,,,,,,,,,,NZD_CHF,H4,28,20,4,long,0
20.0,6.0,14.0,0.0,0.3,0.09915976498719187,0.500840235012808,9.0,6.0,3.0,0.0,0.6666666666666666,0.3586823797498592,0.974650953583474,NZD_CHF,H4,28,25,1,long,29
8.0,2.0,6.0,0.0,0.25,0.0,0.5500624934909393,4.0,3.0,1.0,0.0,0.75,0.3256475521456251,1.0,NZD_CHF,H4,28,25,2,long,12
2.0,1.0,1.0,0.0,0.5,0.0,1.0,2.0,0.0,2.0,0.0,0.0,0.0,0.0,NZD_CHF,H4,28,25,3,long,4
0.0,0.0,0.0,0.0,,,,1.0,0.0,1.0,0.0,0.0,0.0,0.0,NZD_CHF,H4,28,25,4,long,1
58.0,20.0,38.0,0.0,0.3448275862068966,0.222500994030245,0.4671541783835481,26.0,10.0,16.0,0.0,0.38461538461538464,0.19760916938857803,0.5716215998421912,NZD_CHF,H4,28,30,1,long,84
30.0,8.0,22.0,0.0,0.26666666666666666,0.10842147482583778,0.4249118585074956,14.0,8.0,6.0,0.0,0.5714285714285714,0.31219894349225696,0.8306581993648858,NZD_CHF,H4,28,30,2,long,44
11.0,5.0,6.0,0.0,0.45454545454545453,0.1602878664116818,0.7488030426792273,6.0,1.0,5.0,0.0,0.16666666666666666,0.0,0.4648711701972571,NZD_CHF,H4,28,30,3,long,17
7.0,1.0,6.0,0.0,0.14285714285714285,0.0,0.4020867707934573,4.0,2.0,2.0,0.0,0.5,0.010000000000000009,0.99,NZD_CHF,H4,28,30,4,long,11
197.0,74.0,121.0,2.0,0.37948717948717947,0.3113768942060645,0.44759746476829443,85.0,40.0,44.0,1.0,0.47619047619047616,0.369385010939828,0.5829959414411243,NZD_CHF,H4,28,35,1,long,282
99.0,32.0,66.0,1.0,0.32653061224489793,0.23368445904905838,0.4193767654407375,43.0,17.0,25.0,1.0,0.40476190476190477,0.25631313569648934,0.5532106738273201,NZD_CHF,H4,28,35,2,long,142
44.0,15.0,28.0,1.0,0.3488372093023256,0.20638209904782523,0.49129231955682595,20.0,6.0,13.0,1.0,0.3157894736842105,0.1067766313149944,0.5248023160534266,NZD_CHF,H4,28,35,3,long,64
23.0,8.0,15.0,0.0,0.34782608695652173,0.15317584838060608,0.5424763255324374,11.0,4.0,6.0,1.0,0.4,0.09635810565733854,0.7036418943426614,NZD_CHF,H4,28,35,4,long,34
0.0,0.0,0.0,0.0,,,,1.0,1.0,0.0,0.0,1.0,1.0,1.0,NZD_CHF,H4,28,20,1,short,1
0.0,0.0,0.0,0.0,,,,1.0,1.0,0.0,0.0,1.0,1.0,1.0,NZD_CHF,H4,28,20,2,short,1
,,,,,,,,,,,,,,NZD_CHF,H4,28,20,3,short,0
,,,,,,,,,,,,,,NZD_CHF,H4,28,20,4,short,0
4.0,3.0,1.0,0.0,0.75,0.3256475521456251,1.0,2.0,0.0,2.0,0.0,0.0,0.0,0.0,NZD_CHF,H4,28,25,1,short,6
2.0,2.0,0.0,0.0,1.0,1.0,1.0,2.0,1.0,1.0,0.0,0.5,0.0,1.0,NZD_CHF,H4,28,25,2,short,4
1.0,1.0,0.0,0.0,1.0,1.0,1.0,1.0,1.0,0.0,0.0,1.0,1.0,1.0,NZD_CHF,H4,28,25,3,short,2
0.0,0.0,0.0,0.0,,,,1.0,1.0,0.0,0.0,1.0,1.0,1.0,NZD_CHF,H4,28,25,4,short,1
27.0,16.0,11.0,0.0,0.5925925925925926,0.4072536166713656,0.7779315685138195,12.0,6.0,6.0,0.0,0.5,0.21709836809708338,0.7829016319029166,NZD_CHF,H4,28,30,1,short,39
16.0,9.0,7.0,0.0,0.5625,0.31942159829594075,0.8055784017040593,8.0,2.0,6.0,0.0,0.25,0.0,0.5500624934909393,NZD_CHF,H4,28,30,2,short,24
7.0,4.0,3.0,0.0,0.5714285714285714,0.2048225158321042,0.9380346270250386,3.0,1.0,2.0,0.0,0.3333333333333333,0.0,0.8667777662061142,NZD_CHF,H4,28,30,3,short,10
2.0,0.0,2.0,0.0,0.0,0.0,0.0,2.0,2.0,0.0,0.0,1.0,1.0,1.0,NZD_CHF,H4,28,30,4,short,4
118.0,71.0,47.0,0.0,0.6016949152542372,0.5133643186586201,0.6900255118498544,51.0,29.0,22.0,0.0,0.5686274509803921,0.4326987562469371,0.7045561457138472,NZD_CHF,H4,28,35,1,short,169
66.0,34.0,32.0,0.0,0.5151515151515151,0.394577252231733,0.6357257780712973,29.0,14.0,15.0,0.0,0.4827586206896552,0.3008854149362746,0.6646318264430358,NZD_CHF,H4,28,35,2,short,95
26.0,14.0,12.0,0.0,0.5384615384615384,0.3468371904257853,0.7300858864972916,12.0,4.0,8.0,0.0,0.3333333333333333,0.06661111689694282,0.6000555497697238,NZD_CHF,H4,28,35,3,short,38
11.0,5.0,6.0,0.0,0.45454545454545453,0.1602878664116818,0.7488030426792273,6.0,1.0,4.0,1.0,0.2,0.0,0.5506154588719672,NZD_CHF,H4,28,35,4,short,17
212.0,88.0,103.0,21.0,0.4607329842931937,0.39004168419842644,0.531424284387961,91.0,49.0,42.0,0.0,0.5384615384615384,0.4360340159881504,0.6408890609349265,EUR_NOK,H4,7,20,1,long,303
102.0,39.0,51.0,12.0,0.43333333333333335,0.3309546125504685,0.5357120541161982,44.0,22.0,22.0,0.0,0.5,0.35225944115689584,0.6477405588431042,EUR_NOK,H4,7,20,2,long,146
50.0,20.0,23.0,7.0,0.46511627906976744,0.3160318440504992,0.6142007140890356,22.0,12.0,10.0,0.0,0.5454545454545454,0.33738300946955657,0.7535260814395343,EUR_NOK,H4,7,20,3,long,72
25.0,10.0,13.0,2.0,0.43478260869565216,0.23218421697992483,0.6373810004113795,12.0,3.0,9.0,0.0,0.25,0.0050000000000000044,0.495,EUR_NOK,H4,7,20,4,long,37
418.0,189.0,193.0,36.0,0.49476439790575916,0.4446259848835038,0.5449028109280145,180.0,93.0,83.0,4.0,0.5284090909090909,0.4546581458025132,0.6021600360156687,EUR_NOK,H4,7,25,1,long,598
206.0,92.0,95.0,19.0,0.4919786096256685,0.42032313485544637,0.5636340843958906,89.0,46.0,41.0,2.0,0.5287356321839081,0.42384226265749547,0.6336290017103207,EUR_NOK,H4,7,25,2,long,295
102.0,45.0,44.0,13.0,0.5056179775280899,0.4017447427341948,0.609491212321985,45.0,21.0,24.0,0.0,0.4666666666666667,0.32090189759939663,0.6124314357339367,EUR_NOK,H4,7,25,3,long,147
49.0,21.0,23.0,5.0,0.4772727272727273,0.32968487189042084,0.6248605826550337,22.0,8.0,14.0,0.0,0.36363636363636365,0.16262016242857788,0.5646525648441494,EUR_NOK,H4,7,25,4,long,71
663.0,300.0,307.0,56.0,0.4942339373970346,0.45445960948809966,0.5340082653059696,285.0,134.0,143.0,8.0,0.48375451263537905,0.4249031076135405,0.5426059176572177,EUR_NOK,H4,7,30,1,long,948
324.0,151.0,147.0,26.0,0.5067114093959731,0.44994664805558143,0.5634761707363649,140.0,72.0,63.0,5.0,0.5333333333333333,0.44917600467398133,0.6174906619926853,EUR_NOK,H4,7,30,2,long,464
158.0,74.0,65.0,19.0,0.5323741007194245,0.4494260071007058,0.6153221943381432,69.0,32.0,34.0,3.0,0.48484848484848486,0.36427422192870273,0.605422747768267,EUR_NOK,H4,7,30,3,long,227
79.0,37.0,35.0,7.0,0.5138888888888888,0.3984393478055603,0.6293384299722173,34.0,15.0,18.0,1.0,0.45454545454545453,0.28465575682533084,0.6244351522655782,EUR_NOK,H4,7,30,4,long,113
937.0,425.0,435.0,77.0,0.4941860465116279,0.46077058312935254,0.5276015098939032,403.0,185.0,207.0,11.0,0.4719387755102041,0.4225193141284235,0.5213582368919847,EUR_NOK,H4,7,35,1,long,1340
464.0,206.0,224.0,34.0,0.4790697674418605,0.4318513956605289,0.5262881392231921,199.0,102.0,91.0,6.0,0.5284974093264249,0.45807013350540104,0.5989246851474487,EUR_NOK,H4,7,35,2,long,663
235.0,99.0,114.0,22.0,0.4647887323943662,0.3978069516699598,0.5317705131187727,101.0,47.0,50.0,4.0,0.4845360824742268,0.3850797589698413,0.5839924059786122,EUR_NOK,H4,7,35,3,long,336
115.0,49.0,55.0,11.0,0.47115384615384615,0.37521699781645207,0.5670906944912402,50.0,22.0,27.0,1.0,0.4489795918367347,0.30971036204297536,0.588248821630494,EUR_NOK,H4,7,35,4,long,165
224.0,98.0,115.0,11.0,0.460093896713615,0.39315961238286024,0.5270281810443698,96.0,39.0,52.0,5.0,0.42857142857142855,0.32689320308306974,0.5302496540597874,EUR_NOK,H4,7,20,1,short,320
117.0,53.0,56.0,8.0,0.48623853211009177,0.39240711557392477,0.5800699486462587,51.0,21.0,30.0,0.0,0.4117647058823529,0.2766909170808409,0.5468384946838649,EUR_NOK,H4,7,20,2,short,168
57.0,24.0,28.0,5.0,0.46153846153846156,0.32603958560192947,0.5970373374749937,25.0,11.0,14.0,0.0,0.44,0.24541631723086335,0.6345836827691367,EUR_NOK,H4,7,20,3,short,82
23.0,11.0,11.0,1.0,0.5,0.29106329797150177,0.7089367020284982,10.0,5.0,5.0,0.0,0.5,0.19009678930349883,0.8099032106965012,EUR_NOK,H4,7,20,4,short,33
413.0,179.0,214.0,20.0,0.455470737913486,0.4062327102542843,0.5047087655726877,178.0,82.0,84.0,12.0,0.4939759036144578,0.4179186728901288,0.5700331343387868,EUR_NOK,H4,7,25,1,short,591
214.0,96.0,101.0,17.0,0.4873096446700508,0.41751002832443107,0.5571092610156705,92.0,41.0,48.0,3.0,0.4606741573033708,0.3571161682586195,0.5642321463481221,EUR_NOK,H4,7,25,2,short,306
103.0,41.0,53.0,9.0,0.43617021276595747,0.3359179568387757,0.5364224686931393,45.0,15.0,28.0,2.0,0.3488372093023256,0.20638209904782523,0.49129231955682595,EUR_NOK,H4,7,25,3,short,148
49.0,22.0,24.0,3.0,0.4782608695652174,0.33390438908126585,0.622617350049169,21.0,7.0,14.0,0.0,0.3333333333333333,0.13171028938286652,0.5349563772838001,EUR_NOK,H4,7,25,4,short,70
636.0,265.0,339.0,32.0,0.43874172185430466,0.3991664916759926,0.4783169520326167,273.0,118.0,140.0,15.0,0.4573643410852713,0.396574426396743,0.5181542557737996,EUR_NOK,H4,7,30,1,short,909
317.0,134.0,163.0,20.0,0.4511784511784512,0.39458481497050346,0.5077720873863989,136.0,61.0,70.0,5.0,0.46564885496183206,0.38022816689063776,0.5510695430330264,EUR_NOK,H4,7,30,2,short,453
152.0,58.0,83.0,11.0,0.41134751773049644,0.3301242523308469,0.49257078313014596,66.0,27.0,37.0,2.0,0.421875,0.3008796014320818,0.5428703985679182,EUR_NOK,H4,7,30,3,short,218
70.0,27.0,40.0,3.0,0.40298507462686567,0.285534337967312,0.5204358112864194,30.0,15.0,15.0,0.0,0.5,0.32107729788164574,0.6789227021183543,EUR_NOK,H4,7,30,4,short,100
919.0,366.0,508.0,45.0,0.41876430205949655,0.38605574984791313,0.45147285427107997,394.0,163.0,210.0,21.0,0.43699731903485256,0.3866592823162812,0.4873353557534239,EUR_NOK,H4,7,35,1,short,1313
452.0,186.0,233.0,33.0,0.4439140811455847,0.39634010291246924,0.4914880593787002,194.0,74.0,110.0,10.0,0.40217391304347827,0.33132363820356026,0.4730241878833963,EUR_NOK,H4,7,35,2,short,646
215.0,85.0,113.0,17.0,0.4292929292929293,0.36034726338509393,0.49823859520076463,93.0,34.0,56.0,3.0,0.37777777777777777,0.27761052121809104,0.4779450343374645,EUR_NOK,H4,7,35,3,short,308
101.0,39.0,56.0,6.0,0.4105263157894737,0.3116033836975772,0.5094492478813701,44.0,19.0,25.0,0.0,0.4318181818181818,0.28545768957742834,0.5781786740589353,EUR_NOK,H4,7,35,4,short,145
21.0,7.0,11.0,3.0,0.3888888888888889,0.16367629309127704,0.6141014846865007,9.0,4.0,5.0,0.0,0.4444444444444444,0.11980050104447498,0.7690883878444139,EUR_NOK,H4,14,20,1,long,30
11.0,3.0,6.0,2.0,0.3333333333333333,0.02534904641652591,0.6413176202501407,5.0,2.0,3.0,0.0,0.4,0.0,0.8294144850840502,EUR_NOK,H4,14,20,2,long,16
5.0,2.0,1.0,2.0,0.6666666666666666,0.13322223379388565,1.0,3.0,0.0,3.0,0.0,0.0,0.0,0.0,EUR_NOK,H4,14,20,3,long,8
2.0,1.0,1.0,0.0,0.5,0.0,1.0,2.0,0.0,2.0,0.0,0.0,0.0,0.0,EUR_NOK,H4,14,20,4,long,4
78.0,31.0,36.0,11.0,0.4626865671641791,0.34329436448773026,0.5820787698406279,34.0,17.0,17.0,0.0,0.5,0.3319313865603413,0.6680686134396587,EUR_NOK,H4,14,25,1,long,112
39.0,15.0,19.0,5.0,0.4411764705882353,0.2742750144182945,0.6080779267581761,18.0,8.0,10.0,0.0,0.4444444444444444,0.21488651059518432,0.6740023782937046,EUR_NOK,H4,14,25,2,long,57
22.0,9.0,9.0,4.0,0.5,0.2690117848123945,0.7309882151876055,10.0,3.0,7.0,0.0,0.3,0.015969015774687012,0.584030984225313,EUR_NOK,H4,14,25,3,long,32
11.0,3.0,7.0,1.0,0.3,0.015969015774687012,0.584030984225313,6.0,1.0,5.0,0.0,0.16666666666666666,0.0,0.4648711701972571,EUR_NOK,H4,14,25,4,long,17
244.0,113.0,109.0,22.0,0.509009009009009,0.4432463930808016,0.5747716249372165,106.0,50.0,53.0,3.0,0.4854368932038835,0.3889155912741364,0.5819581951336307,EUR_NOK,H4,14,30,1,long,350
118.0,50.0,58.0,10.0,0.46296296296296297,0.36892148691330207,0.5570044390126239,51.0,23.0,26.0,2.0,0.46938775510204084,0.32965039212332675,0.6091251180807549,EUR_NOK,H4,14,30,2,long,169
55.0,24.0,23.0,8.0,0.5106382978723404,0.367722965614364,0.6535536301303168,24.0,12.0,12.0,0.0,0.5,0.29995833767270713,0.7000416623272929,EUR_NOK,H4,14,30,3,long,79
30.0,10.0,16.0,4.0,0.38461538461538464,0.19760916938857803,0.5716215998421912,13.0,5.0,8.0,0.0,0.38461538461538464,0.12014865879357278,0.6490821104371964,EUR_NOK,H4,14,30,4,long,43
499.0,225.0,229.0,45.0,0.4955947136563877,0.4496028199106222,0.5415866074021531,214.0,100.0,107.0,7.0,0.4830917874396135,0.41501603629648554,0.5511675385827415,EUR_NOK,H4,14,35,1,long,713
249.0,111.0,115.0,23.0,0.4911504424778761,0.4259720234162558,0.5563288615394965,108.0,54.0,50.0,4.0,0.5192307692307693,0.42320496691196796,0.6152565715495706,EUR_NOK,H4,14,35,2,long,357
123.0,57.0,53.0,13.0,0.5181818181818182,0.4248042829436651,0.6115593534199713,53.0,27.0,26.0,0.0,0.5094339622641509,0.37484457280827393,0.644023351720028,EUR_NOK,H4,14,35,3,long,176
60.0,23.0,28.0,9.0,0.45098039215686275,0.31441402999179735,0.5875467543219282,26.0,13.0,13.0,0.0,0.5,0.30780618756457967,0.6921938124354203,EUR_NOK,H4,14,35,4,long,86
49.0,19.0,28.0,2.0,0.40425531914893614,0.26395291898517614,0.5445577193126961,22.0,4.0,17.0,1.0,0.19047619047619047,0.02252558045226885,0.3584268005001121,EUR_NOK,H4,14,20,1,short,71
30.0,14.0,15.0,1.0,0.4827586206896552,0.3008854149362746,0.6646318264430358,13.0,1.0,12.0,0.0,0.07692307692307693,0.0,0.22177746836521728,EUR_NOK,H4,14,20,2,short,43
16.0,3.0,12.0,1.0,0.2,0.0,0.4024279295617743,8.0,2.0,6.0,0.0,0.25,0.0,0.5500624934909393,EUR_NOK,H4,14,20,3,short,24
6.0,2.0,4.0,0.0,0.3333333333333333,0.0,0.7105355092038887,3.0,1.0,2.0,0.0,0.3333333333333333,0.0,0.8667777662061142,EUR_NOK,H4,14,20,4,short,9
120.0,45.0,71.0,4.0,0.3879310344827586,0.29925535626617394,0.4766067126993433,52.0,19.0,31.0,2.0,0.38,0.2454577419544328,0.5145422580455672,EUR_NOK,H4,14,25,1,short,172
63.0,22.0,37.0,4.0,0.3728813559322034,0.2494884317449682,0.4962742801194386,28.0,9.0,19.0,0.0,0.32142857142857145,0.14844013250850951,0.4944170103486334,EUR_NOK,H4,14,25,2,short,91
32.0,11.0,19.0,2.0,0.36666666666666664,0.19422296678282158,0.5391103665505117,15.0,6.0,9.0,0.0,0.4,0.15207743144279912,0.647922568557201,EUR_NOK,H4,14,25,3,short,47
13.0,6.0,7.0,0.0,0.46153846153846156,0.19054070966539732,0.7325362134115259,6.0,2.0,4.0,0.0,0.3333333333333333,0.0,0.7105355092038887,EUR_NOK,H4,14,25,4,short,19
268.0,120.0,138.0,10.0,0.46511627906976744,0.4042528133383803,0.5259797448011545,115.0,52.0,56.0,7.0,0.48148148148148145,0.3872456377231525,0.5757173252398103,EUR_NOK,H4,14,30,1,short,383
143.0,56.0,77.0,10.0,0.42105263157894735,0.33714180755316153,0.5049634556047332,62.0,31.0,31.0,0.0,0.5,0.37553987553981333,0.6244601244601867,EUR_NOK,H4,14,30,2,short,205
73.0,26.0,41.0,6.0,0.3880597014925373,0.27137270275773195,0.5047467002273427,32.0,14.0,18.0,0.0,0.4375,0.2656176137950721,0.6093823862049279,EUR_NOK,H4,14,30,3,short,105
34.0,12.0,20.0,2.0,0.375,0.20725996676404287,0.5427400332359571,15.0,7.0,8.0,0.0,0.4666666666666667,0.2141946806886107,0.7191386526447227,EUR_NOK,H4,14,30,4,short,49
510.0,226.0,263.0,21.0,0.4621676891615542,0.41797760013652774,0.5063577781865807,219.0,91.0,111.0,17.0,0.4504950495049505,0.3818812920896838,0.5191088069202172,EUR_NOK,H4,14,35,1,short,729
257.0,111.0,128.0,18.0,0.46443514644351463,0.40120478066495263,0.5276655122220767,111.0,50.0,55.0,6.0,0.47619047619047616,0.3806607639228998,0.5717201884580525,EUR_NOK,H4,14,35,2,short,368
123.0,45.0,68.0,10.0,0.39823008849557523,0.3079693007723211,0.48849087621882936,54.0,22.0,29.0,3.0,0.43137254901960786,0.29544385428615283,0.5673012437530629,EUR_NOK,H4,14,35,3,short,177
55.0,21.0,31.0,3.0,0.40384615384615385,0.2704812518406534,0.5372110558516543,24.0,11.0,13.0,0.0,0.4583333333333333,0.2589874702005656,0.6576791964661011,EUR_NOK,H4,14,35,4,short,79
,,,,,,,,,,,,,,EUR_NOK,H4,21,20,1,long,0
,,,,,,,,,,,,,,EUR_NOK,H4,21,20,2,long,0
,,,,,,,,,,,,,,EUR_NOK,H4,21,20,3,long,0
,,,,,,,,,,,,,,EUR_NOK,H4,21,20,4,long,0
20.0,9.0,10.0,1.0,0.47368421052631576,0.2491684025975332,0.6982000184550983,9.0,4.0,5.0,0.0,0.4444444444444444,0.11980050104447498,0.7690883878444139,EUR_NOK,H4,21,25,1,long,29
9.0,3.0,5.0,1.0,0.375,0.03951993352808575,0.7104800664719142,5.0,2.0,3.0,0.0,0.4,0.0,0.8294144850840502,EUR_NOK,H4,21,25,2,long,14
4.0,1.0,2.0,1.0,0.3333333333333333,0.0,0.8667777662061142,3.0,0.0,3.0,0.0,0.0,0.0,0.0,EUR_NOK,H4,21,25,3,long,7
3.0,1.0,2.0,0.0,0.3333333333333333,0.0,0.8667777662061142,2.0,0.0,2.0,0.0,0.0,0.0,0.0,EUR_NOK,H4,21,25,4,long,5
92.0,35.0,44.0,13.0,0.4430379746835443,0.3334972033141374,0.5525787460529512,40.0,22.0,18.0,0.0,0.55,0.3958250993189878,0.7041749006810123,EUR_NOK,H4,21,30,1,long,132
45.0,16.0,24.0,5.0,0.4,0.24817905282866928,0.5518209471713308,20.0,10.0,10.0,0.0,0.5,0.28086533820502063,0.7191346617949794,EUR_NOK,H4,21,30,2,long,65
24.0,7.0,12.0,5.0,0.3684210526315789,0.15151817542017268,0.5853239298429852,11.0,6.0,5.0,0.0,0.5454545454545454,0.2511969573207727,0.8397121335883182,EUR_NOK,H4,21,30,3,long,35
13.0,3.0,9.0,1.0,0.25,0.0050000000000000044,0.495,6.0,3.0,3.0,0.0,0.5,0.09991667534541426,0.9000833246545857,EUR_NOK,H4,21,30,4,long,19
281.0,132.0,119.0,30.0,0.5258964143426295,0.4641223842333312,0.5876704444519277,121.0,53.0,64.0,4.0,0.452991452991453,0.3627917306793702,0.5431911753035358,EUR_NOK,H4,21,35,1,long,402
143.0,63.0,65.0,15.0,0.4921875,0.40557749375145474,0.5787975062485452,62.0,29.0,31.0,2.0,0.48333333333333334,0.35688618436791986,0.6097804822987468,EUR_NOK,H4,21,35,2,long,205
70.0,34.0,27.0,9.0,0.5573770491803278,0.43272981123102355,0.6820242871296321,31.0,15.0,16.0,0.0,0.4838709677419355,0.3079493737374329,0.6597925617464381,EUR_NOK,H4,21,35,3,long,101
38.0,15.0,18.0,5.0,0.45454545454545453,0.28465575682533084,0.6244351522655782,17.0,8.0,9.0,0.0,0.47058823529411764,0.23331489867342306,0.7078615719148122,EUR_NOK,H4,21,35,4,long,55
16.0,8.0,8.0,0.0,0.5,0.255,0.745,7.0,1.0,6.0,0.0,0.14285714285714285,0.0,0.4020867707934573,EUR_NOK,H4,21,20,1,short,23
10.0,4.0,6.0,0.0,0.4,0.09635810565733854,0.7036418943426614,5.0,3.0,2.0,0.0,0.6,0.17058551491594975,1.0,EUR_NOK,H4,21,20,2,short,15
7.0,2.0,5.0,0.0,0.2857142857142857,0.0,0.6203782963279159,4.0,0.0,4.0,0.0,0.0,0.0,0.0,EUR_NOK,H4,21,20,3,short,11
2.0,1.0,1.0,0.0,0.5,0.0,1.0,2.0,0.0,2.0,0.0,0.0,0.0,0.0,EUR_NOK,H4,21,20,4,short,4
56.0,21.0,34.0,1.0,0.38181818181818183,0.25341932915824694,0.5102170344781167,24.0,6.0,17.0,1.0,0.2608695652173913,0.08141091240005918,0.44032821803472344,EUR_NOK,H4,21,25,1,short,80
31.0,14.0,16.0,1.0,0.4666666666666667,0.28814201332194833,0.645191320011385,14.0,2.0,12.0,0.0,0.14285714285714285,0.0,0.32616017065537645,EUR_NOK,H4,21,25,2,short,45
18.0,4.0,13.0,1.0,0.23529411764705882,0.03365055539969364,0.436937679894424,9.0,2.0,7.0,0.0,0.2222222222222222,0.0,0.49383883252136757,EUR_NOK,H4,21,25,3,short,27
7.0,2.0,5.0,0.0,0.2857142857142857,0.0,0.6203782963279159,3.0,1.0,2.0,0.0,0.3333333333333333,0.0,0.8667777662061142,EUR_NOK,H4,21,25,4,short,10
146.0,58.0,83.0,5.0,0.41134751773049644,0.3301242523308469,0.49257078313014596,63.0,24.0,35.0,4.0,0.4067796610169492,0.28143157789455914,0.5321277441393393,EUR_NOK,H4,21,30,1,short,209
78.0,28.0,46.0,4.0,0.3783783783783784,0.26787732367375705,0.48887943308299975,34.0,13.0,21.0,0.0,0.38235294117647056,0.21900298612291577,0.5457028962300253,EUR_NOK,H4,21,30,2,short,112
39.0,10.0,26.0,3.0,0.2777777777777778,0.13146272975310042,0.42409282580245516,17.0,9.0,8.0,0.0,0.5294117647058824,0.29213842808518775,0.766685101326577,EUR_NOK,H4,21,30,3,short,56
18.0,5.0,13.0,0.0,0.2777777777777778,0.0708570524820083,0.4846985030735473,8.0,4.0,4.0,0.0,0.5,0.15351767721859172,0.8464823227814082,EUR_NOK,H4,21,30,4,short,26
306.0,141.0,154.0,11.0,0.47796610169491527,0.4209637249576227,0.5349684784322079,132.0,54.0,70.0,8.0,0.43548387096774194,0.3482129732211197,0.5227547687143642,EUR_NOK,H4,21,35,1,short,438
159.0,65.0,82.0,12.0,0.4421768707482993,0.36189015852117,0.5224635829754286,69.0,32.0,36.0,1.0,0.47058823529411764,0.35195156698377034,0.5892249036044649,EUR_NOK,H4,21,35,2,short,228
81.0,29.0,44.0,8.0,0.3972602739726027,0.28500749060595515,0.5095130573392503,35.0,15.0,20.0,0.0,0.42857142857142855,0.264620216316075,0.5925226408267821,EUR_NOK,H4,21,35,3,short,116
39.0,14.0,22.0,3.0,0.3888888888888889,0.2296395351917726,0.5481382425860052,18.0,9.0,9.0,0.0,0.5,0.2690117848123945,0.7309882151876055,EUR_NOK,H4,21,35,4,short,57
,,,,,,,,,,,,,,EUR_NOK,H4,28,20,1,long,0
,,,,,,,,,,,,,,EUR_NOK,H4,28,20,2,long,0
,,,,,,,,,,,,,,EUR_NOK,H4,28,20,3,long,0
,,,,,,,,,,,,,,EUR_NOK,H4,28,20,4,long,0
1.0,0.0,1.0,0.0,0.0,0.0,0.0,1.0,1.0,0.0,0.0,1.0,1.0,1.0,EUR_NOK,H4,28,25,1,long,2
,,,,,,,,,,,,,,EUR_NOK,H4,28,25,2,long,0
,,,,,,,,,,,,,,EUR_NOK,H4,28,25,3,long,0
,,,,,,,,,,,,,,EUR_NOK,H4,28,25,4,long,0
37.0,16.0,15.0,6.0,0.5161290322580645,0.3402074382535619,0.6920506262625671,16.0,9.0,7.0,0.0,0.5625,0.31942159829594075,0.8055784017040593,EUR_NOK,H4,28,30,1,long,53
17.0,5.0,9.0,3.0,0.35714285714285715,0.1061448491826345,0.6081408651030797,8.0,5.0,3.0,0.0,0.625,0.28951993352808575,0.9604800664719142,EUR_NOK,H4,28,30,2,long,25
9.0,2.0,4.0,3.0,0.3333333333333333,0.0,0.7105355092038887,4.0,2.0,2.0,0.0,0.5,0.010000000000000009,0.99,EUR_NOK,H4,28,30,3,long,13
4.0,1.0,2.0,1.0,0.3333333333333333,0.0,0.8667777662061142,3.0,2.0,1.0,0.0,0.6666666666666666,0.13322223379388565,1.0,EUR_NOK,H4,28,30,4,long,7
164.0,72.0,72.0,20.0,0.5,0.41833333333333333,0.5816666666666667,71.0,33.0,37.0,1.0,0.4714285714285714,0.35448756065818343,0.5883695821989594,EUR_NOK,H4,28,35,1,long,235
87.0,38.0,42.0,7.0,0.475,0.36556971397277627,0.5844302860272237,38.0,17.0,20.0,1.0,0.4594594594594595,0.2988789084592695,0.6200400104596495,EUR_NOK,H4,28,35,2,long,125
46.0,19.0,20.0,7.0,0.48717948717948717,0.33030549125404296,0.6440534831049314,20.0,10.0,10.0,0.0,0.5,0.28086533820502063,0.7191346617949794,EUR_NOK,H4,28,35,3,long,66
25.0,7.0,14.0,4.0,0.3333333333333333,0.13171028938286652,0.5349563772838001,11.0,5.0,6.0,0.0,0.45454545454545453,0.1602878664116818,0.7488030426792273,EUR_NOK,H4,28,35,4,long,36
6.0,4.0,2.0,0.0,0.6666666666666666,0.28946449079611114,1.0,3.0,1.0,2.0,0.0,0.3333333333333333,0.0,0.8667777662061142,EUR_NOK,H4,28,20,1,short,9
6.0,3.0,3.0,0.0,0.5,0.09991667534541426,0.9000833246545857,3.0,1.0,2.0,0.0,0.3333333333333333,0.0,0.8667777662061142,EUR_NOK,H4,28,20,2,short,9
4.0,2.0,2.0,0.0,0.5,0.010000000000000009,0.99,3.0,0.0,3.0,0.0,0.0,0.0,0.0,EUR_NOK,H4,28,20,3,short,7
2.0,1.0,1.0,0.0,0.5,0.0,1.0,1.0,0.0,1.0,0.0,0.0,0.0,0.0,EUR_NOK,H4,28,20,4,short,3
23.0,11.0,12.0,0.0,0.4782608695652174,0.2741099770483661,0.6824117620820687,10.0,3.0,7.0,0.0,0.3,0.015969015774687012,0.584030984225313,EUR_NOK,H4,28,25,1,short,33
15.0,7.0,8.0,0.0,0.4666666666666667,0.2141946806886107,0.7191386526447227,7.0,2.0,5.0,0.0,0.2857142857142857,0.0,0.6203782963279159,EUR_NOK,H4,28,25,2,short,22
10.0,3.0,6.0,1.0,0.3333333333333333,0.02534904641652591,0.6413176202501407,5.0,0.0,5.0,0.0,0.0,0.0,0.0,EUR_NOK,H4,28,25,3,short,15
4.0,1.0,3.0,0.0,0.25,0.0,0.674352447854375,2.0,1.0,1.0,0.0,0.5,0.0,1.0,EUR_NOK,H4,28,25,4,short,6
84.0,30.0,51.0,3.0,0.37037037037037035,0.26520463609714245,0.47553610464359825,36.0,10.0,25.0,1.0,0.2857142857142857,0.13604799024332806,0.43538058118524336,EUR_NOK,H4,28,30,1,short,120
44.0,19.0,23.0,2.0,0.4523809523809524,0.3018510242627896,0.6029108804991152,19.0,5.0,14.0,0.0,0.2631578947368421,0.06515356367607467,0.4611622257976095,EUR_NOK,H4,28,30,2,short,63
23.0,7.0,14.0,2.0,0.3333333333333333,0.13171028938286652,0.5349563772838001,10.0,3.0,7.0,0.0,0.3,0.015969015774687012,0.584030984225313,EUR_NOK,H4,28,30,3,short,33
9.0,3.0,6.0,0.0,0.3333333333333333,0.02534904641652591,0.6413176202501407,4.0,2.0,2.0,0.0,0.5,0.010000000000000009,0.99,EUR_NOK,H4,28,30,4,short,13
216.0,90.0,116.0,10.0,0.4368932038834951,0.369159396230778,0.5046270115362123,93.0,33.0,53.0,7.0,0.38372093023255816,0.2809421878625771,0.48649967260253923,EUR_NOK,H4,28,35,1,short,309
112.0,42.0,60.0,10.0,0.4117647058823529,0.31625311386024424,0.5072762979044616,48.0,19.0,28.0,1.0,0.40425531914893614,0.26395291898517614,0.5445577193126961,EUR_NOK,H4,28,35,2,short,160
54.0,15.0,33.0,6.0,0.3125,0.18137158409279347,0.44362841590720653,24.0,12.0,12.0,0.0,0.5,0.29995833767270713,0.7000416623272929,EUR_NOK,H4,28,35,3,short,78
26.0,7.0,17.0,2.0,0.2916666666666667,0.1098169245615328,0.47351640877180057,12.0,7.0,5.0,0.0,0.5833333333333334,0.30438856248221097,0.8622781041844558,EUR_NOK,H4,28,35,4,short,38
219.0,95.0,124.0,0.0,0.4337899543378995,0.36815086542260667,0.4994290432531924,95.0,40.0,55.0,0.0,0.42105263157894735,0.32176800565851116,0.5203372574993835,USD_ZAR,H4,7,20,1,long,314
107.0,43.0,64.0,0.0,0.40186915887850466,0.30897153204943306,0.49476678570757626,47.0,18.0,29.0,0.0,0.3829787234042553,0.24400121032978744,0.5219562364787231,USD_ZAR,H4,7,20,2,long,154
48.0,23.0,25.0,0.0,0.4791666666666667,0.3378386912211856,0.6204946421121478,21.0,9.0,12.0,0.0,0.42857142857142855,0.21691132368626131,0.6402315334565958,USD_ZAR,H4,7,20,3,long,69
23.0,8.0,15.0,0.0,0.34782608695652173,0.15317584838060608,0.5424763255324374,11.0,5.0,6.0,0.0,0.45454545454545453,0.1602878664116818,0.7488030426792273,USD_ZAR,H4,7,20,4,long,34
443.0,190.0,253.0,0.0,0.4288939051918736,0.3828059390586702,0.47498187132507697,190.0,80.0,110.0,0.0,0.42105263157894735,0.3508477993230372,0.49125746383485747,USD_ZAR,H4,7,25,1,long,633
214.0,92.0,122.0,0.0,0.42990654205607476,0.363576657666148,0.4962364264460015,93.0,41.0,52.0,0.0,0.44086021505376344,0.33995229633524726,0.5417681337722796,USD_ZAR,H4,7,25,2,long,307
103.0,50.0,53.0,0.0,0.4854368932038835,0.3889155912741364,0.5819581951336307,45.0,16.0,29.0,0.0,0.35555555555555557,0.21569466444780505,0.4954164466633061,USD_ZAR,H4,7,25,3,long,148
46.0,18.0,28.0,0.0,0.391304347826087,0.2502668507791245,0.5323418448730495,20.0,8.0,12.0,0.0,0.4,0.1852927574579749,0.6147072425420251,USD_ZAR,H4,7,25,4,long,66
716.0,294.0,422.0,0.0,0.4106145251396648,0.37458019703860407,0.4466488532407255,308.0,138.0,169.0,1.0,0.4495114006514658,0.39386572709479506,0.5051570742081365,USD_ZAR,H4,7,30,1,long,1024
347.0,145.0,202.0,0.0,0.41786743515850144,0.3659729096946992,0.4697619606223037,150.0,63.0,87.0,0.0,0.42,0.34101418861592925,0.4989858113840707,USD_ZAR,H4,7,30,2,long,497
161.0,70.0,91.0,0.0,0.43478260869565216,0.3582076143383003,0.511357603053004,70.0,31.0,39.0,0.0,0.44285714285714284,0.3264921996826627,0.559222086031623,USD_ZAR,H4,7,30,3,long,231
76.0,31.0,45.0,0.0,0.40789473684210525,0.29740478437514545,0.5183846893090651,33.0,14.0,19.0,0.0,0.42424242424242425,0.25561586447288487,0.5928689840119636,USD_ZAR,H4,7,30,4,long,109
1039.0,450.0,589.0,0.0,0.4331087584215592,0.402978930293391,0.46323858654972744,446.0,204.0,241.0,1.0,0.4584269662921348,0.4121313723816853,0.5047225602025843,USD_ZAR,H4,7,35,1,long,1485
499.0,219.0,280.0,0.0,0.43887775551102204,0.3953359607864188,0.48241955023562527,214.0,96.0,118.0,0.0,0.4485981308411215,0.38196165335175175,0.5152346083304912,USD_ZAR,H4,7,35,2,long,713
233.0,101.0,132.0,0.0,0.4334763948497854,0.3698452345878267,0.4971075551117441,100.0,47.0,53.0,0.0,0.47,0.37217655904641256,0.5678234409535874,USD_ZAR,H4,7,35,3,long,333
109.0,50.0,59.0,0.0,0.45871559633027525,0.3651691417306614,0.5522620509298891,48.0,22.0,26.0,0.0,0.4583333333333333,0.3173745217106679,0.5992921449559987,USD_ZAR,H4,7,35,4,long,157
227.0,86.0,141.0,0.0,0.3788546255506608,0.3157478387951521,0.4419614123061695,98.0,56.0,42.0,0.0,0.5714285714285714,0.47344898171724425,0.6694081611398985,USD_ZAR,H4,7,20,1,short,325
103.0,40.0,63.0,0.0,0.3883495145631068,0.29422548649163527,0.4824735426345783,45.0,25.0,20.0,0.0,0.5555555555555556,0.4103703703703704,0.7007407407407408,USD_ZAR,H4,7,20,2,short,148
51.0,20.0,31.0,0.0,0.39215686274509803,0.25815937626582186,0.5261543492243742,23.0,10.0,13.0,0.0,0.43478260869565216,0.23218421697992483,0.6373810004113795,USD_ZAR,H4,7,20,3,short,74
22.0,6.0,16.0,0.0,0.2727272727272727,0.0866224332691812,0.45883211218536424,10.0,6.0,4.0,0.0,0.6,0.2963581056573385,0.9036418943426614,USD_ZAR,H4,7,20,4,short,32
431.0,166.0,265.0,0.0,0.3851508120649652,0.3392080451542124,0.43109357897571804,185.0,105.0,80.0,0.0,0.5675675675675675,0.49617744595399865,0.6389576891811365,USD_ZAR,H4,7,25,1,short,616
205.0,77.0,128.0,0.0,0.375609756097561,0.3093155418983503,0.44190397029677164,88.0,43.0,45.0,0.0,0.48863636363636365,0.3841949965696173,0.59307773070311,USD_ZAR,H4,7,25,2,short,293
95.0,42.0,53.0,0.0,0.4421052631578947,0.3422356785676487,0.5419748477481408,41.0,22.0,19.0,0.0,0.5365853658536586,0.38394534131975266,0.6892253903875645,USD_ZAR,H4,7,25,3,short,136
43.0,16.0,27.0,0.0,0.37209302325581395,0.2276171722085209,0.5165688743031069,19.0,11.0,8.0,0.0,0.5789473684210527,0.3569401957423196,0.8009545410997857,USD_ZAR,H4,7,25,4,short,62
658.0,263.0,395.0,0.0,0.39969604863221886,0.3622683044007344,0.43712379286370334,283.0,145.0,138.0,0.0,0.5123674911660777,0.45413036141529994,0.5706046209168555,USD_ZAR,H4,7,30,1,short,941
327.0,119.0,208.0,0.0,0.363914373088685,0.31176614090000254,0.4160626052773675,141.0,65.0,76.0,0.0,0.46099290780141844,0.37871355312392785,0.543272262478909,USD_ZAR,H4,7,30,2,short,468
156.0,66.0,90.0,0.0,0.4230769230769231,0.3455482419054525,0.5006056042483936,67.0,30.0,37.0,0.0,0.44776119402985076,0.32869037067840795,0.5668320173812936,USD_ZAR,H4,7,30,3,short,223
76.0,27.0,49.0,0.0,0.35526315789473684,0.24766233194053183,0.46286398384894184,33.0,15.0,18.0,0.0,0.45454545454545453,0.28465575682533084,0.6244351522655782,USD_ZAR,H4,7,30,4,short,109
914.0,382.0,532.0,0.0,0.4179431072210066,0.3859670969052779,0.44991911753673525,393.0,211.0,182.0,0.0,0.5368956743002544,0.4875959866813958,0.586195361919113,USD_ZAR,H4,7,35,1,short,1307
456.0,183.0,273.0,0.0,0.40131578947368424,0.35632582235627414,0.44630575659109434,196.0,94.0,102.0,0.0,0.47959183673469385,0.40965017007815874,0.549533503391229,USD_ZAR,H4,7,35,2,short,652
221.0,99.0,122.0,0.0,0.4479638009049774,0.38239984138714567,0.5135277604228091,95.0,49.0,46.0,0.0,0.5157894736842106,0.4152937413638352,0.616285206004586,USD_ZAR,H4,7,35,3,short,316
102.0,42.0,60.0,0.0,0.4117647058823529,0.31625311386024424,0.5072762979044616,45.0,22.0,23.0,0.0,0.4888888888888889,0.3428351903625469,0.6349425874152308,USD_ZAR,H4,7,35,4,short,147
22.0,12.0,10.0,0.0,0.5454545454545454,0.33738300946955657,0.7535260814395343,10.0,7.0,3.0,0.0,0.7,0.415969015774687,0.984030984225313,USD_ZAR,H4,14,20,1,long,32
8.0,3.0,5.0,0.0,0.375,0.03951993352808575,0.7104800664719142,4.0,4.0,0.0,0.0,1.0,1.0,1.0,USD_ZAR,H4,14,20,2,long,12
4.0,2.0,2.0,0.0,0.5,0.010000000000000009,0.99,2.0,2.0,0.0,0.0,1.0,1.0,1.0,USD_ZAR,H4,14,20,3,long,6
2.0,1.0,1.0,0.0,0.5,0.0,1.0,2.0,2.0,0.0,0.0,1.0,1.0,1.0,USD_ZAR,H4,14,20,4,long,4
105.0,43.0,62.0,0.0,0.4095238095238095,0.31546441142680715,0.5035832076208119,45.0,22.0,23.0,0.0,0.4888888888888889,0.3428351903625469,0.6349425874152308,USD_ZAR,H4,14,25,1,long,150
46.0,19.0,27.0,0.0,0.41304347826086957,0.2707522899183108,0.5553346666034283,21.0,12.0,9.0,0.0,0.5714285714285714,0.35976846654340416,0.7830886763137386,USD_ZAR,H4,14,25,2,long,67
23.0,12.0,11.0,0.0,0.5217391304347826,0.3175882379179313,0.7258900229516339,10.0,6.0,4.0,0.0,0.6,0.2963581056573385,0.9036418943426614,USD_ZAR,H4,14,25,3,long,33
11.0,3.0,8.0,0.0,0.2727272727272727,0.009535284742372196,0.5359192607121732,6.0,3.0,3.0,0.0,0.5,0.09991667534541426,0.9000833246545857,USD_ZAR,H4,14,25,4,long,17
254.0,107.0,147.0,0.0,0.421259842519685,0.3605364464018871,0.48198323863748294,109.0,49.0,60.0,0.0,0.44954128440366975,0.3561535177123755,0.5429290510949639,USD_ZAR,H4,14,30,1,long,363
121.0,51.0,70.0,0.0,0.4214876033057851,0.33350189715183254,0.5094733094597377,53.0,23.0,30.0,0.0,0.4339622641509434,0.30052816979688846,0.5673963585049984,USD_ZAR,H4,14,30,2,long,174
59.0,28.0,31.0,0.0,0.4745762711864407,0.34715617855107106,0.6019963638218103,26.0,12.0,14.0,0.0,0.46153846153846156,0.26991411350270844,0.6531628095742147,USD_ZAR,H4,14,30,3,long,85
29.0,12.0,17.0,0.0,0.41379310344827586,0.2345369147912597,0.593049292105292,13.0,4.0,9.0,0.0,0.3076923076923077,0.05679714201505026,0.5585874733695652,USD_ZAR,H4,14,30,4,long,42
576.0,249.0,327.0,0.0,0.4322916666666667,0.39183445980233045,0.4727488735310029,247.0,112.0,135.0,0.0,0.4534412955465587,0.3913563167622069,0.5155262743309105,USD_ZAR,H4,14,35,1,long,823
289.0,125.0,164.0,0.0,0.43252595155709345,0.375406209476854,0.4896456936373329,125.0,58.0,67.0,0.0,0.464,0.37657362931471994,0.5514263706852801,USD_ZAR,H4,14,35,2,long,414
142.0,63.0,79.0,0.0,0.44366197183098594,0.361945920012685,0.5253780236492869,61.0,27.0,34.0,0.0,0.4426229508196721,0.31797571287036785,0.5672701887689764,USD_ZAR,H4,14,35,3,long,203
64.0,23.0,41.0,0.0,0.359375,0.24181976967087182,0.4769302303291282,28.0,12.0,16.0,0.0,0.42857142857142855,0.24526840077319495,0.6118744563696621,USD_ZAR,H4,14,35,4,long,92
37.0,18.0,19.0,0.0,0.4864864864864865,0.32543433226529483,0.6475386407076782,16.0,7.0,9.0,0.0,0.4375,0.19442159829594075,0.6805784017040593,USD_ZAR,H4,14,20,1,short,53
16.0,8.0,8.0,0.0,0.5,0.255,0.745,8.0,3.0,5.0,0.0,0.375,0.03951993352808575,0.7104800664719142,USD_ZAR,H4,14,20,2,short,24
6.0,3.0,3.0,0.0,0.5,0.09991667534541426,0.9000833246545857,3.0,0.0,3.0,0.0,0.0,0.0,0.0,USD_ZAR,H4,14,20,3,short,9
2.0,0.0,2.0,0.0,0.0,0.0,0.0,1.0,0.0,1.0,0.0,0.0,0.0,0.0,USD_ZAR,H4,14,20,4,short,3
109.0,42.0,67.0,0.0,0.3853211009174312,0.29395641386381477,0.47668578797104766,47.0,23.0,24.0,0.0,0.48936170212765956,0.34644636986968314,0.632277034385636,USD_ZAR,H4,14,25,1,short,156
51.0,20.0,31.0,0.0,0.39215686274509803,0.25815937626582186,0.5261543492243742,22.0,8.0,14.0,0.0,0.36363636363636365,0.16262016242857788,0.5646525648441494,USD_ZAR,H4,14,25,2,short,73
21.0,9.0,12.0,0.0,0.42857142857142855,0.21691132368626131,0.6402315334565958,9.0,3.0,6.0,0.0,0.3333333333333333,0.02534904641652591,0.6413176202501407,USD_ZAR,H4,14,25,3,short,30
7.0,4.0,3.0,0.0,0.5714285714285714,0.2048225158321042,0.9380346270250386,4.0,2.0,2.0,0.0,0.5,0.010000000000000009,0.99,USD_ZAR,H4,14,25,4,short,11
266.0,103.0,163.0,0.0,0.38721804511278196,0.32867894648682144,0.4457571437387425,115.0,68.0,47.0,0.0,0.591304347826087,0.501455461968775,0.681153233683399,USD_ZAR,H4,14,30,1,short,381
127.0,49.0,78.0,0.0,0.3858267716535433,0.30116334710048875,0.4704901962065978,55.0,31.0,24.0,0.0,0.5636363636363636,0.4325678106200809,0.6947049166526463,USD_ZAR,H4,14,30,2,short,182
60.0,23.0,37.0,0.0,0.38333333333333336,0.26030816276814944,0.5063585038985173,26.0,13.0,13.0,0.0,0.5,0.30780618756457967,0.6921938124354203,USD_ZAR,H4,14,30,3,short,86
29.0,10.0,19.0,0.0,0.3448275862068966,0.1718316605117934,0.5178235119019997,13.0,6.0,7.0,0.0,0.46153846153846156,0.19054070966539732,0.7325362134115259,USD_ZAR,H4,14,30,4,short,42
537.0,213.0,324.0,0.0,0.39664804469273746,0.3552712399786995,0.4380248494067754,231.0,127.0,104.0,0.0,0.5497835497835498,0.4856246908151441,0.6139424087519556,USD_ZAR,H4,14,35,1,short,768
261.0,92.0,169.0,0.0,0.3524904214559387,0.2945298609931222,0.4104509819187552,112.0,55.0,57.0,0.0,0.49107142857142855,0.39848489809857846,0.5836579590442786,USD_ZAR,H4,14,35,2,short,373
125.0,54.0,71.0,0.0,0.432,0.3451605416138493,0.5188394583861506,55.0,27.0,28.0,0.0,0.4909090909090909,0.3587877615184891,0.6230304202996927,USD_ZAR,H4,14,35,3,short,180
61.0,23.0,38.0,0.0,0.3770491803278688,0.25542580969227136,0.4986725509634663,27.0,13.0,14.0,0.0,0.48148148148148145,0.29300979396482363,0.6699531689981393,USD_ZAR,H4,14,35,4,short,88
1.0,0.0,1.0,0.0,0.0,0.0,0.0,1.0,1.0,0.0,0.0,1.0,1.0,1.0,USD_ZAR,H4,21,20,1,long,2
0.0,0.0,0.0,0.0,,,,1.0,1.0,0.0,0.0,1.0,1.0,1.0,USD_ZAR,H4,21,20,2,long,1
,,,,,,,,,,,,,,USD_ZAR,H4,21,20,3,long,0
,,,,,,,,,,,,,,USD_ZAR,H4,21,20,4,long,0
17.0,8.0,9.0,0.0,0.47058823529411764,0.23331489867342306,0.7078615719148122,8.0,7.0,1.0,0.0,0.875,0.6458234850600961,1.0,USD_ZAR,H4,21,25,1,long,25
8.0,4.0,4.0,0.0,0.5,0.15351767721859172,0.8464823227814082,4.0,4.0,0.0,0.0,1.0,1.0,1.0,USD_ZAR,H4,21,25,2,long,12
4.0,2.0,2.0,0.0,0.5,0.010000000000000009,0.99,3.0,2.0,1.0,0.0,0.6666666666666666,0.13322223379388565,1.0,USD_ZAR,H4,21,25,3,long,7
2.0,1.0,1.0,0.0,0.5,0.0,1.0,1.0,1.0,0.0,0.0,1.0,1.0,1.0,USD_ZAR,H4,21,25,4,long,3
102.0,45.0,57.0,0.0,0.4411764705882353,0.3448158699403795,0.5375370712360911,44.0,22.0,22.0,0.0,0.5,0.35225944115689584,0.6477405588431042,USD_ZAR,H4,21,30,1,long,146
50.0,21.0,29.0,0.0,0.42,0.28319256160573725,0.5568074383942627,22.0,11.0,11.0,0.0,0.5,0.29106329797150177,0.7089367020284982,USD_ZAR,H4,21,30,2,long,72
21.0,11.0,10.0,0.0,0.5238095238095238,0.3101985933082275,0.7374204543108202,10.0,5.0,5.0,0.0,0.5,0.19009678930349883,0.8099032106965012,USD_ZAR,H4,21,30,3,long,31
9.0,2.0,7.0,0.0,0.2222222222222222,0.0,0.49383883252136757,5.0,3.0,2.0,0.0,0.6,0.17058551491594975,1.0,USD_ZAR,H4,21,30,4,long,14
331.0,142.0,189.0,0.0,0.42900302114803623,0.3756831421747593,0.4823229001213132,142.0,70.0,72.0,0.0,0.49295774647887325,0.4107261308595551,0.5751893620981914,USD_ZAR,H4,21,35,1,long,473
161.0,72.0,89.0,0.0,0.4472049689440994,0.37040191155447555,0.5240080263337232,70.0,35.0,35.0,0.0,0.5,0.38286759628522943,0.6171324037147705,USD_ZAR,H4,21,35,2,long,231
82.0,37.0,45.0,0.0,0.45121951219512196,0.3435128886166702,0.5589261357735738,36.0,19.0,17.0,0.0,0.5277777777777778,0.3646966968472296,0.690858858708326,USD_ZAR,H4,21,35,3,long,118
37.0,16.0,21.0,0.0,0.43243243243243246,0.2727992675825154,0.5920655972823495,17.0,7.0,10.0,0.0,0.4117647058823529,0.17781004090730612,0.6457193708573997,USD_ZAR,H4,21,35,4,long,54
8.0,2.0,6.0,0.0,0.25,0.0,0.5500624934909393,4.0,0.0,4.0,0.0,0.0,0.0,0.0,USD_ZAR,H4,21,20,1,short,12
2.0,0.0,2.0,0.0,0.0,0.0,0.0,2.0,1.0,1.0,0.0,0.5,0.0,1.0,USD_ZAR,H4,21,20,2,short,4
0.0,0.0,0.0,0.0,,,,1.0,0.0,1.0,0.0,0.0,0.0,0.0,USD_ZAR,H4,21,20,3,short,1
,,,,,,,,,,,,,,USD_ZAR,H4,21,20,4,short,0
33.0,16.0,17.0,0.0,0.48484848484848486,0.3143307269541896,0.6553662427427801,15.0,5.0,10.0,0.0,0.3333333333333333,0.09476973050886098,0.5718969361578057,USD_ZAR,H4,21,25,1,short,48
14.0,6.0,8.0,0.0,0.42857142857142855,0.16934180063511417,0.6878010565077429,7.0,3.0,4.0,0.0,0.42857142857142855,0.06196537297496135,0.7951774841678958,USD_ZAR,H4,21,25,2,short,21
7.0,3.0,4.0,0.0,0.42857142857142855,0.06196537297496135,0.7951774841678958,4.0,1.0,3.0,0.0,0.25,0.0,0.674352447854375,USD_ZAR,H4,21,25,3,short,11
3.0,1.0,2.0,0.0,0.3333333333333333,0.0,0.8667777662061142,2.0,0.0,2.0,0.0,0.0,0.0,0.0,USD_ZAR,H4,21,25,4,short,5
124.0,54.0,70.0,0.0,0.43548387096774194,0.3482129732211197,0.5227547687143642,54.0,26.0,28.0,0.0,0.48148148148148145,0.3482118731767807,0.6147510897861822,USD_ZAR,H4,21,30,1,short,178
56.0,22.0,34.0,0.0,0.39285714285714285,0.26494115480248254,0.5207731309118031,24.0,7.0,17.0,0.0,0.2916666666666667,0.1098169245615328,0.47351640877180057,USD_ZAR,H4,21,30,2,short,80
21.0,8.0,13.0,0.0,0.38095238095238093,0.17324888858708454,0.5886558733176773,9.0,1.0,8.0,0.0,0.1111111111111111,0.0,0.31643396905564936,USD_ZAR,H4,21,30,3,short,30
8.0,3.0,5.0,0.0,0.375,0.03951993352808575,0.7104800664719142,4.0,1.0,3.0,0.0,0.25,0.0,0.674352447854375,USD_ZAR,H4,21,30,4,short,12
319.0,135.0,184.0,0.0,0.4231974921630094,0.36897919887328107,0.4774157854527377,137.0,78.0,59.0,0.0,0.5693430656934306,0.48642512115421777,0.6522610102326435,USD_ZAR,H4,21,35,1,short,456
156.0,60.0,96.0,0.0,0.38461538461538464,0.3082704169429236,0.46096035228784565,67.0,38.0,29.0,0.0,0.5671641791044776,0.4485232157242064,0.6858051424847488,USD_ZAR,H4,21,35,2,short,223
73.0,33.0,40.0,0.0,0.4520547945205479,0.3378830211493826,0.5662265678917132,32.0,15.0,17.0,0.0,0.46875,0.29584753133088293,0.6416524686691171,USD_ZAR,H4,21,35,3,short,105
35.0,13.0,22.0,0.0,0.37142857142857144,0.2113485914185777,0.5315085514385651,16.0,6.0,10.0,0.0,0.375,0.13777977004479572,0.6122202299552043,USD_ZAR,H4,21,35,4,short,51
,,,,,,,,,,,,,,USD_ZAR,H4,28,20,1,long,0
,,,,,,,,,,,,,,USD_ZAR,H4,28,20,2,long,0
,,,,,,,,,,,,,,USD_ZAR,H4,28,20,3,long,0
,,,,,,,,,,,,,,USD_ZAR,H4,28,20,4,long,0
3.0,1.0,2.0,0.0,0.3333333333333333,0.0,0.8667777662061142,2.0,2.0,0.0,0.0,1.0,1.0,1.0,USD_ZAR,H4,28,25,1,long,5
1.0,1.0,0.0,0.0,1.0,1.0,1.0,1.0,1.0,0.0,0.0,1.0,1.0,1.0,USD_ZAR,H4,28,25,2,long,2
0.0,0.0,0.0,0.0,,,,1.0,1.0,0.0,0.0,1.0,1.0,1.0,USD_ZAR,H4,28,25,3,long,1
0.0,0.0,0.0,0.0,,,,1.0,0.0,1.0,0.0,0.0,0.0,0.0,USD_ZAR,H4,28,25,4,long,1
30.0,12.0,18.0,0.0,0.4,0.2246922705640165,0.5753077294359835,13.0,8.0,5.0,0.0,0.6153846153846154,0.35091788956280356,0.8798513412064273,USD_ZAR,H4,28,30,1,long,43
12.0,5.0,7.0,0.0,0.4166666666666667,0.13772189581554434,0.6956114375177891,6.0,4.0,2.0,0.0,0.6666666666666666,0.28946449079611114,1.0,USD_ZAR,H4,28,30,2,long,18
4.0,2.0,2.0,0.0,0.5,0.010000000000000009,0.99,3.0,2.0,1.0,0.0,0.6666666666666666,0.13322223379388565,1.0,USD_ZAR,H4,28,30,3,long,7
2.0,1.0,1.0,0.0,0.5,0.0,1.0,1.0,1.0,0.0,0.0,1.0,1.0,1.0,USD_ZAR,H4,28,30,4,long,3
185.0,84.0,101.0,0.0,0.4540540540540541,0.3823078697747479,0.5258002383333602,80.0,40.0,40.0,0.0,0.5,0.3904326691025103,0.6095673308974897,USD_ZAR,H4,28,35,1,long,265
94.0,41.0,53.0,0.0,0.43617021276595747,0.3359179568387757,0.5364224686931393,41.0,21.0,20.0,0.0,0.5121951219512195,0.3591903656558928,0.6651998782465463,USD_ZAR,H4,28,35,2,long,135
46.0,22.0,24.0,0.0,0.4782608695652174,0.33390438908126585,0.622617350049169,20.0,7.0,13.0,0.0,0.35,0.14095885572452488,0.559041144275475,USD_ZAR,H4,28,35,3,long,66
22.0,9.0,13.0,0.0,0.4090909090909091,0.20363672932088425,0.614545088860934,10.0,4.0,6.0,0.0,0.4,0.09635810565733854,0.7036418943426614,USD_ZAR,H4,28,35,4,long,32
2.0,0.0,2.0,0.0,0.0,0.0,0.0,1.0,1.0,0.0,0.0,1.0,1.0,1.0,USD_ZAR,H4,28,20,1,short,3
0.0,0.0,0.0,0.0,,,,1.0,0.0,1.0,0.0,0.0,0.0,0.0,USD_ZAR,H4,28,20,2,short,1
,,,,,,,,,,,,,,USD_ZAR,H4,28,20,3,short,0
,,,,,,,,,,,,,,USD_ZAR,H4,28,20,4,short,0
11.0,3.0,8.0,0.0,0.2727272727272727,0.009535284742372196,0.5359192607121732,6.0,1.0,5.0,0.0,0.16666666666666666,0.0,0.4648711701972571,USD_ZAR,H4,28,25,1,short,17
4.0,1.0,3.0,0.0,0.25,0.0,0.674352447854375,3.0,0.0,3.0,0.0,0.0,0.0,0.0,USD_ZAR,H4,28,25,2,short,7
1.0,0.0,1.0,0.0,0.0,0.0,0.0,1.0,0.0,1.0,0.0,0.0,0.0,0.0,USD_ZAR,H4,28,25,3,short,2
0.0,0.0,0.0,0.0,,,,1.0,0.0,1.0,0.0,0.0,0.0,0.0,USD_ZAR,H4,28,25,4,short,1
47.0,24.0,23.0,0.0,0.5106382978723404,0.367722965614364,0.6535536301303168,21.0,9.0,12.0,0.0,0.42857142857142855,0.21691132368626131,0.6402315334565958,USD_ZAR,H4,28,30,1,short,68
19.0,7.0,12.0,0.0,0.3684210526315789,0.15151817542017268,0.5853239298429852,9.0,4.0,5.0,0.0,0.4444444444444444,0.11980050104447498,0.7690883878444139,USD_ZAR,H4,28,30,2,short,28
9.0,4.0,5.0,0.0,0.4444444444444444,0.11980050104447498,0.7690883878444139,5.0,1.0,4.0,0.0,0.2,0.0,0.5506154588719672,USD_ZAR,H4,28,30,3,short,14
4.0,2.0,2.0,0.0,0.5,0.010000000000000009,0.99,2.0,0.0,2.0,0.0,0.0,0.0,0.0,USD_ZAR,H4,28,30,4,short,6
210.0,94.0,116.0,0.0,0.44761904761904764,0.38036474856879554,0.5148733466692997,90.0,46.0,44.0,0.0,0.5111111111111111,0.407835550465759,0.6143866717564631,USD_ZAR,H4,28,35,1,short,300
101.0,37.0,64.0,0.0,0.36633663366336633,0.2723719059306884,0.4603013613960443,44.0,18.0,26.0,0.0,0.4090909090909091,0.26381286535240456,0.5543689528294137,USD_ZAR,H4,28,35,2,short,145
41.0,17.0,24.0,0.0,0.4146341463414634,0.2638310121124069,0.5654372805705199,18.0,4.0,14.0,0.0,0.2222222222222222,0.03016027519679268,0.41428416924765177,USD_ZAR,H4,28,35,3,short,59
19.0,6.0,13.0,0.0,0.3157894736842105,0.1067766313149944,0.5248023160534266,9.0,3.0,6.0,0.0,0.3333333333333333,0.02534904641652591,0.6413176202501407,USD_ZAR,H4,28,35,4,short,28
197.0,100.0,97.0,0.0,0.5076142131979695,0.4378002007263133,0.5774282256696257,85.0,41.0,43.0,1.0,0.4880952380952381,0.3811987842164875,0.5949916919739887,USD_NOK,H4,7,20,1,long,282
107.0,57.0,50.0,0.0,0.5327102803738317,0.4381730586936273,0.6272475020540361,46.0,19.0,27.0,0.0,0.41304347826086957,0.2707522899183108,0.5553346666034283,USD_NOK,H4,7,20,2,long,153
49.0,26.0,22.0,1.0,0.5416666666666666,0.4007078550440012,0.6826254782893321,22.0,8.0,13.0,1.0,0.38095238095238093,0.17324888858708454,0.5886558733176773,USD_NOK,H4,7,20,3,long,71
17.0,9.0,8.0,0.0,0.5294117647058824,0.29213842808518775,0.766685101326577,8.0,4.0,4.0,0.0,0.5,0.15351767721859172,0.8464823227814082,USD_NOK,H4,7,20,4,long,25
410.0,197.0,213.0,0.0,0.48048780487804876,0.4321259219857,0.5288496877703975,177.0,88.0,88.0,1.0,0.5,0.4261297205784479,0.5738702794215521,USD_NOK,H4,7,25,1,long,587
207.0,99.0,106.0,2.0,0.48292682926829267,0.41452057510117923,0.5513330834354061,89.0,36.0,53.0,0.0,0.4044943820224719,0.3025272400736134,0.5064615239713304,USD_NOK,H4,7,25,2,long,296
100.0,46.0,53.0,1.0,0.46464646464646464,0.3663992763941029,0.5628936528988263,43.0,19.0,23.0,1.0,0.4523809523809524,0.3018510242627896,0.6029108804991152,USD_NOK,H4,7,25,3,long,143
35.0,16.0,19.0,0.0,0.45714285714285713,0.2921022560775435,0.6221834582081708,15.0,8.0,7.0,0.0,0.5333333333333333,0.28086134735527735,0.7858053193113893,USD_NOK,H4,7,25,4,long,50
648.0,300.0,348.0,0.0,0.46296296296296297,0.4245706911329906,0.5013552347929353,279.0,142.0,136.0,1.0,0.5107913669064749,0.4520285638670688,0.5695541699458809,USD_NOK,H4,7,30,1,long,927
326.0,149.0,174.0,3.0,0.4613003095975232,0.4069352277498201,0.5156653914452264,140.0,69.0,71.0,0.0,0.4928571428571429,0.4100404778675407,0.575673807846745,USD_NOK,H4,7,30,2,long,466
156.0,77.0,78.0,1.0,0.4967741935483871,0.41806033753266125,0.5754880495641129,68.0,31.0,36.0,1.0,0.4626865671641791,0.34329436448773026,0.5820787698406279,USD_NOK,H4,7,30,3,long,224
69.0,36.0,33.0,0.0,0.5217391304347826,0.4038725576848761,0.639605703184689,30.0,13.0,17.0,0.0,0.43333333333333335,0.2560081873235037,0.610658479343163,USD_NOK,H4,7,30,4,long,99
934.0,417.0,515.0,2.0,0.44742489270386265,0.4155018819043182,0.4793479035034071,401.0,194.0,206.0,1.0,0.485,0.4360220549634838,0.5339779450365162,USD_NOK,H4,7,35,1,long,1335
455.0,205.0,247.0,3.0,0.45353982300884954,0.4076439298059709,0.49943571621172816,196.0,97.0,99.0,0.0,0.49489795918367346,0.4249016035934117,0.5648943147739353,USD_NOK,H4,7,35,2,long,651
211.0,105.0,104.0,2.0,0.5023923444976076,0.43460510298714733,0.5701795860080678,91.0,44.0,46.0,1.0,0.4888888888888889,0.3856133282435368,0.592164449534241,USD_NOK,H4,7,35,3,long,302
99.0,50.0,48.0,1.0,0.5102040816326531,0.4112297497715744,0.6091784134937318,43.0,22.0,21.0,0.0,0.5116279069767442,0.3622197268747698,0.6610360870787186,USD_NOK,H4,7,35,4,long,142
215.0,82.0,130.0,3.0,0.3867924528301887,0.3212336699271245,0.4523512357332529,93.0,43.0,50.0,0.0,0.46236559139784944,0.361032596485119,0.5636985863105799,USD_NOK,H4,7,20,1,short,308
113.0,44.0,67.0,2.0,0.3963963963963964,0.3053976639817298,0.487395128811063,49.0,20.0,28.0,1.0,0.4166666666666667,0.2771942812411055,0.5561390520922278,USD_NOK,H4,7,20,2,short,162
54.0,19.0,35.0,0.0,0.35185185185185186,0.22447918137113843,0.4792245223325653,24.0,10.0,14.0,0.0,0.4166666666666667,0.21942292762131047,0.6139104057120229,USD_NOK,H4,7,20,3,short,78
30.0,14.0,16.0,0.0,0.4666666666666667,0.28814201332194833,0.645191320011385,13.0,6.0,7.0,0.0,0.46153846153846156,0.19054070966539732,0.7325362134115259,USD_NOK,H4,7,20,4,short,43
410.0,181.0,226.0,3.0,0.44471744471744473,0.3964384782314954,0.49299641120339405,177.0,83.0,94.0,0.0,0.4689265536723164,0.3954076292363397,0.542445478108293,USD_NOK,H4,7,25,1,short,587
212.0,89.0,121.0,2.0,0.4238095238095238,0.35697285168455384,0.49064619593449377,92.0,44.0,47.0,1.0,0.4835164835164835,0.3808404105139186,0.5861925565190484,USD_NOK,H4,7,25,2,short,304
107.0,42.0,65.0,0.0,0.3925233644859813,0.2999978031953388,0.4850489257766238,46.0,22.0,24.0,0.0,0.4782608695652174,0.33390438908126585,0.622617350049169,USD_NOK,H4,7,25,3,short,153
55.0,24.0,31.0,0.0,0.43636363636363634,0.3052950833473536,0.567432189379919,24.0,11.0,13.0,0.0,0.4583333333333333,0.2589874702005656,0.6576791964661011,USD_NOK,H4,7,25,4,short,79
663.0,286.0,373.0,4.0,0.4339908952959029,0.3961496533092437,0.4718321372825621,285.0,123.0,161.0,1.0,0.43309859154929575,0.37546919725397443,0.4907279858446171,USD_NOK,H4,7,30,1,short,948
346.0,144.0,200.0,2.0,0.4186046511627907,0.3664714189793189,0.47073788334626254,149.0,64.0,84.0,1.0,0.43243243243243246,0.3526158500074739,0.5122490148573909,USD_NOK,H4,7,30,2,short,495
176.0,68.0,108.0,0.0,0.38636363636363635,0.31442645725198054,0.45830081547529217,76.0,35.0,41.0,0.0,0.4605263157894737,0.34846347349106654,0.5725891580878808,USD_NOK,H4,7,30,3,short,252
88.0,37.0,51.0,0.0,0.42045454545454547,0.3173167098692175,0.5235923810398735,39.0,20.0,19.0,0.0,0.5128205128205128,0.3559465168950686,0.6696945087459569,USD_NOK,H4,7,30,4,short,127
923.0,407.0,507.0,9.0,0.44529540481400437,0.4130744829282528,0.47751632669975597,396.0,164.0,230.0,2.0,0.41624365482233505,0.3675695939782658,0.46491771566640433,USD_NOK,H4,7,35,1,short,1319
471.0,202.0,267.0,2.0,0.43070362473347545,0.3858881374731716,0.47551911199377933,202.0,88.0,113.0,1.0,0.43781094527363185,0.36922382906446793,0.5063980614827958,USD_NOK,H4,7,35,2,short,673
241.0,97.0,144.0,0.0,0.4024896265560166,0.3405743780063434,0.46440487510568984,104.0,49.0,55.0,0.0,0.47115384615384615,0.37521699781645207,0.5670906944912402,USD_NOK,H4,7,35,3,short,345
123.0,56.0,67.0,0.0,0.45528455284552843,0.3672749990688907,0.5432941066221662,53.0,27.0,26.0,0.0,0.5094339622641509,0.37484457280827393,0.644023351720028,USD_NOK,H4,7,35,4,short,176
21.0,9.0,12.0,0.0,0.42857142857142855,0.21691132368626131,0.6402315334565958,10.0,4.0,6.0,0.0,0.4,0.09635810565733854,0.7036418943426614,USD_NOK,H4,14,20,1,long,31
11.0,6.0,5.0,0.0,0.5454545454545454,0.2511969573207727,0.8397121335883182,5.0,2.0,3.0,0.0,0.4,0.0,0.8294144850840502,USD_NOK,H4,14,20,2,long,16
5.0,4.0,1.0,0.0,0.8,0.44938454112803305,1.0,3.0,0.0,2.0,1.0,0.0,0.0,0.0,USD_NOK,H4,14,20,3,long,8
2.0,1.0,1.0,0.0,0.5,0.0,1.0,1.0,0.0,1.0,0.0,0.0,0.0,0.0,USD_NOK,H4,14,20,4,long,3
92.0,45.0,47.0,0.0,0.4891304347826087,0.38698251748469636,0.591278352080521,40.0,13.0,27.0,0.0,0.325,0.1798491302127335,0.4701508697872665,USD_NOK,H4,14,25,1,long,132
51.0,26.0,25.0,0.0,0.5098039215686274,0.3726028556177434,0.6470049875195114,22.0,6.0,16.0,0.0,0.2727272727272727,0.0866224332691812,0.45883211218536424,USD_NOK,H4,14,25,2,long,73
25.0,13.0,12.0,0.0,0.52,0.32415686277022626,0.7158431372297738,12.0,2.0,9.0,1.0,0.18181818181818182,0.0,0.40974912948563447,USD_NOK,H4,14,25,3,long,37
8.0,4.0,4.0,0.0,0.5,0.15351767721859172,0.8464823227814082,4.0,1.0,3.0,0.0,0.25,0.0,0.674352447854375,USD_NOK,H4,14,25,4,long,12
239.0,115.0,124.0,0.0,0.4811715481171548,0.41782557929500963,0.5445175169393,103.0,46.0,56.0,1.0,0.45098039215686275,0.354413391387967,0.5475473929257585,USD_NOK,H4,14,30,1,long,342
119.0,61.0,58.0,0.0,0.5126050420168067,0.42279714154940506,0.6024129424842083,52.0,20.0,32.0,0.0,0.38461538461538464,0.2523820217044787,0.5168487475262906,USD_NOK,H4,14,30,2,long,171
51.0,25.0,25.0,1.0,0.5,0.3614070708874367,0.6385929291125634,22.0,9.0,12.0,1.0,0.42857142857142855,0.21691132368626131,0.6402315334565958,USD_NOK,H4,14,30,3,long,73
18.0,8.0,10.0,0.0,0.4444444444444444,0.21488651059518432,0.6740023782937046,8.0,5.0,3.0,0.0,0.625,0.28951993352808575,0.9604800664719142,USD_NOK,H4,14,30,4,long,26
509.0,243.0,266.0,0.0,0.4774066797642436,0.4340133124112278,0.5208000471172594,219.0,111.0,107.0,1.0,0.5091743119266054,0.44281151077168535,0.5755371130815256,USD_NOK,H4,14,35,1,long,728
254.0,127.0,126.0,1.0,0.5019762845849802,0.4403646937442246,0.5635878754257359,109.0,53.0,56.0,0.0,0.48623853211009177,0.39240711557392477,0.5800699486462587,USD_NOK,H4,14,35,2,long,363
120.0,59.0,59.0,2.0,0.5,0.40978368744596433,0.5902163125540357,52.0,25.0,26.0,1.0,0.49019607843137253,0.3529950124804886,0.6273971443822565,USD_NOK,H4,14,35,3,long,172
45.0,23.0,21.0,1.0,0.5227272727272727,0.37513941734496625,0.6703151281095792,20.0,11.0,9.0,0.0,0.55,0.3319637644793876,0.7680362355206125,USD_NOK,H4,14,35,4,long,65
28.0,10.0,18.0,0.0,0.35714285714285715,0.17966046364986868,0.5346252506358457,13.0,5.0,8.0,0.0,0.38461538461538464,0.12014865879357278,0.6490821104371964,USD_NOK,H4,14,20,1,short,41
16.0,8.0,8.0,0.0,0.5,0.255,0.745,7.0,1.0,6.0,0.0,0.14285714285714285,0.0,0.4020867707934573,USD_NOK,H4,14,20,2,short,23
7.0,2.0,5.0,0.0,0.2857142857142857,0.0,0.6203782963279159,3.0,1.0,2.0,0.0,0.3333333333333333,0.0,0.8667777662061142,USD_NOK,H4,14,20,3,short,10
1.0,1.0,0.0,0.0,1.0,1.0,1.0,1.0,0.0,1.0,0.0,0.0,0.0,0.0,USD_NOK,H4,14,20,4,short,2
89.0,31.0,56.0,2.0,0.3563218390804598,0.25568614347184043,0.4569575346890791,39.0,14.0,25.0,0.0,0.358974358974359,0.20842005237821218,0.5095286655705058,USD_NOK,H4,14,25,1,short,128
51.0,17.0,32.0,2.0,0.3469387755102041,0.2136598750565972,0.48021767596381093,23.0,4.0,18.0,1.0,0.18181818181818182,0.02064666308025001,0.34298970055611366,USD_NOK,H4,14,25,2,short,74
26.0,7.0,19.0,0.0,0.2692307692307692,0.09873175598308431,0.4397297824784541,12.0,3.0,9.0,0.0,0.25,0.0050000000000000044,0.495,USD_NOK,H4,14,25,3,short,38
14.0,4.0,10.0,0.0,0.2857142857142857,0.04907109439030105,0.5223574770382704,7.0,3.0,4.0,0.0,0.42857142857142855,0.06196537297496135,0.7951774841678958,USD_NOK,H4,14,25,4,short,21
254.0,102.0,149.0,3.0,0.4063745019920319,0.34561157174521073,0.46713743223885307,110.0,52.0,58.0,0.0,0.4727272727272727,0.37942704318598597,0.5660275022685595,USD_NOK,H4,14,30,1,short,364
134.0,53.0,79.0,2.0,0.4015151515151515,0.3178881250138178,0.4851421780164852,58.0,23.0,34.0,1.0,0.40350877192982454,0.27614463283459,0.5308729110250591,USD_NOK,H4,14,30,2,short,192
68.0,23.0,45.0,0.0,0.3382352941176471,0.22578440925581944,0.4506861789794747,30.0,13.0,17.0,0.0,0.43333333333333335,0.2560081873235037,0.610658479343163,USD_NOK,H4,14,30,3,short,98
36.0,15.0,21.0,0.0,0.4166666666666667,0.2556178281267327,0.5777155052066006,16.0,8.0,8.0,0.0,0.5,0.255,0.745,USD_NOK,H4,14,30,4,short,52
507.0,220.0,283.0,4.0,0.43737574552683894,0.3940237940459826,0.4807276970076953,218.0,102.0,115.0,1.0,0.4700460829493088,0.40363883590651006,0.5364533299921075,USD_NOK,H4,14,35,1,short,725
263.0,109.0,152.0,2.0,0.41762452107279696,0.35779295737279954,0.4774560847727944,114.0,51.0,62.0,1.0,0.45132743362831856,0.35957463098028086,0.5430802362763563,USD_NOK,H4,14,35,2,short,377
135.0,47.0,88.0,0.0,0.34814814814814815,0.26778708315296856,0.42850921314332774,58.0,29.0,29.0,0.0,0.5,0.3713196957974719,0.6286803042025281,USD_NOK,H4,14,35,3,short,193
67.0,26.0,41.0,0.0,0.3880597014925373,0.27137270275773195,0.5047467002273427,29.0,13.0,16.0,0.0,0.4482758620689655,0.26727079113275964,0.6292809330051714,USD_NOK,H4,14,35,4,short,96
4.0,3.0,1.0,0.0,0.75,0.3256475521456251,1.0,2.0,0.0,2.0,0.0,0.0,0.0,0.0,USD_NOK,H4,21,20,1,long,6
2.0,1.0,1.0,0.0,0.5,0.0,1.0,1.0,0.0,1.0,0.0,0.0,0.0,0.0,USD_NOK,H4,21,20,2,long,3
1.0,1.0,0.0,0.0,1.0,1.0,1.0,1.0,0.0,1.0,0.0,0.0,0.0,0.0,USD_NOK,H4,21,20,3,long,2
0.0,0.0,0.0,0.0,,,,1.0,0.0,1.0,0.0,0.0,0.0,0.0,USD_NOK,H4,21,20,4,long,1
25.0,10.0,15.0,0.0,0.4,0.20796000416579888,0.5920399958342012,12.0,3.0,9.0,0.0,0.25,0.0050000000000000044,0.495,USD_NOK,H4,21,25,1,long,37
13.0,6.0,7.0,0.0,0.46153846153846156,0.19054070966539732,0.7325362134115259,6.0,0.0,6.0,0.0,0.0,0.0,0.0,USD_NOK,H4,21,25,2,long,19
6.0,3.0,3.0,0.0,0.5,0.09991667534541426,0.9000833246545857,3.0,0.0,3.0,0.0,0.0,0.0,0.0,USD_NOK,H4,21,25,3,long,9
2.0,1.0,1.0,0.0,0.5,0.0,1.0,1.0,0.0,1.0,0.0,0.0,0.0,0.0,USD_NOK,H4,21,25,4,long,3
106.0,46.0,60.0,0.0,0.4339622641509434,0.33961011119170553,0.5283144171101812,46.0,15.0,31.0,0.0,0.32608695652173914,0.19061612382682103,0.46155778921665724,USD_NOK,H4,21,30,1,long,152
53.0,25.0,28.0,0.0,0.4716981132075472,0.33730058327822676,0.6060956431368676,24.0,8.0,16.0,0.0,0.3333333333333333,0.14473224539805557,0.521934421268611,USD_NOK,H4,21,30,2,long,77
28.0,16.0,12.0,0.0,0.5714285714285714,0.3881255436303378,0.754731599226805,13.0,3.0,9.0,1.0,0.25,0.0050000000000000044,0.495,USD_NOK,H4,21,30,3,long,41
10.0,5.0,5.0,0.0,0.5,0.19009678930349883,0.8099032106965012,5.0,3.0,2.0,0.0,0.6,0.17058551491594975,1.0,USD_NOK,H4,21,30,4,long,15
281.0,136.0,145.0,0.0,0.48398576512455516,0.425553859940346,0.5424176703087643,121.0,54.0,66.0,1.0,0.45,0.36098707958953374,0.5390129204104662,USD_NOK,H4,21,35,1,long,402
142.0,72.0,70.0,0.0,0.5070422535211268,0.4248106379018086,0.5892738691404449,61.0,25.0,36.0,0.0,0.4098360655737705,0.28641690917943796,0.533255221968103,USD_NOK,H4,21,35,2,long,203
62.0,29.0,31.0,2.0,0.48333333333333334,0.35688618436791986,0.6097804822987468,27.0,11.0,15.0,1.0,0.4230769230769231,0.23317121377589872,0.6129826323779475,USD_NOK,H4,21,35,3,long,89
22.0,9.0,12.0,1.0,0.42857142857142855,0.21691132368626131,0.6402315334565958,10.0,5.0,5.0,0.0,0.5,0.19009678930349883,0.8099032106965012,USD_NOK,H4,21,35,4,long,32
9.0,2.0,7.0,0.0,0.2222222222222222,0.0,0.49383883252136757,4.0,1.0,3.0,0.0,0.25,0.0,0.674352447854375,USD_NOK,H4,21,20,1,short,13
6.0,2.0,4.0,0.0,0.3333333333333333,0.0,0.7105355092038887,3.0,1.0,2.0,0.0,0.3333333333333333,0.0,0.8667777662061142,USD_NOK,H4,21,20,2,short,9
3.0,0.0,3.0,0.0,0.0,0.0,0.0,2.0,0.0,2.0,0.0,0.0,0.0,0.0,USD_NOK,H4,21,20,3,short,5
0.0,0.0,0.0,0.0,,,,1.0,0.0,1.0,0.0,0.0,0.0,0.0,USD_NOK,H4,21,20,4,short,1
29.0,10.0,19.0,0.0,0.3448275862068966,0.1718316605117934,0.5178235119019997,13.0,5.0,8.0,0.0,0.38461538461538464,0.12014865879357278,0.6490821104371964,USD_NOK,H4,21,25,1,short,42
17.0,7.0,10.0,0.0,0.4117647058823529,0.17781004090730612,0.6457193708573997,8.0,2.0,6.0,0.0,0.25,0.0,0.5500624934909393,USD_NOK,H4,21,25,2,short,25
8.0,1.0,7.0,0.0,0.125,0.0,0.3541765149399039,4.0,2.0,2.0,0.0,0.5,0.010000000000000009,0.99,USD_NOK,H4,21,25,3,short,12
2.0,1.0,1.0,0.0,0.5,0.0,1.0,1.0,0.0,1.0,0.0,0.0,0.0,0.0,USD_NOK,H4,21,25,4,short,3
102.0,34.0,66.0,2.0,0.34,0.24715308082655627,0.43284691917344376,44.0,15.0,29.0,0.0,0.3409090909090909,0.20084665178999306,0.4809715300281887,USD_NOK,H4,21,30,1,short,146
56.0,17.0,37.0,2.0,0.3148148148148148,0.19093779339638262,0.43869183623324703,24.0,5.0,19.0,0.0,0.20833333333333334,0.04585292140851313,0.3708137452581536,USD_NOK,H4,21,30,2,short,80
26.0,8.0,18.0,0.0,0.3076923076923077,0.13028263467499662,0.4851019807096188,12.0,3.0,9.0,0.0,0.25,0.0050000000000000044,0.495,USD_NOK,H4,21,30,3,short,38
13.0,4.0,9.0,0.0,0.3076923076923077,0.05679714201505026,0.5585874733695652,6.0,2.0,4.0,0.0,0.3333333333333333,0.0,0.7105355092038887,USD_NOK,H4,21,30,4,short,19
311.0,126.0,181.0,4.0,0.41042345276872966,0.3553968035050058,0.4654501020324535,134.0,56.0,77.0,1.0,0.42105263157894735,0.33714180755316153,0.5049634556047332,USD_NOK,H4,21,35,1,short,445
162.0,62.0,98.0,2.0,0.3875,0.312010772705637,0.46298922729436304,70.0,24.0,45.0,1.0,0.34782608695652173,0.23544471931689195,0.46020745459615153,USD_NOK,H4,21,35,2,short,232
82.0,26.0,56.0,0.0,0.3170731707317073,0.21635310969834942,0.4177932317650652,36.0,12.0,24.0,0.0,0.3333333333333333,0.1793411898749296,0.487325476791737,USD_NOK,H4,21,35,3,short,118
42.0,16.0,26.0,0.0,0.38095238095238093,0.23408383302475155,0.5278209288800103,18.0,8.0,10.0,0.0,0.4444444444444444,0.21488651059518432,0.6740023782937046,USD_NOK,H4,21,35,4,short,60
,,,,,,,,,,,,,,USD_NOK,H4,28,20,1,long,0
,,,,,,,,,,,,,,USD_NOK,H4,28,20,2,long,0
,,,,,,,,,,,,,,USD_NOK,H4,28,20,3,long,0
,,,,,,,,,,,,,,USD_NOK,H4,28,20,4,long,0
7.0,3.0,4.0,0.0,0.42857142857142855,0.06196537297496135,0.7951774841678958,3.0,1.0,2.0,0.0,0.3333333333333333,0.0,0.8667777662061142,USD_NOK,H4,28,25,1,long,10
4.0,1.0,3.0,0.0,0.25,0.0,0.674352447854375,2.0,1.0,1.0,0.0,0.5,0.0,1.0,USD_NOK,H4,28,25,2,long,6
1.0,1.0,0.0,0.0,1.0,1.0,1.0,1.0,0.0,1.0,0.0,0.0,0.0,0.0,USD_NOK,H4,28,25,3,long,2
0.0,0.0,0.0,0.0,,,,1.0,0.0,1.0,0.0,0.0,0.0,0.0,USD_NOK,H4,28,25,4,long,1
49.0,20.0,29.0,0.0,0.40816326530612246,0.27054504154849623,0.5457814890637487,22.0,7.0,15.0,0.0,0.3181818181818182,0.12354871828290975,0.5128149180807267,USD_NOK,H4,28,30,1,long,71
24.0,9.0,15.0,0.0,0.375,0.18131049331468677,0.5686895066853133,11.0,2.0,9.0,0.0,0.18181818181818182,0.0,0.40974912948563447,USD_NOK,H4,28,30,2,long,35
12.0,6.0,6.0,0.0,0.5,0.21709836809708338,0.7829016319029166,6.0,1.0,5.0,0.0,0.16666666666666666,0.0,0.4648711701972571,USD_NOK,H4,28,30,3,long,18
2.0,1.0,1.0,0.0,0.5,0.0,1.0,2.0,1.0,1.0,0.0,0.5,0.0,1.0,USD_NOK,H4,28,30,4,long,4
177.0,78.0,99.0,0.0,0.4406779661016949,0.36753693635238704,0.5138189958510028,76.0,30.0,46.0,0.0,0.39473684210526316,0.2848425271444402,0.5046311570660861,USD_NOK,H4,28,35,1,long,253
84.0,39.0,45.0,0.0,0.4642857142857143,0.3576320692472066,0.570939359324222,37.0,12.0,25.0,0.0,0.32432432432432434,0.17348516175608936,0.47516348689255933,USD_NOK,H4,28,35,2,long,121
43.0,20.0,22.0,1.0,0.47619047619047616,0.32514473869744126,0.627236213683511,19.0,7.0,11.0,1.0,0.3888888888888889,0.16367629309127704,0.6141014846865007,USD_NOK,H4,28,35,3,long,62
16.0,6.0,9.0,1.0,0.4,0.15207743144279912,0.647922568557201,8.0,4.0,4.0,0.0,0.5,0.15351767721859172,0.8464823227814082,USD_NOK,H4,28,35,4,long,24
0.0,0.0,0.0,0.0,,,,1.0,0.0,1.0,0.0,0.0,0.0,0.0,USD_NOK,H4,28,20,1,short,1
0.0,0.0,0.0,0.0,,,,1.0,1.0,0.0,0.0,1.0,1.0,1.0,USD_NOK,H4,28,20,2,short,1
0.0,0.0,0.0,0.0,,,,1.0,0.0,1.0,0.0,0.0,0.0,0.0,USD_NOK,H4,28,20,3,short,1
,,,,,,,,,,,,,,USD_NOK,H4,28,20,4,short,0
13.0,3.0,10.0,0.0,0.23076923076923078,0.0017343277518477307,0.45980413378661383,6.0,2.0,4.0,0.0,0.3333333333333333,0.0,0.7105355092038887,USD_NOK,H4,28,25,1,short,19
8.0,3.0,5.0,0.0,0.375,0.03951993352808575,0.7104800664719142,4.0,1.0,3.0,0.0,0.25,0.0,0.674352447854375,USD_NOK,H4,28,25,2,short,12
4.0,0.0,4.0,0.0,0.0,0.0,0.0,2.0,0.0,2.0,0.0,0.0,0.0,0.0,USD_NOK,H4,28,25,3,short,6
0.0,0.0,0.0,0.0,,,,1.0,0.0,1.0,0.0,0.0,0.0,0.0,USD_NOK,H4,28,25,4,short,1
49.0,16.0,33.0,0.0,0.32653061224489793,0.19522632318117158,0.45783490130862425,22.0,9.0,13.0,0.0,0.4090909090909091,0.20363672932088425,0.614545088860934,USD_NOK,H4,28,30,1,short,71
30.0,10.0,20.0,0.0,0.3333333333333333,0.1646433920318547,0.5020232746348119,13.0,3.0,10.0,0.0,0.23076923076923078,0.0017343277518477307,0.45980413378661383,USD_NOK,H4,28,30,2,short,43
15.0,4.0,11.0,0.0,0.26666666666666666,0.0428741701850342,0.4904591631482991,7.0,1.0,6.0,0.0,0.14285714285714285,0.0,0.4020867707934573,USD_NOK,H4,28,30,3,short,22
6.0,2.0,4.0,0.0,0.3333333333333333,0.0,0.7105355092038887,3.0,1.0,2.0,0.0,0.3333333333333333,0.0,0.8667777662061142,USD_NOK,H4,28,30,4,short,9
179.0,60.0,116.0,3.0,0.3409090909090909,0.270877871349542,0.41094031046863977,78.0,33.0,45.0,0.0,0.4230769230769231,0.31343481069132983,0.5327190354625163,USD_NOK,H4,28,35,1,short,257
99.0,31.0,66.0,2.0,0.31958762886597936,0.2267869219190931,0.4123883358128656,43.0,15.0,28.0,0.0,0.3488372093023256,0.20638209904782523,0.49129231955682595,USD_NOK,H4,28,35,2,short,142
51.0,14.0,37.0,0.0,0.27450980392156865,0.1520296602624403,0.396989947580697,23.0,9.0,14.0,0.0,0.391304347826087,0.19184720669911723,0.5907614889530567,USD_NOK,H4,28,35,3,short,74
27.0,9.0,18.0,0.0,0.3333333333333333,0.15551852237573965,0.5111481442909269,12.0,6.0,6.0,0.0,0.5,0.21709836809708338,0.7829016319029166,USD_NOK,H4,28,35,4,short,39
