tr_n,tr_mean_r,tr_se_r,tr_ci_low_r,tr_ci_high_r,te_n,te_mean_r,te_se_r,te_ci_low_r,te_ci_high_r,pair,period,multiplier,direction,total_n,raw_n,filtered_n
59,0.06067424479332967,0.12522164726405446,-0.18476018384421708,0.30610867343087644,26,0.1453827420687642,0.19634657089600957,-0.23945653688741456,0.530222021024943,EUR_USD,7,1.5,long,85,521,133
65,0.041244096920839385,0.12064908939920932,-0.19522811830161088,0.2777163121432896,29,-0.2172894016001591,0.17579955849523998,-0.5618565362508294,0.12727773305051124,EUR_USD,7,1.5,short,94,521,139
33,-0.005071570036370639,0.16257344760699619,-0.32371552734608317,0.31357238727334186,15,-0.2556038214315823,0.2492611679649245,-0.7441557106428343,0.23294806777966975,EUR_USD,7,2.0,long,48,380,76
46,-0.05606639215674695,0.14471074521341254,-0.33969945277503555,0.22756666846154164,20,-0.09791597711874489,0.21832921987694112,-0.5258412480775495,0.3300092938400597,EUR_USD,7,2.0,short,66,379,98
19,0.023710600505474518,0.21990822378817687,-0.4073095181193521,0.45473071913030116,9,-0.3333333333333333,0.3333333333333333,-0.9866666666666666,0.32,EUR_USD,7,2.5,long,28,291,50
26,0.05167852697640617,0.18894131920951307,-0.3186464586742394,0.42200351262705177,12,0.0,0.30151134457776363,-0.5909622353724167,0.5909622353724167,EUR_USD,7,2.5,short,38,290,62
13,-0.02192393422781043,0.2385459607282689,-0.48947401725521744,0.4456261487995966,6,-0.3333333333333333,0.421637021355784,-1.15974189519067,0.4930752285240034,EUR_USD,7,3.0,long,19,229,27
16,-0.03256844703770252,0.25176360103098167,-0.5260251050584266,0.4608882109830216,7,-0.17678681441097857,0.3892183700326003,-0.9396548196748751,0.586081190852918,EUR_USD,7,3.0,short,23,228,38
60,0.10966300738010752,0.12368423814781924,-0.1327580993896182,0.35208411414983326,26,-0.008463411777389646,0.19848061970057052,-0.3974854263905078,0.38055860283572857,EUR_USD,10,1.5,long,86,518,137
66,0.06807062210404932,0.12053023298172609,-0.1681686345401338,0.30430987874823245,29,-0.19698213170664733,0.17952533307080829,-0.5488517845254316,0.1548875211121369,EUR_USD,10,1.5,short,95,518,141
35,-0.02685272207628405,0.1559400554779021,-0.33249523081297216,0.2787897866604041,15,-0.38893715476491564,0.23662764920366475,-0.8527273472040986,0.07485303767426726,EUR_USD,10,2.0,long,50,379,78
45,0.009354354684214231,0.14648912139840817,-0.2777643232566658,0.2964730326250943,20,-0.09791597711874489,0.21832921987694112,-0.5258412480775495,0.3300092938400597,EUR_USD,10,2.0,short,65,378,100
19,0.023710600505474518,0.21990822378817687,-0.4073095181193521,0.45473071913030116,9,-0.3333333333333333,0.3333333333333333,-0.9866666666666666,0.32,EUR_USD,10,2.5,long,28,289,48
25,0.018631280960719393,0.19362487814937573,-0.360873480212057,0.39813604213349585,11,-0.09090909090909091,0.3149183286488867,-0.7081490150609089,0.526330833242727,EUR_USD,10,2.5,short,36,288,58
12,0.015855648004869338,0.2369290866462312,-0.4485253618217438,0.48023665783148245,6,-0.3333333333333333,0.421637021355784,-1.15974189519067,0.4930752285240034,EUR_USD,10,3.0,long,18,228,26
16,0.10734099082355028,0.2527382497127047,-0.388025978613351,0.6027079602604515,7,-0.14285714285714285,0.40406101782088427,-0.9348167377860761,0.6491024520717903,EUR_USD,10,3.0,short,23,227,39
58,0.15285377123219993,0.12509195237858758,-0.09232645542983173,0.39803399789423155,25,0.031198051751514768,0.2024186711573075,-0.36554254371680794,0.42793864721983743,EUR_USD,14,1.5,long,83,515,134
67,0.05212926953533199,0.11978316226241591,-0.18264572849900318,0.2869042675696672,29,-0.1958104409797292,0.17945837664303899,-0.5475488592000856,0.1559279772406272,EUR_USD,14,1.5,short,96,515,141
36,0.001670964648057179,0.15420745911126435,-0.30057565521002094,0.30391758450613526,16,-0.1836807597588772,0.245491990912224,-0.6648450619468362,0.29748354242908187,EUR_USD,14,2.0,long,52,381,79
44,0.07774877183612822,0.14761476964862552,-0.2115761766751778,0.36707372034743424,20,-0.19791597711874492,0.21473387708187364,-0.6187943761992172,0.2229624219617274,EUR_USD,14,2.0,short,64,380,100
18,-0.14163881057755467,0.2227910163179313,-0.5783092025607,0.29503158140559066,9,0.1111111111111111,0.35136418446315326,-0.5775626904366693,0.7997849126588914,EUR_USD,14,2.5,long,27,284,46
25,0.018631280960719393,0.19362487814937573,-0.360873480212057,0.39813604213349585,11,0.09090909090909091,0.3149183286488867,-0.526330833242727,0.7081490150609089,EUR_USD,14,2.5,short,36,283,56
14,-0.1292665874243977,0.22457469776178712,-0.5694329950375004,0.3108998201887051,6,-0.3333333333333333,0.421637021355784,-1.15974189519067,0.4930752285240034,EUR_USD,14,3.0,long,20,225,28
14,0.2592021007048422,0.2615972306850242,-0.2535284714378053,0.7719326728474897,7,-0.14285714285714285,0.40406101782088427,-0.9348167377860761,0.6491024520717903,EUR_USD,14,3.0,short,21,224,40
60,0.18109197885779346,0.12249725729382342,-0.05900264543810044,0.4211866031536874,26,0.0,0.20000000000000004,-0.39200000000000007,0.39200000000000007,EUR_USD,21,1.5,long,86,516,134
66,0.007464561497988525,0.12082204326301049,-0.22934664329751203,0.24427576629348907,29,-0.1958104409797292,0.17945837664303899,-0.5475488592000856,0.1559279772406272,EUR_USD,21,1.5,short,95,516,141
35,-0.012945717138896485,0.157963747714401,-0.3225546626591224,0.29666322838132947,16,-0.1836807597588772,0.245491990912224,-0.6648450619468362,0.29748354242908187,EUR_USD,21,2.0,long,51,378,81
42,0.17668918954261048,0.14890557163548176,-0.11516573086293375,0.4685441099481547,18,-0.2199066412430499,0.2245911052295599,-0.6601052074929873,0.22029192500688752,EUR_USD,21,2.0,short,60,378,99
18,-0.14380185774065712,0.22283701890261515,-0.5805624147897828,0.2929586993084686,9,-0.1111111111111111,0.35136418446315326,-0.7997849126588914,0.5775626904366693,EUR_USD,21,2.5,long,27,284,45
28,-0.019079213427929113,0.18363194195403168,-0.3789978196578312,0.34083939280197295,12,-0.049075902242653346,0.2905075623338837,-0.6184707244170654,0.5203189199317587,EUR_USD,21,2.5,short,40,283,59
13,-0.05765833753904741,0.23102027104555223,-0.5104580687883298,0.39514139371023493,6,-0.3333333333333333,0.421637021355784,-1.15974189519067,0.4930752285240034,EUR_USD,21,3.0,long,19,230,31
15,-0.09141137267548063,0.2606775589086333,-0.6023393881364019,0.41951664278544065,7,-0.14285714285714285,0.40406101782088427,-0.9348167377860761,0.6491024520717903,EUR_USD,21,3.0,short,22,229,45
55,-0.15400583611044263,0.13348062945303218,-0.41562786983838573,0.10761619761750044,24,0.039865863049867056,0.20396311215347498,-0.3599018367709439,0.439633562870678,GBP_USD,7,1.5,long,79,527,136
52,-0.052479931186055574,0.13775789727840854,-0.32248540985173635,0.2175255474796252,23,0.21739130434782608,0.20810192223064325,-0.19048846322423466,0.6252710719198868,GBP_USD,7,1.5,short,75,527,126
34,-0.04324473488453957,0.17190766235092309,-0.3801837530923488,0.2936942833232697,15,-0.06666666666666667,0.2666666666666666,-0.5893333333333332,0.45599999999999985,GBP_USD,7,2.0,long,49,375,78
28,0.04843055735493378,0.18688794144524548,-0.3178698078777473,0.4147309225876149,12,0.6666666666666666,0.22473328748774735,0.22618942319068186,1.1071439101426515,GBP_USD,7,2.0,short,40,374,75
23,0.15346430495328933,0.2069901092391834,-0.25223630915551015,0.5591649190620889,10,-0.4,0.30550504633038933,-0.9987898908075631,0.19878989080756304,GBP_USD,7,2.5,long,33,279,48
24,0.013134943530894264,0.20617618341709246,-0.39097037596660694,0.4172402630283955,11,0.45454545454545453,0.2816715160878121,-0.09753071698665722,1.0066216260775662,GBP_USD,7,2.5,short,35,278,54
16,0.375,0.23935677693908453,-0.09413928280060568,0.8441392828006057,7,0.41404179405992725,0.3653737574279016,-0.3020907704987599,1.1301743586186144,GBP_USD,7,3.0,long,23,224,29
13,-0.07692307692307693,0.2878197989826109,-0.6410498829289943,0.48720372908284043,6,0.3333333333333333,0.421637021355784,-0.4930752285240034,1.15974189519067,GBP_USD,7,3.0,short,19,223,39
55,-0.08127856338316991,0.13466239187426096,-0.3452168514567214,0.18265972469038155,24,0.08333333333333333,0.20778914433245896,-0.3239333895582862,0.49060005622495284,GBP_USD,10,1.5,long,79,528,135
56,-0.030145347508539398,0.13169921923758723,-0.2882758172142104,0.2279851221971316,24,0.25,0.2018932132718121,-0.14571069801275166,0.6457106980127516,GBP_USD,10,1.5,short,80,528,128
37,-0.1480033472523287,0.16072926625152154,-0.4630327091053109,0.1670260146006535,17,-0.17647058823529413,0.24607647839237515,-0.6587804858843495,0.30583930941376114,GBP_USD,10,2.0,long,54,377,82
32,0.04237673768556706,0.17509530505440088,-0.30081006022105866,0.38556353559219275,14,0.7142857142857143,0.19410463442478787,0.3338406308131301,1.0947307977582985,GBP_USD,10,2.0,short,46,376,80
23,0.0665077832141589,0.2090797938988643,-0.34328861282761514,0.47630417925593294,11,-0.2727272727272727,0.30424000964875475,-0.869037691638832,0.32358314618428663,GBP_USD,10,2.5,long,34,277,50
25,-0.1073904542103415,0.20075100818454983,-0.5008624302520591,0.28608152183137614,11,0.45454545454545453,0.2816715160878121,-0.09753071698665722,1.0066216260775662,GBP_USD,10,2.5,short,36,276,53
16,0.25,0.25,-0.24,0.74,7,0.1283275083456415,0.39915547378852706,-0.6540172202798715,0.9106722369711546,GBP_USD,10,3.0,long,23,218,28
12,0.0,0.30151134457776363,-0.5909622353724167,0.5909622353724167,6,0.3333333333333333,0.421637021355784,-0.4930752285240034,1.15974189519067,GBP_USD,10,3.0,short,18,217,38
53,-0.08434567898253481,0.13715456618647023,-0.35316862870801646,0.18447727074294684,24,0.08333333333333333,0.20778914433245896,-0.3239333895582862,0.49060005622495284,GBP_USD,14,1.5,long,77,525,135
58,0.05620611833250917,0.12823460892636504,-0.1951337151631663,0.3075459518281846,25,0.28,0.19595917942265426,-0.10407999166840232,0.6640799916684024,GBP_USD,14,1.5,short,83,525,131
37,-0.20205740130638275,0.15908576394566187,-0.5138654986398801,0.10975069602711454,16,-0.125,0.25617376914899,-0.6271005875320204,0.37710058753202036,GBP_USD,14,2.0,long,53,371,80
29,0.11431857395660217,0.18599322237063207,-0.25022814188983666,0.478865289803041,13,0.5384615384615384,0.24325212770525995,0.06168736815922893,1.015235708763848,GBP_USD,14,2.0,short,42,371,80
23,-0.020448738524971536,0.20951470539517716,-0.43109756109951874,0.3902000840495757,11,-0.09090909090909091,0.3149183286488867,-0.7081490150609089,0.526330833242727,GBP_USD,14,2.5,long,34,278,50
24,-0.1535317231357724,0.20369401228383532,-0.5527719872120896,0.24570854094054484,11,0.6363636363636364,0.24393468845452249,0.15825164699277228,1.1144756257345003,GBP_USD,14,2.5,short,35,277,56
17,0.29411764705882354,0.23894230601870473,-0.1742092727378377,0.7624445668554848,8,-0.012713430197563685,0.3733448346189563,-0.7444693060507179,0.7190424456555906,GBP_USD,14,3.0,long,25,213,33
13,0.07692307692307693,0.2878197989826109,-0.48720372908284043,0.6410498829289943,6,0.3333333333333333,0.421637021355784,-0.4930752285240034,1.15974189519067,GBP_USD,14,3.0,short,19,212,37
59,-0.04186984722159907,0.13032101921856507,-0.2972990448899866,0.21355935044678845,26,0.0,0.20000000000000004,-0.39200000000000007,0.39200000000000007,GBP_USD,21,1.5,long,85,528,138
60,0.020999247721425546,0.12635817539489994,-0.2266627760525783,0.2686612714954294,26,0.3076923076923077,0.1902971827208151,-0.0652901704404899,0.6806747858251053,GBP_USD,21,1.5,short,86,528,132
34,-0.24929776024518122,0.1638119786836445,-0.5703692384651244,0.07177371797476198,15,-0.06666666666666667,0.2666666666666666,-0.5893333333333332,0.45599999999999985,GBP_USD,21,2.0,long,49,364,78
30,0.010507954824715412,0.1840339349023771,-0.3501985575839437,0.3712144672333745,13,0.38461538461538464,0.2664693550105965,-0.1376645512053845,0.9068953204361538,GBP_USD,21,2.0,short,43,364,82
24,0.022069958913568943,0.20505174247970287,-0.37983145634664867,0.42397137417378655,11,-0.2727272727272727,0.30424000964875475,-0.869037691638832,0.32358314618428663,GBP_USD,21,2.5,long,35,275,52
23,0.05718428890180271,0.21037181054028986,-0.3551444597571654,0.46951303756077084,10,0.2,0.32659863237109044,-0.4401333194473372,0.8401333194473373,GBP_USD,21,2.5,short,33,274,56
19,0.15789473684210525,0.23274559932318592,-0.29828663783133913,0.6140761115155496,9,-0.12241193795338995,0.3470524171410945,-0.8026346755499352,0.5578107996431554,GBP_USD,21,3.0,long,28,211,37
14,0.0,0.2773500981126146,-0.5436061923007246,0.5436061923007246,6,0.3333333333333333,0.421637021355784,-0.4930752285240034,1.15974189519067,GBP_USD,21,3.0,short,20,210,38
57,-0.18777216229787536,0.12910902049511078,-0.4408258424682925,0.06528151787254177,25,-0.12,0.20264912204760885,-0.5171922792133133,0.27719227921331335,AUD_USD,7,1.5,long,82,559,127
54,0.037037037037037035,0.13726631998291228,-0.23200495012947103,0.3060790242035451,24,-0.16666666666666666,0.20559798491465375,-0.569638717099388,0.23630538376605467,AUD_USD,7,1.5,short,78,558,118
32,-0.07143847039545032,0.1743706343566533,-0.41320491373449075,0.2703279729435901,15,-0.3333333333333333,0.25197631533948484,-0.8272069113987236,0.16054024473205697,AUD_USD,7,2.0,long,47,372,62
26,0.3076923076923077,0.1902971827208151,-0.0652901704404899,0.6806747858251053,12,0.0,0.30151134457776363,-0.5909622353724167,0.5909622353724167,AUD_USD,7,2.0,short,38,371,62
18,0.16327908688916246,0.23237785491972376,-0.29218150875349613,0.618739682531821,9,-0.5555555555555556,0.2939723678960656,-1.1317413966318441,0.020630285520732983,AUD_USD,7,2.5,long,27,270,41
18,0.1111111111111111,0.24103384202072908,-0.36131521924951787,0.58353744147174,8,0.0,0.3779644730092272,-0.7408103670980853,0.7408103670980853,AUD_USD,7,2.5,short,26,269,37
10,0.2,0.32659863237109044,-0.4401333194473372,0.8401333194473373,5,-0.2,0.48989794855663565,-1.1601999791710058,0.7601999791710059,AUD_USD,7,3.0,long,15,209,26
14,0.42857142857142855,0.25058800551629407,-0.0625810622405078,0.9197239193833648,6,0.0,0.4472135954999579,-0.8765386471799175,0.8765386471799175,AUD_USD,7,3.0,short,20,208,27
58,-0.2362588491548085,0.12659169547336435,-0.4843785722826026,0.01186087397298563,25,-0.12,0.20264912204760885,-0.5171922792133133,0.27719227921331335,AUD_USD,10,1.5,long,83,557,126
53,0.05660377358490566,0.13845271428402695,-0.2147635464117872,0.3279710935815985,24,-0.08333333333333333,0.20778914433245896,-0.49060005622495284,0.3239333895582862,AUD_USD,10,1.5,short,77,556,120
34,-0.18488326625454146,0.16665687793844275,-0.5115307470138892,0.14176421450480634,15,-0.2,0.26186146828319085,-0.7132484778350541,0.313248477835054,AUD_USD,10,2.0,long,49,371,65
28,0.35714285714285715,0.17975796274454164,0.004817250163555553,0.7094684641221587,12,0.0,0.30151134457776363,-0.5909622353724167,0.5909622353724167,AUD_USD,10,2.0,short,40,370,62
18,0.05216797577805132,0.23538822866379536,-0.4091929524029876,0.5135289039590902,8,-0.5,0.32732683535398854,-1.1415605972938176,0.14156059729381754,AUD_USD,10,2.5,long,26,264,40
16,0.125,0.25617376914899,-0.37710058753202036,0.6271005875320204,8,0.0,0.3779644730092272,-0.7408103670980853,0.7408103670980853,AUD_USD,10,2.5,short,24,263,37
10,0.2,0.32659863237109044,-0.4401333194473372,0.8401333194473373,5,-0.2,0.48989794855663565,-1.1601999791710058,0.7601999791710059,AUD_USD,10,3.0,long,15,209,26
13,0.38461538461538464,0.2664693550105965,-0.1376645512053845,0.9068953204361538,6,0.3333333333333333,0.421637021355784,-0.4930752285240034,1.15974189519067,AUD_USD,10,3.0,short,19,208,27
62,-0.18875827824159508,0.12384696074396095,-0.4314983212997585,0.053981764816568384,27,-0.18518518518518517,0.1927240401742195,-0.5629243039266554,0.19255393355628508,AUD_USD,14,1.5,long,89,556,129
56,0.07142857142857142,0.13449555309875313,-0.19218271264498474,0.33503985550212756,25,-0.2,0.2,-0.5920000000000001,0.192,AUD_USD,14,1.5,short,81,555,122
32,-0.19643847039545032,0.1712453478817444,-0.5320793522436693,0.13920241145276868,15,-0.2,0.26186146828319085,-0.7132484778350541,0.313248477835054,AUD_USD,14,2.0,long,47,377,66
28,0.35714285714285715,0.17975796274454164,0.004817250163555553,0.7094684641221587,12,0.0,0.30151134457776363,-0.5909622353724167,0.5909622353724167,AUD_USD,14,2.0,short,40,376,64
18,0.05216797577805135,0.23538822866379536,-0.4091929524029876,0.5135289039590902,9,-0.5555555555555556,0.2939723678960656,-1.1317413966318441,0.020630285520732983,AUD_USD,14,2.5,long,27,258,41
16,0.125,0.25617376914899,-0.37710058753202036,0.6271005875320204,7,0.14285714285714285,0.40406101782088427,-0.6491024520717903,0.9348167377860761,AUD_USD,14,2.5,short,23,257,37
11,0.2727272727272727,0.30424000964875475,-0.32358314618428663,0.869037691638832,5,-0.2,0.48989794855663565,-1.1601999791710058,0.7601999791710059,AUD_USD,14,3.0,long,16,209,27
12,0.5,0.2611164839335468,-0.011788308509751766,1.0117883085097517,6,0.3333333333333333,0.421637021355784,-0.4930752285240034,1.15974189519067,AUD_USD,14,3.0,short,18,208,27
59,-0.11361039408438803,0.12844446344051214,-0.36536154242779184,0.13814075425901576,26,-0.07692307692307693,0.19940740610485724,-0.46776159288859714,0.3139154390424433,AUD_USD,21,1.5,long,85,551,129
56,0.07142857142857142,0.13449555309875313,-0.19218271264498474,0.33503985550212756,25,-0.2,0.2,-0.5920000000000001,0.192,AUD_USD,21,1.5,short,81,550,121
34,-0.18488326625454146,0.16665687793844275,-0.5115307470138892,0.14176421450480634,15,-0.06666666666666667,0.2666666666666666,-0.5893333333333332,0.45599999999999985,AUD_USD,21,2.0,long,49,377,70
28,0.2857142857142857,0.18442777839082938,-0.0757641599317399,0.6471927313603113,13,0.23076923076923078,0.2808833628231621,-0.319762160364167,0.7813006219026286,AUD_USD,21,2.0,short,41,376,65
21,-0.002903639809289342,0.21823720751326917,-0.4306485665352969,0.42484128691671824,10,-0.2,0.3265986323710904,-0.840133319447337,0.4401333194473371,AUD_USD,21,2.5,long,31,259,43
16,0.0,0.2581988897471611,-0.5060698239044358,0.5060698239044358,8,0.25,0.3659625273556999,-0.46728655361717175,0.9672865536171718,AUD_USD,21,2.5,short,24,258,38
11,-0.09090909090909091,0.3149183286488867,-0.7081490150609089,0.526330833242727,5,-0.2,0.48989794855663565,-1.1601999791710058,0.7601999791710059,AUD_USD,21,3.0,long,16,206,27
10,0.6,0.26666666666666666,0.07733333333333337,1.1226666666666665,5,0.6,0.4,-0.18400000000000005,1.384,AUD_USD,21,3.0,short,15,205,25
60,0.07752776386738308,0.12518939786493308,-0.16784345594788574,0.3228989836826519,26,0.13218298167627063,0.1791300676187497,-0.21891195085647874,0.48327791420902,USD_CAD,7,1.5,long,86,551,136
69,0.0521766725449723,0.11781022077568377,-0.1787313601753679,0.2830847052653125,30,0.012788273841686992,0.15312687275025444,-0.2873403967488117,0.3129169444321857,USD_CAD,7,1.5,short,99,550,148
39,0.0049209799253758365,0.15336849807668226,-0.2956812763049214,0.30552323615567306,17,0.04998944628532517,0.23024931233615586,-0.4012992058935403,0.5012780984641907,USD_CAD,7,2.0,long,56,371,71
36,0.1516479520120294,0.1651912911728071,-0.17212697868667248,0.4754228827107313,16,0.05546401320626153,0.20476483276412039,-0.3458750590114144,0.4568030854239375,USD_CAD,7,2.0,short,52,370,83
21,0.015400594531229978,0.21478480824319363,-0.4055776296254295,0.43637881868788947,9,-0.05895312723711058,0.2975589427149055,-0.6421686549583253,0.5242624004841042,USD_CAD,7,2.5,long,30,273,42
25,0.09450252578288225,0.19961706610958213,-0.2967469237918987,0.48575197535766323,11,-0.0909686371727227,0.2463618622999847,-0.5738378872806927,0.3919006129352473,USD_CAD,7,2.5,short,36,273,52
12,0.3333333333333333,0.28426762180748055,-0.2238312054093286,0.8904978720759953,6,-0.38395304759236343,0.2993809590254603,-0.9707397272822655,0.20283363209753874,USD_CAD,7,3.0,long,18,223,32
16,-0.03983980346424648,0.25088224889677546,-0.5315690113019264,0.4518894043734334,8,-0.2735704945058675,0.2503272219998515,-0.7642118496255765,0.21707086061384145,USD_CAD,7,3.0,short,24,223,38
60,0.07752776386738308,0.12518939786493308,-0.16784345594788574,0.3228989836826519,27,0.16432435272529766,0.17533907435848603,-0.17934023301733493,0.5079889384679303,USD_CAD,10,1.5,long,87,543,134
69,0.0521766725449723,0.11781022077568377,-0.1787313601753679,0.2830847052653125,30,0.02289437428242757,0.1525178502759957,-0.276040612258524,0.32182936082337915,USD_CAD,10,1.5,short,99,542,146
36,0.045033319857211956,0.1605092757150498,-0.26956486054428563,0.3596315002587096,16,0.02757690975941563,0.2439550790127431,-0.45057504510556085,0.5057288646243921,USD_CAD,10,2.0,long,52,368,67
37,0.145721029394524,0.1607739259660851,-0.1693958654990028,0.4608379242880508,17,-0.004427910507000095,0.19095897108532806,-0.37870749383424307,0.3698516728202429,USD_CAD,10,2.0,short,54,367,84
18,0.05206452939697984,0.23539117630129602,-0.40930217615356035,0.5134312349475201,8,0.0006053197861447118,0.28948621344267617,-0.5667876585615005,0.56799829813379,USD_CAD,10,2.5,long,26,270,38
25,0.09450252578288225,0.19961706610958213,-0.2967469237918987,0.48575197535766323,12,-0.16672125074166247,0.23731188576594506,-0.6318525468429148,0.2984100453595898,USD_CAD,10,2.5,short,37,270,53
14,0.42857142857142855,0.25058800551629407,-0.0625810622405078,0.9197239193833648,6,-0.3845052506159358,0.29756733447700934,-0.9677372261908741,0.1987267249590025,USD_CAD,10,3.0,long,20,220,31
15,-0.10916245702852957,0.25776239892984504,-0.6143767589310258,0.3960518448739667,7,-0.16979485086384852,0.26304456874795357,-0.6853622056098375,0.34577250388214054,USD_CAD,10,3.0,short,22,220,37
63,0.05395792922070656,0.12227623356059039,-0.1857034885580506,0.29361934699946374,28,0.19416991155653698,0.1715766980322013,-0.14212041658657756,0.5304602396996515,USD_CAD,14,1.5,long,91,546,142
72,0.063891533411154,0.11534747541475152,-0.16218951840175896,0.289972585224067,32,0.08203527072520034,0.1489853231661716,-0.209975962680496,0.3740465041308967,USD_CAD,14,1.5,short,104,545,153
35,0.01774855756741801,0.16275890651918754,-0.30125889921018956,0.33675601434502556,16,0.2775769097594156,0.23329848603052103,-0.17968812286040559,0.7348419423792368,USD_CAD,14,2.0,long,51,365,69
37,0.06964825383640876,0.159932449060869,-0.24381934632289448,0.383115853995712,16,0.044091780719900525,0.21264510688038868,-0.3726926287656612,0.46087619020546233,USD_CAD,14,2.0,short,53,364,84
15,0.06666666666666667,0.2666666666666666,-0.45599999999999985,0.5893333333333332,7,0.14354893689845108,0.290675971028977,-0.42617596631834387,0.713273840115246,USD_CAD,14,2.5,long,22,268,37
26,0.052406274791232936,0.19635151044541416,-0.3324426856817788,0.4372552352642447,12,-0.16672125074166252,0.23731188576594506,-0.6318525468429148,0.2984100453595898,USD_CAD,14,2.5,short,38,268,51
12,0.3333333333333333,0.28426762180748055,-0.2238312054093286,0.8904978720759953,6,-0.3845052506159358,0.29756733447700934,-0.9677372261908741,0.1987267249590025,USD_CAD,14,3.0,long,18,214,32
14,-0.1883883468162817,0.2634783147318423,-0.7048058436906925,0.32802915005812916,7,-0.16979485086384852,0.26304456874795357,-0.6853622056098375,0.34577250388214054,USD_CAD,14,3.0,short,21,214,39
66,0.006050750619765358,0.11981091922375531,-0.22877865105879502,0.24088015229832577,29,0.1529916387442426,0.1705988502718671,-0.1813821077886169,0.4873653852771021,USD_CAD,21,1.5,long,95,542,143
72,0.09166931118893178,0.11508335689509444,-0.1338940683254533,0.3172326907033169,31,0.07363513747936486,0.15387801763065273,-0.2279657770767145,0.3752360520354442,USD_CAD,21,1.5,short,103,541,152
34,0.047682338672342096,0.16475924253312535,-0.27524577669258354,0.3706104540372678,15,0.23912452684772703,0.2450947704090826,-0.24126122315407486,0.719510276849529,USD_CAD,21,2.0,long,49,367,69
39,0.11487749395092618,0.1551101876459129,-0.1891384738350631,0.41889346173691544,18,0.03919269397324491,0.20496900854993172,-0.3625465627846212,0.4409319507311111,USD_CAD,21,2.0,short,57,366,87
16,0.028417783768031404,0.25235926625589905,-0.4662063780935307,0.5230419456295935,7,0.07859400257152219,0.32191102938706617,-0.5523516150271275,0.7095396201701718,USD_CAD,21,2.5,long,23,269,37
27,0.08750233868785394,0.19217128753072557,-0.28915338487236814,0.46415806224807604,12,-0.16672125074166252,0.23731188576594506,-0.6318525468429148,0.2984100453595898,USD_CAD,21,2.5,short,39,269,52
11,0.09090909090909091,0.3149183286488867,-0.526330833242727,0.7081490150609089,5,0.2879890535113635,0.3442881182996891,-0.38681565835602705,0.962793765378754,USD_CAD,21,3.0,long,16,214,30
16,-0.16483980346424648,0.2474595712847511,-0.6498605631823586,0.32018095625386567,8,-0.023570494505867456,0.2706952091433343,-0.5541331044268026,0.5069921154150677,USD_CAD,21,3.0,short,24,214,42
56,-0.11688086095297254,0.12897436864666725,-0.36967062350044033,0.13590890159449528,24,-0.04211466238099851,0.20393567883565955,-0.4418285928988912,0.35759926813689424,USD_CHF,7,1.5,long,80,516,129
45,0.23497110827795178,0.14175078917492928,-0.04286043850490959,0.5128026550608131,20,0.2753700174635275,0.20923440682022718,-0.13472941990411774,0.6854694548311728,USD_CHF,7,1.5,short,65,516,109
37,-0.16434501972200732,0.16094574949432333,-0.47979868873088105,0.1511086492868664,16,0.3071246597975478,0.2371549074425004,-0.15769895878975293,0.7719482783848486,USD_CHF,7,2.0,long,53,360,77
29,0.29070996537977345,0.17138180384223883,-0.04519837015101463,0.6266183009105615,13,0.2791262019977172,0.26704771383351167,-0.24428731711596563,0.8025397211114,USD_CHF,7,2.0,short,42,360,64
23,0.11565482160607235,0.2091202706274462,-0.2942209088237222,0.5255305520358668,11,-0.09090909090909091,0.3149183286488867,-0.7081490150609089,0.526330833242727,USD_CHF,7,2.5,long,34,280,51
21,0.5521525165501507,0.17750873939351913,0.20423538733885327,0.9000696457614482,9,-0.2634843748921863,0.32303017665985895,-0.8966235211455098,0.3696547713611373,USD_CHF,7,2.5,short,30,280,46
16,0.103753806058729,0.2521858008106493,-0.3905303635301436,0.5980379756476016,7,-0.42857142857142855,0.36885555678165877,-1.1515283198634798,0.29438546272062266,USD_CHF,7,3.0,long,23,210,34
14,0.45236118453014845,0.21534111109498305,0.030292606783981657,0.8744297622763153,6,-0.2657727008836375,0.3793589282947592,-1.0093162003413656,0.4777707985740905,USD_CHF,7,3.0,short,20,210,28
56,-0.08116657523868684,0.12947196607412628,-0.3349316287439743,0.17259847826660066,25,-0.24043007588575857,0.19388549055448254,-0.6204456373725443,0.1395854856010272,USD_CHF,10,1.5,long,81,510,129
50,0.23826491661299215,0.1348013203264641,-0.02594567122687752,0.5024755044528618,22,0.2503363795122977,0.20158411779828428,-0.1447684913723395,0.6454412503969349,USD_CHF,10,1.5,short,72,510,113
37,-0.05929348392302943,0.1624682306733169,-0.3777312160427305,0.2591442481966717,17,0.23023497392710385,0.23566441199127133,-0.23166727357578798,0.6921372214299957,USD_CHF,10,2.0,long,54,357,76
26,0.36271496138513193,0.17488492627337482,0.019940505889317284,0.7054894168809466,12,0.21905338549752695,0.28287076978056036,-0.33537332327237135,0.7734800942674253,USD_CHF,10,2.0,short,38,357,60
25,0.026402435877586557,0.20173519430250653,-0.36899854495532625,0.42180341671049937,12,0.16666666666666666,0.2972941950052816,-0.41602995554368527,0.7493632888770185,USD_CHF,10,2.5,long,37,276,50
20,0.4841583524973657,0.18464617660243832,0.12225184635658665,0.8460648586381447,9,0.18096006955225816,0.33005026687293515,-0.4659384535186947,0.827858592623211,USD_CHF,10,2.5,short,29,276,46
15,0.044004059795977594,0.26192178974876196,-0.46936264811159584,0.557370767703551,7,-0.42857142857142855,0.36885555678165877,-1.1515283198634798,0.29438546272062266,USD_CHF,10,3.0,long,22,205,33
16,0.5208160364638799,0.19326693551917293,0.14201284284630095,0.8996192300814587,7,-0.08494802932883218,0.368093333522329,-0.806410963032597,0.6365149043749326,USD_CHF,10,3.0,short,23,205,30
59,-0.14270411380741577,0.12652530805831114,-0.39069371760170557,0.10528548998687406,26,-0.11579814989015248,0.1947443140428956,-0.49749700541422787,0.26590070563392293,USD_CHF,14,1.5,long,85,503,135
51,0.26287615024200384,0.13369195791981797,0.0008399127191606182,0.524912387764847,22,-0.022390893214975005,0.20879771919105553,-0.4316344228294438,0.3868526363994938,USD_CHF,14,1.5,short,73,503,115
38,-0.061043273786342715,0.15814464417323035,-0.3710067763658742,0.24892022879318876,17,0.11258791510357442,0.24095325608130294,-0.35968046681577936,0.5848562970229282,USD_CHF,14,2.0,long,55,354,77
25,0.33722355984053726,0.18008193424664776,-0.015737031282892333,0.6901841509639668,12,0.38572005216419364,0.2661815893187982,-0.13599586290065085,0.9074359672290382,USD_CHF,14,2.0,short,37,354,62
24,-0.18083079596084736,0.20256903343451987,-0.5778661014925063,0.21620450957081158,11,0.45454545454545453,0.2816715160878121,-0.09753071698665722,1.0066216260775662,USD_CHF,14,2.5,long,35,275,49
21,0.48522520086927284,0.1756367872327787,0.1409770978930266,0.8294733038455191,10,0.06286406259703234,0.3179515840329865,-0.5603210421076212,0.686049167301686,USD_CHF,14,2.5,short,31,275,45
14,-0.16713850736145258,0.2677191662371141,-0.6918680731861961,0.35759105846329103,6,0.0,0.4472135954999579,-0.8765386471799175,0.8765386471799175,USD_CHF,14,3.0,long,20,205,33
17,0.43135626961306284,0.20238772828404844,0.03467632217632788,0.8280362170497978,8,0.027093149344609768,0.34011296596488294,-0.6395282639465607,0.6937145626357804,USD_CHF,14,3.0,short,25,205,30
60,-0.0906286631014329,0.12628815396391102,-0.3381534448706985,0.1568961186678327,26,-0.12018173223017084,0.1946990635167406,-0.5017918967229824,0.2614284322626407,USD_CHF,21,1.5,long,86,503,134
49,0.23278946249677948,0.1374674785933448,-0.03664679554617631,0.5022257205397352,22,-0.022390893214975005,0.20879771919105553,-0.4316344228294438,0.3868526363994938,USD_CHF,21,1.5,short,71,502,116
39,-0.03383703599694931,0.15642045159388324,-0.34042112112096046,0.2727470491270618,17,-0.005059143719954986,0.24258838460846358,-0.4805323775525436,0.47041409011263363,USD_CHF,21,2.0,long,56,360,82
25,0.1772235598405372,0.18936512484233858,-0.1939320848504464,0.5483792045315208,12,0.5523867188308603,0.2379892845020776,0.08592772120678827,1.0188457164549325,USD_CHF,21,2.0,short,37,360,64
24,-0.09749746262751402,0.20504304188662117,-0.4993818247252915,0.3043868994702635,11,0.2727272727272727,0.30424000964875475,-0.32358314618428663,0.869037691638832,USD_CHF,21,2.5,long,35,271,50
19,0.5363015378028805,0.1746828704613604,0.1939231116986141,0.8786799639071469,9,-0.04126215266996406,0.3358774722336562,-0.6995819982479302,0.6170576929080022,USD_CHF,21,2.5,short,28,271,43
14,-0.16713850736145258,0.2677191662371141,-0.6918680731861961,0.35759105846329103,6,0.0,0.4472135954999579,-0.8765386471799175,0.8765386471799175,USD_CHF,21,3.0,long,20,203,34
18,0.5511756195671457,0.1732245166342884,0.21165556696394044,0.890695672170351,8,-0.17141992175370957,0.35109088841798625,-0.8595580630529626,0.5167182195455434,USD_CHF,21,3.0,short,26,203,30
50,0.16,0.14101671633432072,-0.11639276401526863,0.4363927640152686,22,-0.2727272727272727,0.20994555243259116,-0.6842205554951514,0.13876601004060596,NZD_USD,7,1.5,long,72,534,114
58,0.13793103448275862,0.13118722590563484,-0.11919592829228565,0.3950579972578029,25,0.04,0.20396078054371142,-0.3597631298656744,0.43976312986567434,NZD_USD,7,1.5,short,83,533,113
28,0.21428571428571427,0.18797967114804778,-0.1541544411644594,0.5827258697358879,13,-0.38461538461538464,0.2664693550105965,-0.9068953204361538,0.1376645512053845,NZD_USD,7,2.0,long,41,371,65
35,-0.08571428571428572,0.17086742893632048,-0.4206144464294739,0.24918587500090242,15,-0.06666666666666667,0.2666666666666666,-0.5893333333333332,0.45599999999999985,NZD_USD,7,2.0,short,50,370,72
16,0.0,0.2581988897471611,-0.5060698239044358,0.5060698239044358,7,-0.7142857142857143,0.2857142857142857,-1.2742857142857142,-0.15428571428571436,NZD_USD,7,2.5,long,23,267,37
16,0.125,0.25617376914899,-0.37710058753202036,0.6271005875320204,8,-0.25,0.3659625273556999,-0.9672865536171718,0.46728655361717175,NZD_USD,7,2.5,short,24,266,40
11,-0.09090909090909091,0.3149183286488867,-0.7081490150609089,0.526330833242727,5,-1.0,0.0,-1.0,-1.0,NZD_USD,7,3.0,long,16,202,21
11,0.45454545454545453,0.2816715160878121,-0.09753071698665722,1.0066216260775662,5,-0.2,0.48989794855663565,-1.1601999791710058,0.7601999791710059,NZD_USD,7,3.0,short,16,201,25
51,0.09803921568627451,0.14074006623471655,-0.17781131413376994,0.3738897455063189,22,-0.18181818181818182,0.2145806706734845,-0.6023962963382115,0.23875993270184775,NZD_USD,10,1.5,long,73,532,114
58,0.10344827586206896,0.1317426021905984,-0.15476722443150392,0.3616637761556418,25,0.04,0.20396078054371142,-0.3597631298656744,0.43976312986567434,NZD_USD,10,1.5,short,83,531,112
28,0.07142857142857142,0.19195851781663212,-0.3048101234920275,0.4476672663491704,13,-0.38461538461538464,0.2664693550105965,-0.9068953204361538,0.1376645512053845,NZD_USD,10,2.0,long,41,367,64
32,0.0,0.17960530202677488,-0.35202639197247876,0.35202639197247876,15,-0.06666666666666667,0.2666666666666666,-0.5893333333333332,0.45599999999999985,NZD_USD,10,2.0,short,47,366,71
13,0.23076923076923078,0.2808833628231621,-0.319762160364167,0.7813006219026286,6,-1.0,0.0,-1.0,-1.0,NZD_USD,10,2.5,long,19,266,32
17,0.17647058823529413,0.24607647839237515,-0.30583930941376114,0.6587804858843495,8,-0.25,0.3659625273556999,-0.9672865536171718,0.46728655361717175,NZD_USD,10,2.5,short,25,265,40
12,-0.16666666666666666,0.2972941950052816,-0.7493632888770185,0.41602995554368527,6,-0.6666666666666666,0.33333333333333337,-1.32,-0.013333333333333197,NZD_USD,10,3.0,long,18,203,22
10,0.2,0.32659863237109044,-0.4401333194473372,0.8401333194473373,5,-0.2,0.48989794855663565,-1.1601999791710058,0.7601999791710059,NZD_USD,10,3.0,short,15,202,25
51,0.13725490196078433,0.14008291058424904,-0.13730760278434379,0.41181740670591244,23,-0.13043478260869565,0.21137931948017294,-0.5447382487898346,0.2838686835724433,NZD_USD,14,1.5,long,74,538,115
58,0.06896551724137931,0.13213787041210448,-0.19002470876634545,0.32795574324910404,25,0.2,0.2,-0.192,0.5920000000000001,NZD_USD,14,1.5,short,83,537,114
28,0.0,0.19245008972987526,-0.3772021758705555,0.3772021758705555,13,-0.38461538461538464,0.2664693550105965,-0.9068953204361538,0.1376645512053845,NZD_USD,14,2.0,long,41,369,65
31,0.03225806451612903,0.1824791693384639,-0.32540110738726025,0.38991723641951825,14,0.14285714285714285,0.2745054065230065,-0.39517345392794984,0.6808877396422355,NZD_USD,14,2.0,short,45,368,71
15,0.3333333333333333,0.25197631533948484,-0.16054024473205697,0.8272069113987236,7,-1.0,0.0,-1.0,-1.0,NZD_USD,14,2.5,long,22,260,32
18,0.2222222222222222,0.23647127470752347,-0.24126147620452376,0.6857059206489682,8,-0.25,0.3659625273556999,-0.9672865536171718,0.46728655361717175,NZD_USD,14,2.5,short,26,259,42
11,-0.09090909090909091,0.3149183286488867,-0.7081490150609089,0.526330833242727,6,-0.6666666666666666,0.33333333333333337,-1.32,-0.013333333333333197,NZD_USD,14,3.0,long,17,206,24
10,0.2,0.32659863237109044,-0.4401333194473372,0.8401333194473373,5,-0.6,0.4,-1.384,0.18400000000000005,NZD_USD,14,3.0,short,15,205,26
56,0.03571428571428571,0.13475395017289296,-0.2284034566245845,0.2998320280531559,25,-0.2,0.2,-0.5920000000000001,0.192,NZD_USD,21,1.5,long,81,543,120
58,0.034482758620689655,0.13237446481895077,-0.22497119242445385,0.2939367096658332,25,0.2,0.2,-0.192,0.5920000000000001,NZD_USD,21,1.5,short,83,542,118
28,-0.14285714285714285,0.1904761904761905,-0.5161904761904762,0.2304761904761905,12,-0.3333333333333333,0.2842676218074806,-0.8904978720759953,0.22383120540932872,NZD_USD,21,2.0,long,40,369,67
33,0.030303030303030304,0.1766955119650091,-0.3160201731483875,0.37662623375444815,15,0.2,0.26186146828319085,-0.313248477835054,0.7132484778350541,NZD_USD,21,2.0,short,48,368,73
15,0.2,0.26186146828319085,-0.313248477835054,0.7132484778350541,7,-1.0,0.0,-1.0,-1.0,NZD_USD,21,2.5,long,22,266,32
16,0.375,0.23935677693908453,-0.09413928280060568,0.8441392828006057,8,-0.25,0.3659625273556999,-0.9672865536171718,0.46728655361717175,NZD_USD,21,2.5,short,24,265,40
11,-0.2727272727272727,0.30424000964875475,-0.869037691638832,0.32358314618428663,6,-1.0,0.0,-1.0,-1.0,NZD_USD,21,3.0,long,17,209,22
11,-0.09090909090909091,0.3149183286488867,-0.7081490150609089,0.526330833242727,5,-0.6,0.4,-1.384,0.18400000000000005,NZD_USD,21,3.0,short,16,208,30
63,0.015873015873015872,0.12698412698412698,-0.233015873015873,0.26476190476190475,28,-0.21428571428571427,0.18797967114804778,-0.5827258697358879,0.1541544411644594,USD_SEK,7,1.5,long,91,501,125
57,0.02632075445817953,0.13270162284833148,-0.23377442632455017,0.28641593524090925,25,-0.12,0.20264912204760885,-0.5171922792133133,0.27719227921331335,USD_SEK,7,1.5,short,82,501,123
33,0.030303030303030304,0.1766955119650091,-0.3160201731483875,0.37662623375444815,15,-0.06666666666666667,0.2666666666666666,-0.5893333333333332,0.45599999999999985,USD_SEK,7,2.0,long,48,351,65
34,0.01471420600341895,0.172127185826435,-0.32265507821639366,0.35208349022323154,15,-0.06666666666666667,0.2666666666666666,-0.5893333333333332,0.45599999999999985,USD_SEK,7,2.0,short,49,351,76
23,0.043478260869565216,0.21299910806810243,-0.37399999094391556,0.46095651268304594,10,0.2,0.32659863237109044,-0.4401333194473372,0.8401333194473373,USD_SEK,7,2.5,long,33,261,43
21,0.14285714285714285,0.2213133340689953,-0.29091699191808795,0.5766312776323737,10,0.0,0.3333333333333333,-0.6533333333333333,0.6533333333333333,USD_SEK,7,2.5,short,31,261,46
15,0.06666666666666667,0.2666666666666666,-0.45599999999999985,0.5893333333333332,7,0.14285714285714285,0.40406101782088427,-0.6491024520717903,0.9348167377860761,USD_SEK,7,3.0,long,22,204,31
15,0.3333333333333333,0.25197631533948484,-0.16054024473205697,0.8272069113987236,7,-0.42857142857142855,0.36885555678165877,-1.1515283198634798,0.29438546272062266,USD_SEK,7,3.0,short,22,204,34
65,0.046153846153846156,0.12486679292883021,-0.19858506798666106,0.2908927602943534,28,-0.14285714285714285,0.1904761904761905,-0.5161904761904762,0.2304761904761905,USD_SEK,10,1.5,long,93,504,128
58,0.008625569036486778,0.13158878578809863,-0.2492884511081865,0.26653958918116005,26,-0.07692307692307693,0.19940740610485724,-0.46776159288859714,0.3139154390424433,USD_SEK,10,1.5,short,84,503,125
34,0.0,0.17407765595569782,-0.3411922056731677,0.3411922056731677,15,-0.06666666666666667,0.2666666666666666,-0.5893333333333332,0.45599999999999985,USD_SEK,10,2.0,long,49,353,67
34,0.058823529411764705,0.173776222559058,-0.281777866803989,0.3994249256275184,15,-0.1666477997255837,0.25665564050535006,-0.6696928551160697,0.33639725566490236,USD_SEK,10,2.0,short,49,353,74
23,-0.043478260869565216,0.2129991080681025,-0.46095651268304605,0.37399999094391567,10,0.2,0.32659863237109044,-0.4401333194473372,0.8401333194473373,USD_SEK,10,2.5,long,33,253,43
21,0.14285714285714285,0.2213133340689953,-0.29091699191808795,0.5766312776323737,9,-0.1111111111111111,0.35136418446315326,-0.7997849126588914,0.5775626904366693,USD_SEK,10,2.5,short,30,253,47
13,0.07692307692307693,0.28781979898261095,-0.48720372908284054,0.6410498829289943,6,0.0,0.4472135954999579,-0.8765386471799175,0.8765386471799175,USD_SEK,10,3.0,long,19,198,30
15,0.4666666666666667,0.23637473611411156,0.0033721838830080286,0.9299611494503253,7,-0.42857142857142855,0.36885555678165877,-1.1515283198634798,0.29438546272062266,USD_SEK,10,3.0,short,22,198,35
67,-0.014925373134328358,0.12307777986918386,-0.2561578216779287,0.22630707540927203,30,-0.06666666666666667,0.18528222234124034,-0.4298198224554977,0.2964864891221644,USD_SEK,14,1.5,long,97,500,134
60,-0.024995283264729256,0.1293314307895397,-0.2784848876122271,0.2284943210827686,27,-0.037037037037037035,0.19598157859737708,-0.4211609310878961,0.347086857013822,USD_SEK,14,1.5,short,87,499,128
32,-0.0625,0.17925416718060672,-0.4138381676739892,0.2888381676739892,15,0.06666666666666667,0.2666666666666666,-0.45599999999999985,0.5893333333333332,USD_SEK,14,2.0,long,47,349,66
38,-0.03946623673378304,0.16263855869761035,-0.3582378117810993,0.27930533831353327,17,-0.29411764705882354,0.23894230601870473,-0.7624445668554848,0.1742092727378377,USD_SEK,14,2.0,short,55,349,79
23,-0.13043478260869565,0.21137931948017294,-0.5447382487898346,0.2838686835724433,11,0.45454545454545453,0.2816715160878121,-0.09753071698665722,1.0066216260775662,USD_SEK,14,2.5,long,34,252,45
25,0.12,0.20264912204760885,-0.27719227921331335,0.5171922792133133,11,-0.09090909090909091,0.3149183286488867,-0.7081490150609089,0.526330833242727,USD_SEK,14,2.5,short,36,252,50
14,0.14285714285714285,0.2745054065230065,-0.39517345392794984,0.6808877396422355,7,0.14285714285714285,0.40406101782088427,-0.6491024520717903,0.9348167377860761,USD_SEK,14,3.0,long,21,199,31
14,0.2857142857142857,0.26578871697687523,-0.23523159956038975,0.8066601709889611,7,-0.42857142857142855,0.36885555678165877,-1.1515283198634798,0.29438546272062266,USD_SEK,14,3.0,short,21,199,32
67,0.014925373134328358,0.12307777986918386,-0.22630707540927203,0.2561578216779287,30,-0.13333333333333333,0.1840373108931074,-0.4940464626838238,0.22737979601715716,USD_SEK,21,1.5,long,97,500,135
65,-0.03845718455205795,0.1241834725529982,-0.28185679075593445,0.20494242165181853,29,-0.034482758620689655,0.18886984741557453,-0.4046676595552157,0.3357021423138364,USD_SEK,21,1.5,short,94,499,136
31,-0.03225806451612903,0.1824791693384639,-0.38991723641951825,0.32540110738726025,14,0.0,0.2773500981126146,-0.5436061923007246,0.5436061923007246,USD_SEK,21,2.0,long,45,347,65
39,-0.012813256304711685,0.16063998623678938,-0.3276676293288189,0.3020411167193955,18,-0.3333333333333333,0.2286647801900118,-0.7815163025057564,0.1148496358390898,USD_SEK,21,2.0,short,57,347,80
23,-0.13043478260869565,0.21137931948017294,-0.5447382487898346,0.2838686835724433,10,0.4,0.3055050463303893,-0.19878989080756293,0.998789890807563,USD_SEK,21,2.5,long,33,249,45
25,0.12,0.20264912204760885,-0.27719227921331335,0.5171922792133133,11,0.09090909090909091,0.3149183286488867,-0.526330833242727,0.7081490150609089,USD_SEK,21,2.5,short,36,249,51
18,0.0,0.24253562503633302,-0.4753698250712127,0.4753698250712127,8,0.25,0.3659625273556999,-0.46728655361717175,0.9672865536171718,USD_SEK,21,3.0,long,26,198,34
14,0.42857142857142855,0.25058800551629407,-0.0625810622405078,0.9197239193833648,7,-0.14285714285714285,0.40406101782088427,-0.9348167377860761,0.6491024520717903,USD_SEK,21,3.0,short,21,198,32
62,-0.17500160385461333,0.12503165688442613,-0.42006365134808854,0.07006044363886188,28,0.0,0.19245008972987526,-0.3772021758705555,0.3772021758705555,AUD_CHF,7,1.5,long,90,505,122
47,0.24750136772064876,0.13707612151217674,-0.021167830443217656,0.5161705658845152,21,-0.047619047619047616,0.22335313142016333,-0.48539118520256774,0.3901530899644725,AUD_CHF,7,1.5,short,68,505,96
37,-0.11039020444180007,0.16338261759783146,-0.4306201349335497,0.20983972604994955,17,-0.058823529411764705,0.2495670992423109,-0.547975043926694,0.43032798510316467,AUD_CHF,7,2.0,long,54,370,77
28,-0.08382656586762283,0.18978360049236576,-0.4558024228326597,0.28814929109741405,13,0.07692307692307693,0.2878197989826109,-0.48720372908284043,0.6410498829289943,AUD_CHF,7,2.0,short,41,370,62
16,0.125,0.25617376914899,-0.37710058753202036,0.6271005875320204,8,-0.5,0.32732683535398854,-1.1415605972938176,0.14156059729381754,AUD_CHF,7,2.5,long,24,271,39
14,0.42857142857142855,0.25058800551629407,-0.0625810622405078,0.9197239193833648,6,0.3333333333333333,0.421637021355784,-0.4930752285240034,1.15974189519067,AUD_CHF,7,2.5,short,20,271,30
14,0.42857142857142855,0.25058800551629407,-0.0625810622405078,0.9197239193833648,6,-0.3333333333333333,0.421637021355784,-1.15974189519067,0.4930752285240034,AUD_CHF,7,3.0,long,20,197,27
10,0.2,0.32659863237109044,-0.4401333194473372,0.8401333194473373,5,0.2,0.48989794855663565,-0.7601999791710059,1.1601999791710058,AUD_CHF,7,3.0,short,15,197,20
66,-0.19469847634827311,0.12072100355151279,-0.4313116433092382,0.04191469061269196,29,0.034482758620689655,0.18886984741557453,-0.3357021423138364,0.4046676595552157,AUD_CHF,10,1.5,long,95,507,126
49,0.19658294454837738,0.13616647992142888,-0.07030335609762323,0.463469245194378,21,-0.047619047619047616,0.22335313142016333,-0.48539118520256774,0.3901530899644725,AUD_CHF,10,1.5,short,70,507,101
39,-0.2072932708806821,0.15657277499829642,-0.5141759098773431,0.09958936811597885,18,0.0,0.24253562503633302,-0.4753698250712127,0.4753698250712127,AUD_CHF,10,2.0,long,57,365,78
31,-0.06876977126964864,0.17757615151663042,-0.41681902824224426,0.27927948570294703,14,0.0,0.2773500981126146,-0.5436061923007246,0.5436061923007246,AUD_CHF,10,2.0,short,45,365,65
19,0.15789473684210525,0.23274559932318592,-0.29828663783133913,0.6140761115155496,9,-0.1111111111111111,0.35136418446315326,-0.7997849126588914,0.5775626904366693,AUD_CHF,10,2.5,long,28,272,43
15,0.2,0.26186146828319085,-0.313248477835054,0.7132484778350541,7,0.14285714285714285,0.40406101782088427,-0.6491024520717903,0.9348167377860761,AUD_CHF,10,2.5,short,22,272,32
13,0.23076923076923078,0.2808833628231621,-0.319762160364167,0.7813006219026286,6,0.0,0.4472135954999579,-0.8765386471799175,0.8765386471799175,AUD_CHF,10,3.0,long,19,198,29
12,0.3333333333333333,0.28426762180748055,-0.2238312054093286,0.8904978720759953,6,0.0,0.4472135954999579,-0.8765386471799175,0.8765386471799175,AUD_CHF,10,3.0,short,18,198,22
65,-0.1515399913690158,0.12260178874870004,-0.39183949731646783,0.08875951457843625,29,0.034482758620689655,0.18886984741557453,-0.3357021423138364,0.4046676595552157,AUD_CHF,14,1.5,long,94,509,126
46,0.16924601663257238,0.14271655703011538,-0.11047843514645372,0.4489704684115985,21,-0.14285714285714285,0.2213133340689953,-0.5766312776323737,0.29091699191808795,AUD_CHF,14,1.5,short,67,509,100
42,-0.1686770848653953,0.1520516818466193,-0.4666983812847691,0.12934421155397852,19,0.05263157894736842,0.23537557657892524,-0.40870455114732507,0.5139677090420619,AUD_CHF,14,2.0,long,61,370,80
30,0.02893790302136307,0.18082647099872515,-0.3254819801361382,0.38335778617886435,14,0.14285714285714285,0.2745054065230065,-0.39517345392794984,0.6808877396422355,AUD_CHF,14,2.0,short,44,370,66
20,0.0,0.22941573387056172,-0.44965483838630094,0.44965483838630094,9,-0.1111111111111111,0.35136418446315326,-0.7997849126588914,0.5775626904366693,AUD_CHF,14,2.5,long,29,271,45
16,0.25,0.25,-0.24,0.74,7,0.14285714285714285,0.40406101782088427,-0.6491024520717903,0.9348167377860761,AUD_CHF,14,2.5,short,23,271,34
13,0.23076923076923078,0.2808833628231621,-0.319762160364167,0.7813006219026286,6,0.0,0.4472135954999579,-0.8765386471799175,0.8765386471799175,AUD_CHF,14,3.0,long,19,199,29
11,0.45454545454545453,0.2816715160878121,-0.09753071698665722,1.0066216260775662,5,0.2,0.48989794855663565,-0.7601999791710059,1.1601999791710058,AUD_CHF,14,3.0,short,16,199,22
66,-0.18354172650584427,0.12008990859193727,-0.4189179473460413,0.051834494334352776,29,0.034482758620689655,0.18886984741557453,-0.3357021423138364,0.4046676595552157,AUD_CHF,21,1.5,long,95,517,131
49,0.1384758523489455,0.13914801454215595,-0.13425425615368014,0.41120596085157113,22,-0.18181818181818182,0.2145806706734845,-0.6023962963382115,0.23875993270184775,AUD_CHF,21,1.5,short,71,517,107
42,-0.1686770848653953,0.1520516818466193,-0.4666983812847691,0.12934421155397852,18,-0.1111111111111111,0.24103384202072908,-0.58353744147174,0.36131521924951787,AUD_CHF,21,2.0,long,60,368,84
31,0.06026248679486749,0.1776791491940362,-0.28798864562544346,0.4085136192151785,14,0.14285714285714285,0.2745054065230065,-0.39517345392794984,0.6808877396422355,AUD_CHF,21,2.0,short,45,368,67
23,0.043478260869565216,0.21299910806810243,-0.37399999094391556,0.46095651268304594,10,0.0,0.3333333333333333,-0.6533333333333333,0.6533333333333333,AUD_CHF,21,2.5,long,33,270,51
18,0.2222222222222222,0.23647127470752347,-0.24126147620452376,0.6857059206489682,8,0.0,0.3779644730092272,-0.7408103670980853,0.7408103670980853,AUD_CHF,21,2.5,short,26,270,35
14,0.42857142857142855,0.25058800551629407,-0.0625810622405078,0.9197239193833648,7,0.14285714285714285,0.40406101782088427,-0.6491024520717903,0.9348167377860761,AUD_CHF,21,3.0,long,21,202,29
11,0.45454545454545453,0.2816715160878121,-0.09753071698665722,1.0066216260775662,6,0.07159921060831848,0.42010327625050364,-0.7518032108426687,0.8950016320593055,AUD_CHF,21,3.0,short,17,202,23
48,-0.21654177939123354,0.13491005553806018,-0.48096548824583146,0.04788192946336439,21,-0.12618967431758815,0.18622189247662596,-0.491184583571775,0.23880523493659872,AUD_NZD,7,1.5,long,69,463,101
44,0.13650052005456692,0.14394667051445528,-0.14563495415376543,0.41863599426289927,20,-0.16054370937418927,0.1830957405984365,-0.5194113609471248,0.19832394219874627,AUD_NZD,7,1.5,short,64,463,88
29,-0.21391138671290774,0.17144340359315952,-0.5499404577555004,0.12211768432968492,13,-0.27886239458005463,0.2331670246298963,-0.7358697628546513,0.17814497369454213,AUD_NZD,7,2.0,long,42,321,61
23,-0.22159491398740283,0.1921193008198984,-0.5981487435944037,0.15495891561959801,11,-0.014636796099462345,0.2747257809222668,-0.5530993267071053,0.5238257345081806,AUD_NZD,7,2.0,short,34,321,48
16,-0.19103980663482967,0.2239699265528037,-0.6300208626783249,0.24794124940866558,8,-0.3521204383977341,0.2781599962264431,-0.8973140310015626,0.1930731542060944,AUD_NZD,7,2.5,long,24,240,35
14,0.008347467020845878,0.23976800633705017,-0.46159782539977245,0.4782927594414642,7,-0.033556953115783376,0.3227528087701624,-0.6661524583053016,0.5990385520737349,AUD_NZD,7,2.5,short,21,239,31
7,-0.1608967225355629,0.3416893900081681,-0.8306079269515724,0.5088144818804466,4,-0.6703602881932975,0.3296397118067025,-1.3164541233344345,-0.024266453052160686,AUD_NZD,7,3.0,long,11,183,26
12,0.09184836877678938,0.24969439379655795,-0.3975526430644642,0.581249380618043,6,-0.03437106949688976,0.38303707524937,-0.7851237369856549,0.7163815979918754,AUD_NZD,7,3.0,short,18,182,21
47,-0.19987245554849378,0.13675566302077655,-0.46791355506921584,0.06816864397222824,21,-0.05225528347172636,0.18353316859061028,-0.4119802939093225,0.30746972696586977,AUD_NZD,10,1.5,long,68,455,100
43,0.16293076470699872,0.14482927463804282,-0.12093461358356519,0.44679614299756265,19,-0.1779766912756177,0.19212305480057543,-0.5545378786847455,0.19858449613351012,AUD_NZD,10,1.5,short,62,455,87
28,-0.2788734868576827,0.17389254956275715,-0.6197028840006867,0.061955910285321325,13,-0.2885864768275767,0.22281406711728302,-0.7253020483774515,0.14812909472229802,AUD_NZD,10,2.0,long,41,317,60
23,-0.1346383922482724,0.19574948922300364,-0.5183073911253595,0.2490306066288147,11,0.10622324803217871,0.2574163881904738,-0.39831287282114997,0.6107593688855074,AUD_NZD,10,2.0,short,34,317,47
17,-0.23862570036219263,0.21569763883626356,-0.6613930724812692,0.18414167175688392,8,-0.3521204383977341,0.2781599962264431,-0.8973140310015626,0.1930731542060944,AUD_NZD,10,2.5,long,25,233,36
15,-0.02374200785634836,0.24134286185274018,-0.49677401708771907,0.4492900013750224,7,-0.033556953115783376,0.3227528087701624,-0.6661524583053016,0.5990385520737349,AUD_NZD,10,2.5,short,22,232,32
8,-0.06675289916942505,0.338766017749553,-0.7307342939585489,0.5972284956196988,4,-0.17036028819329752,0.4987809495805131,-1.1479709493711032,0.8072503729845082,AUD_NZD,10,3.0,long,12,179,24
12,0.17593815693917725,0.2605289283630464,-0.33469854265239374,0.6865748565307482,6,-0.36770440283022304,0.34628365472126654,-1.0464203660839055,0.3110115604234594,AUD_NZD,10,3.0,short,18,178,22
46,-0.1440905634813158,0.14034120157526075,-0.4191593185688268,0.13097819160619525,21,-0.0723067382911192,0.18307139698634767,-0.43112667638436064,0.2865131998021222,AUD_NZD,14,1.5,long,67,453,99
43,0.1882633825064712,0.14598968262706224,-0.09787639544257079,0.47440316045551323,19,-0.223935288210013,0.17806795574222176,-0.5729484814647676,0.12507790504474167,AUD_NZD,14,1.5,short,62,453,89
28,-0.25726536480979734,0.17190489654809038,-0.5941989620440544,0.0796682324244598,12,-0.2778271740842909,0.2418916280605111,-0.7519347650828927,0.1962804169143108,AUD_NZD,14,2.0,long,40,319,61
23,-0.09903259503888912,0.20151312134203778,-0.49399831286928314,0.2959331227915049,10,-0.18315442716460342,0.2598634979441831,-0.6924868831352023,0.32617802880599556,AUD_NZD,14,2.0,short,33,319,48
15,-0.40377579374381833,0.20905026359956275,-0.8135143103989613,0.005962722911324658,7,-0.3459987035032377,0.32111370335666944,-0.9753815620823097,0.28338415507583437,AUD_NZD,14,2.5,long,22,233,34
14,0.04599070586819819,0.2481866363566274,-0.4404551013907915,0.5324365131271879,7,-0.09118892861045909,0.3439575411318681,-0.7653457092289206,0.5829678520080024,AUD_NZD,14,2.5,short,21,232,32
9,-0.1841422659425222,0.3148988900256223,-0.801344090392742,0.43305955850769756,5,-0.47674471358911974,0.32044265338609823,-1.1048123142258723,0.15132288704763275,AUD_NZD,14,3.0,long,14,178,27
12,0.009271490272510613,0.26585998060996696,-0.5118140717230246,0.5303570522680459,6,-0.36770440283022304,0.34628365472126654,-1.0464203660839055,0.3110115604234594,AUD_NZD,14,3.0,short,18,177,23
48,-0.13808679000292765,0.13775330540451985,-0.4080832685957866,0.13190968858993127,21,-0.15666024326060662,0.1808779459739114,-0.511181017369473,0.19786053084825972,AUD_NZD,21,1.5,long,69,449,100
43,0.20117648684869763,0.1440453434891452,-0.08115238639002695,0.4835053600874222,19,-0.2544470250698967,0.1819396432617217,-0.6110487258628712,0.10215467572307785,AUD_NZD,21,1.5,short,62,449,89
28,-0.20744491542911128,0.17755330301980388,-0.5554493893479269,0.14055955848970433,13,-0.2987491212709277,0.21979910055644072,-0.7295553583615515,0.13205711581969615,AUD_NZD,21,2.0,long,41,314,60
22,-0.058079531177020444,0.20648980680096998,-0.4627995525069216,0.3466404901528807,10,-0.18315442716460342,0.2598634979441831,-0.6924868831352023,0.32617802880599556,AUD_NZD,21,2.0,short,32,314,47
14,-0.5117198607241846,0.19613125963725744,-0.8961371296132092,-0.12730259183516007,7,-0.27750728489069026,0.304752237153109,-0.874821669710784,0.3198070999294034,AUD_NZD,21,2.5,long,21,236,32
14,0.04599070586819819,0.2481866363566274,-0.4404551013907915,0.5324365131271879,7,-0.09415473167167418,0.34310060055383806,-0.7666319087571968,0.5783224454138484,AUD_NZD,21,2.5,short,21,235,31
9,-0.1841422659425222,0.3148988900256223,-0.801344090392742,0.43305955850769756,5,-0.47674471358911974,0.32044265338609823,-1.1048123142258723,0.15132288704763275,AUD_NZD,21,3.0,long,14,181,24
13,0.04494250303132268,0.24714341790132918,-0.4394585960552825,0.5293436021179279,6,-0.4029085280531186,0.3564843226196412,-1.1016178003876154,0.29580074428137815,AUD_NZD,21,3.0,short,19,180,23
42,-0.25484246826394,0.14766580126376325,-0.544267438740916,0.03458250221303594,19,-0.2631578947368421,0.22739441047045122,-0.7088509392589265,0.18253514978524232,AUD_CAD,7,1.5,long,61,513,93
46,0.0011541307654034166,0.14054834641599054,-0.274320628209938,0.2766288897407449,21,-0.2512369480443538,0.20729020293372316,-0.6575257457944512,0.1550518497057436,AUD_CAD,7,1.5,short,67,512,102
22,-0.03168233628609003,0.20934942050101,-0.44200720046806957,0.37864252789588954,10,-0.2,0.3265986323710904,-0.840133319447337,0.4401333194473371,AUD_CAD,7,2.0,long,32,362,51
31,-0.10504313306031418,0.17574391262570507,-0.44950120180669617,0.23941493568606778,14,0.23778063493856078,0.25805738612689477,-0.268011841870153,0.7435731117472746,AUD_CAD,7,2.0,short,45,361,62
15,-0.04620479348519376,0.26230049486738655,-0.5603137634252714,0.46790417645488386,7,-0.14285714285714285,0.40406101782088427,-0.9348167377860761,0.6491024520717903,AUD_CAD,7,2.5,long,22,261,34
17,0.23532336053408964,0.2352922917767209,-0.22584953134828328,0.6964962524164626,8,0.03441314335441159,0.35009931771048913,-0.6517815193581471,0.7206078060669703,AUD_CAD,7,2.5,short,25,261,35
11,0.09090909090908889,0.3149183286488862,-0.5263308332427281,0.7081490150609058,5,0.2,0.48989794855663565,-0.7601999791710059,1.1601999791710058,AUD_CAD,7,3.0,long,16,196,23
11,0.3287738642235682,0.27287127169058556,-0.20605382828997948,0.8636015567371158,6,0.682706583225274,0.317293416774726,0.060811486346811106,1.3046016801037368,AUD_CAD,7,3.0,short,17,196,26
46,-0.14572573189316265,0.14462905482365435,-0.4291986793475252,0.13774721556119987,20,-0.3,0.2188486619609662,-0.7289433774434937,0.12894337744349377,AUD_CAD,10,1.5,long,66,514,95
44,-0.05537437819681854,0.14646752831751644,-0.3424507336991508,0.2317019773055137,20,-0.21379879544657152,0.21434353540271392,-0.6339121248358908,0.20631453394274776,AUD_CAD,10,1.5,short,64,513,102
24,-0.02904214159558253,0.20076843925554455,-0.4225482825364499,0.3644639993452848,11,-0.2727272727272727,0.30424000964875475,-0.869037691638832,0.32358314618428663,AUD_CAD,10,2.0,long,35,363,54
32,-0.02681176599771634,0.1715725752626917,-0.3630940135125921,0.3094704815171594,15,0.15526192594265675,0.2540153602922008,-0.3426081802300568,0.6531320321153703,AUD_CAD,10,2.0,short,47,362,65
14,0.14285714285714207,0.2745054065230063,-0.3951734539279503,0.6808877396422344,6,0.0,0.4472135954999579,-0.8765386471799175,0.8765386471799175,AUD_CAD,10,2.5,long,20,260,34
18,0.16669428494886246,0.23220901760111584,-0.2884353895493246,0.6218239594470495,8,0.034413143354411604,0.35009931771048913,-0.6517815193581471,0.7206078060669703,AUD_CAD,10,2.5,short,26,260,36
11,0.30062982706564384,0.293663187397807,-0.27495002023405785,0.8762096743653456,5,0.2,0.48989794855663565,-0.7601999791710059,1.1601999791710058,AUD_CAD,10,3.0,long,16,197,25
10,0.3616015377379703,0.29947951560858255,-0.22537831285485144,0.9485813883307921,5,0.6674451633264976,0.33255483667350244,0.015637683446432793,1.3192526432065623,AUD_CAD,10,3.0,short,15,197,27
46,-0.12749013195611553,0.143379691697854,-0.4085143276839094,0.15353406377167833,20,-0.3,0.2188486619609662,-0.7289433774434937,0.12894337744349377,AUD_CAD,14,1.5,long,66,512,95
44,-0.1310179615162978,0.14371247592912528,-0.41269441433738335,0.15065849130478776,19,-0.27768294257533843,0.2156694150122784,-0.700394995999404,0.14502911084872722,AUD_CAD,14,1.5,short,63,511,102
28,-0.16775040708192793,0.18359402271152345,-0.5275946915965138,0.19209387743265802,12,-0.3333333333333333,0.2842676218074806,-0.8904978720759953,0.22383120540932872,AUD_CAD,14,2.0,long,40,361,57
34,-0.11078748438238725,0.16301433508714572,-0.4302955811531929,0.20872061238841835,15,0.15526192594265675,0.2540153602922008,-0.3426081802300568,0.6531320321153703,AUD_CAD,14,2.0,short,49,360,68
13,0.07692307692307607,0.2878197989826106,-0.4872037290828407,0.6410498829289929,6,0.0,0.4472135954999579,-0.8765386471799175,0.8765386471799175,AUD_CAD,14,2.5,long,19,255,33
19,0.21055248047786973,0.22398364114675787,-0.2284554561697757,0.6495604171255152,9,-0.08052165035163414,0.32945692469539284,-0.7262572227546041,0.5652139220513358,AUD_CAD,14,2.5,short,28,255,39
11,0.45454545454545253,0.2816715160878117,-0.09753071698665844,1.0066216260775636,6,0.3333333333333333,0.421637021355784,-0.4930752285240034,1.15974189519067,AUD_CAD,14,3.0,long,17,195,27
11,0.23781957976179122,0.2978305690927071,-0.34592833565991465,0.8215674951834971,6,0.37739092392416823,0.3952486146946022,-0.3972963608772521,1.1520782087255885,AUD_CAD,14,3.0,short,17,195,27
49,-0.16280748657999639,0.1368004022681451,-0.4309362750255608,0.10532130186556804,22,-0.18181818181818182,0.2145806706734845,-0.6023962963382115,0.23875993270184775,AUD_CAD,21,1.5,long,71,517,97
46,-0.08184326753732832,0.14163156603511914,-0.35944113696616187,0.1957546018915052,20,-0.22995602481491378,0.21009480144324108,-0.6417418356436663,0.1818297860138387,AUD_CAD,21,1.5,short,66,516,104
29,-0.188391838160141,0.17834861748132752,-0.5379551284235429,0.16117145210326095,13,-0.38461538461538464,0.2664693550105965,-0.9068953204361538,0.1376645512053845,AUD_CAD,21,2.0,long,42,358,57
34,-0.05196395497062252,0.16390174789021478,-0.3732113808354435,0.26928347089419846,15,0.02192859260932343,0.25731562722168794,-0.4824100367451849,0.5262672219638318,AUD_CAD,21,2.0,short,49,357,69
13,0.07692307692307607,0.2878197989826106,-0.4872037290828407,0.6410498829289929,6,-0.3333333333333333,0.421637021355784,-1.15974189519067,0.4930752285240034,AUD_CAD,21,2.5,long,19,256,33
18,0.1666942849488625,0.23220901760111584,-0.2884353895493246,0.6218239594470495,9,0.1635006123200703,0.32213840852965325,-0.46789066839805005,0.7948918930381906,AUD_CAD,21,2.5,short,27,256,40
9,0.5555555555555531,0.2939723678960652,-0.020630285520734648,1.131741396631841,5,0.2,0.48989794855663565,-0.7601999791710059,1.1601999791710058,AUD_CAD,21,3.0,long,14,196,26
11,0.23781957976179122,0.2978305690927071,-0.34592833565991465,0.8215674951834971,6,0.37739092392416823,0.3952486146946022,-0.3972963608772521,1.1520782087255885,AUD_CAD,21,3.0,short,17,196,28
51,0.1480943655854649,0.13873581543261904,-0.12382783266246838,0.4200165638333982,22,0.13105320530483242,0.2113438776295581,-0.2831807948491015,0.5452872054587663,EUR_AUD,7,1.5,long,73,520,112
57,-0.05289156266699437,0.12920849747635796,-0.30614021772065597,0.20035709238666724,25,0.16678259405187415,0.19720269351113723,-0.2197346852299548,0.5532998733337031,EUR_AUD,7,1.5,short,82,520,116
28,0.21428571428571427,0.18797967114804776,-0.15415444116445934,0.5827258697358879,13,0.38461538461538464,0.2664693550105965,-0.1376645512053845,0.9068953204361538,EUR_AUD,7,2.0,long,41,374,63
35,-0.19838893216102643,0.16315472293871716,-0.5181721891209121,0.1213943247988592,16,0.19809780320605336,0.2449563600983712,-0.28201666258675423,0.678212268998861,EUR_AUD,7,2.0,short,51,374,74
16,0.375,0.23935677693908453,-0.09413928280060568,0.8441392828006057,8,0.3547778545718103,0.32785104527844305,-0.28781019417393805,0.9973659033175587,EUR_AUD,7,2.5,long,24,286,41
25,0.07460959863195318,0.19949517730853117,-0.31640094889276793,0.46562014615667424,11,0.13904093523409083,0.3016433901975337,-0.45218010955307525,0.7302619800212569,EUR_AUD,7,2.5,short,36,286,49
7,0.7142857142857143,0.2857142857142857,0.15428571428571436,1.2742857142857142,4,0.0,0.5773502691896257,-1.1316065276116665,1.1316065276116665,EUR_AUD,7,3.0,long,11,204,19
15,-0.008984002280078023,0.2583551411596741,-0.5153600789530393,0.49739207439288324,7,0.21849289822499993,0.3743961171272991,-0.5153234913445063,0.9523092877945062,EUR_AUD,7,3.0,short,22,204,28
55,0.100960229906522,0.1343889566888377,-0.1624421252035999,0.36436258501664387,24,0.04069763637150795,0.20395007618023203,-0.35904451294174683,0.4404397856847628,EUR_AUD,10,1.5,long,79,521,115
58,-0.13818653572446002,0.12702305351590237,-0.38715172061562864,0.11077864916670863,26,0.35267557120372517,0.18311354492258292,-0.006226976844537324,0.7115781192519877,EUR_AUD,10,1.5,short,84,521,120
28,0.14285714285714285,0.1904761904761905,-0.2304761904761905,0.5161904761904762,13,0.38461538461538464,0.2664693550105965,-0.1376645512053845,0.9068953204361538,EUR_AUD,10,2.0,long,41,377,67
34,-0.11598860663635073,0.16781409867987265,-0.4449042400489011,0.21292702677619962,15,0.2779709900864569,0.24755695995689217,-0.20724065142905174,0.7631826316019656,EUR_AUD,10,2.0,short,49,377,77
17,0.4117647058823529,0.22782254977690689,-0.034767491680384566,0.8582969034450905,8,0.5,0.32732683535398854,-0.14156059729381754,1.1415605972938176,EUR_AUD,10,2.5,long,25,280,42
25,-0.005390401368046813,0.2000726278802491,-0.39753275201333504,0.38675194927724144,11,0.13904093523409083,0.3016433901975337,-0.45218010955307525,0.7302619800212569,EUR_AUD,10,2.5,short,36,280,48
8,0.75,0.25,0.26,1.24,4,0.0,0.5773502691896257,-1.1316065276116665,1.1316065276116665,EUR_AUD,10,3.0,long,12,201,19
15,-0.01923870579364344,0.25891464706980377,-0.5267114140504587,0.4882340024631719,7,-0.06722138748928581,0.38389563398549814,-0.8196568301008622,0.6852140551222905,EUR_AUD,10,3.0,short,22,201,30
56,0.15272879722961982,0.13227985355536742,-0.10653971573890034,0.41199731019814,24,-0.04263569696182538,0.20393286055773818,-0.4423441036549922,0.3570727097313414,EUR_AUD,14,1.5,long,80,520,117
61,-0.14778391921342102,0.1238246701764556,-0.390480272759274,0.09491243433243196,27,0.3025764759739576,0.1831849986387557,-0.05646612135800355,0.6616190733059187,EUR_AUD,14,1.5,short,88,520,124
28,0.21428571428571427,0.18797967114804778,-0.1541544411644594,0.5827258697358879,13,0.2970472100659303,0.26399384674239196,-0.22038072954915794,0.8144751496810185,EUR_AUD,14,2.0,long,41,371,67
35,-0.1412460750181693,0.16489475053902067,-0.46443978607464975,0.18194763603831118,16,0.32309780320605336,0.23592439812902355,-0.13931401712683278,0.7855096235389395,EUR_AUD,14,2.0,short,51,371,77
16,0.5,0.22360679774997896,0.06173067641004126,0.9382693235899587,7,0.42857142857142855,0.36885555678165877,-0.29438546272062266,1.1515283198634798,EUR_AUD,14,2.5,long,23,278,39
28,-0.04052714407861323,0.1888848214434284,-0.4107413941077329,0.32968710595050643,13,-0.1900422855711539,0.27446811170970775,-0.7279997845221811,0.3479152133798733,EUR_AUD,14,2.5,short,41,278,55
9,0.3333333333333333,0.3333333333333333,-0.32,0.9866666666666666,5,0.2,0.48989794855663565,-0.7601999791710059,1.1601999791710058,EUR_AUD,14,3.0,long,14,204,23
16,-0.08053628668154073,0.2498291187623637,-0.5702013594557735,0.4091287860926921,8,0.06618128594687489,0.35822920961970783,-0.6359479649077524,0.7683105368015022,EUR_AUD,14,3.0,short,24,204,32
58,0.11872395521056016,0.12994844930493882,-0.13597500542711993,0.3734229158482403,25,-0.0009302690833523641,0.2000021634897169,-0.3929345095231975,0.39107397135649274,EUR_AUD,21,1.5,long,83,517,119
65,-0.13799293396182785,0.1203229835541357,-0.3738259817279338,0.09784011380427812,28,0.11319874468917335,0.18782365884163313,-0.25493562664042757,0.48133311601877427,EUR_AUD,21,1.5,short,93,517,129
30,0.13333333333333333,0.1840373108931074,-0.22737979601715716,0.4940464626838238,13,0.4508933639120842,0.2451607011741048,-0.029621610389161224,0.9314083382133296,EUR_AUD,21,2.0,long,43,374,67
37,-0.025503043936106064,0.1621705081912357,-0.3433572399909281,0.29235115211871593,16,0.44809780320605336,0.22188666381535366,0.013199942127960218,0.8829956642841466,EUR_AUD,21,2.0,short,53,374,80
16,0.375,0.23935677693908453,-0.09413928280060568,0.8441392828006057,7,0.42857142857142855,0.36885555678165877,-0.29438546272062266,1.1515283198634798,EUR_AUD,21,2.5,long,23,278,40
28,0.10232999877852963,0.18801722405274296,-0.2661837603648466,0.4708437579219058,12,-0.2892124760354167,0.2782206824698807,-0.8345250136763829,0.2561000616055494,EUR_AUD,21,2.5,short,40,278,54
11,0.6363636363636364,0.2439346884545225,0.15825164699277222,1.1144756257345005,6,0.3333333333333333,0.421637021355784,-0.4930752285240034,1.15974189519067,EUR_AUD,21,3.0,long,17,207,27
19,-0.12045160983708693,0.2281864397465836,-0.5676970317403908,0.32679381206621694,9,-0.052283301380555654,0.33740873538537963,-0.7136044227358997,0.6090378199747883,EUR_AUD,21,3.0,short,28,207,39
56,0.03640803062155262,0.13019625719704747,-0.21877663348466042,0.29159269472776567,24,0.36284276988844993,0.18010339000835807,0.00984012547206814,0.7158454143048317,EUR_CAD,7,1.5,long,80,536,129
67,-0.003133838983690222,0.11981106359385213,-0.2379635236276404,0.23169584566025997,29,-0.24561069135043354,0.15850875834595052,-0.5562878577084965,0.06506647500762949,EUR_CAD,7,1.5,short,96,536,140
34,0.13822126438928037,0.1650210073855358,-0.18521991008636976,0.4616624388649305,15,0.19675983210386136,0.24324414512275946,-0.27999869233674723,0.6735183565444699,EUR_CAD,7,2.0,long,49,375,81
42,0.2290612276083957,0.15084240633795856,-0.06658988881400307,0.5247123440307945,18,-0.35559952450388665,0.20050563849014502,-0.7485905759445709,0.03739152693679759,EUR_CAD,7,2.0,short,60,375,88
21,0.14285714285714285,0.22131333406899525,-0.29091699191808784,0.5766312776323735,10,-0.29755399056248083,0.30028161824860844,-0.8861059623297534,0.29099798120479176,EUR_CAD,7,2.5,long,31,287,54
30,0.26666666666666666,0.17897109079679924,-0.08411667129505984,0.6174500046283932,13,-0.4064584437668533,0.23934455372737845,-0.875573769072515,0.06265688153880844,EUR_CAD,7,2.5,short,43,287,63
16,0.125,0.25617376914899,-0.37710058753202036,0.6271005875320204,7,0.04685238721589131,0.3808573079841985,-0.6996279364331377,0.7933327108649204,EUR_CAD,7,3.0,long,23,223,31
18,0.37358609094505796,0.2181598224649845,-0.05400716108631165,0.8011793429764276,8,-0.1612839133074547,0.35041193681303895,-0.8480913094610111,0.5255234828461016,EUR_CAD,7,3.0,short,26,223,41
57,0.08840087218959555,0.12865955492746894,-0.16377185546824355,0.3405735998474346,25,0.3125624554394377,0.17289932812248543,-0.02632022768063369,0.6514451385595091,EUR_CAD,10,1.5,long,82,539,130
67,-0.03298458525234694,0.11974287107323504,-0.26768061255588765,0.20171144205119376,30,-0.20229260997276116,0.1588605677298551,-0.5136593227232771,0.10907410277775481,EUR_CAD,10,1.5,short,97,539,144
31,0.11871493149017798,0.1786009112128716,-0.2313428544870504,0.46877271746740634,14,0.21603286388394224,0.2604646684644123,-0.2944778863063058,0.7265436140741903,EUR_CAD,10,2.0,long,45,375,82
42,0.2290612276083957,0.15084240633795856,-0.06658988881400307,0.5247123440307945,19,-0.27007445189313783,0.20425436392050472,-0.6704130051773272,0.13026410139105143,EUR_CAD,10,2.0,short,61,375,87
22,0.0,0.21821789023599236,-0.427707064862545,0.427707064862545,10,-0.09755399056248085,0.3145619614898399,-0.714095435082567,0.5189874539576054,EUR_CAD,10,2.5,long,32,287,52
30,0.3333333333333333,0.1750752438129634,-0.009814144540074954,0.6764808112067415,14,-0.4488542692120781,0.22560924958875925,-0.8910483984060462,-0.0066601400181099946,EUR_CAD,10,2.5,short,44,287,64
13,0.23076923076923078,0.2808833628231621,-0.319762160364167,0.7813006219026286,6,0.0,0.4472135954999579,-0.8765386471799175,0.8765386471799175,EUR_CAD,10,3.0,long,19,215,30
17,0.5294117647058824,0.21209125149788172,0.11371291177003418,0.9451106176417305,8,-0.1612839133074547,0.35041193681303895,-0.8480913094610111,0.5255234828461016,EUR_CAD,10,3.0,short,25,215,42
58,0.10411809853115425,0.1273950920653789,-0.1455762819169884,0.3538124789792969,25,0.3925624554394377,0.16596313233851254,0.06727471605595314,0.7178501948229222,EUR_CAD,14,1.5,long,83,543,131
67,-0.032984585252346925,0.11974287107323504,-0.2676806125558876,0.20171144205119376,29,-0.2206344290259813,0.16333660791643528,-0.5407741805421944,0.09950532249023186,EUR_CAD,14,1.5,short,96,543,147
32,0.1462550898811099,0.17510883178008585,-0.19695822040785832,0.48946840017007814,14,0.21603286388394224,0.2604646684644123,-0.2944778863063058,0.7265436140741903,EUR_CAD,14,2.0,long,46,379,82
45,0.2189314990228031,0.1443930783468053,-0.06407893453693528,0.5019419325825415,20,-0.4065707292984809,0.18742055071171362,-0.7739150086934397,-0.039226449903522254,EUR_CAD,14,2.0,short,65,379,89
22,0.0,0.21821789023599236,-0.427707064862545,0.427707064862545,10,-0.09755399056248085,0.3145619614898399,-0.714095435082567,0.5189874539576054,EUR_CAD,14,2.5,long,32,280,52
30,0.3333333333333333,0.17507524381296338,-0.009814144540074898,0.6764808112067415,13,-0.5603045976130072,0.21187594821628405,-0.9755814561169239,-0.1450277391090905,EUR_CAD,14,2.5,short,43,280,66
12,0.3333333333333333,0.2842676218074806,-0.22383120540932872,0.8904978720759953,6,0.0,0.4472135954999579,-0.8765386471799175,0.8765386471799175,EUR_CAD,14,3.0,long,18,218,31
19,0.47368421052631576,0.2075817467754251,0.06682398684648261,0.8805444342061489,9,-0.14266219655212145,0.30959482360761986,-0.7494680508230563,0.4641436577188135,EUR_CAD,14,3.0,short,28,218,43
58,0.10411809853115425,0.1273950920653789,-0.1455762819169884,0.3538124789792969,25,0.3918963230649314,0.16608142262024234,0.06637673472925643,0.7174159114006063,EUR_CAD,21,1.5,long,83,539,130
62,-0.045653851152578445,0.12486139048966714,-0.290382176512326,0.19907447420716914,27,-0.1648164131406318,0.1701743394947306,-0.49835811855030376,0.16872529226904018,EUR_CAD,21,1.5,short,89,539,144
32,0.10827392863900873,0.1732445011644725,-0.23128529364335734,0.44783315092137477,14,0.21603286388394224,0.2604646684644123,-0.2944778863063058,0.7265436140741903,EUR_CAD,21,2.0,long,46,374,81
44,0.3375435785460486,0.14064458342468633,0.06188019503366338,0.6132069620584338,20,-0.26580330953555253,0.19871897405637523,-0.655292498686048,0.12368587961494293,EUR_CAD,21,2.0,short,64,374,89
23,0.043478260869565216,0.21299910806810243,-0.37399999094391556,0.46095651268304594,10,-0.09755399056248085,0.3145619614898399,-0.714095435082567,0.5189874539576054,EUR_CAD,21,2.5,long,33,281,53
32,0.36314286123601935,0.16548188873464428,0.03879835931611658,0.6874873631559222,15,-0.33430552759125015,0.23384833031864877,-0.7926482550158017,0.12403719983330141,EUR_CAD,21,2.5,short,47,281,68
13,0.38461538461538464,0.2664693550105965,-0.1376645512053845,0.9068953204361538,6,0.17074334906253194,0.4010685123817087,-0.6153509352056171,0.9568376333306811,EUR_CAD,21,3.0,long,19,221,33
21,0.42857142857142855,0.20203050891044214,0.03259163110696195,0.8245512260358951,9,-0.3648844187743437,0.28592033455532934,-0.9252882745027893,0.19551943695410184,EUR_CAD,21,3.0,short,30,221,46
59,-0.17014645557507246,0.11138148724989351,-0.38845417058486376,0.0481612594347188,26,0.06052786858820604,0.1764225304855329,-0.2852602911634385,0.40631602833985053,EUR_CHF,7,1.5,long,85,504,120
51,-0.09149928644942965,0.114519780176083,-0.3159580555945523,0.13295948269569302,23,0.06616539801357801,0.1745150486230564,-0.2758840972876125,0.4082148933147685,EUR_CHF,7,1.5,short,74,504,116
33,-0.15913908121242806,0.14562310360340436,-0.4445603642751006,0.1262822018502445,15,0.08315967370080436,0.22144538025786556,-0.3508732716046121,0.5171926190062208,EUR_CHF,7,2.0,long,48,352,73
28,0.02338250801378655,0.16212721605883995,-0.29438683546153976,0.34115185148911287,12,0.2577472111759704,0.21636943847899295,-0.1663368882428558,0.6818313105947966,EUR_CHF,7,2.0,short,40,352,69
22,-0.14440535343151611,0.18513344525498449,-0.5072669061312858,0.2184561992682535,10,-0.011788494182835275,0.30140136387833444,-0.6025351673843707,0.5789581790187003,EUR_CHF,7,2.5,long,32,264,48
23,0.1077825397159215,0.17587333846159142,-0.23692920366879766,0.45249428310064066,10,0.278751427312076,0.27809022581256504,-0.2663054152805514,0.8238082699047035,EUR_CHF,7,2.5,short,33,264,50
13,0.050641109434408645,0.2619045725765646,-0.4626918528156579,0.5639740716844752,6,0.5721794260977245,0.32778140734172007,-0.07027213229204676,1.2146309844874958,EUR_CHF,7,3.0,long,19,186,29
13,0.3242862771106613,0.18367051540752044,-0.035707933088078736,0.6842804873094014,6,0.23209150921028365,0.4012852663173591,-0.5544276127717402,1.0186106311923075,EUR_CHF,7,3.0,short,19,186,29
60,-0.1343030797593003,0.11026001135709511,-0.3504127020192067,0.0818065425006061,26,-0.0611847728891061,0.18060599931418356,-0.4151725315449059,0.29280298576669367,EUR_CHF,10,1.5,long,86,508,122
55,-0.06368803398710705,0.11403202048423716,-0.2871907941362119,0.15981472616199777,24,0.12520915122169418,0.17480762037660424,-0.21741378471645012,0.4678320871598385,EUR_CHF,10,1.5,short,79,508,119
33,-0.16087950851751143,0.14570637276896434,-0.44646399914468154,0.12470498210965869,15,-0.1835069929658623,0.21708680044567438,-0.608997121839384,0.2419831359076595,EUR_CHF,10,2.0,long,48,349,75
32,-0.05206816632344263,0.14882804929164561,-0.34377114293506805,0.2396348102881828,14,0.07806903815083178,0.2210309700367091,-0.35515166312111807,0.5112897394227817,EUR_CHF,10,2.0,short,46,349,70
23,-0.16232873009164364,0.16697556121340332,-0.4896008300699142,0.16494336988662686,10,0.11877823441674948,0.31436319262685525,-0.4973736231318868,0.7349300919653858,EUR_CHF,10,2.5,long,33,265,48
23,0.10778253971592154,0.17587333846159142,-0.2369292036687976,0.4524942831006407,11,0.3443194793746146,0.2599472721352936,-0.16517717401056087,0.8538161327597901,EUR_CHF,10,2.5,short,34,265,53
12,-0.08257712762422365,0.28242935859853924,-0.6361386704773605,0.4709844152289132,6,0.44496155121614134,0.36152951092265184,-0.2636362901922562,1.1535593926245389,EUR_CHF,10,3.0,long,18,187,30
12,0.4169012017593247,0.2018143800760481,0.021345016810270456,0.812457386708379,6,0.23209150921028365,0.401285266317359,-0.55442761277174,1.0186106311923073,EUR_CHF,10,3.0,short,18,187,29
59,-0.09969209568929731,0.11298219795610996,-0.3211372036832728,0.12175301230467821,26,-0.08938357275238085,0.1840587349333878,-0.45013869322182093,0.27137154771705924,EUR_CHF,14,1.5,long,85,500,124
54,-0.1205804806416954,0.11380550118943741,-0.34363926297299274,0.10247830168960194,24,0.041875817888360846,0.17653068986607828,-0.3041243342491526,0.3878759700258743,EUR_CHF,14,1.5,short,78,500,120
35,-0.20882925088793933,0.14126386799427798,-0.48570643215672415,0.06804793038084553,15,-0.1680843381823891,0.2161535996626229,-0.59174539352113,0.2555767171563518,EUR_CHF,14,2.0,long,50,349,79
32,-0.008316154165272947,0.15192673973086399,-0.30609256403776636,0.2894602557072205,14,0.07806903815083178,0.2210309700367091,-0.35515166312111807,0.5112897394227817,EUR_CHF,14,2.0,short,46,349,73
23,-0.1637364949908197,0.17739901324525653,-0.5114385609515225,0.1839655709698831,10,0.11877823441674948,0.31436319262685525,-0.4973736231318868,0.7349300919653858,EUR_CHF,14,2.5,long,33,265,51
23,-0.07332851103449926,0.17805477115261906,-0.4223158624936326,0.27565884042463407,10,0.2787514273120749,0.2780902258125647,-0.26630541528055185,0.8238082699047017,EUR_CHF,14,2.5,short,33,265,54
14,0.011734431164683725,0.24650973387664532,-0.4714246472335411,0.4948935095629085,6,0.6666666666666666,0.33333333333333337,0.013333333333333197,1.32,EUR_CHF,14,3.0,long,20,187,33
14,0.41713290307242035,0.18236042477367195,0.05970647051602335,0.7745593356288174,7,0.3417927221802431,0.3564487175510528,-0.35684676421982037,1.0404322085803066,EUR_CHF,14,3.0,short,21,187,32
60,-0.050240652092574084,0.1131553920225692,-0.2720252204568097,0.17154391627166155,27,-0.1017269318655558,0.1775402017609169,-0.4497057273169529,0.24625186358584128,EUR_CHF,21,1.5,long,87,503,128
59,-0.13537589029651123,0.10969519451825657,-0.35037847155229407,0.07962669095927163,26,0.03865460112771772,0.17189111048089253,-0.2982519754148316,0.3755611776702671,EUR_CHF,21,1.5,short,85,503,126
37,-0.1350935906067,0.14559550953667674,-0.42046078929858643,0.15027360808518642,16,-0.22007906704598978,0.2087714854711249,-0.6292711785693945,0.189113044477415,EUR_CHF,21,2.0,long,53,350,82
34,-0.04085515442327862,0.14608652410878745,-0.327184741676502,0.24547443282994477,15,0.08483344674950533,0.20587979092262207,-0.3186909434588339,0.48835783695784457,EUR_CHF,21,2.0,short,49,350,75
22,-0.03481542658131147,0.18324859878744743,-0.39398268020470845,0.3243518270420855,10,-0.22285306366875024,0.29272557924414716,-0.7965951989872787,0.35088907164977823,EUR_CHF,21,2.5,long,32,260,49
23,0.02254131063260196,0.18069880946269268,-0.3316283559142757,0.3767109771794796,10,-0.035716566922081125,0.3109735643885318,-0.6452247531236035,0.5737916192794412,EUR_CHF,21,2.5,short,33,260,54
16,0.014617179211010661,0.21592637512114032,-0.4085985160264244,0.43783287444844565,8,0.39847279302093686,0.3208531505042952,-0.23039938196748166,1.0273449680093554,EUR_CHF,21,3.0,long,24,189,34
15,0.02080279936357769,0.20359777064933673,-0.3782488311091223,0.4198544298362777,7,0.3417927221802431,0.3564487175510528,-0.35684676421982037,1.0404322085803066,EUR_CHF,21,3.0,short,22,189,33
49,0.09041567103735976,0.1392756317644748,-0.18256456722101083,0.36339590929573035,22,-0.24848211639944823,0.20732979622904624,-0.6548485170083789,0.15788428420948242,EUR_NZD,7,1.5,long,71,507,97
58,-0.022194561979069043,0.12858492311525263,-0.2742210112849642,0.22983188732682608,26,0.2496512880791492,0.1861655966047045,-0.1152332812660716,0.61453585742437,EUR_NZD,7,1.5,short,84,507,113
30,0.0,0.18569533817705186,-0.3639628628270216,0.3639628628270216,13,-0.3435851200606039,0.26168906646470697,-0.8564956903314296,0.16932545021022177,EUR_NZD,7,2.0,long,43,354,53
35,-0.08255682531949403,0.16594055413920744,-0.40780031143234063,0.24268666079335255,15,0.14582720968998764,0.2555678848094399,-0.3550858445365146,0.6467402639164899,EUR_NZD,7,2.0,short,50,354,66
14,0.42857142857142855,0.25058800551629407,-0.0625810622405078,0.9197239193833648,6,-0.24839412308257378,0.4029168538903918,-1.0381111567077417,0.5413229105425941,EUR_NZD,7,2.5,long,20,248,28
18,-0.16455837029338968,0.23230874431588366,-0.6198835091525217,0.29076676856574224,8,-0.25,0.3659625273556999,-0.9672865536171718,0.46728655361717175,EUR_NZD,7,2.5,short,26,248,35
11,0.2727272727272727,0.30424000964875475,-0.32358314618428663,0.869037691638832,5,-0.09807294769908852,0.45784091458757603,-0.9954411402907375,0.7992952448925605,EUR_NZD,7,3.0,long,16,198,21
12,0.23948926591281372,0.27971369527231477,-0.3087495768209232,0.7877281086465506,6,-0.6666666666666649,0.3333333333333352,-1.3200000000000018,-0.013333333333327868,EUR_NZD,7,3.0,short,18,198,22
46,0.10563470024275572,0.14467484012171253,-0.17792798639580082,0.3891973868813123,21,-0.21269555051370767,0.21418558008682972,-0.632499287483894,0.20710818645647858,EUR_NZD,10,1.5,long,67,504,97
58,-0.022194561979069053,0.12858492311525263,-0.2742210112849642,0.22983188732682608,25,0.14466417274547838,0.19317171729747729,-0.2339523931575771,0.5232807386485339,EUR_NZD,10,1.5,short,83,504,111
30,-0.13333333333333333,0.1840373108931074,-0.4940464626838238,0.22737979601715716,14,-0.24761475434198935,0.2605925069408918,-0.7583760679461372,0.2631465592621586,EUR_NZD,10,2.0,long,44,353,57
37,-0.13214834827519703,0.1606120226960423,-0.4469479127594399,0.18265121620904587,17,0.011024008549989084,0.24278603373397517,-0.46483661756860223,0.4868846346685804,EUR_NZD,10,2.0,short,54,353,73
15,0.3333333333333333,0.25197631533948484,-0.16054024473205697,0.8272069113987236,7,-0.07005210549934894,0.3844014052290064,-0.8234788597482015,0.6833746487495036,EUR_NZD,10,2.5,long,22,242,30
21,-0.0428923730425954,0.21250526212577817,-0.4594026868091206,0.3736179407239298,10,-0.4,0.30550504633038933,-0.9987898908075631,0.19878989080756304,EUR_NZD,10,2.5,short,31,242,38
11,0.2727272727272727,0.30424000964875475,-0.32358314618428663,0.869037691638832,6,0.08493921025075957,0.41621987619252276,-0.7308517470865851,0.9007301675881042,EUR_NZD,10,3.0,long,17,202,23
11,0.2727272727272727,0.30424000964875475,-0.32358314618428663,0.869037691638832,6,-0.6666666666666649,0.3333333333333352,-1.3200000000000018,-0.013333333333327868,EUR_NZD,10,3.0,short,17,202,23
47,0.08211055768439922,0.1435044316683112,-0.19915812838549074,0.3633792437542892,21,-0.30793364575180293,0.20831772864604767,-0.7162363938980564,0.10036910239445052,EUR_NZD,14,1.5,long,68,505,99
58,-0.022194561979069036,0.12858492311525263,-0.2742210112849642,0.22983188732682608,25,0.07168509560622136,0.19519129685629544,-0.3108898462321177,0.45426003744456045,EUR_NZD,14,1.5,short,83,505,111
30,0.0,0.18569533817705186,-0.3639628628270216,0.3639628628270216,13,-0.3435851200606039,0.26168906646470697,-0.8564956903314296,0.16932545021022177,EUR_NZD,14,2.0,long,43,348,57
36,-0.2747080246161747,0.15758591359828775,-0.5835764152688188,0.03416036603646927,16,0.1992130090843634,0.24495023852754522,-0.2808894584296252,0.679315476598352,EUR_NZD,14,2.0,short,52,348,72
14,0.2857142857142857,0.26578871697687523,-0.23523159956038975,0.8066601709889611,6,0.08493921025075957,0.41621987619252276,-0.7308517470865851,0.9007301675881042,EUR_NZD,14,2.5,long,20,242,29
22,0.09542091664115894,0.20704520827583658,-0.31038769157948076,0.5012295248617986,10,-0.4,0.30550504633038933,-0.9987898908075631,0.19878989080756304,EUR_NZD,14,2.5,short,32,242,40
12,0.3333333333333333,0.28426762180748055,-0.2238312054093286,0.8904978720759953,6,0.08493921025075957,0.41621987619252276,-0.7308517470865851,0.9007301675881042,EUR_NZD,14,3.0,long,18,203,24
11,0.2727272727272727,0.30424000964875475,-0.32358314618428663,0.869037691638832,5,-0.5999999999999978,0.40000000000000224,-1.3840000000000021,0.1840000000000066,EUR_NZD,14,3.0,short,16,203,24
47,0.051709954911289956,0.14249380375468965,-0.22757790044790174,0.33099781027048164,21,-0.21269555051370773,0.21418558008682975,-0.6324992874838941,0.20710818645647858,EUR_NZD,21,1.5,long,68,502,100
56,0.04844134652167849,0.1306313834815222,-0.20759616510210505,0.304478858145462,24,0.033005307923147265,0.19946536256255545,-0.35794680269946144,0.42395741854575597,EUR_NZD,21,1.5,short,80,502,111
30,0.0,0.18569533817705186,-0.3639628628270216,0.3639628628270216,13,-0.18973896621445008,0.2744424453191369,-0.7276461590399584,0.3481682266110583,EUR_NZD,21,2.0,long,43,350,60
37,-0.13214834827519703,0.1606120226960423,-0.4469479127594399,0.18265121620904587,17,0.1286710673735185,0.24066135647495795,-0.34302519131739906,0.6003673260644361,EUR_NZD,21,2.0,short,54,350,73
14,0.42857142857142855,0.25058800551629407,-0.0625810622405078,0.9197239193833648,7,-0.07005210549934894,0.3844014052290064,-0.8234788597482015,0.6833746487495036,EUR_NZD,21,2.5,long,21,252,31
25,-0.03602959335578013,0.19567296645217475,-0.41954860760204266,0.34748942089048235,11,-0.45454545454545453,0.2816715160878121,-1.0066216260775662,0.09753071698665722,EUR_NZD,21,2.5,short,36,252,44
12,0.16666666666666666,0.2972941950052816,-0.41602995554368527,0.7493632888770185,6,0.08493921025075957,0.41621987619252276,-0.7308517470865851,0.9007301675881042,EUR_NZD,21,3.0,long,18,201,25
11,0.2727272727272727,0.30424000964875475,-0.32358314618428663,0.869037691638832,6,-0.6666666666666649,0.3333333333333352,-1.3200000000000018,-0.013333333333327868,EUR_NZD,21,3.0,short,17,201,26
34,-0.021596198920050033,0.1362784722446317,-0.28870200451952815,0.24550960667942806,15,0.0039322849939560185,0.17546101045400572,-0.33997129549589516,0.34783586548380724,EUR_CZK,7,1.5,long,49,347,74
33,-0.028700188238424514,0.14677441466925847,-0.31637804099017114,0.2589776645133221,15,0.02360990942030803,0.17960241324965026,-0.32841082054900644,0.37563063938962254,EUR_CZK,7,1.5,short,48,347,79
19,-0.18889294910047597,0.1828440190824926,-0.5472672265021614,0.16948132830120952,9,0.039550708973764365,0.17908619160270756,-0.3114582265675424,0.3905596445150712,EUR_CZK,7,2.0,long,28,238,43
12,-0.19168566989429794,0.2636594681133489,-0.7084582273964617,0.32508688760786586,6,0.10251529033371991,0.2817552791827772,-0.4497250568645234,0.6547556375319632,EUR_CZK,7,2.0,short,18,237,38
11,-0.1357480917517284,0.24080369529454088,-0.6077233345290285,0.33622715102557177,6,-0.2956227554875431,0.23171239398833685,-0.7497790477046833,0.15853353672959714,EUR_CZK,7,2.5,long,17,177,30
9,-0.4187149310337906,0.28274056556237426,-0.9728864395360441,0.1354565774684629,5,-0.1429573082380029,0.1422825132510564,-0.42183103421007345,0.13591641773406765,EUR_CZK,7,2.5,short,14,176,23
11,-0.12958140939524024,0.24180882538630177,-0.6035267071523917,0.34436388836191123,6,-0.38962124629472594,0.3089051240152507,-0.9950752893646173,0.21583279677516543,EUR_CZK,7,3.0,long,17,137,26
6,-0.54246854660858,0.2215199648145178,-0.9766476776450349,-0.10828941557212513,3,-0.42307570594264515,0.3759112869575005,-1.159861828379346,0.3137104164940558,EUR_CZK,7,3.0,short,9,136,13
34,-0.06104792423501514,0.13954311944906098,-0.3345524383551747,0.21245658988514438,15,0.012162080825532327,0.1743206360643734,-0.3295063658606395,0.3538305275117042,EUR_CZK,10,1.5,long,49,344,77
32,-0.07092919047562397,0.1423468651041902,-0.34992904607983677,0.20807066512858885,15,0.18958294079083482,0.1911269507593566,-0.18502588269750408,0.5641917642791737,EUR_CZK,10,1.5,short,47,344,83
20,-0.16448795722640153,0.17587360812592662,-0.5092002291532176,0.1802243147004146,9,0.13135486194467777,0.1899811456275614,-0.2410081834853426,0.5037179073746981,EUR_CZK,10,2.0,long,29,237,44
16,-0.05005846754069648,0.20749590630378012,-0.45675044389610553,0.35663350881471256,8,0.07688646775028991,0.2802213792429265,-0.4723474355658461,0.6261203710664259,EUR_CZK,10,2.0,short,24,236,44
11,-0.27844501043143416,0.22300978035221258,-0.7155441799217708,0.1586541590589025,6,-0.035837475094934484,0.21905316580532644,-0.46518168007337435,0.3935067298835053,EUR_CZK,10,2.5,long,17,171,33
8,-0.4430296479163301,0.31976531461863694,-1.0697696645688586,0.18371036873619834,4,-0.17360362741787977,0.17937445329887491,-0.5251775558836747,0.17797030104791506,EUR_CZK,10,2.5,short,12,170,21
9,-0.36034999517590843,0.27796503067127754,-0.9051614552916123,0.18446146493979548,4,-0.030986053642447695,0.38254214167976286,-0.7807686513347829,0.7187965440498876,EUR_CZK,10,3.0,long,13,133,27
7,-0.3715607293970403,0.26161848286853984,-0.8843329558193784,0.14121149702529778,3,-0.42307570594264515,0.3759112869575005,-1.159861828379346,0.3137104164940558,EUR_CZK,10,3.0,short,10,132,14
33,-0.069611459493555,0.14539824455418796,-0.3545920188197634,0.21536909983265334,15,-0.08768635221823416,0.16219598774496344,-0.4055904881983625,0.23021778376189417,EUR_CZK,14,1.5,long,48,342,76
34,0.0046306621239100955,0.14019195480993635,-0.27014556930356515,0.27940689355138537,15,0.26630348296941275,0.17139904238245213,-0.06963864010019338,0.6022456060390189,EUR_CZK,14,1.5,short,49,342,88
16,-0.06680114064336401,0.20165153497911747,-0.46203814920243425,0.3284358679157062,8,0.1834536526028676,0.22749006177388847,-0.2624268684739538,0.629334173679689,EUR_CZK,14,2.0,long,24,236,45
15,-0.2552705230779631,0.22232656165526,-0.6910305839222727,0.18048953776634646,7,-0.05498689399966866,0.28550175211505,-0.6145703281451667,0.5045965401458294,EUR_CZK,14,2.0,short,22,235,43
15,-0.3098903889852209,0.19791533968915248,-0.6978044547759598,0.07802367680551792,7,-0.17680245340859138,0.23009502242992025,-0.6277886973712351,0.2741837905540523,EUR_CZK,14,2.5,long,22,174,34
9,-0.1511091951849966,0.31456844127312933,-0.7676633400803301,0.46544494971033684,5,0.06111709806569619,0.27276168291990427,-0.4734958004573161,0.5957299965887085,EUR_CZK,14,2.5,short,14,173,25
10,-0.2243149956583176,0.2834028364618434,-0.7797845551235306,0.33115456380689545,5,0.037780247085468344,0.3041905623328344,-0.5584332550868871,0.6339937492578238,EUR_CZK,14,3.0,long,15,132,26
7,-0.434564020989921,0.22454320316888388,-0.8746686992009334,0.005540657221091427,4,-0.36370311479435025,0.2723596012823574,-0.8975279333077708,0.17012170371907032,EUR_CZK,14,3.0,short,11,131,14
37,-0.11915234181824541,0.1339864166138939,-0.38176571838147744,0.14346103474498662,16,-0.11200872781667795,0.15440218376171386,-0.4146370079896371,0.19061955235628122,EUR_CZK,21,1.5,long,53,347,83
33,-0.08143286038872433,0.1404512144786649,-0.35671724076690753,0.19385151998945888,15,0.43098951022905746,0.15415617448116972,0.1288434082459648,0.7331356122121502,EUR_CZK,21,1.5,short,48,346,93
19,-0.05735070971224461,0.1850928789150112,-0.42013275238566655,0.30543133296117736,9,0.2741810245358824,0.22018810180844553,-0.15738765500867086,0.7057497040804357,EUR_CZK,21,2.0,long,28,239,49
18,-0.36563454125296463,0.1954768109313823,-0.7487690906784739,0.017500008172544657,9,-0.3145026195321999,0.24647553171461176,-0.7975946616928389,0.16858942262843918,EUR_CZK,21,2.0,short,27,238,48
14,-0.20772773884961884,0.22595329724500282,-0.6505962014498243,0.23514072375058667,6,-0.16086411481015095,0.2863193906268854,-0.7220501204388463,0.4003218908185444,EUR_CZK,21,2.5,long,20,172,34
11,-0.2212012522801231,0.266241118561397,-0.7430338446604612,0.30063134010021497,6,0.1429479265801157,0.32037654193788634,-0.48499009561814155,0.7708859487783729,EUR_CZK,21,2.5,short,17,171,30
10,-0.3226516448251798,0.25185626792356075,-0.8162899299553588,0.17098664030499927,5,0.13450450193308128,0.322012233385985,-0.49663947550344933,0.7656484793696119,EUR_CZK,21,3.0,long,15,133,29
6,-0.33702501479028896,0.24206946349425307,-0.811481163239025,0.13743113365844706,3,-0.8507006897174044,0.14929931028259558,-1.1433273378712918,-0.558074041563517,EUR_CZK,21,3.0,short,9,132,15
66,0.12121212121212122,0.12312018029121964,-0.12010343215866928,0.3625276745829117,29,0.05780210817659598,0.1857215837739513,-0.30621219602034855,0.4218164123735405,CAD_JPY,7,1.5,long,95,517,140
54,0.141262363042949,0.1337617367939429,-0.12091064107317909,0.40343536715907713,24,-0.053869245166806946,0.20419567638906752,-0.4540927708893793,0.3463542805557654,CAD_JPY,7,1.5,short,78,517,113
43,0.2558139534883721,0.1491690652534462,-0.03655741440838245,0.5481853213851267,19,0.19348742826954124,0.22551757583940743,-0.2485270203756973,0.6355018769147798,CAD_JPY,7,2.0,long,62,372,88
28,0.33296598543385786,0.17817453996155286,-0.016256112890785712,0.6821880837585015,13,0.07692307692307693,0.2878197989826109,-0.48720372908284043,0.6410498829289943,CAD_JPY,7,2.0,short,41,372,69
26,0.46153846153846156,0.17742403991801226,0.11378734329915757,0.8092895797777655,12,0.5462908706924305,0.24020799315419145,0.07548320411021531,1.0170985372746457,CAD_JPY,7,2.5,long,38,284,56
21,0.14285714285714285,0.2213133340689953,-0.29091699191808795,0.5766312776323737,9,-0.1111111111111111,0.35136418446315326,-0.7997849126588914,0.5775626904366693,CAD_JPY,7,2.5,short,30,284,47
18,0.4444444444444444,0.2172649691319564,0.018605104945809914,0.8702837839430789,8,0.25,0.3659625273556999,-0.46728655361717175,0.9672865536171718,CAD_JPY,7,3.0,long,26,220,36
16,0.125,0.25617376914899,-0.37710058753202036,0.6271005875320204,7,0.42857142857142855,0.36885555678165877,-0.29438546272062266,1.1515283198634798,CAD_JPY,7,3.0,short,23,220,33
72,0.08333333333333333,0.11826537094843613,-0.1484667937256015,0.31513346039226814,31,-0.010443189125119889,0.17990865658781421,-0.36306415603723574,0.342177777786996,CAD_JPY,10,1.5,long,103,517,148
56,0.13621727864855798,0.13148251517253617,-0.12148845108961293,0.3939230083867289,25,-0.12,0.20264912204760885,-0.5171922792133133,0.27719227921331335,CAD_JPY,10,1.5,short,81,516,118
47,0.23404255319148937,0.14334695545026785,-0.046917479491035585,0.5150025858740144,21,0.16930906896710315,0.21600050685577507,-0.25405192447021596,0.5926700624044223,CAD_JPY,10,2.0,long,68,375,94
28,0.33296598543385786,0.17817453996155286,-0.016256112890785712,0.6821880837585015,13,0.23076923076923078,0.2808833628231621,-0.319762160364167,0.7813006219026286,CAD_JPY,10,2.0,short,41,375,71
30,0.3333333333333333,0.1750752438129634,-0.009814144540074954,0.6764808112067415,13,0.581191572946859,0.2236985345983577,0.1427424451340779,1.01964070075964,CAD_JPY,10,2.5,long,43,279,60
19,0.15789473684210525,0.23274559932318592,-0.29828663783133913,0.6140761115155496,9,-0.1111111111111111,0.35136418446315326,-0.7997849126588914,0.5775626904366693,CAD_JPY,10,2.5,short,28,279,46
18,0.3333333333333333,0.2286647801900118,-0.1148496358390898,0.7815163025057564,8,0.25,0.3659625273556999,-0.46728655361717175,0.9672865536171718,CAD_JPY,10,3.0,long,26,217,36
15,0.06666666666666667,0.2666666666666666,-0.45599999999999985,0.5893333333333332,7,0.14285714285714285,0.40406101782088427,-0.6491024520717903,0.9348167377860761,CAD_JPY,10,3.0,short,22,217,36
74,0.05405405405405406,0.11687003431633061,-0.17501121320595395,0.28311932131406203,33,-0.00981026857208232,0.17435386910672984,-0.3515438520212728,0.33192331487710813,CAD_JPY,14,1.5,long,107,518,153
58,0.06255461386757322,0.13021701967995786,-0.19267074470514417,0.3177799724402906,26,0.0,0.20000000000000004,-0.39200000000000007,0.39200000000000007,CAD_JPY,14,1.5,short,84,517,121
49,0.22448979591836735,0.14065355869479818,-0.0511911791234371,0.5001707709601718,22,0.030739142596421975,0.21362678932305135,-0.38796936447675867,0.4494476496696026,CAD_JPY,14,2.0,long,71,363,95
30,0.17743491973826733,0.17991014751148868,-0.17518896938425046,0.5300588088607852,13,0.23076923076923078,0.2808833628231621,-0.319762160364167,0.7813006219026286,CAD_JPY,14,2.0,short,43,363,71
32,0.25,0.1739020859100631,-0.09084808838372366,0.5908480883837237,15,0.1036993632206111,0.25853327475403004,-0.40302585529728774,0.61042458173851,CAD_JPY,14,2.5,long,47,284,66
23,0.13043478260869565,0.21137931948017294,-0.2838686835724433,0.5447382487898346,10,0.0,0.3333333333333333,-0.6533333333333333,0.6533333333333333,CAD_JPY,14,2.5,short,33,284,52
19,0.47368421052631576,0.2075817467754251,0.06682398684648261,0.8805444342061489,9,0.3333333333333333,0.3333333333333333,-0.32,0.9866666666666666,CAD_JPY,14,3.0,long,28,215,39
14,0.2857142857142857,0.26578871697687523,-0.23523159956038975,0.8066601709889611,7,-0.14285714285714285,0.40406101782088427,-0.9348167377860761,0.6491024520717903,CAD_JPY,14,3.0,short,21,215,33
73,0.0958904109589041,0.11730806007913362,-0.13403338679619778,0.325814208714006,32,-0.04136683946495989,0.17691933633967413,-0.3881287386907212,0.3053950597608014,CAD_JPY,21,1.5,long,105,516,155
60,0.1271361267386541,0.1272428614325086,-0.12225988166906274,0.37653213514637096,26,-0.07692307692307693,0.19940740610485724,-0.46776159288859714,0.3139154390424433,CAD_JPY,21,1.5,short,86,515,124
51,0.17647058823529413,0.13920187724940272,-0.09636509117353523,0.4493062676441235,23,0.07288091900527319,0.20843212655865315,-0.335646049049687,0.4814078870602333,CAD_JPY,21,2.0,long,74,363,99
32,0.1875,0.176419930663981,-0.1582830641014028,0.5332830641014028,15,0.06666666666666667,0.2666666666666666,-0.45599999999999985,0.5893333333333332,CAD_JPY,21,2.0,short,47,362,72
34,0.23529411764705882,0.16919028897921254,-0.09631884875219776,0.5669070840463154,15,0.3703660298872778,0.24043634738421713,-0.10088921098578779,0.8416212707603434,CAD_JPY,21,2.5,long,49,279,67
23,0.21739130434782608,0.20810192223064325,-0.19048846322423466,0.6252710719198868,11,0.09090909090909091,0.3149183286488867,-0.526330833242727,0.7081490150609089,CAD_JPY,21,2.5,short,34,279,51
20,0.4,0.2102629932151387,-0.012115466701671795,0.8121154667016719,9,0.7777777777777778,0.2222222222222222,0.34222222222222226,1.2133333333333334,CAD_JPY,21,3.0,long,29,213,44
14,0.2857142857142857,0.26578871697687523,-0.23523159956038975,0.8066601709889611,7,-0.14285714285714285,0.40406101782088427,-0.9348167377860761,0.6491024520717903,CAD_JPY,21,3.0,short,21,213,34
58,-0.077646253094303,0.12699276556186057,-0.3265520735955497,0.1712595674069437,25,-0.09225205348687764,0.19148245919957096,-0.46755767351803673,0.28305356654428143,CAD_CHF,7,1.5,long,83,521,120
50,0.18733766404544583,0.13906368129512017,-0.08522715129298969,0.45990247938388135,22,0.23339474254178877,0.1998444661034047,-0.15830041102088444,0.625089896104462,CAD_CHF,7,1.5,short,72,521,103
37,0.14356211155272236,0.16373789037143957,-0.17736415357529917,0.4644883766807439,17,0.04549738316938551,0.2357708764522602,-0.4166135346770445,0.5076083010158154,CAD_CHF,7,2.0,long,54,371,73
31,0.2018448861018325,0.17598620838069273,-0.14308808232432524,0.5467778545279902,14,0.0600096621540012,0.2670055818871847,-0.46332127834488085,0.5833406026528832,CAD_CHF,7,2.0,short,45,371,57
29,-0.09269661629480254,0.186438075272138,-0.45811524382819296,0.2727220112385879,13,0.1831052952478285,0.26346851609918376,-0.3332929963065717,0.6995035868022287,CAD_CHF,7,2.5,long,42,262,57
20,0.2,0.22478059477960655,-0.2405699657680288,0.6405699657680288,9,0.11800454394519891,0.3106774226250727,-0.49092320439994364,0.7269322922903414,CAD_CHF,7,2.5,short,29,262,36
20,0.11558990637253634,0.22481806263051254,-0.32505349638326825,0.5562333091283409,9,0.1111111111111111,0.35136418446315326,-0.5775626904366693,0.7997849126588914,CAD_CHF,7,3.0,long,29,204,37
17,0.29411764705882354,0.23894230601870473,-0.1742092727378377,0.7624445668554848,8,-0.23039300014223185,0.3160085342083572,-0.849769727190612,0.38898372690614824,CAD_CHF,7,3.0,short,25,204,31
58,-0.12561439828276402,0.1274528720424024,-0.3754220274858727,0.1241932309203447,26,-0.12716543604507466,0.18725397435135227,-0.4941832257737251,0.2398523536835758,CAD_CHF,10,1.5,long,84,527,124
53,0.19560156985419416,0.13483692329483632,-0.06867879980368499,0.45988193951207335,24,0.17521902114462917,0.189955259526236,-0.19709328752679334,0.5475313298160517,CAD_CHF,10,1.5,short,77,527,106
38,0.21873152966975598,0.15924691523941503,-0.09339242419949748,0.5308554835390095,17,-0.021627823027355955,0.2434980331351104,-0.4988839679721723,0.45562832191746044,CAD_CHF,10,2.0,long,55,366,77
33,0.18961186270172142,0.17100336066291305,-0.14555472419758814,0.524778449601031,15,0.12267568467706778,0.25634627694439743,-0.3797630181339512,0.6251143874880868,CAD_CHF,10,2.0,short,48,366,58
29,-0.09269661629480254,0.186438075272138,-0.45811524382819296,0.2727220112385879,13,0.19332361015537344,0.2614494948545884,-0.31911739975961984,0.7057646200703668,CAD_CHF,10,2.5,long,42,260,55
20,0.2,0.22478059477960655,-0.2405699657680288,0.6405699657680288,9,0.11800454394519891,0.3106774226250727,-0.49092320439994364,0.7269322922903414,CAD_CHF,10,2.5,short,29,260,36
22,0.19599082397503303,0.21130674114158587,-0.2181703886624753,0.6101520366125414,10,0.0,0.3333333333333333,-0.6533333333333333,0.6533333333333333,CAD_CHF,10,3.0,long,32,203,39
16,0.0,0.2581988897471611,-0.5060698239044358,0.5060698239044358,8,-0.1272694262890346,0.35027411622848237,-0.81380669409686,0.5592678415187908,CAD_CHF,10,3.0,short,24,203,29
58,-0.056648881041384706,0.1283150763775014,-0.30814643074128745,0.19484866865851802,26,-0.09722565647457074,0.18403761396899568,-0.4579393798538023,0.26348806690466076,CAD_CHF,14,1.5,long,84,528,127
55,0.18848878549585985,0.13254890725612645,-0.071307072726148,0.4482846437178677,24,0.09188568781129582,0.1924857691007379,-0.28538641962615047,0.46915779524874207,CAD_CHF,14,1.5,short,79,528,107
39,0.18748200326796735,0.15822648839835174,-0.12264191399280203,0.49760592052873676,17,-0.02641806351961302,0.243970169266431,-0.5045995952818177,0.4517634682425917,CAD_CHF,14,2.0,long,56,361,78
32,0.28928723341115026,0.16916588579817268,-0.042277902753268204,0.6208523695755688,14,0.20286680501114404,0.26154010853497006,-0.3097518077173972,0.7154854177396853,CAD_CHF,14,2.0,short,46,361,57
30,-0.12294006241830911,0.1826377422217531,-0.4809100371729452,0.23502991233632697,13,0.19332361015537344,0.2614494948545884,-0.31911739975961984,0.7057646200703668,CAD_CHF,14,2.5,long,43,250,56
18,0.2222222222222222,0.23647127470752347,-0.24126147620452376,0.6857059206489682,8,0.1050169087695021,0.3519671332775891,-0.5848386724545726,0.7948724899935767,CAD_CHF,14,2.5,short,26,250,34
23,0.05703470119350986,0.21039584282530843,-0.35534115074409467,0.46941055313111435,10,0.23623009939308645,0.3135568958427532,-0.3783414164587098,0.8508016152448827,CAD_CHF,14,3.0,long,33,202,43
14,0.0,0.2773500981126146,-0.5436061923007246,0.5436061923007246,6,-0.12968239577487112,0.40613367930271665,-0.9257044072081957,0.6663396156584536,CAD_CHF,14,3.0,short,20,202,27
62,-0.08525217903871474,0.12401703231654794,-0.32832556237914867,0.15782120430171923,28,-0.018852395297815686,0.17910425327658666,-0.36989673171992554,0.3321919411242942,CAD_CHF,21,1.5,long,90,524,132
58,0.16149798624607398,0.12970937604965452,-0.0927323908112489,0.41572836330339685,25,0.05178422942919328,0.1902551427507372,-0.32111585036225165,0.42468430922063816,CAD_CHF,21,1.5,short,83,524,109
40,0.05779495318626817,0.15880162506601697,-0.2534562319431251,0.3690461383156614,18,-0.08050594887963453,0.23629102630715504,-0.5436363604416584,0.38262446268238937,CAD_CHF,21,2.0,long,58,363,81
31,0.2663610151340906,0.17310185189348085,-0.07291861457713184,0.6056406448453131,14,0.20286680501114404,0.26154010853497006,-0.3097518077173972,0.7154854177396853,CAD_CHF,21,2.0,short,45,363,58
28,0.011135647408954516,0.19062050495479213,-0.36248054230243804,0.38475183712034705,12,0.13595477370819994,0.2740462770468038,-0.4011759293035354,0.6730854767199353,CAD_CHF,21,2.5,long,40,249,57
19,0.15789473684210525,0.23274559932318592,-0.29828663783133913,0.6140761115155496,9,0.42668169668400185,0.29784040514085736,-0.1570854973920785,1.0104488907600822,CAD_CHF,21,2.5,short,28,249,36
24,0.012991588643780269,0.20619732996507423,-0.39115517808776523,0.41713835537532573,11,0.13631717406698768,0.302205608140454,-0.45600581788830213,0.7286401660222774,CAD_CHF,21,3.0,long,35,204,46
14,0.0286224340985995,0.2616057690944511,-0.4841248733265247,0.5413697415237237,6,0.20365093755846223,0.40001666133431973,-0.5803817186568044,0.9876835937737288,CAD_CHF,21,3.0,short,20,204,30
62,0.07287603583407418,0.12172094016714517,-0.16569700689353037,0.3114490785616787,27,0.20071259466354177,0.1896524500850322,-0.17100620750312132,0.5724313968302048,USD_JPY,7,1.5,long,89,512,131
50,-0.09029670202797484,0.13704526204492906,-0.3589054156360358,0.17831201158008608,22,0.24215992184892618,0.20496668781381278,-0.15957478626614688,0.6438946299639993,USD_JPY,7,1.5,short,72,512,109
36,-0.0724874108424729,0.15980046819570273,-0.38569632850605023,0.24072150682110444,16,0.0,0.2581988897471611,-0.5060698239044358,0.5060698239044358,USD_JPY,7,2.0,long,52,359,80
28,-0.2988545630191067,0.17694971038361593,-0.6456759953709938,0.04796686933278055,12,0.014777093968269947,0.2973898267550031,-0.568106966471536,0.597661154408076,USD_JPY,7,2.0,short,40,359,62
24,0.07477268328953592,0.18746775420616887,-0.2926641149545551,0.4422094815336269,11,-0.2727272727272727,0.30424000964875475,-0.869037691638832,0.32358314618428663,USD_JPY,7,2.5,long,35,264,54
19,-0.23223210075540487,0.2239032967538194,-0.6710825623928909,0.20661836088208116,9,0.35303612529102657,0.32393164989362827,-0.2818699085004849,0.987942159082538,USD_JPY,7,2.5,short,28,264,48
14,0.11928843130246258,0.25522321156325306,-0.38094906336151335,0.6195259259664385,6,0.5508886168762142,0.3302704870541689,-0.0964415377499569,1.1982187715023853,USD_JPY,7,3.0,long,20,207,33
15,-0.16082732762351284,0.25618167379716505,-0.6629434082659563,0.3412887530189307,7,-0.048122209299941474,0.3810156032041866,-0.7949127915801472,0.6986683729802642,USD_JPY,7,3.0,short,22,207,31
60,0.02972499993017479,0.12468755447075275,-0.21466260683250057,0.27411260669285015,27,0.20071259466354177,0.1896524500850322,-0.17100620750312132,0.5724313968302048,USD_JPY,10,1.5,long,87,515,136
50,-0.01029670202797483,0.1376431544902768,-0.28007728482891736,0.2594838807729677,22,0.24215992184892618,0.20496668781381278,-0.15957478626614688,0.6438946299639993,USD_JPY,10,1.5,short,72,515,112
39,-0.1438345330853596,0.15270372929000356,-0.4431338424937666,0.1554647763230474,17,-0.058823529411764705,0.2495670992423109,-0.547975043926694,0.43032798510316467,USD_JPY,10,2.0,long,56,360,85
27,-0.19881213942722176,0.18530352169056877,-0.5620070419407366,0.16438276308629302,12,0.014777093968269947,0.2973898267550031,-0.568106966471536,0.597661154408076,USD_JPY,10,2.0,short,39,360,63
28,0.22518243108813235,0.1738022086080636,-0.11546989778367234,0.565834759959937,13,-0.38461538461538464,0.2664693550105965,-0.9068953204361538,0.1376645512053845,USD_JPY,10,2.5,long,41,262,57
19,-0.23223210075540487,0.2239032967538194,-0.6710825623928909,0.20661836088208116,9,0.35303612529102657,0.32393164989362827,-0.2818699085004849,0.987942159082538,USD_JPY,10,2.5,short,28,262,50
14,0.2125264099636972,0.24036803948309846,-0.25859494742317574,0.6836477673505701,7,0.14285714285714285,0.40406101782088427,-0.6491024520717903,0.9348167377860761,USD_JPY,10,3.0,long,21,208,34
15,-0.34393933804640614,0.22548461879271264,-0.7858891908801229,0.09801051478731065,7,0.14285714285714285,0.40406101782088427,-0.6491024520717903,0.9348167377860761,USD_JPY,10,3.0,short,22,208,33
64,0.047518540514819047,0.11994876909524911,-0.18758104691186922,0.2826181279415073,28,0.21428571428571427,0.18797967114804778,-0.1541544411644594,0.5827258697358879,USD_JPY,14,1.5,long,92,514,142
51,-0.02970264904703415,0.13630576863259944,-0.296861955566929,0.23745665747286074,22,0.15125083093983524,0.20907993678319398,-0.25854584515522494,0.5610475070348955,USD_JPY,14,1.5,short,73,514,116
39,-0.1438345330853596,0.15270372929000353,-0.4431338424937665,0.15546477632304734,17,0.17647058823529413,0.24607647839237515,-0.30583930941376114,0.6587804858843495,USD_JPY,14,2.0,long,56,364,87
28,-0.15599742016196383,0.18362413853979234,-0.5159007316999569,0.20390589137602916,12,0.014777093968269947,0.2973898267550031,-0.568106966471536,0.597661154408076,USD_JPY,14,2.0,short,40,364,64
28,0.01089671680241804,0.17911128313961197,-0.34016139815122143,0.3619548317560575,13,-0.38461538461538464,0.2664693550105965,-0.9068953204361538,0.1376645512053845,USD_JPY,14,2.5,long,41,264,62
20,-0.07062049571763462,0.22402030481954732,-0.5097002931639474,0.36845930172867813,9,0.13081390306880436,0.3440523105115834,-0.5435286255338991,0.8051564316715079,USD_JPY,14,2.5,short,29,264,50
17,0.03941400224908683,0.23505384944833568,-0.42129154266965113,0.5001195471678248,8,0.1631664626571606,0.35051597404765467,-0.5238448464762425,0.8501777717905638,USD_JPY,14,3.0,long,25,211,37
16,-0.38494312941850584,0.21487021677042575,-0.8060887542885403,0.03620249545152865,8,0.25,0.3659625273556999,-0.46728655361717175,0.9672865536171718,USD_JPY,14,3.0,short,24,211,36
69,0.0391273536383705,0.11510648363466877,-0.1864813542855803,0.2647360615623213,30,0.2517889420610151,0.1774811578272893,-0.09607412728047193,0.5996520114025021,USD_JPY,21,1.5,long,99,510,147
51,0.028314371515715683,0.1377402150213816,-0.24165644992619223,0.2982851929576236,22,0.24215992184892618,0.20496668781381278,-0.15957478626614688,0.6438946299639993,USD_JPY,21,1.5,short,73,510,118
38,-0.01604070500865855,0.15631555392053828,-0.3224191906929136,0.29033778067559646,17,0.058823529411764705,0.2495670992423109,-0.43032798510316467,0.547975043926694,USD_JPY,21,2.0,long,55,363,88
28,-0.13521937536924403,0.18124716508423222,-0.4904638189343392,0.22002506819585113,12,0.014777093968269947,0.2973898267550031,-0.568106966471536,0.597661154408076,USD_JPY,21,2.0,short,40,363,66
32,-0.052965372797884214,0.16850468433819793,-0.38323455410075213,0.2773038085049837,14,-0.14285714285714285,0.2745054065230065,-0.6808877396422355,0.39517345392794984,USD_JPY,21,2.5,long,46,265,65
21,-0.11487666258822345,0.2176331138237492,-0.5414375656827719,0.311684240506325,10,0.017732512761923946,0.3278490425918981,-0.6248516107181963,0.6603166362420443,USD_JPY,21,2.5,short,31,265,50
18,0.2764094299717645,0.21215115246912872,-0.13940682886772782,0.6922256888112568,9,-0.1111111111111111,0.35136418446315326,-0.7997849126588914,0.5775626904366693,USD_JPY,21,3.0,long,27,217,41
18,-0.45328278170533853,0.19598198176439263,-0.8374074659635481,-0.06915809744712897,8,0.5,0.32732683535398854,-0.14156059729381754,1.1415605972938176,USD_JPY,21,3.0,short,26,217,38
62,0.1607751257170171,0.1243577370674242,-0.08296603893513432,0.40451629036916853,28,0.02329269146817667,0.15809375208308052,-0.28657106261466114,0.3331564455510144,EUR_GBP,7,1.5,long,90,518,129
63,-0.030281242699456,0.12348282041109594,-0.27230757070520406,0.21174508530629205,28,0.13832514618915243,0.16760025895803157,-0.19017136136858948,0.4668216537468943,EUR_GBP,7,1.5,short,91,517,142
35,-0.028813491661964986,0.16095854390213665,-0.3442922377101528,0.2866652543862228,15,0.4375920859988226,0.13396548120866394,0.17501974282984128,0.700164429167804,EUR_GBP,7,2.0,long,50,355,76
39,0.10045985353658238,0.15560083197803445,-0.20451777714036512,0.4054374842135299,18,0.04403328492131201,0.21781293208742766,-0.3828800619700462,0.47094663181267027,EUR_GBP,7,2.0,short,57,355,83
18,-0.06497602051232308,0.22278651138873926,-0.501637582834252,0.37168554180960583,9,0.19248726183096515,0.17044036904570337,-0.14157586149861345,0.5265503851605438,EUR_GBP,7,2.5,long,27,268,51
23,0.13612089780574435,0.20276617740638797,-0.2613008099107761,0.5335426055222647,11,0.29704982414892916,0.23975769404277525,-0.17287525617491034,0.7669749044727687,EUR_GBP,7,2.5,short,34,268,57
14,0.32396968507385665,0.25404746718133175,-0.1739633506015536,0.8219027207492668,7,0.4237595503552409,0.21957474805371785,-0.006606955830046113,0.8541260565405279,EUR_GBP,7,3.0,long,21,207,33
16,0.0,0.2581988897471611,-0.5060698239044358,0.5060698239044358,7,0.11062653856885118,0.3430839020294363,-0.5618179094088439,0.7830709865465463,EUR_GBP,7,3.0,short,23,207,36
63,0.07885806022944539,0.12465918188804626,-0.16547393627112528,0.32319005673001605,28,0.12628463121678052,0.15204665816465363,-0.1717268187859406,0.42429608121950163,EUR_GBP,10,1.5,long,91,515,131
67,-0.028473407314413862,0.11989193454559748,-0.2634615990237849,0.20651478439495718,30,0.153820025669748,0.1594843624807428,-0.15876932479250788,0.4664093761320039,EUR_GBP,10,1.5,short,97,514,147
33,0.12309600685400975,0.16672575963111422,-0.20368648202297412,0.4498784957309936,15,0.417111003585809,0.1376748785716725,0.14726824158533092,0.6869537655862871,EUR_GBP,10,2.0,long,48,353,74
39,0.16405322022737248,0.15823938388373196,-0.14609597218474216,0.47420241263948715,17,0.2798997258774467,0.22483925959656093,-0.1607852229318127,0.7205846746867062,EUR_GBP,10,2.0,short,56,353,84
21,-0.06038474405489954,0.21368461763703442,-0.47920659462348697,0.35843710651368793,9,0.2112818940845398,0.1678297069371648,-0.11766433151230321,0.5402281196813827,EUR_GBP,10,2.5,long,30,264,48
23,0.2058192553228265,0.1992928797170469,-0.1847947889225854,0.5964332995682384,10,0.3551138517130389,0.25717169494180697,-0.14894267037290276,0.8591703737989805,EUR_GBP,10,2.5,short,33,264,53
14,0.2857142857142857,0.26578871697687523,-0.23523159956038975,0.8066601709889611,7,0.4237595503552409,0.21957474805371785,-0.006606955830046113,0.8541260565405279,EUR_GBP,10,3.0,long,21,207,37
15,-0.06666666666666667,0.2666666666666666,-0.5893333333333332,0.45599999999999985,7,0.11062653856885118,0.3430839020294363,-0.5618179094088439,0.7830709865465463,EUR_GBP,10,3.0,short,22,207,36
63,0.08028185001926928,0.12461072198103038,-0.16395516506355023,0.3245188651020888,28,0.12100215514148298,0.15220141392708866,-0.17731261615561078,0.41931692643857676,EUR_GBP,14,1.5,long,91,513,130
68,0.006621791397891756,0.1182823232130908,-0.2252115620997662,0.23845514489554973,30,0.1694024975642174,0.15632696147521707,-0.13699834692720805,0.4758033420556429,EUR_GBP,14,1.5,short,98,512,149
35,0.1315400361056003,0.16064383183809824,-0.18332187429707222,0.4464019465082728,15,0.28149608254718017,0.1600107367766659,-0.03212496153508504,0.5951171266294454,EUR_GBP,14,2.0,long,50,354,76
41,0.12646900554297852,0.15331300074583723,-0.17402447591886244,0.4269624870048195,18,0.319905296662033,0.21572244319743694,-0.1029106920049434,0.7427212853290094,EUR_GBP,14,2.0,short,59,354,86
19,-0.02444338994557933,0.23071423506017144,-0.47664329066351535,0.4277565107723567,9,0.2112818940845398,0.1678297069371648,-0.11766433151230321,0.5402281196813827,EUR_GBP,14,2.5,long,28,262,47
23,0.16229152437672142,0.20596663161885165,-0.24140307359622779,0.5659861223496706,11,0.7310805264917056,0.19359020263415505,0.35164372932876176,1.1105173236546495,EUR_GBP,14,2.5,short,34,262,53
13,0.0043167719179600505,0.27738368993664464,-0.5393552603578634,0.5479888041937836,6,0.36140604107527013,0.22816700108954227,-0.08580128106023271,0.808613363210773,EUR_GBP,14,3.0,long,19,205,36
15,-0.06666666666666667,0.2666666666666666,-0.5893333333333332,0.45599999999999985,7,0.3187835053168756,0.28978325719641806,-0.24919167878810378,0.886758689421855,EUR_GBP,14,3.0,short,22,205,36
62,0.12996381534216075,0.12491196390905904,-0.11486363391959495,0.37479126460391643,27,0.2027684818624182,0.15472282706338183,-0.1004882591818102,0.5060252229066466,EUR_GBP,21,1.5,long,89,513,131
71,-0.007742509647089598,0.11588205258404947,-0.23487133271182656,0.2193863134176474,31,0.15064866335513996,0.15235869633987092,-0.14797438147100703,0.4492717081812869,EUR_GBP,21,1.5,short,102,512,154
35,0.15729685736471244,0.1625417251310198,-0.16128492389208637,0.47587863862151125,16,0.24023251617322136,0.14201394774891332,-0.03811482141464875,0.5185798537610915,EUR_GBP,21,2.0,long,51,348,75
43,0.07407509830842142,0.15061303592027903,-0.2211264520953255,0.3692766487121683,19,0.27535040456887944,0.20886063878796665,-0.1340164474555352,0.6847172565932941,EUR_GBP,21,2.0,short,62,348,89
21,-0.01108037207437476,0.21714237387205973,-0.4366794248636118,0.4145186807148623,9,0.2112818940845398,0.1678297069371648,-0.11766433151230321,0.5402281196813827,EUR_GBP,21,2.5,long,30,256,47
24,0.0,0.2085144140570748,-0.4086882515518666,0.4086882515518666,11,0.5492623446735238,0.2464875815327143,0.06614668486940373,1.0323780044776438,EUR_GBP,21,2.5,short,35,256,54
15,0.0037412023288987107,0.2582259926140906,-0.5023817431947188,0.5098641478525163,7,0.32845141792998966,0.19563192561451725,-0.054987156274464155,0.7118899921344435,EUR_GBP,21,3.0,long,22,204,37
14,0.14285714285714285,0.2745054065230065,-0.39517345392794984,0.6808877396422355,7,0.34865163024001106,0.2830729377713102,-0.2061713277917569,0.903474588271779,EUR_GBP,21,3.0,short,21,204,35
66,0.00997221345006852,0.1223741764008107,-0.22988117229552046,0.2498255991956575,29,0.079449198265021,0.18539459709926004,-0.28392421204952867,0.4428226085795707,EUR_JPY,7,1.5,long,95,517,141
52,-0.15964452733077047,0.13607835257892684,-0.4263580983854671,0.10706904372392614,23,-0.3735028808635329,0.18481506486971014,-0.7357404080081648,-0.011265353718901028,EUR_JPY,7,1.5,short,75,517,128
40,-0.0036887098759603165,0.1566013956490597,-0.3106274453481173,0.3032500255961967,18,0.4057792638714227,0.21487653900668058,-0.015378752581671207,0.8269372803245166,EUR_JPY,7,2.0,long,58,363,86
29,0.02320724852979999,0.1770283500906655,-0.32376831764790437,0.37018281470750436,13,-0.48579084994046257,0.24061215189121715,-0.9573906676472481,-0.014191032233676959,EUR_JPY,7,2.0,short,42,363,74
30,-0.047508902949210695,0.18292998227372223,-0.40605166820570626,0.3110338623072849,13,0.23076923076923078,0.2808833628231621,-0.319762160364167,0.7813006219026286,EUR_JPY,7,2.5,long,43,273,59
16,0.08798512937237893,0.24283160025098943,-0.3879648071195604,0.5639350658643182,7,-0.14285714285714285,0.40406101782088427,-0.9348167377860761,0.6491024520717903,EUR_JPY,7,2.5,short,23,273,52
18,0.0155001636194995,0.23342101843677227,-0.44200503251657414,0.4730053597555732,9,0.1111111111111111,0.35136418446315326,-0.5775626904366693,0.7997849126588914,EUR_JPY,7,3.0,long,27,210,40
7,0.14285714285714285,0.40406101782088427,-0.6491024520717903,0.9348167377860761,4,0.0,0.5773502691896257,-1.1316065276116665,1.1316065276116665,EUR_JPY,7,3.0,short,11,210,31
70,0.018794753346356257,0.11807969989931828,-0.21264145845630758,0.2502309651490201,31,0.052893426859162665,0.1769465538455081,-0.2939218186780332,0.3997086723963585,EUR_JPY,10,1.5,long,101,517,145
53,-0.17550029096603897,0.13442453854315148,-0.4389723865106159,0.08797180457853793,24,-0.2848542001493555,0.19243813271357793,-0.6620329402679682,0.09232453996925727,EUR_JPY,10,1.5,short,77,517,127
39,0.0916598182441972,0.1598185389848074,-0.22158451816602534,0.40490415465441976,17,0.3708251029226829,0.22487529956365035,-0.06993048422207176,0.8115806900674376,EUR_JPY,10,2.0,long,56,358,86
29,0.06696036958156677,0.17825283081327079,-0.282415178812444,0.4163359179755775,13,-0.48579084994046257,0.24061215189121715,-0.9573906676472481,-0.014191032233676959,EUR_JPY,10,2.0,short,42,358,76
30,-0.07158494650128079,0.17973239249128584,-0.423860435784201,0.28069054278163946,14,0.42857142857142855,0.25058800551629407,-0.0625810622405078,0.9197239193833648,EUR_JPY,10,2.5,long,44,272,60
14,0.31997063725538666,0.25503168052147274,-0.17989145656669991,0.8198327310774732,6,-0.6666666666666666,0.33333333333333337,-1.32,-0.013333333333333197,EUR_JPY,10,2.5,short,20,272,49
22,-0.16913622976586398,0.2083094858938869,-0.5774228221178823,0.23915036258615432,10,0.0,0.3333333333333333,-0.6533333333333333,0.6533333333333333,EUR_JPY,10,3.0,long,32,214,43
7,0.42857142857142855,0.36885555678165877,-0.29438546272062266,1.1515283198634798,4,-0.5,0.5,-1.48,0.48,EUR_JPY,10,3.0,short,11,214,33
70,-0.05545586011182769,0.11875320905422893,-0.2882121498581164,0.17730042963446102,30,0.08798987442113475,0.17931170999285226,-0.2634610771648557,0.4394408260071252,EUR_JPY,14,1.5,long,100,506,146
54,-0.1397968000406754,0.13275444456698302,-0.3999955113919621,0.12040191131061129,24,-0.2848542001493555,0.19243813271357793,-0.6620329402679682,0.09232453996925727,EUR_JPY,14,1.5,short,78,505,126
40,0.11436832278809228,0.15741837031203373,-0.19417168302349386,0.4229083285996784,18,0.2946681527603116,0.22527763916086524,-0.14687601999498423,0.7362123255156074,EUR_JPY,14,2.0,long,58,359,89
30,0.09806169059551453,0.17499454967387088,-0.24492762676527238,0.4410510079563015,14,-0.37966293208757235,0.24675238903485572,-0.8632976145958895,0.10397175042074486,EUR_JPY,14,2.0,short,44,359,78
30,0.08024952357216777,0.1815676617308738,-0.27562309342034486,0.43612214056468046,13,0.5384615384615384,0.24325212770525995,0.06168736815922893,1.015235708763848,EUR_JPY,14,2.5,long,43,271,62
14,0.1771134943982438,0.2655251797001769,-0.34331585781410295,0.6975428466105906,7,-0.33075443560371615,0.3563576541869513,-1.0292154378101408,0.36770656660270845,EUR_JPY,14,2.5,short,21,271,48
23,-0.1497077548439614,0.19999254223596286,-0.5416931376264486,0.24227762793852578,10,0.2,0.32659863237109044,-0.4401333194473372,0.8401333194473373,EUR_JPY,14,3.0,long,33,219,44
6,0.3333333333333333,0.421637021355784,-0.4930752285240034,1.15974189519067,3,-0.3333333333333333,0.6666666666666667,-1.6400000000000001,0.9733333333333336,EUR_JPY,14,3.0,short,9,219,33
71,0.0013503841528711346,0.11725384482316245,-0.22846715170052725,0.23116792000626954,31,0.11740955589142073,0.17590861247859388,-0.2273713245666233,0.4621904363494647,EUR_JPY,21,1.5,long,102,509,150
54,-0.07461430528814648,0.13278726760748333,-0.33487734979881384,0.18564873922252084,24,-0.20152086681602213,0.196963609394696,-0.5875695412296263,0.18452780759758206,EUR_JPY,21,1.5,short,78,508,128
41,0.024390243902438755,0.15806684630263074,-0.2854207748507175,0.334201262655595,18,0.5168903749825338,0.20035320436694837,0.12419809442331498,0.9095826555417525,EUR_JPY,21,2.0,long,59,365,95
33,-0.06236816006468376,0.1679934225820176,-0.39163526832543827,0.26689894819607074,15,-0.15435206994840087,0.2558090221196526,-0.6557377533029201,0.34703361340611827,EUR_JPY,21,2.0,short,48,365,83
32,0.07121884203596883,0.1753870731539022,-0.27253982134567944,0.41497750541761713,14,0.2857142857142857,0.26578871697687523,-0.23523159956038975,0.8066601709889611,EUR_JPY,21,2.5,long,46,274,67
16,0.15497430759846334,0.24905283169688675,-0.33316924252743463,0.6431178577243614,8,-0.6644101311532516,0.25241248699048463,-1.1591386056546016,-0.16968165665190177,EUR_JPY,21,2.5,short,24,274,49
25,-0.037820238572687445,0.19681834072378507,-0.4235841863913062,0.34794370924593127,12,0.16666666666666666,0.2972941950052816,-0.41602995554368527,0.7493632888770185,EUR_JPY,21,3.0,long,37,218,45
9,0.3333333333333333,0.3333333333333333,-0.32,0.9866666666666666,4,-0.5,0.5,-1.48,0.48,EUR_JPY,21,3.0,short,13,218,37
63,0.0793650793650792,0.12659951996146657,-0.16876997975939528,0.32750013848955367,28,0.42857142857142855,0.17388017698576702,0.08776628167932521,0.7693765754635319,GBP_JPY,7,1.5,long,91,514,134
55,-0.01818181818181818,0.1360602686099615,-0.28485994465734277,0.2484963082937064,24,0.17402770641115853,0.19669925228902477,-0.21150282807533002,0.559558240897647,GBP_JPY,7,1.5,short,79,514,120
46,0.17391304347826064,0.14679950448812287,-0.11381398531846021,0.4616400722749815,21,0.14285714285714285,0.22131333406899525,-0.29091699191808784,0.5766312776323735,GBP_JPY,7,2.0,long,67,356,95
30,0.06666666666666667,0.18528222234124034,-0.2964864891221644,0.4298198224554977,14,0.1322247070479392,0.25508712785743837,-0.36774606355264,0.6321954776485184,GBP_JPY,7,2.0,short,44,356,71
30,0.13333333333333297,0.18403731089310738,-0.22737979601715747,0.4940464626838234,13,-0.16895588988243276,0.2734804660835146,-0.7049776034061215,0.3670658236412559,GBP_JPY,7,2.5,long,43,252,62
17,0.29411764705882354,0.23894230601870473,-0.1742092727378377,0.7624445668554848,8,0.020248731777676304,0.30731467037652044,-0.5820880221603038,0.6225854857156563,GBP_JPY,7,2.5,short,25,252,42
18,0.1111111111111105,0.24103384202072894,-0.3613152192495182,0.5835374414717391,8,-0.1495533210589533,0.34999116902337285,-0.8355360123447642,0.5364293702268574,GBP_JPY,7,3.0,long,26,207,41
13,0.5384615384615384,0.24325212770525995,0.06168736815922893,1.015235708763848,6,0.4809871848687626,0.34760713000761195,-0.20032278994615682,1.162297159683682,GBP_JPY,7,3.0,short,19,207,32
66,0.09090909090909075,0.12352113099759225,-0.15119232584619005,0.33301050766437157,29,0.3793103448275862,0.1748595009783138,0.036585722910091156,0.7220349667450812,GBP_JPY,10,1.5,long,95,514,139
53,0.018867924528301886,0.13865036279904783,-0.25288678655783187,0.29062263561443563,24,0.17402770641115853,0.19669925228902477,-0.21150282807533002,0.559558240897647,GBP_JPY,10,1.5,short,77,513,119
46,0.17391304347826064,0.14679950448812287,-0.11381398531846021,0.4616400722749815,20,0.1,0.22826577307580465,-0.3474009152285771,0.5474009152285771,GBP_JPY,10,2.0,long,66,357,99
31,0.03225806451612903,0.1824791693384639,-0.32540110738726025,0.38991723641951825,14,0.1322247070479392,0.25508712785743837,-0.36774606355264,0.6321954776485184,GBP_JPY,10,2.0,short,45,357,76
29,0.1724137931034479,0.18615215396740079,-0.19244442867265765,0.5372720148795535,13,-0.16895588988243276,0.2734804660835146,-0.7049776034061215,0.3670658236412559,GBP_JPY,10,2.5,long,42,252,61
17,0.29411764705882354,0.23894230601870473,-0.1742092727378377,0.7624445668554848,8,0.4095083431261044,0.2969325037114994,-0.17247936414843434,0.9914960504006431,GBP_JPY,10,2.5,short,25,252,45
21,0.14285714285714232,0.22131333406899512,-0.29091699191808806,0.5766312776323728,10,-0.3196426568471626,0.2984565688865599,-0.90461753186482,0.26533221817049485,GBP_JPY,10,3.0,long,31,203,45
12,0.6666666666666666,0.22473328748774735,0.22618942319068186,1.1071439101426515,6,0.4809871848687626,0.34760713000761195,-0.20032278994615682,1.162297159683682,GBP_JPY,10,3.0,short,18,203,32
68,0.0882352941176469,0.12169294199918702,-0.15028287220075964,0.32675346043605347,30,0.3333333333333333,0.17507524381296338,-0.009814144540074898,0.6764808112067415,GBP_JPY,14,1.5,long,98,514,143
51,-0.058823529411764705,0.1411764705882353,-0.3355294117647059,0.21788235294117647,23,0.2250723892986002,0.198407394107034,-0.16380610315118646,0.6139508817483869,GBP_JPY,14,1.5,short,74,513,120
46,0.13043478260869565,0.14779766706066041,-0.15924864483019877,0.4201182100475901,20,0.2,0.22478059477960655,-0.2405699657680288,0.6405699657680288,GBP_JPY,14,2.0,long,66,357,101
32,0.0,0.17960530202677488,-0.35202639197247876,0.35202639197247876,14,0.1322247070479392,0.25508712785743837,-0.36774606355264,0.6321954776485184,GBP_JPY,14,2.0,short,46,356,79
32,0.12499999999999965,0.17819661124180922,-0.22426535803394637,0.4742653580339457,14,-0.2857142857142857,0.2657887169768753,-0.8066601709889613,0.23523159956038986,GBP_JPY,14,2.5,long,46,259,68
20,0.2,0.22478059477960655,-0.2405699657680288,0.6405699657680288,9,0.2528963050009817,0.30512808907699385,-0.3451547495899262,0.8509473595918896,GBP_JPY,14,2.5,short,29,259,51
22,0.18181818181818132,0.21458067067348435,-0.23875993270184798,0.6023962963382106,10,-0.3196426568471626,0.2984565688865599,-0.90461753186482,0.26533221817049485,GBP_JPY,14,3.0,long,32,197,48
14,0.5714285714285714,0.2276078590901976,0.12531716761178413,1.0175399752453587,6,0.4809871848687626,0.34760713000761195,-0.20032278994615682,1.162297159683682,GBP_JPY,14,3.0,short,20,197,32
71,0.07042253521126746,0.1192261156994448,-0.16326065155964434,0.3041057219821792,31,0.3548387096774194,0.17069363297190907,0.02027918905247761,0.6893982303023611,GBP_JPY,21,1.5,long,102,521,148
56,-0.03571428571428571,0.13475395017289296,-0.2998320280531559,0.2284034566245845,24,0.17402770641115853,0.19669925228902477,-0.21150282807533002,0.559558240897647,GBP_JPY,21,1.5,short,80,520,125
46,0.17391304347826064,0.14679950448812287,-0.11381398531846021,0.4616400722749815,21,0.14285714285714285,0.22131333406899525,-0.29091699191808784,0.5766312776323735,GBP_JPY,21,2.0,long,67,356,102
33,-0.030303030303030304,0.1766955119650091,-0.37662623375444815,0.3160201731483875,15,0.056743059911409925,0.24918064962297198,-0.43165101334961514,0.545137133172435,GBP_JPY,21,2.0,short,48,355,81
35,0.0857142857142854,0.1708674289363204,-0.24918587500090256,0.4206144464294734,15,0.06666666666666667,0.2666666666666666,-0.45599999999999985,0.5893333333333332,GBP_JPY,21,2.5,long,50,257,70
18,0.2222222222222222,0.23647127470752347,-0.24126147620452376,0.6857059206489682,9,0.2528963050009817,0.30512808907699385,-0.3451547495899262,0.8509473595918896,GBP_JPY,21,2.5,short,27,257,52
23,0.21739130434782564,0.20810192223064314,-0.19048846322423493,0.6252710719198862,10,0.0,0.3333333333333333,-0.6533333333333333,0.6533333333333333,GBP_JPY,21,3.0,long,33,196,49
14,0.5714285714285714,0.2276078590901976,0.12531716761178413,1.0175399752453587,6,0.4809871848687626,0.34760713000761195,-0.20032278994615682,1.162297159683682,GBP_JPY,21,3.0,short,20,196,32
46,0.2017213493909497,0.14447327870965282,-0.0814462768799698,0.4848889756618692,20,-0.0022158971558108977,0.2177653282413229,-0.4290359405088037,0.42460414619718195,GBP_AUD,7,1.5,long,66,509,101
60,-0.26666666666666683,0.12547461684616942,-0.5125969156851589,-0.02073641764817477,26,-0.19323994779369189,0.19227265855786413,-0.5700943585671056,0.1836144629797218,GBP_AUD,7,1.5,short,86,509,118
30,0.17597273573278957,0.17987527772754555,-0.17658280861319972,0.5285282800787788,13,-0.03784504100494717,0.2675620930586656,-0.5622667433999317,0.48657666139003736,GBP_AUD,7,2.0,long,43,353,57
35,-0.37142857142857144,0.1592298390901111,-0.6835190560451891,-0.05933808681195368,15,-0.2,0.26186146828319085,-0.7132484778350541,0.313248477835054,GBP_AUD,7,2.0,short,50,353,66
17,0.23774621202833035,0.23515359691738513,-0.2231548379297445,0.6986472619864053,8,-0.36445083356708025,0.3258101702375822,-1.0030387672327412,0.2741371000985808,GBP_AUD,7,2.5,long,25,268,39
25,-0.52,0.17435595774162693,-0.8617376771735887,-0.17826232282641125,11,-0.2727272727272727,0.30424000964875475,-0.869037691638832,0.32358314618428663,GBP_AUD,7,2.5,short,36,267,47
9,0.22685395605351288,0.3235775116058583,-0.4073579666939694,0.8610658788009952,4,0.5,0.5,-0.48,1.48,GBP_AUD,7,3.0,long,13,203,17
14,-0.42857142857142855,0.25058800551629407,-0.9197239193833648,0.0625810622405078,7,0.14285714285714285,0.40406101782088427,-0.6491024520717903,0.9348167377860761,GBP_AUD,7,3.0,short,21,202,29
44,0.11998141072690198,0.14977879905134214,-0.1735850354137286,0.4135478568675326,19,-0.054964102269275214,0.22270899059175608,-0.49147372382911714,0.3815455192905667,GBP_AUD,10,1.5,long,63,512,102
60,-0.20000000000000018,0.1275585608286561,-0.45001477922416616,0.050014779224165806,26,-0.11631687087061539,0.19473381254388275,-0.49799514345662554,0.2653614017153948,GBP_AUD,10,1.5,short,86,512,120
28,0.11711364542798883,0.18790795359677365,-0.25118594362168756,0.48541323447766516,13,0.11600111284120668,0.2656830305475988,-0.404737627032087,0.6367398527145003,GBP_AUD,10,2.0,long,41,350,57
35,-0.37142857142857144,0.1592298390901111,-0.6835190560451891,-0.05933808681195368,15,-0.3333333333333333,0.25197631533948484,-0.8272069113987236,0.16054024473205697,GBP_AUD,10,2.0,short,50,350,66
15,0.5361123736321077,0.21481432217259724,0.11507630217381715,0.9571484450903983,7,-0.27365809550523457,0.36131047728230514,-0.9818266309785526,0.4345104399680835,GBP_AUD,10,2.5,long,22,263,35
23,-0.5652173913043478,0.17587822499041095,-0.9099387122855532,-0.22049607032314233,11,-0.09090909090909091,0.3149183286488867,-0.7081490150609089,0.526330833242727,GBP_AUD,10,2.5,short,34,262,46
7,0.42857142857142855,0.36885555678165877,-0.29438546272062266,1.1515283198634798,4,0.5,0.5,-0.48,1.48,GBP_AUD,10,3.0,long,11,206,18
14,-0.5714285714285714,0.2276078590901976,-1.0175399752453587,-0.12531716761178413,6,0.3333333333333333,0.421637021355784,-0.4930752285240034,1.15974189519067,GBP_AUD,10,3.0,short,20,205,30
42,0.14285714285714285,0.15457193737155983,-0.1601038543911144,0.4458181401054001,19,0.05029905562546163,0.2227702302035084,-0.3863305955734148,0.48692870682433803,GBP_AUD,14,1.5,long,61,504,98
59,-0.12573661103247788,0.12951988025928007,-0.3795955763406669,0.1281223542757111,26,-0.19323994779369275,0.19227265855786393,-0.5700943585671061,0.18361446297972056,GBP_AUD,14,1.5,short,85,504,117
28,0.11711364542798883,0.18790795359677365,-0.25118594362168756,0.48541323447766516,13,0.006491794727951472,0.2774260628020859,-0.537263288364137,0.5502468778200399,GBP_AUD,14,2.0,long,41,351,57
35,-0.37142857142857144,0.1592298390901111,-0.6835190560451891,-0.05933808681195368,16,-0.2499999999999993,0.2500000000000002,-0.7399999999999998,0.24000000000000113,GBP_AUD,14,2.0,short,51,351,68
17,0.3553932708518598,0.22568981903516125,-0.08695877445705624,0.7977453161607758,8,0.13554916643291975,0.35000340871376345,-0.5504575146460566,0.821555847511896,GBP_AUD,14,2.5,long,25,264,36
26,-0.46153846153846156,0.17742403991801228,-0.8092895797777656,-0.11378734329915752,12,-0.16666666666666666,0.2972941950052816,-0.7493632888770185,0.41602995554368527,GBP_AUD,14,2.5,short,38,263,48
9,0.5555555555555556,0.2939723678960656,-0.020630285520732983,1.1317413966318441,4,0.0,0.5773502691896257,-1.1316065276116665,1.1316065276116665,GBP_AUD,14,3.0,long,13,207,20
16,-0.5,0.22360679774997896,-0.9382693235899587,-0.06173067641004126,7,-0.14285714285714285,0.40406101782088427,-0.9348167377860761,0.6491024520717903,GBP_AUD,14,3.0,short,23,206,35
42,0.047619047619047616,0.1559965936388461,-0.25813427591309074,0.35337237115118597,19,0.05029905562546163,0.2227702302035084,-0.3863305955734148,0.48692870682433803,GBP_AUD,21,1.5,long,61,502,98
62,-0.11195409266757864,0.12573309034805769,-0.3583909497497717,0.13448276441461443,27,-0.18518518518518517,0.1927240401742195,-0.5629243039266554,0.19255393355628508,GBP_AUD,21,1.5,short,89,502,117
28,0.18854221685656025,0.18574387105000276,-0.17551577040144517,0.5526002041145657,12,-0.07697746845901964,0.2878171610645638,-0.6410991041455647,0.4871441672275254,GBP_AUD,21,2.0,long,40,350,56
35,-0.2571428571428571,0.1657316710671738,-0.5819769324345178,0.06769121814880352,15,-0.33333333333333265,0.25197631533948506,-0.8272069113987234,0.16054024473205808,GBP_AUD,21,2.0,short,50,350,66
17,0.3553932708518598,0.22568981903516125,-0.08695877445705624,0.7977453161607758,8,0.13554916643291975,0.35000340871376345,-0.5504575146460566,0.821555847511896,GBP_AUD,21,2.5,long,25,262,34
25,-0.52,0.17435595774162693,-0.8617376771735887,-0.17826232282641125,11,-0.2727272727272727,0.30424000964875475,-0.869037691638832,0.32358314618428663,GBP_AUD,21,2.5,short,36,261,49
9,0.7777777777777778,0.2222222222222222,0.34222222222222226,1.2133333333333334,5,-0.2,0.48989794855663565,-1.1601999791710058,0.7601999791710059,GBP_AUD,21,3.0,long,14,203,23
16,-0.375,0.23935677693908453,-0.8441392828006057,0.09413928280060568,8,-0.5,0.32732683535398854,-1.1415605972938176,0.14156059729381754,GBP_AUD,21,3.0,short,24,202,36
63,-0.18806649286722663,0.12372731443218866,-0.4305720291543164,0.054439043419863165,28,0.45049585390357866,0.1549593893190462,0.1467754508382481,0.7542162569689093,GBP_CAD,7,1.5,long,91,519,129
57,0.05527885528819357,0.13143490339295136,-0.20233355536199107,0.31289126593837824,25,-0.021582233888461744,0.17953058286727974,-0.37346217630833006,0.33029770853140655,GBP_CAD,7,1.5,short,82,518,130
30,-0.1616063016878426,0.18016451186518695,-0.514728744943609,0.19151614156792382,14,-0.031810053177977186,0.27026117381375603,-0.5615219538529389,0.4979018474969846,GBP_CAD,7,2.0,long,44,371,76
38,0.17591899513268971,0.15984360585183433,-0.13737447233690553,0.48921246260228496,17,0.07624652354210722,0.22030277394321593,-0.355546913386596,0.5080399604708105,GBP_CAD,7,2.0,short,55,371,81
25,-0.1539275620254111,0.1976136980979551,-0.5412504102974031,0.23339528624658087,11,-0.14173313412927568,0.30111086817171556,-0.7319104357458381,0.44844416748728677,GBP_CAD,7,2.5,long,36,275,53
24,0.2223921514620316,0.19520074733241552,-0.1602013133095028,0.604985616233566,11,0.37925398506997693,0.27711736412414345,-0.16389604861334423,0.922404018753298,GBP_CAD,7,2.5,short,35,275,54
11,0.37743735903315656,0.2772592814154921,-0.16599083254120794,0.9208655506075211,5,0.2,0.48989794855663565,-0.7601999791710059,1.1601999791710058,GBP_CAD,7,3.0,long,16,209,28
14,0.17090486736966196,0.26684906785397255,-0.3521193056241243,0.6939290403634482,7,0.23606997429236415,0.3693836596224303,-0.48792199856759927,0.9600619471523275,GBP_CAD,7,3.0,short,21,209,38
59,-0.10889865455494069,0.12750298339088573,-0.3588045020010767,0.14100719289119534,26,0.40918447266383884,0.16405358086427332,0.08763945416986313,0.7307294911578146,GBP_CAD,10,1.5,long,85,511,126
53,0.09718669342315157,0.13578750395530786,-0.16895681432925186,0.363330201175555,24,-0.06414816030048098,0.18183656091137998,-0.42054781968678573,0.29225149908582376,GBP_CAD,10,1.5,short,77,511,126
32,-0.15150590783235243,0.17473631424813743,-0.49398908375870176,0.19097726809399693,15,0.17031061703388797,0.2570210413436083,-0.33345062399958436,0.6740718580673603,GBP_CAD,10,2.0,long,47,367,76
37,0.20770058959573537,0.16094482545217478,-0.1077512682905272,0.523152447481998,17,-0.10242745027496636,0.22784261852633994,-0.5489989825865926,0.3441440820366599,GBP_CAD,10,2.0,short,54,367,81
24,-0.11867454377646991,0.2027216939450905,-0.5160090639088473,0.27865997635590745,11,0.09090909090909091,0.3149183286488867,-0.526330833242727,0.7081490150609089,GBP_CAD,10,2.5,long,35,273,52
25,0.30739687260168835,0.19033721535958154,-0.06566406950309145,0.6804578147064682,11,0.45454545454545453,0.2816715160878121,-0.09753071698665722,1.0066216260775662,GBP_CAD,10,2.5,short,36,273,57
11,0.09090909090909091,0.3149183286488867,-0.526330833242727,0.7081490150609089,6,0.0,0.4472135954999579,-0.8765386471799175,0.8765386471799175,GBP_CAD,10,3.0,long,17,203,28
16,0.1495417589484542,0.25009205123317274,-0.34063866146856436,0.6397221793654727,8,0.5815612275058186,0.2807851121176211,0.03122240775528129,1.131900047256356,GBP_CAD,10,3.0,short,24,203,39
60,-0.12375034364569171,0.12623661546201875,-0.37117410995124844,0.12367342265986506,27,0.42920169648524104,0.15950968320437767,0.11656271740466079,0.7418406755658213,GBP_CAD,14,1.5,long,87,504,126
51,0.10099793630249085,0.1383320462497278,-0.17013287434697563,0.3721287469519573,22,0.020929279672202553,0.18806802080021684,-0.3476840410962225,0.38954260044062755,GBP_CAD,14,1.5,short,73,504,125
32,-0.026505907832352432,0.1767783049367682,-0.37299138550841804,0.31997956984371323,15,0.17031061703388797,0.2570210413436083,-0.33345062399958436,0.6740718580673603,GBP_CAD,14,2.0,long,47,363,76
40,0.11712304537605522,0.15720018666457777,-0.19098932048651723,0.4252354112386277,18,0.13760439331217872,0.21393638737689627,-0.28171092594653796,0.5569197125708953,GBP_CAD,14,2.0,short,58,363,82
23,-0.1673125674189251,0.20555139464056066,-0.570193300914424,0.2355681660765738,11,0.2727272727272727,0.30424000964875475,-0.32358314618428663,0.869037691638832,GBP_CAD,14,2.5,long,34,271,51
25,0.22739687260168837,0.1949638463105001,-0.1547322661668918,0.6095260113702685,11,0.2727272727272727,0.30424000964875475,-0.32358314618428663,0.869037691638832,GBP_CAD,14,2.5,short,36,271,54
12,0.0,0.30151134457776363,-0.5909622353724167,0.5909622353724167,6,-0.3333333333333333,0.421637021355784,-1.15974189519067,0.4930752285240034,GBP_CAD,14,3.0,long,18,199,31
18,0.16917544240121202,0.22848212815991348,-0.2786495287922184,0.6170004135946424,8,0.75,0.25,0.26,1.24,GBP_CAD,14,3.0,short,26,199,41
60,-0.02375034364569169,0.12722297059967685,-0.27310736602105834,0.22560667872967494,26,0.4841709925039041,0.15561315103058415,0.17916921648395917,0.789172768523849,GBP_CAD,21,1.5,long,86,500,125
53,0.09718669342315157,0.1357875039553079,-0.16895681432925191,0.36333020117555503,23,-0.023458949878762764,0.18510613085274813,-0.3862669663501491,0.33934906659262354,GBP_CAD,21,1.5,short,76,500,126
35,-0.10994825858957936,0.1680334722545016,-0.4392938642084025,0.2193973470292438,16,0.1611052891724103,0.24059733330342836,-0.3104654841023093,0.6326760624471299,GBP_CAD,21,2.0,long,51,363,77
40,0.1671230453760552,0.15603679252763203,-0.13870906797810356,0.472955158730214,18,0.24871550442328985,0.2079514635486166,-0.15886936413199867,0.6563003729785784,GBP_CAD,21,2.0,short,58,363,83
22,-0.1294631386652399,0.21143864598992196,-0.5438828848054869,0.2849566074750071,10,0.2,0.32659863237109044,-0.4401333194473372,0.8401333194473373,GBP_CAD,21,2.5,long,32,267,50
23,0.33412703543661776,0.1964684956944065,-0.050951216124418997,0.7192052869976545,11,0.09090909090909091,0.3149183286488867,-0.526330833242727,0.7081490150609089,GBP_CAD,21,2.5,short,34,267,53
14,-0.42857142857142855,0.25058800551629407,-0.9197239193833648,0.0625810622405078,6,0.0,0.4472135954999579,-0.8765386471799175,0.8765386471799175,GBP_CAD,21,3.0,long,20,205,33
18,0.14916232305790053,0.2336047796949498,-0.3087030451442011,0.6070276912600021,9,0.6231427514373722,0.25436955915358944,0.12457841549633691,1.1217070873784074,GBP_CAD,21,3.0,short,27,205,39
65,-0.2519228435965878,0.12011150756931603,-0.48734139843244717,-0.016504288760728375,29,-0.11974110753214705,0.16934732216056375,-0.451661858966852,0.2121796439025579,GBP_CHF,7,1.5,long,94,507,140
58,0.16499675915488127,0.1284236985060634,-0.08671368991700296,0.4167072082267655,26,-0.03531293225620365,0.18977548281618037,-0.40727287857591715,0.3366470140635099,GBP_CHF,7,1.5,short,84,507,125
40,-0.034374620844455216,0.1583029978562607,-0.3446484966427262,0.2758992549538158,18,-0.12721379817582165,0.21682509683863227,-0.5521909879795409,0.29776339162789756,GBP_CHF,7,2.0,long,58,351,88
33,0.2873918274255504,0.167254806597683,-0.040427593505908244,0.6152112483570091,15,0.06666666666666667,0.2666666666666666,-0.45599999999999985,0.5893333333333332,GBP_CHF,7,2.0,short,48,351,66
28,-0.0872923567703319,0.1893164062226207,-0.45835251296666846,0.2837677994260046,12,0.2744769757313759,0.26706728856859474,-0.24897490986306975,0.7979288613258215,GBP_CHF,7,2.5,long,40,258,55
22,0.38563319568378013,0.19735613300574067,-0.0011848250074715794,0.7724512163750319,10,0.0,0.3333333333333333,-0.6533333333333333,0.6533333333333333,GBP_CHF,7,2.5,short,32,258,45
15,-0.4666666666666667,0.23637473611411156,-0.9299611494503253,-0.0033721838830080286,7,0.4943440426453372,0.3302425867671761,-0.15293142741832794,1.1416195127090023,GBP_CHF,7,3.0,long,22,198,33
15,0.2,0.26186146828319085,-0.313248477835054,0.7132484778350541,7,0.14285714285714285,0.40406101782088427,-0.6491024520717903,0.9348167377860761,GBP_CHF,7,3.0,short,22,198,34
65,-0.2519228435965878,0.12011150756931603,-0.48734139843244717,-0.016504288760728375,29,-0.05077559029076774,0.17058284611740032,-0.38511796868087234,0.2835667880993369,GBP_CHF,10,1.5,long,94,512,143
59,0.08565664976315722,0.12785274036739414,-0.16493472135693527,0.33624802088324973,26,-0.1525813780960784,0.18329920937973979,-0.5118478284803684,0.20668507228821154,GBP_CHF,10,1.5,short,85,512,129
43,-0.10174383334367927,0.15194473170785922,-0.3995555074910833,0.1960678408037248,19,0.09899845171518747,0.20605087777767947,-0.3048612687290643,0.5028581721594393,GBP_CHF,10,2.0,long,62,349,90
31,0.37044936467881173,0.16724238171418832,0.042654296519002655,0.6982444328386208,14,0.0,0.2773500981126146,-0.5436061923007246,0.5436061923007246,GBP_CHF,10,2.0,short,45,349,65
25,-0.21776743958277173,0.1963133667151839,-0.6025416383445321,0.16700675917898872,12,-0.05885635760195742,0.27903206759889615,-0.6057592100957938,0.488046494891879,GBP_CHF,10,2.5,long,37,252,56
21,0.5468538240496744,0.18248481168122854,0.18918359315446648,0.9045240549448823,10,0.0,0.3333333333333333,-0.6533333333333333,0.6533333333333333,GBP_CHF,10,2.5,short,31,252,44
16,0.0,0.2581988897471611,-0.5060698239044358,0.5060698239044358,7,0.20862975693105149,0.3775382218420364,-0.5313451578793399,0.9486046717414428,GBP_CHF,10,3.0,long,23,194,34
13,0.23076923076923078,0.2808833628231621,-0.319762160364167,0.7813006219026286,6,0.0,0.4472135954999579,-0.8765386471799175,0.8765386471799175,GBP_CHF,10,3.0,short,19,194,32
67,-0.24440275871310757,0.11854168357959527,-0.4767444585291143,-0.012061058897100851,30,-0.006508816206845728,0.1684650494090389,-0.33670031304856196,0.3236826806348705,GBP_CHF,14,1.5,long,97,510,146
63,0.11196416406390915,0.12350513041003079,-0.13010589153975122,0.3540342196675695,28,-0.1416827082320728,0.17773682460808085,-0.49004688446391126,0.20668146799976567,GBP_CHF,14,1.5,short,91,510,135
43,-0.10174383334367927,0.15194473170785922,-0.3995555074910833,0.1960678408037248,19,-0.11152786407428619,0.20569497173811246,-0.5146900086809866,0.29163428053241425,GBP_CHF,14,2.0,long,62,350,91
29,0.327032079484247,0.1760429109715542,-0.018012026019999183,0.6720761849884932,13,0.23076923076923078,0.2808833628231621,-0.319762160364167,0.7813006219026286,GBP_CHF,14,2.0,short,42,350,68
28,-0.23014949962747475,0.1848272575224255,-0.5924109243714287,0.1321119251164792,13,0.022594131444347017,0.2692856947827448,-0.5052058303298328,0.5503940932185267,GBP_CHF,14,2.5,long,41,247,56
21,0.6420919192877697,0.16624999277440125,0.3162419334499432,0.9679419051255961,9,-0.1111111111111111,0.35136418446315326,-0.7997849126588914,0.5775626904366693,GBP_CHF,14,2.5,short,30,247,43
15,-0.06666666666666667,0.2666666666666666,-0.5893333333333332,0.45599999999999985,7,0.4943440426453372,0.3302425867671761,-0.15293142741832794,1.1416195127090023,GBP_CHF,14,3.0,long,22,194,33
11,0.09090909090909091,0.3149183286488867,-0.526330833242727,0.7081490150609089,5,-0.2,0.48989794855663565,-1.1601999791710058,0.7601999791710059,GBP_CHF,14,3.0,short,16,194,30
67,-0.26863112949100637,0.11715593384359702,-0.4982567598244565,-0.03900549915755622,30,0.027662595691697097,0.171767999192396,-0.30900268272539905,0.36432787410879325,GBP_CHF,21,1.5,long,97,514,151
64,0.09458972400041056,0.1227954233326465,-0.14608930573157658,0.3352687537323977,28,-0.08287753222205665,0.17907958687478573,-0.4338735224966367,0.2681184580525233,GBP_CHF,21,1.5,short,92,514,139
43,-0.14825546125065603,0.15103094830840383,-0.4442761199351275,0.14776519743381544,19,-0.3220541798637599,0.19297483354448997,-0.7002848536109603,0.056176493883440426,GBP_CHF,21,2.0,long,62,349,95
30,0.17313946868521662,0.17763116425518924,-0.1750176132549543,0.5212965506253875,14,0.5714285714285714,0.22760785909019757,0.12531716761178419,1.0175399752453587,GBP_CHF,21,2.0,short,44,349,70
29,-0.11876503412307908,0.18536304528188577,-0.4820766028755752,0.244546534629417,13,-0.13125202240180683,0.2666865867091099,-0.6539577323516621,0.3914536875480485,GBP_CHF,21,2.5,long,42,246,60
20,0.6241965152521581,0.17376558723717184,0.28361596426730135,0.964777066237015,9,-0.1111111111111111,0.35136418446315326,-0.7997849126588914,0.5775626904366693,GBP_CHF,21,2.5,short,29,246,45
18,-0.2222222222222222,0.23647127470752347,-0.6857059206489682,0.24126147620452376,8,0.30755103731467004,0.3415944253445444,-0.36197403636063696,0.977076110989977,GBP_CHF,21,3.0,long,26,195,35
12,0.5,0.2611164839335468,-0.011788308509751766,1.0117883085097517,6,0.0,0.4472135954999579,-0.8765386471799175,0.8765386471799175,GBP_CHF,21,3.0,short,18,195,30
42,0.028656333858117194,0.15431642630753376,-0.273803861704649,0.3311165294208833,19,0.24670610866730475,0.21556706218359653,-0.17580533321254443,0.6692175505471539,GBP_NZD,7,1.5,long,61,510,87
50,0.04,0.14274281139196338,-0.23977591032824822,0.3197759103282482,22,-0.09548826113528329,0.20322512873355358,-0.4938095134530483,0.3028329911824817,GBP_NZD,7,1.5,short,72,510,101
22,-0.36363636363636365,0.20327890704543541,-0.762063021445417,0.03479029417268975,10,0.0,0.3333333333333333,-0.6533333333333333,0.6533333333333333,GBP_NZD,7,2.0,long,32,359,48
27,0.03703703703703743,0.19598157859737717,-0.3470868570138218,0.42116093108789665,12,-0.3994817929034222,0.2629595202930806,-0.9148824526778603,0.11591886687101588,GBP_NZD,7,2.0,short,39,359,57
13,-0.5384615384615384,0.24325212770525995,-1.015235708763848,-0.06168736815922893,6,0.05444665798278433,0.42565922446527643,-0.7798454219691574,0.8887387379347261,GBP_NZD,7,2.5,long,19,270,30
17,-0.02246948268729546,0.24357423316927282,-0.4998749796990702,0.4549360143244792,8,-0.34393848009650474,0.33045960765892357,-0.991639311107995,0.3037623509149855,GBP_NZD,7,2.5,short,25,270,33
5,-0.6,0.4000000000000001,-1.3840000000000001,0.18400000000000016,3,0.3333333333333333,0.6666666666666667,-0.9733333333333336,1.6400000000000001,GBP_NZD,7,3.0,long,8,200,19
12,-0.3333333333333333,0.28426762180748055,-0.8904978720759953,0.2238312054093286,6,-0.6666666666666666,0.33333333333333337,-1.32,-0.013333333333333197,GBP_NZD,7,3.0,short,18,199,23
42,0.07627538147716481,0.153921043127215,-0.22540986305217656,0.37796062600650615,18,0.20485644803771055,0.22355911441804033,-0.2333194162216485,0.6430323122970696,GBP_NZD,10,1.5,long,60,506,86
51,0.058823529411764705,0.1411764705882353,-0.21788235294117647,0.3355294117647059,22,-0.09548826113528329,0.20322512873355358,-0.4938095134530483,0.3028329911824817,GBP_NZD,10,1.5,short,73,506,102
23,-0.30434782608695654,0.2030866810856147,-0.7023977210147614,0.09370206884084825,11,0.09090909090909091,0.3149183286488867,-0.526330833242727,0.7081490150609089,GBP_NZD,10,2.0,long,34,360,49
31,0.11776644742342894,0.17868104474328558,-0.2324484002734108,0.4679812951202687,14,-0.38643536040161314,0.2355620977077721,-0.8481370719088464,0.07526635110562013,GBP_NZD,10,2.0,short,45,360,63
11,-0.45454545454545453,0.2816715160878121,-1.0066216260775662,0.09753071698665722,6,0.05444665798278433,0.42565922446527643,-0.7798454219691574,0.8887387379347261,GBP_NZD,10,2.5,long,17,262,30
18,0.03433437746199876,0.23656508694760223,-0.4293331929553016,0.4980019478792991,9,-0.1946119823080042,0.3274667909430138,-0.8364468925563111,0.4472229279403028,GBP_NZD,10,2.5,short,27,262,35
4,-0.5,0.5,-1.48,0.48,2,1.0,0.0,1.0,1.0,GBP_NZD,10,3.0,long,6,198,17
13,-0.23076923076923078,0.2808833628231621,-0.7813006219026286,0.319762160364167,6,-0.6666666666666666,0.33333333333333337,-1.32,-0.013333333333333197,GBP_NZD,10,3.0,short,19,198,23
45,0.048968133823131595,0.14895856418201933,-0.2429906519736263,0.34092691961988947,20,0.2843708032339395,0.207944395657632,-0.12320021225501926,0.6919418187228983,GBP_NZD,14,1.5,long,65,508,89
53,0.05660377358490566,0.13845271428402695,-0.2147635464117872,0.3279710935815985,24,-0.08753090604067636,0.19549975726641924,-0.4707104302828581,0.29564861820150534,GBP_NZD,14,1.5,short,77,508,105
23,-0.21739130434782608,0.20810192223064325,-0.6252710719198868,0.19048846322423466,11,-0.09090909090909091,0.3149183286488867,-0.7081490150609089,0.526330833242727,GBP_NZD,14,2.0,long,34,356,47
30,0.09439634433680032,0.18182011056273073,-0.2619710723661519,0.4507637610397526,13,-0.18539192658635262,0.26242128498087836,-0.6997376451488742,0.3289537919761689,GBP_NZD,14,2.0,short,43,356,65
14,-0.2857142857142857,0.26578871697687523,-0.8066601709889611,0.23523159956038975,7,-0.09618857887189915,0.39001203258686573,-0.8606121627421559,0.6682350049983576,GBP_NZD,14,2.5,long,21,263,27
17,0.09517757613623395,0.24247430529814057,-0.38007206224812157,0.5704272145205895,8,-0.5939384800965047,0.27515077062023796,-1.133233990512171,-0.05464296968083837,GBP_NZD,14,2.5,short,25,263,34
6,-0.3333333333333333,0.421637021355784,-1.15974189519067,0.4930752285240034,3,0.3333333333333333,0.6666666666666667,-0.9733333333333336,1.6400000000000001,GBP_NZD,14,3.0,long,9,196,19
14,-0.2857142857142857,0.26578871697687523,-0.8066601709889611,0.23523159956038975,6,-0.6666666666666666,0.33333333333333337,-1.32,-0.013333333333333197,GBP_NZD,14,3.0,short,20,196,24
42,0.07627538147716481,0.153921043127215,-0.22540986305217656,0.37796062600650615,19,0.24670610866730475,0.21556706218359653,-0.17580533321254443,0.6692175505471539,GBP_NZD,21,1.5,long,61,509,88
53,0.09433962264150964,0.13805656836684027,-0.1762512513574973,0.3649304966405166,24,-0.1708642393740097,0.1930904989797481,-0.549321617374316,0.20759313862629655,GBP_NZD,21,1.5,short,77,509,105
24,-0.25,0.2018932132718121,-0.6457106980127516,0.14571069801275166,11,0.09090909090909091,0.3149183286488867,-0.526330833242727,0.7081490150609089,GBP_NZD,21,2.0,long,35,357,49
32,0.062499999999999306,0.1792541671806066,-0.2888381676739896,0.4138381676739883,14,-0.2435782175444703,0.2498253950417403,-0.7332359918262813,0.24607955673734072,GBP_NZD,21,2.0,short,46,357,68
14,-0.2857142857142857,0.26578871697687523,-0.8066601709889611,0.23523159956038975,7,-0.3819028645861849,0.35964305408314046,-1.08680325058914,0.32299752141677035,GBP_NZD,21,2.5,long,21,265,30
20,0.06343893322211373,0.21877282343998306,-0.36535580072025303,0.4922336671644805,9,-0.41683420453022646,0.3004161827689273,-1.005649922757324,0.17198151369687098,GBP_NZD,21,2.5,short,29,265,39
7,0.14285714285714285,0.40406101782088427,-0.6491024520717903,0.9348167377860761,3,0.3333333333333333,0.6666666666666667,-0.9733333333333336,1.6400000000000001,GBP_NZD,21,3.0,long,10,197,20
14,-0.2857142857142857,0.26578871697687523,-0.8066601709889611,0.23523159956038975,6,-0.6666666666666666,0.33333333333333337,-1.32,-0.013333333333333197,GBP_NZD,21,3.0,short,20,197,23
65,0.15674434133756698,0.1191304406175966,-0.07675132227292236,0.39024000494805633,28,0.00012132919898596597,0.18315096797584635,-0.3588545680336729,0.35909722643164477,CHF_JPY,7,1.5,long,93,504,122
57,-0.2687193786283507,0.1256750936808556,-0.5150425622428277,-0.022396195013873715,25,-0.4768506250275426,0.17474522471763124,-0.8193512654740998,-0.1343499845809854,CHF_JPY,7,1.5,short,82,504,120
34,0.17468558951133473,0.16848389868084102,-0.15554285190311368,0.5049140309257831,15,-0.2,0.26186146828319085,-0.7132484778350541,0.313248477835054,CHF_JPY,7,2.0,long,49,345,67
36,-0.08894473878349357,0.16126177527615235,-0.40501781832475214,0.227128340757765,16,-0.6523678382960543,0.18028454468704208,-1.0057255458826568,-0.2990101307094518,CHF_JPY,7,2.0,short,52,345,73
23,0.3467642555293402,0.19497111935257952,-0.03537913840171564,0.7289076494603961,11,-0.09090909090909091,0.3149183286488867,-0.7081490150609089,0.526330833242727,CHF_JPY,7,2.5,long,34,251,47
18,0.054324730993422485,0.2234759328832772,-0.3836880974578008,0.4923375594446458,8,-0.5,0.32732683535398854,-1.1415605972938176,0.14156059729381754,CHF_JPY,7,2.5,short,26,251,47
16,0.1778491316516317,0.2459484925113117,-0.30420991367053923,0.6599081769738027,8,-0.25,0.3659625273556999,-0.9672865536171718,0.46728655361717175,CHF_JPY,7,3.0,long,24,202,35
6,0.6666666666666666,0.33333333333333337,0.013333333333333197,1.32,3,-0.3333333333333333,0.6666666666666667,-1.6400000000000001,0.9733333333333336,CHF_JPY,7,3.0,short,9,202,26
62,0.16344687937416763,0.12057351865749168,-0.07287721719451606,0.3997709759428513,27,-0.036911214164014536,0.18613893678478194,-0.4017435302621871,0.327921101934158,CHF_JPY,10,1.5,long,89,497,118
58,-0.281327665203724,0.12413125903627688,-0.5246249329148267,-0.0380303974926213,26,-0.429212232841208,0.17451760679759346,-0.7712667421644912,-0.08715772351792483,CHF_JPY,10,1.5,short,84,497,119
35,0.23633074493494444,0.16151359053076797,-0.08023589250536078,0.5528973823752497,15,-0.2,0.26186146828319085,-0.7132484778350541,0.313248477835054,CHF_JPY,10,2.0,long,50,348,68
33,-0.1603289362139721,0.1690979447603251,-0.4917609079442093,0.1711030355162651,15,-0.6291923608491246,0.19113320500372336,-1.0038134426564223,-0.2545712790418268,CHF_JPY,10,2.0,short,48,348,74
24,0.4166666666666667,0.18955197622504827,0.04514479326557208,0.7881885400677613,11,-0.09090909090909091,0.3149183286488867,-0.7081490150609089,0.526330833242727,CHF_JPY,10,2.5,long,35,247,47
20,0.007452345161518503,0.2075129494544039,-0.39927303576911316,0.41417772609215014,9,-0.5555555555555556,0.2939723678960656,-1.1317413966318441,0.020630285520732983,CHF_JPY,10,2.5,short,29,247,47
16,0.23882274897505823,0.23373648983919795,-0.21930077110976975,0.6969462690598862,8,-0.25,0.3659625273556999,-0.9672865536171718,0.46728655361717175,CHF_JPY,10,3.0,long,24,204,37
7,0.7142857142857143,0.2857142857142857,0.15428571428571436,1.2742857142857142,4,0.0,0.5773502691896257,-1.1316065276116665,1.1316065276116665,CHF_JPY,10,3.0,short,11,204,25
62,0.20622774777667213,0.11991578089948463,-0.02880718278631772,0.441262678339662,28,-0.07130724222958544,0.18263612607927415,-0.42927404934496277,0.28665956488579186,CHF_JPY,14,1.5,long,90,502,122
61,-0.23380733015122396,0.12229726485308055,-0.47350996926326183,0.005895308960813916,27,-0.37627844643968184,0.17607484647104443,-0.721385145522929,-0.031171747356434742,CHF_JPY,14,1.5,short,88,502,123
37,0.27761016412765016,0.15535108772157846,-0.026877967806643643,0.582098296061944,17,-0.17647058823529413,0.24607647839237515,-0.6587804858843495,0.30583930941376114,CHF_JPY,14,2.0,long,54,347,73
31,-0.0905126588250814,0.17368540763307302,-0.43093605778590455,0.24991074013574172,14,-0.6027061009097763,0.20332915741974586,-1.0012312494524782,-0.2041809523670744,CHF_JPY,14,2.0,short,45,347,71
24,0.25,0.2018932132718121,-0.14571069801275166,0.6457106980127516,11,-0.09090909090909091,0.3149183286488867,-0.7081490150609089,0.526330833242727,CHF_JPY,14,2.5,long,35,249,47
21,0.05471651920144617,0.20296408370228392,-0.3430930848550303,0.45252612325792263,9,-0.7473255986566006,0.22049549549516131,-1.1794967698271168,-0.31515442748608447,CHF_JPY,14,2.5,short,30,249,47
16,0.3028491316516317,0.23766539947524168,-0.16297505131984197,0.7686733146231053,7,-0.42857142857142855,0.36885555678165877,-1.1515283198634798,0.29438546272062266,CHF_JPY,14,3.0,long,23,200,37
9,0.3333333333333333,0.3333333333333333,-0.32,0.9866666666666666,5,0.2,0.48989794855663565,-0.7601999791710059,1.1601999791710058,CHF_JPY,14,3.0,short,14,200,25
65,0.2120941594177488,0.11715505835799007,-0.017529754963911737,0.44171807379940936,29,-0.03436561318718595,0.18005617969673296,-0.38727572539278254,0.31854449901841064,CHF_JPY,21,1.5,long,94,501,129
65,-0.15788072521884097,0.1205512575811158,-0.3941611900778279,0.07839973964014599,28,-0.43708044386367295,0.1714826358299729,-0.7731864100904198,-0.10097447763692607,CHF_JPY,21,1.5,short,93,500,126
43,0.23887386215635012,0.1460902764787469,-0.04746307974199379,0.525210804054694,19,-0.05263157894736842,0.23537557657892524,-0.5139677090420619,0.40870455114732507,CHF_JPY,21,2.0,long,62,347,77
32,-0.10910907228399398,0.170101261933304,-0.4425075456732698,0.22428940110528184,14,-0.6027061009097763,0.20332915741974586,-1.0012312494524782,-0.2041809523670744,CHF_JPY,21,2.0,short,46,347,70
25,0.44,0.18330302779823363,0.08072606551546208,0.7992739344845379,11,-0.09090909090909091,0.3149183286488867,-0.7081490150609089,0.526330833242727,CHF_JPY,21,2.5,long,36,250,50
21,0.09418310275626689,0.20787438005117875,-0.31325068214404345,0.5016168876565772,10,-0.7725930387909405,0.19882920901584802,-1.1622982884620026,-0.3828877891198784,CHF_JPY,21,2.5,short,31,250,46
16,0.3028491316516317,0.23766539947524168,-0.16297505131984197,0.7686733146231053,8,-0.25,0.3659625273556999,-0.9672865536171718,0.46728655361717175,CHF_JPY,21,3.0,long,24,198,38
9,0.3333333333333333,0.3333333333333333,-0.32,0.9866666666666666,4,0.5,0.5,-0.48,1.48,CHF_JPY,21,3.0,short,13,198,27
65,-0.07692307692307693,0.12462962881553578,-0.32119714940152705,0.1673509955553732,28,0.0,0.19245008972987526,-0.3772021758705555,0.3772021758705555,NZD_JPY,7,1.5,long,93,512,123
56,0.08734086250286868,0.1331251118987984,-0.17358435681877613,0.34826608182451346,25,0.04,0.20396078054371142,-0.3597631298656744,0.43976312986567434,NZD_JPY,7,1.5,short,81,512,117
39,0.07692307692307693,0.1617407640116452,-0.24008882053974767,0.3939349743859015,17,0.058823529411764705,0.2495670992423109,-0.43032798510316467,0.547975043926694,NZD_JPY,7,2.0,long,56,362,78
42,-0.047619047619047616,0.1559965936388461,-0.35337237115118597,0.25813427591309074,18,0.0,0.24253562503633302,-0.4753698250712127,0.4753698250712127,NZD_JPY,7,2.0,short,60,362,73
21,-0.047619047619047616,0.22335313142016333,-0.48539118520256774,0.3901530899644725,10,0.4,0.3055050463303893,-0.19878989080756293,0.998789890807563,NZD_JPY,7,2.5,long,31,255,40
24,0.08333333333333333,0.20778914433245896,-0.3239333895582862,0.49060005622495284,11,0.45454545454545453,0.2816715160878121,-0.09753071698665722,1.0066216260775662,NZD_JPY,7,2.5,short,35,255,48
13,-0.07692307692307693,0.2878197989826109,-0.6410498829289943,0.48720372908284043,6,0.0,0.4472135954999579,-0.8765386471799175,0.8765386471799175,NZD_JPY,7,3.0,long,19,200,28
14,0.2857142857142857,0.26578871697687523,-0.23523159956038975,0.8066601709889611,6,0.3333333333333333,0.421637021355784,-0.4930752285240034,1.15974189519067,NZD_JPY,7,3.0,short,20,200,36
65,-0.046153846153846156,0.12486679292883021,-0.2908927602943534,0.19858506798666106,29,-0.034482758620689655,0.18886984741557453,-0.4046676595552157,0.3357021423138364,NZD_JPY,10,1.5,long,94,520,126
56,0.08734086250286868,0.1331251118987984,-0.17358435681877613,0.34826608182451346,25,-0.04,0.20396078054371142,-0.43976312986567434,0.3597631298656744,NZD_JPY,10,1.5,short,81,520,115
43,0.023255813953488372,0.15426161815606512,-0.2790969576323993,0.325608585539376,19,-0.15789473684210525,0.23274559932318592,-0.6140761115155496,0.29828663783133913,NZD_JPY,10,2.0,long,62,357,82
41,0.024390243902439025,0.15806684630263076,-0.28542077485071726,0.33420126265559535,18,-0.2222222222222222,0.23647127470752347,-0.6857059206489682,0.24126147620452376,NZD_JPY,10,2.0,short,59,357,74
22,0.0,0.21821789023599236,-0.427707064862545,0.427707064862545,10,0.4,0.3055050463303893,-0.19878989080756293,0.998789890807563,NZD_JPY,10,2.5,long,32,256,41
22,0.18181818181818182,0.2145806706734845,-0.23875993270184775,0.6023962963382115,10,0.4,0.3055050463303893,-0.19878989080756293,0.998789890807563,NZD_JPY,10,2.5,short,32,256,46
13,-0.23076923076923078,0.2808833628231621,-0.7813006219026286,0.319762160364167,6,0.0,0.4472135954999579,-0.8765386471799175,0.8765386471799175,NZD_JPY,10,3.0,long,19,194,29
14,0.14285714285714285,0.2745054065230065,-0.39517345392794984,0.6808877396422355,6,0.3333333333333333,0.421637021355784,-0.4930752285240034,1.15974189519067,NZD_JPY,10,3.0,short,20,194,36
69,-0.014492753623188406,0.12125507630928632,-0.2521527031893896,0.22316719594301276,30,-0.06666666666666667,0.18528222234124034,-0.4298198224554977,0.2964864891221644,NZD_JPY,14,1.5,long,99,523,131
58,0.08432910862345942,0.13084420461283522,-0.17212553241769757,0.34078374966461644,25,0.04,0.20396078054371142,-0.3597631298656744,0.43976312986567434,NZD_JPY,14,1.5,short,83,522,119
42,0.0,0.15617376188860607,-0.3061005733016679,0.3061005733016679,18,-0.1111111111111111,0.24103384202072908,-0.58353744147174,0.36131521924951787,NZD_JPY,14,2.0,long,60,354,83
41,0.024390243902439025,0.15806684630263074,-0.2854207748507172,0.3342012626555953,18,-0.1111111111111111,0.24103384202072908,-0.58353744147174,0.36131521924951787,NZD_JPY,14,2.0,short,59,354,77
24,0.08333333333333333,0.20778914433245896,-0.3239333895582862,0.49060005622495284,11,0.09090909090909091,0.3149183286488867,-0.526330833242727,0.7081490150609089,NZD_JPY,14,2.5,long,35,256,49
23,0.21739130434782608,0.20810192223064325,-0.19048846322423466,0.6252710719198868,10,0.2,0.32659863237109044,-0.4401333194473372,0.8401333194473373,NZD_JPY,14,2.5,short,33,256,47
15,-0.06666666666666667,0.2666666666666666,-0.5893333333333332,0.45599999999999985,7,0.14285714285714285,0.40406101782088427,-0.6491024520717903,0.9348167377860761,NZD_JPY,14,3.0,long,22,198,32
16,0.125,0.25617376914899,-0.37710058753202036,0.6271005875320204,8,0.25,0.3659625273556999,-0.46728655361717175,0.9672865536171718,NZD_JPY,14,3.0,short,24,198,37
70,-0.08571428571428572,0.11994280407606904,-0.32080218170338104,0.1493736102748096,31,-0.0967741935483871,0.18171724881099016,-0.45294000121792777,0.25939161412115364,NZD_JPY,21,1.5,long,101,520,133
56,0.1587694339314401,0.13191918608172426,-0.09979217078873942,0.41733103865161963,24,0.0,0.2085144140570748,-0.4086882515518666,0.4086882515518666,NZD_JPY,21,1.5,short,80,519,119
43,-0.023255813953488372,0.15426161815606512,-0.325608585539376,0.2790969576323993,19,-0.15789473684210525,0.23274559932318592,-0.6140761115155496,0.29828663783133913,NZD_JPY,21,2.0,long,62,353,85
37,0.08108108108108109,0.16611791814942145,-0.24451003849178493,0.4066722006539471,17,-0.17647058823529413,0.24607647839237515,-0.6587804858843495,0.30583930941376114,NZD_JPY,21,2.0,short,54,353,76
28,0.14285714285714285,0.1904761904761905,-0.2304761904761905,0.5161904761904762,12,-0.16666666666666666,0.2972941950052816,-0.7493632888770185,0.41602995554368527,NZD_JPY,21,2.5,long,40,254,52
22,0.2727272727272727,0.20994555243259116,-0.13876601004060596,0.6842205554951514,10,0.2,0.32659863237109044,-0.4401333194473372,0.8401333194473373,NZD_JPY,21,2.5,short,32,254,45
16,-0.125,0.25617376914899,-0.6271005875320204,0.37710058753202036,8,0.0,0.3779644730092272,-0.7408103670980853,0.7408103670980853,NZD_JPY,21,3.0,long,24,197,36
15,0.2,0.26186146828319085,-0.313248477835054,0.7132484778350541,7,0.14285714285714285,0.40406101782088427,-0.6491024520717903,0.9348167377860761,NZD_JPY,21,3.0,short,22,197,36
57,-0.12280701754385964,0.13261911333657098,-0.38274047968353875,0.13712644459581946,25,0.28,0.19595917942265423,-0.10407999166840226,0.6640799916684024,AUD_JPY,7,1.5,long,82,509,120
56,0.03571428571428571,0.13475395017289296,-0.2284034566245845,0.2998320280531559,25,-0.04,0.20396078054371142,-0.43976312986567434,0.3597631298656744,AUD_JPY,7,1.5,short,81,509,120
39,0.005012874444435072,0.1602065995869749,-0.30899206074603575,0.31901780963490584,18,0.2222222222222222,0.23647127470752347,-0.24126147620452376,0.6857059206489682,AUD_JPY,7,2.0,long,57,348,71
32,0.0,0.17960530202677488,-0.35202639197247876,0.35202639197247876,14,-0.14285714285714285,0.2745054065230065,-0.6808877396422355,0.39517345392794984,AUD_JPY,7,2.0,short,46,348,72
21,0.14285714285714285,0.22131333406899525,-0.29091699191808784,0.5766312776323735,10,0.0,0.3333333333333333,-0.6533333333333333,0.6533333333333333,AUD_JPY,7,2.5,long,31,265,47
23,-0.043478260869565216,0.21299910806810243,-0.46095651268304594,0.37399999094391556,11,0.09090909090909091,0.3149183286488867,-0.526330833242727,0.7081490150609089,AUD_JPY,7,2.5,short,34,265,49
16,0.08586553081119776,0.25018157127706747,-0.4044903488918545,0.57622141051425,7,0.14285714285714285,0.40406101782088427,-0.6491024520717903,0.9348167377860761,AUD_JPY,7,3.0,long,23,205,33
15,0.06666666666666667,0.2666666666666666,-0.45599999999999985,0.5893333333333332,7,-0.42857142857142855,0.36885555678165877,-1.1515283198634798,0.29438546272062266,AUD_JPY,7,3.0,short,22,205,39
60,-0.1,0.12953633087651184,-0.3538912085179632,0.1538912085179632,26,0.23076923076923078,0.19460170216420797,-0.1506501054726168,0.6121885670110784,AUD_JPY,10,1.5,long,86,513,121
55,-0.01818181818181818,0.13606026860996148,-0.2848599446573427,0.24849630829370634,24,0.08333333333333333,0.20778914433245896,-0.3239333895582862,0.49060005622495284,AUD_JPY,10,1.5,short,79,512,117
40,0.07988755258332421,0.15767326698542578,-0.22915205070811034,0.38892715587475873,18,0.2222222222222222,0.23647127470752347,-0.24126147620452376,0.6857059206489682,AUD_JPY,10,2.0,long,58,353,77
35,-0.14285714285714285,0.16973957879600132,-0.4755467172973054,0.1898324315830197,15,0.06666666666666667,0.2666666666666666,-0.45599999999999985,0.5893333333333332,AUD_JPY,10,2.0,short,50,353,77
23,0.043478260869565216,0.21299910806810243,-0.37399999094391556,0.46095651268304594,10,0.0,0.3333333333333333,-0.6533333333333333,0.6533333333333333,AUD_JPY,10,2.5,long,33,257,48
23,0.043478260869565216,0.21299910806810243,-0.37399999094391556,0.46095651268304594,11,0.09090909090909091,0.3149183286488867,-0.526330833242727,0.7081490150609089,AUD_JPY,10,2.5,short,34,257,49
14,-0.04472510764434544,0.2684075751267789,-0.5708039548928321,0.4813537396041412,7,0.14285714285714285,0.40406101782088427,-0.6491024520717903,0.9348167377860761,AUD_JPY,10,3.0,long,21,205,34
15,-0.06666666666666667,0.2666666666666666,-0.5893333333333332,0.45599999999999985,7,0.14285714285714285,0.40406101782088427,-0.6491024520717903,0.9348167377860761,AUD_JPY,10,3.0,short,22,205,37
61,-0.08196721311475409,0.12866502865802354,-0.33415066928448023,0.17021624305497207,27,0.25925925925925924,0.18941048590991066,-0.11198529312416566,0.6305038116426842,AUD_JPY,14,1.5,long,88,517,124
56,-0.03571428571428571,0.13475395017289296,-0.2998320280531559,0.2284034566245845,25,0.04,0.20396078054371142,-0.3597631298656744,0.43976312986567434,AUD_JPY,14,1.5,short,81,516,119
43,0.004546560542627169,0.15256633038208708,-0.29448344700626355,0.30357656809151784,19,0.2631578947368421,0.22739441047045122,-0.18253514978524232,0.7088509392589265,AUD_JPY,14,2.0,long,62,346,82
35,-0.08571428571428572,0.17086742893632048,-0.4206144464294739,0.24918587500090242,15,0.06666666666666667,0.2666666666666666,-0.45599999999999985,0.5893333333333332,AUD_JPY,14,2.0,short,50,346,80
27,-0.14090732950618637,0.19059862001364522,-0.514480624732931,0.23266596572055828,12,0.0,0.30151134457776363,-0.5909622353724167,0.5909622353724167,AUD_JPY,14,2.5,long,39,262,55
24,0.0,0.2085144140570748,-0.4086882515518666,0.4086882515518666,11,0.09090909090909091,0.3149183286488867,-0.526330833242727,0.7081490150609089,AUD_JPY,14,2.5,short,35,262,53
16,0.0,0.2581988897471611,-0.5060698239044358,0.5060698239044358,8,0.25,0.3659625273556999,-0.46728655361717175,0.9672865536171718,AUD_JPY,14,3.0,long,24,206,37
16,-0.125,0.25617376914899,-0.6271005875320204,0.37710058753202036,8,0.0,0.3779644730092272,-0.7408103670980853,0.7408103670980853,AUD_JPY,14,3.0,short,24,206,37
64,-0.15625,0.12444071307827102,-0.4001537976334112,0.08765379763341119,28,0.2857142857142857,0.18442777839082938,-0.0757641599317399,0.6471927313603113,AUD_JPY,21,1.5,long,92,513,127
58,-0.06896551724137931,0.13213787041210448,-0.32795574324910404,0.19002470876634545,26,0.07692307692307693,0.19940740610485724,-0.3139154390424433,0.46776159288859714,AUD_JPY,21,1.5,short,84,512,124
45,0.004344491185177072,0.14913449240829668,-0.28795911393508444,0.29664809630543854,20,0.2,0.22478059477960655,-0.2405699657680288,0.6405699657680288,AUD_JPY,21,2.0,long,65,351,88
37,0.13513513513513514,0.16513786288129156,-0.18853507611219633,0.4588053463824666,16,-0.125,0.25617376914899,-0.6271005875320204,0.37710058753202036,AUD_JPY,21,2.0,short,53,350,83
29,0.006741451839067855,0.18581766814161704,-0.3574611777185015,0.37094408139663726,13,0.07692307692307693,0.28781979898261095,-0.48720372908284054,0.6410498829289943,AUD_JPY,21,2.5,long,42,265,60
24,-0.08333333333333333,0.20778914433245896,-0.49060005622495284,0.3239333895582862,11,0.2727272727272727,0.30424000964875475,-0.32358314618428663,0.869037691638832,AUD_JPY,21,2.5,short,35,265,56
18,0.0,0.24253562503633302,-0.4753698250712127,0.4753698250712127,9,0.1111111111111111,0.35136418446315326,-0.5775626904366693,0.7997849126588914,AUD_JPY,21,3.0,long,27,207,41
16,0.125,0.25617376914899,-0.37710058753202036,0.6271005875320204,7,-0.14285714285714285,0.40406101782088427,-0.9348167377860761,0.6491024520717903,AUD_JPY,21,3.0,short,23,207,37
53,0.06759459196912972,0.102418443316074,-0.13314555693037533,0.26833474086863474,24,-0.33372918106045457,0.17194504173229708,-0.6707414628557569,0.003283100734847666,USD_SGD,7,1.5,long,77,501,120
51,-0.04104596664985599,0.10877294115170903,-0.2542409313072057,0.1721489980074937,23,-0.21831772051106896,0.16406683598777425,-0.5398887190471064,0.10325327802496853,USD_SGD,7,1.5,short,74,500,112
33,-0.05817472638253986,0.13662457624317978,-0.3259588958191722,0.20960944305409251,15,-0.12288127070557857,0.23007282475460364,-0.5738240072246017,0.32806146581344453,USD_SGD,7,2.0,long,48,350,73
32,-0.0037713082519523766,0.13949657277730118,-0.2771845908954627,0.26964197439155796,14,-0.23302897525173596,0.23579523078020376,-0.6951876275809353,0.22912967707746337,USD_SGD,7,2.0,short,46,350,64
18,-0.04990529930945983,0.19970696330427096,-0.4413309473858309,0.3415203487669113,9,-0.3626418700946606,0.2836800866822056,-0.9186548399917835,0.19337109980246242,USD_SGD,7,2.5,long,27,253,41
19,0.04315335406078463,0.17815128138038308,-0.3060231574447662,0.3923298655663355,9,-0.3345179927201267,0.26259953594243607,-0.8492130831673014,0.18017709772704793,USD_SGD,7,2.5,short,28,253,33
12,-0.15398831587655268,0.23568058880874668,-0.6159222699416962,0.3079456381885908,6,0.07759327213947237,0.39034323928963305,-0.6874794768682084,0.842666021147153,USD_SGD,7,3.0,long,18,195,27
9,-0.02424423564004769,0.23326115196034303,-0.48143609348232,0.43294762220222466,5,-0.7961213249553973,0.2038786750446026,-1.1957235280428185,-0.3965191218679762,USD_SGD,7,3.0,short,14,195,19
51,0.05404088865567263,0.10500034994169398,-0.15175979723004757,0.25984157454139284,23,-0.37374902687506095,0.1729413394435413,-0.7127140521844019,-0.034784001565720035,USD_SGD,10,1.5,long,74,497,120
50,-0.08778682544944935,0.10902507447062317,-0.30147597141187077,0.12590232051297204,22,-0.1711609815467165,0.1830585068229862,-0.5299556549197695,0.18763369182633644,USD_SGD,10,1.5,short,72,496,112
31,-0.055926783170010555,0.1393678826058704,-0.32908783307751655,0.21723426673749546,14,-0.20308707575597704,0.2316343276841092,-0.657090358016831,0.250916206504877,USD_SGD,10,2.0,long,45,346,70
30,0.028883823145747615,0.1449489898752274,-0.25521619700969805,0.3129838433011933,14,-0.3410511552836808,0.2162792733747397,-0.7649585310981706,0.08285622053080904,USD_SGD,10,2.0,short,44,346,62
21,-0.05397084503328978,0.18433297716842698,-0.41526348028340665,0.30732179021682704,10,-0.3239716087335527,0.2566610651769281,-0.8270272964803318,0.17908407901322643,USD_SGD,10,2.5,long,31,251,44
18,0.02884634096472937,0.18160966507789358,-0.32710860258794205,0.3848012845174008,9,-0.5369989722218325,0.247959883739734,-1.023000344351711,-0.050997600091953865,USD_SGD,10,2.5,short,27,251,35
13,-0.2509979789767892,0.2328659319194021,-0.7074152055388173,0.20541924758523888,6,0.03249475415476377,0.40076302381076706,-0.7530007725143396,0.8179902808238672,USD_SGD,10,3.0,long,19,190,27
9,0.10963208222622413,0.22561987937492997,-0.3325828813486386,0.5518470458010869,5,-0.7961213249553973,0.2038786750446026,-1.1957235280428185,-0.3965191218679762,USD_SGD,10,3.0,short,14,190,19
53,0.02010644301450815,0.10530224517347782,-0.18628595752550836,0.22649884355452465,23,-0.2826081990405476,0.16868936233478934,-0.6132393492167347,0.04802295113563948,USD_SGD,14,1.5,long,76,492,121
50,-0.07826183924817398,0.10905680768228633,-0.29201318230545514,0.1354895038091072,22,-0.1711609815467165,0.1830585068229862,-0.5299556549197695,0.18763369182633644,USD_SGD,14,1.5,short,72,491,115
33,-0.008566951623859329,0.13540668283195398,-0.27396404997448914,0.25683014672677046,15,-0.25621460403891194,0.22208797308326733,-0.6915070312821159,0.179077823204292,USD_SGD,14,2.0,long,48,343,73
31,0.0322446110580542,0.14413616848597446,-0.25026227917445576,0.3147515012905642,14,-0.48390829814082365,0.19419380935636182,-0.8645281644792928,-0.10328843180235447,USD_SGD,14,2.0,short,45,343,65
23,-0.05372159256595849,0.17926332544802354,-0.40507771044408464,0.29763452531216766,11,-0.2036105533941388,0.2615041702199013,-0.7161587270251454,0.30893762023686777,USD_SGD,14,2.5,long,34,252,48
18,0.17870649726306267,0.17728998814733476,-0.16878187950571347,0.5261948740318388,9,-0.47340450217575003,0.2411789466694356,-0.9461152376478438,-0.0006937667036562845,USD_SGD,14,2.5,short,27,252,37
11,-0.2966339751543872,0.23951525922687122,-0.7660838832390549,0.17281593293028036,6,0.03249475415476377,0.40076302381076706,-0.7530007725143396,0.8179902808238672,USD_SGD,14,3.0,long,17,193,25
10,0.05258787238643285,0.21224926603295607,-0.36342068903816105,0.4685964338110268,5,-0.7961213249553973,0.2038786750446026,-1.1957235280428185,-0.3965191218679762,USD_SGD,14,3.0,short,15,193,21
56,0.0483081542648958,0.09977883287816844,-0.14725835817631436,0.24387466670610594,25,-0.29762452866947403,0.15824819929087672,-0.6077909992795925,0.012541941940644341,USD_SGD,21,1.5,long,81,501,125
54,-0.07890160974889948,0.10493506762887984,-0.28457434230150397,0.126771122803705,24,-0.2651456365769213,0.1627356592365608,-0.5841075286805805,0.053816255526737855,USD_SGD,21,1.5,short,78,500,125
36,-0.07340116051417477,0.13352447872914683,-0.33510913882330257,0.188306817794953,16,-0.16820968366302208,0.22107297942631654,-0.6015127233386025,0.26509335601255835,USD_SGD,21,2.0,long,52,347,77
32,-0.04040883118320209,0.1396184718948944,-0.3140610360971951,0.2332433737307909,14,-0.3410511552836808,0.2162792733747397,-0.7649585310981706,0.08285622053080904,USD_SGD,21,2.0,short,46,347,71
24,-0.09852227266073195,0.17676082658812942,-0.4449734927734656,0.24792894745200172,11,-0.16756536914397077,0.2528685142173065,-0.6631876570098915,0.32805691872195,USD_SGD,21,2.5,long,35,253,46
18,0.2167683118832272,0.16686482399008562,-0.1102867431373406,0.5438233669037951,8,-0.37257582809712336,0.32430899401498037,-1.0082214563664849,0.2630698001722382,USD_SGD,21,2.5,short,26,253,37
11,-0.29526667186210354,0.23940514062052082,-0.7645007474783243,0.17396740375411723,6,0.03249475415476377,0.40076302381076706,-0.7530007725143396,0.8179902808238672,USD_SGD,21,3.0,long,17,195,28
11,-0.033600988093124416,0.2158294452371504,-0.45662670075793915,0.38942472457169036,6,-0.8301011041294979,0.16989889587050222,-1.1631029400356823,-0.4970992682233136,USD_SGD,21,3.0,short,17,195,20
57,-0.12280701754386004,0.1326191133365709,-0.38274047968353897,0.1371264445958189,25,0.17152728137159656,0.19726255210809443,-0.2151073207602685,0.5581618835034616,USD_PLN,7,1.5,long,82,484,112
64,0.12255530989774882,0.12351049455825126,-0.11952525943642364,0.3646358792319213,28,-0.14285714285714285,0.1904761904761905,-0.5161904761904762,0.2304761904761905,USD_PLN,7,1.5,short,92,483,123
30,-0.2,0.18194353045893685,-0.5566093196995162,0.1566093196995162,14,0.4285714285714278,0.2505880055162939,-0.06258106224050819,0.9197239193833638,USD_PLN,7,2.0,long,44,340,65
42,0.06054037714173003,0.15440717121827283,-0.24209767844608474,0.3631784327295448,19,-0.4736842105263164,0.20758174677542487,-0.8805444342061491,-0.06682398684648361,USD_PLN,7,2.0,short,61,340,82
15,0.19999999999999926,0.2618614682831907,-0.3132484778350544,0.713248477835053,7,0.1428571428571413,0.4040610178208837,-0.6491024520717907,0.9348167377860734,USD_PLN,7,2.5,long,22,248,38
24,0.08333333333333333,0.20778914433245896,-0.3239333895582862,0.49060005622495284,11,-0.09090909090909091,0.3149183286488867,-0.7081490150609089,0.526330833242727,USD_PLN,7,2.5,short,35,248,48
9,0.11111111111110988,0.3513641844631528,-0.5775626904366695,0.7997849126588894,5,0.9999999999999979,2.1986901179583067e-15,0.9999999999999936,1.0000000000000022,USD_PLN,7,3.0,long,14,197,25
15,0.2,0.26186146828319085,-0.313248477835054,0.7132484778350541,7,-0.42857142857142855,0.36885555678165877,-1.1515283198634798,0.29438546272062266,USD_PLN,7,3.0,short,22,197,27
55,-0.09090909090909131,0.13551927136362352,-0.3565268627817934,0.17470868096361075,24,0.30367425142874643,0.19444186037903338,-0.07743179491415897,0.6847802977716518,USD_PLN,10,1.5,long,79,485,116
68,0.0859344093155283,0.12032899582438408,-0.14991042250026448,0.3217792411313211,30,-0.13333333333333333,0.1840373108931074,-0.4940464626838238,0.22737979601715716,USD_PLN,10,1.5,short,98,484,130
32,-0.125,0.1781966112418093,-0.4742653580339462,0.2242653580339462,14,0.4285714285714278,0.2505880055162939,-0.06258106224050819,0.9197239193833638,USD_PLN,10,2.0,long,46,340,65
41,0.0352192136437349,0.1566771838462527,-0.27186806669492036,0.3423064939823902,18,-0.44444444444444503,0.21726496913195611,-0.870283783943079,-0.01860510494581108,USD_PLN,10,2.0,short,59,339,81
16,0.1249999999999993,0.2561737691489898,-0.3771005875320207,0.6271005875320194,7,0.1428571428571413,0.4040610178208837,-0.6491024520717907,0.9348167377860734,USD_PLN,10,2.5,long,23,238,39
24,0.0,0.2085144140570748,-0.4086882515518666,0.4086882515518666,11,-0.2727272727272727,0.30424000964875475,-0.869037691638832,0.32358314618428663,USD_PLN,10,2.5,short,35,238,46
9,0.11111111111110988,0.3513641844631528,-0.5775626904366695,0.7997849126588894,5,0.2,0.48989794855663565,-0.7601999791710059,1.1601999791710058,USD_PLN,10,3.0,long,14,192,25
16,0.125,0.25617376914899,-0.37710058753202036,0.6271005875320204,8,-0.25,0.3659625273556999,-0.9672865536171718,0.46728655361717175,USD_PLN,10,3.0,short,24,192,29
57,-0.15789473684210567,0.13195435169010705,-0.4165252661547155,0.10073579247050415,25,0.2515272813715966,0.19365518993403721,-0.12803689089911635,0.6310914536423096,USD_PLN,14,1.5,long,82,485,122
67,0.07229163930531231,0.12135098482910633,-0.16555629095973612,0.3101395695703607,29,-0.17241379310344865,0.18615215396740073,-0.5372720148795541,0.1924444286726568,USD_PLN,14,1.5,short,96,484,133
30,-0.2,0.18194353045893685,-0.5566093196995162,0.1566093196995162,13,0.5384615384615377,0.2432521277052598,0.06168736815922843,1.0152357087638468,USD_PLN,14,2.0,long,43,337,67
39,-0.014256724118124847,0.16076156202154163,-0.32934938568034644,0.30083593744409676,18,-0.44444444444444503,0.21726496913195611,-0.870283783943079,-0.01860510494581108,USD_PLN,14,2.0,short,57,336,83
18,0.1111111111111105,0.24103384202072894,-0.3613152192495182,0.5835374414717391,9,0.3333333333333321,0.33333333333333304,-0.3200000000000007,0.9866666666666648,USD_PLN,14,2.5,long,27,240,41
25,-0.04,0.20396078054371142,-0.43976312986567434,0.3597631298656744,12,-0.3333333333333333,0.2842676218074806,-0.8904978720759953,0.22383120540932872,USD_PLN,14,2.5,short,37,240,46
10,-1.1102230246251565e-15,0.3333333333333329,-0.6533333333333337,0.6533333333333314,5,-0.2,0.48989794855663565,-1.1601999791710058,0.7601999791710059,USD_PLN,14,3.0,long,15,191,24
17,0.058823529411764705,0.2495670992423109,-0.43032798510316467,0.547975043926694,8,-0.25,0.3659625273556999,-0.9672865536171718,0.46728655361717175,USD_PLN,14,3.0,short,25,191,31
62,-0.16129032258064552,0.12636049340078181,-0.4089568896461779,0.08637624448488684,27,0.23289563089962648,0.18726764810500604,-0.13414895938618535,0.5999402211854383,USD_PLN,21,1.5,long,89,478,127
69,0.04121072222399908,0.11981052740410844,-0.19361791148805346,0.2760393559360516,30,-0.0666666666666674,0.18528222234124014,-0.4298198224554981,0.29648648912216324,USD_PLN,21,1.5,short,99,477,138
30,-0.13333333333333333,0.1840373108931074,-0.4940464626838238,0.22737979601715716,13,0.23076923076922992,0.2808833628231619,-0.3197621603641674,0.7813006219026273,USD_PLN,21,2.0,long,43,336,65
39,-0.014256724118124836,0.16076156202154163,-0.32934938568034644,0.30083593744409676,18,-0.3333333333333339,0.2286647801900116,-0.7815163025057567,0.1148496358390888,USD_PLN,21,2.0,short,57,335,83
19,0.052631578947367835,0.23537557657892508,-0.4087045511473253,0.513967709042061,9,0.3333333333333321,0.33333333333333304,-0.3200000000000007,0.9866666666666648,USD_PLN,21,2.5,long,28,242,43
25,-0.12,0.20264912204760885,-0.5171922792133133,0.27719227921331335,12,-0.3333333333333333,0.2842676218074806,-0.8904978720759953,0.22383120540932872,USD_PLN,21,2.5,short,37,242,48
11,0.0909090909090899,0.3149183286488865,-0.5263308332427277,0.7081490150609075,5,0.1999999999999978,0.48989794855663477,-0.7601999791710063,1.1601999791710018,USD_PLN,21,3.0,long,16,189,25
19,0.0825449668118693,0.2297777860627445,-0.3678194938711099,0.5329094274948485,9,-0.5555555555555556,0.2939723678960656,-1.1317413966318441,0.020630285520732983,USD_PLN,21,3.0,short,28,189,34
51,0.011777000557947104,0.14052238568782124,-0.2636468753901825,0.28720087650607673,22,0.09090909090909091,0.21731429260625335,-0.33502692259916567,0.5168451044173474,USD_CZK,7,1.5,long,73,483,115
51,0.17647058823529413,0.13920187724940272,-0.09636509117353523,0.4493062676441235,22,0.0,0.21821789023599236,-0.427707064862545,0.427707064862545,USD_CZK,7,1.5,short,73,482,115
33,0.07984965442893201,0.1746014593287022,-0.2623692058553243,0.4220685147131883,15,0.06666666666666667,0.2666666666666666,-0.45599999999999985,0.5893333333333332,USD_CZK,7,2.0,long,48,346,74
33,0.04655259439085604,0.17446770141367612,-0.2954041003799492,0.3885092891616612,15,-0.4666666666666667,0.23637473611411156,-0.9299611494503253,-0.0033721838830080286,USD_CZK,7,2.0,short,48,346,70
18,0.3228482143600655,0.2271016449672191,-0.12227100977568395,0.767967438495815,9,-0.3333333333333333,0.3333333333333333,-0.9866666666666666,0.32,USD_CZK,7,2.5,long,27,253,41
22,-0.03157886274844778,0.2078940055422043,-0.4390511136111682,0.37589338811427264,10,-0.4,0.3055050463303893,-0.998789890807563,0.19878989080756293,USD_CZK,7,2.5,short,32,253,42
14,0.557947704177227,0.2260491603861272,0.11489134982041771,1.0010040585340363,7,-0.42857142857142855,0.3688555567816587,-1.1515283198634796,0.29438546272062255,USD_CZK,7,3.0,long,21,200,26
15,-0.22322313180658693,0.23790976429637134,-0.6895262698274747,0.24308000621430087,7,0.14285714285714285,0.40406101782088427,-0.6491024520717903,0.9348167377860761,USD_CZK,7,3.0,short,22,200,32
53,0.011332585442552875,0.1378272542754685,-0.25880883293736534,0.2814740038224711,23,0.043478260869565216,0.21299910806810243,-0.37399999094391556,0.46095651268304594,USD_CZK,10,1.5,long,76,485,119
55,0.13414432797543066,0.13350220598058515,-0.12751999574651626,0.39580865169737756,24,-0.08333333333333333,0.20778914433245896,-0.49060005622495284,0.3239333895582862,USD_CZK,10,1.5,short,79,484,120
32,0.29519707670737294,0.16882213961537992,-0.03569431693877173,0.6260884703535177,15,-0.06666666666666667,0.2666666666666666,-0.5893333333333332,0.45599999999999985,USD_CZK,10,2.0,long,47,347,69
34,0.07459516514406615,0.17156583705436024,-0.2616738754824799,0.4108642057706122,15,-0.3333333333333333,0.25197631533948484,-0.8272069113987236,0.16054024473205697,USD_CZK,10,2.0,short,49,347,68
20,0.2905633929240589,0.21745909374586567,-0.1356564308178378,0.7167832166659556,9,-0.3333333333333333,0.3333333333333333,-0.9866666666666666,0.32,USD_CZK,10,2.5,long,29,251,42
21,0.000593048289510012,0.2154144244209347,-0.421619223575522,0.42280532015454203,10,-0.6,0.26666666666666666,-1.1226666666666665,-0.07733333333333337,USD_CZK,10,2.5,short,31,251,44
11,0.6192061689528344,0.24197250899154438,0.14494005132940746,1.0934722865762614,6,-0.3333333333333333,0.421637021355784,-1.15974189519067,0.4930752285240034,USD_CZK,10,3.0,long,17,196,25
14,-0.21674453272962943,0.25546131056209265,-0.717448701431331,0.2839596359720721,6,0.0,0.4472135954999579,-0.8765386471799175,0.8765386471799175,USD_CZK,10,3.0,short,20,196,31
53,-0.018867924528301886,0.13865036279904783,-0.29062263561443563,0.25288678655783187,23,0.13043478260869565,0.21137931948017294,-0.2838686835724433,0.5447382487898346,USD_CZK,14,1.5,long,76,479,117
56,0.11389175069015511,0.13265170908824672,-0.14610559912280846,0.3738891005031187,24,-0.16666666666666666,0.20559798491465375,-0.569638717099388,0.23630538376605467,USD_CZK,14,1.5,short,80,478,118
35,0.1841801844181696,0.16620870661795492,-0.14158888055302202,0.5099492493893613,15,-0.06666666666666667,0.2666666666666666,-0.5893333333333332,0.45599999999999985,USD_CZK,14,2.0,long,50,343,70
35,0.10103530328280712,0.1686769892279525,-0.22957159560397972,0.431642202169594,16,-0.375,0.23935677693908453,-0.8441392828006057,0.09413928280060568,USD_CZK,14,2.0,short,51,343,69
20,0.2905633929240589,0.21745909374586567,-0.1356564308178378,0.7167832166659556,9,-0.3333333333333333,0.3333333333333333,-0.9866666666666666,0.32,USD_CZK,14,2.5,long,29,254,45
23,-0.10712019065659788,0.20828282731562978,-0.5153545321952322,0.30111415088203647,10,-0.6,0.26666666666666666,-1.1226666666666665,-0.07733333333333337,USD_CZK,14,2.5,short,33,254,46
12,0.4842723215400982,0.25884240205317227,-0.023058786484119465,0.9916034295643159,6,0.0,0.4472135954999579,-0.8765386471799175,0.8765386471799175,USD_CZK,14,3.0,long,18,193,26
14,-0.19582946091145523,0.25135162159237623,-0.6884786392325126,0.2968197174096022,6,0.0,0.4472135954999579,-0.8765386471799175,0.8765386471799175,USD_CZK,14,3.0,short,20,193,30
52,-0.007018488535485453,0.13921877558019538,-0.27988728867266843,0.2658503116016975,23,0.13043478260869565,0.2113793194801729,-0.2838686835724432,0.5447382487898346,USD_CZK,21,1.5,long,75,480,117
54,0.11810996367867937,0.1350133186288637,-0.14651614083389347,0.3827360681912522,24,-0.25,0.2018932132718121,-0.6457106980127516,0.14571069801275166,USD_CZK,21,1.5,short,78,479,118
34,0.17091964289650524,0.17062560705149393,-0.16350654692442285,0.5053458327174334,15,-0.06666666666666667,0.2666666666666666,-0.5893333333333332,0.45599999999999985,USD_CZK,21,2.0,long,49,348,70
36,0.07045098930272914,0.16675330390271656,-0.2563854863465953,0.3972874649520536,16,-0.25,0.25,-0.74,0.24,USD_CZK,21,2.0,short,52,348,68
21,0.2291079932610085,0.21578128043453776,-0.1938233163906855,0.6520393029127025,10,0.0,0.3333333333333333,-0.6533333333333333,0.6533333333333333,USD_CZK,21,2.5,long,31,254,46
24,-0.06099018271257297,0.2046816286527906,-0.46216617487204253,0.34018580944689664,11,-0.45454545454545453,0.2816715160878121,-1.0066216260775662,0.09753071698665722,USD_CZK,21,2.5,short,35,254,47
12,0.4842723215400982,0.25884240205317227,-0.023058786484119465,0.9916034295643159,6,0.0,0.4472135954999579,-0.8765386471799175,0.8765386471799175,USD_CZK,21,3.0,long,18,197,28
13,-0.15649411217037018,0.2681456619438212,-0.6820596095802598,0.3690713852395194,6,-0.3333333333333333,0.421637021355784,-1.15974189519067,0.4930752285240034,USD_CZK,21,3.0,short,19,197,32
64,0.09375000000000017,0.12543327686241976,-0.15209922265034256,0.3395992226503429,28,0.0,0.19245008972987526,-0.3772021758705555,0.3772021758705555,USD_HUF,7,1.5,long,92,488,137
67,0.05006986603404819,0.12239919208553163,-0.1898325504535938,0.28997228252169016,29,-0.034482758620689655,0.18886984741557453,-0.4046676595552157,0.3357021423138364,USD_HUF,7,1.5,short,96,488,139
37,0.13513513513513542,0.16513786288129165,-0.18853507611219622,0.45880534638246706,17,0.17647058823529413,0.24607647839237515,-0.30583930941376114,0.6587804858843495,USD_HUF,7,2.0,long,54,349,80
45,0.16343735609513843,0.14773441731717774,-0.12612210184652994,0.4529968140368068,20,0.0,0.22941573387056172,-0.44965483838630094,0.44965483838630094,USD_HUF,7,2.0,short,65,349,90
22,0.27272727272727226,0.2099455524325911,-0.1387660100406063,0.6842205554951508,10,0.0,0.3333333333333333,-0.6533333333333333,0.6533333333333333,USD_HUF,7,2.5,long,32,265,49
30,0.2118227008093743,0.17962403546986624,-0.14024040871156354,0.5638858103303122,14,0.2857142857142857,0.26578871697687523,-0.23523159956038975,0.8066601709889611,USD_HUF,7,2.5,short,44,265,63
16,0.375,0.23935677693908453,-0.09413928280060568,0.8441392828006057,7,-0.14285714285714285,0.40406101782088427,-0.9348167377860761,0.6491024520717903,USD_HUF,7,3.0,long,23,214,35
21,0.15974671544196326,0.21756519168285168,-0.266681060256426,0.5861744911403526,10,0.4,0.3055050463303893,-0.19878989080756293,0.998789890807563,USD_HUF,7,3.0,short,31,214,44
62,0.09677419354838727,0.12743592124665865,-0.15300021209506365,0.3465485991918382,28,0.0,0.19245008972987526,-0.3772021758705555,0.3772021758705555,USD_HUF,10,1.5,long,90,489,139
67,0.050069866034048185,0.1223991920855316,-0.18983255045359376,0.2899722825216901,29,-0.10344827586206896,0.18796831555013707,-0.4718661743403376,0.2649696226161997,USD_HUF,10,1.5,short,96,489,139
37,0.08108108108108109,0.16611791814942145,-0.24451003849178493,0.4066722006539471,16,0.25,0.25,-0.24,0.74,USD_HUF,10,2.0,long,53,341,79
47,0.156482574984707,0.14469585498979112,-0.12712130079528358,0.44008645076469755,21,-0.14285714285714285,0.2213133340689953,-0.5766312776323737,0.29091699191808795,USD_HUF,10,2.0,short,68,341,92
21,0.3333333333333328,0.21081851067789192,-0.07987094759533536,0.746537614262001,9,0.1111111111111111,0.35136418446315326,-0.5775626904366693,0.7997849126588914,USD_HUF,10,2.5,long,30,263,49
30,0.14515603414270764,0.18189402103555946,-0.21135624708698889,0.5016683153724042,13,0.23076923076923078,0.2808833628231621,-0.319762160364167,0.7813006219026286,USD_HUF,10,2.5,short,43,263,64
13,0.38461538461538464,0.2664693550105965,-0.1376645512053845,0.9068953204361538,6,0.0,0.4472135954999579,-0.8765386471799175,0.8765386471799175,USD_HUF,10,3.0,long,19,205,30
23,0.23281221844700994,0.2045422992874429,-0.16809068815637818,0.6337151250503981,11,0.2727272727272727,0.30424000964875475,-0.32358314618428663,0.869037691638832,USD_HUF,10,3.0,short,34,205,46
62,0.1290322580645163,0.12696654240962574,-0.11982216505835014,0.3778866811873827,27,-0.037037037037037035,0.19598157859737708,-0.4211609310878961,0.347086857013822,USD_HUF,14,1.5,long,89,482,137
67,0.05006986603404819,0.1223991920855316,-0.18983255045359373,0.2899722825216901,30,-0.06666666666666667,0.1852822223412403,-0.42981982245549766,0.29648648912216435,USD_HUF,14,1.5,short,97,482,141
39,0.07692307692307693,0.16174076401164517,-0.24008882053974762,0.39393497438590147,17,0.17647058823529413,0.24607647839237515,-0.30583930941376114,0.6587804858843495,USD_HUF,14,2.0,long,56,345,83
46,0.1816235005278528,0.14562712985649734,-0.10380567399088197,0.4670526750465876,21,0.047619047619047616,0.22335313142016333,-0.3901530899644725,0.48539118520256774,USD_HUF,14,2.0,short,67,345,96
22,0.45454545454545453,0.19437181229994505,0.07357670243756226,0.8355142066533467,10,0.2,0.32659863237109044,-0.4401333194473372,0.8401333194473373,USD_HUF,14,2.5,long,32,260,52
32,0.07358378200878839,0.17746867694214816,-0.274254824797822,0.4214223888153988,15,0.3333333333333333,0.25197631533948484,-0.16054024473205697,0.8272069113987236,USD_HUF,14,2.5,short,47,260,66
14,0.42857142857142855,0.25058800551629407,-0.0625810622405078,0.9197239193833648,6,0.0,0.4472135954999579,-0.8765386471799175,0.8765386471799175,USD_HUF,14,3.0,long,20,200,31
25,0.29418724097124915,0.19258237744605913,-0.08327421882302671,0.671648700765525,12,0.16666666666666666,0.2972941950052816,-0.41602995554368527,0.7493632888770185,USD_HUF,14,3.0,short,37,200,49
62,0.09677419354838727,0.12743592124665865,-0.15300021209506365,0.3465485991918382,27,0.037037037037037035,0.19598157859737708,-0.347086857013822,0.4211609310878961,USD_HUF,21,1.5,long,89,482,138
69,0.04861856556929317,0.12060989583695918,-0.1877768302711468,0.2850139614097331,30,-0.13333333333333333,0.1840373108931074,-0.4940464626838238,0.22737979601715716,USD_HUF,21,1.5,short,99,482,139
42,0.047619047619047616,0.1559965936388461,-0.25813427591309074,0.35337237115118597,18,0.0,0.24253562503633302,-0.4753698250712127,0.4753698250712127,USD_HUF,21,2.0,long,60,348,86
48,0.09072252133919227,0.14437037570235703,-0.19224341503742748,0.37368845771581205,21,-0.14285714285714285,0.2213133340689953,-0.5766312776323737,0.29091699191808795,USD_HUF,21,2.0,short,69,348,96
23,0.5652173913043478,0.17587822499041095,0.22049607032314233,0.9099387122855532,11,0.45454545454545453,0.2816715160878121,-0.09753071698665722,1.0066216260775662,USD_HUF,21,2.5,long,34,260,57
35,0.1529908864080351,0.16802665650887352,-0.176341360349357,0.4823231331654272,16,0.375,0.23935677693908453,-0.09413928280060568,0.8441392828006057,USD_HUF,21,2.5,short,51,260,72
14,0.4285714285714278,0.2505880055162939,-0.06258106224050819,0.9197239193833638,7,0.14285714285714285,0.40406101782088427,-0.6491024520717903,0.9348167377860761,USD_HUF,21,3.0,long,21,200,34
26,0.1674877317031242,0.19488490067956768,-0.21448667362882845,0.5494621370350768,12,0.16666666666666666,0.2972941950052816,-0.41602995554368527,0.7493632888770185,USD_HUF,21,3.0,short,38,200,51
38,-0.07811457354016393,0.15744371582641517,-0.3867042565599377,0.2304751094796098,17,-0.0845940889930436,0.23488473027744075,-0.5449681603368275,0.3757799823507403,EUR_HUF,7,1.5,long,55,444,95
60,0.001815211450668778,0.12293431121162418,-0.2391360385241146,0.2427664614254522,26,0.0489789176836571,0.1874730525090853,-0.3184682652341501,0.4164261006014643,EUR_HUF,7,1.5,short,86,444,124
23,0.06296621465696323,0.19473441456816182,-0.3187132378966339,0.44464566721056037,10,-0.5358821888882257,0.26367184875364114,-1.0526790124453624,-0.019085365331089066,EUR_HUF,7,2.0,long,33,304,55
35,-0.005247623281006764,0.16166651620785832,-0.32211399504840904,0.31161874848639554,15,-0.09319492307070038,0.2440760025427654,-0.5715838880545205,0.3851940419131198,EUR_HUF,7,2.0,short,50,304,91
15,0.2660325021688732,0.2289556319514246,-0.182720536455919,0.7147855407936654,7,-0.7142857142857143,0.28571428571428575,-1.2742857142857145,-0.15428571428571425,EUR_HUF,7,2.5,long,22,238,37
21,-0.19971325531258644,0.206613039346408,-0.6046748124315462,0.20524830180637327,10,-0.11972337654282734,0.31438766390339135,-0.7359231977934744,0.49647644470781965,EUR_HUF,7,2.5,short,31,238,65
13,0.15311442557946908,0.25019441315659496,-0.337266624207457,0.6434954753663952,6,-1.0,0.0,-1.0,-1.0,EUR_HUF,7,3.0,long,19,187,28
15,-0.5551582854675421,0.1950553238057357,-0.9374667201267841,-0.17284985080830012,7,0.14285714285714285,0.40406101782088427,-0.6491024520717903,0.9348167377860761,EUR_HUF,7,3.0,short,22,187,43
38,-0.13074615248753235,0.1564973625007472,-0.43748098298899685,0.17598867801393214,17,-0.13799118294305293,0.240983780779881,-0.6103193932716197,0.33433702738551385,EUR_HUF,10,1.5,long,55,436,93
57,0.054542327842809234,0.12556900719796663,-0.19157292626520533,0.3006575819508238,25,0.009140195484096286,0.1914556169219036,-0.36611281368283477,0.38439320465102733,EUR_HUF,10,1.5,short,82,436,122
21,-0.0262750982328498,0.2027487665496198,-0.4236626806701046,0.371112484204405,9,-0.48287223444798894,0.2891828032337642,-1.0496705287861667,0.08392605989018892,EUR_HUF,10,2.0,long,30,298,53
33,-0.06617172166167384,0.1655980356904095,-0.3907438716148765,0.2584004282915288,15,-0.0931949230707004,0.2440760025427654,-0.5715838880545205,0.3851940419131198,EUR_HUF,10,2.0,short,48,298,90
15,0.0757621156720725,0.22892235859225094,-0.3729257071687393,0.5244499385128844,7,-0.7142857142857143,0.28571428571428575,-1.2742857142857145,-0.15428571428571425,EUR_HUF,10,2.5,long,22,223,36
21,-0.19971325531258644,0.20661303934640804,-0.6046748124315462,0.20524830180637332,10,-0.3759740724407509,0.27521176266225295,-0.9153891272587666,0.1634409823772649,EUR_HUF,10,2.5,short,31,223,62
16,0.12637107750704896,0.22188038419808584,-0.30851447552119926,0.5612566305352972,7,-0.9745263905545912,0.025473609445408708,-1.0244546650675923,-0.9245981160415901,EUR_HUF,10,3.0,long,23,182,31
14,-0.3805267344295094,0.22949519558130893,-0.8303373177688749,0.06928384890985612,7,0.14285714285714285,0.40406101782088427,-0.6491024520717903,0.9348167377860761,EUR_HUF,10,3.0,short,21,182,44
38,-0.0989369033651097,0.1592768940875362,-0.41111961577668066,0.2132458090464613,17,-0.13799118294305293,0.240983780779881,-0.6103193932716197,0.33433702738551385,EUR_HUF,14,1.5,long,55,434,94
54,0.09473212805166396,0.12952504106952567,-0.15913695244460635,0.3486012085479343,24,-0.06559422281122163,0.19896961443284877,-0.4555746670996052,0.32438622147716195,EUR_HUF,14,1.5,short,78,434,122
24,-0.06465737762041024,0.19119726867391135,-0.43940402422127645,0.31008926898045597,11,-0.3950772827301728,0.276383555062444,-0.9367890506525629,0.1466344851922174,EUR_HUF,14,2.0,long,35,291,56
32,-0.03698958796360115,0.1681825728776903,-0.36662743080387417,0.2926482548766719,14,-0.028423131861464723,0.25277926692183866,-0.5238704950282684,0.46702423130533904,EUR_HUF,14,2.0,short,46,291,87
18,0.007579540837838196,0.21458432303583852,-0.4130057323124053,0.42816481398808165,8,-0.5,0.32732683535398854,-1.1415605972938176,0.14156059729381754,EUR_HUF,14,2.5,long,26,222,41
21,-0.10447516007449119,0.2100891817579105,-0.5162499563199957,0.30729963617101336,9,-0.4663593072698082,0.290628679831672,-1.0359915197398852,0.10327290520026894,EUR_HUF,14,2.5,short,30,222,62
16,0.12637107750704896,0.22188038419808584,-0.30851447552119926,0.5612566305352972,7,-0.9745263905545912,0.025473609445408708,-1.0244546650675923,-0.9245981160415901,EUR_HUF,14,3.0,long,23,176,30
16,-0.20796089262582074,0.23202755552504742,-0.6627349014549136,0.24681311620327218,7,-0.2232152798541765,0.37297468102562326,-0.954245654664398,0.5078150949560452,EUR_HUF,14,3.0,short,23,176,46
40,-0.0642911435152892,0.1526133389253267,-0.3634132878089295,0.23483100077835112,18,-0.21761524489030507,0.2244356790636334,-0.6575091758550266,0.2222786860744164,EUR_HUF,21,1.5,long,58,429,97
53,0.0321972273450098,0.13312265607171497,-0.22872317855555158,0.29311763324557116,23,-0.025192856049276128,0.20339899665587036,-0.423854889494782,0.37346917739622976,EUR_HUF,21,1.5,short,76,429,123
23,-0.11094682882129764,0.19375809357185902,-0.4907126922221413,0.26881903457954603,11,-0.3950772827301728,0.276383555062444,-0.9367890506525629,0.1466344851922174,EUR_HUF,21,2.0,long,34,294,55
31,-0.2613309104223691,0.16427999577974428,-0.583319702150668,0.060657881305929695,14,-0.10156376775591625,0.2620255216339932,-0.6151337901585429,0.41200625464671037,EUR_HUF,21,2.0,short,45,294,88
17,0.06684892559300515,0.218747041554691,-0.3618952758541892,0.4955931270401995,8,-0.5,0.32732683535398854,-1.1415605972938176,0.14156059729381754,EUR_HUF,21,2.5,long,25,224,40
21,-0.10447516007449119,0.2100891817579105,-0.5162499563199957,0.30729963617101336,10,-0.5197233765428273,0.26536719375600293,-1.0398430763045932,0.0003963232189384547,EUR_HUF,21,2.5,short,31,224,63
14,0.24089972025722073,0.2157114020785349,-0.18189462781670768,0.6636940683311492,7,-0.9745263905545912,0.025473609445408708,-1.0244546650675923,-0.9245981160415901,EUR_HUF,21,3.0,long,21,174,30
14,-0.10142815537594606,0.2675937518510934,-0.6259119090040891,0.42305559825219696,6,-0.3333333333333333,0.421637021355784,-1.15974189519067,0.4930752285240034,EUR_HUF,21,3.0,short,20,174,44
31,0.13516251309613198,0.1570943290846152,-0.1727423719097138,0.44306739810197776,14,-0.004742193045171124,0.2531961559487053,-0.5010066587046336,0.49152227261429127,EUR_PLN,7,1.5,long,45,409,81
37,0.029017705651400206,0.15780575415505654,-0.2802815724925106,0.33831698379531105,16,0.09771749099804751,0.21891908845379635,-0.33136392237139334,0.5267989043674883,EUR_PLN,7,1.5,short,53,408,89
24,0.03358335654619201,0.18199330052453122,-0.3231235124818892,0.3902902255742732,11,0.003784824263912326,0.265203580777312,-0.5160141940596191,0.5235838425874438,EUR_PLN,7,2.0,long,35,285,52
25,0.11486366896342748,0.19502613365786453,-0.267387553005987,0.49711489093284195,12,-0.018245068073188517,0.24669878143787632,-0.5017746796914261,0.46528454354504906,EUR_PLN,7,2.0,short,37,285,61
16,-0.050885621971430234,0.21818131372547545,-0.47852099687336214,0.3767497529305016,8,0.024196518728536676,0.31929155746086024,-0.6016149338947494,0.6500079713518228,EUR_PLN,7,2.5,long,24,214,39
20,0.18487813829935168,0.2179886585302989,-0.24237963242003413,0.6121359090187375,9,0.40901863311579034,0.2447913260532336,-0.07077236594854747,0.8888096321801282,EUR_PLN,7,2.5,short,29,214,39
11,-0.13246817748366313,0.2590725555862271,-0.6402503864326683,0.37531403146534204,6,0.33130118687974347,0.3378534815069208,-0.3308916368738212,0.9934940106333081,EUR_PLN,7,3.0,long,17,168,25
11,0.29629503544409064,0.29515818815878847,-0.2822150133471347,0.874805084235316,6,0.40427123741035925,0.33832273575467187,-0.25884132466879756,1.0673837994895161,EUR_PLN,7,3.0,short,17,168,28
30,0.20524277071331226,0.1525823513685225,-0.09381863796899181,0.5043041793956163,13,0.09333190245275429,0.2348231529779838,-0.366921477384094,0.5535852822896026,EUR_PLN,10,1.5,long,43,400,77
36,0.00959097591871679,0.16101770568166526,-0.30600372721734714,0.3251856790547807,16,0.1011423691081741,0.2194700590782866,-0.3290189466852676,0.5313036849016158,EUR_PLN,10,1.5,short,52,399,85
25,0.039032223669987855,0.17497974788323925,-0.3039280821811611,0.3819925295211368,12,-0.0777313188525912,0.2560945284453175,-0.5796765946054135,0.4242139569002311,EUR_PLN,10,2.0,long,37,284,52
25,0.19486366896342747,0.19236103646471409,-0.18216396250741215,0.5718913004342671,12,-0.05149769848111388,0.23624094677894003,-0.5145299541678363,0.4115345572056086,EUR_PLN,10,2.0,short,37,284,59
14,-0.26211305523147155,0.20361262952164738,-0.6611938090939005,0.1369676986309573,7,0.17051030711832763,0.3276977753821536,-0.47177733263069344,0.8127979468673486,EUR_PLN,10,2.5,long,21,208,38
21,0.22369346504700158,0.2109503745648442,-0.18976926910009304,0.6371561991940962,10,0.26811676980421134,0.2603681427006678,-0.2422047898890976,0.7784383294975203,EUR_PLN,10,2.5,short,31,208,40
11,0.1865995866381813,0.2685519579581551,-0.3397622509598027,0.7129614242361654,5,0.5975614242556921,0.25470706986315883,0.09833556732390086,1.0967872811874835,EUR_PLN,10,3.0,long,16,162,25
12,0.5051092395507925,0.2481812984010797,0.018673894684676284,0.9915445844169086,6,0.14305252787267375,0.328377160649779,-0.5005667070008931,0.7866717627462406,EUR_PLN,10,3.0,short,18,162,25
30,0.22225618541600978,0.144974734819662,-0.06189429483052772,0.5064066656625472,13,0.09333190245275429,0.2348231529779838,-0.366921477384094,0.5535852822896026,EUR_PLN,14,1.5,long,43,398,79
37,0.14446689548848118,0.15715837196316002,-0.16356351355931242,0.4524973045362748,16,0.1011423691081741,0.2194700590782866,-0.3290189466852676,0.5313036849016158,EUR_PLN,14,1.5,short,53,397,87
25,0.03903222366998785,0.17497974788323925,-0.3039280821811611,0.3819925295211368,11,0.19372992408956302,0.25750824734830974,-0.3109862407131241,0.6984460888922501,EUR_PLN,14,2.0,long,36,273,51
25,0.19486366896342747,0.19236103646471409,-0.18216396250741215,0.5718913004342671,11,0.03472978347514848,0.24093469560980815,-0.4375022199200755,0.5069617868703724,EUR_PLN,14,2.0,short,36,273,58
16,-0.18074952489125357,0.19786997585490676,-0.5685746775668707,0.20707562778436367,8,0.2741965187285367,0.3021426889250944,-0.3180031515646483,0.8663961890217217,EUR_PLN,14,2.5,long,24,208,39
22,0.24089955931325682,0.20186790275041755,-0.15476153007756158,0.6365606487040752,10,0.16985422707000203,0.2532792097492684,-0.326573024038564,0.666281478178568,EUR_PLN,14,2.5,short,32,208,42
10,0.3121365066412767,0.26649277260806903,-0.21018932767053866,0.834462340953092,5,0.19756142425569215,0.3799841789988295,-0.5472075665820137,0.942330415093398,EUR_PLN,14,3.0,long,15,159,24
14,0.43295077675782206,0.24096620052599707,-0.03934297627313221,0.9052445297887763,6,-0.07429299981605585,0.2838470676795665,-0.6306332524680063,0.48204725283589456,EUR_PLN,14,3.0,short,20,159,26
32,0.22833825626777451,0.14637333945606515,-0.05855348906611316,0.5152300016016622,14,0.015236766563271836,0.23100508058553496,-0.4375331913843767,0.46800672451092035,EUR_PLN,21,1.5,long,46,395,79
36,0.08521874129476102,0.15902319419768143,-0.22646671933269458,0.39690420192221665,16,0.1011423691081741,0.2194700590782866,-0.3290189466852676,0.5313036849016158,EUR_PLN,21,1.5,short,52,394,89
23,0.03773660422298885,0.1807414300724514,-0.31651659871901583,0.39198980716499354,11,0.011911742271381205,0.2646685414641851,-0.5068385989984215,0.530662083541184,EUR_PLN,21,2.0,long,34,266,52
25,0.27486366896342745,0.1882472059731287,-0.09410085474390478,0.6438281926707596,12,-0.05149769848111388,0.23624094677894003,-0.5145299541678363,0.4115345572056086,EUR_PLN,21,2.0,short,37,266,60
16,-0.11276085854838222,0.21769129244329713,-0.5394357917372445,0.31391407464048016,7,-0.0022593230845553863,0.2991069506805721,-0.5885089464184766,0.5839903002493659,EUR_PLN,21,2.5,long,23,201,36
18,0.2944327947162029,0.21800555737606434,-0.1328580977408832,0.7217236871732889,9,0.07761580785555786,0.26372910370310465,-0.4392932354025272,0.594524851113643,EUR_PLN,21,2.5,short,27,201,40
11,0.24471484209227157,0.250303101718182,-0.2458792372753651,0.7353089214599082,6,0.33130118687974347,0.3378534815069208,-0.3308916368738212,0.9934940106333081,EUR_PLN,21,3.0,long,17,159,26
15,0.3080616209547896,0.23985773761326465,-0.16205954476720907,0.7781827866767883,7,0.1111921970416284,0.27796672518342225,-0.43362258431787915,0.656006978401136,EUR_PLN,21,3.0,short,22,159,31
49,0.04309621692342008,0.13320389655153503,-0.21798342031758855,0.3041758541644287,21,-0.436119919105941,0.19018636435075129,-0.8088851932334136,-0.06335464497846849,EUR_SEK,7,1.5,long,70,475,98
58,-0.23890197695074675,0.11840964855665467,-0.4709848881217899,-0.0068190657797035925,26,-0.30065299090004394,0.1792911672805543,-0.6520636787699303,0.0507576969698425,EUR_SEK,7,1.5,short,84,475,117
29,-0.10321194366912746,0.17847057765931484,-0.45301427588138454,0.24659038854312965,13,-0.4988227021273612,0.2401951159424117,-0.9696051293744881,-0.02804027488023425,EUR_SEK,7,2.0,long,42,298,54
37,-0.09116604294300867,0.15031969573286533,-0.3857926465794247,0.20346056069340734,17,-0.12901431315920148,0.2406668370898783,-0.6007213138553629,0.34269268753696,EUR_SEK,7,2.0,short,54,298,70
15,-0.11780157421116548,0.24587159875332512,-0.5997099077676827,0.36410675934535175,7,-0.14285714285714285,0.40406101782088427,-0.9348167377860761,0.6491024520717903,EUR_SEK,7,2.5,long,22,220,37
19,-0.15105809400402948,0.21674486549755362,-0.5758780303792346,0.2737618423711756,9,-0.1111111111111111,0.35136418446315326,-0.7997849126588914,0.5775626904366693,EUR_SEK,7,2.5,short,28,220,44
9,-0.4152700543907588,0.26191956568368097,-0.9286324031307734,0.09809229434925582,4,0.07745988519110483,0.5363706215728224,-0.9738265330916271,1.1287463034738368,EUR_SEK,7,3.0,long,13,172,23
14,-0.07861532552612324,0.26402537220940087,-0.596105055056549,0.43887440400430244,6,0.3333333333333333,0.421637021355784,-0.4930752285240034,1.15974189519067,EUR_SEK,7,3.0,short,20,171,30
52,0.010227801596752654,0.12879864233778443,-0.2422175373853048,0.2626731405788101,23,-0.4851529696184679,0.17655230393183324,-0.8311954853248611,-0.13911045391207472,EUR_SEK,10,1.5,long,75,473,98
58,-0.19006100740625928,0.11871977034884228,-0.42275175728999015,0.04262974247747159,26,-0.33019561796302366,0.18126107783011453,-0.685467330510048,0.025076094584000785,EUR_SEK,10,1.5,short,84,473,117
32,-0.062285823950146764,0.17112178013535215,-0.39768451301543695,0.27311286511514343,15,-0.2989796751770463,0.2477911627833347,-0.7846503542323824,0.18669100387828969,EUR_SEK,10,2.0,long,47,305,60
37,-0.06936180844858773,0.14822456901828182,-0.3598819637244201,0.2211583468272446,16,-0.25,0.25,-0.74,0.24,EUR_SEK,10,2.0,short,53,305,73
17,-0.10394256548044012,0.23262872970996737,-0.5598948757119762,0.3520097447510959,8,-0.25,0.3659625273556999,-0.9672865536171718,0.46728655361717175,EUR_SEK,10,2.5,long,25,218,35
21,-0.06921971489136987,0.213367981833623,-0.4874209592852709,0.3489815295025312,9,-0.3333333333333333,0.3333333333333333,-0.9866666666666666,0.32,EUR_SEK,10,2.5,short,30,218,45
11,-0.4934173589774918,0.21928874013589872,-0.9232232896438533,-0.06361142831113031,5,0.6,0.4,-0.18400000000000005,1.384,EUR_SEK,10,3.0,long,16,172,23
15,-0.0821894029467834,0.24582022884690857,-0.5639970514867242,0.3996182455931574,7,0.14285714285714285,0.40406101782088427,-0.6491024520717903,0.9348167377860761,EUR_SEK,10,3.0,short,22,171,30
54,-0.00897095472387263,0.1253863716141579,-0.2547282430876221,0.23678633363987683,24,-0.4179050919772322,0.1809121394696587,-0.7724928853377633,-0.06331729861670116,EUR_SEK,14,1.5,long,78,469,99
57,-0.2073104672707205,0.1187533745853785,-0.4400670814580624,0.025446146916621365,25,-0.30340344268154457,0.18659020379735852,-0.6691202421243673,0.06231335676127814,EUR_SEK,14,1.5,short,82,469,118
32,-0.13066101568535538,0.16927576741771255,-0.46244151982407194,0.2011194884533612,15,-0.2989796751770463,0.2477911627833347,-0.7846503542323824,0.18669100387828969,EUR_SEK,14,2.0,long,47,311,62
39,-0.14192444931724682,0.14629570937227057,-0.42866403968689715,0.14481514105240348,17,-0.24666137198273094,0.2348578405345819,-0.7069827394305115,0.21365999546504957,EUR_SEK,14,2.0,short,56,311,76
16,-0.29793897582296763,0.22806224548452766,-0.7449409769726418,0.14906302532670657,8,-0.5,0.32732683535398854,-1.1415605972938176,0.14156059729381754,EUR_SEK,14,2.5,long,24,217,34
20,-0.026441819887132012,0.21891270974048918,-0.4555107309784908,0.4026270912042268,9,-0.1111111111111111,0.35136418446315326,-0.7997849126588914,0.5775626904366693,EUR_SEK,14,2.5,short,29,217,45
11,-0.4934173589774918,0.21928874013589872,-0.9232232896438533,-0.06361142831113031,5,0.6,0.4,-0.18400000000000005,1.384,EUR_SEK,14,3.0,long,16,172,23
15,-0.07210065528496476,0.24332400934412518,-0.5490157135994501,0.40481440302952054,7,0.14285714285714285,0.40406101782088427,-0.6491024520717903,0.9348167377860761,EUR_SEK,14,3.0,short,22,171,32
54,-0.06478527987507013,0.12639489493996434,-0.3125192739574002,0.18294871420725997,24,-0.3345717586438988,0.1882964885713232,-0.7036328762436923,0.03448935895589461,EUR_SEK,21,1.5,long,78,471,103
60,-0.2295699799917454,0.11421999581002291,-0.4534411717793903,-0.005698788204100469,26,-0.30422462013014856,0.1792719498756664,-0.6555976418864546,0.04714840162615758,EUR_SEK,21,1.5,short,86,471,121
34,-0.17255733063316037,0.16439191808946618,-0.49476549008851406,0.14965082882219333,15,-0.2989796751770463,0.2477911627833347,-0.7846503542323824,0.18669100387828969,EUR_SEK,21,2.0,long,49,314,64
41,-0.13857032360758365,0.14367459348565045,-0.42017252683945855,0.14303187962429126,18,-0.2885135179836903,0.22534666163947578,-0.7301929747970628,0.1531659388296822,EUR_SEK,21,2.0,short,59,314,79
16,-0.29793897582296763,0.22806224548452766,-0.7449409769726418,0.14906302532670657,7,-0.42857142857142855,0.3688555567816587,-1.1515283198634796,0.29438546272062255,EUR_SEK,21,2.5,long,23,220,33
21,-0.0966908637685553,0.20213607619952925,-0.4928775731196326,0.299495845582522,9,-0.1111111111111111,0.35136418446315326,-0.7997849126588914,0.5775626904366693,EUR_SEK,21,2.5,short,30,220,48
12,-0.5356325790627008,0.20458515203251532,-0.9366194770464308,-0.1346456810789708,6,0.3333333333333333,0.421637021355784,-0.4930752285240034,1.15974189519067,EUR_SEK,21,3.0,long,18,172,25
14,-0.01663150315726793,0.2544898668502593,-0.5154316421837762,0.48216863586924036,6,0.3333333333333333,0.421637021355784,-0.4930752285240034,1.15974189519067,EUR_SEK,21,3.0,short,20,171,32
54,-0.11918986602580676,0.13550469219612518,-0.3847790627302121,0.14639933067859856,24,0.017747218256740444,0.20554801934162795,-0.3851268996528503,0.42062133616633124,NZD_CAD,7,1.5,long,78,518,110
56,-0.19352276707462343,0.13109085280532248,-0.4504608385730555,0.06341530442380863,25,-0.30353217946563577,0.19090223761758723,-0.6777005651961068,0.07063620626483519,NZD_CAD,7,1.5,short,81,517,116
30,-0.14839529575846727,0.18005702461807493,-0.5013070640098941,0.20451647249295957,13,-0.0441589816798638,0.28084353755441743,-0.5946123152865219,0.5062943519267944,NZD_CAD,7,2.0,long,43,356,57
36,0.0,0.16903085094570333,-0.33130046785357853,0.33130046785357853,16,-0.375,0.23935677693908453,-0.8441392828006057,0.09413928280060568,NZD_CAD,7,2.0,short,52,355,70
21,-0.09502458204124525,0.21718105793720002,-0.5206994555981572,0.33065029151566677,9,-0.1111111111111111,0.35136418446315326,-0.7997849126588914,0.5775626904366693,NZD_CAD,7,2.5,long,30,259,35
21,0.14285714285714285,0.22131333406899525,-0.29091699191808784,0.5766312776323735,10,-0.4,0.30550504633038933,-0.9987898908075631,0.19878989080756304,NZD_CAD,7,2.5,short,31,258,44
12,0.16666666666666666,0.2972941950052816,-0.41602995554368527,0.7493632888770185,6,-0.3333333333333333,0.421637021355784,-1.15974189519067,0.4930752285240034,NZD_CAD,7,3.0,long,18,201,25
11,0.09090909090909091,0.3149183286488867,-0.526330833242727,0.7081490150609089,6,-0.3333333333333333,0.421637021355784,-1.15974189519067,0.4930752285240034,NZD_CAD,7,3.0,short,17,200,26
56,-0.11493308509631366,0.13311706662872974,-0.37584253568862397,0.14597636549599663,25,-0.10296267047352917,0.20026865231180263,-0.4954892290046623,0.289563888057604,NZD_CAD,10,1.5,long,81,522,117
55,-0.2,0.13333333333333333,-0.4613333333333333,0.061333333333333295,24,-0.2745126869433706,0.19671634119349735,-0.6600767156826254,0.11105134179588416,NZD_CAD,10,1.5,short,79,521,120
28,-0.15899495974121494,0.18601457362866275,-0.5235835240533939,0.20559360457096407,12,0.03549443651348089,0.2927719454130782,-0.5383385764961524,0.6093274495231142,NZD_CAD,10,2.0,long,40,357,55
37,-0.08108108108108109,0.16611791814942142,-0.40667220065394705,0.24451003849178488,16,-0.5,0.22360679774997896,-0.9382693235899587,-0.06173067641004126,NZD_CAD,10,2.0,short,53,356,72
20,-0.1,0.22826577307580465,-0.5474009152285771,0.3474009152285771,9,-0.1111111111111111,0.35136418446315326,-0.7997849126588914,0.5775626904366693,NZD_CAD,10,2.5,long,29,257,34
21,0.14285714285714285,0.22131333406899525,-0.29091699191808784,0.5766312776323735,10,-0.2,0.3265986323710904,-0.840133319447337,0.4401333194473371,NZD_CAD,10,2.5,short,31,256,43
11,0.09090909090909091,0.3149183286488867,-0.526330833242727,0.7081490150609089,6,-0.3333333333333333,0.421637021355784,-1.15974189519067,0.4930752285240034,NZD_CAD,10,3.0,long,17,197,23
12,0.16666666666666666,0.2972941950052816,-0.41602995554368527,0.7493632888770185,6,-0.3333333333333333,0.421637021355784,-1.15974189519067,0.4930752285240034,NZD_CAD,10,3.0,short,18,196,27
56,-0.11493308509631366,0.13311706662872974,-0.37584253568862397,0.14597636549599663,24,0.017747218256740444,0.20554801934162795,-0.3851268996528503,0.42062133616633124,NZD_CAD,14,1.5,long,80,520,113
56,-0.21428571428571427,0.13170777796132696,-0.4724329590899151,0.04386153051848654,25,-0.22353217946563578,0.19544959842332577,-0.6066133923753543,0.1595490334440827,NZD_CAD,14,1.5,short,81,519,117
28,-0.15899495974121494,0.18601457362866275,-0.5235835240533939,0.20559360457096407,12,0.03549443651348089,0.2927719454130782,-0.5383385764961524,0.6093274495231142,NZD_CAD,14,2.0,long,40,352,55
35,-0.08571428571428572,0.17086742893632048,-0.4206144464294739,0.24918587500090242,16,-0.5,0.22360679774997896,-0.9382693235899587,-0.06173067641004126,NZD_CAD,14,2.0,short,51,351,71
20,-0.1,0.22826577307580465,-0.5474009152285771,0.3474009152285771,9,-0.1111111111111111,0.35136418446315326,-0.7997849126588914,0.5775626904366693,NZD_CAD,14,2.5,long,29,255,35
21,0.23809523809523808,0.21717627144745486,-0.1875702539417734,0.6637607301322496,9,-0.3333333333333333,0.3333333333333333,-0.9866666666666666,0.32,NZD_CAD,14,2.5,short,30,254,43
11,-0.2727272727272727,0.30424000964875475,-0.869037691638832,0.32358314618428663,5,-0.2,0.48989794855663565,-1.1601999791710058,0.7601999791710059,NZD_CAD,14,3.0,long,16,194,22
13,0.23076923076923078,0.2808833628231621,-0.319762160364167,0.7813006219026286,6,-0.3333333333333333,0.421637021355784,-1.15974189519067,0.4930752285240034,NZD_CAD,14,3.0,short,19,193,27
56,-0.04350451366774223,0.13388770123919402,-0.3059244080965625,0.21891538076107808,24,-0.06558611507659289,0.20512595866677247,-0.4676329940634669,0.3364607639102811,NZD_CAD,21,1.5,long,80,518,114
60,-0.26666666666666666,0.12547461684616948,-0.5125969156851589,-0.020736417648174493,27,-0.25925925925925924,0.18941048590991066,-0.6305038116426842,0.11198529312416566,NZD_CAD,21,1.5,short,87,517,123
30,-0.14839529575846727,0.18005702461807493,-0.5013070640098941,0.20451647249295957,13,-0.0441589816798638,0.28084353755441743,-0.5946123152865219,0.5062943519267944,NZD_CAD,21,2.0,long,43,355,59
36,-0.05555555555555555,0.16876979928266733,-0.38634436214958356,0.2752332510384724,16,-0.375,0.23935677693908453,-0.8441392828006057,0.09413928280060568,NZD_CAD,21,2.0,short,52,354,73
19,-0.05263157894736842,0.23537557657892524,-0.5139677090420619,0.40870455114732507,9,-0.1111111111111111,0.35136418446315326,-0.7997849126588914,0.5775626904366693,NZD_CAD,21,2.5,long,28,253,35
21,0.14285714285714285,0.22131333406899525,-0.29091699191808784,0.5766312776323735,9,-0.3333333333333333,0.3333333333333333,-0.9866666666666666,0.32,NZD_CAD,21,2.5,short,30,252,43
12,0.16666666666666666,0.2972941950052816,-0.41602995554368527,0.7493632888770185,6,-0.3333333333333333,0.421637021355784,-1.15974189519067,0.4930752285240034,NZD_CAD,21,3.0,long,18,190,24
14,0.14285714285714285,0.2745054065230065,-0.39517345392794984,0.6808877396422355,7,-0.42857142857142855,0.36885555678165877,-1.1515283198634798,0.29438546272062266,NZD_CAD,21,3.0,short,21,189,29
50,-0.00870019595035922,0.1418758141336662,-0.286776791652345,0.2693763997516266,22,-0.32114872323134275,0.19909448201482444,-0.7113739079803987,0.06907646151771313,NZD_CHF,7,1.5,long,72,515,111
50,0.05032634111183688,0.13998095126559099,-0.22403632336872148,0.3246890055923952,22,0.36363636363636365,0.20327890704543541,-0.03479029417268975,0.762063021445417,NZD_CHF,7,1.5,short,72,514,98
28,-0.2857142857142857,0.18442777839082938,-0.6471927313603113,0.0757641599317399,13,0.1587022734495233,0.2735868351102481,-0.377527923366563,0.6949324702656097,NZD_CHF,7,2.0,long,41,338,62
30,-0.06666666666666667,0.1852822223412403,-0.42981982245549766,0.29648648912216435,13,0.5384615384615384,0.24325212770525995,0.06168736815922893,1.015235708763848,NZD_CHF,7,2.0,short,43,338,60
16,-0.125,0.25617376914899,-0.6271005875320204,0.37710058753202036,8,0.5,0.32732683535398854,-0.14156059729381754,1.1415605972938176,NZD_CHF,7,2.5,long,24,246,35
16,0.125,0.25617376914899,-0.37710058753202036,0.6271005875320204,8,0.5,0.32732683535398854,-0.14156059729381754,1.1415605972938176,NZD_CHF,7,2.5,short,24,246,33
7,0.42857142857142855,0.36885555678165877,-0.29438546272062266,1.1515283198634798,3,0.3333333333333333,0.6666666666666667,-0.9733333333333336,1.6400000000000001,NZD_CHF,7,3.0,long,10,186,19
13,-0.07692307692307693,0.28781979898261095,-0.6410498829289943,0.48720372908284054,6,0.0,0.4472135954999579,-0.8765386471799175,0.8765386471799175,NZD_CHF,7,3.0,short,19,186,24
49,0.011530412295551816,0.1433217138922485,-0.26938014693325524,0.29244097152435883,22,-0.13933054141316095,0.20886705395747993,-0.5487099671698216,0.2700488843434997,NZD_CHF,10,1.5,long,71,502,105
48,0.010756605324830082,0.142992363080439,-0.26950842631283034,0.2910216369624905,21,0.23809523809523808,0.21717627144745486,-0.1875702539417734,0.6637607301322496,NZD_CHF,10,1.5,short,69,501,94
29,-0.034482758620689655,0.18886984741557453,-0.4046676595552157,0.3357021423138364,13,0.004856119603369419,0.2773926077253667,-0.5388333915383494,0.5485456307450882,NZD_CHF,10,2.0,long,42,336,62
30,0.06666666666666667,0.1852822223412403,-0.29648648912216435,0.42981982245549766,14,0.5714285714285714,0.22760785909019765,0.12531716761178402,1.0175399752453589,NZD_CHF,10,2.0,short,44,336,58
15,-0.06666666666666667,0.2666666666666666,-0.5893333333333332,0.45599999999999985,7,0.14285714285714285,0.40406101782088427,-0.6491024520717903,0.9348167377860761,NZD_CHF,10,2.5,long,22,247,38
18,0.1111111111111111,0.24103384202072908,-0.36131521924951787,0.58353744147174,9,0.3333333333333333,0.3333333333333333,-0.32,0.9866666666666666,NZD_CHF,10,2.5,short,27,247,37
7,0.14285714285714285,0.40406101782088427,-0.6491024520717903,0.9348167377860761,4,1.0,0.0,1.0,1.0,NZD_CHF,10,3.0,long,11,188,18
14,0.0,0.2773500981126146,-0.5436061923007246,0.5436061923007246,7,-0.14285714285714285,0.40406101782088427,-0.9348167377860761,0.6491024520717903,NZD_CHF,10,3.0,short,21,188,25
51,-0.028137447010156098,0.1404179146393798,-0.30335655970334047,0.24708166568302828,22,-0.09120444001474994,0.2049310678403019,-0.4928693329817416,0.3104604529522418,NZD_CHF,14,1.5,long,73,499,108
49,0.07176157256309885,0.1411824970334296,-0.20495612162242322,0.3484792667486209,21,0.23809523809523808,0.21717627144745486,-0.1875702539417734,0.6637607301322496,NZD_CHF,14,1.5,short,70,498,95
29,-0.034482758620689655,0.18886984741557453,-0.4046676595552157,0.3357021423138364,13,0.004856119603369419,0.2773926077253667,-0.5388333915383494,0.5485456307450882,NZD_CHF,14,2.0,long,42,337,63
30,0.06666666666666667,0.1852822223412403,-0.29648648912216435,0.42981982245549766,14,0.42857142857142855,0.25058800551629407,-0.0625810622405078,0.9197239193833648,NZD_CHF,14,2.0,short,44,337,57
13,0.23076923076923078,0.2808833628231621,-0.319762160364167,0.7813006219026286,6,0.0,0.4472135954999579,-0.8765386471799175,0.8765386471799175,NZD_CHF,14,2.5,long,19,245,36
19,0.15789473684210525,0.23274559932318592,-0.29828663783133913,0.6140761115155496,9,-0.1111111111111111,0.35136418446315326,-0.7997849126588914,0.5775626904366693,NZD_CHF,14,2.5,short,28,245,39
8,0.0,0.3779644730092272,-0.7408103670980853,0.7408103670980853,4,1.0,0.0,1.0,1.0,NZD_CHF,14,3.0,long,12,190,20
14,-0.14285714285714285,0.2745054065230065,-0.6808877396422355,0.39517345392794984,6,0.0,0.4472135954999579,-0.8765386471799175,0.8765386471799175,NZD_CHF,14,3.0,short,20,190,26
51,0.011078239264353706,0.1404655492370039,-0.264234237240174,0.28639071576888137,22,-0.1821135309238408,0.2020236320007602,-0.5780798496453308,0.2138527877976492,NZD_CHF,21,1.5,long,73,501,107
44,0.07378070391948878,0.15044186283017955,-0.22108534722766315,0.3686467550666407,20,0.4,0.2102629932151387,-0.012115466701671795,0.8121154667016719,NZD_CHF,21,1.5,short,64,500,94
29,-0.034482758620689655,0.18886984741557453,-0.4046676595552157,0.3357021423138364,13,0.004856119603369419,0.2773926077253667,-0.5388333915383494,0.5485456307450882,NZD_CHF,21,2.0,long,42,340,63
30,0.0,0.18569533817705186,-0.3639628628270216,0.3639628628270216,14,0.2857142857142857,0.26578871697687523,-0.23523159956038975,0.8066601709889611,NZD_CHF,21,2.0,short,44,340,58
13,0.07692307692307693,0.28781979898261095,-0.48720372908284054,0.6410498829289943,6,0.0,0.4472135954999579,-0.8765386471799175,0.8765386471799175,NZD_CHF,21,2.5,long,19,242,36
18,0.1111111111111111,0.24103384202072908,-0.36131521924951787,0.58353744147174,8,-0.25,0.3659625273556999,-0.9672865536171718,0.46728655361717175,NZD_CHF,21,2.5,short,26,242,37
8,0.0,0.3779644730092272,-0.7408103670980853,0.7408103670980853,4,1.0,0.0,1.0,1.0,NZD_CHF,21,3.0,long,12,192,19
14,0.0,0.2773500981126146,-0.5436061923007246,0.5436061923007246,6,0.0,0.4472135954999579,-0.8765386471799175,0.8765386471799175,NZD_CHF,21,3.0,short,20,192,26
45,-0.020074361662965255,0.1470910173039347,-0.30837275557867727,0.2682240322527467,20,0.1,0.22826577307580465,-0.3474009152285771,0.5474009152285771,EUR_NOK,7,1.5,long,65,457,95
57,0.05562835853001055,0.12650288235337023,-0.1923172908825951,0.30357400794261624,25,0.15546998867497097,0.19752026348437926,-0.23166972775441236,0.5426097051043544,EUR_NOK,7,1.5,short,82,457,121
23,-0.21739130434782608,0.20810192223064325,-0.6252710719198868,0.19048846322423466,11,0.09090909090909091,0.3149183286488867,-0.526330833242727,0.7081490150609089,EUR_NOK,7,2.0,long,34,316,61
40,0.07354450238968394,0.15098411512864207,-0.2223843632624545,0.3694733680418224,18,-0.025771994709421583,0.22954788225492517,-0.4756858439290749,0.42414185451023173,EUR_NOK,7,2.0,short,58,316,81
16,-0.125,0.25617376914899,-0.6271005875320204,0.37710058753202036,7,-0.14285714285714285,0.40406101782088427,-0.9348167377860761,0.6491024520717903,EUR_NOK,7,2.5,long,23,237,35
23,-0.00176755271148562,0.19756746834121297,-0.388999790660263,0.3854646852372918,10,0.06493543783561369,0.31764386488835405,-0.5576465373455602,0.6875174130167877,EUR_NOK,7,2.5,short,33,237,54
10,-0.5647640760317949,0.2630980792755757,-1.0804363114119233,-0.049091840651666496,5,-0.2,0.48989794855663565,-1.1601999791710058,0.7601999791710059,EUR_NOK,7,3.0,long,15,187,22
14,0.6332715678778251,0.20168995920177304,0.23795924784234995,1.0285838879133002,7,0.14285714285714285,0.40406101782088427,-0.6491024520717903,0.9348167377860761,EUR_NOK,7,3.0,short,21,187,40
47,-0.0387225758056752,0.14232351163880566,-0.3176766586177343,0.24023150700638388,21,-0.047619047619047616,0.22335313142016333,-0.48539118520256774,0.3901530899644725,EUR_NOK,10,1.5,long,68,448,93
56,0.06342982888531626,0.1274927250818239,-0.1864559122750586,0.3133155700456911,24,0.12028123820309478,0.20263483521490686,-0.27688303881812265,0.5174455152243123,EUR_NOK,10,1.5,short,80,448,120
23,-0.13043478260869565,0.21137931948017294,-0.5447382487898346,0.2838686835724433,11,0.09090909090909091,0.3149183286488867,-0.526330833242727,0.7081490150609089,EUR_NOK,10,2.0,long,34,314,60
40,0.04861919664548953,0.14910821303150945,-0.243632900896269,0.34087129418724804,18,-0.025771994709421583,0.22954788225492517,-0.4756858439290749,0.42414185451023173,EUR_NOK,10,2.0,short,58,314,81
18,-0.2222222222222222,0.23647127470752347,-0.6857059206489682,0.24126147620452376,8,0.0,0.3779644730092272,-0.7408103670980853,0.7408103670980853,EUR_NOK,10,2.5,long,26,240,37
25,-0.06763545934021653,0.18835633719259653,-0.43681388023770573,0.30154296155727267,12,-0.11255380180365526,0.2882934643880829,-0.6776089920042977,0.45250138839698717,EUR_NOK,10,2.5,short,37,240,56
9,-0.29418230670199436,0.3257587188275638,-0.9326693956040193,0.34430478220003063,5,-0.2,0.48989794855663565,-1.1601999791710058,0.7601999791710059,EUR_NOK,10,3.0,long,14,183,20
14,0.22946790767934017,0.2536282757745531,-0.2676435128387839,0.7265793281974642,7,0.42857142857142855,0.36885555678165877,-0.29438546272062266,1.1515283198634798,EUR_NOK,10,3.0,short,21,183,40
47,-0.0812757672950369,0.14193299536162696,-0.35946443820382573,0.19691290361375197,21,-0.047619047619047616,0.22335313142016333,-0.48539118520256774,0.3901530899644725,EUR_NOK,14,1.5,long,68,445,95
54,0.056742706262987594,0.1286618200139782,-0.19543446096440964,0.30891987349038486,24,0.20361457153642812,0.19971815365669177,-0.18783300963068775,0.595062152703544,EUR_NOK,14,1.5,short,78,445,121
22,-0.36363636363636365,0.20327890704543541,-0.762063021445417,0.03479029417268975,10,0.2,0.3265986323710904,-0.4401333194473371,0.840133319447337,EUR_NOK,14,2.0,long,32,309,58
39,0.049789233220188654,0.15297708878289026,-0.25004586079427626,0.34962432723465353,17,0.03153553501355361,0.23576277684436897,-0.43055950760140954,0.49363057762851675,EUR_NOK,14,2.0,short,56,309,80
17,-0.29411764705882354,0.23894230601870473,-0.7624445668554848,0.1742092727378377,8,0.0,0.3779644730092272,-0.7408103670980853,0.7408103670980853,EUR_NOK,14,2.5,long,25,239,37
25,-0.0816261484945668,0.1896670365635822,-0.45337354015918785,0.2901212431700543,11,-0.03187687469489665,0.3031917314990715,-0.6261326684330768,0.5623789190432835,EUR_NOK,14,2.5,short,36,239,57
9,-0.5164045289242165,0.28914086861348187,-1.0831206314066408,0.05031157355820792,4,0.0,0.5773502691896257,-1.1316065276116665,1.1316065276116665,EUR_NOK,14,3.0,long,13,187,21
16,0.20078441921942264,0.23978911025035476,-0.2692022368712727,0.6707710753101179,7,0.42857142857142855,0.36885555678165877,-0.29438546272062266,1.1515283198634798,EUR_NOK,14,3.0,short,23,187,41
46,-0.017825240497102938,0.14387543355150506,-0.29982109025805287,0.264170609263847,20,0.0,0.22941573387056172,-0.44965483838630094,0.44965483838630094,EUR_NOK,21,1.5,long,66,451,98
58,0.04318503358922829,0.12376065392105211,-0.19938584809603385,0.2857559152744904,25,0.235469988674971,0.19419351489971406,-0.14514930052846858,0.6160892778784106,EUR_NOK,21,1.5,short,83,451,126
22,-0.18181818181818182,0.2145806706734845,-0.6023962963382115,0.23875993270184775,10,0.0,0.3333333333333333,-0.6533333333333333,0.6533333333333333,EUR_NOK,21,2.0,long,32,307,57
37,0.018732206284596077,0.15841665578669203,-0.2917644390573203,0.3292288516265125,16,0.09600650595190072,0.24142201977419633,-0.37718065280552404,0.5691936647093255,EUR_NOK,21,2.0,short,53,307,78
18,-0.2222222222222222,0.23647127470752347,-0.6857059206489682,0.24126147620452376,8,0.0,0.3779644730092272,-0.7408103670980853,0.7408103670980853,EUR_NOK,21,2.5,long,26,237,37
27,-0.0015056930505248202,0.18393708026400873,-0.36202237036798196,0.3590109842669323,12,0.0541128648630114,0.28982510303700015,-0.5139443370895089,0.6221700668155317,EUR_NOK,21,2.5,short,39,237,58
11,-0.32162935606577275,0.2745835969760246,-0.8598132061387809,0.21655449400723542,5,-0.2,0.48989794855663565,-1.1601999791710058,0.7601999791710059,EUR_NOK,21,3.0,long,16,187,24
16,0.21731658257981815,0.23640979014428284,-0.2460466061029762,0.6806797712626125,8,0.5,0.32732683535398854,-0.14156059729381754,1.1415605972938176,EUR_NOK,21,3.0,short,24,187,43
63,-0.07936507936507936,0.1265995199614666,-0.3275001384895539,0.16876997975939517,28,0.21428571428571427,0.18797967114804776,-0.15415444116445934,0.5827258697358879,USD_ZAR,7,1.5,long,91,495,143
70,-1.5225915766287861e-16,0.12038585308576917,-0.2359562720481077,0.23595627204810743,31,0.03225806451612939,0.18247916933846398,-0.32540110738725997,0.38991723641951875,USD_ZAR,7,1.5,short,101,495,160
35,-0.02857142857142889,0.17142857142857135,-0.36457142857142877,0.30742857142857094,15,0.3333333333333333,0.25197631533948484,-0.16054024473205697,0.8272069113987236,USD_ZAR,7,2.0,long,50,363,90
37,-0.02702702702702703,0.16660578386402644,-0.35357436340051884,0.2995203093464648,17,-0.17647058823529346,0.24607647839237537,-0.6587804858843492,0.30583930941376225,USD_ZAR,7,2.0,short,54,363,102
21,0.04761904761904709,0.22335313142016316,-0.39015308996447273,0.48539118520256685,9,-0.3333333333333333,0.3333333333333333,-0.9866666666666666,0.32,USD_ZAR,7,2.5,long,30,267,47
20,-0.2,0.22478059477960655,-0.6405699657680288,0.2405699657680288,9,-0.1111111111111111,0.35136418446315326,-0.7997849126588914,0.5775626904366693,USD_ZAR,7,2.5,short,29,267,57
14,0.2857142857142857,0.26578871697687523,-0.23523159956038975,0.8066601709889611,6,-1.8318679906315083e-15,0.4472135954999572,-0.8765386471799179,0.8765386471799144,USD_ZAR,7,3.0,long,20,206,27
14,0.0,0.2773500981126146,-0.5436061923007246,0.5436061923007246,6,0.3333333333333333,0.421637021355784,-0.4930752285240034,1.15974189519067,USD_ZAR,7,3.0,short,20,205,35
63,-0.1746031746031746,0.1250492632872556,-0.4196997306461956,0.07049338143984638,28,0.21428571428571466,0.18797967114804784,-0.15415444116445912,0.5827258697358885,USD_ZAR,10,1.5,long,91,489,141
71,0.07042253521126746,0.1192261156994448,-0.16326065155964434,0.3041057219821792,31,-0.16129032258064482,0.1801837425002445,-0.514450457881124,0.19186981271983436,USD_ZAR,10,1.5,short,102,489,160
32,-3.469446951953614e-16,0.17960530202677483,-0.352026391972479,0.3520263919724783,15,0.06666666666666667,0.2666666666666666,-0.45599999999999985,0.5893333333333332,USD_ZAR,10,2.0,long,47,365,90
39,-0.07692307692307664,0.16174076401164525,-0.39393497438590136,0.24008882053974806,17,-0.29411764705882354,0.2389423060187047,-0.7624445668554847,0.17420927273783765,USD_ZAR,10,2.0,short,56,365,103
21,0.04761904761904709,0.22335313142016316,-0.39015308996447273,0.48539118520256685,9,-0.1111111111111111,0.35136418446315326,-0.7997849126588914,0.5775626904366693,USD_ZAR,10,2.5,long,30,266,48
21,-0.3333333333333333,0.21081851067789195,-0.7465376142620015,0.07987094759533492,9,-0.1111111111111111,0.35136418446315326,-0.7997849126588914,0.5775626904366693,USD_ZAR,10,2.5,short,30,266,56
13,0.23076923076923078,0.2808833628231621,-0.319762160364167,0.7813006219026286,6,0.0,0.4472135954999579,-0.8765386471799175,0.8765386471799175,USD_ZAR,10,3.0,long,19,203,28
13,0.07692307692307693,0.28781979898261095,-0.48720372908284054,0.6410498829289943,6,0.3333333333333333,0.421637021355784,-0.4930752285240034,1.15974189519067,USD_ZAR,10,3.0,short,19,202,36
65,-0.2,0.12247448713915893,-0.44004999479275153,0.04004999479275148,29,0.31034482758620724,0.1796510593971475,-0.0417712488322019,0.6624609040046163,USD_ZAR,14,1.5,long,94,493,146
70,0.028571428571428577,0.12033670597080583,-0.20728851513135083,0.264431372274208,31,-0.22580645161290322,0.17785869357535775,-0.5744094910206043,0.12279658779479793,USD_ZAR,14,1.5,short,101,493,162
35,-0.02857142857142889,0.17142857142857135,-0.36457142857142877,0.30742857142857094,16,0.125,0.25617376914899,-0.37710058753202036,0.6271005875320204,USD_ZAR,14,2.0,long,51,358,92
40,-0.15000000000000027,0.15831646333879035,-0.46030026814402936,0.16030026814402878,18,-0.1111111111111105,0.2410338420207293,-0.5835374414717399,0.3613152192495189,USD_ZAR,14,2.0,short,58,358,108
22,0.18181818181818132,0.21458067067348435,-0.23875993270184798,0.6023962963382106,10,-0.2,0.32659863237109044,-0.8401333194473373,0.4401333194473372,USD_ZAR,14,2.5,long,32,263,48
23,-0.4782608695652174,0.18723666849528875,-0.8452447398159834,-0.11127699931445145,11,0.27272727272727376,0.304240009648755,-0.32358314618428613,0.8690376916388336,USD_ZAR,14,2.5,short,34,263,61
11,0.2727272727272727,0.30424000964875475,-0.32358314618428663,0.869037691638832,6,0.0,0.4472135954999579,-0.8765386471799175,0.8765386471799175,USD_ZAR,14,3.0,long,17,201,28
13,-0.23076923076923078,0.2808833628231621,-0.7813006219026286,0.319762160364167,6,0.3333333333333333,0.421637021355784,-0.4930752285240034,1.15974189519067,USD_ZAR,14,3.0,short,19,201,37
67,-0.04477611940298507,0.12296803595091038,-0.2857934698667694,0.19624123106079927,29,0.24137931034482796,0.1833941918126728,-0.11807330560801071,0.6008319262976667,USD_ZAR,21,1.5,long,96,491,147
71,0.04225352112676056,0.1194161175979901,-0.19180206936530003,0.27630911161882116,31,-0.22580645161290322,0.17785869357535775,-0.5744094910206043,0.12279658779479793,USD_ZAR,21,1.5,short,102,491,162
37,0.027027027027026727,0.16660578386402636,-0.2995203093464649,0.3535743634005184,16,0.125,0.25617376914899,-0.37710058753202036,0.6271005875320204,USD_ZAR,21,2.0,long,53,352,90
42,-0.04761904761904787,0.1559965936388461,-0.35337237115118625,0.25813427591309046,18,-0.22222222222222163,0.2364712747075237,-0.6857059206489681,0.2412614762045248,USD_ZAR,21,2.0,short,60,352,109
22,0.18181818181818182,0.2145806706734845,-0.23875993270184775,0.6023962963382115,10,-0.4,0.3055050463303893,-0.998789890807563,0.19878989080756293,USD_ZAR,21,2.5,long,32,267,52
30,-0.333333333333333,0.17507524381296355,-0.6764808112067415,0.009814144540075564,13,-0.07692307692307693,0.2878197989826109,-0.6410498829289943,0.48720372908284043,USD_ZAR,21,2.5,short,43,267,70
11,0.2727272727272727,0.30424000964875475,-0.32358314618428663,0.869037691638832,6,0.0,0.4472135954999579,-0.8765386471799175,0.8765386471799175,USD_ZAR,21,3.0,long,17,198,27
14,-0.2857142857142857,0.26578871697687523,-0.8066601709889611,0.23523159956038975,7,0.42857142857142855,0.36885555678165877,-0.29438546272062266,1.1515283198634798,USD_ZAR,21,3.0,short,21,198,38
54,-0.07407407407407386,0.13698319904900536,-0.34256114421012435,0.19441299606197665,24,-0.04123582660477091,0.2039434485654177,-0.44096498579298965,0.3584933325834478,USD_NOK,7,1.5,long,78,496,119
59,0.08474576271186422,0.13083407204800207,-0.1716890185022198,0.34118054392594827,26,0.07692307692307693,0.19940740610485724,-0.3139154390424433,0.46776159288859714,USD_NOK,7,1.5,short,85,496,123
36,-0.16666666666666638,0.1666666666666667,-0.4933333333333332,0.1600000000000004,16,-0.25,0.25,-0.74,0.24,USD_NOK,7,2.0,long,52,347,70
37,-0.24324324324324326,0.16166088689122848,-0.5600985815500511,0.07361209506356459,16,-0.125,0.25617376914899,-0.6271005875320204,0.37710058753202036,USD_NOK,7,2.0,short,53,347,72
22,0.2727272727272732,0.20994555243259125,-0.13876601004060563,0.684220555495152,10,-0.4,0.3055050463303893,-0.998789890807563,0.19878989080756293,USD_NOK,7,2.5,long,32,268,45
23,-0.30434782608695654,0.2030866810856147,-0.7023977210147614,0.09370206884084825,10,0.0,0.3333333333333333,-0.6533333333333333,0.6533333333333333,USD_NOK,7,2.5,short,33,268,47
6,0.3333333333333333,0.421637021355784,-0.4930752285240034,1.15974189519067,3,-0.3333333333333333,0.6666666666666667,-1.6400000000000001,0.9733333333333336,USD_NOK,7,3.0,long,9,185,17
14,0.2857142857142857,0.26578871697687523,-0.23523159956038975,0.8066601709889611,6,0.0,0.4472135954999579,-0.8765386471799175,0.8765386471799175,USD_NOK,7,3.0,short,20,185,25
52,2.135044278125301e-16,0.14002800840280102,-0.2744548964694898,0.27445489646949023,23,0.043478260869565216,0.21299910806810243,-0.37399999094391556,0.46095651268304594,USD_NOK,10,1.5,long,75,487,117
58,0.06896551724137913,0.13213787041210448,-0.19002470876634564,0.32795574324910387,26,0.0,0.20000000000000004,-0.39200000000000007,0.39200000000000007,USD_NOK,10,1.5,short,84,487,120
39,-0.12820512820512794,0.16088271677005378,-0.4435352530744333,0.18712499666417745,17,-0.29411764705882354,0.23894230601870473,-0.7624445668554848,0.1742092727378377,USD_NOK,10,2.0,long,56,349,75
38,-0.15789473684210525,0.16233675809601258,-0.4760747827102899,0.1602853090260794,17,-0.058823529411764705,0.2495670992423109,-0.547975043926694,0.43032798510316467,USD_NOK,10,2.0,short,55,349,75
21,0.04761904761904815,0.22335313142016347,-0.39015308996447223,0.4853911852025686,9,-0.3333333333333333,0.3333333333333333,-0.9866666666666666,0.32,USD_NOK,10,2.5,long,30,263,44
25,-0.36,0.19043809142780935,-0.7332586591985063,0.013258659198506328,11,0.2727272727272727,0.30424000964875475,-0.32358314618428663,0.869037691638832,USD_NOK,10,2.5,short,36,263,51
7,0.14285714285714285,0.40406101782088427,-0.6491024520717903,0.9348167377860761,3,-0.3333333333333333,0.6666666666666667,-1.6400000000000001,0.9733333333333336,USD_NOK,10,3.0,long,10,182,17
13,0.23076923076923078,0.2808833628231621,-0.319762160364167,0.7813006219026286,6,0.0,0.4472135954999579,-0.8765386471799175,0.8765386471799175,USD_NOK,10,3.0,short,19,182,25
56,-0.03571428571428552,0.134753950172893,-0.2998320280531558,0.22840345662458472,24,0.0,0.2085144140570748,-0.4086882515518666,0.4086882515518666,USD_NOK,14,1.5,long,80,481,119
61,0.08196721311475393,0.12866502865802348,-0.17021624305497213,0.33415066928447995,27,-0.037037037037037035,0.19598157859737708,-0.4211609310878961,0.347086857013822,USD_NOK,14,1.5,short,88,481,124
37,-0.07042146412442589,0.16481688479801346,-0.3934625583285323,0.25261963007968047,17,-0.17647058823529413,0.24607647839237515,-0.6587804858843495,0.30583930941376114,USD_NOK,14,2.0,long,54,348,75
38,-0.21052631578947367,0.16071450853291364,-0.5255267525139844,0.10447412093503705,17,-0.058823529411764705,0.2495670992423109,-0.547975043926694,0.43032798510316467,USD_NOK,14,2.0,short,55,348,76
21,0.1083887154203627,0.217286050378898,-0.31749194332227737,0.5342693741630028,10,-0.4,0.3055050463303893,-0.998789890807563,0.19878989080756293,USD_NOK,14,2.5,long,31,263,46
28,-0.42857142857142855,0.17388017698576702,-0.7693765754635319,-0.08776628167932521,12,0.16666666666666666,0.2972941950052816,-0.41602995554368527,0.7493632888770185,USD_NOK,14,2.5,short,40,263,55
6,0.3333333333333333,0.421637021355784,-0.4930752285240034,1.15974189519067,3,-0.3333333333333333,0.6666666666666667,-1.6400000000000001,0.9733333333333336,USD_NOK,14,3.0,long,9,181,16
12,0.16666666666666666,0.2972941950052816,-0.41602995554368527,0.7493632888770185,6,0.3333333333333333,0.421637021355784,-0.4930752285240034,1.15974189519067,USD_NOK,14,3.0,short,18,181,25
56,-0.035714285714285525,0.134753950172893,-0.2998320280531558,0.22840345662458472,25,0.04,0.20396078054371142,-0.3597631298656744,0.43976312986567434,USD_NOK,21,1.5,long,81,482,123
62,-1.71905500587121e-16,0.12803687993289595,-0.25095228466847624,0.2509522846684759,27,-0.1111111111111111,0.19490178206822872,-0.4931186039648394,0.2708963817426172,USD_NOK,21,1.5,short,89,482,128
37,-0.01636741007037183,0.16521174031962368,-0.3401824210968343,0.3074476009560906,16,-0.25,0.25,-0.74,0.24,USD_NOK,21,2.0,long,53,347,75
38,-0.05263157894736842,0.16417112997159045,-0.3744069936916857,0.26914383579694884,17,-0.058823529411764705,0.2495670992423109,-0.547975043926694,0.43032798510316467,USD_NOK,21,2.0,short,55,347,76
23,-0.07494943374662535,0.20826340786684613,-0.4831457131656438,0.33324684567239304,11,-0.2727272727272727,0.30424000964875475,-0.869037691638832,0.32358314618428663,USD_NOK,21,2.5,long,34,263,49
28,-0.2857142857142857,0.18442777839082938,-0.6471927313603113,0.0757641599317399,13,0.07692307692307693,0.2878197989826109,-0.48720372908284043,0.6410498829289943,USD_NOK,21,2.5,short,41,263,57
5,0.6,0.4000000000000001,-0.18400000000000016,1.3840000000000001,3,-0.3333333333333333,0.6666666666666667,-1.6400000000000001,0.9733333333333336,USD_NOK,21,3.0,long,8,179,17
10,0.2,0.32659863237109044,-0.4401333194473372,0.8401333194473373,5,0.6,0.4000000000000001,-0.18400000000000016,1.3840000000000001,USD_NOK,21,3.0,short,15,179,24
