tr_n,tr_mean_r,tr_se_r,tr_ci_low_r,tr_ci_high_r,te_n,te_mean_r,te_se_r,te_ci_low_r,te_ci_high_r,pair,period,multiplier,direction,total_n,raw_n,filtered_n
88,0.0179426329781591,0.10339546786120393,-0.18471248402980062,0.2205977499861188,39,-0.031283300159285404,0.16132497288510717,-0.3474802470140954,0.28491364669552466,EUR_USD,7,1.5,long,127,521,206
99,-0.042096573250496365,0.09786987554426328,-0.2339215293172524,0.14972838281625966,43,-0.1000323871256887,0.14888697596988337,-0.3918508600266601,0.19178608577528272,EUR_USD,7,1.5,short,142,521,215
60,0.023129960668560167,0.1225760291611319,-0.21711905648725838,0.2633789778243787,26,-0.18592528159514363,0.19266856157986162,-0.5635556622916724,0.19170509910138514,EUR_USD,7,2.0,long,86,380,129
67,-0.2152880524504365,0.11688270823216985,-0.4443781605854894,0.013802055684616399,29,-0.015107016104298772,0.18075182100041012,-0.3693805852651026,0.33916655305650506,EUR_USD,7,2.0,short,96,379,147
45,0.10882344748868415,0.14212934613798267,-0.16975007094176187,0.3873969659191302,20,-0.1412580586382533,0.22142773463488405,-0.5752564185226261,0.29274030124611944,EUR_USD,7,2.5,long,65,291,100
39,-0.012861635220059653,0.15431527682876606,-0.31531957780444114,0.2895963073643218,18,0.0,0.24253562503633302,-0.4753698250712127,0.4753698250712127,EUR_USD,7,2.5,short,57,290,93
30,0.11039669193604133,0.16450342162733894,-0.21203001445354297,0.43282339832562566,13,-0.23076923076923078,0.2808833628231621,-0.7813006219026286,0.319762160364167,EUR_USD,7,3.0,long,43,229,66
28,-0.018610541164401435,0.18974938912865685,-0.39051934385656883,0.353298261527766,13,-0.09519290006745,0.2826567248416427,-0.6492000807570697,0.4588142806221697,EUR_USD,7,3.0,short,41,228,67
90,-0.004678314421355544,0.10232855014142946,-0.20524227269855727,0.19588564385584617,39,0.019998751122765876,0.16137216515711736,-0.29629069258518415,0.3362881948307159,EUR_USD,10,1.5,long,129,518,209
100,-0.06355765992786443,0.097787023706923,-0.2552202263934335,0.12810490653770468,44,-0.06164731407938124,0.14921972522453855,-0.35411797551947677,0.2308233473607143,EUR_USD,10,1.5,short,144,518,215
62,0.009924422236191926,0.11978502072024103,-0.2248542183754805,0.24470306284786433,27,-0.29015027116569386,0.18395188239757562,-0.6506959606649421,0.07039541833355434,EUR_USD,10,2.0,long,89,379,134
65,-0.12960460791044995,0.12052070793158641,-0.3658251954563593,0.1066159796354594,29,-0.015107016104298772,0.18075182100041012,-0.3693805852651026,0.33916655305650506,EUR_USD,10,2.0,short,94,378,151
42,0.09278702707120919,0.1469172286437511,-0.19517074107054294,0.3807447952129613,18,-0.15695339848694811,0.232822620131722,-0.6132857339451232,0.299378936971227,EUR_USD,10,2.5,long,60,289,94
40,-0.034486586273772823,0.15291905466550937,-0.3342079334181712,0.26523476087062553,18,0.0,0.24253562503633302,-0.4753698250712127,0.4753698250712127,EUR_USD,10,2.5,short,58,288,92
28,0.0995421313964717,0.16730499434175827,-0.2283756575133745,0.42745992030631785,13,-0.38461538461538464,0.2664693550105965,-0.9068953204361538,0.1376645512053845,EUR_USD,10,3.0,long,41,228,65
27,0.1006465130806224,0.19334085030031875,-0.27830155350800234,0.4795945796692471,12,0.0,0.30151134457776363,-0.5909622353724167,0.5909622353724167,EUR_USD,10,3.0,short,39,227,63
89,0.05465943809819266,0.10283364196723083,-0.14689450015757977,0.25621337635396507,39,-0.031283300159285404,0.16132497288510717,-0.3474802470140954,0.28491364669552466,EUR_USD,14,1.5,long,128,515,209
101,-0.060262739901348755,0.09682596980944792,-0.2500416407278667,0.12951616092516918,44,-0.10632960882754877,0.14857525913254532,-0.3975371167273376,0.18487789907224006,EUR_USD,14,1.5,short,145,515,216
62,0.042182486752320975,0.1196699459986135,-0.19237060740496148,0.27673558090960343,28,-0.17638900557650125,0.1859217274734335,-0.5407955914244309,0.18801758027142837,EUR_USD,14,2.0,long,90,381,134
65,-0.0680661463719884,0.12130667365522245,-0.3058272267362244,0.16969493399224758,29,-0.01510701610429878,0.18075182100041012,-0.3693805852651026,0.33916655305650506,EUR_USD,14,2.0,short,94,380,152
43,0.11388500318583225,0.14500296008209523,-0.1703207985750744,0.3980908049467389,19,-0.12434416463394446,0.22262928970802795,-0.5606975724616793,0.3120092431937903,EUR_USD,14,2.5,long,62,284,95
40,-0.06335544939955007,0.15471743818815267,-0.3666016282483293,0.23989072944922918,18,0.1111111111111111,0.24103384202072908,-0.36131521924951787,0.58353744147174,EUR_USD,14,2.5,short,58,283,90
29,0.06162688548624853,0.16582555861988743,-0.26339120940873084,0.38664498038122785,13,-0.38461538461538464,0.2664693550105965,-0.9068953204361538,0.1376645512053845,EUR_USD,14,3.0,long,42,225,66
25,0.18515317639471163,0.19806726112816825,-0.20305865541649815,0.5733650082059214,12,0.16666666666666666,0.2972941950052816,-0.41602995554368527,0.7493632888770185,EUR_USD,14,3.0,short,37,224,66
92,0.08548576076890389,0.10100728134436524,-0.11248851066605196,0.28346003220385974,40,-0.1,0.1593255013631383,-0.4122779826717511,0.21227798267175105,EUR_USD,21,1.5,long,132,516,208
100,-0.05086536730036226,0.09733741894660865,-0.2416467084357152,0.1399159738349907,43,-0.1320582043816778,0.14977415282391193,-0.4256155439165452,0.1614991351531896,EUR_USD,21,1.5,short,143,516,218
60,-0.01803022558240009,0.12196030270164329,-0.25707241887762095,0.22101196771282075,26,-0.11303431369777059,0.19482354347807498,-0.4948884589147976,0.26881983151925637,EUR_USD,21,2.0,long,86,378,134
62,-0.05523063732547171,0.12418715567546429,-0.2986374624493817,0.1881761877984383,27,0.057848019739827256,0.1866075039797568,-0.30790268806049614,0.4235987275401506,EUR_USD,21,2.0,short,89,378,152
42,0.13947905447749862,0.14604881805245704,-0.14677662890531715,0.42573473786031435,19,-0.22960732252868132,0.2179309727829156,-0.6567520291831959,0.19753738412583322,EUR_USD,21,2.5,long,61,284,95
44,-0.10305040854504556,0.14727220408173616,-0.39170392854524844,0.18560311145515734,19,-0.18889004352167582,0.22614933731033796,-0.6321427446499381,0.25436265760658655,EUR_USD,21,2.5,short,63,283,96
28,-0.03857716258000698,0.16893507711498812,-0.3696899137253837,0.2925355885653697,12,-0.3333333333333333,0.2842676218074806,-0.8904978720759953,0.22383120540932872,EUR_USD,21,3.0,long,40,230,68
27,0.023289978143251497,0.19385422388730703,-0.35666430067587024,0.40324425696237326,12,0.0,0.30151134457776363,-0.5909622353724167,0.5909622353724167,EUR_USD,21,3.0,short,39,229,71
93,-0.20669608106388435,0.10009373369158135,-0.40287979909938376,-0.010512363028384902,41,0.10437822234589719,0.15252220304500136,-0.19456529562230548,0.40332174031409984,GBP_USD,7,1.5,long,134,527,225
93,-0.022802051641048572,0.1030124825194338,-0.22470651737913883,0.1791024140970417,40,0.303088900061435,0.14899090414237467,0.011066727942380672,0.5951110721804893,GBP_USD,7,1.5,short,133,527,212
62,-0.14410625711832606,0.1250586489683961,-0.3892212090963824,0.1010086948597303,28,-0.015056327646153897,0.1901274480707103,-0.38770612586474607,0.3575934705724383,GBP_USD,7,2.0,long,90,375,144
59,-0.01626736350978747,0.12855659113654325,-0.26823828213741224,0.2357035551178373,26,0.5619214168644526,0.15679595016288056,0.2546013545452067,0.8692414791836985,GBP_USD,7,2.0,short,85,374,138
46,0.0245384057726896,0.14638021170903945,-0.2623668091770277,0.31144362072240694,21,-0.2581703416234433,0.21232770345207613,-0.6743326403895125,0.15799195714262587,GBP_USD,7,2.5,long,67,279,101
44,-0.1291991217104213,0.15028941765437617,-0.4237663803129986,0.16536813689215601,20,0.3,0.21884866196096617,-0.1289433774434937,0.7289433774434937,GBP_USD,7,2.5,short,64,278,99
42,0.0694862204068951,0.15393383088424553,-0.23222408812622614,0.37119652894001637,18,0.10546069768997171,0.23987152241213994,-0.36468748623782254,0.575608881617766,GBP_USD,7,3.0,long,60,224,86
30,-0.13333333333333333,0.1840373108931074,-0.4940464626838238,0.22737979601715716,14,0.2857142857142857,0.26578871697687523,-0.23523159956038975,0.8066601709889611,GBP_USD,7,3.0,short,44,223,73
94,-0.15130569722277917,0.10063954462520362,-0.34855920468817825,0.04594781024261993,41,0.08104210738987747,0.15485417109324973,-0.222472067952892,0.38455628273264697,GBP_USD,10,1.5,long,135,528,225
97,-0.011131689086812705,0.10038082894966797,-0.20787811382816193,0.18561473565453654,42,0.33627514291565236,0.14369127056053396,0.05464025261700578,0.6179100332142989,GBP_USD,10,1.5,short,139,528,214
67,-0.2361115266634793,0.1162082233032696,-0.4638796443378877,-0.008343408989070877,29,-0.04901990255490721,0.18657163401609822,-0.41470030522645973,0.31666050011664526,GBP_USD,10,2.0,long,96,377,148
64,0.03187852426441468,0.12350823483704332,-0.21019761601619022,0.2739546645450196,28,0.5932127442312775,0.14700106207167643,0.30509066257079165,0.8813348258917633,GBP_USD,10,2.0,short,92,376,143
46,-0.062418115966440826,0.1461299725325453,-0.3488328621302296,0.223996630197348,20,-0.3,0.2188486619609662,-0.7289433774434937,0.12894337744349377,GBP_USD,10,2.5,long,66,277,104
47,-0.1847821564948625,0.14405279184066352,-0.467125628502563,0.097561315512838,21,0.14285714285714285,0.22131333406899525,-0.29091699191808784,0.5766312776323735,GBP_USD,10,2.5,short,68,276,99
39,0.10047233992537424,0.15931059754581936,-0.21177643126443169,0.4127211111151802,17,-0.06480632009297113,0.2480477592429646,-0.5509799282091817,0.42136728802323953,GBP_USD,10,3.0,long,56,218,79
29,-0.1724137931034483,0.1861521539674008,-0.5372720148795539,0.19244442867265732,13,0.38461538461538464,0.2664693550105965,-0.1376645512053845,0.9068953204361538,GBP_USD,10,3.0,short,42,217,73
92,-0.19807321237979614,0.10081150697325905,-0.39566376604738385,-0.0004826587122084003,40,0.1580681600746244,0.15524330465963665,-0.1462087170582634,0.4623450372075122,GBP_USD,14,1.5,long,132,525,226
98,0.008860413085131682,0.09939321926034557,-0.18595029666514562,0.203671122835409,43,0.3051989768013349,0.14371003905336963,0.023527300256730443,0.5868706533459394,GBP_USD,14,1.5,short,141,525,218
67,-0.2361115266634793,0.1162082233032696,-0.4638796443378877,-0.008343408989070877,29,-0.04901990255490721,0.18657163401609822,-0.41470030522645973,0.31666050011664526,GBP_USD,14,2.0,long,96,371,145
60,0.11665680986209762,0.12772688692570563,-0.13368788851228544,0.3670015082364807,26,0.4331183905626521,0.1762462514887418,0.0876757376447182,0.7785610434805861,GBP_USD,14,2.0,short,86,371,143
49,-0.11982108845829138,0.1408768021094193,-0.39593962059275317,0.15629744367617043,22,-0.2727272727272727,0.20994555243259116,-0.6842205554951514,0.13876601004060596,GBP_USD,14,2.5,long,71,278,108
45,-0.1485502523390786,0.1481806758341291,-0.43898437697397164,0.14188387229581445,20,0.3,0.21884866196096617,-0.1289433774434937,0.7289433774434937,GBP_USD,14,2.5,short,65,277,99
38,0.12943213834446304,0.16083453525800298,-0.1858035507612228,0.4446678274501489,17,0.05284073873055828,0.24822504523386799,-0.43368034992782295,0.5393618273889396,GBP_USD,14,3.0,long,55,213,81
31,-0.22580645161290322,0.17785869357535775,-0.5744094910206043,0.12279658779479793,14,0.42857142857142855,0.25058800551629407,-0.0625810622405078,0.9197239193833648,GBP_USD,14,3.0,short,45,212,74
97,-0.13617147230088816,0.09934500629675463,-0.33088768464252727,0.058544740040750914,42,0.05530300959488039,0.15329846555329,-0.24516198288956798,0.35576800207932874,GBP_USD,21,1.5,long,139,528,229
101,-0.02110573779858509,0.09793541588457086,-0.21305915293234398,0.17084767733517378,44,0.41189900005584995,0.13569719022223214,0.14593250722027495,0.677865492891425,GBP_USD,21,1.5,short,145,528,222
65,-0.24337649671466327,0.11767102207218984,-0.47401169997615533,-0.012741293453171182,29,-0.04901990255490721,0.18657163401609822,-0.41470030522645973,0.31666050011664526,GBP_USD,21,2.0,long,94,364,146
58,0.05171394123665268,0.13062919018584798,-0.20431927152760937,0.30774715400091474,26,0.3076923076923077,0.1902971827208151,-0.0652901704404899,0.6806747858251053,GBP_USD,21,2.0,short,84,364,141
47,-0.039813475201197414,0.14476276845240507,-0.32354850136791136,0.24392155096551651,21,-0.23809523809523808,0.21717627144745486,-0.6637607301322496,0.1875702539417734,GBP_USD,21,2.5,long,68,275,107
42,-0.08773241322044137,0.154577136846515,-0.3907036014396108,0.21523877499872804,18,0.3333333333333333,0.2286647801900118,-0.1148496358390898,0.7815163025057564,GBP_USD,21,2.5,short,60,274,98
40,0.02296053142723988,0.1580846244716166,-0.2868853325371287,0.33280639539160844,18,-0.11676152453225051,0.23956340295967854,-0.5863057943332204,0.3527827452687194,GBP_USD,21,3.0,long,58,211,83
32,-0.25,0.1739020859100631,-0.5908480883837237,0.09084808838372366,15,0.3333333333333333,0.25197631533948484,-0.16054024473205697,0.8272069113987236,GBP_USD,21,3.0,short,47,210,74
90,-0.13003348056643216,0.10403581242372091,-0.33394367291692517,0.07387671178406083,39,-0.07692307692307693,0.16174076401164517,-0.39393497438590147,0.24008882053974762,AUD_USD,7,1.5,long,129,559,203
88,0.026248377686877843,0.10685471136196303,-0.1831868565825697,0.2356836119563254,39,-0.02564102564102564,0.16216808513683997,-0.343490472509232,0.29220842122718066,AUD_USD,7,1.5,short,127,558,183
49,-0.06706185821743695,0.1415187609165389,-0.34443862961385313,0.21031491317897927,22,-0.09090909090909091,0.21731429260625335,-0.5168451044173474,0.33502692259916567,AUD_USD,7,2.0,long,71,372,108
46,0.22412733122707065,0.1444054548301772,-0.05890736024007662,0.507162022694218,20,-0.3,0.2188486619609662,-0.7289433774434937,0.12894337744349377,AUD_USD,7,2.0,short,66,371,105
32,-0.09565551362484612,0.1759505258673356,-0.44051854432482385,0.24920751707513164,15,-0.2,0.26186146828319085,-0.7132484778350541,0.313248477835054,AUD_USD,7,2.5,long,47,270,78
35,0.02857142857142857,0.17142857142857143,-0.30742857142857144,0.3645714285714286,15,-0.2,0.26186146828319085,-0.7132484778350541,0.313248477835054,AUD_USD,7,2.5,short,50,269,70
19,-0.15789473684210525,0.23274559932318592,-0.6140761115155496,0.29828663783133913,9,-0.3333333333333333,0.3333333333333333,-0.9866666666666666,0.32,AUD_USD,7,3.0,long,28,209,50
24,0.08333333333333333,0.20778914433245896,-0.3239333895582862,0.49060005622495284,11,-0.09090909090909091,0.3149183286488867,-0.7081490150609089,0.526330833242727,AUD_USD,7,3.0,short,35,208,50
93,-0.17960229302127845,0.10154125537433614,-0.3786231535549773,0.01941856751242038,40,-0.1,0.1593255013631383,-0.4122779826717511,0.21227798267175105,AUD_USD,10,1.5,long,133,557,206
87,0.015055830303968391,0.10749547030224213,-0.19563529148842618,0.22574695209636297,38,0.05263157894736842,0.16417112997159045,-0.26914383579694884,0.3744069936916857,AUD_USD,10,1.5,short,125,556,188
54,-0.15344501949360018,0.13356078286888584,-0.41522415391661643,0.10833411492941608,24,-0.08333333333333333,0.20778914433245896,-0.49060005622495284,0.3239333895582862,AUD_USD,10,2.0,long,78,371,114
49,0.23081341298867858,0.1396451867497319,-0.04289115304079594,0.5045179790181531,22,-0.2727272727272727,0.20994555243259116,-0.6842205554951514,0.13876601004060596,AUD_USD,10,2.0,short,71,370,108
32,-0.15815551362484612,0.17449031999582837,-0.5001565408166697,0.18384551356697745,15,-0.2,0.26186146828319085,-0.7132484778350541,0.313248477835054,AUD_USD,10,2.5,long,47,264,73
32,0.0,0.17960530202677488,-0.35202639197247876,0.35202639197247876,15,-0.06666666666666667,0.2666666666666666,-0.5893333333333332,0.45599999999999985,AUD_USD,10,2.5,short,47,263,67
19,-0.15789473684210525,0.23274559932318592,-0.6140761115155496,0.29828663783133913,9,-0.3333333333333333,0.3333333333333333,-0.9866666666666666,0.32,AUD_USD,10,3.0,long,28,209,50
23,0.043478260869565216,0.21299910806810243,-0.37399999094391556,0.46095651268304594,11,0.09090909090909091,0.3149183286488867,-0.526330833242727,0.7081490150609089,AUD_USD,10,3.0,short,34,208,49
96,-0.14273972136436347,0.10058036407237689,-0.33987723494622213,0.05439779221749522,42,-0.14285714285714285,0.1545719373715598,-0.44581814010540005,0.16010385439111435,AUD_USD,14,1.5,long,138,556,207
91,0.036372057543354396,0.1050355546037556,-0.16949762948000657,0.24224174456671538,39,-0.02564102564102564,0.16216808513683997,-0.343490472509232,0.29220842122718066,AUD_USD,14,1.5,short,130,555,190
53,-0.2129439821255549,0.13323306857396736,-0.4740807965305309,0.04819283227942109,24,0.0,0.2085144140570748,-0.4086882515518666,0.4086882515518666,AUD_USD,14,2.0,long,77,377,118
52,0.15980494685471636,0.13751229307456078,-0.10971914757142276,0.4293290412808555,23,-0.21739130434782608,0.20810192223064325,-0.6252710719198868,0.19048846322423466,AUD_USD,14,2.0,short,75,376,111
32,-0.22065551362484612,0.17228795623162108,-0.5583399078388234,0.11702888058913116,15,-0.2,0.26186146828319085,-0.7132484778350541,0.313248477835054,AUD_USD,14,2.5,long,47,258,75
32,-0.0625,0.17925416718060672,-0.4138381676739892,0.2888381676739892,15,-0.06666666666666667,0.2666666666666666,-0.5893333333333332,0.45599999999999985,AUD_USD,14,2.5,short,47,257,67
21,-0.14285714285714285,0.2213133340689953,-0.5766312776323737,0.29091699191808795,9,-0.3333333333333333,0.3333333333333333,-0.9866666666666666,0.32,AUD_USD,14,3.0,long,30,209,53
24,0.08333333333333333,0.20778914433245896,-0.3239333895582862,0.49060005622495284,11,0.2727272727272727,0.30424000964875475,-0.32358314618428663,0.869037691638832,AUD_USD,14,3.0,short,35,208,50
93,-0.09358078764493435,0.10279132839620006,-0.2950517913014865,0.10789021601161777,41,-0.17073170731707318,0.15579238461142741,-0.4760847811554709,0.13462136652132453,AUD_USD,21,1.5,long,134,551,207
89,0.037189407151070226,0.10621230053144234,-0.17098670189055676,0.2453655161926972,39,-0.02564102564102564,0.16216808513683997,-0.343490472509232,0.29220842122718066,AUD_USD,21,1.5,short,128,550,189
55,-0.20520056459371655,0.13105283047926922,-0.4620641123330842,0.0516629831456511,24,-0.08333333333333333,0.20778914433245896,-0.49060005622495284,0.3239333895582862,AUD_USD,21,2.0,long,79,377,124
52,0.12134340839317789,0.13828108389745355,-0.14968751604583105,0.3923743328321868,23,-0.043478260869565216,0.21299910806810243,-0.46095651268304594,0.37399999094391556,AUD_USD,21,2.0,short,75,376,111
37,-0.271918282053921,0.15803778651031375,-0.581672343614136,0.037835779506293965,16,0.0,0.2581988897471611,-0.5060698239044358,0.5060698239044358,AUD_USD,21,2.5,long,53,259,76
31,-0.03225806451612903,0.1824791693384639,-0.38991723641951825,0.32540110738726025,14,0.0,0.2773500981126146,-0.5436061923007246,0.5436061923007246,AUD_USD,21,2.5,short,45,258,67
21,-0.3333333333333333,0.21081851067789195,-0.7465376142620015,0.07987094759533492,10,0.0,0.3333333333333333,-0.6533333333333333,0.6533333333333333,AUD_USD,21,3.0,long,31,206,52
21,0.047619047619047616,0.22335313142016333,-0.3901530899644725,0.48539118520256774,10,0.2,0.3265986323710904,-0.4401333194473371,0.840133319447337,AUD_USD,21,3.0,short,31,205,49
89,0.13248045158389266,0.10190377112595964,-0.06725093982298821,0.33221184299077355,39,0.2596769661357911,0.14499835960489887,-0.02451981868981068,0.5438737509613929,USD_CAD,7,1.5,long,128,551,210
105,0.013915134421372549,0.09498461464839272,-0.1722547102894772,0.20008497913222228,46,0.12073540879035327,0.12629778599367736,-0.12680825175725435,0.3682790693379609,USD_CAD,7,1.5,short,151,550,225
62,0.06971614185640058,0.1201650861836852,-0.1658074270636224,0.3052397107764236,27,0.10554891062409363,0.1855218921365372,-0.25807399796351926,0.4691718192117065,USD_CAD,7,2.0,long,89,371,122
66,0.1952295361836644,0.11882877783852329,-0.03767486837984124,0.42813394074717004,29,0.08059543794449218,0.15482256364986996,-0.22285678680925292,0.3840476626982373,USD_CAD,7,2.0,short,95,370,139
36,0.12525100146070262,0.1614673080823499,-0.1912249223807032,0.44172692530210844,16,0.27933886592912527,0.22507194557754095,-0.16180214740285498,0.7204798792611056,USD_CAD,7,2.5,long,52,273,77
42,0.16567403413372261,0.14790076349940348,-0.12421146232510821,0.45555953059255344,18,-0.2222586116055528,0.20514785506692684,-0.6243484075367294,0.1798311843256238,USD_CAD,7,2.5,short,60,273,81
25,0.5046931369612124,0.17326865133236508,0.1650865803497769,0.8442996935726479,12,-0.025309857129515074,0.26919776087771446,-0.5529374684498354,0.5023177541908053,USD_CAD,7,3.0,long,37,223,59
32,0.0465324636680228,0.17212603590876066,-0.2908345667131481,0.38389949404919366,15,-0.07923759706979591,0.22901149673808405,-0.5281001306764407,0.3696249365368488,USD_CAD,7,3.0,short,47,223,67
90,0.14211955767740497,0.10122513011974138,-0.056281697357288135,0.3405208127120981,39,0.25311408459637535,0.1446330987323402,-0.030366788919011456,0.5365949581117622,USD_CAD,10,1.5,long,129,543,209
106,0.020438728398855043,0.09478756682064984,-0.16534490256961865,0.20622235936732874,46,0.16136774285568709,0.12367302534497453,-0.08103138682046299,0.4037668725318372,USD_CAD,10,1.5,short,152,542,220
60,0.11252803488111349,0.12215880218974261,-0.12690321741078203,0.351959287173009,26,0.17081655985194807,0.19029091650735663,-0.2021536365024709,0.5437867562063671,USD_CAD,10,2.0,long,86,368,119
67,0.19130598810874894,0.11710752248707403,-0.03822475596591615,0.420836732183414,29,0.08188169001624436,0.14997705263754918,-0.21207333315335203,0.3758367131858407,USD_CAD,10,2.0,short,96,367,138
33,0.13142893852432513,0.16718007538399762,-0.1962440092283102,0.45910188627696047,15,0.3336561705526105,0.21846905986004891,-0.09454318677308537,0.7618555278783063,USD_CAD,10,2.5,long,48,270,75
42,0.06067497009707686,0.15110542493850587,-0.2354916627823946,0.3568416029765483,18,-0.11114750049444168,0.21039193747443619,-0.5235156979443366,0.3012206969554532,USD_CAD,10,2.5,short,60,270,84
30,0.453910947467677,0.1632994567361701,0.1338440122647836,0.7739778826705704,14,0.07135394232392755,0.24094370039147944,-0.40089571044337213,0.5436035950912272,USD_CAD,10,3.0,long,44,220,64
31,0.015775446366991276,0.17490989108500565,-0.3270479401596198,0.3585988328936024,14,-0.15632599686049561,0.23164207533289552,-0.6103444645129709,0.2976924707919796,USD_CAD,10,3.0,short,45,220,65
93,0.14557466558954812,0.09947539967052967,-0.049397117764690024,0.3405464489437863,40,0.271786232481466,0.14220212970668064,-0.006929941743628043,0.55050240670656,USD_CAD,14,1.5,long,133,546,216
111,0.0465450919844922,0.09264664537510882,-0.1350423329507211,0.22813251691970549,48,0.15335861679364982,0.12224011189222322,-0.08623200251510771,0.39294923610240734,USD_CAD,14,1.5,short,159,545,230
58,0.15089107056666912,0.12330621228112557,-0.090789105504337,0.39257124663767523,26,0.247739636775025,0.18687634329903582,-0.1185379960910852,0.6140172696411352,USD_CAD,14,2.0,long,84,365,120
62,0.15834679360139,0.12227090914900228,-0.08130418833065445,0.39799777553343446,28,0.07291024534692081,0.16280881114946177,-0.24619502450602426,0.3920155151998659,USD_CAD,14,2.0,short,90,364,135
34,0.23580358429962947,0.1623441023814541,-0.0823908563680206,0.5539980249672796,15,0.4669895038859439,0.20025866577184326,0.07448251897313113,0.8594964887987566,USD_CAD,14,2.5,long,49,268,78
44,0.012462471456300639,0.14804210936897855,-0.2777000629068973,0.3026250058194986,19,-0.052666053099997376,0.2074256441436601,-0.4592203156215712,0.3538882094215764,USD_CAD,14,2.5,short,63,268,88
25,0.5046931369612124,0.17326865133236508,0.1650865803497769,0.8442996935726479,12,0.08324626604458212,0.2545632601542214,-0.4156977238576919,0.5821902559468561,USD_CAD,14,3.0,long,37,214,60
32,0.051371249396204764,0.17184612842873812,-0.285447162324122,0.38818966111653147,14,-0.15632599686049561,0.23164207533289552,-0.6103444645129709,0.2976924707919796,USD_CAD,14,3.0,short,46,214,68
95,0.0952056431257829,0.0987211346412373,-0.09828778077104221,0.288699067022608,42,0.2588440309347295,0.13986503318644086,-0.015291434110694557,0.5329794959801536,USD_CAD,21,1.5,long,137,542,218
110,0.08324732317416628,0.09236110283707838,-0.09778043838650735,0.2642750847348399,48,0.12539112926560605,0.12462611523820713,-0.11887605660127992,0.36965831513249203,USD_CAD,21,1.5,short,158,541,230
57,0.15485890541528027,0.12542380583135956,-0.09097175401418447,0.40068956484474505,25,0.1434747161086362,0.19561052714188587,-0.2399219170894601,0.5268713493067325,USD_CAD,21,2.0,long,82,367,121
65,0.11353883978351084,0.1193882344621881,-0.12046209976237784,0.3475397793293995,29,0.10487885757633732,0.16031422974913545,-0.2093370327319682,0.4190947478846428,USD_CAD,21,2.0,short,94,366,137
35,0.16661995139308397,0.16514666651657367,-0.15706751497940044,0.4903074177655684,15,0.3336561705526105,0.21846905986004891,-0.09454318677308537,0.7618555278783063,USD_CAD,21,2.5,long,50,269,75
44,1.0895468212797481e-06,0.14662665605168784,-0.2873871563144869,0.28738933540812944,20,-3.2750444997486915e-05,0.203698607290143,-0.3992820207336778,0.3992165198436828,USD_CAD,21,2.5,short,64,269,90
25,0.30609197518925185,0.18726100287645292,-0.06093959044859587,0.6731235408270996,11,0.43144836034431067,0.2302444933098697,-0.019830846543033964,0.8827275672316552,USD_CAD,21,3.0,long,36,214,59
32,0.05137124939620478,0.17184612842873812,-0.28544716232412193,0.3881896611165315,14,-0.15632599686049561,0.23164207533289552,-0.6103444645129709,0.2976924707919796,USD_CAD,21,3.0,short,46,214,68
91,-0.20860011486562338,0.10020149355707023,-0.40499504223748106,-0.012205187493765729,40,-0.07526879742859911,0.15765407589581376,-0.3842707861843941,0.2337331913271959,USD_CHF,7,1.5,long,131,516,203
83,0.1319834771831014,0.10446810646386948,-0.07277401148608276,0.3367409658522856,36,-0.06923887918692914,0.16422019234565588,-0.39111045618441465,0.2526326978105564,USD_CHF,7,1.5,short,119,516,190
64,-0.13309449951749272,0.12255582795182066,-0.3733039223030612,0.10711492326807576,28,0.17549980559859876,0.18596591770734153,-0.18899339310779065,0.5399930043049882,USD_CHF,7,2.0,long,92,360,132
53,0.09185818881437088,0.13190928520568315,-0.16668401018876808,0.3504003878175098,24,0.026193359415430145,0.20466233048512472,-0.37494480833541427,0.4273315271662746,USD_CHF,7,2.0,short,77,360,116
48,-0.007082064647090334,0.14500133423965017,-0.29128467975680467,0.277120550462624,21,-0.14285714285714285,0.22131333406899525,-0.5766312776323735,0.29091699191808784,USD_CHF,7,2.5,long,69,280,100
37,0.18151666058637358,0.15842643440246315,-0.1289991508424542,0.4920324720152014,17,-0.1394917278840986,0.24106933015581358,-0.6119876149894933,0.333004159221296,USD_CHF,7,2.5,short,54,280,80
31,0.1503245450625698,0.17881076334954737,-0.20014455110254306,0.5007936412276827,14,-0.42857142857142855,0.25058800551629407,-0.9197239193833648,0.0625810622405078,USD_CHF,7,3.0,long,45,210,65
28,0.27591266844986356,0.16642497161831662,-0.05028027592203704,0.6021056128217641,13,-0.18241225954074436,0.2739238005016742,-0.7193029085240258,0.35447838944253707,USD_CHF,7,3.0,short,41,210,61
93,-0.20411409089001856,0.09927008942723786,-0.3986834661674048,-0.009544715612632343,41,-0.14660370480838938,0.1544441589561182,-0.4493142563623811,0.1561068467456023,USD_CHF,10,1.5,long,134,510,204
86,0.1762715169326644,0.10271456470945209,-0.025049029897861674,0.3775920637631905,37,-0.09439458515485,0.16168901232730973,-0.41130504931637707,0.22251587900667708,USD_CHF,10,1.5,short,123,510,191
65,-0.09529013700234001,0.12276780115022862,-0.3359150272567881,0.14533475325210807,28,0.31835694845574164,0.17880247159934198,-0.03209589587896866,0.6688097927904519,USD_CHF,10,2.0,long,93,357,129
53,0.16732988692757841,0.13047558945094512,-0.08840226839627399,0.42306204225143085,24,-0.05713997391790319,0.20438821909478636,-0.45774088334368446,0.34346093550787804,USD_CHF,10,2.0,short,77,357,116
49,-0.06816202251143544,0.1431663667952487,-0.3487681014301229,0.212444056407252,21,0.14285714285714285,0.2213133340689953,-0.29091699191808795,0.5766312776323737,USD_CHF,10,2.5,long,70,276,97
38,0.12642317484447294,0.15562305184817427,-0.1785980067779486,0.4314443564668945,17,0.0958023897629602,0.24239825124835365,-0.379298182683813,0.5709029622097334,USD_CHF,10,2.5,short,55,276,82
29,0.022760720584126343,0.187085031528977,-0.3439259412126686,0.38944738238092125,13,-0.23076923076923078,0.2808833628231621,-0.7813006219026286,0.319762160364167,USD_CHF,10,3.0,long,42,205,61
28,0.2759126684498635,0.16642497161831662,-0.0502802759220371,0.6021056128217641,13,-0.18241225954074436,0.2739238005016742,-0.7193029085240258,0.35447838944253707,USD_CHF,10,3.0,short,41,205,60
96,-0.23809192660461242,0.09751985076682149,-0.42923083410758256,-0.04695301910164232,42,-0.0716845689796182,0.15389690492933822,-0.3733225026411211,0.22995336468188468,USD_CHF,14,1.5,long,138,503,208
86,0.1587533521849038,0.1035423811707699,-0.044189714909805194,0.3616964192796128,37,-0.09439458515485,0.16168901232730973,-0.41130504931637707,0.22251587900667708,USD_CHF,14,1.5,short,123,503,193
66,-0.06544915763456113,0.12120467561272061,-0.30301032183549353,0.17211200656637127,29,0.203930846784854,0.18167715850972954,-0.1521563838942159,0.5600180774639238,USD_CHF,14,2.0,long,95,354,130
53,0.20506573598418218,0.1294358369408583,-0.048628504419900104,0.4587599763882645,24,-0.14047330725123652,0.20262910441388926,-0.5376263519024594,0.2566797373999864,USD_CHF,14,2.0,short,77,354,119
46,-0.0943465022404421,0.1474849084449449,-0.38341692279253414,0.19472391831164992,21,0.14285714285714285,0.22131333406899525,-0.29091699191808784,0.5766312776323735,USD_CHF,14,2.5,long,67,275,96
39,0.18745237980506113,0.1504487532587963,-0.10742717658217965,0.4823319361923019,17,-0.02184466906056921,0.24351738947789842,-0.4991387524372501,0.4554494143161117,USD_CHF,14,2.5,short,56,275,81
26,-0.013074580886936001,0.19780034932834206,-0.40076326557048647,0.3746141037966144,12,-0.16666666666666666,0.2972941950052816,-0.7493632888770185,0.41602995554368527,USD_CHF,14,3.0,long,38,205,63
29,0.29437710747085766,0.1619622780768148,-0.023068957559699343,0.6118231725014147,13,-0.18241225954074436,0.2739238005016742,-0.7193029085240258,0.35447838944253707,USD_CHF,14,3.0,short,42,205,56
99,-0.20075759621708322,0.09692890970064005,-0.3907382592303377,-0.01077693320382872,43,-0.049412210185684695,0.1523361254380437,-0.34799101604425037,0.24916659567288096,USD_CHF,21,1.5,long,142,503,210
86,0.15875335218490377,0.10354238117076989,-0.044189714909805194,0.3616964192796127,37,-0.09439458515485,0.16168901232730973,-0.41130504931637707,0.22251587900667708,USD_CHF,21,1.5,short,123,502,197
65,-0.0818406831366313,0.12195316881764674,-0.3208688940192189,0.1571875277459563,28,0.15735828729573362,0.18385989378105763,-0.20300710451513934,0.5177236791066065,USD_CHF,21,2.0,long,93,360,134
56,0.14050864298502955,0.12778861421101043,-0.10995704086855088,0.39097432683861,24,-0.14047330725123652,0.20262910441388926,-0.5376263519024594,0.2566797373999864,USD_CHF,21,2.0,short,80,360,124
45,-0.029776424512451913,0.14974014831106525,-0.3232671152021398,0.2637142661772359,20,0.1,0.22826577307580465,-0.3474009152285771,0.5474009152285771,USD_CHF,21,2.5,long,65,271,96
38,0.166069547694668,0.1528933979514796,-0.133601512290232,0.46574060767956804,17,-0.02184466906056921,0.24351738947789847,-0.4991387524372502,0.4554494143161118,USD_CHF,21,2.5,short,55,271,82
28,-0.0835692536807263,0.1898207641893204,-0.4556179514917943,0.28847944413034166,13,-0.07692307692307693,0.2878197989826109,-0.6410498829289943,0.48720372908284043,USD_CHF,21,3.0,long,41,203,64
29,0.259240417559498,0.1678022296085274,-0.0696519524732157,0.5881327875922118,13,-0.028566105694590505,0.278817322484869,-0.5750480577649337,0.5179158463757527,USD_CHF,21,3.0,short,42,203,56
82,0.12195121951219512,0.11028178834350029,-0.09420108564106544,0.3381035246654557,36,-0.05555555555555555,0.16876979928266733,-0.38634436214958356,0.2752332510384724,NZD_USD,7,1.5,long,118,534,189
94,0.10638297872340426,0.10310672317481906,-0.09570619869924109,0.3084721561460496,41,-0.024390243902439025,0.15806684630263076,-0.33420126265559535,0.28542077485071726,NZD_USD,7,1.5,short,135,533,191
50,0.28,0.13714285714285712,0.011200000000000099,0.5488,22,0.0,0.21821789023599236,-0.427707064862545,0.427707064862545,NZD_USD,7,2.0,long,72,371,120
56,-0.03571428571428571,0.13475395017289296,-0.2998320280531559,0.2284034566245845,24,-0.16666666666666666,0.20559798491465375,-0.569638717099388,0.23630538376605467,NZD_USD,7,2.0,short,80,370,118
34,-0.11764705882352941,0.1728687687191937,-0.45646984551314906,0.22117572786609027,15,-0.2,0.26186146828319085,-0.7132484778350541,0.313248477835054,NZD_USD,7,2.5,long,49,267,79
35,0.02857142857142857,0.17142857142857143,-0.30742857142857144,0.3645714285714286,16,0.375,0.23935677693908453,-0.09413928280060568,0.8441392828006057,NZD_USD,7,2.5,short,51,266,80
27,0.037037037037037035,0.19598157859737708,-0.347086857013822,0.4211609310878961,12,-0.6666666666666666,0.22473328748774735,-1.1071439101426515,-0.22618942319068186,NZD_USD,7,3.0,long,39,202,52
27,0.18518518518518517,0.1927240401742195,-0.19255393355628508,0.5629243039266554,12,0.3333333333333333,0.2842676218074806,-0.22383120540932872,0.8904978720759953,NZD_USD,7,3.0,short,39,201,53
84,0.09523809523809523,0.1092653289521848,-0.11892194950818696,0.30939813998437743,37,-0.02702702702702703,0.16660578386402639,-0.35357436340051873,0.2995203093464647,NZD_USD,10,1.5,long,121,532,190
95,0.11578947368421053,0.10244836778363631,-0.08500932717171664,0.3165882745401377,41,-0.024390243902439025,0.15806684630263076,-0.33420126265559535,0.28542077485071726,NZD_USD,10,1.5,short,136,531,193
51,0.17647058823529413,0.13920187724940272,-0.09636509117353523,0.4493062676441235,22,-0.09090909090909091,0.21731429260625335,-0.5168451044173474,0.33502692259916567,NZD_USD,10,2.0,long,73,367,117
54,0.037037037037037035,0.13726631998291228,-0.23200495012947103,0.3060790242035451,24,-0.25,0.2018932132718121,-0.6457106980127516,0.14571069801275166,NZD_USD,10,2.0,short,78,366,118
35,0.02857142857142857,0.17142857142857143,-0.30742857142857144,0.3645714285714286,15,-0.2,0.26186146828319085,-0.7132484778350541,0.313248477835054,NZD_USD,10,2.5,long,50,266,78
35,0.08571428571428572,0.17086742893632043,-0.2491858750009023,0.42061444642947377,16,0.25,0.25,-0.24,0.74,NZD_USD,10,2.5,short,51,265,79
28,-0.07142857142857142,0.19195851781663212,-0.4476672663491704,0.3048101234920275,12,-0.5,0.2611164839335468,-1.0117883085097517,0.011788308509751766,NZD_USD,10,3.0,long,40,203,52
25,0.12,0.20264912204760885,-0.27719227921331335,0.5171922792133133,11,0.45454545454545453,0.2816715160878121,-0.09753071698665722,1.0066216260775662,NZD_USD,10,3.0,short,36,202,52
86,0.09302325581395349,0.10799491675824767,-0.11864678103221193,0.3046932926601189,37,0.02702702702702703,0.16660578386402639,-0.2995203093464647,0.35357436340051873,NZD_USD,14,1.5,long,123,538,191
94,0.10638297872340426,0.10310672317481906,-0.09570619869924109,0.3084721561460496,41,0.024390243902439025,0.15806684630263074,-0.2854207748507172,0.3342012626555953,NZD_USD,14,1.5,short,135,537,197
53,0.16981132075471697,0.13666101487760052,-0.09804426840538003,0.43766690991481394,24,-0.16666666666666666,0.20559798491465375,-0.569638717099388,0.23630538376605467,NZD_USD,14,2.0,long,77,369,118
55,0.05454545454545454,0.13588017552161807,-0.21177968947691686,0.32087059856782596,24,-0.08333333333333333,0.20778914433245896,-0.49060005622495284,0.3239333895582862,NZD_USD,14,2.0,short,79,368,123
37,0.13513513513513514,0.16513786288129156,-0.18853507611219633,0.4588053463824666,17,-0.29411764705882354,0.23894230601870473,-0.7624445668554848,0.1742092727378377,NZD_USD,14,2.5,long,54,260,78
34,0.17647058823529413,0.17134566617751038,-0.15936691747262619,0.5123080939432144,15,0.06666666666666667,0.2666666666666666,-0.45599999999999985,0.5893333333333332,NZD_USD,14,2.5,short,49,259,78
26,-0.07692307692307693,0.19940740610485724,-0.46776159288859714,0.3139154390424433,12,-0.3333333333333333,0.2842676218074806,-0.8904978720759953,0.22383120540932872,NZD_USD,14,3.0,long,38,206,53
25,0.04,0.20396078054371142,-0.3597631298656744,0.43976312986567434,12,0.3333333333333333,0.2842676218074806,-0.22383120540932872,0.8904978720759953,NZD_USD,14,3.0,short,37,205,55
90,0.022222222222222223,0.10597361198146896,-0.18548605726145692,0.22993050170590137,39,-0.02564102564102564,0.16216808513683997,-0.343490472509232,0.29220842122718066,NZD_USD,21,1.5,long,129,543,194
92,0.08695652173913043,0.10443140465549162,-0.11772903138563315,0.29164207486389404,40,-0.1,0.1593255013631383,-0.4122779826717511,0.21227798267175105,NZD_USD,21,1.5,short,132,542,197
54,0.1111111111111111,0.1365100259631003,-0.15644853977656548,0.3786707619987877,24,-0.08333333333333333,0.20778914433245896,-0.49060005622495284,0.3239333895582862,NZD_USD,21,2.0,long,78,369,121
55,0.05454545454545454,0.13588017552161807,-0.21177968947691686,0.32087059856782596,24,-0.08333333333333333,0.20778914433245896,-0.49060005622495284,0.3239333895582862,NZD_USD,21,2.0,short,79,368,124
41,0.07317073170731707,0.1576900475633621,-0.23590176151687264,0.3822432249315068,18,-0.2222222222222222,0.23647127470752347,-0.6857059206489682,0.24126147620452376,NZD_USD,21,2.5,long,59,266,83
32,0.125,0.1781966112418093,-0.2242653580339462,0.4742653580339462,15,0.2,0.26186146828319085,-0.313248477835054,0.7132484778350541,NZD_USD,21,2.5,short,47,265,76
28,-0.14285714285714285,0.1904761904761905,-0.5161904761904762,0.2304761904761905,12,-0.5,0.2611164839335468,-1.0117883085097517,0.011788308509751766,NZD_USD,21,3.0,long,40,209,56
25,-0.12,0.20264912204760885,-0.5171922792133133,0.27719227921331335,12,0.5,0.2611164839335468,-0.011788308509751766,1.0117883085097517,NZD_USD,21,3.0,short,37,208,56
97,-0.036592717237619934,0.10157325071411333,-0.23567628863728207,0.16249085416204218,42,-0.11681730539070075,0.15323766921387005,-0.41716313704988606,0.1835285262684846,USD_SEK,7,1.5,long,139,501,199
94,0.0053221596182578,0.10327903228386337,-0.1971047436581144,0.20774906289463,41,0.21951219512195122,0.1542574468374819,-0.08283240067951333,0.5218567909234157,USD_SEK,7,1.5,short,135,501,207
61,0.01639344262295082,0.1290820962952756,-0.23660746611578934,0.269394351361691,27,-0.037037037037037035,0.19598157859737708,-0.4211609310878961,0.347086857013822,USD_SEK,7,2.0,long,88,351,123
53,0.028307226492759543,0.1376340199547414,-0.2414554526185336,0.29806990560405267,24,0.25,0.2018932132718121,-0.14571069801275166,0.6457106980127516,USD_SEK,7,2.0,short,77,351,119
37,0.02702702702702703,0.16660578386402639,-0.2995203093464647,0.35357436340051873,16,0.375,0.23935677693908453,-0.09413928280060568,0.8441392828006057,USD_SEK,7,2.5,long,53,261,84
39,0.11613242358463097,0.15960907082690495,-0.19670135523610274,0.42896620240536465,18,0.3333333333333333,0.22866478019001182,-0.11484963583908986,0.7815163025057565,USD_SEK,7,2.5,short,57,261,90
30,0.0,0.18569533817705186,-0.3639628628270216,0.3639628628270216,13,0.38461538461538464,0.2664693550105965,-0.1376645512053845,0.9068953204361538,USD_SEK,7,3.0,long,43,204,61
31,0.0967741935483871,0.18171724881099016,-0.25939161412115364,0.45294000121792777,14,-0.14285714285714285,0.2745054065230065,-0.6808877396422355,0.39517345392794984,USD_SEK,7,3.0,short,45,204,68
99,0.004550569979301674,0.10060674822369832,-0.19263865653914702,0.20173979649775037,43,-0.09084480991649842,0.15186894949722882,-0.3885079509310669,0.20681833109807007,USD_SEK,10,1.5,long,142,504,203
96,0.04687794795954411,0.10208288741945477,-0.15320451138258723,0.24696040730167546,42,0.19047619047619047,0.1533145038611392,-0.11002023709164238,0.4909726180440233,USD_SEK,10,1.5,short,138,503,212
63,-0.047619047619047616,0.12685605420622165,-0.29625691386324204,0.2010188186251468,28,-0.07142857142857142,0.19195851781663212,-0.4476672663491704,0.3048101234920275,USD_SEK,10,2.0,long,91,353,130
58,-0.025857189584202685,0.13154916986565968,-0.28369356252089567,0.2319791833524903,25,0.2,0.2,-0.192,0.5920000000000001,USD_SEK,10,2.0,short,83,353,125
37,0.02702702702702703,0.16660578386402639,-0.2995203093464647,0.35357436340051873,17,0.17647058823529413,0.24607647839237515,-0.30583930941376114,0.6587804858843495,USD_SEK,10,2.5,long,54,253,80
40,0.0882291129950152,0.1580503004033119,-0.22154947579547613,0.3980077017855065,18,0.2222222222222222,0.23647127470752347,-0.24126147620452376,0.6857059206489682,USD_SEK,10,2.5,short,58,253,88
29,0.034482758620689655,0.18886984741557453,-0.3357021423138364,0.4046676595552157,13,0.38461538461538464,0.2664693550105965,-0.1376645512053845,0.9068953204361538,USD_SEK,10,3.0,long,42,198,59
30,0.26666666666666666,0.17897109079679924,-0.08411667129505984,0.6174500046283932,14,0.0,0.2773500981126146,-0.5436061923007246,0.5436061923007246,USD_SEK,10,3.0,short,44,198,66
98,-0.026015240531113617,0.10108637246118396,-0.22414453055503417,0.17211404949280693,43,-0.06976744186046512,0.15392735640216215,-0.3714650604087029,0.23193017668777266,USD_SEK,14,1.5,long,141,500,203
95,0.03684508425385521,0.10266371071426994,-0.16437578874611386,0.2380659572538243,42,0.14285714285714285,0.1545719373715598,-0.16010385439111435,0.44581814010540005,USD_SEK,14,1.5,short,137,499,211
60,0.0,0.13018891098082386,-0.25517026552241473,0.25517026552241473,27,-0.037037037037037035,0.19598157859737708,-0.4211609310878961,0.347086857013822,USD_SEK,14,2.0,long,87,349,127
61,-0.07376585239153698,0.12794913565912092,-0.324546158283414,0.17701445350034,27,0.1111111111111111,0.19490178206822872,-0.2708963817426172,0.4931186039648394,USD_SEK,14,2.0,short,88,349,126
38,0.0,0.1643989873053573,-0.3222220151185003,0.3222220151185003,17,0.4117647058823529,0.22782254977690689,-0.034767491680384566,0.8582969034450905,USD_SEK,14,2.5,long,55,252,81
44,0.03475373908637744,0.1511528476516755,-0.26150584231090657,0.3310133204836614,20,0.2,0.22478059477960655,-0.2405699657680288,0.6405699657680288,USD_SEK,14,2.5,short,64,252,91
29,0.10344827586206896,0.1879683155501371,-0.2649696226161998,0.4718661743403377,13,0.38461538461538464,0.2664693550105965,-0.1376645512053845,0.9068953204361538,USD_SEK,14,3.0,long,42,199,58
32,0.1875,0.176419930663981,-0.1582830641014028,0.5332830641014028,14,0.0,0.2773500981126146,-0.5436061923007246,0.5436061923007246,USD_SEK,14,3.0,short,46,199,67
100,-0.005494935720491343,0.10010092715428895,-0.20169275294289768,0.190702881501915,43,-0.11627906976744186,0.15325664577635612,-0.4166620954890998,0.18410395595421614,USD_SEK,21,1.5,long,143,500,207
100,0.025002830041162338,0.10009450227839907,-0.17118239442449984,0.2211880545068245,43,0.16279069767441862,0.15224503969952957,-0.13560958013665936,0.4611909754854966,USD_SEK,21,1.5,short,143,499,220
61,0.04918032786885246,0.12894322363936722,-0.20354839046430728,0.3019090462020122,27,0.037037037037037035,0.19598157859737708,-0.347086857013822,0.4211609310878961,USD_SEK,21,2.0,long,88,347,131
64,-0.023433078060683676,0.12521269017313008,-0.2688499508000186,0.22198379467865129,28,0.0,0.19245008972987526,-0.3772021758705555,0.3772021758705555,USD_SEK,21,2.0,short,92,347,129
39,0.02564102564102564,0.16216808513683997,-0.29220842122718066,0.343490472509232,17,0.4117647058823529,0.22782254977690689,-0.034767491680384566,0.8582969034450905,USD_SEK,21,2.5,long,56,249,80
44,0.03475373908637744,0.1511528476516755,-0.26150584231090657,0.3310133204836614,20,0.3,0.21884866196096622,-0.12894337744349382,0.7289433774434938,USD_SEK,21,2.5,short,64,249,92
29,0.10344827586206896,0.1879683155501371,-0.2649696226161998,0.4718661743403377,13,0.38461538461538464,0.2664693550105965,-0.1376645512053845,0.9068953204361538,USD_SEK,21,3.0,long,42,198,59
33,0.21212121212121213,0.17275385228774817,-0.1264763383627743,0.5507187626051986,15,0.2,0.26186146828319085,-0.313248477835054,0.7132484778350541,USD_SEK,21,3.0,short,48,198,70
97,-0.1840216437008869,0.09979449757400823,-0.379618858945943,0.011575571544169216,42,-0.09523809523809523,0.15546387747761883,-0.39994729509422816,0.2094711046180377,AUD_CHF,7,1.5,long,139,505,190
81,0.12537891657308606,0.10791003970836523,-0.0861247612553098,0.33688259440148194,36,0.0,0.16903085094570333,-0.33130046785357853,0.33130046785357853,AUD_CHF,7,1.5,short,117,505,166
56,-0.05507924222047505,0.13343275121548134,-0.3166074346028185,0.20644895016186837,24,0.0,0.2085144140570748,-0.4086882515518666,0.4086882515518666,AUD_CHF,7,2.0,long,80,370,117
53,0.02218837953313277,0.13686773742405833,-0.24607238581802157,0.29044914488428714,23,-0.043478260869565216,0.21299910806810243,-0.46095651268304594,0.37399999094391556,AUD_CHF,7,2.0,short,76,370,105
32,0.0930330181697067,0.1759867395613506,-0.25190099137054045,0.4379670277099539,15,-0.06666666666666667,0.2666666666666666,-0.5893333333333332,0.45599999999999985,AUD_CHF,7,2.5,long,47,271,70
28,0.2857142857142857,0.18442777839082938,-0.0757641599317399,0.6471927313603113,13,0.07692307692307693,0.2878197989826109,-0.48720372908284043,0.6410498829289943,AUD_CHF,7,2.5,short,41,271,59
23,0.163092204147174,0.20589226607455335,-0.24045663735895056,0.5666410456532986,10,0.0,0.3333333333333333,-0.6533333333333333,0.6533333333333333,AUD_CHF,7,3.0,long,33,197,46
22,-0.14155029563957877,0.2110180312660718,-0.5551456369210794,0.27204504564192195,10,0.2,0.3265986323710904,-0.4401333194473371,0.840133319447337,AUD_CHF,7,3.0,short,32,197,43
99,-0.1601020145352124,0.09920568749833258,-0.35454516203194425,0.03434113296151947,43,-0.16279069767441862,0.15224503969952957,-0.4611909754854966,0.13560958013665936,AUD_CHF,10,1.5,long,142,507,194
80,0.08944615303024961,0.10900159487260101,-0.12419697292004836,0.3030892789805476,35,0.02857142857142857,0.17142857142857143,-0.30742857142857144,0.3645714285714286,AUD_CHF,10,1.5,short,115,507,169
59,-0.06922775532790852,0.12987920168513148,-0.3237909906307662,0.18533547997494915,26,-0.07692307692307693,0.19940740610485724,-0.46776159288859714,0.3139154390424433,AUD_CHF,10,2.0,long,85,365,118
53,0.07298371869133759,0.13628687835516337,-0.19413856288478265,0.3401060002674578,24,-0.16666666666666666,0.20559798491465375,-0.569638717099388,0.23630538376605467,AUD_CHF,10,2.0,short,77,365,109
35,0.08571428571428572,0.17086742893632048,-0.24918587500090242,0.4206144464294739,16,0.125,0.25617376914899,-0.37710058753202036,0.6271005875320204,AUD_CHF,10,2.5,long,51,272,74
31,0.16129032258064516,0.1801837425002444,-0.19186981271983386,0.5144504578811242,14,0.14285714285714285,0.2745054065230065,-0.39517345392794984,0.6808877396422355,AUD_CHF,10,2.5,short,45,272,64
22,0.03414184979022738,0.2133848841511967,-0.38409252314611814,0.4523762227265729,10,0.0,0.3333333333333333,-0.6533333333333333,0.6533333333333333,AUD_CHF,10,3.0,long,32,198,48
25,-0.004564260162829328,0.20005207439772774,-0.3966663259823757,0.387537805656717,11,0.09090909090909091,0.3149183286488867,-0.526330833242727,0.7081490150609089,AUD_CHF,10,3.0,short,36,198,46
97,-0.15916114329798764,0.09988804370442213,-0.354941708958655,0.03661942236267973,42,-0.14285714285714285,0.1545719373715598,-0.44581814010540005,0.16010385439111435,AUD_CHF,14,1.5,long,139,509,192
77,0.06894084057984162,0.11194916376676153,-0.150479520403011,0.28836120156269424,34,-0.058823529411764705,0.173776222559058,-0.3994249256275184,0.281777866803989,AUD_CHF,14,1.5,short,111,509,168
61,-0.09974487810404267,0.12739534247335382,-0.34943974935181615,0.1499499931437308,27,-0.1111111111111111,0.19490178206822872,-0.4931186039648394,0.2708963817426172,AUD_CHF,14,2.0,long,88,370,121
51,0.036630139032174346,0.13919113240803418,-0.23618448048757265,0.30944475855192133,23,-0.043478260869565216,0.21299910806810243,-0.46095651268304594,0.37399999094391556,AUD_CHF,14,2.0,short,74,370,109
35,0.02857142857142857,0.17142857142857143,-0.30742857142857144,0.3645714285714286,15,-0.06666666666666667,0.2666666666666666,-0.5893333333333332,0.45599999999999985,AUD_CHF,14,2.5,long,50,271,78
32,0.1875,0.176419930663981,-0.1582830641014028,0.5332830641014028,14,0.14285714285714285,0.2745054065230065,-0.39517345392794984,0.6808877396422355,AUD_CHF,14,2.5,short,46,271,64
23,0.07613568240804358,0.20817586315014436,-0.33188900936623933,0.4841603741823265,10,0.0,0.3333333333333333,-0.6533333333333333,0.6533333333333333,AUD_CHF,14,3.0,long,33,199,51
22,0.22208606799678485,0.2076873869321694,-0.1849812103902672,0.6291533463838369,10,0.0,0.3333333333333333,-0.6533333333333333,0.6533333333333333,AUD_CHF,14,3.0,short,32,199,47
99,-0.1728662015089467,0.09850123723791628,-0.3659286264952626,0.020196223477369213,43,-0.11627906976744186,0.15325664577635612,-0.4166620954890998,0.18410395595421614,AUD_CHF,21,1.5,long,142,517,197
79,0.04187904714744056,0.11074112163236421,-0.1751735512519933,0.2589316455468744,35,-0.02857142857142857,0.17142857142857143,-0.3645714285714286,0.30742857142857144,AUD_CHF,21,1.5,short,114,517,174
61,-0.16531864859584594,0.12625326280725185,-0.41277504369805956,0.08213774650636768,27,-0.18518518518518517,0.1927240401742195,-0.5629243039266554,0.19255393355628508,AUD_CHF,21,2.0,long,88,368,125
53,0.07298371869133759,0.13628687835516337,-0.19413856288478265,0.3401060002674578,23,-0.043478260869565216,0.21299910806810243,-0.46095651268304594,0.37399999094391556,AUD_CHF,21,2.0,short,76,368,113
37,0.08108108108108109,0.16611791814942145,-0.24451003849178493,0.4066722006539471,17,0.058823529411764705,0.2495670992423109,-0.43032798510316467,0.547975043926694,AUD_CHF,21,2.5,long,54,270,82
33,0.15151515151515152,0.17473579688895144,-0.1909670103871933,0.4939973134174963,15,0.2,0.26186146828319085,-0.313248477835054,0.7132484778350541,AUD_CHF,21,2.5,short,48,270,67
26,0.18273541136096164,0.19292781796296807,-0.19540311184645578,0.5608739345683791,12,0.0,0.30151134457776363,-0.5909622353724167,0.5909622353724167,AUD_CHF,21,3.0,long,38,202,54
23,0.21739130434782608,0.20810192223064325,-0.19048846322423466,0.6252710719198868,10,0.04295952636499108,0.32157436247650867,-0.5873262240889658,0.6732452768189481,AUD_CHF,21,3.0,short,33,202,47
78,-0.15223933400170234,0.10694935558320216,-0.36186007094477857,0.057381402941373894,34,0.04900282530660849,0.14446644410697643,-0.23415140514306532,0.3321570557562823,AUD_NZD,7,1.5,long,112,463,160
77,0.08390540517159285,0.10936994006624515,-0.13045967735824765,0.29827048770143333,34,0.031297876110152736,0.15004755193977462,-0.2627953256918055,0.32539107791211097,AUD_NZD,7,1.5,short,111,463,152
49,-0.22058076800030849,0.13623619840427972,-0.48760371687269677,0.04644218087207977,22,-0.1827356232818145,0.1913358032383564,-0.557753797628993,0.192282551065364,AUD_NZD,7,2.0,long,71,321,107
50,-0.13280199291684913,0.135600272403588,-0.3985785268278816,0.13297454099418332,22,-0.13210862354938924,0.18729737926642828,-0.4992114869115887,0.2349942398128102,AUD_NZD,7,2.0,short,72,321,97
33,-0.21583150891121006,0.16016690257831098,-0.5297586379646996,0.09809562014227946,15,-0.2205823084922755,0.21620576485560267,-0.6443456076092567,0.20318099062470574,AUD_NZD,7,2.5,long,48,240,74
29,0.1122781044233379,0.1685619152934192,-0.21810324955176374,0.44265945839843956,13,-0.17191528244696028,0.25316943527306746,-0.6681273755821725,0.3242968106882519,AUD_NZD,7,2.5,short,42,239,61
21,-0.34779934336485346,0.18367234802512067,-0.7077971454940899,0.012198458764383024,10,-0.023218608421679176,0.2823358349361546,-0.5765968448965423,0.5301596280531838,AUD_NZD,7,3.0,long,31,183,57
24,0.04034025529412588,0.18757652857568444,-0.3273097407142156,0.40799025130246735,11,0.03937734457904943,0.26138130363066603,-0.47293001053705597,0.5516846996951548,AUD_NZD,7,3.0,short,35,182,47
77,-0.14122945522250366,0.10777180350022389,-0.35246219008294244,0.07000327963793515,33,0.0672338869147814,0.14320010984770387,-0.21343832838671822,0.347906102216281,AUD_NZD,10,1.5,long,110,455,159
76,0.15033950731645926,0.10905896877472447,-0.06341607148200071,0.36409508611491925,33,-0.06707369653903941,0.15722888844501196,-0.37524231789126283,0.24109492481318404,AUD_NZD,10,1.5,short,109,455,151
49,-0.22058076800030849,0.13623619840427972,-0.48760371687269677,0.04644218087207977,22,-0.2314391503451886,0.17894862272899886,-0.5821784508940264,0.11930015020364917,AUD_NZD,10,2.0,long,71,317,105
47,-0.03489573714558417,0.14082123179002348,-0.3109053514540302,0.24111387716286184,21,-0.21794901107802434,0.18062107522176488,-0.5719663185126835,0.1360682963566348,AUD_NZD,10,2.0,short,68,317,92
32,-0.12882624356468536,0.1652716411046218,-0.4527586601297441,0.19510617300037336,14,-0.23914134789083435,0.23138503079715148,-0.6926560082532512,0.21437331247158253,AUD_NZD,10,2.5,long,46,233,71
30,0.026102345737991032,0.1701685228003501,-0.3074279589506952,0.35963265042667725,13,-0.11790686417423941,0.24404456130454874,-0.5962342043311549,0.3604204759826761,AUD_NZD,10,2.5,short,43,232,61
23,-0.39434238249679654,0.1700877953527141,-0.7277144613881161,-0.060970303605476894,11,0.08010487171994717,0.2734988530298524,-0.4559528802185635,0.6161626236584579,AUD_NZD,10,3.0,long,34,179,57
27,0.07289504174292671,0.17830190299258752,-0.2765766881225448,0.42236677160839825,12,-0.12981431264015011,0.2658601436010128,-0.6509001940981352,0.391271568817835,AUD_NZD,10,3.0,short,39,178,51
79,-0.10885180447769534,0.10675300140677071,-0.31808768723496594,0.10038407827957525,34,0.08228346226413341,0.14178310070936548,-0.19561141512622293,0.36017833965448975,AUD_NZD,14,1.5,long,113,453,164
78,0.1348090400183105,0.10879355185419101,-0.07842632161590388,0.3480444016525249,34,-0.07567561467781661,0.14609864043778337,-0.362028949935872,0.2106777205802388,AUD_NZD,14,1.5,short,112,453,153
49,-0.20823326968723113,0.13532097977794394,-0.4734623900520013,0.05699585067753901,22,-0.16699832717487012,0.18715013473403277,-0.5338125912535743,0.1998159369038341,AUD_NZD,14,2.0,long,71,319,107
44,-0.05405272401814732,0.1453395176505414,-0.33891817861320844,0.23081273057691382,20,-0.2287085673692463,0.18955242296919117,-0.600231316388861,0.14281418165036838,AUD_NZD,14,2.0,short,64,319,91
30,-0.2707479931356644,0.1641002699850319,-0.5923845223063269,0.050888536034998155,13,-0.07330817598557478,0.2571899128312354,-0.5774004051347962,0.4307840531636466,AUD_NZD,14,2.5,long,43,233,71
30,0.026102345737991032,0.1701685228003501,-0.3074279589506952,0.35963265042667725,13,-0.1489394663636802,0.2509910277286018,-0.6408818807117398,0.34300294798437936,AUD_NZD,14,2.5,short,43,232,63
24,-0.4247138332314009,0.16412055382907553,-0.7463901187363889,-0.10303754772641283,11,-0.12758664873630837,0.2674665221317387,-0.6518210321145161,0.39664773464189945,AUD_NZD,14,3.0,long,35,178,57
30,-0.07430198342787489,0.16724414366532725,-0.4021005050119163,0.25349653815616646,13,-0.19675167320629242,0.2535510430519275,-0.6937117175880703,0.3002083711754855,AUD_NZD,14,3.0,short,43,177,55
81,-0.10616410560170286,0.10558955380925425,-0.3131196310678412,0.10079141986443546,35,0.03722316892551081,0.13854893712676836,-0.23433274784295516,0.3087790856939768,AUD_NZD,21,1.5,long,116,449,167
79,0.10991430721362856,0.10777817493676424,-0.10133091566242934,0.32115953008968645,34,-0.11075163415047808,0.14822207039358176,-0.4012668921218983,0.1797636238209422,AUD_NZD,21,1.5,short,113,449,154
47,-0.25964745137604944,0.13606295375000235,-0.5263308407260541,0.007035937973955186,21,-0.13470490965230966,0.1908952436019375,-0.5088595871121071,0.2394497678074878,AUD_NZD,21,2.0,long,68,314,104
44,-0.1127959159402931,0.14584171509685354,-0.39864567753012603,0.17305384564953985,19,-0.18811428144131187,0.1951700825305748,-0.5706476432012384,0.1944190803186147,AUD_NZD,21,2.0,short,63,314,90
30,-0.27432936460170804,0.1640497287825752,-0.5958668330155554,0.04720810381213936,13,-0.19027433519420311,0.24270203507617066,-0.6659703239434975,0.28542165355509136,AUD_NZD,21,2.5,long,43,236,72
32,-0.0380290508706334,0.16548753439298378,-0.3623846182808816,0.2863265165396148,14,-0.21121240601116772,0.23985345782014877,-0.6813251833386593,0.2589003713163238,AUD_NZD,21,2.5,short,46,235,66
25,-0.4733915818558273,0.16055472651161343,-0.7880788458185897,-0.158704317893065,12,-0.03362109467494934,0.2616195884634114,-0.5463954880632357,0.479153298713337,AUD_NZD,21,3.0,long,37,181,58
30,-0.02040390763384782,0.16496333143463918,-0.3437320372457406,0.30292422197804497,14,-0.2190633618195574,0.23820441146509536,-0.6859440082911443,0.24781728465202948,AUD_NZD,21,3.0,short,44,180,54
78,-0.23978697009083952,0.10933104512580893,-0.454075818537425,-0.025498121644254024,34,-0.22042862810645591,0.16484724764711944,-0.5435292334948101,0.1026719772818982,AUD_CAD,7,1.5,long,112,513,172
82,-0.040767251704591716,0.10690623751058277,-0.2503034772253339,0.1687689738161505,36,-0.21733256542696344,0.15730091357316045,-0.5256423560303579,0.09097722517643103,AUD_CAD,7,1.5,short,118,512,169
51,-0.07249041957439156,0.13862382747862562,-0.34419312143249775,0.19921228228371463,23,-0.4226669211880801,0.1884446603347314,-0.7920184554441536,-0.05331538693200655,AUD_CAD,7,2.0,long,74,362,109
56,-0.02611713281454989,0.1312654367722773,-0.2833973888882134,0.23116312325911362,25,-0.01425647336957299,0.19222457004817733,-0.39101663066400055,0.3625036839248546,AUD_CAD,7,2.0,short,81,361,114
35,-0.2483734829222259,0.16480500348340107,-0.571391289749692,0.0746443239052402,16,-0.1700836992078652,0.24676909258066637,-0.6537511206659713,0.3135837222502409,AUD_CAD,7,2.5,long,51,261,72
31,0.06453216545417821,0.17921844613746618,-0.2867359889752555,0.41580031988361194,14,-0.1231924895117648,0.2637524904263482,-0.6401473707474072,0.39376239172387767,AUD_CAD,7,2.5,short,45,261,65
27,-0.25925925925926,0.18941048590991047,-0.6305038116426845,0.1119852931241645,12,0.10655506772284641,0.28790523560649284,-0.4577391940658796,0.6708493295115724,AUD_CAD,7,3.0,long,39,196,53
20,0.3308256253229625,0.20641401488079214,-0.07374584384339011,0.7353970944893151,9,0.34402661103907156,0.3281174048984455,-0.2990835025618816,0.9871367246400247,AUD_CAD,7,3.0,short,29,196,42
79,-0.1734605527479175,0.11024979414735349,-0.3895501492767303,0.042629043780895326,35,-0.3569878101605572,0.15524858417106588,-0.6612750351358463,-0.0527005851852681,AUD_CAD,10,1.5,long,114,514,172
79,-0.08648705437525436,0.10980005664585281,-0.30169516540112584,0.12872105665061714,34,-0.171293304569726,0.16318931421434718,-0.49114436042984644,0.14855775129039447,AUD_CAD,10,1.5,short,113,513,169
53,-0.10749078109988623,0.1355763162696028,-0.3732203609883077,0.1582387987885352,24,-0.36338913280524343,0.1899104096765366,-0.7356135357712552,0.008835270160768294,AUD_CAD,10,2.0,long,77,363,113
57,-0.008073745257141352,0.12814989537151353,-0.2592475401853078,0.24310004967102514,25,-0.014256473369573008,0.19222457004817733,-0.3910166306640006,0.36250368392485455,AUD_CAD,10,2.0,short,82,362,115
34,-0.11764705882352973,0.17286876871919366,-0.4564698455131493,0.22117572786608986,15,-0.11475594582172287,0.2570910339234005,-0.6186543723115878,0.38914248066814205,AUD_CAD,10,2.5,long,49,260,71
32,0.031265535283735144,0.17668748372219067,-0.3150419328117586,0.3775730033792289,15,-0.18164632354431381,0.2524021462370296,-0.6763545301688918,0.3130618830802642,AUD_CAD,10,2.5,short,47,260,65
28,-0.2033239965099256,0.18659724662296565,-0.5690545998909382,0.16240660687108704,12,0.10655506772284641,0.28790523560649284,-0.4577391940658796,0.6708493295115724,AUD_CAD,10,3.0,long,40,197,54
19,0.2429481777568265,0.22463760562693472,-0.19734152927196555,0.6832378847856185,9,0.3708028685147209,0.3162676589810565,-0.2490817430881499,0.9906874801175917,AUD_CAD,10,3.0,short,28,197,43
79,-0.23879172240482677,0.10794282434613325,-0.45035965812324796,-0.0272237866864056,34,-0.3136176398836354,0.16288799654325564,-0.6328781131084165,0.005642833341145681,AUD_CAD,14,1.5,long,113,512,172
78,-0.14308711489361772,0.10902585525411065,-0.35677779119167463,0.07060356140443916,34,-0.171293304569726,0.16318931421434718,-0.49114436042984644,0.14855775129039447,AUD_CAD,14,1.5,short,112,511,169
57,-0.0999475683911223,0.13090780682588457,-0.35652686976985604,0.15663173298761146,25,-0.5488535674930337,0.166065478475482,-0.8743419053049784,-0.22336522968108902,AUD_CAD,14,2.0,long,82,361,116
58,-0.00636209373674655,0.12593266426277822,-0.25319011569179184,0.24046592821829876,25,-0.01425647336957299,0.19222457004817733,-0.39101663066400055,0.3625036839248546,AUD_CAD,14,2.0,short,83,360,117
33,-0.09090909090909123,0.1760446975548825,-0.43595669811666093,0.2541385162984785,15,-0.2480892791550562,0.250280104911478,-0.7386382847815531,0.24245972647144068,AUD_CAD,14,2.5,long,48,255,71
31,0.1290482944864363,0.17805322061546494,-0.219936017919875,0.47803260689274757,14,-0.1231924895117648,0.2637524904263482,-0.6401473707474072,0.39376239172387767,AUD_CAD,14,2.5,short,45,255,65
28,-0.07142857142857222,0.19195851781663198,-0.4476672663491709,0.30481012349202646,12,-0.06011159894382025,0.2891247371127633,-0.6267960836848363,0.5065728857971958,AUD_CAD,14,3.0,long,40,195,55
21,0.19057836097543776,0.21137784457157244,-0.22372221438484421,0.6048789363357198,9,0.14048283817166773,0.3408235253053988,-0.5275312714269138,0.8084969477702493,AUD_CAD,14,3.0,short,30,195,44
84,-0.24973293860023602,0.10377013075492472,-0.4531223948798885,-0.04634348232058355,37,-0.207108101514692,0.16099936543494248,-0.5226668577671792,0.10845065473779525,AUD_CAD,21,1.5,long,121,517,174
80,-0.13950993702127729,0.10779072158850035,-0.35077975133473793,0.07175987729218339,35,-0.08991762693535796,0.16153794331195281,-0.40653199582678545,0.22669674195606956,AUD_CAD,21,1.5,short,115,516,173
58,-0.11143729839041515,0.12914310584496216,-0.36455778584654097,0.14168318906571065,26,-0.5662053533586863,0.16049131676510064,-0.8807683342182835,-0.251642372499089,AUD_CAD,21,2.0,long,84,358,117
58,-0.006362093736746566,0.12593266426277822,-0.25319011569179184,0.24046592821829874,25,-0.014256473369572982,0.19222457004817733,-0.39101663066400055,0.3625036839248546,AUD_CAD,21,2.0,short,83,357,117
35,-0.08571428571428602,0.1708674289363204,-0.420614446429474,0.24918587500090195,15,-0.2480892791550562,0.250280104911478,-0.7386382847815531,0.24245972647144068,AUD_CAD,21,2.5,long,50,256,75
30,0.16668323763598417,0.17993134449252676,-0.18598219756936826,0.5193486728413366,14,-0.10917817779424054,0.2625464994395815,-0.6237693166958204,0.40541296110733926,AUD_CAD,21,2.5,short,44,256,69
24,-0.16666666666666755,0.20559798491465353,-0.5696387170993885,0.2363053837660534,11,0.2071509829703779,0.29550611470859606,-0.37204100185847033,0.7863429677992262,AUD_CAD,21,3.0,long,35,196,53
21,0.28581645621353297,0.20594185205344956,-0.11782957381122816,0.6894624862382941,9,-0.08173938405055448,0.3432090296249141,-0.7544290821153862,0.5909503140142772,AUD_CAD,21,3.0,short,30,196,44
82,0.08025440418710125,0.1073950615459248,-0.13023991644291136,0.2907487248171139,36,-0.2437995506735312,0.15669704517936558,-0.5509257592250878,0.06332665787802533,EUR_AUD,7,1.5,long,118,520,179
88,-0.13482706560945384,0.10354887703815148,-0.33778286460423074,0.06812873338532305,39,0.0043478166999193265,0.16018716912125555,-0.30961903477774155,0.31831466817758025,EUR_AUD,7,1.5,short,127,520,184
56,0.15871096964791404,0.1314851648449239,-0.09899995344813678,0.41642189274396485,24,-0.20882599943002308,0.19942644504031112,-0.5997018317090329,0.1820498328489867,EUR_AUD,7,2.0,long,80,374,114
57,-0.129403899150429,0.12936897455097093,-0.382967089270332,0.12415929096947403,25,0.07526678923786453,0.1974597780112948,-0.3117543756642732,0.46228795414000234,EUR_AUD,7,2.0,short,82,374,122
37,0.24324324324324326,0.16166088689122848,-0.07361209506356459,0.5600985815500511,17,0.04861169707376051,0.23472558294590226,-0.41145044550020793,0.5086738396477289,EUR_AUD,7,2.5,long,54,286,80
38,0.02276947278417974,0.16221804340220042,-0.2951778922841331,0.34071683785249257,17,0.31602708481230835,0.2287613717866964,-0.13234520388961657,0.7643993735142333,EUR_AUD,7,2.5,short,55,286,82
19,0.47368421052631576,0.2075817467754251,0.06682398684648261,0.8805444342061489,9,0.18145615968077025,0.3299468513448412,-0.4652396689551185,0.8281519883166589,EUR_AUD,7,3.0,long,28,204,48
26,0.11020153714610884,0.19494538256135077,-0.27189141267413863,0.49229448696635636,12,-0.1356282965158965,0.28486231036286647,-0.6939584248271148,0.42270183179532184,EUR_AUD,7,3.0,short,38,204,52
89,-0.020932618948569813,0.10411537002887138,-0.22499874420515772,0.18313350630801808,39,-0.24828746328300633,0.15070782698330212,-0.5436748041702785,0.047099877604265816,EUR_AUD,10,1.5,long,128,521,188
90,-0.15729198773368844,0.10182333737835425,-0.35686572899526275,0.04228175352788588,39,0.1069119192640219,0.15924708150431927,-0.20521236048444386,0.4190361990124876,EUR_AUD,10,1.5,short,129,521,189
53,0.13777513298244637,0.13667342150015557,-0.13010477315785857,0.4056550391227513,23,-0.1744271298400241,0.2051721000499908,-0.576564445938006,0.2277101862579579,EUR_AUD,10,2.0,long,76,377,115
55,-0.08988386592065319,0.13309365653112795,-0.350747432721664,0.17097970088035763,24,0.03673623878944222,0.20190871972904267,-0.35900485187948145,0.43247732945836587,EUR_AUD,10,2.0,short,79,377,126
39,0.28205128205128205,0.15563512273509847,-0.02299355850951096,0.587096122612075,17,-0.08110109112903657,0.2350135778948152,-0.5417277038028743,0.3795255215448012,EUR_AUD,10,2.5,long,56,280,80
37,-0.0036421630865181172,0.1644393273489521,-0.32594324469046426,0.31865891851742806,17,0.19838002598877894,0.23688429759739188,-0.26591319730210916,0.662673249279667,EUR_AUD,10,2.5,short,54,280,82
23,0.4782608695652174,0.18723666849528872,0.11127699931445151,0.8452447398159832,10,0.26331054371269325,0.30625492641775626,-0.336949112066109,0.8635701994914955,EUR_AUD,10,3.0,long,33,201,50
29,-0.009951054720850056,0.1859617759399684,-0.3744361355631881,0.354534026121488,13,-0.04827227370698138,0.27621283124694074,-0.5896494229509852,0.4931048755370224,EUR_AUD,10,3.0,short,42,201,56
88,0.012920419472469157,0.10469844462914468,-0.1922885320006544,0.21812937094559273,39,-0.2995695145650576,0.1482346146005916,-0.5901093591822171,-0.009029669947898056,EUR_AUD,14,1.5,long,127,520,186
89,-0.17029526849474114,0.10213079877764067,-0.3704716340989168,0.029881097109434568,39,0.15819397054607318,0.15811978128971105,-0.15172080078176045,0.46810874187390683,EUR_AUD,14,1.5,short,128,520,188
53,0.13777513298244637,0.13667342150015557,-0.13010477315785857,0.4056550391227513,24,-0.07341612641257823,0.19627049477567737,-0.4581062961729059,0.31127404334774944,EUR_AUD,14,2.0,long,77,371,116
57,-0.12181776536203377,0.13031776546314947,-0.3772405856698067,0.1336050549457392,25,0.15526678923786455,0.19550426765337903,-0.22792157536275834,0.5384551538384874,EUR_AUD,14,2.0,short,82,371,128
41,0.3170731707317073,0.14995537706282341,0.023160631688573408,0.6109857097748412,18,-0.13215103051075675,0.22737778674787884,-0.5778114925365992,0.3135094315150858,EUR_AUD,14,2.5,long,59,278,82
40,0.021630999144970752,0.15811275646702566,-0.28827000353039955,0.33153200182034104,18,-0.09041886434393101,0.23420650957865347,-0.5494636231180918,0.36862589443022975,EUR_AUD,14,2.5,short,58,278,87
25,0.44,0.18330302779823363,0.08072606551546208,0.7992739344845379,12,0.05275878642724435,0.2900001272951982,-0.5156414630713442,0.6211590359258328,EUR_AUD,14,3.0,long,37,204,56
29,-0.009951054720850056,0.1859617759399684,-0.3744361355631881,0.354534026121488,13,-0.04827227370698136,0.27621283124694074,-0.5896494229509852,0.4931048755370225,EUR_AUD,14,3.0,short,42,204,58
91,0.027144765614627083,0.10266031506498814,-0.17406945191274967,0.22835898314200384,39,-0.3508515658471089,0.14524372524713153,-0.6355292673314867,-0.06617386436273115,EUR_AUD,21,1.5,long,130,517,188
91,-0.166054950895957,0.10114140329918503,-0.3642921013623597,0.03218219957044563,40,-0.020760878717578656,0.15813721661612845,-0.3307098232851904,0.2891880658500331,EUR_AUD,21,1.5,short,131,517,187
56,0.1125371794298153,0.13336050025785934,-0.14884940107558903,0.3739237599352196,25,-0.0460084102185384,0.1956458161272936,-0.42947420982803386,0.33745738939095704,EUR_AUD,21,2.0,long,81,374,119
58,-0.03351056251096422,0.13013740010349023,-0.2885798667138051,0.22155874169187662,25,0.15526678923786455,0.19550426765337903,-0.22792157536275834,0.5384551538384874,EUR_AUD,21,2.0,short,83,374,130
39,0.3333333333333333,0.1529438225803745,0.03356344107579928,0.6331032255908673,18,-0.13215103051075675,0.22737778674787884,-0.5778114925365992,0.3135094315150858,EUR_AUD,21,2.5,long,57,278,84
42,0.02060095156663881,0.15430398128766706,-0.2818348517571886,0.32303675489046624,19,-0.13829155569425042,0.22665064842042768,-0.5825268265982887,0.3059437152097878,EUR_AUD,21,2.5,short,61,278,89
28,0.42857142857142855,0.17388017698576702,0.08776628167932521,0.7693765754635319,13,0.279469649009764,0.26697821046852777,-0.24380764350855044,0.8027469415280785,EUR_AUD,21,3.0,long,41,207,62
30,-0.10961935289682172,0.1816994698189138,-0.4657503137418928,0.24651160794824933,13,0.10557388013917249,0.2748797776584358,-0.43319048407136174,0.6443382443497067,EUR_AUD,21,3.0,short,43,207,63
88,-0.022285798695375603,0.1048957075833346,-0.2278813855587114,0.18330978816796017,39,0.18927609219888408,0.1407606937898339,-0.0866148676291904,0.46516705202695857,EUR_CAD,7,1.5,long,127,536,200
103,0.032061607577998974,0.09380990520890568,-0.15180580663145615,0.2159290217874541,45,-0.2570130637874121,0.12769911854862265,-0.5073033361427125,-0.006722791432111741,EUR_CAD,7,1.5,short,148,536,212
58,0.01206074119371608,0.12921111789070372,-0.2411930498720632,0.26531453225949536,25,0.1980042663910081,0.18410893508361553,-0.16284924637287834,0.5588577791548945,EUR_CAD,7,2.0,long,83,375,130
63,0.2686957661299819,0.11744278687630859,0.03850790385241709,0.49888362840754674,28,-0.4064759048306336,0.1567518006490597,-0.7137094341027905,-0.09924237555847665,EUR_CAD,7,2.0,short,91,375,139
42,-0.014291331076443299,0.15443580737479373,-0.31698551353103904,0.2884028513781524,19,0.06511234901243211,0.22272420212751382,-0.37142708715749495,0.5016517851823592,EUR_CAD,7,2.5,long,61,287,93
46,0.30695535746719255,0.13845556176910823,0.03558245639974045,0.5783282585346446,20,-0.26579884351658545,0.2001439737846815,-0.6580810321345612,0.12648334510139025,EUR_CAD,7,2.5,short,66,287,105
30,-0.0713815669370655,0.18440414572884847,-0.4328136925656085,0.2900505586914775,13,0.1790743623470184,0.2737522158785587,-0.35747998077495663,0.7156287054689934,EUR_CAD,7,3.0,long,43,223,60
35,0.27514566440693244,0.15742366340979214,-0.03340471587626015,0.583696044690125,15,-0.15268475376397586,0.25573952448754517,-0.6539342217595644,0.3485647142316127,EUR_CAD,7,3.0,short,50,223,79
91,-0.019324534796732566,0.10264546125848265,-0.22050963886335856,0.1818605692698934,39,0.17988929569116507,0.13520502187108455,-0.08511254717616062,0.4448911385584908,EUR_CAD,10,1.5,long,130,539,202
107,0.03802714262373552,0.09174227058609272,-0.1417877077250062,0.21784199297247725,47,-0.2339247079284203,0.12531987869057068,-0.4795516701619388,0.01170225430509822,EUR_CAD,10,1.5,short,154,539,220
56,0.04786005136063424,0.13359905981478365,-0.21399410587634174,0.30971420859761023,24,0.11536356894404093,0.19294113920337508,-0.2628010638945742,0.49352820178265605,EUR_CAD,10,2.0,long,80,375,132
65,0.2604282040952132,0.11603905664911306,0.032991653062951626,0.48786475512747485,29,-0.357912813150066,0.1573312972467554,-0.6662821557537066,-0.04954347054642544,EUR_CAD,10,2.0,short,94,375,142
42,-0.06162651566275831,0.15417346754775718,-0.3638065120563624,0.24055348073084573,19,0.17037550690716896,0.21961090193543564,-0.2600618608862849,0.6008128747006228,EUR_CAD,10,2.5,long,61,287,89
46,0.28535289683528914,0.14119970123347864,0.008601482417671003,0.5621043112529073,20,-0.26579884351658545,0.2001439737846815,-0.6580810321345612,0.12648334510139025,EUR_CAD,10,2.5,short,66,287,102
24,0.16077304132866813,0.20464161825185004,-0.24032453044495797,0.5618706131022942,11,-0.09090909090909091,0.3149183286488867,-0.7081490150609089,0.526330833242727,EUR_CAD,10,3.0,long,35,215,55
33,0.2698651096130786,0.16474653307688497,-0.05303809521761593,0.5927683144437731,15,-0.06725751884957137,0.24971979135620176,-0.5567083099077268,0.42219327220858405,EUR_CAD,10,3.0,short,48,215,81
95,-0.018510870173712227,0.10055390482058357,-0.21559652362205603,0.17857478327463158,41,0.21989469590135213,0.13152736700897566,-0.03789894343624017,0.47768833523894444,EUR_CAD,14,1.5,long,136,543,205
107,0.03802714262373553,0.09174227058609273,-0.14178770772500623,0.21784199297247728,46,-0.2593013904533005,0.13199193145595325,-0.5180055761069688,-0.0005972047996321006,EUR_CAD,14,1.5,short,153,543,223
57,0.06456426098588626,0.13229311742857464,-0.19473024917412002,0.3238587711458925,25,0.08092677090369897,0.19213161948121926,-0.29565120327949074,0.4575047450868887,EUR_CAD,14,2.0,long,82,379,134
68,0.2523408700391526,0.11297196836657626,0.030915812040663154,0.47376592803764206,30,-0.28869600350226604,0.1634222405062963,-0.6090035948946069,0.03161158789007473,EUR_CAD,14,2.0,short,98,379,145
42,-0.10924556328180593,0.15352850027462894,-0.4101614238200787,0.1916702972564668,19,0.17037550690716896,0.21961090193543564,-0.2600618608862849,0.6008128747006228,EUR_CAD,14,2.5,long,61,280,88
44,0.36971420559161045,0.13798146884461165,0.09927052665617159,0.6401578845270492,20,-0.3657988435165855,0.1916596250896811,-0.7414517086923604,0.009854021659189471,EUR_CAD,14,2.5,short,64,280,105
23,0.21124143442991453,0.2071393028467399,-0.19475159914969567,0.6172344680095248,11,-0.09090909090909091,0.3149183286488867,-0.7081490150609089,0.526330833242727,EUR_CAD,14,3.0,long,34,218,57
35,0.25444424620661693,0.16087646217795976,-0.060873619662184186,0.569762112075418,16,-0.12417585385897195,0.22283234928143827,-0.5609272584505909,0.31257555073264703,EUR_CAD,14,3.0,short,51,218,84
94,-0.008069496452155999,0.10107998650595032,-0.20618627000381862,0.19004727709950664,41,0.27471352754049516,0.1334837021567532,0.013085471313258878,0.5363415837677314,EUR_CAD,21,1.5,long,135,539,202
102,0.0534150264822263,0.0939543995487478,-0.1307355966333194,0.237565649597772,44,-0.27226156077035046,0.13382201685148287,-0.534552713799257,-0.009970407741444032,EUR_CAD,21,1.5,short,146,539,219
59,0.04177569010929287,0.12911346822775327,-0.2112867076171035,0.29483808783568927,26,0.11627574125355669,0.1879482041201878,-0.2521027388220114,0.48465422132912483,EUR_CAD,21,2.0,long,85,374,134
67,0.39043550989048326,0.1076696901900401,0.17940291711800468,0.6014681026629618,30,-0.25468480531314913,0.16573269476946698,-0.5795208870613044,0.07015127643500613,EUR_CAD,21,2.0,short,97,374,142
42,-0.061626515662758306,0.1541734675477572,-0.3638065120563624,0.2405534807308458,19,0.17037550690716896,0.21961090193543564,-0.2600618608862849,0.6008128747006228,EUR_CAD,21,2.5,long,61,281,91
47,0.4018722682039037,0.13051952154318902,0.14605400597925322,0.6576905304285542,21,-0.36824639953108024,0.19143405337374955,-0.7434571441436293,0.00696434508146887,EUR_CAD,21,2.5,short,68,281,106
23,0.17098850895454323,0.2040603825446144,-0.22896984083290098,0.5709468587419875,11,0.002223644943199235,0.3015195441524883,-0.5887546615956777,0.5932019514820762,EUR_CAD,21,3.0,long,34,221,58
37,0.24069050316842144,0.15721190240154698,-0.06744482553861064,0.5488258318754535,17,-0.1756949212790324,0.21556157596154588,-0.5981956101636623,0.24680576760559747,EUR_CAD,21,3.0,short,54,221,86
93,-0.06924771054096637,0.09010252831384938,-0.24584866603611116,0.10735324495417842,41,0.04944035430501556,0.1415478405504664,-0.22799341317389857,0.3268741217839297,EUR_CHF,7,1.5,long,134,504,187
86,-0.034800753766009225,0.08907108983121487,-0.20938008983519035,0.13977858230317192,38,0.031493639502250946,0.1428983819682115,-0.24858718915544356,0.31157446815994544,EUR_CHF,7,1.5,short,124,504,185
58,-0.08521275186156801,0.11632641132420707,-0.3132125180570139,0.14278701433387783,26,0.06563521852481004,0.16064669654310226,-0.2492323066996704,0.38050274374929044,EUR_CHF,7,2.0,long,84,352,132
53,-0.0189763095582892,0.1125512297417326,-0.23957671985208506,0.20162410073550668,23,0.1462040710326958,0.18089584704338066,-0.2083517891723303,0.5007599312377219,EUR_CHF,7,2.0,short,76,352,117
42,-0.27318157746745536,0.12939541056769743,-0.5267965821801424,-0.01956657275476842,19,0.06945376779639523,0.19757124097923376,-0.3177858645229029,0.45669340011569337,EUR_CHF,7,2.5,long,61,264,91
41,0.04515597864128837,0.13296888132134474,-0.2154630287485473,0.3057749860311241,18,0.13950225672774338,0.2120387446916566,-0.2760936828679035,0.5550981963233903,EUR_CHF,7,2.5,short,59,264,85
28,-0.22670287561320485,0.16256630434549962,-0.5453328321303841,0.09192708090397439,12,0.3638737891751475,0.21931284664661424,-0.06597939025221639,0.7937269686025115,EUR_CHF,7,3.0,long,40,186,59
23,0.052316940562537495,0.17539870261811413,-0.2914645165689662,0.3960983976940412,11,0.2175044595692456,0.29593771874760855,-0.3625334691760672,0.7975423883145584,EUR_CHF,7,3.0,short,34,186,54
95,-0.036416641967774936,0.08900327102170678,-0.21086305317032022,0.13802976923477034,41,-0.01649778639635114,0.14457054911304584,-0.299856062657921,0.2668604898652187,EUR_CHF,10,1.5,long,136,508,190
91,0.00465817097807855,0.08779939747915824,-0.1674286480810716,0.1767449900372287,39,0.017435225028048777,0.14338592736770245,-0.263601192612648,0.2984716426687456,EUR_CHF,10,1.5,short,130,508,191
58,-0.06190547123907895,0.11555726368663059,-0.2883977080648749,0.164586765586717,25,-0.14014602486535924,0.16213128566948132,-0.4579233447775426,0.17763129504682415,EUR_CHF,10,2.0,long,83,349,131
56,-0.06134719508237746,0.11030620683044916,-0.2775473604700578,0.15485297030530287,25,0.0726597152836106,0.17424112836342184,-0.2688528963086962,0.4141723268759174,EUR_CHF,10,2.0,short,81,349,117
42,-0.2721708871850809,0.1257711955772454,-0.5186824305164819,-0.02565934385367996,19,0.10978664085021161,0.20255138715399648,-0.28721407797162146,0.5067873596720447,EUR_CHF,10,2.5,long,61,265,94
41,-0.018876086619989237,0.12918594472566808,-0.27208053828229867,0.23432836504232019,18,0.2254022984867295,0.21309530526041723,-0.19226449982368826,0.6430690967971473,EUR_CHF,10,2.5,short,59,265,89
27,-0.21726839089802757,0.16496713310790745,-0.5406039717895261,0.10606718999347103,12,-0.007018475937880353,0.2775567321383565,-0.5510296709290592,0.5369927190532984,EUR_CHF,10,3.0,long,39,187,60
23,0.18670464909547413,0.17644171025885821,-0.15912110301188798,0.5325304012028362,10,0.33925490552617016,0.2982011970232914,-0.24521944063948092,0.9237292516918212,EUR_CHF,10,3.0,short,33,187,54
94,-0.03492797709626743,0.09005716927856601,-0.21144002888225683,0.14158407468972195,41,0.014400535641572187,0.14652169071026974,-0.2727819781505565,0.30158304943370084,EUR_CHF,14,1.5,long,135,500,193
91,-0.039391324465445195,0.08770948686203227,-0.21130191871502843,0.13251926978413806,39,-0.02045192191350664,0.141547400528273,-0.2978848269489217,0.2569809831219084,EUR_CHF,14,1.5,short,130,500,194
59,-0.0879578861959874,0.11348733934831187,-0.31039307131867866,0.13447729892670385,26,-0.16431964614930317,0.158816247227156,-0.47559949071452895,0.14696019841592262,EUR_CHF,14,2.0,long,85,349,134
58,-0.04106818021063089,0.10828761277792233,-0.2533119012553587,0.1711755408340969,25,0.05450774535008061,0.1778358593616967,-0.2940505389988449,0.4030660296990062,EUR_CHF,14,2.0,short,83,349,123
42,-0.33747730885219296,0.12677816029330854,-0.5859625030270776,-0.08899211467730822,19,0.0803004339562556,0.1997744886433348,-0.3112575637846806,0.47185843169719177,EUR_CHF,14,2.5,long,61,265,100
40,-0.09069863090422549,0.13240453263638846,-0.35021151487154684,0.1688142530630959,18,0.13950225672774338,0.2120387446916566,-0.2760936828679035,0.5550981963233903,EUR_CHF,14,2.5,short,58,265,89
26,-0.27537225115948805,0.16501703844249452,-0.5988056465067773,0.04806114418780122,12,0.1596481907287863,0.2733590461629129,-0.37613553975052294,0.6954319212080956,EUR_CHF,14,3.0,long,38,187,59
26,0.04765686900770343,0.16423953742034283,-0.27425262433616854,0.3695663623515754,12,0.388523012908506,0.2524943127225273,-0.10636584002764754,0.8834118658446595,EUR_CHF,14,3.0,short,38,187,59
94,0.0058862230515086406,0.09026321087707842,-0.17102967026756505,0.18280211637058236,41,-0.05973725459472524,0.14581281748955963,-0.3455303768742621,0.22605586768481162,EUR_CHF,21,1.5,long,135,503,196
96,-0.023542363897864477,0.08663980345025507,-0.19335637866036443,0.14627165086463545,42,-0.04280059415777997,0.1376596980802528,-0.31261360239507546,0.2270124140795155,EUR_CHF,21,1.5,short,138,503,199
62,-0.07232817703537525,0.11152572699961882,-0.29091860195462815,0.14626224788387765,28,-0.16271938027395394,0.1537375579437047,-0.46404499384361514,0.13860623329570726,EUR_CHF,21,2.0,long,90,350,139
62,-0.059477654471326094,0.1025573790770855,-0.2604901174624137,0.14153480851976147,28,0.033837708857707906,0.16351793578042886,-0.28665744527193265,0.3543328629873485,EUR_CHF,21,2.0,short,90,350,127
41,-0.2450641852301031,0.1287126927811216,-0.49734106308110143,0.007212692620895245,18,-0.09179780496530222,0.2056062387578313,-0.49478603293065154,0.3111904230000471,EUR_CHF,21,2.5,long,59,260,93
39,-0.0023526415600354997,0.1334123066500698,-0.26384076259417233,0.2591354794741013,17,0.11250361355409172,0.2314734577363503,-0.3411843636091549,0.5661915907173383,EUR_CHF,21,2.5,short,56,260,88
32,-0.34278987355415036,0.1417190794283557,-0.6205592692337276,-0.06502047787457316,15,0.254327915748795,0.22615444531346185,-0.18893479706559024,0.6975906285631802,EUR_CHF,21,3.0,long,47,189,64
28,-0.1707394973946501,0.15671082738562697,-0.477892719070479,0.13641372428117876,13,0.4355597042232363,0.23697598252489627,-0.028913221525560362,0.9000326299720329,EUR_CHF,21,3.0,short,41,189,59
90,0.12037503582112809,0.10294209804737653,-0.0813914763517299,0.3221415479939861,39,0.03268124870867231,0.1595485532954886,-0.2800339157504853,0.34539641316783,EUR_NZD,7,1.5,long,129,507,174
88,-0.014628234031659137,0.1051640857307294,-0.22074984206388876,0.19149337400057048,39,0.2294352741218153,0.1521413401650829,-0.06876175260174716,0.5276323008453778,EUR_NZD,7,1.5,short,127,507,183
54,0.004927177947418942,0.13677086812449715,-0.2631437235765955,0.27299807947143334,24,0.09477369581825963,0.2021241061535482,-0.30138955224269487,0.4909369438792141,EUR_NZD,7,2.0,long,78,354,103
58,-0.0670601532100395,0.129853884616606,-0.32157376705858726,0.18745346063850826,26,0.12259262097499286,0.19471623966996765,-0.25905120877814375,0.5042364507281295,EUR_NZD,7,2.0,short,84,354,114
30,0.3333333333333333,0.1750752438129634,-0.009814144540074954,0.6764808112067415,14,-0.1064546241782459,0.26810078224997325,-0.6319321573881934,0.4190229090317016,EUR_NZD,7,2.5,long,44,248,62
39,-0.11943980394592664,0.15701634719765867,-0.42719184445333763,0.18831223656148438,18,-0.09664264266798542,0.2281814357391628,-0.5438782567167445,0.3505929713807737,EUR_NZD,7,2.5,short,57,248,79
26,0.07692307692307693,0.19940740610485724,-0.3139154390424433,0.46776159288859714,12,-0.12419706154128689,0.2894006169447182,-0.6914222707529345,0.44302814767036075,EUR_NZD,7,3.0,long,38,198,43
25,-0.03876265793641639,0.1958018278359633,-0.42253424049490446,0.3450089246220717,12,-0.3333333333333324,0.284267621807481,-0.8904978720759951,0.22383120540933027,EUR_NZD,7,3.0,short,37,198,49
89,0.10407395004761423,0.10420108131793926,-0.10016016933554671,0.30830806943077516,39,0.08396329999072358,0.15905447435770265,-0.22778346975037359,0.39571006973182077,EUR_NZD,10,1.5,long,128,504,177
88,-0.01462823403165914,0.10516408573072941,-0.22074984206388878,0.1914933740005705,38,0.10720122419289155,0.1570635775844755,-0.20064338787268046,0.4150458362584636,EUR_NZD,10,1.5,short,126,504,181
52,0.0,0.140028008402801,-0.27445489646948995,0.27445489646948995,23,0.14237255215818398,0.2051744353120988,-0.25976934105352967,0.5445144453698977,EUR_NZD,10,2.0,long,75,353,105
61,-0.11294244075708673,0.12613267114606705,-0.36016247620337816,0.1342775946892047,27,0.15508919056851164,0.19016299828331096,-0.21763028606677784,0.5278086672038012,EUR_NZD,10,2.0,short,88,353,122
32,0.1875,0.176419930663981,-0.1582830641014028,0.5332830641014028,15,-0.03269098256636284,0.26026019097783837,-0.5428009568829261,0.4774189917502004,EUR_NZD,10,2.5,long,47,242,62
44,-0.05901912551146881,0.14710793745816636,-0.34735068292947485,0.22931243190653722,19,-0.0389246088433546,0.22342208186286516,-0.47683188929457027,0.3989826716078611,EUR_NZD,10,2.5,short,63,242,79
27,0.037037037037037035,0.19598157859737708,-0.347086857013822,0.4211609310878961,12,-0.12419706154128689,0.2894006169447182,-0.6914222707529345,0.44302814767036075,EUR_NZD,10,3.0,long,39,202,46
26,-0.04186938188337526,0.19596809584375183,-0.42596684973712884,0.34222808597037835,12,-0.3333333333333324,0.284267621807481,-0.8904978720759951,0.22383120540933027,EUR_NZD,10,3.0,short,38,202,54
90,0.09180646171375186,0.10376449643895952,-0.11157195130660881,0.29518487473411253,39,0.03268124870867231,0.1595485532954886,-0.2800339157504853,0.34539641316783,EUR_NZD,14,1.5,long,129,505,179
89,-0.02569982690770791,0.10456355648700748,-0.23064439762224256,0.17924474380682673,39,0.08331204079098598,0.15569799928874542,-0.22185603781495505,0.388480119396927,EUR_NZD,14,1.5,short,128,505,183
51,0.1647722616288412,0.13830638753866464,-0.10630825794694151,0.4358527812046239,22,0.10338948634719233,0.21081113169410481,-0.30980033177325306,0.5165793044676378,EUR_NZD,14,2.0,long,73,348,104
62,-0.13847726733536156,0.1237418441951315,-0.3810112819578193,0.10405674728709619,27,0.20229410928881889,0.18492152641715748,-0.16015208248880977,0.5647403010664476,EUR_NZD,14,2.0,short,89,348,125
29,0.1724137931034483,0.1861521539674008,-0.19244442867265732,0.5372720148795539,13,0.11612578934650442,0.2781019688290906,-0.4289540695585131,0.661205648251522,EUR_NZD,14,2.5,long,42,242,59
44,-0.013564580056923353,0.14736849128862173,-0.30240682298262195,0.27527766286877525,20,0.008388149338687968,0.21835162115384496,-0.41958102812284814,0.4363573268002241,EUR_NZD,14,2.5,short,64,242,80
28,0.07142857142857142,0.19195851781663212,-0.3048101234920275,0.4476672663491704,13,-0.03772036449964943,0.27990338122477787,-0.5863309917002141,0.5108902627009152,EUR_NZD,14,3.0,long,41,203,48
27,-0.07735570107287988,0.19188035369829842,-0.4534411943215448,0.29872979217578505,12,-0.16666666666666574,0.2972941950052819,-0.7493632888770183,0.4160299555436868,EUR_NZD,14,3.0,short,39,203,56
90,0.09815281359890589,0.10320677937060925,-0.10413247396748825,0.3004381011653,39,-0.01860080257337897,0.15960809130580741,-0.3314326615327615,0.29423105638600355,EUR_NZD,21,1.5,long,129,502,178
87,0.042674889715103415,0.10566157688541866,-0.16442180098031717,0.249771580410524,38,0.05918867344338033,0.15792037636894957,-0.2503352642397608,0.36871261112652143,EUR_NZD,21,1.5,short,125,502,187
50,0.18806770686141802,0.13908483186831067,-0.08453856360047088,0.46067397732330695,22,0.19429857725628324,0.20773213600720725,-0.21285640931784294,0.6014535638304095,EUR_NZD,21,2.0,long,72,350,103
66,-0.09978167537564266,0.12064505945055931,-0.3362459918987389,0.1366826411474536,29,0.1712885845865472,0.1772640106899858,-0.17614887636582496,0.5187260455389193,EUR_NZD,21,2.0,short,95,350,129
30,0.2,0.18194353045893683,-0.15660931969951614,0.5566093196995161,14,0.16077218013790281,0.26131462478196843,-0.35140448443475525,0.6729488447105609,EUR_NZD,21,2.5,long,44,252,62
46,-0.056453076576187554,0.14404600992750194,-0.3387832560340913,0.22587710288171622,20,-0.09161185066131203,0.21734629276770934,-0.5176105844860224,0.33438688316339826,EUR_NZD,21,2.5,short,66,252,82
28,0.07142857142857142,0.19195851781663212,-0.3048101234920275,0.4476672663491704,12,0.042469605125379783,0.29153217983983165,-0.5289334673606902,0.6138726776114498,EUR_NZD,21,3.0,long,40,201,49
28,-0.11030728317741989,0.18781377677382702,-0.4784222856541208,0.25780771929928104,13,-0.23076923076922992,0.2808833628231624,-0.7813006219026283,0.3197621603641684,EUR_NZD,21,3.0,short,41,201,60
55,-0.030760023250006884,0.10265108213142181,-0.2319561442275936,0.17043609772757987,24,-0.005783086536264692,0.15728056155129874,-0.31405298717681024,0.30248681410428085,EUR_CZK,7,1.5,long,79,347,129
51,-0.0289418490716687,0.11926355886643514,-0.26269842444988156,0.20481472630654418,22,0.12238802866868945,0.11948173047998628,-0.11179616307208365,0.35657222040946257,EUR_CZK,7,1.5,short,73,347,126
33,-0.13704984925925062,0.13786862652118206,-0.40727235724076744,0.1331726587222662,15,0.22633131234067327,0.15239696013834705,-0.07236672953048695,0.5250293542118335,EUR_CZK,7,2.0,long,48,238,80
28,0.0030375165595328863,0.17434146548861157,-0.3386717557981458,0.34474678891721156,13,0.11484758434815887,0.1684001757566689,-0.21521676013491217,0.4449119288312299,EUR_CZK,7,2.0,short,41,237,77
22,-0.1852316847408175,0.16417724915103055,-0.5070190930768373,0.13655572359520238,10,0.022626346707474165,0.2609801263517802,-0.488894700942015,0.5341473943569633,EUR_CZK,7,2.5,long,32,177,60
21,-0.29914032933500884,0.17685088962847376,-0.6457680730068174,0.047487414336799705,9,0.10898757516166434,0.15605295213573886,-0.1968762110243838,0.4148513613477125,EUR_CZK,7,2.5,short,30,176,52
19,-0.30070731187856975,0.1645637699734079,-0.6232523010264492,0.02183767726930974,9,-0.22041387251876998,0.2518160574300415,-0.7139733450816512,0.2731456000441113,EUR_CZK,7,3.0,long,28,137,52
16,-0.19378285119971142,0.19533289195903394,-0.5766353194394179,0.1890696170399951,7,-0.026971832052099767,0.2396626439629772,-0.49671061421953505,0.44276695011533557,EUR_CZK,7,3.0,short,23,136,39
53,-0.023595071274787383,0.1065382684308465,-0.23241007739924652,0.18521993484967175,23,0.033915933469628685,0.16937014556766186,-0.2980495518429886,0.36588141878224595,EUR_CZK,10,1.5,long,76,344,128
51,-0.06474113834696223,0.11581119534033647,-0.2917310812140217,0.16224880452009727,22,0.20900791839688776,0.11189161825800559,-0.010299653388803176,0.4283154901825787,EUR_CZK,10,1.5,short,73,344,126
32,-0.09357179051196927,0.14035807667636627,-0.36867362079764715,0.18153003977370857,15,0.2843804555312693,0.17657942836049573,-0.06171522405530233,0.630476135117841,EUR_CZK,10,2.0,long,47,237,84
30,0.03949129533160992,0.1602395856930663,-0.2745782926268,0.3535608832900199,13,0.10598155761902281,0.1692530291772438,-0.22575437956837505,0.43771749480642064,EUR_CZK,10,2.0,short,43,236,82
18,-0.28335203245382307,0.17319385413909238,-0.6228119865664441,0.05610792165879802,8,-0.026878106321200856,0.24790029571280714,-0.5127626859183028,0.4590064732759011,EUR_CZK,10,2.5,long,26,171,55
18,-0.3341780559048445,0.2058507066716568,-0.7376454409812918,0.06928932917160285,9,0.10898757516166434,0.15605295213573886,-0.1968762110243838,0.4148513613477125,EUR_CZK,10,2.5,short,27,170,50
16,-0.4096877800041093,0.1757941073643219,-0.7542442304381802,-0.06513132957003837,8,-0.03748254174494681,0.266959473023875,-0.5607231088717418,0.4857580253818482,EUR_CZK,10,3.0,long,24,133,53
18,-0.30259108029573245,0.1781642334563677,-0.6517929778702132,0.04661081727874822,8,-0.04880991424707874,0.21011034891718605,-0.4606261981247634,0.3630063696306059,EUR_CZK,10,3.0,short,26,132,47
51,-0.10949425919643456,0.11060799727318449,-0.32628593385187615,0.10729741545900702,23,0.05575391191934621,0.16470410584670442,-0.2670661355401944,0.3785739593788868,EUR_CZK,14,1.5,long,74,342,128
50,0.002632090771438751,0.1164007314210878,-0.22551334281389332,0.23077752435677082,22,0.2078020942806089,0.1119143665196268,-0.011550064097859636,0.4271542526590774,EUR_CZK,14,1.5,short,72,342,129
30,-0.0063274642778973905,0.1373726522022217,-0.2755778625942519,0.2629229340384571,13,0.3607565501054507,0.2035453187223158,-0.03819227459028823,0.7597053748011897,EUR_CZK,14,2.0,long,43,236,86
28,-0.04499323151443392,0.16553745848323898,-0.3694466501415823,0.2794601871127145,13,-0.22990300295505978,0.19198561184612437,-0.6061948021734636,0.14638879626334395,EUR_CZK,14,2.0,short,41,235,82
23,-0.2967169634470579,0.15374802741800295,-0.5980630971863437,0.004629170292227869,10,-0.049034071959944116,0.24838092729481753,-0.5358606894577864,0.4377925455378982,EUR_CZK,14,2.5,long,33,174,59
21,-0.1824262180772157,0.19707283216475868,-0.5686889691201427,0.2038365329657113,9,0.20500284190238635,0.18497718365031343,-0.157552438052228,0.5675581218570007,EUR_CZK,14,2.5,short,30,173,55
14,-0.21877555979740565,0.21416094084536944,-0.6385310038543297,0.20097988425951846,7,0.13398495827428158,0.26586702833120546,-0.38711441725488105,0.6550843338034442,EUR_CZK,14,3.0,long,21,132,49
19,-0.23269652969013585,0.18001036246517046,-0.58551684012187,0.12012378074159827,9,-0.09073698026240787,0.1897597999080671,-0.4626661880822194,0.2811922275574037,EUR_CZK,14,3.0,short,28,131,44
56,-0.13738083531427048,0.10309784522179838,-0.3394526119489953,0.06469094132045433,25,0.015470802992776492,0.15410902961975403,-0.2865828950619414,0.31752450104749436,EUR_CZK,21,1.5,long,81,347,135
51,0.013908046540208403,0.11383401486625813,-0.20920662259765752,0.23702271567807434,23,0.13591514737717472,0.11645576677735277,-0.0923381555064367,0.36416845026078615,EUR_CZK,21,1.5,short,74,346,135
31,-0.002007543823157769,0.14130011654724056,-0.27895577225574925,0.2749406846094337,14,0.33319903343162594,0.19045063016781,-0.04008420169728166,0.7064822685605335,EUR_CZK,21,2.0,long,45,239,89
33,-0.24620556416603961,0.14276458343816212,-0.5260241477048373,0.033613019372758124,15,-0.11219196907153318,0.1887063008745823,-0.4820563187857145,0.25767238064264814,EUR_CZK,21,2.0,short,48,238,90
25,-0.23877568623701317,0.159698262449137,-0.5517842806373217,0.07423290816329536,11,-0.05453618737175591,0.22966001756195134,-0.5046698217931805,0.3955974470496687,EUR_CZK,21,2.5,long,36,172,63
21,-0.17278651924183175,0.19708055685008236,-0.5590644106679932,0.21349137218432968,10,0.21995779998061976,0.21544550814390415,-0.20231539598143233,0.6422309959426719,EUR_CZK,21,2.5,short,31,171,58
15,-0.25365420528281146,0.20156627317470527,-0.6487241007052338,0.14141569013961086,7,0.07094377003937466,0.2376157873848124,-0.3947831732348577,0.5366707133136069,EUR_CZK,21,3.0,long,22,133,50
18,-0.1180884949096297,0.19823066673504236,-0.5066206017103128,0.2704436118910533,8,-0.31256398186459894,0.25353897528224684,-0.8095003734178028,0.18437240968860485,EUR_CZK,21,3.0,short,26,132,43
99,0.12222480332663596,0.0997477233299698,-0.07328073440010485,0.3177303410533768,43,-0.007528810764621315,0.15268430484178083,-0.3067900482545117,0.2917324267252691,CAD_JPY,7,1.5,long,142,517,211
93,-0.0009178314343809295,0.10277077986799675,-0.20234855997565457,0.2005128971068927,40,-0.03232154710008417,0.15820301138747914,-0.34239944941954326,0.2777563552193749,CAD_JPY,7,1.5,short,133,517,187
69,0.21739130434782608,0.11836763647474306,-0.014609263142670331,0.4493918718383225,30,0.08920870457070945,0.18215208077666092,-0.26780937375154595,0.44622678289296486,CAD_JPY,7,2.0,long,99,372,144
52,0.10236629984900039,0.13807480848396086,-0.1682603247795629,0.3729929244775637,23,-0.21739130434782608,0.20810192223064325,-0.6252710719198868,0.19048846322423466,CAD_JPY,7,2.0,short,75,372,121
44,0.3181818181818182,0.14457317537050082,0.03481839445563656,0.6015452419079999,20,0.4277745224154583,0.20220994757266333,0.03144302517303821,0.8241060196578784,CAD_JPY,7,2.5,long,64,284,94
34,-0.058823529411764705,0.173776222559058,-0.3994249256275184,0.281777866803989,15,-0.06666666666666667,0.2666666666666666,-0.5893333333333332,0.45599999999999985,CAD_JPY,7,2.5,short,49,284,77
28,0.2857142857142857,0.18442777839082938,-0.0757641599317399,0.6471927313603113,13,-0.23076923076923078,0.2808833628231621,-0.7813006219026286,0.319762160364167,CAD_JPY,7,3.0,long,41,220,69
30,0.0,0.18569533817705186,-0.3639628628270216,0.3639628628270216,14,0.2857142857142857,0.26578871697687523,-0.23523159956038975,0.8066601709889611,CAD_JPY,7,3.0,short,44,220,64
104,0.08750245701285539,0.09768309078852368,-0.10395640093265102,0.2789613149583618,45,-0.007194196952860368,0.1492446940162992,-0.2997137972248068,0.285325403319086,CAD_JPY,10,1.5,long,149,517,217
96,-0.03213914920205652,0.10112739618672636,-0.23034884572804018,0.16607054732392715,42,-0.14285714285714285,0.15457193737155983,-0.4458181401054001,0.1601038543911144,CAD_JPY,10,1.5,short,138,516,194
70,0.2571428571428571,0.11633768633235464,0.02912099193144202,0.4851647223542722,31,0.11469324026803764,0.17897497278419394,-0.23609770638898248,0.4654841869250577,CAD_JPY,10,2.0,long,101,375,150
53,0.11930278475750981,0.13649936410439917,-0.14823596888711255,0.3868415384021322,23,-0.13043478260869565,0.2113793194801729,-0.5447382487898346,0.2838686835724432,CAD_JPY,10,2.0,short,76,375,125
49,0.22448979591836735,0.14065355869479818,-0.0511911791234371,0.5001707709601718,22,0.4797950203776894,0.18686938389714416,0.11353102793928682,0.846059012816092,CAD_JPY,10,2.5,long,71,279,99
33,-0.030303030303030304,0.1766955119650091,-0.37662623375444815,0.3160201731483875,15,-0.06666666666666667,0.2666666666666666,-0.5893333333333332,0.45599999999999985,CAD_JPY,10,2.5,short,48,279,77
34,0.11764705882352941,0.1728687687191937,-0.22117572786609027,0.45646984551314906,15,0.06666666666666667,0.2666666666666666,-0.45599999999999985,0.5893333333333332,CAD_JPY,10,3.0,long,49,217,74
31,0.03225806451612903,0.1824791693384639,-0.32540110738726025,0.38991723641951825,14,0.0,0.2773500981126146,-0.5436061923007246,0.5436061923007246,CAD_JPY,10,3.0,short,45,217,67
108,0.028706069716082968,0.0961895407249515,-0.15982543010482197,0.21723756953698792,47,-0.006888060912313118,0.1460275355123567,-0.2931020305165323,0.279325908691906,CAD_JPY,14,1.5,long,155,518,224
98,-0.011075084932626801,0.10015509891088202,-0.20737907879795556,0.18522890893270197,43,-0.11627906976744186,0.15325664577635612,-0.4166620954890998,0.18410395595421614,CAD_JPY,14,1.5,short,141,517,199
72,0.16666666666666666,0.11701824958323494,-0.0626891025164738,0.3960224358498071,32,0.08363316053504011,0.17643702235324218,-0.26218340327731454,0.42944972434739476,CAD_JPY,14,2.0,long,104,363,149
54,0.024500881336074448,0.13617509373851894,-0.24240230239142266,0.2914040650635715,24,-0.08333333333333333,0.20778914433245896,-0.49060005622495284,0.3239333895582862,CAD_JPY,14,2.0,short,78,363,124
51,0.17647058823529413,0.13920187724940272,-0.09636509117353523,0.4493062676441235,23,0.15458654123083332,0.2068393706204361,-0.25081862518522147,0.5599917076468881,CAD_JPY,14,2.5,long,74,284,107
37,0.02702702702702703,0.16660578386402639,-0.2995203093464647,0.35357436340051873,17,-0.17647058823529413,0.24607647839237515,-0.6587804858843495,0.30583930941376114,CAD_JPY,14,2.5,short,54,284,83
36,0.2777777777777778,0.1623787025244065,-0.04048447917005893,0.5960400347256145,16,0.125,0.25617376914899,-0.37710058753202036,0.6271005875320204,CAD_JPY,14,3.0,long,52,215,79
32,0.0625,0.17925416718060672,-0.2888381676739892,0.4138381676739892,14,-0.14285714285714285,0.2745054065230065,-0.6808877396422355,0.39517345392794984,CAD_JPY,14,3.0,short,46,215,65
107,0.019628556348943556,0.09665943235812299,-0.1698239310729775,0.20908104377086462,46,0.05817958993741921,0.1473585509860314,-0.23064316999520232,0.34700234987004075,CAD_JPY,21,1.5,long,153,516,229
98,0.009333078332679332,0.10015692859009893,-0.18697450170391458,0.20564065836927323,42,-0.09523809523809523,0.15546387747761883,-0.39994729509422816,0.2094711046180377,CAD_JPY,21,1.5,short,140,515,200
76,0.15789473684210525,0.11402159164401346,-0.06558758278016111,0.3813770564643716,33,0.11140185264003889,0.17324680391328628,-0.22816188303000223,0.45096558831008,CAD_JPY,21,2.0,long,109,363,153
58,-0.034482758620689655,0.13237446481895077,-0.2939367096658332,0.22497119242445385,25,-0.04,0.20396078054371142,-0.43976312986567434,0.3597631298656744,CAD_JPY,21,2.0,short,83,362,125
53,0.20754716981132076,0.13565540139968563,-0.05833741693206307,0.4734317565547046,24,0.3564787686795486,0.19104848975258049,-0.017976271235509156,0.7309338085946063,CAD_JPY,21,2.5,long,77,279,113
39,0.1282051282051282,0.16088271677005372,-0.1871249966641771,0.4435352530744335,18,-0.2222222222222222,0.23647127470752347,-0.6857059206489682,0.24126147620452376,CAD_JPY,21,2.5,short,57,279,85
37,0.24324324324324326,0.16166088689122848,-0.07361209506356459,0.5600985815500511,16,0.5,0.22360679774997896,0.06173067641004126,0.9382693235899587,CAD_JPY,21,3.0,long,53,213,82
31,0.03225806451612903,0.1824791693384639,-0.32540110738726025,0.38991723641951825,14,-0.14285714285714285,0.2745054065230065,-0.6808877396422355,0.39517345392794984,CAD_JPY,21,3.0,short,45,213,66
88,0.0028823644466684606,0.10454536756478829,-0.20202655598031657,0.20779128487365348,38,-0.18585958478420314,0.15184538977266596,-0.48347654873862844,0.11175737917022213,CAD_CHF,7,1.5,long,126,521,181
84,0.12468170850459755,0.10649810687757301,-0.08405458097544556,0.33341799798464067,36,0.13506688333436967,0.15693129117415958,-0.17251844736698307,0.4426522140357224,CAD_CHF,7,1.5,short,120,521,183
65,0.12338764504787911,0.12264028453423644,-0.1169873126392243,0.3637626027349825,29,-0.00447765382652841,0.17950351855150154,-0.3563045501874714,0.34734924253441457,CAD_CHF,7,2.0,long,94,371,128
55,0.055560274615880395,0.1329652444848006,-0.20505160457432878,0.31617215380608954,24,0.09643779121792949,0.19976153953493025,-0.2950948262705338,0.4879704087063928,CAD_CHF,7,2.0,short,79,371,110
46,0.006778220161972323,0.14821238902792638,-0.28371806233276337,0.297274502656708,20,0.10332936406767823,0.21243959299279125,-0.3130522381981926,0.5197109663335491,CAD_CHF,7,2.5,long,66,262,90
38,0.01712679389517179,0.16246409281183477,-0.30130282801602437,0.33555641580636797,17,0.26684780085771065,0.21936820742193672,-0.1631138856892853,0.6968094874047066,CAD_CHF,7,2.5,short,55,262,78
31,0.17134832669195893,0.17829374727913083,-0.17810741797513752,0.5208040713590554,14,0.19187274593798528,0.26294033456570653,-0.3234903098107995,0.7072358016867701,CAD_CHF,7,3.0,long,45,204,61
25,0.05337341673921518,0.1968163763271851,-0.3323866808620676,0.43913351434049797,12,0.17973799990517877,0.27009000379191994,-0.3496384075269843,0.7091144073373419,CAD_CHF,7,3.0,short,37,204,57
91,-0.03877477307279028,0.1033590297499219,-0.2413584713826372,0.16380892523705662,39,-0.2580170313281979,0.1472521559122685,-0.5466312569162441,0.03059719425984836,CAD_CHF,10,1.5,long,130,527,188
89,0.0839692529706314,0.10402623501800334,-0.11992216766465516,0.28786067360591794,39,0.12648666593818086,0.14937642877805013,-0.16629113446679739,0.4192644663431591,CAD_CHF,10,1.5,short,128,527,191
65,0.17402766349924195,0.12257754219590823,-0.06622431920473817,0.4142796462032221,29,-0.043826912631514774,0.18264891934516067,-0.4018187945480297,0.31416496928500015,CAD_CHF,10,2.0,long,94,366,126
57,0.05742721847362851,0.13112013700524647,-0.19956825005665454,0.31442268700391157,25,0.052580279569212296,0.19655986414116597,-0.332677054147473,0.4378376132858976,CAD_CHF,10,2.0,short,82,366,110
45,-0.015293374945539413,0.14985362704801997,-0.3090064839596585,0.2784197340685797,20,0.10997126875758245,0.21154791847157545,-0.3046626514467054,0.5246051889618704,CAD_CHF,10,2.5,long,65,260,90
37,0.09867076129774399,0.1638539664767756,-0.22248301299673617,0.41982453559222416,16,0.22102578841131754,0.22838371384563882,-0.22660629072613453,0.6686578675487695,CAD_CHF,10,2.5,short,53,260,75
35,0.2089085179271636,0.1663905623818285,-0.11721698434122027,0.5350340201955475,15,0.1309246414451845,0.25225768910102153,-0.36350042919281766,0.6253497120831867,CAD_CHF,10,3.0,long,50,203,67
26,-0.19967453784475594,0.1921540601930946,-0.5762964958232214,0.17694742013370948,12,-0.12864864093649883,0.2756088641673224,-0.6688420147044507,0.411544732831453,CAD_CHF,10,3.0,short,38,203,56
91,-0.0387747730727903,0.1033590297499219,-0.24135847138263722,0.1638089252370566,40,-0.10710574882416546,0.1483262668513781,-0.3978252318528665,0.18361373420453558,CAD_CHF,14,1.5,long,131,528,192
92,0.07036155993898038,0.10248099537138317,-0.13050119098893062,0.27122431086689136,40,0.048324499289726354,0.14892538657910323,-0.24356925840531599,0.3402182569847687,CAD_CHF,14,1.5,short,132,528,195
65,0.17402766349924195,0.12257754219590822,-0.06622431920473815,0.41427964620322205,29,-0.04663498464421719,0.18284821285109779,-0.4050174818323688,0.31174751254393446,CAD_CHF,14,2.0,long,94,361,124
56,0.05816413337780013,0.13348074394511814,-0.20345812475463143,0.3197863915102317,25,0.04920646944950573,0.1962869729936252,-0.3355159976179996,0.4339289365170111,CAD_CHF,14,2.0,short,81,361,109
45,-0.05973781938998385,0.14960053627664463,-0.3529548704922073,0.2334792317122396,20,0.17566034660099275,0.21479636546176648,-0.24534052970406953,0.596661222906055,CAD_CHF,14,2.5,long,65,250,89
35,0.16145194765761509,0.16705454338166167,-0.1659749573704418,0.488878852685672,15,0.22096713261535383,0.24415245192747734,-0.25757167316250174,0.6995059383932094,CAD_CHF,14,2.5,short,50,250,75
35,0.2089085179271636,0.16639056238182853,-0.11721698434122033,0.5350340201955476,15,0.1365679624708439,0.25095395861326764,-0.35530179641116066,0.6284377213528485,CAD_CHF,14,3.0,long,50,202,72
27,-0.08116807348013537,0.19192681669714257,-0.4573446342065348,0.29500848724626405,12,0.05802311203542199,0.2784408763755634,-0.4877210056606823,0.6037672297315263,CAD_CHF,14,3.0,short,39,202,59
95,0.0049631121092219375,0.10129562471816328,-0.1935763123383781,0.20350253655682196,42,-0.14962452268968138,0.14426644475060382,-0.4323867544008648,0.1331377090215021,CAD_CHF,21,1.5,long,137,524,198
93,0.037346919509528974,0.10213445769216868,-0.16283661756712164,0.2375304565861796,41,0.07371534633775088,0.1473342291655659,-0.21505974282675827,0.36249043550226007,CAD_CHF,21,1.5,short,134,524,196
67,0.07928056906642876,0.12221802429830401,-0.16026675855824712,0.3188278966911046,29,-0.0466349846442172,0.18284821285109779,-0.40501748183236885,0.3117475125439344,CAD_CHF,21,2.0,long,96,363,127
56,0.05816413337780013,0.13348074394511814,-0.20345812475463143,0.3197863915102317,24,0.009590072343235131,0.2004319163579277,-0.3832564837183032,0.4024366284047734,CAD_CHF,21,2.0,short,80,363,108
45,0.0004488206247142585,0.1483216611206705,-0.2902616351717999,0.2911592764212284,20,0.28157286422491995,0.20868963752371514,-0.12745882532156172,0.6906045537714016,CAD_CHF,21,2.5,long,65,249,91
36,0.18474494911157022,0.1640103144447789,-0.13671526720019642,0.5062051654233368,16,0.26965668682689425,0.23351614504942217,-0.18803495746997317,0.7273483311237616,CAD_CHF,21,2.5,short,52,249,78
37,0.14356211155272236,0.1637378903714396,-0.17736415357529922,0.46448837668074394,17,0.12857102105109755,0.2353654197792752,-0.33274520171628186,0.5898872438184769,CAD_CHF,21,3.0,long,54,204,74
25,-0.07163295626333048,0.19311271956241138,-0.4501338866056568,0.3068679740789958,11,0.3360252131295513,0.27022260607899234,-0.19361109478527366,0.8656615210443763,CAD_CHF,21,3.0,short,36,204,60
96,0.009374173395661581,0.09655034514694191,-0.17986450309234459,0.19861284988366773,42,0.24807714418846732,0.15001453045178947,-0.04595133549704006,0.5421056238739748,USD_JPY,7,1.5,long,138,512,196
83,-0.21774220180003057,0.10381135212678654,-0.4212124519685322,-0.014271951631528973,36,0.14798661890767711,0.16405320108666696,-0.17355765522219013,0.46953089303754436,USD_JPY,7,1.5,short,119,512,188
61,-0.07215099336450428,0.1237954094914718,-0.314789995967789,0.17048800923878044,27,0.18518518518518517,0.1927240401742195,-0.19255393355628508,0.5629243039266554,USD_JPY,7,2.0,long,88,359,127
53,-0.06505356619563597,0.13323557244708356,-0.32619528819191973,0.1960881558006478,23,0.2847323574130011,0.19856278329699067,-0.1044506978491006,0.6739154126751028,USD_JPY,7,2.0,short,76,359,119
42,-0.10012989526312234,0.14680623723993216,-0.38787012025338935,0.1876103297271447,19,0.15789473684210525,0.23274559932318592,-0.29828663783133913,0.6140761115155496,USD_JPY,7,2.5,long,61,264,89
37,0.0322508827023364,0.1630777426095828,-0.2873814928124459,0.3518832582171187,17,0.3045485369187788,0.23561595709654298,-0.1572587389904454,0.766355812828003,USD_JPY,7,2.5,short,54,264,82
28,0.03483463355327719,0.18226145743626837,-0.3223978230218088,0.3920670901283632,13,0.07692307692307693,0.2878197989826109,-0.48720372908284043,0.6410498829289943,USD_JPY,7,3.0,long,41,207,64
29,-0.13740832231470892,0.18003949785179543,-0.49028573810422793,0.2154690934748101,13,0.23076923076923078,0.2808833628231621,-0.319762160364167,0.7813006219026286,USD_JPY,7,3.0,short,42,207,55
96,-0.07048252670629598,0.09613050467776679,-0.2588983158747189,0.11793326246212693,42,0.24807714418846732,0.15001453045178947,-0.04595133549704006,0.5421056238739748,USD_JPY,10,1.5,long,138,515,204
84,-0.1251848956668936,0.10451774858139781,-0.33003968288643326,0.07966989155264612,36,0.14798661890767711,0.16405320108666696,-0.17355765522219013,0.46953089303754436,USD_JPY,10,1.5,short,120,515,194
62,-0.1583923349562728,0.1208008338271272,-0.39516196925744207,0.07837729934489648,27,0.18518518518518517,0.1927240401742195,-0.19255393355628508,0.5629243039266554,USD_JPY,10,2.0,long,89,360,131
53,-0.10723424483099966,0.13214062605928326,-0.3662298719071948,0.1517613822451955,23,0.2847323574130011,0.19856278329699067,-0.1044506978491006,0.6739154126751028,USD_JPY,10,2.0,short,76,360,120
46,0.05011104501016752,0.1426812555580755,-0.22954421588366045,0.32976630590399547,21,0.047619047619047616,0.22335313142016333,-0.3901530899644725,0.48539118520256774,USD_JPY,10,2.5,long,67,262,96
38,0.0050863857891170206,0.16103588851097922,-0.31054395569240223,0.32071672727063627,17,0.4221955957423082,0.2239892238048917,-0.016823282915279514,0.861214474399896,USD_JPY,10,2.5,short,55,262,85
32,0.030480304359117513,0.1713266300889859,-0.30531989061529485,0.3662804993335299,14,0.0,0.2773500981126146,-0.5436061923007246,0.5436061923007246,USD_JPY,10,3.0,long,46,208,66
30,-0.08511324987856514,0.17461372383954663,-0.42735614860407656,0.2571296488469462,13,0.07692307692307693,0.2878197989826109,-0.48720372908284043,0.6410498829289943,USD_JPY,10,3.0,short,43,208,60
102,-0.04487457826255555,0.09378461732655233,-0.2286924282225981,0.138943271697487,44,0.22727272727272727,0.14850785802073696,-0.06380267444791718,0.5183481289933717,USD_JPY,14,1.5,long,146,514,210
86,-0.14552943297696583,0.10306974716236417,-0.3475461374151996,0.056487271461267946,38,0.08756627054411516,0.1609183583032793,-0.2278337117303123,0.4029662528185426,USD_JPY,14,1.5,short,124,514,199
62,-0.1471600014599521,0.12003776570904168,-0.38243402224967377,0.08811401932976959,28,0.2857142857142857,0.18442777839082938,-0.0757641599317399,0.6471927313603113,USD_JPY,14,2.0,long,90,364,135
54,-0.08672990696375893,0.13128162038377503,-0.344041882915958,0.17058206898844014,24,0.23120184252079276,0.19750214351423798,-0.15590235876711364,0.6183060438086991,USD_JPY,14,2.0,short,78,364,125
46,-0.08032373759852815,0.14237404140373905,-0.3593768587498567,0.19872938355280037,20,-0.1,0.22826577307580465,-0.5474009152285771,0.3474009152285771,USD_JPY,14,2.5,long,66,264,99
37,0.0322508827023364,0.1630777426095828,-0.2873814928124459,0.3518832582171187,16,0.38608282047620246,0.2353351761971365,-0.0751741248701851,0.8473397658225901,USD_JPY,14,2.5,short,53,264,84
35,-0.0007037217288068196,0.164362030971651,-0.3228533024332428,0.3214458589756291,15,0.06666666666666667,0.2666666666666666,-0.45599999999999985,0.5893333333333332,USD_JPY,14,3.0,long,50,211,68
30,-0.08511324987856514,0.17461372383954663,-0.42735614860407656,0.2571296488469462,13,0.07692307692307693,0.28781979898261095,-0.48720372908284054,0.6410498829289943,USD_JPY,14,3.0,short,43,211,60
102,-0.0063097482423755645,0.09390990568654695,-0.19037316338800758,0.17775366690325645,44,0.26258336958705575,0.14589656368239748,-0.02337389523044331,0.5485406344045548,USD_JPY,21,1.5,long,146,510,208
86,-0.11112399055021886,0.10422967824755687,-0.3154141599154303,0.0931661788149926,37,0.2791221156939561,0.15696232686358402,-0.02852404495866856,0.5867682763465808,USD_JPY,21,1.5,short,123,510,196
62,-0.08159732792691013,0.1210191268508834,-0.3187948165546416,0.15560016070082133,27,0.25925925925925924,0.18941048590991066,-0.11198529312416566,0.6305038116426842,USD_JPY,21,2.0,long,89,363,136
56,-0.14467195931869334,0.12707396022810458,-0.3937369213657783,0.10439300272839164,24,0.14786850918745942,0.20094909802238334,-0.24599172293641192,0.5417287413113308,USD_JPY,21,2.0,short,80,363,127
49,-0.09581412101086316,0.13802329558840037,-0.3663397803641279,0.17471153834240155,21,0.047619047619047616,0.22335313142016333,-0.3901530899644725,0.48539118520256774,USD_JPY,21,2.5,long,70,265,100
39,0.030596991281703765,0.15891341555465374,-0.28087330320541753,0.3420672857688251,18,0.23207361820106887,0.23366465964340336,-0.2259091147000017,0.6900563511021394,USD_JPY,21,2.5,short,57,265,86
36,0.08264915943032668,0.16159377203636674,-0.2340746337609521,0.3993729526216055,16,0.125,0.25617376914899,-0.37710058753202036,0.6271005875320204,USD_JPY,21,3.0,long,52,217,72
34,-0.07509992636343983,0.16501452082272974,-0.3985283871759901,0.24832853444911046,15,0.2,0.26186146828319085,-0.313248477835054,0.7132484778350541,USD_JPY,21,3.0,short,49,217,65
95,0.07523626706159393,0.10058044906432526,-0.12190141310448356,0.27237394722767144,42,-0.008779189457247146,0.13221446851896035,-0.2679195477544094,0.2503611688399151,EUR_GBP,7,1.5,long,137,518,201
102,-0.12352705406600317,0.09578110437506765,-0.3112580186411358,0.06420391050912941,44,0.1808780659049484,0.11598161656536433,-0.04644590256316569,0.40820203437306246,EUR_GBP,7,1.5,short,146,517,229
56,-0.107791839816942,0.13141809142747093,-0.36537129901478504,0.14978761938090102,24,0.3595598819071193,0.11782709335332017,0.12861877893461177,0.5905009848796268,EUR_GBP,7,2.0,long,80,355,125
65,-0.04633921940082295,0.12123219598126979,-0.28395432352411176,0.19127588472246584,29,0.3505945971011309,0.1457656926031516,0.06489383959895378,0.636295354603308,EUR_GBP,7,2.0,short,94,355,137
37,-0.02305805038224395,0.16111677219331513,-0.3388469238811416,0.2927308231166537,17,0.10340146800924932,0.1742456278890548,-0.23811996265329805,0.4449228986717967,EUR_GBP,7,2.5,long,54,268,91
41,-0.010933109059717137,0.15333745476763888,-0.3114745204042893,0.28960830228485507,18,0.23385467894968018,0.18667951003743252,-0.13203716072368757,0.599746518623048,EUR_GBP,7,2.5,short,59,268,101
32,0.4825552754504875,0.15190828510882837,0.1848150366371839,0.7802955142637911,14,0.23085216230382105,0.2073435534774392,-0.17554120251195982,0.6372455271196019,EUR_GBP,7,3.0,long,46,207,70
32,-0.05055979139910084,0.17404081394079554,-0.3916797867230601,0.29056020392485843,15,-0.04936467453849163,0.22087938239680957,-0.48228826403623837,0.3835589149592551,EUR_GBP,7,3.0,short,47,207,77
100,0.0014744537085142272,0.09841020130756181,-0.19140954085430692,0.1943584482713354,43,0.12579051284351794,0.12772689117201477,-0.12455419385363098,0.37613521954066687,EUR_GBP,10,1.5,long,143,515,205
104,-0.10830071556048734,0.09464792977189272,-0.2938106579133971,0.0772092267924224,45,0.1642947261870994,0.11812567436693579,-0.06723159557209474,0.3958210479462935,EUR_GBP,10,1.5,short,149,514,229
56,0.035065303040200835,0.1321348358683777,-0.22391897526181948,0.29404958134222114,25,0.2046578937720081,0.1448380984594645,-0.07922477920854232,0.4885405667525585,EUR_GBP,10,2.0,long,81,353,126
66,0.0514859937707201,0.12307587713614916,-0.18974272541613224,0.29271471295757245,29,0.38389446645744046,0.14919186417390606,0.09147841267658458,0.6763105202382964,EUR_GBP,10,2.0,short,95,353,140
39,0.015673757559563628,0.15879793710872525,-0.2955701991735379,0.32691771429266514,17,0.08023770479660752,0.17720618482869432,-0.26708641746763334,0.4275618270608484,EUR_GBP,10,2.5,long,56,264,87
42,0.0036858274153449395,0.15127442055504114,-0.2928120368725357,0.3001836917032256,19,0.14664917077295997,0.1881862804024892,-0.22219593881591881,0.5154942803618388,EUR_GBP,10,2.5,short,61,264,99
30,0.44805896048051996,0.1601734695758995,0.13411896011175695,0.761998960849283,13,0.13048882163226938,0.22833677171367758,-0.3170512509265387,0.5780288941910774,EUR_GBP,10,3.0,long,43,207,72
31,-0.07225379587225064,0.1746106972624003,-0.41449076250655525,0.2699831707620539,14,-0.1257117741481278,0.22305667230295234,-0.5629028518619144,0.3114793035656588,EUR_GBP,10,3.0,short,45,207,79
99,-0.018077706321165714,0.09937521572528413,-0.21285312914272259,0.17669771650039118,43,0.12235076098053349,0.12780429707565472,-0.12814566128774973,0.3728471832488167,EUR_GBP,14,1.5,long,142,513,202
102,-0.07099764127068584,0.09586742457089624,-0.2588977934296425,0.11690251088827078,45,0.17871327426339256,0.11629478232747946,-0.049224499098467184,0.4066510476252523,EUR_GBP,14,1.5,short,147,512,228
57,0.05210200731106917,0.13118786151565287,-0.20502620125961046,0.3092302158817488,25,0.0647119647901905,0.14560303036953,-0.22066997473408834,0.3500939043144693,EUR_GBP,14,2.0,long,82,354,131
68,0.032135723930325294,0.12048113217444929,-0.20400729513159532,0.2682787429922459,30,0.39431733475780806,0.14834409252578631,0.10356291340726687,0.6850717561083493,EUR_GBP,14,2.0,short,98,354,143
37,0.038241398946212556,0.16505571876198794,-0.28526780982728384,0.3617506077197089,17,-0.03740935402692192,0.17809252169991902,-0.3864706965587632,0.3116519885049194,EUR_GBP,14,2.5,long,54,262,86
44,0.005753204475836604,0.14959572683938976,-0.28745442012936734,0.29896082908104055,20,0.2849021698992045,0.18510643127968202,-0.07790643540897224,0.6477107752073813,EUR_GBP,14,2.5,short,64,262,99
29,0.32082873612182283,0.16967440157629982,-0.01173309096772479,0.6533905632113705,13,0.07343016231676287,0.21708181615062938,-0.3520501973384707,0.4989105219719964,EUR_GBP,14,3.0,long,42,205,70
32,-0.020018676087192183,0.17710811505664184,-0.36715058159821023,0.3271132294238258,15,-0.06165469454041075,0.2048841027049928,-0.4632275358421966,0.33991814676137516,EUR_GBP,14,3.0,short,47,205,80
100,0.030960740640590467,0.09896605348924369,-0.16301272419832716,0.22493420547950807,43,0.14762259042992346,0.12930986579937762,-0.10582474653685667,0.40106992739670355,EUR_GBP,21,1.5,long,143,513,206
105,-0.06900463168859623,0.09442968329301069,-0.25408681094289715,0.1160775475657047,45,0.1792523375659209,0.11621893012357047,-0.04853676547627722,0.40704144060811903,EUR_GBP,21,1.5,short,150,512,230
58,0.0684450761505335,0.12993803846012142,-0.18623347923130448,0.32312363153237145,25,0.045622675375501104,0.14119414153709514,-0.2311178420372054,0.3223631927882076,EUR_GBP,21,2.0,long,83,348,131
67,0.04754073473525552,0.12128918872761026,-0.19018607517086059,0.2852675446413716,30,0.41009607965421196,0.1440057546379821,0.12784480056376707,0.6923473587446569,EUR_GBP,21,2.0,short,97,348,145
39,0.04222226554907697,0.1598392567940788,-0.2710626777673174,0.3555072088654714,18,-0.03901640830133598,0.16791493014634165,-0.3681296713881656,0.2900968547854937,EUR_GBP,21,2.5,long,57,256,88
46,-0.04825295121240592,0.1463853547719427,-0.3351682465654136,0.23866234414060178,20,0.17182538328304534,0.19483227254274815,-0.21004587090074103,0.5536966374668317,EUR_GBP,21,2.5,short,66,256,103
32,0.2595010421104019,0.16560948899719152,-0.06509355632409347,0.5840956405448974,14,0.16823414003167203,0.20925681055048548,-0.2419092086472795,0.5783774887106236,EUR_GBP,21,3.0,long,46,204,71
32,0.04248132391280782,0.1769802159070162,-0.30439989926494393,0.3893625470905596,14,0.020304032596841912,0.2076109165425864,-0.3866133638266274,0.4272214290203113,EUR_GBP,21,3.0,short,46,204,80
102,0.14712177059401513,0.09674107540144579,-0.04249073719281862,0.3367342783808489,44,0.16687129339259632,0.1463687408224868,-0.12001143861947777,0.4537540254046704,EUR_JPY,7,1.5,long,146,517,218
83,-0.1361628364000008,0.10834581051775453,-0.34852062501479963,0.07619495221479808,36,-0.39659953231896444,0.14618785644922966,-0.6831277309594546,-0.11007133367847433,EUR_JPY,7,1.5,short,119,517,202
65,0.1762986744921553,0.11965706454231607,-0.0582291720107842,0.4108265209950948,28,0.26085809820305744,0.1825275138257488,-0.09689582889541021,0.618612025301525,EUR_JPY,7,2.0,long,93,363,137
49,-0.0024612237454405324,0.13755830007496878,-0.27207549189237934,0.26715304440149823,22,-0.5143309567830006,0.18185910304030306,-0.8707747987419945,-0.15788711482400658,EUR_JPY,7,2.0,short,71,363,124
49,0.03506575811907374,0.14042899468111955,-0.24017507145592054,0.31030658769406805,22,0.1399556865600867,0.2110339312016021,-0.2736708185950534,0.5535821917152268,EUR_JPY,7,2.5,long,71,273,95
37,-0.05548466284695691,0.16082774540469658,-0.3707070438401622,0.25973771814624835,16,-0.25,0.25,-0.74,0.24,EUR_JPY,7,2.5,short,53,273,94
32,-0.009212883160076749,0.1734835383804654,-0.3492406183857889,0.33081485206563543,15,0.2,0.26186146828319085,-0.313248477835054,0.7132484778350541,EUR_JPY,7,3.0,long,47,210,70
23,0.30434782608695654,0.20308668108561473,-0.09370206884084831,0.7023977210147614,11,-0.45454545454545453,0.2816715160878121,-1.0066216260775662,0.09753071698665722,EUR_JPY,7,3.0,short,34,210,69
105,0.10156083092504724,0.09553051795918618,-0.08567898427495767,0.28880064612505213,45,0.11635269854386972,0.14555939356160938,-0.1689437128368847,0.4016491099246241,EUR_JPY,10,1.5,long,150,517,220
85,-0.15648841672000077,0.1067417141418952,-0.36570217643811537,0.05272534299811382,37,-0.3413543506614951,0.15037631343716798,-0.6360919249983443,-0.04661677632464589,EUR_JPY,10,1.5,short,122,517,201
65,0.12587223305464923,0.12156373569108145,-0.11239268889987039,0.3641371550091689,29,0.4242767844719175,0.16783216222973632,0.09532574650163433,0.7532278224422007,EUR_JPY,10,2.0,long,94,358,140
51,-0.0167011657455951,0.13570288283118545,-0.28267881609471857,0.24927648460352836,22,-0.5143309567830006,0.18185910304030306,-0.8707747987419945,-0.15788711482400658,EUR_JPY,10,2.0,short,73,358,124
49,0.06114164982188797,0.13883681212006882,-0.21097850193344692,0.33326180157722285,22,0.2308647774691776,0.20719564842036733,-0.17523869343474235,0.6369682483730976,EUR_JPY,10,2.5,long,71,272,96
35,0.08625412360799842,0.1672850079569387,-0.24162449198760147,0.4141327392035983,16,-0.375,0.23935677693908453,-0.8441392828006057,0.09413928280060568,EUR_JPY,10,2.5,short,51,272,95
36,-0.06374478503117934,0.16357173937260502,-0.38434539420148517,0.25685582413912655,16,0.0,0.2581988897471611,-0.5060698239044358,0.5060698239044358,EUR_JPY,10,3.0,long,52,214,70
25,0.28,0.19595917942265426,-0.10407999166840232,0.6640799916684024,11,-0.45454545454545453,0.2816715160878121,-1.0066216260775662,0.09753071698665722,EUR_JPY,10,3.0,short,36,214,72
106,0.06136109574878859,0.09586530405831394,-0.12653490020550673,0.2492570917030839,46,0.09208416161900299,0.14441364781515179,-0.19096658809869452,0.3751349113367005,EUR_JPY,14,1.5,long,152,506,221
87,-0.12125318623214333,0.10546125686818124,-0.32795724969377854,0.08545087722949189,38,-0.35868713090724524,0.14738826664059484,-0.6475681335228112,-0.06980612829167937,EUR_JPY,14,1.5,short,125,505,199
66,0.13911659315988184,0.12043813578400588,-0.09694215297676967,0.37517533929653335,29,0.3705573002563498,0.16983611703518264,0.03767851086739182,0.7034360896453078,EUR_JPY,14,2.0,long,95,359,144
56,0.0026471526245473204,0.12990103326151226,-0.2519588725680167,0.2572531778171114,24,-0.47147004371775053,0.17939403885247707,-0.8230823598686056,-0.1198577275668955,EUR_JPY,14,2.0,short,80,359,134
48,0.09481197798908265,0.14076852232471931,-0.18109432576736723,0.3707182817455325,21,0.38471548115818605,0.20058319101117567,-0.008427573223718232,0.7778585355400903,EUR_JPY,14,2.5,long,69,271,99
34,0.11820277430235132,0.1691085823143973,-0.21325004703386735,0.44965559563857,15,-0.2876854032817342,0.24744368066366748,-0.7726750173825225,0.19730421081905408,EUR_JPY,14,2.5,short,49,271,93
40,-0.025427339192113985,0.15381838180131138,-0.3269113675226843,0.2760566891384563,18,0.0,0.24253562503633302,-0.4753698250712127,0.4753698250712127,EUR_JPY,14,3.0,long,58,219,76
25,0.33693159814472906,0.1885961374610002,-0.03271683127883135,0.7065800275682894,11,-0.6363636363636364,0.24393468845452249,-1.1144756257345003,-0.15825164699277228,EUR_JPY,14,3.0,short,36,219,75
107,0.13173717079302652,0.09505172430369976,-0.054564208842225015,0.31803855042827806,46,0.04860590074943776,0.14488351908580846,-0.2353657966587468,0.33257759815762233,EUR_JPY,21,1.5,long,153,509,224
88,-0.09124059642681717,0.10476633668239083,-0.29658261632430316,0.11410142347066884,38,-0.3060555519598768,0.15056188449288554,-0.6011568455659324,-0.010954258353821189,EUR_JPY,21,1.5,short,126,508,205
67,0.15502941822582167,0.11913538987617171,-0.07847594593147489,0.3885347823831182,30,0.32487205691447146,0.1703188020511995,-0.00895279510587954,0.6586969089348225,EUR_JPY,21,2.0,long,97,365,152
59,-0.07659057419372937,0.126633479784861,-0.32479219457205694,0.17161104618459816,26,-0.38880350846603073,0.17633720550074564,-0.7344244312474921,-0.043182585684569286,EUR_JPY,21,2.0,short,85,365,141
53,0.06725571917960098,0.1344773409078928,-0.19631986899986886,0.33083130735907085,23,0.26430543931834377,0.2007866228551228,-0.12923634147769691,0.6578472201143845,EUR_JPY,21,2.5,long,76,274,105
39,0.026125495545639612,0.15914553149961233,-0.2857997461936006,0.3380507372848798,17,-0.37148712054270666,0.2248639831327302,-0.8122205274828578,0.06924628639744451,EUR_JPY,21,2.5,short,56,274,97
46,0.07566693107411666,0.14445716480865456,-0.20746911195084627,0.3588029740990796,21,-0.047619047619047616,0.22335313142016333,-0.48539118520256774,0.3901530899644725,EUR_JPY,21,3.0,long,67,218,82
24,0.25,0.2018932132718121,-0.14571069801275166,0.6457106980127516,11,-0.45454545454545453,0.2816715160878121,-1.0066216260775662,0.09753071698665722,EUR_JPY,21,3.0,short,35,218,75
99,0.1717171717171716,0.09951480317210197,-0.023331842500148248,0.36676618593449145,43,0.3488372093023256,0.14461052795486537,0.06540057451078946,0.6322738440938618,GBP_JPY,7,1.5,long,142,514,202
84,-0.07142857142857142,0.10948389105162136,-0.2860169978897493,0.14315985503260645,36,0.021673984045914706,0.1600586252165875,-0.29204092137859683,0.3353888894704262,GBP_JPY,7,1.5,short,120,514,189
67,0.10447761194029835,0.12241784063652601,-0.13546135570729262,0.34441657958788935,30,0.06666666666666667,0.18528222234124034,-0.2964864891221644,0.4298198224554977,GBP_JPY,7,2.0,long,97,356,136
49,0.11071800649518508,0.1424544174561017,-0.16849265171877426,0.38992866470914445,22,-0.13500854614674376,0.20128551483086818,-0.5295281552152454,0.25951106292175785,GBP_JPY,7,2.0,short,71,356,121
46,0.0869565217391302,0.14850653283999415,-0.20411628262725834,0.37802932610551876,21,-0.10459174135579172,0.217172607000827,-0.5302500510774126,0.32106656836582914,GBP_JPY,7,2.5,long,67,252,93
37,0.02702702702702703,0.16660578386402639,-0.2995203093464647,0.35357436340051873,16,-0.29120900372988134,0.21376708400520245,-0.7101924883800781,0.12777448092031546,GBP_JPY,7,2.5,short,53,252,83
33,-0.03030303030303064,0.17669551196500904,-0.37662623375444837,0.31602017314838704,15,0.12023822876855823,0.2565496788606962,-0.3825991417984063,0.6230755993355228,GBP_JPY,7,3.0,long,48,207,69
27,0.25925925925925924,0.18941048590991066,-0.11198529312416566,0.6305038116426842,12,-0.1612842337239114,0.2715385995603695,-0.6934998888622357,0.3709314214144128,GBP_JPY,7,3.0,short,39,207,63
101,0.16831683168316822,0.09857329476953378,-0.024886826065117967,0.36152048943145443,44,0.2727272727272727,0.1467175608701689,-0.014839146578258355,0.5602936920328038,GBP_JPY,10,1.5,long,145,514,206
84,-0.04255735335399918,0.1092260630250131,-0.25664043688302485,0.17152573017502648,36,0.021673984045914706,0.1600586252165875,-0.29204092137859683,0.3353888894704262,GBP_JPY,10,1.5,short,120,513,192
66,0.12121212121212105,0.12312018029121964,-0.12010343215866945,0.3625276745829116,29,0.034482758620689655,0.18886984741557453,-0.3357021423138364,0.4046676595552157,GBP_JPY,10,2.0,long,95,357,137
49,0.06990167996457283,0.14299247959775924,-0.2103635800470353,0.350166939976181,22,-0.13500854614674376,0.20128551483086818,-0.5295281552152454,0.25951106292175785,GBP_JPY,10,2.0,short,71,357,123
49,0.06122448979591815,0.144066793092159,-0.22114642466471346,0.3435954042565498,22,-0.05438302583961936,0.2130662463279223,-0.471992868642347,0.3632268169631083,GBP_JPY,10,2.5,long,71,252,96
35,0.08571428571428572,0.17086742893632048,-0.24918587500090242,0.4206144464294739,16,-0.09657919805566728,0.23418045596709539,-0.5555728917511742,0.3624144956398397,GBP_JPY,10,2.5,short,51,252,85
37,-0.027027027027027316,0.16660578386402636,-0.35357436340051895,0.29952030934646434,16,0.05022333947052335,0.2499852100255166,-0.4397476721794892,0.5401943511205359,GBP_JPY,10,3.0,long,53,203,72
25,0.28,0.19595917942265426,-0.10407999166840232,0.6640799916684024,12,0.00538243294275529,0.2758538735415743,-0.5352911591987304,0.546056025084241,GBP_JPY,10,3.0,short,37,203,63
103,0.20388349514563098,0.09693496507954474,0.013890963589723276,0.39387602670153865,45,0.1111111111111111,0.14982219165849828,-0.18254038453954552,0.40476260676176773,GBP_JPY,14,1.5,long,148,514,210
81,-0.0564792306387152,0.1111611229004299,-0.2743550315235578,0.1613965702461274,36,0.021673984045914717,0.1600586252165875,-0.29204092137859683,0.3353888894704262,GBP_JPY,14,1.5,short,117,513,194
66,0.09090909090909091,0.12352113099759225,-0.15119232584618988,0.3330105076643717,29,0.034482758620689655,0.18886984741557453,-0.3357021423138364,0.4046676595552157,GBP_JPY,14,2.0,long,95,357,145
51,0.0196078431372549,0.14139416766525448,-0.2575247254866439,0.2967404117611537,22,-0.04409945523765286,0.20320240597512626,-0.4423761709489003,0.3541772604735946,GBP_JPY,14,2.0,short,73,356,127
53,0.018867924528301678,0.1386503627990478,-0.25288678655783203,0.29062263561443535,24,0.0,0.2085144140570748,-0.4086882515518666,0.4086882515518666,GBP_JPY,14,2.5,long,77,259,104
37,0.13513513513513514,0.16513786288129156,-0.18853507611219633,0.4588053463824666,16,-0.09657919805566728,0.23418045596709539,-0.5555728917511742,0.3624144956398397,GBP_JPY,14,2.5,short,53,259,90
35,0.028571428571428265,0.1714285714285714,-0.3074285714285717,0.3645714285714282,16,-0.07477666052947665,0.2495756282626111,-0.5639448919241944,0.41439157086524103,GBP_JPY,14,3.0,long,51,197,71
28,0.14285714285714285,0.1904761904761905,-0.2304761904761905,0.5161904761904762,13,0.23573763040869722,0.25723500320413134,-0.2684429758714002,0.7399182366887946,GBP_JPY,14,3.0,short,41,197,65
105,0.18095238095238086,0.09643931111902529,-0.008068668840908705,0.36997343074567046,46,0.13043478260869565,0.14779766706066041,-0.15924864483019877,0.4201182100475901,GBP_JPY,21,1.5,long,151,521,216
85,-0.030291972726305072,0.1086280750630848,-0.24320299984995128,0.18261905439734114,37,-0.04445051243328938,0.15986781214702558,-0.35779142424145954,0.26889039937488074,GBP_JPY,21,1.5,short,122,520,200
67,0.13432835820895506,0.12197589753102157,-0.10474440095184723,0.37340111736975734,29,0.1724137931034483,0.1861521539674008,-0.19244442867265732,0.5372720148795539,GBP_JPY,21,2.0,long,96,356,147
51,0.058823529411764705,0.1411764705882353,-0.21788235294117647,0.3355294117647059,22,-0.13500854614674376,0.20128551483086818,-0.5295281552152454,0.25951106292175785,GBP_JPY,21,2.0,short,73,355,126
54,0.037037037037036834,0.13726631998291225,-0.23200495012947117,0.3060790242035448,24,0.16666666666666666,0.20559798491465375,-0.23630538376605467,0.569638717099388,GBP_JPY,21,2.5,long,78,257,103
36,0.2222222222222222,0.16480441082434807,-0.1007944229935,0.5452388674379445,16,-0.09657919805566728,0.23418045596709539,-0.5555728917511742,0.3624144956398397,GBP_JPY,21,2.5,short,52,257,92
36,0.1111111111111108,0.16798421022632318,-0.21813794093248265,0.4403601631547043,16,0.0,0.2581988897471611,-0.5060698239044358,0.5060698239044358,GBP_JPY,21,3.0,long,52,196,73
28,0.14285714285714285,0.1904761904761905,-0.2304761904761905,0.5161904761904762,13,0.23573763040869722,0.25723500320413134,-0.2684429758714002,0.7399182366887946,GBP_JPY,21,3.0,short,41,196,64
86,0.1646348110508803,0.10575860206387112,-0.04265204899430711,0.37192167109606766,38,-0.10786647666234038,0.1590516695401676,-0.4196077489610689,0.2038747956363881,GBP_AUD,7,1.5,long,124,509,185
91,-0.15585655513283186,0.10344476096340412,-0.3586082866211039,0.04689517635544019,39,-0.05234078365420549,0.15582947729922117,-0.35776655916067895,0.253084991852268,GBP_AUD,7,1.5,short,130,509,181
58,0.12550313917213254,0.13034040595411084,-0.12996405649792467,0.3809703348421898,26,-0.026283533092480285,0.18894543127661817,-0.39661657839465186,0.3440495122096913,GBP_AUD,7,2.0,long,84,353,116
60,-0.15304910861812815,0.12738655915128794,-0.4027267645546525,0.09662854731839621,27,-0.12356461817241637,0.18944098896185807,-0.49486895653765817,0.24773972019282542,GBP_AUD,7,2.0,short,87,353,115
39,-0.030630401697860698,0.15805192941394522,-0.3404121833491933,0.27915137995347195,18,-0.38420037047425787,0.21655459839475416,-0.808647383327976,0.040246642379460296,GBP_AUD,7,2.5,long,57,268,80
45,-0.28590702565904424,0.1440244269128723,-0.568194902408274,-0.0036191489098145735,20,0.015397290848315315,0.2263799638994552,-0.4283074383946169,0.4591020200912475,GBP_AUD,7,2.5,short,65,267,85
24,-0.2553088118347851,0.19255127949285855,-0.6327093196407878,0.12209169597121766,11,-0.09090909090909091,0.3149183286488867,-0.7081490150609089,0.526330833242727,GBP_AUD,7,3.0,long,35,203,47
28,-0.2857142857142857,0.18442777839082938,-0.6471927313603113,0.0757641599317399,13,0.10061121668971587,0.28133547102699696,-0.4508063065231982,0.6520287399026299,GBP_AUD,7,3.0,short,41,202,57
84,0.12093563988542505,0.10769580370448391,-0.0901481353753634,0.33201941514621347,37,-0.13780881386943095,0.16048830184016868,-0.4523658854761616,0.17674825773729969,GBP_AUD,10,1.5,long,121,512,187
91,-0.13387853315480977,0.10378618381118482,-0.337299453424732,0.06954238711511246,39,-0.020944285595159744,0.1580637292319714,-0.3307491948898237,0.28886062369950416,GBP_AUD,10,1.5,short,130,512,185
58,0.19446865641351185,0.12884673343073091,-0.05807094111072075,0.44700825393774446,25,-0.04336097798413986,0.18857679233336866,-0.41297149095754243,0.32624953498926273,GBP_AUD,10,2.0,long,83,350,116
62,-0.14811204059818853,0.12541850020565842,-0.3939323010012791,0.09770821980490199,28,-0.15486588180911579,0.18521402973675138,-0.5178853800931484,0.2081536164749169,GBP_AUD,10,2.0,short,90,350,115
35,0.02301183810809808,0.16662499469187297,-0.3035731514879729,0.3495968277041691,15,-0.26104044456910946,0.2486630013346894,-0.7484199271851006,0.22633903804688177,GBP_AUD,10,2.5,long,50,263,74
42,-0.23490038463469023,0.1513243004440417,-0.531496013505012,0.06169524423563147,19,-0.0364239043701944,0.2322892157568609,-0.4917107672536417,0.41886295851325295,GBP_AUD,10,2.5,short,61,262,80
24,-0.13204571202151907,0.20238670181647075,-0.5287236475818018,0.2646322235387636,11,-0.2727272727272727,0.30424000964875475,-0.869037691638832,0.32358314618428663,GBP_AUD,10,3.0,long,35,206,47
26,-0.3025313905637304,0.18961491873502256,-0.6741766312843747,0.06911385015691379,12,0.025662151413858858,0.29479109758041894,-0.5521283998437623,0.60345270267148,GBP_AUD,10,3.0,short,38,205,57
83,0.14312544190833756,0.10863016887836349,-0.06978968909325486,0.35604057290992996,36,-0.11385905869913736,0.16316227307530298,-0.43365711392673123,0.20593899652845649,GBP_AUD,14,1.5,long,119,504,183
88,-0.11686677506333165,0.1059156326014614,-0.324461414962196,0.09072786483553269,39,-0.07222633687721128,0.15766548818970075,-0.38125069372902476,0.23679801997460218,GBP_AUD,14,1.5,short,127,504,181
59,0.1403251198641303,0.12896676728485829,-0.11244974401419192,0.3930999837424525,26,-0.134909445579839,0.1870049729357155,-0.5014391925338414,0.23162030137416337,GBP_AUD,14,2.0,long,85,351,118
62,-0.1803701051143174,0.12472406353957438,-0.42482926965188317,0.06408905942324838,27,-0.12356461817241599,0.18944098896185815,-0.49486895653765794,0.24773972019282597,GBP_AUD,14,2.0,short,89,351,117
38,0.10014248246798507,0.15929360012819813,-0.21207297378328327,0.4123579387192534,17,-0.23032980403156716,0.23565647759602526,-0.6922165001197766,0.23155689205664232,GBP_AUD,14,2.5,long,55,264,78
44,-0.20870332993381113,0.147088907840045,-0.4969975893002993,0.07959092943267704,19,-0.0364239043701944,0.2322892157568609,-0.4917107672536417,0.41886295851325295,GBP_AUD,14,2.5,short,63,263,82
26,0.03195780428782854,0.19612413648470928,-0.35244550322220164,0.4163611117978587,12,-0.3333333333333333,0.2842676218074806,-0.8904978720759953,0.22383120540932872,GBP_AUD,14,3.0,long,38,207,50
27,-0.18021541313544406,0.19197853685053234,-0.5564933453624874,0.1960625190915993,12,-0.30767118191947446,0.2799215301035777,-0.8563173809224867,0.2409750170835378,GBP_AUD,14,3.0,short,39,206,61
86,0.07999315905106998,0.1074923950930359,-0.13069193533128037,0.29067825343342035,37,-0.10104017402462515,0.15920812811889515,-0.4130881051376596,0.21100775708840933,GBP_AUD,21,1.5,long,123,502,185
93,-0.12695666559190177,0.10245734474663105,-0.3277730612952986,0.07385973011149508,41,-0.0872075161553177,0.15488818065526652,-0.3907883502396401,0.21637331792900472,GBP_AUD,21,1.5,short,134,502,185
60,0.08798636786639479,0.12867583605119484,-0.16421827079394707,0.3401910065267367,26,-0.13522186684797768,0.18699057816264342,-0.5017234000467587,0.2312796663508034,GBP_AUD,21,2.0,long,86,350,119
61,-0.1341466642145521,0.12669883216316608,-0.3824763752543576,0.1141830468252534,27,-0.12356461817241599,0.18944098896185815,-0.49486895653765794,0.24773972019282597,GBP_AUD,21,2.0,short,88,350,116
38,0.047510903520616654,0.15995150611291198,-0.2659940484606908,0.3610158555019241,17,-0.23032980403156716,0.23565647759602526,-0.6922165001197766,0.23155689205664232,GBP_AUD,21,2.5,long,55,262,77
43,-0.19030108179273697,0.1493674104833439,-0.48306120634009103,0.10245904275461709,19,-0.14168706226493125,0.23003629095586653,-0.5925581925384297,0.3091840680085671,GBP_AUD,21,2.5,short,62,261,82
26,0.10888088121090546,0.1950162226850328,-0.2733509152517588,0.4911126776735697,12,-0.3333333333333333,0.2842676218074806,-0.8904978720759953,0.22383120540932872,GBP_AUD,21,3.0,long,38,203,53
30,-0.2621938718218997,0.17839407759432857,-0.6118462639067836,0.08745852026298429,14,-0.2857142857142857,0.26578871697687523,-0.8066601709889611,0.23523159956038975,GBP_AUD,21,3.0,short,44,202,64
105,-0.10044683176120298,0.09594929440735518,-0.2885074487996191,0.08761378527721317,45,0.17585044253369525,0.1404671149791622,-0.09946510282546267,0.45116598789285317,GBP_CAD,7,1.5,long,150,519,216
93,-0.059218810430251415,0.10108475067127674,-0.2573449217459538,0.138907300885451,41,0.024881373734578136,0.1408860802806974,-0.25125534361558877,0.3010180910847451,GBP_CAD,7,1.5,short,134,518,207
61,-0.08710319006256136,0.1267247833548499,-0.3354837654380672,0.16127738531294444,27,0.12400605231549042,0.18178257836590583,-0.232287801281685,0.4802999059126658,GBP_CAD,7,2.0,long,88,371,141
70,0.06692745450060299,0.11933713085814349,-0.16697332198135822,0.3008282309825642,31,0.0800392562634222,0.16763866302968486,-0.24853252327476014,0.4086110358016045,GBP_CAD,7,2.0,short,101,371,141
46,-0.06348246715032771,0.14447726384841295,-0.3466579042932171,0.21969296999256163,21,-0.07424116549628727,0.21864668919937208,-0.5027886763270565,0.35430634533448196,GBP_CAD,7,2.5,long,67,275,98
45,0.22972025855752795,0.1436278241701383,-0.05179027681594314,0.511230793930999,20,0.31784099398600063,0.2054730729559689,-0.08488622900769838,0.7205682169796996,GBP_CAD,7,2.5,short,65,275,96
33,0.12363050033590682,0.16823929366483023,-0.2061185152471604,0.4533795159189741,15,0.09264388429859578,0.24989074664116134,-0.39714197911808047,0.582429747715272,GBP_CAD,7,3.0,long,48,209,73
33,0.061974483733994445,0.17233596642169707,-0.27580401045253183,0.3997529779205207,15,0.2602308749874579,0.2487446361596377,-0.227308611885432,0.7477703618603477,GBP_CAD,7,3.0,short,48,209,75
101,-0.05048352993141516,0.09731734538349746,-0.24122552688307017,0.14025846702023984,44,0.15711977077309738,0.14241339715758605,-0.1220104876557713,0.4362500292019661,GBP_CAD,10,1.5,long,145,511,217
93,-0.037713434086165384,0.10119676440949237,-0.23605909232877043,0.16063222415643963,41,0.07366186153945618,0.14045893684524194,-0.201637654677218,0.3489613777561304,GBP_CAD,10,1.5,short,134,511,209
59,-0.07556489418073542,0.12712289382794617,-0.3247257660835099,0.17359597772203908,26,0.13435375289866877,0.19113250039806662,-0.2402659478815418,0.5089734536788794,GBP_CAD,10,2.0,long,85,367,135
70,0.09549888307203155,0.11905500207389394,-0.13784892099280055,0.32884668713686366,30,0.014791979642527927,0.17395387966844436,-0.32615762450762303,0.3557415837926789,GBP_CAD,10,2.0,short,100,367,138
47,-0.07049562965566473,0.14428008296836867,-0.3532845922736673,0.21229333296233782,21,0.10052633406336389,0.2156677195201494,-0.322182396196129,0.5232350643228567,GBP_CAD,10,2.5,long,68,273,103
46,0.1888026481530915,0.14489632813075276,-0.0951941549831839,0.4727994512893669,21,0.3333333333333333,0.21081851067789192,-0.07987094759533486,0.7465376142620015,GBP_CAD,10,2.5,short,67,273,99
32,0.06024986130375634,0.17463871167847644,-0.2820420135860575,0.40254173619357014,15,-0.04068944903473755,0.2508788341057236,-0.5324119638819558,0.4510330658124807,GBP_CAD,10,3.0,long,47,203,72
35,0.11557594180633762,0.1665822843288285,-0.21092533547816622,0.44207721909084147,16,0.3064664453007418,0.23722855061756662,-0.15850151390968875,0.7714344045111723,GBP_CAD,10,3.0,short,51,203,78
102,-0.05979251493208756,0.0968071463608848,-0.2495345217994218,0.12994949193524666,44,0.2014299870422269,0.14108767289562646,-0.07510185183320098,0.4779618259176548,GBP_CAD,14,1.5,long,146,504,220
92,-0.047785792077242845,0.10144241513665637,-0.24661292574508933,0.15104134159060364,40,0.12206073303115758,0.1386763627678343,-0.14974493799379765,0.39386640405611284,GBP_CAD,14,1.5,short,132,504,210
61,-0.07308735666661291,0.12513528547919198,-0.31835251620582916,0.17217780287260337,27,0.16641472501353288,0.18669089901245026,-0.1994994370508696,0.5323288870779354,GBP_CAD,14,2.0,long,88,363,139
71,0.05190030725411562,0.11860017345903301,-0.18055603272558907,0.2843566472338203,31,0.08586790721191878,0.16769063258270112,-0.2428057326501754,0.414541547074013,GBP_CAD,14,2.0,short,102,363,139
49,-0.06761825701665801,0.14138426814088276,-0.3447314225727882,0.20949490853947217,21,0.19576442930145913,0.21237150667179078,-0.2204837237752508,0.612012582378169,GBP_CAD,14,2.5,long,70,271,103
47,0.0784025918094087,0.14556401969780755,-0.20690288679829408,0.3637080704171115,21,0.23809523809523808,0.21717627144745486,-0.1875702539417734,0.6637607301322496,GBP_CAD,14,2.5,short,68,271,99
32,0.12274986130375634,0.17357917087909436,-0.2174653136192686,0.4629650362267813,14,-0.2578815525372188,0.24929828675161736,-0.7465061945703888,0.23074308949595124,GBP_CAD,14,3.0,long,46,199,74
35,0.17271879894919476,0.16512155666705347,-0.15091945211823002,0.49635705001661956,16,0.3064664453007418,0.23722855061756662,-0.15850151390968875,0.7714344045111723,GBP_CAD,14,3.0,short,51,199,79
101,-0.010879569535375546,0.09744212605491294,-0.20186613660300493,0.18010699753225382,44,0.24688453249677236,0.13939808474770538,-0.026335713608730188,0.5201047786022749,GBP_CAD,21,1.5,long,145,500,220
92,-0.053853821212273195,0.10188191089076591,-0.2535423665581744,0.145834724133628,40,0.08618383207431028,0.1412175173170273,-0.19060250186706323,0.3629701660156838,GBP_CAD,21,1.5,short,132,500,209
65,-0.1301281347178983,0.12063188413935956,-0.36656662763104303,0.10631035819524642,29,0.08869173107287537,0.1822673943828004,-0.26855236191741344,0.4459358240631642,GBP_CAD,21,2.0,long,94,363,143
72,0.09284613632003068,0.11741760762967603,-0.13729237463413435,0.3229846472741957,31,0.1503840362441769,0.1661688284859166,-0.17530686758821962,0.4760749400765734,GBP_CAD,21,2.0,short,103,363,143
47,-0.11304882114502643,0.143690469377817,-0.39468214112554767,0.16858449883549484,21,0.19576442930145913,0.21237150667179078,-0.2204837237752508,0.612012582378169,GBP_CAD,21,2.5,long,68,267,103
46,0.14532438728352629,0.14600607507681562,-0.14084751986703234,0.4314962944340849,21,0.14285714285714285,0.22131333406899525,-0.29091699191808784,0.5766312776323735,GBP_CAD,21,2.5,short,67,267,99
33,-0.03248498297817567,0.17226220873917467,-0.37011891210695796,0.30514894615060667,15,-0.23445090911224753,0.25269037096130265,-0.7297240361964007,0.26082221797190563,GBP_CAD,21,3.0,long,48,205,77
36,0.09147796049940442,0.164151157759885,-0.23025830870997016,0.413214229708779,16,0.4314664453007418,0.22389270750316767,-0.007363261405466837,0.8702961520069504,GBP_CAD,21,3.0,short,52,205,79
95,-0.2565787877239811,0.09920541516017245,-0.45102140143791913,-0.06213617401004312,42,-0.08086577896098912,0.14344747533505725,-0.36202283061770135,0.2002912726957231,GBP_CHF,7,1.5,long,137,507,213
95,0.12447817063425579,0.10035219270446852,-0.07221212706650251,0.3211684683350141,41,-0.12507307699757333,0.14736679538952036,-0.41391199596103323,0.16376584196588653,GBP_CHF,7,1.5,short,136,507,197
56,-0.09598187203175372,0.1331739324058093,-0.35700277954713994,0.16503903548363247,25,0.02840606531340839,0.18998746983160128,-0.3439693755565301,0.4007815061833469,GBP_CHF,7,2.0,long,81,351,129
62,0.28065431419587766,0.1210190873471827,0.04345690299539959,0.5178517253963557,28,-0.20376137997692206,0.1781701418151631,-0.5529748579346417,0.1454520979807976,GBP_CHF,7,2.0,short,90,351,125
41,-0.13278502413583643,0.1553635053950505,-0.4372974947101354,0.17172744643846255,18,0.29409576159869505,0.21964083316020316,-0.13640027139530314,0.7245917945926932,GBP_CHF,7,2.5,long,59,258,86
45,0.23112372178098697,0.14367025135439024,-0.0504699708736179,0.5127174144355918,20,-0.17072122941575493,0.20461995791382476,-0.5717763469268514,0.23033388809534158,GBP_CHF,7,2.5,short,65,258,90
27,0.18518518518518517,0.1927240401742195,-0.19255393355628508,0.5629243039266554,12,0.37170069154311336,0.27014617753403974,-0.15778581642360456,0.9011871995098313,GBP_CHF,7,3.0,long,39,198,61
30,0.21575371879223487,0.17901919420461268,-0.13512390184880596,0.5666313394332757,13,-0.36286846640584075,0.24453507333087066,-0.8421572101343473,0.11642027732266574,GBP_CHF,7,3.0,short,43,198,69
97,-0.25128850344101245,0.09831891320964524,-0.44399357333191714,-0.05858343355010778,42,-0.033246731341941484,0.14390869687122343,-0.3153077772095394,0.24881431452565642,GBP_CHF,10,1.5,long,139,512,217
96,0.09151029921383778,0.10024001692164394,-0.10496013395258434,0.2879807323802599,42,-0.12326132735088692,0.1438266779081456,-0.40516161605085227,0.15863896134907846,GBP_CHF,10,1.5,short,138,512,204
60,-0.1562497472296368,0.12764243690541838,-0.4064289235642568,0.0939294291049832,27,0.06966557713290972,0.1793286627686753,-0.28181860189369384,0.4211497561595133,GBP_CHF,10,2.0,long,87,349,132
61,0.3016486472154822,0.12115425181500597,0.06418631365807048,0.5391109807728939,27,-0.17427106071680806,0.1823455905398416,-0.5316684181748976,0.18312629674128147,GBP_CHF,10,2.0,short,88,349,127
40,-0.21110464973923232,0.1550978233256025,-0.5150963834574133,0.09288708397894863,18,0.12518821494820218,0.2216874701414156,-0.30931922652897237,0.5596956564253768,GBP_CHF,10,2.5,long,58,252,88
44,0.28501859296485665,0.14119428160257708,0.008277801023805598,0.5617593849059077,19,-0.18708816834865152,0.2149972880620235,-0.6084828529502175,0.23430651625291452,GBP_CHF,10,2.5,short,63,252,89
25,0.12,0.20264912204760885,-0.27719227921331335,0.5171922792133133,12,0.37170069154311336,0.27014617753403974,-0.15778581642360456,0.9011871995098313,GBP_CHF,10,3.0,long,37,194,59
29,0.188710743578174,0.18317599670781257,-0.17031420996913862,0.5477356971254866,13,-0.2090223125596869,0.2590932943026409,-0.716845169392863,0.2988005442734892,GBP_CHF,10,3.0,short,42,194,67
99,-0.20580792761392128,0.09840370961578151,-0.39867919846085303,-0.012936656766989518,43,-0.09579383916592209,0.14178011273239777,-0.3736828601214217,0.1820951817895775,GBP_CHF,14,1.5,long,142,510,221
101,0.11668305667849929,0.09752741411532824,-0.07447067498754406,0.30783678834454264,44,-0.11765853974402841,0.1410667838490675,-0.39414943608820074,0.15883235660014394,GBP_CHF,14,1.5,short,145,510,212
61,-0.170081718586528,0.12629224757035998,-0.41761452382443354,0.07745108665137754,27,-0.07848257101523842,0.1791885320242913,-0.4296920937828494,0.27272695175237255,GBP_CHF,14,2.0,long,88,350,135
57,0.3228169733358669,0.12431927652363016,0.07915119134955179,0.5664827553221821,25,-0.1756101273065714,0.1911427587025826,-0.5502499343636333,0.1990296797504905,GBP_CHF,14,2.0,short,82,350,129
42,-0.20105204737069746,0.15166748030938193,-0.498320308777086,0.09621621403569111,19,0.17123094047724416,0.2146906469673134,-0.2495627275786901,0.5920246085331784,GBP_CHF,14,2.5,long,61,247,87
41,0.35123335317425397,0.14444029420356574,0.0681303765352651,0.6343363298132428,18,-0.2530375110346877,0.21633523052032347,-0.6770545628545217,0.17097954078514632,GBP_CHF,14,2.5,short,59,247,86
26,0.23076923076923078,0.19460170216420797,-0.1506501054726168,0.6121885670110784,12,0.37170069154311336,0.27014617753403974,-0.15778581642360456,0.9011871995098313,GBP_CHF,14,3.0,long,38,194,58
26,0.095100444760271,0.1962846916059137,-0.2896175507873198,0.47981844030786186,12,-0.12978427617433128,0.27393986728837016,-0.6667064160595368,0.40713786371087424,GBP_CHF,14,3.0,short,38,194,65
100,-0.2153947223029763,0.09697450394050304,-0.4054647500263623,-0.02532469457959033,43,0.013902152486455653,0.14345773947075038,-0.2672750168762151,0.2950793218491264,GBP_CHF,21,1.5,long,143,514,226
102,0.10573518357380812,0.09718513537215147,-0.08474768175560876,0.296218048903225,44,-0.0802370641012909,0.1416618417688816,-0.3578942739682988,0.19742014576571704,GBP_CHF,21,1.5,short,146,514,215
62,-0.2157255618351324,0.1241100391849244,-0.4589812386375842,0.02753011496731944,27,-0.15255664508931252,0.17734232045427628,-0.500147593179694,0.19503430300106897,GBP_CHF,21,2.0,long,89,349,138
59,0.2222173090789449,0.1249708075345302,-0.022725473688734288,0.4671600918466241,26,0.02345180066675826,0.19086042335518644,-0.3506346291094071,0.3975382304429237,GBP_CHF,21,2.0,short,85,349,132
40,-0.11110464973923233,0.15773874759015372,-0.4202725950159336,0.19806329553746893,18,0.07187353937647284,0.23027376755148676,-0.3794630450244412,0.523210123777387,GBP_CHF,21,2.5,long,58,246,89
42,0.34485548345340866,0.14513293426258045,0.06039493229875098,0.6293160346080664,18,-0.2530375110346877,0.21633523052032347,-0.6770545628545217,0.17097954078514632,GBP_CHF,21,2.5,short,60,246,88
31,0.0967741935483871,0.18171724881099016,-0.25939161412115364,0.45294000121792777,14,0.07362409838840366,0.2610196531129718,-0.43797442171302103,0.5852226184898284,GBP_CHF,21,3.0,long,45,195,64
30,0.21575371879223487,0.17901919420461268,-0.13512390184880596,0.5666313394332757,14,-0.2644889551809896,0.24702252461573593,-0.748653103427832,0.21967519306585281,GBP_CHF,21,3.0,short,44,195,69
84,-0.009481356880465216,0.1091312167462844,-0.22337854170318264,0.2044158279422522,36,0.10707161808806591,0.15849026830746923,-0.20356930779457377,0.4177125439707056,GBP_NZD,7,1.5,long,120,510,171
83,-0.10843373493975904,0.1097803863777873,-0.3236032922402221,0.10673582236070404,36,-0.13238672934313062,0.15877148565713126,-0.44357884123110786,0.17880538254484662,GBP_NZD,7,1.5,short,119,510,170
51,-0.17647058823529413,0.13920187724940272,-0.4493062676441235,0.09636509117353523,23,-0.10059925224208217,0.19887301529656468,-0.4903903622233489,0.2891918577391846,GBP_NZD,7,2.0,long,74,359,102
51,-0.0980392156862743,0.1407400662347166,-0.3738897455063188,0.17781131413377024,23,-0.28082443592250156,0.1955068197607854,-0.664017802653641,0.10236893080863785,GBP_NZD,7,2.0,short,74,359,104
26,-0.1756110106706445,0.1936953786841192,-0.5552539528915181,0.20403193155022914,12,-0.06025668447198924,0.25332400027715835,-0.5567717250152197,0.43625835607124114,GBP_NZD,7,2.5,long,38,270,61
29,-0.08213728295462111,0.1855303281981022,-0.44577672622290143,0.28150216031365916,13,-0.2885775262132337,0.2652906908412731,-0.808547280262129,0.23139222783566155,GBP_NZD,7,2.5,short,42,270,63
18,-0.3647714598575976,0.2198737516652829,-0.795724013121552,0.0661810934063568,8,0.10049326550617754,0.3524821664936318,-0.5903717808213408,0.7913583118336959,GBP_NZD,7,3.0,long,26,200,45
23,-0.21739130434782564,0.20810192223064336,-0.6252710719198866,0.19048846322423532,10,-0.4889041389973685,0.2712530438508456,-1.0205601049450257,0.042751826950288785,GBP_NZD,7,3.0,short,33,199,45
84,-0.009481356880465211,0.1091312167462844,-0.2233785417031826,0.20441582794225222,36,0.10707161808806591,0.15849026830746923,-0.20356930779457377,0.4177125439707056,GBP_NZD,10,1.5,long,120,506,169
84,-0.07142857142857144,0.10948389105162136,-0.2860169978897493,0.14315985503260642,36,-0.13238672934313062,0.15877148565713126,-0.44357884123110786,0.17880538254484662,GBP_NZD,10,1.5,short,120,506,172
52,-0.11538461538461539,0.13909274593315915,-0.3880063974136073,0.15723716664437656,23,-0.10059925224208217,0.19887301529656468,-0.4903903622233489,0.2891918577391846,GBP_NZD,10,2.0,long,75,360,103
56,-0.059807859462030204,0.1335354150521746,-0.3215372729642924,0.201921554040232,25,-0.2830110222799621,0.18393596934778683,-0.6435255222016243,0.07750347764170007,GBP_NZD,10,2.0,short,81,360,109
25,-0.14263545109747028,0.1986614915141384,-0.5320119744651814,0.24674107227024095,11,-0.15664365578762462,0.2566303198229405,-0.659639082640588,0.34635177106533876,GBP_NZD,10,2.5,long,36,262,61
30,-0.046066040189467056,0.18283290292094173,-0.4044185299145129,0.3122864495355787,14,-0.19653627434085985,0.2622910183653362,-0.7106266703369187,0.31755412165519903,GBP_NZD,10,2.5,short,44,262,67
16,-0.2853678923397973,0.2405332390445444,-0.7568130408671043,0.1860772561875097,7,0.14285714285714285,0.40406101782088427,-0.6491024520717903,0.9348167377860761,GBP_NZD,10,3.0,long,23,198,44
24,-0.24999999999999956,0.2018932132718122,-0.6457106980127514,0.14571069801275233,11,-0.3696915580497873,0.2779968309479189,-0.9145653467077084,0.1751822306081337,GBP_NZD,10,3.0,short,35,198,47
88,0.013676886614101387,0.1066156597995207,-0.1952898065929592,0.22264357982116195,39,0.12447636541462494,0.15248411735785755,-0.17439250460677586,0.4233452354360257,GBP_NZD,14,1.5,long,127,508,175
86,-0.06976744186046513,0.10820092986749762,-0.28184126440076046,0.1423063806798302,38,-0.12541900674612375,0.15503813208046752,-0.42929374562384004,0.17845573213159258,GBP_NZD,14,1.5,short,124,508,176
51,-0.0196078431372549,0.14139416766525448,-0.2967404117611537,0.2575247254866439,23,-0.10059925224208217,0.19887301529656468,-0.4903903622233489,0.2891918577391846,GBP_NZD,14,2.0,long,74,356,100
53,-0.040907729620678866,0.13728072424244386,-0.3099779491358688,0.22816248989451107,23,-0.2206641546521327,0.19470213426315144,-0.6022803378079096,0.16095202850364412,GBP_NZD,14,2.0,short,76,356,108
29,-0.12296159577368128,0.18486444127162668,-0.48529590066606954,0.239372709118707,13,-0.15377711139078362,0.24336106555699838,-0.6307647998825004,0.32321057710093315,GBP_NZD,14,2.5,long,42,263,59
30,-0.11273270685613372,0.18183183384542176,-0.46912310119316036,0.2436576874808929,14,-0.48225056005514555,0.23211675155054567,-0.9371993930942151,-0.027301727016076027,GBP_NZD,14,2.5,short,44,263,67
18,-0.14254923763537536,0.23446984832990744,-0.602110140361994,0.31701166509124323,9,-0.1111111111111111,0.35136418446315326,-0.7997849126588914,0.5775626904366693,GBP_NZD,14,3.0,long,27,196,46
24,-0.24999999999999956,0.2018932132718122,-0.6457106980127514,0.14571069801275233,11,-0.5515097398679691,0.24603480141941347,-1.0337379506500195,-0.06928152908591872,GBP_NZD,14,3.0,short,35,196,45
87,0.025328345080930143,0.107202293767074,-0.1847881507025349,0.2354448408643952,38,0.10143626976764138,0.15475367013246655,-0.20188092369199306,0.4047534632272758,GBP_NZD,21,1.5,long,125,509,177
87,-0.057471264367815966,0.1076545429847501,-0.26847416861792617,0.15353163988229424,38,-0.09678418774701181,0.15330712397424184,-0.3972661507365258,0.2036977752425022,GBP_NZD,21,1.5,short,125,509,180
53,-0.0672808731591841,0.13729257845160536,-0.33637432692433056,0.20181258060596238,23,-0.013642730502951738,0.20000506381604652,-0.4056526555824029,0.3783671945764994,GBP_NZD,21,2.0,long,76,357,103
53,0.01886792452830146,0.13865036279904777,-0.2528867865578322,0.2906226356144351,23,-0.2786997845922862,0.19582222145284298,-0.6625113386398584,0.105111769455286,GBP_NZD,21,2.0,short,76,357,110
28,-0.16306736705131275,0.18702597105749913,-0.529638270324011,0.20350353622138556,13,-0.21561912093304672,0.251961880158124,-0.7094644060429697,0.2782261641768763,GBP_NZD,21,2.5,long,41,265,62
35,-0.0494634667302204,0.16698574915514253,-0.37675553507429976,0.27782860161385897,15,-0.5167671893848026,0.21882830226140387,-0.9456706618171542,-0.08786371695245099,GBP_NZD,21,2.5,short,50,265,74
17,0.025536101327249615,0.24387624296507499,-0.45246133488429735,0.5035335375387966,8,0.0,0.3779644730092272,-0.7408103670980853,0.7408103670980853,GBP_NZD,21,3.0,long,25,197,43
25,-0.2799999999999996,0.19595917942265437,-0.6640799916684021,0.10407999166840298,11,-0.5515097398679691,0.24603480141941342,-1.0337379506500195,-0.06928152908591884,GBP_NZD,21,3.0,short,36,197,46
103,0.1892653650638791,0.09461010010347486,0.003829568861068361,0.37470116126668984,45,0.08777205355193443,0.13971172946362465,-0.18606293619676986,0.36160704330063875,CHF_JPY,7,1.5,long,148,504,203
100,-0.14851000500313702,0.09717133635086021,-0.338965824250823,0.04194581424454899,43,-0.27723873548112943,0.1463872095270677,-0.5641576661541821,0.009680195191923258,CHF_JPY,7,1.5,short,143,504,208
62,0.1558137869562441,0.12325901314284952,-0.08577387880374096,0.3974014527162292,27,0.028092801936618648,0.18675480846676887,-0.3379466226582483,0.39413222653148566,CHF_JPY,7,2.0,long,89,345,123
64,-0.1340432059065701,0.12016360551561249,-0.36956387271717056,0.10147746090403037,28,-0.4135052245374225,0.1660384747299182,-0.7389406350080622,-0.08806981406678283,CHF_JPY,7,2.0,short,92,345,131
40,0.3092189765009179,0.14479071591247583,0.025429173312465247,0.5930087796893706,18,0.07952080577981231,0.23620266520165117,-0.383436418015424,0.5424780295750486,CHF_JPY,7,2.5,long,58,251,82
39,-0.20569627800303578,0.1529844587192308,-0.5055458170927282,0.09415326108665659,18,-0.1337517630614089,0.2270087903317715,-0.578688992111681,0.3111854659888632,CHF_JPY,7,2.5,short,57,251,99
30,0.28555769514426205,0.16833997328380473,-0.04438865249199525,0.6155040427805194,13,0.02425346354308533,0.27840852612108113,-0.5214272476542336,0.5699341747404043,CHF_JPY,7,3.0,long,43,202,64
23,0.02220720641288271,0.2096936357790326,-0.3887923197140212,0.4332067325397866,11,-0.12795743046412367,0.284621002894782,-0.6858145961378963,0.42989973520964897,CHF_JPY,7,3.0,short,34,202,67
100,0.19439656935836083,0.09532164642819961,0.007566142359089589,0.3812269963576321,43,0.09185447464737324,0.14242058431064109,-0.18728987060148328,0.37099881989622974,CHF_JPY,10,1.5,long,143,497,201
102,-0.16520588725797744,0.09597818990983112,-0.35332313948124644,0.02291136496529156,44,-0.16271631940616837,0.14796271178747347,-0.4527232345096164,0.12729059569727963,CHF_JPY,10,1.5,short,146,497,205
67,0.1789958331436539,0.11738144033074964,-0.05107178990461539,0.4090634561919232,29,0.02615536732030012,0.1806030375090971,-0.3278265861975302,0.3801373208381304,CHF_JPY,10,2.0,long,96,348,131
65,-0.16411706887501223,0.11970568955720028,-0.39874022040712476,0.07050608265710032,29,-0.3647636650706148,0.1674610995904928,-0.6929874202679807,-0.036539909873248955,CHF_JPY,10,2.0,short,94,348,137
39,0.42000393196318386,0.14140078407689682,0.14285839517246607,0.6971494687539017,18,-0.03159030533129879,0.23686487771116432,-0.4958454656451809,0.4326648549825833,CHF_JPY,10,2.5,long,57,247,81
41,-0.19566231322239988,0.14972654857415166,-0.48912634842773717,0.09780172198293738,18,-0.17979611054203304,0.2179714657145101,-0.6070201833424729,0.24742796225840674,CHF_JPY,10,2.5,short,59,247,98
30,0.25141029105008955,0.16679893557540543,-0.07551562267770506,0.5783362047778842,13,0.024253463543085347,0.27840852612108113,-0.5214272476542336,0.5699341747404043,CHF_JPY,10,3.0,long,43,204,65
26,-0.09573977894244991,0.19620461420021065,-0.48030082277486275,0.28882126488996296,12,-0.03396097792544667,0.2763022424155873,-0.5755133730599977,0.5075914172091045,CHF_JPY,10,3.0,short,38,204,67
102,0.19698108604697415,0.09458093173116579,0.011602459853889219,0.38235971224005905,44,0.021585054769023847,0.14167251511688916,-0.25609307486007893,0.2992631843981266,CHF_JPY,14,1.5,long,146,502,204
105,-0.16415474267386684,0.09410892065298143,-0.3486082271537104,0.020298741805976767,45,-0.09243373453047575,0.14771317189117616,-0.38195155143718107,0.19708408237622954,CHF_JPY,14,1.5,short,150,502,209
64,0.20301126282226264,0.11935370187254109,-0.030921992847917884,0.4369445184924432,28,-0.02534260585986729,0.18261778385499963,-0.3832734622156666,0.332588250495932,CHF_JPY,14,2.0,long,92,347,128
62,-0.11584914524826191,0.122544003176445,-0.3560353914740941,0.12433710097757027,28,-0.30135305045488814,0.17842329108975874,-0.6510627009908152,0.04835660008103898,CHF_JPY,14,2.0,short,90,347,137
40,0.33450383366410436,0.14552159403892703,0.049281509347807395,0.6197261579804013,18,-0.03715111637881371,0.23629010831175054,-0.5002797286698447,0.42597749591221734,CHF_JPY,14,2.5,long,58,249,84
44,-0.2186441110958097,0.14245143357626097,-0.4978489209052812,0.06056069871366179,20,-0.2481130188833,0.20141728345850432,-0.6428908944619685,0.14666485669536844,CHF_JPY,14,2.5,short,64,249,98
31,0.27574167301564473,0.16311474632748613,-0.043963229786228075,0.5954465758175176,14,0.09394964471857924,0.2670127734222806,-0.42939539118909065,0.6172946806262491,CHF_JPY,14,3.0,long,45,200,66
26,0.009365187950073248,0.19347047076001583,-0.3698369347395578,0.3885673106397043,12,-0.09502173952591353,0.28750920329237983,-0.658539777978978,0.46849629892715094,CHF_JPY,14,3.0,short,38,200,66
105,0.18845551965199284,0.09301535888085467,0.006145416245517676,0.370765623058468,46,0.06412483499645759,0.1386718794474484,-0.2076720487205413,0.3359217187134565,CHF_JPY,21,1.5,long,151,501,211
110,-0.07487498164323654,0.09310042029694494,-0.2573518054252486,0.10760184213877554,48,-0.1716302589204759,0.14305172830373705,-0.4520116463958005,0.1087511285548487,CHF_JPY,21,1.5,short,158,500,213
70,0.24275315458035443,0.11325204715878937,0.020779142149127267,0.46472716701158157,30,0.04301356786412387,0.17673447415645374,-0.3033860014825255,0.3894131372107732,CHF_JPY,21,2.0,long,100,347,129
65,-0.1518191522292696,0.11899349891715723,-0.3850464101068978,0.08140810564835857,28,-0.3727816218834596,0.17335352821389188,-0.7125545371826877,-0.033008706584231495,CHF_JPY,21,2.0,short,93,347,134
43,0.3344221708503296,0.14060079922919796,0.058844604361101616,0.6099997373395576,19,0.12269894237796597,0.22828947457392856,-0.324748427786934,0.570146312542866,CHF_JPY,21,2.5,long,62,250,89
44,-0.17318956564126423,0.14389792017914052,-0.4552294891923796,0.10885035790985118,20,-0.5066731061507384,0.1812509820231386,-0.86192503091609,-0.15142118138538668,CHF_JPY,21,2.5,short,64,250,96
34,0.2808232901024996,0.15632736266624547,-0.025578340723341475,0.5872249209283407,15,0.0210196684040073,0.2590530700966138,-0.4867243489853557,0.5287636857933703,CHF_JPY,21,3.0,long,49,198,68
26,-0.12566426387670762,0.1947813548391049,-0.5074357193613532,0.25610719160793793,12,0.07164492714075316,0.2881245149321156,-0.49307912212619337,0.6363689764076996,CHF_JPY,21,3.0,short,38,198,67
97,-0.059019982588751956,0.10139584928951163,-0.25775584719619477,0.13971588201869084,42,0.0,0.15617376188860607,-0.3061005733016679,0.3061005733016679,NZD_JPY,7,1.5,long,139,512,198
94,-0.03307352872169525,0.10309167194884128,-0.23513320574142416,0.16898614829803366,41,-0.12195121951219512,0.1569337360209309,-0.42954134211321965,0.1856389030888294,NZD_JPY,7,1.5,short,135,512,195
60,-0.24541563851848233,0.12516873221372576,-0.49074635365738484,-8.492337957982654e-05,27,-0.037037037037037035,0.19598157859737708,-0.4211609310878961,0.347086857013822,NZD_JPY,7,2.0,long,87,362,128
64,-0.15625,0.12444071307827102,-0.4001537976334112,0.08765379763341119,28,-0.07142857142857142,0.19195851781663212,-0.4476672663491704,0.3048101234920275,NZD_JPY,7,2.0,short,92,362,120
35,-0.04928395174596968,0.1690076005356821,-0.38053884879590655,0.2819709453039672,16,0.0,0.2581988897471611,-0.5060698239044358,0.5060698239044358,NZD_JPY,7,2.5,long,51,255,69
44,0.09090909090909091,0.15186710356082853,-0.20675043207013297,0.38856861388831476,19,0.2631578947368421,0.22739441047045122,-0.18253514978524232,0.7088509392589265,NZD_JPY,7,2.5,short,63,255,83
23,-0.043478260869565216,0.2129991080681025,-0.46095651268304605,0.37399999094391567,10,0.0,0.3333333333333333,-0.6533333333333333,0.6533333333333333,NZD_JPY,7,3.0,long,33,200,52
28,0.14285714285714285,0.1904761904761905,-0.2304761904761905,0.5161904761904762,12,0.3333333333333333,0.28426762180748055,-0.2238312054093286,0.8904978720759953,NZD_JPY,7,3.0,short,40,200,63
98,-0.0482136562358055,0.10093600052769928,-0.2460482172700961,0.14962090479848508,43,0.023255813953488372,0.15426161815606512,-0.2790969576323993,0.325608585539376,NZD_JPY,10,1.5,long,141,520,199
95,-0.0643043336825195,0.10238971739713414,-0.2649881797809024,0.1363795124158634,41,-0.07317073170731707,0.1576900475633621,-0.3822432249315068,0.23590176151687264,NZD_JPY,10,1.5,short,136,520,194
65,-0.18038366632475292,0.12204258357220016,-0.41958713012626525,0.05881979747675939,28,-0.21428571428571427,0.18797967114804778,-0.5827258697358879,0.1541544411644594,NZD_JPY,10,2.0,long,93,357,131
65,-0.1076923076923077,0.12427303401079624,-0.35126745435346834,0.13588283896885295,28,-0.21428571428571427,0.18797967114804778,-0.5827258697358879,0.1541544411644594,NZD_JPY,10,2.0,short,93,357,123
37,-0.10067400840834971,0.16371405907716463,-0.4215535641995924,0.22020554738289294,17,0.058823529411764705,0.2495670992423109,-0.43032798510316467,0.547975043926694,NZD_JPY,10,2.5,long,54,256,73
42,0.14285714285714285,0.1545719373715598,-0.16010385439111435,0.44581814010540005,19,0.2631578947368421,0.22739441047045122,-0.18253514978524232,0.7088509392589265,NZD_JPY,10,2.5,short,61,256,85
24,-0.08333333333333333,0.20778914433245896,-0.49060005622495284,0.3239333895582862,11,-0.09090909090909091,0.3149183286488867,-0.7081490150609089,0.526330833242727,NZD_JPY,10,3.0,long,35,194,54
27,0.037037037037037035,0.19598157859737708,-0.347086857013822,0.4211609310878961,12,0.3333333333333333,0.28426762180748055,-0.2238312054093286,0.8904978720759953,NZD_JPY,10,3.0,short,39,194,62
102,-0.046322924618715094,0.09894452988088358,-0.2402542031852469,0.1476083539478167,45,0.022222222222222223,0.1507184440694504,-0.2731859281539006,0.317630372598345,NZD_JPY,14,1.5,long,147,523,204
95,-0.0011464389456774058,0.10260424022295496,-0.2022507497826691,0.1999578718913143,41,-0.07317073170731707,0.1576900475633621,-0.3822432249315068,0.23590176151687264,NZD_JPY,14,1.5,short,136,522,198
67,-0.1749990792702827,0.12032652462826281,-0.41083906754167776,0.060840909001112414,29,-0.1724137931034483,0.1861521539674008,-0.5372720148795539,0.19244442867265732,NZD_JPY,14,2.0,long,96,354,134
62,-0.0967741935483871,0.12743592124665862,-0.346548599191838,0.1530002120950638,27,-0.18518518518518517,0.1927240401742195,-0.5629243039266554,0.19255393355628508,NZD_JPY,14,2.0,short,89,354,123
39,-0.07692307692307693,0.16174076401164517,-0.39393497438590147,0.24008882053974762,18,-0.1111111111111111,0.24103384202072908,-0.58353744147174,0.36131521924951787,NZD_JPY,14,2.5,long,57,256,79
41,0.12195121951219512,0.15693373602093086,-0.18563890308882935,0.4295413421132196,18,0.3333333333333333,0.2286647801900118,-0.1148496358390898,0.7815163025057564,NZD_JPY,14,2.5,short,59,256,82
27,-0.037037037037037035,0.19598157859737708,-0.4211609310878961,0.347086857013822,12,-0.16666666666666666,0.2972941950052816,-0.7493632888770185,0.41602995554368527,NZD_JPY,14,3.0,long,39,198,59
31,-0.03225806451612903,0.1824791693384639,-0.38991723641951825,0.32540110738726025,14,0.42857142857142855,0.25058800551629407,-0.0625810622405078,0.9197239193833648,NZD_JPY,14,3.0,short,45,198,66
104,-0.08389363760681673,0.09774515917748926,-0.2754741495946957,0.10768687438106223,45,-0.06666666666666667,0.15042028661807097,-0.36149042843808576,0.22815709510475246,NZD_JPY,21,1.5,long,149,520,208
95,0.019906192633269964,0.1025837638183833,-0.1811579844507613,0.22097036971730122,41,-0.12195121951219512,0.1569337360209309,-0.42954134211321965,0.1856389030888294,NZD_JPY,21,1.5,short,136,519,201
65,-0.0880759740170606,0.12361874295314854,-0.33036871020523173,0.15421676217111052,29,-0.1724137931034483,0.1861521539674008,-0.5372720148795539,0.19244442867265732,NZD_JPY,21,2.0,long,94,353,133
60,0.0,0.13018891098082386,-0.25517026552241473,0.25517026552241473,26,-0.23076923076923078,0.19460170216420797,-0.6121885670110784,0.1506501054726168,NZD_JPY,21,2.0,short,86,353,124
42,0.0,0.15617376188860607,-0.3061005733016679,0.3061005733016679,18,-0.1111111111111111,0.24103384202072908,-0.58353744147174,0.36131521924951787,NZD_JPY,21,2.5,long,60,254,83
40,0.1,0.1593255013631383,-0.21227798267175105,0.4122779826717511,18,0.2222222222222222,0.23647127470752347,-0.24126147620452376,0.6857059206489682,NZD_JPY,21,2.5,short,58,254,82
30,-0.11924617938297712,0.18228052253699906,-0.4765160035554952,0.23802364478954102,14,-0.14285714285714285,0.2745054065230065,-0.6808877396422355,0.39517345392794984,NZD_JPY,21,3.0,long,44,197,62
29,0.034482758620689655,0.18886984741557453,-0.3357021423138364,0.4046676595552157,13,0.07692307692307693,0.2878197989826109,-0.48720372908284043,0.6410498829289943,NZD_JPY,21,3.0,short,42,197,65
98,-0.15165815651978687,0.09984465483949609,-0.3473536800051992,0.04403736696562546,42,0.3333333333333333,0.14724203476646205,0.04473894519106769,0.6219277214755989,AUD_JPY,7,1.5,long,140,509,195
85,-0.03529411764705882,0.10904096681323797,-0.2490144126010052,0.1784261773068876,37,0.08108108108108109,0.16611791814942142,-0.24451003849178488,0.40667220065394705,AUD_JPY,7,1.5,short,122,509,185
67,-0.13298372332762895,0.12017669387698594,-0.3685300433265214,0.1025625966712635,30,0.2,0.18194353045893683,-0.15660931969951614,0.5566093196995161,AUD_JPY,7,2.0,long,97,348,121
50,0.12,0.14182484166846693,-0.15797668967019518,0.39797668967019517,22,-0.09090909090909091,0.21731429260625335,-0.5168451044173474,0.33502692259916567,AUD_JPY,7,2.0,short,72,348,114
41,-0.14891247722644166,0.15441064121496664,-0.4515573340077763,0.15373237955489297,18,0.1111111111111111,0.24103384202072908,-0.36131521924951787,0.58353744147174,AUD_JPY,7,2.5,long,59,265,85
39,0.07692307692307693,0.16174076401164517,-0.24008882053974762,0.39393497438590147,18,0.1111111111111111,0.24103384202072908,-0.36131521924951787,0.58353744147174,AUD_JPY,7,2.5,short,57,265,82
24,0.1405770205407985,0.20263426898934772,-0.256586146678323,0.53774018775992,11,0.09090909090909091,0.3149183286488867,-0.526330833242727,0.7081490150609089,AUD_JPY,7,3.0,long,35,205,52
29,-0.0060362181713444,0.18579341901827884,-0.37019131944717093,0.3581188831044821,13,-0.23076923076923078,0.2808833628231621,-0.7813006219026286,0.319762160364167,AUD_JPY,7,3.0,short,42,205,66
102,-0.1064950915582266,0.0984554093712152,-0.2994676939258084,0.08647751080935519,44,0.22727272727272727,0.14850785802073696,-0.06380267444791718,0.5183481289933717,AUD_JPY,10,1.5,long,146,513,197
83,-0.012048192771084338,0.11042351072182746,-0.22847827378586616,0.20438188824369746,36,0.05555555555555555,0.16876979928266733,-0.2752332510384724,0.38634436214958356,AUD_JPY,10,1.5,short,119,512,185
68,0.0013248608389538309,0.1204042916184576,-0.23466755073322307,0.23731727241113074,30,0.13333333333333333,0.18403731089310746,-0.22737979601715727,0.4940464626838239,AUD_JPY,10,2.0,long,98,353,129
53,-0.05660377358490566,0.13845271428402695,-0.3279710935815985,0.2147635464117872,24,0.08333333333333333,0.20778914433245896,-0.3239333895582862,0.49060005622495284,AUD_JPY,10,2.0,short,77,353,121
40,-0.1276352891571027,0.1568101107839935,-0.43498310629373,0.17971252797952458,18,0.0,0.24253562503633302,-0.4753698250712127,0.4753698250712127,AUD_JPY,10,2.5,long,58,257,87
40,0.2,0.15689290811054724,-0.10751009989667254,0.5075100998966726,18,0.0,0.24253562503633302,-0.4753698250712127,0.4753698250712127,AUD_JPY,10,2.5,short,58,257,83
25,-0.06504606028083344,0.20014156634222413,-0.45732353031159273,0.3272314097499259,12,0.16666666666666666,0.2972941950052816,-0.41602995554368527,0.7493632888770185,AUD_JPY,10,3.0,long,37,205,56
30,-0.03916834423229958,0.182525758979714,-0.396918831832539,0.31858214336793983,14,0.0,0.2773500981126146,-0.5436061923007246,0.5436061923007246,AUD_JPY,10,3.0,short,44,205,65
104,-0.12367787825902993,0.09730695055086364,-0.31439950133872263,0.0670437448206628,45,0.24444444444444444,0.14618224254646903,-0.042072750946634846,0.5309616398355237,AUD_JPY,14,1.5,long,149,517,202
84,-0.023809523809523808,0.10973314326050669,-0.2388864846001169,0.1912674369810693,37,-0.02702702702702703,0.16660578386402639,-0.35357436340051873,0.2995203093464647,AUD_JPY,14,1.5,short,121,516,189
70,-0.055855849470730565,0.11850600473670418,-0.28812761875467074,0.17641591981320964,30,0.2,0.18194353045893683,-0.15660931969951614,0.5566093196995161,AUD_JPY,14,2.0,long,100,346,133
53,-0.018867924528301886,0.13865036279904783,-0.29062263561443563,0.25288678655783187,24,0.08333333333333333,0.20778914433245896,-0.3239333895582862,0.49060005622495284,AUD_JPY,14,2.0,short,77,346,124
44,-0.17977066961252589,0.14653749087347265,-0.4669841517245322,0.10744281249948048,20,-0.1,0.22826577307580465,-0.5474009152285771,0.3474009152285771,AUD_JPY,14,2.5,long,64,262,94
40,0.15,0.15831646333879038,-0.16030026814402912,0.46030026814402913,18,0.0,0.24253562503633302,-0.4753698250712127,0.4753698250712127,AUD_JPY,14,2.5,short,58,262,88
28,0.0,0.19245008972987526,-0.3772021758705555,0.3772021758705555,13,-0.07692307692307693,0.2878197989826109,-0.6410498829289943,0.48720372908284043,AUD_JPY,14,3.0,long,41,206,60
33,-0.005304555362696594,0.17415845833787752,-0.3466551337049365,0.33604602297954334,15,-0.2,0.26186146828319085,-0.7132484778350541,0.313248477835054,AUD_JPY,14,3.0,short,48,206,66
109,-0.12717889301779003,0.09500607537819399,-0.31339080075905024,0.05903301472347017,47,0.19148936170212766,0.14471349688826027,-0.09214909219886247,0.4751278156031178,AUD_JPY,21,1.5,long,156,513,209
84,-0.07142857142857142,0.10948389105162136,-0.2860169978897493,0.14315985503260645,37,0.08108108108108109,0.16611791814942142,-0.24451003849178488,0.40667220065394705,AUD_JPY,21,1.5,short,121,512,191
74,-0.05283661436420459,0.11532253298739209,-0.2788687790194931,0.1731955502910839,32,0.1875,0.176419930663981,-0.1582830641014028,0.5332830641014028,AUD_JPY,21,2.0,long,106,351,136
53,0.05660377358490566,0.13845271428402695,-0.2147635464117872,0.3279710935815985,24,0.0,0.2085144140570748,-0.4086882515518666,0.4086882515518666,AUD_JPY,21,2.0,short,77,350,124
45,-0.02022021028780311,0.14742047010190215,-0.3091643316875313,0.26872391111192506,20,-0.1,0.22826577307580465,-0.5474009152285771,0.3474009152285771,AUD_JPY,21,2.5,long,65,265,97
39,0.07692307692307693,0.16174076401164517,-0.24008882053974762,0.39393497438590147,18,0.0,0.24253562503633302,-0.4753698250712127,0.4753698250712127,AUD_JPY,21,2.5,short,57,265,89
30,-0.06666666666666667,0.1852822223412403,-0.42981982245549766,0.29648648912216435,14,-0.14285714285714285,0.2745054065230065,-0.6808877396422355,0.39517345392794984,AUD_JPY,21,3.0,long,44,207,65
35,0.16642713351517177,0.16668092837025214,-0.1602674860905224,0.4931217531208659,16,-0.25,0.25,-0.74,0.24,AUD_JPY,21,3.0,short,51,207,68
81,0.05683441280293807,0.08932291150179116,-0.11823849374057258,0.23190731934644873,36,-0.19252240851002939,0.14835330377298087,-0.48329488390507186,0.09825006688501309,USD_SGD,7,1.5,long,117,501,176
82,-0.09056796493175284,0.0873509200638371,-0.26177576825687354,0.08063983839336789,36,-0.2416019051701257,0.12835433934228727,-0.4931764102810087,0.009972599940757332,USD_SGD,7,1.5,short,118,500,184
56,-0.04342621061934454,0.10679571397281887,-0.25274581000606955,0.16589338876738044,25,-0.02408711048698253,0.1843281913265026,-0.38537036548692766,0.3371961445129626,USD_SGD,7,2.0,long,81,350,114
58,-0.007382518497934219,0.1018402579525614,-0.20698942408495455,0.1922243870890861,25,-0.21689995435338782,0.18134129241789693,-0.5723288874924658,0.13852897878569015,USD_SGD,7,2.0,short,83,350,120
30,0.07246247327295487,0.15326392797055635,-0.22793482554933558,0.3728597720952453,14,-0.06341806378026137,0.24654481819552868,-0.5466459074434975,0.4198097798829748,USD_SGD,7,2.5,long,44,253,67
42,0.01064234064109774,0.12071050674481276,-0.22595025257873527,0.24723493386093073,19,-0.24923175954478963,0.19387048731537193,-0.6292179146829187,0.13075439559333937,USD_SGD,7,2.5,short,61,253,81
23,-0.024661115836827348,0.1634723412353255,-0.34506690465806533,0.29574467298441065,11,0.00530079874866676,0.26606536935051295,-0.5161873251783387,0.5267889226756721,USD_SGD,7,3.0,long,34,195,48
25,-0.11202975382516378,0.15920491315813784,-0.42407138361511393,0.20001187596478637,11,-0.14694632100430036,0.2676047181128418,-0.6714515685054703,0.3775589264968695,USD_SGD,7,3.0,short,36,195,53
79,0.047812144102701425,0.09088070079714124,-0.1303140294596954,0.22593831766509825,35,-0.21478668511532997,0.150082146971863,-0.5089476931801815,0.07937432294952154,USD_SGD,10,1.5,long,114,497,176
84,-0.07737923417733936,0.08668598960595822,-0.24728377380501745,0.09252530545033874,36,-0.24130594787487392,0.1343500247855274,-0.5046319964545076,0.022020100704759793,USD_SGD,10,1.5,short,120,496,183
54,-0.038181806353691845,0.10763738196449141,-0.249151075004095,0.17278746229671132,24,-0.00411199114649131,0.18382869676401356,-0.36441623680395785,0.35619225451097525,USD_SGD,10,2.0,long,78,346,112
58,-0.05091896611883633,0.10201101730880327,-0.25086056004409074,0.14902262780641806,25,-0.1368999543533878,0.18456434478201847,-0.498646070126144,0.22484616141936836,USD_SGD,10,2.0,short,83,346,123
34,-0.031212298821769503,0.14516499886569464,-0.315735696598531,0.253311098954992,15,0.0757471900395173,0.22921783672987858,-0.3735197699510447,0.5250141500300793,USD_SGD,10,2.5,long,49,251,71
42,-0.011252016100472804,0.12270065255170251,-0.2517452951018097,0.2292412629008641,19,-0.22983397352620807,0.20385314205757965,-0.6293861319590642,0.16971818490664806,USD_SGD,10,2.5,short,61,251,84
25,-0.03454126362482055,0.1642829797550583,-0.35653590394473483,0.2874533766950937,11,-0.01929839287935611,0.26969181271115644,-0.5478943457932227,0.5092975600345105,USD_SGD,10,3.0,long,36,190,50
24,-0.024827374368026994,0.16127388641495263,-0.34092419174133415,0.2912694430052801,11,-0.2402997303396418,0.27763563923040613,-0.7844655832312378,0.3038661225519542,USD_SGD,10,3.0,short,35,190,54
81,0.005464430796246013,0.09027177776753145,-0.17146825362811563,0.18239711522060764,35,-0.09961014703128902,0.14902745407532597,-0.3917039570189279,0.1924836629563499,USD_SGD,14,1.5,long,116,492,177
84,-0.08246822741027694,0.08739479814587764,-0.2537620317761971,0.08882557695564323,36,-0.23449729467771385,0.1359554051841504,-0.5009698888386487,0.03197529948322092,USD_SGD,14,1.5,short,120,491,182
56,-0.03288875470872295,0.10709687048500428,-0.24279862085933135,0.17702111144188543,25,-0.043947511500631656,0.18076620053407194,-0.39824926454741266,0.3103542415461494,USD_SGD,14,2.0,long,81,343,116
56,-0.06594024508236114,0.10560326618183054,-0.272922646798749,0.1410421566340267,25,-0.2168999543533878,0.18134129241789693,-0.5723288874924658,0.13852897878569018,USD_SGD,14,2.0,short,81,343,122
36,-0.021722823212343867,0.1353101442115163,-0.2869307058669158,0.2434850594422281,16,0.00851299066204747,0.22470792633252618,-0.4319145449497038,0.44894052627379877,USD_SGD,14,2.5,long,52,252,74
42,-0.017642374380004437,0.12263179152473827,-0.25800068576849144,0.22271593700848258,19,-0.12457081563147124,0.20887471401153573,-0.5339652550940812,0.2848236238311388,USD_SGD,14,2.5,short,61,252,87
24,-0.21486023479404714,0.15476584823351014,-0.518201297331727,0.08848082774363275,11,0.1625197889388257,0.26482003032348217,-0.3565274704951994,0.6815670483728508,USD_SGD,14,3.0,long,35,193,49
27,-0.05100135254323332,0.14455980920144124,-0.33433857857805815,0.2323358734915915,12,-0.30360808614467166,0.26123279156810786,-0.815624357618163,0.20840818532881972,USD_SGD,14,3.0,short,39,193,58
86,0.04126816296764448,0.08404535620952452,-0.12346073520302359,0.20599706113831256,38,-0.18608095875911798,0.13826690491468657,-0.4570840923919036,0.08492217487366768,USD_SGD,21,1.5,long,124,501,186
86,-0.08994667555851665,0.08614021509266007,-0.2587814971401304,0.07888814602309707,38,-0.24003886066181312,0.12864954728004382,-0.49219197333069903,0.012114252007072779,USD_SGD,21,1.5,short,124,500,192
60,-0.02882592692656317,0.10476544803121839,-0.23416620506775118,0.17651435121462486,26,-0.11108831965085203,0.17615885442249074,-0.4563596743189339,0.2341830350172298,USD_SGD,21,2.0,long,86,347,121
56,-0.0634573030353092,0.1054002191356393,-0.2700417325411622,0.14312712647054382,25,-0.2168999543533878,0.18134129241789693,-0.5723288874924658,0.13852897878569018,USD_SGD,21,2.0,short,81,347,126
39,-0.07643279294119247,0.1299230907837238,-0.33108205087729115,0.17821646499490618,18,0.07396877266676999,0.1959932641924697,-0.3101780251504706,0.4581155704840106,USD_SGD,21,2.5,long,57,253,76
41,0.02085386483343115,0.12078119988825614,-0.21587728694755087,0.2575850166144132,18,-0.03424497394707244,0.2220946617989912,-0.4695505110730952,0.40106056317895034,USD_SGD,21,2.5,short,59,253,90
24,-0.21423355411841713,0.15471755682484933,-0.5174799654951219,0.08901285725828759,11,0.1625197889388257,0.26482003032348217,-0.3565274704951994,0.6815670483728508,USD_SGD,21,3.0,long,35,195,55
30,-0.1221075014052407,0.13792642812311035,-0.392443300526537,0.1482282977160556,13,-0.1840109032679629,0.25613926122840064,-0.6860438552756282,0.3180220487397024,USD_SGD,21,3.0,short,43,195,58
86,-0.04651162790697714,0.10834784226356291,-0.25887339874356047,0.16585014292960618,37,0.11589681173756525,0.16345110264901674,-0.2044673494545076,0.43626097292963806,USD_PLN,7,1.5,long,123,484,180
93,-0.03394043189832326,0.10333479985665721,-0.2364766396173714,0.16859577582072485,40,-0.25,0.15504341823651058,-0.5538850997435607,0.053885099743560705,USD_PLN,7,1.5,short,133,483,186
53,-0.09433962264150944,0.13805656836684024,-0.36493049664051636,0.17625125135749745,24,0.1666666666666662,0.20559798491465367,-0.23630538376605495,0.5696387170993874,USD_PLN,7,2.0,long,77,340,114
59,0.06004569220258766,0.13018487446810287,-0.19511666175489395,0.31520804616006926,26,-0.3076923076923077,0.1902971827208151,-0.6806747858251053,0.0652901704404899,USD_PLN,7,2.0,short,85,340,116
35,-0.02857142857142889,0.17142857142857135,-0.36457142857142877,0.30742857142857094,16,-0.1250000000000007,0.25617376914898976,-0.6271005875320206,0.37710058753201925,USD_PLN,7,2.5,long,51,248,77
38,0.15789473684210525,0.16233675809601258,-0.1602853090260794,0.4760747827102899,17,-0.5294117647058824,0.21209125149788172,-0.9451106176417305,-0.11371291177003418,USD_PLN,7,2.5,short,55,248,80
23,0.04347826086956425,0.2129991080681023,-0.3739999909439162,0.4609565126830447,10,-1.1102230246251565e-15,0.3333333333333329,-0.6533333333333337,0.6533333333333314,USD_PLN,7,3.0,long,33,197,53
30,0.2,0.18194353045893685,-0.1566093196995162,0.5566093196995162,13,-0.23076923076923078,0.2808833628231621,-0.7813006219026286,0.319762160364167,USD_PLN,7,3.0,short,43,197,58
85,-0.05882352941176483,0.10892001173794723,-0.2723067524181414,0.15465969359461174,37,0.16995086579161933,0.16213285367305605,-0.1478295274075705,0.48773125899080916,USD_PLN,10,1.5,long,122,485,187
97,-0.07377793986127901,0.10097293163773473,-0.27168488587123907,0.12412900614868105,42,-0.23809523809523808,0.1516824875011801,-0.535392913597551,0.059202437407074926,USD_PLN,10,1.5,short,139,484,191
53,-0.09433962264150944,0.13805656836684024,-0.36493049664051636,0.17625125135749745,24,0.24999999999999956,0.201893213271812,-0.145710698012752,0.6457106980127512,USD_PLN,10,2.0,long,77,340,111
58,0.04213771998953693,0.13154368222260024,-0.21568789716675957,0.2999633371458334,26,-0.38461538461538464,0.1846153846153846,-0.7464615384615385,-0.02276923076923082,USD_PLN,10,2.0,short,84,339,118
34,-3.134747363647501e-16,0.17407765595569774,-0.3411922056731679,0.3411922056731672,15,-0.0666666666666674,0.2666666666666665,-0.5893333333333337,0.45599999999999885,USD_PLN,10,2.5,long,49,238,77
39,0.1282051282051282,0.16088271677005372,-0.1871249966641771,0.4435352530744335,17,-0.5294117647058824,0.21209125149788172,-0.9451106176417305,-0.11371291177003418,USD_PLN,10,2.5,short,56,238,76
24,-0.0833333333333338,0.20778914433245885,-0.4906000562249532,0.32393338955828554,11,0.09090909090909091,0.3149183286488867,-0.526330833242727,0.7081490150609089,USD_PLN,10,3.0,long,35,192,56
28,0.14285714285714285,0.1904761904761905,-0.2304761904761905,0.5161904761904762,13,-0.38461538461538464,0.2664693550105965,-0.9068953204361538,0.1376645512053845,USD_PLN,10,3.0,short,41,192,59
84,-0.0714285714285717,0.10948389105162133,-0.28601699788974955,0.14315985503260611,37,0.11589681173756525,0.16345110264901674,-0.2044673494545076,0.43626097292963806,USD_PLN,14,1.5,long,121,485,188
94,-0.08677085283557527,0.10245278832293062,-0.2875783179485193,0.11403661227736873,41,-0.21951219512195122,0.1542574468374819,-0.5218567909234157,0.08283240067951333,USD_PLN,14,1.5,short,135,484,193
52,-0.11538461538461539,0.13909274593315912,-0.3880063974136073,0.1572371666443765,23,0.21739130434782564,0.20810192223064314,-0.19048846322423493,0.6252710719198862,USD_PLN,14,2.0,long,75,337,115
58,-0.026827797251842377,0.1316140727093645,-0.2847913797621968,0.23113578525851208,26,-0.3076923076923077,0.1902971827208151,-0.6806747858251053,0.0652901704404899,USD_PLN,14,2.0,short,84,336,121
36,-0.11111111111111141,0.16798421022632315,-0.44036016315470483,0.21813794093248198,16,-6.938893903907228e-16,0.258198889747161,-0.5060698239044362,0.5060698239044349,USD_PLN,14,2.5,long,52,240,79
43,0.06976744186046512,0.15392735640216215,-0.23193017668777266,0.3714650604087029,19,-0.5789473684210527,0.19218335351058458,-0.9556267413017985,-0.2022679955403069,USD_PLN,14,2.5,short,62,240,80
24,0.08333333333333287,0.2077891443324589,-0.32393338955828654,0.4906000562249523,11,-0.2727272727272727,0.30424000964875475,-0.869037691638832,0.32358314618428663,USD_PLN,14,3.0,long,35,191,56
30,0.13333333333333333,0.1840373108931074,-0.22737979601715716,0.4940464626838238,14,-0.42857142857142855,0.25058800551629407,-0.9197239193833648,0.0625810622405078,USD_PLN,14,3.0,short,44,191,60
88,-0.09090909090909115,0.10676731263903698,-0.30017302368160365,0.11835484186342134,39,0.10995338549461318,0.15930760430227145,-0.20228951893783886,0.42219628992706526,USD_PLN,21,1.5,long,127,478,189
96,-0.08496312673483399,0.10140233456556082,-0.28371170248333316,0.1137854490136652,42,-0.1428571428571431,0.15457193737155978,-0.4458181401054002,0.16010385439111405,USD_PLN,21,1.5,short,138,477,197
53,-0.09433962264150944,0.13805656836684024,-0.36493049664051636,0.17625125135749745,23,0.13043478260869518,0.21137931948017286,-0.2838686835724436,0.544738248789834,USD_PLN,21,2.0,long,76,336,113
58,-0.061310555872532035,0.13141135376108526,-0.31887680924425915,0.19625569749919508,25,-0.2,0.2,-0.5920000000000001,0.192,USD_PLN,21,2.0,short,83,335,121
36,-0.16666666666666696,0.1666666666666666,-0.4933333333333335,0.1599999999999996,16,-6.938893903907228e-16,0.258198889747161,-0.5060698239044362,0.5060698239044349,USD_PLN,21,2.5,long,52,242,80
42,0.09523809523809523,0.15546387747761883,-0.2094711046180377,0.39994729509422816,19,-0.5789473684210527,0.1921833535105846,-0.9556267413017985,-0.20226799554030683,USD_PLN,21,2.5,short,61,242,82
25,0.03999999999999956,0.2039607805437113,-0.3597631298656746,0.4397631298656737,11,0.0909090909090899,0.3149183286488865,-0.5263308332427277,0.7081490150609075,USD_PLN,21,3.0,long,36,189,57
30,0.15227847898085056,0.18096375421541852,-0.20241047928136974,0.5069674372430708,14,-0.7142857142857143,0.19410463442478787,-1.0947307977582985,-0.3338406308131301,USD_PLN,21,3.0,short,44,189,58
86,-0.05323397909822849,0.10770043446039339,-0.26432683064059953,0.15785887244414254,37,0.1891891891891892,0.16365677589716174,-0.13157809156924782,0.5099564699476262,USD_CZK,7,1.5,long,123,483,185
79,0.16171399515239862,0.11144742145483204,-0.05672295089907217,0.3801509412038694,35,-0.08571428571428572,0.17086742893632048,-0.4206144464294739,0.24918587500090242,USD_CZK,7,1.5,short,114,482,179
59,-0.090931549217716,0.13009396164471926,-0.34591571404136573,0.1640526156059337,26,0.0,0.20000000000000004,-0.39200000000000007,0.39200000000000007,USD_CZK,7,2.0,long,85,346,124
55,0.027931556634513622,0.1350547562638851,-0.2367757656427012,0.29263887891172846,24,-0.25,0.2018932132718121,-0.6457106980127516,0.14571069801275166,USD_CZK,7,2.0,short,79,346,114
37,0.009040686341268195,0.1642365834083345,-0.3128630171390674,0.3309443898216038,17,-0.021918978179840305,0.2435240666057731,-0.4992261487271556,0.455388192367475,USD_CZK,7,2.5,long,54,253,81
43,0.05361081440777091,0.15042566717496136,-0.24122349325515338,0.3484451220706952,19,-0.15789473684210525,0.23274559932318592,-0.6140761115155496,0.29828663783133913,USD_CZK,7,2.5,short,62,253,85
28,0.06468813780289925,0.19086612663885136,-0.3094094704092494,0.43878574601504794,13,0.0334219834878142,0.2793565927329023,-0.5141169382686743,0.5809609052443028,USD_CZK,7,3.0,long,41,200,60
30,-0.011611565903293463,0.17820821282759228,-0.36089966304537435,0.3376765312387874,14,-0.14285714285714285,0.2745054065230065,-0.6808877396422355,0.39517345392794984,USD_CZK,7,3.0,short,44,200,63
87,-0.0641163471545707,0.10701007906412952,-0.27385610212026457,0.14562340781112315,38,0.21052631578947367,0.16071450853291364,-0.10447412093503705,0.5255267525139844,USD_CZK,10,1.5,long,125,485,189
84,0.12087313875819261,0.10798414157691184,-0.0907757787325546,0.3325220562489398,37,-0.13513513513513514,0.16513786288129156,-0.4588053463824666,0.18853507611219633,USD_CZK,10,1.5,short,121,484,182
58,0.024936318183378197,0.13133564413865334,-0.23248154432838233,0.28235418069513873,26,0.07692307692307693,0.19940740610485724,-0.3139154390424433,0.46776159288859714,USD_CZK,10,2.0,long,84,347,120
56,0.08100420740889731,0.1334453816408085,-0.18054874060708737,0.34255715542488197,24,-0.16666666666666666,0.20559798491465375,-0.569638717099388,0.23630538376605467,USD_CZK,10,2.0,short,80,347,115
38,-0.00496663530312688,0.163655820917312,-0.3257320443010584,0.3157987736948047,17,-0.021918978179840305,0.2435240666057731,-0.4992261487271556,0.455388192367475,USD_CZK,10,2.5,long,55,251,81
44,-0.022444226952733858,0.14981888266351004,-0.3160892369732135,0.2712007830677458,19,-0.2631578947368421,0.22739441047045122,-0.7088509392589265,0.18253514978524232,USD_CZK,10,2.5,short,63,251,88
23,0.12222903732526863,0.20999970343569788,-0.2893703814086992,0.5338284560592365,10,0.0,0.3333333333333333,-0.6533333333333333,0.6533333333333333,USD_CZK,10,3.0,long,33,196,56
28,-0.10837226636481471,0.18618366836508002,-0.47329225636037153,0.2565477236307421,12,0.0,0.30151134457776363,-0.5909622353724167,0.5909622353724167,USD_CZK,10,3.0,short,40,196,62
92,-0.06716031772720601,0.10440574567790226,-0.2717955792558944,0.1374749438014824,40,0.2699680443633639,0.15217483855865735,-0.028294639211604466,0.5682307279383323,USD_CZK,14,1.5,long,132,479,191
85,0.08415698418456681,0.10776750991308798,-0.12706733524508562,0.29538130361421927,37,-0.13513513513513514,0.16513786288129156,-0.4588053463824666,0.18853507611219633,USD_CZK,14,1.5,short,122,478,184
59,-0.060232093989221434,0.13001751349140583,-0.31506642043237687,0.19460223245393402,26,0.10105297580548903,0.19561871595918343,-0.28235970747451045,0.48446565908548855,USD_CZK,14,2.0,long,85,343,119
57,0.09712694061224998,0.13207112434237092,-0.16173246309879702,0.35598634432329695,25,-0.2,0.2,-0.5920000000000001,0.192,USD_CZK,14,2.0,short,82,343,115
38,-0.00496663530312688,0.163655820917312,-0.3257320443010584,0.3157987736948047,17,-0.021918978179840305,0.2435240666057731,-0.4992261487271556,0.455388192367475,USD_CZK,14,2.5,long,55,254,84
45,-0.01030587522448336,0.1494270165879144,-0.30318282773679556,0.2825710772878289,20,-0.3,0.2188486619609662,-0.7289433774434937,0.12894337744349377,USD_CZK,14,2.5,short,65,254,92
25,0.03245071433924716,0.2026155197933451,-0.36467570445570924,0.4295771331342036,12,0.0,0.30151134457776363,-0.5909622353724167,0.5909622353724167,USD_CZK,14,3.0,long,37,193,56
28,-0.026486159027156213,0.1855050879966773,-0.39007613150064374,0.3371038134463313,13,-0.07692307692307693,0.2878197989826109,-0.6410498829289943,0.48720372908284043,USD_CZK,14,3.0,short,41,193,62
93,-0.05960979177148598,0.10355264136370425,-0.26257296884434633,0.14335338530137434,40,0.2199680443633639,0.15422485104881353,-0.08231266369231063,0.5222487524190385,USD_CZK,21,1.5,long,133,480,196
85,0.040308047351077916,0.10776274163896363,-0.17090692626129078,0.25152302096344664,37,-0.13513513513513514,0.16513786288129156,-0.4588053463824666,0.18853507611219633,USD_CZK,21,1.5,short,122,479,185
60,-0.07687539389545686,0.12870013126857444,-0.3291276511818627,0.17537686339094902,26,0.17797605272856595,0.193411817571967,-0.20111110971248933,0.5570632151696212,USD_CZK,21,2.0,long,86,348,120
60,0.10893726024830415,0.12855458710495088,-0.14302973047739959,0.36090425097400786,26,-0.15384615384615385,0.19761896274869428,-0.5411793208335947,0.23348701314128695,USD_CZK,21,2.0,short,86,348,120
39,-0.03048031132099541,0.1614331952437975,-0.34688937399883857,0.2859287513568477,17,0.21337513946721853,0.2376729669789459,-0.2524638758115154,0.6792141547459525,USD_CZK,21,2.5,long,56,254,82
47,-0.009867327342590443,0.14619835803991332,-0.29641610910082056,0.2766814544156397,21,-0.14285714285714285,0.22131333406899525,-0.5766312776323735,0.29091699191808784,USD_CZK,21,2.5,short,68,254,91
25,0.03245071433924716,0.2026155197933451,-0.36467570445570924,0.4295771331342036,12,0.0,0.30151134457776363,-0.5909622353724167,0.5909622353724167,USD_CZK,21,3.0,long,37,197,57
28,-0.03694369493624329,0.18721322636484267,-0.40388161861133487,0.3299942287388483,13,-0.23076923076923078,0.2808833628231621,-0.7813006219026286,0.319762160364167,USD_CZK,21,3.0,short,41,197,65
98,1.1328806373726087e-16,0.1015346165133619,-0.1990078483661892,0.19900784836618943,43,0.16279069767441862,0.15224503969952957,-0.13560958013665936,0.4611909754854966,USD_HUF,7,1.5,long,141,488,209
99,-0.04692241389614921,0.10060549884951354,-0.24410919164119574,0.15026436384889733,43,0.023255813953488372,0.15426161815606512,-0.2790969576323993,0.325608585539376,USD_HUF,7,1.5,short,142,488,214
62,0.12903225806451613,0.1269665424096257,-0.11982216505835025,0.3778866811873825,27,-0.037037037037037035,0.19598157859737708,-0.4211609310878961,0.347086857013822,USD_HUF,7,2.0,long,89,349,133
70,-0.023504556795982446,0.11984959871451861,-0.2584097702764389,0.21140065668447403,30,-0.2,0.18194353045893685,-0.5566093196995162,0.1566093196995162,USD_HUF,7,2.0,short,100,349,144
42,0.19047619047619022,0.15331450386113915,-0.11002023709164252,0.4909726180440229,18,0.0,0.24253562503633302,-0.4753698250712127,0.4753698250712127,USD_HUF,7,2.5,long,60,265,90
53,-0.16311922595695794,0.13604167118691848,-0.42976090148331814,0.10352244956940226,23,0.043478260869565216,0.21299910806810243,-0.37399999094391556,0.46095651268304594,USD_HUF,7,2.5,short,76,265,104
30,0.13333333333333333,0.1840373108931074,-0.22737979601715716,0.4940464626838238,14,0.0,0.2773500981126146,-0.5436061923007246,0.5436061923007246,USD_HUF,7,3.0,long,44,214,67
37,-0.12554916150591272,0.16401773479077256,-0.44702392169582694,0.1959255986840015,17,0.058823529411764705,0.2495670992423109,-0.43032798510316467,0.547975043926694,USD_HUF,7,3.0,short,54,214,76
95,0.031578947368421165,0.10309068359186131,-0.170478792471627,0.2336366872084693,42,0.14285714285714285,0.15457193737155983,-0.1601038543911144,0.4458181401054001,USD_HUF,10,1.5,long,137,489,209
100,-0.03645318975718771,0.100143106227319,-0.23273367796273298,0.15982729844835752,43,-0.06976744186046512,0.15392735640216215,-0.3714650604087029,0.23193017668777266,USD_HUF,10,1.5,short,143,489,215
62,0.0967741935483871,0.12743592124665865,-0.15300021209506384,0.346548599191838,28,0.0,0.19245008972987526,-0.3772021758705555,0.3772021758705555,USD_HUF,10,2.0,long,90,341,132
72,-0.022851652440538495,0.11816512405132448,-0.25445529558113444,0.20875199070005748,32,-0.125,0.1781966112418093,-0.4742653580339462,0.2242653580339462,USD_HUF,10,2.0,short,104,341,143
39,0.1794871794871792,0.15958699594164077,-0.1333033325584367,0.4922776915327951,18,0.3333333333333333,0.2286647801900118,-0.1148496358390898,0.7815163025057564,USD_HUF,10,2.5,long,57,263,89
53,-0.20085507501356173,0.13506740541465517,-0.46558718962628587,0.06387703959916238,23,0.043478260869565216,0.21299910806810243,-0.37399999094391556,0.46095651268304594,USD_HUF,10,2.5,short,76,263,106
31,0.16129032258064516,0.18018374250024446,-0.19186981271983397,0.5144504578811243,14,0.0,0.2773500981126146,-0.5436061923007246,0.5436061923007246,USD_HUF,10,3.0,long,45,205,66
39,-0.06782869168509671,0.1606267415617028,-0.3826571051460342,0.24699972177584079,18,0.0,0.24253562503633302,-0.4753698250712127,0.4753698250712127,USD_HUF,10,3.0,short,57,205,75
95,0.052631578947368536,0.10299916942949087,-0.1492467931344336,0.2545099510291707,42,0.047619047619047616,0.1559965936388461,-0.25813427591309074,0.35337237115118597,USD_HUF,14,1.5,long,137,482,207
98,-0.057605295670599715,0.10106274978047443,-0.2556882852403296,0.14047769389913017,43,-0.06976744186046512,0.15392735640216215,-0.3714650604087029,0.23193017668777266,USD_HUF,14,1.5,short,141,482,215
64,0.03125,0.1259266249883335,-0.21556618497713367,0.27806618497713365,28,0.14285714285714285,0.1904761904761905,-0.2304761904761905,0.5161904761904762,USD_HUF,14,2.0,long,92,345,138
68,0.06403942682766513,0.12139224303439819,-0.1738893695197553,0.3019682231750856,30,0.0,0.18569533817705186,-0.3639628628270216,0.3639628628270216,USD_HUF,14,2.0,short,98,345,146
40,0.15,0.15831646333879038,-0.16030026814402912,0.46030026814402913,18,0.3333333333333333,0.2286647801900118,-0.1148496358390898,0.7815163025057564,USD_HUF,14,2.5,long,58,260,92
55,-0.19355125410397767,0.13277157131304315,-0.4537835338775422,0.06668102566958689,24,0.0,0.2085144140570748,-0.4086882515518666,0.4086882515518666,USD_HUF,14,2.5,short,79,260,109
33,0.2727272727272727,0.1700753357624519,-0.06062038536713299,0.6060749308216784,15,-0.06666666666666667,0.2666666666666666,-0.5893333333333332,0.45599999999999985,USD_HUF,14,3.0,long,48,200,68
42,0.00844478629241021,0.15507939103314722,-0.29551082013255836,0.31240039271737874,18,-0.1111111111111111,0.24103384202072908,-0.58353744147174,0.36131521924951787,USD_HUF,14,3.0,short,60,200,78
93,0.03225806451612915,0.1042029487854514,-0.1719797151033556,0.2364958441356139,41,0.07317073170731707,0.1576900475633621,-0.23590176151687264,0.3822432249315068,USD_HUF,21,1.5,long,134,482,208
102,-0.0357384213305762,0.09915492205020189,-0.2300820685489719,0.1586052258878195,44,-0.13636363636363635,0.15107405843505764,-0.4324687908963493,0.1597415181690766,USD_HUF,21,1.5,short,146,482,219
67,0.04477611940298507,0.12296803595091035,-0.19624123106079921,0.28579346986676935,30,0.0,0.18569533817705186,-0.3639628628270216,0.3639628628270216,USD_HUF,21,2.0,long,97,348,140
67,-0.039482372771921966,0.12245786167368089,-0.2794997816523365,0.20053503610849258,29,-0.10344827586206896,0.18796831555013707,-0.4718661743403376,0.2649696226161997,USD_HUF,21,2.0,short,96,348,144
42,0.2857142857142857,0.14966363480776676,-0.007626438508937128,0.5790550099375085,19,0.2631578947368421,0.22739441047045122,-0.18253514978524232,0.7088509392589265,USD_HUF,21,2.5,long,61,260,96
54,-0.10454294399479205,0.13585953087508684,-0.3708276245099622,0.16174173652037813,24,0.0,0.2085144140570748,-0.4086882515518666,0.4086882515518666,USD_HUF,21,2.5,short,78,260,110
34,0.23529411764705851,0.16919028897921248,-0.09631884875219796,0.566907084046315,15,0.06666666666666667,0.2666666666666666,-0.45599999999999985,0.5893333333333332,USD_HUF,21,3.0,long,49,200,73
44,-0.082848158539063,0.15095612928359647,-0.3787221719349121,0.21302585485678607,19,-0.15789473684210525,0.23274559932318592,-0.6140761115155496,0.29828663783133913,USD_HUF,21,3.0,short,63,200,83
65,-0.023366861461579708,0.11931627270882239,-0.2572267559708716,0.21049303304771216,28,-0.17776172440129084,0.17788578488795542,-0.5264178627816835,0.17089441397910177,EUR_HUF,7,1.5,long,93,444,156
91,-0.0689856235526873,0.09881600510329062,-0.2626649935551369,0.12469374644976232,39,0.13693462541516696,0.15092491845666606,-0.15887821475989852,0.43274746559023247,EUR_HUF,7,1.5,short,130,444,191
41,0.09738851992423819,0.14620575555916193,-0.1891747609717192,0.3839518008201956,18,-0.1497409732654302,0.2135629573950557,-0.5683243697597394,0.26884242322887897,EUR_HUF,7,2.0,long,59,304,104
53,-0.05654260509766277,0.1300990543398738,-0.3115367516038154,0.19845154140848983,24,0.0285004978463325,0.19139570560458458,-0.34663508513865326,0.4036360808313183,EUR_HUF,7,2.0,short,77,304,129
30,0.026762839592611682,0.16712076902624542,-0.3007938676988294,0.3543195468840527,14,-0.24167207983057842,0.26027592114322234,-0.7518128852712942,0.2684687256101374,EUR_HUF,7,2.5,long,44,238,84
37,-0.037219870064668155,0.15917684481111888,-0.3492064858944611,0.27476674576512483,16,-0.3665330910739328,0.22360725619296062,-0.8048033132121356,0.07173713106427004,EUR_HUF,7,2.5,short,53,238,97
24,0.10334085635178038,0.19060086981597776,-0.27023684848753604,0.47691856119109677,11,-0.5342786498374097,0.25000222808809525,-1.0242830168900765,-0.04427428278474299,EUR_HUF,7,3.0,long,35,187,64
32,-0.11694682460104457,0.16579395225366772,-0.4419029710182333,0.20800932181614418,15,-0.18859070960588337,0.2455804565069211,-0.6699284043594487,0.29274698514768194,EUR_HUF,7,3.0,short,47,187,78
66,-0.06846736356064669,0.11821260980755986,-0.300164078783464,0.16322935166217062,29,-0.1442178524579762,0.17645883504656268,-0.49007716914923904,0.20164146423328666,EUR_HUF,10,1.5,long,95,436,154
90,-0.004756682681696509,0.09894938407382337,-0.1986974754663903,0.18918411010299727,39,0.10535898976348064,0.15274239170992543,-0.1940160979879732,0.40473407751493445,EUR_HUF,10,1.5,short,129,436,193
42,-0.06047734751384065,0.14373513594221135,-0.34219821396057487,0.22124351893289357,18,-0.03790920777374371,0.2163647181184421,-0.46198405528589026,0.3861656397384028,EUR_HUF,10,2.0,long,60,298,103
52,-0.07686073211877166,0.13099810623445016,-0.33361702033829393,0.17989555610075064,23,-0.013738610942957412,0.19497740795719243,-0.3958943305390546,0.36841710865313976,EUR_HUF,10,2.0,short,75,298,128
32,-0.16192648273789703,0.1602834334281512,-0.47608201225707336,0.15222904678127933,14,-0.24167207983057842,0.26027592114322234,-0.7518128852712942,0.2684687256101374,EUR_HUF,10,2.5,long,46,223,86
37,-0.037219870064668155,0.15917684481111888,-0.3492064858944611,0.27476674576512483,17,-0.43688449506836236,0.20197768897391533,-0.8327607654572364,-0.041008224679488336,EUR_HUF,10,2.5,short,54,223,98
31,0.08035759750130109,0.16044940513495587,-0.2341232365632124,0.39483843156581455,14,-0.4784821344352604,0.22828850358349342,-0.9259276014589075,-0.03103666741161326,EUR_HUF,10,3.0,long,45,182,68
29,-0.025596496111497436,0.1743615489625475,-0.3673451320780905,0.3161521398550956,13,-0.2176046649298654,0.2604603086729546,-0.7281068699288564,0.2928975400691256,EUR_HUF,10,3.0,short,42,182,76
67,-0.004628276542546574,0.11861345579996053,-0.23711064991046923,0.22785409682537608,30,-0.23941059070937698,0.17008270797430625,-0.5727726983390172,0.09395151692026327,EUR_HUF,14,1.5,long,97,434,157
86,0.02998279984182607,0.10152761775511705,-0.16901133095820337,0.22897693064185548,38,0.008058799110632056,0.15770167417896272,-0.30103648228013485,0.317154080501399,EUR_HUF,14,1.5,short,124,434,192
46,-0.09992948643274094,0.13769851571216343,-0.36981857722858125,0.1699596043630994,20,-0.03411828699636934,0.20728556653666516,-0.44039799740823304,0.3721614234154944,EUR_HUF,14,2.0,long,66,291,107
51,-0.0587599621603162,0.13231092397258926,-0.31808937314659114,0.20056944882595873,23,0.002503086191729825,0.19805357597782736,-0.3856819227248118,0.39068809510827146,EUR_HUF,14,2.0,short,74,291,129
32,-0.14184903778539049,0.16360542174025253,-0.46251566439628544,0.17881758882550447,14,-0.3483617963008219,0.24935223555053668,-0.8370921779798738,0.14036858537822994,EUR_HUF,14,2.5,long,46,222,87
39,-0.01352679206284262,0.15327285249200231,-0.3139415829471672,0.2868879988214819,17,-0.4358255663948607,0.20226676964774284,-0.8322684349044367,-0.039382697885284756,EUR_HUF,14,2.5,short,56,222,100
30,0.07070658167043173,0.16558953766606757,-0.25384891215506067,0.3952620754959242,14,-0.4784821344352604,0.22828850358349342,-0.9259276014589075,-0.03103666741161326,EUR_HUF,14,3.0,long,44,176,68
28,-0.05931931467498852,0.1765724371441448,-0.40540129147751236,0.2867626621275353,13,-0.15835871498631818,0.2425113215671309,-0.6336809052578948,0.31696347528525837,EUR_HUF,14,3.0,short,41,176,78
68,0.01232437104369957,0.11539198450406413,-0.2138439185842661,0.23849266067166525,30,-0.19178473397583,0.16927837250446767,-0.5235703440845867,0.1400008761329266,EUR_HUF,21,1.5,long,98,429,159
86,0.0019702200103803185,0.10251527251360414,-0.19895971411628377,0.20290015413704443,37,0.07222785249460806,0.15717663139879226,-0.23583834504702478,0.3802940500362409,EUR_HUF,21,1.5,short,123,429,194
45,-0.16881680835346852,0.1374844628198727,-0.438286355480419,0.10065273877348196,20,-0.09646504433486032,0.21215541971662716,-0.5122896669794496,0.31935957830972894,EUR_HUF,21,2.0,long,65,294,109
53,-0.20593112223461002,0.1273291558007615,-0.45549626760410256,0.043634023134882544,23,0.0741292484343762,0.1952619106471369,-0.30858409643401213,0.4568425933027645,EUR_HUF,21,2.0,short,76,294,134
33,-0.1837319021403385,0.1599511098697774,-0.49723607748510223,0.12977227320442522,15,-0.34421847226545377,0.23217127196297496,-0.7992741653128848,0.11083722078197716,EUR_HUF,21,2.5,long,48,224,88
40,-0.03818862226127156,0.15141381975968862,-0.3349597089902613,0.25858246446771815,18,-0.35605747937292404,0.20671002184867518,-0.7612091221963273,0.04909416345047929,EUR_HUF,21,2.5,short,58,224,100
29,0.14419819928978914,0.16951430129810802,-0.18804983125450256,0.4764462298340808,13,-0.5922115293918189,0.21380242403460595,-1.0112642804996466,-0.17315877828399123,EUR_HUF,21,3.0,long,42,174,72
28,-0.06262716800534972,0.18229411111604674,-0.41992362579280135,0.2946692897821019,13,-0.003127808259431486,0.24698939923459332,-0.4872270307592344,0.48097141424037143,EUR_HUF,21,3.0,short,41,174,79
59,0.08365635565277033,0.1147104298771364,-0.141176086906417,0.3084887982119576,26,0.12469971747583518,0.18339624129054993,-0.2347569154536427,0.4841563504053131,EUR_PLN,7,1.5,long,85,409,148
61,-0.07634702933860917,0.12008213936294718,-0.31170802248998564,0.15901396381276728,27,-0.20173333188610787,0.14858662257271443,-0.49296311212862814,0.0894964483564124,EUR_PLN,7,1.5,short,88,408,143
48,-0.06657769361472948,0.12760488944753898,-0.3166832769319059,0.18352788970244693,21,-0.22363687432163848,0.17833518664798312,-0.5731738401516854,0.12590009150840842,EUR_PLN,7,2.0,long,69,285,100
42,-0.01357616612011144,0.14902799166303562,-0.30567102977966126,0.2785186975394384,18,-0.10075178123175932,0.19098454546798313,-0.47508149034900626,0.2735779278854876,EUR_PLN,7,2.0,short,60,285,103
33,0.004802588346192095,0.14730713182453542,-0.28391939002989736,0.2935245667222815,15,-0.24102792002509876,0.22760438610994377,-0.6871325168005886,0.20507667675039104,EUR_PLN,7,2.5,long,48,214,78
34,0.20176430481693153,0.16147097266747998,-0.11471880161132925,0.5182474112451922,15,0.11805924628480091,0.19321117645191835,-0.26063465956095905,0.49675315213056087,EUR_PLN,7,2.5,short,49,214,71
27,-0.05645638320434819,0.17019668122525405,-0.39004187840584614,0.27712911199714974,12,-0.04563005440275184,0.25557473307490636,-0.5465565312295683,0.4552964224240646,EUR_PLN,7,3.0,long,39,168,58
23,0.1947078366438392,0.19898702832745258,-0.19530673887796782,0.5847224121656462,11,0.5277884847784826,0.20591966701956188,0.12418593742014133,0.931391032136824,EUR_PLN,7,3.0,short,34,168,55
56,0.1139013943784034,0.11387777641310735,-0.10929904739128703,0.3371018361480938,25,0.05774629322240219,0.18359550685913922,-0.30210090022151065,0.4175934866663151,EUR_PLN,10,1.5,long,81,400,142
61,-0.10468112730628135,0.12026013820622752,-0.3403909981904873,0.1310287435779246,27,-0.18947449726161172,0.14743661632037233,-0.4784502652495415,0.09950127072631806,EUR_PLN,10,1.5,short,88,399,138
47,-0.09424476337164138,0.12565246006114947,-0.34052358509149433,0.1520340583482116,21,-0.12718015494707324,0.1829710030517571,-0.48580332092851713,0.23144301103437065,EUR_PLN,10,2.0,long,68,284,97
42,0.05008011200403547,0.14900807344948647,-0.24197571195695797,0.3421359359650289,18,-0.028695157882600256,0.18381821744554275,-0.388978864075864,0.33158854831066353,EUR_PLN,10,2.0,short,60,284,102
30,-0.16157683818384652,0.14991632192641316,-0.45541282915961634,0.13225915279192327,13,-0.12426298464434475,0.24741573277907625,-0.6091978208913341,0.36067185160264464,EUR_PLN,10,2.5,long,43,208,74
33,0.2381814049628992,0.16215220225327476,-0.07963691145351931,0.5559997213793177,15,0.19453091797153663,0.2007037839141804,-0.19884849850025696,0.5879103344433302,EUR_PLN,10,2.5,short,48,208,69
23,0.013526506246278902,0.1870410407634637,-0.35307393365011,0.38012694614266773,11,-0.1406873320757293,0.25988280007967923,-0.6500576202319006,0.36868295608044194,EUR_PLN,10,3.0,long,34,162,56
24,0.20145037447843986,0.19629427155959106,-0.18328639777835862,0.5861871467352383,11,0.18673588206776956,0.2326446188046888,-0.2692475707894205,0.6427193349249596,EUR_PLN,10,3.0,short,35,162,54
55,0.08061682365412758,0.11331164714069772,-0.14147400474163996,0.3027076520498951,24,0.01848572210666895,0.18698383356802328,-0.3480025916866567,0.38497403589999457,EUR_PLN,14,1.5,long,79,398,142
60,-0.02309247942805271,0.12186081224542612,-0.2619396714290879,0.21575471257298248,27,-0.18947449726161172,0.14743661632037233,-0.4784502652495415,0.09950127072631806,EUR_PLN,14,1.5,short,87,397,139
47,-0.010329654010981234,0.12644238562722626,-0.2581567298403447,0.23749742181838224,21,-0.2193799172701072,0.1784007407976446,-0.5690453692334906,0.1302855346932762,EUR_PLN,14,2.0,long,68,273,98
42,0.1041441373142642,0.14923765878375564,-0.18836167390189684,0.39664994853042523,18,0.06737767194908828,0.17899936365668226,-0.2834610808180089,0.4182164247161855,EUR_PLN,14,2.0,short,60,273,100
33,-0.10588738838047919,0.14750470945601382,-0.39499661891426624,0.1832218421533079,15,-0.04717541292732475,0.22599332150145182,-0.4901223230701703,0.3957714972155208,EUR_PLN,14,2.5,long,48,208,76
31,0.15307506596586798,0.1725350386088512,-0.18509360970748037,0.49124374163921636,14,0.10785547286289966,0.20867180330706264,-0.3011412616189431,0.5168522073447425,EUR_PLN,14,2.5,short,45,208,68
19,-0.02495377984840179,0.20748325062496295,-0.43162095107332915,0.38171339137652555,9,-0.2023537587695905,0.2826185388339048,-0.7562860948840439,0.35157857734486286,EUR_PLN,14,3.0,long,28,159,52
29,0.11844242523063553,0.17934276727760354,-0.23306939863346737,0.46995424909473843,13,-0.018592905938535596,0.1816740277406686,-0.374674000310246,0.33748818843317485,EUR_PLN,14,3.0,short,42,159,61
58,0.06730975347602072,0.1131854787738331,-0.15453378492069214,0.2891532918727336,26,-0.05985933343999791,0.18065943441499502,-0.4139518248933881,0.29423315801339234,EUR_PLN,21,1.5,long,84,395,143
58,-0.01143015883009602,0.12303809554024388,-0.25258482608897403,0.22972450842878198,25,-0.18885082704909933,0.15877910798773792,-0.5000578787050656,0.12235622460686696,EUR_PLN,21,1.5,short,83,394,141
45,-0.057630165180823784,0.12826458580127723,-0.3090287533513272,0.19376842298967958,20,-0.23495953281028203,0.1723088430366973,-0.5726848651622087,0.10276579954164466,EUR_PLN,21,2.0,long,65,266,95
43,0.12497799458602547,0.14720742871396297,-0.16354856569334192,0.4135045548653929,19,0.01119989974124152,0.17839282894130454,-0.33845004498371534,0.3608498444661984,EUR_PLN,21,2.0,short,62,266,98
32,-0.17578364616925352,0.15237005763417025,-0.4744289591322272,0.12286166679372018,14,-0.13034330084261878,0.2291431432455456,-0.5794638616038882,0.3187772599186506,EUR_PLN,21,2.5,long,46,201,74
31,0.1612326638172163,0.16985284885986235,-0.1716789199481139,0.4941442475825465,14,-0.017724716108652564,0.21679699091113533,-0.4426468182944778,0.40719738607717265,EUR_PLN,21,2.5,short,45,201,71
24,0.12901568247844108,0.18316699721672783,-0.22999163206634543,0.4880229970232276,11,-0.2925915118229144,0.2399915576594131,-0.7629749648353641,0.17779194118953529,EUR_PLN,21,3.0,long,35,159,54
28,0.26559492649036115,0.17889829057278092,-0.08504572303228947,0.6162355760130118,12,0.015525533580115105,0.1944373780914395,-0.36557172747910627,0.3966227946393365,EUR_PLN,21,3.0,short,40,159,62
81,0.01073521319414473,0.10205751629363172,-0.18929751874137343,0.21076794512966288,35,-0.29696851530930307,0.15652399002592746,-0.6037555357601209,0.009818505141514722,EUR_SEK,7,1.5,long,116,475,158
90,-0.15044790223831184,0.09578362863162758,-0.33818381435630185,0.0372880098796782,39,-0.2744496751894784,0.14833786012066488,-0.5651918810259815,0.016292530647024794,EUR_SEK,7,1.5,short,129,475,190
48,-0.16406945108792162,0.13516431912754315,-0.42899151657790613,0.10085261440206292,21,-0.27238451725031154,0.2054743244083155,-0.6751141930906099,0.13034515858998685,EUR_SEK,7,2.0,long,69,298,95
57,0.032182635373323526,0.12156099258079003,-0.20607691008502493,0.270442180831672,25,-0.11374498675458264,0.19467629598828703,-0.49531052689162525,0.2678205533824599,EUR_SEK,7,2.0,short,82,298,114
31,-0.04325197590745399,0.16888493999780568,-0.37426645830315314,0.28776250648824514,14,0.054615733242796685,0.26740144865320653,-0.4694911061174881,0.5787225726030815,EUR_SEK,7,2.5,long,45,220,75
41,-0.06425752546687469,0.14141682894491484,-0.34143451019890775,0.21291945926515837,18,0.06873051296118299,0.2355025904790782,-0.3928545643778103,0.5303155903001763,EUR_SEK,7,2.5,short,59,220,85
25,-0.23775741754845253,0.1747570228413226,-0.5802811823174449,0.10476634722053979,11,0.5980614708319827,0.2412168652419508,0.12527641495775915,1.0708465267062062,EUR_SEK,7,3.0,long,36,172,55
31,0.18422612924555,0.16726813535380947,-0.14361941604791653,0.5120716745390166,14,-0.05448934047847901,0.26741202233749517,-0.5786169042599695,0.46963822330301147,EUR_SEK,7,3.0,short,45,171,65
84,-0.032265674732032394,0.0999084263089075,-0.2280861902974911,0.1635548408334263,36,-0.31649716766182245,0.15336241380767957,-0.6170874987248745,-0.015906836598770513,EUR_SEK,10,1.5,long,120,473,162
88,-0.13496323133074292,0.09647307303334123,-0.3240504544760917,0.054123991814605865,39,-0.1616004165843473,0.15405136165146266,-0.4635410854212141,0.14034025225251953,EUR_SEK,10,1.5,short,127,473,188
49,-0.140312931677964,0.13449191746250247,-0.40391708990446884,0.12329122654854086,21,-0.2723845172503115,0.2054743244083155,-0.6751141930906099,0.1303451585899869,EUR_SEK,10,2.0,long,70,305,97
56,0.005878482182102137,0.12150348200387764,-0.23226834254549805,0.2440253069097023,24,-0.16015102786935692,0.1971132414754795,-0.5464929811612967,0.2261909254225829,EUR_SEK,10,2.0,short,80,305,121
33,-0.02321817626773023,0.1668128768558511,-0.3501714149051984,0.30373506236973796,15,-0.1285876199215523,0.2515498007529928,-0.6216252293974183,0.3644499895543136,EUR_SEK,10,2.5,long,48,218,71
43,-0.015602396238754486,0.13969223326999072,-0.2893991734479363,0.25819438097042735,19,-0.0927816192999319,0.22873079512349745,-0.5410939777419869,0.3555307391421231,EUR_SEK,10,2.5,short,62,218,88
29,-0.13599777374866595,0.16903397842439588,-0.46730437146048187,0.19530882396314997,13,0.5493823602029347,0.22074909037874946,0.1167141430605858,0.9820505773452837,EUR_SEK,10,3.0,long,42,172,58
32,0.0769624043715383,0.16766521257014882,-0.2516614122659534,0.40558622100902997,15,0.015809948886752925,0.2586824716722576,-0.49120769559087196,0.5228275933643778,EUR_SEK,10,3.0,short,47,171,65
84,-0.030294946941578225,0.09989231974620187,-0.2260838936441339,0.16549399976097745,37,-0.3855432957312005,0.1470775897940057,-0.6738153717274517,-0.09727121973494934,EUR_SEK,14,1.5,long,121,469,161
89,-0.12170418456332842,0.09660006050080278,-0.31104030314490183,0.06763193401824501,39,-0.1616004165843473,0.15405136165146266,-0.4635410854212141,0.14034025225251953,EUR_SEK,14,1.5,short,128,469,189
47,-0.2353902082499343,0.13379549419728692,-0.4976293768766167,0.026848960376748027,21,-0.2723845172503115,0.2054743244083155,-0.6751141930906099,0.1303451585899869,EUR_SEK,14,2.0,long,68,311,100
59,-0.06437343710694535,0.1185128697382882,-0.29665866179399025,0.16791178758009953,26,-0.1632594520947954,0.18699413923388358,-0.5297679649932072,0.2032490608036164,EUR_SEK,14,2.0,short,85,311,126
32,-0.11769374427609686,0.1678833885647935,-0.44674518586309214,0.21135769731089843,14,-0.3520581642016632,0.24361095132938324,-0.8295356288072544,0.12541930040392796,EUR_SEK,14,2.5,long,46,217,71
40,0.0855247573516556,0.14530084401602733,-0.19926489691975796,0.37031441162306916,18,-0.04238059814992812,0.23586795413491304,-0.5046817882543577,0.41992059195450143,EUR_SEK,14,2.5,short,58,217,88
29,-0.13599777374866598,0.16903397842439588,-0.46730437146048187,0.19530882396314994,13,0.3955362063567808,0.24666678231972122,-0.08793068698987283,0.8790030997034344,EUR_SEK,14,3.0,long,42,172,57
32,0.08169150483801577,0.16674952222227707,-0.24513755871764728,0.4085205683936788,14,0.0606079725415468,0.26696834979214956,-0.46264999305106635,0.58386593813416,EUR_SEK,14,3.0,short,46,171,66
88,-0.07659735765654142,0.09772277339910057,-0.26813399351877854,0.1149392782056957,38,-0.3490816300540636,0.1477252645192069,-0.6386231485117091,-0.05954011159641809,EUR_SEK,21,1.5,long,126,471,169
92,-0.15349759198980062,0.09351871650684689,-0.3367942763432205,0.029799092363619273,40,-0.05163167533720625,0.15220313664981103,-0.34994982317083584,0.24668647249642334,EUR_SEK,21,1.5,short,132,471,196
51,-0.1881319049512636,0.12868049710718663,-0.4403456792813494,0.06408186937882218,22,-0.30545794828438827,0.19868416008478493,-0.6948789020505668,0.0839630054817902,EUR_SEK,21,2.0,long,73,314,107
64,-0.05227318155387804,0.11424800305960472,-0.2761992675507033,0.17165290444294723,28,-0.13727230960230594,0.1837842252853587,-0.49748939116160895,0.2229447719569971,EUR_SEK,21,2.0,short,92,314,132
32,-0.13405847239757201,0.16514414255830012,-0.45774099181184025,0.18962404701669622,15,-0.12858761992155232,0.2515498007529928,-0.6216252293974183,0.3644499895543136,EUR_SEK,21,2.5,long,47,220,74
43,0.03453078346622436,0.13497068892143751,-0.23001176681979318,0.2990733337522419,19,-0.14966445625602978,0.22055999066083126,-0.581962037951259,0.2826331254391995,EUR_SEK,21,2.5,short,62,220,92
30,-0.23146451462371037,0.16305259821797638,-0.551047607130944,0.08811857788352334,13,0.2851688349902303,0.2488103926632037,-0.20249953462964893,0.7728372046101095,EUR_SEK,21,3.0,long,43,172,60
30,0.16560040513236488,0.17290206011928938,-0.1732876327014423,0.504488442966172,14,0.0606079725415468,0.26696834979214956,-0.46264999305106635,0.58386593813416,EUR_SEK,21,3.0,short,44,171,66
94,-0.04719417835525069,0.103202243200593,-0.24947057502841297,0.15508221831791158,41,-0.048438974138650656,0.15082827844274532,-0.3440623998864315,0.24718445160913016,NZD_CAD,7,1.5,long,135,518,195
89,-0.1126136800977825,0.10512982775768351,-0.31866814250284214,0.09344078230727718,39,-0.42149233006686476,0.14290094693927866,-0.7015781860678509,-0.14140647406587858,NZD_CAD,7,1.5,short,128,517,188
55,-0.24457925223189123,0.1304956263948708,-0.500350679965838,0.011192175502055562,24,-0.029065211052708706,0.20110442165625125,-0.4232298774989612,0.36509945539354377,NZD_CAD,7,2.0,long,79,356,112
60,0.09351615705837858,0.12893366154228217,-0.15919381956449447,0.3462261336812516,26,-0.15384615384615385,0.19761896274869428,-0.5411793208335947,0.23348701314128695,NZD_CAD,7,2.0,short,86,355,118
42,-0.023702767211098826,0.1542589787630519,-0.32605036558668055,0.2786448311644829,18,-0.1111111111111111,0.24103384202072908,-0.58353744147174,0.36131521924951787,NZD_CAD,7,2.5,long,60,259,74
40,0.14027423558756785,0.15727285042421188,-0.16798055124388744,0.44852902241902315,18,0.0,0.24253562503633302,-0.4753698250712127,0.4753698250712127,NZD_CAD,7,2.5,short,58,258,82
30,-0.04693497298304513,0.18289000962634058,-0.40539939185067264,0.3115294458845824,13,0.07692307692307693,0.2878197989826109,-0.48720372908284043,0.6410498829289943,NZD_CAD,7,3.0,long,43,201,55
27,0.25925925925925924,0.18941048590991066,-0.11198529312416566,0.6305038116426842,12,0.0,0.30151134457776363,-0.5909622353724167,0.5909622353724167,NZD_CAD,7,3.0,short,39,200,59
99,-0.0549116440948845,0.10051367623478517,-0.2519184495150634,0.14209516132529443,43,-0.13920925441127158,0.14614183916423049,-0.4256472591731633,0.14722875035062016,NZD_CAD,10,1.5,long,142,522,202
91,-0.12291585244531572,0.10441347950194463,-0.32756627226912716,0.08173456737849574,40,-0.36808123068698423,0.14207383018778297,-0.6465459378550389,-0.08961652351892962,NZD_CAD,10,1.5,short,131,521,197
53,-0.14060111080667959,0.13579144746831234,-0.40675234784457176,0.1255501262312126,24,-0.11239854438604202,0.19982602075592934,-0.5040575450676635,0.2792604562955795,NZD_CAD,10,2.0,long,77,357,110
60,-0.006483842941621424,0.12950444577506917,-0.260312556660757,0.24734487077751413,27,-0.25925925925925924,0.18941048590991066,-0.6305038116426842,0.11198529312416566,NZD_CAD,10,2.0,short,87,356,120
41,-0.10336083330171822,0.1554272713004271,-0.40799828505055535,0.2012766184471189,18,-0.2222222222222222,0.23647127470752347,-0.6857059206489682,0.24126147620452376,NZD_CAD,10,2.5,long,59,257,75
41,0.21002364447567595,0.15334636479198396,-0.09053523051661261,0.5105825194679645,18,-0.1111111111111111,0.24103384202072908,-0.58353744147174,0.36131521924951787,NZD_CAD,10,2.5,short,59,256,81
28,-0.12171604248183407,0.18811122554510054,-0.4904140445502311,0.24698195958656297,13,0.23076923076923078,0.2808833628231621,-0.319762160364167,0.7813006219026286,NZD_CAD,10,3.0,long,41,197,54
28,0.2857142857142857,0.18442777839082938,-0.0757641599317399,0.6471927313603113,13,-0.07692307692307693,0.2878197989826109,-0.6410498829289943,0.48720372908284043,NZD_CAD,10,3.0,short,41,196,60
100,-0.06436252765393564,0.09995127977206363,-0.2602670360071803,0.13154198069930906,43,-0.04618599859731807,0.1475400212475109,-0.33536444024243944,0.2429924430478033,NZD_CAD,14,1.5,long,143,520,201
93,-0.12445562525829049,0.10290114636170473,-0.3261418721272318,0.07723062161065078,41,-0.28593290798730175,0.14515728891758822,-0.5704411942657747,-0.0014246217088288438,NZD_CAD,14,1.5,short,134,519,195
56,-0.15092605129917888,0.13190769619019144,-0.4094651358319541,0.1076130332335963,24,-0.11239854438604203,0.19982602075592934,-0.5040575450676635,0.2792604562955795,NZD_CAD,14,2.0,long,80,352,113
60,0.02684949039171191,0.12946001490807618,-0.22689213882811737,0.2805911196115412,27,-0.25925925925925924,0.18941048590991066,-0.6305038116426842,0.11198529312416566,NZD_CAD,14,2.0,short,87,351,120
41,-0.10336083330171822,0.1554272713004271,-0.40799828505055535,0.2012766184471189,18,-0.1111111111111111,0.24103384202072908,-0.58353744147174,0.36131521924951787,NZD_CAD,14,2.5,long,59,255,75
40,0.24027423558756786,0.15413949581418462,-0.06183917620823401,0.5423876473833698,18,-0.2222222222222222,0.23647127470752347,-0.6857059206489682,0.24126147620452376,NZD_CAD,14,2.5,short,58,254,82
28,-0.19314461391040552,0.18588401888443587,-0.5574772909238999,0.1711880631030888,12,0.16666666666666666,0.2972941950052816,-0.41602995554368527,0.7493632888770185,NZD_CAD,14,3.0,long,40,194,54
29,0.3103448275862069,0.17965105939714746,-0.041771248832202124,0.6624609040046159,13,-0.07692307692307693,0.2878197989826109,-0.6410498829289943,0.48720372908284043,NZD_CAD,14,3.0,short,42,193,58
102,-0.023884831033270246,0.09914193180534547,-0.21820301737174735,0.17043335530520687,44,-0.06424869213040571,0.1457141229238649,-0.3498483730611809,0.2213509888003695,NZD_CAD,21,1.5,long,146,518,203
98,-0.1691262566226634,0.09956447800419528,-0.3642726335108861,0.02602012026555936,42,-0.28892725573424943,0.14505455829480654,-0.5732341899920703,-0.004620321476428602,NZD_CAD,21,1.5,short,140,517,201
59,-0.16020099784328845,0.1283263444546039,-0.41172063297431205,0.09131863728773515,26,-0.1514535925391451,0.18731348128278352,-0.5185880158534009,0.21568083077511063,NZD_CAD,21,2.0,long,85,355,120
62,-0.0062746867176981524,0.12738558349746223,-0.25595043037272414,0.24340105693732783,28,-0.21428571428571427,0.18797967114804776,-0.5827258697358879,0.15415444116445934,NZD_CAD,21,2.0,short,90,354,125
39,-0.05737933757360121,0.15997668292954387,-0.37093363611550717,0.2561749609683048,18,-0.1111111111111111,0.24103384202072908,-0.58353744147174,0.36131521924951787,NZD_CAD,21,2.5,long,57,253,74
37,0.1891891891891892,0.16365677589716174,-0.13157809156924782,0.5099564699476262,17,-0.29411764705882354,0.23894230601870473,-0.7624445668554848,0.1742092727378377,NZD_CAD,21,2.5,short,54,252,82
29,-0.08303617894797771,0.18558438170027117,-0.4467815670805092,0.2807092091845538,13,0.07692307692307693,0.2878197989826109,-0.48720372908284043,0.6410498829289943,NZD_CAD,21,3.0,long,42,190,58
30,0.3333333333333333,0.17507524381296338,-0.009814144540074898,0.6764808112067415,14,-0.14285714285714285,0.2745054065230065,-0.6808877396422355,0.39517345392794984,NZD_CAD,21,3.0,short,44,189,59
84,0.0003254751369164712,0.10885116509503277,-0.21302280844934776,0.2136737587231807,37,-0.1639262678672849,0.1611421899407751,-0.47976496015120407,0.15191242441663425,NZD_CHF,7,1.5,long,121,515,175
82,0.08923457371784815,0.10872800305669793,-0.12387231227327977,0.3023414597089761,36,0.2977716554913975,0.15908088427999242,-0.01402687769738764,0.6095701886801826,NZD_CHF,7,1.5,short,118,514,161
53,-0.12335189228266143,0.1366755349389231,-0.39123594076295065,0.14453215619762783,23,-0.01580821586996082,0.20529978708159022,-0.41819579854987765,0.38657936680995597,NZD_CHF,7,2.0,long,76,338,112
52,0.0,0.140028008402801,-0.27445489646948995,0.27445489646948995,23,0.33564259120392653,0.19624658123040456,-0.04900070800766637,0.7202858904155194,NZD_CHF,7,2.0,short,75,338,100
34,-0.11764705882352941,0.1728687687191937,-0.45646984551314906,0.22117572786609027,15,0.4666666666666667,0.23637473611411156,0.0033721838830080286,0.9299611494503253,NZD_CHF,7,2.5,long,49,246,68
32,0.0625,0.17925416718060672,-0.2888381676739892,0.4138381676739892,15,0.2,0.26186146828319085,-0.313248477835054,0.7132484778350541,NZD_CHF,7,2.5,short,47,246,66
16,-0.125,0.25617376914899,-0.6271005875320204,0.37710058753202036,8,0.75,0.25,0.26,1.24,NZD_CHF,7,3.0,long,24,186,39
27,-0.18518518518518517,0.1927240401742195,-0.5629243039266554,0.19255393355628508,12,0.16666666666666666,0.2972941950052816,-0.41602995554368527,0.7493632888770185,NZD_CHF,7,3.0,short,39,186,49
84,0.02413499894644028,0.10881892927505407,-0.1891501024326657,0.23742010032554625,36,-0.14070199753026502,0.16395253929199047,-0.4620489745425663,0.18064497948203628,NZD_CHF,10,1.5,long,120,502,168
80,0.06646543806079436,0.11024985417061754,-0.14962427611361603,0.2825551522352048,35,0.27770798850543743,0.1623857401351078,-0.04056806215937381,0.5959840391702487,NZD_CHF,10,1.5,short,115,501,156
53,-0.010144345112850103,0.1377346443930157,-0.28010424812316087,0.25981555789746064,24,-0.05681620687537912,0.200791743739796,-0.4503680246053793,0.336735610854621,NZD_CHF,10,2.0,long,77,336,113
53,0.05660377358490566,0.13845271428402695,-0.2147635464117872,0.3279710935815985,23,0.33564259120392653,0.19624658123040456,-0.04900070800766637,0.7202858904155194,NZD_CHF,10,2.0,short,76,336,99
34,-0.17647058823529413,0.17134566617751038,-0.5123080939432144,0.15936691747262619,15,0.2,0.26186146828319085,-0.313248477835054,0.7132484778350541,NZD_CHF,10,2.5,long,49,247,73
35,0.08571428571428572,0.17086742893632048,-0.24918587500090242,0.4206144464294739,16,0.125,0.25617376914899,-0.37710058753202036,0.6271005875320204,NZD_CHF,10,2.5,short,51,247,73
19,-0.05263157894736842,0.23537557657892524,-0.5139677090420619,0.40870455114732507,9,0.7777777777777778,0.2222222222222222,0.34222222222222226,1.2133333333333334,NZD_CHF,10,3.0,long,28,188,41
28,-0.14285714285714285,0.1904761904761905,-0.5161904761904762,0.2304761904761905,12,0.16666666666666666,0.2972941950052816,-0.41602995554368527,0.7493632888770185,NZD_CHF,10,3.0,short,40,188,50
86,0.00031790594768584527,0.10758400978677987,-0.2105467532344027,0.2111825651297744,37,-0.13531074811687832,0.15955094552041743,-0.4480306013368965,0.17740910510313984,NZD_CHF,14,1.5,long,123,499,173
80,0.11646543806079437,0.1097235221323233,-0.09859266531855929,0.33152354144014806,35,0.2205651313625803,0.16494411906500633,-0.1027253420048321,0.5438556047299927,NZD_CHF,14,1.5,short,115,498,159
54,-0.028475005388538064,0.13639729452944183,-0.29581370266624407,0.23886369188916792,24,-0.05681620687537912,0.200791743739796,-0.4503680246053793,0.336735610854621,NZD_CHF,14,2.0,long,78,337,114
54,0.07407407407407407,0.13698319904900533,-0.19441299606197637,0.3425611442101245,24,0.36332414990376294,0.18991997248742026,-0.008918996171580762,0.7355672959791066,NZD_CHF,14,2.0,short,78,337,101
35,-0.02857142857142857,0.17142857142857143,-0.3645714285714286,0.30742857142857144,15,0.2,0.26186146828319085,-0.313248477835054,0.7132484778350541,NZD_CHF,14,2.5,long,50,245,75
36,0.05555555555555555,0.16876979928266733,-0.2752332510384724,0.38634436214958356,16,-0.125,0.25617376914899,-0.6271005875320204,0.37710058753202036,NZD_CHF,14,2.5,short,52,245,74
19,-0.2631578947368421,0.22739441047045122,-0.7088509392589265,0.18253514978524232,9,1.0,0.0,1.0,1.0,NZD_CHF,14,3.0,long,28,190,41
26,-0.15384615384615385,0.19761896274869428,-0.5411793208335947,0.23348701314128695,12,0.0,0.30151134457776363,-0.5909622353724167,0.5909622353724167,NZD_CHF,14,3.0,short,38,190,50
88,-0.02241659191476155,0.10633294687652045,-0.23082916779274165,0.18599598396321854,39,-0.17965378667498713,0.15439305380408602,-0.4822641721309957,0.12295659878102147,NZD_CHF,21,1.5,long,127,501,175
74,0.13577390488823257,0.11443094038019537,-0.08851073825695036,0.3600585480334155,33,0.3551448362936458,0.16259118731491198,0.03646610915641829,0.6738235634308734,NZD_CHF,21,1.5,short,107,500,158
56,-0.02745804091037599,0.13393016082097156,-0.28996115611948026,0.23504507429872826,25,-0.014543558600363955,0.19717736989301185,-0.40101120359066716,0.3719240863899393,NZD_CHF,21,2.0,long,81,340,115
56,0.07142857142857142,0.13449555309875313,-0.19218271264498474,0.33503985550212756,25,0.14879118390761242,0.19801116577798875,-0.2393107010172455,0.5368930688324703,NZD_CHF,21,2.0,short,81,340,103
35,-0.02857142857142857,0.17142857142857143,-0.3645714285714286,0.30742857142857144,16,0.125,0.25617376914899,-0.37710058753202036,0.6271005875320204,NZD_CHF,21,2.5,long,51,242,75
35,-0.02857142857142857,0.17142857142857143,-0.3645714285714286,0.30742857142857144,15,-0.06666666666666667,0.2666666666666666,-0.5893333333333332,0.45599999999999985,NZD_CHF,21,2.5,short,50,242,73
21,-0.23809523809523808,0.21717627144745486,-0.6637607301322496,0.1875702539417734,9,0.7777777777777778,0.2222222222222222,0.34222222222222226,1.2133333333333334,NZD_CHF,21,3.0,long,30,192,41
26,-0.15384615384615385,0.19761896274869428,-0.5411793208335947,0.23348701314128695,12,0.0,0.30151134457776363,-0.5909622353724167,0.5909622353724167,NZD_CHF,21,3.0,short,38,192,51
74,-0.039450886866935854,0.1129581872644722,-0.26084893390530134,0.18194716017142964,32,0.1875,0.176419930663981,-0.1582830641014028,0.5332830641014028,EUR_NOK,7,1.5,long,106,457,160
90,-0.007645371809516721,0.10181787675752368,-0.20720841025426312,0.1919176666352297,39,0.04837819786857114,0.15996277416876817,-0.26514883950221446,0.3619052352393567,EUR_NOK,7,1.5,short,129,457,186
39,-0.15801267774985644,0.15439303577670643,-0.46062302787220105,0.14459767237248816,18,0.0,0.24253562503633302,-0.4753698250712127,0.4753698250712127,EUR_NOK,7,2.0,long,57,316,102
58,-0.06949883550186889,0.1260155695244792,-0.31648935176984816,0.17749168076611035,25,0.02144416380921646,0.1963172673445086,-0.3633376801860204,0.4062260078044533,EUR_NOK,7,2.0,short,83,316,124
25,-0.0429390760072885,0.19580822444232174,-0.42672319591423913,0.3408450438996621,11,-0.2727272727272727,0.30424000964875475,-0.869037691638832,0.32358314618428663,EUR_NOK,7,2.5,long,36,237,64
38,-0.08001720295695185,0.15666196349414935,-0.3870746514054846,0.22704024549158086,17,0.0360805736818845,0.23351525342217733,-0.42160932302558307,0.49377047038935207,EUR_NOK,7,2.5,short,55,237,91
19,-0.14321671897369273,0.2168375815279519,-0.5682183787684785,0.28178494082109296,9,0.1111111111111111,0.35136418446315326,-0.5775626904366693,0.7997849126588914,EUR_NOK,7,3.0,long,28,187,46
30,0.2955267316763184,0.1741908308897962,-0.04588729686768217,0.636940760220319,13,0.24385612062896378,0.2763733705866239,-0.2978356857208191,0.7855479269787466,EUR_NOK,7,3.0,short,43,187,69
77,-0.01672295295039261,0.10962586168451396,-0.23158964185203998,0.19814373595125476,33,0.030303030303030304,0.1766955119650091,-0.3160201731483875,0.37662623375444815,EUR_NOK,10,1.5,long,110,448,162
91,-0.003371752543839501,0.10131846437684625,-0.20195594272245815,0.19521243763477913,39,-0.002903853413480138,0.1601544816908744,-0.31680663752759397,0.31099893070063367,EUR_NOK,10,1.5,short,130,448,188
40,-0.17906236080611002,0.15194880117427284,-0.4768820111076848,0.11875728949546474,18,-0.1111111111111111,0.24103384202072908,-0.58353744147174,0.36131521924951787,EUR_NOK,10,2.0,long,58,314,101
58,-0.08668870153234778,0.12462079929954283,-0.3309454681594517,0.15756806509475615,26,0.13600400366270812,0.19076708982537052,-0.2378994923950181,0.5099074997204344,EUR_NOK,10,2.0,short,84,314,123
25,-0.042939076007288496,0.19580822444232177,-0.42672319591423913,0.3408450438996622,12,-0.16666666666666666,0.2972941950052816,-0.7493632888770185,0.41602995554368527,EUR_NOK,10,2.5,long,37,240,64
43,-0.03932294147687008,0.14758059740313018,-0.32858091238700526,0.2499350294332651,19,-0.07298053933726124,0.22132590430369073,-0.5067793117724951,0.3608182330979726,EUR_NOK,10,2.5,short,62,240,95
21,-0.0343389362142934,0.20956466613548277,-0.44508568183983965,0.37640780941125285,9,0.1111111111111111,0.35136418446315326,-0.5775626904366693,0.7997849126588914,EUR_NOK,10,3.0,long,30,183,49
28,0.11473395383967008,0.18572095206140993,-0.24927911220069335,0.47874701988003354,12,0.3475107973480441,0.27851771994023294,-0.1983839337348125,0.8934055284309006,EUR_NOK,10,3.0,short,40,183,71
77,-0.04269697892441859,0.1095332003832865,-0.2573820516756601,0.17198809382682292,33,0.030303030303030304,0.1766955119650091,-0.3160201731483875,0.37662623375444815,EUR_NOK,14,1.5,long,110,445,162
89,0.013541643136339605,0.10189770876603278,-0.18617786604508466,0.21326115231776385,39,-0.002903853413480138,0.1601544816908744,-0.31680663752759397,0.31099893070063367,EUR_NOK,14,1.5,short,128,445,190
37,-0.21785938985297634,0.15634249126399238,-0.5242906727304014,0.0885718930244487,16,-0.25,0.25,-0.74,0.24,EUR_NOK,14,2.0,long,53,309,97
56,-0.03423428220499549,0.12804583932135452,-0.28520412727485034,0.21673556286485937,25,0.18144416380921646,0.1928415945972904,-0.19652536160147271,0.5594136892199056,EUR_NOK,14,2.0,short,81,309,122
28,-0.14548131786365046,0.18350639657707815,-0.5051538551547237,0.21419121942742272,12,0.0,0.30151134457776363,-0.5909622353724167,0.5909622353724167,EUR_NOK,14,2.5,long,40,239,66
42,-0.07239651696105165,0.14958438126934204,-0.36558190424896203,0.22078887032685873,19,-0.07298053933726124,0.22132590430369073,-0.5067793117724951,0.3608182330979726,EUR_NOK,14,2.5,short,61,239,97
18,0.015493463305546573,0.2248145805555559,-0.425143114583343,0.4561300411944361,8,0.25,0.3659625273556999,-0.46728655361717175,0.9672865536171718,EUR_NOK,14,3.0,long,26,187,46
30,0.04041835691702541,0.18066205510760527,-0.31367927109388094,0.3945159849279317,14,0.35038470489546797,0.24629119257372276,-0.1323460325490286,0.8331154423399645,EUR_NOK,14,3.0,short,44,187,72
77,-0.003565417757149699,0.1088599545022984,-0.21693092858165455,0.20980009306735517,34,0.058823529411764705,0.173776222559058,-0.281777866803989,0.3994249256275184,EUR_NOK,21,1.5,long,111,451,168
93,-0.014560945708514642,0.09938540095709905,-0.2093563315844288,0.18023444016739948,40,0.022168742921856867,0.1581000322339744,-0.2877073202567329,0.3320448061004467,EUR_NOK,21,1.5,short,133,451,196
38,-0.1858104585410559,0.15551088780800684,-0.49061179864474935,0.11899088156263751,17,-0.29411764705882354,0.2389423060187047,-0.7624445668554847,0.17420927273783765,EUR_NOK,21,2.0,long,55,307,98
54,-0.021589041972908323,0.13111565264703354,-0.2785757211610941,0.23539763721527743,24,0.23067100396793383,0.1943903480304676,-0.15033407817178263,0.6116760861076502,EUR_NOK,21,2.0,short,78,307,119
28,-0.07405274643507902,0.18508207782652566,-0.4368136189750693,0.28870812610491126,13,0.07692307692307693,0.2878197989826109,-0.48720372908284043,0.6410498829289943,EUR_NOK,21,2.5,long,41,237,68
42,-0.02477746934200403,0.14996115794578804,-0.3187013389157486,0.2691464002317405,18,0.0896316529217798,0.22657950565270252,-0.3544641781575171,0.5337274840010767,EUR_NOK,21,2.5,short,60,237,94
19,0.06687172484888733,0.2188699683856047,-0.36211341318689794,0.49585686288467257,9,0.1111111111111111,0.35136418446315326,-0.5775626904366693,0.7997849126588914,EUR_NOK,21,3.0,long,28,187,49
30,0.11590217737590301,0.178647941981795,-0.2342477889084152,0.46605214366022124,14,0.35038470489546797,0.24629119257372276,-0.1323460325490286,0.8331154423399645,EUR_NOK,21,3.0,short,44,187,74
100,-0.06,0.10032271160931835,-0.25663251475426396,0.13663251475426397,43,0.023255813953488372,0.15426161815606512,-0.2790969576323993,0.325608585539376,USD_ZAR,7,1.5,long,143,495,231
102,-0.019607843137254898,0.09948458920845626,-0.21459763798582918,0.1753819517113194,44,0.13636363636363635,0.15107405843505764,-0.1597415181690766,0.4324687908963493,USD_ZAR,7,1.5,short,146,495,228
57,0.052631578947368224,0.1334454086413447,-0.20892142198966737,0.31418457988440385,25,0.04,0.20396078054371142,-0.3597631298656744,0.43976312986567434,USD_ZAR,7,2.0,long,82,363,150
58,-0.13793103448275842,0.13118722590563486,-0.3950579972578028,0.1191959282922859,25,-0.28,0.19595917942265426,-0.6640799916684024,0.10407999166840232,USD_ZAR,7,2.0,short,83,363,150
39,0.1794871794871792,0.15958699594164077,-0.1333033325584367,0.4922776915327951,17,-0.17647058823529413,0.24607647839237515,-0.6587804858843495,0.30583930941376114,USD_ZAR,7,2.5,long,56,267,96
42,-0.2857142857142857,0.14966363480776673,-0.5790550099375085,0.007626438508937072,18,-0.1111111111111111,0.24103384202072908,-0.58353744147174,0.36131521924951787,USD_ZAR,7,2.5,short,60,267,106
30,0.2,0.18194353045893683,-0.15660931969951614,0.5566093196995161,13,-0.2307692307692316,0.28088336282316184,-0.7813006219026288,0.3197621603641656,USD_ZAR,7,3.0,long,43,206,68
29,0.034482758620689655,0.18886984741557453,-0.3357021423138364,0.4046676595552157,13,-0.07692307692307693,0.2878197989826109,-0.6410498829289943,0.48720372908284043,USD_ZAR,7,3.0,short,42,205,74
98,-0.10204081632653061,0.10100462742300449,-0.3000098860756194,0.09592825342255817,43,0.06976744186046537,0.1539273564021622,-0.23193017668777255,0.37146506040870325,USD_ZAR,10,1.5,long,141,489,226
102,0.058823529411764705,0.09933141807957062,-0.13586605002419372,0.2535131088477231,45,0.06666666666666667,0.15042028661807097,-0.22815709510475246,0.36149042843808576,USD_ZAR,10,1.5,short,147,489,228
56,0.035714285714285525,0.13475395017289293,-0.2284034566245846,0.2998320280531557,24,-0.16666666666666666,0.20559798491465375,-0.569638717099388,0.23630538376605467,USD_ZAR,10,2.0,long,80,365,150
60,-0.1666666666666665,0.1283679973729013,-0.4182679415175531,0.08493460818422008,26,-0.3076923076923077,0.1902971827208151,-0.6806747858251053,0.0652901704404899,USD_ZAR,10,2.0,short,86,365,150
38,0.2631578947368418,0.1586043796843966,-0.04770668944457557,0.5740224789182592,17,-0.058823529411764705,0.2495670992423109,-0.547975043926694,0.43032798510316467,USD_ZAR,10,2.5,long,55,266,95
45,-0.28888888888888886,0.1443278472686202,-0.5717714695353844,-0.006006308242393288,20,-0.1,0.22826577307580465,-0.5474009152285771,0.3474009152285771,USD_ZAR,10,2.5,short,65,266,106
29,0.1724137931034483,0.1861521539674008,-0.19244442867265732,0.5372720148795539,13,-0.07692307692307693,0.2878197989826109,-0.6410498829289943,0.48720372908284043,USD_ZAR,10,3.0,long,42,203,69
27,-0.1111111111111111,0.19490178206822872,-0.4931186039648394,0.2708963817426172,12,0.0,0.30151134457776363,-0.5909622353724167,0.5909622353724167,USD_ZAR,10,3.0,short,39,202,73
101,-0.10891089108910891,0.09940515166741491,-0.3037449883572421,0.08592320617902431,44,0.1363636363636366,0.1510740584350577,-0.15974151816907647,0.4324687908963497,USD_ZAR,14,1.5,long,145,493,232
102,4.353815782843751e-18,0.09950371902099892,-0.19502728928115787,0.19502728928115787,45,0.06666666666666667,0.15042028661807097,-0.22815709510475246,0.36149042843808576,USD_ZAR,14,1.5,short,147,493,233
56,-1.9032394707859825e-16,0.1348399724926484,-0.26428634608559104,0.2642863460855907,25,-0.12,0.20264912204760885,-0.5171922792133133,0.27719227921331335,USD_ZAR,14,2.0,long,81,358,149
61,-0.18032786885245902,0.12698306053139072,-0.42921466749398485,0.06855892978906677,27,-0.3333333333333333,0.1849000654084097,-0.6957374615338163,0.029070794867149696,USD_ZAR,14,2.0,short,88,358,156
39,0.28205128205128177,0.1556351227350984,-0.022993558509511125,0.5870961226120747,17,-0.058823529411764705,0.2495670992423109,-0.547975043926694,0.43032798510316467,USD_ZAR,14,2.5,long,56,263,94
47,-0.27659574468085085,0.14168970951745274,-0.5543075753350581,0.0011160859733564954,21,-0.23809523809523808,0.21717627144745486,-0.6637607301322496,0.1875702539417734,USD_ZAR,14,2.5,short,68,263,110
28,0.21428571428571427,0.18797967114804778,-0.1541544411644594,0.5827258697358879,13,-0.23076923076923078,0.2808833628231621,-0.7813006219026286,0.319762160364167,USD_ZAR,14,3.0,long,41,201,69
30,-0.3333333333333333,0.1750752438129634,-0.6764808112067415,0.009814144540074954,13,-0.07692307692307693,0.2878197989826109,-0.6410498829289943,0.48720372908284043,USD_ZAR,14,3.0,short,43,201,77
101,-0.0297029702970297,0.09995587694355614,-0.22561648910639973,0.16621054851234032,44,0.045454545454545706,0.15234094902916004,-0.253133714642608,0.34404280555169936,USD_ZAR,21,1.5,long,145,491,237
104,0.019230769230769232,0.09851470628547067,-0.1738580550887533,0.21231959355029173,45,0.022222222222222223,0.1507184440694504,-0.2731859281539006,0.317630372598345,USD_ZAR,21,1.5,short,149,491,235
59,-0.01694915254237306,0.1312875710578785,-0.27427279181581493,0.24037448673106881,26,0.0,0.20000000000000004,-0.39200000000000007,0.39200000000000007,USD_ZAR,21,2.0,long,85,352,147
62,-0.0967741935483871,0.12743592124665862,-0.346548599191838,0.1530002120950638,28,-0.35714285714285715,0.17975796274454164,-0.7094684641221587,-0.004817250163555553,USD_ZAR,21,2.0,short,90,352,156
39,0.3333333333333333,0.1529438225803745,0.03356344107579928,0.6331032255908673,17,-0.17647058823529413,0.24607647839237515,-0.6587804858843495,0.30583930941376114,USD_ZAR,21,2.5,long,56,267,99
51,-0.1764705882352939,0.13920187724940275,-0.4493062676441233,0.0963650911735355,23,-0.30434782608695654,0.2030866810856147,-0.7023977210147614,0.09370206884084825,USD_ZAR,21,2.5,short,74,267,114
28,0.35714285714285715,0.17975796274454164,0.004817250163555553,0.7094684641221587,12,-0.3333333333333333,0.2842676218074806,-0.8904978720759953,0.22383120540932872,USD_ZAR,21,3.0,long,40,198,70
30,-0.26666666666666666,0.17897109079679924,-0.6174500046283932,0.08411667129505984,14,-0.2857142857142857,0.26578871697687523,-0.8066601709889611,0.23523159956038975,USD_ZAR,21,3.0,short,44,198,79
79,0.029817558844280757,0.1125493179518279,-0.19077910434130194,0.25041422202986346,35,0.11458114747101424,0.16788500851857968,-0.21447346922540195,0.4436357641674304,USD_NOK,7,1.5,long,114,496,176
96,-0.020833333333333443,0.10257556763685682,-0.22188144590157283,0.18021477923490592,42,0.0,0.15617376188860607,-0.3061005733016679,0.3061005733016679,USD_NOK,7,1.5,short,138,496,197
57,-0.01754385964912262,0.13361005448884053,-0.2794195664472501,0.24433184714900483,25,-0.12,0.20264912204760885,-0.5171922792133133,0.27719227921331335,USD_NOK,7,2.0,long,82,347,113
60,-0.23333333333333334,0.12659528169880283,-0.4814600854629869,0.014793418796320207,26,-0.07692307692307693,0.19940740610485724,-0.46776159288859714,0.3139154390424433,USD_NOK,7,2.0,short,86,347,123
40,0.2500000000000003,0.15504341823651058,-0.05388509974356043,0.5538850997435609,18,0.0,0.24253562503633302,-0.4753698250712127,0.4753698250712127,USD_NOK,7,2.5,long,58,268,80
42,-0.2857142857142857,0.14966363480776676,-0.5790550099375085,0.007626438508937128,19,-0.2631578947368421,0.2273944104704512,-0.7088509392589264,0.18253514978524227,USD_NOK,7,2.5,short,61,268,90
21,0.23809523809523808,0.21717627144745486,-0.1875702539417734,0.6637607301322496,9,0.5555555555555556,0.2939723678960656,-0.020630285520732983,1.1317413966318441,USD_NOK,7,3.0,long,30,185,44
30,-0.13333333333333333,0.1840373108931074,-0.4940464626838238,0.22737979601715716,14,-0.2857142857142857,0.26578871697687523,-0.8066601709889611,0.23523159956038975,USD_NOK,7,3.0,short,44,185,58
77,0.05656606686621013,0.11387061990245471,-0.1666203481426011,0.27975248187502133,33,0.21212121212121213,0.17275385228774817,-0.1264763383627743,0.5507187626051986,USD_NOK,10,1.5,long,110,487,171
96,-0.020833333333333443,0.10257556763685682,-0.22188144590157283,0.18021477923490592,42,-0.047619047619047616,0.1559965936388461,-0.35337237115118597,0.25813427591309074,USD_NOK,10,1.5,short,138,487,195
58,1.914177628664063e-16,0.1324532357065044,-0.25960834198474847,0.2596083419847488,25,-0.2,0.2,-0.5920000000000001,0.192,USD_NOK,10,2.0,long,83,349,115
62,-0.1935483870967742,0.12561579608905027,-0.4397553474313127,0.05265857323776432,27,0.037037037037037035,0.19598157859737708,-0.347086857013822,0.4211609310878961,USD_NOK,10,2.0,short,89,349,126
39,0.23076923076923103,0.15784282339771602,-0.07860270309029235,0.5401411646287544,18,0.0,0.24253562503633302,-0.4753698250712127,0.4753698250712127,USD_NOK,10,2.5,long,57,263,80
44,-0.2727272727272727,0.14671756087016888,-0.5602936920328037,0.0148391465782583,19,-0.2631578947368421,0.22739441047045122,-0.7088509392589265,0.18253514978524232,USD_NOK,10,2.5,short,63,263,95
21,0.42857142857142855,0.20203050891044214,0.03259163110696195,0.8245512260358951,9,0.3333333333333333,0.3333333333333333,-0.32,0.9866666666666666,USD_NOK,10,3.0,long,30,182,45
28,-0.14285714285714285,0.1904761904761905,-0.5161904761904762,0.2304761904761905,13,-0.23076923076923078,0.2808833628231621,-0.7813006219026286,0.319762160364167,USD_NOK,10,3.0,short,41,182,59
82,0.016531550593880246,0.11050241962494263,-0.20005319187100729,0.2331162930587678,36,0.2222222222222222,0.16480441082434807,-0.1007944229935,0.5452388674379445,USD_NOK,14,1.5,long,118,481,173
98,-0.04081632653061235,0.10145000431823833,-0.23965833499435948,0.1580256819331348,42,0.0,0.15617376188860607,-0.3061005733016679,0.3061005733016679,USD_NOK,14,1.5,short,140,481,196
56,0.042757246917790044,0.13395139419477303,-0.2197874857039651,0.3053019795395452,24,-0.08333333333333333,0.20778914433245896,-0.49060005622495284,0.3239333895582862,USD_NOK,14,2.0,long,80,348,115
63,-0.23809523809523808,0.12334783348623492,-0.4798569917282585,0.0036665155377823555,28,0.0,0.19245008972987526,-0.3772021758705555,0.3772021758705555,USD_NOK,14,2.0,short,91,348,127
39,0.2634913595853235,0.1544844411044714,-0.03929814497944045,0.5662808641500874,18,-0.1111111111111111,0.24103384202072908,-0.58353744147174,0.36131521924951787,USD_NOK,14,2.5,long,57,263,79
49,-0.2653061224489796,0.13916511935699852,-0.5380697563886967,0.007457511490737478,21,-0.23809523809523808,0.21717627144745486,-0.6637607301322496,0.1875702539417734,USD_NOK,14,2.5,short,70,263,100
18,0.2222222222222222,0.23647127470752347,-0.24126147620452376,0.6857059206489682,8,0.25,0.3659625273556999,-0.46728655361717175,0.9672865536171718,USD_NOK,14,3.0,long,26,181,43
29,-0.2413793103448276,0.18339419181267275,-0.6008319262976661,0.11807330560801096,13,-0.07692307692307693,0.2878197989826109,-0.6410498829289943,0.48720372908284043,USD_NOK,14,3.0,short,42,181,64
82,0.016531550593880243,0.11050241962494264,-0.20005319187100734,0.2331162930587678,36,0.16666666666666666,0.16666666666666666,-0.16,0.4933333333333333,USD_NOK,21,1.5,long,118,482,179
98,-0.0816326530612246,0.10119574325600822,-0.2799763098430007,0.1167110037205515,42,-0.09523809523809523,0.15546387747761883,-0.39994729509422816,0.2094711046180377,USD_NOK,21,1.5,short,140,482,200
53,0.06404539296974043,0.13755767789719267,-0.20556765570875718,0.33365844164823805,24,-0.08333333333333333,0.20778914433245896,-0.49060005622495284,0.3239333895582862,USD_NOK,21,2.0,long,77,347,111
65,-0.13846153846153847,0.12379597645716217,-0.3811016523175763,0.10417857539449937,29,0.034482758620689655,0.18886984741557453,-0.3357021423138364,0.4046676595552157,USD_NOK,21,2.0,short,94,347,129
39,0.2634913595853235,0.1544844411044714,-0.03929814497944045,0.5662808641500874,18,0.0,0.24253562503633302,-0.4753698250712127,0.4753698250712127,USD_NOK,21,2.5,long,57,263,77
49,-0.1836734693877551,0.14188199737832796,-0.46176218424927795,0.0944152454737677,22,-0.2727272727272727,0.20994555243259116,-0.6842205554951514,0.13876601004060596,USD_NOK,21,2.5,short,71,263,101
16,0.125,0.25617376914899,-0.37710058753202036,0.6271005875320204,8,0.5,0.32732683535398854,-0.14156059729381754,1.1415605972938176,USD_NOK,21,3.0,long,24,179,42
28,-0.2857142857142857,0.18442777839082938,-0.6471927313603113,0.0757641599317399,13,-0.07692307692307693,0.2878197989826109,-0.6410498829289943,0.48720372908284043,USD_NOK,21,3.0,short,41,179,64
