pair,entry_ts,exit_ts,r
CHF_JPY,2016-01-05 10:00:00,2016-01-07 06:00:00,-1.0
USD_JPY,2016-01-05 10:00:00,2016-01-06 22:00:00,-1.0
CAD_CHF,2016-01-05 14:00:00,2016-01-06 22:00:00,1.0
USD_JPY,2016-01-05 18:00:00,2016-01-06 22:00:00,-1.0
CHF_JPY,2016-01-05 18:00:00,2016-01-07 06:00:00,-1.0
CHF_JPY,2016-01-06 02:00:00,2016-01-07 22:00:00,1.0
USD_JPY,2016-01-06 02:00:00,2016-01-07 06:00:00,-1.0
CHF_JPY,2016-01-06 10:00:00,2016-01-07 22:00:00,1.0
USD_JPY,2016-01-06 10:00:00,2016-01-07 06:00:00,-1.0
USD_JPY,2016-01-07 02:00:00,2016-01-10 22:00:00,-1.0
USD_JPY,2016-01-07 10:00:00,2016-01-10 22:00:00,-1.0
USD_JPY,2016-01-07 22:00:00,2016-01-10 22:00:00,-1.0
CHF_JPY,2016-01-10 22:00:00,2016-01-13 10:00:00,-1.0
USD_JPY,2016-01-10 22:00:00,2016-01-20 06:00:00,-1.0
CHF_JPY,2016-01-12 18:00:00,2016-01-20 06:00:00,-1.0
CAD_CHF,2016-01-13 10:00:00,2016-01-13 18:00:00,1.0
USD_JPY,2016-01-14 02:00:00,2016-01-20 06:00:00,-1.0
CHF_JPY,2016-01-14 02:00:00,2016-01-21 10:00:00,-1.0
USD_JPY,2016-01-15 18:00:00,2016-01-22 06:00:00,1.0
CHF_JPY,2016-01-18 06:00:00,2016-01-21 10:00:00,-1.0
CAD_CHF,2016-01-19 06:00:00,2016-01-19 14:00:00,1.0
USD_JPY,2016-01-20 06:00:00,2016-01-21 22:00:00,1.0
CHF_JPY,2016-01-20 06:00:00,2016-01-21 14:00:00,-1.0
USD_JPY,2016-01-20 18:00:00,2016-01-22 02:00:00,1.0
CAD_CHF,2016-01-21 02:00:00,2016-01-21 10:00:00,-1.0
CAD_CHF,2016-01-21 14:00:00,2016-01-22 10:00:00,-1.0
CHF_JPY,2016-01-21 14:00:00,2016-01-29 02:00:00,1.0
EUR_GBP,2016-01-21 18:00:00,2016-01-22 10:00:00,-1.0
CAD_CHF,2016-01-22 10:00:00,2016-01-26 06:00:00,1.0
EUR_GBP,2016-01-22 10:00:00,2016-01-25 22:00:00,1.0
CHF_JPY,2016-01-22 14:00:00,2016-01-29 02:00:00,1.0
CAD_CHF,2016-01-24 22:00:00,2016-01-25 18:00:00,1.0
EUR_GBP,2016-01-25 02:00:00,2016-01-26 06:00:00,1.0
CHF_JPY,2016-01-25 14:00:00,2016-01-29 02:00:00,1.0
CHF_JPY,2016-01-26 02:00:00,2016-01-29 02:00:00,1.0
USD_JPY,2016-01-26 06:00:00,2016-01-29 02:00:00,1.0
CAD_CHF,2016-01-26 14:00:00,2016-01-27 10:00:00,1.0
EUR_GBP,2016-01-26 18:00:00,2016-01-27 18:00:00,1.0
CHF_JPY,2016-01-26 18:00:00,2016-01-29 02:00:00,1.0
CHF_JPY,2016-01-27 02:00:00,2016-01-29 02:00:00,1.0
CAD_CHF,2016-01-27 18:00:00,2016-01-29 02:00:00,-1.0
USD_JPY,2016-01-29 02:00:00,2016-02-03 10:00:00,-1.0
EUR_GBP,2016-01-29 06:00:00,2016-02-03 10:00:00,-1.0
CAD_CHF,2016-01-29 06:00:00,2016-01-31 22:00:00,-1.0
CAD_CHF,2016-01-29 14:00:00,2016-02-05 10:00:00,1.0
CAD_CHF,2016-01-31 22:00:00,2016-02-02 14:00:00,1.0
EUR_GBP,2016-02-01 22:00:00,2016-02-04 10:00:00,1.0
CHF_JPY,2016-02-02 02:00:00,2016-02-03 14:00:00,-1.0
USD_JPY,2016-02-02 06:00:00,2016-02-02 22:00:00,-1.0
CHF_JPY,2016-02-02 14:00:00,2016-02-03 14:00:00,-1.0
EUR_GBP,2016-02-02 18:00:00,2016-02-04 10:00:00,1.0
USD_JPY,2016-02-02 18:00:00,2016-02-03 14:00:00,-1.0
CHF_JPY,2016-02-03 02:00:00,2016-02-09 02:00:00,-1.0
USD_JPY,2016-02-03 10:00:00,2016-02-03 14:00:00,-1.0
EUR_GBP,2016-02-03 10:00:00,2016-02-04 06:00:00,1.0
CAD_CHF,2016-02-03 14:00:00,2016-02-04 10:00:00,-1.0
USD_JPY,2016-02-03 18:00:00,2016-02-04 14:00:00,-1.0
CAD_CHF,2016-02-04 02:00:00,2016-02-04 18:00:00,1.0
USD_JPY,2016-02-04 18:00:00,2016-02-08 14:00:00,-1.0
CHF_JPY,2016-02-08 18:00:00,2016-02-09 02:00:00,-1.0
USD_JPY,2016-02-08 18:00:00,2016-02-09 02:00:00,-1.0
USD_JPY,2016-02-09 02:00:00,2016-02-10 18:00:00,-1.0
USD_JPY,2016-02-09 14:00:00,2016-02-10 18:00:00,-1.0
USD_JPY,2016-02-10 02:00:00,2016-02-10 18:00:00,-1.0
CHF_JPY,2016-02-10 22:00:00,2016-02-11 06:00:00,-1.0
USD_JPY,2016-02-10 22:00:00,2016-02-11 06:00:00,-1.0
USD_JPY,2016-02-11 06:00:00,2016-02-11 10:00:00,1.0
CHF_JPY,2016-02-11 06:00:00,2016-02-15 02:00:00,1.0
USD_JPY,2016-02-11 18:00:00,2016-02-14 22:00:00,1.0
CAD_CHF,2016-02-12 10:00:00,2016-02-12 14:00:00,-1.0
EUR_GBP,2016-02-12 14:00:00,2016-02-23 14:00:00,1.0
CAD_CHF,2016-02-12 18:00:00,2016-02-15 10:00:00,-1.0
CAD_CHF,2016-02-15 02:00:00,2016-02-16 02:00:00,-1.0
EUR_GBP,2016-02-15 06:00:00,2016-02-17 06:00:00,1.0
CAD_CHF,2016-02-15 14:00:00,2016-02-17 14:00:00,-1.0
EUR_GBP,2016-02-15 14:00:00,2016-02-16 14:00:00,1.0
CAD_CHF,2016-02-16 02:00:00,2016-02-16 14:00:00,1.0
CHF_JPY,2016-02-16 10:00:00,2016-02-18 10:00:00,-1.0
EUR_GBP,2016-02-16 10:00:00,2016-02-18 10:00:00,-1.0
CHF_JPY,2016-02-16 18:00:00,2016-02-18 14:00:00,-1.0
USD_JPY,2016-02-16 18:00:00,2016-02-18 22:00:00,-1.0
USD_JPY,2016-02-17 06:00:00,2016-02-18 22:00:00,-1.0
CAD_CHF,2016-02-17 22:00:00,2016-02-19 10:00:00,1.0
CHF_JPY,2016-02-18 02:00:00,2016-02-18 22:00:00,-1.0
CHF_JPY,2016-02-18 14:00:00,2016-02-22 14:00:00,-1.0
CAD_CHF,2016-02-18 14:00:00,2016-02-19 14:00:00,1.0
EUR_GBP,2016-02-18 14:00:00,2016-02-22 06:00:00,1.0
CHF_JPY,2016-02-19 02:00:00,2016-02-22 18:00:00,-1.0
USD_JPY,2016-02-19 02:00:00,2016-02-23 06:00:00,-1.0
CHF_JPY,2016-02-19 10:00:00,2016-02-22 22:00:00,-1.0
USD_JPY,2016-02-19 18:00:00,2016-02-24 14:00:00,-1.0
EUR_GBP,2016-02-21 22:00:00,2016-02-23 22:00:00,1.0
CHF_JPY,2016-02-22 14:00:00,2016-02-25 22:00:00,1.0
CAD_CHF,2016-02-22 14:00:00,2016-02-23 10:00:00,1.0
CHF_JPY,2016-02-22 22:00:00,2016-02-25 02:00:00,1.0
USD_JPY,2016-02-23 02:00:00,2016-02-24 14:00:00,-1.0
CHF_JPY,2016-02-23 10:00:00,2016-02-25 22:00:00,1.0
USD_JPY,2016-02-23 10:00:00,2016-02-24 14:00:00,-1.0
USD_JPY,2016-02-24 06:00:00,2016-02-25 22:00:00,1.0
CHF_JPY,2016-02-24 06:00:00,2016-02-25 02:00:00,1.0
USD_JPY,2016-02-24 14:00:00,2016-02-25 02:00:00,1.0
CAD_CHF,2016-02-25 02:00:00,2016-02-25 10:00:00,-1.0
CAD_CHF,2016-02-25 14:00:00,2016-02-26 10:00:00,-1.0
CAD_CHF,2016-02-25 22:00:00,2016-02-26 10:00:00,-1.0
CAD_CHF,2016-02-26 10:00:00,2016-03-01 14:00:00,-1.0
USD_JPY,2016-02-29 06:00:00,2016-03-01 14:00:00,1.0
CHF_JPY,2016-02-29 10:00:00,2016-03-01 18:00:00,1.0
CAD_CHF,2016-02-29 14:00:00,2016-03-01 14:00:00,-1.0
EUR_GBP,2016-02-29 14:00:00,2016-03-02 10:00:00,-1.0
EUR_GBP,2016-02-29 22:00:00,2016-03-02 10:00:00,-1.0
USD_JPY,2016-02-29 22:00:00,2016-03-01 14:00:00,1.0
CHF_JPY,2016-03-01 02:00:00,2016-03-01 14:00:00,1.0
EUR_GBP,2016-03-01 10:00:00,2016-03-02 14:00:00,-1.0
CAD_CHF,2016-03-01 18:00:00,2016-03-07 14:00:00,-1.0
EUR_GBP,2016-03-01 18:00:00,2016-03-02 14:00:00,-1.0
CAD_CHF,2016-03-02 06:00:00,2016-03-07 06:00:00,-1.0
EUR_GBP,2016-03-02 06:00:00,2016-03-02 14:00:00,-1.0
EUR_GBP,2016-03-02 14:00:00,2016-03-10 14:00:00,1.0
CHF_JPY,2016-03-02 22:00:00,2016-03-08 14:00:00,-1.0
EUR_GBP,2016-03-03 06:00:00,2016-03-10 14:00:00,1.0
USD_JPY,2016-03-03 18:00:00,2016-03-08 14:00:00,-1.0
EUR_GBP,2016-03-03 22:00:00,2016-03-10 14:00:00,1.0
CHF_JPY,2016-03-04 02:00:00,2016-03-07 06:00:00,-1.0
USD_JPY,2016-03-04 02:00:00,2016-03-08 14:00:00,-1.0
CAD_CHF,2016-03-04 18:00:00,2016-03-09 14:00:00,-1.0
CHF_JPY,2016-03-07 10:00:00,2016-03-09 10:00:00,-1.0
EUR_GBP,2016-03-07 18:00:00,2016-03-10 14:00:00,1.0
CAD_CHF,2016-03-07 22:00:00,2016-03-08 14:00:00,1.0
USD_JPY,2016-03-08 02:00:00,2016-03-10 10:00:00,1.0
CHF_JPY,2016-03-08 02:00:00,2016-03-08 22:00:00,-1.0
USD_JPY,2016-03-08 10:00:00,2016-03-10 10:00:00,1.0
USD_JPY,2016-03-08 18:00:00,2016-03-10 02:00:00,1.0
CHF_JPY,2016-03-08 18:00:00,2016-03-09 10:00:00,-1.0
USD_JPY,2016-03-09 02:00:00,2016-03-10 02:00:00,1.0
CHF_JPY,2016-03-09 06:00:00,2016-03-09 22:00:00,1.0
USD_JPY,2016-03-09 10:00:00,2016-03-10 10:00:00,1.0
EUR_GBP,2016-03-09 10:00:00,2016-03-10 14:00:00,1.0
CAD_CHF,2016-03-09 22:00:00,2016-03-10 10:00:00,-1.0
EUR_GBP,2016-03-10 10:00:00,2016-03-10 14:00:00,1.0
USD_JPY,2016-03-10 18:00:00,2016-03-17 01:00:00,-1.0
CHF_JPY,2016-03-14 09:00:00,2016-03-28 13:00:00,1.0
CHF_JPY,2016-03-15 05:00:00,2016-03-22 05:00:00,1.0
USD_JPY,2016-03-15 09:00:00,2016-03-17 05:00:00,-1.0
CHF_JPY,2016-03-15 13:00:00,2016-03-22 05:00:00,1.0
USD_JPY,2016-03-16 21:00:00,2016-03-17 05:00:00,-1.0
CAD_CHF,2016-03-17 01:00:00,2016-03-23 13:00:00,1.0
USD_JPY,2016-03-17 05:00:00,2016-03-23 09:00:00,1.0
CHF_JPY,2016-03-17 05:00:00,2016-03-24 21:00:00,1.0
CAD_CHF,2016-03-17 09:00:00,2016-03-23 13:00:00,1.0
USD_JPY,2016-03-17 17:00:00,2016-03-23 05:00:00,1.0
USD_JPY,2016-03-18 01:00:00,2016-03-23 05:00:00,1.0
CHF_JPY,2016-03-18 09:00:00,2016-03-28 13:00:00,1.0
EUR_GBP,2016-03-18 17:00:00,2016-03-22 09:00:00,1.0
EUR_GBP,2016-03-21 05:00:00,2016-03-22 13:00:00,1.0
CHF_JPY,2016-03-21 09:00:00,2016-03-28 13:00:00,1.0
CAD_CHF,2016-03-23 01:00:00,2016-03-23 13:00:00,1.0
CAD_CHF,2016-03-23 09:00:00,2016-03-24 09:00:00,1.0
CAD_CHF,2016-03-25 09:00:00,2016-03-30 13:00:00,-1.0
EUR_GBP,2016-03-28 13:00:00,2016-03-31 13:00:00,1.0
EUR_GBP,2016-03-28 21:00:00,2016-03-31 13:00:00,1.0
CAD_CHF,2016-03-29 01:00:00,2016-03-31 09:00:00,-1.0
EUR_GBP,2016-03-29 09:00:00,2016-03-31 09:00:00,1.0
CAD_CHF,2016-03-29 09:00:00,2016-04-01 09:00:00,1.0
USD_JPY,2016-03-29 21:00:00,2016-04-03 21:00:00,-1.0
USD_JPY,2016-03-30 05:00:00,2016-04-04 13:00:00,-1.0
EUR_GBP,2016-03-30 13:00:00,2016-04-01 05:00:00,1.0
CAD_CHF,2016-03-30 21:00:00,2016-04-01 09:00:00,1.0
USD_JPY,2016-03-30 21:00:00,2016-04-03 21:00:00,-1.0
CHF_JPY,2016-03-31 05:00:00,2016-04-05 05:00:00,-1.0
USD_JPY,2016-03-31 05:00:00,2016-04-04 13:00:00,-1.0
CAD_CHF,2016-03-31 13:00:00,2016-04-01 09:00:00,1.0
CHF_JPY,2016-04-01 17:00:00,2016-04-05 05:00:00,-1.0
USD_JPY,2016-04-01 17:00:00,2016-04-05 05:00:00,-1.0
CHF_JPY,2016-04-04 01:00:00,2016-04-05 05:00:00,-1.0
USD_JPY,2016-04-04 01:00:00,2016-04-05 05:00:00,-1.0
USD_JPY,2016-04-04 17:00:00,2016-04-05 13:00:00,-1.0
USD_JPY,2016-04-05 01:00:00,2016-04-06 13:00:00,-1.0
CHF_JPY,2016-04-05 05:00:00,2016-04-07 05:00:00,-1.0
USD_JPY,2016-04-05 17:00:00,2016-04-07 01:00:00,-1.0
CHF_JPY,2016-04-06 09:00:00,2016-04-07 05:00:00,-1.0
CHF_JPY,2016-04-06 17:00:00,2016-04-07 05:00:00,-1.0
USD_JPY,2016-04-06 17:00:00,2016-04-07 05:00:00,-1.0
CAD_CHF,2016-04-07 05:00:00,2016-04-11 13:00:00,-1.0
USD_JPY,2016-04-07 09:00:00,2016-04-13 21:00:00,1.0
CHF_JPY,2016-04-07 09:00:00,2016-04-17 21:00:00,-1.0
CAD_CHF,2016-04-08 13:00:00,2016-04-12 09:00:00,-1.0
CHF_JPY,2016-04-10 21:00:00,2016-04-17 21:00:00,-1.0
CAD_CHF,2016-04-10 21:00:00,2016-04-11 17:00:00,-1.0
USD_JPY,2016-04-11 05:00:00,2016-04-13 09:00:00,1.0
CHF_JPY,2016-04-11 09:00:00,2016-04-15 17:00:00,-1.0
CAD_CHF,2016-04-11 17:00:00,2016-04-12 13:00:00,-1.0
USD_JPY,2016-04-11 21:00:00,2016-04-13 05:00:00,1.0
EUR_GBP,2016-04-11 21:00:00,2016-04-13 09:00:00,-1.0
CAD_CHF,2016-04-12 05:00:00,2016-04-12 13:00:00,-1.0
EUR_GBP,2016-04-12 09:00:00,2016-04-19 09:00:00,-1.0
CAD_CHF,2016-04-12 17:00:00,2016-04-13 13:00:00,-1.0
EUR_GBP,2016-04-13 05:00:00,2016-04-19 09:00:00,-1.0
CAD_CHF,2016-04-13 09:00:00,2016-04-17 21:00:00,1.0
CHF_JPY,2016-04-13 13:00:00,2016-04-17 21:00:00,-1.0
EUR_GBP,2016-04-13 17:00:00,2016-04-21 09:00:00,-1.0
CHF_JPY,2016-04-13 21:00:00,2016-04-17 21:00:00,-1.0
EUR_GBP,2016-04-14 17:00:00,2016-04-19 09:00:00,-1.0
CAD_CHF,2016-04-15 05:00:00,2016-04-17 21:00:00,1.0
EUR_GBP,2016-04-15 09:00:00,2016-04-20 13:00:00,-1.0
USD_JPY,2016-04-15 17:00:00,2016-04-20 21:00:00,1.0
EUR_GBP,2016-04-15 17:00:00,2016-04-20 13:00:00,-1.0
CHF_JPY,2016-04-15 17:00:00,2016-04-19 09:00:00,1.0
CAD_CHF,2016-04-17 21:00:00,2016-04-18 13:00:00,-1.0
USD_JPY,2016-04-18 01:00:00,2016-04-18 21:00:00,1.0
CHF_JPY,2016-04-18 01:00:00,2016-04-18 13:00:00,1.0
CAD_CHF,2016-04-19 01:00:00,2016-04-20 13:00:00,-1.0
EUR_GBP,2016-04-19 01:00:00,2016-04-22 09:00:00,-1.0
CAD_CHF,2016-04-19 09:00:00,2016-04-20 13:00:00,-1.0
CAD_CHF,2016-04-19 21:00:00,2016-04-20 13:00:00,-1.0
EUR_GBP,2016-04-19 21:00:00,2016-04-22 13:00:00,-1.0
CHF_JPY,2016-04-20 05:00:00,2016-04-21 21:00:00,-1.0
USD_JPY,2016-04-20 09:00:00,2016-04-22 05:00:00,1.0
CAD_CHF,2016-04-20 17:00:00,2016-05-03 05:00:00,1.0
EUR_GBP,2016-04-20 17:00:00,2016-04-22 13:00:00,-1.0
CHF_JPY,2016-04-20 21:00:00,2016-04-22 13:00:00,1.0
CAD_CHF,2016-04-21 05:00:00,2016-05-03 05:00:00,1.0
EUR_GBP,2016-04-21 05:00:00,2016-04-22 13:00:00,-1.0
CHF_JPY,2016-04-21 05:00:00,2016-04-22 13:00:00,1.0
EUR_GBP,2016-04-21 21:00:00,2016-04-22 13:00:00,-1.0
CHF_JPY,2016-04-21 21:00:00,2016-04-22 05:00:00,1.0
USD_JPY,2016-04-22 01:00:00,2016-04-22 09:00:00,1.0
CAD_CHF,2016-04-22 13:00:00,2016-05-02 13:00:00,1.0
EUR_GBP,2016-04-22 13:00:00,2016-05-03 05:00:00,1.0
CAD_CHF,2016-04-24 21:00:00,2016-04-29 17:00:00,1.0
EUR_GBP,2016-04-25 13:00:00,2016-05-02 09:00:00,1.0
USD_JPY,2016-04-26 09:00:00,2016-04-28 01:00:00,-1.0
EUR_GBP,2016-04-26 13:00:00,2016-04-29 13:00:00,1.0
CAD_CHF,2016-04-26 21:00:00,2016-04-29 13:00:00,1.0
EUR_GBP,2016-04-27 05:00:00,2016-04-29 17:00:00,1.0
CAD_CHF,2016-04-27 09:00:00,2016-04-29 13:00:00,1.0
USD_JPY,2016-04-28 05:00:00,2016-04-29 05:00:00,-1.0
CHF_JPY,2016-04-28 09:00:00,2016-04-29 17:00:00,-1.0
CHF_JPY,2016-04-29 01:00:00,2016-05-03 21:00:00,1.0
USD_JPY,2016-04-29 01:00:00,2016-05-01 21:00:00,-1.0
CHF_JPY,2016-04-29 09:00:00,2016-05-06 09:00:00,-1.0
USD_JPY,2016-05-01 21:00:00,2016-05-08 21:00:00,1.0
CHF_JPY,2016-05-01 21:00:00,2016-05-03 21:00:00,1.0
USD_JPY,2016-05-02 09:00:00,2016-05-03 05:00:00,-1.0
USD_JPY,2016-05-03 01:00:00,2016-05-03 21:00:00,1.0
CHF_JPY,2016-05-03 05:00:00,2016-05-06 01:00:00,-1.0
CHF_JPY,2016-05-04 13:00:00,2016-05-05 09:00:00,-1.0
CHF_JPY,2016-05-05 13:00:00,2016-05-10 01:00:00,1.0
CAD_CHF,2016-05-05 13:00:00,2016-05-09 13:00:00,1.0
CHF_JPY,2016-05-06 05:00:00,2016-05-09 09:00:00,1.0
CAD_CHF,2016-05-06 09:00:00,2016-05-10 21:00:00,-1.0
USD_JPY,2016-05-06 13:00:00,2016-05-09 05:00:00,1.0
CHF_JPY,2016-05-06 17:00:00,2016-05-09 05:00:00,1.0
CAD_CHF,2016-05-08 21:00:00,2016-05-12 09:00:00,-1.0
EUR_GBP,2016-05-10 13:00:00,2016-05-17 05:00:00,-1.0
CAD_CHF,2016-05-10 21:00:00,2016-05-26 05:00:00,-1.0
EUR_GBP,2016-05-11 01:00:00,2016-05-18 05:00:00,-1.0
CHF_JPY,2016-05-11 01:00:00,2016-05-23 05:00:00,-1.0
CAD_CHF,2016-05-11 17:00:00,2016-05-26 05:00:00,-1.0
USD_JPY,2016-05-11 21:00:00,2016-05-13 13:00:00,1.0
EUR_GBP,2016-05-12 13:00:00,2016-05-18 05:00:00,-1.0
CHF_JPY,2016-05-13 05:00:00,2016-05-18 01:00:00,-1.0
CHF_JPY,2016-05-13 17:00:00,2016-05-23 13:00:00,-1.0
EUR_GBP,2016-05-13 17:00:00,2016-05-17 05:00:00,-1.0
USD_JPY,2016-05-15 21:00:00,2016-05-18 17:00:00,1.0
CHF_JPY,2016-05-16 05:00:00,2016-05-23 09:00:00,-1.0
USD_JPY,2016-05-16 05:00:00,2016-05-18 17:00:00,1.0
CAD_CHF,2016-05-16 17:00:00,2016-05-26 09:00:00,-1.0
CAD_CHF,2016-05-17 05:00:00,2016-05-26 09:00:00,-1.0
EUR_GBP,2016-05-17 05:00:00,2016-05-18 09:00:00,-1.0
EUR_GBP,2016-05-17 13:00:00,2016-05-18 09:00:00,-1.0
EUR_GBP,2016-05-17 21:00:00,2016-05-18 09:00:00,-1.0
USD_JPY,2016-05-18 01:00:00,2016-05-18 17:00:00,1.0
CHF_JPY,2016-05-18 01:00:00,2016-05-30 05:00:00,1.0
EUR_GBP,2016-05-18 05:00:00,2016-05-18 13:00:00,-1.0
EUR_GBP,2016-05-18 13:00:00,2016-05-24 09:00:00,-1.0
CAD_CHF,2016-05-18 17:00:00,2016-05-26 09:00:00,-1.0
EUR_GBP,2016-05-18 21:00:00,2016-05-24 13:00:00,-1.0
EUR_GBP,2016-05-19 09:00:00,2016-05-22 21:00:00,1.0
CHF_JPY,2016-05-19 17:00:00,2016-05-31 01:00:00,1.0
EUR_GBP,2016-05-19 21:00:00,2016-05-23 05:00:00,1.0
CHF_JPY,2016-05-20 01:00:00,2016-05-31 01:00:00,1.0
CHF_JPY,2016-05-23 01:00:00,2016-05-31 01:00:00,1.0
USD_JPY,2016-05-23 01:00:00,2016-05-30 01:00:00,1.0
CHF_JPY,2016-05-23 13:00:00,2016-05-30 01:00:00,1.0
USD_JPY,2016-05-23 17:00:00,2016-05-25 09:00:00,1.0
CHF_JPY,2016-05-24 05:00:00,2016-05-30 01:00:00,1.0
EUR_GBP,2016-05-24 13:00:00,2016-06-01 05:00:00,1.0
EUR_GBP,2016-05-24 21:00:00,2016-06-01 05:00:00,1.0
CAD_CHF,2016-05-25 01:00:00,2016-05-26 05:00:00,-1.0
EUR_GBP,2016-05-25 13:00:00,2016-05-31 13:00:00,1.0
CAD_CHF,2016-05-25 21:00:00,2016-05-26 09:00:00,-1.0
EUR_GBP,2016-05-25 21:00:00,2016-05-31 13:00:00,1.0
USD_JPY,2016-05-26 01:00:00,2016-05-29 21:00:00,1.0
CHF_JPY,2016-05-26 01:00:00,2016-05-30 05:00:00,1.0
CAD_CHF,2016-05-26 05:00:00,2016-06-01 13:00:00,1.0
CAD_CHF,2016-05-26 13:00:00,2016-06-01 13:00:00,1.0
CHF_JPY,2016-05-27 09:00:00,2016-05-30 01:00:00,1.0
USD_JPY,2016-05-27 13:00:00,2016-05-30 01:00:00,1.0
EUR_GBP,2016-05-27 17:00:00,2016-05-31 13:00:00,1.0
EUR_GBP,2016-05-31 05:00:00,2016-06-01 05:00:00,1.0
USD_JPY,2016-05-31 17:00:00,2016-06-01 05:00:00,-1.0
CHF_JPY,2016-05-31 17:00:00,2016-06-01 05:00:00,-1.0
CAD_CHF,2016-06-01 05:00:00,2016-06-14 05:00:00,1.0
USD_JPY,2016-06-01 05:00:00,2016-06-02 09:00:00,-1.0
CHF_JPY,2016-06-01 05:00:00,2016-06-02 13:00:00,-1.0
CHF_JPY,2016-06-01 13:00:00,2016-06-02 13:00:00,-1.0
USD_JPY,2016-06-01 13:00:00,2016-06-02 13:00:00,-1.0
USD_JPY,2016-06-02 01:00:00,2016-06-03 09:00:00,-1.0
USD_JPY,2016-06-02 13:00:00,2016-06-03 09:00:00,-1.0
CHF_JPY,2016-06-02 13:00:00,2016-06-07 01:00:00,1.0
CHF_JPY,2016-06-03 05:00:00,2016-06-07 01:00:00,1.0
USD_JPY,2016-06-03 05:00:00,2016-06-03 09:00:00,-1.0
CAD_CHF,2016-06-03 09:00:00,2016-06-14 17:00:00,1.0
USD_JPY,2016-06-03 13:00:00,2016-06-07 01:00:00,1.0
CHF_JPY,2016-06-03 17:00:00,2016-06-06 13:00:00,1.0
USD_JPY,2016-06-05 21:00:00,2016-06-07 01:00:00,1.0
USD_JPY,2016-06-06 17:00:00,2016-06-09 05:00:00,-1.0
CAD_CHF,2016-06-07 05:00:00,2016-06-14 17:00:00,1.0
CAD_CHF,2016-06-07 21:00:00,2016-06-14 09:00:00,1.0
CHF_JPY,2016-06-08 01:00:00,2016-06-13 01:00:00,-1.0
USD_JPY,2016-06-08 01:00:00,2016-06-13 01:00:00,-1.0
CAD_CHF,2016-06-08 09:00:00,2016-06-14 05:00:00,1.0
USD_JPY,2016-06-08 17:00:00,2016-06-13 01:00:00,-1.0
USD_JPY,2016-06-09 05:00:00,2016-06-15 17:00:00,-1.0
CHF_JPY,2016-06-09 17:00:00,2016-06-13 01:00:00,-1.0
CAD_CHF,2016-06-09 21:00:00,2016-06-14 09:00:00,1.0
CAD_CHF,2016-06-10 13:00:00,2016-06-15 13:00:00,1.0
USD_JPY,2016-06-13 01:00:00,2016-06-16 01:00:00,-1.0
CHF_JPY,2016-06-13 05:00:00,2016-06-16 01:00:00,-1.0
CHF_JPY,2016-06-13 13:00:00,2016-06-16 01:00:00,-1.0
USD_JPY,2016-06-13 13:00:00,2016-06-16 01:00:00,-1.0
USD_JPY,2016-06-14 09:00:00,2016-06-16 01:00:00,-1.0
CHF_JPY,2016-06-14 09:00:00,2016-06-16 01:00:00,-1.0
CHF_JPY,2016-06-15 17:00:00,2016-06-16 01:00:00,-1.0
CHF_JPY,2016-06-16 05:00:00,2016-06-16 13:00:00,-1.0
USD_JPY,2016-06-16 05:00:00,2016-06-23 09:00:00,1.0
CHF_JPY,2016-06-16 13:00:00,2016-06-19 21:00:00,1.0
USD_JPY,2016-06-16 21:00:00,2016-06-20 21:00:00,-1.0
CAD_CHF,2016-06-17 01:00:00,2016-06-22 09:00:00,-1.0
EUR_GBP,2016-06-17 01:00:00,2016-06-19 21:00:00,-1.0
USD_JPY,2016-06-17 05:00:00,2016-06-23 09:00:00,1.0
EUR_GBP,2016-06-17 09:00:00,2016-06-19 21:00:00,-1.0
CAD_CHF,2016-06-17 13:00:00,2016-06-22 09:00:00,-1.0
EUR_GBP,2016-06-17 17:00:00,2016-06-19 21:00:00,-1.0
EUR_GBP,2016-06-20 09:00:00,2016-06-21 09:00:00,-1.0
CHF_JPY,2016-06-20 17:00:00,2016-06-21 09:00:00,1.0
CAD_CHF,2016-06-20 17:00:00,2016-06-24 01:00:00,1.0
EUR_GBP,2016-06-20 21:00:00,2016-06-21 13:00:00,-1.0
USD_JPY,2016-06-20 21:00:00,2016-06-21 17:00:00,1.0
CAD_CHF,2016-06-21 05:00:00,2016-06-24 01:00:00,1.0
EUR_GBP,2016-06-21 09:00:00,2016-06-23 21:00:00,-1.0
EUR_GBP,2016-06-22 01:00:00,2016-06-23 21:00:00,1.0
CAD_CHF,2016-06-22 05:00:00,2016-06-23 21:00:00,-1.0
EUR_GBP,2016-06-22 13:00:00,2016-06-23 21:00:00,-1.0
USD_JPY,2016-06-22 21:00:00,2016-06-23 09:00:00,1.0
EUR_GBP,2016-06-23 01:00:00,2016-06-23 21:00:00,1.0
EUR_GBP,2016-06-23 13:00:00,2016-06-23 21:00:00,1.0
CAD_CHF,2016-06-23 13:00:00,2016-06-23 21:00:00,-1.0
EUR_GBP,2016-06-23 21:00:00,2016-06-24 01:00:00,1.0
USD_JPY,2016-06-24 05:00:00,2016-06-24 17:00:00,-1.0
CHF_JPY,2016-06-27 05:00:00,2016-06-27 09:00:00,-1.0
CHF_JPY,2016-06-27 13:00:00,2016-06-30 09:00:00,1.0
USD_JPY,2016-06-28 01:00:00,2016-06-30 13:00:00,1.0
CAD_CHF,2016-06-28 09:00:00,2016-07-12 13:00:00,-1.0
CAD_CHF,2016-06-28 21:00:00,2016-07-12 13:00:00,-1.0
CAD_CHF,2016-06-29 09:00:00,2016-07-14 05:00:00,-1.0
CAD_CHF,2016-06-29 21:00:00,2016-06-30 13:00:00,1.0
EUR_GBP,2016-06-30 13:00:00,2016-07-05 05:00:00,1.0
USD_JPY,2016-07-01 09:00:00,2016-07-05 13:00:00,-1.0
USD_JPY,2016-07-01 17:00:00,2016-07-05 13:00:00,-1.0
USD_JPY,2016-07-04 09:00:00,2016-07-05 13:00:00,-1.0
CAD_CHF,2016-07-04 09:00:00,2016-07-06 09:00:00,1.0
USD_JPY,2016-07-04 17:00:00,2016-07-05 13:00:00,-1.0
CHF_JPY,2016-07-05 05:00:00,2016-07-05 21:00:00,-1.0
USD_JPY,2016-07-05 13:00:00,2016-07-06 09:00:00,-1.0
CHF_JPY,2016-07-05 13:00:00,2016-07-06 01:00:00,-1.0
USD_JPY,2016-07-06 01:00:00,2016-07-11 05:00:00,1.0
CHF_JPY,2016-07-06 01:00:00,2016-07-08 09:00:00,-1.0
USD_JPY,2016-07-06 09:00:00,2016-07-11 05:00:00,1.0
CHF_JPY,2016-07-06 09:00:00,2016-07-08 13:00:00,-1.0
CAD_CHF,2016-07-07 09:00:00,2016-07-25 09:00:00,1.0
CHF_JPY,2016-07-07 17:00:00,2016-07-11 09:00:00,1.0
CHF_JPY,2016-07-08 05:00:00,2016-07-11 09:00:00,1.0
USD_JPY,2016-07-08 05:00:00,2016-07-11 05:00:00,1.0
CHF_JPY,2016-07-08 13:00:00,2016-07-11 05:00:00,1.0
CHF_JPY,2016-07-10 21:00:00,2016-07-11 05:00:00,1.0
EUR_GBP,2016-07-11 05:00:00,2016-07-11 13:00:00,-1.0
EUR_GBP,2016-07-11 13:00:00,2016-07-12 09:00:00,-1.0
EUR_GBP,2016-07-12 09:00:00,2016-07-12 13:00:00,-1.0
CAD_CHF,2016-07-12 13:00:00,2016-07-22 05:00:00,1.0
EUR_GBP,2016-07-12 17:00:00,2016-07-13 13:00:00,1.0
EUR_GBP,2016-07-13 01:00:00,2016-07-13 13:00:00,1.0
CHF_JPY,2016-07-13 05:00:00,2016-07-14 05:00:00,1.0
CAD_CHF,2016-07-13 21:00:00,2016-07-22 01:00:00,1.0
USD_JPY,2016-07-14 01:00:00,2016-07-14 05:00:00,1.0
CAD_CHF,2016-07-14 05:00:00,2016-07-22 05:00:00,1.0
EUR_GBP,2016-07-14 13:00:00,2016-07-28 09:00:00,1.0
CAD_CHF,2016-07-14 17:00:00,2016-07-21 17:00:00,1.0
EUR_GBP,2016-07-15 05:00:00,2016-07-15 13:00:00,1.0
CAD_CHF,2016-07-15 13:00:00,2016-07-22 05:00:00,1.0
CHF_JPY,2016-07-17 21:00:00,2016-07-20 17:00:00,1.0
USD_JPY,2016-07-17 21:00:00,2016-07-19 09:00:00,1.0
CHF_JPY,2016-07-19 17:00:00,2016-07-20 21:00:00,1.0
CHF_JPY,2016-07-20 01:00:00,2016-07-20 21:00:00,1.0
EUR_GBP,2016-07-21 01:00:00,2016-07-26 05:00:00,1.0
CHF_JPY,2016-07-21 09:00:00,2016-07-25 21:00:00,-1.0
USD_JPY,2016-07-21 09:00:00,2016-07-25 21:00:00,-1.0
CHF_JPY,2016-07-21 17:00:00,2016-07-26 01:00:00,-1.0
EUR_GBP,2016-07-21 17:00:00,2016-07-26 05:00:00,1.0
USD_JPY,2016-07-22 01:00:00,2016-07-26 01:00:00,-1.0
EUR_GBP,2016-07-22 01:00:00,2016-07-26 05:00:00,1.0
CHF_JPY,2016-07-25 17:00:00,2016-07-26 01:00:00,-1.0
USD_JPY,2016-07-26 01:00:00,2016-07-27 01:00:00,1.0
CHF_JPY,2016-07-26 01:00:00,2016-07-27 01:00:00,1.0
CHF_JPY,2016-07-26 13:00:00,2016-07-27 01:00:00,1.0
USD_JPY,2016-07-26 21:00:00,2016-07-27 01:00:00,1.0
CAD_CHF,2016-07-26 21:00:00,2016-07-28 09:00:00,1.0
CHF_JPY,2016-07-26 21:00:00,2016-07-27 01:00:00,1.0
CAD_CHF,2016-07-27 09:00:00,2016-07-28 09:00:00,1.0
EUR_GBP,2016-07-27 21:00:00,2016-07-28 13:00:00,1.0
USD_JPY,2016-07-28 05:00:00,2016-07-28 21:00:00,-1.0
USD_JPY,2016-07-29 05:00:00,2016-07-29 13:00:00,-1.0
CHF_JPY,2016-07-29 05:00:00,2016-07-29 17:00:00,-1.0
USD_JPY,2016-07-29 13:00:00,2016-08-02 09:00:00,-1.0
CHF_JPY,2016-07-31 21:00:00,2016-08-02 13:00:00,-1.0
USD_JPY,2016-07-31 21:00:00,2016-08-02 09:00:00,-1.0
USD_JPY,2016-08-01 09:00:00,2016-08-02 09:00:00,-1.0
USD_JPY,2016-08-02 13:00:00,2016-08-05 13:00:00,1.0
CHF_JPY,2016-08-02 13:00:00,2016-08-05 09:00:00,-1.0
EUR_GBP,2016-08-02 21:00:00,2016-08-05 13:00:00,1.0
USD_JPY,2016-08-03 05:00:00,2016-08-07 21:00:00,1.0
EUR_GBP,2016-08-03 09:00:00,2016-08-04 09:00:00,1.0
CHF_JPY,2016-08-03 13:00:00,2016-08-10 05:00:00,-1.0
USD_JPY,2016-08-03 13:00:00,2016-08-08 09:00:00,1.0
CAD_CHF,2016-08-03 21:00:00,2016-08-11 17:00:00,-1.0
EUR_GBP,2016-08-04 01:00:00,2016-08-04 09:00:00,1.0
CAD_CHF,2016-08-04 09:00:00,2016-08-11 17:00:00,-1.0
CAD_CHF,2016-08-04 17:00:00,2016-08-24 17:00:00,-0.018715826905341907
CHF_JPY,2016-08-04 17:00:00,2016-08-18 21:00:00,1.0
USD_JPY,2016-08-05 09:00:00,2016-08-08 13:00:00,1.0
CHF_JPY,2016-08-09 05:00:00,2016-08-29 05:00:00,0.4033574707565873
CHF_JPY,2016-08-09 17:00:00,2016-08-17 05:00:00,1.0
CAD_CHF,2016-08-09 17:00:00,2016-08-29 17:00:00,-0.5481869718686466
USD_JPY,2016-08-09 21:00:00,2016-08-16 01:00:00,-1.0
CAD_CHF,2016-08-10 01:00:00,2016-08-22 17:00:00,1.0
CHF_JPY,2016-08-10 05:00:00,2016-08-11 21:00:00,1.0
USD_JPY,2016-08-10 05:00:00,2016-08-16 01:00:00,-1.0
CAD_CHF,2016-08-10 09:00:00,2016-08-22 13:00:00,1.0
USD_JPY,2016-08-10 13:00:00,2016-08-16 05:00:00,-1.0
USD_JPY,2016-08-11 01:00:00,2016-08-16 01:00:00,-1.0
CAD_CHF,2016-08-11 17:00:00,2016-08-22 13:00:00,1.0
CAD_CHF,2016-08-12 05:00:00,2016-08-19 13:00:00,1.0
CHF_JPY,2016-08-12 13:00:00,2016-08-17 05:00:00,1.0
USD_JPY,2016-08-12 13:00:00,2016-08-16 05:00:00,-1.0
CAD_CHF,2016-08-12 17:00:00,2016-08-19 09:00:00,1.0
CAD_CHF,2016-08-15 09:00:00,2016-08-19 05:00:00,1.0
USD_JPY,2016-08-15 09:00:00,2016-08-16 09:00:00,-1.0
CHF_JPY,2016-08-15 09:00:00,2016-08-17 05:00:00,1.0
CHF_JPY,2016-08-16 05:00:00,2016-08-17 05:00:00,1.0
USD_JPY,2016-08-16 09:00:00,2016-08-17 05:00:00,1.0
CHF_JPY,2016-08-17 17:00:00,2016-09-01 09:00:00,1.0
CHF_JPY,2016-08-18 01:00:00,2016-08-31 13:00:00,1.0
USD_JPY,2016-08-18 01:00:00,2016-08-26 13:00:00,1.0
CAD_CHF,2016-08-18 05:00:00,2016-09-02 17:00:00,-1.0
EUR_GBP,2016-08-18 09:00:00,2016-08-19 13:00:00,1.0
EUR_GBP,2016-08-18 21:00:00,2016-08-24 05:00:00,-1.0
USD_JPY,2016-08-18 21:00:00,2016-08-26 13:00:00,1.0
EUR_GBP,2016-08-19 09:00:00,2016-08-23 17:00:00,-1.0
CHF_JPY,2016-08-19 17:00:00,2016-08-26 13:00:00,-1.0
EUR_GBP,2016-08-22 09:00:00,2016-08-24 05:00:00,-1.0
CHF_JPY,2016-08-22 13:00:00,2016-09-01 09:00:00,1.0
EUR_GBP,2016-08-22 21:00:00,2016-08-24 05:00:00,-1.0
CHF_JPY,2016-08-23 01:00:00,2016-08-31 13:00:00,1.0
USD_JPY,2016-08-23 05:00:00,2016-08-26 13:00:00,1.0
EUR_GBP,2016-08-23 09:00:00,2016-08-24 09:00:00,-1.0
USD_JPY,2016-08-23 13:00:00,2016-08-26 13:00:00,1.0
CHF_JPY,2016-08-23 13:00:00,2016-08-31 13:00:00,1.0
EUR_GBP,2016-08-23 21:00:00,2016-08-24 13:00:00,-1.0
CHF_JPY,2016-08-23 21:00:00,2016-08-31 13:00:00,1.0
CAD_CHF,2016-08-24 13:00:00,2016-09-02 13:00:00,-1.0
EUR_GBP,2016-08-24 13:00:00,2016-09-01 05:00:00,-1.0
EUR_GBP,2016-08-25 01:00:00,2016-09-01 05:00:00,-1.0
CHF_JPY,2016-08-25 17:00:00,2016-08-31 05:00:00,1.0
CAD_CHF,2016-08-25 17:00:00,2016-09-05 05:00:00,-1.0
CHF_JPY,2016-08-26 01:00:00,2016-08-31 05:00:00,1.0
CHF_JPY,2016-08-26 13:00:00,2016-08-31 13:00:00,1.0
CAD_CHF,2016-08-26 13:00:00,2016-09-05 05:00:00,-1.0
USD_JPY,2016-08-26 13:00:00,2016-08-29 05:00:00,1.0
CAD_CHF,2016-08-28 21:00:00,2016-09-05 13:00:00,-1.0
CHF_JPY,2016-08-29 21:00:00,2016-08-31 13:00:00,1.0
CAD_CHF,2016-08-30 05:00:00,2016-09-05 13:00:00,-1.0
EUR_GBP,2016-08-30 13:00:00,2016-09-01 05:00:00,-1.0
EUR_GBP,2016-08-31 09:00:00,2016-09-01 05:00:00,-1.0
EUR_GBP,2016-08-31 17:00:00,2016-09-01 05:00:00,-1.0
CAD_CHF,2016-09-01 09:00:00,2016-09-05 05:00:00,-1.0
EUR_GBP,2016-09-01 13:00:00,2016-09-06 13:00:00,-1.0
USD_JPY,2016-09-01 21:00:00,2016-09-02 13:00:00,1.0
EUR_GBP,2016-09-02 17:00:00,2016-09-08 09:00:00,1.0
CAD_CHF,2016-09-04 21:00:00,2016-09-11 21:00:00,1.0
CAD_CHF,2016-09-05 09:00:00,2016-09-08 09:00:00,1.0
EUR_GBP,2016-09-05 09:00:00,2016-09-08 09:00:00,1.0
CHF_JPY,2016-09-05 13:00:00,2016-09-06 21:00:00,-1.0
CAD_CHF,2016-09-06 01:00:00,2016-09-07 13:00:00,1.0
EUR_GBP,2016-09-06 05:00:00,2016-09-08 09:00:00,1.0
CAD_CHF,2016-09-06 09:00:00,2016-09-08 09:00:00,1.0
EUR_GBP,2016-09-06 13:00:00,2016-09-08 09:00:00,1.0
USD_JPY,2016-09-06 21:00:00,2016-09-08 13:00:00,1.0
CHF_JPY,2016-09-07 01:00:00,2016-09-14 05:00:00,1.0
USD_JPY,2016-09-07 13:00:00,2016-09-09 09:00:00,1.0
USD_JPY,2016-09-08 01:00:00,2016-09-09 09:00:00,1.0
CHF_JPY,2016-09-12 09:00:00,2016-09-14 05:00:00,1.0
USD_JPY,2016-09-12 13:00:00,2016-09-14 01:00:00,1.0
USD_JPY,2016-09-13 01:00:00,2016-09-14 01:00:00,1.0
CHF_JPY,2016-09-13 01:00:00,2016-09-19 05:00:00,-1.0
EUR_GBP,2016-09-13 05:00:00,2016-09-13 13:00:00,1.0
USD_JPY,2016-09-13 09:00:00,2016-09-14 05:00:00,1.0
USD_JPY,2016-09-15 01:00:00,2016-09-21 01:00:00,-1.0
USD_JPY,2016-09-15 21:00:00,2016-09-21 01:00:00,-1.0
CAD_CHF,2016-09-16 09:00:00,2016-09-19 05:00:00,-1.0
USD_JPY,2016-09-16 09:00:00,2016-09-21 01:00:00,-1.0
CHF_JPY,2016-09-16 09:00:00,2016-09-21 01:00:00,-1.0
CHF_JPY,2016-09-18 21:00:00,2016-09-21 01:00:00,-1.0
CAD_CHF,2016-09-19 05:00:00,2016-09-23 13:00:00,1.0
CHF_JPY,2016-09-19 05:00:00,2016-09-21 17:00:00,-1.0
CHF_JPY,2016-09-19 13:00:00,2016-09-29 13:00:00,1.0
USD_JPY,2016-09-19 13:00:00,2016-09-21 05:00:00,1.0
USD_JPY,2016-09-20 05:00:00,2016-09-21 05:00:00,1.0
USD_JPY,2016-09-20 17:00:00,2016-09-21 05:00:00,1.0
CAD_CHF,2016-09-21 05:00:00,2016-09-26 05:00:00,1.0
USD_JPY,2016-09-21 13:00:00,2016-09-29 05:00:00,1.0
CHF_JPY,2016-09-21 13:00:00,2016-09-22 09:00:00,1.0
USD_JPY,2016-09-21 21:00:00,2016-09-22 21:00:00,1.0
CHF_JPY,2016-09-22 01:00:00,2016-09-22 09:00:00,1.0
CAD_CHF,2016-09-22 05:00:00,2016-09-23 17:00:00,1.0
USD_JPY,2016-09-22 13:00:00,2016-09-29 13:00:00,1.0
CHF_JPY,2016-09-23 13:00:00,2016-09-29 13:00:00,1.0
USD_JPY,2016-09-26 09:00:00,2016-09-29 05:00:00,1.0
USD_JPY,2016-09-26 17:00:00,2016-09-29 01:00:00,1.0
CHF_JPY,2016-09-26 17:00:00,2016-09-29 05:00:00,1.0
USD_JPY,2016-09-27 13:00:00,2016-09-29 01:00:00,1.0
CHF_JPY,2016-09-27 13:00:00,2016-09-29 01:00:00,1.0
CAD_CHF,2016-09-28 21:00:00,2016-09-29 13:00:00,1.0
EUR_GBP,2016-09-29 01:00:00,2016-10-03 05:00:00,1.0
CAD_CHF,2016-09-29 13:00:00,2016-09-30 09:00:00,-1.0
EUR_GBP,2016-09-29 13:00:00,2016-10-03 05:00:00,1.0
CAD_CHF,2016-09-30 13:00:00,2016-10-12 01:00:00,-1.0
EUR_GBP,2016-09-30 13:00:00,2016-10-03 05:00:00,1.0
CAD_CHF,2016-10-03 13:00:00,2016-10-14 05:00:00,-1.0
CAD_CHF,2016-10-04 01:00:00,2016-10-14 05:00:00,-1.0
CAD_CHF,2016-10-04 09:00:00,2016-10-07 13:00:00,1.0
CHF_JPY,2016-10-07 01:00:00,2016-10-11 13:00:00,-1.0
USD_JPY,2016-10-07 13:00:00,2016-10-12 13:00:00,1.0
CHF_JPY,2016-10-07 17:00:00,2016-10-11 17:00:00,-1.0
USD_JPY,2016-10-09 21:00:00,2016-10-11 05:00:00,1.0
USD_JPY,2016-10-10 05:00:00,2016-10-12 13:00:00,1.0
CHF_JPY,2016-10-10 05:00:00,2016-10-19 13:00:00,-1.0
CHF_JPY,2016-10-10 13:00:00,2016-10-11 17:00:00,-1.0
CAD_CHF,2016-10-10 17:00:00,2016-10-14 13:00:00,-1.0
CAD_CHF,2016-10-11 01:00:00,2016-10-14 13:00:00,-1.0
CAD_CHF,2016-10-11 13:00:00,2016-10-14 17:00:00,-1.0
CHF_JPY,2016-10-11 17:00:00,2016-10-27 13:00:00,1.0
CAD_CHF,2016-10-12 05:00:00,2016-10-16 21:00:00,-1.0
CHF_JPY,2016-10-13 13:00:00,2016-10-28 05:00:00,1.0
USD_JPY,2016-10-13 13:00:00,2016-10-25 09:00:00,1.0
EUR_GBP,2016-10-13 17:00:00,2016-10-18 13:00:00,-1.0
CAD_CHF,2016-10-13 21:00:00,2016-10-14 17:00:00,-1.0
CAD_CHF,2016-10-14 05:00:00,2016-10-18 05:00:00,-1.0
CHF_JPY,2016-10-14 17:00:00,2016-10-21 09:00:00,-1.0
CAD_CHF,2016-10-14 17:00:00,2016-10-19 13:00:00,-1.0
EUR_GBP,2016-10-16 21:00:00,2016-10-18 13:00:00,-1.0
CHF_JPY,2016-10-17 21:00:00,2016-10-21 13:00:00,-1.0
EUR_GBP,2016-10-18 01:00:00,2016-10-18 13:00:00,-1.0
USD_JPY,2016-10-18 01:00:00,2016-10-27 13:00:00,1.0
CAD_CHF,2016-10-18 09:00:00,2016-10-20 09:00:00,1.0
EUR_GBP,2016-10-18 13:00:00,2016-11-01 13:00:00,1.0
USD_JPY,2016-10-18 17:00:00,2016-10-27 13:00:00,1.0
EUR_GBP,2016-10-18 21:00:00,2016-11-01 13:00:00,1.0
CHF_JPY,2016-10-19 01:00:00,2016-10-27 17:00:00,1.0
USD_JPY,2016-10-19 01:00:00,2016-10-25 13:00:00,1.0
USD_JPY,2016-10-19 09:00:00,2016-10-25 09:00:00,1.0
EUR_GBP,2016-10-19 13:00:00,2016-10-20 09:00:00,1.0
USD_JPY,2016-10-19 17:00:00,2016-10-25 09:00:00,1.0
CHF_JPY,2016-10-19 17:00:00,2016-10-27 13:00:00,1.0
EUR_GBP,2016-10-20 01:00:00,2016-10-20 09:00:00,1.0
EUR_GBP,2016-10-20 17:00:00,2016-10-28 09:00:00,1.0
CHF_JPY,2016-10-20 21:00:00,2016-10-27 13:00:00,1.0
EUR_GBP,2016-10-21 05:00:00,2016-10-28 09:00:00,1.0
CHF_JPY,2016-10-21 05:00:00,2016-10-27 05:00:00,1.0
EUR_GBP,2016-10-21 17:00:00,2016-10-28 09:00:00,1.0
EUR_GBP,2016-10-24 09:00:00,2016-10-28 09:00:00,1.0
EUR_GBP,2016-10-24 21:00:00,2016-10-28 09:00:00,1.0
EUR_GBP,2016-10-25 09:00:00,2016-10-28 09:00:00,1.0
CHF_JPY,2016-10-26 01:00:00,2016-10-27 17:00:00,1.0
USD_JPY,2016-10-26 01:00:00,2016-10-28 05:00:00,1.0
USD_JPY,2016-10-26 09:00:00,2016-10-28 05:00:00,1.0
EUR_GBP,2016-10-26 21:00:00,2016-10-28 09:00:00,1.0
USD_JPY,2016-10-30 21:00:00,2016-11-02 01:00:00,-1.0
CHF_JPY,2016-10-31 21:00:00,2016-11-06 22:00:00,1.0
USD_JPY,2016-11-01 17:00:00,2016-11-02 09:00:00,-1.0
USD_JPY,2016-11-02 05:00:00,2016-11-03 01:00:00,-1.0
CHF_JPY,2016-11-02 17:00:00,2016-11-07 18:00:00,1.0
USD_JPY,2016-11-02 17:00:00,2016-11-06 22:00:00,1.0
CHF_JPY,2016-11-03 05:00:00,2016-11-06 22:00:00,1.0
USD_JPY,2016-11-03 05:00:00,2016-11-06 22:00:00,1.0
CAD_CHF,2016-11-03 13:00:00,2016-11-08 18:00:00,-1.0
EUR_GBP,2016-11-03 13:00:00,2016-11-09 02:00:00,1.0
CHF_JPY,2016-11-03 17:00:00,2016-11-06 22:00:00,1.0
CHF_JPY,2016-11-04 01:00:00,2016-11-06 22:00:00,1.0
EUR_GBP,2016-11-04 01:00:00,2016-11-09 02:00:00,1.0
EUR_GBP,2016-11-04 17:00:00,2016-11-09 02:00:00,1.0
EUR_GBP,2016-11-07 02:00:00,2016-11-09 02:00:00,1.0
EUR_GBP,2016-11-07 14:00:00,2016-11-09 02:00:00,1.0
EUR_GBP,2016-11-08 02:00:00,2016-11-09 02:00:00,1.0
EUR_GBP,2016-11-08 10:00:00,2016-11-09 02:00:00,1.0
EUR_GBP,2016-11-08 18:00:00,2016-11-09 02:00:00,1.0
CAD_CHF,2016-11-08 18:00:00,2016-11-09 02:00:00,1.0
CHF_JPY,2016-11-09 02:00:00,2016-11-09 18:00:00,1.0
USD_JPY,2016-11-09 02:00:00,2016-11-09 06:00:00,1.0
CHF_JPY,2016-11-09 10:00:00,2016-11-09 18:00:00,1.0
EUR_GBP,2016-11-09 22:00:00,2016-11-10 14:00:00,-1.0
EUR_GBP,2016-11-10 14:00:00,2016-11-11 06:00:00,-1.0
CAD_CHF,2016-11-10 18:00:00,2016-11-15 10:00:00,-1.0
EUR_GBP,2016-11-11 10:00:00,2016-11-17 14:00:00,-1.0
EUR_GBP,2016-11-14 06:00:00,2016-11-18 06:00:00,-1.0
CAD_CHF,2016-11-14 14:00:00,2016-11-15 14:00:00,-1.0
EUR_GBP,2016-11-14 18:00:00,2016-11-15 06:00:00,1.0
CAD_CHF,2016-11-15 02:00:00,2016-11-15 14:00:00,-1.0
CAD_CHF,2016-11-15 14:00:00,2016-11-21 06:00:00,-1.0
EUR_GBP,2016-11-15 22:00:00,2016-11-18 06:00:00,-1.0
CAD_CHF,2016-11-15 22:00:00,2016-11-21 14:00:00,-1.0
EUR_GBP,2016-11-16 10:00:00,2016-11-21 10:00:00,-1.0
CAD_CHF,2016-11-16 14:00:00,2016-11-21 14:00:00,-1.0
CHF_JPY,2016-11-16 22:00:00,2016-11-21 02:00:00,1.0
EUR_GBP,2016-11-16 22:00:00,2016-11-18 06:00:00,-1.0
EUR_GBP,2016-11-17 18:00:00,2016-11-23 14:00:00,-1.0
EUR_GBP,2016-11-18 06:00:00,2016-11-18 10:00:00,1.0
CAD_CHF,2016-11-18 18:00:00,2016-11-22 10:00:00,-1.0
EUR_GBP,2016-11-18 18:00:00,2016-11-21 14:00:00,-1.0
CAD_CHF,2016-11-21 02:00:00,2016-11-28 10:00:00,-1.0
CAD_CHF,2016-11-21 14:00:00,2016-11-30 10:00:00,-1.0
EUR_GBP,2016-11-21 18:00:00,2016-12-01 10:00:00,-1.0
EUR_GBP,2016-11-22 06:00:00,2016-12-01 10:00:00,-1.0
CAD_CHF,2016-11-22 10:00:00,2016-12-01 14:00:00,-1.0
CHF_JPY,2016-11-23 10:00:00,2016-11-24 06:00:00,1.0
EUR_GBP,2016-11-23 18:00:00,2016-11-30 10:00:00,1.0
EUR_GBP,2016-11-24 02:00:00,2016-11-30 10:00:00,1.0
EUR_GBP,2016-11-24 18:00:00,2016-11-30 10:00:00,1.0
USD_JPY,2016-11-25 14:00:00,2016-11-27 22:00:00,-1.0
EUR_GBP,2016-11-27 22:00:00,2016-12-01 10:00:00,-1.0
USD_JPY,2016-11-28 02:00:00,2016-11-29 10:00:00,1.0
CHF_JPY,2016-11-28 02:00:00,2016-11-30 14:00:00,1.0
CAD_CHF,2016-11-28 14:00:00,2016-12-08 10:00:00,-1.0
CHF_JPY,2016-11-28 22:00:00,2016-11-30 06:00:00,1.0
USD_JPY,2016-11-28 22:00:00,2016-11-29 10:00:00,1.0
EUR_GBP,2016-11-29 14:00:00,2016-12-01 10:00:00,-1.0
CAD_CHF,2016-11-30 14:00:00,2016-12-08 10:00:00,-1.0
EUR_GBP,2016-11-30 22:00:00,2016-12-01 10:00:00,-1.0
EUR_GBP,2016-12-01 14:00:00,2016-12-04 22:00:00,-1.0
USD_JPY,2016-12-02 10:00:00,2016-12-04 22:00:00,-1.0
CHF_JPY,2016-12-02 10:00:00,2016-12-04 22:00:00,-1.0
CHF_JPY,2016-12-04 22:00:00,2016-12-05 10:00:00,1.0
CAD_CHF,2016-12-04 22:00:00,2016-12-08 14:00:00,-1.0
USD_JPY,2016-12-04 22:00:00,2016-12-09 10:00:00,1.0
EUR_GBP,2016-12-04 22:00:00,2016-12-05 10:00:00,1.0
CAD_CHF,2016-12-05 06:00:00,2016-12-08 14:00:00,-1.0
USD_JPY,2016-12-05 18:00:00,2016-12-09 10:00:00,1.0
CHF_JPY,2016-12-06 18:00:00,2016-12-12 06:00:00,1.0
CAD_CHF,2016-12-07 10:00:00,2016-12-08 14:00:00,-1.0
USD_JPY,2016-12-08 02:00:00,2016-12-09 10:00:00,1.0
CAD_CHF,2016-12-08 02:00:00,2016-12-08 14:00:00,-1.0
USD_JPY,2016-12-08 10:00:00,2016-12-09 14:00:00,1.0
CAD_CHF,2016-12-08 14:00:00,2016-12-11 22:00:00,-1.0
CHF_JPY,2016-12-08 14:00:00,2016-12-11 22:00:00,1.0
CHF_JPY,2016-12-08 22:00:00,2016-12-12 06:00:00,1.0
CAD_CHF,2016-12-09 02:00:00,2016-12-22 10:00:00,1.0
EUR_GBP,2016-12-09 02:00:00,2016-12-13 06:00:00,-1.0
EUR_GBP,2016-12-09 10:00:00,2016-12-22 14:00:00,1.0
CAD_CHF,2016-12-09 14:00:00,2016-12-19 14:00:00,1.0
EUR_GBP,2016-12-09 18:00:00,2016-12-22 10:00:00,1.0
CAD_CHF,2016-12-12 02:00:00,2016-12-14 18:00:00,1.0
EUR_GBP,2016-12-12 02:00:00,2016-12-22 10:00:00,1.0
EUR_GBP,2016-12-12 18:00:00,2016-12-22 10:00:00,1.0
USD_JPY,2016-12-13 02:00:00,2016-12-14 18:00:00,1.0
EUR_GBP,2016-12-13 10:00:00,2016-12-19 14:00:00,1.0
USD_JPY,2016-12-13 14:00:00,2016-12-14 18:00:00,1.0
CHF_JPY,2016-12-14 14:00:00,2016-12-15 06:00:00,1.0
USD_JPY,2016-12-14 14:00:00,2016-12-14 18:00:00,1.0
CHF_JPY,2016-12-15 18:00:00,2016-12-28 22:00:00,-1.0
CHF_JPY,2016-12-16 18:00:00,2016-12-28 22:00:00,-1.0
USD_JPY,2016-12-16 18:00:00,2016-12-19 14:00:00,-1.0
EUR_GBP,2016-12-16 18:00:00,2016-12-22 06:00:00,1.0
USD_JPY,2016-12-19 06:00:00,2016-12-29 06:00:00,-1.0
CHF_JPY,2016-12-19 06:00:00,2017-01-10 06:00:00,-0.03667449638057769
USD_JPY,2016-12-19 18:00:00,2017-01-03 10:00:00,1.0
CHF_JPY,2016-12-19 22:00:00,2016-12-29 22:00:00,1.0
CAD_CHF,2016-12-20 14:00:00,2016-12-22 10:00:00,1.0
CAD_CHF,2016-12-20 22:00:00,2016-12-22 10:00:00,1.0
USD_JPY,2016-12-21 14:00:00,2016-12-29 06:00:00,-1.0
CHF_JPY,2016-12-22 22:00:00,2016-12-29 06:00:00,-1.0
CHF_JPY,2016-12-23 06:00:00,2017-01-11 18:00:00,-1.0
USD_JPY,2016-12-23 10:00:00,2016-12-29 22:00:00,-1.0
USD_JPY,2016-12-23 18:00:00,2016-12-29 22:00:00,-1.0
CHF_JPY,2016-12-23 18:00:00,2016-12-29 22:00:00,1.0
CAD_CHF,2016-12-27 14:00:00,2016-12-29 22:00:00,1.0
CHF_JPY,2016-12-27 14:00:00,2016-12-29 22:00:00,1.0
CHF_JPY,2016-12-28 18:00:00,2016-12-29 22:00:00,1.0
USD_JPY,2016-12-29 02:00:00,2017-01-03 06:00:00,1.0
CHF_JPY,2016-12-29 02:00:00,2016-12-29 22:00:00,1.0
USD_JPY,2016-12-29 10:00:00,2017-01-03 06:00:00,1.0
USD_JPY,2016-12-29 18:00:00,2017-01-03 06:00:00,1.0
USD_JPY,2016-12-30 02:00:00,2017-01-03 06:00:00,1.0
EUR_GBP,2016-12-30 14:00:00,2017-01-03 10:00:00,-1.0
EUR_GBP,2017-01-03 02:00:00,2017-01-09 02:00:00,1.0
EUR_GBP,2017-01-03 10:00:00,2017-01-05 02:00:00,1.0
CAD_CHF,2017-01-03 10:00:00,2017-01-11 14:00:00,-1.0
CHF_JPY,2017-01-03 18:00:00,2017-01-11 18:00:00,-1.0
EUR_GBP,2017-01-04 02:00:00,2017-01-06 14:00:00,1.0
EUR_GBP,2017-01-04 14:00:00,2017-01-06 14:00:00,1.0
CAD_CHF,2017-01-04 14:00:00,2017-01-18 14:00:00,1.0
CHF_JPY,2017-01-05 02:00:00,2017-01-11 18:00:00,-1.0
USD_JPY,2017-01-05 02:00:00,2017-01-05 14:00:00,-1.0
USD_JPY,2017-01-05 22:00:00,2017-01-06 18:00:00,1.0
CAD_CHF,2017-01-06 14:00:00,2017-01-18 14:00:00,1.0
CAD_CHF,2017-01-08 22:00:00,2017-01-18 14:00:00,1.0
CAD_CHF,2017-01-09 14:00:00,2017-01-18 14:00:00,1.0
CHF_JPY,2017-01-09 14:00:00,2017-01-11 18:00:00,-1.0
USD_JPY,2017-01-09 22:00:00,2017-01-11 18:00:00,-1.0
CHF_JPY,2017-01-09 22:00:00,2017-01-11 18:00:00,-1.0
USD_JPY,2017-01-10 06:00:00,2017-01-11 18:00:00,-1.0
USD_JPY,2017-01-10 18:00:00,2017-01-11 18:00:00,-1.0
CAD_CHF,2017-01-10 18:00:00,2017-01-18 14:00:00,1.0
CHF_JPY,2017-01-10 22:00:00,2017-01-16 02:00:00,-1.0
CHF_JPY,2017-01-11 14:00:00,2017-01-17 06:00:00,-1.0
CAD_CHF,2017-01-11 14:00:00,2017-01-18 14:00:00,1.0
USD_JPY,2017-01-11 18:00:00,2017-01-12 06:00:00,-1.0
CHF_JPY,2017-01-12 06:00:00,2017-01-19 22:00:00,1.0
USD_JPY,2017-01-12 06:00:00,2017-01-13 14:00:00,1.0
CAD_CHF,2017-01-12 10:00:00,2017-01-18 14:00:00,1.0
CHF_JPY,2017-01-12 18:00:00,2017-01-17 18:00:00,-1.0
USD_JPY,2017-01-12 18:00:00,2017-01-17 02:00:00,-1.0
CHF_JPY,2017-01-16 06:00:00,2017-01-19 06:00:00,1.0
USD_JPY,2017-01-16 06:00:00,2017-01-17 06:00:00,-1.0
CAD_CHF,2017-01-16 10:00:00,2017-01-18 14:00:00,1.0
USD_JPY,2017-01-16 18:00:00,2017-01-17 06:00:00,-1.0
CHF_JPY,2017-01-17 06:00:00,2017-01-18 18:00:00,1.0
USD_JPY,2017-01-17 06:00:00,2017-01-18 18:00:00,1.0
CHF_JPY,2017-01-17 22:00:00,2017-01-18 18:00:00,1.0
USD_JPY,2017-01-17 22:00:00,2017-01-18 18:00:00,1.0
EUR_GBP,2017-01-17 22:00:00,2017-01-24 06:00:00,-1.0
EUR_GBP,2017-01-19 14:00:00,2017-01-25 06:00:00,-1.0
EUR_GBP,2017-01-20 02:00:00,2017-01-25 06:00:00,-1.0
EUR_GBP,2017-01-22 22:00:00,2017-01-24 06:00:00,-1.0
CHF_JPY,2017-01-23 06:00:00,2017-01-26 22:00:00,1.0
USD_JPY,2017-01-23 06:00:00,2017-01-26 14:00:00,1.0
EUR_GBP,2017-01-23 10:00:00,2017-01-25 14:00:00,-1.0
CHF_JPY,2017-01-23 14:00:00,2017-01-26 06:00:00,1.0
USD_JPY,2017-01-23 14:00:00,2017-01-26 06:00:00,1.0
USD_JPY,2017-01-23 22:00:00,2017-01-26 06:00:00,1.0
EUR_GBP,2017-01-23 22:00:00,2017-01-25 18:00:00,-1.0
CAD_CHF,2017-01-24 02:00:00,2017-01-24 14:00:00,-1.0
USD_JPY,2017-01-24 06:00:00,2017-01-26 10:00:00,1.0
EUR_GBP,2017-01-25 02:00:00,2017-01-26 06:00:00,-1.0
CAD_CHF,2017-01-25 06:00:00,2017-02-10 10:00:00,-1.0
CAD_CHF,2017-01-25 18:00:00,2017-01-31 14:00:00,1.0
CHF_JPY,2017-01-25 22:00:00,2017-01-26 10:00:00,1.0
EUR_GBP,2017-01-25 22:00:00,2017-01-31 06:00:00,1.0
EUR_GBP,2017-01-26 06:00:00,2017-01-30 14:00:00,1.0
EUR_GBP,2017-01-27 02:00:00,2017-01-31 06:00:00,1.0
EUR_GBP,2017-01-27 18:00:00,2017-01-31 06:00:00,1.0
CHF_JPY,2017-01-30 02:00:00,2017-01-31 14:00:00,-1.0
USD_JPY,2017-01-30 02:00:00,2017-01-30 14:00:00,-1.0
EUR_GBP,2017-01-30 14:00:00,2017-02-13 10:00:00,-1.0
USD_JPY,2017-01-30 18:00:00,2017-01-31 14:00:00,-1.0
CHF_JPY,2017-01-30 18:00:00,2017-02-03 10:00:00,-1.0
USD_JPY,2017-01-31 06:00:00,2017-01-31 14:00:00,-1.0
CHF_JPY,2017-01-31 06:00:00,2017-02-03 10:00:00,-1.0
USD_JPY,2017-01-31 14:00:00,2017-02-06 18:00:00,-1.0
USD_JPY,2017-01-31 22:00:00,2017-02-06 18:00:00,-1.0
EUR_GBP,2017-02-01 22:00:00,2017-02-02 10:00:00,1.0
CAD_CHF,2017-02-02 02:00:00,2017-02-10 14:00:00,-1.0
CHF_JPY,2017-02-02 06:00:00,2017-02-06 10:00:00,-1.0
USD_JPY,2017-02-02 10:00:00,2017-02-03 10:00:00,1.0
CHF_JPY,2017-02-02 14:00:00,2017-02-06 10:00:00,-1.0
CAD_CHF,2017-02-02 22:00:00,2017-02-13 14:00:00,-1.0
USD_JPY,2017-02-03 02:00:00,2017-02-06 18:00:00,-1.0
CHF_JPY,2017-02-03 02:00:00,2017-02-06 10:00:00,-1.0
CAD_CHF,2017-02-03 10:00:00,2017-02-08 14:00:00,1.0
USD_JPY,2017-02-06 02:00:00,2017-02-09 22:00:00,1.0
CAD_CHF,2017-02-06 10:00:00,2017-02-10 10:00:00,-1.0
CHF_JPY,2017-02-06 10:00:00,2017-02-22 10:00:00,-1.0
USD_JPY,2017-02-06 18:00:00,2017-02-09 14:00:00,1.0
USD_JPY,2017-02-07 06:00:00,2017-02-09 22:00:00,1.0
CHF_JPY,2017-02-07 06:00:00,2017-02-09 22:00:00,1.0
USD_JPY,2017-02-07 18:00:00,2017-02-09 22:00:00,1.0
CHF_JPY,2017-02-07 18:00:00,2017-02-22 10:00:00,-1.0
CAD_CHF,2017-02-08 10:00:00,2017-02-10 10:00:00,-1.0
EUR_GBP,2017-02-08 10:00:00,2017-02-21 18:00:00,-1.0
USD_JPY,2017-02-08 18:00:00,2017-02-09 14:00:00,1.0
EUR_GBP,2017-02-08 22:00:00,2017-02-13 18:00:00,-1.0
EUR_GBP,2017-02-09 14:00:00,2017-02-22 02:00:00,-1.0
CAD_CHF,2017-02-09 18:00:00,2017-02-13 14:00:00,-1.0
EUR_GBP,2017-02-10 02:00:00,2017-02-21 22:00:00,-1.0
EUR_GBP,2017-02-10 10:00:00,2017-02-21 22:00:00,-1.0
CAD_CHF,2017-02-10 10:00:00,2017-02-28 14:00:00,1.0
EUR_GBP,2017-02-10 18:00:00,2017-02-21 22:00:00,-1.0
EUR_GBP,2017-02-13 02:00:00,2017-02-17 10:00:00,1.0
CAD_CHF,2017-02-13 18:00:00,2017-02-28 10:00:00,1.0
CHF_JPY,2017-02-13 18:00:00,2017-02-22 06:00:00,-1.0
EUR_GBP,2017-02-13 18:00:00,2017-02-16 14:00:00,1.0
CHF_JPY,2017-02-14 06:00:00,2017-02-22 06:00:00,-1.0
CAD_CHF,2017-02-14 10:00:00,2017-02-28 10:00:00,1.0
USD_JPY,2017-02-14 14:00:00,2017-02-16 14:00:00,-1.0
EUR_GBP,2017-02-14 18:00:00,2017-02-17 06:00:00,1.0
CAD_CHF,2017-02-14 18:00:00,2017-02-28 10:00:00,1.0
USD_JPY,2017-02-16 10:00:00,2017-02-17 10:00:00,-1.0
CHF_JPY,2017-02-16 18:00:00,2017-02-17 18:00:00,-1.0
USD_JPY,2017-02-16 22:00:00,2017-02-24 10:00:00,-1.0
USD_JPY,2017-02-17 10:00:00,2017-03-01 10:00:00,1.0
CHF_JPY,2017-02-17 10:00:00,2017-02-22 06:00:00,-1.0
CHF_JPY,2017-02-17 18:00:00,2017-02-24 14:00:00,-1.0
USD_JPY,2017-02-19 22:00:00,2017-02-28 14:00:00,-1.0
CAD_CHF,2017-02-20 06:00:00,2017-02-28 14:00:00,1.0
EUR_GBP,2017-02-21 02:00:00,2017-02-22 06:00:00,-1.0
CAD_CHF,2017-02-21 10:00:00,2017-02-28 10:00:00,1.0
EUR_GBP,2017-02-21 10:00:00,2017-03-01 14:00:00,1.0
CHF_JPY,2017-02-21 10:00:00,2017-02-24 14:00:00,-1.0
CAD_CHF,2017-02-22 06:00:00,2017-02-28 10:00:00,1.0
EUR_GBP,2017-02-22 06:00:00,2017-02-27 06:00:00,1.0
CHF_JPY,2017-02-22 10:00:00,2017-03-01 14:00:00,1.0
EUR_GBP,2017-02-22 14:00:00,2017-03-01 14:00:00,1.0
USD_JPY,2017-02-22 14:00:00,2017-02-24 10:00:00,-1.0
USD_JPY,2017-02-23 14:00:00,2017-03-01 10:00:00,1.0
EUR_GBP,2017-02-23 18:00:00,2017-02-26 22:00:00,1.0
USD_JPY,2017-02-23 22:00:00,2017-02-28 14:00:00,-1.0
EUR_GBP,2017-02-24 06:00:00,2017-02-27 14:00:00,1.0
USD_JPY,2017-02-24 14:00:00,2017-02-28 22:00:00,1.0
CHF_JPY,2017-02-24 18:00:00,2017-03-01 02:00:00,1.0
CAD_CHF,2017-02-26 22:00:00,2017-02-28 10:00:00,1.0
CHF_JPY,2017-02-27 02:00:00,2017-02-28 22:00:00,1.0
USD_JPY,2017-02-27 02:00:00,2017-02-28 22:00:00,1.0
CAD_CHF,2017-02-27 06:00:00,2017-02-28 14:00:00,1.0
USD_JPY,2017-02-28 14:00:00,2017-02-28 22:00:00,1.0
CHF_JPY,2017-03-03 02:00:00,2017-03-10 02:00:00,1.0
CHF_JPY,2017-03-03 10:00:00,2017-03-08 02:00:00,-1.0
CHF_JPY,2017-03-06 10:00:00,2017-03-09 22:00:00,1.0
USD_JPY,2017-03-06 10:00:00,2017-03-09 06:00:00,1.0
CHF_JPY,2017-03-06 22:00:00,2017-03-09 18:00:00,1.0
USD_JPY,2017-03-06 22:00:00,2017-03-09 22:00:00,1.0
CAD_CHF,2017-03-07 10:00:00,2017-03-09 10:00:00,1.0
CHF_JPY,2017-03-07 10:00:00,2017-03-09 18:00:00,1.0
USD_JPY,2017-03-08 06:00:00,2017-03-09 22:00:00,1.0
CAD_CHF,2017-03-10 14:00:00,2017-03-22 05:00:00,1.0
CHF_JPY,2017-03-12 21:00:00,2017-03-20 21:00:00,-1.0
USD_JPY,2017-03-13 05:00:00,2017-03-15 17:00:00,-1.0
CHF_JPY,2017-03-13 09:00:00,2017-03-20 17:00:00,-1.0
USD_JPY,2017-03-13 17:00:00,2017-03-15 17:00:00,-1.0
CHF_JPY,2017-03-14 13:00:00,2017-03-20 21:00:00,-1.0
USD_JPY,2017-03-14 17:00:00,2017-03-15 17:00:00,-1.0
CHF_JPY,2017-03-14 21:00:00,2017-03-20 21:00:00,-1.0
EUR_GBP,2017-03-15 09:00:00,2017-03-23 09:00:00,-1.0
USD_JPY,2017-03-15 09:00:00,2017-03-15 17:00:00,-1.0
USD_JPY,2017-03-15 17:00:00,2017-03-20 21:00:00,-1.0
CAD_CHF,2017-03-15 21:00:00,2017-03-21 17:00:00,1.0
USD_JPY,2017-03-16 01:00:00,2017-03-20 21:00:00,-1.0
EUR_GBP,2017-03-16 13:00:00,2017-03-30 13:00:00,-1.0
USD_JPY,2017-03-16 17:00:00,2017-03-21 13:00:00,-1.0
USD_JPY,2017-03-17 17:00:00,2017-03-21 17:00:00,-1.0
CHF_JPY,2017-03-19 21:00:00,2017-03-22 09:00:00,-1.0
EUR_GBP,2017-03-19 21:00:00,2017-03-30 13:00:00,-1.0
USD_JPY,2017-03-20 05:00:00,2017-03-21 17:00:00,-1.0
CHF_JPY,2017-03-20 05:00:00,2017-03-22 09:00:00,-1.0
EUR_GBP,2017-03-20 09:00:00,2017-03-30 13:00:00,-1.0
CHF_JPY,2017-03-20 21:00:00,2017-03-23 13:00:00,-1.0
USD_JPY,2017-03-20 21:00:00,2017-03-22 05:00:00,-1.0
CAD_CHF,2017-03-21 01:00:00,2017-03-22 13:00:00,1.0
CAD_CHF,2017-03-21 13:00:00,2017-03-27 09:00:00,1.0
EUR_GBP,2017-03-21 17:00:00,2017-03-30 13:00:00,-1.0
USD_JPY,2017-03-21 17:00:00,2017-03-24 17:00:00,-1.0
CHF_JPY,2017-03-22 01:00:00,2017-03-29 09:00:00,-1.0
EUR_GBP,2017-03-22 01:00:00,2017-03-30 17:00:00,-1.0
USD_JPY,2017-03-22 09:00:00,2017-03-27 05:00:00,-1.0
CHF_JPY,2017-03-22 09:00:00,2017-04-03 13:00:00,-1.0
EUR_GBP,2017-03-23 01:00:00,2017-03-28 21:00:00,1.0
CAD_CHF,2017-03-23 09:00:00,2017-03-27 09:00:00,1.0
CHF_JPY,2017-03-23 09:00:00,2017-04-03 13:00:00,-1.0
EUR_GBP,2017-03-23 09:00:00,2017-03-28 21:00:00,1.0
USD_JPY,2017-03-23 13:00:00,2017-04-11 13:00:00,-1.0
CAD_CHF,2017-03-23 17:00:00,2017-03-27 09:00:00,1.0
EUR_GBP,2017-03-23 17:00:00,2017-03-28 21:00:00,1.0
CHF_JPY,2017-03-23 21:00:00,2017-04-03 13:00:00,-1.0
CAD_CHF,2017-03-24 01:00:00,2017-03-27 09:00:00,1.0
CHF_JPY,2017-03-27 01:00:00,2017-04-03 13:00:00,-1.0
USD_JPY,2017-03-27 01:00:00,2017-03-30 13:00:00,1.0
USD_JPY,2017-03-27 13:00:00,2017-03-30 17:00:00,1.0
EUR_GBP,2017-03-28 09:00:00,2017-03-30 17:00:00,-1.0
USD_JPY,2017-03-28 13:00:00,2017-03-30 17:00:00,1.0
CAD_CHF,2017-03-28 21:00:00,2017-03-30 01:00:00,-1.0
CHF_JPY,2017-03-29 09:00:00,2017-04-04 01:00:00,-1.0
CAD_CHF,2017-03-29 09:00:00,2017-03-30 13:00:00,-1.0
EUR_GBP,2017-03-30 01:00:00,2017-03-30 17:00:00,-1.0
CAD_CHF,2017-03-30 01:00:00,2017-04-10 09:00:00,-1.0
EUR_GBP,2017-03-30 13:00:00,2017-03-31 17:00:00,-1.0
CAD_CHF,2017-03-30 17:00:00,2017-04-10 21:00:00,-1.0
EUR_GBP,2017-03-30 21:00:00,2017-04-14 13:00:00,-1.0
EUR_GBP,2017-03-31 05:00:00,2017-03-31 17:00:00,-1.0
CAD_CHF,2017-03-31 13:00:00,2017-04-12 13:00:00,-1.0
USD_JPY,2017-03-31 17:00:00,2017-04-04 09:00:00,-1.0
CHF_JPY,2017-04-02 21:00:00,2017-04-04 05:00:00,-1.0
EUR_GBP,2017-04-02 21:00:00,2017-04-18 09:00:00,-1.0
CAD_CHF,2017-04-02 21:00:00,2017-04-04 09:00:00,1.0
USD_JPY,2017-04-03 05:00:00,2017-04-04 09:00:00,-1.0
USD_JPY,2017-04-03 21:00:00,2017-04-11 21:00:00,-1.0
CHF_JPY,2017-04-04 01:00:00,2017-04-11 13:00:00,-1.0
CAD_CHF,2017-04-05 17:00:00,2017-04-10 09:00:00,-1.0
CHF_JPY,2017-04-05 21:00:00,2017-04-11 13:00:00,-1.0
USD_JPY,2017-04-06 01:00:00,2017-04-11 21:00:00,-1.0
USD_JPY,2017-04-07 05:00:00,2017-04-11 21:00:00,-1.0
CAD_CHF,2017-04-07 13:00:00,2017-04-13 09:00:00,-1.0
CAD_CHF,2017-04-10 01:00:00,2017-04-12 13:00:00,-1.0
EUR_GBP,2017-04-10 13:00:00,2017-04-18 05:00:00,-1.0
CAD_CHF,2017-04-10 13:00:00,2017-04-18 09:00:00,1.0
CHF_JPY,2017-04-11 01:00:00,2017-04-11 21:00:00,-1.0
EUR_GBP,2017-04-11 05:00:00,2017-04-18 09:00:00,-1.0
USD_JPY,2017-04-11 05:00:00,2017-04-11 21:00:00,-1.0
USD_JPY,2017-04-11 13:00:00,2017-04-14 09:00:00,-1.0
CAD_CHF,2017-04-11 13:00:00,2017-04-18 09:00:00,1.0
CHF_JPY,2017-04-11 21:00:00,2017-04-20 13:00:00,1.0
USD_JPY,2017-04-11 21:00:00,2017-04-16 21:00:00,-1.0
EUR_GBP,2017-04-11 21:00:00,2017-04-18 09:00:00,-1.0
USD_JPY,2017-04-12 13:00:00,2017-04-16 21:00:00,-1.0
EUR_GBP,2017-04-12 13:00:00,2017-04-18 09:00:00,-1.0
CHF_JPY,2017-04-13 01:00:00,2017-04-20 13:00:00,1.0
USD_JPY,2017-04-13 01:00:00,2017-04-23 21:00:00,1.0
EUR_GBP,2017-04-13 09:00:00,2017-04-18 13:00:00,-1.0
CHF_JPY,2017-04-13 09:00:00,2017-04-20 13:00:00,1.0
CAD_CHF,2017-04-13 13:00:00,2017-04-18 09:00:00,1.0
CHF_JPY,2017-04-13 21:00:00,2017-04-20 13:00:00,1.0
EUR_GBP,2017-04-14 05:00:00,2017-04-18 09:00:00,-1.0
USD_JPY,2017-04-14 13:00:00,2017-04-23 21:00:00,1.0
CHF_JPY,2017-04-14 17:00:00,2017-04-19 05:00:00,1.0
EUR_GBP,2017-04-16 21:00:00,2017-04-18 13:00:00,-1.0
USD_JPY,2017-04-17 01:00:00,2017-04-20 13:00:00,1.0
CHF_JPY,2017-04-17 05:00:00,2017-04-18 21:00:00,1.0
EUR_GBP,2017-04-17 17:00:00,2017-04-18 13:00:00,-1.0
EUR_GBP,2017-04-18 13:00:00,2017-04-23 21:00:00,1.0
USD_JPY,2017-04-18 21:00:00,2017-04-23 21:00:00,1.0
EUR_GBP,2017-04-19 01:00:00,2017-04-23 21:00:00,1.0
EUR_GBP,2017-04-19 13:00:00,2017-04-23 21:00:00,1.0
EUR_GBP,2017-04-20 21:00:00,2017-04-23 21:00:00,1.0
CAD_CHF,2017-04-21 09:00:00,2017-04-25 09:00:00,1.0
CHF_JPY,2017-04-21 09:00:00,2017-04-23 21:00:00,1.0
EUR_GBP,2017-04-21 17:00:00,2017-04-23 21:00:00,1.0
CHF_JPY,2017-04-21 17:00:00,2017-04-23 21:00:00,1.0
CHF_JPY,2017-04-24 17:00:00,2017-04-25 13:00:00,1.0
CAD_CHF,2017-04-27 05:00:00,2017-05-02 13:00:00,1.0
EUR_GBP,2017-04-27 13:00:00,2017-05-16 01:00:00,1.0
EUR_GBP,2017-04-28 05:00:00,2017-05-16 05:00:00,1.0
USD_JPY,2017-04-28 05:00:00,2017-05-03 09:00:00,1.0
CHF_JPY,2017-04-28 05:00:00,2017-05-03 05:00:00,1.0
EUR_GBP,2017-04-28 17:00:00,2017-05-05 01:00:00,1.0
EUR_GBP,2017-05-01 09:00:00,2017-05-16 05:00:00,1.0
CAD_CHF,2017-05-04 05:00:00,2017-05-05 01:00:00,1.0
USD_JPY,2017-05-05 05:00:00,2017-05-09 05:00:00,1.0
CHF_JPY,2017-05-05 05:00:00,2017-05-16 09:00:00,1.0
CAD_CHF,2017-05-08 01:00:00,2017-05-09 09:00:00,-1.0
EUR_GBP,2017-05-08 09:00:00,2017-05-16 05:00:00,1.0
CHF_JPY,2017-05-08 17:00:00,2017-05-16 05:00:00,1.0
CAD_CHF,2017-05-08 21:00:00,2017-05-10 13:00:00,-1.0
EUR_GBP,2017-05-09 01:00:00,2017-05-16 05:00:00,1.0
CAD_CHF,2017-05-09 09:00:00,2017-05-10 13:00:00,-1.0
EUR_GBP,2017-05-09 13:00:00,2017-05-15 09:00:00,1.0
CHF_JPY,2017-05-09 17:00:00,2017-05-16 05:00:00,1.0
EUR_GBP,2017-05-09 21:00:00,2017-05-15 09:00:00,1.0
CAD_CHF,2017-05-09 21:00:00,2017-05-16 05:00:00,1.0
CHF_JPY,2017-05-10 05:00:00,2017-05-16 05:00:00,1.0
EUR_GBP,2017-05-10 09:00:00,2017-05-15 09:00:00,1.0
CAD_CHF,2017-05-10 13:00:00,2017-05-12 13:00:00,1.0
EUR_GBP,2017-05-10 17:00:00,2017-05-12 13:00:00,1.0
CAD_CHF,2017-05-10 21:00:00,2017-05-16 05:00:00,1.0
EUR_GBP,2017-05-11 05:00:00,2017-05-15 17:00:00,1.0
USD_JPY,2017-05-12 13:00:00,2017-05-17 05:00:00,-1.0
CHF_JPY,2017-05-12 13:00:00,2017-05-16 05:00:00,1.0
USD_JPY,2017-05-14 21:00:00,2017-05-17 05:00:00,-1.0
USD_JPY,2017-05-15 05:00:00,2017-05-17 01:00:00,-1.0
USD_JPY,2017-05-15 13:00:00,2017-05-17 01:00:00,-1.0
USD_JPY,2017-05-17 01:00:00,2017-05-17 13:00:00,-1.0
CHF_JPY,2017-05-17 05:00:00,2017-05-17 21:00:00,-1.0
USD_JPY,2017-05-17 13:00:00,2017-05-18 09:00:00,-1.0
CHF_JPY,2017-05-17 13:00:00,2017-05-22 09:00:00,1.0
USD_JPY,2017-05-17 21:00:00,2017-05-24 13:00:00,1.0
CHF_JPY,2017-05-17 21:00:00,2017-05-22 09:00:00,1.0
CHF_JPY,2017-05-18 09:00:00,2017-05-19 05:00:00,1.0
USD_JPY,2017-05-18 09:00:00,2017-05-23 21:00:00,1.0
CAD_CHF,2017-05-19 05:00:00,2017-05-24 13:00:00,-1.0
USD_JPY,2017-05-22 17:00:00,2017-06-05 21:00:00,-1.0
CAD_CHF,2017-05-23 21:00:00,2017-06-02 13:00:00,1.0
USD_JPY,2017-05-25 05:00:00,2017-05-30 13:00:00,-1.0
CHF_JPY,2017-05-26 05:00:00,2017-05-30 01:00:00,-1.0
USD_JPY,2017-05-26 09:00:00,2017-06-06 01:00:00,-1.0
CAD_CHF,2017-05-28 21:00:00,2017-05-31 13:00:00,1.0
CAD_CHF,2017-05-29 05:00:00,2017-05-31 13:00:00,1.0
CAD_CHF,2017-05-29 21:00:00,2017-05-31 13:00:00,1.0
CHF_JPY,2017-05-30 01:00:00,2017-05-31 17:00:00,1.0
USD_JPY,2017-05-30 01:00:00,2017-06-06 01:00:00,-1.0
EUR_GBP,2017-05-30 09:00:00,2017-06-08 21:00:00,1.0
USD_JPY,2017-05-30 17:00:00,2017-06-06 01:00:00,-1.0
USD_JPY,2017-05-31 09:00:00,2017-06-06 01:00:00,-1.0
USD_JPY,2017-05-31 17:00:00,2017-06-06 05:00:00,-1.0
CHF_JPY,2017-06-02 13:00:00,2017-06-06 09:00:00,-1.0
USD_JPY,2017-06-04 21:00:00,2017-06-06 09:00:00,-1.0
USD_JPY,2017-06-05 09:00:00,2017-06-06 09:00:00,-1.0
EUR_GBP,2017-06-05 17:00:00,2017-06-08 21:00:00,1.0
USD_JPY,2017-06-05 17:00:00,2017-06-06 09:00:00,-1.0
CHF_JPY,2017-06-05 17:00:00,2017-06-06 09:00:00,-1.0
CHF_JPY,2017-06-06 01:00:00,2017-06-14 13:00:00,-1.0
USD_JPY,2017-06-06 01:00:00,2017-06-14 17:00:00,-1.0
EUR_GBP,2017-06-06 09:00:00,2017-06-08 21:00:00,1.0
CAD_CHF,2017-06-06 09:00:00,2017-06-12 17:00:00,-1.0
CHF_JPY,2017-06-06 13:00:00,2017-06-14 21:00:00,-1.0
USD_JPY,2017-06-06 13:00:00,2017-06-09 09:00:00,1.0
USD_JPY,2017-06-07 09:00:00,2017-06-09 05:00:00,1.0
CHF_JPY,2017-06-07 09:00:00,2017-06-19 09:00:00,1.0
EUR_GBP,2017-06-07 13:00:00,2017-06-08 21:00:00,1.0
EUR_GBP,2017-06-08 01:00:00,2017-06-08 21:00:00,1.0
EUR_GBP,2017-06-08 09:00:00,2017-06-08 21:00:00,1.0
EUR_GBP,2017-06-08 17:00:00,2017-06-08 21:00:00,1.0
CAD_CHF,2017-06-09 13:00:00,2017-06-12 21:00:00,-1.0
CHF_JPY,2017-06-12 17:00:00,2017-06-23 01:00:00,1.0
USD_JPY,2017-06-12 17:00:00,2017-06-14 17:00:00,-1.0
CAD_CHF,2017-06-13 01:00:00,2017-06-16 09:00:00,-1.0
CAD_CHF,2017-06-13 13:00:00,2017-06-30 09:00:00,-1.0
CAD_CHF,2017-06-14 09:00:00,2017-07-03 09:00:00,-1.0
USD_JPY,2017-06-14 13:00:00,2017-06-15 09:00:00,1.0
CHF_JPY,2017-06-14 13:00:00,2017-06-15 21:00:00,1.0
CAD_CHF,2017-06-15 09:00:00,2017-07-03 09:00:00,-1.0
CHF_JPY,2017-06-15 09:00:00,2017-06-16 05:00:00,1.0
CAD_CHF,2017-06-16 01:00:00,2017-06-27 17:00:00,1.0
EUR_GBP,2017-06-16 05:00:00,2017-06-21 05:00:00,1.0
CAD_CHF,2017-06-16 09:00:00,2017-06-27 17:00:00,1.0
EUR_GBP,2017-06-16 13:00:00,2017-06-21 05:00:00,1.0
CHF_JPY,2017-06-16 17:00:00,2017-06-26 21:00:00,1.0
CAD_CHF,2017-06-18 21:00:00,2017-06-22 05:00:00,1.0
CAD_CHF,2017-06-19 05:00:00,2017-07-03 09:00:00,-1.0
EUR_GBP,2017-06-19 09:00:00,2017-06-21 09:00:00,1.0
CAD_CHF,2017-06-19 21:00:00,2017-06-21 13:00:00,1.0
EUR_GBP,2017-06-19 21:00:00,2017-06-21 09:00:00,1.0
CHF_JPY,2017-06-20 17:00:00,2017-06-27 09:00:00,1.0
CHF_JPY,2017-06-21 05:00:00,2017-06-27 05:00:00,1.0
USD_JPY,2017-06-21 09:00:00,2017-06-29 09:00:00,1.0
USD_JPY,2017-06-22 01:00:00,2017-06-27 13:00:00,1.0
USD_JPY,2017-06-22 09:00:00,2017-06-27 13:00:00,1.0
CHF_JPY,2017-06-22 09:00:00,2017-06-27 05:00:00,1.0
CAD_CHF,2017-06-22 13:00:00,2017-07-03 09:00:00,-1.0
CAD_CHF,2017-06-23 01:00:00,2017-07-03 09:00:00,-1.0
EUR_GBP,2017-06-26 09:00:00,2017-07-11 13:00:00,1.0
CAD_CHF,2017-06-28 17:00:00,2017-07-04 09:00:00,-1.0
EUR_GBP,2017-06-29 01:00:00,2017-07-11 13:00:00,1.0
EUR_GBP,2017-06-29 13:00:00,2017-07-11 13:00:00,1.0
CAD_CHF,2017-06-29 13:00:00,2017-07-03 09:00:00,-1.0
CHF_JPY,2017-06-29 17:00:00,2017-07-10 05:00:00,1.0
USD_JPY,2017-06-29 17:00:00,2017-07-03 13:00:00,1.0
CAD_CHF,2017-06-30 01:00:00,2017-07-04 09:00:00,-1.0
USD_JPY,2017-06-30 01:00:00,2017-07-03 09:00:00,1.0
CHF_JPY,2017-06-30 01:00:00,2017-07-07 01:00:00,1.0
EUR_GBP,2017-06-30 01:00:00,2017-07-11 13:00:00,1.0
CAD_CHF,2017-06-30 09:00:00,2017-07-04 09:00:00,-1.0
USD_JPY,2017-06-30 09:00:00,2017-07-03 13:00:00,1.0
CHF_JPY,2017-06-30 09:00:00,2017-07-07 01:00:00,1.0
EUR_GBP,2017-07-02 21:00:00,2017-07-11 13:00:00,1.0
CAD_CHF,2017-07-02 21:00:00,2017-07-04 13:00:00,-1.0
CAD_CHF,2017-07-03 17:00:00,2017-07-07 13:00:00,-1.0
EUR_GBP,2017-07-03 17:00:00,2017-07-11 13:00:00,1.0
CAD_CHF,2017-07-04 01:00:00,2017-07-07 13:00:00,-1.0
EUR_GBP,2017-07-04 13:00:00,2017-07-11 13:00:00,1.0
CAD_CHF,2017-07-04 17:00:00,2017-07-12 13:00:00,-1.0
EUR_GBP,2017-07-05 13:00:00,2017-07-11 13:00:00,1.0
CHF_JPY,2017-07-06 05:00:00,2017-07-10 01:00:00,1.0
EUR_GBP,2017-07-06 05:00:00,2017-07-11 13:00:00,1.0
USD_JPY,2017-07-06 05:00:00,2017-07-11 01:00:00,1.0
CAD_CHF,2017-07-07 13:00:00,2017-07-12 13:00:00,-1.0
CHF_JPY,2017-07-10 13:00:00,2017-07-13 09:00:00,-1.0
CAD_CHF,2017-07-10 13:00:00,2017-07-12 13:00:00,-1.0
CHF_JPY,2017-07-11 09:00:00,2017-07-13 09:00:00,-1.0
USD_JPY,2017-07-11 17:00:00,2017-07-14 09:00:00,-1.0
USD_JPY,2017-07-12 01:00:00,2017-07-14 09:00:00,-1.0
USD_JPY,2017-07-12 13:00:00,2017-07-18 01:00:00,-1.0
CHF_JPY,2017-07-12 13:00:00,2017-07-27 09:00:00,-1.0
CAD_CHF,2017-07-12 17:00:00,2017-07-26 09:00:00,-1.0
CHF_JPY,2017-07-12 21:00:00,2017-07-27 09:00:00,-1.0
USD_JPY,2017-07-12 21:00:00,2017-07-18 01:00:00,-1.0
USD_JPY,2017-07-13 05:00:00,2017-07-18 09:00:00,-1.0
EUR_GBP,2017-07-13 09:00:00,2017-07-20 09:00:00,1.0
CAD_CHF,2017-07-13 17:00:00,2017-07-18 13:00:00,1.0
EUR_GBP,2017-07-13 21:00:00,2017-07-18 13:00:00,1.0
EUR_GBP,2017-07-14 05:00:00,2017-07-18 13:00:00,1.0
CAD_CHF,2017-07-14 09:00:00,2017-07-26 09:00:00,-1.0
USD_JPY,2017-07-14 13:00:00,2017-07-21 09:00:00,-1.0
CHF_JPY,2017-07-14 13:00:00,2017-07-27 13:00:00,-1.0
CAD_CHF,2017-07-14 17:00:00,2017-07-18 13:00:00,1.0
USD_JPY,2017-07-16 21:00:00,2017-07-21 09:00:00,-1.0
EUR_GBP,2017-07-17 01:00:00,2017-07-18 05:00:00,1.0
CAD_CHF,2017-07-17 01:00:00,2017-07-18 13:00:00,1.0
USD_JPY,2017-07-17 13:00:00,2017-07-19 09:00:00,-1.0
CHF_JPY,2017-07-18 05:00:00,2017-07-27 09:00:00,-1.0
USD_JPY,2017-07-18 05:00:00,2017-07-21 13:00:00,-1.0
USD_JPY,2017-07-18 13:00:00,2017-07-23 21:00:00,-1.0
USD_JPY,2017-07-19 01:00:00,2017-07-23 21:00:00,-1.0
CHF_JPY,2017-07-19 05:00:00,2017-07-27 09:00:00,-1.0
USD_JPY,2017-07-19 13:00:00,2017-07-28 17:00:00,-1.0
CHF_JPY,2017-07-19 17:00:00,2017-07-27 09:00:00,-1.0
CAD_CHF,2017-07-19 21:00:00,2017-07-26 09:00:00,-1.0
USD_JPY,2017-07-20 17:00:00,2017-07-23 21:00:00,-1.0
CHF_JPY,2017-07-21 13:00:00,2017-07-27 09:00:00,-1.0
USD_JPY,2017-07-21 17:00:00,2017-08-01 01:00:00,-1.0
CHF_JPY,2017-07-24 01:00:00,2017-07-27 09:00:00,-1.0
CHF_JPY,2017-07-24 09:00:00,2017-07-27 09:00:00,-1.0
USD_JPY,2017-07-24 09:00:00,2017-07-25 17:00:00,1.0
CAD_CHF,2017-07-25 05:00:00,2017-07-26 09:00:00,-1.0
CAD_CHF,2017-07-25 17:00:00,2017-07-27 09:00:00,-1.0
CHF_JPY,2017-07-26 05:00:00,2017-07-27 09:00:00,-1.0
CAD_CHF,2017-07-26 05:00:00,2017-07-27 09:00:00,-1.0
CHF_JPY,2017-07-26 13:00:00,2017-07-27 13:00:00,-1.0
EUR_GBP,2017-07-26 17:00:00,2017-08-03 09:00:00,1.0
CAD_CHF,2017-07-26 17:00:00,2017-07-27 09:00:00,-1.0
CHF_JPY,2017-07-27 01:00:00,2017-07-27 13:00:00,-1.0
USD_JPY,2017-07-27 01:00:00,2017-08-01 13:00:00,-1.0
CAD_CHF,2017-07-27 09:00:00,2017-07-28 13:00:00,-1.0
EUR_GBP,2017-07-27 13:00:00,2017-08-03 09:00:00,1.0
CHF_JPY,2017-07-27 17:00:00,2017-07-28 17:00:00,-1.0
CAD_CHF,2017-07-27 17:00:00,2017-07-28 09:00:00,-1.0
USD_JPY,2017-07-28 01:00:00,2017-08-01 13:00:00,-1.0
CHF_JPY,2017-07-28 01:00:00,2017-08-08 13:00:00,-1.0
CAD_CHF,2017-07-28 01:00:00,2017-07-28 13:00:00,-1.0
CAD_CHF,2017-07-28 13:00:00,2017-08-01 13:00:00,1.0
CHF_JPY,2017-07-28 17:00:00,2017-08-08 17:00:00,-1.0
USD_JPY,2017-07-31 01:00:00,2017-08-10 13:00:00,-1.0
CHF_JPY,2017-07-31 09:00:00,2017-08-14 13:00:00,-1.0
USD_JPY,2017-07-31 21:00:00,2017-08-10 17:00:00,-1.0
CHF_JPY,2017-08-02 17:00:00,2017-08-08 21:00:00,-1.0
CHF_JPY,2017-08-03 05:00:00,2017-08-08 21:00:00,-1.0
EUR_GBP,2017-08-03 09:00:00,2017-08-15 09:00:00,1.0
CAD_CHF,2017-08-03 17:00:00,2017-08-09 01:00:00,1.0
CHF_JPY,2017-08-03 17:00:00,2017-08-23 17:00:00,-0.6888603452219635
USD_JPY,2017-08-03 21:00:00,2017-08-11 01:00:00,-1.0
CHF_JPY,2017-08-08 05:00:00,2017-08-28 05:00:00,0.7936298447054694
USD_JPY,2017-08-08 09:00:00,2017-08-10 13:00:00,-1.0
CHF_JPY,2017-08-08 21:00:00,2017-08-09 17:00:00,1.0
USD_JPY,2017-08-09 01:00:00,2017-08-11 09:00:00,-1.0
USD_JPY,2017-08-09 09:00:00,2017-08-15 09:00:00,1.0
CHF_JPY,2017-08-10 13:00:00,2017-08-28 05:00:00,1.0
USD_JPY,2017-08-10 13:00:00,2017-08-15 05:00:00,1.0
EUR_GBP,2017-08-10 13:00:00,2017-08-21 13:00:00,1.0
USD_JPY,2017-08-10 21:00:00,2017-08-14 21:00:00,1.0
USD_JPY,2017-08-11 05:00:00,2017-08-14 21:00:00,1.0
USD_JPY,2017-08-11 17:00:00,2017-08-15 05:00:00,1.0
CAD_CHF,2017-08-14 05:00:00,2017-08-16 13:00:00,-1.0
CHF_JPY,2017-08-14 13:00:00,2017-08-16 05:00:00,1.0
CAD_CHF,2017-08-14 13:00:00,2017-08-22 09:00:00,-1.0
CHF_JPY,2017-08-14 21:00:00,2017-08-25 17:00:00,1.0
CAD_CHF,2017-08-15 05:00:00,2017-08-22 09:00:00,-1.0
CAD_CHF,2017-08-16 13:00:00,2017-08-29 09:00:00,1.0
CHF_JPY,2017-08-16 13:00:00,2017-08-21 09:00:00,-1.0
USD_JPY,2017-08-17 01:00:00,2017-08-18 13:00:00,-1.0
CHF_JPY,2017-08-17 21:00:00,2017-08-21 09:00:00,-1.0
USD_JPY,2017-08-17 21:00:00,2017-08-28 21:00:00,-1.0
CHF_JPY,2017-08-18 05:00:00,2017-08-28 05:00:00,1.0
USD_JPY,2017-08-18 05:00:00,2017-08-30 05:00:00,1.0
USD_JPY,2017-08-18 13:00:00,2017-08-28 21:00:00,-1.0
CHF_JPY,2017-08-18 13:00:00,2017-08-28 05:00:00,1.0
CAD_CHF,2017-08-18 17:00:00,2017-08-28 21:00:00,1.0
CHF_JPY,2017-08-21 05:00:00,2017-08-25 13:00:00,1.0
CAD_CHF,2017-08-21 09:00:00,2017-08-28 21:00:00,1.0
USD_JPY,2017-08-21 17:00:00,2017-08-30 05:00:00,1.0
CAD_CHF,2017-08-22 09:00:00,2017-08-28 21:00:00,1.0
CHF_JPY,2017-08-22 13:00:00,2017-08-25 17:00:00,1.0
USD_JPY,2017-08-23 13:00:00,2017-08-30 09:00:00,1.0
USD_JPY,2017-08-23 21:00:00,2017-08-30 09:00:00,1.0
CAD_CHF,2017-08-24 21:00:00,2017-08-28 21:00:00,1.0
CAD_CHF,2017-08-25 13:00:00,2017-08-28 21:00:00,1.0
USD_JPY,2017-08-25 17:00:00,2017-08-29 09:00:00,-1.0
USD_JPY,2017-08-28 01:00:00,2017-08-30 09:00:00,1.0
USD_JPY,2017-08-28 17:00:00,2017-08-30 09:00:00,1.0
USD_JPY,2017-08-29 09:00:00,2017-08-29 17:00:00,1.0
CAD_CHF,2017-08-30 05:00:00,2017-08-31 13:00:00,-1.0
CAD_CHF,2017-08-30 13:00:00,2017-08-31 09:00:00,-1.0
CHF_JPY,2017-08-30 21:00:00,2017-09-08 09:00:00,-1.0
EUR_GBP,2017-08-30 21:00:00,2017-09-08 13:00:00,-1.0
CAD_CHF,2017-08-30 21:00:00,2017-08-31 13:00:00,-1.0
EUR_GBP,2017-08-31 05:00:00,2017-09-05 17:00:00,-1.0
CHF_JPY,2017-08-31 13:00:00,2017-09-15 09:00:00,1.0
EUR_GBP,2017-08-31 13:00:00,2017-09-07 09:00:00,-1.0
CAD_CHF,2017-08-31 13:00:00,2017-09-01 09:00:00,-1.0
USD_JPY,2017-08-31 21:00:00,2017-09-05 13:00:00,-1.0
EUR_GBP,2017-09-01 01:00:00,2017-09-08 09:00:00,-1.0
CAD_CHF,2017-09-01 05:00:00,2017-09-01 13:00:00,-1.0
USD_JPY,2017-09-01 05:00:00,2017-09-05 13:00:00,-1.0
CAD_CHF,2017-09-01 17:00:00,2017-09-04 13:00:00,1.0
CHF_JPY,2017-09-01 17:00:00,2017-09-15 09:00:00,1.0
EUR_GBP,2017-09-01 17:00:00,2017-09-12 05:00:00,-1.0
USD_JPY,2017-09-04 01:00:00,2017-09-05 13:00:00,-1.0
USD_JPY,2017-09-04 09:00:00,2017-09-05 21:00:00,-1.0
EUR_GBP,2017-09-04 13:00:00,2017-09-08 13:00:00,-1.0
USD_JPY,2017-09-05 05:00:00,2017-09-07 13:00:00,-1.0
CHF_JPY,2017-09-05 09:00:00,2017-09-15 05:00:00,1.0
USD_JPY,2017-09-05 17:00:00,2017-09-08 05:00:00,-1.0
EUR_GBP,2017-09-05 17:00:00,2017-09-12 05:00:00,-1.0
USD_JPY,2017-09-06 01:00:00,2017-09-08 05:00:00,-1.0
EUR_GBP,2017-09-06 05:00:00,2017-09-12 05:00:00,-1.0
USD_JPY,2017-09-06 09:00:00,2017-09-08 05:00:00,-1.0
EUR_GBP,2017-09-06 13:00:00,2017-09-12 05:00:00,-1.0
EUR_GBP,2017-09-06 21:00:00,2017-09-12 05:00:00,-1.0
USD_JPY,2017-09-07 13:00:00,2017-09-08 09:00:00,-1.0
CAD_CHF,2017-09-07 21:00:00,2017-09-12 05:00:00,-1.0
USD_JPY,2017-09-08 05:00:00,2017-09-11 09:00:00,1.0
CHF_JPY,2017-09-08 09:00:00,2017-09-15 05:00:00,1.0
EUR_GBP,2017-09-08 17:00:00,2017-09-12 05:00:00,-1.0
EUR_GBP,2017-09-11 01:00:00,2017-09-12 05:00:00,-1.0
CAD_CHF,2017-09-11 13:00:00,2017-09-14 05:00:00,-1.0
EUR_GBP,2017-09-11 13:00:00,2017-09-12 09:00:00,-1.0
CAD_CHF,2017-09-11 21:00:00,2017-09-18 17:00:00,1.0
EUR_GBP,2017-09-12 01:00:00,2017-09-12 09:00:00,-1.0
CAD_CHF,2017-09-12 05:00:00,2017-09-18 17:00:00,1.0
EUR_GBP,2017-09-12 09:00:00,2017-09-14 09:00:00,-1.0
CAD_CHF,2017-09-12 13:00:00,2017-09-18 17:00:00,1.0
EUR_GBP,2017-09-12 21:00:00,2017-09-14 09:00:00,-1.0
EUR_GBP,2017-09-13 05:00:00,2017-09-14 09:00:00,-1.0
EUR_GBP,2017-09-13 21:00:00,2017-09-14 09:00:00,-1.0
CAD_CHF,2017-09-13 21:00:00,2017-09-18 17:00:00,1.0
EUR_GBP,2017-09-14 05:00:00,2017-09-14 09:00:00,-1.0
CAD_CHF,2017-09-14 09:00:00,2017-09-18 17:00:00,1.0
EUR_GBP,2017-09-14 17:00:00,2017-09-15 09:00:00,-1.0
USD_JPY,2017-09-14 21:00:00,2017-09-15 09:00:00,1.0
EUR_GBP,2017-09-15 09:00:00,2017-10-05 05:00:00,1.0
EUR_GBP,2017-09-17 21:00:00,2017-09-19 05:00:00,1.0
EUR_GBP,2017-09-18 05:00:00,2017-09-19 05:00:00,1.0
EUR_GBP,2017-09-19 05:00:00,2017-09-20 17:00:00,-1.0
CHF_JPY,2017-09-19 13:00:00,2017-10-09 13:00:00,-0.8236450822782597
USD_JPY,2017-09-20 09:00:00,2017-09-20 21:00:00,1.0
USD_JPY,2017-09-20 17:00:00,2017-10-06 09:00:00,1.0
CAD_CHF,2017-09-20 21:00:00,2017-09-27 21:00:00,1.0
CHF_JPY,2017-09-20 21:00:00,2017-10-10 21:00:00,-0.5315614617940192
EUR_GBP,2017-09-21 01:00:00,2017-10-05 05:00:00,1.0
CAD_CHF,2017-09-21 05:00:00,2017-09-27 17:00:00,1.0
CHF_JPY,2017-09-21 09:00:00,2017-10-11 09:00:00,-0.37855543935766583
EUR_GBP,2017-09-21 21:00:00,2017-10-05 05:00:00,1.0
EUR_GBP,2017-09-22 13:00:00,2017-10-05 05:00:00,1.0
CHF_JPY,2017-09-25 09:00:00,2017-10-13 09:00:00,-0.3157830813141453
CAD_CHF,2017-09-25 13:00:00,2017-09-29 13:00:00,1.0
EUR_GBP,2017-09-25 13:00:00,2017-10-05 05:00:00,1.0
USD_JPY,2017-09-25 17:00:00,2017-09-27 05:00:00,1.0
EUR_GBP,2017-09-25 21:00:00,2017-10-05 05:00:00,1.0
USD_JPY,2017-09-26 05:00:00,2017-09-27 05:00:00,1.0
EUR_GBP,2017-09-26 09:00:00,2017-10-02 13:00:00,1.0
EUR_GBP,2017-09-26 21:00:00,2017-10-02 09:00:00,1.0
EUR_GBP,2017-09-27 09:00:00,2017-10-02 09:00:00,1.0
CAD_CHF,2017-09-27 13:00:00,2017-09-29 13:00:00,1.0
EUR_GBP,2017-09-28 01:00:00,2017-10-02 09:00:00,1.0
USD_JPY,2017-09-28 21:00:00,2017-10-18 21:00:00,0.26908218995603705
CAD_CHF,2017-09-29 09:00:00,2017-10-18 09:00:00,-1.0
USD_JPY,2017-09-29 13:00:00,2017-10-19 13:00:00,-0.06836544437538679
CHF_JPY,2017-10-02 17:00:00,2017-10-15 21:00:00,-1.0
CAD_CHF,2017-10-03 01:00:00,2017-10-18 17:00:00,-1.0
CAD_CHF,2017-10-03 21:00:00,2017-10-18 13:00:00,-1.0
USD_JPY,2017-10-04 01:00:00,2017-10-22 21:00:00,1.0
CAD_CHF,2017-10-04 09:00:00,2017-10-18 13:00:00,-1.0
CAD_CHF,2017-10-04 21:00:00,2017-10-24 21:00:00,-0.06785737148710413
CAD_CHF,2017-10-05 09:00:00,2017-10-18 13:00:00,-1.0
USD_JPY,2017-10-05 13:00:00,2017-10-22 21:00:00,1.0
CHF_JPY,2017-10-05 13:00:00,2017-10-25 13:00:00,-0.21180187843960888
CHF_JPY,2017-10-08 21:00:00,2017-10-26 21:00:00,-0.7192682227646634
USD_JPY,2017-10-08 21:00:00,2017-10-22 21:00:00,1.0
USD_JPY,2017-10-09 05:00:00,2017-10-22 21:00:00,1.0
CAD_CHF,2017-10-10 05:00:00,2017-10-18 21:00:00,-1.0
USD_JPY,2017-10-10 09:00:00,2017-10-22 21:00:00,1.0
CHF_JPY,2017-10-10 09:00:00,2017-10-27 09:00:00,-1.0
USD_JPY,2017-10-10 17:00:00,2017-10-22 21:00:00,1.0
USD_JPY,2017-10-11 13:00:00,2017-10-20 13:00:00,1.0
CAD_CHF,2017-10-12 01:00:00,2017-10-18 21:00:00,-1.0
CAD_CHF,2017-10-12 09:00:00,2017-10-25 13:00:00,1.0
CHF_JPY,2017-10-12 09:00:00,2017-10-26 17:00:00,-1.0
CHF_JPY,2017-10-12 21:00:00,2017-10-27 09:00:00,-1.0
USD_JPY,2017-10-13 01:00:00,2017-10-20 05:00:00,1.0
EUR_GBP,2017-10-13 05:00:00,2017-10-19 09:00:00,1.0
USD_JPY,2017-10-13 13:00:00,2017-10-18 13:00:00,1.0
EUR_GBP,2017-10-13 17:00:00,2017-10-19 13:00:00,1.0
USD_JPY,2017-10-15 21:00:00,2017-10-20 01:00:00,1.0
CHF_JPY,2017-10-16 05:00:00,2017-10-30 13:00:00,-1.0
EUR_GBP,2017-10-16 09:00:00,2017-10-19 13:00:00,1.0
EUR_GBP,2017-10-16 17:00:00,2017-10-19 13:00:00,1.0
USD_JPY,2017-10-16 17:00:00,2017-10-20 05:00:00,1.0
EUR_GBP,2017-10-17 09:00:00,2017-10-19 17:00:00,1.0
CHF_JPY,2017-10-17 17:00:00,2017-10-30 13:00:00,-1.0
CAD_CHF,2017-10-18 01:00:00,2017-10-25 13:00:00,1.0
CAD_CHF,2017-10-18 13:00:00,2017-10-25 13:00:00,1.0
CAD_CHF,2017-10-18 21:00:00,2017-10-24 05:00:00,1.0
USD_JPY,2017-10-19 21:00:00,2017-10-22 21:00:00,1.0
EUR_GBP,2017-10-23 17:00:00,2017-10-30 09:00:00,-1.0
CHF_JPY,2017-10-23 17:00:00,2017-10-26 17:00:00,-1.0
USD_JPY,2017-10-24 01:00:00,2017-11-05 22:00:00,1.0
CHF_JPY,2017-10-24 01:00:00,2017-10-27 09:00:00,-1.0
EUR_GBP,2017-10-24 05:00:00,2017-10-30 09:00:00,-1.0
CHF_JPY,2017-10-24 17:00:00,2017-10-27 09:00:00,-1.0
CAD_CHF,2017-10-24 21:00:00,2017-10-25 13:00:00,1.0
CHF_JPY,2017-10-25 01:00:00,2017-10-27 09:00:00,-1.0
CAD_CHF,2017-10-25 09:00:00,2017-10-25 13:00:00,1.0
EUR_GBP,2017-10-25 13:00:00,2017-10-27 13:00:00,-1.0
USD_JPY,2017-10-25 17:00:00,2017-11-14 18:00:00,-0.2962246736694071
EUR_GBP,2017-10-25 21:00:00,2017-10-30 09:00:00,-1.0
USD_JPY,2017-10-26 05:00:00,2017-11-15 06:00:00,-0.7496568472178233
EUR_GBP,2017-10-26 17:00:00,2017-10-31 17:00:00,-1.0
CHF_JPY,2017-10-26 17:00:00,2017-11-15 18:00:00,-0.09976546364686917
CAD_CHF,2017-10-27 09:00:00,2017-11-03 09:00:00,-1.0
CHF_JPY,2017-10-27 09:00:00,2017-11-16 10:00:00,-0.023691900002620926
EUR_GBP,2017-10-27 17:00:00,2017-11-01 05:00:00,-1.0
CAD_CHF,2017-10-29 21:00:00,2017-11-06 06:00:00,-1.0
USD_JPY,2017-10-30 01:00:00,2017-11-15 10:00:00,-1.0
EUR_GBP,2017-10-30 01:00:00,2017-11-01 05:00:00,-1.0
CHF_JPY,2017-10-30 13:00:00,2017-11-17 14:00:00,-0.3692405074419536
EUR_GBP,2017-10-30 13:00:00,2017-11-02 09:00:00,1.0
USD_JPY,2017-10-30 17:00:00,2017-11-03 13:00:00,1.0
EUR_GBP,2017-10-31 05:00:00,2017-11-02 13:00:00,1.0
EUR_GBP,2017-10-31 13:00:00,2017-11-02 09:00:00,1.0
EUR_GBP,2017-10-31 21:00:00,2017-11-02 09:00:00,1.0
EUR_GBP,2017-11-01 09:00:00,2017-11-02 09:00:00,1.0
CAD_CHF,2017-11-01 17:00:00,2017-11-09 06:00:00,-1.0
CHF_JPY,2017-11-01 17:00:00,2017-11-21 18:00:00,-0.404019111860591
CAD_CHF,2017-11-02 21:00:00,2017-11-09 06:00:00,-1.0
CHF_JPY,2017-11-03 13:00:00,2017-11-23 14:00:00,-0.7727081581160663
CAD_CHF,2017-11-03 13:00:00,2017-11-15 02:00:00,1.0
CHF_JPY,2017-11-05 22:00:00,2017-11-09 06:00:00,-1.0
CAD_CHF,2017-11-06 10:00:00,2017-11-15 02:00:00,1.0
CHF_JPY,2017-11-06 10:00:00,2017-11-24 10:00:00,-0.3744957025083229
CAD_CHF,2017-11-06 22:00:00,2017-11-14 14:00:00,1.0
USD_JPY,2017-11-06 22:00:00,2017-11-15 06:00:00,-1.0
EUR_GBP,2017-11-07 10:00:00,2017-11-13 06:00:00,1.0
USD_JPY,2017-11-07 18:00:00,2017-11-15 06:00:00,-1.0
CHF_JPY,2017-11-07 18:00:00,2017-11-27 18:00:00,-0.7978816680110956
EUR_GBP,2017-11-08 02:00:00,2017-11-13 06:00:00,1.0
USD_JPY,2017-11-08 02:00:00,2017-11-15 06:00:00,-1.0
USD_JPY,2017-11-08 10:00:00,2017-11-17 02:00:00,-1.0
CHF_JPY,2017-11-08 10:00:00,2017-11-28 10:00:00,-0.2826450647177934
CAD_CHF,2017-11-08 14:00:00,2017-11-14 14:00:00,1.0
CHF_JPY,2017-11-09 10:00:00,2017-11-29 10:00:00,-0.13019687879375225
CAD_CHF,2017-11-09 10:00:00,2017-11-14 14:00:00,1.0
USD_JPY,2017-11-09 10:00:00,2017-11-17 02:00:00,-1.0
USD_JPY,2017-11-09 18:00:00,2017-11-17 14:00:00,-1.0
USD_JPY,2017-11-10 10:00:00,2017-11-17 14:00:00,-1.0
CHF_JPY,2017-11-10 14:00:00,2017-11-30 14:00:00,0.24292705172504653
CAD_CHF,2017-11-13 06:00:00,2017-11-14 14:00:00,1.0
CHF_JPY,2017-11-13 10:00:00,2017-12-01 10:00:00,0.2658034633401744
USD_JPY,2017-11-13 14:00:00,2017-11-15 10:00:00,-1.0
USD_JPY,2017-11-14 18:00:00,2017-11-17 14:00:00,-1.0
USD_JPY,2017-11-15 02:00:00,2017-11-17 14:00:00,-1.0
USD_JPY,2017-11-15 14:00:00,2017-11-17 18:00:00,-1.0
CAD_CHF,2017-11-16 10:00:00,2017-11-24 06:00:00,1.0
CHF_JPY,2017-11-16 14:00:00,2017-12-01 14:00:00,1.0
CAD_CHF,2017-11-16 18:00:00,2017-11-23 10:00:00,1.0
EUR_GBP,2017-11-16 22:00:00,2017-11-29 10:00:00,-1.0
USD_JPY,2017-11-17 02:00:00,2017-11-22 18:00:00,-1.0
CAD_CHF,2017-11-17 06:00:00,2017-11-27 14:00:00,1.0
CHF_JPY,2017-11-17 06:00:00,2017-12-01 14:00:00,1.0
USD_JPY,2017-11-17 10:00:00,2017-11-22 18:00:00,-1.0
EUR_GBP,2017-11-17 10:00:00,2017-11-20 14:00:00,-1.0
CHF_JPY,2017-11-17 14:00:00,2017-11-30 18:00:00,1.0
USD_JPY,2017-11-17 18:00:00,2017-11-22 22:00:00,-1.0
USD_JPY,2017-11-20 02:00:00,2017-11-27 10:00:00,-1.0
EUR_GBP,2017-11-20 06:00:00,2017-11-28 14:00:00,1.0
EUR_GBP,2017-11-21 02:00:00,2017-11-24 14:00:00,1.0
EUR_GBP,2017-11-21 14:00:00,2017-11-24 14:00:00,1.0
EUR_GBP,2017-11-22 06:00:00,2017-11-27 06:00:00,1.0
USD_JPY,2017-11-22 06:00:00,2017-11-27 10:00:00,-1.0
EUR_GBP,2017-11-22 14:00:00,2017-11-27 06:00:00,1.0
USD_JPY,2017-11-22 22:00:00,2017-11-30 06:00:00,1.0
EUR_GBP,2017-11-22 22:00:00,2017-11-27 06:00:00,1.0
USD_JPY,2017-11-23 10:00:00,2017-11-30 06:00:00,1.0
USD_JPY,2017-11-23 18:00:00,2017-11-30 06:00:00,1.0
CAD_CHF,2017-11-27 10:00:00,2017-11-29 22:00:00,1.0
CHF_JPY,2017-11-27 10:00:00,2017-11-30 18:00:00,1.0
USD_JPY,2017-11-27 14:00:00,2017-11-30 06:00:00,1.0
EUR_GBP,2017-11-29 02:00:00,2017-11-30 06:00:00,-1.0
EUR_GBP,2017-11-29 18:00:00,2017-12-07 18:00:00,-1.0
EUR_GBP,2017-11-30 02:00:00,2017-12-08 02:00:00,-1.0
EUR_GBP,2017-11-30 22:00:00,2017-12-08 02:00:00,-1.0
CAD_CHF,2017-12-01 14:00:00,2017-12-04 06:00:00,-1.0
EUR_GBP,2017-12-01 14:00:00,2017-12-08 02:00:00,-1.0
EUR_GBP,2017-12-04 02:00:00,2017-12-08 02:00:00,-1.0
CAD_CHF,2017-12-04 10:00:00,2017-12-13 14:00:00,1.0
EUR_GBP,2017-12-04 14:00:00,2017-12-08 02:00:00,-1.0
CHF_JPY,2017-12-04 18:00:00,2017-12-22 18:00:00,0.2987140404358899
CAD_CHF,2017-12-05 02:00:00,2017-12-12 14:00:00,1.0
USD_JPY,2017-12-05 10:00:00,2017-12-12 14:00:00,1.0
CHF_JPY,2017-12-05 10:00:00,2017-12-26 10:00:00,0.04987356613497576
CHF_JPY,2017-12-05 18:00:00,2017-12-26 18:00:00,0.27609781751248763
EUR_GBP,2017-12-05 18:00:00,2017-12-08 02:00:00,-1.0
USD_JPY,2017-12-06 06:00:00,2017-12-07 22:00:00,1.0
CHF_JPY,2017-12-06 10:00:00,2017-12-12 06:00:00,1.0
CHF_JPY,2017-12-06 18:00:00,2017-12-12 06:00:00,1.0
EUR_GBP,2017-12-07 22:00:00,2017-12-11 06:00:00,1.0
CAD_CHF,2017-12-08 06:00:00,2017-12-13 18:00:00,1.0
USD_JPY,2017-12-13 14:00:00,2018-01-04 14:00:00,-0.3323433743459114
USD_JPY,2017-12-13 22:00:00,2018-01-04 22:00:00,0.13497313856946377
USD_JPY,2017-12-14 06:00:00,2018-01-05 06:00:00,0.38569300610014334
EUR_GBP,2017-12-14 10:00:00,2018-01-02 06:00:00,1.0
CHF_JPY,2017-12-14 10:00:00,2017-12-28 10:00:00,1.0
CAD_CHF,2017-12-14 18:00:00,2017-12-19 10:00:00,1.0
USD_JPY,2017-12-14 18:00:00,2017-12-21 06:00:00,1.0
CHF_JPY,2017-12-14 18:00:00,2017-12-20 06:00:00,1.0
USD_JPY,2017-12-15 02:00:00,2017-12-20 18:00:00,1.0
CHF_JPY,2017-12-15 02:00:00,2017-12-20 06:00:00,1.0
EUR_GBP,2017-12-15 06:00:00,2017-12-20 14:00:00,1.0
USD_JPY,2017-12-15 10:00:00,2017-12-20 18:00:00,1.0
CHF_JPY,2017-12-15 14:00:00,2017-12-20 06:00:00,1.0
CAD_CHF,2017-12-20 14:00:00,2017-12-21 10:00:00,-1.0
CAD_CHF,2017-12-20 22:00:00,2017-12-21 10:00:00,-1.0
CHF_JPY,2017-12-21 14:00:00,2018-01-05 02:00:00,1.0
CAD_CHF,2017-12-21 18:00:00,2017-12-27 10:00:00,-1.0
CHF_JPY,2017-12-22 02:00:00,2017-12-29 14:00:00,1.0
CAD_CHF,2017-12-22 02:00:00,2018-01-05 10:00:00,-1.0
USD_JPY,2017-12-22 06:00:00,2018-01-02 10:00:00,-1.0
CAD_CHF,2017-12-22 10:00:00,2017-12-27 10:00:00,-1.0
CHF_JPY,2017-12-22 18:00:00,2018-01-05 02:00:00,1.0
USD_JPY,2017-12-22 18:00:00,2018-01-02 10:00:00,-1.0
USD_JPY,2017-12-26 06:00:00,2018-01-02 10:00:00,-1.0
USD_JPY,2017-12-26 18:00:00,2018-01-02 10:00:00,-1.0
CAD_CHF,2017-12-26 22:00:00,2018-01-05 10:00:00,-1.0
CAD_CHF,2017-12-27 06:00:00,2018-01-05 14:00:00,-1.0
USD_JPY,2017-12-27 10:00:00,2018-01-02 10:00:00,-1.0
CAD_CHF,2017-12-27 14:00:00,2018-01-05 10:00:00,-1.0
USD_JPY,2017-12-28 06:00:00,2018-01-10 06:00:00,-1.0
USD_JPY,2017-12-28 14:00:00,2018-01-10 06:00:00,-1.0
USD_JPY,2017-12-29 06:00:00,2018-01-10 10:00:00,-1.0
EUR_GBP,2017-12-29 14:00:00,2018-01-18 14:00:00,-1.0
USD_JPY,2018-01-02 10:00:00,2018-01-05 10:00:00,1.0
CHF_JPY,2018-01-02 14:00:00,2018-01-09 14:00:00,-1.0
EUR_GBP,2018-01-02 18:00:00,2018-01-22 14:00:00,-1.0
EUR_GBP,2018-01-03 02:00:00,2018-01-22 14:00:00,-1.0
USD_JPY,2018-01-03 14:00:00,2018-01-11 18:00:00,-1.0
CHF_JPY,2018-01-03 14:00:00,2018-01-10 06:00:00,-1.0
CAD_CHF,2018-01-05 14:00:00,2018-01-10 18:00:00,1.0
EUR_GBP,2018-01-07 22:00:00,2018-01-22 14:00:00,-1.0
CAD_CHF,2018-01-08 10:00:00,2018-01-10 18:00:00,1.0
EUR_GBP,2018-01-08 14:00:00,2018-01-12 06:00:00,1.0
CHF_JPY,2018-01-08 14:00:00,2018-01-09 10:00:00,-1.0
CHF_JPY,2018-01-09 02:00:00,2018-01-09 22:00:00,-1.0
USD_JPY,2018-01-09 02:00:00,2018-01-10 10:00:00,-1.0
EUR_GBP,2018-01-09 06:00:00,2018-01-12 06:00:00,1.0
CHF_JPY,2018-01-09 10:00:00,2018-01-18 06:00:00,1.0
USD_JPY,2018-01-09 14:00:00,2018-01-10 10:00:00,-1.0
CAD_CHF,2018-01-09 14:00:00,2018-01-10 18:00:00,1.0
EUR_GBP,2018-01-09 18:00:00,2018-01-11 10:00:00,1.0
USD_JPY,2018-01-10 02:00:00,2018-01-11 18:00:00,-1.0
CHF_JPY,2018-01-10 02:00:00,2018-01-17 14:00:00,1.0
USD_JPY,2018-01-10 10:00:00,2018-01-15 14:00:00,-1.0
CHF_JPY,2018-01-10 10:00:00,2018-01-17 14:00:00,1.0
USD_JPY,2018-01-10 22:00:00,2018-01-15 14:00:00,-1.0
USD_JPY,2018-01-11 10:00:00,2018-01-15 14:00:00,-1.0
USD_JPY,2018-01-11 18:00:00,2018-01-16 22:00:00,-1.0
CHF_JPY,2018-01-12 06:00:00,2018-01-17 18:00:00,1.0
USD_JPY,2018-01-12 10:00:00,2018-01-15 06:00:00,-1.0
USD_JPY,2018-01-15 02:00:00,2018-01-24 06:00:00,-1.0
USD_JPY,2018-01-15 14:00:00,2018-01-24 14:00:00,-1.0
CHF_JPY,2018-01-16 10:00:00,2018-01-18 10:00:00,1.0
CAD_CHF,2018-01-16 14:00:00,2018-01-24 14:00:00,1.0
USD_JPY,2018-01-17 02:00:00,2018-01-24 06:00:00,-1.0
EUR_GBP,2018-01-17 22:00:00,2018-01-24 10:00:00,-1.0
CAD_CHF,2018-01-17 22:00:00,2018-01-24 14:00:00,1.0
EUR_GBP,2018-01-18 10:00:00,2018-01-24 10:00:00,-1.0
EUR_GBP,2018-01-18 22:00:00,2018-01-24 10:00:00,-1.0
USD_JPY,2018-01-19 14:00:00,2018-01-24 10:00:00,-1.0
CHF_JPY,2018-01-19 18:00:00,2018-01-25 14:00:00,1.0
EUR_GBP,2018-01-21 22:00:00,2018-01-24 10:00:00,-1.0
EUR_GBP,2018-01-22 14:00:00,2018-02-05 10:00:00,1.0
EUR_GBP,2018-01-22 22:00:00,2018-02-05 10:00:00,1.0
CAD_CHF,2018-01-22 22:00:00,2018-01-24 14:00:00,1.0
CHF_JPY,2018-01-23 10:00:00,2018-01-25 14:00:00,1.0
USD_JPY,2018-01-23 14:00:00,2018-01-24 14:00:00,-1.0
USD_JPY,2018-01-24 02:00:00,2018-01-25 06:00:00,-1.0
EUR_GBP,2018-01-24 02:00:00,2018-01-25 02:00:00,-1.0
EUR_GBP,2018-01-24 10:00:00,2018-01-29 10:00:00,1.0
USD_JPY,2018-01-24 10:00:00,2018-01-26 14:00:00,-1.0
EUR_GBP,2018-01-24 22:00:00,2018-01-29 10:00:00,1.0
EUR_GBP,2018-01-25 06:00:00,2018-01-29 06:00:00,1.0
USD_JPY,2018-01-25 06:00:00,2018-02-02 10:00:00,1.0
USD_JPY,2018-01-25 14:00:00,2018-01-25 22:00:00,1.0
CHF_JPY,2018-01-26 18:00:00,2018-02-01 06:00:00,1.0
USD_JPY,2018-01-26 18:00:00,2018-02-01 10:00:00,1.0
CHF_JPY,2018-01-30 06:00:00,2018-01-31 14:00:00,1.0
USD_JPY,2018-01-30 14:00:00,2018-02-02 10:00:00,1.0
EUR_GBP,2018-02-01 02:00:00,2018-02-05 10:00:00,1.0
CHF_JPY,2018-02-05 02:00:00,2018-02-05 18:00:00,-1.0
CHF_JPY,2018-02-05 14:00:00,2018-02-06 14:00:00,-1.0
USD_JPY,2018-02-06 02:00:00,2018-02-13 06:00:00,-1.0
CHF_JPY,2018-02-06 02:00:00,2018-02-07 14:00:00,-1.0
CHF_JPY,2018-02-07 10:00:00,2018-02-14 02:00:00,-1.0
CAD_CHF,2018-02-07 14:00:00,2018-02-08 14:00:00,1.0
EUR_GBP,2018-02-08 14:00:00,2018-02-13 10:00:00,1.0
USD_JPY,2018-02-08 18:00:00,2018-02-13 06:00:00,-1.0
CHF_JPY,2018-02-09 18:00:00,2018-02-14 02:00:00,-1.0
USD_JPY,2018-02-09 18:00:00,2018-02-13 06:00:00,-1.0
CAD_CHF,2018-02-12 06:00:00,2018-02-15 14:00:00,1.0
CAD_CHF,2018-02-12 22:00:00,2018-02-15 14:00:00,1.0
CHF_JPY,2018-02-13 10:00:00,2018-02-23 10:00:00,-1.0
USD_JPY,2018-02-13 10:00:00,2018-02-14 22:00:00,-1.0
USD_JPY,2018-02-14 06:00:00,2018-02-15 02:00:00,-1.0
CHF_JPY,2018-02-14 14:00:00,2018-02-23 14:00:00,-1.0
USD_JPY,2018-02-14 18:00:00,2018-02-16 02:00:00,-1.0
CAD_CHF,2018-02-14 22:00:00,2018-02-22 10:00:00,1.0
USD_JPY,2018-02-15 10:00:00,2018-02-20 22:00:00,1.0
EUR_GBP,2018-02-15 14:00:00,2018-02-23 10:00:00,-1.0
USD_JPY,2018-02-15 22:00:00,2018-02-20 06:00:00,1.0
EUR_GBP,2018-02-16 02:00:00,2018-02-23 10:00:00,-1.0
CHF_JPY,2018-02-16 14:00:00,2018-02-28 10:00:00,-1.0
EUR_GBP,2018-02-18 22:00:00,2018-03-02 10:00:00,1.0
CHF_JPY,2018-02-19 02:00:00,2018-02-28 06:00:00,-1.0
CAD_CHF,2018-02-19 06:00:00,2018-03-02 06:00:00,1.0
EUR_GBP,2018-02-19 18:00:00,2018-02-26 06:00:00,-1.0
CAD_CHF,2018-02-20 10:00:00,2018-02-22 18:00:00,1.0
EUR_GBP,2018-02-20 10:00:00,2018-03-02 06:00:00,1.0
EUR_GBP,2018-02-20 18:00:00,2018-03-01 18:00:00,1.0
CHF_JPY,2018-02-20 18:00:00,2018-02-28 06:00:00,-1.0
EUR_GBP,2018-02-21 02:00:00,2018-03-01 18:00:00,1.0
EUR_GBP,2018-02-21 18:00:00,2018-03-02 10:00:00,1.0
USD_JPY,2018-02-22 02:00:00,2018-02-26 06:00:00,-1.0
CHF_JPY,2018-02-22 02:00:00,2018-02-28 14:00:00,-1.0
CHF_JPY,2018-02-22 14:00:00,2018-02-28 14:00:00,-1.0
USD_JPY,2018-02-22 14:00:00,2018-03-02 06:00:00,-1.0
USD_JPY,2018-02-22 22:00:00,2018-03-02 06:00:00,-1.0
CHF_JPY,2018-02-23 14:00:00,2018-02-28 14:00:00,-1.0
EUR_GBP,2018-02-23 14:00:00,2018-03-01 14:00:00,1.0
USD_JPY,2018-02-23 18:00:00,2018-03-02 02:00:00,-1.0
CAD_CHF,2018-02-25 22:00:00,2018-03-02 02:00:00,1.0
USD_JPY,2018-02-26 06:00:00,2018-03-02 10:00:00,-1.0
EUR_GBP,2018-02-26 10:00:00,2018-03-01 14:00:00,1.0
EUR_GBP,2018-02-28 02:00:00,2018-03-01 14:00:00,1.0
CHF_JPY,2018-02-28 06:00:00,2018-03-01 18:00:00,-1.0
USD_JPY,2018-03-01 02:00:00,2018-03-02 02:00:00,-1.0
CHF_JPY,2018-03-01 02:00:00,2018-03-08 14:00:00,-1.0
CHF_JPY,2018-03-01 10:00:00,2018-03-08 14:00:00,-1.0
USD_JPY,2018-03-01 10:00:00,2018-03-02 02:00:00,-1.0
USD_JPY,2018-03-02 02:00:00,2018-03-08 22:00:00,1.0
USD_JPY,2018-03-05 02:00:00,2018-03-08 22:00:00,1.0
CHF_JPY,2018-03-06 10:00:00,2018-03-07 18:00:00,-1.0
CAD_CHF,2018-03-06 22:00:00,2018-03-08 14:00:00,-1.0
USD_JPY,2018-03-07 10:00:00,2018-03-08 22:00:00,1.0
CHF_JPY,2018-03-07 18:00:00,2018-03-16 01:00:00,-1.0
CAD_CHF,2018-03-08 02:00:00,2018-03-09 06:00:00,-1.0
CAD_CHF,2018-03-08 14:00:00,2018-03-09 10:00:00,-1.0
CHF_JPY,2018-03-08 14:00:00,2018-03-13 09:00:00,1.0
CAD_CHF,2018-03-09 02:00:00,2018-03-13 13:00:00,1.0
EUR_GBP,2018-03-09 14:00:00,2018-03-19 05:00:00,-1.0
CAD_CHF,2018-03-11 21:00:00,2018-03-13 13:00:00,1.0
EUR_GBP,2018-03-12 01:00:00,2018-03-19 05:00:00,-1.0
CHF_JPY,2018-03-12 05:00:00,2018-03-16 09:00:00,-1.0
EUR_GBP,2018-03-12 13:00:00,2018-03-19 09:00:00,-1.0
USD_JPY,2018-03-13 01:00:00,2018-03-16 05:00:00,-1.0
EUR_GBP,2018-03-13 13:00:00,2018-03-19 09:00:00,-1.0
EUR_GBP,2018-03-14 01:00:00,2018-03-19 09:00:00,-1.0
USD_JPY,2018-03-14 05:00:00,2018-03-22 09:00:00,-1.0
CHF_JPY,2018-03-14 09:00:00,2018-03-16 01:00:00,-1.0
EUR_GBP,2018-03-14 13:00:00,2018-03-19 09:00:00,-1.0
USD_JPY,2018-03-14 17:00:00,2018-03-22 09:00:00,-1.0
USD_JPY,2018-03-15 01:00:00,2018-03-22 21:00:00,-1.0
CHF_JPY,2018-03-15 01:00:00,2018-03-18 21:00:00,-1.0
EUR_GBP,2018-03-15 05:00:00,2018-03-19 09:00:00,-1.0
USD_JPY,2018-03-15 13:00:00,2018-03-22 21:00:00,-1.0
CHF_JPY,2018-03-15 13:00:00,2018-03-22 21:00:00,-1.0
EUR_GBP,2018-03-15 21:00:00,2018-03-19 09:00:00,-1.0
CHF_JPY,2018-03-16 01:00:00,2018-04-05 01:00:00,-0.1633928250799036
USD_JPY,2018-03-16 05:00:00,2018-03-22 21:00:00,-1.0
EUR_GBP,2018-03-16 09:00:00,2018-03-21 09:00:00,-1.0
CHF_JPY,2018-03-16 13:00:00,2018-04-05 13:00:00,0.13552446171657903
EUR_GBP,2018-03-19 01:00:00,2018-03-21 09:00:00,-1.0
USD_JPY,2018-03-19 05:00:00,2018-03-22 21:00:00,-1.0
CHF_JPY,2018-03-19 05:00:00,2018-04-06 05:00:00,0.34017278617710694
EUR_GBP,2018-03-19 13:00:00,2018-03-22 09:00:00,-1.0
EUR_GBP,2018-03-20 09:00:00,2018-03-22 09:00:00,-1.0
CAD_CHF,2018-03-20 13:00:00,2018-03-21 17:00:00,-1.0
CHF_JPY,2018-03-20 17:00:00,2018-04-09 17:00:00,0.16244693549689682
EUR_GBP,2018-03-20 21:00:00,2018-04-09 21:00:00,-0.3520281622529786
CAD_CHF,2018-03-21 01:00:00,2018-03-28 13:00:00,-1.0
CAD_CHF,2018-03-21 17:00:00,2018-03-29 13:00:00,-1.0
EUR_GBP,2018-03-21 17:00:00,2018-04-10 17:00:00,-0.13407283478101442
USD_JPY,2018-03-22 01:00:00,2018-03-22 21:00:00,-1.0
CAD_CHF,2018-03-22 09:00:00,2018-03-29 09:00:00,-1.0
EUR_GBP,2018-03-22 09:00:00,2018-04-11 09:00:00,0.11702481614483776
CHF_JPY,2018-03-22 13:00:00,2018-04-11 13:00:00,0.2643409458730413
USD_JPY,2018-03-22 13:00:00,2018-03-28 17:00:00,1.0
CHF_JPY,2018-03-22 21:00:00,2018-04-10 01:00:00,1.0
USD_JPY,2018-03-22 21:00:00,2018-03-28 09:00:00,1.0
USD_JPY,2018-03-23 05:00:00,2018-03-28 09:00:00,1.0
CAD_CHF,2018-03-23 13:00:00,2018-04-03 09:00:00,-1.0
USD_JPY,2018-03-25 21:00:00,2018-03-28 09:00:00,1.0
CHF_JPY,2018-03-25 21:00:00,2018-04-10 05:00:00,1.0
USD_JPY,2018-03-26 05:00:00,2018-03-28 09:00:00,1.0
CAD_CHF,2018-03-27 13:00:00,2018-04-03 09:00:00,-1.0
CHF_JPY,2018-03-27 21:00:00,2018-04-16 21:00:00,0.06280223575959973
CHF_JPY,2018-03-28 09:00:00,2018-04-17 09:00:00,-0.29349728492574056
CAD_CHF,2018-03-29 01:00:00,2018-04-03 13:00:00,-1.0
CAD_CHF,2018-03-29 09:00:00,2018-04-03 13:00:00,-1.0
CAD_CHF,2018-03-29 21:00:00,2018-04-03 13:00:00,-1.0
USD_JPY,2018-03-30 09:00:00,2018-04-05 13:00:00,1.0
CHF_JPY,2018-04-02 17:00:00,2018-04-10 05:00:00,1.0
USD_JPY,2018-04-02 17:00:00,2018-04-05 01:00:00,1.0
USD_JPY,2018-04-03 01:00:00,2018-04-05 01:00:00,1.0
CHF_JPY,2018-04-03 01:00:00,2018-04-10 05:00:00,1.0
CAD_CHF,2018-04-03 05:00:00,2018-04-03 13:00:00,-1.0
EUR_GBP,2018-04-03 13:00:00,2018-04-13 05:00:00,-1.0
CAD_CHF,2018-04-03 17:00:00,2018-04-05 17:00:00,-1.0
CAD_CHF,2018-04-04 05:00:00,2018-04-05 17:00:00,-1.0
EUR_GBP,2018-04-04 05:00:00,2018-04-12 13:00:00,-1.0
CHF_JPY,2018-04-04 09:00:00,2018-04-10 01:00:00,1.0
CAD_CHF,2018-04-04 21:00:00,2018-04-10 17:00:00,-1.0
EUR_GBP,2018-04-05 01:00:00,2018-04-13 05:00:00,-1.0
CAD_CHF,2018-04-05 17:00:00,2018-04-11 13:00:00,-1.0
CAD_CHF,2018-04-06 13:00:00,2018-04-11 05:00:00,-1.0
EUR_GBP,2018-04-06 17:00:00,2018-04-13 05:00:00,-1.0
EUR_GBP,2018-04-09 01:00:00,2018-04-17 09:00:00,-1.0
USD_JPY,2018-04-09 01:00:00,2018-04-23 09:00:00,1.0
EUR_GBP,2018-04-09 09:00:00,2018-04-27 09:00:00,0.8625838463658934
USD_JPY,2018-04-10 01:00:00,2018-04-23 09:00:00,1.0
CAD_CHF,2018-04-10 05:00:00,2018-04-11 05:00:00,-1.0
EUR_GBP,2018-04-10 09:00:00,2018-04-13 05:00:00,-1.0
CAD_CHF,2018-04-10 21:00:00,2018-04-13 05:00:00,-1.0
CHF_JPY,2018-04-11 05:00:00,2018-04-19 13:00:00,-1.0
USD_JPY,2018-04-11 13:00:00,2018-04-23 05:00:00,1.0
CAD_CHF,2018-04-11 17:00:00,2018-04-17 13:00:00,-1.0
CHF_JPY,2018-04-11 21:00:00,2018-04-19 13:00:00,-1.0
USD_JPY,2018-04-11 21:00:00,2018-04-23 05:00:00,1.0
CAD_CHF,2018-04-12 01:00:00,2018-04-17 13:00:00,-1.0
CHF_JPY,2018-04-12 09:00:00,2018-04-27 09:00:00,-1.0
USD_JPY,2018-04-12 09:00:00,2018-04-23 13:00:00,1.0
CAD_CHF,2018-04-12 13:00:00,2018-04-17 13:00:00,-1.0
EUR_GBP,2018-04-12 13:00:00,2018-04-19 17:00:00,1.0
CAD_CHF,2018-04-13 01:00:00,2018-04-30 13:00:00,-1.0
EUR_GBP,2018-04-13 01:00:00,2018-04-19 17:00:00,1.0
EUR_GBP,2018-04-13 09:00:00,2018-04-19 05:00:00,1.0
CAD_CHF,2018-04-13 13:00:00,2018-04-17 13:00:00,-1.0
CHF_JPY,2018-04-15 21:00:00,2018-04-19 13:00:00,-1.0
EUR_GBP,2018-04-16 05:00:00,2018-04-19 17:00:00,1.0
CHF_JPY,2018-04-16 05:00:00,2018-04-19 13:00:00,-1.0
USD_JPY,2018-04-16 09:00:00,2018-04-23 13:00:00,1.0
USD_JPY,2018-04-16 17:00:00,2018-04-23 09:00:00,1.0
EUR_GBP,2018-04-16 21:00:00,2018-04-18 09:00:00,1.0
USD_JPY,2018-04-17 01:00:00,2018-04-23 09:00:00,1.0
USD_JPY,2018-04-17 09:00:00,2018-04-23 09:00:00,1.0
CAD_CHF,2018-04-17 09:00:00,2018-05-01 13:00:00,-1.0
CHF_JPY,2018-04-17 09:00:00,2018-05-02 17:00:00,-1.0
EUR_GBP,2018-04-17 13:00:00,2018-04-19 05:00:00,1.0
USD_JPY,2018-04-17 17:00:00,2018-04-23 09:00:00,1.0
CAD_CHF,2018-04-17 17:00:00,2018-04-23 09:00:00,1.0
CHF_JPY,2018-04-18 21:00:00,2018-05-02 21:00:00,-1.0
CHF_JPY,2018-04-19 17:00:00,2018-05-03 09:00:00,-1.0
CHF_JPY,2018-04-20 17:00:00,2018-05-03 09:00:00,-1.0
CHF_JPY,2018-04-24 17:00:00,2018-05-02 13:00:00,-1.0
CAD_CHF,2018-04-25 01:00:00,2018-04-27 09:00:00,-1.0
EUR_GBP,2018-04-25 13:00:00,2018-05-03 17:00:00,1.0
EUR_GBP,2018-04-25 21:00:00,2018-04-30 09:00:00,1.0
CAD_CHF,2018-04-25 21:00:00,2018-04-30 13:00:00,-1.0
EUR_GBP,2018-04-26 05:00:00,2018-05-03 17:00:00,1.0
CHF_JPY,2018-04-26 21:00:00,2018-05-03 13:00:00,-1.0
EUR_GBP,2018-04-26 21:00:00,2018-04-27 13:00:00,1.0
CAD_CHF,2018-04-26 21:00:00,2018-05-01 17:00:00,-1.0
EUR_GBP,2018-04-27 05:00:00,2018-04-30 09:00:00,1.0
CHF_JPY,2018-04-27 05:00:00,2018-05-03 13:00:00,-1.0
USD_JPY,2018-04-27 05:00:00,2018-05-17 05:00:00,1.0
CAD_CHF,2018-04-27 09:00:00,2018-05-02 05:00:00,-1.0
CAD_CHF,2018-04-29 21:00:00,2018-05-02 13:00:00,-1.0
USD_JPY,2018-04-29 21:00:00,2018-05-15 09:00:00,1.0
CAD_CHF,2018-04-30 13:00:00,2018-05-04 13:00:00,-1.0
CHF_JPY,2018-04-30 13:00:00,2018-05-03 13:00:00,-1.0
CAD_CHF,2018-05-01 05:00:00,2018-05-07 09:00:00,-1.0
CAD_CHF,2018-05-01 13:00:00,2018-05-09 13:00:00,-1.0
CAD_CHF,2018-05-01 21:00:00,2018-05-09 17:00:00,-1.0
CAD_CHF,2018-05-02 05:00:00,2018-05-09 21:00:00,-1.0
CAD_CHF,2018-05-02 17:00:00,2018-05-09 17:00:00,-1.0
CHF_JPY,2018-05-02 21:00:00,2018-05-04 09:00:00,-1.0
CHF_JPY,2018-05-03 13:00:00,2018-05-17 05:00:00,1.0
USD_JPY,2018-05-03 13:00:00,2018-05-15 09:00:00,1.0
USD_JPY,2018-05-04 09:00:00,2018-05-09 21:00:00,1.0
CHF_JPY,2018-05-04 09:00:00,2018-05-15 13:00:00,1.0
CAD_CHF,2018-05-06 21:00:00,2018-05-10 05:00:00,-1.0
CAD_CHF,2018-05-07 09:00:00,2018-05-08 13:00:00,1.0
EUR_GBP,2018-05-07 13:00:00,2018-05-25 13:00:00,-0.4773540944479129
CAD_CHF,2018-05-07 17:00:00,2018-05-10 05:00:00,-1.0
CHF_JPY,2018-05-08 01:00:00,2018-05-14 09:00:00,1.0
EUR_GBP,2018-05-08 01:00:00,2018-05-28 01:00:00,-0.06482134328018234
USD_JPY,2018-05-08 01:00:00,2018-05-15 09:00:00,1.0
EUR_GBP,2018-05-09 01:00:00,2018-05-29 01:00:00,-0.3321804047806525
EUR_GBP,2018-05-09 09:00:00,2018-05-10 13:00:00,1.0
CAD_CHF,2018-05-09 13:00:00,2018-05-18 13:00:00,1.0
EUR_GBP,2018-05-10 05:00:00,2018-05-30 05:00:00,-0.10393466963623718
CAD_CHF,2018-05-10 05:00:00,2018-05-15 13:00:00,1.0
USD_JPY,2018-05-10 13:00:00,2018-05-17 05:00:00,1.0
CHF_JPY,2018-05-10 21:00:00,2018-05-15 13:00:00,1.0
CAD_CHF,2018-05-10 21:00:00,2018-05-15 13:00:00,1.0
USD_JPY,2018-05-11 01:00:00,2018-05-17 05:00:00,1.0
USD_JPY,2018-05-11 13:00:00,2018-05-15 13:00:00,1.0
USD_JPY,2018-05-14 01:00:00,2018-05-17 05:00:00,1.0
EUR_GBP,2018-05-16 01:00:00,2018-06-05 01:00:00,0.20656205420827126
EUR_GBP,2018-05-16 13:00:00,2018-06-05 13:00:00,0.018281326767282963
CAD_CHF,2018-05-16 21:00:00,2018-05-18 13:00:00,1.0
EUR_GBP,2018-05-17 01:00:00,2018-06-06 01:00:00,0.16729497771310273
CAD_CHF,2018-05-17 09:00:00,2018-05-18 09:00:00,1.0
EUR_GBP,2018-05-17 21:00:00,2018-06-06 21:00:00,0.4830530786048683
EUR_GBP,2018-05-18 13:00:00,2018-06-07 09:00:00,1.0
EUR_GBP,2018-05-21 01:00:00,2018-06-07 09:00:00,1.0
CAD_CHF,2018-05-22 01:00:00,2018-05-23 05:00:00,1.0
USD_JPY,2018-05-22 13:00:00,2018-05-23 05:00:00,-1.0
USD_JPY,2018-05-22 21:00:00,2018-05-23 09:00:00,-1.0
USD_JPY,2018-05-23 09:00:00,2018-05-29 05:00:00,-1.0
CHF_JPY,2018-05-23 09:00:00,2018-05-29 01:00:00,-1.0
CHF_JPY,2018-05-24 01:00:00,2018-05-29 09:00:00,-1.0
USD_JPY,2018-05-24 05:00:00,2018-05-29 05:00:00,-1.0
USD_JPY,2018-05-24 13:00:00,2018-05-29 17:00:00,-1.0
USD_JPY,2018-05-24 21:00:00,2018-05-29 05:00:00,-1.0
CHF_JPY,2018-05-25 13:00:00,2018-05-29 05:00:00,-1.0
EUR_GBP,2018-05-25 13:00:00,2018-06-14 13:00:00,-0.13701601945627248
CHF_JPY,2018-05-28 13:00:00,2018-05-29 09:00:00,-1.0
EUR_GBP,2018-05-28 13:00:00,2018-06-07 09:00:00,1.0
EUR_GBP,2018-05-28 21:00:00,2018-06-07 09:00:00,1.0
USD_JPY,2018-05-29 01:00:00,2018-06-06 09:00:00,1.0
CHF_JPY,2018-05-29 09:00:00,2018-05-31 09:00:00,1.0
EUR_GBP,2018-05-29 09:00:00,2018-05-31 21:00:00,1.0
USD_JPY,2018-05-29 09:00:00,2018-06-06 05:00:00,1.0
USD_JPY,2018-05-29 17:00:00,2018-06-04 21:00:00,1.0
EUR_GBP,2018-05-29 21:00:00,2018-05-31 17:00:00,1.0
USD_JPY,2018-05-30 01:00:00,2018-06-03 21:00:00,1.0
CAD_CHF,2018-05-30 17:00:00,2018-05-31 13:00:00,1.0
CAD_CHF,2018-05-31 09:00:00,2018-06-07 13:00:00,1.0
CAD_CHF,2018-06-04 01:00:00,2018-06-07 13:00:00,1.0
CAD_CHF,2018-06-05 05:00:00,2018-06-07 17:00:00,1.0
EUR_GBP,2018-06-05 13:00:00,2018-06-25 13:00:00,0.6567375562510055
EUR_GBP,2018-06-06 05:00:00,2018-06-26 05:00:00,0.4932801991390434
USD_JPY,2018-06-07 17:00:00,2018-06-13 17:00:00,1.0
USD_JPY,2018-06-08 09:00:00,2018-06-13 01:00:00,1.0
CHF_JPY,2018-06-08 09:00:00,2018-06-11 21:00:00,1.0
CAD_CHF,2018-06-10 21:00:00,2018-06-18 13:00:00,1.0
USD_JPY,2018-06-11 01:00:00,2018-06-29 01:00:00,0.791424564215584
USD_JPY,2018-06-14 09:00:00,2018-07-04 09:00:00,0.281362885512535
EUR_GBP,2018-06-14 13:00:00,2018-06-28 05:00:00,1.0
CHF_JPY,2018-06-14 13:00:00,2018-07-04 13:00:00,0.1908482846160096
CHF_JPY,2018-06-14 21:00:00,2018-07-04 21:00:00,0.3608024245922875
EUR_GBP,2018-06-14 21:00:00,2018-06-25 13:00:00,1.0
EUR_GBP,2018-06-15 17:00:00,2018-06-28 05:00:00,1.0
EUR_GBP,2018-06-18 01:00:00,2018-06-27 05:00:00,1.0
CHF_JPY,2018-06-18 01:00:00,2018-07-02 01:00:00,1.0
USD_JPY,2018-06-18 17:00:00,2018-06-25 01:00:00,-1.0
USD_JPY,2018-06-19 05:00:00,2018-07-02 01:00:00,1.0
CHF_JPY,2018-06-19 05:00:00,2018-06-22 05:00:00,1.0
USD_JPY,2018-06-21 17:00:00,2018-07-03 01:00:00,1.0
USD_JPY,2018-06-22 17:00:00,2018-07-03 01:00:00,1.0
USD_JPY,2018-06-25 05:00:00,2018-06-28 17:00:00,1.0
CHF_JPY,2018-06-25 05:00:00,2018-07-09 05:00:00,1.0
USD_JPY,2018-06-25 17:00:00,2018-06-29 17:00:00,1.0
USD_JPY,2018-06-26 05:00:00,2018-06-29 01:00:00,1.0
CHF_JPY,2018-06-26 09:00:00,2018-07-10 05:00:00,1.0
CAD_CHF,2018-06-26 21:00:00,2018-06-28 13:00:00,-1.0
CHF_JPY,2018-06-27 09:00:00,2018-07-10 13:00:00,1.0
CAD_CHF,2018-06-27 13:00:00,2018-06-29 13:00:00,-1.0
CHF_JPY,2018-06-27 21:00:00,2018-06-29 09:00:00,1.0
CHF_JPY,2018-06-28 13:00:00,2018-06-29 17:00:00,1.0
CAD_CHF,2018-06-28 13:00:00,2018-07-12 13:00:00,-1.0
CAD_CHF,2018-06-28 21:00:00,2018-07-11 13:00:00,-1.0
CAD_CHF,2018-06-29 17:00:00,2018-07-12 13:00:00,-1.0
CHF_JPY,2018-07-02 13:00:00,2018-07-11 13:00:00,1.0
EUR_GBP,2018-07-03 13:00:00,2018-07-19 05:00:00,1.0
USD_JPY,2018-07-03 17:00:00,2018-07-11 13:00:00,1.0
CHF_JPY,2018-07-03 17:00:00,2018-07-11 21:00:00,1.0
CHF_JPY,2018-07-04 01:00:00,2018-07-11 13:00:00,1.0
USD_JPY,2018-07-04 01:00:00,2018-07-11 13:00:00,1.0
CHF_JPY,2018-07-04 09:00:00,2018-07-11 13:00:00,1.0
EUR_GBP,2018-07-04 09:00:00,2018-07-17 17:00:00,1.0
USD_JPY,2018-07-04 17:00:00,2018-07-11 13:00:00,1.0
EUR_GBP,2018-07-04 21:00:00,2018-07-17 17:00:00,1.0
USD_JPY,2018-07-05 05:00:00,2018-07-11 13:00:00,1.0
CHF_JPY,2018-07-05 05:00:00,2018-07-11 17:00:00,1.0
EUR_GBP,2018-07-05 05:00:00,2018-07-18 05:00:00,1.0
CAD_CHF,2018-07-05 17:00:00,2018-07-25 17:00:00,-0.5740361087229717
USD_JPY,2018-07-09 01:00:00,2018-07-11 13:00:00,1.0
CAD_CHF,2018-07-10 13:00:00,2018-07-27 09:00:00,-1.0
EUR_GBP,2018-07-10 13:00:00,2018-07-19 17:00:00,1.0
CHF_JPY,2018-07-11 01:00:00,2018-07-17 05:00:00,1.0
EUR_GBP,2018-07-11 09:00:00,2018-07-19 17:00:00,1.0
EUR_GBP,2018-07-12 13:00:00,2018-07-18 13:00:00,1.0
CHF_JPY,2018-07-12 17:00:00,2018-08-01 17:00:00,0.2493210453675129
EUR_GBP,2018-07-12 21:00:00,2018-07-19 17:00:00,1.0
CAD_CHF,2018-07-12 21:00:00,2018-07-18 09:00:00,1.0
CAD_CHF,2018-07-13 13:00:00,2018-07-19 13:00:00,1.0
CHF_JPY,2018-07-13 13:00:00,2018-08-02 13:00:00,0.05171184022825151
EUR_GBP,2018-07-13 17:00:00,2018-07-18 13:00:00,1.0
USD_JPY,2018-07-15 21:00:00,2018-07-22 21:00:00,-1.0
EUR_GBP,2018-07-16 09:00:00,2018-07-18 13:00:00,1.0
USD_JPY,2018-07-16 21:00:00,2018-07-22 21:00:00,-1.0
CHF_JPY,2018-07-18 05:00:00,2018-07-25 13:00:00,-1.0
CAD_CHF,2018-07-18 21:00:00,2018-08-03 09:00:00,-1.0
USD_JPY,2018-07-19 05:00:00,2018-07-20 09:00:00,-1.0
CAD_CHF,2018-07-19 05:00:00,2018-08-01 13:00:00,-1.0
CHF_JPY,2018-07-19 13:00:00,2018-07-25 13:00:00,-1.0
CHF_JPY,2018-07-19 21:00:00,2018-07-25 17:00:00,-1.0
USD_JPY,2018-07-20 05:00:00,2018-07-22 21:00:00,-1.0
USD_JPY,2018-07-20 13:00:00,2018-08-09 13:00:00,-0.6240263577273649
USD_JPY,2018-07-22 21:00:00,2018-08-01 05:00:00,1.0
CHF_JPY,2018-07-23 01:00:00,2018-07-31 13:00:00,1.0
CHF_JPY,2018-07-24 09:00:00,2018-07-31 13:00:00,1.0
EUR_GBP,2018-07-24 09:00:00,2018-08-08 09:00:00,1.0
EUR_GBP,2018-07-24 21:00:00,2018-08-08 05:00:00,1.0
EUR_GBP,2018-07-25 05:00:00,2018-08-08 05:00:00,1.0
CAD_CHF,2018-07-25 13:00:00,2018-08-03 13:00:00,-1.0
USD_JPY,2018-07-25 13:00:00,2018-08-01 05:00:00,1.0
CHF_JPY,2018-07-25 17:00:00,2018-07-31 13:00:00,1.0
EUR_GBP,2018-07-25 17:00:00,2018-08-08 05:00:00,1.0
USD_JPY,2018-07-26 01:00:00,2018-07-31 13:00:00,1.0
EUR_GBP,2018-07-26 01:00:00,2018-08-08 05:00:00,1.0
CAD_CHF,2018-07-26 09:00:00,2018-08-07 05:00:00,-1.0
CHF_JPY,2018-07-26 09:00:00,2018-07-31 05:00:00,1.0
USD_JPY,2018-07-26 09:00:00,2018-08-01 05:00:00,1.0
EUR_GBP,2018-07-26 13:00:00,2018-08-08 01:00:00,1.0
EUR_GBP,2018-07-26 21:00:00,2018-08-08 01:00:00,1.0
EUR_GBP,2018-07-27 09:00:00,2018-08-08 01:00:00,1.0
CAD_CHF,2018-07-27 09:00:00,2018-07-31 01:00:00,1.0
CHF_JPY,2018-07-27 13:00:00,2018-07-31 01:00:00,1.0
CAD_CHF,2018-07-31 21:00:00,2018-08-20 21:00:00,0.36268068331143005
CHF_JPY,2018-08-01 05:00:00,2018-08-05 21:00:00,-1.0
CAD_CHF,2018-08-01 05:00:00,2018-08-13 01:00:00,1.0
CHF_JPY,2018-08-01 17:00:00,2018-08-08 05:00:00,-1.0
EUR_GBP,2018-08-01 21:00:00,2018-08-08 05:00:00,1.0
EUR_GBP,2018-08-02 09:00:00,2018-08-08 09:00:00,1.0
CHF_JPY,2018-08-02 09:00:00,2018-08-12 21:00:00,-1.0
USD_JPY,2018-08-02 13:00:00,2018-08-10 13:00:00,-1.0
CAD_CHF,2018-08-02 17:00:00,2018-08-12 21:00:00,1.0
CAD_CHF,2018-08-03 05:00:00,2018-08-12 21:00:00,1.0
CHF_JPY,2018-08-03 13:00:00,2018-08-12 21:00:00,-1.0
USD_JPY,2018-08-03 17:00:00,2018-08-13 01:00:00,-1.0
CHF_JPY,2018-08-06 01:00:00,2018-08-13 05:00:00,-1.0
USD_JPY,2018-08-06 01:00:00,2018-08-13 01:00:00,-1.0
CHF_JPY,2018-08-06 09:00:00,2018-08-23 13:00:00,1.0
USD_JPY,2018-08-06 09:00:00,2018-08-13 01:00:00,-1.0
CAD_CHF,2018-08-06 17:00:00,2018-08-10 05:00:00,1.0
CAD_CHF,2018-08-07 05:00:00,2018-08-09 13:00:00,1.0
USD_JPY,2018-08-07 13:00:00,2018-08-13 01:00:00,-1.0
CHF_JPY,2018-08-08 09:00:00,2018-08-23 01:00:00,1.0
USD_JPY,2018-08-08 09:00:00,2018-08-20 17:00:00,-1.0
USD_JPY,2018-08-09 01:00:00,2018-08-20 21:00:00,-1.0
CAD_CHF,2018-08-09 05:00:00,2018-08-12 21:00:00,1.0
USD_JPY,2018-08-10 05:00:00,2018-08-30 05:00:00,0.6232243517474653
CHF_JPY,2018-08-10 05:00:00,2018-08-23 05:00:00,1.0
CHF_JPY,2018-08-10 17:00:00,2018-08-22 21:00:00,1.0
CHF_JPY,2018-08-13 05:00:00,2018-08-14 05:00:00,1.0
USD_JPY,2018-08-13 05:00:00,2018-08-24 01:00:00,1.0
EUR_GBP,2018-08-13 05:00:00,2018-08-23 13:00:00,1.0
EUR_GBP,2018-08-14 09:00:00,2018-08-23 13:00:00,1.0
CAD_CHF,2018-08-14 13:00:00,2018-08-29 13:00:00,1.0
EUR_GBP,2018-08-14 21:00:00,2018-08-23 13:00:00,1.0
CAD_CHF,2018-08-15 01:00:00,2018-08-22 09:00:00,1.0
CAD_CHF,2018-08-15 09:00:00,2018-08-22 09:00:00,1.0
EUR_GBP,2018-08-15 09:00:00,2018-08-22 09:00:00,1.0
CHF_JPY,2018-08-15 13:00:00,2018-08-22 21:00:00,1.0
USD_JPY,2018-08-15 13:00:00,2018-09-04 13:00:00,0.5914862106955132
USD_JPY,2018-08-16 01:00:00,2018-09-05 01:00:00,0.6778773682832705
USD_JPY,2018-08-16 13:00:00,2018-08-20 21:00:00,-1.0
CHF_JPY,2018-08-17 01:00:00,2018-08-22 09:00:00,1.0
CAD_CHF,2018-08-17 05:00:00,2018-08-29 13:00:00,1.0
CHF_JPY,2018-08-17 09:00:00,2018-08-21 17:00:00,1.0
USD_JPY,2018-08-17 13:00:00,2018-08-29 13:00:00,1.0
CAD_CHF,2018-08-19 21:00:00,2018-08-22 09:00:00,1.0
USD_JPY,2018-08-20 01:00:00,2018-08-29 13:00:00,1.0
CAD_CHF,2018-08-20 09:00:00,2018-08-29 13:00:00,1.0
CHF_JPY,2018-08-20 21:00:00,2018-08-22 09:00:00,1.0
USD_JPY,2018-08-20 21:00:00,2018-08-23 13:00:00,1.0
CAD_CHF,2018-08-26 21:00:00,2018-08-30 09:00:00,1.0
CAD_CHF,2018-08-27 05:00:00,2018-08-30 13:00:00,1.0
CHF_JPY,2018-08-27 05:00:00,2018-08-29 13:00:00,1.0
USD_JPY,2018-08-27 05:00:00,2018-09-14 05:00:00,0.5810136259387494
USD_JPY,2018-08-27 13:00:00,2018-09-14 13:00:00,0.8644443243827269
CAD_CHF,2018-08-29 05:00:00,2018-08-30 09:00:00,1.0
EUR_GBP,2018-08-30 01:00:00,2018-09-10 21:00:00,-1.0
EUR_GBP,2018-08-30 13:00:00,2018-09-17 21:00:00,-1.0
CHF_JPY,2018-08-30 13:00:00,2018-09-13 17:00:00,1.0
USD_JPY,2018-08-30 21:00:00,2018-09-14 13:00:00,1.0
CHF_JPY,2018-08-30 21:00:00,2018-09-13 17:00:00,1.0
EUR_GBP,2018-08-31 01:00:00,2018-09-11 09:00:00,-1.0
EUR_GBP,2018-08-31 09:00:00,2018-09-11 09:00:00,-1.0
CHF_JPY,2018-08-31 13:00:00,2018-09-13 13:00:00,1.0
USD_JPY,2018-08-31 13:00:00,2018-09-18 05:00:00,1.0
EUR_GBP,2018-08-31 17:00:00,2018-09-05 09:00:00,1.0
CHF_JPY,2018-09-03 05:00:00,2018-09-13 13:00:00,1.0
USD_JPY,2018-09-06 01:00:00,2018-09-20 13:00:00,1.0
USD_JPY,2018-09-06 17:00:00,2018-09-13 13:00:00,1.0
USD_JPY,2018-09-07 01:00:00,2018-09-13 13:00:00,1.0
EUR_GBP,2018-09-07 13:00:00,2018-09-20 09:00:00,-1.0
CAD_CHF,2018-09-09 21:00:00,2018-09-11 05:00:00,-1.0
EUR_GBP,2018-09-09 21:00:00,2018-09-20 09:00:00,-1.0
CHF_JPY,2018-09-10 05:00:00,2018-09-13 13:00:00,1.0
CAD_CHF,2018-09-10 13:00:00,2018-09-12 13:00:00,-1.0
EUR_GBP,2018-09-10 13:00:00,2018-09-21 13:00:00,1.0
CHF_JPY,2018-09-10 21:00:00,2018-09-13 13:00:00,1.0
EUR_GBP,2018-09-11 01:00:00,2018-09-21 13:00:00,1.0
CAD_CHF,2018-09-11 05:00:00,2018-09-19 09:00:00,-1.0
EUR_GBP,2018-09-11 21:00:00,2018-10-01 21:00:00,-0.37264013289334924
CAD_CHF,2018-09-12 05:00:00,2018-09-17 13:00:00,1.0
EUR_GBP,2018-09-12 09:00:00,2018-10-02 09:00:00,-0.20982708901380503
USD_JPY,2018-09-12 13:00:00,2018-09-19 05:00:00,1.0
CHF_JPY,2018-09-12 13:00:00,2018-09-13 17:00:00,1.0
EUR_GBP,2018-09-12 17:00:00,2018-10-02 17:00:00,-0.24451523172866269
CAD_CHF,2018-09-12 17:00:00,2018-09-17 13:00:00,1.0
CHF_JPY,2018-09-16 21:00:00,2018-09-20 13:00:00,1.0
EUR_GBP,2018-09-17 01:00:00,2018-09-21 13:00:00,1.0
EUR_GBP,2018-09-17 21:00:00,2018-09-21 13:00:00,1.0
USD_JPY,2018-09-18 01:00:00,2018-09-27 13:00:00,1.0
CAD_CHF,2018-09-18 17:00:00,2018-09-27 13:00:00,-1.0
EUR_GBP,2018-09-18 21:00:00,2018-09-21 13:00:00,1.0
CHF_JPY,2018-09-19 01:00:00,2018-09-21 05:00:00,1.0
CAD_CHF,2018-09-19 09:00:00,2018-09-21 09:00:00,1.0
CHF_JPY,2018-09-19 09:00:00,2018-09-20 13:00:00,1.0
EUR_GBP,2018-09-19 09:00:00,2018-09-21 13:00:00,1.0
EUR_GBP,2018-09-19 17:00:00,2018-09-21 13:00:00,1.0
CAD_CHF,2018-09-19 21:00:00,2018-09-21 05:00:00,1.0
USD_JPY,2018-09-20 05:00:00,2018-09-27 13:00:00,1.0
EUR_GBP,2018-09-20 09:00:00,2018-09-21 09:00:00,1.0
USD_JPY,2018-09-20 13:00:00,2018-09-28 01:00:00,1.0
CHF_JPY,2018-09-23 21:00:00,2018-09-27 05:00:00,-1.0
CHF_JPY,2018-09-24 05:00:00,2018-09-27 05:00:00,-1.0
CHF_JPY,2018-09-24 21:00:00,2018-09-28 17:00:00,-1.0
CAD_CHF,2018-09-24 21:00:00,2018-09-28 09:00:00,-1.0
CAD_CHF,2018-09-25 05:00:00,2018-09-28 09:00:00,-1.0
CHF_JPY,2018-09-25 09:00:00,2018-10-02 05:00:00,-1.0
CAD_CHF,2018-09-25 13:00:00,2018-09-28 09:00:00,-1.0
CAD_CHF,2018-09-26 13:00:00,2018-09-28 09:00:00,-1.0
CHF_JPY,2018-09-26 13:00:00,2018-09-28 17:00:00,-1.0
USD_JPY,2018-09-26 21:00:00,2018-10-01 05:00:00,1.0
EUR_GBP,2018-09-26 21:00:00,2018-10-04 21:00:00,-1.0
USD_JPY,2018-09-27 05:00:00,2018-10-01 01:00:00,1.0
EUR_GBP,2018-09-27 13:00:00,2018-10-05 05:00:00,-1.0
CHF_JPY,2018-09-27 13:00:00,2018-10-04 13:00:00,-1.0
CAD_CHF,2018-09-27 17:00:00,2018-09-28 17:00:00,-1.0
EUR_GBP,2018-09-27 21:00:00,2018-10-05 05:00:00,-1.0
CHF_JPY,2018-09-27 21:00:00,2018-10-04 09:00:00,-1.0
CAD_CHF,2018-09-28 09:00:00,2018-09-28 17:00:00,-1.0
EUR_GBP,2018-09-28 09:00:00,2018-10-05 13:00:00,-1.0
CHF_JPY,2018-09-30 21:00:00,2018-10-04 13:00:00,-1.0
CAD_CHF,2018-09-30 21:00:00,2018-10-03 13:00:00,-1.0
CAD_CHF,2018-10-01 09:00:00,2018-10-10 17:00:00,1.0
CHF_JPY,2018-10-01 09:00:00,2018-10-04 13:00:00,-1.0
CAD_CHF,2018-10-01 17:00:00,2018-10-10 17:00:00,1.0
EUR_GBP,2018-10-01 17:00:00,2018-10-05 13:00:00,-1.0
CAD_CHF,2018-10-02 01:00:00,2018-10-10 17:00:00,1.0
CHF_JPY,2018-10-02 01:00:00,2018-10-04 13:00:00,-1.0
EUR_GBP,2018-10-02 05:00:00,2018-10-05 13:00:00,-1.0
USD_JPY,2018-10-02 09:00:00,2018-10-10 13:00:00,-1.0
CAD_CHF,2018-10-02 17:00:00,2018-10-10 17:00:00,1.0
USD_JPY,2018-10-03 01:00:00,2018-10-10 17:00:00,-1.0
CHF_JPY,2018-10-03 13:00:00,2018-10-05 13:00:00,-1.0
EUR_GBP,2018-10-03 17:00:00,2018-10-05 13:00:00,-1.0
CAD_CHF,2018-10-03 21:00:00,2018-10-10 13:00:00,1.0
USD_JPY,2018-10-04 17:00:00,2018-10-10 13:00:00,-1.0
EUR_GBP,2018-10-04 17:00:00,2018-10-09 13:00:00,-1.0
CHF_JPY,2018-10-04 17:00:00,2018-10-08 13:00:00,-1.0
EUR_GBP,2018-10-05 01:00:00,2018-10-09 13:00:00,-1.0
CHF_JPY,2018-10-05 09:00:00,2018-10-10 17:00:00,-1.0
EUR_GBP,2018-10-05 09:00:00,2018-10-10 05:00:00,-1.0
USD_JPY,2018-10-05 17:00:00,2018-10-10 13:00:00,-1.0
EUR_GBP,2018-10-07 21:00:00,2018-10-25 13:00:00,1.0
USD_JPY,2018-10-08 09:00:00,2018-10-10 17:00:00,-1.0
CHF_JPY,2018-10-08 17:00:00,2018-10-12 13:00:00,-1.0
USD_JPY,2018-10-08 17:00:00,2018-10-10 21:00:00,-1.0
EUR_GBP,2018-10-08 21:00:00,2018-10-25 13:00:00,1.0
USD_JPY,2018-10-09 01:00:00,2018-10-11 17:00:00,-1.0
CHF_JPY,2018-10-09 01:00:00,2018-10-15 05:00:00,-1.0
EUR_GBP,2018-10-09 05:00:00,2018-10-25 13:00:00,1.0
EUR_GBP,2018-10-09 13:00:00,2018-10-19 13:00:00,1.0
USD_JPY,2018-10-09 21:00:00,2018-10-11 17:00:00,-1.0
EUR_GBP,2018-10-10 05:00:00,2018-10-19 13:00:00,1.0
EUR_GBP,2018-10-10 17:00:00,2018-10-15 05:00:00,1.0
CHF_JPY,2018-10-10 21:00:00,2018-10-24 21:00:00,-1.0
USD_JPY,2018-10-10 21:00:00,2018-10-30 21:00:00,0.8308695187546632
EUR_GBP,2018-10-11 01:00:00,2018-10-22 09:00:00,1.0
USD_JPY,2018-10-11 05:00:00,2018-10-31 05:00:00,0.7553892748975546
CHF_JPY,2018-10-11 17:00:00,2018-10-24 21:00:00,-1.0
USD_JPY,2018-10-11 21:00:00,2018-10-31 01:00:00,1.0
CAD_CHF,2018-10-12 13:00:00,2018-10-24 13:00:00,-1.0
USD_JPY,2018-10-12 17:00:00,2018-10-31 13:00:00,1.0
CAD_CHF,2018-10-14 21:00:00,2018-10-24 13:00:00,-1.0
CHF_JPY,2018-10-14 21:00:00,2018-10-26 09:00:00,-1.0
USD_JPY,2018-10-15 01:00:00,2018-10-30 21:00:00,1.0
USD_JPY,2018-10-15 09:00:00,2018-10-30 09:00:00,1.0
USD_JPY,2018-10-15 21:00:00,2018-10-30 09:00:00,1.0
CAD_CHF,2018-10-16 13:00:00,2018-11-05 14:00:00,-0.11623958414961534
CHF_JPY,2018-10-17 05:00:00,2018-10-26 01:00:00,-1.0
CAD_CHF,2018-10-17 09:00:00,2018-11-06 10:00:00,0.040559989532910415
EUR_GBP,2018-10-17 21:00:00,2018-10-25 13:00:00,1.0
CHF_JPY,2018-10-18 13:00:00,2018-10-26 13:00:00,-1.0
USD_JPY,2018-10-18 17:00:00,2018-10-31 05:00:00,1.0
CHF_JPY,2018-10-19 01:00:00,2018-10-26 13:00:00,-1.0
CHF_JPY,2018-10-23 05:00:00,2018-10-26 13:00:00,-1.0
USD_JPY,2018-10-23 09:00:00,2018-10-31 01:00:00,1.0
CHF_JPY,2018-10-23 13:00:00,2018-10-26 13:00:00,-1.0
CAD_CHF,2018-10-24 17:00:00,2018-11-13 18:00:00,0.37832176986517024
CHF_JPY,2018-10-24 21:00:00,2018-11-07 10:00:00,1.0
USD_JPY,2018-10-25 01:00:00,2018-10-30 21:00:00,1.0
CHF_JPY,2018-10-26 09:00:00,2018-11-02 09:00:00,1.0
USD_JPY,2018-10-26 09:00:00,2018-10-31 01:00:00,1.0
CAD_CHF,2018-10-30 05:00:00,2018-11-19 06:00:00,0.9154395417571146
CAD_CHF,2018-10-30 21:00:00,2018-11-19 06:00:00,1.0
CAD_CHF,2018-10-31 17:00:00,2018-11-19 06:00:00,1.0
CHF_JPY,2018-10-31 21:00:00,2018-11-02 09:00:00,1.0
EUR_GBP,2018-11-01 01:00:00,2018-11-04 22:00:00,-1.0
USD_JPY,2018-11-01 01:00:00,2018-11-08 18:00:00,1.0
EUR_GBP,2018-11-01 09:00:00,2018-11-05 22:00:00,-1.0
EUR_GBP,2018-11-01 17:00:00,2018-11-08 10:00:00,-1.0
USD_JPY,2018-11-01 21:00:00,2018-11-08 14:00:00,1.0
EUR_GBP,2018-11-02 01:00:00,2018-11-08 10:00:00,-1.0
EUR_GBP,2018-11-02 09:00:00,2018-11-07 22:00:00,-1.0
EUR_GBP,2018-11-02 17:00:00,2018-11-07 22:00:00,-1.0
CHF_JPY,2018-11-05 02:00:00,2018-11-23 02:00:00,0.610880590133706
EUR_GBP,2018-11-05 02:00:00,2018-11-13 10:00:00,-1.0
CAD_CHF,2018-11-05 10:00:00,2018-11-09 14:00:00,1.0
EUR_GBP,2018-11-05 14:00:00,2018-11-13 14:00:00,-1.0
EUR_GBP,2018-11-06 06:00:00,2018-11-15 06:00:00,1.0
USD_JPY,2018-11-06 14:00:00,2018-11-20 06:00:00,-1.0
EUR_GBP,2018-11-06 18:00:00,2018-11-15 06:00:00,1.0
USD_JPY,2018-11-07 10:00:00,2018-11-27 10:00:00,0.3089771092101591
EUR_GBP,2018-11-07 22:00:00,2018-11-15 06:00:00,1.0
EUR_GBP,2018-11-08 06:00:00,2018-11-15 06:00:00,1.0
CAD_CHF,2018-11-08 10:00:00,2018-11-19 06:00:00,1.0
CAD_CHF,2018-11-08 18:00:00,2018-11-19 10:00:00,1.0
CHF_JPY,2018-11-09 02:00:00,2018-11-28 18:00:00,1.0
EUR_GBP,2018-11-09 06:00:00,2018-11-15 06:00:00,1.0
CHF_JPY,2018-11-09 10:00:00,2018-11-28 18:00:00,1.0
EUR_GBP,2018-11-09 14:00:00,2018-11-15 06:00:00,1.0
CHF_JPY,2018-11-12 10:00:00,2018-11-28 14:00:00,1.0
USD_JPY,2018-11-12 18:00:00,2018-11-16 14:00:00,-1.0
CHF_JPY,2018-11-12 22:00:00,2018-11-21 10:00:00,1.0
USD_JPY,2018-11-13 02:00:00,2018-11-16 10:00:00,-1.0
CAD_CHF,2018-11-13 06:00:00,2018-11-19 10:00:00,1.0
EUR_GBP,2018-11-13 14:00:00,2018-11-15 06:00:00,1.0
CHF_JPY,2018-11-14 10:00:00,2018-11-28 14:00:00,1.0
EUR_GBP,2018-11-14 10:00:00,2018-11-15 06:00:00,1.0
USD_JPY,2018-11-14 18:00:00,2018-11-19 14:00:00,-1.0
CHF_JPY,2018-11-14 18:00:00,2018-11-28 14:00:00,1.0
CHF_JPY,2018-11-15 02:00:00,2018-11-27 18:00:00,1.0
CHF_JPY,2018-11-15 10:00:00,2018-11-21 10:00:00,1.0
USD_JPY,2018-11-15 14:00:00,2018-12-05 14:00:00,-0.2011131790877525
CAD_CHF,2018-11-16 02:00:00,2018-11-19 10:00:00,1.0
CHF_JPY,2018-11-16 10:00:00,2018-11-21 10:00:00,1.0
USD_JPY,2018-11-16 14:00:00,2018-11-28 14:00:00,1.0
USD_JPY,2018-11-19 02:00:00,2018-11-28 14:00:00,1.0
USD_JPY,2018-11-19 10:00:00,2018-11-28 14:00:00,1.0
USD_JPY,2018-11-19 18:00:00,2018-11-27 14:00:00,1.0
USD_JPY,2018-11-20 14:00:00,2018-11-27 14:00:00,1.0
CAD_CHF,2018-11-22 02:00:00,2018-12-03 10:00:00,-1.0
EUR_GBP,2018-11-22 14:00:00,2018-12-07 14:00:00,1.0
CAD_CHF,2018-11-22 14:00:00,2018-12-05 14:00:00,1.0
CHF_JPY,2018-11-22 14:00:00,2018-12-12 14:00:00,0.47549442614866366
CAD_CHF,2018-11-22 22:00:00,2018-12-05 14:00:00,1.0
CHF_JPY,2018-11-22 22:00:00,2018-12-12 22:00:00,0.4319901460496208
USD_JPY,2018-11-22 22:00:00,2018-12-12 22:00:00,0.38678042908731436
EUR_GBP,2018-11-22 22:00:00,2018-12-07 14:00:00,1.0
CHF_JPY,2018-11-23 06:00:00,2018-12-11 06:00:00,1.0
USD_JPY,2018-11-23 06:00:00,2018-11-28 14:00:00,1.0
USD_JPY,2018-11-23 14:00:00,2018-11-28 14:00:00,1.0
EUR_GBP,2018-11-23 14:00:00,2018-12-04 06:00:00,1.0
CAD_CHF,2018-11-23 18:00:00,2018-12-05 22:00:00,1.0
CHF_JPY,2018-11-23 18:00:00,2018-12-10 18:00:00,1.0
EUR_GBP,2018-11-25 22:00:00,2018-12-04 06:00:00,1.0
EUR_GBP,2018-11-26 14:00:00,2018-12-04 06:00:00,1.0
EUR_GBP,2018-11-26 22:00:00,2018-12-04 06:00:00,1.0
EUR_GBP,2018-11-27 18:00:00,2018-12-07 18:00:00,1.0
EUR_GBP,2018-11-28 10:00:00,2018-11-29 10:00:00,1.0
USD_JPY,2018-11-29 06:00:00,2018-12-19 06:00:00,-0.8244692589486636
CHF_JPY,2018-11-29 14:00:00,2018-12-19 14:00:00,-0.6212107899130229
CAD_CHF,2018-11-29 18:00:00,2018-12-03 06:00:00,-1.0
USD_JPY,2018-11-30 02:00:00,2018-12-06 14:00:00,-1.0
CHF_JPY,2018-11-30 14:00:00,2018-12-20 02:00:00,-1.0
CAD_CHF,2018-12-03 06:00:00,2018-12-05 14:00:00,1.0
USD_JPY,2018-12-03 10:00:00,2018-12-06 14:00:00,-1.0
CAD_CHF,2018-12-03 14:00:00,2018-12-05 14:00:00,1.0
USD_JPY,2018-12-04 02:00:00,2018-12-20 02:00:00,-1.0
CHF_JPY,2018-12-04 06:00:00,2018-12-20 14:00:00,-1.0
USD_JPY,2018-12-04 10:00:00,2018-12-20 06:00:00,-1.0
CHF_JPY,2018-12-04 18:00:00,2018-12-10 14:00:00,1.0
USD_JPY,2018-12-04 18:00:00,2018-12-20 10:00:00,-1.0
CHF_JPY,2018-12-06 10:00:00,2018-12-10 14:00:00,1.0
USD_JPY,2018-12-06 10:00:00,2018-12-20 10:00:00,-1.0
CAD_CHF,2018-12-07 14:00:00,2018-12-10 14:00:00,1.0
USD_JPY,2018-12-10 02:00:00,2018-12-13 14:00:00,1.0
CHF_JPY,2018-12-11 18:00:00,2018-12-19 10:00:00,-1.0
CAD_CHF,2018-12-12 02:00:00,2018-12-20 06:00:00,1.0
CAD_CHF,2018-12-12 10:00:00,2018-12-18 14:00:00,1.0
CAD_CHF,2018-12-12 22:00:00,2018-12-18 18:00:00,1.0
EUR_GBP,2018-12-13 14:00:00,2019-01-04 14:00:00,-0.3502646443979867
EUR_GBP,2018-12-13 22:00:00,2019-01-06 22:00:00,-0.3580045139699584
CHF_JPY,2018-12-14 10:00:00,2018-12-20 02:00:00,-1.0
CAD_CHF,2018-12-14 10:00:00,2018-12-18 14:00:00,1.0
EUR_GBP,2018-12-14 10:00:00,2019-01-07 10:00:00,-0.17574301477130305
CAD_CHF,2018-12-14 18:00:00,2018-12-18 14:00:00,1.0
USD_JPY,2018-12-14 18:00:00,2018-12-18 06:00:00,-1.0
CHF_JPY,2018-12-14 18:00:00,2018-12-20 14:00:00,-1.0
EUR_GBP,2018-12-16 22:00:00,2019-01-07 22:00:00,-0.25249997219163234
EUR_GBP,2018-12-17 06:00:00,2019-01-08 06:00:00,-0.26243800458153516
USD_JPY,2018-12-17 18:00:00,2018-12-20 06:00:00,-1.0
CHF_JPY,2018-12-17 22:00:00,2018-12-20 14:00:00,-1.0
USD_JPY,2018-12-18 02:00:00,2018-12-20 14:00:00,-1.0
CHF_JPY,2018-12-18 06:00:00,2018-12-21 10:00:00,-1.0
USD_JPY,2018-12-18 10:00:00,2018-12-20 14:00:00,-1.0
CHF_JPY,2018-12-18 18:00:00,2018-12-20 14:00:00,-1.0
USD_JPY,2018-12-18 22:00:00,2018-12-20 14:00:00,-1.0
USD_JPY,2018-12-19 06:00:00,2018-12-20 14:00:00,-1.0
CHF_JPY,2018-12-19 10:00:00,2018-12-21 14:00:00,-1.0
USD_JPY,2018-12-19 18:00:00,2018-12-20 14:00:00,-1.0
CHF_JPY,2018-12-20 06:00:00,2018-12-21 14:00:00,-1.0
USD_JPY,2018-12-20 10:00:00,2018-12-24 14:00:00,-1.0
CHF_JPY,2018-12-20 18:00:00,2018-12-23 22:00:00,-1.0
USD_JPY,2018-12-21 02:00:00,2018-12-24 14:00:00,-1.0
USD_JPY,2018-12-21 10:00:00,2018-12-31 06:00:00,-1.0
CHF_JPY,2018-12-21 14:00:00,2019-01-02 06:00:00,-1.0
CHF_JPY,2018-12-24 02:00:00,2019-01-02 06:00:00,-1.0
USD_JPY,2018-12-24 02:00:00,2018-12-31 10:00:00,-1.0
EUR_GBP,2018-12-24 06:00:00,2019-01-13 22:00:00,-1.0
CHF_JPY,2018-12-24 10:00:00,2019-01-02 10:00:00,-1.0
USD_JPY,2018-12-24 14:00:00,2019-01-02 06:00:00,-1.0
EUR_GBP,2018-12-25 22:00:00,2019-01-14 14:00:00,-1.0
USD_JPY,2018-12-26 06:00:00,2019-01-02 02:00:00,-1.0
EUR_GBP,2018-12-26 10:00:00,2019-01-14 14:00:00,-1.0
CHF_JPY,2018-12-26 14:00:00,2018-12-28 10:00:00,1.0
CAD_CHF,2018-12-26 22:00:00,2018-12-27 14:00:00,1.0
EUR_GBP,2018-12-27 02:00:00,2019-01-14 10:00:00,-1.0
USD_JPY,2018-12-27 18:00:00,2018-12-31 10:00:00,-1.0
USD_JPY,2018-12-28 10:00:00,2019-01-02 06:00:00,-1.0
CHF_JPY,2018-12-30 22:00:00,2019-01-02 06:00:00,-1.0
USD_JPY,2018-12-30 22:00:00,2019-01-02 02:00:00,-1.0
CHF_JPY,2018-12-31 06:00:00,2019-01-02 06:00:00,-1.0
USD_JPY,2018-12-31 10:00:00,2019-01-02 06:00:00,-1.0
EUR_GBP,2018-12-31 14:00:00,2019-01-14 14:00:00,-1.0
USD_JPY,2018-12-31 18:00:00,2019-01-02 22:00:00,-1.0
USD_JPY,2019-01-02 06:00:00,2019-01-02 22:00:00,-1.0
CHF_JPY,2019-01-02 10:00:00,2019-01-02 22:00:00,-1.0
CAD_CHF,2019-01-02 18:00:00,2019-01-04 10:00:00,-1.0
USD_JPY,2019-01-02 22:00:00,2019-01-07 14:00:00,1.0
CHF_JPY,2019-01-02 22:00:00,2019-01-04 14:00:00,1.0
CAD_CHF,2019-01-03 14:00:00,2019-01-09 02:00:00,-1.0
CAD_CHF,2019-01-04 14:00:00,2019-01-10 18:00:00,-1.0
CAD_CHF,2019-01-06 22:00:00,2019-01-10 18:00:00,-1.0
EUR_GBP,2019-01-06 22:00:00,2019-01-10 10:00:00,1.0
EUR_GBP,2019-01-07 06:00:00,2019-01-14 14:00:00,-1.0
CAD_CHF,2019-01-07 18:00:00,2019-01-10 18:00:00,-1.0
CAD_CHF,2019-01-08 06:00:00,2019-01-16 06:00:00,-1.0
EUR_GBP,2019-01-08 06:00:00,2019-01-11 06:00:00,1.0
CAD_CHF,2019-01-09 02:00:00,2019-01-17 18:00:00,-1.0
USD_JPY,2019-01-10 06:00:00,2019-01-16 18:00:00,1.0
CHF_JPY,2019-01-10 14:00:00,2019-01-30 14:00:00,-0.6228693696961035
CAD_CHF,2019-01-10 18:00:00,2019-01-18 10:00:00,-1.0
CHF_JPY,2019-01-10 22:00:00,2019-01-30 22:00:00,-0.5289325180091061
CHF_JPY,2019-01-11 06:00:00,2019-01-31 06:00:00,-0.8770815948917028
CAD_CHF,2019-01-11 06:00:00,2019-01-30 06:00:00,-1.0
EUR_GBP,2019-01-11 18:00:00,2019-01-16 06:00:00,-1.0
USD_JPY,2019-01-14 06:00:00,2019-01-17 18:00:00,1.0
CHF_JPY,2019-01-14 06:00:00,2019-02-01 06:00:00,-0.34978694794987875
EUR_GBP,2019-01-14 14:00:00,2019-01-17 14:00:00,-1.0
USD_JPY,2019-01-14 22:00:00,2019-01-18 06:00:00,1.0
EUR_GBP,2019-01-15 10:00:00,2019-01-17 14:00:00,-1.0
CAD_CHF,2019-01-15 10:00:00,2019-01-18 10:00:00,-1.0
CHF_JPY,2019-01-15 10:00:00,2019-02-04 10:00:00,0.1944782711426947
CHF_JPY,2019-01-15 18:00:00,2019-02-04 18:00:00,0.023620688088823318
EUR_GBP,2019-01-15 22:00:00,2019-01-17 14:00:00,-1.0
CAD_CHF,2019-01-15 22:00:00,2019-01-18 14:00:00,-1.0
CHF_JPY,2019-01-16 02:00:00,2019-02-05 02:00:00,0.21500086546958785
EUR_GBP,2019-01-16 06:00:00,2019-01-17 18:00:00,-1.0
CAD_CHF,2019-01-16 06:00:00,2019-01-30 06:00:00,-1.0
CAD_CHF,2019-01-16 14:00:00,2019-01-30 10:00:00,-1.0
EUR_GBP,2019-01-17 06:00:00,2019-01-17 18:00:00,-1.0
CHF_JPY,2019-01-17 10:00:00,2019-02-06 10:00:00,0.04102882046700076
EUR_GBP,2019-01-17 18:00:00,2019-01-24 06:00:00,-1.0
CHF_JPY,2019-01-17 18:00:00,2019-02-06 18:00:00,-0.2801757466046811
CAD_CHF,2019-01-18 10:00:00,2019-01-30 14:00:00,-1.0
EUR_GBP,2019-01-18 18:00:00,2019-01-23 06:00:00,-1.0
CAD_CHF,2019-01-18 18:00:00,2019-01-30 14:00:00,-1.0
CHF_JPY,2019-01-21 10:00:00,2019-02-08 10:00:00,-0.19839283601647933
CHF_JPY,2019-01-22 06:00:00,2019-02-10 22:00:00,-1.0
USD_JPY,2019-01-22 06:00:00,2019-02-11 06:00:00,0.7051902734895867
CHF_JPY,2019-01-22 14:00:00,2019-02-11 14:00:00,0.20605021790266437
USD_JPY,2019-01-22 18:00:00,2019-02-11 18:00:00,0.8876172367771417
EUR_GBP,2019-01-22 22:00:00,2019-01-24 06:00:00,-1.0
EUR_GBP,2019-01-23 14:00:00,2019-01-24 22:00:00,-1.0
EUR_GBP,2019-01-24 02:00:00,2019-01-24 22:00:00,-1.0
EUR_GBP,2019-01-24 10:00:00,2019-02-01 06:00:00,1.0
USD_JPY,2019-01-24 14:00:00,2019-01-31 06:00:00,-1.0
CHF_JPY,2019-01-24 18:00:00,2019-02-10 22:00:00,-1.0
EUR_GBP,2019-01-24 22:00:00,2019-01-29 18:00:00,1.0
EUR_GBP,2019-01-25 06:00:00,2019-01-29 18:00:00,1.0
CAD_CHF,2019-01-25 06:00:00,2019-01-30 10:00:00,-1.0
CAD_CHF,2019-01-25 14:00:00,2019-01-30 14:00:00,-1.0
CAD_CHF,2019-01-27 22:00:00,2019-01-31 22:00:00,-1.0
EUR_GBP,2019-01-27 22:00:00,2019-01-29 18:00:00,1.0
CHF_JPY,2019-01-28 06:00:00,2019-01-31 14:00:00,-1.0
USD_JPY,2019-01-28 06:00:00,2019-02-11 22:00:00,1.0
USD_JPY,2019-01-28 18:00:00,2019-02-11 22:00:00,1.0
CHF_JPY,2019-01-29 02:00:00,2019-01-31 14:00:00,-1.0
USD_JPY,2019-01-29 02:00:00,2019-02-11 14:00:00,1.0
CHF_JPY,2019-01-29 18:00:00,2019-02-10 22:00:00,-1.0
CHF_JPY,2019-01-30 02:00:00,2019-02-10 22:00:00,-1.0
CAD_CHF,2019-01-30 14:00:00,2019-02-05 10:00:00,-1.0
CHF_JPY,2019-01-30 18:00:00,2019-02-10 22:00:00,-1.0
CHF_JPY,2019-01-31 10:00:00,2019-02-19 14:00:00,1.0
USD_JPY,2019-01-31 10:00:00,2019-02-04 02:00:00,1.0
CAD_CHF,2019-01-31 22:00:00,2019-02-05 10:00:00,-1.0
USD_JPY,2019-02-01 02:00:00,2019-02-04 10:00:00,1.0
CAD_CHF,2019-02-01 18:00:00,2019-02-08 10:00:00,1.0
CAD_CHF,2019-02-04 10:00:00,2019-02-07 14:00:00,1.0
CAD_CHF,2019-02-04 22:00:00,2019-02-07 14:00:00,1.0
CHF_JPY,2019-02-05 06:00:00,2019-02-10 22:00:00,-1.0
CAD_CHF,2019-02-05 10:00:00,2019-02-07 14:00:00,1.0
USD_JPY,2019-02-06 10:00:00,2019-02-13 14:00:00,1.0
CHF_JPY,2019-02-06 10:00:00,2019-02-10 22:00:00,-1.0
CHF_JPY,2019-02-06 18:00:00,2019-02-10 22:00:00,-1.0
CHF_JPY,2019-02-07 02:00:00,2019-02-19 22:00:00,1.0
EUR_GBP,2019-02-07 14:00:00,2019-02-21 06:00:00,-1.0
EUR_GBP,2019-02-07 22:00:00,2019-02-19 22:00:00,-1.0
USD_JPY,2019-02-08 02:00:00,2019-02-13 10:00:00,1.0
CHF_JPY,2019-02-08 02:00:00,2019-02-19 22:00:00,1.0
EUR_GBP,2019-02-08 06:00:00,2019-02-19 22:00:00,-1.0
EUR_GBP,2019-02-08 14:00:00,2019-02-19 18:00:00,-1.0
USD_JPY,2019-02-08 18:00:00,2019-02-13 14:00:00,1.0
EUR_GBP,2019-02-10 22:00:00,2019-02-19 22:00:00,-1.0
CAD_CHF,2019-02-12 14:00:00,2019-03-01 14:00:00,1.0
CHF_JPY,2019-02-12 14:00:00,2019-02-25 10:00:00,1.0
CAD_CHF,2019-02-13 02:00:00,2019-02-28 10:00:00,1.0
EUR_GBP,2019-02-13 14:00:00,2019-02-19 18:00:00,-1.0
CAD_CHF,2019-02-13 18:00:00,2019-02-28 10:00:00,1.0
USD_JPY,2019-02-14 14:00:00,2019-03-01 02:00:00,1.0
USD_JPY,2019-02-14 22:00:00,2019-02-28 18:00:00,1.0
CHF_JPY,2019-02-15 02:00:00,2019-02-20 14:00:00,1.0
EUR_GBP,2019-02-15 18:00:00,2019-02-19 18:00:00,-1.0
USD_JPY,2019-02-17 22:00:00,2019-02-28 22:00:00,1.0
EUR_GBP,2019-02-18 02:00:00,2019-02-19 18:00:00,-1.0
CAD_CHF,2019-02-18 18:00:00,2019-03-04 14:00:00,1.0
EUR_GBP,2019-02-18 18:00:00,2019-02-21 06:00:00,-1.0
CHF_JPY,2019-02-19 02:00:00,2019-02-28 06:00:00,1.0
EUR_GBP,2019-02-19 10:00:00,2019-02-25 22:00:00,-1.0
EUR_GBP,2019-02-19 18:00:00,2019-02-26 10:00:00,-1.0
USD_JPY,2019-02-19 18:00:00,2019-03-01 02:00:00,1.0
CAD_CHF,2019-02-20 06:00:00,2019-03-04 14:00:00,1.0
CAD_CHF,2019-02-20 14:00:00,2019-03-04 14:00:00,1.0
EUR_GBP,2019-02-20 18:00:00,2019-02-26 10:00:00,-1.0
CAD_CHF,2019-02-20 22:00:00,2019-03-01 18:00:00,1.0
EUR_GBP,2019-02-21 10:00:00,2019-02-26 10:00:00,-1.0
CHF_JPY,2019-02-21 10:00:00,2019-02-28 14:00:00,1.0
USD_JPY,2019-02-21 14:00:00,2019-03-01 06:00:00,1.0
USD_JPY,2019-02-22 18:00:00,2019-03-01 06:00:00,1.0
CAD_CHF,2019-02-24 22:00:00,2019-02-28 10:00:00,1.0
EUR_GBP,2019-02-24 22:00:00,2019-02-26 10:00:00,-1.0
USD_JPY,2019-02-25 06:00:00,2019-03-01 06:00:00,1.0
EUR_GBP,2019-02-25 10:00:00,2019-02-26 10:00:00,-1.0
CAD_CHF,2019-02-25 10:00:00,2019-03-01 14:00:00,1.0
EUR_GBP,2019-02-26 02:00:00,2019-02-26 14:00:00,-1.0
CHF_JPY,2019-02-26 06:00:00,2019-03-01 06:00:00,1.0
EUR_GBP,2019-02-26 10:00:00,2019-02-27 10:00:00,-1.0
USD_JPY,2019-02-26 14:00:00,2019-03-01 06:00:00,1.0
CHF_JPY,2019-02-26 14:00:00,2019-02-28 22:00:00,1.0
EUR_GBP,2019-02-26 18:00:00,2019-03-11 21:00:00,-1.0
USD_JPY,2019-02-26 22:00:00,2019-03-01 02:00:00,1.0
CHF_JPY,2019-02-26 22:00:00,2019-02-28 14:00:00,1.0
CHF_JPY,2019-02-27 06:00:00,2019-02-28 22:00:00,1.0
CAD_CHF,2019-02-27 06:00:00,2019-03-04 14:00:00,1.0
USD_JPY,2019-02-27 10:00:00,2019-03-01 06:00:00,1.0
EUR_GBP,2019-02-27 14:00:00,2019-03-05 10:00:00,1.0
CAD_CHF,2019-02-27 18:00:00,2019-02-28 10:00:00,1.0
EUR_GBP,2019-02-27 22:00:00,2019-03-05 10:00:00,1.0
EUR_GBP,2019-02-28 22:00:00,2019-03-10 21:00:00,1.0
CAD_CHF,2019-03-01 10:00:00,2019-03-06 14:00:00,1.0
CHF_JPY,2019-03-04 10:00:00,2019-03-07 10:00:00,-1.0
USD_JPY,2019-03-04 18:00:00,2019-03-20 17:00:00,-1.0
CHF_JPY,2019-03-05 18:00:00,2019-03-07 14:00:00,-1.0
USD_JPY,2019-03-06 02:00:00,2019-03-20 17:00:00,-1.0
CHF_JPY,2019-03-06 02:00:00,2019-03-08 02:00:00,-1.0
CHF_JPY,2019-03-06 18:00:00,2019-03-08 02:00:00,-1.0
USD_JPY,2019-03-06 18:00:00,2019-03-20 17:00:00,-1.0
USD_JPY,2019-03-07 02:00:00,2019-03-20 17:00:00,-1.0
EUR_GBP,2019-03-07 06:00:00,2019-03-11 21:00:00,-1.0
EUR_GBP,2019-03-07 18:00:00,2019-03-08 14:00:00,1.0
CAD_CHF,2019-03-08 02:00:00,2019-03-21 13:00:00,1.0
EUR_GBP,2019-03-08 02:00:00,2019-03-08 14:00:00,1.0
USD_JPY,2019-03-08 06:00:00,2019-03-22 13:00:00,-1.0
CHF_JPY,2019-03-08 06:00:00,2019-03-14 01:00:00,1.0
USD_JPY,2019-03-11 01:00:00,2019-03-22 13:00:00,-1.0
CHF_JPY,2019-03-11 17:00:00,2019-03-14 05:00:00,1.0
CAD_CHF,2019-03-11 17:00:00,2019-03-20 17:00:00,1.0
EUR_GBP,2019-03-11 21:00:00,2019-03-12 09:00:00,1.0
CAD_CHF,2019-03-12 05:00:00,2019-03-21 09:00:00,1.0
CAD_CHF,2019-03-12 21:00:00,2019-03-20 17:00:00,1.0
EUR_GBP,2019-03-13 21:00:00,2019-03-20 09:00:00,1.0
EUR_GBP,2019-03-14 09:00:00,2019-03-20 09:00:00,1.0
CHF_JPY,2019-03-15 13:00:00,2019-04-04 13:00:00,0.32827283519803857
EUR_GBP,2019-03-15 17:00:00,2019-03-20 09:00:00,1.0
USD_JPY,2019-03-17 21:00:00,2019-03-21 01:00:00,-1.0
EUR_GBP,2019-03-18 01:00:00,2019-03-20 09:00:00,1.0
USD_JPY,2019-03-18 17:00:00,2019-03-21 05:00:00,-1.0
USD_JPY,2019-03-19 01:00:00,2019-03-22 13:00:00,-1.0
CHF_JPY,2019-03-19 01:00:00,2019-04-08 01:00:00,0.3003030003326726
USD_JPY,2019-03-19 09:00:00,2019-03-21 05:00:00,-1.0
CAD_CHF,2019-03-19 13:00:00,2019-03-21 13:00:00,1.0
CHF_JPY,2019-03-20 21:00:00,2019-03-22 13:00:00,-1.0
USD_JPY,2019-03-21 05:00:00,2019-04-03 05:00:00,1.0
CHF_JPY,2019-03-21 05:00:00,2019-04-10 05:00:00,-0.2031570241990559
CHF_JPY,2019-03-22 09:00:00,2019-04-11 09:00:00,-0.036080567908144345
USD_JPY,2019-03-22 13:00:00,2019-03-31 21:00:00,1.0
EUR_GBP,2019-03-22 17:00:00,2019-04-09 13:00:00,1.0
CHF_JPY,2019-03-25 01:00:00,2019-04-01 05:00:00,1.0
USD_JPY,2019-03-25 01:00:00,2019-04-01 01:00:00,1.0
EUR_GBP,2019-03-25 13:00:00,2019-03-27 17:00:00,-1.0
USD_JPY,2019-03-25 17:00:00,2019-04-01 01:00:00,1.0
EUR_GBP,2019-03-25 21:00:00,2019-03-27 17:00:00,-1.0
EUR_GBP,2019-03-26 13:00:00,2019-03-29 05:00:00,1.0
CAD_CHF,2019-03-26 21:00:00,2019-04-01 17:00:00,-1.0
EUR_GBP,2019-03-27 01:00:00,2019-03-29 05:00:00,1.0
CAD_CHF,2019-03-27 05:00:00,2019-04-01 13:00:00,-1.0
EUR_GBP,2019-03-27 13:00:00,2019-03-28 13:00:00,1.0
CHF_JPY,2019-03-28 01:00:00,2019-04-03 01:00:00,1.0
USD_JPY,2019-03-28 05:00:00,2019-04-01 13:00:00,1.0
CAD_CHF,2019-03-29 13:00:00,2019-04-09 09:00:00,-1.0
CAD_CHF,2019-03-31 21:00:00,2019-04-10 13:00:00,-1.0
CAD_CHF,2019-04-01 05:00:00,2019-04-09 09:00:00,-1.0
CAD_CHF,2019-04-01 17:00:00,2019-04-17 09:00:00,-1.0
CAD_CHF,2019-04-02 01:00:00,2019-04-17 05:00:00,-1.0
EUR_GBP,2019-04-02 21:00:00,2019-04-05 13:00:00,1.0
EUR_GBP,2019-04-03 05:00:00,2019-04-05 13:00:00,1.0
EUR_GBP,2019-04-03 13:00:00,2019-04-05 13:00:00,1.0
EUR_GBP,2019-04-04 01:00:00,2019-04-05 13:00:00,1.0
CHF_JPY,2019-04-04 05:00:00,2019-04-18 09:00:00,-1.0
CHF_JPY,2019-04-04 13:00:00,2019-04-18 09:00:00,-1.0
USD_JPY,2019-04-08 05:00:00,2019-04-26 05:00:00,0.16596840320453735
CHF_JPY,2019-04-08 09:00:00,2019-04-18 13:00:00,-1.0
USD_JPY,2019-04-08 13:00:00,2019-04-26 13:00:00,0.09779205282564732
CAD_CHF,2019-04-08 17:00:00,2019-04-17 09:00:00,-1.0
USD_JPY,2019-04-09 05:00:00,2019-04-29 05:00:00,0.3556769088443192
CAD_CHF,2019-04-09 09:00:00,2019-04-17 09:00:00,-1.0
CHF_JPY,2019-04-09 13:00:00,2019-04-22 21:00:00,-1.0
USD_JPY,2019-04-09 13:00:00,2019-04-24 17:00:00,1.0
USD_JPY,2019-04-10 05:00:00,2019-04-24 17:00:00,1.0
CHF_JPY,2019-04-10 17:00:00,2019-04-12 09:00:00,1.0
CAD_CHF,2019-04-10 17:00:00,2019-04-22 13:00:00,-1.0
USD_JPY,2019-04-10 17:00:00,2019-04-16 21:00:00,1.0
EUR_GBP,2019-04-11 05:00:00,2019-05-01 05:00:00,-0.3292829978666252
CAD_CHF,2019-04-12 17:00:00,2019-04-17 09:00:00,-1.0
CHF_JPY,2019-04-15 09:00:00,2019-04-18 05:00:00,-1.0
CAD_CHF,2019-04-15 13:00:00,2019-04-17 09:00:00,-1.0
CHF_JPY,2019-04-15 17:00:00,2019-04-18 09:00:00,-1.0
CHF_JPY,2019-04-16 01:00:00,2019-04-18 09:00:00,-1.0
CHF_JPY,2019-04-16 09:00:00,2019-04-18 13:00:00,-1.0
CHF_JPY,2019-04-16 17:00:00,2019-04-22 21:00:00,-1.0
CAD_CHF,2019-04-16 21:00:00,2019-04-23 05:00:00,-1.0
CAD_CHF,2019-04-17 05:00:00,2019-05-07 05:00:00,-0.21292353267913208
CAD_CHF,2019-04-17 13:00:00,2019-05-07 13:00:00,-0.12281118770303218
CHF_JPY,2019-04-17 17:00:00,2019-04-23 05:00:00,-1.0
CHF_JPY,2019-04-18 01:00:00,2019-04-23 09:00:00,-1.0
USD_JPY,2019-04-18 05:00:00,2019-05-05 21:00:00,-1.0
CHF_JPY,2019-04-18 17:00:00,2019-04-30 09:00:00,-1.0
CHF_JPY,2019-04-19 05:00:00,2019-04-25 13:00:00,-1.0
CAD_CHF,2019-04-19 05:00:00,2019-05-09 05:00:00,0.34191870519742357
CAD_CHF,2019-04-22 09:00:00,2019-05-09 13:00:00,1.0
CHF_JPY,2019-04-22 13:00:00,2019-05-05 21:00:00,-1.0
CAD_CHF,2019-04-22 17:00:00,2019-05-09 13:00:00,1.0
CHF_JPY,2019-04-23 01:00:00,2019-05-05 21:00:00,-1.0
USD_JPY,2019-04-23 01:00:00,2019-05-05 21:00:00,-1.0
CAD_CHF,2019-04-23 09:00:00,2019-04-24 13:00:00,1.0
CHF_JPY,2019-04-23 09:00:00,2019-05-07 09:00:00,-1.0
CHF_JPY,2019-04-23 17:00:00,2019-05-05 21:00:00,-1.0
EUR_GBP,2019-04-24 17:00:00,2019-05-03 09:00:00,-1.0
EUR_GBP,2019-04-25 01:00:00,2019-05-03 13:00:00,-1.0
USD_JPY,2019-04-25 13:00:00,2019-05-05 21:00:00,-1.0
CHF_JPY,2019-04-25 13:00:00,2019-05-07 09:00:00,-1.0
EUR_GBP,2019-04-25 21:00:00,2019-05-03 13:00:00,-1.0
EUR_GBP,2019-04-26 05:00:00,2019-05-03 13:00:00,-1.0
EUR_GBP,2019-04-29 05:00:00,2019-05-03 13:00:00,-1.0
USD_JPY,2019-04-29 05:00:00,2019-05-05 21:00:00,-1.0
CAD_CHF,2019-04-29 17:00:00,2019-05-13 09:00:00,1.0
CHF_JPY,2019-04-30 05:00:00,2019-05-07 09:00:00,-1.0
USD_JPY,2019-04-30 05:00:00,2019-05-07 17:00:00,-1.0
EUR_GBP,2019-04-30 13:00:00,2019-05-03 13:00:00,-1.0
USD_JPY,2019-04-30 17:00:00,2019-05-05 21:00:00,-1.0
CAD_CHF,2019-04-30 21:00:00,2019-05-06 05:00:00,1.0
USD_JPY,2019-05-01 01:00:00,2019-05-05 21:00:00,-1.0
EUR_GBP,2019-05-01 01:00:00,2019-05-03 13:00:00,-1.0
CAD_CHF,2019-05-01 05:00:00,2019-05-09 13:00:00,1.0
EUR_GBP,2019-05-01 13:00:00,2019-05-03 13:00:00,-1.0
USD_JPY,2019-05-01 17:00:00,2019-05-06 01:00:00,-1.0
EUR_GBP,2019-05-01 21:00:00,2019-05-03 13:00:00,-1.0
CHF_JPY,2019-05-01 21:00:00,2019-05-07 05:00:00,-1.0
CHF_JPY,2019-05-03 01:00:00,2019-05-07 13:00:00,-1.0
EUR_GBP,2019-05-03 05:00:00,2019-05-05 21:00:00,-1.0
EUR_GBP,2019-05-03 13:00:00,2019-05-08 09:00:00,1.0
CAD_CHF,2019-05-03 13:00:00,2019-05-13 09:00:00,1.0
EUR_GBP,2019-05-05 21:00:00,2019-05-08 09:00:00,1.0
USD_JPY,2019-05-06 01:00:00,2019-05-09 05:00:00,-1.0
CHF_JPY,2019-05-06 01:00:00,2019-05-07 13:00:00,-1.0
CAD_CHF,2019-05-07 05:00:00,2019-05-13 09:00:00,1.0
CHF_JPY,2019-05-07 09:00:00,2019-05-21 13:00:00,1.0
CAD_CHF,2019-05-07 13:00:00,2019-05-09 13:00:00,1.0
USD_JPY,2019-05-07 17:00:00,2019-05-13 09:00:00,-1.0
USD_JPY,2019-05-08 01:00:00,2019-05-28 01:00:00,-0.38646903701009155
CHF_JPY,2019-05-08 05:00:00,2019-05-21 09:00:00,1.0
USD_JPY,2019-05-08 13:00:00,2019-05-13 13:00:00,-1.0
CHF_JPY,2019-05-08 21:00:00,2019-05-12 21:00:00,1.0
USD_JPY,2019-05-09 01:00:00,2019-05-29 01:00:00,-0.641264701334375
USD_JPY,2019-05-09 09:00:00,2019-05-29 09:00:00,-0.38536523149244756
CHF_JPY,2019-05-13 13:00:00,2019-05-21 13:00:00,1.0
USD_JPY,2019-05-13 13:00:00,2019-05-19 21:00:00,1.0
CAD_CHF,2019-05-15 05:00:00,2019-05-21 05:00:00,-1.0
CHF_JPY,2019-05-15 13:00:00,2019-05-21 13:00:00,1.0
USD_JPY,2019-05-15 13:00:00,2019-05-21 09:00:00,1.0
CAD_CHF,2019-05-15 17:00:00,2019-05-31 01:00:00,1.0
CAD_CHF,2019-05-16 09:00:00,2019-05-23 17:00:00,1.0
CHF_JPY,2019-05-17 09:00:00,2019-05-21 13:00:00,1.0
CAD_CHF,2019-05-20 05:00:00,2019-05-31 01:00:00,1.0
CAD_CHF,2019-05-21 13:00:00,2019-05-23 13:00:00,1.0
CAD_CHF,2019-05-21 21:00:00,2019-05-23 13:00:00,1.0
CAD_CHF,2019-05-22 05:00:00,2019-05-23 13:00:00,1.0
USD_JPY,2019-05-23 01:00:00,2019-05-28 05:00:00,-1.0
CHF_JPY,2019-05-23 01:00:00,2019-05-31 05:00:00,-1.0
CHF_JPY,2019-05-23 09:00:00,2019-05-31 13:00:00,-1.0
USD_JPY,2019-05-23 17:00:00,2019-05-31 13:00:00,-1.0
USD_JPY,2019-05-24 13:00:00,2019-05-31 17:00:00,-1.0
CHF_JPY,2019-05-26 21:00:00,2019-05-31 09:00:00,-1.0
USD_JPY,2019-05-26 21:00:00,2019-05-31 17:00:00,-1.0
CHF_JPY,2019-05-27 09:00:00,2019-06-14 09:00:00,-0.23682326375502066
CAD_CHF,2019-05-27 09:00:00,2019-05-31 17:00:00,1.0
CAD_CHF,2019-05-28 05:00:00,2019-06-03 05:00:00,1.0
USD_JPY,2019-05-28 09:00:00,2019-05-31 17:00:00,-1.0
CHF_JPY,2019-05-28 13:00:00,2019-06-09 21:00:00,1.0
CHF_JPY,2019-05-28 21:00:00,2019-06-07 17:00:00,1.0
USD_JPY,2019-05-29 05:00:00,2019-06-02 21:00:00,-1.0
CAD_CHF,2019-05-30 09:00:00,2019-05-31 17:00:00,1.0
USD_JPY,2019-05-31 09:00:00,2019-06-19 21:00:00,-1.0
CHF_JPY,2019-05-31 09:00:00,2019-06-05 09:00:00,1.0
USD_JPY,2019-05-31 17:00:00,2019-06-20 13:00:00,-1.0
USD_JPY,2019-06-03 05:00:00,2019-06-21 01:00:00,-1.0
USD_JPY,2019-06-04 01:00:00,2019-06-24 01:00:00,-0.5066034415692634
CAD_CHF,2019-06-05 05:00:00,2019-06-11 09:00:00,-1.0
USD_JPY,2019-06-05 13:00:00,2019-06-20 13:00:00,-1.0
CHF_JPY,2019-06-05 17:00:00,2019-06-24 09:00:00,1.0
EUR_GBP,2019-06-05 21:00:00,2019-06-17 13:00:00,1.0
CAD_CHF,2019-06-05 21:00:00,2019-06-09 21:00:00,-1.0
CHF_JPY,2019-06-06 05:00:00,2019-06-21 13:00:00,1.0
CAD_CHF,2019-06-06 09:00:00,2019-06-09 21:00:00,-1.0
CAD_CHF,2019-06-07 09:00:00,2019-06-27 09:00:00,-0.36648297605733726
USD_JPY,2019-06-07 13:00:00,2019-06-21 01:00:00,-1.0
CAD_CHF,2019-06-09 21:00:00,2019-06-24 13:00:00,1.0
CAD_CHF,2019-06-10 05:00:00,2019-06-21 17:00:00,1.0
CAD_CHF,2019-06-11 09:00:00,2019-06-21 13:00:00,1.0
USD_JPY,2019-06-11 17:00:00,2019-06-20 13:00:00,-1.0
CHF_JPY,2019-06-11 21:00:00,2019-06-18 09:00:00,-1.0
USD_JPY,2019-06-12 09:00:00,2019-06-20 13:00:00,-1.0
CHF_JPY,2019-06-12 13:00:00,2019-06-24 09:00:00,1.0
CHF_JPY,2019-06-12 21:00:00,2019-06-24 09:00:00,1.0
EUR_GBP,2019-06-13 13:00:00,2019-06-28 05:00:00,1.0
CHF_JPY,2019-06-14 05:00:00,2019-06-21 13:00:00,1.0
USD_JPY,2019-06-14 09:00:00,2019-06-20 13:00:00,-1.0
CAD_CHF,2019-06-14 13:00:00,2019-06-24 13:00:00,1.0
CHF_JPY,2019-06-17 21:00:00,2019-06-21 13:00:00,1.0
USD_JPY,2019-06-18 05:00:00,2019-06-20 17:00:00,-1.0
CHF_JPY,2019-06-18 09:00:00,2019-06-20 13:00:00,1.0
USD_JPY,2019-06-18 13:00:00,2019-06-20 13:00:00,-1.0
CAD_CHF,2019-06-18 21:00:00,2019-06-21 13:00:00,1.0
EUR_GBP,2019-06-19 05:00:00,2019-07-09 05:00:00,0.7619197235095423
CHF_JPY,2019-06-19 05:00:00,2019-06-21 13:00:00,1.0
EUR_GBP,2019-06-19 17:00:00,2019-06-26 13:00:00,1.0
CAD_CHF,2019-06-19 21:00:00,2019-06-21 13:00:00,1.0
USD_JPY,2019-06-20 01:00:00,2019-07-08 17:00:00,1.0
EUR_GBP,2019-06-20 09:00:00,2019-07-09 09:00:00,1.0
USD_JPY,2019-06-20 21:00:00,2019-06-30 21:00:00,1.0
EUR_GBP,2019-06-21 01:00:00,2019-06-28 05:00:00,1.0
CHF_JPY,2019-06-21 05:00:00,2019-06-24 13:00:00,1.0
USD_JPY,2019-06-21 05:00:00,2019-07-01 05:00:00,1.0
USD_JPY,2019-06-24 21:00:00,2019-06-30 21:00:00,1.0
USD_JPY,2019-06-25 05:00:00,2019-06-27 05:00:00,1.0
CHF_JPY,2019-06-25 09:00:00,2019-07-15 09:00:00,-0.03732736095557772
CAD_CHF,2019-06-25 13:00:00,2019-06-27 05:00:00,-1.0
CAD_CHF,2019-06-25 21:00:00,2019-06-27 13:00:00,-1.0
CAD_CHF,2019-06-26 17:00:00,2019-07-01 17:00:00,-1.0
CAD_CHF,2019-06-27 05:00:00,2019-07-02 05:00:00,-1.0
USD_JPY,2019-06-28 05:00:00,2019-07-08 17:00:00,1.0
EUR_GBP,2019-07-01 05:00:00,2019-07-19 05:00:00,0.3146583947958685
CHF_JPY,2019-07-01 09:00:00,2019-07-03 05:00:00,-1.0
CAD_CHF,2019-07-01 09:00:00,2019-07-05 09:00:00,-1.0
CHF_JPY,2019-07-01 17:00:00,2019-07-19 17:00:00,-0.19214307829602634
CAD_CHF,2019-07-01 21:00:00,2019-07-05 17:00:00,-1.0
EUR_GBP,2019-07-02 01:00:00,2019-07-16 05:00:00,1.0
CAD_CHF,2019-07-02 05:00:00,2019-07-08 09:00:00,-1.0
CHF_JPY,2019-07-02 09:00:00,2019-07-22 09:00:00,0.5226751464312837
CAD_CHF,2019-07-02 13:00:00,2019-07-05 17:00:00,-1.0
USD_JPY,2019-07-02 17:00:00,2019-07-22 17:00:00,-0.09725824379398837
USD_JPY,2019-07-03 01:00:00,2019-07-08 13:00:00,1.0
CHF_JPY,2019-07-03 01:00:00,2019-07-23 01:00:00,0.5968892184596217
CAD_CHF,2019-07-03 13:00:00,2019-07-23 09:00:00,1.0
CAD_CHF,2019-07-05 09:00:00,2019-07-22 13:00:00,1.0
CAD_CHF,2019-07-05 17:00:00,2019-07-19 09:00:00,1.0
EUR_GBP,2019-07-08 09:00:00,2019-07-26 09:00:00,0.029010410274152684
CAD_CHF,2019-07-08 13:00:00,2019-07-19 09:00:00,1.0
EUR_GBP,2019-07-08 21:00:00,2019-07-28 21:00:00,0.36596931659693904
CHF_JPY,2019-07-10 17:00:00,2019-07-30 17:00:00,0.02554138616750731
USD_JPY,2019-07-10 17:00:00,2019-07-18 17:00:00,-1.0
CHF_JPY,2019-07-11 01:00:00,2019-07-31 01:00:00,-0.025569842197550652
USD_JPY,2019-07-11 01:00:00,2019-07-31 01:00:00,0.5316882491339172
EUR_GBP,2019-07-11 13:00:00,2019-07-25 09:00:00,-1.0
CAD_CHF,2019-07-11 17:00:00,2019-07-22 09:00:00,1.0
CAD_CHF,2019-07-12 01:00:00,2019-07-19 09:00:00,1.0
CHF_JPY,2019-07-12 05:00:00,2019-08-01 05:00:00,-0.17665592161576676
EUR_GBP,2019-07-12 13:00:00,2019-07-29 09:00:00,1.0
USD_JPY,2019-07-12 17:00:00,2019-07-31 21:00:00,1.0
EUR_GBP,2019-07-14 21:00:00,2019-07-29 09:00:00,1.0
USD_JPY,2019-07-15 01:00:00,2019-07-31 21:00:00,1.0
CHF_JPY,2019-07-15 01:00:00,2019-08-01 17:00:00,-1.0
EUR_GBP,2019-07-15 05:00:00,2019-07-25 09:00:00,-1.0
USD_JPY,2019-07-15 09:00:00,2019-07-31 21:00:00,1.0
USD_JPY,2019-07-15 17:00:00,2019-07-31 21:00:00,1.0
CHF_JPY,2019-07-15 17:00:00,2019-08-01 17:00:00,-1.0
CAD_CHF,2019-07-16 13:00:00,2019-07-22 13:00:00,1.0
CAD_CHF,2019-07-17 09:00:00,2019-07-22 13:00:00,1.0
CHF_JPY,2019-07-17 09:00:00,2019-08-01 17:00:00,-1.0
CHF_JPY,2019-07-17 21:00:00,2019-08-02 01:00:00,-1.0
USD_JPY,2019-07-18 01:00:00,2019-07-26 09:00:00,1.0
EUR_GBP,2019-07-18 13:00:00,2019-07-24 09:00:00,-1.0
USD_JPY,2019-07-18 21:00:00,2019-07-25 13:00:00,1.0
EUR_GBP,2019-07-19 01:00:00,2019-07-25 09:00:00,-1.0
EUR_GBP,2019-07-19 13:00:00,2019-07-25 09:00:00,-1.0
EUR_GBP,2019-07-22 01:00:00,2019-07-29 09:00:00,1.0
EUR_GBP,2019-07-22 21:00:00,2019-07-25 09:00:00,-1.0
EUR_GBP,2019-07-23 17:00:00,2019-07-29 09:00:00,1.0
CHF_JPY,2019-07-24 05:00:00,2019-08-01 17:00:00,-1.0
CAD_CHF,2019-07-24 05:00:00,2019-08-02 13:00:00,1.0
EUR_GBP,2019-07-24 09:00:00,2019-07-29 05:00:00,1.0
USD_JPY,2019-07-24 13:00:00,2019-07-31 21:00:00,1.0
EUR_GBP,2019-07-24 17:00:00,2019-07-29 05:00:00,1.0
EUR_GBP,2019-07-25 01:00:00,2019-07-29 05:00:00,1.0
EUR_GBP,2019-07-25 09:00:00,2019-07-29 05:00:00,1.0
CHF_JPY,2019-07-25 09:00:00,2019-08-01 17:00:00,-1.0
CHF_JPY,2019-07-26 17:00:00,2019-08-01 17:00:00,-1.0
CAD_CHF,2019-07-28 21:00:00,2019-08-02 05:00:00,1.0
CHF_JPY,2019-07-29 01:00:00,2019-08-02 01:00:00,-1.0
USD_JPY,2019-07-30 13:00:00,2019-08-01 17:00:00,-1.0
CAD_CHF,2019-07-31 05:00:00,2019-08-02 05:00:00,1.0
USD_JPY,2019-07-31 05:00:00,2019-08-01 17:00:00,-1.0
CHF_JPY,2019-07-31 05:00:00,2019-08-01 17:00:00,-1.0
CHF_JPY,2019-07-31 21:00:00,2019-08-01 17:00:00,-1.0
CHF_JPY,2019-08-01 13:00:00,2019-08-21 13:00:00,-0.3698503161623594
CHF_JPY,2019-08-01 21:00:00,2019-08-06 01:00:00,1.0
USD_JPY,2019-08-02 01:00:00,2019-08-05 01:00:00,-1.0
CHF_JPY,2019-08-02 05:00:00,2019-08-06 01:00:00,1.0
USD_JPY,2019-08-02 09:00:00,2019-08-05 01:00:00,-1.0
USD_JPY,2019-08-02 17:00:00,2019-08-05 21:00:00,-1.0
USD_JPY,2019-08-05 01:00:00,2019-08-22 17:00:00,0.3253335847989041
USD_JPY,2019-08-05 09:00:00,2019-08-23 01:00:00,0.4571030036850969
USD_JPY,2019-08-05 17:00:00,2019-08-06 01:00:00,1.0
CHF_JPY,2019-08-07 09:00:00,2019-08-27 09:00:00,-0.611660233794227
USD_JPY,2019-08-07 13:00:00,2019-08-13 13:00:00,1.0
CAD_CHF,2019-08-08 17:00:00,2019-08-13 09:00:00,1.0
CAD_CHF,2019-08-09 05:00:00,2019-08-13 09:00:00,1.0
USD_JPY,2019-08-09 13:00:00,2019-08-13 13:00:00,1.0
USD_JPY,2019-08-12 01:00:00,2019-08-13 13:00:00,1.0
USD_JPY,2019-08-12 09:00:00,2019-08-13 13:00:00,1.0
CHF_JPY,2019-08-12 09:00:00,2019-08-13 13:00:00,1.0
USD_JPY,2019-08-13 13:00:00,2019-08-23 13:00:00,-1.0
CAD_CHF,2019-08-13 21:00:00,2019-08-14 09:00:00,1.0
CAD_CHF,2019-08-14 05:00:00,2019-08-27 13:00:00,-1.0
CHF_JPY,2019-08-14 17:00:00,2019-08-25 21:00:00,-1.0
EUR_GBP,2019-08-14 21:00:00,2019-08-16 05:00:00,-1.0
USD_JPY,2019-08-15 05:00:00,2019-08-25 21:00:00,-1.0
EUR_GBP,2019-08-15 09:00:00,2019-08-16 09:00:00,-1.0
CHF_JPY,2019-08-15 17:00:00,2019-08-25 21:00:00,-1.0
EUR_GBP,2019-08-15 17:00:00,2019-08-16 09:00:00,-1.0
CHF_JPY,2019-08-16 05:00:00,2019-08-30 13:00:00,-1.0
EUR_GBP,2019-08-16 09:00:00,2019-09-04 17:00:00,-1.0
CAD_CHF,2019-08-16 09:00:00,2019-08-30 09:00:00,-1.0
CAD_CHF,2019-08-18 21:00:00,2019-08-25 21:00:00,1.0
EUR_GBP,2019-08-19 05:00:00,2019-08-22 09:00:00,-1.0
CAD_CHF,2019-08-19 05:00:00,2019-08-30 09:00:00,-1.0
CAD_CHF,2019-08-19 13:00:00,2019-08-30 05:00:00,-1.0
EUR_GBP,2019-08-19 21:00:00,2019-08-22 13:00:00,-1.0
CHF_JPY,2019-08-19 21:00:00,2019-08-25 21:00:00,-1.0
USD_JPY,2019-08-20 13:00:00,2019-08-23 17:00:00,-1.0
CHF_JPY,2019-08-20 13:00:00,2019-08-25 21:00:00,-1.0
EUR_GBP,2019-08-20 17:00:00,2019-08-22 13:00:00,-1.0
USD_JPY,2019-08-20 21:00:00,2019-08-23 17:00:00,-1.0
CHF_JPY,2019-08-21 13:00:00,2019-08-30 09:00:00,-1.0
CAD_CHF,2019-08-21 13:00:00,2019-08-25 21:00:00,1.0
CAD_CHF,2019-08-22 01:00:00,2019-08-25 21:00:00,1.0
CHF_JPY,2019-08-22 05:00:00,2019-08-30 13:00:00,-1.0
EUR_GBP,2019-08-22 13:00:00,2019-09-03 05:00:00,1.0
CAD_CHF,2019-08-22 13:00:00,2019-08-23 13:00:00,1.0
CHF_JPY,2019-08-22 17:00:00,2019-09-01 21:00:00,-1.0
EUR_GBP,2019-08-22 21:00:00,2019-09-03 05:00:00,1.0
CAD_CHF,2019-08-23 09:00:00,2019-08-23 17:00:00,1.0
CHF_JPY,2019-08-23 09:00:00,2019-09-01 21:00:00,-1.0
EUR_GBP,2019-08-23 13:00:00,2019-09-05 05:00:00,-1.0
USD_JPY,2019-08-23 17:00:00,2019-08-29 13:00:00,1.0
USD_JPY,2019-08-25 21:00:00,2019-08-26 09:00:00,1.0
EUR_GBP,2019-08-25 21:00:00,2019-09-04 21:00:00,-1.0
CAD_CHF,2019-08-27 05:00:00,2019-09-06 01:00:00,-1.0
CHF_JPY,2019-08-27 09:00:00,2019-09-12 13:00:00,1.0
EUR_GBP,2019-08-27 17:00:00,2019-08-28 05:00:00,1.0
CHF_JPY,2019-08-27 21:00:00,2019-09-12 05:00:00,1.0
USD_JPY,2019-08-27 21:00:00,2019-09-05 09:00:00,1.0
EUR_GBP,2019-08-28 05:00:00,2019-09-04 17:00:00,-1.0
USD_JPY,2019-08-28 09:00:00,2019-09-05 09:00:00,1.0
CAD_CHF,2019-08-29 09:00:00,2019-08-30 09:00:00,-1.0
CAD_CHF,2019-08-29 21:00:00,2019-09-06 09:00:00,-1.0
CHF_JPY,2019-08-30 05:00:00,2019-09-05 13:00:00,1.0
CAD_CHF,2019-08-30 09:00:00,2019-09-09 05:00:00,-1.0
EUR_GBP,2019-08-30 17:00:00,2019-09-03 05:00:00,1.0
USD_JPY,2019-09-02 01:00:00,2019-09-09 17:00:00,1.0
EUR_GBP,2019-09-02 05:00:00,2019-09-05 05:00:00,-1.0
CHF_JPY,2019-09-03 01:00:00,2019-09-04 13:00:00,1.0
USD_JPY,2019-09-03 09:00:00,2019-09-09 21:00:00,1.0
USD_JPY,2019-09-03 17:00:00,2019-09-05 13:00:00,1.0
USD_JPY,2019-09-04 01:00:00,2019-09-05 13:00:00,1.0
EUR_GBP,2019-09-04 21:00:00,2019-09-09 09:00:00,-1.0
EUR_GBP,2019-09-05 05:00:00,2019-09-09 09:00:00,-1.0
CAD_CHF,2019-09-05 09:00:00,2019-09-09 05:00:00,-1.0
EUR_GBP,2019-09-05 21:00:00,2019-09-13 17:00:00,-1.0
CHF_JPY,2019-09-06 05:00:00,2019-09-12 17:00:00,1.0
CAD_CHF,2019-09-06 09:00:00,2019-09-26 09:00:00,0.0840044802389333
EUR_GBP,2019-09-06 13:00:00,2019-09-12 09:00:00,-1.0
EUR_GBP,2019-09-06 21:00:00,2019-09-12 09:00:00,-1.0
EUR_GBP,2019-09-09 09:00:00,2019-09-17 17:00:00,-1.0
CHF_JPY,2019-09-09 09:00:00,2019-09-12 13:00:00,1.0
CAD_CHF,2019-09-09 13:00:00,2019-09-13 09:00:00,1.0
CAD_CHF,2019-09-09 21:00:00,2019-09-13 09:00:00,1.0
EUR_GBP,2019-09-09 21:00:00,2019-09-13 17:00:00,-1.0
EUR_GBP,2019-09-10 13:00:00,2019-09-13 17:00:00,-1.0
CAD_CHF,2019-09-10 17:00:00,2019-09-13 05:00:00,1.0
EUR_GBP,2019-09-10 21:00:00,2019-09-13 17:00:00,-1.0
CAD_CHF,2019-09-11 01:00:00,2019-09-13 05:00:00,1.0
CAD_CHF,2019-09-11 09:00:00,2019-09-13 05:00:00,1.0
EUR_GBP,2019-09-11 13:00:00,2019-09-16 21:00:00,-1.0
EUR_GBP,2019-09-12 01:00:00,2019-09-17 17:00:00,-1.0
USD_JPY,2019-09-12 13:00:00,2019-09-24 17:00:00,-1.0
EUR_GBP,2019-09-12 13:00:00,2019-09-13 13:00:00,-1.0
EUR_GBP,2019-09-15 21:00:00,2019-10-03 21:00:00,0.23111612175873575
CHF_JPY,2019-09-15 21:00:00,2019-10-02 05:00:00,-1.0
USD_JPY,2019-09-16 01:00:00,2019-10-03 13:00:00,-1.0
CHF_JPY,2019-09-16 09:00:00,2019-10-02 05:00:00,-1.0
CAD_CHF,2019-09-16 13:00:00,2019-10-02 09:00:00,-1.0
EUR_GBP,2019-09-16 21:00:00,2019-10-04 21:00:00,0.3496779578807264
CAD_CHF,2019-09-16 21:00:00,2019-10-02 09:00:00,-1.0
CAD_CHF,2019-09-17 09:00:00,2019-10-07 09:00:00,0.3652505432101983
CHF_JPY,2019-09-17 13:00:00,2019-10-02 05:00:00,-1.0
EUR_GBP,2019-09-17 17:00:00,2019-10-07 13:00:00,0.6002211341020389
EUR_GBP,2019-09-18 05:00:00,2019-10-08 01:00:00,0.6234006335463851
EUR_GBP,2019-09-18 17:00:00,2019-10-08 05:00:00,1.0
CHF_JPY,2019-09-19 01:00:00,2019-10-03 05:00:00,-1.0
USD_JPY,2019-09-19 05:00:00,2019-10-03 09:00:00,-1.0
USD_JPY,2019-09-19 17:00:00,2019-09-24 17:00:00,-1.0
EUR_GBP,2019-09-19 21:00:00,2019-10-01 09:00:00,1.0
USD_JPY,2019-09-20 05:00:00,2019-10-03 13:00:00,-1.0
EUR_GBP,2019-09-20 05:00:00,2019-10-01 09:00:00,1.0
EUR_GBP,2019-09-20 17:00:00,2019-10-01 13:00:00,1.0
USD_JPY,2019-09-22 21:00:00,2019-10-03 13:00:00,-1.0
CHF_JPY,2019-09-22 21:00:00,2019-10-02 09:00:00,-1.0
CHF_JPY,2019-09-23 09:00:00,2019-10-02 09:00:00,-1.0
USD_JPY,2019-09-23 09:00:00,2019-10-11 05:00:00,0.4119474046383601
USD_JPY,2019-09-23 17:00:00,2019-10-03 13:00:00,-1.0
CAD_CHF,2019-09-24 09:00:00,2019-09-30 13:00:00,-1.0
EUR_GBP,2019-09-24 13:00:00,2019-10-01 09:00:00,1.0
USD_JPY,2019-09-24 17:00:00,2019-10-01 01:00:00,1.0
USD_JPY,2019-09-25 01:00:00,2019-10-01 05:00:00,1.0
CHF_JPY,2019-09-25 01:00:00,2019-10-02 05:00:00,-1.0
CAD_CHF,2019-09-25 21:00:00,2019-10-01 01:00:00,-1.0
CAD_CHF,2019-09-26 09:00:00,2019-10-02 09:00:00,-1.0
CHF_JPY,2019-09-26 09:00:00,2019-10-02 09:00:00,-1.0
CHF_JPY,2019-09-30 13:00:00,2019-10-02 09:00:00,-1.0
CAD_CHF,2019-09-30 13:00:00,2019-10-04 09:00:00,1.0
CHF_JPY,2019-09-30 21:00:00,2019-10-02 09:00:00,-1.0
CAD_CHF,2019-10-01 01:00:00,2019-10-04 09:00:00,1.0
USD_JPY,2019-10-01 17:00:00,2019-10-03 13:00:00,-1.0
USD_JPY,2019-10-02 01:00:00,2019-10-03 13:00:00,-1.0
CHF_JPY,2019-10-02 09:00:00,2019-10-10 21:00:00,1.0
CAD_CHF,2019-10-02 09:00:00,2019-10-03 13:00:00,1.0
USD_JPY,2019-10-02 17:00:00,2019-10-11 09:00:00,1.0
USD_JPY,2019-10-03 01:00:00,2019-10-11 09:00:00,1.0
CHF_JPY,2019-10-03 01:00:00,2019-10-11 09:00:00,1.0
EUR_GBP,2019-10-03 13:00:00,2019-10-08 09:00:00,1.0
CHF_JPY,2019-10-03 13:00:00,2019-10-10 01:00:00,1.0
USD_JPY,2019-10-03 13:00:00,2019-10-10 13:00:00,1.0
CHF_JPY,2019-10-04 05:00:00,2019-10-10 01:00:00,1.0
USD_JPY,2019-10-07 01:00:00,2019-10-10 13:00:00,1.0
CAD_CHF,2019-10-08 05:00:00,2019-10-11 09:00:00,-1.0
CHF_JPY,2019-10-08 17:00:00,2019-10-16 05:00:00,1.0
EUR_GBP,2019-10-10 17:00:00,2019-10-11 09:00:00,-1.0
CAD_CHF,2019-10-10 21:00:00,2019-10-11 13:00:00,-1.0
CAD_CHF,2019-10-11 05:00:00,2019-10-24 21:00:00,-1.0
CHF_JPY,2019-10-11 09:00:00,2019-10-17 05:00:00,1.0
EUR_GBP,2019-10-11 09:00:00,2019-10-15 13:00:00,-1.0
EUR_GBP,2019-10-11 17:00:00,2019-10-15 13:00:00,-1.0
CHF_JPY,2019-10-15 09:00:00,2019-10-17 09:00:00,1.0
EUR_GBP,2019-10-15 13:00:00,2019-11-04 10:00:00,-0.04397181175436511
CAD_CHF,2019-10-15 21:00:00,2019-10-28 09:00:00,-1.0
EUR_GBP,2019-10-15 21:00:00,2019-11-04 18:00:00,-0.26000739576591986
EUR_GBP,2019-10-16 17:00:00,2019-11-05 14:00:00,-0.4169369035485869
USD_JPY,2019-10-17 17:00:00,2019-11-06 14:00:00,0.20151457990190547
EUR_GBP,2019-10-17 21:00:00,2019-11-06 18:00:00,-0.5351920565014866
USD_JPY,2019-10-18 05:00:00,2019-11-07 02:00:00,0.05243886732046801
EUR_GBP,2019-10-18 09:00:00,2019-11-07 06:00:00,-0.48207535173002614
USD_JPY,2019-10-18 17:00:00,2019-11-07 14:00:00,0.9145132890212289
EUR_GBP,2019-10-18 21:00:00,2019-11-07 18:00:00,-0.1401517345224925
EUR_GBP,2019-10-21 13:00:00,2019-11-08 14:00:00,0.3886070647368181
CAD_CHF,2019-10-21 17:00:00,2019-10-25 13:00:00,-1.0
CAD_CHF,2019-10-22 01:00:00,2019-10-25 13:00:00,-1.0
EUR_GBP,2019-10-22 05:00:00,2019-11-11 06:00:00,0.04064804599036918
CAD_CHF,2019-10-22 09:00:00,2019-10-25 13:00:00,-1.0
USD_JPY,2019-10-22 13:00:00,2019-11-11 14:00:00,0.3997052864247514
CAD_CHF,2019-10-22 17:00:00,2019-10-28 09:00:00,-1.0
EUR_GBP,2019-10-22 17:00:00,2019-11-11 10:00:00,-1.0
USD_JPY,2019-10-22 21:00:00,2019-11-11 22:00:00,0.6743293605402085
CHF_JPY,2019-10-22 21:00:00,2019-11-11 22:00:00,0.20539691813336125
USD_JPY,2019-10-23 05:00:00,2019-11-07 14:00:00,1.0
CAD_CHF,2019-10-23 17:00:00,2019-10-31 01:00:00,1.0
CAD_CHF,2019-10-24 17:00:00,2019-10-30 17:00:00,1.0
CHF_JPY,2019-10-24 17:00:00,2019-11-13 18:00:00,0.2583318880135716
CHF_JPY,2019-10-25 01:00:00,2019-11-14 02:00:00,0.35089001791000035
CAD_CHF,2019-10-25 01:00:00,2019-10-30 13:00:00,1.0
USD_JPY,2019-10-25 13:00:00,2019-11-14 14:00:00,-0.3990144160047028
CAD_CHF,2019-10-25 13:00:00,2019-10-30 13:00:00,1.0
CHF_JPY,2019-10-25 17:00:00,2019-11-14 18:00:00,0.24141778078533455
CAD_CHF,2019-10-27 21:00:00,2019-10-30 13:00:00,1.0
CHF_JPY,2019-10-28 05:00:00,2019-11-15 06:00:00,0.38717117908726634
CAD_CHF,2019-10-28 05:00:00,2019-10-30 13:00:00,1.0
CAD_CHF,2019-10-28 13:00:00,2019-10-30 13:00:00,1.0
USD_JPY,2019-10-30 01:00:00,2019-11-19 02:00:00,-0.21222059917868535
USD_JPY,2019-10-30 09:00:00,2019-11-19 10:00:00,-0.2075050728563162
EUR_GBP,2019-10-30 13:00:00,2019-11-14 06:00:00,-1.0
USD_JPY,2019-10-31 09:00:00,2019-11-07 14:00:00,1.0
EUR_GBP,2019-10-31 13:00:00,2019-11-18 10:00:00,-1.0
USD_JPY,2019-10-31 17:00:00,2019-11-05 14:00:00,1.0
CHF_JPY,2019-10-31 17:00:00,2019-11-20 18:00:00,-0.05655799018444972
USD_JPY,2019-11-01 01:00:00,2019-11-05 14:00:00,1.0
EUR_GBP,2019-11-01 01:00:00,2019-11-18 10:00:00,-1.0
CHF_JPY,2019-11-01 01:00:00,2019-11-21 02:00:00,-0.010950803515208342
EUR_GBP,2019-11-01 13:00:00,2019-11-14 14:00:00,-1.0
CHF_JPY,2019-11-01 13:00:00,2019-11-21 14:00:00,-0.3506502969142819
CAD_CHF,2019-11-04 06:00:00,2019-11-20 18:00:00,1.0
CAD_CHF,2019-11-05 06:00:00,2019-11-13 06:00:00,1.0
EUR_GBP,2019-11-05 18:00:00,2019-11-25 18:00:00,-0.8402677699781501
EUR_GBP,2019-11-06 06:00:00,2019-11-18 10:00:00,-1.0
CHF_JPY,2019-11-06 10:00:00,2019-11-26 10:00:00,-0.44183694850094235
EUR_GBP,2019-11-06 14:00:00,2019-11-18 10:00:00,-1.0
CHF_JPY,2019-11-06 18:00:00,2019-11-26 18:00:00,-0.4835140820061685
USD_JPY,2019-11-07 02:00:00,2019-11-27 02:00:00,0.35304825912271126
CHF_JPY,2019-11-07 02:00:00,2019-11-27 02:00:00,-0.19987770040248837
CAD_CHF,2019-11-07 18:00:00,2019-11-13 06:00:00,1.0
CHF_JPY,2019-11-08 18:00:00,2019-11-28 18:00:00,-0.05562293123729734
USD_JPY,2019-11-11 06:00:00,2019-11-29 06:00:00,0.5340772484927516
CHF_JPY,2019-11-11 06:00:00,2019-11-29 06:00:00,0.10229618398698927
EUR_GBP,2019-11-11 14:00:00,2019-11-27 22:00:00,-1.0
EUR_GBP,2019-11-12 02:00:00,2019-12-02 02:00:00,-0.5850679471340997
EUR_GBP,2019-11-12 18:00:00,2019-12-02 18:00:00,-0.17729255604543986
USD_JPY,2019-11-13 02:00:00,2019-12-03 02:00:00,0.06691293069470984
EUR_GBP,2019-11-13 02:00:00,2019-12-03 02:00:00,-0.20062520412447302
EUR_GBP,2019-11-13 10:00:00,2019-12-03 10:00:00,-0.6565827375884734
USD_JPY,2019-11-13 14:00:00,2019-12-03 14:00:00,-0.30407702059639946
EUR_GBP,2019-11-13 22:00:00,2019-12-03 22:00:00,-0.5264386599743223
USD_JPY,2019-11-13 22:00:00,2019-12-03 22:00:00,-0.2710525106812937
EUR_GBP,2019-11-14 10:00:00,2019-12-04 06:00:00,-1.0
USD_JPY,2019-11-14 10:00:00,2019-12-01 22:00:00,1.0
CHF_JPY,2019-11-14 18:00:00,2019-12-04 18:00:00,0.18211950682037825
EUR_GBP,2019-11-14 18:00:00,2019-12-04 10:00:00,-1.0
EUR_GBP,2019-11-15 10:00:00,2019-12-04 06:00:00,-1.0
CAD_CHF,2019-11-15 10:00:00,2019-12-05 10:00:00,-0.5834258875165478
CAD_CHF,2019-11-18 10:00:00,2019-12-06 10:00:00,0.05348165579207214
EUR_GBP,2019-11-18 10:00:00,2019-12-05 06:00:00,-1.0
USD_JPY,2019-11-18 18:00:00,2019-12-06 18:00:00,-0.14076861503923307
CHF_JPY,2019-11-18 22:00:00,2019-12-08 22:00:00,-0.11482207135371951
USD_JPY,2019-11-19 02:00:00,2019-12-02 02:00:00,1.0
CAD_CHF,2019-11-19 10:00:00,2019-11-20 18:00:00,1.0
CHF_JPY,2019-11-19 18:00:00,2019-12-09 18:00:00,0.25181332968386017
USD_JPY,2019-11-19 18:00:00,2019-11-29 10:00:00,1.0
CHF_JPY,2019-11-20 02:00:00,2019-12-10 02:00:00,0.31293907267850785
CHF_JPY,2019-11-20 10:00:00,2019-12-10 10:00:00,0.7408423652078489
USD_JPY,2019-11-20 10:00:00,2019-11-29 10:00:00,1.0
USD_JPY,2019-11-21 02:00:00,2019-12-01 22:00:00,1.0
CHF_JPY,2019-11-21 14:00:00,2019-12-10 18:00:00,1.0
CHF_JPY,2019-11-21 22:00:00,2019-12-10 18:00:00,1.0
CAD_CHF,2019-11-21 22:00:00,2019-12-11 22:00:00,0.24727992087042872
CHF_JPY,2019-11-22 06:00:00,2019-12-10 14:00:00,1.0
CHF_JPY,2019-11-22 18:00:00,2019-12-03 06:00:00,1.0
CAD_CHF,2019-11-22 18:00:00,2019-12-03 14:00:00,1.0
CAD_CHF,2019-11-25 10:00:00,2019-12-03 10:00:00,1.0
EUR_GBP,2019-11-25 10:00:00,2019-12-04 10:00:00,-1.0
EUR_GBP,2019-11-26 02:00:00,2019-12-04 10:00:00,-1.0
CAD_CHF,2019-11-26 18:00:00,2019-12-03 10:00:00,1.0
CAD_CHF,2019-11-27 10:00:00,2019-12-02 18:00:00,1.0
EUR_GBP,2019-11-27 22:00:00,2019-12-06 14:00:00,-1.0
EUR_GBP,2019-11-28 06:00:00,2019-12-06 14:00:00,-1.0
EUR_GBP,2019-11-29 06:00:00,2019-12-04 14:00:00,-1.0
CHF_JPY,2019-11-29 14:00:00,2019-12-10 18:00:00,1.0
CAD_CHF,2019-11-29 14:00:00,2019-12-02 18:00:00,1.0
USD_JPY,2019-11-29 18:00:00,2019-12-04 06:00:00,-1.0
EUR_GBP,2019-12-01 22:00:00,2019-12-05 06:00:00,-1.0
CAD_CHF,2019-12-01 22:00:00,2019-12-02 18:00:00,1.0
USD_JPY,2019-12-02 18:00:00,2019-12-20 18:00:00,0.36699604561761523
EUR_GBP,2019-12-03 14:00:00,2019-12-05 06:00:00,-1.0
USD_JPY,2019-12-03 14:00:00,2019-12-13 02:00:00,1.0
USD_JPY,2019-12-04 02:00:00,2019-12-24 02:00:00,0.7264056271117824
EUR_GBP,2019-12-04 02:00:00,2019-12-05 06:00:00,-1.0
CHF_JPY,2019-12-04 02:00:00,2019-12-12 22:00:00,1.0
EUR_GBP,2019-12-04 10:00:00,2019-12-09 06:00:00,-1.0
USD_JPY,2019-12-04 14:00:00,2019-12-24 14:00:00,0.4886651725024914
CAD_CHF,2019-12-04 18:00:00,2019-12-24 18:00:00,0.4527787795007437
EUR_GBP,2019-12-05 02:00:00,2019-12-12 22:00:00,-1.0
CAD_CHF,2019-12-05 02:00:00,2019-12-26 02:00:00,0.3700191020691724
CHF_JPY,2019-12-05 14:00:00,2019-12-12 22:00:00,1.0
CAD_CHF,2019-12-05 14:00:00,2019-12-26 14:00:00,0.16419484454887384
EUR_GBP,2019-12-05 22:00:00,2019-12-12 22:00:00,-1.0
USD_JPY,2019-12-06 06:00:00,2019-12-13 10:00:00,1.0
CHF_JPY,2019-12-06 10:00:00,2019-12-12 18:00:00,1.0
EUR_GBP,2019-12-06 18:00:00,2019-12-12 18:00:00,1.0
CHF_JPY,2019-12-08 22:00:00,2019-12-12 14:00:00,1.0
USD_JPY,2019-12-09 02:00:00,2019-12-13 10:00:00,1.0
EUR_GBP,2019-12-09 02:00:00,2019-12-12 18:00:00,1.0
CHF_JPY,2019-12-09 06:00:00,2019-12-12 06:00:00,1.0
USD_JPY,2019-12-09 14:00:00,2019-12-30 14:00:00,0.18771393868010772
EUR_GBP,2019-12-09 18:00:00,2019-12-12 22:00:00,-1.0
USD_JPY,2019-12-09 22:00:00,2019-12-30 22:00:00,0.03958317991014814
EUR_GBP,2019-12-10 02:00:00,2019-12-12 18:00:00,1.0
EUR_GBP,2019-12-10 18:00:00,2019-12-12 22:00:00,-1.0
CAD_CHF,2019-12-11 18:00:00,2020-01-02 18:00:00,-0.3968360370022745
CHF_JPY,2019-12-11 18:00:00,2019-12-13 06:00:00,1.0
USD_JPY,2019-12-12 02:00:00,2019-12-13 10:00:00,1.0
CAD_CHF,2019-12-12 18:00:00,2020-01-03 18:00:00,-0.33642053907705705
EUR_GBP,2019-12-13 02:00:00,2019-12-13 10:00:00,1.0
CAD_CHF,2019-12-13 06:00:00,2020-01-06 06:00:00,-0.17827701298876156
CHF_JPY,2019-12-15 22:00:00,2019-12-27 10:00:00,1.0
EUR_GBP,2019-12-16 06:00:00,2019-12-17 06:00:00,1.0
CAD_CHF,2019-12-16 14:00:00,2020-01-07 14:00:00,0.268720170055759
USD_JPY,2019-12-18 02:00:00,2020-01-02 14:00:00,-1.0
USD_JPY,2019-12-18 10:00:00,2019-12-31 10:00:00,-1.0
CAD_CHF,2019-12-18 14:00:00,2020-01-09 14:00:00,0.5619706437239876
CAD_CHF,2019-12-19 10:00:00,2020-01-10 10:00:00,-0.1941773575809599
CHF_JPY,2019-12-19 14:00:00,2020-01-10 14:00:00,0.71591570092621
USD_JPY,2019-12-19 18:00:00,2020-01-02 14:00:00,-1.0
USD_JPY,2019-12-20 06:00:00,2020-01-02 14:00:00,-1.0
USD_JPY,2019-12-20 14:00:00,2020-01-02 14:00:00,-1.0
CAD_CHF,2019-12-22 22:00:00,2020-01-13 22:00:00,0.4071246819338479
CHF_JPY,2019-12-22 22:00:00,2019-12-27 14:00:00,1.0
CHF_JPY,2019-12-24 06:00:00,2019-12-27 14:00:00,1.0
CAD_CHF,2019-12-26 22:00:00,2020-01-14 10:00:00,1.0
EUR_GBP,2019-12-27 14:00:00,2019-12-31 14:00:00,-1.0
USD_JPY,2019-12-27 18:00:00,2020-01-02 14:00:00,-1.0
USD_JPY,2019-12-30 02:00:00,2020-01-03 02:00:00,-1.0
USD_JPY,2019-12-30 10:00:00,2020-01-03 02:00:00,-1.0
EUR_GBP,2019-12-30 14:00:00,2019-12-31 14:00:00,-1.0
USD_JPY,2019-12-31 02:00:00,2020-01-13 06:00:00,1.0
CHF_JPY,2019-12-31 10:00:00,2020-01-03 06:00:00,-1.0
EUR_GBP,2019-12-31 14:00:00,2020-01-13 06:00:00,1.0
USD_JPY,2019-12-31 14:00:00,2020-01-10 10:00:00,1.0
EUR_GBP,2020-01-01 22:00:00,2020-01-13 06:00:00,1.0
CAD_CHF,2020-01-02 06:00:00,2020-01-15 06:00:00,1.0
CHF_JPY,2020-01-02 06:00:00,2020-01-03 06:00:00,-1.0
EUR_GBP,2020-01-02 10:00:00,2020-01-14 06:00:00,1.0
CHF_JPY,2020-01-02 18:00:00,2020-01-13 10:00:00,1.0
CAD_CHF,2020-01-02 18:00:00,2020-01-14 10:00:00,1.0
USD_JPY,2020-01-03 02:00:00,2020-01-08 18:00:00,1.0
CHF_JPY,2020-01-03 10:00:00,2020-01-09 06:00:00,1.0
CAD_CHF,2020-01-03 10:00:00,2020-01-14 06:00:00,1.0
USD_JPY,2020-01-03 18:00:00,2020-01-08 22:00:00,1.0
USD_JPY,2020-01-06 02:00:00,2020-01-08 18:00:00,1.0
USD_JPY,2020-01-06 10:00:00,2020-01-08 18:00:00,1.0
CAD_CHF,2020-01-07 10:00:00,2020-01-15 06:00:00,1.0
CHF_JPY,2020-01-07 14:00:00,2020-01-13 10:00:00,1.0
EUR_GBP,2020-01-07 18:00:00,2020-01-14 06:00:00,1.0
EUR_GBP,2020-01-08 14:00:00,2020-01-13 06:00:00,1.0
CAD_CHF,2020-01-09 02:00:00,2020-01-15 06:00:00,1.0
EUR_GBP,2020-01-09 06:00:00,2020-01-22 14:00:00,-1.0
CAD_CHF,2020-01-10 14:00:00,2020-01-15 10:00:00,1.0
USD_JPY,2020-01-15 14:00:00,2020-01-26 22:00:00,-1.0
CAD_CHF,2020-01-16 22:00:00,2020-01-30 14:00:00,1.0
EUR_GBP,2020-01-16 22:00:00,2020-01-22 14:00:00,-1.0
EUR_GBP,2020-01-17 06:00:00,2020-01-22 10:00:00,-1.0
CHF_JPY,2020-01-17 14:00:00,2020-01-24 14:00:00,-1.0
CAD_CHF,2020-01-17 14:00:00,2020-01-28 06:00:00,1.0
EUR_GBP,2020-01-17 14:00:00,2020-01-22 14:00:00,-1.0
CAD_CHF,2020-01-20 18:00:00,2020-01-27 14:00:00,1.0
CHF_JPY,2020-01-21 06:00:00,2020-01-24 18:00:00,-1.0
USD_JPY,2020-01-21 06:00:00,2020-01-26 22:00:00,-1.0
EUR_GBP,2020-01-21 14:00:00,2020-01-23 14:00:00,-1.0
USD_JPY,2020-01-21 18:00:00,2020-01-26 22:00:00,-1.0
CHF_JPY,2020-01-22 02:00:00,2020-01-26 22:00:00,-1.0
EUR_GBP,2020-01-22 06:00:00,2020-01-24 06:00:00,-1.0
CAD_CHF,2020-01-22 10:00:00,2020-01-22 22:00:00,1.0
EUR_GBP,2020-01-22 14:00:00,2020-02-04 06:00:00,1.0
EUR_GBP,2020-01-23 02:00:00,2020-02-04 06:00:00,1.0
USD_JPY,2020-01-23 06:00:00,2020-01-31 14:00:00,-1.0
CHF_JPY,2020-01-23 06:00:00,2020-01-29 06:00:00,-1.0
EUR_GBP,2020-01-23 10:00:00,2020-02-04 06:00:00,1.0
USD_JPY,2020-01-23 14:00:00,2020-02-12 14:00:00,0.6117242577471304
CHF_JPY,2020-01-23 18:00:00,2020-01-29 06:00:00,-1.0
EUR_GBP,2020-01-23 22:00:00,2020-02-03 14:00:00,1.0
USD_JPY,2020-01-24 02:00:00,2020-01-31 14:00:00,-1.0
CAD_CHF,2020-01-24 06:00:00,2020-01-31 10:00:00,1.0
EUR_GBP,2020-01-24 06:00:00,2020-02-03 14:00:00,1.0
EUR_GBP,2020-01-24 14:00:00,2020-02-03 14:00:00,1.0
USD_JPY,2020-01-24 18:00:00,2020-02-13 18:00:00,0.47849516472858705
CHF_JPY,2020-01-26 22:00:00,2020-02-13 22:00:00,-0.20747442187653412
CAD_CHF,2020-01-26 22:00:00,2020-01-31 14:00:00,1.0
USD_JPY,2020-01-27 10:00:00,2020-02-12 06:00:00,1.0
EUR_GBP,2020-01-27 10:00:00,2020-02-04 06:00:00,1.0
CHF_JPY,2020-01-27 10:00:00,2020-02-14 10:00:00,-0.518940437367267
USD_JPY,2020-01-27 22:00:00,2020-02-12 06:00:00,1.0
USD_JPY,2020-01-28 10:00:00,2020-02-12 06:00:00,1.0
CAD_CHF,2020-01-28 14:00:00,2020-01-31 10:00:00,1.0
CHF_JPY,2020-01-28 14:00:00,2020-02-17 14:00:00,-0.08473669187954765
CAD_CHF,2020-01-28 22:00:00,2020-01-30 14:00:00,1.0
CHF_JPY,2020-01-29 14:00:00,2020-02-18 14:00:00,-0.14108024608681055
CAD_CHF,2020-01-29 14:00:00,2020-01-31 10:00:00,1.0
USD_JPY,2020-01-30 02:00:00,2020-02-12 06:00:00,1.0
EUR_GBP,2020-01-30 14:00:00,2020-02-03 14:00:00,1.0
USD_JPY,2020-01-30 18:00:00,2020-02-12 06:00:00,1.0
EUR_GBP,2020-01-31 06:00:00,2020-02-03 14:00:00,1.0
EUR_GBP,2020-01-31 18:00:00,2020-02-03 14:00:00,1.0
USD_JPY,2020-02-02 22:00:00,2020-02-05 06:00:00,1.0
USD_JPY,2020-02-03 10:00:00,2020-02-05 06:00:00,1.0
CHF_JPY,2020-02-04 02:00:00,2020-02-20 06:00:00,1.0
CAD_CHF,2020-02-04 18:00:00,2020-02-12 14:00:00,-1.0
CAD_CHF,2020-02-05 10:00:00,2020-02-14 06:00:00,-1.0
CAD_CHF,2020-02-05 18:00:00,2020-02-14 06:00:00,-1.0
CAD_CHF,2020-02-06 06:00:00,2020-02-14 10:00:00,-1.0
CAD_CHF,2020-02-06 18:00:00,2020-02-14 10:00:00,-1.0
CHF_JPY,2020-02-07 10:00:00,2020-02-20 06:00:00,1.0
USD_JPY,2020-02-07 10:00:00,2020-02-19 14:00:00,1.0
CAD_CHF,2020-02-07 18:00:00,2020-02-17 02:00:00,-1.0
CHF_JPY,2020-02-09 22:00:00,2020-02-20 06:00:00,1.0
CAD_CHF,2020-02-10 06:00:00,2020-02-19 06:00:00,-1.0
CHF_JPY,2020-02-10 14:00:00,2020-02-19 18:00:00,1.0
CAD_CHF,2020-02-11 06:00:00,2020-02-17 02:00:00,-1.0
EUR_GBP,2020-02-11 10:00:00,2020-02-13 10:00:00,-1.0
CHF_JPY,2020-02-11 14:00:00,2020-02-20 06:00:00,1.0
CAD_CHF,2020-02-11 14:00:00,2020-02-14 10:00:00,-1.0
EUR_GBP,2020-02-12 02:00:00,2020-02-13 10:00:00,-1.0
EUR_GBP,2020-02-12 10:00:00,2020-02-13 10:00:00,-1.0
CHF_JPY,2020-02-12 18:00:00,2020-02-20 06:00:00,1.0
EUR_GBP,2020-02-12 18:00:00,2020-02-13 14:00:00,-1.0
CAD_CHF,2020-02-12 22:00:00,2020-02-26 22:00:00,1.0
EUR_GBP,2020-02-13 02:00:00,2020-02-13 14:00:00,-1.0
CHF_JPY,2020-02-13 06:00:00,2020-02-20 06:00:00,1.0
USD_JPY,2020-02-13 10:00:00,2020-02-19 14:00:00,1.0
CHF_JPY,2020-02-13 14:00:00,2020-02-19 18:00:00,1.0
CAD_CHF,2020-02-13 14:00:00,2020-02-26 22:00:00,1.0
EUR_GBP,2020-02-13 18:00:00,2020-02-20 10:00:00,1.0
EUR_GBP,2020-02-14 02:00:00,2020-02-20 10:00:00,1.0
CAD_CHF,2020-02-14 10:00:00,2020-02-26 06:00:00,1.0
CHF_JPY,2020-02-14 10:00:00,2020-02-19 14:00:00,1.0
CHF_JPY,2020-02-16 22:00:00,2020-02-19 14:00:00,1.0
EUR_GBP,2020-02-16 22:00:00,2020-02-20 10:00:00,1.0
CAD_CHF,2020-02-17 02:00:00,2020-02-25 14:00:00,1.0
EUR_GBP,2020-02-17 18:00:00,2020-02-26 10:00:00,1.0
EUR_GBP,2020-02-18 02:00:00,2020-02-26 10:00:00,1.0
USD_JPY,2020-02-18 10:00:00,2020-02-19 14:00:00,1.0
CHF_JPY,2020-02-18 14:00:00,2020-02-19 14:00:00,1.0
EUR_GBP,2020-02-18 14:00:00,2020-02-20 10:00:00,1.0
EUR_GBP,2020-02-18 22:00:00,2020-02-20 10:00:00,1.0
CAD_CHF,2020-02-19 06:00:00,2020-02-25 06:00:00,1.0
CAD_CHF,2020-02-19 22:00:00,2020-02-25 06:00:00,1.0
USD_JPY,2020-02-23 22:00:00,2020-02-24 14:00:00,-1.0
USD_JPY,2020-02-24 10:00:00,2020-02-25 14:00:00,-1.0
CHF_JPY,2020-02-24 10:00:00,2020-02-28 02:00:00,-1.0
USD_JPY,2020-02-24 18:00:00,2020-02-27 18:00:00,-1.0
CHF_JPY,2020-02-24 18:00:00,2020-02-28 14:00:00,-1.0
CHF_JPY,2020-02-25 10:00:00,2020-02-28 14:00:00,-1.0
USD_JPY,2020-02-25 10:00:00,2020-02-27 22:00:00,-1.0
EUR_GBP,2020-02-25 10:00:00,2020-02-26 22:00:00,1.0
USD_JPY,2020-02-25 18:00:00,2020-02-28 02:00:00,-1.0
CHF_JPY,2020-02-25 18:00:00,2020-02-28 14:00:00,-1.0
EUR_GBP,2020-02-26 02:00:00,2020-02-27 06:00:00,1.0
USD_JPY,2020-02-27 06:00:00,2020-02-28 02:00:00,-1.0
USD_JPY,2020-02-27 14:00:00,2020-02-28 02:00:00,-1.0
USD_JPY,2020-02-27 22:00:00,2020-02-28 14:00:00,-1.0
USD_JPY,2020-02-28 06:00:00,2020-02-28 18:00:00,-1.0
CHF_JPY,2020-02-28 06:00:00,2020-02-28 14:00:00,-1.0
CHF_JPY,2020-02-28 14:00:00,2020-03-02 18:00:00,1.0
USD_JPY,2020-02-28 14:00:00,2020-03-03 18:00:00,-1.0
USD_JPY,2020-03-02 02:00:00,2020-03-03 14:00:00,-1.0
USD_JPY,2020-03-02 14:00:00,2020-03-05 14:00:00,-1.0
CHF_JPY,2020-03-03 18:00:00,2020-03-09 01:00:00,-1.0
USD_JPY,2020-03-03 22:00:00,2020-03-05 14:00:00,-1.0
USD_JPY,2020-03-05 18:00:00,2020-03-06 06:00:00,-1.0
USD_JPY,2020-03-06 02:00:00,2020-03-08 21:00:00,-1.0
CHF_JPY,2020-03-06 06:00:00,2020-03-09 01:00:00,-1.0
USD_JPY,2020-03-06 10:00:00,2020-03-08 21:00:00,-1.0
EUR_GBP,2020-03-08 21:00:00,2020-03-10 13:00:00,1.0
USD_JPY,2020-03-09 01:00:00,2020-03-09 05:00:00,-1.0
CHF_JPY,2020-03-09 09:00:00,2020-03-10 01:00:00,1.0
USD_JPY,2020-03-09 13:00:00,2020-03-09 21:00:00,1.0
CHF_JPY,2020-03-11 21:00:00,2020-03-12 09:00:00,-1.0
USD_JPY,2020-03-12 09:00:00,2020-03-12 13:00:00,1.0
CHF_JPY,2020-03-12 13:00:00,2020-03-13 05:00:00,1.0
CAD_CHF,2020-03-12 17:00:00,2020-03-13 09:00:00,-1.0
CAD_CHF,2020-03-13 13:00:00,2020-03-13 17:00:00,-1.0
CAD_CHF,2020-03-15 21:00:00,2020-03-16 05:00:00,1.0
USD_JPY,2020-03-16 13:00:00,2020-03-17 01:00:00,1.0
CHF_JPY,2020-03-16 13:00:00,2020-03-17 01:00:00,1.0
CHF_JPY,2020-03-17 13:00:00,2020-03-19 01:00:00,1.0
CHF_JPY,2020-03-18 17:00:00,2020-03-19 01:00:00,1.0
CAD_CHF,2020-03-19 17:00:00,2020-03-20 05:00:00,-1.0
CHF_JPY,2020-03-19 17:00:00,2020-03-23 13:00:00,1.0
CAD_CHF,2020-03-20 01:00:00,2020-03-20 05:00:00,-1.0
CAD_CHF,2020-03-20 09:00:00,2020-03-22 21:00:00,1.0
EUR_GBP,2020-03-20 09:00:00,2020-03-20 13:00:00,-1.0
CHF_JPY,2020-03-23 01:00:00,2020-03-23 13:00:00,1.0
CAD_CHF,2020-03-25 05:00:00,2020-03-29 21:00:00,1.0
EUR_GBP,2020-03-25 09:00:00,2020-03-25 13:00:00,1.0
CAD_CHF,2020-03-25 21:00:00,2020-03-29 21:00:00,1.0
USD_JPY,2020-03-26 01:00:00,2020-03-26 09:00:00,-1.0
USD_JPY,2020-03-26 09:00:00,2020-03-27 01:00:00,-1.0
CHF_JPY,2020-03-26 09:00:00,2020-03-31 13:00:00,-1.0
USD_JPY,2020-03-26 17:00:00,2020-03-27 01:00:00,-1.0
EUR_GBP,2020-03-26 21:00:00,2020-03-27 09:00:00,-1.0
EUR_GBP,2020-03-27 05:00:00,2020-03-27 09:00:00,-1.0
USD_JPY,2020-03-27 05:00:00,2020-03-27 17:00:00,-1.0
CHF_JPY,2020-03-27 05:00:00,2020-03-31 13:00:00,-1.0
CHF_JPY,2020-03-27 13:00:00,2020-03-31 13:00:00,-1.0
EUR_GBP,2020-03-27 17:00:00,2020-03-31 09:00:00,-1.0
USD_JPY,2020-03-27 17:00:00,2020-04-01 17:00:00,-1.0
EUR_GBP,2020-03-30 01:00:00,2020-03-31 09:00:00,-1.0
USD_JPY,2020-03-30 01:00:00,2020-03-30 21:00:00,1.0
CHF_JPY,2020-03-30 05:00:00,2020-03-31 13:00:00,-1.0
EUR_GBP,2020-03-30 13:00:00,2020-04-01 13:00:00,-1.0
CHF_JPY,2020-03-30 17:00:00,2020-04-01 05:00:00,-1.0
EUR_GBP,2020-03-31 13:00:00,2020-04-02 09:00:00,-1.0
CHF_JPY,2020-03-31 17:00:00,2020-04-01 13:00:00,-1.0
USD_JPY,2020-03-31 21:00:00,2020-04-03 09:00:00,1.0
CHF_JPY,2020-04-01 09:00:00,2020-04-07 09:00:00,1.0
EUR_GBP,2020-04-01 13:00:00,2020-04-09 09:00:00,-1.0
USD_JPY,2020-04-01 17:00:00,2020-04-03 05:00:00,1.0
EUR_GBP,2020-04-02 01:00:00,2020-04-02 17:00:00,-1.0
CAD_CHF,2020-04-02 09:00:00,2020-04-02 13:00:00,-1.0
EUR_GBP,2020-04-02 09:00:00,2020-04-05 21:00:00,1.0
CHF_JPY,2020-04-02 13:00:00,2020-04-07 09:00:00,1.0
USD_JPY,2020-04-02 13:00:00,2020-04-05 21:00:00,1.0
CAD_CHF,2020-04-02 21:00:00,2020-04-07 05:00:00,-1.0
EUR_GBP,2020-04-03 01:00:00,2020-04-05 21:00:00,1.0
CAD_CHF,2020-04-03 13:00:00,2020-04-15 13:00:00,1.0
EUR_GBP,2020-04-06 09:00:00,2020-04-14 05:00:00,-1.0
CAD_CHF,2020-04-06 09:00:00,2020-04-15 13:00:00,1.0
EUR_GBP,2020-04-06 17:00:00,2020-04-09 09:00:00,-1.0
CAD_CHF,2020-04-06 21:00:00,2020-04-15 13:00:00,1.0
CAD_CHF,2020-04-07 05:00:00,2020-04-15 13:00:00,1.0
CAD_CHF,2020-04-07 17:00:00,2020-04-15 13:00:00,1.0
USD_JPY,2020-04-08 01:00:00,2020-04-13 05:00:00,-1.0
CHF_JPY,2020-04-08 17:00:00,2020-04-15 09:00:00,-1.0
EUR_GBP,2020-04-08 17:00:00,2020-04-14 05:00:00,-1.0
USD_JPY,2020-04-08 17:00:00,2020-04-13 13:00:00,-1.0
EUR_GBP,2020-04-09 01:00:00,2020-04-14 05:00:00,-1.0
EUR_GBP,2020-04-09 09:00:00,2020-04-16 21:00:00,-1.0
USD_JPY,2020-04-09 17:00:00,2020-04-14 09:00:00,-1.0
USD_JPY,2020-04-10 09:00:00,2020-04-14 09:00:00,-1.0
USD_JPY,2020-04-10 17:00:00,2020-04-14 09:00:00,-1.0
USD_JPY,2020-04-13 01:00:00,2020-04-28 09:00:00,-1.0
CHF_JPY,2020-04-13 01:00:00,2020-04-21 05:00:00,-1.0
EUR_GBP,2020-04-13 09:00:00,2020-04-21 13:00:00,1.0
CHF_JPY,2020-04-13 09:00:00,2020-04-21 05:00:00,-1.0
CAD_CHF,2020-04-13 17:00:00,2020-04-15 05:00:00,1.0
USD_JPY,2020-04-13 17:00:00,2020-04-28 09:00:00,-1.0
EUR_GBP,2020-04-13 17:00:00,2020-04-21 09:00:00,1.0
USD_JPY,2020-04-14 01:00:00,2020-04-28 09:00:00,-1.0
EUR_GBP,2020-04-14 05:00:00,2020-04-21 09:00:00,1.0
USD_JPY,2020-04-14 09:00:00,2020-05-04 09:00:00,-0.47775149471959394
EUR_GBP,2020-04-14 17:00:00,2020-04-21 09:00:00,1.0
USD_JPY,2020-04-14 17:00:00,2020-05-04 17:00:00,-0.49051149344896366
USD_JPY,2020-04-15 05:00:00,2020-04-29 05:00:00,-1.0
CHF_JPY,2020-04-15 13:00:00,2020-04-23 09:00:00,-1.0
EUR_GBP,2020-04-15 17:00:00,2020-04-21 09:00:00,1.0
EUR_GBP,2020-04-16 01:00:00,2020-04-21 09:00:00,1.0
CAD_CHF,2020-04-16 21:00:00,2020-04-21 05:00:00,1.0
EUR_GBP,2020-04-17 01:00:00,2020-04-21 09:00:00,1.0
CAD_CHF,2020-04-17 05:00:00,2020-04-21 09:00:00,1.0
CHF_JPY,2020-04-17 09:00:00,2020-04-24 05:00:00,-1.0
USD_JPY,2020-04-17 13:00:00,2020-04-29 01:00:00,-1.0
EUR_GBP,2020-04-17 17:00:00,2020-04-21 09:00:00,1.0
CAD_CHF,2020-04-19 21:00:00,2020-04-21 09:00:00,1.0
CHF_JPY,2020-04-20 21:00:00,2020-04-23 09:00:00,-1.0
CHF_JPY,2020-04-21 05:00:00,2020-04-28 05:00:00,-1.0
USD_JPY,2020-04-21 09:00:00,2020-04-29 05:00:00,-1.0
CHF_JPY,2020-04-22 17:00:00,2020-04-27 13:00:00,-1.0
CAD_CHF,2020-04-22 17:00:00,2020-04-23 13:00:00,-1.0
CHF_JPY,2020-04-23 01:00:00,2020-04-27 13:00:00,-1.0
CHF_JPY,2020-04-23 09:00:00,2020-04-30 01:00:00,-1.0
CAD_CHF,2020-04-23 09:00:00,2020-04-28 05:00:00,-1.0
USD_JPY,2020-04-23 13:00:00,2020-04-29 05:00:00,-1.0
EUR_GBP,2020-04-23 13:00:00,2020-05-12 13:00:00,1.0
EUR_GBP,2020-04-24 01:00:00,2020-05-04 09:00:00,1.0
CAD_CHF,2020-04-24 01:00:00,2020-04-29 13:00:00,-1.0
USD_JPY,2020-04-24 17:00:00,2020-04-29 05:00:00,-1.0
EUR_GBP,2020-04-27 05:00:00,2020-05-12 13:00:00,1.0
USD_JPY,2020-04-27 05:00:00,2020-05-06 09:00:00,-1.0
CHF_JPY,2020-04-27 13:00:00,2020-04-30 17:00:00,1.0
USD_JPY,2020-04-27 13:00:00,2020-05-05 21:00:00,-1.0
CAD_CHF,2020-04-27 21:00:00,2020-04-29 17:00:00,-1.0
EUR_GBP,2020-04-27 21:00:00,2020-05-04 09:00:00,1.0
CAD_CHF,2020-04-28 09:00:00,2020-05-01 01:00:00,1.0
USD_JPY,2020-04-28 13:00:00,2020-05-18 13:00:00,0.35740014782519486
USD_JPY,2020-04-29 01:00:00,2020-05-11 13:00:00,1.0
EUR_GBP,2020-04-29 05:00:00,2020-05-12 13:00:00,1.0
CHF_JPY,2020-04-29 17:00:00,2020-04-30 13:00:00,1.0
CAD_CHF,2020-04-29 17:00:00,2020-04-30 13:00:00,1.0
CAD_CHF,2020-04-30 01:00:00,2020-04-30 13:00:00,1.0
CHF_JPY,2020-04-30 05:00:00,2020-04-30 17:00:00,1.0
EUR_GBP,2020-04-30 05:00:00,2020-05-12 13:00:00,1.0
EUR_GBP,2020-04-30 13:00:00,2020-05-01 13:00:00,1.0
USD_JPY,2020-05-01 13:00:00,2020-05-19 09:00:00,1.0
CHF_JPY,2020-05-04 05:00:00,2020-05-05 13:00:00,-1.0
USD_JPY,2020-05-04 05:00:00,2020-05-19 09:00:00,1.0
CHF_JPY,2020-05-04 17:00:00,2020-05-05 13:00:00,-1.0
USD_JPY,2020-05-05 01:00:00,2020-05-11 13:00:00,1.0
CHF_JPY,2020-05-05 01:00:00,2020-05-05 21:00:00,-1.0
CAD_CHF,2020-05-05 09:00:00,2020-05-07 13:00:00,-1.0
EUR_GBP,2020-05-05 13:00:00,2020-05-11 09:00:00,1.0
CAD_CHF,2020-05-05 17:00:00,2020-05-19 05:00:00,-1.0
USD_JPY,2020-05-05 17:00:00,2020-05-11 13:00:00,1.0
CHF_JPY,2020-05-05 17:00:00,2020-05-11 13:00:00,1.0
CHF_JPY,2020-05-06 01:00:00,2020-05-11 09:00:00,1.0
USD_JPY,2020-05-06 01:00:00,2020-05-11 13:00:00,1.0
EUR_GBP,2020-05-06 05:00:00,2020-05-12 13:00:00,1.0
CHF_JPY,2020-05-06 09:00:00,2020-05-10 21:00:00,1.0
CAD_CHF,2020-05-06 09:00:00,2020-05-07 13:00:00,-1.0
CHF_JPY,2020-05-06 17:00:00,2020-05-10 21:00:00,1.0
USD_JPY,2020-05-06 17:00:00,2020-05-11 05:00:00,1.0
CAD_CHF,2020-05-07 17:00:00,2020-05-12 17:00:00,1.0
CAD_CHF,2020-05-08 05:00:00,2020-05-12 17:00:00,1.0
CAD_CHF,2020-05-08 17:00:00,2020-05-12 17:00:00,1.0
CAD_CHF,2020-05-11 05:00:00,2020-05-12 17:00:00,1.0
USD_JPY,2020-05-12 21:00:00,2020-06-01 21:00:00,0.38544097060195665
CHF_JPY,2020-05-13 09:00:00,2020-05-21 05:00:00,1.0
USD_JPY,2020-05-13 13:00:00,2020-06-02 09:00:00,1.0
CHF_JPY,2020-05-13 17:00:00,2020-05-19 13:00:00,1.0
CHF_JPY,2020-05-14 01:00:00,2020-05-19 09:00:00,1.0
USD_JPY,2020-05-14 01:00:00,2020-05-19 13:00:00,1.0
USD_JPY,2020-05-14 09:00:00,2020-06-02 09:00:00,1.0
CAD_CHF,2020-05-14 17:00:00,2020-05-19 05:00:00,-1.0
CAD_CHF,2020-05-15 05:00:00,2020-05-19 13:00:00,-1.0
USD_JPY,2020-05-15 13:00:00,2020-06-02 09:00:00,1.0
CAD_CHF,2020-05-18 17:00:00,2020-05-27 05:00:00,-1.0
CAD_CHF,2020-05-19 01:00:00,2020-05-27 05:00:00,-1.0
CAD_CHF,2020-05-19 09:00:00,2020-05-27 05:00:00,-1.0
CAD_CHF,2020-05-19 17:00:00,2020-05-27 05:00:00,-1.0
USD_JPY,2020-05-20 17:00:00,2020-06-02 13:00:00,1.0
CHF_JPY,2020-05-21 17:00:00,2020-05-29 13:00:00,1.0
CHF_JPY,2020-05-22 05:00:00,2020-05-28 17:00:00,1.0
USD_JPY,2020-05-22 05:00:00,2020-06-02 13:00:00,1.0
CAD_CHF,2020-05-25 09:00:00,2020-05-26 13:00:00,-1.0
EUR_GBP,2020-05-25 17:00:00,2020-05-29 05:00:00,1.0
EUR_GBP,2020-05-26 01:00:00,2020-05-29 05:00:00,1.0
EUR_GBP,2020-05-26 09:00:00,2020-05-27 13:00:00,1.0
USD_JPY,2020-05-26 13:00:00,2020-06-02 13:00:00,1.0
CAD_CHF,2020-05-26 13:00:00,2020-06-01 13:00:00,-1.0
CAD_CHF,2020-05-26 21:00:00,2020-06-01 13:00:00,-1.0
CHF_JPY,2020-05-27 05:00:00,2020-05-29 13:00:00,1.0
USD_JPY,2020-05-27 05:00:00,2020-06-02 13:00:00,1.0
EUR_GBP,2020-05-27 05:00:00,2020-05-29 01:00:00,1.0
CAD_CHF,2020-05-27 09:00:00,2020-05-29 13:00:00,1.0
USD_JPY,2020-05-29 05:00:00,2020-06-02 09:00:00,1.0
USD_JPY,2020-05-29 13:00:00,2020-06-03 13:00:00,1.0
CHF_JPY,2020-05-29 13:00:00,2020-06-03 13:00:00,1.0
CHF_JPY,2020-06-01 17:00:00,2020-06-02 21:00:00,1.0
CAD_CHF,2020-06-01 17:00:00,2020-06-05 09:00:00,-1.0
EUR_GBP,2020-06-02 01:00:00,2020-06-04 13:00:00,1.0
CAD_CHF,2020-06-02 05:00:00,2020-06-05 09:00:00,-1.0
EUR_GBP,2020-06-02 13:00:00,2020-06-04 13:00:00,1.0
CAD_CHF,2020-06-03 01:00:00,2020-06-05 13:00:00,-1.0
EUR_GBP,2020-06-03 01:00:00,2020-06-04 13:00:00,1.0
CAD_CHF,2020-06-03 13:00:00,2020-06-05 13:00:00,-1.0
EUR_GBP,2020-06-03 13:00:00,2020-06-15 05:00:00,1.0
CAD_CHF,2020-06-05 13:00:00,2020-06-09 05:00:00,1.0
CHF_JPY,2020-06-05 13:00:00,2020-06-08 21:00:00,-1.0
EUR_GBP,2020-06-05 17:00:00,2020-06-11 13:00:00,1.0
EUR_GBP,2020-06-08 05:00:00,2020-06-11 13:00:00,1.0
CHF_JPY,2020-06-08 05:00:00,2020-06-09 01:00:00,-1.0
CAD_CHF,2020-06-08 09:00:00,2020-06-09 09:00:00,1.0
CHF_JPY,2020-06-08 17:00:00,2020-06-18 13:00:00,-1.0
USD_JPY,2020-06-08 17:00:00,2020-06-10 05:00:00,-1.0
EUR_GBP,2020-06-08 21:00:00,2020-06-11 05:00:00,1.0
CHF_JPY,2020-06-09 01:00:00,2020-06-29 01:00:00,0.3132264991392994
USD_JPY,2020-06-09 01:00:00,2020-06-10 21:00:00,-1.0
USD_JPY,2020-06-09 17:00:00,2020-06-11 13:00:00,-1.0
EUR_GBP,2020-06-09 17:00:00,2020-06-11 13:00:00,1.0
USD_JPY,2020-06-10 05:00:00,2020-06-23 13:00:00,-1.0
EUR_GBP,2020-06-10 05:00:00,2020-06-11 13:00:00,1.0
EUR_GBP,2020-06-10 13:00:00,2020-06-11 13:00:00,1.0
USD_JPY,2020-06-10 17:00:00,2020-06-30 17:00:00,0.7336674974097608
USD_JPY,2020-06-11 01:00:00,2020-07-01 01:00:00,0.5238584368288315
USD_JPY,2020-06-11 09:00:00,2020-06-30 13:00:00,1.0
USD_JPY,2020-06-12 01:00:00,2020-06-23 13:00:00,-1.0
CHF_JPY,2020-06-12 01:00:00,2020-06-18 13:00:00,-1.0
CHF_JPY,2020-06-12 17:00:00,2020-06-30 13:00:00,1.0
CAD_CHF,2020-06-14 21:00:00,2020-07-02 21:00:00,0.055909169103733454
CHF_JPY,2020-06-15 05:00:00,2020-06-30 21:00:00,1.0
CAD_CHF,2020-06-16 05:00:00,2020-06-26 13:00:00,1.0
CAD_CHF,2020-06-16 13:00:00,2020-06-26 13:00:00,1.0
EUR_GBP,2020-06-16 13:00:00,2020-06-18 13:00:00,1.0
CHF_JPY,2020-06-16 21:00:00,2020-06-30 17:00:00,1.0
USD_JPY,2020-06-16 21:00:00,2020-06-23 13:00:00,-1.0
CAD_CHF,2020-06-16 21:00:00,2020-06-24 17:00:00,1.0
USD_JPY,2020-06-17 05:00:00,2020-06-23 13:00:00,-1.0
CAD_CHF,2020-06-17 09:00:00,2020-06-26 13:00:00,1.0
CHF_JPY,2020-06-18 01:00:00,2020-06-30 13:00:00,1.0
USD_JPY,2020-06-18 01:00:00,2020-06-30 13:00:00,1.0
USD_JPY,2020-06-18 13:00:00,2020-06-30 17:00:00,1.0
CHF_JPY,2020-06-18 13:00:00,2020-06-23 05:00:00,1.0
CHF_JPY,2020-06-21 21:00:00,2020-06-23 05:00:00,1.0
USD_JPY,2020-06-23 13:00:00,2020-06-29 13:00:00,1.0
EUR_GBP,2020-06-24 13:00:00,2020-06-29 09:00:00,1.0
EUR_GBP,2020-06-25 09:00:00,2020-06-29 05:00:00,1.0
CHF_JPY,2020-06-26 09:00:00,2020-06-30 21:00:00,1.0
USD_JPY,2020-06-26 09:00:00,2020-06-30 21:00:00,1.0
CHF_JPY,2020-06-29 21:00:00,2020-07-06 09:00:00,1.0
CAD_CHF,2020-06-29 21:00:00,2020-07-14 05:00:00,1.0
CAD_CHF,2020-06-30 05:00:00,2020-07-20 05:00:00,0.43574551311550497
CAD_CHF,2020-07-01 01:00:00,2020-07-14 05:00:00,1.0
USD_JPY,2020-07-01 09:00:00,2020-07-21 09:00:00,-0.25314099581201066
CAD_CHF,2020-07-01 09:00:00,2020-07-10 13:00:00,1.0
CHF_JPY,2020-07-01 13:00:00,2020-07-21 13:00:00,0.7226285724344943
USD_JPY,2020-07-01 17:00:00,2020-07-21 17:00:00,-0.6382820350589846
EUR_GBP,2020-07-01 21:00:00,2020-07-17 09:00:00,1.0
EUR_GBP,2020-07-02 05:00:00,2020-07-17 09:00:00,1.0
USD_JPY,2020-07-02 09:00:00,2020-07-22 09:00:00,-0.5397822289940095
EUR_GBP,2020-07-02 17:00:00,2020-07-14 13:00:00,1.0
EUR_GBP,2020-07-03 05:00:00,2020-07-14 13:00:00,1.0
CAD_CHF,2020-07-03 05:00:00,2020-07-10 13:00:00,1.0
CHF_JPY,2020-07-03 09:00:00,2020-07-22 09:00:00,1.0
CAD_CHF,2020-07-05 21:00:00,2020-07-14 05:00:00,1.0
EUR_GBP,2020-07-05 21:00:00,2020-07-12 21:00:00,-1.0
USD_JPY,2020-07-06 17:00:00,2020-07-24 01:00:00,-1.0
CHF_JPY,2020-07-06 21:00:00,2020-07-22 13:00:00,1.0
USD_JPY,2020-07-07 01:00:00,2020-07-24 05:00:00,-1.0
CHF_JPY,2020-07-07 05:00:00,2020-07-22 13:00:00,1.0
EUR_GBP,2020-07-07 13:00:00,2020-07-14 09:00:00,1.0
EUR_GBP,2020-07-08 01:00:00,2020-07-14 09:00:00,1.0
USD_JPY,2020-07-08 17:00:00,2020-07-24 05:00:00,-1.0
EUR_GBP,2020-07-08 21:00:00,2020-07-14 09:00:00,1.0
USD_JPY,2020-07-09 05:00:00,2020-07-24 05:00:00,-1.0
EUR_GBP,2020-07-09 09:00:00,2020-07-14 05:00:00,1.0
CAD_CHF,2020-07-09 09:00:00,2020-07-24 13:00:00,1.0
USD_JPY,2020-07-09 13:00:00,2020-07-24 05:00:00,-1.0
CHF_JPY,2020-07-09 17:00:00,2020-07-22 13:00:00,1.0
EUR_GBP,2020-07-09 21:00:00,2020-07-14 05:00:00,1.0
CHF_JPY,2020-07-10 01:00:00,2020-07-22 09:00:00,1.0
USD_JPY,2020-07-10 01:00:00,2020-07-24 13:00:00,-1.0
CHF_JPY,2020-07-10 09:00:00,2020-07-21 21:00:00,1.0
USD_JPY,2020-07-10 09:00:00,2020-07-24 13:00:00,-1.0
EUR_GBP,2020-07-10 13:00:00,2020-07-13 21:00:00,1.0
USD_JPY,2020-07-13 01:00:00,2020-07-24 13:00:00,-1.0
EUR_GBP,2020-07-13 05:00:00,2020-07-14 05:00:00,1.0
CAD_CHF,2020-07-13 09:00:00,2020-07-24 05:00:00,1.0
CHF_JPY,2020-07-15 05:00:00,2020-07-22 09:00:00,1.0
USD_JPY,2020-07-15 09:00:00,2020-07-24 13:00:00,-1.0
CAD_CHF,2020-07-15 13:00:00,2020-07-17 13:00:00,1.0
CHF_JPY,2020-07-15 13:00:00,2020-07-21 05:00:00,1.0
CAD_CHF,2020-07-16 05:00:00,2020-07-17 13:00:00,1.0
CHF_JPY,2020-07-16 05:00:00,2020-07-21 05:00:00,1.0
USD_JPY,2020-07-19 21:00:00,2020-07-24 05:00:00,-1.0
EUR_GBP,2020-07-20 13:00:00,2020-07-22 09:00:00,1.0
EUR_GBP,2020-07-21 05:00:00,2020-07-22 05:00:00,1.0
CAD_CHF,2020-07-21 09:00:00,2020-07-23 21:00:00,1.0
EUR_GBP,2020-07-21 13:00:00,2020-07-22 09:00:00,1.0
USD_JPY,2020-07-21 17:00:00,2020-07-24 13:00:00,-1.0
USD_JPY,2020-07-23 17:00:00,2020-07-24 13:00:00,-1.0
USD_JPY,2020-07-24 01:00:00,2020-07-27 09:00:00,-1.0
CHF_JPY,2020-07-24 05:00:00,2020-07-31 13:00:00,1.0
USD_JPY,2020-07-24 13:00:00,2020-07-30 21:00:00,-1.0
CHF_JPY,2020-07-24 17:00:00,2020-07-27 09:00:00,-1.0
USD_JPY,2020-07-27 01:00:00,2020-07-30 21:00:00,-1.0
CHF_JPY,2020-07-27 09:00:00,2020-07-31 09:00:00,1.0
USD_JPY,2020-07-27 09:00:00,2020-07-31 01:00:00,-1.0
CAD_CHF,2020-07-28 05:00:00,2020-07-30 09:00:00,1.0
USD_JPY,2020-07-28 13:00:00,2020-08-02 21:00:00,1.0
EUR_GBP,2020-07-28 17:00:00,2020-08-10 21:00:00,-1.0
USD_JPY,2020-07-29 09:00:00,2020-08-02 21:00:00,1.0
EUR_GBP,2020-07-29 09:00:00,2020-08-18 09:00:00,-0.03536458678690497
USD_JPY,2020-07-29 17:00:00,2020-07-31 13:00:00,1.0
EUR_GBP,2020-07-30 09:00:00,2020-08-19 09:00:00,-0.03208461487398626
USD_JPY,2020-07-30 21:00:00,2020-07-31 13:00:00,1.0
EUR_GBP,2020-07-31 13:00:00,2020-08-20 13:00:00,-0.16661668166217378
EUR_GBP,2020-08-03 01:00:00,2020-08-21 01:00:00,-0.3001367289543035
CAD_CHF,2020-08-03 05:00:00,2020-08-11 17:00:00,-1.0
CHF_JPY,2020-08-03 09:00:00,2020-08-05 09:00:00,1.0
EUR_GBP,2020-08-03 13:00:00,2020-08-21 13:00:00,0.031116642958754798
CAD_CHF,2020-08-03 13:00:00,2020-08-19 13:00:00,-1.0
EUR_GBP,2020-08-04 01:00:00,2020-08-24 01:00:00,0.09553326446052385
USD_JPY,2020-08-05 01:00:00,2020-08-11 17:00:00,1.0
CAD_CHF,2020-08-05 05:00:00,2020-08-19 13:00:00,-1.0
USD_JPY,2020-08-05 13:00:00,2020-08-11 17:00:00,1.0
USD_JPY,2020-08-06 01:00:00,2020-08-11 17:00:00,1.0
EUR_GBP,2020-08-06 09:00:00,2020-08-26 09:00:00,-0.37517621072026525
CHF_JPY,2020-08-06 13:00:00,2020-08-12 09:00:00,1.0
CHF_JPY,2020-08-07 09:00:00,2020-08-12 09:00:00,1.0
EUR_GBP,2020-08-10 09:00:00,2020-08-28 09:00:00,-0.570705276248007
CAD_CHF,2020-08-10 13:00:00,2020-08-19 13:00:00,-1.0
CHF_JPY,2020-08-10 13:00:00,2020-08-12 09:00:00,1.0
EUR_GBP,2020-08-10 17:00:00,2020-08-28 17:00:00,-0.8067297955913566
EUR_GBP,2020-08-11 01:00:00,2020-08-31 01:00:00,-0.6624802369341074
CAD_CHF,2020-08-11 01:00:00,2020-08-19 17:00:00,-1.0
CAD_CHF,2020-08-11 09:00:00,2020-08-19 13:00:00,-1.0
EUR_GBP,2020-08-11 17:00:00,2020-08-28 13:00:00,-1.0
CAD_CHF,2020-08-11 17:00:00,2020-08-31 17:00:00,-0.5441643811762668
USD_JPY,2020-08-14 13:00:00,2020-08-18 05:00:00,-1.0
CHF_JPY,2020-08-14 17:00:00,2020-08-19 09:00:00,-1.0
USD_JPY,2020-08-17 01:00:00,2020-08-18 05:00:00,-1.0
CHF_JPY,2020-08-17 13:00:00,2020-08-19 13:00:00,-1.0
USD_JPY,2020-08-17 17:00:00,2020-09-04 17:00:00,0.16978729425080544
USD_JPY,2020-08-18 01:00:00,2020-08-27 21:00:00,1.0
CHF_JPY,2020-08-18 01:00:00,2020-08-28 01:00:00,1.0
USD_JPY,2020-08-18 17:00:00,2020-08-25 09:00:00,1.0
EUR_GBP,2020-08-18 21:00:00,2020-08-28 13:00:00,-1.0
USD_JPY,2020-08-19 01:00:00,2020-08-27 13:00:00,1.0
CHF_JPY,2020-08-19 01:00:00,2020-09-08 01:00:00,-0.8885160583441751
EUR_GBP,2020-08-19 05:00:00,2020-08-28 13:00:00,-1.0
USD_JPY,2020-08-19 09:00:00,2020-08-25 13:00:00,1.0
CAD_CHF,2020-08-19 13:00:00,2020-09-02 05:00:00,-1.0
CHF_JPY,2020-08-19 17:00:00,2020-08-25 13:00:00,1.0
CAD_CHF,2020-08-20 01:00:00,2020-09-02 05:00:00,-1.0
CHF_JPY,2020-08-20 01:00:00,2020-08-25 09:00:00,1.0
USD_JPY,2020-08-21 05:00:00,2020-08-27 13:00:00,1.0
EUR_GBP,2020-08-21 05:00:00,2020-08-24 13:00:00,1.0
CHF_JPY,2020-08-21 09:00:00,2020-08-25 09:00:00,1.0
CHF_JPY,2020-08-24 01:00:00,2020-08-25 13:00:00,1.0
CAD_CHF,2020-08-24 05:00:00,2020-09-02 05:00:00,-1.0
CHF_JPY,2020-08-26 09:00:00,2020-09-08 09:00:00,-1.0
CAD_CHF,2020-08-26 09:00:00,2020-09-01 21:00:00,-1.0
USD_JPY,2020-08-26 17:00:00,2020-09-15 17:00:00,-0.5415094339622611
CHF_JPY,2020-08-26 21:00:00,2020-08-28 01:00:00,1.0
EUR_GBP,2020-08-26 21:00:00,2020-09-02 17:00:00,-1.0
CAD_CHF,2020-08-26 21:00:00,2020-09-02 01:00:00,-1.0
EUR_GBP,2020-08-27 05:00:00,2020-09-03 01:00:00,-1.0
EUR_GBP,2020-08-27 13:00:00,2020-09-08 09:00:00,1.0
EUR_GBP,2020-08-28 01:00:00,2020-09-03 01:00:00,-1.0
USD_JPY,2020-08-28 09:00:00,2020-09-17 09:00:00,-0.9502695430558266
CHF_JPY,2020-08-28 13:00:00,2020-08-31 13:00:00,1.0
USD_JPY,2020-08-30 21:00:00,2020-09-03 09:00:00,1.0
EUR_GBP,2020-08-30 21:00:00,2020-09-08 05:00:00,1.0
EUR_GBP,2020-08-31 17:00:00,2020-09-08 09:00:00,1.0
CAD_CHF,2020-09-01 01:00:00,2020-09-04 13:00:00,-1.0
CAD_CHF,2020-09-01 09:00:00,2020-09-10 13:00:00,1.0
EUR_GBP,2020-09-01 13:00:00,2020-09-08 05:00:00,1.0
CHF_JPY,2020-09-01 13:00:00,2020-09-08 09:00:00,-1.0
EUR_GBP,2020-09-02 01:00:00,2020-09-07 09:00:00,1.0
CHF_JPY,2020-09-02 01:00:00,2020-09-08 13:00:00,-1.0
CAD_CHF,2020-09-02 01:00:00,2020-09-10 09:00:00,1.0
EUR_GBP,2020-09-02 09:00:00,2020-09-07 05:00:00,1.0
CAD_CHF,2020-09-02 09:00:00,2020-09-10 05:00:00,1.0
CAD_CHF,2020-09-02 17:00:00,2020-09-10 05:00:00,1.0
EUR_GBP,2020-09-02 21:00:00,2020-09-07 05:00:00,1.0
CAD_CHF,2020-09-03 01:00:00,2020-09-10 05:00:00,1.0
EUR_GBP,2020-09-03 05:00:00,2020-09-07 05:00:00,1.0
USD_JPY,2020-09-03 17:00:00,2020-09-16 09:00:00,-1.0
USD_JPY,2020-09-04 01:00:00,2020-09-16 09:00:00,-1.0
CAD_CHF,2020-09-06 21:00:00,2020-09-10 05:00:00,1.0
CHF_JPY,2020-09-07 13:00:00,2020-09-10 13:00:00,1.0
USD_JPY,2020-09-07 13:00:00,2020-09-16 05:00:00,-1.0
CAD_CHF,2020-09-07 17:00:00,2020-09-10 05:00:00,1.0
CHF_JPY,2020-09-08 01:00:00,2020-09-10 09:00:00,1.0
CAD_CHF,2020-09-08 01:00:00,2020-09-09 13:00:00,1.0
CHF_JPY,2020-09-08 13:00:00,2020-09-10 09:00:00,1.0
USD_JPY,2020-09-08 17:00:00,2020-09-16 09:00:00,-1.0
USD_JPY,2020-09-09 05:00:00,2020-09-16 09:00:00,-1.0
CHF_JPY,2020-09-10 21:00:00,2020-09-16 13:00:00,-1.0
CHF_JPY,2020-09-14 01:00:00,2020-09-16 09:00:00,-1.0
USD_JPY,2020-09-14 05:00:00,2020-09-16 09:00:00,-1.0
USD_JPY,2020-09-14 13:00:00,2020-09-17 09:00:00,-1.0
CHF_JPY,2020-09-14 17:00:00,2020-09-16 17:00:00,-1.0
USD_JPY,2020-09-15 05:00:00,2020-09-17 05:00:00,-1.0
CHF_JPY,2020-09-15 13:00:00,2020-09-17 01:00:00,-1.0
USD_JPY,2020-09-15 13:00:00,2020-09-18 05:00:00,-1.0
CHF_JPY,2020-09-16 01:00:00,2020-09-17 05:00:00,-1.0
EUR_GBP,2020-09-16 05:00:00,2020-09-16 13:00:00,-1.0
CHF_JPY,2020-09-16 13:00:00,2020-09-21 05:00:00,-1.0
USD_JPY,2020-09-16 13:00:00,2020-10-06 13:00:00,0.6691449814126404
EUR_GBP,2020-09-16 13:00:00,2020-09-22 05:00:00,1.0
CAD_CHF,2020-09-16 17:00:00,2020-10-06 17:00:00,0.014495484656527821
CHF_JPY,2020-09-17 05:00:00,2020-09-21 05:00:00,-1.0
EUR_GBP,2020-09-17 05:00:00,2020-09-22 05:00:00,1.0
CHF_JPY,2020-09-17 13:00:00,2020-09-21 05:00:00,-1.0
USD_JPY,2020-09-17 13:00:00,2020-10-07 05:00:00,1.0
EUR_GBP,2020-09-17 21:00:00,2020-09-28 09:00:00,-1.0
EUR_GBP,2020-09-18 09:00:00,2020-09-28 09:00:00,-1.0
USD_JPY,2020-09-18 09:00:00,2020-09-23 17:00:00,1.0
USD_JPY,2020-09-18 17:00:00,2020-09-25 13:00:00,1.0
CHF_JPY,2020-09-20 21:00:00,2020-09-25 05:00:00,-1.0
USD_JPY,2020-09-21 05:00:00,2020-09-22 21:00:00,1.0
CHF_JPY,2020-09-21 09:00:00,2020-10-01 09:00:00,1.0
CAD_CHF,2020-09-21 09:00:00,2020-10-09 09:00:00,-0.6799072194839244
CHF_JPY,2020-09-22 17:00:00,2020-10-05 05:00:00,1.0
CAD_CHF,2020-09-23 01:00:00,2020-10-13 01:00:00,-0.26914394860218416
CHF_JPY,2020-09-23 05:00:00,2020-10-05 13:00:00,1.0
EUR_GBP,2020-09-24 13:00:00,2020-09-28 09:00:00,-1.0
CAD_CHF,2020-09-24 17:00:00,2020-09-29 13:00:00,1.0
CHF_JPY,2020-09-24 21:00:00,2020-09-29 17:00:00,1.0
EUR_GBP,2020-09-25 09:00:00,2020-09-28 09:00:00,-1.0
EUR_GBP,2020-09-28 01:00:00,2020-10-13 09:00:00,-1.0
CHF_JPY,2020-09-28 05:00:00,2020-09-29 13:00:00,1.0
USD_JPY,2020-09-28 05:00:00,2020-10-16 05:00:00,-0.11296860611929005
EUR_GBP,2020-09-28 09:00:00,2020-09-30 05:00:00,1.0
USD_JPY,2020-09-29 01:00:00,2020-10-19 01:00:00,-0.13640109499767036
EUR_GBP,2020-09-29 09:00:00,2020-10-14 13:00:00,-1.0
CHF_JPY,2020-09-30 09:00:00,2020-10-06 13:00:00,1.0
CAD_CHF,2020-09-30 17:00:00,2020-10-20 17:00:00,-0.034735790890525337
CHF_JPY,2020-09-30 21:00:00,2020-10-06 13:00:00,1.0
CAD_CHF,2020-10-01 01:00:00,2020-10-21 01:00:00,-0.10123213975820473
USD_JPY,2020-10-01 05:00:00,2020-10-21 05:00:00,-0.6231119612875168
EUR_GBP,2020-10-02 09:00:00,2020-10-07 09:00:00,1.0
CHF_JPY,2020-10-02 09:00:00,2020-10-05 13:00:00,1.0
EUR_GBP,2020-10-04 21:00:00,2020-10-07 09:00:00,1.0
EUR_GBP,2020-10-06 01:00:00,2020-10-26 01:00:00,0.09144393275014855
EUR_GBP,2020-10-06 09:00:00,2020-10-12 13:00:00,-1.0
CHF_JPY,2020-10-06 21:00:00,2020-10-20 09:00:00,1.0
CAD_CHF,2020-10-07 21:00:00,2020-10-27 21:00:00,0.35279488736589226
CAD_CHF,2020-10-08 09:00:00,2020-10-26 13:00:00,1.0
EUR_GBP,2020-10-08 09:00:00,2020-10-14 13:00:00,-1.0
CHF_JPY,2020-10-08 13:00:00,2020-10-28 05:00:00,-1.0
EUR_GBP,2020-10-08 17:00:00,2020-10-28 17:00:00,-0.5948323254535511
CAD_CHF,2020-10-08 21:00:00,2020-10-25 21:00:00,1.0
USD_JPY,2020-10-09 05:00:00,2020-10-21 09:00:00,-1.0
USD_JPY,2020-10-12 01:00:00,2020-10-21 13:00:00,-1.0
EUR_GBP,2020-10-12 05:00:00,2020-10-30 05:00:00,-0.5662975816669309
CHF_JPY,2020-10-12 05:00:00,2020-10-27 21:00:00,-1.0
EUR_GBP,2020-10-12 13:00:00,2020-10-20 09:00:00,1.0
USD_JPY,2020-10-12 13:00:00,2020-10-28 01:00:00,-1.0
EUR_GBP,2020-10-12 21:00:00,2020-10-20 09:00:00,1.0
EUR_GBP,2020-10-13 09:00:00,2020-11-02 10:00:00,-0.7349289899692154
CAD_CHF,2020-10-13 09:00:00,2020-10-26 13:00:00,1.0
CAD_CHF,2020-10-13 17:00:00,2020-10-20 05:00:00,1.0
CHF_JPY,2020-10-13 17:00:00,2020-10-20 09:00:00,1.0
CAD_CHF,2020-10-14 09:00:00,2020-10-20 09:00:00,1.0
USD_JPY,2020-10-14 13:00:00,2020-10-29 09:00:00,-1.0
EUR_GBP,2020-10-14 13:00:00,2020-10-20 09:00:00,1.0
EUR_GBP,2020-10-14 21:00:00,2020-10-20 09:00:00,1.0
CHF_JPY,2020-10-15 09:00:00,2020-10-20 09:00:00,1.0
CHF_JPY,2020-10-16 09:00:00,2020-10-20 13:00:00,1.0
CAD_CHF,2020-10-16 17:00:00,2020-10-28 13:00:00,1.0
CAD_CHF,2020-10-19 01:00:00,2020-10-26 05:00:00,1.0
EUR_GBP,2020-10-19 09:00:00,2020-11-03 14:00:00,-1.0
USD_JPY,2020-10-21 05:00:00,2020-11-05 10:00:00,-1.0
CAD_CHF,2020-10-21 05:00:00,2020-10-29 13:00:00,1.0
CHF_JPY,2020-10-21 13:00:00,2020-10-28 05:00:00,-1.0
USD_JPY,2020-10-21 13:00:00,2020-11-05 18:00:00,-1.0
EUR_GBP,2020-10-21 17:00:00,2020-11-10 06:00:00,-1.0
CHF_JPY,2020-10-22 01:00:00,2020-10-28 05:00:00,-1.0
EUR_GBP,2020-10-22 01:00:00,2020-11-10 06:00:00,-1.0
EUR_GBP,2020-10-22 13:00:00,2020-11-10 06:00:00,-1.0
USD_JPY,2020-10-22 13:00:00,2020-11-05 10:00:00,-1.0
CAD_CHF,2020-10-22 21:00:00,2020-10-28 13:00:00,1.0
EUR_GBP,2020-10-23 01:00:00,2020-11-03 22:00:00,-1.0
CHF_JPY,2020-10-26 21:00:00,2020-10-28 05:00:00,-1.0
CHF_JPY,2020-10-27 09:00:00,2020-10-28 09:00:00,-1.0
USD_JPY,2020-10-27 17:00:00,2020-11-06 02:00:00,-1.0
CHF_JPY,2020-10-27 21:00:00,2020-11-03 06:00:00,-1.0
USD_JPY,2020-10-28 05:00:00,2020-11-06 10:00:00,-1.0
CHF_JPY,2020-10-28 05:00:00,2020-11-09 10:00:00,1.0
EUR_GBP,2020-10-28 05:00:00,2020-11-03 22:00:00,-1.0
USD_JPY,2020-10-28 17:00:00,2020-11-06 10:00:00,-1.0
CHF_JPY,2020-10-29 09:00:00,2020-11-09 10:00:00,1.0
USD_JPY,2020-10-29 09:00:00,2020-11-06 10:00:00,-1.0
EUR_GBP,2020-10-29 09:00:00,2020-11-03 22:00:00,-1.0
CHF_JPY,2020-10-29 17:00:00,2020-11-09 10:00:00,1.0
EUR_GBP,2020-10-29 17:00:00,2020-11-03 22:00:00,-1.0
CAD_CHF,2020-10-30 01:00:00,2020-11-02 14:00:00,-1.0
CHF_JPY,2020-10-30 05:00:00,2020-11-09 02:00:00,1.0
EUR_GBP,2020-10-30 09:00:00,2020-11-10 06:00:00,-1.0
CAD_CHF,2020-10-30 09:00:00,2020-11-02 18:00:00,-1.0
EUR_GBP,2020-10-30 17:00:00,2020-11-10 06:00:00,-1.0
CAD_CHF,2020-11-01 22:00:00,2020-11-02 14:00:00,-1.0
CAD_CHF,2020-11-02 10:00:00,2020-11-09 10:00:00,-1.0
CHF_JPY,2020-11-02 14:00:00,2020-11-09 02:00:00,1.0
EUR_GBP,2020-11-02 14:00:00,2020-11-10 06:00:00,-1.0
CAD_CHF,2020-11-02 22:00:00,2020-11-06 10:00:00,1.0
CAD_CHF,2020-11-03 10:00:00,2020-11-06 10:00:00,1.0
USD_JPY,2020-11-03 18:00:00,2020-11-05 18:00:00,-1.0
EUR_GBP,2020-11-03 22:00:00,2020-11-04 22:00:00,1.0
USD_JPY,2020-11-04 14:00:00,2020-11-05 18:00:00,-1.0
USD_JPY,2020-11-05 14:00:00,2020-11-09 10:00:00,1.0
USD_JPY,2020-11-05 22:00:00,2020-11-09 10:00:00,1.0
USD_JPY,2020-11-06 10:00:00,2020-11-09 10:00:00,1.0
CAD_CHF,2020-11-09 14:00:00,2020-11-12 14:00:00,1.0
CHF_JPY,2020-11-10 02:00:00,2020-11-18 14:00:00,-1.0
EUR_GBP,2020-11-10 02:00:00,2020-11-10 10:00:00,-1.0
CHF_JPY,2020-11-10 10:00:00,2020-11-18 14:00:00,-1.0
CAD_CHF,2020-11-10 10:00:00,2020-11-13 02:00:00,1.0
EUR_GBP,2020-11-10 10:00:00,2020-11-30 10:00:00,0.5301680173061182
CAD_CHF,2020-11-10 18:00:00,2020-11-13 02:00:00,1.0
EUR_GBP,2020-11-10 22:00:00,2020-11-30 22:00:00,0.4104841694424819
CHF_JPY,2020-11-11 10:00:00,2020-11-18 14:00:00,-1.0
CAD_CHF,2020-11-11 10:00:00,2020-11-12 22:00:00,1.0
EUR_GBP,2020-11-11 14:00:00,2020-12-01 14:00:00,0.6436204209322335
EUR_GBP,2020-11-11 22:00:00,2020-11-12 18:00:00,1.0
CHF_JPY,2020-11-13 02:00:00,2020-12-01 14:00:00,1.0
USD_JPY,2020-11-13 06:00:00,2020-11-18 02:00:00,-1.0
CHF_JPY,2020-11-13 18:00:00,2020-12-01 14:00:00,1.0
USD_JPY,2020-11-13 18:00:00,2020-12-03 18:00:00,-0.8262489253987852
USD_JPY,2020-11-16 02:00:00,2020-12-04 02:00:00,-0.5965982427122373
CAD_CHF,2020-11-16 14:00:00,2020-12-03 10:00:00,1.0
USD_JPY,2020-11-16 18:00:00,2020-12-04 18:00:00,-0.4043977055449187
CHF_JPY,2020-11-17 06:00:00,2020-12-01 14:00:00,1.0
USD_JPY,2020-11-17 10:00:00,2020-12-07 10:00:00,-0.11617747309194808
CHF_JPY,2020-11-17 22:00:00,2020-11-30 06:00:00,1.0
EUR_GBP,2020-11-18 02:00:00,2020-12-02 06:00:00,1.0
USD_JPY,2020-11-18 10:00:00,2020-12-08 10:00:00,0.12118647328127231
EUR_GBP,2020-11-18 14:00:00,2020-12-02 06:00:00,1.0
CHF_JPY,2020-11-18 14:00:00,2020-11-30 06:00:00,1.0
CAD_CHF,2020-11-18 18:00:00,2020-12-08 18:00:00,0.347646205341104
USD_JPY,2020-11-18 18:00:00,2020-12-08 18:00:00,0.2686153312922365
CHF_JPY,2020-11-18 22:00:00,2020-11-26 06:00:00,1.0
EUR_GBP,2020-11-18 22:00:00,2020-12-02 06:00:00,1.0
USD_JPY,2020-11-19 06:00:00,2020-12-09 06:00:00,0.01921912687506211
CHF_JPY,2020-11-19 18:00:00,2020-11-26 06:00:00,1.0
CAD_CHF,2020-11-19 18:00:00,2020-12-09 18:00:00,0.33315144030558036
USD_JPY,2020-11-19 22:00:00,2020-12-09 22:00:00,0.3821827738575486
USD_JPY,2020-11-20 06:00:00,2020-12-10 06:00:00,0.6242413733310167
EUR_GBP,2020-11-20 10:00:00,2020-12-02 06:00:00,1.0
USD_JPY,2020-11-20 14:00:00,2020-12-10 14:00:00,0.4381656747751366
USD_JPY,2020-11-23 02:00:00,2020-12-11 02:00:00,0.238065405337676
EUR_GBP,2020-11-23 06:00:00,2020-11-27 14:00:00,1.0
USD_JPY,2020-11-23 14:00:00,2020-12-11 14:00:00,-0.41975734575355456
EUR_GBP,2020-11-23 14:00:00,2020-11-27 14:00:00,1.0
EUR_GBP,2020-11-23 22:00:00,2020-11-27 14:00:00,1.0
CAD_CHF,2020-11-24 02:00:00,2020-12-02 14:00:00,1.0
CAD_CHF,2020-11-24 10:00:00,2020-12-03 10:00:00,1.0
CAD_CHF,2020-11-24 22:00:00,2020-12-02 10:00:00,1.0
CAD_CHF,2020-11-25 10:00:00,2020-12-02 10:00:00,1.0
USD_JPY,2020-11-26 02:00:00,2020-12-16 02:00:00,-0.8403522388631852
USD_JPY,2020-11-26 14:00:00,2020-12-16 14:00:00,-0.6243346663981323
USD_JPY,2020-11-27 02:00:00,2020-12-17 02:00:00,-0.6176165005579688
USD_JPY,2020-11-27 18:00:00,2020-12-17 06:00:00,-1.0
USD_JPY,2020-11-30 06:00:00,2020-12-17 10:00:00,-1.0
CAD_CHF,2020-11-30 14:00:00,2020-12-03 10:00:00,1.0
CHF_JPY,2020-11-30 22:00:00,2020-12-02 02:00:00,1.0
CAD_CHF,2020-12-01 06:00:00,2020-12-03 06:00:00,1.0
USD_JPY,2020-12-03 14:00:00,2020-12-23 14:00:00,-0.286844613000417
USD_JPY,2020-12-03 22:00:00,2020-12-23 22:00:00,-0.2484687391656037
CAD_CHF,2020-12-04 10:00:00,2020-12-22 10:00:00,1.0
CAD_CHF,2020-12-06 22:00:00,2020-12-21 02:00:00,1.0
CAD_CHF,2020-12-07 10:00:00,2020-12-21 06:00:00,1.0
USD_JPY,2020-12-08 10:00:00,2020-12-17 06:00:00,-1.0
EUR_GBP,2020-12-09 14:00:00,2020-12-10 10:00:00,1.0
EUR_GBP,2020-12-09 22:00:00,2020-12-10 10:00:00,1.0
USD_JPY,2020-12-11 02:00:00,2020-12-17 10:00:00,-1.0
CHF_JPY,2020-12-11 14:00:00,2021-01-04 14:00:00,0.19602304340756063
USD_JPY,2020-12-11 18:00:00,2020-12-17 06:00:00,-1.0
USD_JPY,2020-12-14 10:00:00,2021-01-05 06:00:00,-0.7116166346423065
CHF_JPY,2020-12-15 14:00:00,2021-01-06 14:00:00,0.036717302388325775
EUR_GBP,2020-12-15 22:00:00,2020-12-20 22:00:00,1.0
CAD_CHF,2020-12-15 22:00:00,2020-12-21 02:00:00,1.0
CHF_JPY,2020-12-16 06:00:00,2021-01-07 06:00:00,0.2385063858161448
EUR_GBP,2020-12-16 06:00:00,2020-12-20 22:00:00,1.0
USD_JPY,2020-12-16 10:00:00,2021-01-07 06:00:00,0.057970454391747216
EUR_GBP,2020-12-16 14:00:00,2020-12-20 22:00:00,1.0
CHF_JPY,2020-12-17 02:00:00,2021-01-08 02:00:00,0.3850794547274963
USD_JPY,2020-12-17 10:00:00,2021-01-08 06:00:00,0.718000465730037
EUR_GBP,2020-12-17 10:00:00,2020-12-20 22:00:00,1.0
CHF_JPY,2020-12-17 14:00:00,2021-01-08 14:00:00,0.6785622372823285
CHF_JPY,2020-12-21 02:00:00,2021-01-12 02:00:00,0.23985334681080925
USD_JPY,2020-12-21 22:00:00,2021-01-12 18:00:00,0.30552654987044503
USD_JPY,2020-12-22 10:00:00,2021-01-13 06:00:00,0.344031156079972
CHF_JPY,2020-12-22 22:00:00,2021-01-13 22:00:00,0.38251412986613
CAD_CHF,2020-12-23 10:00:00,2021-01-07 18:00:00,-1.0
CHF_JPY,2020-12-23 10:00:00,2021-01-06 10:00:00,1.0
EUR_GBP,2020-12-23 14:00:00,2020-12-31 14:00:00,-1.0
CAD_CHF,2020-12-23 18:00:00,2021-01-07 18:00:00,-1.0
EUR_GBP,2020-12-24 06:00:00,2020-12-28 14:00:00,1.0
CAD_CHF,2020-12-24 18:00:00,2021-01-08 02:00:00,-1.0
CHF_JPY,2020-12-24 18:00:00,2021-01-15 18:00:00,0.03778478132057545
EUR_GBP,2020-12-27 22:00:00,2021-01-12 14:00:00,-1.0
USD_JPY,2020-12-28 06:00:00,2021-01-18 06:00:00,0.3237684717161746
USD_JPY,2020-12-29 18:00:00,2021-01-05 14:00:00,-1.0
USD_JPY,2020-12-30 02:00:00,2021-01-11 14:00:00,1.0
USD_JPY,2020-12-30 10:00:00,2021-01-08 06:00:00,1.0
CHF_JPY,2020-12-30 10:00:00,2021-01-20 10:00:00,-0.1815845824411157
USD_JPY,2020-12-31 02:00:00,2021-01-10 22:00:00,1.0
CAD_CHF,2020-12-31 06:00:00,2021-01-07 18:00:00,-1.0
USD_JPY,2020-12-31 10:00:00,2021-01-10 22:00:00,1.0
EUR_GBP,2020-12-31 10:00:00,2021-01-13 06:00:00,-1.0
CHF_JPY,2020-12-31 18:00:00,2021-01-21 18:00:00,0.03852937650906866
EUR_GBP,2021-01-03 22:00:00,2021-01-04 14:00:00,1.0
CHF_JPY,2021-01-04 02:00:00,2021-01-22 02:00:00,0.37996723533094556
CAD_CHF,2021-01-04 02:00:00,2021-01-14 10:00:00,-1.0
USD_JPY,2021-01-04 10:00:00,2021-01-08 06:00:00,1.0
CHF_JPY,2021-01-05 10:00:00,2021-01-25 10:00:00,0.04704674735896042
USD_JPY,2021-01-05 10:00:00,2021-01-07 22:00:00,1.0
USD_JPY,2021-01-05 18:00:00,2021-01-07 14:00:00,1.0
CAD_CHF,2021-01-06 06:00:00,2021-01-13 18:00:00,-1.0
CAD_CHF,2021-01-06 18:00:00,2021-01-08 06:00:00,-1.0
CAD_CHF,2021-01-07 10:00:00,2021-01-14 10:00:00,-1.0
CAD_CHF,2021-01-07 18:00:00,2021-01-20 14:00:00,-1.0
CHF_JPY,2021-01-08 02:00:00,2021-01-28 02:00:00,-0.04346677348697437
CAD_CHF,2021-01-08 02:00:00,2021-01-20 14:00:00,-1.0
EUR_GBP,2021-01-08 10:00:00,2021-01-12 14:00:00,-1.0
EUR_GBP,2021-01-08 18:00:00,2021-01-12 14:00:00,-1.0
EUR_GBP,2021-01-11 10:00:00,2021-01-12 14:00:00,-1.0
CHF_JPY,2021-01-11 10:00:00,2021-01-29 10:00:00,0.7506775762861089
EUR_GBP,2021-01-11 18:00:00,2021-01-13 06:00:00,-1.0
EUR_GBP,2021-01-12 10:00:00,2021-01-20 10:00:00,-1.0
CAD_CHF,2021-01-12 10:00:00,2021-01-20 14:00:00,-1.0
USD_JPY,2021-01-13 02:00:00,2021-01-29 06:00:00,1.0
CHF_JPY,2021-01-13 02:00:00,2021-02-02 02:00:00,0.0555451111756744
EUR_GBP,2021-01-13 06:00:00,2021-01-27 14:00:00,-1.0
EUR_GBP,2021-01-13 14:00:00,2021-01-21 06:00:00,-1.0
CAD_CHF,2021-01-13 18:00:00,2021-01-28 06:00:00,1.0
EUR_GBP,2021-01-13 22:00:00,2021-01-27 14:00:00,-1.0
CAD_CHF,2021-01-14 10:00:00,2021-01-27 18:00:00,1.0
EUR_GBP,2021-01-14 14:00:00,2021-02-02 10:00:00,-1.0
USD_JPY,2021-01-14 18:00:00,2021-01-29 06:00:00,1.0
EUR_GBP,2021-01-14 22:00:00,2021-02-03 22:00:00,-0.6339590347607786
CAD_CHF,2021-01-14 22:00:00,2021-01-27 18:00:00,1.0
CHF_JPY,2021-01-15 02:00:00,2021-01-29 06:00:00,1.0
USD_JPY,2021-01-15 02:00:00,2021-01-29 06:00:00,1.0
EUR_GBP,2021-01-15 06:00:00,2021-02-01 06:00:00,-1.0
USD_JPY,2021-01-15 10:00:00,2021-01-29 06:00:00,1.0
EUR_GBP,2021-01-15 18:00:00,2021-02-01 06:00:00,-1.0
CHF_JPY,2021-01-18 02:00:00,2021-01-28 14:00:00,1.0
USD_JPY,2021-01-18 02:00:00,2021-01-29 06:00:00,1.0
CHF_JPY,2021-01-18 18:00:00,2021-01-29 06:00:00,1.0
USD_JPY,2021-01-18 22:00:00,2021-01-29 06:00:00,1.0
CAD_CHF,2021-01-19 06:00:00,2021-01-20 14:00:00,-1.0
CHF_JPY,2021-01-20 06:00:00,2021-01-29 14:00:00,1.0
USD_JPY,2021-01-20 06:00:00,2021-01-29 06:00:00,1.0
EUR_GBP,2021-01-20 10:00:00,2021-02-04 10:00:00,-1.0
CAD_CHF,2021-01-20 14:00:00,2021-01-22 10:00:00,1.0
USD_JPY,2021-01-20 14:00:00,2021-01-29 06:00:00,1.0
CHF_JPY,2021-01-20 14:00:00,2021-01-28 14:00:00,1.0
USD_JPY,2021-01-20 22:00:00,2021-01-29 06:00:00,1.0
CHF_JPY,2021-01-20 22:00:00,2021-01-29 06:00:00,1.0
CAD_CHF,2021-01-21 02:00:00,2021-01-22 06:00:00,1.0
USD_JPY,2021-01-21 06:00:00,2021-01-28 22:00:00,1.0
CHF_JPY,2021-01-21 06:00:00,2021-01-29 06:00:00,1.0
EUR_GBP,2021-01-21 10:00:00,2021-02-04 10:00:00,-1.0
CHF_JPY,2021-01-25 10:00:00,2021-02-12 10:00:00,0.49666185106983524
CHF_JPY,2021-01-25 22:00:00,2021-01-29 14:00:00,1.0
USD_JPY,2021-01-26 02:00:00,2021-01-29 06:00:00,1.0
CHF_JPY,2021-01-26 06:00:00,2021-01-29 06:00:00,1.0
CAD_CHF,2021-01-26 14:00:00,2021-01-28 06:00:00,1.0
USD_JPY,2021-01-26 14:00:00,2021-01-29 06:00:00,1.0
CAD_CHF,2021-01-26 22:00:00,2021-02-03 14:00:00,-1.0
USD_JPY,2021-01-26 22:00:00,2021-01-29 06:00:00,1.0
EUR_GBP,2021-01-27 10:00:00,2021-02-04 10:00:00,-1.0
EUR_GBP,2021-01-29 02:00:00,2021-02-05 02:00:00,-1.0
CAD_CHF,2021-01-29 14:00:00,2021-02-02 18:00:00,-1.0
EUR_GBP,2021-01-29 14:00:00,2021-02-04 10:00:00,-1.0
CAD_CHF,2021-01-31 22:00:00,2021-02-03 06:00:00,-1.0
CAD_CHF,2021-02-01 06:00:00,2021-02-17 10:00:00,-1.0
CHF_JPY,2021-02-01 06:00:00,2021-02-15 14:00:00,1.0
EUR_GBP,2021-02-01 10:00:00,2021-02-04 18:00:00,-1.0
CHF_JPY,2021-02-01 18:00:00,2021-02-15 06:00:00,1.0
EUR_GBP,2021-02-01 18:00:00,2021-02-04 18:00:00,-1.0
CAD_CHF,2021-02-02 10:00:00,2021-02-17 14:00:00,-1.0
EUR_GBP,2021-02-02 10:00:00,2021-02-14 22:00:00,-1.0
EUR_GBP,2021-02-02 18:00:00,2021-02-15 06:00:00,-1.0
CHF_JPY,2021-02-02 18:00:00,2021-02-15 06:00:00,1.0
CAD_CHF,2021-02-03 02:00:00,2021-02-19 10:00:00,-1.0
EUR_GBP,2021-02-03 02:00:00,2021-02-15 02:00:00,-1.0
EUR_GBP,2021-02-03 14:00:00,2021-02-15 10:00:00,-1.0
CAD_CHF,2021-02-03 18:00:00,2021-02-19 10:00:00,-1.0
CHF_JPY,2021-02-03 18:00:00,2021-02-15 06:00:00,1.0
CHF_JPY,2021-02-04 10:00:00,2021-02-12 06:00:00,1.0
EUR_GBP,2021-02-05 06:00:00,2021-02-18 10:00:00,-1.0
CAD_CHF,2021-02-05 10:00:00,2021-02-21 22:00:00,-1.0
EUR_GBP,2021-02-08 02:00:00,2021-02-17 10:00:00,-1.0
CHF_JPY,2021-02-08 18:00:00,2021-02-15 06:00:00,1.0
EUR_GBP,2021-02-08 18:00:00,2021-02-17 06:00:00,-1.0
USD_JPY,2021-02-08 18:00:00,2021-02-25 18:00:00,1.0
USD_JPY,2021-02-09 02:00:00,2021-02-16 14:00:00,1.0
EUR_GBP,2021-02-09 06:00:00,2021-02-16 14:00:00,-1.0
USD_JPY,2021-02-09 10:00:00,2021-02-16 10:00:00,1.0
USD_JPY,2021-02-09 18:00:00,2021-02-16 10:00:00,1.0
USD_JPY,2021-02-10 06:00:00,2021-02-16 14:00:00,1.0
EUR_GBP,2021-02-11 06:00:00,2021-02-17 10:00:00,-1.0
CHF_JPY,2021-02-12 14:00:00,2021-02-23 14:00:00,-1.0
EUR_GBP,2021-02-12 18:00:00,2021-02-18 06:00:00,-1.0
EUR_GBP,2021-02-15 02:00:00,2021-02-18 10:00:00,-1.0
CAD_CHF,2021-02-15 06:00:00,2021-02-19 14:00:00,-1.0
CAD_CHF,2021-02-15 18:00:00,2021-02-19 14:00:00,-1.0
EUR_GBP,2021-02-15 18:00:00,2021-02-18 10:00:00,-1.0
CAD_CHF,2021-02-16 02:00:00,2021-02-19 14:00:00,-1.0
EUR_GBP,2021-02-16 02:00:00,2021-02-23 06:00:00,-1.0
EUR_GBP,2021-02-16 18:00:00,2021-02-23 06:00:00,-1.0
EUR_GBP,2021-02-17 10:00:00,2021-02-23 22:00:00,-1.0
CHF_JPY,2021-02-17 14:00:00,2021-02-23 14:00:00,-1.0
CAD_CHF,2021-02-17 22:00:00,2021-02-23 06:00:00,-1.0
EUR_GBP,2021-02-17 22:00:00,2021-02-23 22:00:00,-1.0
USD_JPY,2021-02-18 02:00:00,2021-03-02 10:00:00,1.0
CAD_CHF,2021-02-18 06:00:00,2021-02-23 06:00:00,-1.0
USD_JPY,2021-02-18 10:00:00,2021-02-26 14:00:00,1.0
EUR_GBP,2021-02-18 14:00:00,2021-02-23 22:00:00,-1.0
USD_JPY,2021-02-19 06:00:00,2021-02-26 06:00:00,1.0
EUR_GBP,2021-02-19 06:00:00,2021-02-23 22:00:00,-1.0
EUR_GBP,2021-02-19 14:00:00,2021-02-23 22:00:00,-1.0
CHF_JPY,2021-02-19 18:00:00,2021-02-23 14:00:00,-1.0
CAD_CHF,2021-02-19 18:00:00,2021-02-23 18:00:00,-1.0
EUR_GBP,2021-02-22 02:00:00,2021-02-23 22:00:00,-1.0
CAD_CHF,2021-02-22 06:00:00,2021-02-23 18:00:00,-1.0
EUR_GBP,2021-02-22 10:00:00,2021-02-23 22:00:00,-1.0
EUR_GBP,2021-02-22 18:00:00,2021-02-23 22:00:00,-1.0
USD_JPY,2021-02-22 18:00:00,2021-02-25 10:00:00,1.0
CHF_JPY,2021-02-22 22:00:00,2021-03-04 10:00:00,-1.0
USD_JPY,2021-02-23 02:00:00,2021-02-24 22:00:00,1.0
EUR_GBP,2021-02-23 10:00:00,2021-02-23 22:00:00,-1.0
CAD_CHF,2021-02-23 18:00:00,2021-02-25 06:00:00,-1.0
CHF_JPY,2021-02-23 18:00:00,2021-02-25 14:00:00,1.0
EUR_GBP,2021-02-23 22:00:00,2021-02-25 14:00:00,1.0
CAD_CHF,2021-02-24 18:00:00,2021-02-25 22:00:00,1.0
CAD_CHF,2021-02-25 02:00:00,2021-02-25 22:00:00,1.0
CAD_CHF,2021-02-25 10:00:00,2021-02-25 18:00:00,1.0
CAD_CHF,2021-03-01 14:00:00,2021-03-04 06:00:00,-1.0
CHF_JPY,2021-03-01 14:00:00,2021-03-16 09:00:00,1.0
CAD_CHF,2021-03-01 22:00:00,2021-03-04 06:00:00,-1.0
CHF_JPY,2021-03-02 10:00:00,2021-03-15 13:00:00,1.0
CAD_CHF,2021-03-02 10:00:00,2021-03-04 14:00:00,-1.0
CAD_CHF,2021-03-03 10:00:00,2021-03-04 14:00:00,-1.0
EUR_GBP,2021-03-03 14:00:00,2021-03-09 14:00:00,-1.0
CAD_CHF,2021-03-03 18:00:00,2021-03-04 14:00:00,-1.0
CHF_JPY,2021-03-03 22:00:00,2021-03-15 13:00:00,1.0
CAD_CHF,2021-03-04 14:00:00,2021-03-12 06:00:00,-1.0
EUR_GBP,2021-03-04 14:00:00,2021-03-24 13:00:00,0.040629171745308806
CHF_JPY,2021-03-04 18:00:00,2021-03-11 22:00:00,1.0
EUR_GBP,2021-03-04 22:00:00,2021-03-24 21:00:00,0.12301978761677555
EUR_GBP,2021-03-05 06:00:00,2021-03-17 05:00:00,-1.0
CAD_CHF,2021-03-05 06:00:00,2021-03-08 14:00:00,-1.0
CAD_CHF,2021-03-05 18:00:00,2021-03-12 06:00:00,-1.0
CAD_CHF,2021-03-08 02:00:00,2021-03-12 14:00:00,-1.0
CHF_JPY,2021-03-08 06:00:00,2021-03-11 22:00:00,1.0
EUR_GBP,2021-03-08 10:00:00,2021-03-26 09:00:00,-0.22397722898172462
EUR_GBP,2021-03-08 18:00:00,2021-03-26 17:00:00,-0.34642032332564027
CAD_CHF,2021-03-08 18:00:00,2021-03-15 05:00:00,-1.0
CAD_CHF,2021-03-09 06:00:00,2021-03-15 09:00:00,-1.0
EUR_GBP,2021-03-09 06:00:00,2021-03-29 05:00:00,-0.5672136504750077
EUR_GBP,2021-03-09 18:00:00,2021-03-29 17:00:00,-0.2975044625669296
USD_JPY,2021-03-09 22:00:00,2021-03-26 09:00:00,1.0
EUR_GBP,2021-03-10 10:00:00,2021-03-30 09:00:00,-0.3245540300737817
USD_JPY,2021-03-10 14:00:00,2021-03-26 09:00:00,1.0
CHF_JPY,2021-03-10 22:00:00,2021-03-16 01:00:00,1.0
USD_JPY,2021-03-10 22:00:00,2021-03-26 09:00:00,1.0
EUR_GBP,2021-03-10 22:00:00,2021-03-30 21:00:00,-0.3737837427433503
CAD_CHF,2021-03-11 02:00:00,2021-03-12 14:00:00,-1.0
EUR_GBP,2021-03-11 06:00:00,2021-03-31 05:00:00,-0.6435816719132486
USD_JPY,2021-03-11 10:00:00,2021-03-26 09:00:00,1.0
EUR_GBP,2021-03-11 14:00:00,2021-03-31 13:00:00,-0.6662232956467925
CAD_CHF,2021-03-11 18:00:00,2021-03-12 14:00:00,-1.0
CAD_CHF,2021-03-12 06:00:00,2021-03-26 05:00:00,-1.0
CAD_CHF,2021-03-12 18:00:00,2021-03-22 13:00:00,1.0
EUR_GBP,2021-03-15 09:00:00,2021-04-02 09:00:00,-0.6911285709282405
CAD_CHF,2021-03-15 09:00:00,2021-03-22 13:00:00,1.0
USD_JPY,2021-03-16 13:00:00,2021-03-30 05:00:00,1.0
EUR_GBP,2021-03-16 17:00:00,2021-04-05 05:00:00,-1.0
EUR_GBP,2021-03-17 05:00:00,2021-04-05 05:00:00,-1.0
USD_JPY,2021-03-17 21:00:00,2021-03-30 05:00:00,1.0
CAD_CHF,2021-03-18 05:00:00,2021-03-22 13:00:00,1.0
CAD_CHF,2021-03-18 13:00:00,2021-03-22 13:00:00,1.0
EUR_GBP,2021-03-18 13:00:00,2021-03-23 09:00:00,1.0
CHF_JPY,2021-03-18 17:00:00,2021-03-23 17:00:00,-1.0
CHF_JPY,2021-03-19 09:00:00,2021-03-24 05:00:00,-1.0
EUR_GBP,2021-03-19 09:00:00,2021-04-05 05:00:00,-1.0
USD_JPY,2021-03-19 09:00:00,2021-03-30 01:00:00,1.0
USD_JPY,2021-03-22 09:00:00,2021-03-30 01:00:00,1.0
USD_JPY,2021-03-22 17:00:00,2021-03-30 01:00:00,1.0
CHF_JPY,2021-03-23 09:00:00,2021-04-06 09:00:00,1.0
USD_JPY,2021-03-23 13:00:00,2021-03-26 09:00:00,1.0
CAD_CHF,2021-03-23 17:00:00,2021-03-26 05:00:00,-1.0
CHF_JPY,2021-03-23 21:00:00,2021-03-30 21:00:00,1.0
USD_JPY,2021-03-24 05:00:00,2021-03-26 09:00:00,1.0
CHF_JPY,2021-03-24 05:00:00,2021-03-30 21:00:00,1.0
CAD_CHF,2021-03-24 09:00:00,2021-03-31 17:00:00,-1.0
CAD_CHF,2021-03-24 17:00:00,2021-03-31 17:00:00,-1.0
CAD_CHF,2021-03-25 09:00:00,2021-03-31 17:00:00,-1.0
EUR_GBP,2021-03-25 17:00:00,2021-04-05 05:00:00,-1.0
CHF_JPY,2021-03-25 21:00:00,2021-03-31 01:00:00,1.0
CAD_CHF,2021-03-26 05:00:00,2021-04-06 17:00:00,1.0
EUR_GBP,2021-03-26 05:00:00,2021-04-05 05:00:00,-1.0
EUR_GBP,2021-03-26 13:00:00,2021-04-05 05:00:00,-1.0
CAD_CHF,2021-03-26 13:00:00,2021-04-07 05:00:00,1.0
EUR_GBP,2021-03-28 21:00:00,2021-04-07 13:00:00,1.0
EUR_GBP,2021-03-29 09:00:00,2021-04-07 05:00:00,1.0
EUR_GBP,2021-03-30 09:00:00,2021-04-07 09:00:00,1.0
CAD_CHF,2021-03-30 09:00:00,2021-04-07 05:00:00,1.0
EUR_GBP,2021-03-30 21:00:00,2021-04-07 05:00:00,1.0
CAD_CHF,2021-03-31 05:00:00,2021-04-06 17:00:00,1.0
CAD_CHF,2021-03-31 13:00:00,2021-04-06 17:00:00,1.0
EUR_GBP,2021-03-31 17:00:00,2021-04-07 05:00:00,1.0
EUR_GBP,2021-04-01 01:00:00,2021-04-07 05:00:00,1.0
CAD_CHF,2021-04-01 01:00:00,2021-04-06 13:00:00,1.0
CHF_JPY,2021-04-01 05:00:00,2021-04-07 05:00:00,1.0
CAD_CHF,2021-04-01 09:00:00,2021-04-06 13:00:00,1.0
EUR_GBP,2021-04-02 01:00:00,2021-04-07 05:00:00,1.0
USD_JPY,2021-04-02 09:00:00,2021-04-08 05:00:00,-1.0
EUR_GBP,2021-04-02 13:00:00,2021-04-07 05:00:00,1.0
EUR_GBP,2021-04-04 21:00:00,2021-04-07 05:00:00,1.0
EUR_GBP,2021-04-05 09:00:00,2021-04-06 13:00:00,1.0
USD_JPY,2021-04-05 17:00:00,2021-04-08 09:00:00,-1.0
EUR_GBP,2021-04-06 05:00:00,2021-04-07 05:00:00,1.0
USD_JPY,2021-04-06 13:00:00,2021-04-13 21:00:00,-1.0
CHF_JPY,2021-04-06 13:00:00,2021-04-26 13:00:00,0.34193110470049615
USD_JPY,2021-04-06 21:00:00,2021-04-15 09:00:00,-1.0
USD_JPY,2021-04-07 17:00:00,2021-04-13 21:00:00,-1.0
CHF_JPY,2021-04-08 05:00:00,2021-04-28 05:00:00,0.7677966101694921
USD_JPY,2021-04-08 09:00:00,2021-04-19 21:00:00,-1.0
CHF_JPY,2021-04-08 13:00:00,2021-04-28 13:00:00,0.8157020532023715
USD_JPY,2021-04-09 01:00:00,2021-04-19 05:00:00,-1.0
CAD_CHF,2021-04-09 13:00:00,2021-04-19 13:00:00,1.0
CAD_CHF,2021-04-12 01:00:00,2021-04-19 17:00:00,1.0
CHF_JPY,2021-04-12 05:00:00,2021-04-28 17:00:00,1.0
USD_JPY,2021-04-12 13:00:00,2021-04-19 05:00:00,-1.0
USD_JPY,2021-04-12 21:00:00,2021-04-19 05:00:00,-1.0
CHF_JPY,2021-04-13 09:00:00,2021-04-29 05:00:00,1.0
USD_JPY,2021-04-13 09:00:00,2021-04-19 05:00:00,-1.0
USD_JPY,2021-04-14 01:00:00,2021-04-20 21:00:00,-1.0
USD_JPY,2021-04-14 13:00:00,2021-04-20 21:00:00,-1.0
CAD_CHF,2021-04-14 17:00:00,2021-04-19 17:00:00,1.0
USD_JPY,2021-04-14 21:00:00,2021-04-23 09:00:00,-1.0
CAD_CHF,2021-04-15 01:00:00,2021-04-19 17:00:00,1.0
CHF_JPY,2021-04-15 05:00:00,2021-04-28 09:00:00,1.0
USD_JPY,2021-04-15 09:00:00,2021-04-23 09:00:00,-1.0
CAD_CHF,2021-04-15 09:00:00,2021-04-19 09:00:00,1.0
CHF_JPY,2021-04-15 13:00:00,2021-04-27 21:00:00,1.0
USD_JPY,2021-04-15 17:00:00,2021-04-23 09:00:00,-1.0
USD_JPY,2021-04-19 01:00:00,2021-04-23 09:00:00,-1.0
CHF_JPY,2021-04-19 01:00:00,2021-04-28 13:00:00,1.0
EUR_GBP,2021-04-19 05:00:00,2021-05-07 05:00:00,0.1569297162572292
CAD_CHF,2021-04-19 05:00:00,2021-04-28 13:00:00,-1.0
USD_JPY,2021-04-19 09:00:00,2021-04-29 13:00:00,1.0
EUR_GBP,2021-04-19 13:00:00,2021-04-22 09:00:00,1.0
USD_JPY,2021-04-19 17:00:00,2021-04-30 13:00:00,1.0
EUR_GBP,2021-04-19 21:00:00,2021-04-22 09:00:00,1.0
USD_JPY,2021-04-20 05:00:00,2021-05-03 01:00:00,1.0
EUR_GBP,2021-04-20 13:00:00,2021-04-25 21:00:00,1.0
CHF_JPY,2021-04-20 17:00:00,2021-04-28 13:00:00,1.0
USD_JPY,2021-04-20 17:00:00,2021-04-30 13:00:00,1.0
USD_JPY,2021-04-21 05:00:00,2021-04-30 13:00:00,1.0
EUR_GBP,2021-04-21 09:00:00,2021-05-11 09:00:00,-0.4527034850063641
CHF_JPY,2021-04-21 09:00:00,2021-04-27 17:00:00,1.0
USD_JPY,2021-04-21 13:00:00,2021-04-29 13:00:00,1.0
CAD_CHF,2021-04-21 17:00:00,2021-04-29 05:00:00,-1.0
USD_JPY,2021-04-22 05:00:00,2021-04-29 13:00:00,1.0
CAD_CHF,2021-04-22 17:00:00,2021-04-28 05:00:00,-1.0
CHF_JPY,2021-04-22 21:00:00,2021-04-27 13:00:00,1.0
USD_JPY,2021-04-23 01:00:00,2021-04-28 05:00:00,1.0
USD_JPY,2021-04-23 13:00:00,2021-04-28 05:00:00,1.0
CHF_JPY,2021-04-23 13:00:00,2021-04-28 13:00:00,1.0
CAD_CHF,2021-04-26 13:00:00,2021-04-30 17:00:00,-1.0
CAD_CHF,2021-04-27 05:00:00,2021-05-05 05:00:00,-1.0
CAD_CHF,2021-04-28 17:00:00,2021-05-05 05:00:00,-1.0
USD_JPY,2021-04-29 05:00:00,2021-05-19 05:00:00,0.05688856264623361
EUR_GBP,2021-04-29 13:00:00,2021-05-10 09:00:00,-1.0
CAD_CHF,2021-04-30 13:00:00,2021-05-12 09:00:00,-1.0
CAD_CHF,2021-05-03 01:00:00,2021-05-12 09:00:00,-1.0
CHF_JPY,2021-05-03 13:00:00,2021-05-10 05:00:00,1.0
EUR_GBP,2021-05-03 17:00:00,2021-05-10 17:00:00,-1.0
USD_JPY,2021-05-04 01:00:00,2021-05-24 01:00:00,-0.4144897567045791
CHF_JPY,2021-05-04 05:00:00,2021-05-10 01:00:00,1.0
CAD_CHF,2021-05-04 05:00:00,2021-05-12 09:00:00,-1.0
EUR_GBP,2021-05-04 09:00:00,2021-05-10 09:00:00,-1.0
USD_JPY,2021-05-04 13:00:00,2021-05-24 13:00:00,-0.46025602313175207
EUR_GBP,2021-05-05 05:00:00,2021-05-25 05:00:00,0.06600736503231733
CAD_CHF,2021-05-05 09:00:00,2021-05-12 09:00:00,-1.0
EUR_GBP,2021-05-05 13:00:00,2021-05-25 13:00:00,0.3140900082289243
EUR_GBP,2021-05-06 01:00:00,2021-05-26 01:00:00,0.1725156016626314
USD_JPY,2021-05-06 09:00:00,2021-05-26 09:00:00,-0.36593510140975594
USD_JPY,2021-05-06 17:00:00,2021-05-26 17:00:00,0.03024581599545514
CAD_CHF,2021-05-06 21:00:00,2021-05-26 21:00:00,0.8011360591608107
USD_JPY,2021-05-07 05:00:00,2021-05-27 05:00:00,0.031153789766902026
USD_JPY,2021-05-07 13:00:00,2021-05-12 21:00:00,1.0
USD_JPY,2021-05-09 21:00:00,2021-05-27 13:00:00,1.0
EUR_GBP,2021-05-10 21:00:00,2021-05-30 21:00:00,0.04539000488815428
CAD_CHF,2021-05-11 09:00:00,2021-05-31 09:00:00,-0.07919250489919498
USD_JPY,2021-05-11 13:00:00,2021-05-12 13:00:00,1.0
EUR_GBP,2021-05-11 17:00:00,2021-05-31 17:00:00,0.057024485615863624
CHF_JPY,2021-05-11 17:00:00,2021-05-18 05:00:00,1.0
CAD_CHF,2021-05-11 17:00:00,2021-05-31 17:00:00,0.11655323937624364
CAD_CHF,2021-05-12 01:00:00,2021-06-01 01:00:00,0.11111259856222896
CHF_JPY,2021-05-12 05:00:00,2021-05-18 05:00:00,1.0
EUR_GBP,2021-05-12 09:00:00,2021-05-25 13:00:00,1.0
CAD_CHF,2021-05-12 09:00:00,2021-05-21 05:00:00,1.0
EUR_GBP,2021-05-13 05:00:00,2021-06-02 05:00:00,0.21400076761145514
USD_JPY,2021-05-14 09:00:00,2021-06-03 09:00:00,0.5725679581458325
USD_JPY,2021-05-17 09:00:00,2021-06-04 09:00:00,0.44018998636417345
USD_JPY,2021-05-17 17:00:00,2021-06-03 13:00:00,1.0
CHF_JPY,2021-05-17 17:00:00,2021-05-27 13:00:00,1.0
CAD_CHF,2021-05-18 01:00:00,2021-05-21 05:00:00,1.0
CHF_JPY,2021-05-18 01:00:00,2021-05-27 13:00:00,1.0
EUR_GBP,2021-05-18 05:00:00,2021-06-07 05:00:00,0.0011629394457377724
USD_JPY,2021-05-18 09:00:00,2021-05-28 09:00:00,1.0
USD_JPY,2021-05-18 21:00:00,2021-05-28 09:00:00,1.0
USD_JPY,2021-05-19 05:00:00,2021-05-28 09:00:00,1.0
CHF_JPY,2021-05-19 13:00:00,2021-05-27 13:00:00,1.0
USD_JPY,2021-05-20 21:00:00,2021-05-27 21:00:00,1.0
USD_JPY,2021-05-21 09:00:00,2021-05-27 13:00:00,1.0
CHF_JPY,2021-05-21 13:00:00,2021-05-27 13:00:00,1.0
EUR_GBP,2021-05-21 13:00:00,2021-06-10 13:00:00,-0.05465179827673366
CAD_CHF,2021-05-21 13:00:00,2021-06-10 13:00:00,0.4155292282452372
USD_JPY,2021-05-25 05:00:00,2021-05-27 13:00:00,1.0
CHF_JPY,2021-05-26 13:00:00,2021-06-15 13:00:00,0.7790647931817479
CAD_CHF,2021-05-27 13:00:00,2021-06-16 13:00:00,0.5756634251973716
EUR_GBP,2021-05-27 17:00:00,2021-06-16 17:00:00,-0.15953234896827725
EUR_GBP,2021-05-28 05:00:00,2021-06-17 05:00:00,-0.5074901353694942
EUR_GBP,2021-05-28 13:00:00,2021-06-17 13:00:00,-0.4106991192656335
CAD_CHF,2021-05-28 13:00:00,2021-06-15 13:00:00,1.0
EUR_GBP,2021-05-30 21:00:00,2021-06-17 21:00:00,-0.617592667977065
EUR_GBP,2021-05-31 05:00:00,2021-06-18 05:00:00,-0.3298221979629952
CHF_JPY,2021-05-31 05:00:00,2021-06-17 13:00:00,-1.0
USD_JPY,2021-05-31 13:00:00,2021-06-16 17:00:00,1.0
USD_JPY,2021-06-01 01:00:00,2021-06-16 17:00:00,1.0
EUR_GBP,2021-06-01 05:00:00,2021-06-21 05:00:00,-0.329462535237417
USD_JPY,2021-06-01 17:00:00,2021-06-16 17:00:00,1.0
CAD_CHF,2021-06-02 13:00:00,2021-06-14 09:00:00,1.0
CHF_JPY,2021-06-02 13:00:00,2021-06-17 09:00:00,-1.0
CAD_CHF,2021-06-03 01:00:00,2021-06-14 09:00:00,1.0
CAD_CHF,2021-06-03 09:00:00,2021-06-14 09:00:00,1.0
EUR_GBP,2021-06-03 13:00:00,2021-06-23 13:00:00,-0.586216923524283
CAD_CHF,2021-06-03 17:00:00,2021-06-11 17:00:00,1.0
EUR_GBP,2021-06-03 21:00:00,2021-06-23 21:00:00,-0.638446330968715
EUR_GBP,2021-06-04 09:00:00,2021-06-24 09:00:00,0.0011651616661888093
USD_JPY,2021-06-04 17:00:00,2021-06-16 17:00:00,1.0
CHF_JPY,2021-06-04 17:00:00,2021-06-17 13:00:00,-1.0
USD_JPY,2021-06-07 09:00:00,2021-06-16 17:00:00,1.0
EUR_GBP,2021-06-07 13:00:00,2021-06-25 13:00:00,-0.16859484913667222
CHF_JPY,2021-06-07 13:00:00,2021-06-17 13:00:00,-1.0
USD_JPY,2021-06-07 21:00:00,2021-06-16 17:00:00,1.0
USD_JPY,2021-06-10 21:00:00,2021-06-16 17:00:00,1.0
EUR_GBP,2021-06-10 21:00:00,2021-06-30 21:00:00,-0.18966058899503274
EUR_GBP,2021-06-11 05:00:00,2021-07-01 05:00:00,-0.004654030972567884
USD_JPY,2021-06-11 05:00:00,2021-06-16 17:00:00,1.0
EUR_GBP,2021-06-11 17:00:00,2021-07-01 17:00:00,0.19328846556903495
CHF_JPY,2021-06-11 17:00:00,2021-06-17 09:00:00,-1.0
EUR_GBP,2021-06-14 01:00:00,2021-07-02 01:00:00,0.2634738916026351
EUR_GBP,2021-06-14 17:00:00,2021-07-02 17:00:00,-0.22925103570265265
EUR_GBP,2021-06-15 01:00:00,2021-07-05 01:00:00,-0.18970473563539691
CAD_CHF,2021-06-15 05:00:00,2021-06-22 17:00:00,-1.0
CHF_JPY,2021-06-15 13:00:00,2021-06-17 05:00:00,-1.0
USD_JPY,2021-06-16 09:00:00,2021-06-23 09:00:00,1.0
CHF_JPY,2021-06-16 13:00:00,2021-06-17 05:00:00,-1.0
EUR_GBP,2021-06-16 21:00:00,2021-07-06 21:00:00,-0.13754997843496836
CHF_JPY,2021-06-16 21:00:00,2021-06-17 13:00:00,-1.0
EUR_GBP,2021-06-17 09:00:00,2021-07-07 09:00:00,-0.22760697527836865
CAD_CHF,2021-06-17 09:00:00,2021-07-04 21:00:00,-1.0
CHF_JPY,2021-06-17 13:00:00,2021-06-21 01:00:00,-1.0
CAD_CHF,2021-06-17 17:00:00,2021-07-07 17:00:00,0.10771509357749119
CAD_CHF,2021-06-18 01:00:00,2021-07-08 01:00:00,0.41635226905249884
EUR_GBP,2021-06-18 01:00:00,2021-07-08 01:00:00,-0.1097476970496482
USD_JPY,2021-06-18 09:00:00,2021-07-01 05:00:00,1.0
CAD_CHF,2021-06-18 13:00:00,2021-06-30 13:00:00,-1.0
CHF_JPY,2021-06-20 21:00:00,2021-06-23 05:00:00,1.0
CHF_JPY,2021-06-21 05:00:00,2021-06-23 05:00:00,1.0
USD_JPY,2021-06-21 05:00:00,2021-06-23 09:00:00,1.0
EUR_GBP,2021-06-21 21:00:00,2021-07-11 21:00:00,-0.20560987862007657
EUR_GBP,2021-06-22 05:00:00,2021-07-12 05:00:00,-0.18648453343899973
CAD_CHF,2021-06-22 05:00:00,2021-07-08 05:00:00,1.0
CAD_CHF,2021-06-22 17:00:00,2021-07-08 05:00:00,1.0
EUR_GBP,2021-06-23 09:00:00,2021-07-13 09:00:00,-0.06315050871242972
CAD_CHF,2021-06-23 09:00:00,2021-07-08 01:00:00,1.0
EUR_GBP,2021-06-23 21:00:00,2021-07-13 21:00:00,-0.1977602770984334
EUR_GBP,2021-06-24 09:00:00,2021-07-14 09:00:00,-0.8271009529134876
CHF_JPY,2021-06-24 09:00:00,2021-07-06 21:00:00,-1.0
CAD_CHF,2021-06-24 09:00:00,2021-07-08 01:00:00,1.0
USD_JPY,2021-06-24 13:00:00,2021-07-08 05:00:00,-1.0
USD_JPY,2021-06-25 13:00:00,2021-07-08 09:00:00,-1.0
CHF_JPY,2021-06-25 13:00:00,2021-07-06 13:00:00,-1.0
CHF_JPY,2021-06-28 05:00:00,2021-07-06 21:00:00,-1.0
CHF_JPY,2021-06-28 17:00:00,2021-07-08 05:00:00,-1.0
USD_JPY,2021-06-28 17:00:00,2021-07-16 17:00:00,-0.5278952887153381
USD_JPY,2021-06-29 01:00:00,2021-07-19 01:00:00,-0.6130808669940011
CHF_JPY,2021-06-29 01:00:00,2021-07-19 01:00:00,-0.4843461327208312
CHF_JPY,2021-06-29 13:00:00,2021-07-19 13:00:00,-0.7189210353129313
USD_JPY,2021-06-29 17:00:00,2021-07-19 09:00:00,-1.0
CHF_JPY,2021-06-30 09:00:00,2021-07-20 09:00:00,-0.6581200150331955
USD_JPY,2021-06-30 09:00:00,2021-07-08 13:00:00,-1.0
CAD_CHF,2021-06-30 13:00:00,2021-07-08 05:00:00,1.0
EUR_GBP,2021-06-30 21:00:00,2021-07-20 13:00:00,1.0
EUR_GBP,2021-07-01 05:00:00,2021-07-14 05:00:00,-1.0
CAD_CHF,2021-07-02 17:00:00,2021-07-08 05:00:00,1.0
USD_JPY,2021-07-04 21:00:00,2021-07-08 05:00:00,-1.0
CHF_JPY,2021-07-05 09:00:00,2021-07-08 05:00:00,-1.0
USD_JPY,2021-07-05 09:00:00,2021-07-08 05:00:00,-1.0
EUR_GBP,2021-07-05 17:00:00,2021-07-20 09:00:00,1.0
CAD_CHF,2021-07-05 17:00:00,2021-07-08 01:00:00,1.0
CHF_JPY,2021-07-05 17:00:00,2021-07-08 05:00:00,-1.0
USD_JPY,2021-07-05 17:00:00,2021-07-08 05:00:00,-1.0
EUR_GBP,2021-07-06 01:00:00,2021-07-19 13:00:00,1.0
CHF_JPY,2021-07-06 01:00:00,2021-07-08 05:00:00,-1.0
CAD_CHF,2021-07-06 09:00:00,2021-07-08 05:00:00,1.0
USD_JPY,2021-07-06 09:00:00,2021-07-08 09:00:00,-1.0
EUR_GBP,2021-07-06 09:00:00,2021-07-19 13:00:00,1.0
CHF_JPY,2021-07-06 09:00:00,2021-07-20 13:00:00,-1.0
CHF_JPY,2021-07-06 17:00:00,2021-07-26 17:00:00,0.7203743941166691
USD_JPY,2021-07-06 17:00:00,2021-07-19 09:00:00,-1.0
CHF_JPY,2021-07-07 01:00:00,2021-07-27 01:00:00,0.5490464809212605
USD_JPY,2021-07-07 01:00:00,2021-07-19 09:00:00,-1.0
EUR_GBP,2021-07-07 13:00:00,2021-07-19 13:00:00,1.0
EUR_GBP,2021-07-07 21:00:00,2021-07-19 13:00:00,1.0
CHF_JPY,2021-07-08 01:00:00,2021-07-12 21:00:00,1.0
USD_JPY,2021-07-08 13:00:00,2021-07-28 13:00:00,0.20854202713778228
USD_JPY,2021-07-08 21:00:00,2021-07-28 21:00:00,-0.13013841995577097
CAD_CHF,2021-07-11 21:00:00,2021-07-19 05:00:00,1.0
EUR_GBP,2021-07-12 01:00:00,2021-07-19 13:00:00,1.0
CAD_CHF,2021-07-12 21:00:00,2021-07-19 01:00:00,1.0
EUR_GBP,2021-07-12 21:00:00,2021-07-19 13:00:00,1.0
EUR_GBP,2021-07-13 05:00:00,2021-07-19 13:00:00,1.0
CAD_CHF,2021-07-13 09:00:00,2021-07-19 05:00:00,1.0
CHF_JPY,2021-07-13 13:00:00,2021-07-19 05:00:00,-1.0
EUR_GBP,2021-07-13 17:00:00,2021-07-19 13:00:00,1.0
EUR_GBP,2021-07-14 09:00:00,2021-07-19 09:00:00,1.0
CAD_CHF,2021-07-14 13:00:00,2021-07-19 09:00:00,1.0
CHF_JPY,2021-07-14 13:00:00,2021-07-19 05:00:00,-1.0
USD_JPY,2021-07-14 21:00:00,2021-08-03 21:00:00,-0.816122281866969
USD_JPY,2021-07-15 09:00:00,2021-08-03 13:00:00,-1.0
CHF_JPY,2021-07-15 17:00:00,2021-07-29 05:00:00,1.0
USD_JPY,2021-07-15 21:00:00,2021-08-04 09:00:00,-1.0
CHF_JPY,2021-07-16 01:00:00,2021-07-29 13:00:00,1.0
CAD_CHF,2021-07-16 09:00:00,2021-07-19 09:00:00,1.0
CHF_JPY,2021-07-19 01:00:00,2021-07-28 21:00:00,1.0
USD_JPY,2021-07-19 01:00:00,2021-08-04 09:00:00,-1.0
CHF_JPY,2021-07-19 09:00:00,2021-07-26 13:00:00,1.0
USD_JPY,2021-07-19 13:00:00,2021-07-23 09:00:00,1.0
CAD_CHF,2021-07-20 21:00:00,2021-08-03 13:00:00,1.0
CAD_CHF,2021-07-21 13:00:00,2021-08-02 13:00:00,1.0
CAD_CHF,2021-07-22 17:00:00,2021-08-02 13:00:00,1.0
EUR_GBP,2021-07-22 17:00:00,2021-08-08 21:00:00,-1.0
CHF_JPY,2021-07-22 17:00:00,2021-07-30 09:00:00,1.0
CAD_CHF,2021-07-23 09:00:00,2021-08-02 13:00:00,1.0
EUR_GBP,2021-07-23 17:00:00,2021-08-06 05:00:00,-1.0
EUR_GBP,2021-07-26 01:00:00,2021-08-06 09:00:00,-1.0
EUR_GBP,2021-07-26 21:00:00,2021-08-10 09:00:00,-1.0
EUR_GBP,2021-07-27 05:00:00,2021-08-08 21:00:00,-1.0
CHF_JPY,2021-07-27 09:00:00,2021-08-16 09:00:00,-0.49884434393655236
USD_JPY,2021-07-27 13:00:00,2021-08-11 05:00:00,1.0
EUR_GBP,2021-07-27 21:00:00,2021-08-16 21:00:00,-0.06459341382064729
CHF_JPY,2021-07-28 05:00:00,2021-08-17 05:00:00,-0.2800003323446111
USD_JPY,2021-07-28 05:00:00,2021-08-04 09:00:00,-1.0
EUR_GBP,2021-07-28 13:00:00,2021-08-17 13:00:00,0.22562487514248955
USD_JPY,2021-07-29 01:00:00,2021-08-18 01:00:00,-0.1630385280991008
EUR_GBP,2021-07-29 09:00:00,2021-08-18 09:00:00,-0.06809989550187398
USD_JPY,2021-07-29 09:00:00,2021-08-18 09:00:00,0.0847256891933649
CAD_CHF,2021-07-29 09:00:00,2021-08-03 09:00:00,1.0
EUR_GBP,2021-07-29 17:00:00,2021-08-18 17:00:00,-0.1079812206572811
USD_JPY,2021-07-29 17:00:00,2021-08-10 13:00:00,1.0
CHF_JPY,2021-07-30 05:00:00,2021-08-09 21:00:00,-1.0
USD_JPY,2021-07-30 05:00:00,2021-08-10 21:00:00,1.0
EUR_GBP,2021-07-30 05:00:00,2021-08-19 05:00:00,0.27697254920370573
EUR_GBP,2021-07-30 13:00:00,2021-08-19 13:00:00,0.3187736589825069
CAD_CHF,2021-07-30 13:00:00,2021-08-03 13:00:00,1.0
CHF_JPY,2021-08-02 13:00:00,2021-08-12 13:00:00,-1.0
USD_JPY,2021-08-02 17:00:00,2021-08-10 05:00:00,1.0
USD_JPY,2021-08-03 05:00:00,2021-08-06 13:00:00,1.0
CHF_JPY,2021-08-03 05:00:00,2021-08-12 13:00:00,-1.0
USD_JPY,2021-08-03 13:00:00,2021-08-06 13:00:00,1.0
USD_JPY,2021-08-03 21:00:00,2021-08-06 13:00:00,1.0
EUR_GBP,2021-08-04 09:00:00,2021-08-24 09:00:00,0.45016001781884224
USD_JPY,2021-08-04 13:00:00,2021-08-10 21:00:00,1.0
EUR_GBP,2021-08-04 17:00:00,2021-08-24 17:00:00,0.4457739456859516
EUR_GBP,2021-08-05 01:00:00,2021-08-25 01:00:00,0.4259713437459705
CAD_CHF,2021-08-05 01:00:00,2021-08-09 09:00:00,-1.0
EUR_GBP,2021-08-05 09:00:00,2021-08-25 09:00:00,0.5733015354612825
EUR_GBP,2021-08-05 21:00:00,2021-08-20 05:00:00,1.0
EUR_GBP,2021-08-06 05:00:00,2021-08-20 01:00:00,1.0
CAD_CHF,2021-08-06 13:00:00,2021-08-10 13:00:00,-1.0
CHF_JPY,2021-08-06 17:00:00,2021-08-26 17:00:00,-0.4862949470137629
CAD_CHF,2021-08-09 09:00:00,2021-08-11 09:00:00,-1.0
CHF_JPY,2021-08-09 09:00:00,2021-08-27 09:00:00,-0.20062434963579548
EUR_GBP,2021-08-09 13:00:00,2021-08-19 21:00:00,1.0
CHF_JPY,2021-08-09 17:00:00,2021-08-27 17:00:00,0.5806871464566353
CAD_CHF,2021-08-09 21:00:00,2021-08-16 13:00:00,1.0
EUR_GBP,2021-08-10 01:00:00,2021-08-19 21:00:00,1.0
EUR_GBP,2021-08-10 09:00:00,2021-08-19 05:00:00,1.0
CHF_JPY,2021-08-10 13:00:00,2021-08-30 13:00:00,0.09182583144116449
CAD_CHF,2021-08-10 17:00:00,2021-08-16 05:00:00,1.0
EUR_GBP,2021-08-10 21:00:00,2021-08-19 13:00:00,1.0
CAD_CHF,2021-08-11 09:00:00,2021-08-16 05:00:00,1.0
CAD_CHF,2021-08-11 17:00:00,2021-08-16 05:00:00,1.0
EUR_GBP,2021-08-11 17:00:00,2021-08-19 09:00:00,1.0
USD_JPY,2021-08-11 17:00:00,2021-08-16 01:00:00,-1.0
CHF_JPY,2021-08-12 01:00:00,2021-09-01 01:00:00,0.19114234679398323
USD_JPY,2021-08-12 01:00:00,2021-08-16 05:00:00,-1.0
USD_JPY,2021-08-12 09:00:00,2021-08-16 01:00:00,-1.0
USD_JPY,2021-08-12 17:00:00,2021-08-16 01:00:00,-1.0
USD_JPY,2021-08-13 17:00:00,2021-09-02 17:00:00,0.2480507044822431
USD_JPY,2021-08-16 01:00:00,2021-09-03 01:00:00,0.5299513906655414
USD_JPY,2021-08-16 09:00:00,2021-09-03 09:00:00,0.4820665745831098
USD_JPY,2021-08-17 01:00:00,2021-09-06 01:00:00,0.41151887042642954
USD_JPY,2021-08-17 09:00:00,2021-09-06 09:00:00,0.26657415691358255
CHF_JPY,2021-08-18 01:00:00,2021-09-07 01:00:00,0.15344586029754848
CAD_CHF,2021-08-18 13:00:00,2021-08-19 05:00:00,1.0
USD_JPY,2021-08-19 09:00:00,2021-09-08 09:00:00,0.4986826390978223
CHF_JPY,2021-08-19 09:00:00,2021-09-08 09:00:00,0.023408044007115797
CHF_JPY,2021-08-19 21:00:00,2021-09-08 21:00:00,-0.08774862109308829
USD_JPY,2021-08-20 09:00:00,2021-09-09 09:00:00,0.10110855050418008
CAD_CHF,2021-08-23 05:00:00,2021-08-24 13:00:00,-1.0
CAD_CHF,2021-08-23 21:00:00,2021-08-30 13:00:00,-1.0
USD_JPY,2021-08-23 21:00:00,2021-09-12 21:00:00,0.1785584141097574
CAD_CHF,2021-08-24 05:00:00,2021-09-03 09:00:00,-1.0
USD_JPY,2021-08-24 13:00:00,2021-09-13 13:00:00,0.25886191904185163
CAD_CHF,2021-08-24 17:00:00,2021-09-13 17:00:00,-0.7146799116997709
CAD_CHF,2021-08-25 01:00:00,2021-09-06 13:00:00,-1.0
EUR_GBP,2021-08-25 01:00:00,2021-09-14 01:00:00,-0.2838984040937501
CHF_JPY,2021-08-25 05:00:00,2021-09-14 05:00:00,-0.6979568747504342
CAD_CHF,2021-08-25 21:00:00,2021-09-14 21:00:00,0.1323061232927636
EUR_GBP,2021-08-26 01:00:00,2021-09-15 01:00:00,-0.045599635202918716
CAD_CHF,2021-08-26 09:00:00,2021-09-15 09:00:00,0.29166552018269154
CHF_JPY,2021-08-26 13:00:00,2021-09-15 13:00:00,-0.8440718962425484
USD_JPY,2021-08-27 05:00:00,2021-09-16 05:00:00,-0.6738103886669093
USD_JPY,2021-08-27 17:00:00,2021-09-16 17:00:00,-0.14468751137479602
USD_JPY,2021-08-30 01:00:00,2021-09-17 01:00:00,0.06104283020070633
CAD_CHF,2021-08-30 09:00:00,2021-09-17 09:00:00,-0.9247918530241507
CHF_JPY,2021-08-30 13:00:00,2021-09-16 05:00:00,-1.0
CHF_JPY,2021-08-30 21:00:00,2021-09-16 05:00:00,-1.0
CAD_CHF,2021-08-30 21:00:00,2021-09-19 21:00:00,-0.4635169520665709
USD_JPY,2021-08-31 13:00:00,2021-09-20 13:00:00,-0.5228461013866683
CAD_CHF,2021-09-01 05:00:00,2021-09-20 09:00:00,1.0
USD_JPY,2021-09-02 09:00:00,2021-09-22 09:00:00,-0.3917220318649054
CAD_CHF,2021-09-02 17:00:00,2021-09-20 09:00:00,1.0
USD_JPY,2021-09-03 01:00:00,2021-09-23 01:00:00,-0.21083625656591273
CAD_CHF,2021-09-03 13:00:00,2021-09-15 09:00:00,1.0
CHF_JPY,2021-09-03 17:00:00,2021-09-15 13:00:00,-1.0
USD_JPY,2021-09-03 17:00:00,2021-09-23 17:00:00,0.5156940458293503
EUR_GBP,2021-09-05 21:00:00,2021-09-23 21:00:00,-0.27057917939866055
EUR_GBP,2021-09-06 09:00:00,2021-09-24 09:00:00,-0.11777601567236735
CHF_JPY,2021-09-06 13:00:00,2021-09-15 13:00:00,-1.0
CAD_CHF,2021-09-06 13:00:00,2021-09-09 05:00:00,1.0
CHF_JPY,2021-09-07 21:00:00,2021-09-15 21:00:00,-1.0
CHF_JPY,2021-09-08 09:00:00,2021-09-16 05:00:00,-1.0
CHF_JPY,2021-09-09 01:00:00,2021-09-16 05:00:00,-1.0
USD_JPY,2021-09-09 09:00:00,2021-09-27 09:00:00,1.0
EUR_GBP,2021-09-09 13:00:00,2021-09-28 09:00:00,1.0
USD_JPY,2021-09-09 17:00:00,2021-09-27 05:00:00,1.0
USD_JPY,2021-09-10 01:00:00,2021-09-27 09:00:00,1.0
EUR_GBP,2021-09-10 13:00:00,2021-09-28 09:00:00,1.0
CAD_CHF,2021-09-10 13:00:00,2021-09-17 05:00:00,-1.0
CHF_JPY,2021-09-12 21:00:00,2021-09-16 05:00:00,-1.0
EUR_GBP,2021-09-13 05:00:00,2021-09-28 09:00:00,1.0
CAD_CHF,2021-09-13 13:00:00,2021-09-20 09:00:00,1.0
EUR_GBP,2021-09-13 13:00:00,2021-09-28 09:00:00,1.0
EUR_GBP,2021-09-14 01:00:00,2021-09-28 09:00:00,1.0
CAD_CHF,2021-09-14 01:00:00,2021-09-20 09:00:00,1.0
CAD_CHF,2021-09-14 09:00:00,2021-09-20 09:00:00,1.0
EUR_GBP,2021-09-14 13:00:00,2021-09-28 09:00:00,1.0
USD_JPY,2021-09-14 13:00:00,2021-09-24 13:00:00,1.0
CHF_JPY,2021-09-15 01:00:00,2021-09-17 17:00:00,-1.0
USD_JPY,2021-09-15 01:00:00,2021-09-24 13:00:00,1.0
USD_JPY,2021-09-15 09:00:00,2021-09-24 05:00:00,1.0
CHF_JPY,2021-09-15 17:00:00,2021-09-20 05:00:00,-1.0
USD_JPY,2021-09-15 21:00:00,2021-09-24 05:00:00,1.0
CAD_CHF,2021-09-16 01:00:00,2021-09-20 09:00:00,1.0
USD_JPY,2021-09-16 05:00:00,2021-09-24 05:00:00,1.0
CAD_CHF,2021-09-16 09:00:00,2021-09-20 09:00:00,1.0
CHF_JPY,2021-09-16 09:00:00,2021-09-24 05:00:00,1.0
EUR_GBP,2021-09-16 09:00:00,2021-09-22 05:00:00,1.0
CHF_JPY,2021-09-16 21:00:00,2021-09-24 05:00:00,1.0
CAD_CHF,2021-09-16 21:00:00,2021-09-20 09:00:00,1.0
CAD_CHF,2021-09-17 09:00:00,2021-09-20 09:00:00,1.0
CHF_JPY,2021-09-17 17:00:00,2021-09-23 09:00:00,1.0
USD_JPY,2021-09-20 09:00:00,2021-09-24 13:00:00,1.0
CHF_JPY,2021-09-20 09:00:00,2021-09-23 09:00:00,1.0
USD_JPY,2021-09-20 17:00:00,2021-09-24 05:00:00,1.0
USD_JPY,2021-09-21 13:00:00,2021-09-23 21:00:00,1.0
USD_JPY,2021-09-21 21:00:00,2021-09-23 21:00:00,1.0
CAD_CHF,2021-09-22 21:00:00,2021-09-26 21:00:00,-1.0
CAD_CHF,2021-09-23 05:00:00,2021-09-30 13:00:00,-1.0
EUR_GBP,2021-09-23 13:00:00,2021-09-28 13:00:00,1.0
CAD_CHF,2021-09-23 21:00:00,2021-09-30 13:00:00,-1.0
EUR_GBP,2021-09-24 01:00:00,2021-09-28 13:00:00,1.0
CAD_CHF,2021-09-27 01:00:00,2021-10-07 13:00:00,-1.0
CHF_JPY,2021-09-27 05:00:00,2021-10-08 13:00:00,1.0
EUR_GBP,2021-09-27 09:00:00,2021-09-28 09:00:00,1.0
CAD_CHF,2021-09-27 17:00:00,2021-10-07 17:00:00,-1.0
CAD_CHF,2021-09-28 05:00:00,2021-10-08 05:00:00,-1.0
EUR_GBP,2021-09-28 05:00:00,2021-09-28 13:00:00,1.0
CHF_JPY,2021-09-29 17:00:00,2021-10-08 17:00:00,1.0
CAD_CHF,2021-09-30 09:00:00,2021-10-07 17:00:00,-1.0
CHF_JPY,2021-09-30 17:00:00,2021-10-08 13:00:00,1.0
USD_JPY,2021-09-30 21:00:00,2021-10-11 01:00:00,1.0
USD_JPY,2021-10-01 05:00:00,2021-10-08 17:00:00,1.0
CHF_JPY,2021-10-01 09:00:00,2021-10-08 13:00:00,1.0
USD_JPY,2021-10-01 13:00:00,2021-10-08 13:00:00,1.0
EUR_GBP,2021-10-04 01:00:00,2021-10-07 13:00:00,-1.0
USD_JPY,2021-10-04 01:00:00,2021-10-08 13:00:00,1.0
CAD_CHF,2021-10-04 05:00:00,2021-10-08 13:00:00,-1.0
EUR_GBP,2021-10-04 13:00:00,2021-10-14 09:00:00,-1.0
USD_JPY,2021-10-04 17:00:00,2021-10-08 13:00:00,1.0
EUR_GBP,2021-10-05 05:00:00,2021-10-15 13:00:00,-1.0
EUR_GBP,2021-10-05 17:00:00,2021-10-15 13:00:00,-1.0
CHF_JPY,2021-10-06 09:00:00,2021-10-11 01:00:00,1.0
EUR_GBP,2021-10-06 13:00:00,2021-10-15 13:00:00,-1.0
EUR_GBP,2021-10-07 01:00:00,2021-10-15 13:00:00,-1.0
EUR_GBP,2021-10-07 13:00:00,2021-10-27 13:00:00,-0.4762017020674726
CAD_CHF,2021-10-08 01:00:00,2021-10-12 13:00:00,-1.0
CAD_CHF,2021-10-08 09:00:00,2021-10-15 05:00:00,-1.0
EUR_GBP,2021-10-08 13:00:00,2021-10-26 09:00:00,-1.0
CAD_CHF,2021-10-11 05:00:00,2021-10-29 05:00:00,0.8264462809917351
EUR_GBP,2021-10-11 09:00:00,2021-10-26 09:00:00,-1.0
EUR_GBP,2021-10-12 13:00:00,2021-11-01 13:00:00,-0.004713923752288002
CAD_CHF,2021-10-12 13:00:00,2021-10-27 05:00:00,1.0
CHF_JPY,2021-10-12 17:00:00,2021-10-15 01:00:00,1.0
CHF_JPY,2021-10-13 01:00:00,2021-10-15 01:00:00,1.0
EUR_GBP,2021-10-13 09:00:00,2021-10-26 09:00:00,-1.0
USD_JPY,2021-10-13 21:00:00,2021-10-19 21:00:00,1.0
EUR_GBP,2021-10-14 09:00:00,2021-11-03 09:00:00,0.21506138702778477
CAD_CHF,2021-10-14 17:00:00,2021-10-27 09:00:00,1.0
CAD_CHF,2021-10-15 01:00:00,2021-10-27 05:00:00,1.0
EUR_GBP,2021-10-15 09:00:00,2021-11-04 09:00:00,1.0
EUR_GBP,2021-10-15 17:00:00,2021-11-04 09:00:00,1.0
EUR_GBP,2021-10-18 01:00:00,2021-11-04 09:00:00,1.0
CHF_JPY,2021-10-18 09:00:00,2021-10-29 09:00:00,1.0
USD_JPY,2021-10-19 01:00:00,2021-11-08 02:00:00,-0.5525635973554038
USD_JPY,2021-10-19 09:00:00,2021-11-08 10:00:00,-0.8146443478032555
EUR_GBP,2021-10-19 13:00:00,2021-11-04 09:00:00,1.0
CAD_CHF,2021-10-20 01:00:00,2021-10-22 13:00:00,1.0
EUR_GBP,2021-10-20 01:00:00,2021-11-04 09:00:00,1.0
CHF_JPY,2021-10-20 09:00:00,2021-11-01 09:00:00,1.0
USD_JPY,2021-10-20 17:00:00,2021-11-08 14:00:00,-1.0
EUR_GBP,2021-10-20 17:00:00,2021-11-04 09:00:00,1.0
USD_JPY,2021-10-21 09:00:00,2021-11-09 02:00:00,-1.0
EUR_GBP,2021-10-21 13:00:00,2021-11-04 09:00:00,1.0
CHF_JPY,2021-10-21 17:00:00,2021-11-01 13:00:00,1.0
USD_JPY,2021-10-21 17:00:00,2021-11-09 02:00:00,-1.0
EUR_GBP,2021-10-21 21:00:00,2021-11-04 09:00:00,1.0
EUR_GBP,2021-10-22 05:00:00,2021-11-04 09:00:00,1.0
CHF_JPY,2021-10-22 17:00:00,2021-11-01 13:00:00,1.0
USD_JPY,2021-10-22 17:00:00,2021-11-11 18:00:00,0.45181518733156617
CHF_JPY,2021-10-25 09:00:00,2021-11-01 09:00:00,1.0
USD_JPY,2021-10-25 09:00:00,2021-11-09 02:00:00,-1.0
EUR_GBP,2021-10-25 13:00:00,2021-11-04 09:00:00,1.0
CAD_CHF,2021-10-25 13:00:00,2021-11-02 01:00:00,1.0
CHF_JPY,2021-10-25 21:00:00,2021-10-29 09:00:00,1.0
CAD_CHF,2021-10-26 05:00:00,2021-10-29 01:00:00,1.0
EUR_GBP,2021-10-26 09:00:00,2021-11-02 05:00:00,1.0
CHF_JPY,2021-10-27 09:00:00,2021-11-01 13:00:00,1.0
USD_JPY,2021-10-27 09:00:00,2021-11-16 10:00:00,0.6235104783178398
CAD_CHF,2021-10-27 17:00:00,2021-11-01 17:00:00,1.0
CHF_JPY,2021-10-28 05:00:00,2021-10-29 09:00:00,1.0
USD_JPY,2021-10-28 05:00:00,2021-11-16 18:00:00,1.0
USD_JPY,2021-10-28 17:00:00,2021-11-16 18:00:00,1.0
CAD_CHF,2021-11-01 05:00:00,2021-11-04 17:00:00,1.0
CHF_JPY,2021-11-02 09:00:00,2021-11-09 10:00:00,-1.0
USD_JPY,2021-11-02 09:00:00,2021-11-16 22:00:00,1.0
CHF_JPY,2021-11-02 17:00:00,2021-11-15 14:00:00,-1.0
USD_JPY,2021-11-05 05:00:00,2021-11-16 22:00:00,1.0
CHF_JPY,2021-11-05 13:00:00,2021-11-16 06:00:00,-1.0
USD_JPY,2021-11-05 17:00:00,2021-11-16 14:00:00,1.0
CHF_JPY,2021-11-08 14:00:00,2021-11-17 22:00:00,-1.0
USD_JPY,2021-11-08 14:00:00,2021-11-16 10:00:00,1.0
CHF_JPY,2021-11-09 06:00:00,2021-11-17 22:00:00,-1.0
USD_JPY,2021-11-09 06:00:00,2021-11-10 18:00:00,1.0
USD_JPY,2021-11-09 18:00:00,2021-11-10 22:00:00,1.0
CAD_CHF,2021-11-10 14:00:00,2021-11-26 06:00:00,1.0
CHF_JPY,2021-11-11 10:00:00,2021-11-29 06:00:00,-1.0
CHF_JPY,2021-11-12 14:00:00,2021-11-17 22:00:00,-1.0
EUR_GBP,2021-11-15 02:00:00,2021-11-16 06:00:00,-1.0
USD_JPY,2021-11-15 02:00:00,2021-11-23 02:00:00,1.0
CAD_CHF,2021-11-15 10:00:00,2021-11-17 02:00:00,-1.0
EUR_GBP,2021-11-15 18:00:00,2021-11-17 06:00:00,-1.0
CHF_JPY,2021-11-15 22:00:00,2021-11-17 22:00:00,-1.0
CAD_CHF,2021-11-16 02:00:00,2021-11-23 06:00:00,1.0
CHF_JPY,2021-11-16 10:00:00,2021-11-29 06:00:00,-1.0
CAD_CHF,2021-11-16 10:00:00,2021-11-18 14:00:00,1.0
EUR_GBP,2021-11-16 10:00:00,2021-11-30 14:00:00,1.0
CHF_JPY,2021-11-16 18:00:00,2021-11-29 06:00:00,-1.0
CAD_CHF,2021-11-16 18:00:00,2021-11-18 14:00:00,1.0
EUR_GBP,2021-11-16 22:00:00,2021-11-30 10:00:00,1.0
CAD_CHF,2021-11-17 06:00:00,2021-11-18 14:00:00,1.0
CHF_JPY,2021-11-17 14:00:00,2021-12-07 14:00:00,-0.12693659679729677
EUR_GBP,2021-11-17 18:00:00,2021-11-26 06:00:00,1.0
USD_JPY,2021-11-17 18:00:00,2021-11-24 14:00:00,1.0
USD_JPY,2021-11-18 02:00:00,2021-11-24 14:00:00,1.0
EUR_GBP,2021-11-18 06:00:00,2021-11-26 14:00:00,1.0
EUR_GBP,2021-11-19 02:00:00,2021-11-30 06:00:00,1.0
USD_JPY,2021-11-19 10:00:00,2021-11-23 02:00:00,1.0
EUR_GBP,2021-11-21 22:00:00,2021-11-26 14:00:00,1.0
EUR_GBP,2021-11-22 06:00:00,2021-11-26 14:00:00,1.0
EUR_GBP,2021-11-22 14:00:00,2021-11-26 14:00:00,1.0
EUR_GBP,2021-11-23 02:00:00,2021-11-26 06:00:00,1.0
CAD_CHF,2021-11-24 02:00:00,2021-11-26 06:00:00,1.0
CHF_JPY,2021-11-24 06:00:00,2021-12-14 06:00:00,0.39218238922067755
CAD_CHF,2021-11-24 10:00:00,2021-11-26 06:00:00,1.0
EUR_GBP,2021-11-24 14:00:00,2021-11-26 14:00:00,1.0
CAD_CHF,2021-11-24 18:00:00,2021-11-26 06:00:00,1.0
CHF_JPY,2021-11-25 22:00:00,2021-12-15 22:00:00,0.27315962765740986
CAD_CHF,2021-11-25 22:00:00,2021-11-26 06:00:00,1.0
USD_JPY,2021-11-26 06:00:00,2021-11-30 06:00:00,-1.0
CHF_JPY,2021-11-26 18:00:00,2021-12-16 18:00:00,0.6642841442864232
USD_JPY,2021-11-26 18:00:00,2021-12-16 18:00:00,0.23362426165916184
USD_JPY,2021-11-29 06:00:00,2021-12-17 06:00:00,0.20644751468953007
CHF_JPY,2021-11-29 06:00:00,2021-12-16 10:00:00,1.0
USD_JPY,2021-11-30 06:00:00,2021-12-15 18:00:00,1.0
USD_JPY,2021-11-30 14:00:00,2021-12-15 18:00:00,1.0
USD_JPY,2021-12-01 18:00:00,2021-12-08 14:00:00,1.0
CHF_JPY,2021-12-01 22:00:00,2021-12-21 22:00:00,0.46198017063985763
USD_JPY,2021-12-02 14:00:00,2021-12-22 14:00:00,1.0
CAD_CHF,2021-12-03 14:00:00,2021-12-06 14:00:00,-1.0
CHF_JPY,2021-12-03 18:00:00,2021-12-22 22:00:00,1.0
USD_JPY,2021-12-03 18:00:00,2021-12-15 18:00:00,1.0
CHF_JPY,2021-12-06 06:00:00,2021-12-22 14:00:00,1.0
CHF_JPY,2021-12-06 18:00:00,2021-12-16 10:00:00,1.0
CAD_CHF,2021-12-06 18:00:00,2021-12-07 14:00:00,-1.0
EUR_GBP,2021-12-07 06:00:00,2021-12-08 18:00:00,1.0
CAD_CHF,2021-12-07 06:00:00,2021-12-13 14:00:00,1.0
CAD_CHF,2021-12-07 14:00:00,2021-12-10 14:00:00,1.0
EUR_GBP,2021-12-07 14:00:00,2021-12-08 18:00:00,1.0
CAD_CHF,2021-12-08 10:00:00,2021-12-10 18:00:00,1.0
USD_JPY,2021-12-09 14:00:00,2021-12-27 06:00:00,1.0
CHF_JPY,2021-12-09 14:00:00,2021-12-22 14:00:00,1.0
USD_JPY,2021-12-10 02:00:00,2021-12-27 06:00:00,1.0
USD_JPY,2021-12-10 18:00:00,2021-12-27 06:00:00,1.0
EUR_GBP,2021-12-13 10:00:00,2021-12-23 10:00:00,-1.0
EUR_GBP,2021-12-14 22:00:00,2021-12-23 10:00:00,-1.0
CHF_JPY,2021-12-15 06:00:00,2021-12-23 10:00:00,1.0
EUR_GBP,2021-12-15 06:00:00,2021-12-23 10:00:00,-1.0
CAD_CHF,2021-12-15 22:00:00,2021-12-20 14:00:00,1.0
CAD_CHF,2021-12-16 10:00:00,2021-12-20 06:00:00,1.0
USD_JPY,2021-12-16 18:00:00,2021-12-27 14:00:00,1.0
USD_JPY,2021-12-17 06:00:00,2021-12-27 10:00:00,1.0
CHF_JPY,2021-12-17 14:00:00,2021-12-23 10:00:00,1.0
CHF_JPY,2021-12-20 02:00:00,2021-12-22 14:00:00,1.0
CAD_CHF,2021-12-21 18:00:00,2021-12-31 14:00:00,-1.0
CAD_CHF,2021-12-22 06:00:00,2022-01-06 14:00:00,-1.0
EUR_GBP,2021-12-22 22:00:00,2021-12-28 14:00:00,-1.0
CAD_CHF,2021-12-22 22:00:00,2022-01-02 22:00:00,-1.0
EUR_GBP,2021-12-23 10:00:00,2022-01-04 14:00:00,-1.0
CAD_CHF,2021-12-23 10:00:00,2022-01-06 14:00:00,-1.0
EUR_GBP,2021-12-23 22:00:00,2022-01-04 06:00:00,-1.0
EUR_GBP,2021-12-24 18:00:00,2021-12-31 06:00:00,-1.0
CHF_JPY,2021-12-24 18:00:00,2021-12-30 10:00:00,1.0
EUR_GBP,2021-12-27 14:00:00,2022-01-04 14:00:00,-1.0
EUR_GBP,2021-12-27 22:00:00,2022-01-04 14:00:00,-1.0
EUR_GBP,2021-12-28 14:00:00,2022-01-04 22:00:00,-1.0
EUR_GBP,2021-12-29 02:00:00,2022-01-04 22:00:00,-1.0
EUR_GBP,2021-12-29 10:00:00,2022-01-11 06:00:00,-1.0
EUR_GBP,2021-12-29 18:00:00,2022-01-11 06:00:00,-1.0
EUR_GBP,2021-12-30 02:00:00,2022-01-19 02:00:00,-0.9164484646512628
CAD_CHF,2021-12-30 10:00:00,2022-01-06 14:00:00,-1.0
EUR_GBP,2021-12-30 14:00:00,2022-01-19 14:00:00,-0.7889405315218603
CAD_CHF,2021-12-30 22:00:00,2022-01-06 14:00:00,-1.0
CAD_CHF,2021-12-31 06:00:00,2022-01-06 18:00:00,-1.0
EUR_GBP,2021-12-31 06:00:00,2022-01-20 06:00:00,-0.7142516455213249
USD_JPY,2021-12-31 18:00:00,2022-01-04 10:00:00,1.0
CAD_CHF,2022-01-02 22:00:00,2022-01-10 02:00:00,-1.0
CAD_CHF,2022-01-03 06:00:00,2022-01-07 10:00:00,-1.0
CHF_JPY,2022-01-03 18:00:00,2022-01-04 14:00:00,1.0
EUR_GBP,2022-01-03 18:00:00,2022-01-21 18:00:00,-0.1980056300395994
EUR_GBP,2022-01-04 14:00:00,2022-01-24 14:00:00,0.89046021093
EUR_GBP,2022-01-05 02:00:00,2022-01-25 02:00:00,0.5078270034613703
CHF_JPY,2022-01-05 10:00:00,2022-01-10 10:00:00,-1.0
EUR_GBP,2022-01-05 22:00:00,2022-01-25 22:00:00,0.16883396795747072
CHF_JPY,2022-01-06 06:00:00,2022-01-10 10:00:00,-1.0
USD_JPY,2022-01-06 10:00:00,2022-01-12 14:00:00,-1.0
CHF_JPY,2022-01-06 18:00:00,2022-01-10 14:00:00,-1.0
CAD_CHF,2022-01-06 18:00:00,2022-01-10 14:00:00,-1.0
EUR_GBP,2022-01-07 02:00:00,2022-01-27 02:00:00,0.08388055409096469
CAD_CHF,2022-01-07 02:00:00,2022-01-10 22:00:00,-1.0
CHF_JPY,2022-01-07 10:00:00,2022-01-10 14:00:00,-1.0
EUR_GBP,2022-01-07 14:00:00,2022-01-27 14:00:00,-0.416088765603332
CAD_CHF,2022-01-07 18:00:00,2022-01-11 10:00:00,-1.0
USD_JPY,2022-01-09 22:00:00,2022-01-12 18:00:00,-1.0
USD_JPY,2022-01-10 10:00:00,2022-01-13 10:00:00,-1.0
EUR_GBP,2022-01-10 14:00:00,2022-01-28 14:00:00,-0.29927933536044726
CAD_CHF,2022-01-10 14:00:00,2022-01-12 10:00:00,-1.0
CHF_JPY,2022-01-10 18:00:00,2022-01-12 14:00:00,1.0
USD_JPY,2022-01-10 18:00:00,2022-01-13 14:00:00,-1.0
EUR_GBP,2022-01-10 22:00:00,2022-01-30 22:00:00,-0.37011307014180594
CAD_CHF,2022-01-10 22:00:00,2022-01-24 06:00:00,1.0
USD_JPY,2022-01-11 06:00:00,2022-01-13 10:00:00,-1.0
EUR_GBP,2022-01-11 10:00:00,2022-01-31 10:00:00,-0.22289596989707092
CAD_CHF,2022-01-11 10:00:00,2022-01-21 18:00:00,1.0
CAD_CHF,2022-01-11 18:00:00,2022-01-14 10:00:00,1.0
CAD_CHF,2022-01-12 10:00:00,2022-01-14 14:00:00,1.0
USD_JPY,2022-01-12 18:00:00,2022-01-14 10:00:00,-1.0
USD_JPY,2022-01-13 02:00:00,2022-02-02 02:00:00,0.15798477759932755
CHF_JPY,2022-01-13 18:00:00,2022-01-20 22:00:00,-1.0
USD_JPY,2022-01-13 18:00:00,2022-01-27 10:00:00,1.0
USD_JPY,2022-01-14 02:00:00,2022-01-18 02:00:00,1.0
CHF_JPY,2022-01-14 02:00:00,2022-01-25 14:00:00,-1.0
CHF_JPY,2022-01-14 14:00:00,2022-01-27 14:00:00,-1.0
USD_JPY,2022-01-14 14:00:00,2022-01-27 10:00:00,1.0
CAD_CHF,2022-01-17 10:00:00,2022-01-24 10:00:00,1.0
CAD_CHF,2022-01-17 18:00:00,2022-01-24 10:00:00,1.0
CAD_CHF,2022-01-18 02:00:00,2022-01-24 06:00:00,1.0
EUR_GBP,2022-01-18 18:00:00,2022-01-24 14:00:00,1.0
CHF_JPY,2022-01-18 18:00:00,2022-01-27 14:00:00,-1.0
USD_JPY,2022-01-18 22:00:00,2022-01-24 06:00:00,-1.0
CAD_CHF,2022-01-18 22:00:00,2022-01-21 14:00:00,1.0
EUR_GBP,2022-01-19 02:00:00,2022-01-24 14:00:00,1.0
USD_JPY,2022-01-19 06:00:00,2022-01-28 06:00:00,1.0
CHF_JPY,2022-01-19 06:00:00,2022-01-25 14:00:00,-1.0
CAD_CHF,2022-01-19 10:00:00,2022-01-21 14:00:00,1.0
USD_JPY,2022-01-19 18:00:00,2022-01-27 14:00:00,1.0
USD_JPY,2022-01-20 14:00:00,2022-01-27 10:00:00,1.0
EUR_GBP,2022-01-20 18:00:00,2022-01-24 14:00:00,1.0
CAD_CHF,2022-01-20 18:00:00,2022-01-21 14:00:00,1.0
CHF_JPY,2022-01-20 18:00:00,2022-02-09 18:00:00,0.4403233323155556
USD_JPY,2022-01-21 02:00:00,2022-01-27 06:00:00,1.0
USD_JPY,2022-01-21 18:00:00,2022-01-27 06:00:00,1.0
CHF_JPY,2022-01-24 06:00:00,2022-02-11 06:00:00,0.35542362002567385
USD_JPY,2022-01-24 10:00:00,2022-01-27 06:00:00,1.0
CHF_JPY,2022-01-24 14:00:00,2022-02-11 14:00:00,0.46153228719348305
CHF_JPY,2022-01-25 06:00:00,2022-02-10 06:00:00,1.0
CAD_CHF,2022-01-25 10:00:00,2022-01-27 10:00:00,-1.0
CAD_CHF,2022-01-25 18:00:00,2022-01-27 10:00:00,-1.0
CHF_JPY,2022-01-25 18:00:00,2022-02-10 06:00:00,1.0
CAD_CHF,2022-01-26 10:00:00,2022-02-02 10:00:00,1.0
EUR_GBP,2022-01-26 22:00:00,2022-02-04 06:00:00,1.0
EUR_GBP,2022-01-27 10:00:00,2022-02-03 22:00:00,1.0
CHF_JPY,2022-01-27 14:00:00,2022-02-09 10:00:00,1.0
CAD_CHF,2022-01-27 14:00:00,2022-02-02 10:00:00,1.0
EUR_GBP,2022-01-28 06:00:00,2022-02-03 14:00:00,1.0
EUR_GBP,2022-01-28 14:00:00,2022-02-03 14:00:00,1.0
CHF_JPY,2022-01-28 18:00:00,2022-02-03 14:00:00,1.0
EUR_GBP,2022-01-30 22:00:00,2022-02-03 14:00:00,1.0
CAD_CHF,2022-01-31 06:00:00,2022-02-02 10:00:00,1.0
EUR_GBP,2022-01-31 10:00:00,2022-02-03 14:00:00,1.0
USD_JPY,2022-01-31 18:00:00,2022-02-10 14:00:00,1.0
USD_JPY,2022-02-01 10:00:00,2022-02-10 06:00:00,1.0
USD_JPY,2022-02-01 18:00:00,2022-02-10 06:00:00,1.0
USD_JPY,2022-02-02 10:00:00,2022-02-08 14:00:00,1.0
USD_JPY,2022-02-02 18:00:00,2022-02-08 14:00:00,1.0
CHF_JPY,2022-02-06 22:00:00,2022-02-24 22:00:00,0.24246511553221187
CAD_CHF,2022-02-07 06:00:00,2022-02-21 10:00:00,1.0
CHF_JPY,2022-02-07 10:00:00,2022-02-25 10:00:00,0.008826550263199616
CAD_CHF,2022-02-07 18:00:00,2022-02-21 06:00:00,1.0
CAD_CHF,2022-02-08 02:00:00,2022-02-21 06:00:00,1.0
EUR_GBP,2022-02-09 14:00:00,2022-02-11 18:00:00,-1.0
CAD_CHF,2022-02-09 22:00:00,2022-02-21 06:00:00,1.0
CAD_CHF,2022-02-10 06:00:00,2022-02-21 06:00:00,1.0
EUR_GBP,2022-02-10 14:00:00,2022-02-17 10:00:00,-1.0
EUR_GBP,2022-02-11 02:00:00,2022-02-18 18:00:00,-1.0
EUR_GBP,2022-02-11 14:00:00,2022-03-02 14:00:00,-1.0
USD_JPY,2022-02-14 02:00:00,2022-03-04 02:00:00,0.0008662433624020627
CHF_JPY,2022-02-14 10:00:00,2022-03-04 10:00:00,0.5023917694286272
USD_JPY,2022-02-14 10:00:00,2022-03-04 10:00:00,-0.08743453231181973
EUR_GBP,2022-02-14 14:00:00,2022-03-03 06:00:00,-1.0
CAD_CHF,2022-02-15 10:00:00,2022-02-21 14:00:00,1.0
USD_JPY,2022-02-16 22:00:00,2022-03-08 22:00:00,0.34984412885347965
USD_JPY,2022-02-17 06:00:00,2022-03-09 06:00:00,0.6489895918402793
USD_JPY,2022-02-17 14:00:00,2022-03-09 14:00:00,0.6292259825137765
EUR_GBP,2022-02-17 14:00:00,2022-03-04 10:00:00,-1.0
USD_JPY,2022-02-17 22:00:00,2022-03-09 22:00:00,0.7798794573845345
EUR_GBP,2022-02-18 18:00:00,2022-03-04 10:00:00,-1.0
USD_JPY,2022-02-21 22:00:00,2022-03-08 22:00:00,1.0
EUR_GBP,2022-02-21 22:00:00,2022-03-04 10:00:00,-1.0
EUR_GBP,2022-02-22 06:00:00,2022-03-04 10:00:00,-1.0
CHF_JPY,2022-02-22 10:00:00,2022-03-14 09:00:00,1.0
CAD_CHF,2022-02-22 14:00:00,2022-03-03 06:00:00,-1.0
CHF_JPY,2022-02-22 18:00:00,2022-03-14 09:00:00,1.0
CAD_CHF,2022-02-23 14:00:00,2022-02-25 18:00:00,-1.0
USD_JPY,2022-02-24 06:00:00,2022-03-08 22:00:00,1.0
EUR_GBP,2022-02-24 06:00:00,2022-03-03 22:00:00,-1.0
CHF_JPY,2022-02-24 10:00:00,2022-03-03 06:00:00,1.0
CHF_JPY,2022-02-25 10:00:00,2022-03-14 05:00:00,1.0
CAD_CHF,2022-02-25 14:00:00,2022-03-04 10:00:00,1.0
CAD_CHF,2022-02-27 22:00:00,2022-03-11 10:00:00,-1.0
USD_JPY,2022-02-28 22:00:00,2022-03-10 22:00:00,1.0
CHF_JPY,2022-03-01 10:00:00,2022-03-14 09:00:00,1.0
USD_JPY,2022-03-01 10:00:00,2022-03-09 22:00:00,1.0
EUR_GBP,2022-03-01 14:00:00,2022-03-04 06:00:00,-1.0
USD_JPY,2022-03-01 18:00:00,2022-03-09 22:00:00,1.0
CHF_JPY,2022-03-01 18:00:00,2022-03-14 09:00:00,1.0
EUR_GBP,2022-03-02 14:00:00,2022-03-06 22:00:00,-1.0
EUR_GBP,2022-03-02 22:00:00,2022-03-06 22:00:00,-1.0
CAD_CHF,2022-03-02 22:00:00,2022-03-04 10:00:00,1.0
CAD_CHF,2022-03-03 06:00:00,2022-03-04 10:00:00,1.0
EUR_GBP,2022-03-03 06:00:00,2022-03-09 10:00:00,1.0
EUR_GBP,2022-03-04 06:00:00,2022-03-09 10:00:00,1.0
USD_JPY,2022-03-04 10:00:00,2022-03-11 02:00:00,1.0
EUR_GBP,2022-03-04 14:00:00,2022-03-08 14:00:00,1.0
USD_JPY,2022-03-04 18:00:00,2022-03-09 22:00:00,1.0
CHF_JPY,2022-03-04 18:00:00,2022-03-16 21:00:00,1.0
CHF_JPY,2022-03-07 02:00:00,2022-03-14 09:00:00,1.0
EUR_GBP,2022-03-07 02:00:00,2022-03-08 06:00:00,1.0
CHF_JPY,2022-03-07 10:00:00,2022-03-14 05:00:00,1.0
CAD_CHF,2022-03-07 10:00:00,2022-03-11 14:00:00,-1.0
CAD_CHF,2022-03-09 14:00:00,2022-03-10 18:00:00,-1.0
CHF_JPY,2022-03-10 14:00:00,2022-03-14 09:00:00,1.0
CAD_CHF,2022-03-10 14:00:00,2022-03-15 13:00:00,-1.0
CAD_CHF,2022-03-11 10:00:00,2022-03-16 09:00:00,-1.0
CAD_CHF,2022-03-14 01:00:00,2022-03-16 09:00:00,-1.0
CHF_JPY,2022-03-15 09:00:00,2022-03-18 05:00:00,1.0
CAD_CHF,2022-03-15 17:00:00,2022-03-25 13:00:00,-1.0
CAD_CHF,2022-03-16 13:00:00,2022-03-28 01:00:00,-1.0
CAD_CHF,2022-03-16 21:00:00,2022-03-28 05:00:00,-1.0
CAD_CHF,2022-03-17 09:00:00,2022-03-28 05:00:00,-1.0
EUR_GBP,2022-03-17 09:00:00,2022-03-22 05:00:00,-1.0
USD_JPY,2022-03-17 17:00:00,2022-03-21 21:00:00,1.0
EUR_GBP,2022-03-20 21:00:00,2022-03-22 13:00:00,-1.0
EUR_GBP,2022-03-22 01:00:00,2022-03-29 09:00:00,1.0
CAD_CHF,2022-03-22 05:00:00,2022-03-28 01:00:00,-1.0
EUR_GBP,2022-03-22 17:00:00,2022-03-29 05:00:00,1.0
EUR_GBP,2022-03-23 01:00:00,2022-03-28 13:00:00,1.0
CHF_JPY,2022-03-23 09:00:00,2022-03-24 09:00:00,1.0
EUR_GBP,2022-03-23 13:00:00,2022-03-29 09:00:00,1.0
EUR_GBP,2022-03-24 05:00:00,2022-03-29 09:00:00,1.0
EUR_GBP,2022-03-24 13:00:00,2022-03-29 09:00:00,1.0
CAD_CHF,2022-03-25 17:00:00,2022-03-31 01:00:00,1.0
CAD_CHF,2022-03-28 05:00:00,2022-03-30 05:00:00,1.0
CHF_JPY,2022-03-29 05:00:00,2022-03-30 01:00:00,-1.0
USD_JPY,2022-03-29 17:00:00,2022-03-30 01:00:00,-1.0
USD_JPY,2022-03-30 09:00:00,2022-04-05 13:00:00,1.0
USD_JPY,2022-03-30 21:00:00,2022-04-05 13:00:00,1.0
CHF_JPY,2022-03-31 13:00:00,2022-04-06 01:00:00,1.0
USD_JPY,2022-03-31 17:00:00,2022-04-01 13:00:00,1.0
CAD_CHF,2022-04-01 05:00:00,2022-04-05 13:00:00,-1.0
CAD_CHF,2022-04-01 13:00:00,2022-04-05 13:00:00,-1.0
EUR_GBP,2022-04-01 13:00:00,2022-04-05 13:00:00,-1.0
EUR_GBP,2022-04-03 21:00:00,2022-04-05 09:00:00,-1.0
CHF_JPY,2022-04-04 01:00:00,2022-04-11 05:00:00,1.0
EUR_GBP,2022-04-04 09:00:00,2022-04-07 21:00:00,-1.0
CHF_JPY,2022-04-04 09:00:00,2022-04-11 05:00:00,1.0
CAD_CHF,2022-04-04 09:00:00,2022-04-14 13:00:00,-1.0
EUR_GBP,2022-04-04 21:00:00,2022-04-14 09:00:00,-1.0
CAD_CHF,2022-04-04 21:00:00,2022-04-14 13:00:00,-1.0
CHF_JPY,2022-04-05 05:00:00,2022-04-11 05:00:00,1.0
EUR_GBP,2022-04-05 05:00:00,2022-04-14 13:00:00,-1.0
CAD_CHF,2022-04-05 09:00:00,2022-04-12 01:00:00,1.0
EUR_GBP,2022-04-05 13:00:00,2022-04-14 13:00:00,-1.0
EUR_GBP,2022-04-06 01:00:00,2022-04-14 13:00:00,-1.0
CAD_CHF,2022-04-06 13:00:00,2022-04-11 13:00:00,1.0
EUR_GBP,2022-04-06 21:00:00,2022-04-14 13:00:00,-1.0
CHF_JPY,2022-04-07 01:00:00,2022-04-11 05:00:00,1.0
EUR_GBP,2022-04-07 09:00:00,2022-04-14 13:00:00,-1.0
EUR_GBP,2022-04-08 01:00:00,2022-04-22 09:00:00,1.0
CAD_CHF,2022-04-08 13:00:00,2022-04-14 13:00:00,-1.0
EUR_GBP,2022-04-12 17:00:00,2022-04-22 17:00:00,1.0
EUR_GBP,2022-04-13 01:00:00,2022-04-24 21:00:00,1.0
CAD_CHF,2022-04-13 05:00:00,2022-04-13 21:00:00,-1.0
CAD_CHF,2022-04-13 17:00:00,2022-04-18 21:00:00,-1.0
CHF_JPY,2022-04-13 21:00:00,2022-04-19 05:00:00,1.0
EUR_GBP,2022-04-13 21:00:00,2022-04-22 09:00:00,1.0
USD_JPY,2022-04-14 05:00:00,2022-04-15 05:00:00,1.0
CHF_JPY,2022-04-14 09:00:00,2022-04-19 01:00:00,1.0
CAD_CHF,2022-04-14 09:00:00,2022-04-19 09:00:00,-1.0
EUR_GBP,2022-04-14 13:00:00,2022-04-22 05:00:00,1.0
CHF_JPY,2022-04-14 17:00:00,2022-04-19 01:00:00,1.0
EUR_GBP,2022-04-14 21:00:00,2022-04-21 05:00:00,1.0
CAD_CHF,2022-04-14 21:00:00,2022-04-19 17:00:00,-1.0
EUR_GBP,2022-04-15 05:00:00,2022-04-21 05:00:00,1.0
CAD_CHF,2022-04-15 05:00:00,2022-04-19 21:00:00,-1.0
EUR_GBP,2022-04-15 17:00:00,2022-04-22 05:00:00,1.0
EUR_GBP,2022-04-18 01:00:00,2022-04-22 05:00:00,1.0
CAD_CHF,2022-04-18 21:00:00,2022-04-20 13:00:00,-1.0
CAD_CHF,2022-04-19 05:00:00,2022-04-20 13:00:00,-1.0
CAD_CHF,2022-04-20 01:00:00,2022-04-26 13:00:00,1.0
CAD_CHF,2022-04-20 13:00:00,2022-04-24 21:00:00,1.0
CHF_JPY,2022-04-20 17:00:00,2022-04-25 13:00:00,-1.0
USD_JPY,2022-04-20 21:00:00,2022-04-28 01:00:00,1.000000000000011
CAD_CHF,2022-04-21 01:00:00,2022-04-22 09:00:00,1.0
CHF_JPY,2022-04-21 17:00:00,2022-04-25 13:00:00,-1.0
CHF_JPY,2022-04-22 05:00:00,2022-04-26 09:00:00,-1.0
CHF_JPY,2022-04-25 09:00:00,2022-04-26 13:00:00,-1.0
USD_JPY,2022-04-25 09:00:00,2022-04-28 01:00:00,1.0
CHF_JPY,2022-04-25 17:00:00,2022-04-26 17:00:00,-1.0
USD_JPY,2022-04-25 17:00:00,2022-04-28 01:00:00,1.000000000000011
CHF_JPY,2022-04-26 01:00:00,2022-04-26 17:00:00,-1.0
USD_JPY,2022-04-26 01:00:00,2022-04-28 01:00:00,1.0
CAD_CHF,2022-04-26 05:00:00,2022-04-29 01:00:00,-1.0
CHF_JPY,2022-04-26 13:00:00,2022-04-28 05:00:00,1.0
USD_JPY,2022-04-26 13:00:00,2022-04-27 21:00:00,1.0
CHF_JPY,2022-04-26 21:00:00,2022-04-28 05:00:00,1.0
USD_JPY,2022-04-26 21:00:00,2022-04-27 21:00:00,1.0
CAD_CHF,2022-04-28 09:00:00,2022-05-04 09:00:00,-1.0
EUR_GBP,2022-04-28 09:00:00,2022-05-05 09:00:00,1.0
CAD_CHF,2022-04-29 05:00:00,2022-05-04 13:00:00,-1.0
CAD_CHF,2022-04-29 13:00:00,2022-05-04 09:00:00,-1.0
EUR_GBP,2022-04-29 17:00:00,2022-05-05 09:00:00,1.0
USD_JPY,2022-04-29 17:00:00,2022-05-09 05:00:00,1.0
CHF_JPY,2022-04-29 17:00:00,2022-05-04 17:00:00,-1.0
EUR_GBP,2022-05-02 01:00:00,2022-05-05 09:00:00,1.0
EUR_GBP,2022-05-02 09:00:00,2022-05-05 09:00:00,1.0
CHF_JPY,2022-05-02 17:00:00,2022-05-05 17:00:00,-1.0
CHF_JPY,2022-05-03 05:00:00,2022-05-09 13:00:00,-1.0
CAD_CHF,2022-05-03 05:00:00,2022-05-04 17:00:00,-1.0
EUR_GBP,2022-05-03 09:00:00,2022-05-05 09:00:00,1.0
USD_JPY,2022-05-03 13:00:00,2022-05-04 17:00:00,-1.0
CAD_CHF,2022-05-04 01:00:00,2022-05-13 01:00:00,-1.0
CHF_JPY,2022-05-04 09:00:00,2022-05-09 13:00:00,-1.0
CAD_CHF,2022-05-04 09:00:00,2022-05-13 13:00:00,-1.0
USD_JPY,2022-05-04 13:00:00,2022-05-04 17:00:00,-1.0
CHF_JPY,2022-05-04 17:00:00,2022-05-09 13:00:00,-1.0
CAD_CHF,2022-05-04 17:00:00,2022-05-13 01:00:00,-1.0
USD_JPY,2022-05-04 21:00:00,2022-05-05 13:00:00,1.0
CAD_CHF,2022-05-05 13:00:00,2022-05-10 01:00:00,1.0
CHF_JPY,2022-05-05 17:00:00,2022-05-09 13:00:00,-1.0
CAD_CHF,2022-05-09 09:00:00,2022-05-13 13:00:00,-1.0
USD_JPY,2022-05-09 17:00:00,2022-05-12 05:00:00,-1.0
CHF_JPY,2022-05-10 01:00:00,2022-05-11 21:00:00,-1.0
USD_JPY,2022-05-10 01:00:00,2022-05-12 05:00:00,-1.0
CHF_JPY,2022-05-10 09:00:00,2022-05-12 05:00:00,-1.0
USD_JPY,2022-05-10 13:00:00,2022-05-12 05:00:00,-1.0
USD_JPY,2022-05-11 09:00:00,2022-05-11 17:00:00,-1.0
CHF_JPY,2022-05-11 17:00:00,2022-05-12 05:00:00,-1.0
USD_JPY,2022-05-11 17:00:00,2022-05-12 05:00:00,-1.0
USD_JPY,2022-05-12 01:00:00,2022-05-12 05:00:00,-1.0
CAD_CHF,2022-05-12 01:00:00,2022-05-13 13:00:00,-1.0
CHF_JPY,2022-05-12 09:00:00,2022-05-17 05:00:00,0.9999999999999889
USD_JPY,2022-05-12 13:00:00,2022-05-17 13:00:00,1.0
CAD_CHF,2022-05-12 13:00:00,2022-05-13 17:00:00,-1.0
EUR_GBP,2022-05-12 17:00:00,2022-05-17 05:00:00,-1.0
USD_JPY,2022-05-12 21:00:00,2022-05-19 09:00:00,-1.0
EUR_GBP,2022-05-13 01:00:00,2022-05-17 05:00:00,-1.0
CAD_CHF,2022-05-13 05:00:00,2022-05-13 17:00:00,-1.0
CAD_CHF,2022-05-13 17:00:00,2022-05-18 13:00:00,1.0
EUR_GBP,2022-05-15 21:00:00,2022-05-17 05:00:00,-1.0
CAD_CHF,2022-05-16 01:00:00,2022-05-16 21:00:00,-1.0
CAD_CHF,2022-05-16 09:00:00,2022-05-18 13:00:00,1.0
EUR_GBP,2022-05-16 21:00:00,2022-05-24 05:00:00,1.0
CAD_CHF,2022-05-17 05:00:00,2022-05-18 13:00:00,1.0
EUR_GBP,2022-05-17 05:00:00,2022-05-18 05:00:00,1.0
USD_JPY,2022-05-18 05:00:00,2022-05-18 21:00:00,-1.0
CHF_JPY,2022-05-18 13:00:00,2022-05-19 13:00:00,1.0
USD_JPY,2022-05-18 13:00:00,2022-05-19 13:00:00,-1.0
USD_JPY,2022-05-19 09:00:00,2022-05-31 09:00:00,1.000000000000011
CHF_JPY,2022-05-20 13:00:00,2022-05-23 09:00:00,1.0
EUR_GBP,2022-05-23 05:00:00,2022-05-24 05:00:00,1.0
USD_JPY,2022-05-23 05:00:00,2022-05-31 13:00:00,1.000000000000011
CHF_JPY,2022-05-24 17:00:00,2022-05-30 21:00:00,1.0
USD_JPY,2022-05-24 17:00:00,2022-05-30 21:00:00,0.9999999999999888
USD_JPY,2022-05-26 09:00:00,2022-05-31 09:00:00,1.0
CAD_CHF,2022-05-26 17:00:00,2022-05-30 21:00:00,-1.0
USD_JPY,2022-05-27 05:00:00,2022-05-31 01:00:00,1.0
EUR_GBP,2022-05-27 05:00:00,2022-06-09 09:00:00,1.0
CAD_CHF,2022-05-27 09:00:00,2022-05-31 13:00:00,-1.0
EUR_GBP,2022-05-27 13:00:00,2022-06-03 17:00:00,1.0
EUR_GBP,2022-05-30 01:00:00,2022-06-13 09:00:00,1.0
CAD_CHF,2022-05-30 01:00:00,2022-06-01 09:00:00,-1.0
CAD_CHF,2022-05-30 13:00:00,2022-06-01 13:00:00,-1.0
CAD_CHF,2022-05-31 01:00:00,2022-06-03 09:00:00,-1.0
CAD_CHF,2022-05-31 09:00:00,2022-06-03 09:00:00,-1.0
CAD_CHF,2022-06-01 09:00:00,2022-06-06 13:00:00,-1.0
CAD_CHF,2022-06-03 09:00:00,2022-06-06 17:00:00,-1.0
CAD_CHF,2022-06-06 01:00:00,2022-06-06 17:00:00,-1.0
CAD_CHF,2022-06-06 17:00:00,2022-06-08 05:00:00,-1.0
CAD_CHF,2022-06-07 09:00:00,2022-06-14 05:00:00,1.0
CAD_CHF,2022-06-07 17:00:00,2022-06-14 05:00:00,1.0
EUR_GBP,2022-06-07 17:00:00,2022-06-09 09:00:00,1.0
CAD_CHF,2022-06-08 01:00:00,2022-06-10 05:00:00,1.0
CAD_CHF,2022-06-08 09:00:00,2022-06-09 13:00:00,1.0
CAD_CHF,2022-06-08 21:00:00,2022-06-09 13:00:00,1.0
EUR_GBP,2022-06-09 21:00:00,2022-06-13 09:00:00,1.0
CHF_JPY,2022-06-10 13:00:00,2022-06-13 13:00:00,-1.0
EUR_GBP,2022-06-10 13:00:00,2022-06-14 09:00:00,1.0
CHF_JPY,2022-06-13 13:00:00,2022-06-16 05:00:00,1.0
CHF_JPY,2022-06-14 17:00:00,2022-06-16 05:00:00,1.0
CAD_CHF,2022-06-14 17:00:00,2022-06-16 05:00:00,1.0
CHF_JPY,2022-06-15 17:00:00,2022-06-16 05:00:00,1.0
USD_JPY,2022-06-15 21:00:00,2022-06-16 09:00:00,-1.0
USD_JPY,2022-06-16 09:00:00,2022-06-17 01:00:00,1.0
EUR_GBP,2022-06-16 17:00:00,2022-06-23 01:00:00,1.0
USD_JPY,2022-06-16 17:00:00,2022-06-17 01:00:00,1.0
EUR_GBP,2022-06-17 09:00:00,2022-06-28 09:00:00,1.0
CAD_CHF,2022-06-20 21:00:00,2022-06-23 13:00:00,1.0
CAD_CHF,2022-06-21 05:00:00,2022-06-23 13:00:00,1.0
CAD_CHF,2022-06-21 21:00:00,2022-06-23 13:00:00,1.0
CHF_JPY,2022-06-22 09:00:00,2022-06-28 09:00:00,1.0
CHF_JPY,2022-06-23 09:00:00,2022-06-24 09:00:00,1.0
USD_JPY,2022-06-23 13:00:00,2022-06-28 09:00:00,1.0
EUR_GBP,2022-06-23 13:00:00,2022-07-07 09:00:00,-1.0
EUR_GBP,2022-06-23 21:00:00,2022-07-01 09:00:00,1.0
USD_JPY,2022-06-24 05:00:00,2022-06-28 09:00:00,1.0
EUR_GBP,2022-06-24 05:00:00,2022-07-01 09:00:00,1.0
EUR_GBP,2022-06-24 13:00:00,2022-07-07 09:00:00,-1.0
CAD_CHF,2022-06-27 09:00:00,2022-07-07 21:00:00,-1.0
CAD_CHF,2022-06-28 13:00:00,2022-07-07 17:00:00,-1.0
CHF_JPY,2022-06-29 05:00:00,2022-07-01 01:00:00,-1.0
CHF_JPY,2022-06-30 13:00:00,2022-07-01 05:00:00,-1.0
EUR_GBP,2022-06-30 13:00:00,2022-07-07 05:00:00,-1.0
USD_JPY,2022-06-30 17:00:00,2022-07-11 01:00:00,1.0
CHF_JPY,2022-07-01 05:00:00,2022-07-05 13:00:00,-1.0
USD_JPY,2022-07-01 05:00:00,2022-07-11 01:00:00,1.0
CAD_CHF,2022-07-01 13:00:00,2022-07-08 05:00:00,-1.0
USD_JPY,2022-07-01 13:00:00,2022-07-11 01:00:00,1.0
CHF_JPY,2022-07-01 13:00:00,2022-07-06 09:00:00,-1.0
CAD_CHF,2022-07-03 21:00:00,2022-07-07 17:00:00,-1.0
USD_JPY,2022-07-04 01:00:00,2022-07-08 09:00:00,1.0
CAD_CHF,2022-07-04 09:00:00,2022-07-08 13:00:00,-1.0
CAD_CHF,2022-07-04 21:00:00,2022-07-08 13:00:00,-1.0
CHF_JPY,2022-07-05 09:00:00,2022-07-06 09:00:00,-1.0
EUR_GBP,2022-07-05 09:00:00,2022-07-07 05:00:00,-1.0
CHF_JPY,2022-07-05 17:00:00,2022-07-06 09:00:00,-1.0
EUR_GBP,2022-07-06 01:00:00,2022-07-07 09:00:00,-1.0
CHF_JPY,2022-07-06 05:00:00,2022-07-14 05:00:00,1.0
USD_JPY,2022-07-06 09:00:00,2022-07-08 09:00:00,1.0
EUR_GBP,2022-07-06 17:00:00,2022-07-07 13:00:00,-1.0
EUR_GBP,2022-07-07 05:00:00,2022-07-11 21:00:00,-1.0
CHF_JPY,2022-07-07 13:00:00,2022-07-14 05:00:00,1.0
EUR_GBP,2022-07-07 17:00:00,2022-07-19 09:00:00,1.0
CAD_CHF,2022-07-07 21:00:00,2022-07-13 13:00:00,-1.0
USD_JPY,2022-07-08 05:00:00,2022-07-11 01:00:00,1.0
CHF_JPY,2022-07-08 05:00:00,2022-07-11 13:00:00,1.0
CAD_CHF,2022-07-08 13:00:00,2022-07-22 13:00:00,1.0
EUR_GBP,2022-07-08 17:00:00,2022-07-21 09:00:00,1.0
CAD_CHF,2022-07-11 01:00:00,2022-07-22 13:00:00,1.0
EUR_GBP,2022-07-11 01:00:00,2022-07-21 09:00:00,1.0
EUR_GBP,2022-07-11 13:00:00,2022-07-21 09:00:00,1.0
CAD_CHF,2022-07-11 21:00:00,2022-07-14 13:00:00,1.0
EUR_GBP,2022-07-11 21:00:00,2022-07-19 05:00:00,1.0
CHF_JPY,2022-07-12 09:00:00,2022-07-13 09:00:00,1.0
USD_JPY,2022-07-12 17:00:00,2022-07-14 01:00:00,1.0
EUR_GBP,2022-07-12 21:00:00,2022-07-19 05:00:00,1.0
EUR_GBP,2022-07-13 05:00:00,2022-07-19 05:00:00,1.0
USD_JPY,2022-07-18 01:00:00,2022-07-22 09:00:00,-1.0
USD_JPY,2022-07-18 09:00:00,2022-07-22 09:00:00,-1.0
CAD_CHF,2022-07-18 13:00:00,2022-07-22 13:00:00,1.0
USD_JPY,2022-07-18 17:00:00,2022-07-22 09:00:00,-1.0
CHF_JPY,2022-07-18 17:00:00,2022-07-19 21:00:00,1.0
CHF_JPY,2022-07-19 01:00:00,2022-07-19 21:00:00,1.0
USD_JPY,2022-07-19 09:00:00,2022-07-22 13:00:00,-1.0
CAD_CHF,2022-07-20 09:00:00,2022-07-22 17:00:00,1.0
CHF_JPY,2022-07-20 17:00:00,2022-07-28 09:00:00,-1.0
CAD_CHF,2022-07-20 17:00:00,2022-07-22 13:00:00,1.0
CAD_CHF,2022-07-21 01:00:00,2022-07-22 13:00:00,1.0
USD_JPY,2022-07-21 21:00:00,2022-07-22 13:00:00,-1.0
CHF_JPY,2022-07-21 21:00:00,2022-07-28 09:00:00,-1.0
EUR_GBP,2022-07-22 09:00:00,2022-07-26 13:00:00,-1.0
USD_JPY,2022-07-22 13:00:00,2022-07-27 13:00:00,1.0
CHF_JPY,2022-07-22 13:00:00,2022-07-29 01:00:00,-1.0
EUR_GBP,2022-07-24 21:00:00,2022-07-26 13:00:00,-1.0
USD_JPY,2022-07-25 05:00:00,2022-07-28 09:00:00,-1.0
EUR_GBP,2022-07-25 17:00:00,2022-07-27 09:00:00,-1.0
CAD_CHF,2022-07-25 21:00:00,2022-07-29 09:00:00,1.0
CAD_CHF,2022-07-26 05:00:00,2022-07-28 13:00:00,1.0
EUR_GBP,2022-07-26 05:00:00,2022-07-27 09:00:00,-1.0
EUR_GBP,2022-07-26 13:00:00,2022-08-04 09:00:00,-1.0
EUR_GBP,2022-07-26 21:00:00,2022-08-15 21:00:00,0.15202261336374526
EUR_GBP,2022-07-27 09:00:00,2022-08-16 09:00:00,-0.07363332977043763
EUR_GBP,2022-07-27 17:00:00,2022-08-12 09:00:00,1.0
CHF_JPY,2022-07-28 01:00:00,2022-07-29 01:00:00,-1.0
EUR_GBP,2022-07-28 01:00:00,2022-08-12 09:00:00,1.0
USD_JPY,2022-07-28 01:00:00,2022-07-29 01:00:00,-1.0
EUR_GBP,2022-07-28 09:00:00,2022-08-09 13:00:00,1.0
CHF_JPY,2022-07-28 13:00:00,2022-08-01 01:00:00,-1.0
USD_JPY,2022-07-28 21:00:00,2022-07-29 01:00:00,-1.0
EUR_GBP,2022-07-29 05:00:00,2022-08-12 09:00:00,1.0
CHF_JPY,2022-07-29 09:00:00,2022-08-01 13:00:00,-1.0
EUR_GBP,2022-07-29 17:00:00,2022-08-12 09:00:00,1.0
USD_JPY,2022-08-01 01:00:00,2022-08-01 21:00:00,-1.0
EUR_GBP,2022-08-01 13:00:00,2022-08-09 05:00:00,1.0
CHF_JPY,2022-08-01 21:00:00,2022-08-02 21:00:00,1.0
USD_JPY,2022-08-01 21:00:00,2022-08-02 13:00:00,1.0
CHF_JPY,2022-08-02 05:00:00,2022-08-02 17:00:00,1.0
USD_JPY,2022-08-02 13:00:00,2022-08-02 21:00:00,1.0
CHF_JPY,2022-08-02 13:00:00,2022-08-05 09:00:00,1.0
EUR_GBP,2022-08-02 17:00:00,2022-08-05 09:00:00,1.0
CAD_CHF,2022-08-03 01:00:00,2022-08-03 13:00:00,-1.0
CAD_CHF,2022-08-03 13:00:00,2022-08-05 09:00:00,1.0
EUR_GBP,2022-08-03 17:00:00,2022-08-09 09:00:00,1.0
EUR_GBP,2022-08-04 01:00:00,2022-08-05 13:00:00,1.0
USD_JPY,2022-08-04 21:00:00,2022-08-05 09:00:00,1.0
USD_JPY,2022-08-05 09:00:00,2022-08-10 09:00:00,-1.0
CAD_CHF,2022-08-08 13:00:00,2022-08-10 09:00:00,1.0
USD_JPY,2022-08-10 17:00:00,2022-08-16 09:00:00,1.0
CHF_JPY,2022-08-11 01:00:00,2022-08-19 05:00:00,1.0
USD_JPY,2022-08-11 01:00:00,2022-08-11 09:00:00,-1.0
USD_JPY,2022-08-11 13:00:00,2022-08-16 09:00:00,1.0
CAD_CHF,2022-08-12 05:00:00,2022-08-15 09:00:00,1.0
CHF_JPY,2022-08-15 13:00:00,2022-08-17 13:00:00,1.0
USD_JPY,2022-08-15 13:00:00,2022-08-16 09:00:00,1.0
EUR_GBP,2022-08-15 17:00:00,2022-08-29 05:00:00,1.0
EUR_GBP,2022-08-16 13:00:00,2022-08-19 09:00:00,1.0
CAD_CHF,2022-08-16 17:00:00,2022-08-25 09:00:00,-1.0
EUR_GBP,2022-08-17 01:00:00,2022-08-19 09:00:00,1.0
CAD_CHF,2022-08-18 21:00:00,2022-08-24 21:00:00,-1.0
CAD_CHF,2022-08-19 05:00:00,2022-08-23 21:00:00,-1.0
CHF_JPY,2022-08-22 17:00:00,2022-09-06 05:00:00,1.0
CHF_JPY,2022-08-23 01:00:00,2022-09-06 01:00:00,1.0
CHF_JPY,2022-08-23 09:00:00,2022-08-29 05:00:00,1.0
EUR_GBP,2022-08-23 09:00:00,2022-08-29 05:00:00,1.0
CAD_CHF,2022-08-23 13:00:00,2022-09-09 05:00:00,1.0
EUR_GBP,2022-08-23 17:00:00,2022-08-29 01:00:00,1.0
CAD_CHF,2022-08-24 01:00:00,2022-09-09 09:00:00,1.0
CHF_JPY,2022-08-24 05:00:00,2022-08-29 05:00:00,1.0
EUR_GBP,2022-08-24 09:00:00,2022-08-29 05:00:00,1.0
CAD_CHF,2022-08-24 21:00:00,2022-09-09 05:00:00,1.0
CAD_CHF,2022-08-25 09:00:00,2022-09-09 05:00:00,1.0
USD_JPY,2022-08-25 09:00:00,2022-08-28 21:00:00,1.0
EUR_GBP,2022-08-25 17:00:00,2022-08-29 05:00:00,1.0
USD_JPY,2022-08-25 21:00:00,2022-08-28 21:00:00,1.0
CAD_CHF,2022-08-29 17:00:00,2022-09-09 05:00:00,1.0
CAD_CHF,2022-08-30 09:00:00,2022-09-08 09:00:00,1.0
CHF_JPY,2022-08-30 09:00:00,2022-09-06 05:00:00,1.0
CHF_JPY,2022-08-30 17:00:00,2022-09-06 05:00:00,1.0
CHF_JPY,2022-08-31 09:00:00,2022-09-02 01:00:00,1.0
CAD_CHF,2022-09-02 13:00:00,2022-09-08 09:00:00,1.0
EUR_GBP,2022-09-06 01:00:00,2022-09-08 05:00:00,1.0
CAD_CHF,2022-09-06 13:00:00,2022-09-08 09:00:00,1.0
EUR_GBP,2022-09-06 13:00:00,2022-09-07 13:00:00,1.0
USD_JPY,2022-09-09 09:00:00,2022-09-13 09:00:00,1.0
USD_JPY,2022-09-13 01:00:00,2022-09-13 09:00:00,1.0
EUR_GBP,2022-09-13 01:00:00,2022-09-16 05:00:00,1.0
EUR_GBP,2022-09-13 09:00:00,2022-09-16 13:00:00,1.0
USD_JPY,2022-09-13 09:00:00,2022-09-14 05:00:00,-1.0
EUR_GBP,2022-09-14 13:00:00,2022-09-16 05:00:00,1.0
CHF_JPY,2022-09-14 13:00:00,2022-09-22 01:00:00,1.0
USD_JPY,2022-09-15 01:00:00,2022-09-22 01:00:00,1.0
CAD_CHF,2022-09-15 05:00:00,2022-09-20 13:00:00,1.0
CHF_JPY,2022-09-16 01:00:00,2022-09-22 05:00:00,-1.0
CHF_JPY,2022-09-16 09:00:00,2022-09-22 01:00:00,1.0
CHF_JPY,2022-09-16 17:00:00,2022-09-22 01:00:00,1.0
USD_JPY,2022-09-18 21:00:00,2022-09-21 13:00:00,1.0
CAD_CHF,2022-09-19 05:00:00,2022-09-21 17:00:00,1.0
CAD_CHF,2022-09-20 05:00:00,2022-09-21 05:00:00,1.0
EUR_GBP,2022-09-21 17:00:00,2022-09-23 09:00:00,1.0
EUR_GBP,2022-09-22 09:00:00,2022-09-23 09:00:00,1.0
CAD_CHF,2022-09-22 13:00:00,2022-09-27 13:00:00,1.0
CHF_JPY,2022-09-22 13:00:00,2022-09-28 09:00:00,1.0
USD_JPY,2022-09-22 13:00:00,2022-09-25 21:00:00,1.0
CAD_CHF,2022-09-26 09:00:00,2022-09-28 13:00:00,1.0
CHF_JPY,2022-09-26 17:00:00,2022-09-28 13:00:00,1.0
CHF_JPY,2022-09-28 01:00:00,2022-09-28 09:00:00,1.0
USD_JPY,2022-09-28 17:00:00,2022-10-09 21:00:00,1.0
EUR_GBP,2022-09-29 21:00:00,2022-10-03 05:00:00,-1.0
EUR_GBP,2022-09-30 09:00:00,2022-10-03 05:00:00,-1.0
USD_JPY,2022-09-30 09:00:00,2022-10-11 21:00:00,1.0
CHF_JPY,2022-09-30 13:00:00,2022-10-03 13:00:00,-1.0
CHF_JPY,2022-10-02 21:00:00,2022-10-03 13:00:00,-1.0
EUR_GBP,2022-10-02 21:00:00,2022-10-03 05:00:00,-1.0
CAD_CHF,2022-10-03 09:00:00,2022-10-03 17:00:00,-1.0
CHF_JPY,2022-10-03 13:00:00,2022-10-04 13:00:00,1.0
EUR_GBP,2022-10-03 13:00:00,2022-10-06 09:00:00,1.0
CAD_CHF,2022-10-03 21:00:00,2022-10-05 13:00:00,1.0
EUR_GBP,2022-10-04 01:00:00,2022-10-05 13:00:00,1.0
CAD_CHF,2022-10-04 05:00:00,2022-10-20 13:00:00,-1.0
EUR_GBP,2022-10-04 17:00:00,2022-10-06 13:00:00,1.0
USD_JPY,2022-10-04 21:00:00,2022-10-07 09:00:00,1.0
EUR_GBP,2022-10-05 09:00:00,2022-10-11 17:00:00,1.0
CHF_JPY,2022-10-06 13:00:00,2022-10-14 05:00:00,1.0
CHF_JPY,2022-10-07 01:00:00,2022-10-14 05:00:00,1.0
CHF_JPY,2022-10-07 09:00:00,2022-10-14 01:00:00,1.0
CAD_CHF,2022-10-07 13:00:00,2022-10-20 09:00:00,-1.0
CAD_CHF,2022-10-10 13:00:00,2022-10-21 13:00:00,-1.0
CHF_JPY,2022-10-10 17:00:00,2022-10-12 09:00:00,1.0
CHF_JPY,2022-10-11 05:00:00,2022-10-12 09:00:00,1.0
EUR_GBP,2022-10-11 17:00:00,2022-10-12 09:00:00,-1.0
EUR_GBP,2022-10-13 01:00:00,2022-10-13 09:00:00,-1.0
EUR_GBP,2022-10-13 13:00:00,2022-10-18 09:00:00,1.0
CAD_CHF,2022-10-13 21:00:00,2022-10-31 13:00:00,-1.0
CAD_CHF,2022-10-14 05:00:00,2022-10-20 13:00:00,-1.0
CAD_CHF,2022-10-14 13:00:00,2022-10-20 09:00:00,-1.0
EUR_GBP,2022-10-17 13:00:00,2022-10-18 09:00:00,1.0
CAD_CHF,2022-10-18 05:00:00,2022-10-20 13:00:00,-1.0
CHF_JPY,2022-10-19 09:00:00,2022-10-21 13:00:00,-1.0
CAD_CHF,2022-10-19 13:00:00,2022-10-31 21:00:00,-1.0
CHF_JPY,2022-10-19 17:00:00,2022-10-21 13:00:00,-1.0
CAD_CHF,2022-10-19 21:00:00,2022-11-01 05:00:00,-1.0
CAD_CHF,2022-10-20 09:00:00,2022-11-03 21:00:00,-1.0
USD_JPY,2022-10-21 17:00:00,2022-10-23 21:00:00,-1.0
EUR_GBP,2022-10-24 05:00:00,2022-10-28 13:00:00,-1.0
CHF_JPY,2022-10-25 09:00:00,2022-11-02 17:00:00,-1.0
CAD_CHF,2022-10-25 13:00:00,2022-11-03 21:00:00,-1.0
EUR_GBP,2022-10-25 17:00:00,2022-10-28 13:00:00,-1.0
USD_JPY,2022-10-25 21:00:00,2022-10-26 13:00:00,-1.0
USD_JPY,2022-10-26 09:00:00,2022-10-27 01:00:00,-1.0
EUR_GBP,2022-10-26 09:00:00,2022-10-28 17:00:00,-1.0
CHF_JPY,2022-10-27 05:00:00,2022-11-03 09:00:00,-1.0
EUR_GBP,2022-10-27 05:00:00,2022-10-28 13:00:00,-1.0
USD_JPY,2022-10-27 05:00:00,2022-10-28 05:00:00,1.0
EUR_GBP,2022-10-27 13:00:00,2022-11-03 09:00:00,1.0
CAD_CHF,2022-10-27 17:00:00,2022-11-03 13:00:00,-1.0
CHF_JPY,2022-10-27 17:00:00,2022-11-03 09:00:00,-1.0
EUR_GBP,2022-10-28 09:00:00,2022-11-03 13:00:00,1.0
CAD_CHF,2022-10-28 13:00:00,2022-11-03 21:00:00,-1.0
EUR_GBP,2022-10-28 17:00:00,2022-11-03 05:00:00,1.0
CAD_CHF,2022-10-30 21:00:00,2022-11-04 05:00:00,-1.0
CAD_CHF,2022-10-31 09:00:00,2022-11-04 05:00:00,-1.0
EUR_GBP,2022-10-31 17:00:00,2022-11-03 09:00:00,1.0
CAD_CHF,2022-11-01 05:00:00,2022-11-04 09:00:00,-1.0
EUR_GBP,2022-11-01 13:00:00,2022-11-03 09:00:00,1.0
USD_JPY,2022-11-01 13:00:00,2022-11-02 17:00:00,-1.0
EUR_GBP,2022-11-01 21:00:00,2022-11-03 09:00:00,1.0
CHF_JPY,2022-11-02 01:00:00,2022-11-03 09:00:00,-1.0
USD_JPY,2022-11-02 01:00:00,2022-11-02 17:00:00,-1.0
EUR_GBP,2022-11-02 05:00:00,2022-11-03 09:00:00,1.0
USD_JPY,2022-11-02 09:00:00,2022-11-08 14:00:00,-1.0
CHF_JPY,2022-11-02 09:00:00,2022-11-03 09:00:00,-1.0
CHF_JPY,2022-11-02 17:00:00,2022-11-03 13:00:00,-1.0
CAD_CHF,2022-11-03 09:00:00,2022-11-09 18:00:00,1.0
CHF_JPY,2022-11-03 09:00:00,2022-11-07 02:00:00,1.0
CAD_CHF,2022-11-03 17:00:00,2022-11-09 14:00:00,1.0
CAD_CHF,2022-11-04 09:00:00,2022-11-07 14:00:00,1.0
USD_JPY,2022-11-04 13:00:00,2022-11-08 14:00:00,-1.0
USD_JPY,2022-11-06 22:00:00,2022-11-08 14:00:00,-1.0
USD_JPY,2022-11-07 10:00:00,2022-11-10 10:00:00,-1.0
CHF_JPY,2022-11-08 10:00:00,2022-11-10 14:00:00,-1.0
USD_JPY,2022-11-08 10:00:00,2022-11-10 10:00:00,-1.0
USD_JPY,2022-11-08 18:00:00,2022-11-10 10:00:00,-1.0
CHF_JPY,2022-11-09 02:00:00,2022-11-10 14:00:00,-1.0
CHF_JPY,2022-11-10 10:00:00,2022-11-10 18:00:00,-1.0
EUR_GBP,2022-11-10 18:00:00,2022-11-14 14:00:00,1.0
USD_JPY,2022-11-10 22:00:00,2022-11-11 06:00:00,-1.0
USD_JPY,2022-11-11 10:00:00,2022-11-14 10:00:00,1.0
USD_JPY,2022-11-11 18:00:00,2022-11-14 06:00:00,1.0
USD_JPY,2022-11-15 10:00:00,2022-11-16 02:00:00,1.0
EUR_GBP,2022-11-15 14:00:00,2022-11-22 10:00:00,-1.0
EUR_GBP,2022-11-15 22:00:00,2022-11-22 10:00:00,-1.0
CAD_CHF,2022-11-16 06:00:00,2022-11-23 14:00:00,1.0
EUR_GBP,2022-11-16 22:00:00,2022-11-22 10:00:00,-1.0
CHF_JPY,2022-11-17 06:00:00,2022-11-28 06:00:00,-1.0
EUR_GBP,2022-11-17 06:00:00,2022-11-22 10:00:00,-1.0
CAD_CHF,2022-11-17 18:00:00,2022-11-23 10:00:00,1.0
CAD_CHF,2022-11-18 02:00:00,2022-11-23 10:00:00,1.0
CHF_JPY,2022-11-18 06:00:00,2022-11-23 02:00:00,1.0
EUR_GBP,2022-11-18 10:00:00,2022-11-23 14:00:00,-1.0
CHF_JPY,2022-11-18 14:00:00,2022-11-22 10:00:00,1.0
EUR_GBP,2022-11-20 22:00:00,2022-11-23 14:00:00,-1.0
EUR_GBP,2022-11-21 10:00:00,2022-11-23 14:00:00,-1.0
EUR_GBP,2022-11-22 02:00:00,2022-12-01 10:00:00,-1.0
USD_JPY,2022-11-22 22:00:00,2022-11-23 14:00:00,-1.0
EUR_GBP,2022-11-23 14:00:00,2022-12-13 14:00:00,-0.3911282366732023
USD_JPY,2022-11-23 18:00:00,2022-11-24 10:00:00,-1.0
CHF_JPY,2022-11-23 18:00:00,2022-11-24 10:00:00,-1.0
USD_JPY,2022-11-24 02:00:00,2022-11-28 06:00:00,-1.0
CHF_JPY,2022-11-24 02:00:00,2022-11-24 10:00:00,-1.0
USD_JPY,2022-11-24 10:00:00,2022-11-30 14:00:00,1.0
CHF_JPY,2022-11-24 10:00:00,2022-11-29 06:00:00,-1.0
EUR_GBP,2022-11-24 18:00:00,2022-12-14 18:00:00,-0.04071187623590484
CAD_CHF,2022-11-25 06:00:00,2022-11-28 06:00:00,1.0
CAD_CHF,2022-11-25 14:00:00,2022-11-29 14:00:00,1.0
EUR_GBP,2022-11-25 14:00:00,2022-12-15 14:00:00,1.0
USD_JPY,2022-11-28 06:00:00,2022-11-28 22:00:00,1.0
EUR_GBP,2022-11-28 06:00:00,2022-12-01 14:00:00,-1.0
CHF_JPY,2022-11-28 06:00:00,2022-12-01 02:00:00,-1.0
CAD_CHF,2022-11-29 10:00:00,2022-12-02 06:00:00,1.0
CHF_JPY,2022-11-29 10:00:00,2022-12-01 10:00:00,-1.0
CHF_JPY,2022-12-01 02:00:00,2022-12-02 06:00:00,-1.0
USD_JPY,2022-12-01 06:00:00,2022-12-02 06:00:00,-1.0
EUR_GBP,2022-12-01 10:00:00,2022-12-15 14:00:00,1.0
CHF_JPY,2022-12-01 10:00:00,2022-12-02 06:00:00,-1.0
CHF_JPY,2022-12-01 18:00:00,2022-12-02 06:00:00,-1.0
EUR_GBP,2022-12-01 18:00:00,2022-12-15 14:00:00,1.0
USD_JPY,2022-12-01 18:00:00,2022-12-02 06:00:00,-1.0
CHF_JPY,2022-12-02 02:00:00,2022-12-06 22:00:00,1.0
USD_JPY,2022-12-02 02:00:00,2022-12-02 06:00:00,-1.0
EUR_GBP,2022-12-02 10:00:00,2022-12-15 14:00:00,1.0
EUR_GBP,2022-12-02 18:00:00,2022-12-15 14:00:00,1.0
USD_JPY,2022-12-05 02:00:00,2022-12-05 14:00:00,1.0
USD_JPY,2022-12-07 18:00:00,2022-12-13 10:00:00,-1.0
CHF_JPY,2022-12-07 18:00:00,2022-12-12 10:00:00,1.0
CAD_CHF,2022-12-08 14:00:00,2022-12-12 06:00:00,1.0
USD_JPY,2022-12-08 18:00:00,2022-12-13 10:00:00,-1.0
USD_JPY,2022-12-09 02:00:00,2022-12-12 14:00:00,1.0
USD_JPY,2022-12-09 14:00:00,2022-12-12 22:00:00,1.0
EUR_GBP,2022-12-09 14:00:00,2022-12-15 14:00:00,1.0
EUR_GBP,2022-12-12 18:00:00,2022-12-15 14:00:00,1.0
CAD_CHF,2022-12-12 22:00:00,2022-12-15 14:00:00,1.0
CAD_CHF,2022-12-13 06:00:00,2022-12-14 14:00:00,1.0
USD_JPY,2022-12-13 14:00:00,2022-12-15 06:00:00,1.0
EUR_GBP,2022-12-13 14:00:00,2022-12-15 14:00:00,1.0
CHF_JPY,2022-12-13 18:00:00,2022-12-15 10:00:00,1.0
USD_JPY,2022-12-14 14:00:00,2022-12-15 06:00:00,1.0
EUR_GBP,2022-12-14 18:00:00,2022-12-15 14:00:00,1.0
CHF_JPY,2022-12-16 14:00:00,2022-12-20 02:00:00,-1.0
USD_JPY,2022-12-19 02:00:00,2022-12-20 02:00:00,-1.0
CAD_CHF,2022-12-19 02:00:00,2022-12-27 10:00:00,-1.0
USD_JPY,2022-12-19 10:00:00,2022-12-20 02:00:00,-1.0
CAD_CHF,2022-12-19 14:00:00,2022-12-27 10:00:00,-1.0
CHF_JPY,2022-12-20 06:00:00,2022-12-20 14:00:00,-1.0
USD_JPY,2022-12-20 06:00:00,2022-12-20 14:00:00,-1.0
CHF_JPY,2022-12-20 14:00:00,2022-12-21 10:00:00,1.0
CAD_CHF,2022-12-21 06:00:00,2022-12-23 14:00:00,-1.0
USD_JPY,2022-12-21 10:00:00,2022-12-27 22:00:00,1.0
CHF_JPY,2022-12-22 18:00:00,2022-12-27 10:00:00,1.0
CAD_CHF,2022-12-23 02:00:00,2023-01-04 18:00:00,-1.0
CAD_CHF,2022-12-23 14:00:00,2022-12-29 06:00:00,1.0
CHF_JPY,2022-12-26 22:00:00,2022-12-28 02:00:00,1.0
CAD_CHF,2022-12-27 02:00:00,2022-12-29 06:00:00,1.0
CAD_CHF,2022-12-27 18:00:00,2022-12-29 06:00:00,1.0
CHF_JPY,2022-12-29 06:00:00,2022-12-30 06:00:00,-1.0
USD_JPY,2022-12-29 14:00:00,2022-12-30 06:00:00,-1.0
CHF_JPY,2022-12-30 02:00:00,2022-12-30 14:00:00,-1.0
USD_JPY,2022-12-30 02:00:00,2022-12-30 14:00:00,-1.0
CHF_JPY,2022-12-30 18:00:00,2023-01-02 22:00:00,-1.0
USD_JPY,2022-12-30 18:00:00,2023-01-02 22:00:00,-1.0
USD_JPY,2023-01-02 02:00:00,2023-01-03 02:00:00,-1.0
CAD_CHF,2023-01-02 02:00:00,2023-01-03 06:00:00,-1.0
CHF_JPY,2023-01-02 02:00:00,2023-01-03 02:00:00,-1.0
CHF_JPY,2023-01-02 14:00:00,2023-01-03 06:00:00,-1.0
USD_JPY,2023-01-02 14:00:00,2023-01-03 02:00:00,-1.0
CHF_JPY,2023-01-02 22:00:00,2023-01-03 06:00:00,-1.0
USD_JPY,2023-01-02 22:00:00,2023-01-04 14:00:00,1.0
EUR_GBP,2023-01-03 06:00:00,2023-01-18 10:00:00,-1.0
CHF_JPY,2023-01-03 10:00:00,2023-01-04 10:00:00,1.0
CAD_CHF,2023-01-03 10:00:00,2023-01-06 14:00:00,-1.0
EUR_GBP,2023-01-03 14:00:00,2023-01-19 14:00:00,-1.0
EUR_GBP,2023-01-04 02:00:00,2023-01-19 14:00:00,-1.0
EUR_GBP,2023-01-04 10:00:00,2023-01-12 14:00:00,1.0
EUR_GBP,2023-01-04 18:00:00,2023-01-12 14:00:00,1.0
CAD_CHF,2023-01-04 22:00:00,2023-01-12 06:00:00,-1.0
CAD_CHF,2023-01-05 06:00:00,2023-01-06 14:00:00,-1.0
CAD_CHF,2023-01-05 14:00:00,2023-01-12 10:00:00,-1.0
CAD_CHF,2023-01-06 06:00:00,2023-01-12 10:00:00,-1.0
CAD_CHF,2023-01-06 14:00:00,2023-01-12 10:00:00,-1.0
CHF_JPY,2023-01-06 18:00:00,2023-01-09 14:00:00,1.0
USD_JPY,2023-01-06 18:00:00,2023-01-12 10:00:00,-1.0
EUR_GBP,2023-01-08 22:00:00,2023-01-12 14:00:00,1.0
EUR_GBP,2023-01-09 10:00:00,2023-01-19 14:00:00,-1.0
USD_JPY,2023-01-09 18:00:00,2023-01-12 10:00:00,-1.0
USD_JPY,2023-01-10 02:00:00,2023-01-12 10:00:00,-1.0
CAD_CHF,2023-01-11 14:00:00,2023-01-17 10:00:00,1.0
CHF_JPY,2023-01-11 18:00:00,2023-01-12 06:00:00,-1.0
CHF_JPY,2023-01-12 02:00:00,2023-01-12 10:00:00,-1.0
CAD_CHF,2023-01-12 02:00:00,2023-01-17 10:00:00,1.0
USD_JPY,2023-01-12 02:00:00,2023-01-12 10:00:00,-1.0
CHF_JPY,2023-01-12 10:00:00,2023-01-13 06:00:00,-1.0
CHF_JPY,2023-01-12 18:00:00,2023-01-13 06:00:00,-1.0
USD_JPY,2023-01-12 18:00:00,2023-01-13 14:00:00,-1.0
USD_JPY,2023-01-13 02:00:00,2023-01-13 14:00:00,-1.0
CHF_JPY,2023-01-13 06:00:00,2023-01-17 10:00:00,1.0
CHF_JPY,2023-01-13 14:00:00,2023-01-17 02:00:00,1.0
USD_JPY,2023-01-13 14:00:00,2023-01-17 02:00:00,1.0
USD_JPY,2023-01-16 02:00:00,2023-01-16 22:00:00,0.9999999999999889
CHF_JPY,2023-01-17 22:00:00,2023-01-18 02:00:00,1.0
USD_JPY,2023-01-17 22:00:00,2023-01-18 02:00:00,1.000000000000011
EUR_GBP,2023-01-17 22:00:00,2023-02-01 18:00:00,1.0
EUR_GBP,2023-01-18 06:00:00,2023-02-01 22:00:00,1.0
USD_JPY,2023-01-18 14:00:00,2023-01-20 10:00:00,0.999999999999989
EUR_GBP,2023-01-18 18:00:00,2023-01-24 10:00:00,1.0
CHF_JPY,2023-01-19 06:00:00,2023-01-20 10:00:00,1.0
USD_JPY,2023-01-19 06:00:00,2023-01-20 10:00:00,1.000000000000011
EUR_GBP,2023-01-19 14:00:00,2023-01-24 10:00:00,1.0
EUR_GBP,2023-01-19 22:00:00,2023-01-24 10:00:00,1.0
CAD_CHF,2023-01-20 02:00:00,2023-01-20 14:00:00,-1.0
CAD_CHF,2023-01-20 18:00:00,2023-02-09 18:00:00,0.2734863693229726
EUR_GBP,2023-01-20 18:00:00,2023-01-24 14:00:00,1.0
CAD_CHF,2023-01-23 10:00:00,2023-02-10 10:00:00,-0.26147968448118214
CAD_CHF,2023-01-23 18:00:00,2023-02-01 22:00:00,1.0
CAD_CHF,2023-01-24 02:00:00,2023-02-01 22:00:00,1.0
CHF_JPY,2023-01-24 06:00:00,2023-02-05 22:00:00,1.0
CAD_CHF,2023-01-24 14:00:00,2023-02-01 18:00:00,1.0
USD_JPY,2023-01-24 18:00:00,2023-02-01 18:00:00,-1.0
CHF_JPY,2023-01-25 10:00:00,2023-02-01 06:00:00,1.0
USD_JPY,2023-01-25 10:00:00,2023-02-01 18:00:00,-1.0
USD_JPY,2023-01-26 02:00:00,2023-02-03 14:00:00,1.0
EUR_GBP,2023-01-26 22:00:00,2023-02-01 14:00:00,1.0
CAD_CHF,2023-01-26 22:00:00,2023-02-01 18:00:00,1.0
CHF_JPY,2023-01-27 02:00:00,2023-02-01 06:00:00,1.0
CAD_CHF,2023-01-27 10:00:00,2023-02-01 18:00:00,1.0
CHF_JPY,2023-01-27 14:00:00,2023-02-01 06:00:00,1.0
EUR_GBP,2023-01-27 18:00:00,2023-02-01 14:00:00,1.0
CAD_CHF,2023-01-27 18:00:00,2023-02-01 18:00:00,1.0
USD_JPY,2023-01-29 22:00:00,2023-02-01 18:00:00,-1.0
CAD_CHF,2023-01-30 02:00:00,2023-02-01 18:00:00,1.0
EUR_GBP,2023-01-30 06:00:00,2023-02-01 22:00:00,1.0
EUR_GBP,2023-01-30 18:00:00,2023-02-01 18:00:00,1.0
EUR_GBP,2023-01-31 02:00:00,2023-02-01 14:00:00,1.0
CHF_JPY,2023-01-31 06:00:00,2023-01-31 18:00:00,1.0
CHF_JPY,2023-02-01 18:00:00,2023-02-03 06:00:00,-1.0
USD_JPY,2023-02-01 18:00:00,2023-02-03 14:00:00,1.0
USD_JPY,2023-02-02 06:00:00,2023-02-03 14:00:00,1.0
USD_JPY,2023-02-02 14:00:00,2023-02-03 10:00:00,1.0
CHF_JPY,2023-02-02 18:00:00,2023-02-05 22:00:00,1.0
USD_JPY,2023-02-03 06:00:00,2023-02-03 10:00:00,0.9999999999999889
CHF_JPY,2023-02-03 06:00:00,2023-02-05 22:00:00,1.0
CAD_CHF,2023-02-03 14:00:00,2023-02-23 14:00:00,0.19705290001013007
CAD_CHF,2023-02-05 22:00:00,2023-02-09 06:00:00,1.0
CHF_JPY,2023-02-07 10:00:00,2023-02-10 06:00:00,-1.0
USD_JPY,2023-02-07 10:00:00,2023-02-07 14:00:00,-1.0
USD_JPY,2023-02-07 18:00:00,2023-02-13 06:00:00,1.0
CHF_JPY,2023-02-07 18:00:00,2023-02-13 06:00:00,1.0
EUR_GBP,2023-02-07 22:00:00,2023-02-14 10:00:00,-1.0
USD_JPY,2023-02-08 10:00:00,2023-02-10 06:00:00,-1.0
EUR_GBP,2023-02-08 10:00:00,2023-02-21 10:00:00,-1.0
EUR_GBP,2023-02-08 22:00:00,2023-02-21 10:00:00,-1.0
CHF_JPY,2023-02-09 14:00:00,2023-02-10 06:00:00,-1.0
USD_JPY,2023-02-09 14:00:00,2023-02-10 06:00:00,-1.0
EUR_GBP,2023-02-09 14:00:00,2023-02-28 10:00:00,-1.0
EUR_GBP,2023-02-10 14:00:00,2023-02-28 10:00:00,-1.0
CAD_CHF,2023-02-10 18:00:00,2023-02-20 06:00:00,1.0
CAD_CHF,2023-02-13 02:00:00,2023-02-20 06:00:00,1.0
EUR_GBP,2023-02-13 18:00:00,2023-02-17 06:00:00,1.0
CHF_JPY,2023-02-14 06:00:00,2023-02-20 22:00:00,1.0
EUR_GBP,2023-02-14 10:00:00,2023-02-15 14:00:00,1.0
EUR_GBP,2023-02-15 06:00:00,2023-02-28 06:00:00,-1.0
CAD_CHF,2023-02-15 06:00:00,2023-03-07 06:00:00,0.6172749851127783
CHF_JPY,2023-02-16 22:00:00,2023-03-08 22:00:00,0.4171033037339296
CAD_CHF,2023-02-17 10:00:00,2023-03-08 14:00:00,1.0
CHF_JPY,2023-02-17 10:00:00,2023-02-28 14:00:00,1.0
USD_JPY,2023-02-20 14:00:00,2023-02-24 10:00:00,1.0
EUR_GBP,2023-02-21 02:00:00,2023-02-21 22:00:00,-1.0
EUR_GBP,2023-02-21 10:00:00,2023-03-01 14:00:00,1.0
CAD_CHF,2023-02-21 10:00:00,2023-02-27 06:00:00,-1.0
EUR_GBP,2023-02-21 18:00:00,2023-03-01 10:00:00,1.0
CHF_JPY,2023-02-22 02:00:00,2023-02-23 22:00:00,-1.0
EUR_GBP,2023-02-22 14:00:00,2023-03-01 14:00:00,1.0
CHF_JPY,2023-02-22 14:00:00,2023-03-10 02:00:00,1.0
CAD_CHF,2023-02-23 02:00:00,2023-03-02 22:00:00,-1.0
EUR_GBP,2023-02-23 10:00:00,2023-03-07 14:00:00,1.0
CAD_CHF,2023-02-23 10:00:00,2023-03-08 14:00:00,1.0
CHF_JPY,2023-02-23 10:00:00,2023-03-10 02:00:00,1.0
CHF_JPY,2023-02-23 22:00:00,2023-02-28 06:00:00,1.0
CAD_CHF,2023-02-24 02:00:00,2023-03-07 06:00:00,1.0
EUR_GBP,2023-02-24 10:00:00,2023-03-07 14:00:00,1.0
CAD_CHF,2023-02-26 22:00:00,2023-03-06 14:00:00,1.0
EUR_GBP,2023-02-27 18:00:00,2023-03-01 10:00:00,1.0
EUR_GBP,2023-02-28 02:00:00,2023-03-01 10:00:00,1.0
EUR_GBP,2023-02-28 10:00:00,2023-03-01 10:00:00,1.0
CHF_JPY,2023-02-28 18:00:00,2023-03-06 22:00:00,1.0
USD_JPY,2023-02-28 18:00:00,2023-03-08 02:00:00,1.0
USD_JPY,2023-03-01 10:00:00,2023-03-07 18:00:00,1.0
CAD_CHF,2023-03-02 06:00:00,2023-03-06 14:00:00,1.0
CAD_CHF,2023-03-02 22:00:00,2023-03-06 06:00:00,1.0
USD_JPY,2023-03-03 14:00:00,2023-03-07 22:00:00,1.0
CHF_JPY,2023-03-03 14:00:00,2023-03-10 02:00:00,1.0
USD_JPY,2023-03-05 22:00:00,2023-03-07 18:00:00,1.0
CHF_JPY,2023-03-07 18:00:00,2023-03-10 02:00:00,1.0
CAD_CHF,2023-03-08 06:00:00,2023-03-09 18:00:00,1.0
CHF_JPY,2023-03-08 14:00:00,2023-03-10 02:00:00,1.0
USD_JPY,2023-03-09 10:00:00,2023-03-10 14:00:00,-1.0
CHF_JPY,2023-03-09 10:00:00,2023-03-10 02:00:00,1.0
USD_JPY,2023-03-10 02:00:00,2023-03-10 14:00:00,-1.0
EUR_GBP,2023-03-10 10:00:00,2023-03-15 09:00:00,-1.0
USD_JPY,2023-03-10 18:00:00,2023-03-12 21:00:00,-1.0
EUR_GBP,2023-03-12 21:00:00,2023-03-15 09:00:00,-1.0
EUR_GBP,2023-03-13 05:00:00,2023-03-15 09:00:00,-1.0
USD_JPY,2023-03-13 13:00:00,2023-03-14 09:00:00,1.0
EUR_GBP,2023-03-13 21:00:00,2023-03-15 13:00:00,-1.0
EUR_GBP,2023-03-14 05:00:00,2023-04-03 05:00:00,-0.11135224806554919
CAD_CHF,2023-03-14 13:00:00,2023-03-15 17:00:00,-1.0
EUR_GBP,2023-03-15 13:00:00,2023-03-23 09:00:00,1.0
USD_JPY,2023-03-15 13:00:00,2023-03-20 05:00:00,-1.0
CHF_JPY,2023-03-15 17:00:00,2023-03-20 05:00:00,-1.0
CAD_CHF,2023-03-15 21:00:00,2023-03-21 13:00:00,1.0
USD_JPY,2023-03-16 05:00:00,2023-03-17 17:00:00,-1.0
CHF_JPY,2023-03-16 05:00:00,2023-03-16 13:00:00,-1.0
USD_JPY,2023-03-16 13:00:00,2023-03-17 09:00:00,-1.0
CAD_CHF,2023-03-16 21:00:00,2023-03-22 17:00:00,1.0
CHF_JPY,2023-03-17 17:00:00,2023-03-20 05:00:00,-1.0
EUR_GBP,2023-03-19 21:00:00,2023-03-22 17:00:00,1.0
USD_JPY,2023-03-19 21:00:00,2023-03-20 05:00:00,-1.0
CHF_JPY,2023-03-20 05:00:00,2023-03-20 13:00:00,1.0
USD_JPY,2023-03-20 09:00:00,2023-03-22 09:00:00,1.0
EUR_GBP,2023-03-20 09:00:00,2023-03-22 17:00:00,1.0
CAD_CHF,2023-03-20 13:00:00,2023-03-22 17:00:00,1.0
USD_JPY,2023-03-20 21:00:00,2023-03-21 17:00:00,1.0
CAD_CHF,2023-03-20 21:00:00,2023-03-21 13:00:00,1.0
EUR_GBP,2023-03-21 01:00:00,2023-03-21 13:00:00,1.0
CAD_CHF,2023-03-21 05:00:00,2023-03-21 13:00:00,1.0
USD_JPY,2023-03-23 01:00:00,2023-03-29 05:00:00,1.0
CHF_JPY,2023-03-23 01:00:00,2023-03-24 05:00:00,-1.0
USD_JPY,2023-03-23 17:00:00,2023-03-29 09:00:00,1.0
USD_JPY,2023-03-24 05:00:00,2023-03-27 09:00:00,1.0
CHF_JPY,2023-03-24 05:00:00,2023-03-27 05:00:00,1.0
EUR_GBP,2023-03-27 01:00:00,2023-04-14 01:00:00,0.2966077618046495
EUR_GBP,2023-03-27 09:00:00,2023-04-14 09:00:00,0.41819607486619215
CAD_CHF,2023-03-27 17:00:00,2023-03-28 21:00:00,-1.0
EUR_GBP,2023-03-27 17:00:00,2023-04-14 17:00:00,0.7349845835277009
CAD_CHF,2023-03-28 01:00:00,2023-03-28 21:00:00,-1.0
USD_JPY,2023-03-28 05:00:00,2023-03-29 09:00:00,1.0
EUR_GBP,2023-03-28 05:00:00,2023-04-17 05:00:00,0.7300349097690454
CHF_JPY,2023-03-28 05:00:00,2023-03-29 13:00:00,1.0
USD_JPY,2023-03-28 13:00:00,2023-03-29 09:00:00,1.0
CHF_JPY,2023-03-28 13:00:00,2023-03-29 09:00:00,1.0
EUR_GBP,2023-03-28 17:00:00,2023-04-17 17:00:00,0.43118650238346645
CAD_CHF,2023-03-28 21:00:00,2023-04-07 05:00:00,1.0
CAD_CHF,2023-03-29 05:00:00,2023-04-07 05:00:00,1.0
CAD_CHF,2023-03-29 17:00:00,2023-04-06 13:00:00,1.0
EUR_GBP,2023-03-31 13:00:00,2023-04-20 13:00:00,0.06702108324245487
CHF_JPY,2023-04-02 21:00:00,2023-04-10 09:00:00,1.0
CAD_CHF,2023-04-02 21:00:00,2023-04-05 05:00:00,1.0
EUR_GBP,2023-04-03 01:00:00,2023-04-21 01:00:00,0.2958175943202931
CAD_CHF,2023-04-03 09:00:00,2023-04-04 13:00:00,1.0
EUR_GBP,2023-04-03 13:00:00,2023-04-21 13:00:00,0.5441588306277174
CAD_CHF,2023-04-03 17:00:00,2023-04-05 05:00:00,1.0
EUR_GBP,2023-04-03 21:00:00,2023-04-23 21:00:00,0.5395990574092396
USD_JPY,2023-04-03 21:00:00,2023-04-05 05:00:00,-1.0
CAD_CHF,2023-04-04 01:00:00,2023-04-04 13:00:00,1.0
EUR_GBP,2023-04-04 09:00:00,2023-04-13 13:00:00,1.0
USD_JPY,2023-04-04 17:00:00,2023-04-10 09:00:00,1.0
USD_JPY,2023-04-05 13:00:00,2023-04-09 21:00:00,1.0
EUR_GBP,2023-04-05 17:00:00,2023-04-14 05:00:00,1.0
CHF_JPY,2023-04-05 17:00:00,2023-04-09 21:00:00,1.0
USD_JPY,2023-04-06 01:00:00,2023-04-09 21:00:00,1.0
EUR_GBP,2023-04-06 01:00:00,2023-04-14 05:00:00,1.0
EUR_GBP,2023-04-06 09:00:00,2023-04-14 13:00:00,1.0
CAD_CHF,2023-04-10 21:00:00,2023-04-12 13:00:00,1.0
USD_JPY,2023-04-12 13:00:00,2023-04-17 13:00:00,1.0
USD_JPY,2023-04-13 13:00:00,2023-04-14 13:00:00,1.0
CAD_CHF,2023-04-17 01:00:00,2023-04-20 09:00:00,1.0
CAD_CHF,2023-04-17 09:00:00,2023-04-20 13:00:00,1.0
CHF_JPY,2023-04-17 17:00:00,2023-04-24 09:00:00,1.0
CAD_CHF,2023-04-17 17:00:00,2023-04-20 09:00:00,1.0
CHF_JPY,2023-04-18 01:00:00,2023-04-24 09:00:00,1.0
USD_JPY,2023-04-19 01:00:00,2023-04-28 05:00:00,1.0
EUR_GBP,2023-04-19 13:00:00,2023-05-05 13:00:00,-1.0
USD_JPY,2023-04-20 17:00:00,2023-04-28 05:00:00,1.0
EUR_GBP,2023-04-20 17:00:00,2023-05-05 09:00:00,-1.0
CHF_JPY,2023-04-21 05:00:00,2023-04-24 09:00:00,1.0
USD_JPY,2023-04-21 13:00:00,2023-04-28 05:00:00,1.0
CHF_JPY,2023-04-25 17:00:00,2023-04-28 05:00:00,1.0
USD_JPY,2023-04-25 17:00:00,2023-04-28 05:00:00,1.0
CHF_JPY,2023-04-26 01:00:00,2023-04-28 05:00:00,1.0
USD_JPY,2023-04-26 09:00:00,2023-04-28 05:00:00,1.0
CAD_CHF,2023-04-26 17:00:00,2023-04-28 17:00:00,-1.0
CAD_CHF,2023-04-27 13:00:00,2023-05-03 09:00:00,1.0
CHF_JPY,2023-04-27 13:00:00,2023-04-28 05:00:00,1.0
EUR_GBP,2023-04-27 21:00:00,2023-05-05 05:00:00,-1.0
CAD_CHF,2023-04-27 21:00:00,2023-05-03 17:00:00,1.0
EUR_GBP,2023-04-28 05:00:00,2023-05-05 09:00:00,-1.0
CAD_CHF,2023-05-01 01:00:00,2023-05-03 05:00:00,1.0
EUR_GBP,2023-05-01 01:00:00,2023-05-09 21:00:00,-1.0
EUR_GBP,2023-05-01 17:00:00,2023-05-09 05:00:00,-1.0
CAD_CHF,2023-05-01 17:00:00,2023-05-03 01:00:00,1.0
CAD_CHF,2023-05-02 05:00:00,2023-05-02 13:00:00,1.0
CHF_JPY,2023-05-02 09:00:00,2023-05-04 05:00:00,-1.0
EUR_GBP,2023-05-02 13:00:00,2023-05-05 13:00:00,-1.0
CHF_JPY,2023-05-02 17:00:00,2023-05-04 09:00:00,-1.0
USD_JPY,2023-05-02 17:00:00,2023-05-03 13:00:00,-1.0
USD_JPY,2023-05-03 01:00:00,2023-05-03 21:00:00,-1.0
CHF_JPY,2023-05-03 05:00:00,2023-05-04 13:00:00,-1.0
USD_JPY,2023-05-03 13:00:00,2023-05-04 13:00:00,-1.0
CHF_JPY,2023-05-03 13:00:00,2023-05-04 13:00:00,-1.0
USD_JPY,2023-05-03 21:00:00,2023-05-14 21:00:00,1.0
CHF_JPY,2023-05-03 21:00:00,2023-05-04 13:00:00,-1.0
CHF_JPY,2023-05-04 09:00:00,2023-05-05 05:00:00,-1.0
CHF_JPY,2023-05-04 17:00:00,2023-05-11 09:00:00,-1.0
EUR_GBP,2023-05-04 17:00:00,2023-05-09 21:00:00,-1.0
USD_JPY,2023-05-04 17:00:00,2023-05-12 13:00:00,1.0
CAD_CHF,2023-05-05 01:00:00,2023-05-05 05:00:00,-1.0
USD_JPY,2023-05-05 05:00:00,2023-05-12 13:00:00,1.0
CHF_JPY,2023-05-05 09:00:00,2023-05-08 05:00:00,1.0
EUR_GBP,2023-05-05 13:00:00,2023-05-25 13:00:00,-0.24988537368179403
CAD_CHF,2023-05-05 13:00:00,2023-05-18 13:00:00,-1.0
CAD_CHF,2023-05-07 21:00:00,2023-05-18 13:00:00,-1.0
CAD_CHF,2023-05-08 13:00:00,2023-05-18 13:00:00,-1.0
EUR_GBP,2023-05-09 05:00:00,2023-05-29 05:00:00,-0.2641279757461582
EUR_GBP,2023-05-09 13:00:00,2023-05-29 13:00:00,-0.23942446043165244
CAD_CHF,2023-05-09 13:00:00,2023-05-29 13:00:00,0.03455321194640695
EUR_GBP,2023-05-09 21:00:00,2023-05-29 21:00:00,-0.2302317282344668
EUR_GBP,2023-05-10 09:00:00,2023-05-30 09:00:00,-0.5840475532208877
USD_JPY,2023-05-10 17:00:00,2023-05-12 13:00:00,1.0
CHF_JPY,2023-05-10 17:00:00,2023-05-17 05:00:00,1.0
USD_JPY,2023-05-11 01:00:00,2023-05-12 13:00:00,1.0
CHF_JPY,2023-05-11 05:00:00,2023-05-15 13:00:00,1.0
EUR_GBP,2023-05-11 09:00:00,2023-05-31 09:00:00,-0.5663504926788876
CAD_CHF,2023-05-11 09:00:00,2023-05-18 13:00:00,-1.0
USD_JPY,2023-05-11 13:00:00,2023-05-14 21:00:00,1.0
CHF_JPY,2023-05-11 13:00:00,2023-05-15 09:00:00,1.0
CAD_CHF,2023-05-15 09:00:00,2023-05-17 13:00:00,-1.0
EUR_GBP,2023-05-15 17:00:00,2023-05-31 13:00:00,-1.0
CAD_CHF,2023-05-15 21:00:00,2023-05-18 13:00:00,-1.0
USD_JPY,2023-05-16 09:00:00,2023-05-17 13:00:00,1.0
CAD_CHF,2023-05-16 13:00:00,2023-05-31 13:00:00,-1.0
CAD_CHF,2023-05-17 13:00:00,2023-06-01 13:00:00,-1.0
EUR_GBP,2023-05-17 17:00:00,2023-05-31 13:00:00,-1.0
EUR_GBP,2023-05-18 05:00:00,2023-05-31 13:00:00,-1.0
CAD_CHF,2023-05-18 13:00:00,2023-05-22 09:00:00,1.0
EUR_GBP,2023-05-19 01:00:00,2023-05-31 13:00:00,-1.0
EUR_GBP,2023-05-19 13:00:00,2023-05-31 13:00:00,-1.0
USD_JPY,2023-05-19 17:00:00,2023-05-24 13:00:00,1.0
EUR_GBP,2023-05-22 01:00:00,2023-05-31 13:00:00,-1.0
USD_JPY,2023-05-22 01:00:00,2023-05-24 13:00:00,1.0
EUR_GBP,2023-05-22 13:00:00,2023-05-31 13:00:00,-1.0
CHF_JPY,2023-05-23 09:00:00,2023-05-26 17:00:00,1.0
CAD_CHF,2023-05-23 13:00:00,2023-06-01 13:00:00,-1.0
EUR_GBP,2023-05-23 17:00:00,2023-05-31 13:00:00,-1.0
EUR_GBP,2023-05-24 05:00:00,2023-05-31 13:00:00,-1.0
USD_JPY,2023-05-24 05:00:00,2023-05-25 17:00:00,1.0
CAD_CHF,2023-05-29 01:00:00,2023-05-31 13:00:00,-1.0
EUR_GBP,2023-05-29 21:00:00,2023-06-01 09:00:00,-1.0
CAD_CHF,2023-05-29 21:00:00,2023-05-31 13:00:00,-1.0
CHF_JPY,2023-05-30 01:00:00,2023-05-31 05:00:00,-1.0
USD_JPY,2023-05-30 01:00:00,2023-06-01 13:00:00,-1.0
EUR_GBP,2023-05-30 05:00:00,2023-06-09 13:00:00,-1.0
USD_JPY,2023-05-30 13:00:00,2023-06-01 13:00:00,-1.0
EUR_GBP,2023-05-30 13:00:00,2023-06-09 13:00:00,-1.0
CHF_JPY,2023-05-30 17:00:00,2023-05-31 13:00:00,-1.0
USD_JPY,2023-05-31 01:00:00,2023-06-15 01:00:00,1.0
CHF_JPY,2023-05-31 05:00:00,2023-06-09 05:00:00,1.0
CAD_CHF,2023-05-31 09:00:00,2023-06-01 13:00:00,-1.0
EUR_GBP,2023-05-31 09:00:00,2023-06-09 13:00:00,-1.0
CAD_CHF,2023-05-31 17:00:00,2023-06-04 21:00:00,-1.0
CHF_JPY,2023-05-31 17:00:00,2023-06-08 13:00:00,1.0
EUR_GBP,2023-05-31 17:00:00,2023-06-20 17:00:00,-0.4562649129953949
USD_JPY,2023-05-31 21:00:00,2023-06-15 01:00:00,1.0
CHF_JPY,2023-06-01 01:00:00,2023-06-08 13:00:00,1.0
USD_JPY,2023-06-01 13:00:00,2023-06-04 21:00:00,1.0
EUR_GBP,2023-06-01 13:00:00,2023-06-21 13:00:00,0.15490333100395354
CAD_CHF,2023-06-01 17:00:00,2023-06-07 13:00:00,-1.0
EUR_GBP,2023-06-02 05:00:00,2023-06-22 05:00:00,0.10121810757042107
USD_JPY,2023-06-02 09:00:00,2023-06-15 01:00:00,1.0
EUR_GBP,2023-06-02 13:00:00,2023-06-22 13:00:00,-0.009298541291331331
CAD_CHF,2023-06-05 01:00:00,2023-06-23 01:00:00,-0.4504637561292628
CHF_JPY,2023-06-05 13:00:00,2023-06-14 21:00:00,1.0
CAD_CHF,2023-06-05 13:00:00,2023-06-08 05:00:00,-1.0
USD_JPY,2023-06-06 09:00:00,2023-06-15 01:00:00,1.0
CHF_JPY,2023-06-06 09:00:00,2023-06-14 09:00:00,1.0
USD_JPY,2023-06-07 05:00:00,2023-06-15 01:00:00,1.0
CAD_CHF,2023-06-07 17:00:00,2023-06-08 13:00:00,1.0
CHF_JPY,2023-06-08 05:00:00,2023-06-14 09:00:00,1.0
EUR_GBP,2023-06-08 09:00:00,2023-06-16 13:00:00,-1.0
USD_JPY,2023-06-08 17:00:00,2023-06-14 21:00:00,1.0
EUR_GBP,2023-06-08 21:00:00,2023-06-28 21:00:00,0.5053151233597644
EUR_GBP,2023-06-09 17:00:00,2023-06-22 09:00:00,1.0
CHF_JPY,2023-06-11 21:00:00,2023-06-14 21:00:00,1.0
CAD_CHF,2023-06-12 01:00:00,2023-06-30 01:00:00,-0.19492889525525034
CHF_JPY,2023-06-12 05:00:00,2023-06-14 21:00:00,1.0
USD_JPY,2023-06-12 13:00:00,2023-06-15 01:00:00,1.0
CAD_CHF,2023-06-12 17:00:00,2023-06-30 17:00:00,0.5295207836907678
CHF_JPY,2023-06-12 17:00:00,2023-06-14 09:00:00,1.0
CAD_CHF,2023-06-13 01:00:00,2023-07-03 01:00:00,0.41412444365843687
USD_JPY,2023-06-13 13:00:00,2023-06-15 01:00:00,1.0
EUR_GBP,2023-06-13 17:00:00,2023-06-28 09:00:00,1.0
EUR_GBP,2023-06-14 13:00:00,2023-06-28 09:00:00,1.0
USD_JPY,2023-06-14 17:00:00,2023-06-16 13:00:00,1.0
EUR_GBP,2023-06-14 21:00:00,2023-06-28 09:00:00,1.0
EUR_GBP,2023-06-15 05:00:00,2023-06-28 09:00:00,1.0
EUR_GBP,2023-06-16 17:00:00,2023-06-22 09:00:00,1.0
EUR_GBP,2023-06-19 01:00:00,2023-06-22 05:00:00,1.0
EUR_GBP,2023-06-19 09:00:00,2023-06-22 05:00:00,1.0
CAD_CHF,2023-06-19 13:00:00,2023-07-06 13:00:00,1.0
EUR_GBP,2023-06-20 01:00:00,2023-06-22 09:00:00,1.0
USD_JPY,2023-06-20 09:00:00,2023-06-22 13:00:00,1.0
USD_JPY,2023-06-20 17:00:00,2023-06-22 13:00:00,1.0
CHF_JPY,2023-06-20 17:00:00,2023-06-22 05:00:00,1.0
CAD_CHF,2023-06-21 05:00:00,2023-07-06 13:00:00,1.0
CAD_CHF,2023-06-22 17:00:00,2023-07-06 09:00:00,1.0
EUR_GBP,2023-06-23 09:00:00,2023-06-28 09:00:00,1.0
EUR_GBP,2023-06-26 09:00:00,2023-07-14 09:00:00,-0.339957854539941
CAD_CHF,2023-06-27 05:00:00,2023-07-06 09:00:00,1.0
CHF_JPY,2023-06-28 13:00:00,2023-07-11 01:00:00,-1.0
CAD_CHF,2023-06-29 17:00:00,2023-07-06 13:00:00,1.0
CHF_JPY,2023-06-30 09:00:00,2023-07-10 13:00:00,-1.0
CAD_CHF,2023-06-30 09:00:00,2023-07-06 17:00:00,1.0
USD_JPY,2023-06-30 17:00:00,2023-07-07 05:00:00,-1.0
EUR_GBP,2023-06-30 17:00:00,2023-07-11 09:00:00,-1.0
EUR_GBP,2023-07-03 01:00:00,2023-07-11 09:00:00,-1.0
USD_JPY,2023-07-03 05:00:00,2023-07-07 05:00:00,-1.0
EUR_GBP,2023-07-03 09:00:00,2023-07-11 09:00:00,-1.0
CHF_JPY,2023-07-03 09:00:00,2023-07-10 13:00:00,-1.0
EUR_GBP,2023-07-04 01:00:00,2023-07-11 09:00:00,-1.0
EUR_GBP,2023-07-04 13:00:00,2023-07-19 05:00:00,1.0
EUR_GBP,2023-07-04 21:00:00,2023-07-19 05:00:00,1.0
CAD_CHF,2023-07-04 21:00:00,2023-07-06 13:00:00,1.0
CHF_JPY,2023-07-04 21:00:00,2023-07-07 05:00:00,-1.0
EUR_GBP,2023-07-05 05:00:00,2023-07-19 05:00:00,1.0
USD_JPY,2023-07-05 09:00:00,2023-07-07 05:00:00,-1.0
EUR_GBP,2023-07-05 21:00:00,2023-07-19 05:00:00,1.0
CHF_JPY,2023-07-06 01:00:00,2023-07-12 09:00:00,-1.0
USD_JPY,2023-07-06 05:00:00,2023-07-07 13:00:00,-1.0
EUR_GBP,2023-07-06 05:00:00,2023-07-19 05:00:00,1.0
EUR_GBP,2023-07-06 13:00:00,2023-07-19 05:00:00,1.0
USD_JPY,2023-07-07 09:00:00,2023-07-10 13:00:00,-1.0
CHF_JPY,2023-07-07 09:00:00,2023-07-12 01:00:00,-1.0
EUR_GBP,2023-07-07 13:00:00,2023-07-19 05:00:00,1.0
USD_JPY,2023-07-07 17:00:00,2023-07-11 01:00:00,-1.0
USD_JPY,2023-07-10 09:00:00,2023-07-11 01:00:00,-1.0
CHF_JPY,2023-07-10 13:00:00,2023-07-14 05:00:00,1.0
USD_JPY,2023-07-10 21:00:00,2023-07-11 21:00:00,-1.0
CHF_JPY,2023-07-11 05:00:00,2023-07-13 13:00:00,1.0
USD_JPY,2023-07-11 09:00:00,2023-07-12 09:00:00,-1.0
CHF_JPY,2023-07-11 13:00:00,2023-07-13 13:00:00,1.0
USD_JPY,2023-07-11 17:00:00,2023-07-12 09:00:00,-1.0
EUR_GBP,2023-07-12 01:00:00,2023-07-17 09:00:00,1.0
USD_JPY,2023-07-12 01:00:00,2023-07-12 21:00:00,-1.0
USD_JPY,2023-07-12 17:00:00,2023-07-19 09:00:00,1.0
USD_JPY,2023-07-13 09:00:00,2023-07-14 01:00:00,-1.0
USD_JPY,2023-07-13 17:00:00,2023-07-19 05:00:00,1.0
USD_JPY,2023-07-14 01:00:00,2023-07-14 13:00:00,1.0
CHF_JPY,2023-07-17 01:00:00,2023-07-19 05:00:00,1.0
CHF_JPY,2023-07-18 09:00:00,2023-07-19 05:00:00,1.0
USD_JPY,2023-07-18 09:00:00,2023-07-19 05:00:00,1.0
CAD_CHF,2023-07-19 09:00:00,2023-07-20 13:00:00,-1.0
CAD_CHF,2023-07-20 13:00:00,2023-07-26 09:00:00,1.0
CHF_JPY,2023-07-20 17:00:00,2023-07-21 05:00:00,1.0
CAD_CHF,2023-07-21 05:00:00,2023-07-27 05:00:00,1.0
CHF_JPY,2023-07-24 05:00:00,2023-07-27 17:00:00,-1.0
CAD_CHF,2023-07-24 17:00:00,2023-07-26 05:00:00,1.0
CHF_JPY,2023-07-24 21:00:00,2023-07-27 17:00:00,-1.0
EUR_GBP,2023-07-24 21:00:00,2023-07-27 13:00:00,-1.0
CAD_CHF,2023-07-25 05:00:00,2023-07-26 09:00:00,1.0
EUR_GBP,2023-07-25 09:00:00,2023-08-14 09:00:00,0.08014961261020176
EUR_GBP,2023-07-25 17:00:00,2023-08-10 13:00:00,1.0
USD_JPY,2023-07-25 21:00:00,2023-07-27 01:00:00,-1.0
USD_JPY,2023-07-26 09:00:00,2023-07-27 17:00:00,-1.0
EUR_GBP,2023-07-26 13:00:00,2023-08-10 13:00:00,1.0
CHF_JPY,2023-07-26 13:00:00,2023-07-27 17:00:00,-1.0
USD_JPY,2023-07-26 21:00:00,2023-07-27 17:00:00,-1.0
EUR_GBP,2023-07-26 21:00:00,2023-08-03 09:00:00,1.0
EUR_GBP,2023-07-27 05:00:00,2023-08-10 13:00:00,1.0
CHF_JPY,2023-07-27 17:00:00,2023-07-28 01:00:00,-1.0
CAD_CHF,2023-07-27 17:00:00,2023-08-08 05:00:00,1.0
EUR_GBP,2023-07-27 17:00:00,2023-08-10 21:00:00,1.0
USD_JPY,2023-07-27 21:00:00,2023-07-28 01:00:00,-1.0
CHF_JPY,2023-07-28 05:00:00,2023-07-28 13:00:00,1.0
USD_JPY,2023-07-28 05:00:00,2023-07-28 17:00:00,1.0
CAD_CHF,2023-07-28 09:00:00,2023-08-08 09:00:00,1.0
EUR_GBP,2023-07-28 13:00:00,2023-08-03 09:00:00,1.0
EUR_GBP,2023-07-31 17:00:00,2023-08-03 09:00:00,1.0
CAD_CHF,2023-07-31 17:00:00,2023-08-03 09:00:00,1.0
CAD_CHF,2023-08-01 01:00:00,2023-08-04 09:00:00,1.0
CHF_JPY,2023-08-01 09:00:00,2023-08-10 09:00:00,1.0
EUR_GBP,2023-08-01 09:00:00,2023-08-21 09:00:00,-0.44501397949674154
USD_JPY,2023-08-02 09:00:00,2023-08-04 13:00:00,-1.0
CHF_JPY,2023-08-02 09:00:00,2023-08-10 05:00:00,1.0
CAD_CHF,2023-08-02 13:00:00,2023-08-08 05:00:00,1.0
USD_JPY,2023-08-03 17:00:00,2023-08-10 01:00:00,1.0
USD_JPY,2023-08-04 05:00:00,2023-08-10 13:00:00,1.0
CHF_JPY,2023-08-04 09:00:00,2023-08-10 05:00:00,1.0
USD_JPY,2023-08-04 13:00:00,2023-08-08 01:00:00,1.0
USD_JPY,2023-08-07 01:00:00,2023-08-09 13:00:00,1.0
CHF_JPY,2023-08-07 01:00:00,2023-08-08 05:00:00,1.0
EUR_GBP,2023-08-08 01:00:00,2023-08-17 13:00:00,-1.0
CHF_JPY,2023-08-08 13:00:00,2023-08-10 13:00:00,1.0
EUR_GBP,2023-08-08 21:00:00,2023-08-22 13:00:00,-1.0
EUR_GBP,2023-08-09 05:00:00,2023-08-17 13:00:00,-1.0
CAD_CHF,2023-08-10 01:00:00,2023-08-23 13:00:00,1.0
CAD_CHF,2023-08-14 01:00:00,2023-09-01 01:00:00,-0.3529772866789582
CAD_CHF,2023-08-14 13:00:00,2023-09-01 13:00:00,0.06291431377363463
EUR_GBP,2023-08-14 21:00:00,2023-08-22 13:00:00,-1.0
EUR_GBP,2023-08-15 17:00:00,2023-08-23 05:00:00,-1.0
CHF_JPY,2023-08-16 05:00:00,2023-09-01 09:00:00,-1.0
EUR_GBP,2023-08-16 09:00:00,2023-09-05 09:00:00,-0.3266868123534295
CAD_CHF,2023-08-16 13:00:00,2023-09-05 13:00:00,-0.4847123270808181
CHF_JPY,2023-08-16 13:00:00,2023-09-01 09:00:00,-1.0
EUR_GBP,2023-08-16 21:00:00,2023-09-05 21:00:00,-0.11234114260303284
EUR_GBP,2023-08-17 05:00:00,2023-09-06 05:00:00,-0.0911886084384539
EUR_GBP,2023-08-17 17:00:00,2023-09-06 17:00:00,0.522805331207729
USD_JPY,2023-08-18 01:00:00,2023-08-29 09:00:00,1.0
CHF_JPY,2023-08-18 05:00:00,2023-09-07 05:00:00,-0.04172512215179965
USD_JPY,2023-08-18 17:00:00,2023-08-29 09:00:00,1.0
CHF_JPY,2023-08-18 17:00:00,2023-08-21 17:00:00,1.0
CAD_CHF,2023-08-18 17:00:00,2023-09-07 17:00:00,-0.2227547853872957
EUR_GBP,2023-08-18 17:00:00,2023-09-07 17:00:00,0.4368653447488334
USD_JPY,2023-08-21 01:00:00,2023-08-29 09:00:00,1.0
CAD_CHF,2023-08-21 05:00:00,2023-09-08 05:00:00,-0.20138664698919678
CHF_JPY,2023-08-22 09:00:00,2023-09-01 09:00:00,-1.0
EUR_GBP,2023-08-22 21:00:00,2023-08-29 13:00:00,1.0
CHF_JPY,2023-08-23 01:00:00,2023-09-11 05:00:00,-1.0
EUR_GBP,2023-08-23 05:00:00,2023-09-12 05:00:00,0.694883873538162
USD_JPY,2023-08-23 09:00:00,2023-08-29 09:00:00,1.0
CHF_JPY,2023-08-23 09:00:00,2023-09-12 09:00:00,-0.2107890050516594
CHF_JPY,2023-08-23 17:00:00,2023-09-12 17:00:00,-0.01939241150697877
USD_JPY,2023-08-23 17:00:00,2023-08-25 13:00:00,1.0
USD_JPY,2023-08-24 01:00:00,2023-08-28 13:00:00,1.0
CAD_CHF,2023-08-24 13:00:00,2023-09-12 09:00:00,-1.0
CHF_JPY,2023-08-24 21:00:00,2023-09-13 21:00:00,-0.07213257846690943
CAD_CHF,2023-08-25 01:00:00,2023-09-12 13:00:00,-1.0
CHF_JPY,2023-08-25 05:00:00,2023-08-30 05:00:00,1.0
CAD_CHF,2023-08-25 09:00:00,2023-09-12 09:00:00,-1.0
USD_JPY,2023-08-29 17:00:00,2023-09-01 09:00:00,-1.0
USD_JPY,2023-08-30 13:00:00,2023-09-01 09:00:00,-1.0
USD_JPY,2023-08-31 01:00:00,2023-09-01 09:00:00,-1.0
CHF_JPY,2023-08-31 05:00:00,2023-09-01 09:00:00,-1.0
CAD_CHF,2023-08-31 09:00:00,2023-09-12 09:00:00,-1.0
EUR_GBP,2023-08-31 09:00:00,2023-09-20 09:00:00,0.814155576032564
USD_JPY,2023-08-31 17:00:00,2023-09-05 05:00:00,1.0
CAD_CHF,2023-08-31 21:00:00,2023-09-14 05:00:00,-1.0
CHF_JPY,2023-08-31 21:00:00,2023-09-20 21:00:00,0.030347540028394855
EUR_GBP,2023-08-31 21:00:00,2023-09-20 05:00:00,1.0
EUR_GBP,2023-09-01 09:00:00,2023-09-20 05:00:00,1.0
USD_JPY,2023-09-01 13:00:00,2023-09-05 13:00:00,1.0
EUR_GBP,2023-09-04 09:00:00,2023-09-20 05:00:00,1.0
EUR_GBP,2023-09-04 17:00:00,2023-09-20 05:00:00,1.0
EUR_GBP,2023-09-05 01:00:00,2023-09-18 21:00:00,1.0
EUR_GBP,2023-09-05 13:00:00,2023-09-13 05:00:00,1.0
CAD_CHF,2023-09-05 17:00:00,2023-09-12 13:00:00,-1.0
CHF_JPY,2023-09-06 13:00:00,2023-09-21 05:00:00,-1.0
CHF_JPY,2023-09-07 13:00:00,2023-09-21 09:00:00,-1.0
USD_JPY,2023-09-07 17:00:00,2023-09-25 13:00:00,1.0
USD_JPY,2023-09-08 01:00:00,2023-09-25 09:00:00,1.0
CAD_CHF,2023-09-08 13:00:00,2023-09-14 09:00:00,-1.0
USD_JPY,2023-09-11 05:00:00,2023-09-15 05:00:00,1.0
CHF_JPY,2023-09-11 05:00:00,2023-09-27 01:00:00,-1.0
CAD_CHF,2023-09-11 13:00:00,2023-09-14 09:00:00,-1.0
USD_JPY,2023-09-11 17:00:00,2023-09-20 05:00:00,1.0
CAD_CHF,2023-09-11 21:00:00,2023-09-14 09:00:00,-1.0
CAD_CHF,2023-09-12 13:00:00,2023-09-14 17:00:00,-1.0
CAD_CHF,2023-09-13 09:00:00,2023-09-18 09:00:00,-1.0
CAD_CHF,2023-09-13 21:00:00,2023-09-18 13:00:00,-1.0
CHF_JPY,2023-09-14 01:00:00,2023-09-21 09:00:00,-1.0
USD_JPY,2023-09-14 01:00:00,2023-09-25 09:00:00,1.0
CAD_CHF,2023-09-14 09:00:00,2023-09-19 09:00:00,-1.0
EUR_GBP,2023-09-14 17:00:00,2023-09-21 09:00:00,1.0
USD_JPY,2023-09-14 17:00:00,2023-09-25 13:00:00,1.0
CHF_JPY,2023-09-14 17:00:00,2023-09-21 09:00:00,-1.0
CAD_CHF,2023-09-14 17:00:00,2023-09-19 13:00:00,-1.0
EUR_GBP,2023-09-15 05:00:00,2023-09-21 05:00:00,1.0
CAD_CHF,2023-09-15 05:00:00,2023-09-19 13:00:00,-1.0
CAD_CHF,2023-09-17 21:00:00,2023-09-19 13:00:00,-1.0
CAD_CHF,2023-09-18 05:00:00,2023-09-19 13:00:00,-1.0
CHF_JPY,2023-09-18 05:00:00,2023-09-21 09:00:00,-1.0
CHF_JPY,2023-09-18 13:00:00,2023-09-25 21:00:00,-1.0
CAD_CHF,2023-09-18 13:00:00,2023-09-21 05:00:00,-1.0
USD_JPY,2023-09-18 21:00:00,2023-09-26 05:00:00,1.0
CAD_CHF,2023-09-19 05:00:00,2023-09-21 09:00:00,-1.0
CAD_CHF,2023-09-19 13:00:00,2023-09-22 09:00:00,-1.0
USD_JPY,2023-09-20 17:00:00,2023-10-02 13:00:00,1.0
CHF_JPY,2023-09-21 09:00:00,2023-10-03 13:00:00,-1.0
CAD_CHF,2023-09-21 09:00:00,2023-09-25 09:00:00,-1.0
USD_JPY,2023-09-21 17:00:00,2023-09-26 05:00:00,1.0
CHF_JPY,2023-09-21 17:00:00,2023-10-03 13:00:00,-1.0
CHF_JPY,2023-09-22 01:00:00,2023-10-03 13:00:00,-1.0
CAD_CHF,2023-09-22 09:00:00,2023-09-27 13:00:00,-1.0
CHF_JPY,2023-09-25 05:00:00,2023-10-03 13:00:00,-1.0
CAD_CHF,2023-09-25 21:00:00,2023-10-02 05:00:00,1.0
CHF_JPY,2023-09-26 17:00:00,2023-10-03 13:00:00,-1.0
CHF_JPY,2023-09-27 05:00:00,2023-10-02 05:00:00,1.0
CAD_CHF,2023-09-27 05:00:00,2023-10-02 05:00:00,1.0
CAD_CHF,2023-09-27 21:00:00,2023-09-29 13:00:00,1.0
EUR_GBP,2023-09-27 21:00:00,2023-10-17 21:00:00,0.3025648724492806
EUR_GBP,2023-09-28 05:00:00,2023-10-18 05:00:00,0.38652933688230595
CHF_JPY,2023-09-28 05:00:00,2023-10-02 05:00:00,1.0
CAD_CHF,2023-09-28 05:00:00,2023-10-02 05:00:00,1.0
EUR_GBP,2023-09-29 13:00:00,2023-10-19 13:00:00,0.42114250770171896
CHF_JPY,2023-10-02 17:00:00,2023-10-03 13:00:00,-1.0
CHF_JPY,2023-10-03 05:00:00,2023-10-03 13:00:00,-1.0
EUR_GBP,2023-10-04 13:00:00,2023-10-20 05:00:00,1.0
USD_JPY,2023-10-05 05:00:00,2023-10-25 05:00:00,0.5932169268141974
EUR_GBP,2023-10-05 05:00:00,2023-10-25 05:00:00,0.6231392370006145
USD_JPY,2023-10-05 17:00:00,2023-10-25 17:00:00,1.0
EUR_GBP,2023-10-05 17:00:00,2023-10-25 17:00:00,0.7914408845651698
EUR_GBP,2023-10-06 01:00:00,2023-10-26 01:00:00,0.8351622964075243
EUR_GBP,2023-10-06 09:00:00,2023-10-26 09:00:00,0.5670466225502033
CAD_CHF,2023-10-06 13:00:00,2023-10-13 17:00:00,1.0
EUR_GBP,2023-10-06 17:00:00,2023-10-26 17:00:00,0.5867541407747863
USD_JPY,2023-10-09 21:00:00,2023-10-25 17:00:00,1.0
EUR_GBP,2023-10-09 21:00:00,2023-10-19 21:00:00,1.0
CAD_CHF,2023-10-10 05:00:00,2023-10-17 09:00:00,1.0
EUR_GBP,2023-10-11 05:00:00,2023-10-20 05:00:00,1.0
EUR_GBP,2023-10-11 13:00:00,2023-10-19 09:00:00,1.0
EUR_GBP,2023-10-11 21:00:00,2023-10-19 09:00:00,1.0
CHF_JPY,2023-10-12 17:00:00,2023-10-18 05:00:00,1.0
USD_JPY,2023-10-16 05:00:00,2023-10-31 13:00:00,1.0
USD_JPY,2023-10-16 13:00:00,2023-10-31 13:00:00,1.0
CHF_JPY,2023-10-19 09:00:00,2023-10-30 05:00:00,-1.0
CHF_JPY,2023-10-23 05:00:00,2023-10-27 09:00:00,-1.0
CAD_CHF,2023-10-23 05:00:00,2023-11-02 13:00:00,-1.0
USD_JPY,2023-10-23 17:00:00,2023-10-31 13:00:00,1.0
USD_JPY,2023-10-24 01:00:00,2023-10-31 13:00:00,1.0
USD_JPY,2023-10-24 09:00:00,2023-10-31 13:00:00,1.0
EUR_GBP,2023-10-24 09:00:00,2023-11-13 10:00:00,0.16552104646083715
CHF_JPY,2023-10-24 13:00:00,2023-10-27 13:00:00,-1.0
CHF_JPY,2023-10-25 09:00:00,2023-10-27 13:00:00,-1.0
CHF_JPY,2023-10-25 17:00:00,2023-10-27 13:00:00,-1.0
CAD_CHF,2023-10-26 09:00:00,2023-10-31 13:00:00,-1.0
EUR_GBP,2023-10-26 17:00:00,2023-11-15 18:00:00,0.2870132255694279
CAD_CHF,2023-10-27 09:00:00,2023-11-02 17:00:00,-1.0
CHF_JPY,2023-10-27 13:00:00,2023-11-08 10:00:00,1.0
USD_JPY,2023-10-27 17:00:00,2023-10-31 13:00:00,1.0
CHF_JPY,2023-10-30 05:00:00,2023-11-08 10:00:00,1.0
USD_JPY,2023-10-30 05:00:00,2023-10-31 13:00:00,1.0
USD_JPY,2023-10-30 17:00:00,2023-10-31 09:00:00,1.0
CHF_JPY,2023-10-30 17:00:00,2023-10-31 09:00:00,1.0
EUR_GBP,2023-10-31 21:00:00,2023-11-20 22:00:00,0.4396739754333589
CAD_CHF,2023-10-31 21:00:00,2023-11-14 14:00:00,1.0
CHF_JPY,2023-11-01 01:00:00,2023-11-10 10:00:00,1.0
CHF_JPY,2023-11-01 09:00:00,2023-11-13 02:00:00,1.0
EUR_GBP,2023-11-01 17:00:00,2023-11-21 18:00:00,0.028738274783884948
CAD_CHF,2023-11-01 17:00:00,2023-11-15 06:00:00,1.0
CHF_JPY,2023-11-01 17:00:00,2023-11-10 10:00:00,1.0
USD_JPY,2023-11-02 01:00:00,2023-11-20 02:00:00,-1.0
EUR_GBP,2023-11-02 01:00:00,2023-11-22 02:00:00,0.06320531384311885
USD_JPY,2023-11-02 13:00:00,2023-11-20 02:00:00,-1.0
EUR_GBP,2023-11-02 21:00:00,2023-11-22 22:00:00,0.07461230299482767
CAD_CHF,2023-11-02 21:00:00,2023-11-08 14:00:00,1.0
CHF_JPY,2023-11-03 09:00:00,2023-11-08 14:00:00,1.0
CAD_CHF,2023-11-03 09:00:00,2023-11-14 10:00:00,1.0
USD_JPY,2023-11-03 13:00:00,2023-11-08 10:00:00,1.0
EUR_GBP,2023-11-05 22:00:00,2023-11-16 06:00:00,1.0
CHF_JPY,2023-11-10 02:00:00,2023-11-14 14:00:00,1.0
CAD_CHF,2023-11-10 06:00:00,2023-11-16 14:00:00,1.0
EUR_GBP,2023-11-14 14:00:00,2023-11-30 06:00:00,-1.0
USD_JPY,2023-11-14 18:00:00,2023-11-20 02:00:00,-1.0
EUR_GBP,2023-11-15 06:00:00,2023-11-30 06:00:00,-1.0
USD_JPY,2023-11-15 10:00:00,2023-11-17 10:00:00,-1.0
CHF_JPY,2023-11-16 14:00:00,2023-11-20 10:00:00,-1.0
USD_JPY,2023-11-17 02:00:00,2023-11-20 02:00:00,-1.0
CHF_JPY,2023-11-17 02:00:00,2023-11-20 10:00:00,-1.0
USD_JPY,2023-11-17 10:00:00,2023-11-20 10:00:00,-1.0
CHF_JPY,2023-11-17 10:00:00,2023-11-21 02:00:00,-1.0
USD_JPY,2023-11-20 02:00:00,2023-11-21 02:00:00,-1.0
CHF_JPY,2023-11-20 10:00:00,2023-11-24 14:00:00,1.0
USD_JPY,2023-11-20 10:00:00,2023-11-28 22:00:00,-1.0
CHF_JPY,2023-11-20 18:00:00,2023-11-23 14:00:00,1.0
USD_JPY,2023-11-20 18:00:00,2023-11-28 22:00:00,-1.0
USD_JPY,2023-11-21 02:00:00,2023-11-22 06:00:00,1.0
USD_JPY,2023-11-21 14:00:00,2023-11-22 14:00:00,1.0
CAD_CHF,2023-11-21 18:00:00,2023-12-11 18:00:00,-0.4048206225861963
EUR_GBP,2023-11-21 22:00:00,2023-11-30 06:00:00,-1.0
CAD_CHF,2023-11-22 22:00:00,2023-12-12 22:00:00,0.1379310344827509
CAD_CHF,2023-11-23 06:00:00,2023-12-13 06:00:00,0.0868082467834454
EUR_GBP,2023-11-23 14:00:00,2023-11-30 14:00:00,-1.0
EUR_GBP,2023-11-24 02:00:00,2023-12-01 06:00:00,-1.0
EUR_GBP,2023-11-24 10:00:00,2023-12-01 14:00:00,-1.0
CAD_CHF,2023-11-24 14:00:00,2023-11-30 14:00:00,1.0
USD_JPY,2023-11-27 02:00:00,2023-11-28 14:00:00,-1.0
EUR_GBP,2023-11-27 06:00:00,2023-12-01 14:00:00,-1.0
USD_JPY,2023-11-27 14:00:00,2023-11-28 14:00:00,-1.0
EUR_GBP,2023-11-27 14:00:00,2023-12-01 14:00:00,-1.0
CHF_JPY,2023-11-28 02:00:00,2023-11-30 14:00:00,1.0
USD_JPY,2023-11-28 02:00:00,2023-11-28 22:00:00,-1.0
EUR_GBP,2023-11-28 02:00:00,2023-12-01 14:00:00,-1.0
CAD_CHF,2023-11-28 10:00:00,2023-12-18 10:00:00,-0.4346548283809465
CHF_JPY,2023-11-28 18:00:00,2023-11-30 14:00:00,1.0
EUR_GBP,2023-11-28 18:00:00,2023-12-01 14:00:00,-1.0
USD_JPY,2023-11-28 22:00:00,2023-11-30 14:00:00,1.0
EUR_GBP,2023-11-29 02:00:00,2023-12-01 18:00:00,-1.0
USD_JPY,2023-11-29 18:00:00,2023-12-07 06:00:00,-1.0
EUR_GBP,2023-11-29 18:00:00,2023-12-01 18:00:00,-1.0
USD_JPY,2023-11-30 02:00:00,2023-11-30 14:00:00,1.0
EUR_GBP,2023-11-30 06:00:00,2023-12-03 22:00:00,-1.0
CAD_CHF,2023-12-01 02:00:00,2023-12-21 02:00:00,0.04181832262061387
EUR_GBP,2023-12-01 02:00:00,2023-12-21 02:00:00,0.3383545770567815
EUR_GBP,2023-12-01 10:00:00,2023-12-21 10:00:00,0.7088407548573022
CAD_CHF,2023-12-01 14:00:00,2023-12-15 18:00:00,-1.0
USD_JPY,2023-12-01 18:00:00,2023-12-07 06:00:00,-1.0
CHF_JPY,2023-12-01 18:00:00,2023-12-07 06:00:00,-1.0
EUR_GBP,2023-12-01 18:00:00,2023-12-20 06:00:00,1.0
CHF_JPY,2023-12-04 02:00:00,2023-12-07 06:00:00,-1.0
EUR_GBP,2023-12-04 06:00:00,2023-12-20 06:00:00,1.0
CHF_JPY,2023-12-04 10:00:00,2023-12-07 06:00:00,-1.0
USD_JPY,2023-12-04 10:00:00,2023-12-07 06:00:00,-1.0
EUR_GBP,2023-12-04 14:00:00,2023-12-20 06:00:00,1.0
EUR_GBP,2023-12-05 18:00:00,2023-12-20 06:00:00,1.0
EUR_GBP,2023-12-06 02:00:00,2023-12-20 06:00:00,1.0
EUR_GBP,2023-12-06 10:00:00,2023-12-20 06:00:00,1.0
EUR_GBP,2023-12-06 18:00:00,2023-12-20 06:00:00,1.0
USD_JPY,2023-12-07 10:00:00,2023-12-07 14:00:00,-1.0
CHF_JPY,2023-12-07 10:00:00,2023-12-07 14:00:00,-1.0
CAD_CHF,2023-12-08 14:00:00,2023-12-27 14:00:00,1.0
CAD_CHF,2023-12-10 22:00:00,2023-12-27 14:00:00,1.0
EUR_GBP,2023-12-11 14:00:00,2023-12-20 06:00:00,1.0
CAD_CHF,2023-12-11 14:00:00,2023-12-27 14:00:00,1.0
CHF_JPY,2023-12-12 06:00:00,2023-12-13 18:00:00,-1.0
CHF_JPY,2023-12-13 18:00:00,2023-12-14 06:00:00,-1.0
USD_JPY,2023-12-14 02:00:00,2023-12-18 10:00:00,1.0
CHF_JPY,2023-12-14 10:00:00,2023-12-18 14:00:00,1.0
USD_JPY,2023-12-14 18:00:00,2023-12-19 02:00:00,1.0
USD_JPY,2023-12-15 06:00:00,2023-12-19 02:00:00,1.0
EUR_GBP,2023-12-15 10:00:00,2023-12-21 06:00:00,1.0
CAD_CHF,2023-12-15 18:00:00,2023-12-21 10:00:00,1.0
CAD_CHF,2023-12-18 02:00:00,2023-12-21 10:00:00,1.0
CHF_JPY,2023-12-20 10:00:00,2023-12-27 14:00:00,1.0
CHF_JPY,2023-12-21 02:00:00,2023-12-27 14:00:00,1.0
USD_JPY,2023-12-21 02:00:00,2023-12-27 22:00:00,-1.0
CHF_JPY,2023-12-21 14:00:00,2023-12-27 06:00:00,1.0
USD_JPY,2023-12-21 14:00:00,2023-12-28 06:00:00,-1.0
USD_JPY,2023-12-21 22:00:00,2023-12-28 06:00:00,-1.0
USD_JPY,2023-12-22 14:00:00,2023-12-28 06:00:00,-1.0
CAD_CHF,2023-12-26 02:00:00,2023-12-27 14:00:00,1.0
CAD_CHF,2023-12-26 14:00:00,2023-12-27 14:00:00,1.0
USD_JPY,2023-12-28 10:00:00,2024-01-03 06:00:00,1.0
CHF_JPY,2023-12-28 22:00:00,2024-01-04 10:00:00,1.0
EUR_GBP,2023-12-29 06:00:00,2024-01-04 10:00:00,-1.0
CAD_CHF,2023-12-29 06:00:00,2024-01-02 10:00:00,-1.0
EUR_GBP,2023-12-29 18:00:00,2024-01-08 22:00:00,-1.0
CHF_JPY,2024-01-01 22:00:00,2024-01-04 10:00:00,1.0
CHF_JPY,2024-01-02 06:00:00,2024-01-04 02:00:00,1.0
EUR_GBP,2024-01-02 06:00:00,2024-01-17 10:00:00,-1.0
CAD_CHF,2024-01-02 10:00:00,2024-01-19 06:00:00,-1.0
CAD_CHF,2024-01-02 18:00:00,2024-01-18 22:00:00,-1.0
CHF_JPY,2024-01-02 22:00:00,2024-01-03 14:00:00,1.0
EUR_GBP,2024-01-03 18:00:00,2024-01-23 18:00:00,-0.8278356850514076
EUR_GBP,2024-01-04 02:00:00,2024-01-24 02:00:00,-0.8947612424663987
EUR_GBP,2024-01-04 10:00:00,2024-01-18 22:00:00,-1.0
EUR_GBP,2024-01-05 02:00:00,2024-01-24 06:00:00,-1.0
EUR_GBP,2024-01-05 10:00:00,2024-01-24 06:00:00,-1.0
EUR_GBP,2024-01-05 18:00:00,2024-01-25 18:00:00,-0.823939570017439
CHF_JPY,2024-01-08 02:00:00,2024-01-10 14:00:00,1.0
USD_JPY,2024-01-08 10:00:00,2024-01-11 10:00:00,1.0
USD_JPY,2024-01-08 18:00:00,2024-01-10 14:00:00,1.0
EUR_GBP,2024-01-08 18:00:00,2024-01-26 18:00:00,-0.5564027051880513
CHF_JPY,2024-01-09 02:00:00,2024-01-10 18:00:00,1.0
USD_JPY,2024-01-09 02:00:00,2024-01-10 10:00:00,1.0
CAD_CHF,2024-01-09 10:00:00,2024-01-17 14:00:00,-1.0
USD_JPY,2024-01-09 14:00:00,2024-01-11 10:00:00,1.0
CHF_JPY,2024-01-09 14:00:00,2024-01-10 18:00:00,1.0
EUR_GBP,2024-01-10 02:00:00,2024-01-25 14:00:00,-1.0
CAD_CHF,2024-01-10 02:00:00,2024-01-18 14:00:00,-1.0
CAD_CHF,2024-01-10 10:00:00,2024-01-18 14:00:00,-1.0
EUR_GBP,2024-01-10 14:00:00,2024-01-25 14:00:00,-1.0
CAD_CHF,2024-01-11 14:00:00,2024-01-18 14:00:00,-1.0
CHF_JPY,2024-01-11 18:00:00,2024-01-31 18:00:00,-0.00820642680454045
USD_JPY,2024-01-12 02:00:00,2024-01-16 10:00:00,1.0
EUR_GBP,2024-01-12 06:00:00,2024-02-01 06:00:00,-0.7665108055923886
CAD_CHF,2024-01-12 10:00:00,2024-01-18 22:00:00,-1.0
CHF_JPY,2024-01-12 14:00:00,2024-01-17 10:00:00,1.0
EUR_GBP,2024-01-12 14:00:00,2024-02-01 14:00:00,-0.6945171535266729
USD_JPY,2024-01-12 14:00:00,2024-01-16 06:00:00,1.0
EUR_GBP,2024-01-14 22:00:00,2024-02-01 22:00:00,-0.8059920214931147
USD_JPY,2024-01-14 22:00:00,2024-01-16 06:00:00,1.0
CAD_CHF,2024-01-16 06:00:00,2024-01-18 18:00:00,-1.0
CHF_JPY,2024-01-16 06:00:00,2024-02-05 06:00:00,0.18495575740850326
CAD_CHF,2024-01-16 14:00:00,2024-01-19 06:00:00,-1.0
EUR_GBP,2024-01-17 10:00:00,2024-02-06 10:00:00,-0.5647086219945301
CAD_CHF,2024-01-17 14:00:00,2024-01-19 14:00:00,-1.0
EUR_GBP,2024-01-17 18:00:00,2024-02-06 18:00:00,-0.5568953665839512
CAD_CHF,2024-01-18 14:00:00,2024-02-07 14:00:00,-0.8661037769588492
CHF_JPY,2024-01-18 18:00:00,2024-02-07 18:00:00,-0.7580506265341065
CAD_CHF,2024-01-18 22:00:00,2024-02-07 22:00:00,-1.0
EUR_GBP,2024-01-18 22:00:00,2024-02-07 22:00:00,-0.41671530290649766
USD_JPY,2024-01-19 10:00:00,2024-01-24 14:00:00,-1.0
CHF_JPY,2024-01-19 10:00:00,2024-02-08 10:00:00,0.04223641835172539
CAD_CHF,2024-01-19 10:00:00,2024-01-24 18:00:00,1.0
CAD_CHF,2024-01-19 18:00:00,2024-01-24 18:00:00,1.0
USD_JPY,2024-01-22 02:00:00,2024-01-31 14:00:00,-1.0
CHF_JPY,2024-01-22 02:00:00,2024-02-09 02:00:00,0.1940961919617296
EUR_GBP,2024-01-22 06:00:00,2024-02-09 06:00:00,-0.4721435316336149
CAD_CHF,2024-01-22 10:00:00,2024-01-24 18:00:00,1.0
USD_JPY,2024-01-22 14:00:00,2024-01-31 14:00:00,-1.0
EUR_GBP,2024-01-22 14:00:00,2024-02-09 14:00:00,-0.31752331811867984
EUR_GBP,2024-01-23 02:00:00,2024-02-12 02:00:00,-0.2277079732822652
EUR_GBP,2024-01-23 10:00:00,2024-02-12 10:00:00,-0.25358169537474956
EUR_GBP,2024-01-23 22:00:00,2024-02-12 22:00:00,-0.28870317339723794
EUR_GBP,2024-01-24 10:00:00,2024-02-13 10:00:00,-0.6426660123158109
USD_JPY,2024-01-24 14:00:00,2024-02-04 22:00:00,1.0
EUR_GBP,2024-01-25 14:00:00,2024-02-14 14:00:00,-0.007025267545612713
CHF_JPY,2024-01-25 14:00:00,2024-02-14 14:00:00,-0.27755772672592505
CAD_CHF,2024-01-25 22:00:00,2024-02-07 18:00:00,-1.0
EUR_GBP,2024-01-26 02:00:00,2024-02-15 02:00:00,0.046871338176699556
CAD_CHF,2024-01-26 06:00:00,2024-02-07 18:00:00,-1.0
EUR_GBP,2024-01-26 14:00:00,2024-02-15 14:00:00,0.05265744576282477
EUR_GBP,2024-01-29 10:00:00,2024-02-16 10:00:00,0.30028621029418706
CHF_JPY,2024-01-29 18:00:00,2024-02-07 10:00:00,-1.0
EUR_GBP,2024-01-29 22:00:00,2024-02-18 22:00:00,0.24399113186079224
USD_JPY,2024-01-30 02:00:00,2024-02-01 14:00:00,-1.0
CHF_JPY,2024-01-30 02:00:00,2024-02-07 18:00:00,-1.0
EUR_GBP,2024-01-30 06:00:00,2024-02-19 06:00:00,0.022251370215958265
CAD_CHF,2024-01-30 10:00:00,2024-02-07 14:00:00,-1.0
USD_JPY,2024-01-31 18:00:00,2024-02-02 14:00:00,1.0
CHF_JPY,2024-01-31 18:00:00,2024-02-20 18:00:00,-0.3252899769659376
CHF_JPY,2024-02-01 02:00:00,2024-02-21 02:00:00,0.1552274611490258
EUR_GBP,2024-02-01 02:00:00,2024-02-21 02:00:00,0.3717079805820702
USD_JPY,2024-02-01 18:00:00,2024-02-02 10:00:00,1.0
EUR_GBP,2024-02-02 02:00:00,2024-02-22 02:00:00,0.401992382068564
EUR_GBP,2024-02-02 14:00:00,2024-02-22 14:00:00,0.02340139238284417
CAD_CHF,2024-02-02 18:00:00,2024-02-07 18:00:00,-1.0
CHF_JPY,2024-02-05 06:00:00,2024-02-23 06:00:00,0.1886903017872849
CAD_CHF,2024-02-05 10:00:00,2024-02-09 06:00:00,-1.0
CHF_JPY,2024-02-05 14:00:00,2024-02-23 14:00:00,-0.008196241437860775
CHF_JPY,2024-02-06 02:00:00,2024-02-26 02:00:00,0.02343058980651737
CHF_JPY,2024-02-06 10:00:00,2024-02-26 10:00:00,0.6296696583807136
CAD_CHF,2024-02-06 14:00:00,2024-02-09 10:00:00,-1.0
USD_JPY,2024-02-06 18:00:00,2024-02-08 10:00:00,1.0
EUR_GBP,2024-02-06 18:00:00,2024-02-26 18:00:00,0.1827211394302848
EUR_GBP,2024-02-07 02:00:00,2024-02-27 02:00:00,0.22017145266313792
USD_JPY,2024-02-07 02:00:00,2024-02-08 10:00:00,1.0
CHF_JPY,2024-02-07 02:00:00,2024-02-27 02:00:00,0.5283169666731333
CHF_JPY,2024-02-07 10:00:00,2024-02-27 10:00:00,0.4192391368260063
CAD_CHF,2024-02-07 10:00:00,2024-02-13 06:00:00,-1.0
USD_JPY,2024-02-07 10:00:00,2024-02-13 06:00:00,1.0
EUR_GBP,2024-02-07 10:00:00,2024-02-27 10:00:00,0.2566927657180403
CHF_JPY,2024-02-07 18:00:00,2024-02-21 22:00:00,1.0
CAD_CHF,2024-02-07 22:00:00,2024-02-13 10:00:00,-1.0
CAD_CHF,2024-02-08 14:00:00,2024-02-13 10:00:00,-1.0
CAD_CHF,2024-02-09 10:00:00,2024-02-29 10:00:00,0.41634659701951077
USD_JPY,2024-02-12 10:00:00,2024-02-13 14:00:00,1.0
CHF_JPY,2024-02-12 10:00:00,2024-03-01 10:00:00,-0.2885621260740195
EUR_GBP,2024-02-13 10:00:00,2024-03-04 10:00:00,0.6173275010582754
CAD_CHF,2024-02-13 14:00:00,2024-02-28 22:00:00,1.0
EUR_GBP,2024-02-14 06:00:00,2024-03-05 06:00:00,0.22850045114191767
CAD_CHF,2024-02-14 10:00:00,2024-02-28 10:00:00,1.0
USD_JPY,2024-02-15 02:00:00,2024-03-06 02:00:00,-0.18909381450162505
USD_JPY,2024-02-15 10:00:00,2024-03-06 10:00:00,-0.3190111987613163
CHF_JPY,2024-02-19 02:00:00,2024-03-06 22:00:00,-1.0
USD_JPY,2024-02-19 02:00:00,2024-03-07 02:00:00,-1.0
CHF_JPY,2024-02-19 10:00:00,2024-03-07 02:00:00,-1.0
USD_JPY,2024-02-19 14:00:00,2024-03-06 22:00:00,-1.0
CHF_JPY,2024-02-19 18:00:00,2024-03-07 02:00:00,-1.0
USD_JPY,2024-02-20 14:00:00,2024-03-07 02:00:00,-1.0
CHF_JPY,2024-02-20 22:00:00,2024-03-06 22:00:00,-1.0
CAD_CHF,2024-02-22 18:00:00,2024-03-13 17:00:00,0.026042464536291582
EUR_GBP,2024-02-23 06:00:00,2024-03-14 05:00:00,-0.09592999450157791
CAD_CHF,2024-02-23 06:00:00,2024-02-29 06:00:00,1.0
EUR_GBP,2024-02-23 14:00:00,2024-03-14 13:00:00,0.005855692318502165
CAD_CHF,2024-02-23 14:00:00,2024-03-14 13:00:00,-0.11956038565888498
USD_JPY,2024-02-26 02:00:00,2024-03-06 22:00:00,-1.0
CHF_JPY,2024-02-26 02:00:00,2024-03-06 06:00:00,-1.0
USD_JPY,2024-02-27 10:00:00,2024-03-06 22:00:00,-1.0
CHF_JPY,2024-02-27 10:00:00,2024-03-06 06:00:00,-1.0
USD_JPY,2024-02-29 02:00:00,2024-03-07 02:00:00,-1.0
CHF_JPY,2024-02-29 02:00:00,2024-03-06 06:00:00,-1.0
USD_JPY,2024-02-29 14:00:00,2024-03-07 02:00:00,-1.0
CHF_JPY,2024-02-29 22:00:00,2024-03-07 06:00:00,-1.0
CAD_CHF,2024-03-01 06:00:00,2024-03-20 17:00:00,-1.0
CAD_CHF,2024-03-01 14:00:00,2024-03-21 05:00:00,-1.0
EUR_GBP,2024-03-04 18:00:00,2024-03-22 17:00:00,0.2501665828881413
CHF_JPY,2024-03-05 02:00:00,2024-03-07 06:00:00,-1.0
EUR_GBP,2024-03-05 02:00:00,2024-03-25 01:00:00,0.23020742039147277
EUR_GBP,2024-03-05 14:00:00,2024-03-25 13:00:00,0.34057792914574014
CHF_JPY,2024-03-05 14:00:00,2024-03-07 06:00:00,-1.0
USD_JPY,2024-03-05 14:00:00,2024-03-06 22:00:00,-1.0
CHF_JPY,2024-03-06 02:00:00,2024-03-07 06:00:00,-1.0
EUR_GBP,2024-03-06 02:00:00,2024-03-26 01:00:00,0.3358492773974529
USD_JPY,2024-03-06 06:00:00,2024-03-07 06:00:00,-1.0
EUR_GBP,2024-03-06 10:00:00,2024-03-26 09:00:00,0.34598840471293235
USD_JPY,2024-03-06 14:00:00,2024-03-07 06:00:00,-1.0
CHF_JPY,2024-03-06 14:00:00,2024-03-08 06:00:00,-1.0
CAD_CHF,2024-03-06 18:00:00,2024-03-21 05:00:00,-1.0
USD_JPY,2024-03-07 02:00:00,2024-03-08 06:00:00,-1.0
CHF_JPY,2024-03-07 02:00:00,2024-03-20 01:00:00,1.0
CAD_CHF,2024-03-07 06:00:00,2024-03-21 05:00:00,-1.0
EUR_GBP,2024-03-07 14:00:00,2024-03-27 13:00:00,0.20466400018711267
USD_JPY,2024-03-07 14:00:00,2024-03-08 10:00:00,-1.0
USD_JPY,2024-03-07 22:00:00,2024-03-08 10:00:00,-1.0
EUR_GBP,2024-03-08 10:00:00,2024-03-28 09:00:00,0.35918865621184265
USD_JPY,2024-03-08 10:00:00,2024-03-14 21:00:00,1.0
EUR_GBP,2024-03-10 21:00:00,2024-03-22 09:00:00,1.0
CHF_JPY,2024-03-10 21:00:00,2024-03-18 01:00:00,1.0
USD_JPY,2024-03-11 01:00:00,2024-03-14 21:00:00,1.0
USD_JPY,2024-03-11 09:00:00,2024-03-14 13:00:00,1.0
CHF_JPY,2024-03-11 17:00:00,2024-03-19 05:00:00,1.0
CHF_JPY,2024-03-13 01:00:00,2024-03-19 13:00:00,1.0
CAD_CHF,2024-03-13 09:00:00,2024-03-20 13:00:00,-1.0
CAD_CHF,2024-03-13 21:00:00,2024-03-21 05:00:00,-1.0
CHF_JPY,2024-03-14 01:00:00,2024-03-19 13:00:00,1.0
CHF_JPY,2024-03-14 09:00:00,2024-03-19 13:00:00,1.0
CAD_CHF,2024-03-14 09:00:00,2024-03-21 05:00:00,-1.0
CAD_CHF,2024-03-14 17:00:00,2024-03-21 05:00:00,-1.0
CAD_CHF,2024-03-15 01:00:00,2024-03-21 05:00:00,-1.0
CHF_JPY,2024-03-15 05:00:00,2024-03-19 13:00:00,1.0
CAD_CHF,2024-03-18 17:00:00,2024-03-21 05:00:00,-1.0
CHF_JPY,2024-03-18 17:00:00,2024-03-19 09:00:00,1.0
EUR_GBP,2024-03-18 21:00:00,2024-04-07 21:00:00,0.4095531190395465
CAD_CHF,2024-03-19 01:00:00,2024-03-21 05:00:00,-1.0
CHF_JPY,2024-03-19 01:00:00,2024-03-20 17:00:00,1.0
EUR_GBP,2024-03-19 17:00:00,2024-04-08 17:00:00,0.4483779955279275
EUR_GBP,2024-03-20 17:00:00,2024-04-09 17:00:00,0.24231214955459196
CAD_CHF,2024-03-20 17:00:00,2024-03-21 05:00:00,-1.0
USD_JPY,2024-03-21 01:00:00,2024-04-10 01:00:00,0.6632355282007789
EUR_GBP,2024-03-21 09:00:00,2024-04-10 09:00:00,-0.24508087668930534
CHF_JPY,2024-03-21 09:00:00,2024-03-27 05:00:00,-1.0
CHF_JPY,2024-03-21 17:00:00,2024-03-27 09:00:00,-1.0
CAD_CHF,2024-03-21 17:00:00,2024-04-02 05:00:00,-1.0
CAD_CHF,2024-03-22 01:00:00,2024-04-02 05:00:00,-1.0
CHF_JPY,2024-03-22 01:00:00,2024-03-27 09:00:00,-1.0
CHF_JPY,2024-03-22 09:00:00,2024-03-27 09:00:00,-1.0
CAD_CHF,2024-03-22 09:00:00,2024-04-02 05:00:00,-1.0
USD_JPY,2024-03-25 13:00:00,2024-04-10 17:00:00,1.0
CHF_JPY,2024-03-25 21:00:00,2024-04-14 21:00:00,-0.2247084140817205
CHF_JPY,2024-03-26 05:00:00,2024-04-15 05:00:00,0.38416638871683323
CAD_CHF,2024-03-26 05:00:00,2024-04-02 05:00:00,-1.0
CAD_CHF,2024-03-26 13:00:00,2024-04-04 09:00:00,-1.0
CHF_JPY,2024-03-26 13:00:00,2024-04-15 13:00:00,0.7424679754776876
CHF_JPY,2024-03-27 01:00:00,2024-04-16 01:00:00,0.7589849991653047
CAD_CHF,2024-03-27 13:00:00,2024-04-16 13:00:00,1.0
USD_JPY,2024-03-27 13:00:00,2024-04-10 13:00:00,1.0
CHF_JPY,2024-03-27 13:00:00,2024-04-15 09:00:00,1.0
EUR_GBP,2024-03-27 21:00:00,2024-04-16 21:00:00,-0.2684250452237818
USD_JPY,2024-03-28 13:00:00,2024-04-10 13:00:00,1.0
EUR_GBP,2024-03-29 01:00:00,2024-04-18 01:00:00,0.28109298321641474
USD_JPY,2024-03-29 13:00:00,2024-04-10 13:00:00,1.0
EUR_GBP,2024-03-29 17:00:00,2024-04-18 17:00:00,0.022207676843239932
CHF_JPY,2024-03-29 17:00:00,2024-04-16 09:00:00,1.0
EUR_GBP,2024-04-01 01:00:00,2024-04-19 01:00:00,0.24234619212082434
CAD_CHF,2024-04-01 01:00:00,2024-04-16 09:00:00,1.0
CHF_JPY,2024-04-01 17:00:00,2024-04-16 09:00:00,1.0
CAD_CHF,2024-04-02 05:00:00,2024-04-05 13:00:00,1.0
CHF_JPY,2024-04-02 09:00:00,2024-04-15 09:00:00,1.0
CHF_JPY,2024-04-03 01:00:00,2024-04-15 05:00:00,1.0
CAD_CHF,2024-04-03 13:00:00,2024-04-15 17:00:00,1.0
USD_JPY,2024-04-04 01:00:00,2024-04-10 17:00:00,1.0
CAD_CHF,2024-04-04 09:00:00,2024-04-05 13:00:00,1.0
USD_JPY,2024-04-04 13:00:00,2024-04-10 17:00:00,1.0
USD_JPY,2024-04-05 01:00:00,2024-04-10 13:00:00,1.0
CHF_JPY,2024-04-08 17:00:00,2024-04-16 09:00:00,1.0
CAD_CHF,2024-04-09 01:00:00,2024-04-16 09:00:00,1.0
EUR_GBP,2024-04-09 13:00:00,2024-04-29 13:00:00,-0.3641371583296378
USD_JPY,2024-04-09 17:00:00,2024-04-11 13:00:00,1.0
EUR_GBP,2024-04-09 21:00:00,2024-04-29 21:00:00,-0.381715032801812
EUR_GBP,2024-04-10 05:00:00,2024-04-22 09:00:00,1.0
CAD_CHF,2024-04-10 17:00:00,2024-04-16 09:00:00,1.0
CHF_JPY,2024-04-10 17:00:00,2024-04-16 09:00:00,1.0
CHF_JPY,2024-04-11 01:00:00,2024-04-15 17:00:00,1.0
EUR_GBP,2024-04-11 13:00:00,2024-04-22 09:00:00,1.0
EUR_GBP,2024-04-12 01:00:00,2024-04-22 09:00:00,1.0
EUR_GBP,2024-04-12 09:00:00,2024-04-22 09:00:00,1.0
USD_JPY,2024-04-12 13:00:00,2024-04-16 09:00:00,1.0
CHF_JPY,2024-04-12 13:00:00,2024-04-16 09:00:00,1.0
CHF_JPY,2024-04-14 21:00:00,2024-04-16 09:00:00,1.0
CAD_CHF,2024-04-15 05:00:00,2024-04-19 01:00:00,1.0
CAD_CHF,2024-04-15 13:00:00,2024-04-19 01:00:00,1.0
EUR_GBP,2024-04-15 13:00:00,2024-04-22 05:00:00,1.0
EUR_GBP,2024-04-15 21:00:00,2024-04-22 05:00:00,1.0
EUR_GBP,2024-04-16 09:00:00,2024-04-22 05:00:00,1.0
CHF_JPY,2024-04-17 17:00:00,2024-04-26 05:00:00,1.0
CAD_CHF,2024-04-18 05:00:00,2024-04-19 01:00:00,1.0
CAD_CHF,2024-04-18 13:00:00,2024-04-19 01:00:00,1.0
CAD_CHF,2024-04-18 21:00:00,2024-04-19 01:00:00,1.0
CHF_JPY,2024-04-22 05:00:00,2024-04-26 05:00:00,1.0
CAD_CHF,2024-04-22 05:00:00,2024-04-29 01:00:00,-1.0
CAD_CHF,2024-04-22 21:00:00,2024-05-12 21:00:00,0.4327118109289745
CHF_JPY,2024-04-23 05:00:00,2024-04-26 05:00:00,1.0
CAD_CHF,2024-04-23 05:00:00,2024-05-13 05:00:00,0.29620496782342576
CAD_CHF,2024-04-23 21:00:00,2024-05-08 05:00:00,1.0
CHF_JPY,2024-04-24 09:00:00,2024-04-26 05:00:00,1.0
CAD_CHF,2024-04-24 09:00:00,2024-05-14 09:00:00,0.1516493746340065
CAD_CHF,2024-04-25 05:00:00,2024-05-08 05:00:00,1.0
EUR_GBP,2024-04-25 09:00:00,2024-05-15 09:00:00,0.22638955340576855
CAD_CHF,2024-04-26 05:00:00,2024-05-03 13:00:00,1.0
CAD_CHF,2024-04-26 13:00:00,2024-05-03 09:00:00,1.0
EUR_GBP,2024-04-28 21:00:00,2024-05-16 21:00:00,0.2208434115048966
CAD_CHF,2024-04-28 21:00:00,2024-05-03 09:00:00,1.0
EUR_GBP,2024-04-29 05:00:00,2024-05-17 05:00:00,0.2397128123574858
USD_JPY,2024-04-29 09:00:00,2024-05-01 17:00:00,-1.0
EUR_GBP,2024-04-29 13:00:00,2024-05-17 13:00:00,0.21315718585667454
USD_JPY,2024-04-29 17:00:00,2024-05-01 05:00:00,1.0
EUR_GBP,2024-04-29 21:00:00,2024-05-19 21:00:00,0.2776671274925594
EUR_GBP,2024-04-30 05:00:00,2024-05-20 05:00:00,0.18964003511853253
CHF_JPY,2024-04-30 17:00:00,2024-05-01 17:00:00,-1.0
EUR_GBP,2024-04-30 17:00:00,2024-05-20 17:00:00,0.05738242458309821
CAD_CHF,2024-05-01 05:00:00,2024-05-03 09:00:00,1.0
CHF_JPY,2024-05-01 05:00:00,2024-05-01 17:00:00,-1.0
EUR_GBP,2024-05-01 09:00:00,2024-05-21 09:00:00,-0.15777110334592515
CHF_JPY,2024-05-01 17:00:00,2024-05-02 05:00:00,1.0
USD_JPY,2024-05-01 21:00:00,2024-05-02 09:00:00,-1.0
CHF_JPY,2024-05-02 17:00:00,2024-05-08 01:00:00,1.0
USD_JPY,2024-05-03 05:00:00,2024-05-07 17:00:00,1.0
CHF_JPY,2024-05-03 05:00:00,2024-05-08 01:00:00,1.0
USD_JPY,2024-05-03 13:00:00,2024-05-07 01:00:00,1.0
CAD_CHF,2024-05-07 01:00:00,2024-05-22 09:00:00,-1.0
CAD_CHF,2024-05-07 09:00:00,2024-05-22 09:00:00,-1.0
CAD_CHF,2024-05-09 09:00:00,2024-05-17 17:00:00,-1.0
CAD_CHF,2024-05-09 17:00:00,2024-05-20 21:00:00,-1.0
CAD_CHF,2024-05-10 13:00:00,2024-05-22 09:00:00,-1.0
EUR_GBP,2024-05-13 05:00:00,2024-05-22 05:00:00,-1.0
EUR_GBP,2024-05-13 21:00:00,2024-05-22 13:00:00,-1.0
CAD_CHF,2024-05-14 01:00:00,2024-05-27 21:00:00,-1.0
CAD_CHF,2024-05-14 13:00:00,2024-05-27 09:00:00,-1.0
EUR_GBP,2024-05-14 21:00:00,2024-05-22 13:00:00,-1.0
EUR_GBP,2024-05-15 09:00:00,2024-05-22 13:00:00,-1.0
USD_JPY,2024-05-15 09:00:00,2024-05-22 17:00:00,1.0
CHF_JPY,2024-05-15 13:00:00,2024-05-30 13:00:00,1.0
EUR_GBP,2024-05-15 17:00:00,2024-05-29 05:00:00,-1.0
EUR_GBP,2024-05-16 01:00:00,2024-05-29 05:00:00,-1.0
CHF_JPY,2024-05-16 01:00:00,2024-05-29 13:00:00,1.0
USD_JPY,2024-05-16 01:00:00,2024-05-16 13:00:00,1.0
EUR_GBP,2024-05-16 09:00:00,2024-05-23 05:00:00,-1.0
EUR_GBP,2024-05-16 21:00:00,2024-05-29 05:00:00,-1.0
CAD_CHF,2024-05-16 21:00:00,2024-06-03 13:00:00,1.0
EUR_GBP,2024-05-17 09:00:00,2024-06-06 09:00:00,-0.5942235401246894
CAD_CHF,2024-05-17 13:00:00,2024-05-30 17:00:00,1.0
EUR_GBP,2024-05-17 17:00:00,2024-06-06 17:00:00,-0.5618830675778281
CHF_JPY,2024-05-19 21:00:00,2024-05-30 09:00:00,1.0
CAD_CHF,2024-05-20 01:00:00,2024-05-30 05:00:00,1.0
EUR_GBP,2024-05-20 17:00:00,2024-06-07 17:00:00,-0.6599733202274739
CAD_CHF,2024-05-20 21:00:00,2024-05-30 05:00:00,1.0
EUR_GBP,2024-05-21 05:00:00,2024-06-09 21:00:00,-1.0
EUR_GBP,2024-05-21 13:00:00,2024-06-09 21:00:00,-1.0
EUR_GBP,2024-05-22 01:00:00,2024-06-09 21:00:00,-1.0
EUR_GBP,2024-05-22 13:00:00,2024-06-11 09:00:00,-1.0
EUR_GBP,2024-05-23 05:00:00,2024-06-11 09:00:00,-1.0
EUR_GBP,2024-05-23 17:00:00,2024-06-11 09:00:00,-1.0
CAD_CHF,2024-05-24 17:00:00,2024-05-30 05:00:00,1.0
CHF_JPY,2024-05-27 01:00:00,2024-05-30 09:00:00,1.0
USD_JPY,2024-05-27 05:00:00,2024-06-04 05:00:00,-1.0
EUR_GBP,2024-05-27 13:00:00,2024-06-11 09:00:00,-1.0
CAD_CHF,2024-05-27 13:00:00,2024-05-30 05:00:00,1.0
USD_JPY,2024-05-28 05:00:00,2024-06-04 05:00:00,-1.0
USD_JPY,2024-05-28 13:00:00,2024-06-04 05:00:00,-1.0
EUR_GBP,2024-05-28 13:00:00,2024-06-11 09:00:00,-1.0
EUR_GBP,2024-05-29 09:00:00,2024-06-11 09:00:00,-1.0
CHF_JPY,2024-05-29 09:00:00,2024-05-31 13:00:00,1.0
USD_JPY,2024-05-30 13:00:00,2024-06-04 09:00:00,-1.0
USD_JPY,2024-05-31 05:00:00,2024-06-04 05:00:00,-1.0
USD_JPY,2024-06-03 17:00:00,2024-06-04 13:00:00,-1.0
CHF_JPY,2024-06-04 09:00:00,2024-06-11 01:00:00,1.0
USD_JPY,2024-06-04 09:00:00,2024-06-07 09:00:00,1.0
USD_JPY,2024-06-04 17:00:00,2024-06-05 13:00:00,1.0
EUR_GBP,2024-06-04 17:00:00,2024-06-11 09:00:00,-1.0
EUR_GBP,2024-06-05 17:00:00,2024-06-13 17:00:00,-1.0
EUR_GBP,2024-06-06 09:00:00,2024-06-11 09:00:00,-1.0
USD_JPY,2024-06-06 21:00:00,2024-06-11 05:00:00,1.0
USD_JPY,2024-06-07 09:00:00,2024-06-20 05:00:00,1.0
CAD_CHF,2024-06-07 13:00:00,2024-06-18 09:00:00,1.0
EUR_GBP,2024-06-07 17:00:00,2024-06-14 05:00:00,-1.0
EUR_GBP,2024-06-10 05:00:00,2024-06-28 05:00:00,0.0035438372670028194
EUR_GBP,2024-06-10 13:00:00,2024-06-28 13:00:00,0.31363173716475895
CHF_JPY,2024-06-11 13:00:00,2024-06-16 21:00:00,1.0
EUR_GBP,2024-06-11 13:00:00,2024-07-01 13:00:00,0.5666058177852592
USD_JPY,2024-06-11 13:00:00,2024-06-12 13:00:00,-1.0
CAD_CHF,2024-06-11 17:00:00,2024-06-18 09:00:00,1.0
EUR_GBP,2024-06-11 21:00:00,2024-07-01 21:00:00,0.7032732447817962
CAD_CHF,2024-06-12 05:00:00,2024-06-18 09:00:00,1.0
EUR_GBP,2024-06-12 13:00:00,2024-07-02 13:00:00,0.33877024033734515
CHF_JPY,2024-06-12 17:00:00,2024-06-17 13:00:00,1.0
USD_JPY,2024-06-12 17:00:00,2024-06-20 05:00:00,1.0
EUR_GBP,2024-06-13 21:00:00,2024-07-03 21:00:00,0.5094527835834959
EUR_GBP,2024-06-14 09:00:00,2024-07-04 09:00:00,0.525897171076846
CAD_CHF,2024-06-20 13:00:00,2024-06-28 09:00:00,-1.0
CHF_JPY,2024-06-20 13:00:00,2024-07-10 05:00:00,1.0
CAD_CHF,2024-06-21 01:00:00,2024-06-30 21:00:00,-1.0
CAD_CHF,2024-06-21 17:00:00,2024-07-02 13:00:00,-1.0
CAD_CHF,2024-06-24 09:00:00,2024-06-30 21:00:00,-1.0
CAD_CHF,2024-06-24 17:00:00,2024-07-02 13:00:00,-1.0
CAD_CHF,2024-06-25 09:00:00,2024-07-02 17:00:00,-1.0
CHF_JPY,2024-06-25 09:00:00,2024-07-11 13:00:00,-1.0
EUR_GBP,2024-06-25 13:00:00,2024-07-15 13:00:00,-0.4796532284807428
CAD_CHF,2024-06-26 01:00:00,2024-07-03 05:00:00,-1.0
CHF_JPY,2024-06-26 01:00:00,2024-07-11 13:00:00,-1.0
EUR_GBP,2024-06-26 05:00:00,2024-07-16 05:00:00,-0.43933401226819274
CAD_CHF,2024-06-26 09:00:00,2024-07-02 17:00:00,-1.0
CHF_JPY,2024-06-26 09:00:00,2024-07-11 13:00:00,-1.0
EUR_GBP,2024-06-26 13:00:00,2024-07-16 13:00:00,-0.6653981160842
CHF_JPY,2024-06-28 13:00:00,2024-07-11 13:00:00,-1.0
USD_JPY,2024-06-28 13:00:00,2024-07-11 09:00:00,-1.0
CAD_CHF,2024-06-28 17:00:00,2024-07-04 05:00:00,-1.0
CAD_CHF,2024-07-01 13:00:00,2024-07-17 05:00:00,1.0
CAD_CHF,2024-07-02 13:00:00,2024-07-16 05:00:00,1.0
CHF_JPY,2024-07-02 13:00:00,2024-07-11 13:00:00,-1.0
CAD_CHF,2024-07-03 05:00:00,2024-07-16 05:00:00,1.0
EUR_GBP,2024-07-03 05:00:00,2024-07-14 21:00:00,-1.0
CAD_CHF,2024-07-03 13:00:00,2024-07-16 05:00:00,1.0
EUR_GBP,2024-07-03 17:00:00,2024-07-14 21:00:00,-1.0
EUR_GBP,2024-07-04 05:00:00,2024-07-14 21:00:00,-1.0
CHF_JPY,2024-07-05 05:00:00,2024-07-11 13:00:00,-1.0
USD_JPY,2024-07-05 05:00:00,2024-07-11 09:00:00,-1.0
EUR_GBP,2024-07-05 13:00:00,2024-07-25 13:00:00,-0.340453701842939
EUR_GBP,2024-07-08 05:00:00,2024-07-26 05:00:00,-0.2554580504766113
USD_JPY,2024-07-08 05:00:00,2024-07-11 09:00:00,-1.0
EUR_GBP,2024-07-08 13:00:00,2024-07-26 13:00:00,-0.12426770814841062
CHF_JPY,2024-07-09 01:00:00,2024-07-11 13:00:00,-1.0
CAD_CHF,2024-07-09 05:00:00,2024-07-17 05:00:00,1.0
EUR_GBP,2024-07-09 13:00:00,2024-07-29 13:00:00,-0.46234435786163786
CAD_CHF,2024-07-10 13:00:00,2024-07-16 05:00:00,1.0
EUR_GBP,2024-07-10 17:00:00,2024-07-30 17:00:00,-0.06049822064057028
CAD_CHF,2024-07-10 21:00:00,2024-07-17 05:00:00,1.0
EUR_GBP,2024-07-11 05:00:00,2024-07-31 05:00:00,0.09851047415583644
USD_JPY,2024-07-11 13:00:00,2024-07-17 05:00:00,-1.0
CHF_JPY,2024-07-11 13:00:00,2024-07-23 05:00:00,-1.0
EUR_GBP,2024-07-11 21:00:00,2024-07-31 21:00:00,0.028500516571865156
EUR_GBP,2024-07-12 09:00:00,2024-08-01 09:00:00,0.32141326603495596
USD_JPY,2024-07-12 17:00:00,2024-07-17 05:00:00,-1.0
EUR_GBP,2024-07-15 05:00:00,2024-08-02 01:00:00,1.0
USD_JPY,2024-07-15 09:00:00,2024-07-17 05:00:00,-1.0
USD_JPY,2024-07-15 17:00:00,2024-07-17 05:00:00,-1.0
EUR_GBP,2024-07-15 21:00:00,2024-08-02 05:00:00,1.0
CHF_JPY,2024-07-17 09:00:00,2024-07-23 13:00:00,-1.0
USD_JPY,2024-07-17 09:00:00,2024-07-24 01:00:00,-1.0
USD_JPY,2024-07-17 21:00:00,2024-07-18 17:00:00,1.0
CAD_CHF,2024-07-19 05:00:00,2024-07-24 13:00:00,1.0
CAD_CHF,2024-07-19 13:00:00,2024-07-24 13:00:00,1.0
CHF_JPY,2024-07-23 01:00:00,2024-07-24 01:00:00,-1.0
USD_JPY,2024-07-23 05:00:00,2024-07-24 05:00:00,-1.0
CAD_CHF,2024-07-23 13:00:00,2024-07-24 13:00:00,1.0
CHF_JPY,2024-07-23 13:00:00,2024-07-24 21:00:00,-1.0
EUR_GBP,2024-07-23 17:00:00,2024-08-02 05:00:00,1.0
USD_JPY,2024-07-23 21:00:00,2024-07-24 09:00:00,-1.0
CHF_JPY,2024-07-23 21:00:00,2024-07-24 21:00:00,-1.0
CHF_JPY,2024-07-24 05:00:00,2024-07-25 01:00:00,-1.0
USD_JPY,2024-07-24 05:00:00,2024-07-24 13:00:00,-1.0
USD_JPY,2024-07-24 13:00:00,2024-07-25 05:00:00,-1.0
EUR_GBP,2024-07-24 17:00:00,2024-08-02 01:00:00,1.0
USD_JPY,2024-07-25 05:00:00,2024-07-25 13:00:00,1.0
CAD_CHF,2024-07-26 17:00:00,2024-08-01 13:00:00,1.0
USD_JPY,2024-07-29 05:00:00,2024-07-30 21:00:00,-1.0
CAD_CHF,2024-07-29 09:00:00,2024-08-01 13:00:00,1.0
CHF_JPY,2024-07-29 09:00:00,2024-07-31 01:00:00,-1.0
CAD_CHF,2024-07-30 05:00:00,2024-08-01 05:00:00,1.0
EUR_GBP,2024-07-30 13:00:00,2024-08-02 09:00:00,1.0
CHF_JPY,2024-07-30 21:00:00,2024-07-31 05:00:00,-1.0
EUR_GBP,2024-07-30 21:00:00,2024-08-02 09:00:00,1.0
USD_JPY,2024-07-30 21:00:00,2024-07-31 05:00:00,-1.0
USD_JPY,2024-07-31 13:00:00,2024-08-01 01:00:00,-1.0
EUR_GBP,2024-07-31 17:00:00,2024-08-02 09:00:00,1.0
CHF_JPY,2024-08-01 01:00:00,2024-08-05 01:00:00,-1.0
USD_JPY,2024-08-01 01:00:00,2024-08-02 09:00:00,-1.0
USD_JPY,2024-08-01 17:00:00,2024-08-02 09:00:00,-1.0
USD_JPY,2024-08-04 21:00:00,2024-08-05 01:00:00,-1.0
CHF_JPY,2024-08-05 09:00:00,2024-08-05 21:00:00,1.0
USD_JPY,2024-08-05 13:00:00,2024-08-05 21:00:00,1.0
CAD_CHF,2024-08-06 05:00:00,2024-08-07 01:00:00,-1.0
CAD_CHF,2024-08-06 17:00:00,2024-08-07 01:00:00,-1.0
CAD_CHF,2024-08-07 09:00:00,2024-08-12 05:00:00,-1.0
CHF_JPY,2024-08-08 01:00:00,2024-08-19 05:00:00,-1.0
CAD_CHF,2024-08-08 21:00:00,2024-08-15 09:00:00,-1.0
EUR_GBP,2024-08-08 21:00:00,2024-08-22 13:00:00,-1.0
CHF_JPY,2024-08-09 05:00:00,2024-08-19 05:00:00,-1.0
EUR_GBP,2024-08-09 09:00:00,2024-08-22 13:00:00,-1.0
CAD_CHF,2024-08-09 09:00:00,2024-08-15 09:00:00,-1.0
EUR_GBP,2024-08-11 21:00:00,2024-08-23 05:00:00,-1.0
CAD_CHF,2024-08-11 21:00:00,2024-08-15 09:00:00,-1.0
CHF_JPY,2024-08-11 21:00:00,2024-08-21 13:00:00,1.0
EUR_GBP,2024-08-12 05:00:00,2024-08-23 05:00:00,-1.0
CAD_CHF,2024-08-12 09:00:00,2024-08-20 21:00:00,1.0
EUR_GBP,2024-08-12 13:00:00,2024-08-23 05:00:00,-1.0
EUR_GBP,2024-08-13 09:00:00,2024-08-23 13:00:00,-1.0
CHF_JPY,2024-08-13 17:00:00,2024-08-21 13:00:00,1.0
USD_JPY,2024-08-13 17:00:00,2024-08-15 09:00:00,1.0
EUR_GBP,2024-08-13 17:00:00,2024-08-23 13:00:00,-1.0
CAD_CHF,2024-08-15 09:00:00,2024-08-20 13:00:00,1.0
EUR_GBP,2024-08-16 01:00:00,2024-08-27 09:00:00,-1.0
EUR_GBP,2024-08-16 09:00:00,2024-08-27 09:00:00,-1.0
USD_JPY,2024-08-16 13:00:00,2024-08-19 01:00:00,-1.0
CHF_JPY,2024-08-16 13:00:00,2024-08-19 05:00:00,-1.0
EUR_GBP,2024-08-16 17:00:00,2024-08-27 13:00:00,-1.0
USD_JPY,2024-08-19 05:00:00,2024-08-21 17:00:00,-1.0
CHF_JPY,2024-08-19 05:00:00,2024-08-20 05:00:00,1.0
EUR_GBP,2024-08-19 09:00:00,2024-08-27 09:00:00,-1.0
EUR_GBP,2024-08-20 13:00:00,2024-08-27 05:00:00,-1.0
USD_JPY,2024-08-20 21:00:00,2024-08-25 21:00:00,-1.0
USD_JPY,2024-08-21 17:00:00,2024-08-25 21:00:00,-1.0
EUR_GBP,2024-08-21 17:00:00,2024-08-27 13:00:00,-1.0
EUR_GBP,2024-08-22 01:00:00,2024-08-27 13:00:00,-1.0
USD_JPY,2024-08-22 05:00:00,2024-08-23 17:00:00,-1.0
EUR_GBP,2024-08-22 09:00:00,2024-08-29 05:00:00,-1.0
EUR_GBP,2024-08-22 21:00:00,2024-08-29 05:00:00,-1.0
EUR_GBP,2024-08-23 09:00:00,2024-09-12 09:00:00,-0.32339923281203503
CAD_CHF,2024-08-23 17:00:00,2024-09-06 13:00:00,1.0
CHF_JPY,2024-08-23 17:00:00,2024-08-29 01:00:00,1.0
USD_JPY,2024-08-23 17:00:00,2024-08-30 13:00:00,1.0
EUR_GBP,2024-08-25 21:00:00,2024-09-12 21:00:00,-0.4462072384729794
CHF_JPY,2024-08-26 01:00:00,2024-08-28 17:00:00,1.0
USD_JPY,2024-08-26 01:00:00,2024-08-29 13:00:00,1.0
USD_JPY,2024-08-26 09:00:00,2024-08-29 09:00:00,1.0
EUR_GBP,2024-08-26 13:00:00,2024-09-13 13:00:00,-0.2858965574273994
CAD_CHF,2024-08-26 17:00:00,2024-09-06 13:00:00,1.0
EUR_GBP,2024-08-26 21:00:00,2024-09-15 21:00:00,-0.353089831249034
EUR_GBP,2024-08-27 09:00:00,2024-09-16 09:00:00,-0.207201127174122
CAD_CHF,2024-08-27 09:00:00,2024-09-06 13:00:00,1.0
USD_JPY,2024-08-27 21:00:00,2024-08-30 09:00:00,1.0
EUR_GBP,2024-08-28 05:00:00,2024-09-17 05:00:00,0.023747328425562576
EUR_GBP,2024-08-29 09:00:00,2024-09-18 09:00:00,-0.10922733532792386
CAD_CHF,2024-08-29 13:00:00,2024-09-06 09:00:00,1.0
EUR_GBP,2024-08-29 17:00:00,2024-09-18 17:00:00,0.001188551868398125
CHF_JPY,2024-08-30 01:00:00,2024-09-02 05:00:00,1.0
EUR_GBP,2024-08-30 09:00:00,2024-09-19 09:00:00,-0.13311148086522528
CAD_CHF,2024-08-30 09:00:00,2024-09-06 05:00:00,1.0
CAD_CHF,2024-09-02 13:00:00,2024-09-05 09:00:00,1.0
CAD_CHF,2024-09-03 01:00:00,2024-09-06 05:00:00,1.0
CHF_JPY,2024-09-03 09:00:00,2024-09-04 17:00:00,-1.0
USD_JPY,2024-09-03 09:00:00,2024-09-04 13:00:00,-1.0
CHF_JPY,2024-09-03 21:00:00,2024-09-04 21:00:00,-1.0
USD_JPY,2024-09-04 01:00:00,2024-09-04 17:00:00,-1.0
CHF_JPY,2024-09-04 21:00:00,2024-09-10 17:00:00,-1.0
USD_JPY,2024-09-04 21:00:00,2024-09-06 05:00:00,-1.0
CHF_JPY,2024-09-05 05:00:00,2024-09-10 17:00:00,-1.0
USD_JPY,2024-09-05 05:00:00,2024-09-06 05:00:00,-1.0
CHF_JPY,2024-09-05 13:00:00,2024-09-10 21:00:00,-1.0
USD_JPY,2024-09-05 13:00:00,2024-09-06 09:00:00,-1.0
USD_JPY,2024-09-06 05:00:00,2024-09-11 01:00:00,-1.0
CHF_JPY,2024-09-08 21:00:00,2024-09-11 01:00:00,-1.0
USD_JPY,2024-09-08 21:00:00,2024-09-11 01:00:00,-1.0
CHF_JPY,2024-09-09 17:00:00,2024-09-11 13:00:00,-1.0
CAD_CHF,2024-09-10 01:00:00,2024-09-25 09:00:00,-1.0
CHF_JPY,2024-09-10 17:00:00,2024-09-12 09:00:00,-1.0
USD_JPY,2024-09-11 05:00:00,2024-09-12 05:00:00,1.0
CHF_JPY,2024-09-11 05:00:00,2024-09-13 01:00:00,-1.0
CAD_CHF,2024-09-12 05:00:00,2024-09-13 09:00:00,1.0
CHF_JPY,2024-09-12 13:00:00,2024-09-16 05:00:00,-1.0
USD_JPY,2024-09-13 01:00:00,2024-09-17 17:00:00,1.0
CHF_JPY,2024-09-13 01:00:00,2024-09-17 13:00:00,1.0
EUR_GBP,2024-09-13 05:00:00,2024-09-23 09:00:00,-1.0
USD_JPY,2024-09-13 09:00:00,2024-09-17 17:00:00,1.0
CHF_JPY,2024-09-13 09:00:00,2024-09-17 17:00:00,1.0
USD_JPY,2024-09-16 05:00:00,2024-09-17 13:00:00,1.0
CHF_JPY,2024-09-16 05:00:00,2024-09-17 13:00:00,1.0
EUR_GBP,2024-09-16 13:00:00,2024-09-23 13:00:00,-1.0
EUR_GBP,2024-09-16 21:00:00,2024-09-23 13:00:00,-1.0
EUR_GBP,2024-09-17 13:00:00,2024-09-23 05:00:00,-1.0
CAD_CHF,2024-09-17 21:00:00,2024-09-23 13:00:00,-1.0
EUR_GBP,2024-09-18 13:00:00,2024-09-23 13:00:00,-1.0
EUR_GBP,2024-09-19 01:00:00,2024-09-23 13:00:00,-1.0
CAD_CHF,2024-09-19 05:00:00,2024-09-25 09:00:00,-1.0
CAD_CHF,2024-09-19 13:00:00,2024-09-25 09:00:00,-1.0
EUR_GBP,2024-09-19 17:00:00,2024-09-23 21:00:00,-1.0
CHF_JPY,2024-09-20 01:00:00,2024-09-20 05:00:00,1.0
EUR_GBP,2024-09-20 05:00:00,2024-10-01 09:00:00,-1.0
CAD_CHF,2024-09-20 17:00:00,2024-09-25 09:00:00,-1.0
EUR_GBP,2024-09-22 21:00:00,2024-10-10 21:00:00,-0.15028625954198832
CAD_CHF,2024-09-23 05:00:00,2024-10-04 13:00:00,-1.0
EUR_GBP,2024-09-23 09:00:00,2024-10-03 09:00:00,1.0
CHF_JPY,2024-09-23 09:00:00,2024-09-26 05:00:00,1.0
CAD_CHF,2024-09-23 13:00:00,2024-10-04 09:00:00,-1.0
EUR_GBP,2024-09-23 21:00:00,2024-10-03 05:00:00,1.0
USD_JPY,2024-09-24 01:00:00,2024-09-26 21:00:00,1.0
EUR_GBP,2024-09-24 13:00:00,2024-10-03 05:00:00,1.0
USD_JPY,2024-09-24 21:00:00,2024-09-25 17:00:00,1.0
CAD_CHF,2024-09-25 09:00:00,2024-09-27 13:00:00,1.0
EUR_GBP,2024-09-26 17:00:00,2024-10-03 05:00:00,1.0
CHF_JPY,2024-09-27 09:00:00,2024-10-02 13:00:00,1.0
EUR_GBP,2024-09-27 09:00:00,2024-10-03 09:00:00,1.0
USD_JPY,2024-09-27 13:00:00,2024-09-30 21:00:00,1.0
CHF_JPY,2024-09-27 17:00:00,2024-10-02 09:00:00,1.0
EUR_GBP,2024-09-27 17:00:00,2024-10-03 09:00:00,1.0
CHF_JPY,2024-09-30 05:00:00,2024-10-02 09:00:00,1.0
USD_JPY,2024-09-30 05:00:00,2024-09-30 21:00:00,1.0
EUR_GBP,2024-09-30 17:00:00,2024-10-03 05:00:00,1.0
CAD_CHF,2024-10-01 05:00:00,2024-10-03 05:00:00,-1.0
EUR_GBP,2024-10-01 13:00:00,2024-10-03 09:00:00,1.0
CAD_CHF,2024-10-01 13:00:00,2024-10-04 09:00:00,-1.0
CHF_JPY,2024-10-01 21:00:00,2024-10-02 13:00:00,1.0
CAD_CHF,2024-10-02 13:00:00,2024-10-10 09:00:00,1.0
EUR_GBP,2024-10-02 17:00:00,2024-10-03 05:00:00,1.0
EUR_GBP,2024-10-03 01:00:00,2024-10-03 05:00:00,1.0
CAD_CHF,2024-10-03 01:00:00,2024-10-11 05:00:00,1.0
USD_JPY,2024-10-04 05:00:00,2024-10-04 09:00:00,1.0
CHF_JPY,2024-10-04 05:00:00,2024-10-09 13:00:00,1.0
CAD_CHF,2024-10-04 13:00:00,2024-10-07 17:00:00,1.0
CHF_JPY,2024-10-07 09:00:00,2024-10-23 01:00:00,1.0
USD_JPY,2024-10-08 01:00:00,2024-10-10 09:00:00,1.0
USD_JPY,2024-10-08 09:00:00,2024-10-10 01:00:00,1.0
CHF_JPY,2024-10-08 13:00:00,2024-10-22 01:00:00,1.0
EUR_GBP,2024-10-09 21:00:00,2024-10-29 21:00:00,-0.6772413463605644
EUR_GBP,2024-10-10 09:00:00,2024-10-30 09:00:00,-0.2461053235209728
CHF_JPY,2024-10-10 09:00:00,2024-10-23 01:00:00,1.0
EUR_GBP,2024-10-10 17:00:00,2024-10-30 17:00:00,-0.019100828498428816
USD_JPY,2024-10-11 01:00:00,2024-10-17 13:00:00,1.0
EUR_GBP,2024-10-11 13:00:00,2024-10-31 13:00:00,0.7965796042181614
EUR_GBP,2024-10-14 09:00:00,2024-11-01 09:00:00,0.3918382950255585
CHF_JPY,2024-10-14 13:00:00,2024-10-23 01:00:00,1.0
CAD_CHF,2024-10-14 13:00:00,2024-11-01 13:00:00,0.35955702574429477
EUR_GBP,2024-10-14 17:00:00,2024-10-31 13:00:00,1.0
EUR_GBP,2024-10-15 01:00:00,2024-10-31 13:00:00,1.0
CHF_JPY,2024-10-15 05:00:00,2024-10-23 01:00:00,1.0
USD_JPY,2024-10-15 09:00:00,2024-10-21 17:00:00,1.0
EUR_GBP,2024-10-15 13:00:00,2024-10-31 13:00:00,1.0
CAD_CHF,2024-10-15 21:00:00,2024-11-04 22:00:00,0.6265784341932635
EUR_GBP,2024-10-15 21:00:00,2024-10-31 13:00:00,1.0
CAD_CHF,2024-10-16 05:00:00,2024-11-05 06:00:00,0.6605991778499486
EUR_GBP,2024-10-16 05:00:00,2024-11-05 06:00:00,0.23416965352450125
CAD_CHF,2024-10-16 13:00:00,2024-10-31 01:00:00,1.0
CAD_CHF,2024-10-16 21:00:00,2024-10-28 09:00:00,1.0
CHF_JPY,2024-10-17 01:00:00,2024-10-22 01:00:00,1.0
EUR_GBP,2024-10-17 17:00:00,2024-10-31 13:00:00,1.0
EUR_GBP,2024-10-18 01:00:00,2024-10-31 13:00:00,1.0
USD_JPY,2024-10-18 17:00:00,2024-10-22 01:00:00,1.0
CHF_JPY,2024-10-18 17:00:00,2024-10-22 21:00:00,1.0
USD_JPY,2024-10-21 01:00:00,2024-10-21 17:00:00,1.0
CHF_JPY,2024-10-21 01:00:00,2024-10-22 01:00:00,1.0
CAD_CHF,2024-10-23 01:00:00,2024-10-31 13:00:00,1.0
EUR_GBP,2024-10-23 09:00:00,2024-10-31 13:00:00,1.0
CHF_JPY,2024-10-24 09:00:00,2024-11-13 10:00:00,-0.1509421065822073
CHF_JPY,2024-10-24 17:00:00,2024-10-28 17:00:00,1.0
USD_JPY,2024-10-24 17:00:00,2024-10-27 21:00:00,1.0
USD_JPY,2024-10-25 05:00:00,2024-10-28 01:00:00,1.0
CAD_CHF,2024-10-28 05:00:00,2024-11-06 10:00:00,-1.0
EUR_GBP,2024-10-29 13:00:00,2024-10-31 13:00:00,1.0
CAD_CHF,2024-10-29 13:00:00,2024-11-06 10:00:00,-1.0
CHF_JPY,2024-10-30 09:00:00,2024-11-08 02:00:00,-1.0
USD_JPY,2024-10-30 09:00:00,2024-10-31 17:00:00,-1.0
USD_JPY,2024-10-30 17:00:00,2024-10-31 17:00:00,-1.0
USD_JPY,2024-10-31 05:00:00,2024-11-06 02:00:00,1.0
USD_JPY,2024-10-31 21:00:00,2024-11-06 02:00:00,1.0
CAD_CHF,2024-11-01 09:00:00,2024-11-06 02:00:00,-1.0
CHF_JPY,2024-11-01 13:00:00,2024-11-08 18:00:00,-1.0
USD_JPY,2024-11-01 13:00:00,2024-11-05 18:00:00,-1.0
CHF_JPY,2024-11-04 02:00:00,2024-11-15 18:00:00,-1.0
USD_JPY,2024-11-04 02:00:00,2024-11-06 02:00:00,1.0
USD_JPY,2024-11-04 14:00:00,2024-11-06 02:00:00,1.0
CHF_JPY,2024-11-05 18:00:00,2024-11-15 18:00:00,-1.0
USD_JPY,2024-11-05 18:00:00,2024-11-06 02:00:00,1.0
CAD_CHF,2024-11-05 22:00:00,2024-11-11 14:00:00,-1.0
EUR_GBP,2024-11-06 02:00:00,2024-11-11 14:00:00,-1.0
EUR_GBP,2024-11-06 10:00:00,2024-11-26 10:00:00,0.25582819875328383
CAD_CHF,2024-11-06 10:00:00,2024-11-14 06:00:00,-1.0
EUR_GBP,2024-11-06 18:00:00,2024-11-26 18:00:00,0.1524317057948046
EUR_GBP,2024-11-07 02:00:00,2024-11-27 02:00:00,0.291162846658241
CAD_CHF,2024-11-07 06:00:00,2024-11-22 10:00:00,-1.0
CHF_JPY,2024-11-07 10:00:00,2024-11-15 18:00:00,-1.0
EUR_GBP,2024-11-07 14:00:00,2024-11-27 14:00:00,0.30172983759481753
CHF_JPY,2024-11-07 18:00:00,2024-11-17 22:00:00,-1.0
USD_JPY,2024-11-07 18:00:00,2024-11-12 14:00:00,1.0
EUR_GBP,2024-11-08 06:00:00,2024-11-28 06:00:00,0.07814566351679965
USD_JPY,2024-11-08 10:00:00,2024-11-12 10:00:00,1.0
CHF_JPY,2024-11-08 10:00:00,2024-11-22 10:00:00,-1.0
EUR_GBP,2024-11-08 14:00:00,2024-11-28 14:00:00,0.15414072566564146
USD_JPY,2024-11-08 18:00:00,2024-11-12 10:00:00,1.0
CHF_JPY,2024-11-08 18:00:00,2024-11-20 10:00:00,1.0
EUR_GBP,2024-11-10 22:00:00,2024-11-28 22:00:00,0.16145550936803488
EUR_GBP,2024-11-11 10:00:00,2024-11-18 06:00:00,1.0
CAD_CHF,2024-11-11 22:00:00,2024-11-22 10:00:00,-1.0
CHF_JPY,2024-11-11 22:00:00,2024-11-22 10:00:00,-1.0
EUR_GBP,2024-11-12 02:00:00,2024-11-19 10:00:00,1.0
CAD_CHF,2024-11-12 14:00:00,2024-11-22 10:00:00,-1.0
CAD_CHF,2024-11-14 10:00:00,2024-11-18 06:00:00,1.0
USD_JPY,2024-11-15 10:00:00,2024-11-19 06:00:00,-1.0
USD_JPY,2024-11-15 18:00:00,2024-11-26 22:00:00,-1.0
CHF_JPY,2024-11-15 18:00:00,2024-11-20 02:00:00,1.0
USD_JPY,2024-11-18 06:00:00,2024-11-26 10:00:00,-1.0
USD_JPY,2024-11-19 02:00:00,2024-11-26 22:00:00,-1.0
USD_JPY,2024-11-19 14:00:00,2024-11-26 10:00:00,-1.0
CAD_CHF,2024-11-19 18:00:00,2024-11-22 10:00:00,-1.0
CAD_CHF,2024-11-20 06:00:00,2024-11-22 10:00:00,-1.0
EUR_GBP,2024-11-20 18:00:00,2024-12-10 10:00:00,-1.0
EUR_GBP,2024-11-21 10:00:00,2024-12-10 14:00:00,-1.0
CHF_JPY,2024-11-21 10:00:00,2024-11-22 10:00:00,-1.0
USD_JPY,2024-11-21 14:00:00,2024-11-26 22:00:00,-1.0
CHF_JPY,2024-11-21 18:00:00,2024-11-22 10:00:00,-1.0
CAD_CHF,2024-11-21 18:00:00,2024-11-22 14:00:00,-1.0
CAD_CHF,2024-11-22 02:00:00,2024-11-22 14:00:00,-1.0
USD_JPY,2024-11-22 02:00:00,2024-11-26 10:00:00,-1.0
EUR_GBP,2024-11-22 02:00:00,2024-12-10 14:00:00,-1.0
CAD_CHF,2024-11-22 14:00:00,2024-11-25 22:00:00,1.0
CHF_JPY,2024-11-22 14:00:00,2024-11-27 06:00:00,-1.0
USD_JPY,2024-11-22 14:00:00,2024-11-26 10:00:00,-1.0
CAD_CHF,2024-11-24 22:00:00,2024-11-25 22:00:00,1.0
USD_JPY,2024-11-25 02:00:00,2024-11-26 22:00:00,-1.0
CHF_JPY,2024-11-25 02:00:00,2024-11-27 06:00:00,-1.0
USD_JPY,2024-11-25 14:00:00,2024-11-26 22:00:00,-1.0
USD_JPY,2024-11-26 06:00:00,2024-11-27 02:00:00,-1.0
CHF_JPY,2024-11-26 06:00:00,2024-11-27 02:00:00,-1.0
CHF_JPY,2024-11-26 18:00:00,2024-11-27 14:00:00,-1.0
USD_JPY,2024-11-27 02:00:00,2024-11-27 14:00:00,-1.0
CHF_JPY,2024-11-27 02:00:00,2024-11-28 22:00:00,-1.0
CHF_JPY,2024-11-27 10:00:00,2024-11-29 06:00:00,-1.0
USD_JPY,2024-11-27 14:00:00,2024-12-02 14:00:00,-1.0
CHF_JPY,2024-11-27 18:00:00,2024-11-29 18:00:00,-1.0
CAD_CHF,2024-11-28 10:00:00,2024-12-06 10:00:00,1.0
USD_JPY,2024-11-29 02:00:00,2024-12-10 06:00:00,1.0
CHF_JPY,2024-11-29 02:00:00,2024-12-02 14:00:00,-1.0
EUR_GBP,2024-11-29 02:00:00,2024-12-10 22:00:00,-1.0
USD_JPY,2024-11-29 18:00:00,2024-12-09 14:00:00,1.0
EUR_GBP,2024-11-29 18:00:00,2024-12-11 14:00:00,-1.0
CHF_JPY,2024-11-29 18:00:00,2024-12-02 14:00:00,-1.0
EUR_GBP,2024-12-02 06:00:00,2024-12-20 06:00:00,0.31895614353026247
CAD_CHF,2024-12-02 10:00:00,2024-12-06 10:00:00,1.0
CHF_JPY,2024-12-02 14:00:00,2024-12-04 10:00:00,1.0
EUR_GBP,2024-12-03 02:00:00,2024-12-23 02:00:00,0.04459926953629913
CAD_CHF,2024-12-03 06:00:00,2024-12-06 10:00:00,1.0
CHF_JPY,2024-12-03 14:00:00,2024-12-04 10:00:00,1.0
USD_JPY,2024-12-03 14:00:00,2024-12-04 06:00:00,1.0
EUR_GBP,2024-12-04 14:00:00,2024-12-24 14:00:00,0.12549928199929186
EUR_GBP,2024-12-04 22:00:00,2024-12-25 22:00:00,0.1098993997801969
CHF_JPY,2024-12-05 06:00:00,2024-12-06 10:00:00,1.0
EUR_GBP,2024-12-05 10:00:00,2024-12-26 10:00:00,0.2147735225270896
USD_JPY,2024-12-06 06:00:00,2024-12-10 14:00:00,1.0
USD_JPY,2024-12-06 14:00:00,2024-12-09 22:00:00,1.0
CHF_JPY,2024-12-06 18:00:00,2024-12-10 06:00:00,1.0
CHF_JPY,2024-12-09 06:00:00,2024-12-11 10:00:00,1.0
EUR_GBP,2024-12-09 10:00:00,2024-12-30 10:00:00,-0.03503642580129516
EUR_GBP,2024-12-09 18:00:00,2024-12-30 18:00:00,0.13409197984995425
EUR_GBP,2024-12-10 10:00:00,2024-12-31 10:00:00,0.49432375782981663
CAD_CHF,2024-12-10 18:00:00,2024-12-12 06:00:00,-1.0
EUR_GBP,2024-12-10 22:00:00,2024-12-27 06:00:00,1.0
CHF_JPY,2024-12-11 02:00:00,2024-12-19 06:00:00,1.0
CAD_CHF,2024-12-11 02:00:00,2024-12-30 14:00:00,-1.0
EUR_GBP,2024-12-11 06:00:00,2025-01-02 06:00:00,0.5176008533747106
EUR_GBP,2024-12-11 18:00:00,2024-12-13 14:00:00,1.0
CAD_CHF,2024-12-11 18:00:00,2024-12-30 14:00:00,-1.0
EUR_GBP,2024-12-12 02:00:00,2024-12-13 14:00:00,1.0
CAD_CHF,2024-12-12 06:00:00,2025-01-02 14:00:00,-1.0
CHF_JPY,2024-12-12 14:00:00,2024-12-19 06:00:00,1.0
CHF_JPY,2024-12-12 22:00:00,2024-12-19 06:00:00,1.0
CAD_CHF,2024-12-13 10:00:00,2024-12-20 10:00:00,1.0
CHF_JPY,2024-12-17 10:00:00,2024-12-19 06:00:00,1.0
CAD_CHF,2024-12-17 10:00:00,2024-12-20 14:00:00,1.0
USD_JPY,2024-12-17 18:00:00,2024-12-19 02:00:00,1.0
EUR_GBP,2024-12-17 22:00:00,2025-01-08 10:00:00,1.0
EUR_GBP,2024-12-18 06:00:00,2025-01-09 02:00:00,1.0
USD_JPY,2024-12-18 06:00:00,2024-12-19 02:00:00,1.0
EUR_GBP,2024-12-18 18:00:00,2024-12-26 14:00:00,1.0
EUR_GBP,2024-12-19 10:00:00,2025-01-08 10:00:00,1.0
CAD_CHF,2024-12-19 18:00:00,2024-12-30 14:00:00,-1.0
USD_JPY,2024-12-22 22:00:00,2024-12-26 14:00:00,1.0
CAD_CHF,2024-12-23 18:00:00,2024-12-31 18:00:00,-1.0
CHF_JPY,2024-12-23 18:00:00,2024-12-30 14:00:00,-1.0
CHF_JPY,2024-12-24 10:00:00,2024-12-31 06:00:00,-1.0
CAD_CHF,2024-12-24 10:00:00,2024-12-31 18:00:00,-1.0
CAD_CHF,2024-12-24 18:00:00,2025-01-02 14:00:00,-1.0
CHF_JPY,2024-12-27 14:00:00,2024-12-30 14:00:00,-1.0
CAD_CHF,2024-12-30 06:00:00,2025-01-02 14:00:00,-1.0
EUR_GBP,2024-12-30 06:00:00,2025-01-09 06:00:00,1.0
CHF_JPY,2024-12-30 14:00:00,2025-01-10 14:00:00,-1.0
EUR_GBP,2024-12-30 14:00:00,2025-01-09 06:00:00,1.0
CAD_CHF,2024-12-30 14:00:00,2025-01-10 10:00:00,-1.0
USD_JPY,2024-12-30 14:00:00,2025-01-10 10:00:00,1.0
USD_JPY,2024-12-31 02:00:00,2025-01-02 14:00:00,1.0
CHF_JPY,2024-12-31 06:00:00,2025-01-12 22:00:00,-1.0
EUR_GBP,2024-12-31 18:00:00,2025-01-09 02:00:00,1.0
CAD_CHF,2024-12-31 18:00:00,2025-01-10 10:00:00,-1.0
EUR_GBP,2025-01-02 06:00:00,2025-01-09 06:00:00,1.0
CHF_JPY,2025-01-02 14:00:00,2025-01-06 10:00:00,1.0
CAD_CHF,2025-01-02 18:00:00,2025-01-20 22:00:00,1.0
CHF_JPY,2025-01-03 02:00:00,2025-01-06 10:00:00,1.0
USD_JPY,2025-01-06 14:00:00,2025-01-15 14:00:00,-1.0
CAD_CHF,2025-01-07 10:00:00,2025-01-20 22:00:00,1.0
CHF_JPY,2025-01-07 14:00:00,2025-01-10 14:00:00,-1.0
EUR_GBP,2025-01-07 22:00:00,2025-01-09 06:00:00,1.0
CHF_JPY,2025-01-08 10:00:00,2025-01-10 14:00:00,-1.0
EUR_GBP,2025-01-08 10:00:00,2025-01-13 06:00:00,1.0
CAD_CHF,2025-01-08 10:00:00,2025-01-13 22:00:00,-1.0
USD_JPY,2025-01-09 14:00:00,2025-01-15 10:00:00,-1.0
CHF_JPY,2025-01-09 14:00:00,2025-01-13 02:00:00,-1.0
CAD_CHF,2025-01-10 14:00:00,2025-01-20 22:00:00,1.0
USD_JPY,2025-01-10 18:00:00,2025-01-15 14:00:00,-1.0
CHF_JPY,2025-01-10 18:00:00,2025-01-15 22:00:00,-1.0
CHF_JPY,2025-01-13 02:00:00,2025-01-30 10:00:00,-1.0
CHF_JPY,2025-01-13 10:00:00,2025-01-30 10:00:00,-1.0
USD_JPY,2025-01-13 10:00:00,2025-01-15 22:00:00,-1.0
CHF_JPY,2025-01-13 18:00:00,2025-01-30 06:00:00,-1.0
CAD_CHF,2025-01-13 22:00:00,2025-01-20 22:00:00,1.0
USD_JPY,2025-01-15 14:00:00,2025-01-16 22:00:00,-1.0
CHF_JPY,2025-01-16 02:00:00,2025-01-22 18:00:00,1.0
USD_JPY,2025-01-16 02:00:00,2025-01-27 06:00:00,-1.0
USD_JPY,2025-01-16 10:00:00,2025-01-27 10:00:00,-1.0
CHF_JPY,2025-01-16 22:00:00,2025-01-22 10:00:00,1.0
USD_JPY,2025-01-16 22:00:00,2025-02-04 22:00:00,-1.0
CAD_CHF,2025-01-20 14:00:00,2025-01-20 22:00:00,1.0
USD_JPY,2025-01-20 22:00:00,2025-01-27 10:00:00,-1.0
USD_JPY,2025-01-21 06:00:00,2025-01-27 10:00:00,-1.0
CHF_JPY,2025-01-23 14:00:00,2025-01-30 02:00:00,-1.0
EUR_GBP,2025-01-23 22:00:00,2025-02-02 22:00:00,-1.0
EUR_GBP,2025-01-24 06:00:00,2025-01-29 22:00:00,-1.0
USD_JPY,2025-01-24 06:00:00,2025-01-27 10:00:00,-1.0
CAD_CHF,2025-01-24 14:00:00,2025-01-27 10:00:00,1.0
EUR_GBP,2025-01-26 22:00:00,2025-02-02 22:00:00,-1.0
CHF_JPY,2025-01-27 02:00:00,2025-01-29 22:00:00,-1.0
EUR_GBP,2025-01-27 10:00:00,2025-02-02 22:00:00,-1.0
USD_JPY,2025-01-27 10:00:00,2025-01-28 02:00:00,1.0
CHF_JPY,2025-01-27 10:00:00,2025-01-30 10:00:00,-1.0
CHF_JPY,2025-01-27 18:00:00,2025-01-30 10:00:00,-1.0
EUR_GBP,2025-01-27 22:00:00,2025-02-03 10:00:00,-1.0
EUR_GBP,2025-01-28 10:00:00,2025-02-03 10:00:00,-1.0
EUR_GBP,2025-01-28 22:00:00,2025-02-03 10:00:00,-1.0
EUR_GBP,2025-01-29 06:00:00,2025-02-03 14:00:00,-1.0
USD_JPY,2025-01-29 18:00:00,2025-02-04 22:00:00,-1.0
CHF_JPY,2025-01-29 18:00:00,2025-01-30 18:00:00,-1.0
EUR_GBP,2025-01-29 22:00:00,2025-02-18 14:00:00,-1.0
CHF_JPY,2025-01-30 02:00:00,2025-02-03 10:00:00,-1.0
EUR_GBP,2025-01-30 10:00:00,2025-02-03 10:00:00,-1.0
CHF_JPY,2025-01-30 10:00:00,2025-02-06 10:00:00,-1.0
CAD_CHF,2025-01-30 10:00:00,2025-02-02 22:00:00,1.0
USD_JPY,2025-01-30 14:00:00,2025-02-02 22:00:00,1.0
CAD_CHF,2025-01-30 18:00:00,2025-02-02 22:00:00,1.0
CHF_JPY,2025-01-31 02:00:00,2025-02-06 10:00:00,-1.0
USD_JPY,2025-01-31 02:00:00,2025-02-05 02:00:00,-1.0
EUR_GBP,2025-01-31 02:00:00,2025-02-18 18:00:00,-1.0
EUR_GBP,2025-01-31 10:00:00,2025-02-18 18:00:00,-1.0
CAD_CHF,2025-01-31 18:00:00,2025-02-02 22:00:00,1.0
EUR_GBP,2025-02-02 22:00:00,2025-02-20 22:00:00,-0.5604829514768159
CHF_JPY,2025-02-03 10:00:00,2025-02-04 06:00:00,1.0
EUR_GBP,2025-02-03 14:00:00,2025-02-21 14:00:00,-0.2543701024713735
CAD_CHF,2025-02-03 22:00:00,2025-02-07 18:00:00,-1.0
EUR_GBP,2025-02-04 06:00:00,2025-02-24 06:00:00,-0.44222264949048246
CAD_CHF,2025-02-04 14:00:00,2025-02-11 10:00:00,-1.0
USD_JPY,2025-02-04 18:00:00,2025-02-05 06:00:00,-1.0
EUR_GBP,2025-02-04 18:00:00,2025-02-24 18:00:00,-0.3246245776874627
CAD_CHF,2025-02-04 22:00:00,2025-02-11 10:00:00,-1.0
USD_JPY,2025-02-05 02:00:00,2025-02-05 22:00:00,-1.0
CHF_JPY,2025-02-05 02:00:00,2025-02-06 14:00:00,-1.0
EUR_GBP,2025-02-05 10:00:00,2025-02-25 10:00:00,-0.3679167017349754
CHF_JPY,2025-02-05 10:00:00,2025-02-06 14:00:00,-1.0
USD_JPY,2025-02-05 10:00:00,2025-02-06 18:00:00,-1.0
USD_JPY,2025-02-05 18:00:00,2025-02-06 22:00:00,-1.0
CHF_JPY,2025-02-05 18:00:00,2025-02-06 14:00:00,-1.0
CHF_JPY,2025-02-06 02:00:00,2025-02-06 22:00:00,-1.0
USD_JPY,2025-02-06 02:00:00,2025-02-12 10:00:00,1.0
CHF_JPY,2025-02-06 14:00:00,2025-02-07 14:00:00,-1.0
USD_JPY,2025-02-06 22:00:00,2025-02-11 22:00:00,1.0
CHF_JPY,2025-02-06 22:00:00,2025-02-12 14:00:00,1.0
CAD_CHF,2025-02-07 02:00:00,2025-02-11 18:00:00,-1.0
EUR_GBP,2025-02-07 18:00:00,2025-02-27 14:00:00,-1.0
CAD_CHF,2025-02-07 18:00:00,2025-02-24 18:00:00,1.0
USD_JPY,2025-02-09 22:00:00,2025-02-12 02:00:00,1.0
EUR_GBP,2025-02-10 06:00:00,2025-02-28 06:00:00,-0.8482314494425193
CAD_CHF,2025-02-10 22:00:00,2025-02-24 18:00:00,1.0
CAD_CHF,2025-02-11 14:00:00,2025-02-21 14:00:00,1.0
EUR_GBP,2025-02-11 14:00:00,2025-02-27 14:00:00,-1.0
CAD_CHF,2025-02-11 22:00:00,2025-02-21 06:00:00,1.0
EUR_GBP,2025-02-12 02:00:00,2025-03-04 02:00:00,-0.8084958133612004
CAD_CHF,2025-02-12 18:00:00,2025-02-21 14:00:00,1.0
CAD_CHF,2025-02-13 06:00:00,2025-02-24 18:00:00,1.0
USD_JPY,2025-02-14 02:00:00,2025-02-19 22:00:00,-1.0
EUR_GBP,2025-02-14 02:00:00,2025-02-27 14:00:00,-1.0
CHF_JPY,2025-02-14 06:00:00,2025-02-19 14:00:00,-1.0
USD_JPY,2025-02-14 14:00:00,2025-02-19 22:00:00,-1.0
EUR_GBP,2025-02-14 14:00:00,2025-02-27 10:00:00,-1.0
USD_JPY,2025-02-17 06:00:00,2025-02-20 02:00:00,-1.0
CHF_JPY,2025-02-17 06:00:00,2025-02-19 22:00:00,-1.0
EUR_GBP,2025-02-17 10:00:00,2025-03-06 10:00:00,1.0
USD_JPY,2025-02-17 18:00:00,2025-02-20 06:00:00,-1.0
CHF_JPY,2025-02-17 18:00:00,2025-02-20 02:00:00,-1.0
EUR_GBP,2025-02-17 18:00:00,2025-03-06 06:00:00,1.0
EUR_GBP,2025-02-18 06:00:00,2025-03-06 06:00:00,1.0
CAD_CHF,2025-02-18 06:00:00,2025-02-25 10:00:00,1.0
EUR_GBP,2025-02-18 14:00:00,2025-03-05 14:00:00,1.0
CAD_CHF,2025-02-18 18:00:00,2025-02-24 18:00:00,1.0
EUR_GBP,2025-02-18 22:00:00,2025-03-05 14:00:00,1.0
CAD_CHF,2025-02-19 02:00:00,2025-02-21 18:00:00,1.0
EUR_GBP,2025-02-19 10:00:00,2025-03-05 14:00:00,1.0
CHF_JPY,2025-02-19 10:00:00,2025-02-20 06:00:00,-1.0
USD_JPY,2025-02-19 14:00:00,2025-02-20 02:00:00,-1.0
EUR_GBP,2025-02-19 18:00:00,2025-03-05 14:00:00,1.0
CHF_JPY,2025-02-19 22:00:00,2025-03-04 18:00:00,1.0
USD_JPY,2025-02-20 02:00:00,2025-02-23 22:00:00,-1.0
EUR_GBP,2025-02-20 10:00:00,2025-03-05 14:00:00,1.0
CHF_JPY,2025-02-20 14:00:00,2025-03-04 18:00:00,1.0
USD_JPY,2025-02-20 18:00:00,2025-03-03 10:00:00,1.0
EUR_GBP,2025-02-21 10:00:00,2025-03-05 14:00:00,1.0
EUR_GBP,2025-02-21 18:00:00,2025-03-05 14:00:00,1.0
USD_JPY,2025-02-21 18:00:00,2025-02-28 10:00:00,1.0
CHF_JPY,2025-02-21 18:00:00,2025-03-04 18:00:00,1.0
USD_JPY,2025-02-25 14:00:00,2025-02-28 06:00:00,1.0
USD_JPY,2025-02-25 22:00:00,2025-02-28 10:00:00,1.0
CHF_JPY,2025-02-26 18:00:00,2025-03-04 18:00:00,1.0
EUR_GBP,2025-02-26 22:00:00,2025-03-05 10:00:00,1.0
EUR_GBP,2025-02-27 06:00:00,2025-03-05 10:00:00,1.0
CAD_CHF,2025-02-27 06:00:00,2025-03-03 18:00:00,1.0
EUR_GBP,2025-02-27 14:00:00,2025-03-05 06:00:00,1.0
CHF_JPY,2025-02-27 14:00:00,2025-03-04 18:00:00,1.0
EUR_GBP,2025-02-28 02:00:00,2025-03-05 06:00:00,1.0
CHF_JPY,2025-02-28 02:00:00,2025-03-04 18:00:00,1.0
EUR_GBP,2025-02-28 10:00:00,2025-03-05 06:00:00,1.0
EUR_GBP,2025-03-02 22:00:00,2025-03-05 10:00:00,1.0
EUR_GBP,2025-03-03 10:00:00,2025-03-05 06:00:00,1.0
EUR_GBP,2025-03-03 18:00:00,2025-03-05 06:00:00,1.0
CHF_JPY,2025-03-04 02:00:00,2025-03-04 18:00:00,1.0
USD_JPY,2025-03-04 02:00:00,2025-03-06 06:00:00,-1.0
USD_JPY,2025-03-04 14:00:00,2025-03-07 06:00:00,-1.0
CAD_CHF,2025-03-05 18:00:00,2025-03-07 06:00:00,1.0
CHF_JPY,2025-03-05 18:00:00,2025-03-17 13:00:00,1.0
CAD_CHF,2025-03-06 02:00:00,2025-03-07 06:00:00,1.0
CHF_JPY,2025-03-06 06:00:00,2025-03-12 09:00:00,1.0
USD_JPY,2025-03-06 14:00:00,2025-03-17 21:00:00,1.0
USD_JPY,2025-03-07 06:00:00,2025-03-12 09:00:00,1.0
USD_JPY,2025-03-07 14:00:00,2025-03-12 09:00:00,1.0
USD_JPY,2025-03-10 01:00:00,2025-03-12 09:00:00,1.0
USD_JPY,2025-03-10 09:00:00,2025-03-12 05:00:00,1.0
CHF_JPY,2025-03-10 09:00:00,2025-03-17 17:00:00,1.0
CHF_JPY,2025-03-10 17:00:00,2025-03-17 13:00:00,1.0
USD_JPY,2025-03-11 01:00:00,2025-03-12 05:00:00,1.0
CAD_CHF,2025-03-12 01:00:00,2025-03-18 09:00:00,-1.0
CAD_CHF,2025-03-12 13:00:00,2025-03-26 05:00:00,-1.0
EUR_GBP,2025-03-12 21:00:00,2025-03-28 09:00:00,-1.0
CHF_JPY,2025-03-13 05:00:00,2025-03-17 21:00:00,1.0
USD_JPY,2025-03-13 09:00:00,2025-03-18 01:00:00,1.0
EUR_GBP,2025-03-13 13:00:00,2025-04-02 13:00:00,-0.38340179794010953
CAD_CHF,2025-03-13 13:00:00,2025-03-26 05:00:00,-1.0
USD_JPY,2025-03-13 17:00:00,2025-03-17 21:00:00,1.0
CHF_JPY,2025-03-13 17:00:00,2025-03-17 17:00:00,1.0
EUR_GBP,2025-03-13 21:00:00,2025-04-02 21:00:00,-0.36508978106543416
EUR_GBP,2025-03-14 05:00:00,2025-04-03 05:00:00,-0.35148337900631643
CAD_CHF,2025-03-16 21:00:00,2025-04-03 09:00:00,1.0
CAD_CHF,2025-03-17 21:00:00,2025-04-03 09:00:00,1.0
EUR_GBP,2025-03-19 21:00:00,2025-04-04 09:00:00,1.0
CHF_JPY,2025-03-20 01:00:00,2025-03-27 09:00:00,1.0
USD_JPY,2025-03-20 01:00:00,2025-03-24 01:00:00,1.0
CHF_JPY,2025-03-20 09:00:00,2025-03-24 09:00:00,1.0
EUR_GBP,2025-03-20 09:00:00,2025-04-04 01:00:00,1.0
EUR_GBP,2025-03-21 05:00:00,2025-04-04 01:00:00,1.0
CAD_CHF,2025-03-21 05:00:00,2025-04-03 09:00:00,1.0
EUR_GBP,2025-03-21 17:00:00,2025-04-04 01:00:00,1.0
EUR_GBP,2025-03-24 13:00:00,2025-04-04 01:00:00,1.0
EUR_GBP,2025-03-24 21:00:00,2025-04-03 13:00:00,1.0
CHF_JPY,2025-03-25 13:00:00,2025-04-02 21:00:00,-1.0
EUR_GBP,2025-03-25 17:00:00,2025-04-03 09:00:00,1.0
USD_JPY,2025-03-25 17:00:00,2025-04-02 21:00:00,-1.0
CAD_CHF,2025-03-25 21:00:00,2025-04-03 09:00:00,1.0
CHF_JPY,2025-03-25 21:00:00,2025-04-02 21:00:00,-1.0
CAD_CHF,2025-03-26 05:00:00,2025-03-31 05:00:00,1.0
EUR_GBP,2025-03-26 05:00:00,2025-04-04 01:00:00,1.0
EUR_GBP,2025-03-26 21:00:00,2025-04-03 09:00:00,1.0
EUR_GBP,2025-03-27 09:00:00,2025-04-03 09:00:00,1.0
CHF_JPY,2025-03-28 09:00:00,2025-03-31 13:00:00,-1.0
EUR_GBP,2025-03-28 09:00:00,2025-04-03 09:00:00,1.0
CHF_JPY,2025-03-28 17:00:00,2025-04-02 21:00:00,-1.0
USD_JPY,2025-03-30 21:00:00,2025-04-02 21:00:00,-1.0
CHF_JPY,2025-03-31 09:00:00,2025-04-04 05:00:00,1.0
USD_JPY,2025-03-31 09:00:00,2025-04-02 21:00:00,-1.0
CAD_CHF,2025-04-01 17:00:00,2025-04-03 09:00:00,1.0
CAD_CHF,2025-04-02 09:00:00,2025-04-03 09:00:00,1.0
CHF_JPY,2025-04-02 13:00:00,2025-04-02 21:00:00,-1.0
USD_JPY,2025-04-02 13:00:00,2025-04-02 21:00:00,-1.0
CAD_CHF,2025-04-02 21:00:00,2025-04-03 09:00:00,1.0
CHF_JPY,2025-04-03 01:00:00,2025-04-03 09:00:00,1.0
USD_JPY,2025-04-03 01:00:00,2025-04-03 09:00:00,-1.0
USD_JPY,2025-04-03 13:00:00,2025-04-04 09:00:00,-1.0
USD_JPY,2025-04-04 05:00:00,2025-04-04 09:00:00,-1.0
USD_JPY,2025-04-04 13:00:00,2025-04-06 21:00:00,-1.0
USD_JPY,2025-04-09 01:00:00,2025-04-09 17:00:00,1.0
USD_JPY,2025-04-09 13:00:00,2025-04-09 17:00:00,1.0
CAD_CHF,2025-04-09 21:00:00,2025-04-10 09:00:00,1.0
CAD_CHF,2025-04-10 05:00:00,2025-04-10 09:00:00,1.0
USD_JPY,2025-04-11 05:00:00,2025-04-11 13:00:00,1.0
USD_JPY,2025-04-14 01:00:00,2025-04-16 21:00:00,-1.0
CHF_JPY,2025-04-14 13:00:00,2025-04-15 17:00:00,-1.0
CAD_CHF,2025-04-14 13:00:00,2025-04-17 13:00:00,-1.0
CHF_JPY,2025-04-15 21:00:00,2025-04-22 09:00:00,-1.0
EUR_GBP,2025-04-15 21:00:00,2025-05-05 21:00:00,-0.46230732318207696
USD_JPY,2025-04-16 05:00:00,2025-04-20 21:00:00,-1.0
USD_JPY,2025-04-16 21:00:00,2025-04-20 21:00:00,-1.0
CHF_JPY,2025-04-17 13:00:00,2025-05-01 17:00:00,1.0
EUR_GBP,2025-04-17 17:00:00,2025-04-29 21:00:00,-1.0
CAD_CHF,2025-04-17 17:00:00,2025-04-21 01:00:00,1.0
USD_JPY,2025-04-18 17:00:00,2025-04-21 01:00:00,-1.0
USD_JPY,2025-04-21 01:00:00,2025-04-22 21:00:00,1.0
USD_JPY,2025-04-21 09:00:00,2025-04-22 21:00:00,1.0
CHF_JPY,2025-04-22 01:00:00,2025-05-01 17:00:00,1.0
USD_JPY,2025-04-22 05:00:00,2025-04-22 21:00:00,1.0
CAD_CHF,2025-04-22 17:00:00,2025-04-22 21:00:00,-1.0
CHF_JPY,2025-04-22 17:00:00,2025-05-01 05:00:00,1.0
EUR_GBP,2025-04-22 21:00:00,2025-04-29 21:00:00,-1.0
CHF_JPY,2025-04-23 05:00:00,2025-05-01 05:00:00,1.0
EUR_GBP,2025-04-23 05:00:00,2025-04-29 21:00:00,-1.0
CHF_JPY,2025-04-23 13:00:00,2025-05-01 05:00:00,1.0
CAD_CHF,2025-04-23 21:00:00,2025-05-12 05:00:00,-1.0
EUR_GBP,2025-04-23 21:00:00,2025-05-08 13:00:00,-1.0
CHF_JPY,2025-04-24 05:00:00,2025-05-01 05:00:00,1.0
EUR_GBP,2025-04-24 17:00:00,2025-05-09 17:00:00,-1.0
CAD_CHF,2025-04-25 01:00:00,2025-04-28 13:00:00,1.0
CHF_JPY,2025-04-25 01:00:00,2025-05-01 05:00:00,1.0
EUR_GBP,2025-04-25 01:00:00,2025-05-11 21:00:00,-1.0
EUR_GBP,2025-04-25 13:00:00,2025-05-11 21:00:00,-1.0
EUR_GBP,2025-04-28 09:00:00,2025-05-12 05:00:00,-1.0
CHF_JPY,2025-04-28 13:00:00,2025-05-01 17:00:00,1.0
USD_JPY,2025-04-28 21:00:00,2025-05-01 01:00:00,1.0
EUR_GBP,2025-04-29 01:00:00,2025-05-12 17:00:00,-1.0
EUR_GBP,2025-04-29 09:00:00,2025-05-12 05:00:00,-1.0
CHF_JPY,2025-04-29 17:00:00,2025-05-01 05:00:00,1.0
USD_JPY,2025-04-29 17:00:00,2025-05-01 01:00:00,1.0
EUR_GBP,2025-04-29 21:00:00,2025-05-12 17:00:00,-1.0
CAD_CHF,2025-04-30 09:00:00,2025-05-01 05:00:00,-1.0
EUR_GBP,2025-04-30 21:00:00,2025-05-12 09:00:00,-1.0
CAD_CHF,2025-05-01 05:00:00,2025-05-12 05:00:00,-1.0
EUR_GBP,2025-05-01 09:00:00,2025-05-12 13:00:00,-1.0
CAD_CHF,2025-05-01 13:00:00,2025-05-07 17:00:00,1.0
EUR_GBP,2025-05-02 05:00:00,2025-05-11 21:00:00,-1.0
CHF_JPY,2025-05-02 13:00:00,2025-05-06 09:00:00,-1.0
USD_JPY,2025-05-05 13:00:00,2025-05-06 09:00:00,-1.0
CHF_JPY,2025-05-05 13:00:00,2025-05-06 09:00:00,-1.0
USD_JPY,2025-05-05 21:00:00,2025-05-06 09:00:00,-1.0
USD_JPY,2025-05-06 13:00:00,2025-05-08 05:00:00,1.0
EUR_GBP,2025-05-06 13:00:00,2025-05-12 13:00:00,-1.0
CHF_JPY,2025-05-06 13:00:00,2025-05-08 05:00:00,1.0
USD_JPY,2025-05-06 21:00:00,2025-05-08 05:00:00,1.0
CAD_CHF,2025-05-07 01:00:00,2025-05-12 05:00:00,-1.0
CHF_JPY,2025-05-07 01:00:00,2025-05-08 09:00:00,1.0
EUR_GBP,2025-05-08 17:00:00,2025-05-16 17:00:00,-1.0
CHF_JPY,2025-05-09 05:00:00,2025-05-20 05:00:00,-1.0
CHF_JPY,2025-05-09 17:00:00,2025-05-20 05:00:00,-1.0
EUR_GBP,2025-05-11 21:00:00,2025-05-27 09:00:00,-1.0
EUR_GBP,2025-05-12 05:00:00,2025-05-28 21:00:00,-1.0
EUR_GBP,2025-05-12 17:00:00,2025-05-30 17:00:00,0.1687021812479179
CAD_CHF,2025-05-12 21:00:00,2025-05-15 13:00:00,1.0
CHF_JPY,2025-05-13 05:00:00,2025-05-14 13:00:00,-1.0
EUR_GBP,2025-05-13 13:00:00,2025-06-02 13:00:00,0.4210125709120717
EUR_GBP,2025-05-13 21:00:00,2025-06-02 21:00:00,0.4626931357272914
CHF_JPY,2025-05-14 05:00:00,2025-05-20 05:00:00,-1.0
USD_JPY,2025-05-14 05:00:00,2025-05-19 01:00:00,-1.0
CHF_JPY,2025-05-14 13:00:00,2025-06-03 13:00:00,0.15648286140089276
EUR_GBP,2025-05-14 17:00:00,2025-06-03 17:00:00,-0.19106163814587004
CHF_JPY,2025-05-15 05:00:00,2025-06-04 05:00:00,0.4304654766687711
USD_JPY,2025-05-15 09:00:00,2025-05-20 05:00:00,-1.0
USD_JPY,2025-05-15 17:00:00,2025-05-20 05:00:00,-1.0
EUR_GBP,2025-05-15 21:00:00,2025-06-04 21:00:00,0.14020412770456767
USD_JPY,2025-05-16 01:00:00,2025-05-21 01:00:00,-1.0
EUR_GBP,2025-05-16 05:00:00,2025-06-05 05:00:00,-0.08196623941269048
CHF_JPY,2025-05-16 09:00:00,2025-05-30 13:00:00,1.0
EUR_GBP,2025-05-16 17:00:00,2025-06-05 17:00:00,0.2687436827397647
CHF_JPY,2025-05-19 01:00:00,2025-05-30 13:00:00,1.0
USD_JPY,2025-05-19 01:00:00,2025-05-21 01:00:00,-1.0
USD_JPY,2025-05-19 09:00:00,2025-05-21 05:00:00,-1.0
USD_JPY,2025-05-19 21:00:00,2025-05-21 01:00:00,-1.0
CHF_JPY,2025-05-19 21:00:00,2025-05-30 13:00:00,1.0
EUR_GBP,2025-05-20 01:00:00,2025-06-09 01:00:00,0.12123805448581036
USD_JPY,2025-05-20 05:00:00,2025-05-22 05:00:00,-1.0
CHF_JPY,2025-05-20 05:00:00,2025-05-30 13:00:00,1.0
CAD_CHF,2025-05-20 13:00:00,2025-06-09 13:00:00,-0.5357172752080094
USD_JPY,2025-05-21 05:00:00,2025-05-23 09:00:00,-1.0
USD_JPY,2025-05-21 13:00:00,2025-05-26 01:00:00,-1.0
CHF_JPY,2025-05-21 17:00:00,2025-06-06 13:00:00,1.0
USD_JPY,2025-05-22 05:00:00,2025-05-28 01:00:00,1.0
CHF_JPY,2025-05-22 05:00:00,2025-05-28 13:00:00,1.0
EUR_GBP,2025-05-22 17:00:00,2025-06-11 17:00:00,0.8635558040227954
CAD_CHF,2025-05-22 17:00:00,2025-06-11 17:00:00,-0.527143717785662
CHF_JPY,2025-05-23 09:00:00,2025-05-28 13:00:00,1.0
EUR_GBP,2025-05-23 13:00:00,2025-06-11 13:00:00,1.0
USD_JPY,2025-05-23 13:00:00,2025-05-27 09:00:00,1.0
EUR_GBP,2025-05-25 21:00:00,2025-06-12 05:00:00,1.0
USD_JPY,2025-05-25 21:00:00,2025-05-27 09:00:00,1.0
CAD_CHF,2025-05-26 01:00:00,2025-06-12 21:00:00,1.0
CAD_CHF,2025-05-26 09:00:00,2025-06-12 21:00:00,1.0
EUR_GBP,2025-05-26 13:00:00,2025-06-11 09:00:00,1.0
CHF_JPY,2025-05-27 01:00:00,2025-05-30 13:00:00,1.0
USD_JPY,2025-05-27 01:00:00,2025-05-27 13:00:00,1.0
CAD_CHF,2025-05-27 09:00:00,2025-06-12 21:00:00,1.0
EUR_GBP,2025-05-27 09:00:00,2025-06-10 09:00:00,1.0
CAD_CHF,2025-05-27 17:00:00,2025-06-12 21:00:00,1.0
EUR_GBP,2025-05-27 21:00:00,2025-06-11 05:00:00,1.0
EUR_GBP,2025-05-28 17:00:00,2025-06-11 01:00:00,1.0
EUR_GBP,2025-05-29 01:00:00,2025-06-10 05:00:00,1.0
CAD_CHF,2025-05-29 01:00:00,2025-05-29 21:00:00,1.0
USD_JPY,2025-05-29 17:00:00,2025-06-02 09:00:00,-1.0
USD_JPY,2025-05-30 01:00:00,2025-06-10 01:00:00,1.0
CHF_JPY,2025-05-30 05:00:00,2025-06-11 09:00:00,1.0
USD_JPY,2025-05-30 13:00:00,2025-06-02 21:00:00,-1.0
USD_JPY,2025-06-02 01:00:00,2025-06-06 13:00:00,1.0
CAD_CHF,2025-06-02 05:00:00,2025-06-20 05:00:00,0.19429183974273778
CHF_JPY,2025-06-02 05:00:00,2025-06-11 09:00:00,1.0
USD_JPY,2025-06-02 09:00:00,2025-06-04 01:00:00,1.0
USD_JPY,2025-06-02 21:00:00,2025-06-04 01:00:00,1.0
CHF_JPY,2025-06-03 09:00:00,2025-06-06 13:00:00,1.0
USD_JPY,2025-06-03 09:00:00,2025-06-06 13:00:00,1.0
CAD_CHF,2025-06-03 13:00:00,2025-06-12 21:00:00,1.0
CAD_CHF,2025-06-03 21:00:00,2025-06-12 21:00:00,1.0
CAD_CHF,2025-06-04 05:00:00,2025-06-12 21:00:00,1.0
EUR_GBP,2025-06-04 05:00:00,2025-06-12 05:00:00,1.0
USD_JPY,2025-06-04 17:00:00,2025-06-06 09:00:00,1.0
CHF_JPY,2025-06-04 21:00:00,2025-06-06 13:00:00,1.0
USD_JPY,2025-06-05 01:00:00,2025-06-06 09:00:00,1.0
EUR_GBP,2025-06-05 09:00:00,2025-06-12 05:00:00,1.0
CAD_CHF,2025-06-05 09:00:00,2025-06-12 21:00:00,1.0
EUR_GBP,2025-06-06 13:00:00,2025-06-12 05:00:00,1.0
CAD_CHF,2025-06-06 13:00:00,2025-06-12 21:00:00,1.0
EUR_GBP,2025-06-10 05:00:00,2025-06-12 09:00:00,1.0
CAD_CHF,2025-06-10 21:00:00,2025-06-12 09:00:00,1.0
CHF_JPY,2025-06-12 01:00:00,2025-06-15 21:00:00,1.0
USD_JPY,2025-06-12 01:00:00,2025-06-17 21:00:00,1.0
USD_JPY,2025-06-12 13:00:00,2025-06-16 21:00:00,1.0
USD_JPY,2025-06-13 01:00:00,2025-06-16 21:00:00,1.0
CAD_CHF,2025-06-16 09:00:00,2025-06-23 13:00:00,1.0
CAD_CHF,2025-06-16 17:00:00,2025-06-23 13:00:00,1.0
CAD_CHF,2025-06-17 01:00:00,2025-06-23 05:00:00,1.0
CHF_JPY,2025-06-18 09:00:00,2025-06-22 21:00:00,1.0
CHF_JPY,2025-06-18 17:00:00,2025-06-22 21:00:00,1.0
USD_JPY,2025-06-18 17:00:00,2025-06-22 21:00:00,1.0
CHF_JPY,2025-06-19 01:00:00,2025-06-22 21:00:00,1.0
EUR_GBP,2025-06-20 13:00:00,2025-07-02 09:00:00,1.0
CHF_JPY,2025-06-24 01:00:00,2025-06-27 09:00:00,1.0
USD_JPY,2025-06-24 01:00:00,2025-06-26 05:00:00,-1.0
EUR_GBP,2025-06-24 09:00:00,2025-07-02 09:00:00,1.0
USD_JPY,2025-06-24 13:00:00,2025-07-01 05:00:00,-1.0
EUR_GBP,2025-06-24 21:00:00,2025-07-02 09:00:00,1.0
EUR_GBP,2025-06-25 09:00:00,2025-07-02 09:00:00,1.0
CHF_JPY,2025-06-26 01:00:00,2025-07-03 09:00:00,1.0
USD_JPY,2025-06-26 01:00:00,2025-07-01 05:00:00,-1.0
EUR_GBP,2025-06-26 05:00:00,2025-07-02 09:00:00,1.0
USD_JPY,2025-06-26 09:00:00,2025-07-01 09:00:00,-1.0
USD_JPY,2025-06-26 17:00:00,2025-07-01 05:00:00,-1.0
EUR_GBP,2025-06-27 01:00:00,2025-07-02 09:00:00,1.0
CAD_CHF,2025-06-27 01:00:00,2025-07-01 05:00:00,1.0
CHF_JPY,2025-06-30 05:00:00,2025-07-07 05:00:00,1.0
USD_JPY,2025-06-30 05:00:00,2025-07-01 09:00:00,-1.0
USD_JPY,2025-07-01 01:00:00,2025-07-03 09:00:00,1.0
USD_JPY,2025-07-01 09:00:00,2025-07-03 09:00:00,1.0
CHF_JPY,2025-07-02 21:00:00,2025-07-07 21:00:00,1.0
CAD_CHF,2025-07-02 21:00:00,2025-07-22 21:00:00,-0.16137062024687088
CAD_CHF,2025-07-03 17:00:00,2025-07-09 21:00:00,1.0
CHF_JPY,2025-07-04 13:00:00,2025-07-08 13:00:00,1.0
USD_JPY,2025-07-07 01:00:00,2025-07-08 09:00:00,1.0
EUR_GBP,2025-07-07 17:00:00,2025-07-15 05:00:00,1.0
EUR_GBP,2025-07-08 01:00:00,2025-07-24 13:00:00,1.0
EUR_GBP,2025-07-09 13:00:00,2025-07-24 13:00:00,1.0
USD_JPY,2025-07-10 01:00:00,2025-07-14 13:00:00,1.0
CHF_JPY,2025-07-10 01:00:00,2025-07-15 13:00:00,1.0
CHF_JPY,2025-07-10 17:00:00,2025-07-15 05:00:00,1.0
CAD_CHF,2025-07-10 21:00:00,2025-07-30 13:00:00,-1.0
CAD_CHF,2025-07-15 17:00:00,2025-07-30 21:00:00,-1.0
CAD_CHF,2025-07-16 01:00:00,2025-08-05 01:00:00,-0.5100556268720576
CHF_JPY,2025-07-16 13:00:00,2025-07-31 01:00:00,-1.0
CAD_CHF,2025-07-16 13:00:00,2025-08-05 13:00:00,-0.2000820849579338
CHF_JPY,2025-07-16 21:00:00,2025-07-31 01:00:00,-1.0
CAD_CHF,2025-07-17 01:00:00,2025-08-06 01:00:00,-0.1572488291798986
EUR_GBP,2025-07-17 09:00:00,2025-07-25 13:00:00,1.0
CHF_JPY,2025-07-17 17:00:00,2025-07-31 01:00:00,-1.0
CAD_CHF,2025-07-17 17:00:00,2025-08-06 17:00:00,-0.4155835271582827
EUR_GBP,2025-07-17 21:00:00,2025-07-25 17:00:00,1.0
USD_JPY,2025-07-18 13:00:00,2025-07-21 13:00:00,-1.0
EUR_GBP,2025-07-21 13:00:00,2025-08-08 13:00:00,-0.04497647384445082
CHF_JPY,2025-07-21 17:00:00,2025-07-31 01:00:00,-1.0
USD_JPY,2025-07-21 17:00:00,2025-07-24 01:00:00,-1.0
USD_JPY,2025-07-22 13:00:00,2025-07-25 09:00:00,1.0
CHF_JPY,2025-07-22 13:00:00,2025-07-31 01:00:00,-1.0
USD_JPY,2025-07-23 01:00:00,2025-07-28 09:00:00,1.0
EUR_GBP,2025-07-23 13:00:00,2025-07-27 21:00:00,1.0
USD_JPY,2025-07-23 13:00:00,2025-07-28 05:00:00,1.0
USD_JPY,2025-07-24 05:00:00,2025-07-28 05:00:00,1.0
CHF_JPY,2025-07-24 05:00:00,2025-07-31 01:00:00,-1.0
CAD_CHF,2025-07-24 13:00:00,2025-07-30 13:00:00,-1.0
CHF_JPY,2025-07-28 13:00:00,2025-07-31 01:00:00,-1.0
EUR_GBP,2025-07-28 17:00:00,2025-08-15 17:00:00,-0.536940590865097
CAD_CHF,2025-07-28 17:00:00,2025-07-30 21:00:00,-1.0
CHF_JPY,2025-07-28 21:00:00,2025-07-31 01:00:00,-1.0
CHF_JPY,2025-07-29 05:00:00,2025-07-31 01:00:00,-1.0
CAD_CHF,2025-07-29 05:00:00,2025-08-18 05:00:00,0.09388869921473825
CHF_JPY,2025-07-29 13:00:00,2025-08-04 09:00:00,-1.0
CAD_CHF,2025-07-29 13:00:00,2025-08-18 13:00:00,0.12984572277937773
EUR_GBP,2025-07-29 13:00:00,2025-08-07 05:00:00,1.0
EUR_GBP,2025-07-29 21:00:00,2025-08-07 05:00:00,1.0
USD_JPY,2025-07-30 01:00:00,2025-07-31 05:00:00,1.0
CHF_JPY,2025-07-30 05:00:00,2025-08-04 13:00:00,-1.0
EUR_GBP,2025-07-30 09:00:00,2025-08-01 13:00:00,1.0
USD_JPY,2025-07-30 09:00:00,2025-07-31 13:00:00,1.0
CAD_CHF,2025-07-30 13:00:00,2025-08-19 13:00:00,0.7752070058268367
CHF_JPY,2025-07-30 13:00:00,2025-07-31 17:00:00,1.0
EUR_GBP,2025-07-30 21:00:00,2025-08-01 13:00:00,1.0
CHF_JPY,2025-07-30 21:00:00,2025-07-31 13:00:00,1.0
CAD_CHF,2025-07-30 21:00:00,2025-08-19 13:00:00,1.0
EUR_GBP,2025-07-31 05:00:00,2025-08-01 17:00:00,1.0
CAD_CHF,2025-07-31 05:00:00,2025-08-20 05:00:00,0.8717416103383173
EUR_GBP,2025-07-31 17:00:00,2025-08-07 01:00:00,1.0
CAD_CHF,2025-08-01 09:00:00,2025-08-11 13:00:00,-1.0
CHF_JPY,2025-08-01 09:00:00,2025-08-04 09:00:00,-1.0
USD_JPY,2025-08-01 13:00:00,2025-08-14 01:00:00,-1.0
CHF_JPY,2025-08-01 17:00:00,2025-08-05 05:00:00,-1.0
USD_JPY,2025-08-03 21:00:00,2025-08-21 21:00:00,0.5458411778250226
CHF_JPY,2025-08-04 01:00:00,2025-08-05 05:00:00,-1.0
CHF_JPY,2025-08-04 09:00:00,2025-08-22 09:00:00,0.845697248058403
USD_JPY,2025-08-04 17:00:00,2025-08-22 01:00:00,1.0
CHF_JPY,2025-08-04 17:00:00,2025-08-22 09:00:00,1.0
CAD_CHF,2025-08-05 01:00:00,2025-08-20 13:00:00,1.0
CHF_JPY,2025-08-05 01:00:00,2025-08-13 01:00:00,1.0
CAD_CHF,2025-08-06 09:00:00,2025-08-20 13:00:00,1.0
CHF_JPY,2025-08-06 17:00:00,2025-08-26 17:00:00,0.33630080055994316
CHF_JPY,2025-08-07 13:00:00,2025-08-27 13:00:00,0.6122136066938194
CAD_CHF,2025-08-07 13:00:00,2025-08-20 13:00:00,1.0
EUR_GBP,2025-08-07 17:00:00,2025-08-27 17:00:00,-0.6752085541779953
CAD_CHF,2025-08-08 09:00:00,2025-08-20 13:00:00,1.0
EUR_GBP,2025-08-08 09:00:00,2025-08-28 09:00:00,-0.3723986856516925
EUR_GBP,2025-08-10 21:00:00,2025-08-28 21:00:00,-0.2723506399086047
EUR_GBP,2025-08-11 09:00:00,2025-08-29 09:00:00,0.038116799112924
CHF_JPY,2025-08-11 13:00:00,2025-08-22 09:00:00,1.0
EUR_GBP,2025-08-11 17:00:00,2025-08-29 17:00:00,0.0208094891270371
CAD_CHF,2025-08-11 17:00:00,2025-08-13 05:00:00,1.0
EUR_GBP,2025-08-12 01:00:00,2025-09-01 01:00:00,0.0808930593755092
EUR_GBP,2025-08-12 09:00:00,2025-09-01 09:00:00,0.18994892227150884
USD_JPY,2025-08-13 01:00:00,2025-08-14 01:00:00,-1.0
USD_JPY,2025-08-13 09:00:00,2025-09-02 09:00:00,1.0
USD_JPY,2025-08-13 17:00:00,2025-09-02 09:00:00,1.0
EUR_GBP,2025-08-14 01:00:00,2025-09-02 09:00:00,1.0
CHF_JPY,2025-08-14 05:00:00,2025-08-19 09:00:00,1.0
USD_JPY,2025-08-14 05:00:00,2025-08-19 01:00:00,1.0
EUR_GBP,2025-08-14 09:00:00,2025-09-02 05:00:00,1.0
CAD_CHF,2025-08-14 17:00:00,2025-09-03 17:00:00,0.1454956265726405
EUR_GBP,2025-08-14 17:00:00,2025-09-02 05:00:00,1.0
CHF_JPY,2025-08-15 13:00:00,2025-09-02 01:00:00,1.0
CAD_CHF,2025-08-18 09:00:00,2025-08-20 13:00:00,1.0
CHF_JPY,2025-08-19 17:00:00,2025-09-02 05:00:00,1.0
CHF_JPY,2025-08-20 01:00:00,2025-09-02 01:00:00,1.0
USD_JPY,2025-08-20 01:00:00,2025-09-03 05:00:00,1.0
USD_JPY,2025-08-20 13:00:00,2025-08-22 01:00:00,1.0
CAD_CHF,2025-08-22 05:00:00,2025-09-05 13:00:00,1.0
USD_JPY,2025-08-22 17:00:00,2025-09-02 05:00:00,1.0
CHF_JPY,2025-08-22 17:00:00,2025-09-07 21:00:00,1.0
CHF_JPY,2025-08-26 01:00:00,2025-09-07 21:00:00,1.0
USD_JPY,2025-08-26 01:00:00,2025-09-09 09:00:00,-1.0
EUR_GBP,2025-08-26 01:00:00,2025-09-15 01:00:00,0.04395858638439858
EUR_GBP,2025-08-26 09:00:00,2025-09-15 09:00:00,0.04050550874919826
CHF_JPY,2025-08-26 09:00:00,2025-09-07 21:00:00,1.0
CAD_CHF,2025-08-26 09:00:00,2025-09-08 13:00:00,1.0
EUR_GBP,2025-08-26 21:00:00,2025-09-15 21:00:00,0.0937641080255105
CAD_CHF,2025-08-27 09:00:00,2025-09-08 13:00:00,1.0
EUR_GBP,2025-08-27 09:00:00,2025-09-02 09:00:00,1.0
USD_JPY,2025-08-27 17:00:00,2025-09-02 09:00:00,1.0
EUR_GBP,2025-08-27 21:00:00,2025-09-02 13:00:00,1.0
USD_JPY,2025-08-28 05:00:00,2025-09-02 05:00:00,1.0
EUR_GBP,2025-08-28 05:00:00,2025-09-02 13:00:00,1.0
CAD_CHF,2025-08-28 13:00:00,2025-09-05 13:00:00,1.0
USD_JPY,2025-08-28 17:00:00,2025-09-02 05:00:00,1.0
CAD_CHF,2025-08-29 01:00:00,2025-09-05 13:00:00,1.0
USD_JPY,2025-08-29 01:00:00,2025-09-02 05:00:00,1.0
CHF_JPY,2025-08-29 01:00:00,2025-09-02 05:00:00,1.0
CAD_CHF,2025-09-02 01:00:00,2025-09-05 13:00:00,1.0
CAD_CHF,2025-09-02 09:00:00,2025-09-05 13:00:00,1.0
CHF_JPY,2025-09-03 17:00:00,2025-09-08 13:00:00,1.0
USD_JPY,2025-09-03 17:00:00,2025-09-09 05:00:00,-1.0
CHF_JPY,2025-09-04 01:00:00,2025-09-08 13:00:00,1.0
USD_JPY,2025-09-04 01:00:00,2025-09-09 05:00:00,-1.0
USD_JPY,2025-09-05 13:00:00,2025-09-17 17:00:00,-1.0
EUR_GBP,2025-09-07 21:00:00,2025-09-25 21:00:00,0.7546517656547046
EUR_GBP,2025-09-08 13:00:00,2025-09-26 13:00:00,0.6087437742113904
USD_JPY,2025-09-09 05:00:00,2025-09-11 09:00:00,1.0
CHF_JPY,2025-09-09 09:00:00,2025-09-18 05:00:00,1.0
CHF_JPY,2025-09-09 17:00:00,2025-09-18 05:00:00,1.0
EUR_GBP,2025-09-10 01:00:00,2025-09-23 01:00:00,1.0
CHF_JPY,2025-09-10 01:00:00,2025-09-18 05:00:00,1.0
CHF_JPY,2025-09-10 17:00:00,2025-09-18 05:00:00,1.0
EUR_GBP,2025-09-10 21:00:00,2025-09-22 09:00:00,1.0
CAD_CHF,2025-09-10 21:00:00,2025-09-17 17:00:00,1.0
EUR_GBP,2025-09-11 17:00:00,2025-09-22 09:00:00,1.0
USD_JPY,2025-09-11 17:00:00,2025-09-17 17:00:00,-1.0
EUR_GBP,2025-09-12 01:00:00,2025-09-23 01:00:00,1.0
EUR_GBP,2025-09-12 13:00:00,2025-09-23 01:00:00,1.0
CAD_CHF,2025-09-12 13:00:00,2025-10-02 13:00:00,0.6224571408700579
CHF_JPY,2025-09-15 05:00:00,2025-09-18 09:00:00,1.0
EUR_GBP,2025-09-15 09:00:00,2025-09-22 09:00:00,1.0
USD_JPY,2025-09-15 13:00:00,2025-09-17 17:00:00,-1.0
CAD_CHF,2025-09-15 21:00:00,2025-09-17 17:00:00,1.0
CHF_JPY,2025-09-16 05:00:00,2025-09-26 05:00:00,1.0
USD_JPY,2025-09-16 05:00:00,2025-09-17 17:00:00,-1.0
USD_JPY,2025-09-16 17:00:00,2025-09-18 13:00:00,1.0
USD_JPY,2025-09-17 17:00:00,2025-09-24 09:00:00,1.0
CHF_JPY,2025-09-17 17:00:00,2025-10-01 09:00:00,-1.0
CAD_CHF,2025-09-18 05:00:00,2025-10-08 05:00:00,-0.2741783381649185
CAD_CHF,2025-09-18 13:00:00,2025-10-08 13:00:00,-0.13239034247290962
CAD_CHF,2025-09-18 21:00:00,2025-10-08 21:00:00,-0.019152418428118427
CAD_CHF,2025-09-19 09:00:00,2025-10-01 05:00:00,1.0
CHF_JPY,2025-09-19 09:00:00,2025-10-01 09:00:00,-1.0
CAD_CHF,2025-09-21 21:00:00,2025-09-23 17:00:00,1.0
USD_JPY,2025-09-23 01:00:00,2025-09-25 09:00:00,1.0
USD_JPY,2025-09-23 09:00:00,2025-09-25 09:00:00,1.0
CHF_JPY,2025-09-25 13:00:00,2025-10-01 05:00:00,-1.0
CAD_CHF,2025-09-25 17:00:00,2025-10-15 13:00:00,1.0
EUR_GBP,2025-09-26 17:00:00,2025-10-16 17:00:00,-0.4327765247358137
EUR_GBP,2025-09-29 05:00:00,2025-10-17 05:00:00,-0.15699306709448083
CHF_JPY,2025-09-29 09:00:00,2025-10-01 09:00:00,-1.0
USD_JPY,2025-09-29 09:00:00,2025-10-01 05:00:00,-1.0
USD_JPY,2025-09-29 17:00:00,2025-10-01 05:00:00,-1.0
CHF_JPY,2025-09-29 21:00:00,2025-10-01 09:00:00,-1.0
CAD_CHF,2025-09-29 21:00:00,2025-10-15 13:00:00,1.0
CHF_JPY,2025-09-30 09:00:00,2025-10-05 21:00:00,1.0
USD_JPY,2025-09-30 09:00:00,2025-10-05 21:00:00,1.0
USD_JPY,2025-09-30 17:00:00,2025-10-05 21:00:00,1.0
USD_JPY,2025-10-01 05:00:00,2025-10-05 21:00:00,1.0
CHF_JPY,2025-10-01 09:00:00,2025-10-05 21:00:00,1.0
EUR_GBP,2025-10-01 13:00:00,2025-10-21 13:00:00,-0.24135156878519717
USD_JPY,2025-10-01 13:00:00,2025-10-05 21:00:00,1.0
USD_JPY,2025-10-01 21:00:00,2025-10-05 21:00:00,1.0
EUR_GBP,2025-10-02 09:00:00,2025-10-22 09:00:00,-0.277615261956381
USD_JPY,2025-10-02 09:00:00,2025-10-05 21:00:00,1.0
CAD_CHF,2025-10-06 09:00:00,2025-10-16 17:00:00,1.0
EUR_GBP,2025-10-06 09:00:00,2025-10-24 09:00:00,0.20345996896373988
EUR_GBP,2025-10-07 01:00:00,2025-10-27 01:00:00,0.49852055677723695
EUR_GBP,2025-10-07 09:00:00,2025-10-27 09:00:00,0.25982387160561166
EUR_GBP,2025-10-07 17:00:00,2025-10-27 17:00:00,0.5215168888581941
EUR_GBP,2025-10-08 09:00:00,2025-10-28 05:00:00,1.0
CAD_CHF,2025-10-08 13:00:00,2025-10-15 13:00:00,1.0
CAD_CHF,2025-10-09 05:00:00,2025-10-15 13:00:00,1.0
CAD_CHF,2025-10-09 13:00:00,2025-10-15 05:00:00,1.0
CHF_JPY,2025-10-09 17:00:00,2025-10-23 13:00:00,1.0
CHF_JPY,2025-10-10 01:00:00,2025-10-23 13:00:00,1.0
CAD_CHF,2025-10-10 13:00:00,2025-10-16 01:00:00,1.0
USD_JPY,2025-10-12 21:00:00,2025-10-16 13:00:00,-1.0
CHF_JPY,2025-10-12 21:00:00,2025-10-23 13:00:00,1.0
EUR_GBP,2025-10-13 13:00:00,2025-10-28 13:00:00,1.0
CHF_JPY,2025-10-13 13:00:00,2025-10-23 05:00:00,1.0
EUR_GBP,2025-10-14 01:00:00,2025-10-28 13:00:00,1.0
USD_JPY,2025-10-14 17:00:00,2025-10-16 13:00:00,-1.0
USD_JPY,2025-10-15 01:00:00,2025-10-17 05:00:00,-1.0
USD_JPY,2025-10-16 01:00:00,2025-10-17 05:00:00,-1.0
EUR_GBP,2025-10-16 13:00:00,2025-10-28 13:00:00,1.0
USD_JPY,2025-10-16 17:00:00,2025-10-21 09:00:00,1.0
USD_JPY,2025-10-17 05:00:00,2025-10-21 05:00:00,1.0
EUR_GBP,2025-10-19 21:00:00,2025-10-28 13:00:00,1.0
CAD_CHF,2025-10-20 05:00:00,2025-10-23 05:00:00,-1.0
EUR_GBP,2025-10-20 13:00:00,2025-10-28 13:00:00,1.0
EUR_GBP,2025-10-21 13:00:00,2025-10-28 13:00:00,1.0
CAD_CHF,2025-10-21 21:00:00,2025-10-29 13:00:00,-1.0
EUR_GBP,2025-10-21 21:00:00,2025-10-28 13:00:00,1.0
CHF_JPY,2025-10-22 01:00:00,2025-10-30 09:00:00,1.0
EUR_GBP,2025-10-22 05:00:00,2025-10-29 05:00:00,1.0
CAD_CHF,2025-10-22 05:00:00,2025-10-29 13:00:00,-1.0
CHF_JPY,2025-10-22 09:00:00,2025-10-30 09:00:00,1.0
CAD_CHF,2025-10-23 05:00:00,2025-11-03 06:00:00,-1.0
CAD_CHF,2025-10-27 09:00:00,2025-10-29 17:00:00,-1.0
CHF_JPY,2025-10-27 09:00:00,2025-11-04 02:00:00,-1.0
CHF_JPY,2025-10-28 05:00:00,2025-11-04 14:00:00,-1.0
USD_JPY,2025-10-28 05:00:00,2025-10-30 05:00:00,1.0
CHF_JPY,2025-10-28 13:00:00,2025-11-04 06:00:00,-1.0
USD_JPY,2025-10-28 17:00:00,2025-10-30 05:00:00,1.0
USD_JPY,2025-10-29 01:00:00,2025-10-30 05:00:00,1.0
CHF_JPY,2025-10-29 01:00:00,2025-11-04 10:00:00,-1.0
CAD_CHF,2025-10-29 05:00:00,2025-11-13 14:00:00,1.0
CAD_CHF,2025-10-29 13:00:00,2025-11-13 14:00:00,1.0
CHF_JPY,2025-10-29 13:00:00,2025-11-04 22:00:00,-1.0
CAD_CHF,2025-11-02 22:00:00,2025-11-13 06:00:00,1.0
CHF_JPY,2025-11-02 22:00:00,2025-11-04 10:00:00,-1.0
CHF_JPY,2025-11-03 10:00:00,2025-11-12 02:00:00,1.0
EUR_GBP,2025-11-03 10:00:00,2025-11-14 02:00:00,1.0
CAD_CHF,2025-11-03 10:00:00,2025-11-12 14:00:00,1.0
EUR_GBP,2025-11-03 22:00:00,2025-11-14 02:00:00,1.0
CAD_CHF,2025-11-04 02:00:00,2025-11-12 14:00:00,1.0
USD_JPY,2025-11-04 06:00:00,2025-11-12 14:00:00,1.0
CHF_JPY,2025-11-04 10:00:00,2025-11-10 22:00:00,1.0
USD_JPY,2025-11-04 14:00:00,2025-11-17 14:00:00,1.0
CHF_JPY,2025-11-04 22:00:00,2025-11-10 06:00:00,1.0
USD_JPY,2025-11-05 02:00:00,2025-11-17 14:00:00,1.0
USD_JPY,2025-11-06 18:00:00,2025-11-12 02:00:00,1.0
USD_JPY,2025-11-07 18:00:00,2025-11-12 10:00:00,1.0
EUR_GBP,2025-11-09 22:00:00,2025-11-27 22:00:00,-0.4220897424228646
CAD_CHF,2025-11-10 02:00:00,2025-11-13 06:00:00,1.0
CAD_CHF,2025-11-10 10:00:00,2025-11-13 06:00:00,1.0
EUR_GBP,2025-11-10 10:00:00,2025-11-28 10:00:00,-0.34164284656818583
EUR_GBP,2025-11-10 22:00:00,2025-11-30 22:00:00,-0.12873678454246693
USD_JPY,2025-11-11 14:00:00,2025-11-18 14:00:00,1.0
USD_JPY,2025-11-13 18:00:00,2025-11-19 10:00:00,1.0
CHF_JPY,2025-11-17 02:00:00,2025-12-05 02:00:00,-1.0
CAD_CHF,2025-11-17 06:00:00,2025-11-18 14:00:00,-1.0
EUR_GBP,2025-11-17 14:00:00,2025-12-05 14:00:00,-0.7962289868241633
CAD_CHF,2025-11-17 18:00:00,2025-11-18 14:00:00,-1.0
CAD_CHF,2025-11-18 02:00:00,2025-11-18 14:00:00,-1.0
EUR_GBP,2025-11-18 10:00:00,2025-12-04 14:00:00,-1.0
CHF_JPY,2025-11-18 14:00:00,2025-12-05 02:00:00,-1.0
CAD_CHF,2025-11-18 18:00:00,2025-12-05 10:00:00,-1.0
EUR_GBP,2025-11-18 18:00:00,2025-12-04 14:00:00,-1.0
CAD_CHF,2025-11-19 02:00:00,2025-11-28 14:00:00,-1.0
CHF_JPY,2025-11-19 02:00:00,2025-12-05 06:00:00,-1.0
CAD_CHF,2025-11-19 10:00:00,2025-12-05 10:00:00,-1.0
CAD_CHF,2025-11-20 02:00:00,2025-12-05 14:00:00,-1.0
CAD_CHF,2025-11-20 14:00:00,2025-12-05 10:00:00,-1.0
EUR_GBP,2025-11-20 14:00:00,2025-12-04 14:00:00,-1.0
CHF_JPY,2025-11-21 10:00:00,2025-12-05 06:00:00,-1.0
USD_JPY,2025-11-21 10:00:00,2025-12-01 06:00:00,-1.0
CAD_CHF,2025-11-21 18:00:00,2025-12-05 10:00:00,-1.0
EUR_GBP,2025-11-21 18:00:00,2025-12-11 18:00:00,-0.2854608315894696
USD_JPY,2025-11-23 22:00:00,2025-12-01 10:00:00,-1.0
CHF_JPY,2025-11-23 22:00:00,2025-12-11 14:00:00,1.0
USD_JPY,2025-11-24 06:00:00,2025-12-01 10:00:00,-1.0
CAD_CHF,2025-11-24 06:00:00,2025-12-05 10:00:00,-1.0
EUR_GBP,2025-11-24 18:00:00,2025-12-12 18:00:00,-0.1887758003070442
EUR_GBP,2025-11-25 10:00:00,2025-12-15 10:00:00,-0.14907199836135054
CHF_JPY,2025-11-25 10:00:00,2025-12-10 18:00:00,1.0
USD_JPY,2025-11-25 18:00:00,2025-12-04 10:00:00,-1.0
EUR_GBP,2025-11-25 18:00:00,2025-12-15 18:00:00,-0.040960757318881366
EUR_GBP,2025-11-26 02:00:00,2025-12-16 02:00:00,0.06828113619811149
USD_JPY,2025-11-26 02:00:00,2025-12-04 10:00:00,-1.0
EUR_GBP,2025-11-26 14:00:00,2025-12-16 14:00:00,-0.03308311848319731
EUR_GBP,2025-11-26 22:00:00,2025-12-16 22:00:00,-0.09248792518754254
EUR_GBP,2025-11-27 06:00:00,2025-12-17 06:00:00,0.3286695729577989
CAD_CHF,2025-11-27 10:00:00,2025-12-05 14:00:00,-1.0
EUR_GBP,2025-11-27 14:00:00,2025-12-17 14:00:00,0.1883647655144121
CAD_CHF,2025-11-27 18:00:00,2025-12-05 14:00:00,-1.0
EUR_GBP,2025-11-28 02:00:00,2025-12-18 02:00:00,0.2945541728507864
CAD_CHF,2025-11-28 02:00:00,2025-12-05 14:00:00,-1.0
CAD_CHF,2025-11-28 10:00:00,2025-12-05 14:00:00,-1.0
CHF_JPY,2025-11-28 10:00:00,2025-12-11 18:00:00,1.0
USD_JPY,2025-11-28 14:00:00,2025-12-01 10:00:00,-1.0
EUR_GBP,2025-11-28 14:00:00,2025-12-18 14:00:00,-0.10380899145571765
USD_JPY,2025-12-01 02:00:00,2025-12-19 02:00:00,0.24677870248386286
USD_JPY,2025-12-01 10:00:00,2025-12-09 06:00:00,1.0
CHF_JPY,2025-12-01 14:00:00,2025-12-11 06:00:00,1.0
USD_JPY,2025-12-03 10:00:00,2025-12-19 06:00:00,1.0
USD_JPY,2025-12-03 18:00:00,2025-12-09 14:00:00,1.0
EUR_GBP,2025-12-03 22:00:00,2025-12-23 22:00:00,-0.21272459027642399
EUR_GBP,2025-12-04 06:00:00,2025-12-24 06:00:00,-0.2879736709786476
USD_JPY,2025-12-04 10:00:00,2025-12-09 06:00:00,1.0
EUR_GBP,2025-12-04 14:00:00,2025-12-24 14:00:00,-0.13735477594003148
CAD_CHF,2025-12-04 18:00:00,2025-12-05 14:00:00,-1.0
CHF_JPY,2025-12-04 22:00:00,2025-12-10 14:00:00,1.0
USD_JPY,2025-12-05 06:00:00,2025-12-09 10:00:00,1.0
CHF_JPY,2025-12-05 06:00:00,2025-12-10 14:00:00,1.0
CAD_CHF,2025-12-05 14:00:00,2025-12-11 14:00:00,1.0
EUR_GBP,2025-12-05 14:00:00,2025-12-26 14:00:00,-0.16026741763398897
EUR_GBP,2025-12-07 22:00:00,2025-12-28 22:00:00,-0.17053323108969376
CAD_CHF,2025-12-08 14:00:00,2025-12-11 10:00:00,1.0
EUR_GBP,2025-12-08 18:00:00,2025-12-29 18:00:00,-0.299887828216922
EUR_GBP,2025-12-09 10:00:00,2025-12-30 10:00:00,-0.20711988923090774
USD_JPY,2025-12-11 02:00:00,2025-12-16 10:00:00,-1.0
USD_JPY,2025-12-11 14:00:00,2025-12-19 06:00:00,1.0
CAD_CHF,2025-12-15 02:00:00,2026-01-06 02:00:00,0.5413258158800366
USD_JPY,2025-12-15 06:00:00,2025-12-19 06:00:00,1.0
CHF_JPY,2025-12-15 06:00:00,2025-12-19 06:00:00,1.0
USD_JPY,2025-12-16 02:00:00,2025-12-19 06:00:00,1.0
CHF_JPY,2025-12-16 02:00:00,2025-12-19 06:00:00,1.0
USD_JPY,2025-12-16 10:00:00,2025-12-19 06:00:00,1.0
USD_JPY,2025-12-17 02:00:00,2025-12-19 06:00:00,1.0
EUR_GBP,2025-12-17 02:00:00,2026-01-05 10:00:00,-1.0
EUR_GBP,2025-12-18 14:00:00,2026-01-05 14:00:00,-1.0
EUR_GBP,2025-12-19 10:00:00,2026-01-05 10:00:00,-1.0
EUR_GBP,2025-12-22 10:00:00,2026-01-05 14:00:00,-1.0
EUR_GBP,2025-12-22 18:00:00,2026-01-05 22:00:00,-1.0
CHF_JPY,2025-12-23 02:00:00,2026-01-14 02:00:00,0.6557028425604431
USD_JPY,2025-12-23 02:00:00,2026-01-09 06:00:00,1.0
EUR_GBP,2025-12-23 06:00:00,2026-01-06 06:00:00,-1.0
EUR_GBP,2025-12-23 14:00:00,2026-01-06 06:00:00,-1.0
EUR_GBP,2025-12-23 22:00:00,2026-01-14 22:00:00,-0.7379820088237006
USD_JPY,2025-12-24 02:00:00,2026-01-09 02:00:00,1.0
EUR_GBP,2025-12-24 10:00:00,2026-01-15 10:00:00,-0.6061300486966505
CAD_CHF,2025-12-24 14:00:00,2026-01-15 14:00:00,-0.22889644170076937
EUR_GBP,2025-12-25 22:00:00,2026-01-15 22:00:00,-0.5708390646492447
CAD_CHF,2025-12-26 10:00:00,2026-01-16 10:00:00,0.09873378254316777
CAD_CHF,2025-12-26 18:00:00,2026-01-16 18:00:00,-0.04851929508396556
EUR_GBP,2025-12-28 22:00:00,2026-01-18 22:00:00,-0.5215557262233692
CHF_JPY,2025-12-29 06:00:00,2026-01-07 22:00:00,-1.0
EUR_GBP,2025-12-29 06:00:00,2026-01-19 06:00:00,-0.6872694783624649
CAD_CHF,2025-12-29 06:00:00,2026-01-19 06:00:00,0.12152355820977115
CHF_JPY,2025-12-29 18:00:00,2026-01-19 18:00:00,0.21638127594173687
USD_JPY,2025-12-29 22:00:00,2026-01-09 10:00:00,1.0
EUR_GBP,2025-12-29 22:00:00,2026-01-19 22:00:00,-0.505890585387678
EUR_GBP,2025-12-30 10:00:00,2026-01-20 10:00:00,-0.0034395386432264784
USD_JPY,2025-12-30 10:00:00,2026-01-09 10:00:00,1.0
CAD_CHF,2025-12-30 18:00:00,2026-01-20 06:00:00,1.0
CHF_JPY,2025-12-31 02:00:00,2026-01-20 06:00:00,1.0
CAD_CHF,2025-12-31 06:00:00,2026-01-20 06:00:00,1.0
EUR_GBP,2026-01-02 14:00:00,2026-01-22 14:00:00,-0.10098459984852211
EUR_GBP,2026-01-05 10:00:00,2026-01-23 10:00:00,-0.04263213079999661
CHF_JPY,2026-01-05 10:00:00,2026-01-13 02:00:00,1.0
USD_JPY,2026-01-05 18:00:00,2026-01-09 14:00:00,1.0
EUR_GBP,2026-01-05 22:00:00,2026-01-21 10:00:00,1.0
USD_JPY,2026-01-06 14:00:00,2026-01-12 22:00:00,1.0
CHF_JPY,2026-01-06 22:00:00,2026-01-13 02:00:00,1.0
EUR_GBP,2026-01-06 22:00:00,2026-01-26 22:00:00,0.25517862503751815
EUR_GBP,2026-01-07 06:00:00,2026-01-27 06:00:00,0.20901416908206616
CHF_JPY,2026-01-07 06:00:00,2026-01-12 22:00:00,1.0
CAD_CHF,2026-01-07 14:00:00,2026-01-20 10:00:00,1.0
CHF_JPY,2026-01-07 22:00:00,2026-01-13 02:00:00,1.0
CHF_JPY,2026-01-08 18:00:00,2026-01-12 14:00:00,1.0
CAD_CHF,2026-01-09 10:00:00,2026-01-20 10:00:00,1.0
EUR_GBP,2026-01-13 02:00:00,2026-01-21 10:00:00,1.0
CAD_CHF,2026-01-14 06:00:00,2026-01-20 06:00:00,1.0
CHF_JPY,2026-01-14 10:00:00,2026-01-20 10:00:00,1.0
EUR_GBP,2026-01-14 10:00:00,2026-02-03 10:00:00,-0.43157663947194913
USD_JPY,2026-01-14 18:00:00,2026-01-23 14:00:00,-1.0
EUR_GBP,2026-01-14 22:00:00,2026-02-03 22:00:00,-0.41438696123923485
USD_JPY,2026-01-15 02:00:00,2026-01-23 14:00:00,-1.0
USD_JPY,2026-01-15 10:00:00,2026-01-23 14:00:00,-1.0
EUR_GBP,2026-01-15 10:00:00,2026-02-04 10:00:00,-0.637397849214485
CHF_JPY,2026-01-15 18:00:00,2026-01-20 06:00:00,1.0
CAD_CHF,2026-01-15 22:00:00,2026-01-20 06:00:00,1.0
USD_JPY,2026-01-16 14:00:00,2026-01-23 14:00:00,-1.0
CHF_JPY,2026-01-18 22:00:00,2026-01-20 06:00:00,1.0
USD_JPY,2026-01-19 02:00:00,2026-01-23 14:00:00,-1.0
USD_JPY,2026-01-20 10:00:00,2026-01-23 14:00:00,-1.0
CHF_JPY,2026-01-21 10:00:00,2026-01-26 06:00:00,-1.0
CHF_JPY,2026-01-21 22:00:00,2026-01-23 06:00:00,1.0
CAD_CHF,2026-01-22 02:00:00,2026-01-23 18:00:00,1.0
EUR_GBP,2026-01-23 10:00:00,2026-02-12 10:00:00,0.3434525044372186
EUR_GBP,2026-01-23 18:00:00,2026-02-12 18:00:00,0.48549847200599905
CHF_JPY,2026-01-23 18:00:00,2026-01-26 06:00:00,-1.0
USD_JPY,2026-01-25 22:00:00,2026-01-27 14:00:00,-1.0
CHF_JPY,2026-01-26 02:00:00,2026-01-29 22:00:00,1.0
USD_JPY,2026-01-26 10:00:00,2026-01-27 18:00:00,-1.0
EUR_GBP,2026-01-26 10:00:00,2026-02-13 10:00:00,0.34565397732509945
USD_JPY,2026-01-26 18:00:00,2026-01-27 14:00:00,-1.0
EUR_GBP,2026-01-26 18:00:00,2026-02-13 18:00:00,0.01842002256453333
EUR_GBP,2026-01-27 10:00:00,2026-02-16 10:00:00,0.14858669861088933
USD_JPY,2026-01-27 22:00:00,2026-01-30 14:00:00,1.0
USD_JPY,2026-01-28 06:00:00,2026-01-30 06:00:00,1.0
CAD_CHF,2026-01-28 14:00:00,2026-02-17 14:00:00,0.32105560259667554
EUR_GBP,2026-01-28 18:00:00,2026-02-17 14:00:00,1.0
EUR_GBP,2026-01-29 06:00:00,2026-02-18 06:00:00,0.6534212257997477
CAD_CHF,2026-01-29 14:00:00,2026-02-18 14:00:00,0.40550785451083204
EUR_GBP,2026-01-29 14:00:00,2026-02-18 14:00:00,0.7466131228507389
EUR_GBP,2026-01-30 02:00:00,2026-02-19 02:00:00,0.8316224134351425
CAD_CHF,2026-01-30 06:00:00,2026-02-19 06:00:00,0.4611052446321864
CHF_JPY,2026-01-30 18:00:00,2026-02-05 10:00:00,1.0
EUR_GBP,2026-02-01 22:00:00,2026-02-19 22:00:00,0.8581710805573446
CHF_JPY,2026-02-02 10:00:00,2026-02-03 22:00:00,1.0
EUR_GBP,2026-02-02 10:00:00,2026-02-17 14:00:00,1.0
CAD_CHF,2026-02-02 14:00:00,2026-02-10 14:00:00,1.0
EUR_GBP,2026-02-02 18:00:00,2026-02-05 14:00:00,1.0
EUR_GBP,2026-02-03 06:00:00,2026-02-05 14:00:00,1.0
EUR_GBP,2026-02-03 18:00:00,2026-02-05 14:00:00,1.0
EUR_GBP,2026-02-04 10:00:00,2026-02-05 14:00:00,1.0
CHF_JPY,2026-02-06 02:00:00,2026-02-11 02:00:00,-1.0
CAD_CHF,2026-02-06 10:00:00,2026-02-26 10:00:00,0.5624593535232958
USD_JPY,2026-02-09 06:00:00,2026-02-10 02:00:00,-1.0
USD_JPY,2026-02-09 14:00:00,2026-02-10 14:00:00,-1.0
CHF_JPY,2026-02-10 06:00:00,2026-02-10 22:00:00,-1.0
USD_JPY,2026-02-10 14:00:00,2026-02-11 06:00:00,-1.0
CHF_JPY,2026-02-10 18:00:00,2026-02-11 10:00:00,-1.0
CAD_CHF,2026-02-11 02:00:00,2026-03-03 02:00:00,-0.9450794043349989
CHF_JPY,2026-02-11 06:00:00,2026-02-12 02:00:00,-1.0
USD_JPY,2026-02-11 06:00:00,2026-02-18 18:00:00,1.0
CAD_CHF,2026-02-11 10:00:00,2026-03-03 06:00:00,-1.0
CHF_JPY,2026-02-11 18:00:00,2026-02-18 22:00:00,1.0
USD_JPY,2026-02-11 18:00:00,2026-02-18 18:00:00,1.0
CAD_CHF,2026-02-11 22:00:00,2026-03-03 06:00:00,-1.0
USD_JPY,2026-02-12 02:00:00,2026-02-18 18:00:00,1.0
CHF_JPY,2026-02-12 02:00:00,2026-02-18 22:00:00,1.0
USD_JPY,2026-02-12 10:00:00,2026-02-18 18:00:00,1.0
USD_JPY,2026-02-12 22:00:00,2026-02-18 18:00:00,1.0
EUR_GBP,2026-02-15 22:00:00,2026-02-27 14:00:00,1.0
USD_JPY,2026-02-15 22:00:00,2026-02-18 14:00:00,1.0
EUR_GBP,2026-02-16 10:00:00,2026-02-27 14:00:00,1.0
EUR_GBP,2026-02-16 22:00:00,2026-02-27 14:00:00,1.0
CHF_JPY,2026-02-17 02:00:00,2026-02-19 02:00:00,1.0
USD_JPY,2026-02-17 10:00:00,2026-02-18 18:00:00,1.0
CHF_JPY,2026-02-17 14:00:00,2026-02-24 06:00:00,1.0
CAD_CHF,2026-02-19 10:00:00,2026-03-03 06:00:00,-1.0
CAD_CHF,2026-02-19 22:00:00,2026-03-03 06:00:00,-1.0
CAD_CHF,2026-02-20 06:00:00,2026-03-03 06:00:00,-1.0
CAD_CHF,2026-02-20 14:00:00,2026-03-03 06:00:00,-1.0
CHF_JPY,2026-02-22 22:00:00,2026-02-25 06:00:00,1.0
CAD_CHF,2026-02-22 22:00:00,2026-03-02 10:00:00,-1.0
USD_JPY,2026-02-23 02:00:00,2026-02-24 06:00:00,1.0
CHF_JPY,2026-02-23 14:00:00,2026-02-24 06:00:00,1.0
USD_JPY,2026-02-23 18:00:00,2026-02-24 06:00:00,1.0
EUR_GBP,2026-02-24 14:00:00,2026-03-11 09:00:00,-1.0
EUR_GBP,2026-02-25 22:00:00,2026-03-11 13:00:00,-1.0
CAD_CHF,2026-02-26 10:00:00,2026-03-03 02:00:00,-1.0
CHF_JPY,2026-02-26 10:00:00,2026-03-02 02:00:00,1.0
USD_JPY,2026-02-27 02:00:00,2026-03-02 10:00:00,1.0
CAD_CHF,2026-03-02 10:00:00,2026-03-03 10:00:00,-1.0
CAD_CHF,2026-03-02 22:00:00,2026-03-08 21:00:00,-1.0
EUR_GBP,2026-03-02 22:00:00,2026-03-11 09:00:00,-1.0
CHF_JPY,2026-03-03 06:00:00,2026-03-06 14:00:00,1.0
CAD_CHF,2026-03-03 10:00:00,2026-03-19 09:00:00,-1.0
EUR_GBP,2026-03-03 18:00:00,2026-03-23 17:00:00,-0.5554916618746402
EUR_GBP,2026-03-04 10:00:00,2026-03-12 13:00:00,-1.0
USD_JPY,2026-03-04 10:00:00,2026-03-09 01:00:00,1.0
CHF_JPY,2026-03-04 10:00:00,2026-03-09 05:00:00,1.0
USD_JPY,2026-03-04 18:00:00,2026-03-08 21:00:00,1.0
EUR_GBP,2026-03-05 02:00:00,2026-03-11 17:00:00,-1.0
CAD_CHF,2026-03-05 14:00:00,2026-03-12 17:00:00,-1.0
EUR_GBP,2026-03-05 14:00:00,2026-03-25 13:00:00,-0.5544117139603663
EUR_GBP,2026-03-05 22:00:00,2026-03-25 21:00:00,-0.4613809211510335
EUR_GBP,2026-03-06 06:00:00,2026-03-26 05:00:00,-0.35683453237410145
CAD_CHF,2026-03-06 14:00:00,2026-03-13 05:00:00,-1.0
EUR_GBP,2026-03-06 18:00:00,2026-03-26 17:00:00,-0.2134878138847867
CAD_CHF,2026-03-09 05:00:00,2026-03-27 05:00:00,-0.057407278547063914
EUR_GBP,2026-03-09 13:00:00,2026-03-27 13:00:00,0.24843715695450547
CHF_JPY,2026-03-09 21:00:00,2026-03-19 05:00:00,-1.0
USD_JPY,2026-03-10 01:00:00,2026-03-12 17:00:00,1.0
EUR_GBP,2026-03-10 05:00:00,2026-03-30 05:00:00,0.3697968428594504
USD_JPY,2026-03-10 17:00:00,2026-03-13 01:00:00,1.0
EUR_GBP,2026-03-11 05:00:00,2026-03-31 05:00:00,0.3352756196818352
CAD_CHF,2026-03-11 09:00:00,2026-03-19 09:00:00,-1.0
EUR_GBP,2026-03-11 21:00:00,2026-03-31 13:00:00,1.0
CAD_CHF,2026-03-12 01:00:00,2026-04-01 01:00:00,0.302387821069838
EUR_GBP,2026-03-12 13:00:00,2026-03-31 13:00:00,1.0
CAD_CHF,2026-03-12 21:00:00,2026-04-01 09:00:00,1.0
CHF_JPY,2026-03-12 21:00:00,2026-03-19 05:00:00,-1.0
EUR_GBP,2026-03-13 01:00:00,2026-03-31 13:00:00,1.0
CAD_CHF,2026-03-13 05:00:00,2026-04-01 05:00:00,1.0
CHF_JPY,2026-03-13 09:00:00,2026-03-19 09:00:00,-1.0
CHF_JPY,2026-03-15 21:00:00,2026-03-19 13:00:00,-1.0
USD_JPY,2026-03-16 13:00:00,2026-03-19 17:00:00,-1.0
USD_JPY,2026-03-16 21:00:00,2026-03-19 17:00:00,-1.0
USD_JPY,2026-03-17 13:00:00,2026-04-06 13:00:00,0.45170585015695897
USD_JPY,2026-03-18 05:00:00,2026-04-07 05:00:00,0.330275921941646
CHF_JPY,2026-03-18 21:00:00,2026-03-19 13:00:00,-1.0
CAD_CHF,2026-03-18 21:00:00,2026-04-01 05:00:00,1.0
CAD_CHF,2026-03-19 05:00:00,2026-04-01 05:00:00,1.0
CHF_JPY,2026-03-19 05:00:00,2026-03-31 13:00:00,-1.0
CAD_CHF,2026-03-19 13:00:00,2026-04-01 05:00:00,1.0
USD_JPY,2026-03-19 17:00:00,2026-03-20 17:00:00,1.0
CHF_JPY,2026-03-19 17:00:00,2026-03-20 17:00:00,1.0
EUR_GBP,2026-03-20 09:00:00,2026-03-31 13:00:00,1.0
CAD_CHF,2026-03-23 09:00:00,2026-04-10 09:00:00,0.5162100416804697
CHF_JPY,2026-03-23 09:00:00,2026-03-30 05:00:00,-1.0
USD_JPY,2026-03-23 21:00:00,2026-03-27 13:00:00,1.0
CHF_JPY,2026-03-26 17:00:00,2026-03-31 13:00:00,-1.0
CHF_JPY,2026-03-27 01:00:00,2026-03-31 13:00:00,-1.0
CHF_JPY,2026-03-27 09:00:00,2026-03-31 13:00:00,-1.0
CAD_CHF,2026-03-27 09:00:00,2026-04-08 05:00:00,1.0
CHF_JPY,2026-03-30 01:00:00,2026-03-31 13:00:00,-1.0
CHF_JPY,2026-03-30 13:00:00,2026-04-09 13:00:00,1.0
USD_JPY,2026-03-30 13:00:00,2026-04-17 13:00:00,-1.0
CHF_JPY,2026-03-31 13:00:00,2026-04-07 21:00:00,1.0
USD_JPY,2026-03-31 13:00:00,2026-04-20 13:00:00,-0.1981618132749715
USD_JPY,2026-03-31 21:00:00,2026-04-20 21:00:00,0.09257218426274076
USD_JPY,2026-04-01 13:00:00,2026-04-21 13:00:00,0.5644444164149298
CHF_JPY,2026-04-02 05:00:00,2026-04-10 05:00:00,1.0
CAD_CHF,2026-04-02 09:00:00,2026-04-08 09:00:00,1.0
CHF_JPY,2026-04-03 17:00:00,2026-04-09 13:00:00,1.0
CAD_CHF,2026-04-06 01:00:00,2026-04-08 09:00:00,1.0
USD_JPY,2026-04-06 09:00:00,2026-04-17 13:00:00,-1.0
EUR_GBP,2026-04-07 09:00:00,2026-04-27 09:00:00,-0.6578645761701709
USD_JPY,2026-04-07 09:00:00,2026-04-08 05:00:00,-1.0
CHF_JPY,2026-04-07 09:00:00,2026-04-10 09:00:00,1.0
CAD_CHF,2026-04-07 13:00:00,2026-04-08 05:00:00,1.0
USD_JPY,2026-04-08 05:00:00,2026-04-28 05:00:00,0.6831498131124455
EUR_GBP,2026-04-08 09:00:00,2026-04-28 09:00:00,-0.30133299596305096
USD_JPY,2026-04-08 13:00:00,2026-04-28 13:00:00,0.7075635450132799
CHF_JPY,2026-04-08 21:00:00,2026-04-13 13:00:00,1.0
CAD_CHF,2026-04-09 13:00:00,2026-04-27 09:00:00,-1.0
CAD_CHF,2026-04-10 01:00:00,2026-04-28 05:00:00,-1.0
CHF_JPY,2026-04-13 01:00:00,2026-04-14 05:00:00,1.0
