tr_n,tr_mean_r,tr_se_r,tr_ci_low_r,tr_ci_high_r,te_n,te_mean_r,te_se_r,te_ci_low_r,te_ci_high_r,pair,period,multiplier,direction,total_n
241,0.05773737633613355,0.06234957532692131,-0.0644677913046322,0.17994254397689932,104,0.10160984197972098,0.09737966177092149,-0.08925429509128513,0.2924739790507271,EUR_USD,7,1.5,long,345
240,-0.01409661832573017,0.06307209647023646,-0.13771792740739364,0.10952469075593328,103,-0.010995670638740178,0.09730840475900572,-0.2017201439663914,0.17972880268891103,EUR_USD,7,1.5,short,343
177,0.10282766072916295,0.07132536437839182,-0.03697005345248501,0.24262537491081093,77,-0.052912685671073226,0.11240823614239188,-0.27323282851016134,0.16740745716801486,EUR_USD,7,2.0,long,254
172,-0.044894310218915615,0.07476593733927492,-0.19143554740389446,0.10164692696606321,74,-0.019433830635468434,0.11505331077840178,-0.24493831976113592,0.20607065849019904,EUR_USD,7,2.0,short,246
139,0.05982882356991698,0.08229091045702455,-0.10146136092585115,0.2211190080656851,60,0.020166794907387917,0.12709579426865925,-0.22894096185918422,0.26927455167396,EUR_USD,7,2.5,long,199
123,-0.005810412141416999,0.08730257579500957,-0.17692346069963574,0.16530263641680173,54,0.037037037037037035,0.13726631998291228,-0.23200495012947103,0.3060790242035451,EUR_USD,7,2.5,short,177
116,-0.09256347430614259,0.0886606192624507,-0.26633828806054594,0.08121133944826078,50,0.09281468829857,0.14054443980029774,-0.18265241371001356,0.3682817903071535,EUR_USD,7,3.0,long,166
93,-0.027776453635124328,0.10131740674514908,-0.2263585708556165,0.17080566358536786,41,-0.06415457349448636,0.1553260959699951,-0.3685937215956767,0.24028457460670402,EUR_USD,7,3.0,short,134
242,0.05685509594093663,0.062097665935819814,-0.0648563292932702,0.17856652117514346,104,0.04391753428741328,0.09779729672495527,-0.14776516729349903,0.23560023586832562,EUR_USD,10,1.5,long,346
237,-0.027029603237877783,0.06370564922497705,-0.1518926757188328,0.09783346924307723,103,0.017129718413905714,0.09727154891662321,-0.17352251746267577,0.20778195429048718,EUR_USD,10,1.5,short,340
177,0.10077164894013826,0.0709815105664832,-0.03835211177016881,0.23989540965044534,76,-0.1342624883371625,0.11234576792963477,-0.3544601934792466,0.08593521680492164,EUR_USD,10,2.0,long,253
165,-0.044549386653619974,0.0764833367304787,-0.19445672664535824,0.10535795333811827,71,-0.06250849953555865,0.11719236497776456,-0.2922055348919772,0.16718853582085988,EUR_USD,10,2.0,short,236
138,0.0183863406471623,0.08307876109492919,-0.14444803109889892,0.18122071239322352,60,0.050863904180387796,0.12870987541468704,-0.2014074516323988,0.30313525999317437,EUR_USD,10,2.5,long,198
125,0.0150972760305242,0.086452508974541,-0.15434964155957617,0.18454419362062455,54,0.07407407407407407,0.13698319904900533,-0.19441299606197637,0.3425611442101245,EUR_USD,10,2.5,short,179
112,-0.10055432230796939,0.08980030898794833,-0.2765629279243481,0.07545428330840932,48,0.05501530031101041,0.14384484142436643,-0.22692058888074781,0.33695118950276864,EUR_USD,10,3.0,long,160
90,0.010497062810235307,0.10204830717093365,-0.18951761924479466,0.21051174486526525,39,0.017847025957335366,0.1583266705830943,-0.29247324838552946,0.32816730030020014,EUR_USD,10,3.0,short,129
240,0.053902684686485944,0.06224038402518917,-0.06808846800288483,0.17589383737585673,103,0.07347013170767942,0.09809605372150888,-0.11879813358647799,0.2657383970018368,EUR_USD,14,1.5,long,343
240,-0.03713452084516,0.06306664690181764,-0.16074514877272256,0.08647610708240257,104,0.011342212076844093,0.09676678486954475,-0.1783206862674636,0.20100511042115182,EUR_USD,14,1.5,short,344
178,0.09229220498647264,0.07101456339870624,-0.046896339274991594,0.23148074924793688,77,0.020579494367613357,0.11339325226237285,-0.20167128006663743,0.24283026880186415,EUR_USD,14,2.0,long,255
166,-0.02294545183608749,0.07612929586808398,-0.17215887173753208,0.12626796806535712,72,-0.07461825701272157,0.1161860371773864,-0.3023428898803989,0.1531063758549558,EUR_USD,14,2.0,short,238
135,0.003775210958208122,0.08363501870301966,-0.1601494256997104,0.16769984761612666,59,0.09346536094141339,0.12849247078609707,-0.15837988179933687,0.34531060368216365,EUR_USD,14,2.5,long,194
125,0.03858312815792239,0.08672993708012093,-0.13140754851911463,0.2085738048349594,54,0.07407407407407407,0.13698319904900533,-0.19441299606197637,0.3425611442101245,EUR_USD,14,2.5,short,179
112,-0.11279250259686854,0.08928150867060658,-0.2877842595912574,0.06219925439752036,48,0.05501530031101041,0.14384484142436643,-0.22692058888074781,0.33695118950276864,EUR_USD,14,3.0,long,160
89,0.04332706977092319,0.10240875825377153,-0.157394096406469,0.24404823594831537,39,0.04120949198981817,0.16031363616246966,-0.2730052348886224,0.3554242188682587,EUR_USD,14,3.0,short,128
241,0.05718204428401147,0.062121370585802714,-0.06457584206416185,0.17893993063218477,104,0.06526415646252992,0.09786852252845102,-0.12655814769323406,0.2570864606182939,EUR_USD,21,1.5,long,345
238,-0.051971834835865344,0.06334006287848175,-0.17611835807768955,0.07217468840595888,103,-0.007102389507524706,0.09673974338264607,-0.196712286537511,0.1825075075224616,EUR_USD,21,1.5,short,341
175,0.03431926831145653,0.07193897875423941,-0.10668113004685272,0.17531966666976578,75,0.07446161421741637,0.11457871157651855,-0.15011266047256,0.29903588890739274,EUR_USD,21,2.0,long,250
162,0.014336639457529797,0.07701640062251336,-0.13661550576259637,0.16528878467765598,70,-0.1062586209574952,0.1175538175546694,-0.33666410336464725,0.12414686144965682,EUR_USD,21,2.0,short,232
137,-0.01637476480366874,0.08338595260605239,-0.1798112319115314,0.14706170230419394,59,0.09346536094141339,0.12849247078609707,-0.15837988179933687,0.34531060368216365,EUR_USD,21,2.5,long,196
126,0.046213420791589646,0.08637653167867108,-0.12308458129860568,0.215511422881785,55,-0.06525292412566983,0.1347585537378032,-0.3293796894517641,0.19887384120042448,EUR_USD,21,2.5,short,181
107,-0.16355234132888485,0.09047334113571902,-0.34088008995489416,0.013775407297124426,46,0.051396465749493296,0.1454089657193088,-0.23360510706035198,0.3363980385593386,EUR_USD,21,3.0,long,153
95,-0.04186209698972014,0.09933482240902324,-0.2365583489114057,0.1528341549319654,42,-0.005221067155556263,0.1527587734685735,-0.3046282631539603,0.2941861288428478,EUR_USD,21,3.0,short,137
238,-0.0738343049722256,0.06420461601033677,-0.19967535235248565,0.05200674240803446,103,0.07574187638324688,0.09635764768266651,-0.11311911307477947,0.26460286584127324,GBP_USD,7,1.5,long,341
242,0.04455367416190702,0.06370502986965342,-0.08030818438261367,0.1694155327064277,104,0.03294044115047639,0.09626840870555702,-0.15574563991241536,0.22162652221336815,GBP_USD,7,1.5,short,346
165,-0.03620687464367012,0.07711364895820629,-0.18734962660175444,0.11493587731441421,72,0.04646461202948409,0.11640825328128498,-0.18169556440183446,0.2746247884608026,GBP_USD,7,2.0,long,237
162,0.0464877217531322,0.07794546733711963,-0.10628539422762226,0.19926083773388667,70,-0.007320829731242817,0.11795454078646676,-0.23851172967271767,0.22387007021023203,GBP_USD,7,2.0,short,232
133,-0.005715386780428148,0.08616467649548167,-0.17459815271157222,0.1631673791507159,57,-0.12463692989078923,0.1291012417414188,-0.37767536370397004,0.12840150392239158,GBP_USD,7,2.5,long,190
122,-0.020130759988672104,0.0903379267983918,-0.19719309651352004,0.15693157653617582,53,-0.0654418212827733,0.1374339813712161,-0.3348124247703569,0.20392878220481025,GBP_USD,7,2.5,short,175
107,0.15627234502529114,0.09474456125616196,-0.029426995036786308,0.3419716850873686,47,0.004012440170926874,0.14246621457053535,-0.2752213403873224,0.28324622072917616,GBP_USD,7,3.0,long,154
99,0.027781613124677414,0.10075301912373255,-0.1696943043578384,0.22525753060719322,43,-0.10784005095400401,0.15050570621954348,-0.40283123514430924,0.18715113323630123,GBP_USD,7,3.0,short,142
240,-0.07321901909745705,0.06394316672030166,-0.1985476258692483,0.0521095876743342,104,0.07542915917574633,0.09639864123359636,-0.11351217764210253,0.2643704959935952,GBP_USD,10,1.5,long,344
245,0.011521657585217076,0.06324813070838237,-0.11244467860321236,0.1354879937736465,106,0.07005477244952399,0.09519792377012508,-0.11653315813992116,0.25664270303896913,GBP_USD,10,1.5,short,351
168,-0.10631057228955398,0.07581063783320863,-0.25489942244264285,0.04227827786353491,73,0.06343887822759971,0.11561201578126051,-0.1631606727036709,0.2900384291588703,GBP_USD,10,2.0,long,241
163,0.07166511754264422,0.07734439037742395,-0.07992988759710672,0.22326012268239515,71,0.04424704662660257,0.1172569237452295,-0.18557652391404725,0.2740706171672524,GBP_USD,10,2.0,short,234
130,-0.013539588013822648,0.08713365335341669,-0.18432154858651936,0.15724237255887405,57,-0.15232855841548554,0.12937789663817242,-0.4059092358263035,0.10125211899533243,GBP_USD,10,2.5,long,187
123,0.020683311230747993,0.08997038926168499,-0.1556586517221546,0.19702527418365057,53,-0.10317767033937708,0.136988079251474,-0.3716743056722661,0.16531896499351195,GBP_USD,10,2.5,short,176
105,0.10210610397815384,0.09632923105079096,-0.08669918888139644,0.2909113968377041,45,0.02818160053283706,0.14709301122439972,-0.26012070146698635,0.3164839025326605,GBP_USD,10,3.0,long,150
95,0.05000399683519015,0.10277533512332951,-0.1514356600065357,0.25144365367691596,42,-0.10485773111298698,0.15410260717309893,-0.40689884117226083,0.1971833789462869,GBP_USD,10,3.0,short,137
235,-0.08179887463379253,0.06468991576420073,-0.20859110953162596,0.044993360264040896,102,0.11612384857134922,0.09691396765364946,-0.07382752802980372,0.3060752251725022,GBP_USD,14,1.5,long,337
240,0.019878751800591343,0.0637551281104899,-0.10508129929596886,0.14483880289715156,104,0.07140197961201486,0.09606583002754654,-0.11688704724197635,0.25969100646600607,GBP_USD,14,1.5,short,344
169,-0.1589359535186099,0.07503981347695209,-0.306013987933436,-0.01185791910378381,73,0.04493833226711369,0.11645113154358341,-0.1833058855583098,0.27318255009253717,GBP_USD,14,2.0,long,242
159,0.09730188988373605,0.07861605986642586,-0.05678558745445865,0.2513893672219307,69,-0.0030049039617105777,0.1198092044579899,-0.23783094469937077,0.23182113677594962,GBP_USD,14,2.0,short,228
130,-0.04430881878305342,0.08705443973235169,-0.21493552065846275,0.1263178830923559,57,-0.15232855841548554,0.12937789663817242,-0.4059092358263035,0.10125211899533243,GBP_USD,14,2.5,long,187
123,0.04284841246276981,0.08937231110315415,-0.13232131729941232,0.21801814222495192,53,-0.06422688125934817,0.13754080626780357,-0.33380686154424316,0.20535309902554683,GBP_USD,14,2.5,short,176
101,0.09821737896837067,0.09774187652778123,-0.09335669902608053,0.2897914569628219,44,-0.021150962139127646,0.15043367332181642,-0.31600096184988785,0.27369903757163255,GBP_USD,14,3.0,long,145
93,-0.010752688172043012,0.10425117972938341,-0.21508500044163448,0.19357962409754847,41,-0.07317073170731707,0.1576900475633621,-0.3822432249315068,0.23590176151687264,GBP_USD,14,3.0,short,134
241,-0.06310636022068944,0.06397708412668644,-0.18850144510899486,0.06228872466761598,104,0.1138906976372848,0.0960312633311737,-0.07433057849181565,0.3021119737663852,GBP_USD,21,1.5,long,345
238,0.01130845752015957,0.06401998011779787,-0.11417070351072425,0.1367876185510434,103,0.12063889203543247,0.09603227627058628,-0.06758436945491662,0.30886215352578156,GBP_USD,21,1.5,short,341
166,-0.1554230327487136,0.07576689753086539,-0.3039261519092098,-0.006919913588217447,72,0.0316735868819347,0.11731134795187247,-0.19825665510373533,0.26160382886760475,GBP_USD,21,2.0,long,238
154,0.06351349746477529,0.0798538730981082,-0.09300009380751677,0.22002708873706733,67,0.007934081671836042,0.1224268058323165,-0.23202245775950428,0.24789062110317636,GBP_USD,21,2.0,short,221
128,0.016965761934438467,0.08775322085585038,-0.15503055094302828,0.18896207481190522,55,-0.1578677787215032,0.13153028837834166,-0.4156671439430529,0.09993158650004647,GBP_USD,21,2.5,long,183
116,0.1340004075981207,0.09180774140502038,-0.04594276555571922,0.3139435807519606,50,-0.04808049413490905,0.14176669516822782,-0.3259432166646356,0.2297822283948175,GBP_USD,21,2.5,short,166
102,-0.02217909362102924,0.09821797137451609,-0.21468631751508077,0.1703281302730223,44,-0.045687037956039116,0.14854951533937175,-0.33684408802120774,0.2454700121091295,GBP_USD,21,3.0,long,146
96,-0.041666666666666664,0.1025087358993004,-0.24258378902929545,0.15925045569596213,42,-0.09523809523809523,0.15546387747761883,-0.39994729509422816,0.2094711046180377,GBP_USD,21,3.0,short,138
259,0.005206320755321068,0.061826566907688764,-0.11597375038374891,0.12638639189439105,112,0.03571428571428571,0.09485524722486023,-0.1502019988464403,0.22163057027501176,AUD_USD,7,1.5,long,371
262,0.011905705695258305,0.061718095891305905,-0.10906176225170128,0.13287317364221787,113,0.031570336447219495,0.09410335879622382,-0.15287224679337919,0.21601291968781816,AUD_USD,7,1.5,short,375
180,0.07527554327679879,0.07378578855135445,-0.06934460228385593,0.21989568883745353,78,0.012948932310481932,0.11321816078185541,-0.20895866282195466,0.23485652744291854,AUD_USD,7,2.0,long,258
173,0.0353716467754779,0.07587287495835647,-0.1133391881429008,0.1840824816938566,75,-0.1309576435563174,0.11448710861599748,-0.35535237644367246,0.09343708933103767,AUD_USD,7,2.0,short,248
132,0.08287139063640094,0.08673838627663204,-0.08713584646579785,0.2528786277385997,57,-0.14017514525934052,0.1311221369876746,-0.39717453375518275,0.11682424323650173,AUD_USD,7,2.5,long,189
126,0.03817014012470179,0.08903458828440075,-0.13633765291272368,0.21267793316212727,55,-0.01818181818181818,0.13606026860996148,-0.2848599446573427,0.24849630829370634,AUD_USD,7,2.5,short,181
99,0.0707070707070707,0.1007624256859803,-0.12678728363745068,0.2682014250515921,43,-0.15055464331457227,0.15113059590549535,-0.44677061128934314,0.14566132466019863,AUD_USD,7,3.0,long,142
99,0.030303030303030304,0.10096886398000521,-0.1675959430977799,0.2282020037038405,43,-0.023255813953488372,0.15426161815606512,-0.325608585539376,0.2790969576323993,AUD_USD,7,3.0,short,142
261,-0.010159244920964917,0.0615892297444948,-0.13087413522017474,0.1105556453782449,113,0.04424778761061947,0.09439857242467997,-0.14077341434175328,0.2292689895629922,AUD_USD,10,1.5,long,374
262,0.019539293481517846,0.06171064473820793,-0.1014135702053697,0.14049215716840538,113,0.031570336447219495,0.09410335879622382,-0.15287224679337919,0.21601291968781816,AUD_USD,10,1.5,short,375
179,0.11480222228951831,0.07370277339497323,-0.029655213564629218,0.2592596581436658,77,-0.02584393869847285,0.11392208676924881,-0.2491312287662005,0.1974433513692548,AUD_USD,10,2.0,long,256
175,0.04639597081232957,0.07540496219887606,-0.10139775509746751,0.19418969672212666,76,-0.08976083245689218,0.11426301946086205,-0.31371635060018177,0.13419468568639745,AUD_USD,10,2.0,short,251
127,0.03650005367421489,0.08835688655081966,-0.13667944396539167,0.20967955131382143,55,-0.10890878690513471,0.13402313801203453,-0.3715941374087224,0.15377656359845293,AUD_USD,10,2.5,long,182
123,0.08943089430894309,0.09017297199395256,-0.08730813079920392,0.2661699194170901,53,-0.05660377358490566,0.13845271428402695,-0.3279710935815985,0.2147635464117872,AUD_USD,10,2.5,short,176
94,0.0425531914893617,0.10360124266982483,-0.16050524414349496,0.24561162712221837,41,-0.20667926006162457,0.1531641167549119,-0.5068809289012519,0.09352240877800277,AUD_USD,10,3.0,long,135
93,-0.053763440860215055,0.10410641986358865,-0.2578120237928488,0.1502851420724187,41,0.009873476092398192,0.15648555662611863,-0.2968382148947943,0.31658516707959067,AUD_USD,10,3.0,short,134
261,-0.017822080170007058,0.06158253439493965,-0.13852384758408878,0.10287968724407466,112,0.05357142857142857,0.09477950238548305,-0.1321963961041182,0.23933925324697536,AUD_USD,14,1.5,long,373
266,0.004207875534427352,0.061256978222993246,-0.1158558017826394,0.1242715528514941,115,0.008695652173913044,0.09365504012407834,-0.1748682264692805,0.1922595308171066,AUD_USD,14,1.5,short,381
182,0.06345932851551528,0.07344687208482373,-0.08049654077073923,0.20741519780176979,78,0.038589957951507575,0.11314234160210031,-0.18316903158860903,0.2603489474916242,AUD_USD,14,2.0,long,260
179,0.023012820626579195,0.0746211771671538,-0.12324468662104227,0.16927032787420065,77,-0.09421266556088315,0.1128571600481562,-0.31541269925526927,0.126987368133503,AUD_USD,14,2.0,short,256
126,0.07647227632242294,0.0885003780466857,-0.09698846464908102,0.24993301729392692,55,-0.14527242326877107,0.1333830413676939,-0.4067031843494512,0.11615833781190901,AUD_USD,14,2.5,long,181
122,0.08196721311475409,0.09060318422396818,-0.09561502796422354,0.2595494541937317,53,-0.018867924528301886,0.13865036279904783,-0.29062263561443563,0.25288678655783187,AUD_USD,14,2.5,short,175
98,0.061224489795918366,0.10134413973308708,-0.13741002408093228,0.25985900367276904,42,-0.17794880148872877,0.15220899752396094,-0.4762784366356922,0.12038083365823465,AUD_USD,14,3.0,long,140
91,0.054945054945054944,0.10525002195497712,-0.15134498808670022,0.2612350979768101,40,0.03512031299470815,0.15834588827574775,-0.27523762802575746,0.34547825401517374,AUD_USD,14,3.0,short,131
256,0.016986082326672487,0.06217586061036528,-0.10487860446964345,0.13885076912298844,110,0.05454545454545454,0.09564003582760128,-0.13290901567664395,0.24199992476755303,AUD_USD,21,1.5,long,366
264,0.02696702610665786,0.0614662023554532,-0.09350673051003042,0.14744078272334613,114,0.0,0.09407208683835973,-0.18438129020318506,0.18438129020318506,AUD_USD,21,1.5,short,378
182,0.06345932851551528,0.07344687208482373,-0.08049654077073923,0.20741519780176979,79,-0.025189661769397586,0.11247270456056599,-0.2456361627081069,0.19525683916931175,AUD_USD,21,2.0,long,261
178,-0.004947781504732159,0.07484897795692813,-0.1516517783003113,0.14175621529084698,77,-0.06823863958685718,0.11310286689870637,-0.28992025870832167,0.15344297953460728,AUD_USD,21,2.0,short,255
132,0.027541718307767363,0.08670455244441855,-0.142399204483293,0.1974826410988277,57,-0.14017514525934052,0.1311221369876746,-0.39717453375518275,0.11682424323650173,AUD_USD,21,2.5,long,189
122,0.055815062751741196,0.09040705072217536,-0.1213827566637225,0.2330128821672049,53,0.05660377358490566,0.13845271428402695,-0.2147635464117872,0.3279710935815985,AUD_USD,21,2.5,short,175
98,0.04081632653061224,0.10145000431823836,-0.15802568193313496,0.23965833499435943,42,-0.17794880148872874,0.15220899752396094,-0.47627843663569214,0.12038083365823468,AUD_USD,21,3.0,long,140
88,0.0,0.10721125348377948,-0.21013405682820777,0.21013405682820777,38,0.14223190841548225,0.16088998648224206,-0.1731124650897122,0.4575762819206767,AUD_USD,21,3.0,short,126
250,0.10236442716854259,0.059507187877174975,-0.014269661070720363,0.21899851540780554,108,0.12495104885182026,0.08675031093470734,-0.045079560580206124,0.29498165828384665,USD_CAD,7,1.5,long,358
257,-0.0115302521225459,0.060914914870668045,-0.13092348526905526,0.10786298102396347,111,-0.07801375537595537,0.08474412279249781,-0.24411223604925106,0.08808472529734032,USD_CAD,7,1.5,short,368
182,0.12347749049725629,0.06979315876928535,-0.01331710069054301,0.26027208168505556,78,0.07836407020662847,0.10562838108068802,-0.12866755671152005,0.28539569712477697,USD_CAD,7,2.0,long,260
174,0.06642844568201767,0.07373121880121102,-0.07808474316835592,0.21094163453239126,75,0.02851609780615688,0.10235677263455371,-0.1721031765575684,0.22913537216988217,USD_CAD,7,2.0,short,249
133,0.09856945120104756,0.08441114915616699,-0.06687640114503975,0.26401530354713487,57,0.020816441474796166,0.12169687843672332,-0.21770944026118152,0.2593423232107739,USD_CAD,7,2.5,long,190
134,0.05342294956010859,0.08314887100938075,-0.10954883761827766,0.21639473673849485,58,-0.13532123304403257,0.11841043325368072,-0.3674056822212468,0.09676321613318165,USD_CAD,7,2.5,short,192
105,0.1376116454920279,0.0938907494397226,-0.0464142234098284,0.3216375143938842,45,-0.015023544433157794,0.1369182351321846,-0.2833832852922396,0.25333619642592403,USD_CAD,7,3.0,long,150
112,-0.051214234302195634,0.0913731316376538,-0.23030557231199708,0.12787710370760583,49,-0.028692700641584825,0.1309233640209473,-0.2853024941226415,0.2279170928394719,USD_CAD,7,3.0,short,161
245,0.12289419821810275,0.059913906220974554,0.005462942024992631,0.2403254544112129,106,0.13258116141953832,0.08756033566334522,-0.03903709648061829,0.30419941931969496,USD_CAD,10,1.5,long,351
259,0.002865410426796211,0.060756555172109934,-0.11621743771053926,0.12194825856413168,111,-0.07462319591146357,0.08400122789662069,-0.23926560258884014,0.09001921076591299,USD_CAD,10,1.5,short,370
179,0.09101264970065791,0.07144816273792619,-0.04902574926567742,0.23105104866699322,78,0.049231744379277395,0.10588344242089248,-0.15829980276567185,0.25676329152422667,USD_CAD,10,2.0,long,257
174,0.0445117107898048,0.07339076257959608,-0.0993341838662035,0.1883576054458131,75,0.055680115273901064,0.10114846917923713,-0.1425708843174037,0.2539311148652058,USD_CAD,10,2.0,short,249
128,0.1175658443909976,0.08520783866992036,-0.0494415194020463,0.2845732081840415,56,0.04872904529866177,0.12222017223917306,-0.19082249229011744,0.28828058288744096,USD_CAD,10,2.5,long,184
135,-0.002139139282918415,0.08321927124347156,-0.16524891092012267,0.16097063235428583,58,-0.14074870591724015,0.11861478844454738,-0.373233691268553,0.09173627943407273,USD_CAD,10,2.5,short,193
105,0.14262654619307458,0.0941966508879928,-0.04199888954739131,0.32725198193354044,46,0.07883943431732751,0.13352559598736627,-0.18287073381791039,0.3405496024525654,USD_CAD,10,3.0,long,151
107,-0.11465576313193741,0.09246222211859828,-0.29588171848439004,0.0665701922205152,47,-0.0582748397825817,0.13136137604260428,-0.31574313682608607,0.1991934572609227,USD_CAD,10,3.0,short,154
245,0.12629749668654772,0.05970318383274763,0.009279256374362374,0.24331573699873305,106,0.16413276886781528,0.0877811946947138,-0.007918372733823759,0.3361839104694543,USD_CAD,14,1.5,long,351
260,0.014392851155923928,0.06063864855141593,-0.1044589000048513,0.13324460231669916,112,-0.06557926170927565,0.08378596437062252,-0.2297997518756958,0.0986412284571445,USD_CAD,14,1.5,short,372
176,0.09225010263421572,0.07169155033111234,-0.048265336014764446,0.23276554128319588,76,0.050527316599784704,0.10705803721788631,-0.15930643634727246,0.26036106954684185,USD_CAD,14,2.0,long,252
173,0.009015782503331212,0.0738836480018569,-0.13579616758030832,0.15382773258697074,75,0.052387319492587556,0.10097238159651756,-0.14551854843658685,0.250293187421762,USD_CAD,14,2.0,short,248
126,0.15498860053588423,0.08541944230714038,-0.012433506386110904,0.32241070745787936,55,0.0343074190889718,0.1204631044226823,-0.2018002655794855,0.2704151037574291,USD_CAD,14,2.5,long,181
134,-0.00984602659696559,0.08349759184650768,-0.17350130661612065,0.15380925342218946,58,-0.10626594729655048,0.11924303832811037,-0.3399823024196468,0.12745040782654585,USD_CAD,14,2.5,short,192
100,0.1397578735027283,0.09643963789961521,-0.0492638167805175,0.3287795637859741,44,0.1813071035280197,0.13315639786599742,-0.07967943628933521,0.44229364334537463,USD_CAD,14,3.0,long,144
104,-0.0938421025176594,0.09416957929860391,-0.27841447794292307,0.09073027290760427,45,0.04266967384747954,0.13200149020725305,-0.2160532469587364,0.3013925946536955,USD_CAD,14,3.0,short,149
243,0.10205295615244271,0.05998026376532467,-0.015508360827593645,0.21961427313247905,105,0.12498975940043666,0.08809346881588788,-0.04767343947870359,0.29765295827957694,USD_CAD,21,1.5,long,348
258,0.04935209937759641,0.06066694783991939,-0.06955511838864559,0.1682593171438384,111,-0.09607963379008683,0.08474312347745609,-0.26217615580590076,0.0700168882257271,USD_CAD,21,1.5,short,369
178,0.0908540350279866,0.07130173654590824,-0.04889736860199355,0.23060543865796673,77,0.07315739242484609,0.10572595511334251,-0.13406547959730522,0.2803802644469974,USD_CAD,21,2.0,long,255
177,0.027020649707073838,0.07281350381698025,-0.11569381777420744,0.1697351171883551,76,0.045705792353914566,0.10145661851944267,-0.15314917994419305,0.24456076465202217,USD_CAD,21,2.0,short,253
130,0.10046032311800553,0.08478043719345507,-0.0657093337811664,0.26662998001717747,56,-0.004672725407428199,0.12106155700511705,-0.2419533771374576,0.23260792632260122,USD_CAD,21,2.5,long,186
137,-0.01082030740866018,0.0822961168459743,-0.1721206964267698,0.15048008160944942,60,-0.06044696676755724,0.11724010301502748,-0.2902375686770111,0.16934363514189663,USD_CAD,21,2.5,short,197
100,0.1373247013421317,0.0961992033066709,-0.05122573713894324,0.32587513982320665,44,0.18929850632718023,0.13324441126056738,-0.07186053974353182,0.4504575523978923,USD_CAD,21,3.0,long,144
103,-0.08504445302753963,0.09467245634329237,-0.2706024674603927,0.10051356140531342,45,-0.046219215041409335,0.13197432563436248,-0.3048888932847598,0.21245046320194114,USD_CAD,21,3.0,short,148
249,-0.08658597463601951,0.06207963691948652,-0.2082620629982131,0.03509011372617407,108,-0.15562781287761482,0.09424742662359036,-0.3403527690598519,0.029097143304622264,USD_CHF,7,1.5,long,357
226,0.17449432718851932,0.06323727248314198,0.05054927312156103,0.2984393812554776,98,0.08055326873634697,0.09955837471340474,-0.11458114570192632,0.2756876831746202,USD_CHF,7,1.5,short,324
176,-0.054993695972046626,0.07355953913060213,-0.1991703926680268,0.08918300072393356,76,0.01554992545429244,0.11343076105365811,-0.20677436621087747,0.23787421711946233,USD_CHF,7,2.0,long,252
174,0.13826557351826352,0.072771076515236,-0.004365736451599045,0.2808968834881261,75,0.23178159442688884,0.11204784848658395,0.012167811393184319,0.45139537746059333,USD_CHF,7,2.0,short,249
139,-0.024334211181455623,0.08247164220539586,-0.18597862990403152,0.13731020754112028,60,-0.08145037388704222,0.12816094402997671,-0.3326458241857966,0.1697450764117121,USD_CHF,7,2.5,long,199
137,0.14155512698576855,0.08205922892780983,-0.019280961712738715,0.30239121568427585,60,0.1586303275090136,0.12586375936511524,-0.08806264084661225,0.40532329586463944,USD_CHF,7,2.5,short,197
103,0.04190256094140939,0.09613106242652002,-0.14651432141456983,0.23031944329738863,45,-0.3362478132241549,0.1415410867916307,-0.613668343335751,-0.058827283112558804,USD_CHF,7,3.0,long,148
105,0.15016697648453114,0.09179840168468627,-0.029757890817453947,0.33009184378651624,46,0.14293164525636157,0.14309270538330884,-0.13753005729492376,0.4233933478076469,USD_CHF,7,3.0,short,151
246,-0.06767758268738464,0.06251666421626587,-0.19021024455126573,0.05485507917649646,106,-0.17619483203486258,0.09489067778061935,-0.3621805604848765,0.009790896415151351,USD_CHF,10,1.5,long,352
228,0.1609280268561713,0.06331731381579139,0.03682609177722017,0.2850299619351224,98,0.08055326873634695,0.09955837471340474,-0.11458114570192633,0.2756876831746202,USD_CHF,10,1.5,short,326
179,-0.03574397633800854,0.07330770728104262,-0.17942708260885207,0.10793912993283497,77,0.028334991357483446,0.11267563926048133,-0.19250926159305995,0.24917924430802682,USD_CHF,10,2.0,long,256
172,0.14359353886056694,0.07290262060028252,0.0007044024840132113,0.2864826752371207,74,0.2214002646218468,0.11308386545079076,-0.00024411166170307252,0.4430446409053967,USD_CHF,10,2.0,short,246
135,-0.0802297601175996,0.08431456807832527,-0.2454863135511171,0.08502679331591793,59,-0.04283832273735485,0.12996839805640487,-0.29757638292790833,0.21189973745319865,USD_CHF,10,2.5,long,194
142,0.13509181216503685,0.08049391893335126,-0.022676268944331612,0.2928598932744053,61,0.10684950246788222,0.12576862834317085,-0.13965700908473264,0.3533560140204971,USD_CHF,10,2.5,short,203
100,-0.05031955866620022,0.09728441989104328,-0.24099702165264505,0.14035790432024461,44,-0.27570799079743114,0.14614540335200202,-0.5621529813673551,0.010736999772492817,USD_CHF,10,3.0,long,144
104,0.15701006567118309,0.09199612244929392,-0.02330233432943299,0.33732246567179913,45,0.10901479747658659,0.14681786388178206,-0.17874821573170624,0.39677781068487944,USD_CHF,10,3.0,short,149
248,-0.07467789441237578,0.06223850001011029,-0.19666535443219196,0.04730956560744039,107,-0.19924390351389523,0.09429479715837745,-0.384061705944315,-0.014426101083475446,USD_CHF,14,1.5,long,355
224,0.1660045890843734,0.0639007469726483,0.040759125017982734,0.2912500531507641,97,0.10226040069773133,0.09931272675555325,-0.09239254374315302,0.29691334513861567,USD_CHF,14,1.5,short,321
180,-0.020389319293926785,0.07272689455016193,-0.16293403261224418,0.1221553940243906,78,-0.01048981622402275,0.1120072797156454,-0.23002408446668776,0.20904445201864225,USD_CHF,14,2.0,long,258
171,0.12927714038878613,0.07310439120890824,-0.014007466380674016,0.27256174715824627,74,0.27545431867590087,0.11144530700762738,0.0570215169409512,0.49388712041085053,USD_CHF,14,2.0,short,245
132,-0.0564672153106497,0.08538283952877457,-0.22381758078704783,0.11088315016574844,57,-0.07942914107901644,0.1319227701684721,-0.33799777060922176,0.17913948845118888,USD_CHF,14,2.5,long,189
144,0.10202961464980315,0.08008664078360589,-0.05494020128606439,0.25899943058567065,62,0.0889970911377551,0.1250048260434799,-0.15601236790746548,0.3340065501829757,USD_CHF,14,2.5,short,206
93,-0.043354364157204534,0.10070727012555308,-0.24074061360328858,0.1540318852888795,40,-0.10327878987717429,0.15877785887833126,-0.41448339327870354,0.207925813524355,USD_CHF,14,3.0,long,133
107,0.1265913291694531,0.09079299726547514,-0.05136294547087819,0.30454560380978435,46,0.08490578014013905,0.14560060049672793,-0.20047139683344767,0.3702829571137258,USD_CHF,14,3.0,short,153
251,-0.06053866613270612,0.06199576311099627,-0.1820503618302588,0.06097302956484656,109,-0.14547637853411907,0.09401879506993241,-0.3297532168711866,0.03880045980294844,USD_CHF,21,1.5,long,360
224,0.1570760176558019,0.06400188361406883,0.031632325772226993,0.2825197095393768,96,0.11374227987166603,0.09967974308211483,-0.08163001656927903,0.3091145763126111,USD_CHF,21,1.5,short,320
181,-0.036851256756391226,0.07249967549619842,-0.1789506207289401,0.10524810721615765,78,-0.017002156127615374,0.11143211038301776,-0.23540909247833017,0.2014047802230994,USD_CHF,21,2.0,long,259
173,0.11051141542476728,0.07266150719877178,-0.03190513868482539,0.2529279695343599,75,0.2584482610935555,0.11125673437180203,0.040385061724823534,0.4765114604622875,USD_CHF,21,2.0,short,248
125,-0.05028440924124498,0.08819120661324982,-0.2231391742032146,0.12257035572072467,55,-0.08231747348188977,0.13426350990568353,-0.3454739528970295,0.18083900593324992,USD_CHF,21,2.5,long,180
140,0.12152894987271556,0.08087665019269774,-0.03698928450497199,0.2800471842504031,61,0.10684950246788222,0.12576862834317085,-0.13965700908473264,0.3533560140204971,USD_CHF,21,2.5,short,201
96,-0.06376543577300614,0.09964355863088961,-0.2590668106895498,0.1315359391435375,42,-0.14597979988302315,0.15403944105517386,-0.4478971043511639,0.1559375045851176,USD_CHF,21,3.0,long,138
105,0.17067448995303702,0.09178548933101259,-0.009225069135747638,0.35057404904182166,45,0.10901479747658659,0.14681786388178206,-0.17874821573170624,0.39677781068487944,USD_CHF,21,3.0,short,150
247,0.07692307692307693,0.06356875927241057,-0.04767169125084779,0.20151784509700166,107,-0.009345794392523364,0.09712434434965665,-0.1997095093178504,0.18101792053280366,NZD_USD,7,1.5,long,354
267,0.018726591760299626,0.061303182059992724,-0.1014276450772861,0.13888082859788536,115,-0.06086956521739131,0.0934849127535883,-0.24409999421442438,0.12236086377964175,NZD_USD,7,1.5,short,382
167,0.1497005988023952,0.07674043760210568,-0.0007106588977319195,0.3001118565025223,72,0.19444444444444445,0.1164130188513907,-0.033725072504281334,0.4226139613931702,NZD_USD,7,2.0,long,239
184,-0.010869565217391304,0.07391776011113237,-0.15574837503521075,0.13400924460042815,80,-0.15,0.11123586526619456,-0.3680222959217413,0.06802229592174133,NZD_USD,7,2.0,short,264
128,0.140625,0.08785387874662548,-0.03156860234338593,0.31281860234338593,55,0.05454545454545454,0.13588017552161805,-0.2117796894769168,0.3208705985678259,NZD_USD,7,2.5,long,183
130,0.015384615384615385,0.08803467047859578,-0.15716333875343236,0.18793256952266313,57,-0.017543859649122806,0.1336100544888405,-0.2794195664472502,0.24433184714900458,NZD_USD,7,2.5,short,187
98,0.048608220075717204,0.10092374313958863,-0.14920231647787652,0.2464187566293109,42,0.047619047619047616,0.1559965936388461,-0.25813427591309074,0.35337237115118597,NZD_USD,7,3.0,long,140
100,-0.02,0.10048367875913826,-0.21694801036791098,0.176948010367911,43,-0.023255813953488372,0.15426161815606512,-0.325608585539376,0.2790969576323993,NZD_USD,7,3.0,short,143
249,0.06827309236947791,0.06335189691059456,-0.05589662557528742,0.19244281031424326,108,0.018518518518518517,0.09665707106874105,-0.17092934077621394,0.20796637781325097,NZD_USD,10,1.5,long,357
268,0.014925373134328358,0.06119218920428887,-0.10501131770607783,0.13486206397473455,115,-0.043478260869565216,0.09357001510416878,-0.226875490473736,0.13991896873460558,NZD_USD,10,1.5,short,383
167,0.1377245508982036,0.076875425283568,-0.012951282657589686,0.28840038445399685,72,0.16666666666666666,0.11701824958323492,-0.06268910251647378,0.3960224358498071,NZD_USD,10,2.0,long,239
179,-0.027932960893854747,0.07492392207709136,-0.17478384816495382,0.11891792637724433,78,-0.1282051282051282,0.11302013641422354,-0.3497245955770063,0.09331433916674994,NZD_USD,10,2.0,short,257
126,0.12698412698412698,0.08871865785702934,-0.04690444241565053,0.30087269638390446,55,0.01818181818181818,0.1360602686099615,-0.2484963082937064,0.28485994465734277,NZD_USD,10,2.5,long,181
126,-0.015873015873015872,0.08943145072588701,-0.1911586592957544,0.15941262754972266,55,-0.01818181818181818,0.13606026860996148,-0.2848599446573427,0.24849630829370634,NZD_USD,10,2.5,short,181
95,-0.0024883624482075254,0.10262800659248592,-0.2036392553694799,0.19866253047306487,42,0.047619047619047616,0.15599659363884613,-0.2581342759130908,0.353372371151186,NZD_USD,10,3.0,long,137
98,-0.04081632653061224,0.10145000431823836,-0.23965833499435943,0.15802568193313496,42,0.0,0.15617376188860607,-0.3061005733016679,0.3061005733016679,NZD_USD,10,3.0,short,140
251,0.09163346613545817,0.06297946674540844,-0.031806288685542375,0.2150732209564587,108,0.018518518518518517,0.09665707106874105,-0.17092934077621394,0.20796637781325097,NZD_USD,14,1.5,long,359
269,0.03345724907063197,0.061050523867489215,-0.08620177770964689,0.1531162758509108,116,-0.017241379310344827,0.09323661973427455,-0.19998515398952296,0.1655023953688333,NZD_USD,14,1.5,short,385
171,0.08771929824561403,0.07640085173205925,-0.062026371149222104,0.23746496764045016,74,0.24324324324324326,0.11352585395095971,0.020732569499362224,0.4657539169871243,NZD_USD,14,2.0,long,245
182,-0.03296703296703297,0.07428901210132552,-0.17857349668563097,0.11263943075156505,79,-0.0379746835443038,0.11314603244965706,-0.25974090714563164,0.18379154005702403,NZD_USD,14,2.0,short,261
123,0.13821138211382114,0.08966685215760613,-0.03753564811508686,0.31395841234272914,54,0.037037037037037035,0.13726631998291228,-0.23200495012947103,0.3060790242035451,NZD_USD,14,2.5,long,177
125,-0.008,0.0897997772825746,-0.18400756347384623,0.1680075634738462,54,0.037037037037037035,0.13726631998291228,-0.23200495012947103,0.3060790242035451,NZD_USD,14,2.5,short,179
99,-0.022589842753330446,0.10050653125596873,-0.21958264401502917,0.17440295850836826,43,0.023255813953488372,0.15426161815606512,-0.2790969576323993,0.325608585539376,NZD_USD,14,3.0,long,142
96,-0.020833333333333332,0.10257556763685682,-0.22188144590157272,0.18021477923490603,42,-0.047619047619047616,0.1559965936388461,-0.35337237115118597,0.25813427591309074,NZD_USD,14,3.0,short,138
257,0.08171206225680934,0.062290998637498124,-0.040378295072686976,0.20380241958630566,111,0.009009009009009009,0.09534238958791318,-0.17786207458330083,0.19588009260131883,NZD_USD,21,1.5,long,368
271,0.01107011070110701,0.06085433283362958,-0.10820438165280696,0.130344603055021,117,-0.042735042735042736,0.09276284724307289,-0.22455022333146563,0.13908013786138013,NZD_USD,21,1.5,short,388
170,0.08235294117647059,0.07666178673139319,-0.06790416081706006,0.23261004317000122,74,0.16216216216216217,0.11549200489216657,-0.0642021674264843,0.38852649175080867,NZD_USD,21,2.0,long,244
182,-0.03296703296703297,0.07428901210132552,-0.17857349668563097,0.11263943075156505,78,-0.02564102564102564,0.11392310791466345,-0.24893031715376598,0.19764826587171472,NZD_USD,21,2.0,short,260
128,0.1875,0.08716188893025302,0.016662697696704087,0.3583373023032959,56,-0.03571428571428571,0.13475395017289296,-0.2998320280531559,0.2284034566245845,NZD_USD,21,2.5,long,184
125,0.008,0.0897997772825746,-0.1680075634738462,0.18400756347384623,55,-0.01818181818181818,0.13606026860996148,-0.2848599446573427,0.24849630829370634,NZD_USD,21,2.5,short,180
101,-0.041944499332472414,0.0994430972592139,-0.23685296996053162,0.1529639712955868,44,-0.09090909090909091,0.1518671035608285,-0.38856861388831476,0.20675043207013297,NZD_USD,21,3.0,long,145
93,0.053763440860215055,0.10410641986358864,-0.15028514207241866,0.2578120237928488,40,0.05,0.15992786835609066,-0.2634586219779377,0.36345862197793766,NZD_USD,21,3.0,short,133
244,0.019356010017190464,0.06367386415065106,-0.1054447637180856,0.14415678375246654,106,-0.027418177607636145,0.09709578290662993,-0.2177259121046308,0.1628895568893585,USD_SEK,7,1.5,long,350
235,-0.07007628090602032,0.06475066657792963,-0.19698758739876238,0.05683502558672175,101,-0.009900990099009901,0.09999509839962453,-0.205891382962274,0.18608940276425417,USD_SEK,7,1.5,short,336
169,0.04142011834319533,0.07708546485327471,-0.10966739276922308,0.19250762945561375,73,-0.0136986301369863,0.11784007215126886,-0.24466517155347325,0.21726791127950065,USD_SEK,7,2.0,long,242
165,-0.08292900857055684,0.07724490209179699,-0.23432901667047895,0.06847099952936526,71,0.07042253521126761,0.1192261156994448,-0.1632606515596442,0.3041057219821794,USD_SEK,7,2.0,short,236
118,0.0847457627118644,0.09211745362532305,-0.09580444639376876,0.26529597181749753,51,0.09803921568627451,0.14074006623471658,-0.17781131413377,0.373889745506319,USD_SEK,7,2.5,long,169
122,-0.04615241139240104,0.09017801135648824,-0.22290131365111798,0.13059649086631592,53,0.05660377358490566,0.13845271428402695,-0.2147635464117872,0.3279710935815985,USD_SEK,7,2.5,short,175
99,0.10674884700474867,0.10008996264155766,-0.08942747977270434,0.3029251737822017,43,-0.023255813953488372,0.15426161815606512,-0.325608585539376,0.2790969576323993,USD_SEK,7,3.0,long,142
100,-0.04438300912888835,0.10005984104197978,-0.2405002975711687,0.151734279313392,44,-0.13636363636363635,0.15107405843505764,-0.4324687908963493,0.1597415181690766,USD_SEK,7,3.0,short,144
247,0.030992100734687597,0.06326472865534231,-0.09300676742978334,0.15499096889915853,106,-0.027418177607636155,0.09709578290662993,-0.2177259121046308,0.1628895568893585,USD_SEK,10,1.5,long,353
231,-0.04531569702560509,0.06539825847251259,-0.17349628363172975,0.08286488958051957,100,-0.04,0.10042334631373565,-0.23682975877492188,0.15682975877492186,USD_SEK,10,1.5,short,331
171,-0.005847953216374207,0.07669518741873685,-0.15617052055709843,0.14447461412435,74,-0.02702702702702703,0.11699839243773737,-0.25634387620499227,0.20228982215093821,USD_SEK,10,2.0,long,245
166,-0.06435714707314391,0.07712148004241345,-0.21551524795627428,0.08680095380998645,72,0.0,0.11867816581938535,-0.2326092050059953,0.2326092050059953,USD_SEK,10,2.0,short,238
118,0.13559322033898305,0.09159621901828337,-0.04393536893685235,0.31512180961481845,51,-0.0196078431372549,0.14139416766525448,-0.2967404117611537,0.2575247254866439,USD_SEK,10,2.5,long,169
118,-0.037888436272876205,0.0921009711315374,-0.2184063396906895,0.14262946714493707,52,0.15384615384615385,0.13836094888163492,-0.11734130596185055,0.42503361365415826,USD_SEK,10,2.5,short,170
97,0.005857070654331108,0.10170341010588234,-0.19348161315319828,0.2051957544618605,42,-0.047619047619047616,0.1559965936388461,-0.35337237115118597,0.25813427591309074,USD_SEK,10,3.0,long,139
99,0.026611910369507753,0.10067417532739686,-0.1707094732721901,0.2239332940112056,43,-0.11627906976744186,0.15325664577635612,-0.4166620954890998,0.18410395595421614,USD_SEK,10,3.0,short,142
239,0.032029493227898886,0.06430128509132679,-0.09400102555110162,0.1580600120068994,103,-0.04854368932038835,0.09889802185947558,-0.2423838121649605,0.14529643352418378,USD_SEK,14,1.5,long,342
230,-0.04116489570832506,0.06555078722998912,-0.16964443867910373,0.08731464726245362,99,-0.0707070707070707,0.1007624256859803,-0.2682014250515921,0.12678728363745068,USD_SEK,14,1.5,short,329
166,0.02409638554216874,0.07782728991671639,-0.12844510269459536,0.17663787377893286,72,-0.027777777777777776,0.1186323706543311,-0.26029722426026675,0.20474166870471117,USD_SEK,14,2.0,long,238
165,-0.08292900857055692,0.07724490209179699,-0.234329016670479,0.06847099952936518,72,0.0,0.11867816581938535,-0.2326092050059953,0.2326092050059953,USD_SEK,14,2.0,short,237
118,0.1694915254237288,0.09111243278844292,-0.009088842841619316,0.3480718936890769,52,-0.038461538461538464,0.1399243990594229,-0.31271336061800736,0.2357902836949304,USD_SEK,14,2.5,long,170
120,-0.003923629001661603,0.09139372442632346,-0.18305532887725556,0.17520807087393236,52,0.15384615384615385,0.13836094888163492,-0.11734130596185055,0.42503361365415826,USD_SEK,14,2.5,short,172
98,0.016001386259899164,0.10117013997647292,-0.18229208809398775,0.21429486061378608,42,0.0,0.15617376188860607,-0.3061005733016679,0.3061005733016679,USD_SEK,14,3.0,long,140
100,0.016345791265812676,0.1001897049987955,-0.1800260305318265,0.21271761306345185,43,-0.06976744186046512,0.15392735640216215,-0.3714650604087029,0.23193017668777266,USD_SEK,14,3.0,short,143
235,0.04959595268709717,0.06479289888563902,-0.07739812912875531,0.17659003450294963,102,-0.058823529411764705,0.09933141807957062,-0.2535131088477231,0.13586605002419372,USD_SEK,21,1.5,long,337
232,-0.04081002591773611,0.0652714576066795,-0.16874208282682793,0.08712203099135571,100,-0.02,0.10048367875913826,-0.21694801036791098,0.176948010367911,USD_SEK,21,1.5,short,332
165,0.06666666666666674,0.07791316130543699,-0.08604312949198975,0.21937646282532322,72,-0.027777777777777776,0.1186323706543311,-0.26029722426026675,0.20474166870471117,USD_SEK,21,2.0,long,237
165,-0.07080779644934479,0.07731841669548209,-0.22235189317248968,0.0807363002738001,72,0.0,0.11867816581938535,-0.2326092050059953,0.2326092050059953,USD_SEK,21,2.0,short,237
118,0.11864406779661017,0.09179704412018033,-0.061278138678943286,0.29856627427216365,52,-0.038461538461538464,0.1399243990594229,-0.31271336061800736,0.2357902836949304,USD_SEK,21,2.5,long,170
120,-0.003923629001661603,0.09139372442632346,-0.18305532887725556,0.17520807087393236,52,0.23076923076923078,0.13624844392924546,-0.036277719332090286,0.49781618087055185,USD_SEK,21,2.5,short,172
93,0.09213049304806578,0.10343187313624183,-0.1105959782989682,0.2948569643950998,41,-0.024390243902439025,0.15806684630263074,-0.3342012626555953,0.2854207748507172,USD_SEK,21,3.0,long,134
100,0.048402412903264656,0.09989451177927275,-0.14739083018410992,0.24419565599063925,43,0.09450407233996662,0.1518071660202174,-0.20303797305965948,0.3920461177395927,USD_SEK,21,3.0,short,143
263,-0.12490153062947786,0.06079070862130542,-0.24405131952723647,-0.0057517417317192315,113,0.0379144919146107,0.09395599815163065,-0.1462392644625854,0.22206824829180677,AUD_CHF,7,1.5,long,376
255,0.09210384219910923,0.06101699038985143,-0.02748945896499956,0.21169714336321804,110,0.0297370254266805,0.09533585270611082,-0.1571212458772967,0.2165952967306577,AUD_CHF,7,1.5,short,365
177,-0.13408720209689157,0.07404530076915179,-0.2792159916044291,0.011041587410645953,77,-0.012987012987012988,0.11469819306919282,-0.2377954714026309,0.21182144542860493,AUD_CHF,7,2.0,long,254
184,-0.024975018333263176,0.07295259815945553,-0.167962110725796,0.11801207405926964,80,0.175,0.11077260320247587,-0.0421143022768527,0.3921143022768527,AUD_CHF,7,2.0,short,264
139,-0.08386153248871439,0.08394981411361777,-0.2484031681514052,0.08068010317397642,60,-0.16666666666666666,0.12836799737290128,-0.4182679415175532,0.08493460818421986,AUD_CHF,7,2.5,long,199
130,0.04430494718567601,0.08626640327809088,-0.1247772032393821,0.21338709761073413,57,0.017543859649122806,0.1336100544888405,-0.24433184714900458,0.2794195664472502,AUD_CHF,7,2.5,short,187
105,-0.05581625860143522,0.09660754159824314,-0.24516704013399176,0.13353452293112134,46,0.043478260869565216,0.14893023279611745,-0.248424995410825,0.33538151714995545,AUD_CHF,7,3.0,long,151
102,-0.027011785677995902,0.09794961295797393,-0.2189930270756248,0.164969455719633,45,0.1258829035662763,0.14738390491941797,-0.16298955007578292,0.4147553572083355,AUD_CHF,7,3.0,short,147
256,-0.11659805685762764,0.0616691571901709,-0.23746960495036262,0.004273491235107327,110,0.06622125078500918,0.09508514520297459,-0.120145633812821,0.25258813538283936,AUD_CHF,10,1.5,long,366
254,0.06619549950633387,0.061247719260632966,-0.05385003024450674,0.18624102925717448,110,0.06610066179031687,0.09516802126596582,-0.12042865989097615,0.2526299834716099,AUD_CHF,10,1.5,short,364
179,-0.08789628363770843,0.07402552850354091,-0.23298631950464863,0.05719375222923176,77,0.0009997415482957247,0.11396496158985168,-0.22237158316781358,0.224371066264405,AUD_CHF,10,2.0,long,256
181,-0.017126510571349753,0.07344272856939824,-0.1610742585673703,0.12682123742467077,78,0.15384615384615385,0.11260385457098458,-0.06685740111297592,0.3745497088052836,AUD_CHF,10,2.0,short,259
143,-0.1163203468346987,0.08280416375735922,-0.2786165077991228,0.04597581412972536,62,-0.03225806451612903,0.12797024611108765,-0.28307974689386084,0.21856361786160275,AUD_CHF,10,2.5,long,205
134,0.013131665180133442,0.08508862744061815,-0.15364204460347813,0.17990537496374504,58,0.10344827586206896,0.1317426021905984,-0.15476722443150392,0.3616637761556418,AUD_CHF,10,2.5,short,192
103,-0.10508886554505083,0.09761326273285174,-0.2964108605014402,0.08623312941133858,45,0.05764267166481207,0.14941505600327662,-0.2352108381016101,0.35049618143123423,AUD_CHF,10,3.0,long,148
100,0.03244797860844417,0.09888664505290803,-0.16136984569525556,0.2262658029121439,44,0.060562060465509875,0.14998467454142128,-0.23340790163567582,0.3545320225666956,AUD_CHF,10,3.0,short,144
254,-0.08440013392311595,0.06203257414828267,-0.20598397925374998,0.03718371140751808,109,0.11270034482890832,0.09511592042144124,-0.07372685919711648,0.29912754885493315,AUD_CHF,14,1.5,long,363
251,0.05165900142165992,0.0617777508457582,-0.06942539023602615,0.172743393079346,108,0.06732474811976719,0.09603778917806136,-0.12090931866923307,0.2555588149087674,AUD_CHF,14,1.5,short,359
180,-0.08185241539527673,0.07386082034251307,-0.22661962326660234,0.06291479247604888,78,-0.03747461411257986,0.1131514967683629,-0.2592515477785712,0.18430231955341145,AUD_CHF,14,2.0,long,258
183,-0.016939335592427905,0.07305016712856743,-0.16011766316442008,0.12623899197956426,79,0.16455696202531644,0.11168413599953003,-0.0543439445337624,0.3834578685843953,AUD_CHF,14,2.0,short,262
137,-0.10681612844789719,0.08467869600274466,-0.2727863726132767,0.059154115717482345,59,-0.01694915254237288,0.13128757105787855,-0.2742727918158149,0.2403744867310691,AUD_CHF,14,2.5,long,196
135,0.023526289592049963,0.08498054031521945,-0.14303556942578016,0.1900881486098801,59,0.0847457627118644,0.13083407204800207,-0.17168901850221963,0.34118054392594843,AUD_CHF,14,2.5,short,194
105,-0.1221347919156213,0.09649349364897346,-0.3112620394676093,0.06699245563636669,46,-0.008827821197466447,0.14801285430847003,-0.2989330156420677,0.2812773732471348,AUD_CHF,14,3.0,long,151
97,0.043760802689117716,0.10032558691765846,-0.15287734766949285,0.2403989530477283,42,-0.031792127131370626,0.15370044972846278,-0.3330450085991577,0.2694607543364164,AUD_CHF,14,3.0,short,139
258,-0.11284014366648207,0.06134583848568295,-0.23307798709842065,0.007397699765456511,111,0.07463367194910818,0.09459941562606375,-0.11078118267797678,0.26004852657619315,AUD_CHF,21,1.5,long,369
255,0.006198635252752481,0.06153598807498073,-0.11441190137420974,0.12680917187971472,110,0.06610066179031687,0.09516802126596582,-0.12042865989097615,0.2526299834716099,AUD_CHF,21,1.5,short,365
176,-0.12779779994192395,0.07440872913151338,-0.2736389090396901,0.018043309155842263,76,0.014170790779194352,0.11470072750653844,-0.21064263513362097,0.2389842166920097,AUD_CHF,21,2.0,long,252
179,0.016201684841260864,0.07384310117102867,-0.12853079345395532,0.16093416313647704,78,0.1794871794871795,0.11210989230769662,-0.040248209435905874,0.3992225684102648,AUD_CHF,21,2.0,short,257
133,-0.03484067366437531,0.08638261223303374,-0.20415059364112143,0.13446924631237084,58,0.0,0.13245323570650439,-0.2596083419847486,0.2596083419847486,AUD_CHF,21,2.5,long,191
133,0.05669596584761683,0.08551694985771031,-0.11091725587349538,0.22430918756872903,57,0.017543859649122806,0.1336100544888405,-0.24433184714900458,0.2794195664472502,AUD_CHF,21,2.5,short,190
108,-0.10948289954759477,0.0952978019105448,-0.29626659129226257,0.07730079219707303,47,-0.0724697824485842,0.14603280360457846,-0.358694077513558,0.21375451261638956,AUD_CHF,21,3.0,long,155
101,0.0847280916993379,0.0981080869409023,-0.10756375870483059,0.2770199421035064,44,-0.020583501724264888,0.14904453077067825,-0.31271078203479424,0.2715437785862645,AUD_CHF,21,3.0,short,145
228,-0.16075643914548338,0.06127124388041147,-0.28084807715108984,-0.0406648011398769,98,0.07606409587038401,0.08338692204451477,-0.08737427133686493,0.23950246307763295,AUD_NZD,7,1.5,long,326
241,0.07340953736215966,0.05978723995482369,-0.04377345294929477,0.1905925276736141,104,-0.06552170625582679,0.08368625364240456,-0.22954676339493973,0.09850335088328616,AUD_NZD,7,1.5,short,345
160,-0.1564730828090414,0.07290434660625035,-0.2993656021572921,-0.013580563460790729,69,-0.141883767300388,0.10797035600955163,-0.3535056650791092,0.06973813047833319,AUD_NZD,7,2.0,long,229
161,0.031584113108977165,0.07400405767689257,-0.11346383993773226,0.17663206615568658,69,-0.0667841558680208,0.10518815001827186,-0.2729529299038337,0.13938461816779205,AUD_NZD,7,2.0,short,230
123,-0.141028069373738,0.08320944139560793,-0.3041185745091295,0.022062435761653537,54,-0.010800230960229175,0.12262821455094353,-0.2511515314800785,0.22955106955962015,AUD_NZD,7,2.5,long,177
111,0.16637688875443055,0.08560767792752944,-0.0014141599835271468,0.33416793749238827,48,0.045022005917978704,0.12259699437533177,-0.19526810305767156,0.28531211489362895,AUD_NZD,7,2.5,short,159
87,-0.06601753134790635,0.10024812918551608,-0.26250386455151786,0.13046880185570514,38,0.20223730503870377,0.13739203779440448,-0.06705108903832899,0.4715256991157365,AUD_NZD,7,3.0,long,125
84,0.09202125032019046,0.09826909008468146,-0.1005861662457852,0.2846286668861661,37,0.14132871310864217,0.1376727505840273,-0.12850987803605132,0.4111673042533357,AUD_NZD,7,3.0,short,121
221,-0.14090955239808056,0.062493478905346164,-0.26339677105255904,-0.018422333743602082,95,0.13053819019939875,0.08334367623811662,-0.032815415227309824,0.29389179562610734,AUD_NZD,10,1.5,long,316
237,0.07160187680252623,0.06083567548687241,-0.04763604715174369,0.19083980075679616,103,-0.07113085965039473,0.08436205729468842,-0.236480491947984,0.09421877264719455,AUD_NZD,10,1.5,short,340
161,-0.21490009827430917,0.07192018157892882,-0.35586365416900967,-0.07393654237960867,69,-0.004043126209681929,0.10555166802633528,-0.21092439554129908,0.20283814312193524,AUD_NZD,10,2.0,long,230
162,0.06765495592338165,0.07341082021585496,-0.07623025169969407,0.21154016354645738,70,-0.10723003144355858,0.10245942591859569,-0.3080505062440061,0.09359044335688896,AUD_NZD,10,2.0,short,232
121,-0.14970396366104238,0.08405172364622605,-0.31444534200764546,0.01503741468556069,52,0.008515546614519408,0.12592458168008908,-0.23829663347845517,0.255327726707494,AUD_NZD,10,2.5,long,173
110,0.17482909826607712,0.08576483110310303,0.006730029303995189,0.34292816722815905,48,0.049175411307852836,0.12061785013096163,-0.18723557494883197,0.28558639756453763,AUD_NZD,10,2.5,short,158
88,-0.05753410881649143,0.09896609639421618,-0.2515076577491551,0.13643944011617226,38,0.1518596846966747,0.13951033465421944,-0.1215805712255954,0.4252999406189448,AUD_NZD,10,3.0,long,126
85,0.07962393895768677,0.0976825638033277,-0.1118338860968355,0.27108176401220907,37,0.16550655076386445,0.1412288677499264,-0.11130203002599132,0.4423151315537202,AUD_NZD,10,3.0,short,122
225,-0.13451149602639817,0.06205989492024924,-0.2561488900700867,-0.012874101982709663,97,0.11381949021989636,0.0837847595738391,-0.050398638544828275,0.278037618984621,AUD_NZD,14,1.5,long,322
238,0.09629608031282644,0.060726519349149286,-0.022727897611506162,0.21532005823715905,103,-0.049923046217287076,0.08244258778989279,-0.21151051828547693,0.11166442585090278,AUD_NZD,14,1.5,short,341
161,-0.18524293328702288,0.07221099651454788,-0.3267764864555367,-0.04370938011850903,69,-0.027063564418906415,0.10611094173450979,-0.2350410102185456,0.18091388138073275,AUD_NZD,14,2.0,long,230
158,0.0864584627217631,0.07457383352384676,-0.05970625098497655,0.23262317642850272,69,-0.1368244741435526,0.10347607846234144,-0.3396375879297418,0.06598863964263663,AUD_NZD,14,2.0,short,227
118,-0.15722327057283114,0.08561938601228049,-0.3250372671569009,0.010590726011238616,52,0.013658012501039441,0.12781376477724082,-0.2368569664623526,0.26417299146443146,AUD_NZD,14,2.5,long,170
110,0.19537180348142558,0.08464798586763063,0.02946175118086955,0.3612818557819816,48,0.017060848135974097,0.12396060777654141,-0.22590194310604705,0.2600236393779953,AUD_NZD,14,2.5,short,158
88,-0.08166203154521075,0.09875926239528156,-0.2752301858399626,0.1119061227495411,39,0.10928555005475439,0.13802788430952836,-0.1612491031919212,0.37982020330142996,AUD_NZD,14,3.0,long,127
87,0.027915436190427297,0.09616878706659139,-0.1605753864600918,0.2164062588409464,38,0.09720104639243542,0.1399400653274575,-0.17708148164938126,0.3714835744342521,AUD_NZD,14,3.0,short,125
226,-0.11051807539853332,0.06215121262522098,-0.23233445214396645,0.011298301346899797,97,0.06906606273003198,0.0842816417785071,-0.09612595515584192,0.23425808061590586,AUD_NZD,21,1.5,long,323
236,0.137444685300072,0.06050432232296882,0.01885621354705312,0.2560331570530909,102,-0.04948185956346063,0.08399248759626761,-0.21410713525214514,0.11514341612522389,AUD_NZD,21,1.5,short,338
156,-0.19946330467399034,0.07308084507468449,-0.342701761020372,-0.05622484832760874,67,-0.006016739469154246,0.10779820376588392,-0.21730121885028672,0.20526773991197825,AUD_NZD,21,2.0,long,223
153,0.10092846521089957,0.07565482994233393,-0.04735500147607491,0.24921193189787405,66,-0.08711463482037392,0.10578269289789609,-0.29444871290025026,0.12021944325950241,AUD_NZD,21,2.0,short,219
121,-0.13483886032378,0.08510276944997186,-0.3016402884457249,0.03196256779816484,52,-0.0288128586395377,0.12667354683109494,-0.2770930104284838,0.21946729314940838,AUD_NZD,21,2.5,long,173
115,0.15330185832100507,0.08366956363567668,-0.010690486404921234,0.31729420304693134,50,-0.018090072658022614,0.12313790553049109,-0.25944036749778515,0.2232602221817399,AUD_NZD,21,2.5,short,165
91,-0.10107386266305485,0.09883039613953369,-0.29478143909654086,0.09263371377043117,39,0.11510149159833273,0.13862177321908573,-0.1565971839110753,0.38680016710774073,AUD_NZD,21,3.0,long,130
90,0.062090727560590704,0.09346087512439512,-0.12109258768322373,0.24527404280440512,39,-0.04687936853582935,0.13601475378210512,-0.31346828594875537,0.21970954887709665,AUD_NZD,21,3.0,short,129
242,-0.06647119311555752,0.0632558125967054,-0.1904525858051001,0.057510199573985066,105,0.002121328840533372,0.09181674697786141,-0.17783949523607498,0.18208215291714172,AUD_CAD,7,1.5,long,347
256,-0.10415612125539547,0.0607084736795361,-0.2231447296672862,0.01483248715649528,111,-0.0659051800070131,0.09000834702549682,-0.24232154017698687,0.11051118016296065,AUD_CAD,7,1.5,short,367
179,-0.032511417584206594,0.07377463749544508,-0.17710970707527893,0.11208687190686575,78,-0.10223339944415927,0.10928163519279782,-0.31642540442204303,0.11195860553372447,AUD_CAD,7,2.0,long,257
184,-0.04793321335252166,0.07232913194878826,-0.18969831197214665,0.09383188526710334,79,-0.022083986412748606,0.1076455626772026,-0.2330692892600657,0.18890131643456848,AUD_CAD,7,2.0,short,263
127,-0.031723979292062915,0.08774970303609513,-0.20371339724280935,0.14026543865868352,55,0.0297582085270419,0.1278838350773454,-0.2208941082245551,0.2804105252786389,AUD_CAD,7,2.5,long,182
128,-0.006674757548275137,0.08769154640965224,-0.17855018851119353,0.16520067341464323,56,-0.14038275020458352,0.12448102936792785,-0.38436556776572206,0.10360006735655505,AUD_CAD,7,2.5,short,184
99,0.014714619565711833,0.09927679454268913,-0.17986789773795886,0.2092971368693825,43,-0.06990829209488854,0.14684294164013117,-0.35772045770954564,0.2179038735197686,AUD_CAD,7,3.0,long,142
100,0.06961291592220745,0.0975040166515833,-0.12149495671489582,0.2607207885593107,43,-0.16280903387668835,0.14642254953035427,-0.44979723095618274,0.124179163202806,AUD_CAD,7,3.0,short,143
239,-0.04205183886293018,0.06358979482254397,-0.16668783671511636,0.082584158989256,103,-0.036672431764504805,0.09251493427859102,-0.2180017029505432,0.1446568394215336,AUD_CAD,10,1.5,long,342
250,-0.1358575189709708,0.061694259745412455,-0.2567782680719792,-0.014936769869962382,108,-0.05847662019239311,0.09116005859506984,-0.23715033503873,0.12019709465394379,AUD_CAD,10,1.5,short,358
177,-0.0828979931674599,0.07374387915887791,-0.22743599631886058,0.0616400099839408,76,-0.12534886756971936,0.11107630829295606,-0.34305843182391327,0.09236069668447452,AUD_CAD,10,2.0,long,253
182,-0.018001916332780407,0.0725816842401694,-0.16026201744351243,0.12425818477795163,79,-0.010469404618293824,0.10691694305439792,-0.22002661300491375,0.1990878037683261,AUD_CAD,10,2.0,short,261
129,0.04390795761384413,0.0872207377177752,-0.12704468831299526,0.21486060354068354,56,-0.0032169885847527064,0.12815724467465905,-0.25440518814708446,0.24797121097757904,AUD_CAD,10,2.5,long,185
128,-0.022299757548275054,0.08767121838879718,-0.19413534559031753,0.1495358304937674,55,-0.13631399167880404,0.12669754193055655,-0.38464117386269486,0.11201319050508679,AUD_CAD,10,2.5,short,183
105,0.01679690890216739,0.09621686736668184,-0.171788151136529,0.2053819689408638,45,0.0002765582864539971,0.14246092811685432,-0.27894686082258047,0.2794999773954885,AUD_CAD,10,3.0,long,150
97,0.06680600818317416,0.10046462077054896,-0.1301046485271018,0.26371666489345014,42,-0.13713814617658943,0.14794810354262727,-0.42711642912013886,0.15284013676696,AUD_CAD,10,3.0,short,139
237,-0.047306126122937414,0.0636965056286716,-0.17215127715513373,0.07753902490925892,102,-0.05433894742480556,0.092991776044998,-0.23660282847300163,0.12792493362339052,AUD_CAD,14,1.5,long,339
250,-0.14351328491498663,0.06139994775993259,-0.2638571825244545,-0.02316938730551875,108,-0.04845395317167022,0.09168489156946391,-0.22815634064781948,0.13124843430447902,AUD_CAD,14,1.5,short,358
177,-0.07159855813921116,0.07381110077966514,-0.21626831566735483,0.07307119938893251,76,-0.12534886756971936,0.11107630829295606,-0.34305843182391327,0.09236069668447452,AUD_CAD,14,2.0,long,253
181,-0.04086105940063904,0.07259207842035752,-0.1831415331045398,0.10141941430326169,78,-0.048837665864266175,0.10807105003054072,-0.260656923924126,0.16298159219559366,AUD_CAD,14,2.0,short,259
125,0.07731301225748714,0.08839641976849139,-0.09594397048875596,0.25056999500373023,55,-0.021998935601725333,0.12657273443519707,-0.2700814950947116,0.2260836238912609,AUD_CAD,14,2.5,long,180
123,-0.03132746075370734,0.08938406989741832,-0.20652023775264725,0.14386531624523255,54,-0.12587570810793722,0.12862714986770077,-0.37798492184863075,0.1262335056327563,AUD_CAD,14,2.5,short,177
102,0.056858040565581,0.09714314219409627,-0.1335425181348477,0.24725859926600968,45,-0.09160710583341601,0.14175761402196438,-0.3694520293164662,0.18623781764963415,AUD_CAD,14,3.0,long,147
99,0.04233672076702957,0.0992317429061781,-0.15215749532907952,0.23683093686313866,43,-0.1565263610007326,0.14576427145062362,-0.4422243330439549,0.12917161104248967,AUD_CAD,14,3.0,short,142
244,-0.08194285097235576,0.06258436717800522,-0.204608210641246,0.040722508696534473,106,0.011541673345142212,0.09205389144715313,-0.16888395389127792,0.19196730058156236,AUD_CAD,21,1.5,long,350
254,-0.13710302694878054,0.06086440964253822,-0.2563972698481555,-0.01780878404940564,110,0.004034804273570652,0.0907989826488902,-0.17393120171825416,0.18200081026539544,AUD_CAD,21,1.5,short,364
179,-0.08297842927617054,0.07339544522668381,-0.2268335019204708,0.06087664336812974,77,-0.09142155711152891,0.11023656806147948,-0.3074852305120287,0.12464211628897087,AUD_CAD,21,2.0,long,256
179,-0.05249079190790869,0.07293554506096697,-0.19544446022740397,0.09046287641158658,78,-0.048837665864266175,0.10807105003054072,-0.260656923924126,0.16298159219559366,AUD_CAD,21,2.0,short,257
126,0.022850663759970847,0.08765865710809699,-0.14896030417189923,0.19466163169184095,55,-0.09472620832899806,0.1259501946062468,-0.34158858975724177,0.15213617309924565,AUD_CAD,21,2.5,long,181
121,0.002359590926794478,0.0900518926307431,-0.17414211862946202,0.17886130048305096,52,-0.1269439975727552,0.13056346885026504,-0.38284839651927466,0.12896040137376424,AUD_CAD,21,2.5,short,173
100,0.07799520137689274,0.09792763539525269,-0.11394296399780253,0.269933366751588,43,-0.1372477487117907,0.1438159852740532,-0.41912707984893494,0.14463158242535354,AUD_CAD,21,3.0,long,143
102,0.05401490504532707,0.09791042208176014,-0.1378895222349228,0.24591933232557694,44,-0.24808408189640996,0.13932830227118229,-0.5211675543479273,0.024999390555107304,AUD_CAD,21,3.0,short,146
258,0.048477728556677195,0.061023430765001496,-0.07112819574272575,0.16808365285608012,111,0.06648767414261464,0.09328667836836355,-0.11635421545937791,0.24932956374460719,EUR_AUD,7,1.5,long,369
261,-0.033005553930231836,0.06024650038350982,-0.15108869468191108,0.08507758682144742,113,-0.008781688512340442,0.09283016428095799,-0.19072881050301807,0.1731654334783372,EUR_AUD,7,1.5,short,374
187,0.08071438954136043,0.0719916138770238,-0.06038917365760621,0.22181795274032706,81,0.08452890977096304,0.10938164266613895,-0.1298591098546693,0.29891692939659537,EUR_AUD,7,2.0,long,268
177,-0.00914942222212182,0.07332591094283022,-0.15286820767006906,0.13456936322582544,76,0.02984751781855389,0.1133177309768761,-0.19225523489612326,0.25195027053323105,EUR_AUD,7,2.0,short,253
142,0.054878467744010194,0.08276231820364856,-0.10733567593514096,0.21709261142316136,62,0.14092769590140963,0.12299194662114168,-0.10013651947602806,0.38199191127884735,EUR_AUD,7,2.5,long,204
136,0.016331390818898065,0.08484137541412816,-0.14995770499279312,0.18262048663058925,59,-0.12863783273959398,0.12717888560183857,-0.3779084485191976,0.12063278304000963,EUR_AUD,7,2.5,short,195
95,0.18569255020177966,0.10026443681738456,-0.010825745960294064,0.3822108463638534,41,0.04603463125426849,0.15002488183014287,-0.2480141371328115,0.3400833996413485,EUR_AUD,7,3.0,long,136
96,-0.04627073589857736,0.10096572104985468,-0.24416354915629254,0.15162207735913782,42,0.08371065366694706,0.14716455048769522,-0.20473186528893556,0.3721531726228297,EUR_AUD,7,3.0,short,138
266,0.010902306887949709,0.06029980603720138,-0.10728531294496499,0.12908992672086442,115,-0.021612964489665897,0.09190312960754189,-0.201743098520448,0.1585171695411162,EUR_AUD,10,1.5,long,381
260,-0.030407487300732814,0.06030999484158214,-0.1486150771902338,0.08780010258876819,112,-0.008405254713231614,0.09380872819537886,-0.19227036197617417,0.17545985254971094,EUR_AUD,10,1.5,short,372
181,0.0929517402091164,0.07324185326342367,-0.050602292187194,0.2365057726054268,78,0.1262415601467693,0.11089847616100568,-0.09111945312880182,0.3436025734223404,EUR_AUD,10,2.0,long,259
177,0.004593005043067591,0.07347655506145702,-0.13942104287738816,0.14860705296352333,76,-0.013419673556004737,0.11264781083345163,-0.23420938278956993,0.20737003567756046,EUR_AUD,10,2.0,short,253
144,0.031610739197735396,0.08200706364879837,-0.12912310555390938,0.1923445839493802,63,0.10442697621542045,0.1227749838477003,-0.13621199212607216,0.34506594455691303,EUR_AUD,10,2.5,long,207
138,-0.005315151857330688,0.08398044649799434,-0.1699168269933996,0.1592865232787382,60,-0.10982720219393408,0.12644824949237798,-0.3576657711989949,0.13801136681112677,EUR_AUD,10,2.5,short,198
98,0.2188664330252859,0.0973361475183455,0.02808758388932872,0.4096452821612431,42,0.11636714003392876,0.14743331428290385,-0.1726021559605628,0.4053364360284203,EUR_AUD,10,3.0,long,140
95,-0.0799559073575464,0.1012980166105058,-0.27850001991413775,0.11858820519904498,41,0.15008420241335077,0.14868998941686154,-0.14134817684369785,0.4415165816703994,EUR_AUD,10,3.0,short,136
264,0.003409142546191755,0.060523373584155084,-0.11521666967875221,0.12203495477113571,114,-0.01303062207290858,0.09230771894994019,-0.19395375121479136,0.16789250706897418,EUR_AUD,14,1.5,long,378
258,-0.07114043150150225,0.060309998018910994,-0.18934802761856778,0.0470671646155633,111,0.007714278088630208,0.09380692106425659,-0.1761472871973127,0.19157584337457312,EUR_AUD,14,1.5,short,369
179,0.06698010334632434,0.07400915376330287,-0.0780778380297493,0.21203804472239798,77,0.18136584169265574,0.10924049078494369,-0.03274552024583388,0.39547720363114536,EUR_AUD,14,2.0,long,256
174,0.010419321221971055,0.07407399929313951,-0.1347657173925824,0.15560435983652451,75,-0.00026526920341812143,0.113378897817858,-0.2224879089264198,0.22195737051958353,EUR_AUD,14,2.0,short,249
143,0.11573502245859009,0.08218747348500348,-0.04535242557201673,0.2768224704891969,62,0.12224031454147562,0.12345119451769072,-0.11972402671319819,0.3642046557961494,EUR_AUD,14,2.5,long,205
135,0.016788955879173076,0.08487121044457308,-0.14955861659219016,0.1831365283505363,59,-0.09473952765484821,0.1276911219743091,-0.34501412672449405,0.1555350714147976,EUR_AUD,14,2.5,short,194
96,0.18175948371331271,0.09911111567944927,-0.012498303018407847,0.3760172704450333,42,0.199330316735629,0.1467726090538533,-0.08834399700992346,0.4870046304811815,EUR_AUD,14,3.0,long,138
93,-0.03866463654803127,0.10261973052196571,-0.23979930837108407,0.16247003527502155,40,0.028836307473684552,0.1522240334426935,-0.2695227980739947,0.3271954130213638,EUR_AUD,14,3.0,short,133
259,0.034736472609690455,0.06109432053849704,-0.08500839564576373,0.15448134086514465,112,-0.06683474032421052,0.0928955231175466,-0.24890996563460185,0.11524048498618081,EUR_AUD,21,1.5,long,371
256,-0.08703266939559205,0.06020627155608502,-0.20503696164551868,0.03097162285433458,110,0.0008626149151353957,0.09398263249985886,-0.18334334478458797,0.18506857461485876,EUR_AUD,21,1.5,short,366
184,0.03462394503886014,0.07296119977049219,-0.10838000651130454,0.17762789658902484,79,0.12122717200978368,0.10946174186385325,-0.0933178420433687,0.3357721860629361,EUR_AUD,21,2.0,long,263
179,0.03806123962359197,0.0730290950519421,-0.10507578667821454,0.1811982659253985,77,0.02571564687978754,0.11191269110019098,-0.19363322767658678,0.24506452143616184,EUR_AUD,21,2.0,short,256
140,0.11156439441904091,0.08304409303599965,-0.05120202793151839,0.2743308167696002,60,0.09298165835952481,0.12582623926227596,-0.15363777059453604,0.3396010873135857,EUR_AUD,21,2.5,long,200
139,0.05399944334551304,0.08385455846095814,-0.11035549123796493,0.218354377928991,60,-0.10982720219393408,0.12644824949237798,-0.3576657711989949,0.13801136681112677,EUR_AUD,21,2.5,short,199
99,0.24695869127755576,0.09616406718121333,0.05847711960237764,0.43544026295273386,43,0.21795054192782368,0.14452317745353457,-0.0653148858811041,0.5012159697367514,EUR_AUD,21,3.0,long,142
94,-0.022086563613748778,0.10256606184276318,-0.2231160448255646,0.17894291759806705,41,-0.04503774880616141,0.150403240250001,-0.3398280996961634,0.2497526020838406,EUR_AUD,21,3.0,short,135
260,-0.04299119406091493,0.06014079027339881,-0.1608671429967766,0.07488475487494672,112,0.1783824059008435,0.08249315033037054,0.01669583125331725,0.34006898054836976,EUR_CAD,7,1.5,long,372
259,-0.0679640042359221,0.05996664394980948,-0.18549862637754866,0.04957061790570448,111,-0.2955362498152596,0.08175518352295796,-0.4557764095202572,-0.135296090110262,EUR_CAD,7,1.5,short,370
174,-0.05361415548661863,0.07296583826844401,-0.19662719849276888,0.08939888751953162,75,0.09602616763233454,0.10238194071176712,-0.104642436162729,0.2966947714273981,EUR_CAD,7,2.0,long,249
176,0.00237214477095149,0.07290936330983978,-0.14053020731633448,0.14527449685823746,76,-0.32450651734775054,0.10002837420242326,-0.5205621307845001,-0.12845090391100095,EUR_CAD,7,2.0,short,252
140,-0.1254735547583472,0.081417231397697,-0.2850513282978333,0.03410421878113892,60,0.0730834795662232,0.11768105981390596,-0.1575713976690325,0.30373835680147887,EUR_CAD,7,2.5,long,200
133,0.07267701789295113,0.08371037137557323,-0.0913953100031724,0.23674934578907464,58,-0.19691093714492988,0.11731587416227478,-0.4268500505029884,0.033028176213128674,EUR_CAD,7,2.5,short,191
106,-0.11434992631445884,0.09330554174859526,-0.29722878814170556,0.06852893551278788,46,0.15716343093716872,0.13261219572816926,-0.10275647269004301,0.41708333456438046,EUR_CAD,7,3.0,long,152
105,0.058944751808959965,0.0943827962543557,-0.12604552884957718,0.24393503246749712,45,-0.12727243987806955,0.13499993719655537,-0.391872316783318,0.13732743702717895,EUR_CAD,7,3.0,short,150
265,-0.029714416031975416,0.05963843839066414,-0.14660575527767714,0.0871769232137263,114,0.17612906719096413,0.08114546627794766,0.017083953286186726,0.33517418109574154,EUR_CAD,10,1.5,long,379
263,-0.05978694021398202,0.059578671100625515,-0.17656113557120803,0.05698725514324399,113,-0.27756133122096965,0.08129603587036839,-0.4369015615268917,-0.11822110091504762,EUR_CAD,10,1.5,short,376
170,-0.0717048807192855,0.07377831996472017,-0.21631038785013706,0.07290062641156604,74,0.1296603142975421,0.10353962179522104,-0.07327734442109113,0.33259797301617533,EUR_CAD,10,2.0,long,244
174,0.05903057158377897,0.07322218758467809,-0.08448491608219008,0.20254605924974803,75,-0.28694753434532105,0.10170334184202896,-0.4862860843556978,-0.0876089843349443,EUR_CAD,10,2.0,short,249
139,-0.16136386042238815,0.08098840458907237,-0.32010113341697,-0.002626587427806304,60,0.12833235901236323,0.1157344855439978,-0.09850723265387246,0.3551719506785989,EUR_CAD,10,2.5,long,199
135,0.06987169660644794,0.0836712571038197,-0.09412396731703866,0.23386736052993456,58,-0.19932894409784588,0.11648970434819958,-0.4276487646203171,0.028990876424625306,EUR_CAD,10,2.5,short,193
99,-0.018614943591551816,0.09650923255001852,-0.20777303938958813,0.17054315220648447,43,0.03742267530459114,0.13993344741388994,-0.23684688162663314,0.31169223223581544,EUR_CAD,10,3.0,long,142
100,0.03370809618338646,0.09662469737965194,-0.15567631068073134,0.22309250304750428,44,-0.05740502648433872,0.13740788549373684,-0.3267244820520629,0.21191442908338548,EUR_CAD,10,3.0,short,144
266,-0.033012909753164045,0.05970280223052979,-0.15003040212500243,0.08400458261867433,114,0.13207486727828924,0.08168430952927705,-0.028026379399093776,0.2921761139556722,EUR_CAD,14,1.5,long,380
263,-0.07674838585665054,0.059385534077663456,-0.19314403264887092,0.039647260935569834,113,-0.2638193292273178,0.08255954626464583,-0.4256360399060236,-0.102002618548612,EUR_CAD,14,1.5,short,376
173,-0.0931135230473489,0.07322301925892691,-0.23663064079484564,0.050403594700147825,75,0.06878937259872081,0.1045276028280526,-0.13608472894426227,0.2736634741417039,EUR_CAD,14,2.0,long,248
177,0.07063652741271785,0.0723727103738194,-0.07121398491996818,0.2124870397454039,77,-0.2568831557162459,0.1016124218813984,-0.4560435026037868,-0.05772280882870509,EUR_CAD,14,2.0,short,254
132,-0.15745342805400137,0.08331773906307133,-0.32075619661762117,0.005849340509618439,57,0.11532444252856348,0.1181538299490521,-0.11625706417157862,0.3469059492287056,EUR_CAD,14,2.5,long,189
131,0.1258883647026078,0.08400405153614394,-0.03875957630823432,0.2905363057134499,57,-0.1837328492760504,0.11795432631526145,-0.4149233288539629,0.047457630301862036,EUR_CAD,14,2.5,short,188
95,-0.00849454489896225,0.09886999140636912,-0.20227972805544572,0.1852906382575212,42,0.06212321519279568,0.14105559191911998,-0.21434574496867947,0.33859217535427083,EUR_CAD,14,3.0,long,137
105,0.025664567147165345,0.09453353238919078,-0.15962115633564858,0.21095029062997925,45,-0.07786160098468635,0.13218289080985116,-0.33694006697199463,0.1812168650026219,EUR_CAD,14,3.0,short,150
265,-0.05955258111072315,0.059731432137403194,-0.17662618810003342,0.0575210258785871,114,0.14385211680837362,0.08290453936127212,-0.018640780339719748,0.30634501395646696,EUR_CAD,21,1.5,long,379
256,-0.10033254302936542,0.059948944676847686,-0.21783247459598687,0.017167388537256037,111,-0.25759534603857853,0.08374018335942006,-0.42172610542304184,-0.09346458665411522,EUR_CAD,21,1.5,short,367
175,-0.12665929202104315,0.07206098541730255,-0.2678988234389561,0.014580239396869837,76,0.028410565064527132,0.10423738409672428,-0.17589470776505245,0.23271583789410671,EUR_CAD,21,2.0,long,251
175,0.08945295536777344,0.0725208843507266,-0.052687977959650675,0.23159388869519754,75,-0.21333865688659495,0.10499712025311675,-0.41913301258270375,-0.00754430119048613,EUR_CAD,21,2.0,short,250
130,-0.20602963463944754,0.08309481057847155,-0.36889546337325174,-0.04316380590564331,57,0.10695246405061644,0.11886800139743893,-0.12602881868836385,0.33993374678959676,EUR_CAD,21,2.5,long,187
132,0.11600262888707874,0.0842568614812976,-0.04914081961626454,0.281146077390422,57,-0.1968966002228206,0.11719487744973374,-0.42659856002429875,0.03280535957865752,EUR_CAD,21,2.5,short,189
101,0.04396424123711945,0.09566170189025892,-0.14353269446778805,0.23146117694202695,44,0.10754505199367274,0.13776032089071605,-0.1624651769521307,0.3775552809394762,EUR_CAD,21,3.0,long,145
105,0.0447121861947844,0.09446533348649168,-0.1404398674387393,0.2298642398283081,45,-0.1227739516839187,0.13142862099678262,-0.3803740488376126,0.13482614546977523,EUR_CAD,21,3.0,short,150
259,-0.06333316572547491,0.05065560993766457,-0.16261816120329747,0.03595182975234763,111,-0.08294879139502118,0.08187283441169782,-0.24341954684194891,0.07752196405190656,EUR_CHF,7,1.5,long,370
244,0.03163952535667357,0.05319361939893279,-0.0726199686652347,0.13589901937858184,105,0.06810933129504702,0.07601559435946467,-0.08088123364950374,0.2170998962395978,EUR_CHF,7,1.5,short,349
170,-0.00991496199757123,0.06454120181738442,-0.13641571755964468,0.11658579356450223,73,-0.11186585600345983,0.09786869125737443,-0.3036884908679137,0.07995677886099406,EUR_CHF,7,2.0,long,243
161,0.0746357866345729,0.06456046345880245,-0.051902721744679914,0.20117429501382572,69,0.18866380673529584,0.0937605297813661,0.004893168363818284,0.37243444510677337,EUR_CHF,7,2.0,short,230
123,-0.07551860559008425,0.07541513085131196,-0.2233322620586557,0.0722950508784872,54,-0.035802791626107174,0.12105252200222909,-0.2730657347504762,0.20146015149826185,EUR_CHF,7,2.5,long,177
123,0.04167244347954014,0.07545043385470368,-0.10621040687567906,0.18955529383475933,54,0.06465651125874998,0.11998263213027774,-0.17050944771659438,0.29982247023409436,EUR_CHF,7,2.5,short,177
88,0.061271176574894885,0.08889761514392314,-0.11296814910719447,0.23551050225698425,39,0.1672782179294386,0.14016396026100364,-0.10744314418212852,0.4419995800410057,EUR_CHF,7,3.0,long,127
92,0.09916504498391408,0.08197762382074125,-0.06151109770473877,0.2598411876725669,40,0.08625216104584033,0.14698375232180202,-0.20183599350489162,0.37434031559657227,EUR_CHF,7,3.0,short,132
261,-0.05066810357514978,0.05110389804662933,-0.15083174374654326,0.0494955365962437,113,-0.13255638207931578,0.08002163147789937,-0.28939877977599854,0.024286015617366985,EUR_CHF,10,1.5,long,374
247,0.0590410599005684,0.05307978160651678,-0.044995312048204485,0.1630774318493413,107,0.10607233168127118,0.0757258590475228,-0.0423503520518735,0.2544950154144159,EUR_CHF,10,1.5,short,354
168,-0.006706318487387146,0.0646739661971429,-0.13346729223378723,0.12005465525901293,73,-0.18110196671651507,0.09582533412473818,-0.3689196216010019,0.006715688167971745,EUR_CHF,10,2.0,long,241
163,0.06336912241209552,0.06401242916146758,-0.06209523874438094,0.188833483568572,70,0.171707675876679,0.09664375966612705,-0.017714093068930015,0.36112944482228804,EUR_CHF,10,2.0,short,233
121,-0.05227014704211312,0.07647472384356123,-0.2021606057754931,0.09762031169126688,53,-0.06795445903531944,0.12262085305299958,-0.3082913310191986,0.17238241294855974,EUR_CHF,10,2.5,long,174
120,0.05515659595908182,0.07540421457440244,-0.09263566460674696,0.2029488565249106,52,0.08053848417098199,0.12523949860614722,-0.16493093309706658,0.3260079014390305,EUR_CHF,10,2.5,short,172
88,0.02671496888028645,0.08821992213696712,-0.1461960785081691,0.19962601626874202,39,0.08933075257461427,0.144915419739043,-0.19470347011391004,0.37336497526313855,EUR_CHF,10,3.0,long,127
86,0.1161315416172737,0.08386864235679836,-0.04825099740205109,0.2805140806365985,38,0.035502693620672106,0.15063959613724714,-0.2597509148083323,0.3307563020496765,EUR_CHF,10,3.0,short,124
254,-0.060942149075621566,0.05207496441880837,-0.16300907933648595,0.041124781185242834,110,-0.11694337059780208,0.08192749424462607,-0.2775212593172692,0.04363451812166502,EUR_CHF,14,1.5,long,364
239,0.07245822111780363,0.0539229952162445,-0.033230849506035595,0.17814729174164284,103,0.019766020520571595,0.07665434368495369,-0.13047649310193765,0.17000853414308081,EUR_CHF,14,1.5,short,342
165,-0.010208473973538346,0.06490176002064041,-0.13741592361399355,0.11699897566691685,71,-0.1577632490739948,0.09942261457892924,-0.35263157364869613,0.03710507550070652,EUR_CHF,14,2.0,long,236
161,0.1050920534107604,0.06415077335827482,-0.02064346237145824,0.23082756919297903,70,0.10792195735554777,0.09806020019418075,-0.08427603502504649,0.30011994973614203,EUR_CHF,14,2.0,short,231
118,-0.07831374300731728,0.07917416545637895,-0.23349510730182002,0.07686762128718547,51,-0.07703987888333147,0.12636225336063658,-0.32470989547017914,0.17063013770351623,EUR_CHF,14,2.5,long,169
118,0.011704891162267058,0.0763171687903507,-0.13787675966682034,0.16128654199135445,51,0.08434159397124212,0.1255837368729494,-0.16180253029973873,0.33048571824222295,EUR_CHF,14,2.5,short,169
90,-0.03628983419875808,0.08576886738000705,-0.2043968142635719,0.13181714586605572,39,0.03804870129256299,0.14550732275431968,-0.2471456513059036,0.3232430538910296,EUR_CHF,14,3.0,long,129
86,0.0517106668298925,0.0833173941277072,-0.1115914256604136,0.21501275932019862,38,0.1414406754947207,0.14897998792514797,-0.15056010083856933,0.43344145182801075,EUR_CHF,14,3.0,short,124
256,-0.03465648440172167,0.05205175347102276,-0.13667792120492628,0.06736495240148294,110,-0.15023736599103452,0.08108879050164601,-0.3091713953742607,0.008696663392191661,EUR_CHF,21,1.5,long,366
246,0.06745144777047038,0.05311553758838576,-0.036655005902765714,0.17155790144370647,106,0.02675371448571111,0.07635008322287586,-0.12289244863112557,0.1763998776025478,EUR_CHF,21,1.5,short,352
163,0.023529922479916327,0.0648476890212414,-0.10357154800171682,0.15063139296154948,70,-0.10855988272336901,0.09926837545784428,-0.3031258986207438,0.08600613317400578,EUR_CHF,21,2.0,long,233
166,0.017252203911517095,0.06409355838147746,-0.10837117051617871,0.1428755783392129,72,0.11567810734109944,0.09825524147235278,-0.07690216594471198,0.30825838062691086,EUR_CHF,21,2.0,short,238
119,-0.0662482390657362,0.07705786316603135,-0.21728165087115764,0.08478517273968524,52,-0.09840189671655514,0.12467631791600646,-0.3427674798319278,0.14596368639881752,EUR_CHF,21,2.5,long,171
116,0.015323314364340855,0.07565722888367576,-0.13296485424766363,0.16361148297634537,50,0.012694826372415792,0.1277573172381001,-0.2377095154142604,0.263099168159092,EUR_CHF,21,2.5,short,166
92,-0.08991782601589543,0.08561569862198624,-0.2577245953149885,0.07788894328319759,40,0.03812170847679726,0.14244622480744387,-0.24107289214579275,0.31731630909938724,EUR_CHF,21,3.0,long,132
93,0.010754792291781383,0.08148312621097199,-0.14895213508172372,0.1704617196652865,40,0.17548183659726382,0.14388288903181679,-0.10652862590509707,0.45749229909962474,EUR_CHF,21,3.0,short,133
263,-0.0012004200133825962,0.06076833968762357,-0.12030636580112479,0.1179055257743596,114,0.023894996232180353,0.09125840365437148,-0.15497147493038774,0.20276146739474846,EUR_NZD,7,1.5,long,377
256,0.023267451740500485,0.06160696208350868,-0.09748219394317652,0.14401709742417748,110,0.1273738540327244,0.09233057922142729,-0.0535940812412731,0.30834178930672185,EUR_NZD,7,1.5,short,366
177,-0.03407062457250706,0.07504089505392508,-0.18115077887820022,0.11300952973318609,77,0.02572162650578764,0.11150315692054427,-0.19282456105847914,0.2442678140700544,EUR_NZD,7,2.0,long,254
177,-0.060689602279448744,0.07450494795952887,-0.20671930028012533,0.08534009572122783,76,0.09159606807597967,0.10969139581939578,-0.12339906773003606,0.3065912038819954,EUR_NZD,7,2.0,short,253
121,0.12868838577272668,0.09021704143048985,-0.048137015431033436,0.3055137869764868,52,-0.11025269228094216,0.13522773195183282,-0.3752990469065345,0.1547936623446502,EUR_NZD,7,2.5,long,173
125,-0.025513399102109695,0.08830144073978105,-0.19858422295208056,0.14755742474786115,54,-0.07079244344770579,0.13195509673479985,-0.3294244330479135,0.18783954615250192,EUR_NZD,7,2.5,short,179
109,0.08328975761808734,0.09493484641550831,-0.10278254135630895,0.26936205659248363,47,0.018385544940666573,0.14339797295625842,-0.26267448205359994,0.2994455719349331,EUR_NZD,7,3.0,long,156
102,0.042059095681029425,0.0971449130444261,-0.14834493388604575,0.23246312524810459,44,-0.2946042439946639,0.13933729174477705,-0.5677053358144268,-0.021503152174900897,EUR_NZD,7,3.0,short,146
263,-0.004724348194288273,0.060948841009334204,-0.1241840765725833,0.11473538018400677,114,0.006351136583057569,0.09128412848269644,-0.17256575524302745,0.1852680284091426,EUR_NZD,10,1.5,long,377
253,0.005352611875714139,0.0620575818108332,-0.11628024847351894,0.12698547222494722,109,0.08034120196877517,0.09306210187493327,-0.10206051770609403,0.2627429216436444,EUR_NZD,10,1.5,short,362
175,-0.0359803894771107,0.07556278171313766,-0.1840834416348605,0.1121226626806391,75,0.06375504086551474,0.11350451623626517,-0.15871381095756498,0.2862238926885945,EUR_NZD,10,2.0,long,250
175,-0.08125989886222058,0.07464191915520463,-0.22755806040642163,0.06503826268198047,75,0.0528173489836594,0.1106996224636805,-0.16415391104515437,0.26978860901247315,EUR_NZD,10,2.0,short,250
123,0.09407556649186934,0.0898319888953391,-0.08199513174299529,0.270146264726734,53,-0.05156867921903761,0.13467567398839853,-0.3155330002362987,0.21239564179822348,EUR_NZD,10,2.5,long,176
123,-0.001039545173798392,0.08865422499006108,-0.1748018261543181,0.17272273580672132,53,-0.07554936089623183,0.13174413497352633,-0.3337678654443434,0.18266914365187975,EUR_NZD,10,2.5,short,176
107,-0.027302957192789534,0.09611250423074878,-0.21568346548505712,0.16107755109947808,47,0.060938736430028284,0.14314188130718816,-0.21961935093206053,0.3414968237921171,EUR_NZD,10,3.0,long,154
104,0.011254714220265898,0.0967912620504029,-0.17845615939852377,0.20096558783905555,45,-0.31027970523922693,0.1371047678300886,-0.5790050501862005,-0.04155436029225329,EUR_NZD,10,3.0,short,149
263,-0.015533153275130733,0.061057997069112226,-0.1352068275305907,0.10414052098032923,114,-0.011192723066065254,0.09128001112194818,-0.19010154486508368,0.16771609873295318,EUR_NZD,14,1.5,long,377
253,-0.010457664804127758,0.062055001194959436,-0.13208546714624825,0.11117013753799274,109,0.0695607726419077,0.09277638133015961,-0.11228093476520513,0.25140248004902055,EUR_NZD,14,1.5,short,362
172,0.023876844096375176,0.07606012499578674,-0.12520100089536684,0.17295468908811718,74,0.051103081958291954,0.11433190302725707,-0.17298744797513188,0.2751936118917158,EUR_NZD,14,2.0,long,246
172,-0.06928246505522515,0.07514253171224633,-0.21656182721122794,0.07799689710077765,74,0.07379795137518816,0.11111953170371042,-0.14399633076408425,0.29159223351446056,EUR_NZD,14,2.0,short,246
120,0.06540167078929678,0.09080529068526277,-0.11257669895381826,0.2433800405324118,52,-0.035013249467638036,0.13624970661804875,-0.3020626744390136,0.23203617550373754,EUR_NZD,14,2.5,long,172
124,0.05542045115824838,0.08816692840809193,-0.11738672852161179,0.22822763083810854,54,-0.05726719925231721,0.13081571914322151,-0.31366600877303136,0.19913161026839693,EUR_NZD,14,2.5,short,178
109,-0.04515060935438972,0.09517343394425658,-0.2316905398851326,0.14138932117635317,47,0.04418671691790532,0.14480849435568943,-0.23963793201924594,0.3280113658550566,EUR_NZD,14,3.0,long,156
105,0.03971895503721573,0.09626895730641644,-0.14896820128336047,0.22840611135779193,46,-0.18919374107121348,0.13979511026133679,-0.46319215718343354,0.08480467504100661,EUR_NZD,14,3.0,short,151
262,0.003243395505887423,0.06097776630982509,-0.11627302646136975,0.1227598174731446,113,0.009070395346174646,0.09205468788439261,-0.17135679290723485,0.18949758359958416,EUR_NZD,21,1.5,long,375
250,-0.014455001727713253,0.06241507370344776,-0.13678854618647085,0.10787854273104436,108,0.06602594735983533,0.09357144562955655,-0.1173740860740955,0.24942598079376616,EUR_NZD,21,1.5,short,358
179,0.017356520584226428,0.07457467305663101,-0.12880983860677037,0.16352287977522323,78,0.009548771929613077,0.11079725957246041,-0.20761385683240932,0.22671140069163545,EUR_NZD,21,2.0,long,257
177,-0.10687335587287415,0.07384529926564166,-0.2516101424335318,0.037863430687783514,77,0.0667037954695747,0.10936070013929325,-0.14764317680344008,0.28105076774258947,EUR_NZD,21,2.0,short,254
127,0.053922838541067816,0.08834434801761155,-0.11923208357345082,0.22707776065558644,55,-0.09295628859897165,0.13153138242155077,-0.35075779814521113,0.16484522094726783,EUR_NZD,21,2.5,long,182
130,0.022093353412483068,0.08629296847448728,-0.14704086479751202,0.19122757162247814,56,-0.09106601019654102,0.12828815327295143,-0.34251079061152584,0.16037877021844377,EUR_NZD,21,2.5,short,186
105,-0.027823013520271247,0.09701190057187682,-0.2179663386411498,0.1623203116006073,45,0.13503945989203442,0.14669287037475687,-0.15247856604248905,0.4225574858265579,EUR_NZD,21,3.0,long,150
103,-0.0034086118802541085,0.09762990832892422,-0.19476323220494557,0.18794600844443737,45,-0.35472414968367133,0.13463282027857773,-0.6186044774296837,-0.090843821937659,EUR_NZD,21,3.0,short,148
146,-0.08253589841643098,0.06028656436353614,-0.20069756456896182,0.03562576773609985,63,0.03579426776581823,0.08716182118344148,-0.13504290175372707,0.20663143728536354,EUR_CZK,7,1.5,long,209
145,0.06854752377321643,0.06185344945064916,-0.05268523715005592,0.18978028469648878,63,-0.012000940421512243,0.07907919871398866,-0.16699616990093002,0.1429942890579055,EUR_CZK,7,1.5,short,208
98,-0.06779679664842884,0.074328733756669,-0.21348111481150006,0.07788752151464239,42,0.05965836724275351,0.11467225260804101,-0.16509924786900687,0.2844159823545139,EUR_CZK,7,2.0,long,140
96,0.13418441892504515,0.08080385709653057,-0.024191140984154758,0.29255997883424506,42,0.025928387880950147,0.10357498223360391,-0.1770785772969135,0.2289353530588138,EUR_CZK,7,2.0,short,138
77,-0.10787808888675496,0.08467359664735886,-0.27383833831557836,0.05808216054206841,34,0.16793631812213186,0.11880847546161262,-0.06492829378262888,0.4008009300268926,EUR_CZK,7,2.5,long,111
72,-0.044189345980844424,0.09181032312370543,-0.22413757930330708,0.13575888734161823,32,-0.1502727110274558,0.11316169182441695,-0.37206962700331303,0.07152420494840142,EUR_CZK,7,2.5,short,104
52,-0.21696616187950987,0.0919831966729885,-0.39725322735856733,-0.036679096400452416,23,-0.00288986580837223,0.15265355237783,-0.302090828468919,0.2963110968521745,EUR_CZK,7,3.0,long,75
60,0.041878743238110756,0.10210374351767425,-0.15824459405653077,0.24200208053275227,26,-0.03146541059962888,0.12435095218559501,-0.2751932768833951,0.21226245568413735,EUR_CZK,7,3.0,short,86
142,-0.0847350707431181,0.06218031190603412,-0.20660848207894497,0.03713834059270876,61,0.04376274648409092,0.08614528245677541,-0.1250820071311889,0.21260750009937074,EUR_CZK,10,1.5,long,203
147,0.11853547624385938,0.06189332113439511,-0.0027754331795550313,0.2398463856672738,63,-0.023880974434704057,0.07715667417086723,-0.1751080558096038,0.1273461069401957,EUR_CZK,10,1.5,short,210
96,-0.0834551514330597,0.073665787112348,-0.2278400941732618,0.06092979130714238,42,0.09708686946540974,0.11745322011039336,-0.1331214419509612,0.3272951808817807,EUR_CZK,10,2.0,long,138
96,0.13807693718164435,0.0805384951442431,-0.019778513301072137,0.2959323876643608,42,0.0792054358834232,0.10359875405583913,-0.12384812206602148,0.2822589938328679,EUR_CZK,10,2.0,short,138
74,-0.08904166463300989,0.08374668318876559,-0.25318516368299043,0.07510183441697066,33,0.010924506383735834,0.12293910896521162,-0.23003614718807897,0.2518851599555506,EUR_CZK,10,2.5,long,107
69,-0.010269727376260545,0.09751909265063632,-0.20140714897150774,0.18086769421898663,30,-0.03690607564308308,0.12175236556130467,-0.2755407121432402,0.20172856085707408,EUR_CZK,10,2.5,short,99
48,-0.14482596073837992,0.10540507210022823,-0.3514199020548272,0.0617679805780674,21,-0.07866195289738609,0.13825191075683793,-0.3496356979807884,0.19231179218601624,EUR_CZK,10,3.0,long,69
51,-0.0725975342193327,0.11346671139671269,-0.2949922885568896,0.14979722011822416,22,0.06446787293844282,0.12898710540899536,-0.1883468536631881,0.3172825995400737,EUR_CZK,10,3.0,short,73
137,-0.10506103508505207,0.06419283191804083,-0.2308789856444121,0.02075691547430794,60,0.019499077435739545,0.08651765026809767,-0.15007551708973188,0.189073671961211,EUR_CZK,14,1.5,long,197
143,0.15970723821034952,0.0614997448045112,0.03916773839350757,0.28024673802719147,62,-0.009554804837734944,0.07668486911265453,-0.1598571482985378,0.14074753862306794,EUR_CZK,14,1.5,short,205
93,-0.0550169749866149,0.07579179248369779,-0.20356888825466254,0.09353493828143275,40,0.16807170817544798,0.11927324019692391,-0.0657038426105229,0.4018472589614188,EUR_CZK,14,2.0,long,133
91,0.06888832253021494,0.08334246358170819,-0.09446290608993309,0.232239551150363,40,-0.0673421837437775,0.10988057293171051,-0.28270810668993007,0.1480237392023751,EUR_CZK,14,2.0,short,131
77,-0.07905800407495141,0.08399246388586683,-0.2436832332912504,0.08556722514134758,33,0.0852021489700549,0.11984861012576162,-0.14970112687643786,0.3201054248165477,EUR_CZK,14,2.5,long,110
73,-0.0013459061628909696,0.0945743797230091,-0.18671169041998878,0.18401987809420686,32,0.00938344124895341,0.11352668845354291,-0.2131288681199907,0.23189575061789752,EUR_CZK,14,2.5,short,105
50,-0.025389523702366336,0.10933725027804933,-0.23969053424734302,0.18891148684261036,22,-0.0022173812689108615,0.12741021130357183,-0.25194139542391164,0.24750663288608993,EUR_CZK,14,3.0,long,72
53,0.00118772407633093,0.1144084766797612,-0.223052890216001,0.22542833836866288,24,0.028075466538474442,0.12034456680598193,-0.20779988440125013,0.26395081747819904,EUR_CZK,14,3.0,short,77
147,-0.08279386932304315,0.06271529384160408,-0.20571584525258715,0.040128106606500846,63,-0.028866192709639547,0.08297855257364554,-0.19150415575398483,0.13377177033470572,EUR_CZK,21,1.5,long,210
142,0.14185472051996992,0.06173464693022682,0.020854812536725345,0.2628546285032145,62,-0.032796030151093836,0.079262418220154,-0.18815036986259567,0.122558309560408,EUR_CZK,21,1.5,short,204
95,-0.016441674330814875,0.07649457056381279,-0.16637103263588793,0.1334876839742582,41,0.14989099246348003,0.11385777883979256,-0.07327025406251339,0.3730522389894735,EUR_CZK,21,2.0,long,136
95,0.020744365083128442,0.08043411507364936,-0.13690650046122432,0.1783952306274812,42,-0.02784444963613694,0.10801923527723552,-0.23956215077951856,0.18387325150724468,EUR_CZK,21,2.0,short,137
76,-0.045318475492205114,0.08500343817041742,-0.21192521430622324,0.12128826332181303,33,0.11240071769679813,0.11412086910272257,-0.1112761857445381,0.33607762113813433,EUR_CZK,21,2.5,long,109
72,0.006222735331948929,0.09718168198418066,-0.18425336135704518,0.19669883202094302,32,0.045325044344164386,0.10896249145183928,-0.1682414389014406,0.25889152758976935,EUR_CZK,21,2.5,short,104
51,0.03536302274775132,0.11103214689167837,-0.18225998515993827,0.2529860306554409,22,0.03135502414033973,0.13096499648893797,-0.22533636897797868,0.28804641725865815,EUR_CZK,21,3.0,long,73
52,0.05549388490538206,0.11753327394893506,-0.17487133203453065,0.2858591018452948,23,-0.022251773655016505,0.1490137651851891,-0.31431875341798715,0.2698152061079541,EUR_CZK,21,3.0,short,75
261,0.057789066186426284,0.06121128286150393,-0.06218504822212142,0.17776318059497398,112,0.10625991810323057,0.09358904165147862,-0.07717460353366751,0.28969443974012865,CAD_JPY,7,1.5,long,373
247,0.08856839081345022,0.06284420862084449,-0.034606258083404964,0.2117430397103054,106,-0.202182712921114,0.0946203585096423,-0.3876386156000129,-0.01672681024221509,CAD_JPY,7,1.5,short,353
179,0.1266292571679441,0.07393842317506855,-0.01829005225519026,0.27154856659107846,77,0.18634662858635115,0.11067575139151418,-0.030577844141016663,0.40327110131371896,CAD_JPY,7,2.0,long,256
170,0.08837635584566404,0.07591387076190008,-0.0604148308476601,0.2371675425389882,74,-0.23298117991804684,0.11305160532062807,-0.45456232634647786,-0.011400033489615852,CAD_JPY,7,2.0,short,244
140,0.07600036124576218,0.08430872276891545,-0.08924473538131208,0.24124545787283644,61,0.3205818106280191,0.12138595606363468,0.08266533674329513,0.5584982845127431,CAD_JPY,7,2.5,long,201
130,0.15384615384615385,0.0869968974296088,-0.01666776511587939,0.3243600728081871,56,-0.2828036168959966,0.1289591343474408,-0.5355635202169806,-0.03004371357501262,CAD_JPY,7,2.5,short,186
102,0.0784313725490196,0.09919719932768366,-0.11599513813324036,0.2728578832312796,44,0.06169002174226685,0.14926520492959064,-0.2308697799197308,0.3542498234042645,CAD_JPY,7,3.0,long,146
107,0.17757009345794392,0.09558503385602736,-0.009776572899869718,0.36491675981575755,47,-0.06036175630161301,0.14670183282716648,-0.3478973486428593,0.22717383603963331,CAD_JPY,7,3.0,short,154
256,0.041663143610816925,0.06191337584211693,-0.07968707303973226,0.1630133602613661,111,0.09820820565371013,0.09408587992378958,-0.08620011899691746,0.28261653030433775,CAD_JPY,10,1.5,long,367
249,0.06113346947435197,0.06284130474400794,-0.062035487823903585,0.18430242677260752,108,-0.1864676452373585,0.09447305649051863,-0.371634835958775,-0.0013004545159420178,CAD_JPY,10,1.5,short,357
180,0.1305166818835501,0.07371312080987905,-0.013961034903812841,0.274994398670913,78,0.22087076554278104,0.10921825093662137,0.006802993707003158,0.4349385373785589,CAD_JPY,10,2.0,long,258
169,0.07114781357256147,0.07624260721344578,-0.07828769656579224,0.22058332371091519,73,-0.19507681251966394,0.11480898668644095,-0.4201024264250882,0.02994880138576031,CAD_JPY,10,2.0,short,242
140,0.11859331536518614,0.08396291504000639,-0.04597399811322639,0.28316062884359866,60,0.2863042424933149,0.1217926350583816,0.04759067777888695,0.5250178072077428,CAD_JPY,10,2.5,long,200
127,0.14960629921259844,0.08808446321913113,-0.02303924869689858,0.3222518471220954,55,-0.26976368265774203,0.13065245338055828,-0.5258424912836362,-0.013684874031847816,CAD_JPY,10,2.5,short,182
105,0.02857142857142857,0.09801803569660555,-0.1635439213939183,0.22068677853677546,46,0.20737340062950496,0.14465107069854163,-0.07614269793963666,0.49088949919864655,CAD_JPY,10,3.0,long,151
105,0.18095238095238095,0.09643931111902532,-0.008068668840908677,0.3699734307456706,46,-0.12689135969947415,0.14737626116148353,-0.41574883157598186,0.16196611217703358,CAD_JPY,10,3.0,short,151
261,0.03703358147267867,0.06133907333683279,-0.0831910022675136,0.15725816521287095,113,0.11416912236780376,0.09309371244231485,-0.06829455401913333,0.29663279875474086,CAD_JPY,14,1.5,long,374
251,0.06064635019567189,0.06259563389772535,-0.0620410922438698,0.18333379263521357,108,-0.2155791157069696,0.09344000128654696,-0.3987215182286017,-0.03243671318533756,CAD_JPY,14,1.5,short,359
175,0.07688030987982475,0.07496135073289534,-0.07004393755665012,0.2238045573162996,75,0.2090168151616171,0.11296830829992481,-0.012401069106235535,0.43043469942946977,CAD_JPY,14,2.0,long,250
163,0.06149681284517109,0.07766568316920505,-0.09072792616647082,0.213721551856813,70,-0.2,0.1179535649239177,-0.43118898725087873,0.03118898725087868,CAD_JPY,14,2.0,short,233
138,0.13530284252230884,0.08437089415751838,-0.03006411002642717,0.30066979507104485,60,0.166717833698273,0.12659181484309937,-0.08140212339420175,0.4148377907907478,CAD_JPY,14,2.5,long,198
134,0.13432835820895522,0.08592512443330441,-0.03408488568032142,0.30274160209823187,58,-0.27305176803751396,0.12706402599458697,-0.5220972589869044,-0.02400627708812353,CAD_JPY,14,2.5,short,192
101,0.1485148514851485,0.09889101773610907,-0.045311543277625266,0.3423412462479223,44,0.07911764581456074,0.1506787116132977,-0.2162126289475028,0.37444792057662424,CAD_JPY,14,3.0,long,145
104,0.1346153846153846,0.09763607374012391,-0.05675131991525825,0.32598208914602744,45,-0.151933389915018,0.14849719292760089,-0.44298788805311573,0.13912110822307974,CAD_JPY,14,3.0,short,149
260,0.056406787555265896,0.06139801985558436,-0.06393333136167945,0.17674690647221122,112,0.12411706096037343,0.09339082815605292,-0.05892896222549028,0.30716308414623716,CAD_JPY,21,1.5,long,372
250,0.09150557012368879,0.062455426885110576,-0.030907066571127934,0.2139182068185055,108,-0.19706059718845104,0.0938213701963515,-0.3809504827733,-0.013170711603602087,CAD_JPY,21,1.5,short,358
179,0.06398912977077838,0.07419692911551272,-0.08143685129562654,0.20941511083718328,77,0.22956183294962706,0.11095728669682628,0.012085551023847563,0.44703811487540657,CAD_JPY,21,2.0,long,256
168,0.08155317203342183,0.07661264551830992,-0.06860761318246561,0.23171395724930927,72,-0.25,0.11490963994423042,-0.47522289429069164,-0.024777105709308384,CAD_JPY,21,2.0,short,240
137,0.12899118443853005,0.08475085822651625,-0.03712049768544179,0.2951028665625019,59,0.2542893224050234,0.12513323782342836,0.009028176271103805,0.49955046853894297,CAD_JPY,21,2.5,long,196
137,0.15328467153284672,0.08473591369457761,-0.012797719308525385,0.31936706237421886,59,-0.2175763143419629,0.1278189396942697,-0.4681014361427315,0.032948807458805685,CAD_JPY,21,2.5,short,196
102,0.13725490196078433,0.09856199194575063,-0.0559266022528869,0.3304364061744556,44,0.1979981440880306,0.14641564708158886,-0.08897652419188354,0.48497281236794476,CAD_JPY,21,3.0,long,146
102,0.17647058823529413,0.09794209905452726,-0.015495925911579306,0.36843710238216754,45,-0.19637783435946246,0.14730779608665637,-0.48510111468930894,0.092345445970384,CAD_JPY,21,3.0,short,147
251,-0.13671160666202944,0.060680977428082455,-0.25564632242107105,-0.01777689090298784,109,-0.23198979011339285,0.09028538723097104,-0.4089491490860961,-0.05503043114068962,CAD_CHF,7,1.5,long,360
239,0.10446743994699628,0.062931264470057,-0.018877838414315423,0.227812718308308,103,0.09035237746771585,0.09283805269193883,-0.09161020580848425,0.2723149607439159,CAD_CHF,7,1.5,short,342
182,-0.05508940265127258,0.07257143666282104,-0.1973294185104018,0.08715061320785666,79,-0.09601591676580612,0.10887405208040682,-0.3094090588434035,0.11737722531179123,CAD_CHF,7,2.0,long,261
181,0.10256954896214653,0.07206449729110483,-0.03867686572841893,0.24381596365271196,78,0.010482688350493517,0.10860295267382765,-0.20237909889020866,0.2233444755911957,CAD_CHF,7,2.0,short,259
127,0.0019700132686866494,0.08701779073569295,-0.16858485657327152,0.17252488311064482,55,-0.19601959221015602,0.12669598873969537,-0.444343730139959,0.052304545719646905,CAD_CHF,7,2.5,long,182
132,0.09963314673552087,0.0845911598408594,-0.06616552655256355,0.2654318200236053,57,0.1116116484183722,0.12728758944163704,-0.13787202688723638,0.3610953237239808,CAD_CHF,7,2.5,short,189
104,-0.02341455296767334,0.09692787333915709,-0.21339318471242122,0.16656407877707455,45,-0.18518296721954733,0.14125350709033516,-0.46203984111660423,0.09167390667750955,CAD_CHF,7,3.0,long,149
104,0.08863582979618444,0.09430201086544812,-0.09619611150009387,0.27346777109246273,45,-0.012925227074829,0.1466024946277719,-0.3002661165452619,0.2744156623956039,CAD_CHF,7,3.0,short,149
253,-0.16403146563595425,0.06052323347945286,-0.2826570032556819,-0.04540592801622664,109,-0.23198979011339285,0.09028538723097104,-0.4089491490860961,-0.05503043114068962,CAD_CHF,10,1.5,long,362
247,0.08339025477286562,0.06200300094252668,-0.03813562707448667,0.2049161366202179,106,0.05853032558273703,0.09094823731319027,-0.11972821955111589,0.23678887071658994,CAD_CHF,10,1.5,short,353
182,-0.02843050216473989,0.07321623671253312,-0.1719343261213048,0.11507332179182503,78,-0.20162033243388833,0.10840414519339849,-0.4140924570129494,0.010851792145172706,CAD_CHF,10,2.0,long,260
180,0.15916130834157016,0.07197483550202576,0.018090630757599674,0.3002319859255407,78,-0.0002978542833217526,0.10784962808435673,-0.21168312532866093,0.21108741676201745,CAD_CHF,10,2.0,short,258
127,-0.029526049723439342,0.08697820276612797,-0.20000332714505015,0.14095122769817148,55,-0.21342528146709824,0.12468802402222914,-0.45781380855066733,0.030963245616470875,CAD_CHF,10,2.5,long,182
137,0.11695805111814163,0.083201588550405,-0.04611706244065218,0.28003316467693545,59,0.10782820270927486,0.1253181457890821,-0.13779536303732604,0.3534517684558758,CAD_CHF,10,2.5,short,196
104,0.034277754724634346,0.09689648052948235,-0.15563934711315106,0.22419485656241975,45,-0.22345738547408125,0.13912428506414712,-0.49614098419980956,0.04922621325164708,CAD_CHF,10,3.0,long,149
102,0.009965543751667938,0.09646008029375035,-0.17909621362408273,0.19902730112741862,45,-0.07912176983464497,0.14489009043778497,-0.3631063470927035,0.20486280742341356,CAD_CHF,10,3.0,short,147
254,-0.15944451125133294,0.060458287338537024,-0.2779427544348655,-0.04094626806780037,109,-0.16980231975712587,0.09111547549627128,-0.3483886517298176,0.008784012215565823,CAD_CHF,14,1.5,long,363
249,0.09175504206266116,0.06153664237825102,-0.028856776998710837,0.21236686112403316,107,0.028428846425043314,0.09150386339050533,-0.15091872582034713,0.20777641867043375,CAD_CHF,14,1.5,short,356
182,-0.022560808876769634,0.07302092910729853,-0.16568182992707475,0.12056021217353548,78,-0.1792280624539527,0.10896926579468856,-0.3928078234115423,0.03435169850363687,CAD_CHF,14,2.0,long,260
178,0.14106517222379858,0.07268508382515229,-0.0013975920734999037,0.2835279365210971,77,-0.014384128403789095,0.10840467652200678,-0.22685729438692237,0.1980890375793442,CAD_CHF,14,2.0,short,255
123,-0.03794096396942698,0.08867094044399136,-0.21173600723965005,0.1358540793007961,53,-0.15895488535513583,0.12953328999366198,-0.41284013374271333,0.09493036303244165,CAD_CHF,14,2.5,long,176
129,0.13900824232151723,0.08538137258123277,-0.028339247937698986,0.30635573258073345,56,0.038213541687436466,0.13030463924790098,-0.21718355123844946,0.2936106346133224,CAD_CHF,14,2.5,short,185
98,0.03637639276899971,0.09974020254121226,-0.1591144042117763,0.23186718974977572,43,-0.21660401158369907,0.1437528336133902,-0.49835956546594384,0.0651515422985457,CAD_CHF,14,3.0,long,141
100,-0.004947256540410603,0.09773374308655783,-0.19650539299006395,0.18661087990924272,43,-0.05357494547848689,0.15094909928570635,-0.34943518007847135,0.24228528912149755,CAD_CHF,14,3.0,short,143
254,-0.15282507624528016,0.060746290832701305,-0.27188780627737474,-0.03376234621318561,109,-0.15095265849829148,0.09141057937143607,-0.33011739406630614,0.0282120770697232,CAD_CHF,21,1.5,long,363
250,0.05128903546929743,0.0617432809343426,-0.06972779516201406,0.17230586610060894,108,0.03631594202234118,0.0910362848686714,-0.14211517632025475,0.2147470603649371,CAD_CHF,21,1.5,short,358
182,-0.06184468355719156,0.07270926088781995,-0.20435483489731865,0.08066546778293554,78,-0.2048690880949783,0.10838079354201194,-0.4172954434373217,0.007557267247365079,CAD_CHF,21,2.0,long,260
176,0.1513584843716739,0.07280119320168077,0.008668145696379609,0.2940488230469682,76,-0.00793448559222711,0.11050274332426517,-0.22451986250778685,0.20865089132333262,CAD_CHF,21,2.0,short,252
117,-0.013435329450602697,0.09060086005614268,-0.19101301516064234,0.16414235625943696,51,-0.1628697759086991,0.13167795494207957,-0.4209585675951751,0.09521901577777686,CAD_CHF,21,2.5,long,168
129,0.1679111762368142,0.08477797726621218,0.0017463407950383258,0.3340760116785901,56,0.10964211311600791,0.12956573111209635,-0.14430671986370092,0.36359094609571674,CAD_CHF,21,2.5,short,185
99,0.04610996455921185,0.09920624246442127,-0.14833427067105384,0.24055419978947754,43,-0.2914642257293027,0.1385257280692736,-0.562974652745079,-0.019953798713526427,CAD_CHF,21,3.0,long,142
100,0.01905988423339333,0.09692071383441046,-0.17090471488205117,0.20902448334883783,44,0.03880505162136498,0.14758116381331698,-0.2504540294527363,0.3280641326954663,CAD_CHF,21,3.0,short,144
255,0.04633065536737363,0.05950451539709814,-0.07029819481093873,0.162959505545686,110,0.15073427281178367,0.0928470671570253,-0.031245978815985925,0.3327145244395533,USD_JPY,7,1.5,long,365
235,-0.06060112610008122,0.06293906610493695,-0.18396169566575765,0.0627594434655952,102,0.0029842278219181844,0.09769874994541342,-0.1885053220710921,0.19447377771492846,USD_JPY,7,1.5,short,337
165,0.030357453069315046,0.07555745685500145,-0.1177351623664878,0.1784500685051179,71,0.18259584078671726,0.11583580870099126,-0.044442344267225625,0.4096340258406601,USD_JPY,7,2.0,long,236
168,0.04379174100419921,0.07499363315870834,-0.10319577998686913,0.19077926199526757,73,-0.06561880875919945,0.11591032364324974,-0.29280304309996896,0.16156542558157003,USD_JPY,7,2.0,short,241
126,-0.020902200030233093,0.08610545718573535,-0.1896688961142744,0.1478644960538082,55,0.27207826719739864,0.12842335931200732,0.020368482945864297,0.523788051448933,USD_JPY,7,2.5,long,181
124,0.10626629526805006,0.08719214275119291,-0.06463030452428803,0.27716289506038816,54,-0.0030292785070315537,0.13452200062649805,-0.2666923997349677,0.2606338427209046,USD_JPY,7,2.5,short,178
91,0.029273137507048835,0.09885901957290731,-0.1644905408558495,0.22303681586994714,40,0.39910761739642314,0.14251155453682102,0.11978497050425396,0.6784302642885923,USD_JPY,7,3.0,long,131
98,0.049642959964662725,0.09927857325305296,-0.14494304361132107,0.24422896354064652,42,-0.1509739563571177,0.1507966159573506,-0.4465353236335249,0.1445874109192895,USD_JPY,7,3.0,short,140
260,0.004682312083423394,0.05898892592867882,-0.11093598273678709,0.12030060690363387,112,0.154179922550194,0.09159293306402869,-0.02534222625530222,0.3337020713556902,USD_JPY,10,1.5,long,372
235,-0.018787532206743354,0.06315985606699714,-0.14258085009805777,0.10500578568457104,101,-0.021238361684249064,0.09774204847421912,-0.21281277669371854,0.17033605332522042,USD_JPY,10,1.5,short,336
165,-0.04745403364089138,0.07537514285374379,-0.1951893136342292,0.10028124635244645,71,0.15442682670221022,0.1164197465262278,-0.07375587648919626,0.38260952989361674,USD_JPY,10,2.0,long,236
171,0.013832330867316977,0.07434263556086398,-0.13187923483197644,0.1595438965666104,74,-0.024191527559750833,0.1153576012616833,-0.2502924260326501,0.20190937091314842,USD_JPY,10,2.0,short,245
125,0.06385503182594984,0.08615512589067227,-0.1050090149197678,0.2327190785716675,54,0.22156119807142455,0.13138452279996038,-0.035952466616497814,0.4790748627593469,USD_JPY,10,2.5,long,179
120,0.07529334602512512,0.08881851325712516,-0.09879093995884018,0.2493776320090904,52,0.035315749242698,0.1369332219706729,-0.23307336581982088,0.30370486430521687,USD_JPY,10,2.5,short,172
100,0.041501593827040176,0.09424085869439451,-0.14321048921397306,0.22621367686805344,44,0.3173705612694756,0.14101434063120785,0.040982453632308236,0.593758668906643,USD_JPY,10,3.0,long,144
95,0.04029840491344962,0.09979778486822985,-0.1553052534282809,0.2359020632551801,41,-0.08148551626826692,0.15389793261316098,-0.38312546419006244,0.22015443165352858,USD_JPY,10,3.0,short,136
263,0.0049740253232363855,0.0588997890330612,-0.11046956118156356,0.12041761182803634,114,0.16552655928936952,0.0908928406608746,-0.01262340840594467,0.3436765269846837,USD_JPY,14,1.5,long,377
231,-0.029217573179006924,0.0640322367011384,-0.15472075711323818,0.09628561075522435,100,-0.05695608762164345,0.09847810093630012,-0.24997316545679168,0.1360609902135048,USD_JPY,14,1.5,short,331
168,-0.07227447500248343,0.07440294667985918,-0.21810425049500742,0.07355530049004055,73,0.15019595473776612,0.11491473971489313,-0.07503693510342441,0.37542884457895664,USD_JPY,14,2.0,long,241
172,0.05207545831200745,0.07388946795264276,-0.09274789887517236,0.19689881549918725,75,-0.03720230719228748,0.1145503958569908,-0.26172108307198944,0.18731646868741447,USD_JPY,14,2.0,short,247
125,0.03580482771647751,0.08636666906363842,-0.1334738436482538,0.2050834990812088,54,0.11045008696031344,0.13400721346707137,-0.15220405143514643,0.3731042253557733,USD_JPY,14,2.5,long,179
120,0.10483338674451913,0.0885317762630719,-0.0686888947311018,0.2783556682201401,52,-0.0031457892188404596,0.13702177996313192,-0.271708477946579,0.2654168995088981,USD_JPY,14,2.5,short,172
100,0.021501593827040182,0.09430836317185569,-0.16334279798979698,0.20634598564387732,44,0.3628251067240211,0.13844140045087164,0.09147996184031265,0.6341702516077294,USD_JPY,14,3.0,long,144
96,0.041153040137392766,0.09877290626370044,-0.1524418561394601,0.23474793641424563,42,-0.00811681349997484,0.15262353234055645,-0.3072589368874655,0.2910253098875158,USD_JPY,14,3.0,short,138
263,0.0068070457734172325,0.05900212155083539,-0.10883711246622013,0.1224512040130546,114,0.23178680720016298,0.08930119408547223,0.056756466792637406,0.40681714760768856,USD_JPY,21,1.5,long,377
232,-0.034059424081620666,0.06383677414063109,-0.1591795013972576,0.09106065323401627,100,0.06661785604032838,0.09871765355442183,-0.1268687449263384,0.26010445700699514,USD_JPY,21,1.5,short,332
167,-0.03035104859237465,0.07477781781160336,-0.17691557150311724,0.11621347431836794,72,0.19527547684496074,0.1147249752837938,-0.029585474711275095,0.4201364284011966,USD_JPY,21,2.0,long,239
168,0.013565302026292855,0.0747673804789834,-0.1329787637125146,0.16010936776510032,72,-0.08041906999196614,0.11656947054000101,-0.30889523225036813,0.14805709226643582,USD_JPY,21,2.0,short,240
127,0.0509871506761661,0.08567128657027404,-0.116928571001571,0.2189028723539032,55,0.053896449015580467,0.13345272113163303,-0.2076708844024203,0.3154637824335812,USD_JPY,21,2.5,long,182
123,0.09216778602088466,0.08745490016188963,-0.07924381829641902,0.26357939033818834,53,-0.02195435923357932,0.13572118893091203,-0.2879678895381669,0.24405917107100825,USD_JPY,21,2.5,short,176
102,0.07718175598459973,0.09295287163974776,-0.1050058724293059,0.2593693843985053,44,0.2264614703603847,0.14503377144329618,-0.057804721668475806,0.5107276623892452,USD_JPY,21,3.0,long,146
100,-0.008460906903388282,0.09649003463898911,-0.19758137479580692,0.18065956098903038,44,0.03770667802275129,0.14908526114849288,-0.25450043382829474,0.3299137898737973,USD_JPY,21,3.0,short,144
235,0.01692540480534797,0.06353892570057468,-0.1076108895677784,0.14146169917847434,102,-0.030177277892724726,0.08395626826612049,-0.19473156369432087,0.13437700790887142,EUR_GBP,7,1.5,long,337
237,-0.058090561268118984,0.06253795566229793,-0.18066495436622293,0.06448383182998496,102,0.05034437308276914,0.08216234612689577,-0.11069382532594656,0.21138257149148482,EUR_GBP,7,1.5,short,339
166,0.09389244538162478,0.0744632947772571,-0.05205561238179915,0.2398405031450487,72,0.09288321908701531,0.09555133749676759,-0.09439740240664914,0.2801638405806798,EUR_GBP,7,2.0,long,238
169,-0.06334381986639885,0.07328750536421925,-0.20698733038026856,0.08029969064747088,73,-0.004927754424866803,0.10081302424228904,-0.20252128193975333,0.1926657730900197,EUR_GBP,7,2.0,short,242
115,0.06936141356272808,0.0906619716998331,-0.10833605096894479,0.24705887809440097,50,-0.11392109503471538,0.11584163930419068,-0.3409707080709291,0.11312851800149835,EUR_GBP,7,2.5,long,165
121,-0.0661424452886978,0.08677104608572404,-0.2362136956167169,0.10392880503932132,52,0.040941108058037926,0.11708267945070107,-0.1885409436653362,0.270423159781412,EUR_GBP,7,2.5,short,173
95,0.08036261203045952,0.10036743823374171,-0.11635756690767424,0.2770827909685933,41,-0.006984812104133852,0.12776870145317354,-0.257411466952354,0.24344184274408628,EUR_GBP,7,3.0,long,136
92,-0.24617964004103926,0.09854830949592512,-0.4393343266530525,-0.05302495342902602,40,-0.010146198798015326,0.13603050893279026,-0.27676599630628423,0.2564735987102536,EUR_GBP,7,3.0,short,132
236,0.017459094726550183,0.06354991940840941,-0.10709874731393226,0.14201693676703264,102,-0.022552591525316384,0.08342263495489091,-0.18606095603690256,0.1409557729862698,EUR_GBP,10,1.5,long,338
239,-0.05199040735415344,0.06208093043447783,-0.17366903100572997,0.06968821629742311,103,0.028099009877728266,0.08204470255443358,-0.13270860712896154,0.18890662688441806,EUR_GBP,10,1.5,short,342
163,0.11621750978075349,0.07474869974564627,-0.030289941720713198,0.26272496128222017,71,0.05517850883750026,0.0993770811979886,-0.13960057031055742,0.24995758798555792,EUR_GBP,10,2.0,long,234
168,-0.0559078379708621,0.07398269268745125,-0.20091391563826655,0.08909823969654235,72,0.1087751916043611,0.10214528978573988,-0.09142957637568906,0.30897995958441127,EUR_GBP,10,2.0,short,240
116,0.05486015806533279,0.08982974122230732,-0.12120613473038955,0.23092645086105512,51,-0.03187086896832691,0.11793876207404426,-0.26303084263345367,0.19928910469679983,EUR_GBP,10,2.5,long,167
125,-0.055733242920582036,0.08541421514108379,-0.22314510459710626,0.11167861875594218,54,-0.05707594391769327,0.11584743629073097,-0.28413691904752597,0.16998503121213943,EUR_GBP,10,2.5,short,179
91,0.10385007847400138,0.10231421903409972,-0.09668579083283407,0.30438594778083683,40,-0.005726244076852372,0.1296599544230809,-0.2598597547460909,0.24840726659238618,EUR_GBP,10,3.0,long,131
91,-0.19285023490541572,0.10034198067546546,-0.389520517029328,0.003820047218496575,40,-0.05659227685467035,0.13477665221848428,-0.32075451520289955,0.20756996149355886,EUR_GBP,10,3.0,short,131
241,0.006948988835349739,0.06295629680999806,-0.11644535291224646,0.13034333058294595,104,-0.008869338274332672,0.0824268463592577,-0.17042595713847777,0.15268728058981243,EUR_GBP,14,1.5,long,345
233,-0.007430138008921314,0.06263953690423653,-0.13020363034122492,0.11534335432338229,101,-0.020245608339357027,0.0826456971580198,-0.1822311747690758,0.14173995809036177,EUR_GBP,14,1.5,short,334
161,0.12923202968569253,0.07458500452626932,-0.01695457918579532,0.2754186385571804,69,0.009885851896958092,0.09924824319712483,-0.18464070476940658,0.20441240856332277,EUR_GBP,14,2.0,long,230
170,-0.07452341380623409,0.0732555820128666,-0.2181043545514526,0.06905752693898443,73,0.07977270812704264,0.10197094387853688,-0.12009034187488964,0.2796357581289749,EUR_GBP,14,2.0,short,243
115,0.018847248276221612,0.09072774579952604,-0.15897913349084944,0.19667363004329266,50,-0.03701795743606935,0.11705886182890625,-0.2664533266207256,0.1924174117485869,EUR_GBP,14,2.5,long,165
124,-0.11547037775171551,0.08625941043358723,-0.28453882220154647,0.053598066698115454,54,0.03247621911393659,0.11930975472891245,-0.2013709001547318,0.26632333838260497,EUR_GBP,14,2.5,short,178
92,0.07389664664406444,0.1019380341463339,-0.12590190028275,0.2736951935708789,40,0.008431379598884325,0.12502901748357292,-0.2366254946689186,0.2534882538666873,EUR_GBP,14,3.0,long,132
88,-0.17015558388905497,0.1032102508335661,-0.3724476755228445,0.03213650774473456,39,0.004959171616650171,0.13415676397066487,-0.25798808576585297,0.2679064289991533,EUR_GBP,14,3.0,short,127
237,0.015653924952230086,0.06351996646499636,-0.10884520931916278,0.14015305922362295,102,0.036064334626679864,0.0838317044303293,-0.12824580605676555,0.2003744753101253,EUR_GBP,21,1.5,long,339
233,-0.029352568165287488,0.06294146525904316,-0.1527178400730121,0.09401270374243711,101,0.01062953684471309,0.08315717385783931,-0.15235852391665194,0.17361759760607814,EUR_GBP,21,1.5,short,334
158,0.13214440101472538,0.07544945707437069,-0.01573653485104115,0.2800253368804919,69,0.06671200679608036,0.09794733556010954,-0.12526477090173432,0.25868878449389504,EUR_GBP,21,2.0,long,227
168,-0.05196781777715734,0.07380991232504171,-0.1966352459342391,0.09269961037992441,73,0.07363388835493066,0.1022875762453905,-0.12684976108603474,0.27411753779589604,EUR_GBP,21,2.0,short,241
112,-0.005208533223726013,0.09170006893997842,-0.18494066834608372,0.17452360189863167,49,0.01098611972721643,0.1153562613687866,-0.21511215255560528,0.23708439201003817,EUR_GBP,21,2.5,long,161
121,-0.1383799116960223,0.08744042822990793,-0.3097631510266418,0.033003327634597235,53,-0.06484014048930475,0.12025886987300666,-0.3005475254403978,0.1708672444617883,EUR_GBP,21,2.5,short,174
90,0.09776101656948809,0.10279412637369716,-0.10371547112295833,0.2992375042619345,39,-0.02959334865243239,0.12801708278819776,-0.2805068309173,0.2213201336124352,EUR_GBP,21,3.0,long,129
87,-0.11464013083030847,0.10466204858811133,-0.3197777460630067,0.09049748440238975,38,0.08953906756608694,0.13426871208988211,-0.173627608130082,0.35270574326225584,EUR_GBP,21,3.0,short,125
253,0.04215084513694635,0.06169495912292132,-0.07877127474397944,0.16307296501787213,109,0.25397053080850357,0.09049790935262217,0.07659462847736412,0.43134643313964305,EUR_JPY,7,1.5,long,362
231,-0.013568674372858549,0.0651813732500616,-0.14132416594297928,0.11418681719726217,100,-0.24552723041735047,0.09441442231497439,-0.4305794981547003,-0.06047496268000066,EUR_JPY,7,1.5,short,331
181,0.0826779555652432,0.07237736929448607,-0.05918168825194951,0.2245375993824359,78,0.24537855109198878,0.10645575360815912,0.036725274019996895,0.4540318281639807,EUR_JPY,7,2.0,long,259
155,0.04559761774678282,0.07917344529421984,-0.10958233502988805,0.20077757052345369,67,-0.29663976393805497,0.11420487385411815,-0.5204813166921265,-0.07279821118398339,EUR_JPY,7,2.0,short,222
136,0.07819861075571147,0.08388273201139035,-0.08621154398661363,0.24260876549803656,59,0.17137444877529007,0.12188795339974859,-0.06752593988821717,0.41027483743879734,EUR_JPY,7,2.5,long,195
115,0.057453017558423344,0.0921407487001897,-0.12314284989394848,0.23804888501079519,50,-0.07308526199231737,0.14165348267543393,-0.35072608803616784,0.20455556405153313,EUR_JPY,7,2.5,short,165
97,-0.019868806744771223,0.09835827484671267,-0.21265102544432807,0.1729134119547856,42,0.21027752551335027,0.14690858354242717,-0.077663298229807,0.49821834925650754,EUR_JPY,7,3.0,long,139
87,0.06358431466683738,0.10663774442479616,-0.1454256644057631,0.27259429373943783,38,-0.0961648184109439,0.16238936195554501,-0.4144479678438121,0.22211833102192433,EUR_JPY,7,3.0,short,125
251,0.024594397825400276,0.0617759050267026,-0.09648637602693681,0.14567517167773736,109,0.19183709693817505,0.09206923001329785,0.011381406112111275,0.3722927877642388,EUR_JPY,10,1.5,long,360
231,-0.013568674372858597,0.0651813732500616,-0.14132416594297934,0.11418681719726213,100,-0.2527326425982691,0.09558864630388782,-0.4400863893538892,-0.065378895842649,EUR_JPY,10,1.5,short,331
178,0.1017040130930949,0.073199719267569,-0.041767436671340336,0.24517546285753014,77,0.31068182511420733,0.10473622356245674,0.10539882693179214,0.5159648232966225,EUR_JPY,10,2.0,long,255
157,0.04112147552132463,0.07880450237191,-0.11333534912761896,0.19557830017026823,68,-0.24815976740955417,0.11512396203984543,-0.4738027330076512,-0.022516801811457127,EUR_JPY,10,2.0,short,225
135,0.0683319495046304,0.0839253354475513,-0.09616170797257015,0.23282560698183094,59,0.15471001156054223,0.12346054992719639,-0.0872726662967627,0.3966926894178472,EUR_JPY,10,2.5,long,194
113,0.10386236484879911,0.09298331858733001,-0.07838493958236771,0.28610966927996595,49,-0.09498496121665036,0.1428362710995647,-0.37494405257179714,0.18497413013849645,EUR_JPY,10,2.5,short,162
104,-0.06404494303960971,0.09589381304898964,-0.2519968166156294,0.12390693053640998,45,0.1028735954952197,0.14552712688422512,-0.18235957319786156,0.3881067641883009,EUR_JPY,10,3.0,long,149
88,0.1437827648797586,0.10527014667449842,-0.0625467226022583,0.3501122523617755,39,-0.17062213075938124,0.15863089941818392,-0.4815386936190217,0.14029443210025924,EUR_JPY,10,3.0,short,127
244,0.017839383532854164,0.062494387746210134,-0.1046496164497177,0.14032838351542604,105,0.20005472690004117,0.09357001434451931,0.016657498784783314,0.38345195501529905,EUR_JPY,14,1.5,long,349
228,0.03585684101798015,0.06552693873511262,-0.0925759589028406,0.16428964093880088,98,-0.25789045163088686,0.09639396609255453,-0.44682262517229376,-0.06895827808947999,EUR_JPY,14,1.5,short,326
175,0.10433891969278587,0.073996206037156,-0.040693644140039884,0.24937148352561161,76,0.28147196839070726,0.10589357587703273,0.07392055967172312,0.4890233771096914,EUR_JPY,14,2.0,long,251
158,0.07079844846564134,0.07846709731905092,-0.08299706227969847,0.22459395921098116,68,-0.30698329682131886,0.11298730679130703,-0.5284384181322807,-0.0855281755103571,EUR_JPY,14,2.0,short,226
133,0.08857028034081627,0.08458938823478018,-0.0772249205993529,0.25436548128098546,58,0.1895323288381776,0.12477481462276001,-0.05502630782243201,0.43409096549878723,EUR_JPY,14,2.5,long,191
114,0.08162117870603486,0.0924356426621248,-0.09955268091172975,0.26279503832379947,49,-0.08101110507840571,0.14167049592468528,-0.35868527709078885,0.19666306693397745,EUR_JPY,14,2.5,short,163
107,-0.05965378862319173,0.09419140533295921,-0.24426894307579178,0.12496136582940831,47,0.11597783283509872,0.143861378500119,-0.16599046902513453,0.39794613469533197,EUR_JPY,14,3.0,long,154
91,0.1019364748254504,0.10380738426735084,-0.10152599833855724,0.30539894798945805,40,-0.1913565774903967,0.1559983699240226,-0.497113382541481,0.11440022756068763,EUR_JPY,14,3.0,short,131
244,0.036626331594631155,0.06260144122771222,-0.08607249321168478,0.1593251564009471,106,0.18873345589155022,0.09337196326649186,0.00572440788922618,0.37174250389387425,EUR_JPY,21,1.5,long,350
224,0.043282207449714435,0.06596688587646062,-0.08601288886814835,0.17257730376757724,96,-0.263263169373197,0.09721564094807501,-0.453805825631424,-0.07272051311496996,EUR_JPY,21,1.5,short,320
175,0.10551192467894503,0.07395724351451798,-0.03944427260951021,0.25046812196740026,75,0.2718915946359167,0.10687493351706479,0.06241672494246975,0.4813664643293637,EUR_JPY,21,2.0,long,250
160,0.05580297083587349,0.07797608178892981,-0.09703014947042896,0.20863609114217593,69,-0.2590560026644882,0.11396532098029649,-0.48242803178586935,-0.03568397354310707,EUR_JPY,21,2.0,short,229
138,0.07205179961556403,0.08289455285850186,-0.09042152398709961,0.23452512321822766,60,0.216547917876905,0.12205887610649868,-0.022687479291832402,0.4557833150456424,EUR_JPY,21,2.5,long,198
115,0.08466475850360258,0.09235338243897734,-0.09634787107679299,0.26567738808399816,50,-0.13939088297683763,0.13932193145354277,-0.4124618686257815,0.1336801026721062,EUR_JPY,21,2.5,short,165
112,-0.007903419514175006,0.09256658296558841,-0.18933392212672828,0.17352708309837828,49,0.14264018116154425,0.13991384214555944,-0.13159094944375221,0.4168713117668407,EUR_JPY,21,3.0,long,161
91,0.11309621868261399,0.10375877600187697,-0.09027098228106487,0.3164634196462929,39,-0.17062213075938124,0.15863089941818392,-0.4815386936190217,0.14029443210025924,EUR_JPY,21,3.0,short,130
247,0.1653400048717703,0.062300936934677136,0.04323016847980313,0.2874498412637375,107,0.07937328166911309,0.09526700219824101,-0.10735004263943929,0.2660966059776655,GBP_JPY,7,1.5,long,354
226,0.017699115044247787,0.06665622389300192,-0.11294708378603599,0.14834531387453156,98,-0.059984244732413365,0.09846555765016765,-0.25297673772674195,0.1330082482619152,GBP_JPY,7,1.5,short,324
171,0.01868208004162572,0.07624671196882508,-0.13076147541727146,0.1681256355005229,74,0.14716401444031024,0.11252888393647983,-0.07339259807519022,0.3677206269558107,GBP_JPY,7,2.0,long,245
153,0.12696197593636646,0.0802751963444611,-0.030377408898777297,0.28430136077151025,66,-0.03650749667580048,0.12043467621212019,-0.27255946205155607,0.1995444686999551,GBP_JPY,7,2.0,short,219
123,-0.013147055376235383,0.08968153899991137,-0.18892287181606168,0.1626287610635909,53,0.103271736486645,0.13524558258259736,-0.1618096053752458,0.3683530783485358,GBP_JPY,7,2.5,long,176
111,0.0990990990990991,0.09487692355495222,-0.08685967106860724,0.28505786926680543,48,-0.13873633457662712,0.1386997590419447,-0.4105878622988387,0.13311519314558448,GBP_JPY,7,2.5,short,159
101,-0.0004534005166466109,0.09950475200229582,-0.1954827144411464,0.19457591340785318,44,0.23415920873964238,0.14517517291319,-0.05038413017021001,0.5187025476494947,GBP_JPY,7,3.0,long,145
93,0.16129032258064516,0.10289216769119902,-0.04037832609410491,0.3629589712553952,40,-0.3822652028537279,0.14170670510408445,-0.6600103448577335,-0.10452006084972237,GBP_JPY,7,3.0,short,133
251,0.17864135937580583,0.061661491700500566,0.05778483564282472,0.29949788310878694,108,0.06937908461662129,0.09490845737112506,-0.11664149183078382,0.2553996610640264,GBP_JPY,10,1.5,long,359
229,0.014957128027354012,0.06612230606590055,-0.11464259186181107,0.1445568479165191,99,-0.0694793533714799,0.0979272951252624,-0.2614168518169942,0.12245814507403441,GBP_JPY,10,1.5,short,328
172,0.024387416785569757,0.07601652718920067,-0.12460497650526355,0.17337981007640307,74,0.17419104146733727,0.11199898836247887,-0.045326975723121304,0.3937090586577958,GBP_JPY,10,2.0,long,246
151,0.10215352528651701,0.08104033242590675,-0.05668552626826022,0.26099257684129423,66,-0.06444984645885365,0.1201451637757214,-0.2999343674592676,0.1710346745415603,GBP_JPY,10,2.0,short,217
122,-0.026851819780632138,0.09035105726362762,-0.20393989201734228,0.150236252456078,53,0.10690202003965957,0.1348120643962371,-0.15732962617696514,0.3711336662562843,GBP_JPY,10,2.5,long,175
110,0.11583947953235221,0.09472770374683422,-0.06982681981144284,0.30150577887614727,48,-0.2405263993518891,0.1373088867717438,-0.5096518174245069,0.02859901872072876,GBP_JPY,10,2.5,short,158
102,-0.010252876982169678,0.09901052630123602,-0.20431350853259228,0.18380775456825293,44,0.17494856240534243,0.14557809325986834,-0.11038450038399952,0.4602816251946844,GBP_JPY,10,3.0,long,146
89,0.23595505617977527,0.10359038716059425,0.03291789734501055,0.43899221501454,39,-0.36642584908074655,0.1444769336662077,-0.6496006390665137,-0.08325105909497943,GBP_JPY,10,3.0,short,128
249,0.16013980880763393,0.062235176353147716,0.038158863155464406,0.28212075445980345,108,0.05122824752257002,0.09502368146195739,-0.13501816814286646,0.2374746631880065,GBP_JPY,14,1.5,long,357
228,-0.015679024919894435,0.06626662848326795,-0.1455616167470996,0.11420356690731075,98,-0.08039240799771949,0.09831547038536229,-0.2730907299530296,0.1123059139575906,GBP_JPY,14,1.5,short,326
172,0.028217848192314984,0.07581089419145298,-0.12037150442293285,0.17680720080756282,75,0.10340041670095572,0.11243685646596968,-0.11697582197234487,0.3237766553742563,GBP_JPY,14,2.0,long,247
149,0.12751677852348994,0.0815284509780793,-0.032278985393545484,0.2873125424405254,65,-0.05005676717360526,0.12112933278675403,-0.28747025943564314,0.18735672508843265,GBP_JPY,14,2.0,short,214
125,-0.06620737610589697,0.0890983045316443,-0.2408400529879198,0.10842530077612586,54,0.10184132875955355,0.13568338128762056,-0.16409809856418273,0.3677807560832898,GBP_JPY,14,2.5,long,179
110,0.11583947953235221,0.09472770374683422,-0.06982681981144284,0.30150577887614727,48,-0.15719306601855576,0.13985316136410844,-0.4313052622922083,0.11691913025509676,GBP_JPY,14,2.5,short,158
96,0.00993965153977805,0.10205810423634093,-0.19009423276345017,0.20997353584300626,42,0.09209841893054731,0.1500596491496465,-0.20201849340275985,0.3862153312638545,GBP_JPY,14,3.0,long,138
90,0.2,0.1038581573778997,-0.0035619884606833963,0.4035619884606834,39,-0.3316772001201779,0.14866603033554654,-0.623062619577849,-0.04029178066250666,GBP_JPY,14,3.0,short,129
255,0.15637181330627786,0.061544271186326285,0.035745041781078346,0.2769985848314774,110,0.03211500665852329,0.09425307942584986,-0.15262102901614244,0.21685104233318903,GBP_JPY,21,1.5,long,365
230,0.019239923122887255,0.0659733500457879,-0.11006784296685704,0.14854768921263153,99,-0.12427665019657723,0.09780529352077089,-0.3159750254972882,0.0674217251041337,GBP_JPY,21,1.5,short,329
168,0.024968069566178554,0.07690994813250021,-0.12577542877352185,0.17571156790587897,72,-0.008022946893257048,0.11605298007221151,-0.23548678783479163,0.21944089404827752,GBP_JPY,21,2.0,long,240
153,0.1111111111111111,0.08060847223444575,-0.04688149446840256,0.2691037166906248,66,-0.09475287676188396,0.11983588775867196,-0.32963121676888096,0.14012546324511307,GBP_JPY,21,2.0,short,219
125,-0.03420737610589697,0.08924360680102177,-0.20912484543589963,0.1407100932241057,55,0.22726239550937982,0.13156501801029225,-0.030605039790792987,0.48512983080955263,GBP_JPY,21,2.5,long,180
111,0.17785894368070937,0.09341769691017632,-0.005239742263236202,0.36095762962465494,48,-0.15719306601855576,0.13985316136410844,-0.4313052622922083,0.11691913025509676,GBP_JPY,21,2.5,short,159
98,0.04081632653061214,0.10145000431823836,-0.15802568193313504,0.23965833499435935,42,0.09126970252390335,0.15010079530567788,-0.20292785627522528,0.385467261323032,GBP_JPY,21,3.0,long,140
92,0.18198198639737762,0.10253568620553165,-0.018987958565464425,0.38295193136021966,40,-0.2983852701171734,0.14867703840966198,-0.5897922654001109,-0.006978274834235965,GBP_JPY,21,3.0,short,132
256,0.11513212462647146,0.06151476982439156,-0.0054368242293359875,0.23570107348227892,110,0.039500337550808694,0.09237235376795488,-0.14154947583438288,0.22055015093600028,GBP_AUD,7,1.5,long,366
248,-0.011215454894358365,0.06299466496622742,-0.1346849982281641,0.11225408843944738,107,-0.1227489436921069,0.09283816211856095,-0.3047117414444864,0.059213854060272575,GBP_AUD,7,1.5,short,355
178,0.09123359826515637,0.07444283310874568,-0.05467435462798517,0.2371415511582979,77,0.016214171756675572,0.10946544024772582,-0.19833809112886702,0.2307664346422182,GBP_AUD,7,2.0,long,255
178,-0.015451974947923296,0.07453365347297472,-0.16153793575495376,0.13063398585910715,77,-0.09411830413271399,0.10987223921974329,-0.3094678930034108,0.12123128473798286,GBP_AUD,7,2.0,short,255
126,-0.03970832306366034,0.08833396262824487,-0.2128428898150203,0.13342624368769962,55,0.05051332416904563,0.1335358546688525,-0.2112169509819053,0.31224359931999657,GBP_AUD,7,2.5,long,181
134,-0.1781031056317686,0.0852422866109795,-0.3451779873892884,-0.01102822387424876,58,0.0360020430775742,0.13132075124496154,-0.22138662936255038,0.2933907155176988,GBP_AUD,7,2.5,short,192
97,-0.056553439370974005,0.09988953134850327,-0.2523369208140404,0.13923004207209239,42,-0.002086147801246872,0.15267896565110642,-0.30133692047741545,0.2971646248749217,GBP_AUD,7,3.0,long,139
100,-0.11079516148839483,0.09938130122935922,-0.3055825118979389,0.08399218892114924,44,0.11619776468170812,0.14885570360120812,-0.17555941437665978,0.407954943740076,GBP_AUD,7,3.0,short,144
251,0.09750527451942906,0.062233456459670544,-0.02447230014152521,0.21948284918038333,109,0.035510660729000436,0.09330470637138447,-0.1473665637589131,0.218387885216914,GBP_AUD,10,1.5,long,360
241,-0.05718436852199529,0.06378546678220484,-0.18220388341511679,0.0678351463711262,104,-0.08566993798800643,0.09494031691015763,-0.2717529591319154,0.10041308315590253,GBP_AUD,10,1.5,short,345
171,0.13590397948068908,0.07554893926287919,-0.01217194147455411,0.28397990043593224,74,0.08698548665522511,0.11009513118986118,-0.1288009704769028,0.302771943787353,GBP_AUD,10,2.0,long,245
180,-0.01230361195902742,0.07429034552192312,-0.15791268918199675,0.13330546526394188,78,-0.13137319766947408,0.10871199834720019,-0.3444487144299865,0.08170231909103828,GBP_AUD,10,2.0,short,258
117,-2.7766718129936154e-05,0.09168743095147754,-0.1797351313830259,0.17967959794676605,51,0.13290652606465708,0.13748438073038216,-0.13656286016689195,0.4023759122962061,GBP_AUD,10,2.5,long,168
133,-0.15688583574930068,0.08587801472736732,-0.3252067446149406,0.011435073116339262,58,-0.02917334798333974,0.1318002945241412,-0.2875019252506565,0.229155229283977,GBP_AUD,10,2.5,short,191
101,-0.05547804246483307,0.09895806266505416,-0.24943584528833923,0.1384797603586731,44,-0.0019913229011901956,0.1492428397527329,-0.29450728881654664,0.29052464301416625,GBP_AUD,10,3.0,long,145
98,-0.1320952275866987,0.09999260640391724,-0.3280807361383765,0.06389028096497909,42,0.0854080925405976,0.15288650787060556,-0.21424946288578928,0.3850656479669845,GBP_AUD,10,3.0,short,140
247,0.10144838431567807,0.06284127596936755,-0.021720516584282326,0.22461728521563845,107,0.011643196181201503,0.09377935937689048,-0.17216434819750384,0.19545074055990683,GBP_AUD,14,1.5,long,354
238,-0.05833093488355613,0.0642079636164456,-0.18417854357178948,0.06751667380467723,103,-0.11698412814690656,0.0950298355005602,-0.30324260572800454,0.06927434943419142,GBP_AUD,14,1.5,short,341
171,0.09259324005312634,0.0757438488895084,-0.05586470377031012,0.24105118387656282,74,0.04072033617586946,0.11114751671296515,-0.17712879658154224,0.25856946893328114,GBP_AUD,14,2.0,long,245
179,-0.017958939400139245,0.07448976581821305,-0.16395888040383683,0.12804100160355836,78,-0.08009114638742265,0.10935782541098259,-0.29443248419294854,0.1342501914181032,GBP_AUD,14,2.0,short,257
121,0.04192284594595739,0.08972228114755854,-0.13393282510325735,0.21777851699517212,53,0.12790219951952567,0.13242340064960448,-0.1316476657536991,0.3874520647927504,GBP_AUD,14,2.5,long,174
130,-0.08602266551605915,0.08732704088613938,-0.25718366565289236,0.08513833462077404,57,0.01701981681235861,0.13233600395361952,-0.24235875093673562,0.2763983845614528,GBP_AUD,14,2.5,short,187
102,-0.04513021851909942,0.09852797540442522,-0.23824505031177284,0.14798461327357398,45,-0.02416929350338597,0.14756475726889157,-0.31339621775041343,0.26505763074364147,GBP_AUD,14,3.0,long,147
100,-0.0986581615465699,0.09988695344060436,-0.29443659029015445,0.09712026719701464,44,0.0333789614985018,0.14949698680737664,-0.25963513264395643,0.32639305564096,GBP_AUD,14,3.0,short,144
248,0.07281351179827615,0.06287716753369098,-0.05042573656775816,0.19605276016431045,107,0.02362617076016227,0.09345893767363221,-0.15955334708015687,0.2068056886004814,GBP_AUD,21,1.5,long,355
244,-0.04264531228180345,0.06337459350713186,-0.16685951555578188,0.08156889099217499,105,-0.1158582780062229,0.09516242717623766,-0.3023766352716487,0.07066007925920291,GBP_AUD,21,1.5,short,349
170,0.051961435582850615,0.07619233436885219,-0.09737553978009968,0.20129841094580092,74,0.047482117509470526,0.11173967770726095,-0.17152765079676097,0.266491885815702,GBP_AUD,21,2.0,long,244
177,-0.04076073532556455,0.07485586645888558,-0.18747823358498025,0.10595676293385117,77,-0.06814427815868791,0.1101243132970553,-0.2839879322209163,0.1476993759035405,GBP_AUD,21,2.0,short,254
121,0.008864994706287961,0.08980021645295233,-0.1671434295414986,0.18487341895407453,52,0.04064047282465961,0.13390686929828613,-0.2218169909999812,0.3030979366493004,GBP_AUD,21,2.5,long,173
127,-0.11167674422903692,0.08812305765350843,-0.28439793722991347,0.06104444877183959,55,0.017638719241898918,0.1347154557792262,-0.24640357408538444,0.28168101256918227,GBP_AUD,21,2.5,short,182
102,-0.005914532244589619,0.09862850142355657,-0.1992263950347605,0.18739733054558125,44,0.04346322255335527,0.14909589531596304,-0.24876473226593226,0.3356911773726428,GBP_AUD,21,3.0,long,146
102,-0.0771158446534999,0.09908485279049971,-0.2713221561228793,0.11709046681587952,44,-0.24634707979618697,0.14573722583536114,-0.5319920424334947,0.039297882841120846,GBP_AUD,21,3.0,short,146
244,-0.09204208816541307,0.06304853113593334,-0.2156172091918424,0.031533032861016275,105,0.18123354311576953,0.0904750189255702,0.003902506021651958,0.35856458020988713,GBP_CAD,7,1.5,long,349
240,-0.07369355566268117,0.06334315385499148,-0.19784613721846445,0.050459025893102125,104,-0.09318123299662619,0.09207285638649365,-0.27364403151415373,0.08728156552090137,GBP_CAD,7,1.5,short,344
164,0.02179875201059665,0.07684253413703875,-0.1288126148979993,0.17241011891919258,71,0.15544794213089774,0.1121508279738729,-0.06436768069789311,0.3752635649596886,GBP_CAD,7,2.0,long,235
179,-0.015605286924197517,0.07414197370091088,-0.16092355537798286,0.12971298152958782,78,-0.1573476090914548,0.10572570381648616,-0.3645699885717677,0.0498747703888581,GBP_CAD,7,2.0,short,257
131,-0.04550588599492119,0.08615836392327882,-0.21437627928454767,0.12336450729470527,57,0.12379386329230159,0.1288899357349038,-0.12883041074810986,0.376418137332713,GBP_CAD,7,2.5,long,188
130,-0.014246257608405283,0.08646932149323129,-0.1837261277351386,0.15523361251832804,57,0.0027679544681539817,0.12932296284549402,-0.2507050527090143,0.25624096164532223,GBP_CAD,7,2.5,short,187
95,-0.11797204150462076,0.10047713737029457,-0.3149072307503981,0.07896314774115659,42,0.18660871524095166,0.14552148962149725,-0.09861340441718294,0.4718308348990863,GBP_CAD,7,3.0,long,137
100,-0.06706182171656266,0.09929264903801709,-0.2616754138310762,0.12755177039795082,44,-0.09590674841097938,0.14696907707892146,-0.3839661394856654,0.19215264266370666,GBP_CAD,7,3.0,short,144
237,-0.07609747291336291,0.06380386771212003,-0.20115305362911817,0.04895810780239235,102,0.17700425889328827,0.09171271318321579,-0.0027526589458146677,0.3567611767323912,GBP_CAD,10,1.5,long,339
240,-0.059960410274352456,0.06352906227617428,-0.18447737233565403,0.06455655178694913,104,-0.028075772518759427,0.09296511596295398,-0.21028739980614922,0.15413585476863037,GBP_CAD,10,1.5,short,344
162,-0.021186125220214146,0.07754861538488596,-0.17318141137459062,0.1308091609341623,70,0.22909719844705342,0.11104003758062887,0.011458724789020824,0.446735672105086,GBP_CAD,10,2.0,long,232
178,0.004495741616602352,0.07417666441853779,-0.14089052064373173,0.14988200387693643,77,-0.1339035203119964,0.10754494400424315,-0.34469161056031294,0.07688456993632017,GBP_CAD,10,2.0,short,255
125,-0.03719725939508368,0.08845943425181076,-0.21057775052863276,0.13618323173846542,55,0.13798222704103244,0.13146677917419017,-0.1196926601403803,0.3956571142224452,GBP_CAD,10,2.5,long,180
130,-0.0038807946856864216,0.08678035060972199,-0.1739702818807415,0.16620869250936868,56,-0.04620057196564433,0.13369237537317286,-0.3082376276970631,0.21583648376577444,GBP_CAD,10,2.5,short,186
92,-0.10300448480962658,0.10284897976446468,-0.3045884851479774,0.0985795155287242,40,0.1332458997689321,0.15186023732280193,-0.16440016538375965,0.43089196492162385,GBP_CAD,10,3.0,long,132
95,-0.0874747434896551,0.10121550411109079,-0.28585713154739306,0.11090764456808284,41,0.01902690414431478,0.1527330339526736,-0.28032984240292547,0.31838365069155505,GBP_CAD,10,3.0,short,136
228,-0.05717149596696058,0.0650970614004274,-0.1847617363117983,0.07041874437787712,99,0.1825515890457017,0.0933427135246136,-0.00040012946254094905,0.36550330755394433,GBP_CAD,14,1.5,long,327
233,-0.06557700414994655,0.06436883285225373,-0.19173991654036385,0.06058590824047075,101,-0.030273142018043358,0.09365355120712457,-0.2138341023840075,0.1532878183479208,GBP_CAD,14,1.5,short,334
163,-0.045274094868085965,0.0770078189208821,-0.19620941995301489,0.10566123021684294,70,0.17668695273355425,0.11292725909548264,-0.04465047509359171,0.3980243805607002,GBP_CAD,14,2.0,long,233
173,-0.01751964202850073,0.07498949534683338,-0.16449905290829417,0.1294597688512927,75,-0.06789900439640106,0.10885660721154176,-0.2812579545310229,0.1454599457382208,GBP_CAD,14,2.0,short,248
129,-0.03636754696481637,0.08710028162254173,-0.20708409894499816,0.13434900501536542,56,0.14088087623038067,0.12913035210774887,-0.11221461390080709,0.3939763663615684,GBP_CAD,14,2.5,long,185
127,0.02623882576789396,0.0880924175040826,-0.14642231254010793,0.19889996407589586,55,-0.04109157927594467,0.13381801501374982,-0.3033748887028943,0.221191730151005,GBP_CAD,14,2.5,short,182
91,-0.027213325302040046,0.10393186353186275,-0.23091977782449102,0.17649312722041094,40,0.0634367243238224,0.15000160630185255,-0.23056642402780858,0.3574398726754534,GBP_CAD,14,3.0,long,131
94,-0.01393724076082165,0.10213503735356433,-0.21412191397380773,0.18624743245216444,41,0.023090417781286614,0.15332759630210865,-0.2774316709708463,0.32361250653341955,GBP_CAD,14,3.0,short,135
226,-0.035785734082494206,0.06559248263901815,-0.16434700005496977,0.09277553188998137,98,0.19461844199514766,0.0935088104110455,0.011341173589498488,0.37789571040079684,GBP_CAD,21,1.5,long,324
235,-0.05037319424408657,0.06427562828472151,-0.1763534256821407,0.07560703719396758,101,-0.03886493155425597,0.09355790939017593,-0.22223843395900078,0.14450857085048885,GBP_CAD,21,1.5,short,336
167,-0.05728039869168431,0.07605382773041997,-0.20634590104330744,0.09178510365993883,72,0.14509651829301104,0.11211211247550378,-0.07464322215897637,0.3648362587449985,GBP_CAD,21,2.0,long,239
165,-0.02545987764551057,0.07695418372427994,-0.17629007774509925,0.1253703224540781,72,-0.07442341046964177,0.1109724653989373,-0.29192944265155885,0.14308262171227534,GBP_CAD,21,2.0,short,237
124,-0.06273005542770249,0.08866851064897306,-0.2365203362996897,0.1110602254442847,54,0.10906164942409849,0.13194649692733387,-0.14955348455347592,0.36767678340167287,GBP_CAD,21,2.5,long,178
125,0.01372437658169276,0.08858173509625056,-0.15989582420695833,0.18734457737034385,54,0.013703021107834123,0.1351388425268457,-0.25116911024478344,0.27857515246045167,GBP_CAD,21,2.5,short,179
94,-0.07953630428176219,0.10199326161713325,-0.27944309705134335,0.12037048848781899,41,0.06417187979976212,0.15037377085439133,-0.23056071107484488,0.35890447067436915,GBP_CAD,21,3.0,long,135
98,-0.07206175527306626,0.0996866560429735,-0.2674476011172943,0.1233240905711618,42,0.13953207274250856,0.14990445106454695,-0.15428065134400343,0.43334479682902055,GBP_CAD,21,3.0,short,140
237,-0.019667253505139353,0.0640665026787578,-0.14523759875550463,0.10590309174522593,103,-0.1305069814725037,0.09135583333796092,-0.3095644148149071,0.0485504518698997,GBP_CHF,7,1.5,long,340
243,-0.011406771371481932,0.06306380321460602,-0.13501182567210973,0.11219828292914585,105,-0.08913725109028507,0.09058193271702118,-0.2666778392156466,0.08840333703507645,GBP_CHF,7,1.5,short,348
160,0.005118351939949117,0.07861399808680475,-0.14896508431018818,0.1592017881900864,69,-0.15443334752757604,0.10999350933577273,-0.3700206258256906,0.06115393077053852,GBP_CHF,7,2.0,long,229
172,0.008535996296596257,0.0756800971967709,-0.1397969942090747,0.15686898680226724,74,-0.1493928470970952,0.10722657159087096,-0.3595569274152023,0.06077123322101188,GBP_CHF,7,2.0,short,246
123,-0.01622727256927062,0.08780925176273416,-0.18833340602422957,0.15587886088568834,53,-0.02921768887185673,0.13019638154982033,-0.2844025967095046,0.22596721896579114,GBP_CHF,7,2.5,long,176
125,0.052834171442945804,0.08854048389716233,-0.12070517699549238,0.226373519881384,54,-0.0376358733771571,0.12625028485799636,-0.28508643169882997,0.20981468494451577,GBP_CHF,7,2.5,short,179
96,0.1709718980361469,0.10006850990765637,-0.02516238138285956,0.3671061774551534,42,-0.056118103641972776,0.14699174319340869,-0.3442219203010538,0.23198571301710824,GBP_CHF,7,3.0,long,138
91,0.04222882938279297,0.10305130884263558,-0.1597517359487728,0.2442093947143587,39,-0.17654348065276038,0.14711469609776992,-0.4648882850043894,0.11180132369886864,GBP_CHF,7,3.0,short,130
240,0.006811883324863277,0.06381179237753494,-0.1182592297351052,0.13188299638483175,103,-0.1428742308034536,0.09055303866843757,-0.3203581865935913,0.03460972498668405,GBP_CHF,10,1.5,long,343
244,-0.027846761901129096,0.0629019217822229,-0.15113452859428597,0.09544100479202777,106,-0.11820021697964332,0.08982529671304909,-0.29425779853721956,0.057857364577932904,GBP_CHF,10,1.5,short,350
162,-0.022584788477367772,0.07793479035123227,-0.17533697756578304,0.13016740061104748,70,-0.11168367961057285,0.10940984944436868,-0.32612698452153543,0.10275962530038976,GBP_CHF,10,2.0,long,232
172,0.009951678089480727,0.07573011506670492,-0.13847934744126092,0.15838270362022236,74,-0.1360731261692911,0.1082221698466072,-0.3481885790686412,0.076042326730059,GBP_CHF,10,2.0,short,246
120,-0.05829962105016906,0.08869097856579225,-0.23213393903912186,0.11553469693878374,52,-0.030555256729178436,0.1298501699001747,-0.2850615897335208,0.22395107627516395,GBP_CHF,10,2.5,long,172
120,0.04670226191973521,0.09036115175982233,-0.13040559552951653,0.22381011936898698,52,0.03783966995449071,0.12824937382209242,-0.21352910273681044,0.2892084426457919,GBP_CHF,10,2.5,short,172
91,0.23531101331285828,0.1013296416257148,0.03670491572645729,0.4339171108992593,40,-0.06438617590016901,0.15072926277061227,-0.35981553093056906,0.231043179130231,GBP_CHF,10,3.0,long,131
89,0.007558463014129358,0.10485077994995387,-0.19794906568778023,0.21306599171603893,39,-0.15443243352731703,0.14551063013085522,-0.43963326858379326,0.13076840152915917,GBP_CHF,10,3.0,short,128
242,0.028366988371718967,0.06366596701089995,-0.09641830696964493,0.15315228371308287,105,-0.18645108479262384,0.08854165388309482,-0.35999272640348967,-0.012909443181758018,GBP_CHF,14,1.5,long,347
244,-0.01592425501164534,0.06306524595791585,-0.1395321370891604,0.10768362706586973,105,-0.07170688571278276,0.09065512421157852,-0.24939092916747668,0.10597715774191115,GBP_CHF,14,1.5,short,349
159,-0.05145323075225246,0.07875275082158359,-0.20580862236255631,0.10290216085805139,69,-0.09825468131565294,0.11025109014154567,-0.31434681799308245,0.11783745536177657,GBP_CHF,14,2.0,long,228
167,0.028213704379584946,0.07681230284998679,-0.12233840920638914,0.17876581796555904,72,-0.13547702610886123,0.10999358060773679,-0.35106444410002535,0.08011039188230287,GBP_CHF,14,2.0,short,239
120,-0.05624223434714541,0.08945042790636447,-0.23156507304361978,0.11908060434932895,52,-0.08637511631375012,0.12790459885052188,-0.337068130060773,0.1643178974332728,GBP_CHF,14,2.5,long,172
117,0.03935274726810449,0.09152034316790286,-0.1400271253409851,0.2187326198771941,51,0.010315879146501953,0.13227264020979815,-0.24893849566470244,0.26957025395770634,GBP_CHF,14,2.5,short,168
91,0.1944356711212027,0.10200005226353112,-0.005484431315318311,0.39435577355772367,40,-0.09672518708456401,0.15341338009209474,-0.3974154120650697,0.20396503789594167,GBP_CHF,14,3.0,long,131
86,-0.035299541426258574,0.10596792884660627,-0.24299668196560686,0.17239759911308972,38,0.03397454864630216,0.15342556375514,-0.2667395563137722,0.33468865360637656,GBP_CHF,14,3.0,short,124
242,0.027703410919512436,0.0635408894583962,-0.09683673241894411,0.15224355425796898,104,-0.16054588601575964,0.09014085253163452,-0.3372219569777633,0.01613018494624402,GBP_CHF,21,1.5,long,346
245,-0.011777625399352907,0.06294404372134436,-0.13514795109318786,0.11159270029448204,106,-0.0661905051598763,0.0902399350587022,-0.24306077787493263,0.11067976755518001,GBP_CHF,21,1.5,short,351
156,-0.02736031386139004,0.0793163235091431,-0.1828203079393105,0.12809968021653043,68,-0.11966244871788012,0.11227122030245688,-0.33971404051069565,0.10038914307493538,GBP_CHF,21,2.0,long,224
161,0.016765202240270758,0.0782321567683481,-0.13656982502569154,0.17010022950623305,70,-0.08220494114054298,0.11210062288232811,-0.30192216198990607,0.13751227970882013,GBP_CHF,21,2.0,short,231
118,-0.006348034929300421,0.09032372141920571,-0.1833825289109436,0.17068645905234275,51,-0.14440487610657451,0.12790306581325858,-0.39509488510056134,0.10628513288741229,GBP_CHF,21,2.5,long,169
120,-0.036432772142747115,0.08990793028602358,-0.21265231550335334,0.1397867712178591,52,-0.09094500225132002,0.12989280764033492,-0.3455349052263765,0.16364490072373644,GBP_CHF,21,2.5,short,172
96,0.19180523136948024,0.09967020762048795,-0.003548375566676143,0.38715883830563663,42,-0.2437549020343573,0.14469186485817634,-0.5273509571563829,0.039841153087668335,GBP_CHF,21,3.0,long,138
87,0.01354867024921022,0.10649055201820212,-0.19517281170646594,0.22227015220488638,38,0.08434333704630592,0.1529191591684027,-0.21537821492376336,0.3840648890163752,GBP_CHF,21,3.0,short,125
258,-0.010080440381338339,0.06176788636947684,-0.13114549766551295,0.11098461690283626,111,0.021893156908141823,0.09190255609651518,-0.15823585304102794,0.20202216685731156,GBP_NZD,7,1.5,long,369
249,-0.06949277142807979,0.06293929355213222,-0.19285378679025894,0.053868243934099364,107,-0.05086930324388132,0.09264002255353831,-0.2324437474488164,0.1307051409610538,GBP_NZD,7,1.5,short,356
172,-0.0633842072292873,0.07565782924229371,-0.21167355254418296,0.08490513808560836,75,-0.007040609441663751,0.11219094833272546,-0.22693486817380565,0.21285364929047812,GBP_NZD,7,2.0,long,247
176,-0.038478671429532214,0.07481739597520118,-0.18512076754092652,0.1081634246818621,76,-0.09115706928239137,0.11031667575267867,-0.30737775375764154,0.12506361519285883,GBP_NZD,7,2.0,short,252
128,-0.1338768660154982,0.08646557189211558,-0.30334938692404473,0.035595654893048334,56,-0.003788807565523498,0.12837612643878174,-0.2554060153855357,0.24782840025448868,GBP_NZD,7,2.5,long,184
135,-0.027685892698624683,0.08558129830143099,-0.1954252373694294,0.14005345197218005,58,-0.2706262485157428,0.11844143427117994,-0.5027714596872555,-0.03848103734423011,GBP_NZD,7,2.5,short,193
93,-0.1340861851744909,0.10150585757123612,-0.33303766601411366,0.06486529566513191,41,-0.017077611853967056,0.15474678080193027,-0.3203813022257504,0.2862260785178163,GBP_NZD,7,3.0,long,134
103,-0.05173335014942744,0.09861751496253149,-0.24502367947598913,0.14155697917713428,45,-0.17836056914709958,0.13971119223717676,-0.45219450593196603,0.09547336763776687,GBP_NZD,7,3.0,short,148
256,-0.01736455239139302,0.06198522575727541,-0.1388555948756528,0.10412649009286677,110,0.04936491288003401,0.09219398792646075,-0.13133530345582906,0.23006512921589706,GBP_NZD,10,1.5,long,366
249,-0.10162128548430469,0.0627629410406524,-0.22463664992398338,0.021394078955374013,107,-0.05086930324388131,0.09264002255353831,-0.2324437474488164,0.1307051409610538,GBP_NZD,10,1.5,short,356
176,0.002274608279255308,0.07475913764317942,-0.14425330150137636,0.14880251805988695,76,-0.006750138264054722,0.1107052909687001,-0.2237325085627069,0.21023223203459748,GBP_NZD,10,2.0,long,252
181,-0.038788885903603465,0.07361451543005991,-0.18307333614652088,0.10549556433931395,78,-0.10458264288220252,0.10883673632827005,-0.3179026460856118,0.10873736032120677,GBP_NZD,10,2.0,short,259
123,-0.08324371570453051,0.08864826899621589,-0.25699432293711366,0.09050689152805264,53,0.14665644483535964,0.13144884792187017,-0.11098329709150587,0.4042961867622251,GBP_NZD,10,2.5,long,176
132,-0.0055878448054116955,0.08657027678069547,-0.17526558729557482,0.16408989768475143,57,-0.26289778066869607,0.12212065192863453,-0.5022542584488198,-0.023541302888572396,GBP_NZD,10,2.5,short,189
93,-0.15055134475630297,0.10166802746119881,-0.3498206785802526,0.04871798906764668,40,0.03739679474844826,0.15849845914837452,-0.2732601851823658,0.3480537746792623,GBP_NZD,10,3.0,long,133
100,-0.08328535065391027,0.09987730867108548,-0.2790448756492378,0.11247417434141727,43,-0.1999977957432047,0.14310876926672825,-0.48049098350599206,0.08049539201958267,GBP_NZD,10,3.0,short,143
259,-0.005580406996898076,0.06163955964166022,-0.1263939438945521,0.11523312990075596,111,0.09451105345971471,0.09147263197369354,-0.08477530520872463,0.27379741212815406,GBP_NZD,14,1.5,long,370
251,-0.09284342663582416,0.06256922355648782,-0.2154791048065403,0.02979225153489197,109,-0.07390683154783051,0.09210723254975185,-0.25443700734534413,0.10662334424968312,GBP_NZD,14,1.5,short,360
174,0.036783511822695014,0.07512850521882924,-0.1104683584062103,0.18403538205160033,75,-0.05671207257727909,0.11194602859844716,-0.2761262886302355,0.16270214347567732,GBP_NZD,14,2.0,long,249
173,-0.060040245828758505,0.07533434705055946,-0.20769556604785502,0.08761507439033803,75,-0.04209928193082394,0.11139078578043604,-0.2604252220604786,0.1762266581988307,GBP_NZD,14,2.0,short,248
131,-0.08996590993384075,0.08605110301813157,-0.25862607184937864,0.07869425198169712,57,0.09643454985715343,0.12795659488655126,-0.15436037612048703,0.3472294758347939,GBP_NZD,14,2.5,long,188
131,-0.027456497972623197,0.08677594037456592,-0.1975373411067724,0.142624345161526,57,-0.3330732192651875,0.11902362286743705,-0.5663595200853642,-0.09978691844501089,GBP_NZD,14,2.5,short,188
90,-0.10001416735929088,0.10400577977936176,-0.3038654957268399,0.10383716100825817,39,0.012714661280460032,0.16063215198864295,-0.3021243566172801,0.3275536791782002,GBP_NZD,14,3.0,long,129
95,-0.05608984279358975,0.10268074685292528,-0.25734410662532325,0.14516442103814378,42,-0.2217610689873053,0.1448530483683573,-0.5056730437892856,0.06215090581467503,GBP_NZD,14,3.0,short,137
256,-0.0033236449893256394,0.06191447559239526,-0.12467601715042034,0.11802872717176907,111,0.0764930354416967,0.09162561267444454,-0.1030931654002146,0.25607923628360796,GBP_NZD,21,1.5,long,367
250,-0.09721480034236743,0.06266650130040727,-0.22004114289116566,0.025611542206430818,108,-0.06194572735130252,0.09254969011922573,-0.24334311998498495,0.11945166528237991,GBP_NZD,21,1.5,short,358
177,0.023835723976928416,0.07451203081855744,-0.12220785642744415,0.169879304381301,76,-0.042807966359157006,0.11133485660872271,-0.2610242853122535,0.1754083525939395,GBP_NZD,21,2.0,long,253
175,-0.05914286529908629,0.07534032195583326,-0.20680989633251948,0.08852416573434688,75,-0.11800678664179746,0.10884547791079255,-0.33134392334695084,0.09533035006335593,GBP_NZD,21,2.0,short,250
131,-0.12050026107887894,0.08576338446845697,-0.2885964946370546,0.047595972479296714,57,0.0823302318913741,0.12930257491713615,-0.1711028149462127,0.33576327872896095,GBP_NZD,21,2.5,long,188
133,-0.01548689023269722,0.0862786119200681,-0.1845929695960307,0.15361918913063624,57,-0.3541045518957964,0.11723630184176068,-0.5838877035056473,-0.12432140028594552,GBP_NZD,21,2.5,short,190
95,-0.036196353163896106,0.10128672621162788,-0.23471833653868673,0.16232563021089452,41,-0.0854665417088307,0.15606909647113296,-0.3913619707922513,0.2204288873745899,GBP_NZD,21,3.0,long,136
98,-0.07022375896438209,0.10058060347943858,-0.2673617417840817,0.12691422385531753,42,-0.3169991642254008,0.1404668290054432,-0.5923141490760695,-0.04168417937473218,GBP_NZD,21,3.0,short,140
256,0.11462639840862043,0.05965034680295095,-0.002288281325163427,0.2315410781424043,110,0.08227642936190992,0.0919152851801393,-0.09787752959116312,0.26243038831498294,CHF_JPY,7,1.5,long,366
240,-0.1529827330196611,0.0612656501623284,-0.27306340733782475,-0.03290205870149743,103,-0.12056633014018595,0.09568594952054549,-0.3081107912004551,0.0669781309200832,CHF_JPY,7,1.5,short,343
171,0.09584630045182516,0.07363918438175054,-0.04848650093640591,0.24017910184005622,74,0.18454601320378702,0.1116451476409459,-0.03427847617246693,0.403370502580041,CHF_JPY,7,2.0,long,245
161,-0.16080442774975182,0.07449471914425851,-0.3068140772724985,-0.014794778227005145,69,-0.22850475177254845,0.10987077149375267,-0.44385146390030367,-0.013158039644793229,CHF_JPY,7,2.0,short,230
130,0.15210809376493464,0.08373071945240046,-0.012004116361770262,0.3162203038916396,56,0.09087633942301869,0.13260156289784503,-0.16902272385675754,0.35077540270279495,CHF_JPY,7,2.5,long,186
111,-0.03079076040106028,0.08935682898832549,-0.20593014521817823,0.1443486244160577,48,-0.09415626490136153,0.13915421312720602,-0.36689852263068534,0.17858599282796228,CHF_JPY,7,2.5,short,159
101,0.23314141112960418,0.09238199574960582,0.05207269946037679,0.41421012279883157,44,-0.11504252820578786,0.14882379287327538,-0.4067371622374076,0.17665210582583185,CHF_JPY,7,3.0,long,145
87,-0.015344860223191863,0.10063121149370957,-0.21258203475086263,0.18189231430447889,38,-0.23894984858475568,0.15128120167480893,-0.5354610038673812,0.057561306697869824,CHF_JPY,7,3.0,short,125
246,0.11867304955433791,0.060714434327893425,-0.0003272417283332052,0.23767334083700903,106,0.12311704933783105,0.09308260789350403,-0.05932486213343685,0.30555896080909895,CHF_JPY,10,1.5,long,352
240,-0.17261730587133245,0.06117778660782694,-0.29252576762267324,-0.052708844119991646,104,-0.05439023492905765,0.09562921697376951,-0.2418235001976459,0.1330430303395306,CHF_JPY,10,1.5,short,344
172,0.06531700581742364,0.07311292293302328,-0.07798432313130199,0.20861833476614927,75,0.14208539969440317,0.11177526952240645,-0.07699412856951346,0.3611649279583198,CHF_JPY,10,2.0,long,247
164,-0.12226140258010536,0.07407106821157983,-0.2674406962748018,0.022917891114591096,71,-0.23740383339663595,0.10917026013151271,-0.4513775432544008,-0.023430123538871056,CHF_JPY,10,2.0,short,235
128,0.20668290533581163,0.08397892859939671,0.042084205280994075,0.37128160539062915,55,0.07434681832161905,0.1339815608683008,-0.18825704098025048,0.33695067762348857,CHF_JPY,10,2.5,long,183
110,-0.018334886638807096,0.08986050272604029,-0.19446147198184605,0.15779169870423188,48,-0.11142289520659561,0.1373247974347764,-0.38057949817875736,0.15773370776556617,CHF_JPY,10,2.5,short,158
100,0.15952025909738066,0.09318474065886476,-0.02312183259399425,0.34216235078875556,44,-0.024133437296696945,0.14980908606307328,-0.3177592459803205,0.26949237138692667,CHF_JPY,10,3.0,long,144
91,-0.026483400948189444,0.09907813060042339,-0.2206765369250193,0.16770973502864042,39,-0.20718190374924916,0.15073673464705803,-0.5026259036574829,0.08826209615898456,CHF_JPY,10,3.0,short,130
249,0.09864533408865662,0.06031182391568804,-0.01956584078609193,0.2168565089634052,108,0.0652815484241675,0.09282913680836599,-0.11666355972022985,0.24722665656856485,CHF_JPY,14,1.5,long,357
246,-0.13695112794905037,0.06082741332373077,-0.25617285806356266,-0.01772939783453807,106,-0.04762817918035955,0.09520121769437682,-0.23422256586133813,0.13896620750061903,CHF_JPY,14,1.5,short,352
172,0.08313123683969964,0.07277481969179798,-0.0595074097562244,0.22576988343562368,74,0.09713927514480068,0.11292020421374269,-0.12418432511413498,0.31846287540373636,CHF_JPY,14,2.0,long,246
162,-0.11907668521755967,0.07392759897192291,-0.2639747792025286,0.02582140876740925,70,-0.12450587566928843,0.11341672027451857,-0.34680264740734484,0.09779089606876797,CHF_JPY,14,2.0,short,232
128,0.16497260070925934,0.08502336177720274,-0.0016731883740580267,0.33161838979257674,56,0.053374650157746055,0.13287869253574974,-0.20706758721232343,0.31381688752781556,CHF_JPY,14,2.5,long,184
110,-0.05295338524062866,0.0887520042795184,-0.2269073136284847,0.1210005431472274,48,-0.14737977828804152,0.13583236485536762,-0.4136112134045621,0.11885165682847901,CHF_JPY,14,2.5,short,158
102,0.14878009805740192,0.09305361290165459,-0.03360498322984107,0.3311651793446449,44,0.0213211081578485,0.14981900790899808,-0.27232414734378774,0.3149663636594847,CHF_JPY,14,3.0,long,146
88,0.013790950908056264,0.10192114349346244,-0.18597449033913013,0.21355639215524266,38,-0.23894984858475568,0.15128120167480893,-0.5354610038673812,0.057561306697869824,CHF_JPY,14,3.0,short,126
251,0.1260109940967208,0.05968667013596335,0.009025120630232655,0.24299686756320898,109,0.0738569470624779,0.0923724604437738,-0.10719307540731875,0.25490696953227454,CHF_JPY,21,1.5,long,360
244,-0.10308908113240187,0.06168390950097552,-0.2239895437543139,0.017811381489510156,106,-0.08554397845326259,0.09567761222954664,-0.27307209842317404,0.10198414151664884,CHF_JPY,21,1.5,short,350
177,0.10774373250107029,0.07187737336564874,-0.03313591929560124,0.24862338429774183,77,0.10634164104825,0.11069613078432448,-0.11062277528902598,0.323306057385526,CHF_JPY,21,2.0,long,254
165,-0.12013687458676871,0.07344320667850708,-0.2640855596766426,0.02381181050310517,71,-0.13683677882887593,0.11248580201325119,-0.35730895077484826,0.08363539311709639,CHF_JPY,21,2.0,short,236
125,0.12706264519433744,0.08653565182358372,-0.04254723237988664,0.2966725227685615,55,0.1151141800942064,0.13406481959100247,-0.14765286630415844,0.3778812264925713,CHF_JPY,21,2.5,long,180
110,-0.0775604602294837,0.08901509039232461,-0.25203003739843993,0.09690911693947253,48,-0.2551131479828075,0.1340078642823905,-0.5177685619762928,0.007542266010677923,CHF_JPY,21,2.5,short,158
100,0.09175570001854996,0.0946128053652063,-0.09368539849725438,0.2771967985343543,44,-0.06879555614289692,0.14956550257763823,-0.3619439411950679,0.22435282890927402,CHF_JPY,21,3.0,long,144
91,-0.008316248447757246,0.09937533288376806,-0.20309190089994264,0.18645940400442815,39,-0.10461780118514658,0.15350285934715013,-0.40548340550556083,0.19624780313526768,CHF_JPY,21,3.0,short,130
266,0.06980251834286179,0.06106645565547363,-0.04988773474186653,0.1894927714275901,114,0.013569417607001482,0.09294172113517296,-0.16859635581793753,0.19573519103194048,NZD_JPY,7,1.5,long,380
245,-0.07300470956389471,0.06359836996475089,-0.19765751469480647,0.051648095567017036,106,-0.05660377358490566,0.09743354330081552,-0.2475735184545041,0.13436597128469274,NZD_JPY,7,1.5,short,351
185,-0.10664022635892062,0.07271421476729677,-0.24916008730282227,0.03587963458498103,80,0.06753013739610902,0.11019060029098127,-0.14844343917421426,0.2835037139664323,NZD_JPY,7,2.0,long,265
174,-0.09264017247138212,0.07565236201120815,-0.2409188020133501,0.055638457070585845,75,-0.013333333333333334,0.11623730516108464,-0.24115845144905923,0.21449178478239256,NZD_JPY,7,2.0,short,249
130,-0.005603399049233186,0.0870511392039992,-0.1762236318890716,0.16501683379060525,57,0.1132846955720502,0.1318339314455889,-0.145109810061304,0.37167920120540443,NZD_JPY,7,2.5,long,187
128,-0.002517438402859881,0.08854777549371894,-0.17607107837054897,0.17103620156482924,55,0.16363636363636364,0.13424846647140323,-0.09949063064758668,0.42676335792031395,NZD_JPY,7,2.5,short,183
100,0.04,0.10042334631373565,-0.15682975877492186,0.23682975877492188,43,0.08664837312826212,0.15058422907425584,-0.2084967158572793,0.38179346211380355,NZD_JPY,7,3.0,long,143
91,-0.03296703296703297,0.1053519590461395,-0.23945687269746638,0.17352280676340046,39,0.1282051282051282,0.16088271677005372,-0.1871249966641771,0.4435352530744335,NZD_JPY,7,3.0,short,130
267,0.09575831415431175,0.0608196925229552,-0.023448283190680444,0.21496491149930397,115,0.004755770497375383,0.09255060762646049,-0.17664342045048717,0.18615496144523794,NZD_JPY,10,1.5,long,382
252,-0.10669108667918335,0.06251953146295541,-0.22922936834657598,0.01584719498820926,109,-0.045871559633027525,0.09612375318349668,-0.23427411587268102,0.14253099660662596,NZD_JPY,10,1.5,short,361
189,-0.07263725860529267,0.07217381065201711,-0.2140979274832462,0.06882341027266085,81,0.015603885964637002,0.11045861370229948,-0.20089499689187,0.23210276882114397,NZD_JPY,10,2.0,long,270
174,-0.0938059316986556,0.07557461474815157,-0.2419321766050327,0.054320313207721474,75,-0.09333333333333334,0.11574020820698307,-0.32018414141902013,0.13351747475235348,NZD_JPY,10,2.0,short,249
133,0.017079384387967567,0.08606703700050461,-0.15161200813302145,0.1857707769089566,57,0.0609774892440167,0.131170934520049,-0.19611754241527934,0.3180725209033127,NZD_JPY,10,2.5,long,190
124,0.03225806451612912,0.09012003816381656,-0.14437721028495135,0.20889333931720958,54,0.14814814814814814,0.13584481477734792,-0.11810768881545375,0.41440398511175003,NZD_JPY,10,2.5,short,178
96,0.0,0.10259783520851543,-0.20109175700869023,0.20109175700869023,42,0.1125209534408398,0.15192002423096834,-0.18524229405185816,0.41028420093353773,NZD_JPY,10,3.0,long,138
94,-0.04255319148936159,0.10360124266982483,-0.24561162712221826,0.16050524414349507,41,0.12195121951219512,0.1569337360209309,-0.1856389030888294,0.42954134211321965,NZD_JPY,10,3.0,short,135
272,0.09767452161471044,0.06024853972602449,-0.020412616248297558,0.21576165947771841,117,0.004674475275198011,0.09176819260956351,-0.17519118223954647,0.1845401327899425,NZD_JPY,14,1.5,long,389
251,-0.07922770455439927,0.06280629213153972,-0.20232803713221714,0.04387262802341858,108,-0.037037037037037035,0.09660732049270662,-0.22638738520274201,0.15231331112866794,NZD_JPY,14,1.5,short,359
186,-0.04692710686236728,0.07286152648535923,-0.18973569877367139,0.09588148504893682,81,0.024406700246321553,0.11107796796647246,-0.19330611696796446,0.24211951746060756,NZD_JPY,14,2.0,long,267
171,-0.10129960301500628,0.07618000383836648,-0.2506124105382046,0.048013204508192034,74,-0.05405405405405406,0.11687003431633061,-0.28311932131406203,0.17501121320595395,NZD_JPY,14,2.0,short,245
134,-0.007998512963205319,0.08638573268589915,-0.17731454902756763,0.16131752310115702,58,0.042684773912223306,0.1301811567158275,-0.21247029325079858,0.2978398410752452,NZD_JPY,14,2.5,long,192
124,0.04838709677419364,0.09006134715260025,-0.12813314364490286,0.22490733719329015,54,0.14814814814814814,0.13584481477734792,-0.11810768881545375,0.41440398511175003,NZD_JPY,14,2.5,short,178
98,0.02040816326530612,0.10151347007628714,-0.17855823808421667,0.2193745646148289,42,0.017282858202744562,0.1529091641745898,-0.28241910357945144,0.31698481998494055,NZD_JPY,14,3.0,long,140
100,-0.059999999999999894,0.10032271160931838,-0.2566325147542639,0.13663251475426413,44,0.09090909090909091,0.1518671035608285,-0.20675043207013297,0.38856861388831476,NZD_JPY,14,3.0,short,144
266,0.10739650330526782,0.06086028119901424,-0.011889647844800094,0.22668265445533572,115,-0.047418142546102895,0.0924450640053933,-0.22861046799667378,0.13377418290446796,NZD_JPY,21,1.5,long,381
246,-0.07677298310225292,0.06345130715476292,-0.20113754512558824,0.047591578921082414,106,-0.018867924528301886,0.09757263479675488,-0.21011028872994145,0.17237443967333768,NZD_JPY,21,1.5,short,352
189,0.043764857796823736,0.07229754895781948,-0.09793833816050243,0.1854680537541499,81,-0.024976015803061163,0.11107638605124254,-0.24268573246349653,0.1927337008573742,NZD_JPY,21,2.0,long,270
169,-0.06699545630512464,0.07685455537820898,-0.21763038484641423,0.08363947223616496,73,-0.0684931506849315,0.11757436702816193,-0.29893891006012885,0.16195260869026587,NZD_JPY,21,2.0,short,242
131,0.04525342948801899,0.08728194337531762,-0.12581917952760355,0.21632603850364154,57,0.060095934591871514,0.13114074094409325,-0.19693991765855123,0.31713178684229426,NZD_JPY,21,2.5,long,188
122,8.736181177378281e-17,0.09090909090909091,-0.1781818181818181,0.17818181818181827,53,0.05660377358490566,0.13845271428402695,-0.2147635464117872,0.3279710935815985,NZD_JPY,21,2.5,short,175
105,0.03259632970010178,0.09769402091222275,-0.1588839512878548,0.22407661068805837,45,-0.006091554566327299,0.14783508996007247,-0.29584833088806933,0.2836652217554147,NZD_JPY,21,3.0,long,150
96,-0.02083333333333322,0.10257556763685685,-0.22188144590157266,0.1802147792349062,42,-0.047619047619047616,0.1559965936388461,-0.35337237115118597,0.25813427591309074,NZD_JPY,21,3.0,short,138
255,0.0603175772973835,0.06239401340643078,-0.061974688979220836,0.18260984357398782,110,0.19032082724347163,0.09334112717814151,0.007372217974314282,0.373269436512629,AUD_JPY,7,1.5,long,365
237,-0.0364624210687693,0.0648286028153576,-0.1635264825868702,0.09060164044933161,102,-0.058823529411764705,0.09933141807957062,-0.2535131088477231,0.13586605002419372,AUD_JPY,7,1.5,short,339
184,0.04880982836332064,0.07324060331197679,-0.09474175412815387,0.19236141085479513,80,0.007433447843757035,0.11122966010420347,-0.21057668596048176,0.22544358164799586,AUD_JPY,7,2.0,long,264
163,0.061115579167725836,0.07805307363183935,-0.09186844515067927,0.21409960348613094,71,-0.09859154929577464,0.11894054375475999,-0.3317150150551042,0.13453191646355495,AUD_JPY,7,2.0,short,234
137,-0.07376212822105188,0.08520481314612947,-0.24076356198746565,0.09323930554536189,60,-0.013470576736142548,0.12699408780267313,-0.2623789888293819,0.23543783535709678,AUD_JPY,7,2.5,long,197
128,0.125,0.0880396743063518,-0.04755776164044953,0.29755776164044956,55,-0.09090909090909091,0.1355192713636236,-0.35652686278179313,0.17470868096361133,AUD_JPY,7,2.5,short,183
103,0.10071697565999188,0.09809480569914378,-0.09154884351032991,0.29298279483031364,45,-0.022222222222222223,0.1507184440694504,-0.317630372598345,0.2731859281539006,AUD_JPY,7,3.0,long,148
98,0.11045867013296952,0.10040677475011243,-0.08633860837725084,0.3072559486431899,42,-0.23809523809523808,0.15168248750118007,-0.535392913597551,0.05920243740707487,AUD_JPY,7,3.0,short,140
262,0.0396220695069954,0.06162222498564155,-0.08115749146486204,0.16040163047885284,113,0.17641850439629983,0.09234749887145925,-0.0045825933917603145,0.35741960218436,AUD_JPY,10,1.5,long,375
242,-0.01504790823676993,0.06419280110080476,-0.14086579839434726,0.11076998192080739,105,-0.08571428571428572,0.09769719020172689,-0.2772007785096704,0.105772207081099,AUD_JPY,10,1.5,short,347
186,0.05903767967124191,0.07280906990425928,-0.08366809734110628,0.2017434566835901,80,-0.042566552156242964,0.11112965915959026,-0.26038068410903986,0.17524757979655395,AUD_JPY,10,2.0,long,266
165,-0.03659491270097387,0.0776742168695168,-0.1888363777652268,0.11564655236327906,72,-0.027777777777777776,0.1186323706543311,-0.26029722426026675,0.20474166870471117,AUD_JPY,10,2.0,short,237
132,-0.013628506559869493,0.08673282538625494,-0.1836248443169292,0.1563678311971902,57,-0.054643566746489264,0.13107197711695984,-0.3115446418957305,0.202257508402752,AUD_JPY,10,2.5,long,189
125,0.136,0.08896827995813833,-0.03837782871795112,0.31037782871795117,54,-0.07407407407407407,0.13698319904900533,-0.3425611442101245,0.19441299606197637,AUD_JPY,10,2.5,short,179
105,0.003560461837896799,0.0976549354221723,-0.1878432115895609,0.1949641352653545,46,0.043478260869565216,0.14893023279611742,-0.24842499541082494,0.33538151714995534,AUD_JPY,10,3.0,long,151
101,0.09727672943595062,0.09904239698525488,-0.09684636865514895,0.2913998275270502,44,-0.18181818181818182,0.14995674948249757,-0.47573341080387704,0.1120970471675134,AUD_JPY,10,3.0,short,145
264,0.05447341746527574,0.061345901481255724,-0.06576454943798549,0.17471138436853695,114,0.14247140085230892,0.09208213390644057,-0.03800958160431461,0.32295238330893244,AUD_JPY,14,1.5,long,378
245,-0.0026187501767278502,0.06380663275647103,-0.12767975037941107,0.12244225002595537,106,-0.11320754716981132,0.09696263645950949,-0.30325431463044994,0.07683922029082726,AUD_JPY,14,1.5,short,351
182,0.07132422208159887,0.07353601651137669,-0.07280637028069943,0.2154548144438972,78,0.007624049070520036,0.11263143970489504,-0.21313357275107425,0.2283816708921143,AUD_JPY,14,2.0,long,260
162,-0.0323831667218768,0.07835103700946856,-0.18595119926043518,0.12118486581668159,70,0.02857142857142857,0.12033670597080583,-0.20728851513135083,0.264431372274208,AUD_JPY,14,2.0,short,232
133,-0.05716887791405868,0.0859550775485702,-0.22564082990925627,0.11130307408113889,58,-0.036460056974998066,0.13006957421934578,-0.29139642244491576,0.21847630849491964,AUD_JPY,14,2.5,long,191
125,0.104,0.08931567792151973,-0.07105872872617867,0.27905872872617865,55,-0.05454545454545454,0.13588017552161807,-0.32087059856782596,0.21177968947691686,AUD_JPY,14,2.5,short,180
106,0.018867924528301886,0.09757263479675488,-0.17237443967333768,0.21011028872994145,46,-0.043478260869565216,0.14893023279611745,-0.33538151714995545,0.248424995410825,AUD_JPY,14,3.0,long,152
99,0.11944393609122235,0.09979272689407233,-0.0761498086211594,0.3150376808036041,43,-0.3488372093023256,0.14461052795486537,-0.6322738440938618,-0.06540057451078946,AUD_JPY,14,3.0,short,142
261,0.043605295826945556,0.06172941327056869,-0.07738435418336907,0.1645949458372602,112,0.1628726758675287,0.09258675293070556,-0.0185973598766542,0.3443427116117116,AUD_JPY,21,1.5,long,373
241,-0.035857235656839515,0.0642911820926765,-0.16186795255848543,0.0901534812448064,104,-0.07692307692307693,0.09824097775895654,-0.26947539333063175,0.1156292394844779,AUD_JPY,21,1.5,short,345
190,0.04726846536237366,0.07209262450324233,-0.0940330786639813,0.18857000938872864,82,0.007252144237811741,0.1098789289304073,-0.20811055646578655,0.22261484494141,AUD_JPY,21,2.0,long,272
161,0.016942056029973427,0.07869533448188229,-0.13730079955451585,0.1711849116144627,69,-0.043478260869565216,0.121153138438128,-0.2809384122082961,0.19398189046916567,AUD_JPY,21,2.0,short,230
135,0.03770437434851008,0.08569857765981463,-0.1302648378647266,0.20567358656174678,58,-0.13312687144690985,0.1290605026809021,-0.386085456701478,0.11983171380765825,AUD_JPY,21,2.5,long,193
130,0.03076923076923077,0.08800340261382734,-0.14171743835387082,0.20325589989233236,57,-0.08771929824561403,0.13311550601392982,-0.3486256900329165,0.17318709354168843,AUD_JPY,21,2.5,short,187
108,0.0,0.09667364890456635,-0.18948035185295004,0.18948035185295004,47,-0.06382978723404255,0.14714129251236693,-0.3522267205582817,0.22456714609019662,AUD_JPY,21,3.0,long,155
98,0.06964234360235727,0.100783453789967,-0.12789322582597806,0.2671779130306926,42,-0.2857142857142857,0.14966363480776676,-0.5790550099375085,0.007626438508937128,AUD_JPY,21,3.0,short,140
245,-0.024663191283555562,0.05330392867658849,-0.129138891489669,0.07981250892255787,106,-0.13653430084479412,0.08236822246945145,-0.297976016884919,0.02490741519533074,USD_SGD,7,1.5,long,351
249,0.023446435008215808,0.051473338932432125,-0.07744130929935115,0.12433417931578276,107,0.031832247589279834,0.08133448769879084,-0.12758334830035023,0.19124784347890988,USD_SGD,7,1.5,short,356
170,-0.10622465074601917,0.06514055853099762,-0.2339001454667745,0.021450843974736178,73,0.013530413492179367,0.09956600391683582,-0.18161895418481883,0.20867978116917757,USD_SGD,7,2.0,long,243
170,0.0933167154461224,0.06208974664849078,-0.028379187984919535,0.21501261887716433,73,0.05693527241356833,0.10086236256954986,-0.1407549582227494,0.25462550304988607,USD_SGD,7,2.0,short,243
118,-0.03482172969073393,0.0800243428009132,-0.1916694415805238,0.12202598219905592,52,-0.11564375901088106,0.11442349904283101,-0.3399138171348298,0.10862629911306773,USD_SGD,7,2.5,long,170
124,0.16404082902484077,0.07108827540978116,0.024707809221669708,0.3033738488280118,54,0.04504107430288803,0.11888238446699301,-0.18796839925241826,0.27805054785819433,USD_SGD,7,2.5,short,178
96,-0.08206621778052953,0.08330617715881361,-0.2453463250118042,0.08121388945074515,42,-0.025314832885010817,0.12587553261695175,-0.27203087681423627,0.22140121104421462,USD_SGD,7,3.0,long,138
97,0.03472082767645979,0.08462198483263983,-0.13113826259551428,0.20057991794843386,42,0.1542081822548249,0.13641496395522337,-0.11316514709741288,0.4215815116070627,USD_SGD,7,3.0,short,139
242,-0.018150570512774137,0.0538735951812924,-0.12374281706810723,0.08744167604255897,104,-0.18550388743318358,0.08266944016247958,-0.34753599015164355,-0.02347178471472361,USD_SGD,10,1.5,long,346
249,0.027701817725939337,0.05193002479074216,-0.07408103086391529,0.12948466631579397,107,0.01773389454583416,0.08256892691514711,-0.1441012022078542,0.1795689912995225,USD_SGD,10,1.5,short,356
165,-0.11017671287430321,0.06624529401289966,-0.24001748913958654,0.019664063390980133,71,-0.03427053689653492,0.09891970591363117,-0.228153160487252,0.15961208669418217,USD_SGD,10,2.0,long,236
170,0.09920402949679875,0.06114039325169899,-0.020631141276531262,0.21903920027012877,73,0.06778102817051093,0.10104392358426745,-0.13026506205465327,0.26582711839567513,USD_SGD,10,2.0,short,243
121,-0.07751884629874678,0.07845767272374003,-0.23129588483727723,0.07625819223978367,52,-0.027538356403314694,0.11371646956634489,-0.2504226367533507,0.1953459239467213,USD_SGD,10,2.5,long,173
123,0.1579173915001109,0.07181652799919191,0.01715699662169473,0.29867778637852704,53,0.07584960613936505,0.12220362578300298,-0.1636695003953208,0.31536871267405087,USD_SGD,10,2.5,short,176
93,-0.10288667048769458,0.08775207862207715,-0.27488074458696576,0.06910740361157662,41,-0.03405623525349014,0.13045533779529064,-0.28974869733225983,0.22163622682527953,USD_SGD,10,3.0,long,134
91,0.045815334047970925,0.0873181273506408,-0.12532819555928507,0.2169588636552269,40,0.22788690057042066,0.1407511020140763,-0.04798525937716891,0.5037590605180102,USD_SGD,10,3.0,short,131
241,-0.05698041154919436,0.054005557072036615,-0.16283130341038612,0.0488704803119974,104,-0.09672380553938205,0.08234147838896232,-0.2581131031817482,0.0646654921029841,USD_SGD,14,1.5,long,345
248,0.023930677146553805,0.05225675326118219,-0.07849255924536329,0.1263539135384709,107,0.04067766667542883,0.08263730761599272,-0.1212914562519169,0.20264678960277455,USD_SGD,14,1.5,short,355
163,-0.10098433127580539,0.06633852549468255,-0.2310078412453832,0.029039178693772427,70,0.03981648508824253,0.10095547005222695,-0.1580562362141223,0.23768920639060737,USD_SGD,14,2.0,long,233
168,0.08394964513110814,0.06211006337856272,-0.037786079090874794,0.20568536935309106,73,0.0390672614378158,0.10128839231584913,-0.15945798750124848,0.2375925103768801,USD_SGD,14,2.0,short,241
123,-0.13151525830054475,0.07605324925509145,-0.28057962684052395,0.01754911023943448,53,-0.04421950828784329,0.11411843133882087,-0.2678916337119322,0.1794526171362456,USD_SGD,14,2.5,long,176
121,0.16936565032072629,0.07248338519371739,0.02729821534104021,0.31143308530041236,52,0.09208319812469347,0.122173592183914,-0.147377042555778,0.3315434388051649,USD_SGD,14,2.5,short,173
95,-0.0829058966706926,0.08636872718476582,-0.2521886019528336,0.0863768086114484,42,-0.053991156129171304,0.128960128229704,-0.30675300745939116,0.19877069520104854,USD_SGD,14,3.0,long,137
90,0.02720784967588154,0.08613087206684682,-0.1416086595751382,0.19602435892690132,39,0.11345451931961276,0.14724634125256428,-0.17514830953541322,0.40205734817463873,USD_SGD,14,3.0,short,129
244,-0.042999536965022414,0.053396013217251174,-0.14765572287083473,0.061656648940789885,106,-0.1217227954381448,0.08092350655459381,-0.28033286828514864,0.03688727740885904,USD_SGD,21,1.5,long,350
251,0.012920635095079881,0.051870225306650405,-0.0887450065059549,0.11458627669611468,108,0.02934159136359446,0.08106006857562377,-0.12953614304462813,0.18821932577181705,USD_SGD,21,1.5,short,359
166,-0.09624544696253257,0.06572173498792068,-0.22506004753885708,0.03256915361379195,72,-0.0320553424681376,0.09789651025426606,-0.22393250256649908,0.15982181763022388,USD_SGD,21,2.0,long,238
168,0.0959751498461578,0.06228492944835,-0.026103311872608184,0.2180536115649238,72,0.06557334736343894,0.10354376202864633,-0.1373724262127079,0.26851912093958574,USD_SGD,21,2.0,short,240
125,-0.16506588828529362,0.07556392020703795,-0.313171171891088,-0.016960604679499225,54,-0.033460994328411424,0.11051626626820672,-0.2500728762140966,0.18315088755727374,USD_SGD,21,2.5,long,179
119,0.168696219052431,0.07279137059525294,0.026025132685735253,0.31136730541912677,52,0.046984285611947924,0.12339332341359496,-0.1948666282786982,0.28883519950259406,USD_SGD,21,2.5,short,171
93,-0.07421599090715827,0.08748684969077458,-0.24569021630107646,0.09725823448675991,40,-0.05644143626370189,0.1349181177739896,-0.3208809471007215,0.2079980745733177,USD_SGD,21,3.0,long,133
97,0.02673486162579914,0.08279701610958086,-0.13554728994897935,0.18901701320057762,42,0.08997980012545016,0.1383384267545185,-0.1811635163134061,0.3611231165643064,USD_SGD,21,3.0,short,139
226,-0.08593829892416134,0.06606277467494717,-0.2154213372870578,0.04354473943873512,98,-0.030367522532596662,0.10077235782297359,-0.2278813438656249,0.16714629880043155,USD_PLN,7,1.5,long,324
242,0.007617933196098869,0.06420967530683444,-0.11823303040529663,0.13346889679749438,104,-0.038461538461538686,0.09846002145956093,-0.2314431805222781,0.15452010359920074,USD_PLN,7,1.5,short,346
168,-0.030726963899953948,0.07699422013751868,-0.18163563536949054,0.12018170756958266,72,0.1388888888888886,0.1175279335416922,-0.09146586085282812,0.3692436386306053,USD_PLN,7,2.0,long,240
169,0.004888067704454623,0.07675930314791148,-0.14556016646545186,0.15533630187436112,73,-0.041095890410958597,0.11775157039477291,-0.2718889683847135,0.1896971875627963,USD_PLN,7,2.0,short,242
117,0.02282551595996798,0.0926048076573916,-0.15867990704851953,0.2043309389684555,51,-0.01960784313725534,0.14139416766525442,-0.296740411761154,0.25752472548664335,USD_PLN,7,2.5,long,168
123,-0.024390243902439025,0.09050881290313255,-0.2017875171925788,0.15300702938770078,53,-0.056603773584905454,0.138452714284027,-0.32797109358159837,0.21476354641178744,USD_PLN,7,2.5,short,176
93,0.07321825102642776,0.10378327144742336,-0.13019696101052203,0.27663346306337755,40,0.15,0.15831646333879038,-0.16030026814402912,0.46030026814402913,USD_PLN,7,3.0,long,133
93,0.03225806451612903,0.10420294878545137,-0.17197971510335566,0.23649584413561373,40,-0.1,0.1593255013631383,-0.4122779826717511,0.21227798267175105,USD_PLN,7,3.0,short,133
218,-0.07563324377643942,0.06746928562287736,-0.20787304359727904,0.05660655604440022,94,0.032170029700058805,0.10287959326130444,-0.16947397309209788,0.2338140324922155,USD_PLN,10,1.5,long,312
247,-0.00906970528225954,0.06342841603793434,-0.13338940071661085,0.11524999015209175,106,0.037735849056603474,0.0975204987338304,-0.1534043284617041,0.22887602657491107,USD_PLN,10,1.5,short,353
170,0.02845805920475139,0.07654658828411294,-0.12157325383210996,0.17848937224161274,73,0.17808219178082163,0.11596735250411228,-0.049213819127238434,0.4053782026888817,USD_PLN,10,2.0,long,243
166,-0.009373567714499145,0.07768430233775915,-0.1616348002965071,0.14288766486750878,72,-0.08333333333333304,0.11826537094843621,-0.31513346039226797,0.14846679372560193,USD_PLN,10,2.0,short,238
114,0.06728583655540574,0.09363104438051593,-0.11623101043040548,0.25080268354121693,50,0.04,0.14274281139196338,-0.23977591032824822,0.3197759103282482,USD_PLN,10,2.5,long,164
123,0.008130081300813009,0.09053275386715483,-0.16931411627881046,0.18557427888043646,53,0.018867924528302098,0.13865036279904785,-0.2528867865578317,0.2906226356144359,USD_PLN,10,2.5,short,176
91,0.09680546533470102,0.1047132103325075,-0.10843242691701366,0.3020433575864157,39,0.17948717948717977,0.15958699594164086,-0.13330333255843632,0.4922776915327959,USD_PLN,10,3.0,long,130
88,0.045454545454545456,0.10710044078906904,-0.16446231849202986,0.25537140940112074,38,-0.05263157894736842,0.16417112997159045,-0.3744069936916857,0.26914383579694884,USD_PLN,10,3.0,short,126
219,-0.07985409654458357,0.06729300387065262,-0.21174838413106273,0.05204019104189557,95,0.0634103451769003,0.10218358904024995,-0.1368694893419896,0.2636901796957902,USD_PLN,14,1.5,long,314
235,-0.004921107091676862,0.06515792785963757,-0.13263064569656652,0.12278843151321278,102,0.01960784313725458,0.09948458920845624,-0.17538195171131965,0.21459763798582882,USD_PLN,14,1.5,short,337
163,0.023545215121519858,0.07817778757949347,-0.12968324853428734,0.17677367877732705,71,0.12676056338028138,0.1185587111682594,-0.10561451050950704,0.3591356372700698,USD_PLN,14,2.0,long,234
164,-0.04607324536955401,0.07807754340010625,-0.19910523043376227,0.10695873969465425,71,-0.1267605633802817,0.11855871116825945,-0.3591356372700702,0.10561451050950682,USD_PLN,14,2.0,short,235
120,0.08058821139430203,0.09116056476577641,-0.09808649554661975,0.2592629183352238,52,0.0,0.140028008402801,-0.27445489646948995,0.27445489646948995,USD_PLN,14,2.5,long,172
125,0.024,0.08977678412452707,-0.15196249688407307,0.19996249688407305,54,-0.03703703703703682,0.1372663199829123,-0.30607902420354494,0.2320049501294713,USD_PLN,14,2.5,short,179
93,0.11488256331060731,0.10326628576052027,-0.08751935678001241,0.31728448340122706,40,0.15000000000000027,0.15831646333879046,-0.160300268144029,0.4603002681440296,USD_PLN,14,3.0,long,133
88,0.06818181818181818,0.10696176348010986,-0.14146323823919713,0.2778268746028335,39,-0.07692307692307693,0.16174076401164517,-0.39393497438590147,0.24008882053974762,USD_PLN,14,3.0,short,127
225,-0.05994687619228356,0.06648492098258464,-0.19025732131814946,0.07036356893358234,97,0.06482661891020496,0.10136281807207259,-0.13384450451105734,0.2634977423314672,USD_PLN,21,1.5,long,322
230,-0.01807156594149588,0.0658506975463163,-0.14713893313227583,0.11099580124928406,100,0.03999999999999945,0.10042334631373558,-0.15682975877492228,0.23682975877492118,USD_PLN,21,1.5,short,330
162,0.029863395461776087,0.07840455177899258,-0.12380952602504937,0.18353631694860154,70,0.05714285714285683,0.12018914404409181,-0.17842786518356313,0.2927135794692768,USD_PLN,21,2.0,long,232
161,-0.09041001391681278,0.07856267534518896,-0.24439285759338314,0.06357282975975759,70,-0.08571428571428556,0.11994280407606907,-0.32080218170338093,0.14937361027480983,USD_PLN,21,2.0,short,231
117,0.022825515959968082,0.09260480765739162,-0.15867990704851948,0.20433093896845567,51,0.0196078431372549,0.14139416766525448,-0.2575247254866439,0.2967404117611537,USD_PLN,21,2.5,long,168
125,-0.008,0.0897997772825746,-0.18400756347384623,0.1680075634738462,54,-0.03703703703703703,0.13726631998291228,-0.3060790242035451,0.23200495012947103,USD_PLN,21,2.5,short,179
91,0.09542943283391736,0.10461817696086287,-0.10962219400937387,0.3004810596772086,40,0.2,0.1568929081105472,-0.10751009989667248,0.5075100998966725,USD_PLN,21,3.0,long,131
90,0.04149041884046551,0.10485045002046385,-0.16401646319964364,0.24699730088057464,39,-0.1282051282051282,0.16088271677005372,-0.4435352530744335,0.1871249966641771,USD_PLN,21,3.0,short,129
225,0.003978106473154146,0.0663388232677011,-0.12604598713154003,0.1340022000778483,97,0.1009505428029893,0.10103345472613419,-0.0970750284602337,0.29897611406621233,USD_CZK,7,1.5,long,322
226,0.15753165333378197,0.06554968823782087,0.029054264387653073,0.28600904227991086,97,-0.032173061374691656,0.10188968956309276,-0.23187685291835347,0.16753073016897013,USD_CZK,7,1.5,short,323
166,-0.06583436249765671,0.07734983752379099,-0.21744004404428707,0.08577131904897363,72,0.16666666666666666,0.11701824958323492,-0.06268910251647378,0.3960224358498071,USD_CZK,7,2.0,long,238
163,0.03978688709557275,0.07794245913845146,-0.1129803328157921,0.1925541070069376,71,-0.24113784441331113,0.11579881422718602,-0.4681035202985957,-0.014172168528026524,USD_CZK,7,2.0,short,234
125,0.048151096550747924,0.0888631530731065,-0.1260206834725408,0.22232287657403665,54,-0.02541893757513491,0.13621615808793008,-0.29240260742747787,0.24156473227720804,USD_CZK,7,2.5,long,179
123,0.030899314318910864,0.08883878775440787,-0.14322470967972858,0.2050233383175503,53,-0.13435447081783186,0.13711773094765697,-0.4031052234752395,0.1343962818395758,USD_CZK,7,2.5,short,176
93,-0.016896395739391036,0.10226267969303866,-0.2173312479377468,0.18353845645896474,41,0.05937770208150205,0.15626007036032058,-0.2468920358247263,0.3656474399877304,USD_CZK,7,3.0,long,134
100,-0.05274899565025638,0.09845600066062746,-0.24572275694508622,0.14022476564457342,43,-0.16487373150616377,0.14904990168539264,-0.4570115388095334,0.1272640757972058,USD_CZK,7,3.0,short,143
226,-0.044712062139558924,0.06612673063232523,-0.17432045417891637,0.08489632989979853,97,0.16280621290608208,0.10018888466633014,-0.03356400103992499,0.35917642685208917,USD_CZK,10,1.5,long,323
231,0.1600869770220061,0.0646556711379195,0.03336186159168392,0.2868120924523283,100,-0.061207869533450907,0.10020099762206539,-0.25760182487269906,0.13518608580579722,USD_CZK,10,1.5,short,331
166,-0.04287491756704722,0.07736694016220463,-0.1945141202849683,0.10876428515087386,72,0.19444444444444445,0.1164130188513907,-0.033725072504281334,0.4226139613931702,USD_CZK,10,2.0,long,238
169,0.062042973944250644,0.07646950821683306,-0.08783726216074214,0.21192321004924344,73,-0.20713406785404231,0.11510780589040874,-0.4327453673992434,0.018477231691158807,USD_CZK,10,2.0,short,242
123,0.02028983359916868,0.08993149457061785,-0.1559758957592423,0.19655556295757964,53,-0.007030615642590286,0.13754037256244336,-0.2766097458649793,0.2625485145797987,USD_CZK,10,2.5,long,176
121,0.062047972361748735,0.08960572622213674,-0.11357925103363926,0.23767519575713675,52,-0.18354257988642195,0.13620660224200018,-0.45050752028074226,0.08342236050789839,USD_CZK,10,2.5,short,173
87,0.02791534708317969,0.10559998765787232,-0.17906062872625006,0.23489132289260944,38,0.05263157894736842,0.16417112997159045,-0.26914383579694884,0.3744069936916857,USD_CZK,10,3.0,long,125
91,-0.05451622028727085,0.1035839606656201,-0.2575407831918862,0.14850834261734455,39,-0.1282051282051282,0.16088271677005372,-0.4435352530744335,0.1871249966641771,USD_CZK,10,3.0,short,130
229,-0.06360536133930947,0.06571433360345032,-0.19240545520207208,0.06519473252345315,99,0.1595830482276218,0.09922359115429635,-0.03489519043479905,0.3540612868900426,USD_CZK,14,1.5,long,328
224,0.12491112362537236,0.06599035345890004,-0.0044299691540717195,0.25425221640481643,97,-0.032173061374691656,0.10188968956309276,-0.23187685291835347,0.16753073016897013,USD_CZK,14,1.5,short,321
168,-0.052793523042544616,0.0767694278265495,-0.20326160158258164,0.0976745554974924,73,0.14964469120292534,0.11506743250900926,-0.07588747651473282,0.3751768589205835,USD_CZK,14,2.0,long,241
170,0.13426955083714845,0.0754903585712389,-0.013691551962479787,0.2822306536367767,73,-0.17973680758006974,0.11574548853721743,-0.40659796511301594,0.047124349952876426,USD_CZK,14,2.0,short,243
125,0.03596519626158199,0.08917275049346951,-0.13881339470561826,0.21074378722878223,54,-0.02541893757513491,0.13621615808793008,-0.29240260742747787,0.24156473227720804,USD_CZK,14,2.5,long,179
122,0.04943923161139455,0.08958691389505488,-0.126151119622913,0.2250295828457021,53,-0.19894743686969701,0.13449707670244063,-0.46256170720648065,0.06466683346708663,USD_CZK,14,2.5,short,175
88,0.02264395847094455,0.10452609717427605,-0.1822271919906365,0.2275151089325256,39,0.07692307692307693,0.16174076401164517,-0.24008882053974762,0.39393497438590147,USD_CZK,14,3.0,long,127
89,-0.029979382479631545,0.10452376695438814,-0.2348459657102323,0.1748872007509692,39,-0.1282051282051282,0.16088271677005372,-0.4435352530744335,0.1871249966641771,USD_CZK,14,3.0,short,128
230,-0.09535038761107441,0.06531743411629286,-0.2233725584790084,0.032671783256859585,99,0.17978506842964198,0.09887043369180523,-0.014000981606296259,0.3735711184655802,USD_CZK,21,1.5,long,329
223,0.07736740834635362,0.06639183266766172,-0.05276058368226334,0.2074954003749706,96,-0.0012581974306780236,0.10247638988218997,-0.20211192159977037,0.1995955267384143,USD_CZK,21,1.5,short,319
172,-0.05190780209017932,0.07586547736079548,-0.20060413771733845,0.09678853353697983,74,0.15431864895719832,0.11417473731368438,-0.06946383617762306,0.37810113409201973,USD_CZK,21,2.0,long,246
170,0.11074013907244257,0.07571595784250802,-0.03766313829887316,0.25914341644375827,73,-0.17973680758006974,0.11574548853721743,-0.40659796511301594,0.047124349952876426,USD_CZK,21,2.0,short,243
124,0.04431975429594956,0.08949940267900866,-0.1310990749549074,0.21973858354680653,54,0.0856921735359762,0.135751547832771,-0.18038086021625493,0.3517652072882073,USD_CZK,21,2.5,long,178
128,0.015871767629610442,0.08759943564032364,-0.15582312622542388,0.1875666614846448,55,-0.19171298461988984,0.13223135959827614,-0.45088644943251105,0.06746048019273138,USD_CZK,21,2.5,short,183
92,0.015528643437354717,0.10280355017660604,-0.18596631490879312,0.21702360178350255,40,0.1,0.1593255013631383,-0.21227798267175105,0.4122779826717511,USD_CZK,21,3.0,long,132
93,-0.03183845210904996,0.10259142665283172,-0.23291764834860013,0.16924074413050022,40,-0.13627292148485906,0.15701648135132862,-0.4440252249334632,0.17147938196374504,USD_CZK,21,3.0,short,133
239,-0.007114113048688201,0.06469518616656872,-0.13391667793516288,0.11968845183778648,103,0.009708737864077669,0.09901008764257838,-0.18435103391537594,0.20376850964353127,USD_HUF,7,1.5,long,342
235,0.02278587669906906,0.06527383329439837,-0.10515083655795174,0.15072258995608986,102,0.0,0.09950371902099892,-0.19502728928115787,0.19502728928115787,USD_HUF,7,1.5,short,337
170,0.029613939760896605,0.07666292973075872,-0.1206454025113905,0.1798732820331837,73,-0.0684931506849315,0.11757436702816194,-0.2989389100601289,0.1619526086902659,USD_HUF,7,2.0,long,243
177,-0.014945304947563678,0.0752450417193052,-0.16242558671740187,0.1325349768222745,76,-0.02631578947368421,0.11543006420769106,-0.2525587153207587,0.19992713637339027,USD_HUF,7,2.0,short,253
125,0.13599999999999993,0.0889682799581383,-0.038377828717951146,0.310377828717951,54,-0.14814814814814814,0.13584481477734792,-0.41440398511175003,0.11810768881545375,USD_HUF,7,2.5,long,179
134,-0.08690536549043859,0.08619319559333567,-0.25584402885337654,0.08203329787249933,58,0.034482758620689655,0.13237446481895077,-0.22497119242445385,0.2939367096658332,USD_HUF,7,2.5,short,192
104,0.1037550283347771,0.09754468424257659,-0.08743255278067302,0.2949426094502272,45,-0.15555555555555556,0.1489205454059161,-0.4474398245511511,0.13632871344004,USD_HUF,7,3.0,long,149
105,0.012901724040773608,0.0977770127275312,-0.17874122090518754,0.20454466898673476,45,-0.1111111111111111,0.14982219165849828,-0.40476260676176773,0.18254038453954552,USD_HUF,7,3.0,short,150
233,0.01845376386851296,0.06551365929132284,-0.10995300834247981,0.14686053607950575,101,0.009900990099009901,0.09999509839962453,-0.18608940276425417,0.205891382962274,USD_HUF,10,1.5,long,334
237,-0.019600502007252208,0.06500174467708916,-0.14700392157434697,0.10780291755984255,102,-0.0196078431372549,0.09948458920845626,-0.2145976379858292,0.17538195171131937,USD_HUF,10,1.5,short,339
165,0.07293557429910559,0.07764156838679054,-0.07924189973900385,0.22511304833721502,72,-0.05555555555555555,0.11849487896742975,-0.28780551833171786,0.17669440722060675,USD_HUF,10,2.0,long,237
175,0.007741034424464155,0.07568102406729534,-0.14059377274743468,0.156075841596363,75,0.04,0.11615460340379062,-0.18766302267142962,0.2676630226714296,USD_HUF,10,2.0,short,250
121,0.12396694214876024,0.09058293608871587,-0.053575612585122875,0.30150949688264334,52,-0.07692307692307693,0.1396131096881585,-0.3505647719118676,0.19671861806571372,USD_HUF,10,2.5,long,173
135,-0.1084838442645835,0.08568897957394055,-0.27643424422950696,0.05946655570033997,58,0.034482758620689655,0.13237446481895077,-0.22497119242445385,0.2939367096658332,USD_HUF,10,2.5,short,193
100,0.14790522946816817,0.09891139027330828,-0.04596109546751606,0.34177155440385243,44,-0.045454545454545456,0.15234094902916004,-0.34404280555169914,0.2531337146426082,USD_HUF,10,3.0,long,144
107,0.050043747890478774,0.0967413279016599,-0.13956925479677462,0.23965675057773217,47,-0.06382978723404255,0.14714129251236696,-0.35222672055828175,0.22456714609019668,USD_HUF,10,3.0,short,154
232,0.014222961126566892,0.06565931313856495,-0.11446929262502041,0.1429152148781542,100,0.02,0.10048367875913829,-0.17694801036791105,0.21694801036791103,USD_HUF,14,1.5,long,332
230,-0.024544865111820698,0.06597804045616225,-0.15386182440589868,0.1047720941822573,99,-0.030303030303030304,0.10096886398000521,-0.2282020037038405,0.1675959430977799,USD_HUF,14,1.5,short,329
165,0.07293557429910559,0.07764156838679055,-0.07924189973900388,0.22511304833721507,72,-0.05555555555555555,0.11849487896742977,-0.2878055183317179,0.1766944072206068,USD_HUF,14,2.0,long,237
168,0.037825482287388267,0.07719233468144378,-0.11347149368824153,0.18912245826301807,72,0.05555555555555555,0.11849487896742977,-0.1766944072206068,0.2878055183317179,USD_HUF,14,2.0,short,240
117,0.18441557151852278,0.09092323076395933,0.0062060392211625015,0.3626251038158831,51,-0.058823529411764705,0.1411764705882353,-0.3355294117647059,0.21788235294117647,USD_HUF,14,2.5,long,168
133,-0.11011518026856221,0.08631719833680318,-0.2792968890086964,0.05906652847157201,58,0.06896551724137931,0.13213787041210448,-0.19002470876634545,0.32795574324910404,USD_HUF,14,2.5,short,191
102,0.18422081320408645,0.0973250638160014,-0.006536311875276285,0.37497793828344916,44,-0.045454545454545456,0.15234094902916004,-0.34404280555169914,0.2531337146426082,USD_HUF,14,3.0,long,146
107,0.050043747890478774,0.0967413279016599,-0.13956925479677462,0.23965675057773217,46,0.0,0.14907119849998599,-0.2921795490599725,0.2921795490599725,USD_HUF,14,3.0,short,153
230,-0.0030446652984194786,0.06595067285895316,-0.13230798410196767,0.1262186535051287,99,0.010101010101010102,0.10101010101010101,-0.18787878787878787,0.2080808080808081,USD_HUF,21,1.5,long,329
230,-0.024544865111820698,0.06597804045616225,-0.15386182440589868,0.1047720941822573,100,-0.06,0.10032271160931835,-0.25663251475426396,0.13663251475426397,USD_HUF,21,1.5,short,330
170,0.0884374691726613,0.0763944687197009,-0.06129568951795246,0.2381706278632751,74,-0.08108108108108109,0.1166557902602472,-0.3097264299911656,0.14756426782900342,USD_HUF,21,2.0,long,244
172,0.013690005955123362,0.07633489514827613,-0.13592638853549782,0.16330640044574457,75,-0.06666666666666667,0.11598902298689065,-0.29400515172097236,0.160671818387639,USD_HUF,21,2.0,short,247
116,0.1619872667829036,0.09162863218203018,-0.017604852293875567,0.3415793858596827,50,0.0,0.14285714285714285,-0.27999999999999997,0.27999999999999997,USD_HUF,21,2.5,long,166
135,-0.04922458500532415,0.08609497741492247,-0.2179707407385722,0.11952157072792391,59,-0.05084745762711865,0.13113657897680167,-0.30787515242164987,0.2061802371674126,USD_HUF,21,2.5,short,194
100,0.18790522946816807,0.09822312422382559,-0.004612094010530088,0.3804225529468662,44,0.045454545454545456,0.15234094902916004,-0.2531337146426082,0.34404280555169914,USD_HUF,21,3.0,long,144
104,0.02264116369501181,0.09823076609479933,-0.16989113785079488,0.2151734652408185,45,-0.022222222222222223,0.1507184440694504,-0.317630372598345,0.2731859281539006,USD_HUF,21,3.0,short,149
189,0.11099607754778604,0.06816161054307086,-0.022600679116632855,0.24459283421220493,81,-0.2070835739784886,0.10109358704165033,-0.40522700458012323,-0.008940143376853948,EUR_HUF,7,1.5,long,270
209,-0.037279026753334436,0.06496911701545614,-0.16461849610362847,0.09006044259695958,90,0.10627703421740863,0.0990511792522479,-0.08786327711699728,0.30041734555181454,EUR_HUF,7,1.5,short,299
130,0.20073980012175843,0.0803466249730151,0.04326041517464882,0.3582191850688681,57,-0.13799530827431078,0.12399432158948298,-0.3810241785896974,0.10503356204107586,EUR_HUF,7,2.0,long,187
133,-0.08531344866197887,0.08121584235366705,-0.2444964996751663,0.07386960235120854,58,0.023909405329028962,0.12158737785115134,-0.21440185525922767,0.2622206659172856,EUR_HUF,7,2.0,short,191
105,0.0491107941343741,0.09021016225156121,-0.12770112387868587,0.2259227121474341,46,-0.022585610095565322,0.14360660748122053,-0.30405456075875753,0.2588833405676269,EUR_HUF,7,2.5,long,151
94,-0.11625759961465625,0.09762323525354277,-0.30759914071160005,0.07508394148228757,41,-0.1979173850445769,0.13701291025353005,-0.4664626891414958,0.070627919052342,EUR_HUF,7,2.5,short,135
86,0.12156656037323897,0.10020961184017164,-0.07484427883349744,0.3179773995799754,37,-0.3535075323785897,0.1497705708877367,-0.6470578513185536,-0.0599572134386257,EUR_HUF,7,3.0,long,123
77,-0.047100903819221385,0.10577340044669782,-0.2544167686947491,0.16021496105630634,34,-0.20622555505355203,0.1536631909254369,-0.5074054092674083,0.09495429916030426,EUR_HUF,7,3.0,short,111
189,0.09151672380150731,0.06803418647120128,-0.04183028168204721,0.22486372928506182,82,-0.1632150795658819,0.10191716496432947,-0.36297272289596766,0.03654256376420384,EUR_HUF,10,1.5,long,271
196,-0.04318204344443975,0.06678486901003762,-0.17408038670411347,0.08771629981523398,85,0.13724161496480902,0.10185680753657507,-0.062397727806878106,0.3368809577364962,EUR_HUF,10,1.5,short,281
129,0.17233171609785775,0.08118744929107917,0.013204315487342577,0.3314591167083729,56,-0.08665644272830995,0.1257851540497249,-0.3331953446657708,0.15988245920915084,EUR_HUF,10,2.0,long,185
129,-0.07985023621119919,0.08307081520854745,-0.24266903401995218,0.08296856159755381,56,0.10638407074507457,0.12317908726736744,-0.13504694029896563,0.34781508178911474,EUR_HUF,10,2.0,short,185
98,-0.0006176626310840609,0.09398272094778355,-0.18482379568873983,0.1835884704265717,42,-0.1273665623691908,0.1475839397112616,-0.41663108420326356,0.16189795946488195,EUR_HUF,10,2.5,long,140
89,-0.10967581136860963,0.10004339021553374,-0.30576085619105575,0.0864092334538365,39,-0.22145578909574054,0.13825841250872017,-0.4924422776128321,0.04953069942135102,EUR_HUF,10,2.5,short,128
89,0.01976204150615637,0.09851137715612593,-0.17332025771985043,0.21284434073216318,39,-0.27952470338179375,0.14951592606381336,-0.572575918466868,0.013526511703280453,EUR_HUF,10,3.0,long,128
73,-0.025740524204781665,0.1086407927085368,-0.23867647791351376,0.18719542950395046,32,-0.18232210039434948,0.1609542785298539,-0.4977924863128631,0.13314828552416413,EUR_HUF,10,3.0,short,105
186,0.12505814287995853,0.0690293275662097,-0.010239339149812482,0.2603556249097295,80,-0.15945963342594943,0.10375447742467987,-0.362818409178322,0.04389914232642311,EUR_HUF,14,1.5,long,266
192,-0.028503628970464902,0.06762362646719286,-0.16104593684616292,0.1040386789052331,83,0.10678037394502456,0.10405520246237963,-0.09716782288123953,0.3107285707712886,EUR_HUF,14,1.5,short,275
130,0.12158074770829456,0.08193740864145924,-0.039016573228965526,0.28217806864555467,56,-0.05094215701402425,0.12613982209994373,-0.298176208329914,0.19629189430186547,EUR_HUF,14,2.0,long,186
121,-0.042324298362996574,0.0860516352904058,-0.21098550353219192,0.1263369068061988,53,0.044166537387454845,0.1261682337141768,-0.20312320069233167,0.29145627546724134,EUR_HUF,14,2.0,short,174
94,0.05993156831163853,0.0953634516077178,-0.12698079683948835,0.24684393346276542,41,-0.1425134548802298,0.14861893948819296,-0.43380657627708796,0.1487796665166284,EUR_HUF,14,2.5,long,135
88,-0.12241858785838598,0.0992600976784092,-0.316968379308068,0.07213120359129603,39,-0.215257662612485,0.13797419418204265,-0.48568708320928855,0.05517175798431859,EUR_HUF,14,2.5,short,127
80,0.02070141708459796,0.1029041391803008,-0.1809906957087916,0.22239352987798752,35,-0.24593815299364116,0.15933119668760984,-0.5582272985013564,0.06635099251407414,EUR_HUF,14,3.0,long,115
68,-0.029201506862830878,0.11235748586087972,-0.24942217915015513,0.19101916542449338,30,-0.0752508752545912,0.1661823335994149,-0.4009682491094444,0.25046649860026193,EUR_HUF,14,3.0,short,98
186,0.11426998124637128,0.06853378786015527,-0.020056242959533038,0.2485962054522756,81,-0.009220929229554826,0.10457941642735868,-0.21419658542717784,0.19575472696806817,EUR_HUF,21,1.5,long,267
189,-0.04497912419472117,0.0685639821792109,-0.17936452926597454,0.08940628087653221,81,0.12029573024922627,0.10436423163303793,-0.08425816375152806,0.3248496242499806,EUR_HUF,21,1.5,short,270
130,0.08628428119551372,0.08199783556138368,-0.0744314765047983,0.24700003889582572,56,-0.12313503576944908,0.12520580297976056,-0.36853840960977974,0.1222683380708816,EUR_HUF,21,2.0,long,186
122,-0.11886511417951218,0.08492716138117103,-0.28532235048660737,0.04759212212758304,53,-0.024607469534590642,0.12655798072153182,-0.27266111174879304,0.22344617267961173,EUR_HUF,21,2.0,short,175
95,-0.00703029617837494,0.09584207294591937,-0.1948807591523769,0.180820166795627,42,-0.14593484728237432,0.14507758317489852,-0.4302869103051754,0.13841721574042676,EUR_HUF,21,2.5,long,137
88,-0.08750039735669297,0.10046370620020036,-0.2844092615090857,0.10940846679569972,39,-0.16397561133043373,0.13981653712983588,-0.438016024104912,0.1100648014440446,EUR_HUF,21,2.5,short,127
74,0.04943351258616124,0.10773900972009781,-0.16173494646523046,0.26060197163755294,32,-0.300244854836795,0.16326477598293615,-0.6202438157633499,0.019754106089759804,EUR_HUF,21,3.0,long,106
70,-0.0011188908560373228,0.11250707525542845,-0.2216327583566771,0.21939497664460242,30,-0.07121138882872528,0.1670536968246588,-0.3986366346050565,0.2562138569476059,EUR_HUF,21,3.0,short,100
168,0.014331525475650742,0.06981560191169711,-0.1225070542712756,0.1511701052225771,73,-0.2577396843261066,0.0882165792744417,-0.43064417970401236,-0.08483518894820088,EUR_PLN,7,1.5,long,241
179,-0.09119917514333675,0.06960505719329567,-0.22762508724219627,0.04522673695552276,78,0.037686817594979875,0.08949844933221368,-0.13773014309615894,0.2131037782861187,EUR_PLN,7,1.5,short,257
132,-0.0629063910536682,0.0790345391903168,-0.21781408786668915,0.09200130575935274,57,-0.31461349204723815,0.09271285503822532,-0.4963306879221598,-0.13289629617231652,EUR_PLN,7,2.0,long,189
118,-0.019594033917046443,0.08608943221746149,-0.18832932106327097,0.14914125322917807,52,-0.04794321759572787,0.10485663174869074,-0.25346221582316175,0.157575780631706,EUR_PLN,7,2.0,short,170
96,-0.1256620108735149,0.09175355576215735,-0.30549898016734334,0.05417495842031353,42,-0.16954439289277604,0.11730969462370361,-0.3994713943552351,0.06038260856968303,EUR_PLN,7,2.5,long,138
100,0.021274909019229717,0.09130004662410737,-0.15767318236402073,0.20022300040248014,43,0.05855942384932866,0.12088208686167544,-0.1783694663995552,0.2954883140982125,EUR_PLN,7,2.5,short,143
76,0.030191796869611667,0.10563980169244458,-0.1768622144475797,0.23724580818680302,33,-0.23784019050829924,0.13638703307058117,-0.5051587753266383,0.029478394310039846,EUR_PLN,7,3.0,long,109
73,0.010032996326919197,0.1075567827731297,-0.200778297908415,0.2208442905622534,32,0.042222725564593666,0.14053137915054123,-0.23321877757046716,0.3176642286996545,EUR_PLN,7,3.0,short,105
163,-0.04215353674215924,0.07041682087398564,-0.1801705056551711,0.09586343217085261,70,-0.19931872769723508,0.09089034357971042,-0.3774638011134675,-0.021173654281002652,EUR_PLN,10,1.5,long,233
175,-0.123921850437618,0.06997115891761611,-0.26106532191614557,0.01322162104090957,76,0.05893541795360768,0.08906459787317132,-0.1156311938778081,0.23350202978502346,EUR_PLN,10,1.5,short,251
136,-0.0701007255336878,0.07685470993734679,-0.2207359570108875,0.0805345059435119,59,-0.2548740215889024,0.09380551936462747,-0.43873283954357223,-0.07101520363423253,EUR_PLN,10,2.0,long,195
122,-0.023168669904088307,0.08381378873463054,-0.18744369582396417,0.14110635601578755,53,0.019606109931642794,0.10197114248144305,-0.18025732933198557,0.21946954919527117,EUR_PLN,10,2.0,short,175
95,-0.14088596482995785,0.09137673581387623,-0.31998436702515526,0.03821243736523955,41,-0.20269260599037306,0.1171542997434913,-0.432315033487616,0.026929821506869872,EUR_PLN,10,2.5,long,136
100,0.06484165415837552,0.09197007866194146,-0.11541970001902972,0.24510300833578075,43,0.043409841793224886,0.1213535845709115,-0.19444318396576166,0.2812628675522114,EUR_PLN,10,2.5,short,143
70,-0.026079842792952026,0.11043971201639519,-0.24254167834508658,0.19038199275918252,30,-0.23366643104161683,0.14011728070513027,-0.5082963012236721,0.040963439140438485,EUR_PLN,10,3.0,long,100
72,-0.013116594179707132,0.11180222138908054,-0.23224894810230498,0.20601575974289074,31,-0.1298773918033325,0.13978453877761501,-0.40385508780745794,0.14410030420079292,EUR_PLN,10,3.0,short,103
161,-0.05489837351660841,0.07064510454410126,-0.1933627784230469,0.08356603138983006,70,-0.18192344072933858,0.09244671984694298,-0.3631190116293468,-0.0007278698293303465,EUR_PLN,14,1.5,long,231
175,-0.07464064504587681,0.07057197777325487,-0.21296172148145634,0.06368043138970272,75,0.012120209604967371,0.0887052885067079,-0.1617421558681801,0.18598257507811486,EUR_PLN,14,1.5,short,250
130,-0.04074000449937163,0.07965972561795368,-0.19687306671056082,0.11539305771181757,57,-0.28043800637123434,0.0949916258700443,-0.4666215930765212,-0.09425441966594753,EUR_PLN,14,2.0,long,187
116,0.0005665124678871962,0.08613649522891477,-0.16826101818078576,0.16939404311656014,50,-0.011587007678880172,0.10604480873908352,-0.21943483280748388,0.1962608174497235,EUR_PLN,14,2.0,short,166
98,-0.08383541550114212,0.09069491524147527,-0.26159744937443363,0.09392661837214941,43,-0.1825737651374009,0.11539419259472279,-0.40874638262305757,0.04359885234825578,EUR_PLN,14,2.5,long,141
96,0.04168605433906786,0.0948687629120839,-0.14425672096861658,0.2276288296467523,42,0.020657590231380724,0.12252787950149006,-0.2194970535915398,0.2608122340543012,EUR_PLN,14,2.5,short,138
65,-0.11417594999051192,0.11232942808354213,-0.33434162903425446,0.10598972905323065,28,-0.21838058621892256,0.13612232578409383,-0.48518034475574645,0.048419172317901354,EUR_PLN,14,3.0,long,93
72,0.017730273209137042,0.11233245079491426,-0.20244133034889492,0.23790187676716898,32,-0.2486091999865945,0.1331009567532684,-0.5094870752230006,0.012268675249811595,EUR_PLN,14,3.0,short,104
163,-0.053700276555257866,0.07008375549484411,-0.1910644373251523,0.08366388421463658,70,-0.25627511889197346,0.0909727547755485,-0.4345817182520485,-0.0779685195318984,EUR_PLN,21,1.5,long,233
165,-0.0789743772894189,0.07184183000953351,-0.2197843641081046,0.06183560952926677,71,0.057139202514468176,0.0942790541142271,-0.12764774354941694,0.24192614857835332,EUR_PLN,21,1.5,short,236
127,-0.07610627377940145,0.07988095049323819,-0.2326729367461483,0.0804603891873454,55,-0.24951347930059037,0.10046399815299682,-0.4464229156804641,-0.052604042920716604,EUR_PLN,21,2.0,long,182
117,0.022300774352988738,0.08548476814217527,-0.1452493712056748,0.1898509199116523,51,-0.018740988012734175,0.10320285265745159,-0.22101857922133927,0.18353660319587095,EUR_PLN,21,2.0,short,168
93,-0.04444647466110927,0.09285352705340881,-0.22643938768579053,0.137546438363572,40,-0.26274900872181944,0.11034379014829762,-0.47902283741248275,-0.04647518003115611,EUR_PLN,21,2.5,long,133
91,0.042396828557396994,0.09642602997882586,-0.1465981902011017,0.23139184731589568,39,0.03447256130218633,0.12975410711913088,-0.21984548865131015,0.28879061125568284,EUR_PLN,21,2.5,short,130
72,-0.07192795768276106,0.10838634081963552,-0.2843651856892467,0.14050927032372457,31,-0.24753230782542676,0.1357590410187332,-0.5136200282221438,0.018555412571290314,EUR_PLN,21,3.0,long,103
74,0.1011485511788645,0.1111414134129815,-0.11668861911057925,0.3189857214683082,33,-0.07890636801099034,0.1360205094278378,-0.3455065664895524,0.18769383046757177,EUR_PLN,21,3.0,short,107
225,0.05070008266621606,0.061263899513550955,-0.0693771603803438,0.17077732571277593,97,-0.1484722442583793,0.09609127576138199,-0.33681114475068796,0.039866656233929404,EUR_SEK,7,1.5,long,322
227,-0.14891754183964542,0.06011774861268583,-0.26674832912050966,-0.031086754558781196,98,0.06575688914234136,0.09296431134776842,-0.11645316109928473,0.24796693938396747,EUR_SEK,7,1.5,short,325
144,-0.029863336434512357,0.07811981413625521,-0.18297817214157258,0.12325149927254786,62,-0.26230489031202653,0.11851830927495621,-0.4946007764909407,-0.03000900413311236,EUR_SEK,7,2.0,long,206
141,-0.06397536985368146,0.07733633264736285,-0.21555458184251264,0.08760384213514971,61,0.17698646750969665,0.11615343037852117,-0.05067425603220485,0.4046471910515982,EUR_SEK,7,2.0,short,202
98,0.004398790439577879,0.09494161444021514,-0.18168677386324378,0.19048435474239955,43,0.011435437434062069,0.15090031218737215,-0.28432917445318734,0.30720004932131145,EUR_SEK,7,2.5,long,141
107,-0.09064145300118735,0.08695047514080344,-0.2610643842771621,0.07978147827478739,47,0.0939771687188612,0.13388303812341545,-0.1684335860030331,0.3563879234407555,EUR_SEK,7,2.5,short,154
76,-0.022485928704304273,0.10549389508578112,-0.22925396307243526,0.18428210566382672,33,0.2774377302218681,0.16031566883970236,-0.03678098070394853,0.5916564411476847,EUR_SEK,7,3.0,long,109
85,-0.13717328402080514,0.09861378816544243,-0.33045630882507226,0.05610974078346201,37,0.15235198856325752,0.1558550655860166,-0.15312393998533505,0.4578279171118501,EUR_SEK,7,3.0,short,122
228,0.019309423211536902,0.06084115572991155,-0.09993924201908973,0.13855808844216352,98,-0.15984704678613193,0.09580410711036436,-0.34762309672244607,0.027929003150182208,EUR_SEK,10,1.5,long,326
224,-0.13856350943775933,0.060819653898915964,-0.2577700310796346,-0.019356987795884045,96,0.06712682433280683,0.09374369939546054,-0.11661082648229583,0.2508644751479095,EUR_SEK,10,1.5,short,320
145,-0.02830314379245356,0.07757267972776567,-0.18034559605887426,0.12373930847396715,63,-0.1734524959653659,0.12231547203359484,-0.4131908211512118,0.06628582922047999,EUR_SEK,10,2.0,long,208
141,-0.10540057305837006,0.07600076470093425,-0.25436207187220117,0.04356092575546108,61,0.20395195688924941,0.11200143176648612,-0.015570849373063383,0.4234747631515622,EUR_SEK,10,2.0,short,202
100,0.011645286971232637,0.09310146638212428,-0.17083358713773097,0.19412416108019623,43,0.01856486617307514,0.1499278295499781,-0.27529367974488195,0.3124234120910322,EUR_SEK,10,2.5,long,143
107,-0.05749786144299507,0.0886289143470403,-0.23121053356319407,0.11621481067720393,46,0.1036289373755369,0.13629566003415533,-0.16351055629140754,0.37076843104248136,EUR_SEK,10,2.5,short,153
78,-0.023690795952751944,0.10435005371642,-0.22821690123693517,0.18083530933143127,34,0.25643351767082323,0.156940945594843,-0.05117073569506908,0.5640377710367155,EUR_SEK,10,3.0,long,112
82,-0.13204396174146257,0.10005184185585866,-0.32814557177894554,0.0640576482960204,36,0.1013262373600563,0.15647547091520422,-0.20536568563374397,0.4080181603538566,EUR_SEK,10,3.0,short,118
229,-0.0018860714994385901,0.060740881083868874,-0.12093819842382159,0.1171660554249444,99,-0.1695093360785999,0.09417593736321914,-0.3540941733105094,0.015075501153309606,EUR_SEK,14,1.5,long,328
221,-0.11059222724253315,0.06183317327573588,-0.23178524686297547,0.010600792377909174,95,0.057307106694204794,0.09421453646801983,-0.12735338478311406,0.24196759817152366,EUR_SEK,14,1.5,short,316
143,-0.07131061688420136,0.07786759110485644,-0.22393109544972,0.08130986168131728,62,-0.1601210846099686,0.12356394340614393,-0.4023064136860107,0.0820642444660735,EUR_SEK,14,2.0,long,205
144,-0.11416411837475672,0.07531098567446942,-0.2617736502967168,0.03344541354720333,63,0.22291451382917765,0.11080486741927113,0.005736973687406222,0.4400920539709491,EUR_SEK,14,2.0,short,207
102,0.03317265916272459,0.09175404863303434,-0.14666527615802272,0.21301059448347187,44,-0.050038880785403854,0.14810386555929192,-0.34032245728161603,0.2402446957108083,EUR_SEK,14,2.5,long,146
102,-0.0648511223455157,0.090081739063913,-0.24141133091078515,0.11170908621975377,44,0.15754378587208462,0.13801957052554434,-0.1129745723579823,0.42806214410215154,EUR_SEK,14,2.5,short,146
78,-0.07409531583730293,0.10380874419070686,-0.2775604544510884,0.1293698227764825,34,0.18071284987946623,0.1615022211914847,-0.13583150365584373,0.4972572034147762,EUR_SEK,14,3.0,long,112
80,-0.12175348283423908,0.10328883283081655,-0.3241995951826395,0.08069262951416135,35,0.0821760544560807,0.15636946775552477,-0.22430810234474782,0.3886602112569092,EUR_SEK,14,3.0,short,115
228,-0.005554199884175699,0.061141824683631656,-0.12539217626409374,0.11428377649574234,98,-0.21168004933072093,0.09317416093242681,-0.39430140475827746,-0.0290586939031644,EUR_SEK,21,1.5,long,326
221,-0.16111380296328115,0.06097656143145646,-0.2806278633689358,-0.041599742557626496,96,0.10734355426023395,0.09335734380892459,-0.07563683960525824,0.29032394812572615,EUR_SEK,21,1.5,short,317
145,-0.030088391982993446,0.07741802528403953,-0.18182772153971094,0.12165093757372404,63,-0.18500971541581102,0.12106677930854853,-0.42230060286056614,0.05228117202894411,EUR_SEK,21,2.0,long,208
148,-0.12632064471467574,0.07486216351270093,-0.27305048519956954,0.020409195770218075,64,0.2271999666254674,0.10960432060418958,0.012375498241255833,0.442024435009679,EUR_SEK,21,2.0,short,212
100,0.007652384191771144,0.09215062808145907,-0.17296284684788865,0.18826761523143093,44,-0.049645358661315135,0.144771047426102,-0.33339661161647505,0.23410589429384476,EUR_SEK,21,2.5,long,144
105,-0.11343289271579939,0.08747974694326555,-0.28489319672459984,0.05802741129300108,45,0.14314622107482192,0.13456997975371235,-0.12061093924245428,0.40690338139209814,EUR_SEK,21,2.5,short,150
78,-0.09413378209086024,0.10374148966874688,-0.29746710184160413,0.10919953765988366,34,0.07969003141578516,0.16173233598684045,-0.2373053471184221,0.39668540994999246,EUR_SEK,21,3.0,long,112
77,-0.09789458457146791,0.10533556170984587,-0.30435228552276583,0.10856311637982999,34,0.1065356532642558,0.15822395123088903,-0.20358329114828672,0.4166545976767983,EUR_SEK,21,3.0,short,111
255,0.013613893325772699,0.06253349281856946,-0.10895175259862343,0.13617953925016882,110,-0.08821359381874269,0.09211872711539984,-0.2687662989649264,0.09233911132744099,NZD_CAD,7,1.5,long,365
257,-0.023434309450204836,0.062323316689300204,-0.14558801016123324,0.09871939126082356,111,-0.14165120723536392,0.09050488555836927,-0.3190407829297677,0.035738368459039854,NZD_CAD,7,1.5,short,368
182,-0.03544977402612098,0.07405072472887625,-0.18058919449471844,0.10968964644247647,78,-0.118716848762346,0.1105629289502268,-0.3354201895047906,0.09798649198009854,NZD_CAD,7,2.0,long,260
183,0.03612551597542468,0.07394942835052729,-0.10881536359160879,0.18106639554245815,79,-0.05388184930776895,0.11023265041334493,-0.269937844117925,0.1621741455023871,NZD_CAD,7,2.0,short,262
133,-0.024124275693814926,0.08637136768920796,-0.19341215636466252,0.14516360497703268,58,-0.04002094603106187,0.13010433736089438,-0.29502544725841484,0.2149835551962911,NZD_CAD,7,2.5,long,191
131,0.19522600638598772,0.08546160711030476,0.0277212564497904,0.36273075632218504,57,-0.1992545223263645,0.12837522307229374,-0.4508699595480602,0.052360914895331206,NZD_CAD,7,2.5,short,188
100,-0.05408049189491354,0.09993636064950118,-0.24995575876793585,0.14179477497810877,43,-0.004545335828891034,0.15256629388985554,-0.3035752718530079,0.2944846001952258,NZD_CAD,7,3.0,long,143
102,0.06310603241450882,0.0989711071714096,-0.13087733764145398,0.25708940247047163,44,-0.1356993304117683,0.1470470354581176,-0.4239115199096788,0.1525128590861422,NZD_CAD,7,3.0,short,146
261,0.008984683611553766,0.061698292361686884,-0.11194396941735252,0.12991333664046006,112,-0.10449549392912227,0.0911894435512956,-0.28322680328966165,0.07423581543141711,NZD_CAD,10,1.5,long,373
262,-0.06177611668902187,0.06174040315434311,-0.18278730687153436,0.05923507349349061,113,-0.16821533060174373,0.08878275236882469,-0.3422295252446401,0.0057988640411526515,NZD_CAD,10,1.5,short,375
182,-0.03544977402612098,0.07405072472887625,-0.18058919449471844,0.10968964644247647,78,-0.16999890004439727,0.1096899100968851,-0.38499112383429207,0.04499332374549753,NZD_CAD,10,2.0,long,260
184,-0.0021142966113982904,0.07379596233999983,-0.14675438279779793,0.14252578957500137,79,-0.0791983050039715,0.11003655482978687,-0.29486995247035375,0.13647334246241077,NZD_CAD,10,2.0,short,263
133,-0.05602110232918558,0.08627784401915724,-0.22512567660673377,0.1130834719483626,58,-0.10898646327244116,0.129409626201188,-0.36262933062676966,0.14465640408188735,NZD_CAD,10,2.5,long,191
132,0.17101974876185144,0.08553552244853271,0.003370124762727328,0.33866937276097553,57,-0.16416680302811892,0.12925906349730792,-0.41751456748284244,0.08918096142660459,NZD_CAD,10,2.5,short,189
98,-0.07559233866827912,0.10081015834866286,-0.27318024903165833,0.12199557169510007,42,0.019155965698992514,0.15434622630025532,-0.2833626378495079,0.32167456924749294,NZD_CAD,10,3.0,long,140
100,0.10436815306279901,0.0996092901948299,-0.09086605571906761,0.2996023618446656,44,-0.2266084213208592,0.14441901641940405,-0.5096696935028912,0.056452850861172715,NZD_CAD,10,3.0,short,144
264,0.005094706146270958,0.06135067479971588,-0.11515261646117216,0.12534202875371409,114,-0.10266223964966402,0.09045415488480789,-0.2799523832238875,0.07462790392455944,NZD_CAD,14,1.5,long,378
266,-0.05479087650007901,0.061225764477031236,-0.17479337487506025,0.06521162187490222,115,-0.14789854224345253,0.08839675061495131,-0.32115617344875713,0.025359088961852044,NZD_CAD,14,1.5,short,381
178,-0.03624639816153943,0.07487534684501389,-0.18300207797776666,0.11050928165468779,77,-0.13324563900601283,0.11103697167257648,-0.35087810348426274,0.08438682547223705,NZD_CAD,14,2.0,long,255
181,0.03652469294752882,0.0743566265992457,-0.10921429518699276,0.18226368108205038,78,-0.11424372943536326,0.11074407511331669,-0.33130211665746395,0.10281465778673743,NZD_CAD,14,2.0,short,259
133,0.004129273610664048,0.08641477118665941,-0.1652436779151884,0.17350222513651647,57,-0.12844236613686996,0.13020331034860338,-0.3836408544201326,0.12675612214639267,NZD_CAD,14,2.5,long,190
129,0.18274889020592552,0.08633161395279167,0.01353892685845387,0.3519588535533972,56,-0.18171214772351035,0.12982550742396018,-0.4361701422744723,0.07274584682745161,NZD_CAD,14,2.5,short,185
96,-0.09800051239053494,0.10165543716736697,-0.2972451692385742,0.1012441444575043,42,-0.028463081920055106,0.1543112047595258,-0.33091304324872567,0.2739868794086155,NZD_CAD,14,3.0,long,138
99,0.0953213667301,0.10020472080496176,-0.10107988604762505,0.2917226195078251,43,-0.1621109427469257,0.14805977913688417,-0.45230810985521863,0.12808622436136727,NZD_CAD,14,3.0,short,142
266,0.012575197077502003,0.061116980479607626,-0.10721408466252895,0.13236447881753297,114,-0.1292972743399753,0.08971426141678028,-0.3051372267168646,0.04654267803691406,NZD_CAD,21,1.5,long,380
267,-0.06582162228097758,0.061070050575243395,-0.18551892140845463,0.053875676846499465,115,-0.14763845751596436,0.08929328112015318,-0.3226532885114646,0.027376373479535865,NZD_CAD,21,1.5,short,382
182,-0.04211467756684204,0.07383545705364332,-0.18683217339198294,0.10260281825829887,79,-0.14557142461032596,0.10876936782413844,-0.3587593855456373,0.06761653632498538,NZD_CAD,21,2.0,long,261
181,0.03652469294752881,0.0743566265992457,-0.10921429518699277,0.18226368108205038,78,-0.0886027037943376,0.11104862944907222,-0.30625801751451914,0.12905260992584394,NZD_CAD,21,2.0,short,259
131,-0.056876386334211305,0.08692507468505775,-0.2272495327169245,0.1134967600485019,57,-0.05826692754037873,0.13109871689568967,-0.3152204126559304,0.19868655757517298,NZD_CAD,21,2.5,long,188
126,0.11875902708779108,0.08845203353225442,-0.05460695863542757,0.2921250128110097,55,-0.16683418677302872,0.13133680795793565,-0.4242543303705826,0.09058595682452517,NZD_CAD,21,2.5,short,181
94,-0.057532438186078234,0.10306188981683566,-0.25953374222707615,0.14446886585491966,41,-0.004767059527861328,0.1562464999895396,-0.3110101995073589,0.30147608045163626,NZD_CAD,21,3.0,long,135
98,0.10444210479585041,0.1007627792957319,-0.0930529426237841,0.3019371522154849,42,-0.14216120328851917,0.15024527605292445,-0.43664194435225107,0.15231953777521273,NZD_CAD,21,3.0,short,140
254,0.07420967646756603,0.06236052057027111,-0.04801694385016535,0.1964362967852974,109,-0.1412174269534679,0.09422481519526019,-0.3258980647361779,0.043463210829242066,NZD_CHF,7,1.5,long,363
258,0.01187915403558595,0.06151498606559858,-0.10869021865298727,0.13244852672415916,111,-0.056288346014246336,0.0937797086326945,-0.24009657493432757,0.12751988290583488,NZD_CHF,7,1.5,short,369
163,-0.06479126272305792,0.07789570139253513,-0.2174668374524268,0.08788431200631093,71,-0.0776859161768102,0.11620106286777264,-0.30543999939764455,0.15006816704402418,NZD_CHF,7,2.0,long,234
172,0.06355278891580976,0.07561151824597458,-0.08464578684630042,0.21175136467791994,75,-0.030402938697462526,0.11547722997951149,-0.256738309457305,0.19593243206237998,NZD_CHF,7,2.0,short,247
123,-0.16026465533787174,0.08902278742531446,-0.33474931869148805,0.014220008015744606,54,-0.06180290102204253,0.13410596917637224,-0.3246506006077321,0.20104479856364707,NZD_CHF,7,2.5,long,177
125,0.08254777848924681,0.08885677400479226,-0.09161149856014601,0.25670705553863965,55,0.23636363636363636,0.1322268135107359,-0.022800918117406005,0.4955281908446787,NZD_CHF,7,2.5,short,180
92,-0.13903084626271697,0.10216376370461513,-0.33927182312376264,0.061210130598328694,40,0.027881298863864635,0.15756953266169899,-0.2809549851530654,0.3367175828807947,NZD_CHF,7,3.0,long,132
94,-0.09947198147232778,0.10269345485955618,-0.3007511529970579,0.10180719005240232,41,0.15382450251574523,0.1544541687172188,-0.14890566817000359,0.456554673201494,NZD_CHF,7,3.0,short,135
248,0.05987603960791036,0.06316677331484248,-0.0639308360891809,0.1836829153050016,107,-0.12679773068922937,0.09513381924420478,-0.3132600164078707,0.05966455502941198,NZD_CHF,10,1.5,long,355
251,0.008226381438968824,0.06234814550359432,-0.11397598374807603,0.13042874662601367,109,-0.07566978355579214,0.0944924219399031,-0.2608749305580022,0.10953536344641794,NZD_CHF,10,1.5,short,360
162,-0.03191831609388637,0.07810632877557173,-0.18500672049400696,0.12117008830623421,70,-0.06583054151509868,0.11702451384264455,-0.295198588646682,0.16353750561648464,NZD_CHF,10,2.0,long,232
174,0.0693612161224588,0.07511349935685967,-0.07786124261698615,0.21658367486190375,75,0.0229303946358708,0.11550054658348018,-0.20345067666775035,0.24931146593949194,NZD_CHF,10,2.0,short,249
118,-0.15858095429286628,0.09091546392949211,-0.3367752635946708,0.019613355008938238,52,-0.14412234576691363,0.13577176953571662,-0.4102350140569182,0.12199032252309094,NZD_CHF,10,2.5,long,170
128,0.0884255649309051,0.08777080636541443,-0.08360521554530718,0.2604563454071174,55,0.23636363636363636,0.1322268135107359,-0.022800918117406005,0.4955281908446787,NZD_CHF,10,2.5,short,183
93,-0.10172996284046261,0.10207836575206024,-0.3018035597145007,0.09834363403357545,41,0.05159151108669721,0.15549663066034777,-0.25318188500758443,0.3563649071809788,NZD_CHF,10,3.0,long,134
94,-0.09947198147232778,0.10269345485955617,-0.30075115299705785,0.1018071900524023,41,0.30016596593037936,0.14898036614235302,0.008164448291367421,0.5921674835693913,NZD_CHF,10,3.0,short,135
246,0.060362836677893376,0.06341934440956581,-0.06393907836485563,0.18466475172064237,106,-0.15420239837440652,0.09425548720893646,-0.338943153303922,0.030538356555108948,NZD_CHF,14,1.5,long,352
249,0.024775289600104746,0.06258990632104872,-0.09790092678915073,0.14745150598936022,108,-0.08562968895908651,0.09484016912081072,-0.27151642043587554,0.10025704251770251,NZD_CHF,14,1.5,short,357
161,-0.05075010687707822,0.07828375173074342,-0.20418626026933534,0.10268604651517889,70,-0.12297339865795584,0.11635453351444272,-0.35102828434626354,0.10508148703035189,NZD_CHF,14,2.0,long,231
175,0.08342810436042254,0.07466129758834131,-0.06290803891272641,0.2297642476335715,76,0.009470784180135665,0.11476268923964972,-0.2154640867295778,0.23440565508984912,NZD_CHF,14,2.0,short,251
122,-0.16977502136523134,0.08924184723912452,-0.3446890419539154,0.005138999223452734,53,-0.12253513169583978,0.1349235323298584,-0.38698525506236225,0.14191499167068267,NZD_CHF,14,2.5,long,175
129,0.04898040551283607,0.08767388006769779,-0.1228603994198516,0.22082121044552372,56,0.10714285714285714,0.13406378455884793,-0.1556221605924848,0.3699078748781991,NZD_CHF,14,2.5,short,185
95,-0.19535011980917508,0.10010133342902076,-0.3915487333300558,0.0008484937117056168,41,0.006640421444970708,0.15513930145708832,-0.29743260941092237,0.31071345230086383,NZD_CHF,14,3.0,long,136
98,-0.10204081632653061,0.10100462742300449,-0.3000098860756194,0.09592825342255817,42,0.3168286810272751,0.14634166764647816,0.02999901244017794,0.6036583496143724,NZD_CHF,14,3.0,short,140
247,0.01830066538864554,0.0632820505909939,-0.1057321537697025,0.14233348454699357,106,-0.15420239837440652,0.09425548720893646,-0.338943153303922,0.030538356555108948,NZD_CHF,21,1.5,long,353
242,0.05743421912104027,0.06350351378053097,-0.06703266788880043,0.18190110613088095,104,-0.07666437419877498,0.09677653209931111,-0.2663463771134248,0.11301762871587481,NZD_CHF,21,1.5,short,346
168,-0.05612074396594341,0.07658071218884774,-0.20621893985608497,0.09397745192419815,73,-0.06903444029597372,0.11533264711642313,-0.295086428644163,0.1570175480522156,NZD_CHF,21,2.0,long,241
178,0.04269617001726936,0.07423647537873716,-0.10280732172505547,0.18819966175959418,77,-0.003639226004021947,0.114018669317447,-0.22711581786621807,0.21983736585817418,NZD_CHF,21,2.0,short,255
125,-0.18970042085246577,0.08783575023323496,-0.3618584913096063,-0.017542350395325257,54,-0.06471040703480571,0.1344565905426669,-0.3282453244984328,0.1988245104288214,NZD_CHF,21,2.5,long,179
126,0.04221009770758614,0.08873285434099545,-0.13170629680076495,0.21612649221593722,55,0.2,0.13333333333333333,-0.061333333333333295,0.4613333333333333,NZD_CHF,21,2.5,short,181
95,-0.19535011980917508,0.10010133342902076,-0.3915487333300558,0.0008484937117056168,42,0.026553617965585377,0.15380087015439659,-0.27489608753703193,0.32800332346820266,NZD_CHF,21,3.0,long,137
99,-0.1111111111111111,0.10038976698947236,-0.3078750544104769,0.0856528321882547,43,0.2440999999192753,0.1443106049286843,-0.03874878574094595,0.5269487855794965,NZD_CHF,21,3.0,short,142
213,0.029478039381487086,0.06647623287061732,-0.10081537704492287,0.15977145580789703,92,-0.022688241747537117,0.10383183224238449,-0.2261986329426107,0.18082214944753647,EUR_NOK,7,1.5,long,305
213,-0.02754050985413109,0.06627780587924137,-0.15744500937744418,0.102363989669182,92,0.039095004743551966,0.10365761731510223,-0.1640739251940484,0.24226393468115232,EUR_NOK,7,1.5,short,305
140,-0.01789156393425122,0.08371293497064819,-0.18196891647672167,0.1461857886082192,60,-0.07720320195211954,0.12885596410147593,-0.32976089159101235,0.17535448768677325,EUR_NOK,7,2.0,long,200
145,-0.09515714596011157,0.07887101310786536,-0.24974433165152768,0.059430039731304535,63,-0.05498247467888235,0.1249119755707849,-0.29980994679762074,0.18984499743985606,EUR_NOK,7,2.0,short,208
101,-0.04647602784224416,0.09714770708011528,-0.2368855337192701,0.14393347803478176,44,-0.08153028882293248,0.15084764627969036,-0.37719167553112554,0.2141310978852606,EUR_NOK,7,2.5,long,145
109,-0.11522695717582013,0.09188778272730617,-0.2953270113213402,0.06487309696969998,47,-0.07205596271080776,0.14364440729244835,-0.35359900100400654,0.209487075582391,EUR_NOK,7,2.5,short,156
79,-0.21802237374739655,0.10723409761981542,-0.4282012050822348,-0.00784354241255833,34,-0.1366977819724827,0.17016497270615297,-0.4702211284765425,0.1968255645315771,EUR_NOK,7,3.0,long,113
86,-0.01571908509341709,0.1049268628570468,-0.22137573629322885,0.18993756610639465,37,-0.13053703869793165,0.16453184095883008,-0.4530194469772386,0.1919453695813753,EUR_NOK,7,3.0,short,123
215,0.04023490317395919,0.06580559551596919,-0.08874406403734042,0.1692138703852588,93,-0.09771309936315499,0.10279995109866918,-0.2992010035165466,0.10377480479023661,EUR_NOK,10,1.5,long,308
210,-0.03246057900687255,0.06655953894286974,-0.16291727533489725,0.09799611732115215,90,-0.004480661817702438,0.10487203077517085,-0.2100298421370373,0.20106851850163243,EUR_NOK,10,1.5,short,300
143,-0.02450922343213405,0.08283481478351479,-0.18686546040782304,0.13784701354355494,62,-0.13257298105380969,0.12531352055809009,-0.3781874813476662,0.11304151924004688,EUR_NOK,10,2.0,long,205
147,-0.06780695262782332,0.0787578524561031,-0.2221723434417854,0.08655843818613876,64,-0.007248373512024819,0.12413631728787525,-0.2505555553962603,0.23605880837221066,EUR_NOK,10,2.0,short,211
100,-0.05287683614054279,0.09791087325475097,-0.24478214771985468,0.13902847543876912,44,-0.03607574336838703,0.1512591539744028,-0.3325436851582165,0.2603921984214424,EUR_NOK,10,2.5,long,144
114,-0.1420596915599445,0.08910478108535311,-0.3167050624872366,0.0325856793673476,50,-0.1277326049481593,0.13856161884010165,-0.3993133778747585,0.1438481679784399,EUR_NOK,10,2.5,short,164
77,-0.09381516267590033,0.11087118547303813,-0.31112268620305505,0.12349236085125441,34,-0.07787425256071798,0.1712851402809501,-0.4135931275113801,0.2578446223899442,EUR_NOK,10,3.0,long,111
84,-0.07819634770431427,0.10604195643561395,-0.28603858231811763,0.12964588690948908,36,-0.10638528977287419,0.1673349531745083,-0.4343617979949105,0.22159121844916208,EUR_NOK,10,3.0,short,120
216,-0.010153174894028005,0.06610883680454166,-0.13972649503092965,0.11942014524287364,93,-0.09771309936315499,0.1027999510986692,-0.2992010035165466,0.10377480479023664,EUR_NOK,14,1.5,long,309
206,0.0027337162376003567,0.06705773793853433,-0.12869945012192693,0.13416688259712764,89,-0.03823887150104742,0.1053756802554863,-0.24477520480180054,0.16829746179970573,EUR_NOK,14,1.5,short,295
140,-0.048639408150880546,0.08342997272684059,-0.2121621546954881,0.114883338393727,60,-0.10365874708893669,0.12781909687071563,-0.35418417695553933,0.14686668277766596,EUR_NOK,14,2.0,long,200
144,-0.06843146076108916,0.0797137110999937,-0.22467033451707683,0.0878074129948985,62,-0.007482192012412726,0.12609363679707236,-0.25462572013467455,0.23966133610984908,EUR_NOK,14,2.0,short,206
104,-0.05084311167359883,0.09609510454968859,-0.23918951659098847,0.1375032932437908,45,-0.027445717672743106,0.14811127512658825,-0.31774381692085607,0.26285238157536983,EUR_NOK,14,2.5,long,149
112,-0.14999806885839487,0.09001252609062464,-0.3264226199960192,0.02642648227922942,48,-0.17472146348766593,0.14027075521191676,-0.44965214370302276,0.1002092167276909,EUR_NOK,14,2.5,short,160
77,-0.024685700947823196,0.11066684525708187,-0.24159271765170365,0.19222131575605728,33,0.07128107311926025,0.17395909385839792,-0.26967875084319964,0.4122408970817201,EUR_NOK,14,3.0,long,110
86,-0.07753128281124055,0.10490098886915426,-0.2831372209947829,0.1280746553723018,37,-0.1106652467963094,0.1628058283517061,-0.42976467036565336,0.20843417677303455,EUR_NOK,14,3.0,short,123
213,-0.006799217036301957,0.06653493515550835,-0.1372076899410983,0.12360925586849439,92,-0.08790563305188492,0.10344945414326608,-0.29066656317268647,0.11485529706891659,EUR_NOK,21,1.5,long,305
210,-0.028553469738478172,0.06629913789357438,-0.15849978000988393,0.1013928405329276,90,-0.02670288403992466,0.10483490203713734,-0.23217929203271384,0.17877352395286453,EUR_NOK,21,1.5,short,300
139,-0.05618357655484371,0.08368810376046831,-0.22021225992536161,0.10784510681567419,60,-0.10365874708893669,0.12781909687071563,-0.35418417695553933,0.14686668277766596,EUR_NOK,21,2.0,long,199
140,-0.08771472547395963,0.08093083633778736,-0.24633916469602285,0.0709097137481036,61,0.04157547697099035,0.12699806185991397,-0.20734072427444103,0.29049167821642174,EUR_NOK,21,2.0,short,201
101,-0.02616845663390497,0.0975678656566144,-0.2174014733208692,0.16506456005305928,44,-0.005342211256214546,0.14981983886603548,-0.29898909543364405,0.288304672921215,EUR_NOK,21,2.5,long,145
112,-0.17539161144576457,0.09001520478794146,-0.3518214128301298,0.001038189938600692,48,-0.0913881301543326,0.14194263027139986,-0.36959568548627636,0.18681942517761113,EUR_NOK,21,2.5,short,160
84,-0.08881196847533615,0.10526468619276254,-0.29513075341315076,0.11750681646247843,36,-0.0179923496406781,0.16693417550591425,-0.34518333363227,0.3091986343509138,EUR_NOK,21,3.0,long,120
83,-0.010760526593964533,0.1078970882453571,-0.22223881955486444,0.20071776636693536,36,-0.11431892903218863,0.16254116004640815,-0.43289960272314854,0.2042617446587713,EUR_NOK,21,3.0,short,119
217,-0.013824884792626729,0.0680348791457187,-0.14717324791823536,0.11952347833298191,94,0.021276595744680965,0.10367169575016723,-0.1819199279256468,0.22447311941500872,USD_ZAR,7,1.5,long,311
235,-0.012765957446808465,0.06536671799872677,-0.14088472472431293,0.115352809830696,102,0.1568627450980391,0.09827190402549002,-0.03575018679192132,0.34947567698799953,USD_ZAR,7,1.5,short,337
165,0.05454545454545435,0.07797063211158843,-0.09827698439325899,0.20736789348416768,72,0.1111111111111111,0.11794330942983897,-0.12005777537137327,0.3422799975935955,USD_ZAR,7,2.0,long,237
164,-0.024390243902438893,0.07830274407756059,-0.17786362229445762,0.12908313448957986,71,-0.042253521126760715,0.11941611759799008,-0.27630911161882127,0.1918020693652998,USD_ZAR,7,2.0,short,235
120,0.03333333333333307,0.09161890785409532,-0.14623972606069374,0.2129063927273599,52,0.038461538461538464,0.1399243990594229,-0.2357902836949304,0.31271336061800736,USD_ZAR,7,2.5,long,172
117,-0.008547008547008456,0.09284427770256595,-0.19052179284403772,0.1734277757500208,51,-0.13725490196078433,0.14008291058424904,-0.41181740670591244,0.13730760278434379,USD_ZAR,7,2.5,short,168
100,0.14,0.0995139703912486,-0.05504738196684722,0.33504738196684725,43,-0.16279069767441887,0.15224503969952954,-0.4611909754854968,0.13560958013665905,USD_ZAR,7,3.0,long,143
91,-0.054945054945054944,0.10525002195497712,-0.2612350979768101,0.15134498808670022,39,-0.02564102564102564,0.16216808513683997,-0.343490472509232,0.29220842122718066,USD_ZAR,7,3.0,short,130
222,-0.009009009009009056,0.06726454956259101,-0.14084752615168744,0.12282950813366933,96,0.08333333333333355,0.10224097209176469,-0.11705897196652525,0.28372563863319233,USD_ZAR,10,1.5,long,318
237,-0.004219409282700377,0.06509387603604015,-0.13180340631333906,0.12336458774793832,103,0.1262135922330096,0.09822294214731557,-0.06630337437572892,0.3187305588417481,USD_ZAR,10,1.5,short,340
161,0.05590062111801222,0.07893332314993064,-0.09880869225585182,0.21060993449187626,70,0.02857142857142857,0.12033670597080583,-0.20728851513135083,0.264431372274208,USD_ZAR,10,2.0,long,231
161,-0.03105590062111788,0.07901880832421368,-0.18593276493657668,0.12382096369434092,70,-0.08571428571428587,0.11994280407606901,-0.32080218170338115,0.1493736102748094,USD_ZAR,10,2.0,short,231
119,0.0420168067226889,0.09197616621789914,-0.13825647906439342,0.22229009250977122,52,0.07692307692307693,0.1396131096881585,-0.19671861806571372,0.3505647719118676,USD_ZAR,10,2.5,long,171
117,-0.07692307692307683,0.09257256427912545,-0.25836530291016274,0.10451914906400907,51,-0.13725490196078433,0.14008291058424904,-0.41181740670591244,0.13730760278434379,USD_ZAR,10,2.5,short,168
93,0.22580645161290333,0.10156447119344558,0.02674008807375,0.42487281515205666,41,-0.17073170731707318,0.15579238461142741,-0.4760847811554709,0.13462136652132453,USD_ZAR,10,3.0,long,134
86,-0.023255813953488372,0.10843589416128399,-0.235790166509605,0.18927853860262822,37,0.08108108108108109,0.16611791814942145,-0.24451003849178493,0.4066722006539471,USD_ZAR,10,3.0,short,123
223,-0.013452914798206228,0.06710953192468709,-0.14498759737059294,0.11808176777418047,96,0.1041666666666669,0.1020396881277887,-0.09583112206379894,0.3041644553971327,USD_ZAR,14,1.5,long,319
237,-0.021097046413502064,0.0650799675833257,-0.14865378287682043,0.1064596900498163,102,0.1568627450980391,0.09827190402549002,-0.03575018679192132,0.34947567698799953,USD_ZAR,14,1.5,short,339
160,0.06249999999999993,0.07915011412523505,-0.09263422368546077,0.21763422368546065,69,0.043478260869565216,0.121153138438128,-0.19398189046916567,0.2809384122082961,USD_ZAR,14,2.0,long,229
157,-0.04458598726114643,0.07998445721369186,-0.20135552339998247,0.11218354887768961,68,-0.1470588235294119,0.12084118740506007,-0.3839075508433296,0.08978990378450583,USD_ZAR,14,2.0,short,225
118,0.11864406779660999,0.09179704412018035,-0.061278138678943495,0.2985662742721635,52,0.038461538461538464,0.1399243990594229,-0.2357902836949304,0.31271336061800736,USD_ZAR,14,2.5,long,170
117,-0.059829059829059644,0.09268134523825257,-0.24148449649603468,0.12182637683791539,51,-0.17647058823529413,0.13920187724940272,-0.4493062676441235,0.09636509117353523,USD_ZAR,14,2.5,short,168
94,0.2127659574468085,0.1013208810624249,0.014177030564455712,0.41135488432916134,41,-0.3170731707317073,0.14995537706282341,-0.6109857097748412,-0.023160631688573408,USD_ZAR,14,3.0,long,135
85,-0.058823529411764705,0.10892001173794723,-0.2723067524181413,0.15465969359461185,37,0.08108108108108109,0.16611791814942145,-0.24451003849178493,0.4066722006539471,USD_ZAR,14,3.0,short,122
218,0.01834862385321101,0.06787299497603608,-0.11468244629981969,0.1513796940062417,94,0.04255319148936194,0.10360124266982486,-0.1605052441434948,0.24561162712221865,USD_ZAR,21,1.5,long,312
233,-0.004291845493562186,0.06565261176299723,-0.13297096454903676,0.1243872735619124,100,0.1399999999999999,0.09951397039124858,-0.0550473819668473,0.33504738196684714,USD_ZAR,21,1.5,short,333
160,0.012499999999999864,0.07929896261426192,-0.1429259667239535,0.16792596672395324,69,0.13043478260869565,0.12023180842499394,-0.10521956190429246,0.36608912712168373,USD_ZAR,21,2.0,long,229
154,1.4706850456073502e-16,0.08084520834544434,-0.15845660835707076,0.15845660835707104,67,-0.10447761194029867,0.12241784063652598,-0.3444165795878896,0.13546135570729226,USD_ZAR,21,2.0,short,221
118,0.13559322033898297,0.09159621901828335,-0.043935368936852404,0.31512180961481834,51,-0.09803921568627451,0.14074006623471658,-0.373889745506319,0.17781131413377,USD_ZAR,21,2.5,long,169
120,-0.08333333333333316,0.0913509970856043,-0.2623812876211176,0.09571462095445128,52,-0.15384615384615385,0.1383609488816349,-0.4250336136541582,0.1173413059618505,USD_ZAR,21,2.5,short,172
88,0.2727272727272727,0.1031470234420319,0.0705591067808902,0.47489543867365525,39,-0.28205128205128205,0.15563512273509847,-0.587096122612075,0.02299355850951096,USD_ZAR,21,3.0,long,127
81,-0.08641975308641975,0.11138512166557987,-0.3047345915509563,0.1318950853781168,36,0.1111111111111111,0.16798421022632323,-0.2181379409324824,0.4403601631547046,USD_ZAR,21,3.0,short,117
236,0.08356632547762666,0.06462320608773575,-0.043095158454335425,0.21022780940958874,102,0.10794451138711272,0.0984305107007405,-0.08497928958633866,0.3008683123605641,USD_NOK,7,1.5,long,338
237,-0.05257943471327151,0.06489606996381772,-0.17977573184235424,0.07461686241581122,103,-0.10679611650485436,0.09844848306917871,-0.2997551433204446,0.0861629103107359,USD_NOK,7,1.5,short,340
168,0.05286465095511081,0.07704640756971737,-0.09814630788153522,0.20387560979175684,72,-0.012982018302138076,0.11784459760656114,-0.24395742961099792,0.21799339300672177,USD_NOK,7,2.0,long,240
172,-0.16279069767441853,0.07545182378175001,-0.31067627228664857,-0.014905123062188497,74,-0.21621621621621623,0.11427259812750462,-0.4401905085461253,0.0077580761136928356,USD_NOK,7,2.0,short,246
130,0.14524047200352783,0.08677339956085593,-0.024835391135749785,0.31531633514280544,57,-0.05263157894736842,0.13344540864134474,-0.3141845798844041,0.2089214219896673,USD_NOK,7,2.5,long,187
123,-0.17073170731707307,0.08920645992728886,-0.3455763687745592,0.0041129541404131,53,-0.20754716981132076,0.1356554013996856,-0.47343175655470454,0.05833741693206301,USD_NOK,7,2.5,short,176
85,0.058823529411764705,0.10892001173794723,-0.15465969359461185,0.2723067524181413,37,-0.02702702702702703,0.16660578386402639,-0.35357436340051873,0.2995203093464647,USD_NOK,7,3.0,long,122
88,-0.059536575302572746,0.1064442031912943,-0.26816721355750955,0.14909406295236408,38,-0.1352817773210381,0.16073345968775163,-0.45031935830903125,0.17975580366695507,USD_NOK,7,3.0,short,126
229,0.1341556891385148,0.06522658599497248,0.006311580588368754,0.2619997976886609,99,0.1111111111111111,0.10038976698947236,-0.0856528321882547,0.3078750544104769,USD_NOK,10,1.5,long,328
235,-0.0615375575618951,0.0651383614221167,-0.18920874594924383,0.06613363082545362,102,-0.0784313725490196,0.09919719932768366,-0.2728578832312796,0.11599513813324036,USD_NOK,10,1.5,short,337
164,0.05415403268572327,0.07797497429486228,-0.09867691693220679,0.20698498230365334,71,0.0009196434119163169,0.11868172894872486,-0.23169654532758444,0.23353583215141704,USD_NOK,10,2.0,long,235
169,-0.12426035502958574,0.07655372235078733,-0.2743056508371289,0.025784940777957427,73,-0.2054794520547945,0.11533635561931588,-0.43153870906865366,0.020579804959064613,USD_NOK,10,2.0,short,242
128,0.14750985437858294,0.08741873572766094,-0.02383086764763251,0.3188505764047984,56,-0.07142857142857142,0.13449555309875313,-0.33503985550212756,0.19218271264498474,USD_NOK,10,2.5,long,184
119,-0.19327731092436967,0.09032164188177173,-0.3703077290126423,-0.016246892836097065,52,-0.15384615384615385,0.1383609488816349,-0.4250336136541582,0.1173413059618505,USD_NOK,10,2.5,short,171
81,0.012345679012345678,0.1117948782486101,-0.20677228235493011,0.23146364037962147,36,0.05555555555555555,0.16876979928266733,-0.2752332510384724,0.38634436214958356,USD_NOK,10,3.0,long,117
82,-0.015112422275931727,0.11045776609345494,-0.2316096438191034,0.20138479926723993,36,-0.1111111111111111,0.16798421022632323,-0.4403601631547046,0.2181379409324824,USD_NOK,10,3.0,short,118
233,0.09751782323055748,0.06495095328626198,-0.02978604521051599,0.22482169167163096,100,0.12,0.09977753031397178,-0.07556395941538468,0.3155639594153847,USD_NOK,14,1.5,long,333
236,-0.05703951706375148,0.06501754238683562,-0.18447390014194928,0.0703948660144463,102,-0.0196078431372549,0.09948458920845626,-0.2145976379858292,0.17538195171131937,USD_NOK,14,1.5,short,338
162,0.09429424190033855,0.07806327265978785,-0.05870977251284562,0.24729825631352273,70,0.07236135260351512,0.11920868475888599,-0.16128766952390142,0.3060103747309316,USD_NOK,14,2.0,long,232
168,-0.11904761904761899,0.07683202240641877,-0.2696383829641998,0.031543144868961814,73,-0.2602739726027397,0.11378936798517911,-0.4833011338536908,-0.03724681135178867,USD_NOK,14,2.0,short,241
125,0.12125939507428979,0.0884462237814328,-0.0520952035373185,0.2946139936858981,55,-0.12727272727272726,0.13497610576557628,-0.3918258945732568,0.13728044002780226,USD_NOK,14,2.5,long,180
121,-0.15702479338842967,0.09015464557550178,-0.3337278987164132,0.0196783119395538,52,-0.15384615384615385,0.13836094888163492,-0.42503361365415826,0.11734130596185055,USD_NOK,14,2.5,short,173
78,0.0,0.11396057645963795,-0.22336272986089037,0.22336272986089037,34,0.11764705882352941,0.1728687687191937,-0.22117572786609027,0.45646984551314906,USD_NOK,14,3.0,long,112
79,-0.028344539577549527,0.11250428671579021,-0.24885294154049836,0.1921638623853993,35,-0.11830592966284136,0.16785830448221792,-0.44730820644798847,0.21069634712230573,USD_NOK,14,3.0,short,114
231,0.11567815070441512,0.0651001804814536,-0.011918203039233938,0.24327450444806417,100,0.12,0.09977753031397178,-0.07556395941538468,0.3155639594153847,USD_NOK,21,1.5,long,331
235,-0.05302691926402276,0.06517033732705867,-0.18076078042505775,0.07470694189701224,101,-0.04950495049504951,0.09987738782509697,-0.24526463063223958,0.14625472964214054,USD_NOK,21,1.5,short,336
161,0.1259358210425767,0.07802576874963923,-0.026994685706716204,0.2788663277918696,70,0.07236135260351512,0.11920868475888599,-0.16128766952390142,0.3060103747309316,USD_NOK,21,2.0,long,231
164,-0.10975609756097554,0.07785284211148297,-0.2623476680994822,0.04283547297753107,71,-0.2676056338028169,0.11516368628776004,-0.4933264589268266,-0.0418848086788072,USD_NOK,21,2.0,short,235
124,0.14643084180875987,0.08849039842009897,-0.0270103390946341,0.31987202271215387,54,-0.07407407407407407,0.13698319904900533,-0.3425611442101245,0.19441299606197637,USD_NOK,21,2.5,long,178
122,-0.049180327868852375,0.09079908322937597,-0.22714653099842927,0.12878587526072452,53,-0.16981132075471697,0.1366610148776005,-0.43766690991481394,0.09804426840537997,USD_NOK,21,2.5,short,175
77,-0.06493506493506493,0.11446577501260036,-0.28928798395976163,0.15941785408963177,33,0.21212121212121213,0.17275385228774817,-0.1264763383627743,0.5507187626051986,USD_NOK,21,3.0,long,110
79,-0.12961036236235965,0.11158917901929387,-0.34832515324017566,0.08910442851545633,35,-0.08571428571428572,0.17086742893632043,-0.42061444642947377,0.2491858750009023,USD_NOK,21,3.0,short,114
