tr_n,tr_w,tr_l,tr_t,tr_wr,tr_ci_low,tr_ci_high,te_n,te_w,te_l,te_t,te_wr,te_ci_low,te_ci_high,pair,tf,period,k,atr_period,direction,total_n
534,268,222,44,0.5469387755102041,0.5028624039420697,0.5910151470783385,229,103,110,16,0.4835680751173709,0.41645585263216817,0.5506802976025736,EUR_USD,H4,20,1.0,14,long,763
446,220,181,45,0.5486284289276808,0.49992156807616606,0.5973352897791956,192,95,86,11,0.5248618784530387,0.452109158046786,0.5976145988592914,EUR_USD,H4,20,1.5,14,long,638
303,143,136,24,0.5125448028673835,0.45389220682069753,0.5711973989140694,130,61,57,12,0.5169491525423728,0.4267846884481105,0.6071136166366351,EUR_USD,H4,20,2.0,14,long,433
213,102,94,17,0.5204081632653061,0.450466496608771,0.5903498299218413,92,48,37,7,0.5647058823529412,0.45930380667366194,0.6701079580322205,EUR_USD,H4,20,2.5,14,long,305
529,251,231,47,0.520746887966805,0.4761475548678742,0.5653462210657358,227,103,106,18,0.49282296650717705,0.4250419329038236,0.5606040001105306,EUR_USD,H4,20,1.0,14,short,756
413,211,167,35,0.5582010582010583,0.5081379470887456,0.6082641693133709,177,83,82,12,0.503030303030303,0.42673880767046496,0.5793217983901412,EUR_USD,H4,20,1.5,14,short,590
326,162,138,26,0.54,0.4836010212858425,0.5963989787141576,141,62,61,18,0.5040650406504065,0.4157043368404796,0.5924257444603334,EUR_USD,H4,20,2.0,14,short,467
211,105,85,21,0.5526315789473685,0.48192989100676975,0.6233332668879672,91,40,39,12,0.5063291139240507,0.3960793333964272,0.6165788944516741,EUR_USD,H4,20,2.5,14,short,302
378,188,158,32,0.5433526011560693,0.49086588628152017,0.5958393160306185,162,67,90,5,0.4267515923566879,0.34938290140722394,0.5041202833061519,EUR_USD,H4,50,1.0,14,long,540
315,159,134,22,0.5426621160409556,0.4856186899058422,0.599705542176069,136,55,72,9,0.4330708661417323,0.34689253435724154,0.519249197926223,EUR_USD,H4,50,1.5,14,long,451
303,138,140,25,0.49640287769784175,0.43762790466699536,0.5551778507286881,131,57,64,10,0.47107438016528924,0.38213267922986827,0.5600160811007102,EUR_USD,H4,50,2.0,14,long,434
254,119,112,23,0.5151515151515151,0.45070186065028284,0.5796011696527474,109,56,49,4,0.5333333333333333,0.43790789220354437,0.6287587744631222,EUR_USD,H4,50,2.5,14,long,363
401,194,178,29,0.521505376344086,0.4707417629843539,0.5722689897038181,172,70,96,6,0.42168674698795183,0.3465627691623256,0.4968107248135781,EUR_USD,H4,50,1.0,14,short,573
364,187,146,31,0.5615615615615616,0.5082665019567062,0.6148566211664169,157,71,79,7,0.47333333333333333,0.3934305509222243,0.5532361157444423,EUR_USD,H4,50,1.5,14,short,521
329,177,126,26,0.5841584158415841,0.5286621151834112,0.639654716499757,141,56,73,12,0.43410852713178294,0.34857685756722506,0.5196401966963408,EUR_USD,H4,50,2.0,14,short,470
262,137,103,22,0.5708333333333333,0.5082126064147258,0.6334540602519408,113,48,51,14,0.48484848484848486,0.3864000114266021,0.5832969582703676,EUR_USD,H4,50,2.5,14,short,375
282,121,130,31,0.4820717131474104,0.42025443904954035,0.5438889872452803,122,51,65,6,0.4396551724137931,0.34932957266813713,0.529980772159449,EUR_USD,H4,100,1.0,14,long,404
259,117,116,26,0.5021459227467812,0.43794457940344256,0.5663472660901198,111,50,57,4,0.4672897196261682,0.3727524979459638,0.5618269413063726,EUR_USD,H4,100,1.5,14,long,370
237,106,109,22,0.4930232558139535,0.42619431728775276,0.5598521943401542,103,44,55,4,0.4444444444444444,0.3465606125608922,0.5423282763279966,EUR_USD,H4,100,2.0,14,long,340
225,90,106,29,0.45918367346938777,0.3894172994861033,0.5289500474526723,97,38,54,5,0.41304347826086957,0.31242841408075406,0.5136585424409851,EUR_USD,H4,100,2.5,14,long,322
274,135,125,14,0.5192307692307693,0.45849871933627123,0.5799628191252674,118,49,56,13,0.4666666666666667,0.3712412255368777,0.5620921077964556,EUR_USD,H4,100,1.0,14,short,392
271,159,102,10,0.6091954022988506,0.5499991846375305,0.6683916199601707,117,48,62,7,0.43636363636363634,0.3436841737255143,0.5290430990017584,EUR_USD,H4,100,1.5,14,short,388
257,143,100,14,0.588477366255144,0.5266024420860728,0.6503522904242153,111,45,59,7,0.4326923076923077,0.33747008270016976,0.5279145326844457,EUR_USD,H4,100,2.0,14,short,368
256,128,113,15,0.5311203319502075,0.4681153757397445,0.5941252881606705,110,54,54,2,0.5,0.4056994560323611,0.5943005439676389,EUR_USD,H4,100,2.5,14,short,366
184,63,94,27,0.4012738853503185,0.3246011787777848,0.47794659192285216,80,32,44,4,0.42105263157894735,0.3100490452395808,0.5320562179183138,EUR_USD,H4,200,1.0,14,long,264
192,67,110,15,0.3785310734463277,0.3070765189653095,0.44998562792734587,83,38,39,6,0.4935064935064935,0.38183454720266685,0.6051784398103202,EUR_USD,H4,200,1.5,14,long,275
198,72,109,17,0.39779005524861877,0.3264854292594979,0.4690946812377396,86,41,40,5,0.5061728395061729,0.39729224912652816,0.6150534298858176,EUR_USD,H4,200,2.0,14,long,284
203,84,101,18,0.4540540540540541,0.3823078697747479,0.5258002383333602,88,36,48,4,0.42857142857142855,0.3227413761288449,0.5344014810140122,EUR_USD,H4,200,2.5,14,long,291
208,111,85,12,0.5663265306122449,0.4969451533543374,0.6357079078701524,90,41,45,4,0.47674418604651164,0.37118243643344057,0.5823059356595827,EUR_USD,H4,200,1.0,14,short,298
186,106,72,8,0.5955056179775281,0.523403960447279,0.6676072755077772,81,35,41,5,0.4605263157894737,0.34846347349106654,0.5725891580878808,EUR_USD,H4,200,1.5,14,short,267
166,86,70,10,0.5512820512820513,0.47323303755150337,0.6293310650125993,72,26,43,3,0.37681159420289856,0.26247023853976054,0.4911529498660366,EUR_USD,H4,200,2.0,14,short,238
154,68,78,8,0.4657534246575342,0.38483851652626455,0.5466683327888039,66,26,37,3,0.4126984126984127,0.2911266305417985,0.5342701948550268,EUR_USD,H4,200,2.5,14,short,220
537,232,292,13,0.44274809160305345,0.4002181722634716,0.4852780109426353,231,116,102,13,0.5321100917431193,0.465873128766947,0.5983470547192916,GBP_USD,H4,20,1.0,14,long,768
415,191,216,8,0.4692874692874693,0.4208024004304993,0.5177725381444392,178,85,82,11,0.5089820359281437,0.4331595963509387,0.5848044755053488,GBP_USD,H4,20,1.5,14,long,593
305,144,154,7,0.48322147651006714,0.42648357335019027,0.539959379669944,131,66,57,8,0.5365853658536586,0.4484586065998969,0.6247121251074202,GBP_USD,H4,20,2.0,14,long,436
204,107,97,0,0.5245098039215687,0.45597856609801357,0.5930410417451237,88,46,38,4,0.5476190476190477,0.4411783146751712,0.6540597805629241,GBP_USD,H4,20,2.5,14,long,292
525,239,268,18,0.4714003944773176,0.42794832354241424,0.514852465412221,226,102,105,19,0.4927536231884058,0.4246460683756414,0.5608611780011702,GBP_USD,H4,20,1.0,14,short,751
424,196,214,14,0.47804878048780486,0.4296966952086841,0.5264008657669256,182,86,86,10,0.5,0.4252757005370237,0.5747242994629763,GBP_USD,H4,20,1.5,14,short,606
310,152,146,12,0.5100671140939598,0.4533087464056772,0.5668254817822423,133,60,62,11,0.4918032786885246,0.4030901705704877,0.5805163868065615,GBP_USD,H4,20,2.0,14,short,443
200,100,92,8,0.5208333333333334,0.4501693456105928,0.5914973210560739,86,37,41,8,0.47435897435897434,0.36354182921991646,0.5851761194980322,GBP_USD,H4,20,2.5,14,short,286
371,165,198,8,0.45454545454545453,0.4033217833559502,0.5057691257349588,160,82,68,10,0.5466666666666666,0.4669992810818119,0.6263340522515214,GBP_USD,H4,50,1.0,14,long,531
350,162,179,9,0.4750733137829912,0.4220693283891177,0.5280772991768647,150,79,67,4,0.541095890410959,0.4602649308040073,0.6219268500179106,GBP_USD,H4,50,1.5,14,long,500
306,145,155,6,0.48333333333333334,0.426784449203792,0.5398822174628747,132,68,60,4,0.53125,0.44479876566544146,0.6177012343345585,GBP_USD,H4,50,2.0,14,long,438
251,119,125,7,0.48770491803278687,0.4249858178419782,0.5504240182235955,109,48,56,5,0.46153846153846156,0.365726287520585,0.5573506355563381,GBP_USD,H4,50,2.5,14,long,360
377,177,190,10,0.4822888283378747,0.43116534835626785,0.5334123083194815,162,88,69,5,0.5605095541401274,0.4828718875411767,0.638147220739078,GBP_USD,H4,50,1.0,14,short,539
326,151,165,10,0.4778481012658228,0.4227729253277085,0.5329232772039371,140,70,63,7,0.5263157894736842,0.441456790447641,0.6111747884997274,GBP_USD,H4,50,1.5,14,short,466
290,134,147,9,0.47686832740213525,0.4184690251754988,0.5352676296287717,125,46,70,9,0.39655172413793105,0.307529790491564,0.4855736577842981,GBP_USD,H4,50,2.0,14,short,415
274,120,143,11,0.45627376425855515,0.3960758990232237,0.5164716294938866,118,41,67,10,0.37962962962962965,0.2881025157822993,0.47115674347696,GBP_USD,H4,50,2.5,14,short,392
273,132,138,3,0.4888888888888889,0.42926271614958533,0.5485150616281924,117,54,59,4,0.4778761061946903,0.3857757538074627,0.5699764585819179,GBP_USD,H4,100,1.0,14,long,390
249,119,127,3,0.483739837398374,0.42129036812497755,0.5461893066717705,107,45,56,6,0.44554455445544555,0.348610968104054,0.5424781408068371,GBP_USD,H4,100,1.5,14,long,356
235,110,123,2,0.4721030042918455,0.4080010768699796,0.5362049317137114,102,46,45,11,0.5054945054945055,0.4027687945518872,0.6082202164371238,GBP_USD,H4,100,2.0,14,long,337
227,101,119,7,0.4590909090909091,0.3932408426164118,0.5249409755654064,98,46,49,3,0.4842105263157895,0.3837147939954141,0.5847062586361649,GBP_USD,H4,100,2.5,14,long,325
270,125,142,3,0.4681647940074906,0.40831145846973815,0.5280181295452431,117,52,63,2,0.45217391304347826,0.36120746077407767,0.5431403653128788,GBP_USD,H4,100,1.0,14,short,387
259,125,127,7,0.49603174603174605,0.43429949306588206,0.5577639989976101,112,40,69,3,0.3669724770642202,0.2764886699088671,0.4574562842195733,GBP_USD,H4,100,1.5,14,short,371
242,100,137,5,0.4219409282700422,0.3590636353020993,0.4848182212379851,105,41,58,6,0.41414141414141414,0.3171107051783749,0.5111721231044534,GBP_USD,H4,100,2.0,14,short,347
236,116,112,8,0.5087719298245614,0.44387983310650136,0.5736640265426215,102,39,56,7,0.4105263157894737,0.3116033836975772,0.5094492478813701,GBP_USD,H4,100,2.5,14,short,338
175,94,80,1,0.5402298850574713,0.46617714729239745,0.6142826228225451,76,34,39,3,0.4657534246575342,0.3513224641801196,0.5801843851349489,GBP_USD,H4,200,1.0,14,long,251
183,91,92,0,0.4972677595628415,0.42482515662154463,0.5697103625041384,79,36,37,6,0.4931506849315068,0.3784611230836624,0.6078402467793512,GBP_USD,H4,200,1.5,14,long,262
172,86,85,1,0.5029239766081871,0.4279827850169715,0.5778651681994027,75,22,46,7,0.3235294117647059,0.21233500080672524,0.43472382272268656,GBP_USD,H4,200,2.0,14,long,247
193,88,102,3,0.4631578947368421,0.39225448973029753,0.5340612997433867,84,20,55,9,0.26666666666666666,0.1665836196692041,0.36674971366412923,GBP_USD,H4,200,2.5,14,long,277
180,91,85,4,0.5170454545454546,0.44321811325617017,0.590872795834739,78,34,40,4,0.4594594594594595,0.3459118629205529,0.573007055998366,GBP_USD,H4,200,1.0,14,short,258
191,88,100,3,0.46808510638297873,0.39675701001812014,0.5394132027478373,83,38,38,7,0.5,0.38758629040342474,0.6124137095965753,GBP_USD,H4,200,1.5,14,short,274
183,71,107,5,0.398876404494382,0.3269402643840038,0.4708125446047602,79,32,43,4,0.4266666666666667,0.3147297362764457,0.5386035970568877,GBP_USD,H4,200,2.0,14,short,262
173,77,94,2,0.4502923976608187,0.3757211867850641,0.5248636085365733,75,33,40,2,0.4520547945205479,0.3378830211493826,0.5662265678917132,GBP_USD,H4,200,2.5,14,short,248
551,271,272,8,0.4990791896869245,0.45702343561310815,0.5411349437607408,237,119,118,0,0.5021097046413502,0.4384524306661003,0.5657669786166001,AUD_USD,H4,20,1.0,14,long,788
424,232,188,4,0.5523809523809524,0.5048249814585711,0.5999369233033337,183,93,88,2,0.5138121546961326,0.44099712693853876,0.5866271824537265,AUD_USD,H4,20,1.5,14,long,607
300,153,144,3,0.5151515151515151,0.4583122625200834,0.5719907677829469,129,74,54,1,0.578125,0.492568333180256,0.663681666819744,AUD_USD,H4,20,2.0,14,long,429
190,90,98,2,0.4787234042553192,0.40731429923702217,0.5501325092736162,82,47,33,2,0.5875,0.479623464669095,0.695376535330905,AUD_USD,H4,20,2.5,14,long,272
561,288,265,8,0.5207956600361664,0.47915788108553575,0.562433438986797,241,123,117,1,0.5125,0.44926104345421247,0.5757389565457874,AUD_USD,H4,20,1.0,14,short,802
436,217,214,5,0.5034802784222738,0.456276482976277,0.5506840738682707,187,95,91,1,0.510752688172043,0.4389122200093878,0.5825931563346982,AUD_USD,H4,20,1.5,14,short,623
303,162,139,2,0.5382059800664452,0.4818848661904038,0.5945270939424865,130,65,62,3,0.5118110236220472,0.4248743512349942,0.5987476960091003,AUD_USD,H4,20,2.0,14,short,433
182,101,80,1,0.5580110497237569,0.48566015778703203,0.6303619416604818,78,40,37,1,0.5194805194805194,0.4078839508068162,0.6310770881542226,AUD_USD,H4,20,2.5,14,short,260
386,185,193,8,0.4894179894179894,0.4390235184629331,0.5398124603730458,166,94,72,0,0.5662650602409639,0.4908732598980377,0.6416568605838902,AUD_USD,H4,50,1.0,14,long,552
350,170,172,8,0.49707602339181284,0.444084598627464,0.5500674481561617,151,75,76,0,0.4966887417218543,0.416939221636089,0.5764382618076196,AUD_USD,H4,50,1.5,14,long,501
309,150,154,5,0.4934210526315789,0.43721906359573803,0.5496230416674198,133,65,68,0,0.48872180451127817,0.403766647948407,0.5736769610741493,AUD_USD,H4,50,2.0,14,long,442
264,131,127,6,0.5077519379844961,0.4467471361500887,0.5687567398189035,114,69,43,2,0.6160714285714286,0.5259998424579377,0.7061430146849195,AUD_USD,H4,50,2.5,14,long,378
393,199,192,2,0.5089514066496164,0.4593986193913239,0.5585041939079087,169,80,89,0,0.47337278106508873,0.39809513828845,0.5486504238417275,AUD_USD,H4,50,1.0,14,short,562
357,187,168,2,0.5267605633802817,0.47482211325165224,0.5786990135089111,153,83,67,3,0.5533333333333333,0.47377317654522644,0.6328934901214402,AUD_USD,H4,50,1.5,14,short,510
315,163,146,6,0.5275080906148867,0.47184227428419073,0.5831739069455827,135,76,57,2,0.5714285714285714,0.4873233741425159,0.6555337687146269,AUD_USD,H4,50,2.0,14,short,450
267,155,110,2,0.5849056603773585,0.5255790614118452,0.6442322593428718,115,60,54,1,0.5263157894736842,0.4346575947046457,0.6179739842427227,AUD_USD,H4,50,2.5,14,short,382
291,144,146,1,0.496551724137931,0.43900551119304787,0.5540979370828142,126,69,57,0,0.5476190476190477,0.4607105530989314,0.634527542139164,AUD_USD,H4,100,1.0,14,long,417
254,116,135,3,0.46215139442231074,0.40047182007179516,0.5238309687728263,109,59,50,0,0.5412844036697247,0.4477379490701109,0.6348308582693386,AUD_USD,H4,100,1.5,14,long,363
247,117,127,3,0.47950819672131145,0.41682283688675575,0.5421935565558671,107,59,48,0,0.5514018691588785,0.45716365894464234,0.6456400793731145,AUD_USD,H4,100,2.0,14,long,354
237,107,123,7,0.4652173913043478,0.40075465122106435,0.5296801313876313,102,64,38,0,0.6274509803921569,0.5336218699395745,0.7212800908447392,AUD_USD,H4,100,2.5,14,long,339
256,122,130,4,0.48412698412698413,0.42242390289763093,0.5458300653563373,110,50,59,1,0.45871559633027525,0.3651691417306614,0.5522620509298891,AUD_USD,H4,100,1.0,14,short,366
277,133,143,1,0.48188405797101447,0.42293372160687914,0.5408343943351498,120,71,48,1,0.5966386554621849,0.5084961436904126,0.6847811672339571,AUD_USD,H4,100,1.5,14,short,397
266,120,145,1,0.4528301886792453,0.39289775898530366,0.5127626183731869,115,71,41,3,0.6339285714285714,0.5447110528293635,0.7231460900277793,AUD_USD,H4,100,2.0,14,short,381
234,124,110,0,0.5299145299145299,0.46596468871101515,0.5938643711180447,101,52,48,1,0.52,0.42207843138511314,0.6179215686148869,AUD_USD,H4,100,2.5,14,short,335
208,87,118,3,0.424390243902439,0.35673119169572,0.49204929610915804,90,46,44,0,0.5111111111111111,0.407835550465759,0.6143866717564631,AUD_USD,H4,200,1.0,14,long,298
181,85,94,2,0.4748603351955307,0.4017043413771202,0.5480163290139413,78,46,32,0,0.5897435897435898,0.4805824472696572,0.6989047322175223,AUD_USD,H4,200,1.5,14,long,259
177,78,99,0,0.4406779661016949,0.36753693635238704,0.5138189958510028,76,51,25,0,0.6710526315789473,0.5654217813854022,0.7766834817724925,AUD_USD,H4,200,2.0,14,long,253
175,82,93,0,0.4685714285714286,0.3946368845476774,0.5425059725951797,76,54,22,0,0.7105263157894737,0.6085630109830642,0.8124896205958831,AUD_USD,H4,200,2.5,14,long,251
205,114,90,1,0.5588235294117647,0.49068629525445706,0.6269607635690724,89,44,45,0,0.4943820224719101,0.390508787678015,0.5982552572658052,AUD_USD,H4,200,1.0,14,short,294
204,104,100,0,0.5098039215686274,0.4412033885931854,0.5784044545440694,88,44,44,0,0.5,0.3955316489857509,0.6044683510142491,AUD_USD,H4,200,1.5,14,short,292
198,97,101,0,0.4898989898989899,0.4202676359373955,0.5595303438605842,85,37,48,0,0.43529411764705883,0.3298920419677796,0.5406961933263381,AUD_USD,H4,200,2.0,14,short,283
180,92,85,3,0.519774011299435,0.44617032793952816,0.5933776946593419,78,33,43,2,0.4342105263157895,0.32277417581534007,0.5456468768162389,AUD_USD,H4,200,2.5,14,short,258
539,248,248,43,0.5,0.45599670100344014,0.5440032989965599,231,105,76,50,0.580110497237569,0.5082087151149715,0.6520122793601666,USD_CAD,H4,20,1.0,14,long,770
415,205,179,31,0.5338541666666666,0.48395851710456667,0.5837498162287666,179,85,65,29,0.5666666666666667,0.4873644505470557,0.6459688827862776,USD_CAD,H4,20,1.5,14,long,594
291,132,125,34,0.5136186770428015,0.452510636447363,0.57472671763824,126,54,47,25,0.5346534653465347,0.4373743036161636,0.6319326270769058,USD_CAD,H4,20,2.0,14,long,417
191,88,86,17,0.5057471264367817,0.43145842608402446,0.5800358267895388,83,38,29,16,0.5671641791044776,0.4485232157242064,0.6858051424847488,USD_CAD,H4,20,2.5,14,long,274
532,242,244,46,0.49794238683127573,0.45348906050715065,0.5423957131554008,228,72,91,65,0.44171779141104295,0.3654815267414162,0.5179540560806697,USD_CAD,H4,20,1.0,14,short,760
414,183,187,44,0.4945945945945946,0.44364979790605974,0.5455393912831294,178,62,64,52,0.49206349206349204,0.4047691521366403,0.5793578319903439,USD_CAD,H4,20,1.5,14,short,592
305,138,136,31,0.5036496350364964,0.44444724708534805,0.5628520229876448,132,56,45,31,0.5544554455445545,0.457521859193163,0.651389031895946,USD_CAD,H4,20,2.0,14,short,437
212,114,86,12,0.57,0.5013860014282799,0.63861399857172,92,35,34,23,0.5072463768115942,0.3892806314966041,0.6252121221265844,USD_CAD,H4,20,2.5,14,short,304
354,157,162,35,0.49216300940438873,0.43730028373672564,0.5470257350720519,152,77,42,33,0.6470588235294118,0.5611959068303216,0.732921740228502,USD_CAD,H4,50,1.0,14,long,506
342,170,146,26,0.5379746835443038,0.48300460772133114,0.5929447593672764,147,84,35,28,0.7058823529411765,0.6240152740650834,0.7877494318172696,USD_CAD,H4,50,1.5,14,long,489
312,148,136,28,0.5211267605633803,0.4630263939003874,0.5792271272263732,135,66,39,30,0.6285714285714286,0.5361492090207888,0.7209936481220683,USD_CAD,H4,50,2.0,14,long,447
268,122,127,19,0.4899598393574297,0.42786738503113514,0.5520522936837242,115,58,40,17,0.5918367346938775,0.49452595546001243,0.6891475139277426,USD_CAD,H4,50,2.5,14,long,383
388,175,175,38,0.5,0.44761679658516484,0.5523832034148352,167,61,62,44,0.4959349593495935,0.4075742555396666,0.5842956631595203,USD_CAD,H4,50,1.0,14,short,555
365,158,173,34,0.4773413897280967,0.4235310572124784,0.531151722243715,157,59,54,44,0.5221238938053098,0.4300235414180822,0.6142242461925373,USD_CAD,H4,50,1.5,14,short,522
338,159,145,34,0.5230263157894737,0.4668790956369059,0.5791735359420415,146,53,53,40,0.5,0.4048139854889881,0.5951860145110119,USD_CAD,H4,50,2.0,14,short,484
277,147,105,25,0.5833333333333334,0.522462593945839,0.6442040727208277,120,43,47,30,0.4777777777777778,0.3745787837268964,0.5809767718286591,USD_CAD,H4,50,2.5,14,short,397
263,128,119,16,0.5182186234817814,0.4559041245846034,0.5805331223789594,114,52,33,29,0.611764705882353,0.5081583676800352,0.7153710440846708,USD_CAD,H4,100,1.0,14,long,377
251,119,122,10,0.49377593360995853,0.43065347539324583,0.5568983918266712,109,48,40,21,0.5454545454545454,0.441418777462051,0.6494903134470399,USD_CAD,H4,100,1.5,14,long,360
254,116,121,17,0.48945147679324896,0.4258078043153891,0.5530951492711088,109,51,44,14,0.5368421052631579,0.4365695482844702,0.6371146622418457,USD_CAD,H4,100,2.0,14,long,363
208,86,99,23,0.4648648648648649,0.39299194283569183,0.536737786894038,90,55,27,8,0.6707317073170732,0.5690135416790713,0.7724498729550752,USD_CAD,H4,100,2.5,14,long,298
320,139,144,37,0.4911660777385159,0.43292021743829234,0.5494119380387394,138,41,57,40,0.41836734693877553,0.3207006918808486,0.5160340019967025,USD_CAD,H4,100,1.0,14,short,458
284,119,130,35,0.4779116465863454,0.415867301090357,0.5399559920823338,123,44,48,31,0.4782608695652174,0.3761854233067917,0.5803363158236431,USD_CAD,H4,100,1.5,14,short,407
266,129,111,26,0.5375,0.4744194380837752,0.6005805619162248,114,40,46,28,0.46511627906976744,0.3596976640982777,0.5705348940412572,USD_CAD,H4,100,2.0,14,short,380
231,101,108,22,0.48325358851674644,0.4155036029813512,0.5510035740521416,100,45,37,18,0.5487804878048781,0.4410738642264263,0.6564871113833298,USD_CAD,H4,100,2.5,14,short,331
182,66,96,20,0.4074074074074074,0.3317430873312434,0.48307172748357136,79,31,33,15,0.484375,0.36193482906339774,0.6068151709366022,USD_CAD,H4,200,1.0,14,long,261
194,80,101,13,0.4419889502762431,0.3696380583395182,0.5143398422129679,84,36,39,9,0.48,0.3669299120014493,0.5930700879985507,USD_CAD,H4,200,1.5,14,long,278
186,76,101,9,0.4293785310734463,0.35645567750363083,0.5023013846432618,80,40,32,8,0.5555555555555556,0.4407765886309255,0.6703345224801857,USD_CAD,H4,200,2.0,14,long,266
170,78,84,8,0.48148148148148145,0.40453823725196647,0.5584247257109964,73,36,28,9,0.5625,0.4409607991479704,0.6840392008520296,USD_CAD,H4,200,2.5,14,long,243
209,90,99,20,0.47619047619047616,0.4049868326900441,0.5473941196909082,90,27,32,31,0.4576271186440678,0.33050095971652577,0.5847532775716098,USD_CAD,H4,200,1.0,14,short,299
212,92,95,25,0.4919786096256685,0.42032313485544637,0.5636340843958906,91,22,34,35,0.39285714285714285,0.26494115480248254,0.5207731309118031,USD_CAD,H4,200,1.5,14,short,303
221,105,90,26,0.5384615384615384,0.46849021980393657,0.6084328571191403,96,27,36,33,0.42857142857142855,0.3063694100392728,0.5507734471035842,USD_CAD,H4,200,2.0,14,short,317
234,104,96,34,0.52,0.4507589948079897,0.5892410051920103,101,37,43,21,0.4625,0.3532412617911044,0.5717587382088957,USD_CAD,H4,200,2.5,14,short,335
514,230,250,34,0.4791666666666667,0.4344748367158597,0.5238584966174737,221,93,119,9,0.4386792452830189,0.37188066458047747,0.5054778259855602,USD_CHF,H4,20,1.0,14,long,735
381,154,196,31,0.44,0.3879953232872273,0.4920046767127727,164,76,85,3,0.4720496894409938,0.39493563880095217,0.5491637400810354,USD_CHF,H4,20,1.5,14,long,545
265,121,123,21,0.4959016393442623,0.43316567578010573,0.5586376029084189,114,45,67,2,0.4017857142857143,0.3109884641896899,0.4925829643817387,USD_CHF,H4,20,2.0,14,long,379
180,68,92,20,0.425,0.34840075881576893,0.501599241184231,78,31,44,3,0.41333333333333333,0.3018855688541505,0.5247810978125161,USD_CHF,H4,20,2.5,14,long,258
522,282,196,44,0.5899581589958159,0.545865446530773,0.6340508714608589,225,109,108,8,0.5023041474654378,0.4357781189991624,0.5688301759317133,USD_CHF,H4,20,1.0,14,short,747
433,223,173,37,0.5631313131313131,0.514278590164583,0.6119840360980433,186,90,84,12,0.5172413793103449,0.4429919539803448,0.5914908046403449,USD_CHF,H4,20,1.5,14,short,619
303,141,136,26,0.5090252707581228,0.4501523708705677,0.5678981706456778,130,66,55,9,0.5454545454545454,0.4567325444041218,0.634176546504969,USD_CHF,H4,20,2.0,14,short,433
176,87,71,18,0.5506329113924051,0.4730690821484564,0.6281967406363538,76,35,36,5,0.49295774647887325,0.37666468041418233,0.6092508125435642,USD_CHF,H4,20,2.5,14,short,252
371,154,193,24,0.4438040345821326,0.3915282121514453,0.49607985701281987,159,67,87,5,0.43506493506493504,0.3567630860175631,0.513366784112307,USD_CHF,H4,50,1.0,14,long,530
345,140,173,32,0.4472843450479233,0.3922001973067638,0.5023684927890828,149,57,87,5,0.3958333333333333,0.31595860623319866,0.47570806043346797,USD_CHF,H4,50,1.5,14,long,494
308,155,130,23,0.543859649122807,0.4860332290742074,0.6016860691714068,132,52,75,5,0.4094488188976378,0.32392584515486567,0.4949717926404099,USD_CHF,H4,50,2.0,14,long,440
232,118,103,11,0.5339366515837104,0.4681667371515873,0.5997065660158335,100,37,61,2,0.37755102040816324,0.28157058022392994,0.47353146059239654,USD_CHF,H4,50,2.5,14,long,332
374,196,151,27,0.5648414985590778,0.5126765998421751,0.6170063972759806,161,76,80,5,0.48717948717948717,0.4087424892167651,0.5656164851422093,USD_CHF,H4,50,1.0,14,short,535
321,159,144,18,0.5247524752475248,0.4685219763415711,0.5809829741534784,138,63,69,6,0.4772727272727273,0.3920628392386331,0.5624826153068215,USD_CHF,H4,50,1.5,14,short,459
270,122,129,19,0.4860557768924303,0.42422278520618073,0.5478887685786799,117,58,53,6,0.5225225225225225,0.42959945570277525,0.6154455893422698,USD_CHF,H4,50,2.0,14,short,387
222,116,82,24,0.5858585858585859,0.5172475135674826,0.6544696581496892,96,42,43,11,0.49411764705882355,0.3878290791015675,0.6004062150160796,USD_CHF,H4,50,2.5,14,short,318
263,101,148,14,0.40562248995983935,0.344633899634582,0.4666110802850967,113,43,67,3,0.39090909090909093,0.29972088467784397,0.4820972971403379,USD_CHF,H4,100,1.0,14,long,376
260,108,134,18,0.4462809917355372,0.3836488447429782,0.5089131387280962,112,45,63,4,0.4166666666666667,0.32368507638295924,0.5096482569503742,USD_CHF,H4,100,1.5,14,long,372
255,93,144,18,0.3924050632911392,0.3302385839652597,0.45457154261701876,110,49,59,2,0.4537037037037037,0.3598082674772022,0.5475991399302053,USD_CHF,H4,100,2.0,14,long,365
251,106,130,15,0.4491525423728814,0.38569070005062445,0.5126143846951383,109,38,70,1,0.35185185185185186,0.2617857728170998,0.4419179308866039,USD_CHF,H4,100,2.5,14,long,360
267,118,121,28,0.49372384937238495,0.4303379132344475,0.5571097855103224,115,58,53,4,0.5225225225225225,0.42959945570277525,0.6154455893422698,USD_CHF,H4,100,1.0,14,short,382
252,117,118,17,0.4978723404255319,0.4339447680661186,0.5617999127849452,109,49,53,7,0.4803921568627451,0.3834323395537783,0.5773519741717119,USD_CHF,H4,100,1.5,14,short,361
248,125,111,12,0.5296610169491526,0.46598079582268537,0.5933412380756198,107,50,47,10,0.5154639175257731,0.41600759402138765,0.6149202410301586,USD_CHF,H4,100,2.0,14,short,355
214,105,92,17,0.5329949238578681,0.46332500650881464,0.6026648412069215,92,44,42,6,0.5116279069767442,0.4059803696618971,0.6172754442915913,USD_CHF,H4,100,2.5,14,short,306
190,81,88,21,0.47928994082840237,0.403970019113987,0.5546098625428177,82,35,44,3,0.4430379746835443,0.3334972033141374,0.5525787460529512,USD_CHF,H4,200,1.0,14,long,272
190,81,95,14,0.4602272727272727,0.38659107050637526,0.5338634749481701,82,36,43,3,0.45569620253164556,0.34587127822992586,0.5655211268333653,USD_CHF,H4,200,1.5,14,long,272
203,80,106,17,0.43010752688172044,0.35895594153448873,0.5012591122289521,87,41,44,2,0.4823529411764706,0.3761232425496554,0.5885826398032858,USD_CHF,H4,200,2.0,14,long,290
189,79,97,13,0.44886363636363635,0.3753807033651853,0.5223465693620875,81,25,55,1,0.3125,0.2109283657953659,0.4140716342046341,USD_CHF,H4,200,2.5,14,long,270
184,84,87,13,0.49122807017543857,0.4162971311585361,0.566159009192341,79,41,35,3,0.5394736842105263,0.4274108419121192,0.6515365265089335,USD_CHF,H4,200,1.0,14,short,263
176,82,85,9,0.49101796407185627,0.41519552449465125,0.5668404036490613,76,43,27,6,0.6142857142857143,0.5002541397109501,0.7283172888604785,USD_CHF,H4,200,1.5,14,short,252
180,104,69,7,0.6011560693641619,0.5281887936796551,0.6741233450486687,78,36,32,10,0.5294117647058824,0.41077509639553506,0.6480484330162296,USD_CHF,H4,200,2.0,14,short,258
170,88,73,9,0.546583850931677,0.46968496935333204,0.6234827325100221,74,37,31,6,0.5441176470588235,0.4257387167637846,0.6624965773538624,USD_CHF,H4,200,2.5,14,short,244
543,270,272,1,0.4981549815498155,0.45606066373911364,0.5402492993605174,233,116,116,1,0.5,0.43565984789873596,0.5643401521012641,NZD_USD,H4,20,1.0,14,long,776
429,211,217,1,0.4929906542056075,0.4456252211438871,0.5403560872673279,184,86,97,1,0.46994535519125685,0.3976326631733308,0.5422580472091829,NZD_USD,H4,20,1.5,14,long,613
317,161,156,0,0.5078864353312302,0.4528509988441468,0.5629218718183137,137,66,71,0,0.48175182481751827,0.3980805544706345,0.565423095164402,NZD_USD,H4,20,2.0,14,long,454
196,94,102,0,0.47959183673469385,0.40965017007815874,0.549533503391229,85,48,37,0,0.5647058823529412,0.45930380667366194,0.6701079580322205,NZD_USD,H4,20,2.5,14,long,281
548,266,282,0,0.4854014598540146,0.4435557821194742,0.527247137588555,236,123,113,0,0.5211864406779662,0.457451168561208,0.5849217127947244,NZD_USD,H4,20,1.0,14,short,784
441,206,235,0,0.4671201814058957,0.4205545250886641,0.5136858377231273,189,103,86,0,0.544973544973545,0.47397798270154284,0.6159691072455471,NZD_USD,H4,20,1.5,14,short,630
305,159,146,0,0.521311475409836,0.4652478339960626,0.5773751168236094,131,68,63,0,0.5190839694656488,0.43352336207369885,0.6046445768575989,NZD_USD,H4,20,2.0,14,short,436
173,95,78,0,0.5491329479768786,0.4749855319823101,0.6232803639714471,75,46,29,0,0.6133333333333333,0.503117981576135,0.7235486850905316,NZD_USD,H4,20,2.5,14,short,248
378,201,177,0,0.5317460317460317,0.4814419722713313,0.5820500912207323,163,77,85,1,0.47530864197530864,0.39840651089018214,0.5522107730604351,NZD_USD,H4,50,1.0,14,long,541
371,177,194,0,0.477088948787062,0.4262633264505634,0.5279145711235605,159,77,81,1,0.4873417721518987,0.40940214696160404,0.5652813973421934,NZD_USD,H4,50,1.5,14,long,530
310,139,170,1,0.44983818770226536,0.39436920346508103,0.5053071719394496,134,69,64,1,0.518796992481203,0.4338802858666977,0.6037136990957084,NZD_USD,H4,50,2.0,14,long,444
266,129,137,0,0.4849624060150376,0.4249019320441682,0.545022879985907,115,67,48,0,0.5826086956521739,0.49247911905841363,0.6727382722459341,NZD_USD,H4,50,2.5,14,long,381
387,178,209,0,0.4599483204134367,0.4102922019987819,0.5096044388280915,166,93,73,0,0.5602409638554217,0.4847322898729829,0.6357496378378604,NZD_USD,H4,50,1.0,14,short,553
382,204,178,0,0.5340314136125655,0.48400652712351117,0.5840563001016198,165,88,77,0,0.5333333333333333,0.4572101653728714,0.6094565012937952,NZD_USD,H4,50,1.5,14,short,547
343,186,157,0,0.5422740524781341,0.4895484938726982,0.5949996110835699,148,81,67,0,0.5472972972972973,0.46710301425176726,0.6274915803428273,NZD_USD,H4,50,2.0,14,short,491
272,138,134,0,0.5073529411764706,0.4479381386958058,0.5667677436571353,117,67,50,0,0.5726495726495726,0.4830100196378916,0.6622891256612536,NZD_USD,H4,50,2.5,14,short,389
267,150,117,0,0.5617977528089888,0.5022825744154042,0.6213129312025734,115,45,70,0,0.391304347826087,0.3021044025945523,0.48050429305762166,NZD_USD,H4,100,1.0,14,long,382
235,111,124,0,0.4723404255319149,0.4085101660497325,0.5361706850140973,102,39,63,0,0.38235294117647056,0.2880428006541874,0.4766630816987537,NZD_USD,H4,100,1.5,14,long,337
224,106,118,0,0.4732142857142857,0.4078293079862173,0.5385992634423541,96,41,54,1,0.43157894736842106,0.3319789168044144,0.5311789779324277,NZD_USD,H4,100,2.0,14,long,320
257,123,134,0,0.4785992217898833,0.41752452194836553,0.539673921631401,111,58,52,1,0.5272727272727272,0.4339724977314405,0.620572956814014,NZD_USD,H4,100,2.5,14,long,368
282,151,131,0,0.5354609929078015,0.4772497958335155,0.5936721899820875,122,60,62,0,0.4918032786885246,0.4030901705704877,0.5805163868065615,NZD_USD,H4,100,1.0,14,short,404
261,132,129,0,0.5057471264367817,0.44509065659719105,0.5664035962763723,112,57,55,0,0.5089285714285714,0.4163420409557213,0.6015151019014215,NZD_USD,H4,100,1.5,14,short,373
241,124,117,0,0.5145228215767634,0.4514221064829502,0.5776235366705766,104,50,54,0,0.4807692307692308,0.3847434284504295,0.576795033088032,NZD_USD,H4,100,2.0,14,short,345
221,108,113,0,0.48868778280542985,0.4227827227196963,0.5545928428911634,95,51,44,0,0.5368421052631579,0.4365695482844702,0.6371146622418457,NZD_USD,H4,100,2.5,14,short,316
184,82,102,0,0.44565217391304346,0.37383367082106184,0.5174706770050251,80,41,38,1,0.5189873417721519,0.40880825684687805,0.6291664266974257,NZD_USD,H4,200,1.0,14,long,264
179,90,89,0,0.5027932960893855,0.42954580005407333,0.5760407921246977,78,37,41,0,0.47435897435897434,0.36354182921991646,0.5851761194980322,NZD_USD,H4,200,1.5,14,long,257
192,99,93,0,0.515625,0.4449341343501289,0.586315865649871,83,39,44,0,0.46987951807228917,0.36250590317409753,0.5772531329704809,NZD_USD,H4,200,2.0,14,long,275
191,92,99,0,0.4816753926701571,0.4108127194751918,0.5525380658651223,82,39,43,0,0.47560975609756095,0.36751569737030715,0.5837038148248147,NZD_USD,H4,200,2.5,14,long,273
191,84,105,2,0.4444444444444444,0.37360132803781015,0.5152875608510786,82,47,35,0,0.573170731707317,0.46611294911506845,0.6802285142995655,NZD_USD,H4,200,1.0,14,short,273
199,97,101,1,0.4898989898989899,0.4202676359373955,0.5595303438605842,86,46,40,0,0.5348837209302325,0.42946510595874277,0.6403023359017223,NZD_USD,H4,200,1.5,14,short,285
218,116,100,2,0.5370370370370371,0.4705396716095296,0.6035344024645446,94,49,45,0,0.5212765957446809,0.4202888709508806,0.6222643205384811,NZD_USD,H4,200,2.0,14,short,312
190,96,94,0,0.5052631578947369,0.4341704243668951,0.5763558914225786,82,43,39,0,0.524390243902439,0.41629618517518524,0.6324843026296928,NZD_USD,H4,200,2.5,14,short,272
504,252,245,7,0.5070422535211268,0.4630876060913586,0.5509969009508949,217,103,114,0,0.47465437788018433,0.4082131716190869,0.5410955841412818,USD_SEK,H4,20,1.0,14,long,721
386,209,173,4,0.5471204188481675,0.4972024136871465,0.5970384240091886,166,88,78,0,0.5301204819277109,0.45419587071268663,0.6060450931427351,USD_SEK,H4,20,1.5,14,long,552
267,130,134,3,0.49242424242424243,0.43211633543167105,0.5527321494168138,115,60,54,1,0.5263157894736842,0.4346575947046457,0.6179739842427227,USD_SEK,H4,20,2.0,14,long,382
172,78,94,0,0.45348837209302323,0.37908808195885946,0.527888662227187,75,43,30,2,0.589041095890411,0.4761741856404078,0.7019080061404142,USD_SEK,H4,20,2.5,14,long,247
538,260,274,4,0.4868913857677903,0.44449721535647574,0.5292855561791049,231,117,113,1,0.508695652173913,0.44408613881300163,0.5733051655348244,USD_SEK,H4,20,1.0,14,short,769
414,190,220,4,0.4634146341463415,0.4151456201832291,0.5116836481094539,178,96,82,0,0.5393258426966292,0.46609928639704334,0.612552398996215,USD_SEK,H4,20,1.5,14,short,592
274,113,158,3,0.41697416974169743,0.3582698715738295,0.47567846790956536,118,65,53,0,0.5508474576271186,0.46109885952179996,0.6405960557324373,USD_SEK,H4,20,2.0,14,short,392
164,63,99,2,0.3888888888888889,0.31381802362301825,0.46395975415475954,71,36,35,0,0.5070422535211268,0.39074918745643583,0.6233353195858177,USD_SEK,H4,20,2.5,14,short,235
354,166,184,4,0.4742857142857143,0.42197183085119955,0.5265995977202291,152,66,86,0,0.4342105263157895,0.35541312720624074,0.5130079254253382,USD_SEK,H4,50,1.0,14,long,506
335,168,164,3,0.5060240963855421,0.4522435127820993,0.559804679988985,144,69,74,1,0.4825174825174825,0.4006158760433506,0.5644190889916144,USD_SEK,H4,50,1.5,14,long,479
298,151,146,1,0.5084175084175084,0.4515601997048234,0.5652748171301935,128,63,62,3,0.504,0.41634894025055946,0.5916510597494405,USD_SEK,H4,50,2.0,14,long,426
251,132,118,1,0.528,0.4661166198208275,0.5898833801791725,108,48,58,2,0.4528301886792453,0.35806869690886345,0.5475916804496271,USD_SEK,H4,50,2.5,14,long,359
340,132,202,6,0.39520958083832336,0.3427772672522456,0.4476418944244011,146,74,72,0,0.5068493150684932,0.42575154815456845,0.5879470819824179,USD_SEK,H4,50,1.0,14,short,486
318,135,180,3,0.42857142857142855,0.3739210244863107,0.4832218326565464,137,62,75,0,0.45255474452554745,0.36920549437409206,0.5359039946770028,USD_SEK,H4,50,1.5,14,short,455
300,133,164,3,0.4478114478114478,0.3912566906546949,0.5043662049682007,129,63,66,0,0.4883720930232558,0.40211124002224874,0.5746329460242628,USD_SEK,H4,50,2.0,14,short,429
254,130,120,4,0.52,0.45806896222409965,0.5819310377759004,109,59,50,0,0.5412844036697247,0.4477379490701109,0.6348308582693386,USD_SEK,H4,50,2.5,14,short,363
249,120,126,3,0.4878048780487805,0.42534094785837334,0.5502688082391876,108,49,59,0,0.4537037037037037,0.3598082674772022,0.5475991399302053,USD_SEK,H4,100,1.0,14,long,357
263,119,140,4,0.4594594594594595,0.39876571612514133,0.5201532027937776,113,46,67,0,0.40707964601769914,0.3164949725155151,0.49766431951988316,USD_SEK,H4,100,1.5,14,long,376
252,110,139,3,0.44176706827309237,0.3800847350143297,0.503449401531855,109,54,55,0,0.4954128440366973,0.40154981846593446,0.58927586960746,USD_SEK,H4,100,2.0,14,long,361
235,116,116,3,0.5,0.43565984789873596,0.5643401521012641,101,46,55,0,0.45544554455445546,0.35831982008320395,0.552571269025707,USD_SEK,H4,100,2.5,14,long,336
263,109,152,2,0.41762452107279696,0.35779295737279954,0.4774560847727944,114,57,57,0,0.5,0.408214590464994,0.591785409535006,USD_SEK,H4,100,1.0,14,short,377
269,110,159,0,0.40892193308550184,0.35016994649093813,0.46767391968006555,116,49,67,0,0.4224137931034483,0.33252521122112694,0.5123023749857697,USD_SEK,H4,100,1.5,14,short,385
238,90,147,1,0.379746835443038,0.31795750709647264,0.44153616378960336,103,40,63,0,0.3883495145631068,0.29422548649163527,0.4824735426345783,USD_SEK,H4,100,2.0,14,short,341
214,82,131,1,0.38497652582159625,0.3196289862797001,0.4503240653634924,92,49,43,0,0.532608695652174,0.4306541489342889,0.634563242370059,USD_SEK,H4,100,2.5,14,short,306
170,97,72,1,0.5739644970414202,0.49940926438794486,0.6485197296948955,73,42,31,0,0.5753424657534246,0.461951808327356,0.6887331231794933,USD_SEK,H4,200,1.0,14,long,243
180,106,74,0,0.5888888888888889,0.5170075585479895,0.6607702192297883,78,42,36,0,0.5384615384615384,0.4278271695398098,0.6490959073832671,USD_SEK,H4,200,1.5,14,long,258
170,99,71,0,0.5823529411764706,0.5082168880985798,0.6564889942543615,74,29,45,0,0.3918918918918919,0.28066398937039894,0.5031197944133848,USD_SEK,H4,200,2.0,14,long,244
159,87,71,1,0.5506329113924051,0.4730690821484564,0.6281967406363538,69,27,42,0,0.391304347826087,0.2761477137046378,0.5064609819475362,USD_SEK,H4,200,2.5,14,long,228
187,85,102,0,0.45454545454545453,0.3831775064857461,0.525913402605163,81,33,48,0,0.4074074074074074,0.30040189976795745,0.5144129150468573,USD_SEK,H4,200,1.0,14,short,268
173,73,100,0,0.42196531791907516,0.34837031163394516,0.49556032420420515,75,33,42,0,0.44,0.3276570583733302,0.5523429416266697,USD_SEK,H4,200,1.5,14,short,248
163,63,100,0,0.38650306748466257,0.3117472595627681,0.461258875406557,71,34,37,0,0.4788732394366197,0.362672506110634,0.5950739727626053,USD_SEK,H4,200,2.0,14,short,234
163,59,103,1,0.36419753086419754,0.29009583149891743,0.43829923022947764,71,36,35,0,0.5070422535211268,0.39074918745643583,0.6233353195858177,USD_SEK,H4,200,2.5,14,short,234
542,270,252,20,0.5172413793103449,0.4743734536088943,0.5601093050117955,233,108,122,3,0.46956521739130436,0.4050657526767258,0.534064682105883,AUD_CHF,H4,20,1.0,14,long,775
400,196,183,21,0.5171503957783641,0.46684079895436387,0.5674599926023642,172,69,101,2,0.40588235294117647,0.33206339307487986,0.4797013128074731,AUD_CHF,H4,20,1.5,14,long,572
260,126,127,7,0.4980237154150198,0.43641212457426415,0.5596353062557754,112,50,58,4,0.46296296296296297,0.36892148691330207,0.5570044390126239,AUD_CHF,H4,20,2.0,14,long,372
175,80,89,6,0.47337278106508873,0.39809513828845,0.5486504238417275,76,32,39,5,0.4507042253521127,0.334966260624249,0.5664421900799763,AUD_CHF,H4,20,2.5,14,long,251
557,290,258,9,0.5291970802919708,0.48740499076924665,0.5709891698146949,240,112,122,6,0.47863247863247865,0.4146264012980292,0.5426385559669281,AUD_CHF,H4,20,1.0,14,short,797
416,225,183,8,0.5514705882352942,0.5032111090570892,0.5997300674134991,179,88,87,4,0.5028571428571429,0.4287773156435215,0.5769369700707643,AUD_CHF,H4,20,1.5,14,short,595
249,137,108,4,0.5591836734693878,0.49701392559294544,0.6213534213458302,108,52,55,1,0.48598130841121495,0.39127837718809627,0.5806842396343336,AUD_CHF,H4,20,2.0,14,short,357
154,91,61,2,0.5986842105263158,0.5207593016481085,0.6766091194045232,66,43,23,0,0.6515151515151515,0.5365573859450317,0.7664729170852713,AUD_CHF,H4,20,2.5,14,short,220
388,184,179,25,0.5068870523415978,0.45545527166195093,0.5583188330212447,167,59,104,4,0.3619631901840491,0.2881868104525688,0.4357395699155294,AUD_CHF,H4,50,1.0,14,long,555
336,154,167,15,0.4797507788161994,0.4250973871143481,0.5344041705180507,144,62,77,5,0.4460431654676259,0.3634060635052082,0.5286802674300436,AUD_CHF,H4,50,1.5,14,long,480
300,146,138,16,0.5140845070422535,0.4559552821016838,0.5722137319828232,129,65,58,6,0.5284552845528455,0.4402348730311544,0.6166756960745367,AUD_CHF,H4,50,2.0,14,long,429
249,126,114,9,0.525,0.46182039490468463,0.5881796050953154,108,61,40,7,0.6039603960396039,0.5085778471432761,0.6993429449359317,AUD_CHF,H4,50,2.5,14,long,357
404,221,178,5,0.5538847117794486,0.5051090842223357,0.6026603393365616,174,84,88,2,0.4883720930232558,0.4136680029722686,0.563076183074243,AUD_CHF,H4,50,1.0,14,short,578
380,203,173,4,0.5398936170212766,0.48951510054004754,0.5902721335025056,163,92,70,1,0.5679012345679012,0.4916184595888675,0.6441840095469349,AUD_CHF,H4,50,1.5,14,short,543
318,164,153,1,0.5173501577287066,0.46234102252699005,0.5723592929304232,137,74,61,2,0.5481481481481482,0.46419515278120094,0.6321011435150954,AUD_CHF,H4,50,2.0,14,short,455
247,127,118,2,0.5183673469387755,0.45579970191291863,0.5809349919646324,107,49,53,5,0.4803921568627451,0.3834323395537783,0.5773519741717119,AUD_CHF,H4,50,2.5,14,short,354
301,164,122,15,0.5734265734265734,0.5161062198004305,0.6307469270527164,130,56,72,2,0.4375,0.35155880689753605,0.523441193102464,AUD_CHF,H4,100,1.0,14,long,431
282,157,110,15,0.5880149812734082,0.5289764767434342,0.6470534858033823,122,61,61,0,0.5,0.4112749688783318,0.5887250311216682,AUD_CHF,H4,100,1.5,14,long,404
260,156,96,8,0.6190476190476191,0.5590887854332545,0.6790064526619837,112,56,56,0,0.5,0.4073987041127393,0.5926012958872606,AUD_CHF,H4,100,2.0,14,long,372
217,114,94,9,0.5480769230769231,0.4804410000244186,0.6157128461294277,94,49,44,1,0.5268817204301075,0.42540742915093477,0.6283560117092802,AUD_CHF,H4,100,2.5,14,long,311
286,132,149,5,0.4697508896797153,0.4113960753868813,0.5281057039725493,123,49,71,3,0.4083333333333333,0.3203882799908775,0.49627838667578916,AUD_CHF,H4,100,1.0,14,short,409
268,132,131,5,0.5019011406844106,0.4414721887443438,0.5623300926244774,116,57,56,3,0.504424778761062,0.4122377436700475,0.5966118138520764,AUD_CHF,H4,100,1.5,14,short,384
254,123,125,6,0.4959677419354839,0.4337397033485379,0.5581957805224298,110,65,42,3,0.6074766355140186,0.5149510742233762,0.7000021968046611,AUD_CHF,H4,100,2.0,14,short,364
237,112,121,4,0.48068669527896996,0.41653267363686713,0.5448407169210727,102,57,44,1,0.5643564356435643,0.4676539189565859,0.6610589523305427,AUD_CHF,H4,100,2.5,14,short,339
225,126,89,10,0.586046511627907,0.5202082042204711,0.6518848190353429,97,56,41,0,0.5773195876288659,0.4790125947077963,0.6756265805499356,AUD_CHF,H4,200,1.0,14,long,322
204,112,79,13,0.5863874345549738,0.5165435191796035,0.656231349930344,88,43,45,0,0.48863636363636365,0.3841949965696173,0.59307773070311,AUD_CHF,H4,200,1.5,14,long,292
183,90,81,12,0.5263157894736842,0.45147718683075666,0.6011543921166117,79,26,49,4,0.3466666666666667,0.23895843636798395,0.4543748969653494,AUD_CHF,H4,200,2.0,14,long,262
163,87,69,7,0.5576923076923077,0.47975357396808704,0.6356310414165284,70,29,37,4,0.4393939393939394,0.3196537256574813,0.5591341531303975,AUD_CHF,H4,200,2.5,14,long,233
220,110,109,1,0.502283105022831,0.43606153231945116,0.5685046777262108,95,50,44,1,0.5319148936170213,0.4310417323595832,0.6327880548744593,AUD_CHF,H4,200,1.0,14,short,315
218,111,105,2,0.5138888888888888,0.44723406526661036,0.5805437125111673,94,63,30,1,0.6774193548387096,0.5824108353392293,0.7724278743381899,AUD_CHF,H4,200,1.5,14,short,312
219,104,114,1,0.47706422018348627,0.41076011379121347,0.5433683265757591,95,57,36,2,0.6129032258064516,0.5139066149634017,0.7118998366495015,AUD_CHF,H4,200,2.0,14,short,314
201,119,80,2,0.5979899497487438,0.5298667668875483,0.6661131326099392,87,45,39,3,0.5357142857142857,0.429060640675778,0.6423679307527934,AUD_CHF,H4,200,2.5,14,short,288
525,211,196,118,0.5184275184275184,0.46988372390180444,0.5669713129532324,225,76,67,82,0.5314685314685315,0.44967928393908424,0.6132577789979786,AUD_NZD,H4,20,1.0,14,long,750
390,155,142,93,0.5218855218855218,0.46507465469062964,0.578696389080414,168,66,46,56,0.5892857142857143,0.4981728035650047,0.6803986250064239,AUD_NZD,H4,20,1.5,14,long,558
240,98,93,49,0.5130890052356021,0.4422029950819291,0.5839750153892751,103,41,26,36,0.6119402985074627,0.4952532997726573,0.728627297242268,AUD_NZD,H4,20,2.0,14,long,343
134,64,48,22,0.5714285714285714,0.4797770575294546,0.6630800853276881,58,22,23,13,0.4888888888888889,0.3428351903625469,0.6349425874152308,AUD_NZD,H4,20,2.5,14,long,192
540,248,209,83,0.5426695842450766,0.49699435300639583,0.5883448154837574,232,62,101,69,0.3803680981595092,0.3058380852610488,0.4548981110579697,AUD_NZD,H4,20,1.0,14,short,772
414,201,156,57,0.5630252100840336,0.5115718104166033,0.614478609751464,178,43,81,54,0.3467741935483871,0.2630019241184584,0.43054646297831584,AUD_NZD,H4,20,1.5,14,short,592
284,133,117,34,0.532,0.47014642446551697,0.593853575534483,122,28,51,43,0.35443037974683544,0.2489480925476492,0.4599126669460217,AUD_NZD,H4,20,2.0,14,short,406
145,69,60,16,0.5348837209302325,0.4488097822398747,0.6209576596205902,63,18,25,20,0.4186046511627907,0.271149603154368,0.5660596991712135,AUD_NZD,H4,20,2.5,14,short,208
374,132,147,95,0.4731182795698925,0.41453207018403565,0.5317044889557494,161,62,37,62,0.6262626262626263,0.5309610714106983,0.7215641811145543,AUD_NZD,H4,50,1.0,14,long,535
340,122,136,82,0.4728682170542636,0.41194597442291025,0.5337904596856169,147,55,42,50,0.5670103092783505,0.46840405541261254,0.6656165631440885,AUD_NZD,H4,50,1.5,14,long,487
294,121,107,66,0.5307017543859649,0.46592213755341133,0.5954813712185184,126,48,38,40,0.5581395348837209,0.45318026246752335,0.6630988072999184,AUD_NZD,H4,50,2.0,14,long,420
247,111,83,53,0.5721649484536082,0.5025417433673867,0.6417881535398298,106,42,30,34,0.5833333333333334,0.46945460749952866,0.6972120591671381,AUD_NZD,H4,50,2.5,14,long,353
356,167,144,45,0.5369774919614148,0.4815589660851428,0.5923960178376867,153,52,51,50,0.5048543689320388,0.40829665073918514,0.6014120871248926,AUD_NZD,H4,50,1.0,14,short,509
329,147,137,45,0.5176056338028169,0.45948939331383104,0.5757218742918028,142,34,61,47,0.35789473684210527,0.2614951795482571,0.45429429413595346,AUD_NZD,H4,50,1.5,14,short,471
294,133,125,36,0.5155038759689923,0.45452107899348315,0.5764866729445014,126,33,59,34,0.358695652173913,0.26068860467520094,0.4567026996726251,AUD_NZD,H4,50,2.0,14,short,420
242,118,95,29,0.5539906103286385,0.4872347384458049,0.6207464822114721,104,29,45,30,0.3918918918918919,0.28066398937039894,0.5031197944133848,AUD_NZD,H4,50,2.5,14,short,346
272,78,141,53,0.3561643835616438,0.2927413870909696,0.41958738003231805,117,44,39,34,0.5301204819277109,0.42274686702951925,0.6374940968259025,AUD_NZD,H4,100,1.0,14,long,389
270,75,139,56,0.35046728971962615,0.28654189134749913,0.41439268809175317,117,43,38,36,0.5308641975308642,0.42218296146623,0.6395454335954984,AUD_NZD,H4,100,1.5,14,long,387
251,83,105,63,0.44148936170212766,0.3705065835091311,0.5124721398951242,108,37,36,35,0.5068493150684932,0.3921597532206488,0.6215388769163376,AUD_NZD,H4,100,2.0,14,long,359
252,93,85,74,0.5224719101123596,0.4490920287911256,0.5958517914335937,109,45,38,26,0.5421686746987951,0.4349829402855688,0.6493544091120215,AUD_NZD,H4,100,2.5,14,long,361
244,110,103,31,0.5164319248826291,0.4493197023974264,0.5835441473678319,106,25,39,42,0.390625,0.27109183518690566,0.5101581648130944,AUD_NZD,H4,100,1.0,14,short,350
233,90,111,32,0.44776119402985076,0.37901562211526485,0.5165067659444367,101,16,40,45,0.2857142857142857,0.16739269005229337,0.404035881376278,AUD_NZD,H4,100,1.5,14,short,334
226,93,94,39,0.49732620320855614,0.4256625303403986,0.5689898760767137,97,15,42,40,0.2631578947368421,0.14884004089819625,0.37747574857548793,AUD_NZD,H4,100,2.0,14,short,323
204,83,84,37,0.49700598802395207,0.4211726708282165,0.5728393052196876,88,18,44,26,0.2903225806451613,0.1773348911152945,0.40331027017502813,AUD_NZD,H4,100,2.5,14,short,292
182,59,92,31,0.39072847682119205,0.3129050106471816,0.4685519429952025,79,28,24,27,0.5384615384615384,0.40296266252500634,0.6739604143980705,AUD_NZD,H4,200,1.0,14,long,261
189,54,91,44,0.3724137931034483,0.29372341282622916,0.45110417338066744,82,24,21,37,0.5333333333333333,0.3875685642660633,0.6790981024006033,AUD_NZD,H4,200,1.5,14,long,271
171,57,72,42,0.4418604651162791,0.35616157805179194,0.5275593521807662,74,24,28,22,0.46153846153846156,0.32603958560192947,0.5970373374749937,AUD_NZD,H4,200,2.0,14,long,245
176,59,70,47,0.4573643410852713,0.3713944192772512,0.5433342628932915,76,30,31,15,0.4918032786885246,0.3663439980277261,0.6172625593493231,AUD_NZD,H4,200,2.5,14,long,252
183,95,62,26,0.6050955414012739,0.5286302689770344,0.6815608138255134,79,16,32,31,0.3333333333333333,0.19997222511513807,0.46669444155152856,AUD_NZD,H4,200,1.0,14,short,262
180,80,72,28,0.5263157894736842,0.4469374643386749,0.6056941146086935,78,21,32,25,0.39622641509433965,0.26454426668743336,0.5279085635012459,AUD_NZD,H4,200,1.5,14,short,258
187,76,75,36,0.5033112582781457,0.4235617381923804,0.583060778363911,81,22,32,27,0.4074074074074074,0.27635296071533755,0.5384618540994772,AUD_NZD,H4,200,2.0,14,short,268
172,66,68,38,0.4925373134328358,0.4078876378685492,0.5771869889971224,74,21,37,16,0.3620689655172414,0.23838181329805236,0.4857561177364304,AUD_NZD,H4,200,2.5,14,short,246
517,241,238,38,0.5031315240083507,0.458355059316125,0.5479079887005764,222,113,84,25,0.5736040609137056,0.5045426261128293,0.642665495714582,AUD_CAD,H4,20,1.0,14,long,739
399,186,184,29,0.5027027027027027,0.4517556730133695,0.5536497323920359,171,103,50,18,0.673202614379085,0.5988797327540525,0.7475254960041176,AUD_CAD,H4,20,1.5,14,long,570
243,110,112,21,0.4954954954954955,0.429724871292704,0.561266119698287,105,63,34,8,0.6494845360824743,0.554531642654096,0.7444374295108525,AUD_CAD,H4,20,2.0,14,long,348
156,63,78,15,0.44680851063829785,0.3647459662314066,0.5288710550451892,67,36,29,2,0.5538461538461539,0.43299903917157556,0.6746932685207322,AUD_CAD,H4,20,2.5,14,long,223
552,262,267,23,0.4952741020793951,0.4526673097244204,0.5378808944343698,237,110,94,33,0.5392156862745098,0.4708133256908886,0.6076180468581309,AUD_CAD,H4,20,1.0,14,short,789
387,194,171,22,0.5315068493150685,0.48031324647886575,0.5827004521512713,166,72,68,26,0.5142857142857142,0.4314944103945446,0.5970770181768839,AUD_CAD,H4,20,1.5,14,short,553
238,117,115,6,0.5043103448275862,0.4399725835314472,0.5686481061237252,103,50,38,15,0.5681818181818182,0.46468932162058035,0.6716743147430562,AUD_CAD,H4,20,2.0,14,short,341
149,83,57,9,0.5928571428571429,0.5114728691920176,0.6742414165222681,65,33,22,10,0.6,0.47052666122113995,0.72947333877886,AUD_CAD,H4,20,2.5,14,short,214
415,181,208,26,0.4652956298200514,0.4157274896392687,0.514863770000834,179,90,74,15,0.5487804878048781,0.47262040389384796,0.6249405717159082,AUD_CAD,H4,50,1.0,14,long,594
341,132,189,20,0.411214953271028,0.3573859435304593,0.46504396301159673,147,75,56,16,0.5725190839694656,0.48780145878473447,0.6572367091541967,AUD_CAD,H4,50,1.5,14,long,488
303,133,151,19,0.46830985915492956,0.4102744760831721,0.5263452422266871,131,79,39,13,0.6694915254237288,0.5846166969605529,0.7543663538869048,AUD_CAD,H4,50,2.0,14,long,434
247,114,111,22,0.5066666666666667,0.4413391409988707,0.5719941923344627,106,65,37,4,0.6372549019607843,0.5439480893458835,0.7305617145756851,AUD_CAD,H4,50,2.5,14,long,353
415,189,204,22,0.48091603053435117,0.43151759082458097,0.5303144702441214,178,84,72,22,0.5384615384615384,0.4602312259646899,0.616691850958387,AUD_CAD,H4,50,1.0,14,short,593
369,170,182,17,0.48295454545454547,0.43075073179191886,0.535158359117172,159,74,61,24,0.5481481481481482,0.46419515278120094,0.6321011435150954,AUD_CAD,H4,50,1.5,14,short,528
298,147,144,7,0.5051546391752577,0.4477090746984196,0.5626002036520958,128,54,55,19,0.4954128440366973,0.40154981846593446,0.58927586960746,AUD_CAD,H4,50,2.0,14,short,426
236,117,112,7,0.5109170305676856,0.44617224601157024,0.5756618151238009,102,45,44,13,0.5056179775280899,0.4017447427341948,0.609491212321985,AUD_CAD,H4,50,2.5,14,short,338
287,112,159,16,0.4132841328413284,0.3546555078929711,0.4719127577896857,123,71,45,7,0.6120689655172413,0.5233932873006567,0.700744643733826,AUD_CAD,H4,100,1.0,14,long,410
278,102,160,16,0.3893129770992366,0.3302705487016391,0.44835540549683417,120,63,53,4,0.5431034482758621,0.4524514677025692,0.633755428849155,AUD_CAD,H4,100,1.5,14,long,398
284,111,161,12,0.40808823529411764,0.3496795887621554,0.4664968818260799,122,67,49,6,0.5775862068965517,0.48769762501423036,0.6674747887788731,AUD_CAD,H4,100,2.0,14,long,406
275,108,147,20,0.4235294117647059,0.3628814310092594,0.48417739252015235,118,66,44,8,0.6,0.5084485241666049,0.691551475833395,AUD_CAD,H4,100,2.5,14,long,393
291,128,151,12,0.45878136200716846,0.40030999802226536,0.5172527259920716,126,38,67,21,0.3619047619047619,0.26998660184839357,0.4538229219611302,AUD_CAD,H4,100,1.0,14,short,417
296,131,145,20,0.4746376811594203,0.4157245511334136,0.533550811185427,127,53,55,19,0.49074074074074076,0.3964563676630377,0.5850251138184438,AUD_CAD,H4,100,1.5,14,short,423
256,108,133,15,0.44813278008298757,0.38534600084259457,0.5109195593233806,110,62,36,12,0.6326530612244898,0.5372056721474038,0.7281004503015759,AUD_CAD,H4,100,2.0,14,short,366
246,97,134,15,0.4199134199134199,0.35626665002659047,0.48356018980024934,106,64,36,6,0.64,0.54592,0.7340800000000001,AUD_CAD,H4,100,2.5,14,short,352
235,75,152,8,0.3303964757709251,0.26920798924284356,0.3915849622990067,102,56,41,5,0.5773195876288659,0.4790125947077963,0.6756265805499356,AUD_CAD,H4,200,1.0,14,long,337
240,71,156,13,0.31277533039647576,0.252462632025401,0.37308802876755054,103,58,42,3,0.58,0.4832625325946559,0.676737467405344,AUD_CAD,H4,200,1.5,14,long,343
222,66,137,19,0.3251231527093596,0.2606848243076504,0.3895614811110688,96,51,42,3,0.5483870967741935,0.4472428040641537,0.6495313894842334,AUD_CAD,H4,200,2.0,14,long,318
237,96,125,16,0.4343891402714932,0.3690372304380145,0.49974105010497194,103,53,46,4,0.5353535353535354,0.43710634710117363,0.633600723605897,AUD_CAD,H4,200,2.5,14,long,340
198,81,98,19,0.45251396648044695,0.3795964157984502,0.5254315171624437,85,22,40,23,0.3548387096774194,0.23573922751930654,0.4739381918355322,AUD_CAD,H4,200,1.0,14,short,283
189,74,95,20,0.4378698224852071,0.3630694643971616,0.5126701805732526,82,29,24,29,0.5471698113207547,0.4131568244683743,0.6811827981731351,AUD_CAD,H4,200,1.5,14,short,271
178,76,92,10,0.4523809523809524,0.377115988321871,0.5276459164400338,77,38,28,11,0.5757575757575758,0.45652059185637583,0.6949945596587758,AUD_CAD,H4,200,2.0,14,short,255
184,93,78,13,0.543859649122807,0.46920606184979996,0.6185132363958141,80,47,26,7,0.6438356164383562,0.5339837641828868,0.7536874686938255,AUD_CAD,H4,200,2.5,14,short,264
560,292,241,27,0.5478424015009381,0.5055886567152899,0.5900961462865864,241,86,132,23,0.3944954128440367,0.3296159086775693,0.45937491701050415,EUR_AUD,H4,20,1.0,14,long,801
403,200,184,19,0.5208333333333334,0.47086634842890057,0.5708003182377661,174,77,80,17,0.49044585987261147,0.41224762522436176,0.5686440945208612,EUR_AUD,H4,20,1.5,14,long,577
272,133,132,7,0.5018867924528302,0.4416862996334751,0.5620872852721853,117,61,45,11,0.5754716981132075,0.4813762861821364,0.6695671100442787,EUR_AUD,H4,20,2.0,14,long,389
149,75,69,5,0.5208333333333334,0.43923758866586005,0.6024290780008067,65,30,27,8,0.5263157894736842,0.39669152732867524,0.6559400516186931,EUR_AUD,H4,20,2.5,14,long,214
503,239,234,30,0.5052854122621564,0.46022748190481444,0.5503433426194984,216,101,96,19,0.5126903553299492,0.4428907389843295,0.5824899716755689,EUR_AUD,H4,20,1.0,14,short,719
378,184,175,19,0.5125348189415042,0.4608286531552996,0.5642409847277088,163,74,73,16,0.5034013605442177,0.42257419314257083,0.5842285279458646,EUR_AUD,H4,20,1.5,14,short,541
297,138,143,16,0.49110320284697506,0.4326505597942757,0.5495558458996744,128,63,56,9,0.5294117647058824,0.43973087307090053,0.6190926563408642,EUR_AUD,H4,20,2.0,14,short,425
182,88,81,13,0.5207100591715976,0.44539013745718226,0.596029980886013,79,28,46,5,0.3783783783783784,0.26787732367375705,0.48887943308299975,EUR_AUD,H4,20,2.5,14,short,261
396,216,158,22,0.5775401069518716,0.5274785805764394,0.6276016333273039,171,53,95,23,0.3581081081081081,0.2808643783615084,0.4353518378547078,EUR_AUD,H4,50,1.0,14,long,567
372,199,163,10,0.5497237569060773,0.4984714337302318,0.6009760800819229,160,50,89,21,0.3597122302158273,0.27992858469462567,0.439495875737029,EUR_AUD,H4,50,1.5,14,long,532
323,181,136,6,0.5709779179810726,0.51649304790145,0.6254627880606951,139,56,71,12,0.4409448818897638,0.35459262796713586,0.5272971358123917,EUR_AUD,H4,50,2.0,14,long,462
253,126,119,8,0.5142857142857142,0.4517013711957688,0.5768700573756597,109,40,58,11,0.40816326530612246,0.31085248607225735,0.5054740445399876,EUR_AUD,H4,50,2.5,14,long,362
368,176,165,27,0.5161290322580645,0.4630866759095035,0.5691713886066255,158,66,77,15,0.46153846153846156,0.3798295649936628,0.5432473580832603,EUR_AUD,H4,50,1.0,14,short,526
320,162,140,18,0.5364238410596026,0.4801810088779541,0.5926666732412511,138,61,65,12,0.48412698412698413,0.3968656498122241,0.5713883184417442,EUR_AUD,H4,50,1.5,14,short,458
297,148,134,15,0.524822695035461,0.46653650529223156,0.5831088847786904,128,70,46,12,0.603448275862069,0.5144263422157019,0.692470209508436,EUR_AUD,H4,50,2.0,14,short,425
254,123,109,22,0.5301724137931034,0.46594951580891947,0.5943953117772873,109,58,44,7,0.5686274509803921,0.4725113491765299,0.6647435527842543,EUR_AUD,H4,50,2.5,14,short,363
305,168,129,8,0.5656565656565656,0.5092835986106417,0.6220295327024896,131,58,48,25,0.5471698113207547,0.45240831955037286,0.6419313030911366,EUR_AUD,H4,100,1.0,14,long,436
257,145,106,6,0.5776892430278885,0.5165834446306549,0.6387950414251221,111,43,58,10,0.42574257425742573,0.3293103386407844,0.5221748098740671,EUR_AUD,H4,100,1.5,14,long,368
237,126,106,5,0.5431034482758621,0.4790028180844955,0.6072040784672287,102,41,48,13,0.4606741573033708,0.3571161682586195,0.5642321463481221,EUR_AUD,H4,100,2.0,14,long,339
241,117,118,6,0.4978723404255319,0.4339447680661186,0.5617999127849452,104,39,54,11,0.41935483870967744,0.3190640995955766,0.5196455778237783,EUR_AUD,H4,100,2.5,14,long,345
282,140,137,5,0.5054151624548736,0.44653612261841646,0.5642942022913308,122,53,58,11,0.4774774774774775,0.3845544106577302,0.5704005442972248,EUR_AUD,H4,100,1.0,14,short,404
272,135,119,18,0.531496062992126,0.4701275130823831,0.592864612901869,117,60,46,11,0.5660377358490566,0.4716855828898187,0.6603898888082944,EUR_AUD,H4,100,1.5,14,short,389
238,110,106,22,0.5092592592592593,0.4425901396960931,0.5759283788224254,103,57,42,4,0.5757575757575758,0.4784009860821117,0.6731141654330399,EUR_AUD,H4,100,2.0,14,short,341
237,108,105,24,0.5070422535211268,0.4399004205237905,0.574184086518463,103,57,44,2,0.5643564356435643,0.4676539189565859,0.6610589523305427,EUR_AUD,H4,100,2.5,14,short,340
184,90,90,4,0.5,0.42695511273500686,0.5730448872649931,80,31,44,5,0.41333333333333333,0.3018855688541505,0.5247810978125161,EUR_AUD,H4,200,1.0,14,long,264
194,105,82,7,0.5614973262032086,0.49037675479097687,0.6326178976154403,84,37,42,5,0.46835443037974683,0.358316872918061,0.5783919878414326,EUR_AUD,H4,200,1.5,14,long,278
191,106,75,10,0.585635359116022,0.513868857982727,0.6574018602493171,82,37,43,2,0.4625,0.3532412617911044,0.5717587382088957,EUR_AUD,H4,200,2.0,14,long,273
184,94,78,12,0.5465116279069767,0.47211133777281294,0.6209119180411404,79,42,29,8,0.5915492957746479,0.4772108742318334,0.7058877173174624,EUR_AUD,H4,200,2.5,14,long,263
213,94,98,21,0.4895833333333333,0.4188732754192013,0.5602933912474654,92,53,34,5,0.6091954022988506,0.5066645456935379,0.7117262589041633,EUR_AUD,H4,200,1.0,14,short,305
205,90,95,20,0.4864864864864865,0.41446177353421365,0.5585111994387594,89,49,36,4,0.5764705882352941,0.4714252041904013,0.6815159722801869,EUR_AUD,H4,200,1.5,14,short,294
207,97,86,24,0.5300546448087432,0.4577419527908172,0.6023673368266692,90,45,37,8,0.5487804878048781,0.4410738642264263,0.6564871113833298,EUR_AUD,H4,200,2.0,14,short,297
186,97,73,16,0.5705882352941176,0.4961784611232222,0.644998009465013,80,35,36,9,0.49295774647887325,0.37666468041418233,0.6092508125435642,EUR_AUD,H4,200,2.5,14,short,266
506,238,220,48,0.519650655021834,0.47389364126804034,0.5654076687756278,217,99,74,44,0.5722543352601156,0.4985283858643012,0.64598028465593,EUR_CAD,H4,20,1.0,14,long,723
400,199,163,38,0.5497237569060773,0.4984714337302318,0.6009760800819229,172,78,62,32,0.5571428571428572,0.47486041673179497,0.6394252975539193,EUR_CAD,H4,20,1.5,14,long,572
277,118,131,28,0.4738955823293173,0.4118753052426509,0.5359158594159836,119,59,34,26,0.6344086021505376,0.5365278917171886,0.7322893125838866,EUR_CAD,H4,20,2.0,14,long,396
177,87,76,14,0.5337423312883436,0.45715779498090403,0.6103268675957831,76,35,21,20,0.625,0.4982004534708424,0.7517995465291576,EUR_CAD,H4,20,2.5,14,long,253
542,256,245,41,0.5109780439121756,0.4672054273987707,0.5547506604255805,233,85,91,57,0.48295454545454547,0.40912720416526105,0.5567818867438299,EUR_CAD,H4,20,1.0,14,short,775
412,202,177,33,0.5329815303430079,0.48275194715853403,0.5832111135274818,177,59,64,54,0.4796747967479675,0.3913842112168868,0.5679653822790481,EUR_CAD,H4,20,1.5,14,short,589
289,152,117,20,0.5650557620817844,0.5058120345100062,0.6242994896535626,125,44,53,28,0.4536082474226804,0.35453355265958564,0.5526829421857752,EUR_CAD,H4,20,2.0,14,short,414
189,103,76,10,0.5754189944134078,0.5030084298796265,0.6478295589471892,82,28,39,15,0.417910447761194,0.29980900952033557,0.5360118860020524,EUR_CAD,H4,20,2.5,14,short,271
408,217,154,37,0.5849056603773585,0.5347655328430825,0.6350457879116345,175,72,64,39,0.5294117647058824,0.4455229720462566,0.6133005573655081,EUR_CAD,H4,50,1.0,14,long,583
350,194,131,25,0.5969230769230769,0.5435935731431025,0.6502525807030513,150,64,52,34,0.5517241379310345,0.46122160246293153,0.6422266733991374,EUR_CAD,H4,50,1.5,14,long,500
294,143,118,33,0.5478927203065134,0.4875111598060281,0.6082742808069986,127,57,37,33,0.6063829787234043,0.5076180895298716,0.705147867916937,EUR_CAD,H4,50,2.0,14,long,421
236,109,97,30,0.529126213592233,0.46096232516561425,0.5972901020188517,102,48,34,20,0.5853658536585366,0.4787319348209855,0.6919997724960876,EUR_CAD,H4,50,2.5,14,long,338
405,191,180,34,0.5148247978436657,0.4639681017144608,0.5656814939728707,174,55,78,41,0.41353383458646614,0.32983734251742847,0.4972303266555038,EUR_CAD,H4,50,1.0,14,short,579
340,167,145,28,0.5352564102564102,0.4799129362579975,0.5905998842548229,146,47,61,38,0.4351851851851852,0.34168030359243334,0.5286900667779371,EUR_CAD,H4,50,1.5,14,short,486
294,148,121,25,0.550185873605948,0.49073596460210284,0.6096357826097931,126,53,40,33,0.5698924731182796,0.4692689361358777,0.6705160101006815,EUR_CAD,H4,50,2.0,14,short,420
244,127,94,23,0.5746606334841629,0.5094777680495343,0.6398434989187914,106,33,46,27,0.4177215189873418,0.3089659962466471,0.5264770417280364,EUR_CAD,H4,50,2.5,14,short,350
310,148,131,31,0.5304659498207885,0.47190389969756136,0.5890279999440157,133,63,32,38,0.6631578947368421,0.5681158158276737,0.7581999736460104,EUR_CAD,H4,100,1.0,14,long,443
280,149,105,26,0.5866141732283464,0.5260531394228326,0.6471752070338602,120,55,22,43,0.7142857142857143,0.6133807184638117,0.8151907101076169,EUR_CAD,H4,100,1.5,14,long,400
242,127,98,17,0.5644444444444444,0.4996560537419299,0.6292328351469589,104,48,26,30,0.6486486486486487,0.5398769816510848,0.7574203156462126,EUR_CAD,H4,100,2.0,14,long,346
213,107,87,19,0.5515463917525774,0.48156138777636504,0.6215313957287897,92,44,24,24,0.6470588235294118,0.533472861315188,0.7606447857436356,EUR_CAD,H4,100,2.5,14,long,305
308,148,126,34,0.5401459854014599,0.48113316690259317,0.5991588039003265,132,60,52,20,0.5357142857142857,0.44334951970472986,0.6280790517238415,EUR_CAD,H4,100,1.0,14,short,440
277,135,112,30,0.5465587044534413,0.4844737256690895,0.6086436832377932,120,52,49,19,0.5148514851485149,0.41738086650840117,0.6123221037886286,EUR_CAD,H4,100,1.5,14,short,397
256,116,118,22,0.49572649572649574,0.4316642316271657,0.5597887598258258,110,49,44,17,0.5268817204301075,0.42540742915093477,0.6283560117092802,EUR_CAD,H4,100,2.0,14,short,366
233,116,98,19,0.5420560747663551,0.4753020518028617,0.6088100977298484,100,44,39,17,0.5301204819277109,0.42274686702951925,0.6374940968259025,EUR_CAD,H4,100,2.5,14,short,333
216,93,103,20,0.4744897959183674,0.4045809631576984,0.5443986286790363,93,40,15,38,0.7272727272727273,0.6095696920192182,0.8449757625262364,EUR_CAD,H4,200,1.0,14,long,309
194,85,86,23,0.49707602339181284,0.42213483180059724,0.5720172149830285,84,43,11,30,0.7962962962962963,0.6888736116063386,0.9037189809862539,EUR_CAD,H4,200,1.5,14,long,278
197,98,76,23,0.5632183908045977,0.4895210134692789,0.6369157681399165,85,47,6,32,0.8867924528301887,0.8014889586259992,0.9720959470343782,EUR_CAD,H4,200,2.0,14,long,282
189,95,70,24,0.5757575757575758,0.5003454856662515,0.6511696658489001,81,45,5,31,0.9,0.816844242532462,0.983155757467538,EUR_CAD,H4,200,2.5,14,long,270
220,104,96,20,0.52,0.4507589948079897,0.5892410051920103,95,36,52,7,0.4090909090909091,0.30636381920589667,0.5118179989759215,EUR_CAD,H4,200,1.0,14,short,315
225,122,81,22,0.6009852216748769,0.5336202022631833,0.6683502410865705,97,40,46,11,0.46511627906976744,0.3596976640982777,0.5705348940412572,EUR_CAD,H4,200,1.5,14,short,322
198,109,72,17,0.6022099447513812,0.5309053187622604,0.673514570740502,85,36,38,11,0.4864864864864865,0.37260541611198017,0.6003675568609929,EUR_CAD,H4,200,2.0,14,short,283
207,124,67,16,0.6492146596858639,0.5815356080550564,0.7168937113166713,90,44,36,10,0.55,0.4409818822396938,0.6590181177603063,EUR_CAD,H4,200,2.5,14,short,297
543,155,160,228,0.49206349206349204,0.43685370386152644,0.5472732802654576,233,68,85,80,0.4444444444444444,0.3657067227176729,0.5231821661712159,EUR_CHF,H4,20,1.0,14,long,776
398,119,127,152,0.483739837398374,0.42129036812497755,0.5461893066717705,171,53,65,53,0.4491525423728814,0.3594039442675627,0.5389011404782,EUR_CHF,H4,20,1.5,14,long,569
235,61,82,92,0.42657342657342656,0.3455102050753134,0.5076366480715397,102,33,40,29,0.4520547945205479,0.3378830211493826,0.5662265678917132,EUR_CHF,H4,20,2.0,14,long,337
145,51,49,45,0.51,0.4120196019603921,0.6079803980396079,63,22,26,15,0.4583333333333333,0.3173745217106679,0.5992921449559987,EUR_CHF,H4,20,2.5,14,long,208
511,153,165,193,0.4811320754716981,0.4262155465915277,0.5360486043518685,220,84,70,66,0.5454545454545454,0.46681089700775863,0.6240981939013321,EUR_CHF,H4,20,1.0,14,short,731
335,114,113,108,0.5022026431718062,0.43715838978640054,0.5672468965572118,144,54,46,44,0.54,0.4423141033720835,0.6376858966279166,EUR_CHF,H4,20,1.5,14,short,479
224,75,83,66,0.47468354430379744,0.39681893320710104,0.5525481554004938,96,43,31,22,0.581081081081081,0.46866626184485183,0.6934959003173102,EUR_CHF,H4,20,2.0,14,short,320
133,45,45,43,0.5,0.39669892976783294,0.6033010702321671,58,31,14,13,0.6888888888888889,0.5536249077940733,0.8241528699837045,EUR_CHF,H4,20,2.5,14,short,191
431,134,120,177,0.5275590551181102,0.466161861776278,0.5889562484599423,185,60,66,59,0.47619047619047616,0.3889841789889269,0.5633967733920254,EUR_CHF,H4,50,1.0,14,long,616
364,109,112,143,0.49321266968325794,0.42729680991534036,0.5591285294511755,157,44,59,54,0.42718446601941745,0.3316516502779636,0.5227172817608713,EUR_CHF,H4,50,1.5,14,long,521
329,85,104,140,0.4497354497354497,0.3788120578170481,0.5206588416538513,141,38,46,57,0.4523809523809524,0.3459402194370759,0.5588216853248289,EUR_CHF,H4,50,2.0,14,long,470
247,61,81,105,0.4295774647887324,0.3481574865953899,0.5109974429820748,106,27,40,39,0.40298507462686567,0.285534337967312,0.5204358112864194,EUR_CHF,H4,50,2.5,14,long,353
356,120,118,118,0.5042016806722689,0.44067995872321364,0.5677234026213241,153,52,50,51,0.5098039215686274,0.4127881174487346,0.6068197256885202,EUR_CHF,H4,50,1.0,14,short,509
303,112,88,103,0.56,0.4912042792028458,0.6287957207971543,131,56,43,32,0.5656565656565656,0.4680157225596192,0.6632974087535121,EUR_CHF,H4,50,1.5,14,short,434
241,74,77,90,0.4900662251655629,0.410330697451181,0.5698017528799448,104,44,34,26,0.5641025641025641,0.4540551190503905,0.6741500091547377,EUR_CHF,H4,50,2.0,14,short,345
222,75,79,68,0.487012987012987,0.40806897980864887,0.5659569942173251,96,42,34,20,0.5526315789473685,0.4408423947919927,0.6644207631027442,EUR_CHF,H4,50,2.5,14,short,318
319,106,80,133,0.5698924731182796,0.49874088777104786,0.6410440584655114,137,47,36,54,0.5662650602409639,0.4596449537042731,0.6728851667776548,EUR_CHF,H4,100,1.0,14,long,456
326,113,88,125,0.5621890547263682,0.49360193851720424,0.6307761709355321,140,49,45,46,0.5212765957446809,0.4202888709508806,0.6222643205384811,EUR_CHF,H4,100,1.5,14,long,466
270,97,78,95,0.5542857142857143,0.4806425964809934,0.6279288320904352,117,38,35,44,0.5205479452054794,0.40594451897763245,0.6351513714333263,EUR_CHF,H4,100,2.0,14,long,387
230,72,70,88,0.5070422535211268,0.4248106379018086,0.5892738691404449,100,30,29,41,0.5084745762711864,0.3809077707574716,0.6360413817849012,EUR_CHF,H4,100,2.5,14,long,330
254,89,82,83,0.52046783625731,0.44558818116881405,0.5953474913458059,110,48,36,26,0.5714285714285714,0.4655985189859878,0.677258623871155,EUR_CHF,H4,100,1.0,14,short,364
231,70,76,85,0.4794520547945205,0.3984151949615977,0.5604889146274433,100,45,34,21,0.569620253164557,0.46043571288933105,0.678804793439783,EUR_CHF,H4,100,1.5,14,short,331
203,63,60,80,0.5121951219512195,0.42385778471681956,0.6005324591856195,87,38,28,21,0.5757575757575758,0.45652059185637583,0.6949945596587758,EUR_CHF,H4,100,2.0,14,short,290
175,57,54,64,0.5135135135135135,0.4205300089203393,0.6064970181066877,75,30,20,25,0.6,0.46420721668660003,0.7357927833133999,EUR_CHF,H4,100,2.5,14,short,250
216,82,53,81,0.6074074074074074,0.5250314870962096,0.6897833277186052,93,29,31,33,0.48333333333333334,0.35688618436791986,0.6097804822987468,EUR_CHF,H4,200,1.0,14,long,309
208,74,43,91,0.6324786324786325,0.5451156672132382,0.7198415977440267,90,28,28,34,0.5,0.36904199146291206,0.6309580085370879,EUR_CHF,H4,200,1.5,14,long,298
203,57,47,99,0.5480769230769231,0.45242528339244814,0.6437285627613981,88,22,28,38,0.44,0.3024085584056915,0.5775914415943085,EUR_CHF,H4,200,2.0,14,long,291
197,58,53,86,0.5225225225225225,0.42959945570277525,0.6154455893422698,85,30,24,31,0.5555555555555556,0.423020220653071,0.6880908904580402,EUR_CHF,H4,200,2.5,14,long,282
205,71,61,73,0.5378787878787878,0.4528258603980123,0.6229317153595634,89,43,17,29,0.7166666666666667,0.6026448688805838,0.8306884644527496,EUR_CHF,H4,200,1.0,14,short,294
200,62,62,76,0.5,0.4119934020068803,0.5880065979931197,86,48,16,22,0.75,0.6439118880364063,0.8560881119635937,EUR_CHF,H4,200,1.5,14,short,286
172,54,40,78,0.574468085106383,0.4745161592300143,0.6744200109827518,75,36,18,21,0.6666666666666666,0.5409326080431481,0.7924007252901851,EUR_CHF,H4,200,2.0,14,short,247
155,48,29,78,0.6233766233766234,0.5151486312859634,0.7316046154672833,67,29,16,22,0.6444444444444445,0.504583553336694,0.784305335552195,EUR_CHF,H4,200,2.5,14,short,222
534,272,243,19,0.5281553398058253,0.4850399003909006,0.57127077922075,229,128,85,16,0.6009389671361502,0.535173014724164,0.6667049195481365,EUR_NZD,H4,20,1.0,14,long,763
382,195,176,11,0.5256064690026954,0.4747941698231394,0.5764187681822514,165,98,54,13,0.6447368421052632,0.5686515684117713,0.720822115798755,EUR_NZD,H4,20,1.5,14,long,547
255,120,129,6,0.4819277108433735,0.41986331546949995,0.543992106217247,110,61,41,8,0.5980392156862745,0.5028883684673968,0.6931900629051522,EUR_NZD,H4,20,2.0,14,long,365
153,74,68,11,0.5211267605633803,0.4389604340497261,0.6032930870770343,66,33,31,2,0.515625,0.39318482906339774,0.6380651709366022,EUR_NZD,H4,20,2.5,14,long,219
539,269,255,15,0.5133587786259542,0.4705625625977585,0.55615499465415,232,125,96,11,0.5656108597285068,0.5002589498950281,0.6309627695619855,EUR_NZD,H4,20,1.0,14,short,771
397,188,195,14,0.4908616187989556,0.44079432236533644,0.5409289152325748,171,80,79,12,0.5031446540880503,0.4254271358069311,0.5808621723691696,EUR_NZD,H4,20,1.5,14,short,568
284,146,127,11,0.5347985347985348,0.4756300580015885,0.5939670115954812,122,44,65,13,0.4036697247706422,0.31156130298942075,0.4957781465518637,EUR_NZD,H4,20,2.0,14,short,406
187,97,86,4,0.5300546448087432,0.4577419527908172,0.6023673368266692,81,32,43,6,0.4266666666666667,0.3147297362764457,0.5386035970568877,EUR_NZD,H4,20,2.5,14,short,268
417,208,197,12,0.5135802469135803,0.4649016202706712,0.5622588735564893,179,99,58,22,0.6305732484076433,0.555074772111552,0.7060717247037346,EUR_NZD,H4,50,1.0,14,long,596
361,167,184,10,0.4757834757834758,0.4235363331954693,0.5280306183714822,155,90,49,16,0.6474820143884892,0.5680577564850922,0.7269062722918862,EUR_NZD,H4,50,1.5,14,long,516
305,149,147,9,0.5033783783783784,0.44641833565854183,0.560338421098215,132,80,42,10,0.6557377049180327,0.5714263703080998,0.7400490395279656,EUR_NZD,H4,50,2.0,14,long,437
249,129,109,11,0.542016806722689,0.47871753113243953,0.6053160823129385,107,62,38,7,0.62,0.5248642569798291,0.7151357430201709,EUR_NZD,H4,50,2.5,14,long,356
375,188,175,12,0.5179063360881543,0.4665026713049273,0.5693100008713813,162,82,74,6,0.5256410256410257,0.44728147084146397,0.6040005804405874,EUR_NZD,H4,50,1.0,14,short,537
343,180,151,12,0.5438066465256798,0.49014811206683195,0.5974651809845276,147,60,82,5,0.4225352112676056,0.3412884409432392,0.5037819815919721,EUR_NZD,H4,50,1.5,14,short,490
308,151,141,16,0.5171232876712328,0.45980676634749684,0.5744398089949688,133,51,76,6,0.4015748031496063,0.3163153831113106,0.48683422318790204,EUR_NZD,H4,50,2.0,14,short,441
239,111,112,16,0.4977578475336323,0.4321328534119053,0.5633828416553592,103,33,65,5,0.336734693877551,0.24316599162719207,0.4303033961279099,EUR_NZD,H4,50,2.5,14,short,342
296,143,143,10,0.5,0.4420513851930699,0.5579486148069301,127,77,42,8,0.6470588235294118,0.5611959068303216,0.732921740228502,EUR_NZD,H4,100,1.0,14,long,423
281,125,151,5,0.4528985507246377,0.394171805969428,0.5116252954798474,121,73,39,9,0.6517857142857143,0.5635543954414399,0.7400170331299887,EUR_NZD,H4,100,1.5,14,long,402
254,104,142,8,0.42276422764227645,0.36103167256670293,0.48449678271784996,110,66,37,7,0.6407766990291263,0.5481208021800287,0.7334325958782238,EUR_NZD,H4,100,2.0,14,long,364
223,83,136,4,0.3789954337899543,0.3147416955846757,0.44324917199523295,96,46,38,12,0.5476190476190477,0.4411783146751712,0.6540597805629241,EUR_NZD,H4,100,2.5,14,long,319
297,141,149,7,0.4862068965517241,0.4286812160272843,0.5437325770761638,128,68,53,7,0.5619834710743802,0.4735797782154316,0.6503871639333287,EUR_NZD,H4,100,1.0,14,short,425
277,135,133,9,0.503731343283582,0.4438699825088172,0.5635927040583468,119,49,67,3,0.4224137931034483,0.33252521122112694,0.5123023749857697,EUR_NZD,H4,100,1.5,14,short,396
260,133,116,11,0.5341365461847389,0.47217648102491105,0.5960966113445668,112,47,62,3,0.43119266055045874,0.33821874998353935,0.5241665711173782,EUR_NZD,H4,100,2.0,14,short,372
236,120,103,13,0.5381165919282511,0.47268190751835004,0.6035512763381522,102,48,51,3,0.48484848484848486,0.3864000114266021,0.5832969582703676,EUR_NZD,H4,100,2.5,14,short,338
192,85,104,3,0.4497354497354497,0.3788120578170481,0.5206588416538513,83,48,28,7,0.631578947368421,0.5231275087627179,0.7400303859741242,EUR_NZD,H4,200,1.0,14,long,275
193,81,111,1,0.421875,0.3520182740661064,0.4917317259338936,84,42,27,15,0.6086956521739131,0.4935390180524639,0.7238522862953622,EUR_NZD,H4,200,1.5,14,long,277
193,79,107,7,0.42473118279569894,0.35369295973711057,0.4957694058542873,84,43,27,14,0.6142857142857143,0.5002541397109501,0.7283172888604785,EUR_NZD,H4,200,2.0,14,long,277
175,57,108,10,0.34545454545454546,0.2728975215836772,0.4180115693254137,75,36,33,6,0.5217391304347826,0.4038725576848761,0.639605703184689,EUR_NZD,H4,200,2.5,14,long,250
210,78,129,3,0.37681159420289856,0.3107965817312791,0.442826606674518,90,35,50,5,0.4117647058823529,0.3071369989748742,0.5163924127898317,EUR_NZD,H4,200,1.0,14,short,300
210,84,120,6,0.4117647058823529,0.3442278114815969,0.4793016002831089,91,32,50,9,0.3902439024390244,0.28466058970404917,0.49582721517399964,EUR_NZD,H4,200,1.5,14,short,301
210,96,110,4,0.46601941747572817,0.397897447289056,0.5341413876624004,90,26,55,9,0.32098765432098764,0.21931677918702192,0.42265852945495336,EUR_NZD,H4,200,2.0,14,short,300
205,103,97,5,0.515,0.4457347258721948,0.5842652741278052,89,21,62,6,0.25301204819277107,0.1594834500597132,0.3465406463258289,EUR_NZD,H4,200,2.5,14,short,294
454,93,127,234,0.42272727272727273,0.35744949143625465,0.4880050540182908,195,36,18,141,0.6666666666666666,0.5409326080431481,0.7924007252901851,EUR_CZK,H4,20,1.0,14,long,649
285,56,92,137,0.3783783783783784,0.30024233326847505,0.45651442348828175,123,23,10,90,0.696969696969697,0.5401686061757061,0.853770787763688,EUR_CZK,H4,20,1.5,14,long,408
175,50,44,81,0.5319148936170213,0.4310417323595832,0.6327880548744593,75,14,5,56,0.7368421052631579,0.5388377742023904,0.9348464363239253,EUR_CZK,H4,20,2.0,14,long,250
84,20,22,42,0.47619047619047616,0.32514473869744126,0.627236213683511,36,6,5,25,0.5454545454545454,0.2511969573207727,0.8397121335883182,EUR_CZK,H4,20,2.5,14,long,120
406,118,91,197,0.5645933014354066,0.4973733271489578,0.6318132757218555,175,24,44,107,0.35294117647058826,0.23935521425636447,0.46652713868481205,EUR_CZK,H4,20,1.0,14,short,581
273,76,67,130,0.5314685314685315,0.44967928393908424,0.6132577789979786,117,13,30,74,0.3023255813953488,0.16505240232500956,0.4395987604656881,EUR_CZK,H4,20,1.5,14,short,390
148,44,46,58,0.4888888888888889,0.3856133282435368,0.592164449534241,64,13,15,36,0.4642857142857143,0.2795561822666026,0.649015246304826,EUR_CZK,H4,20,2.0,14,short,212
78,22,30,26,0.4230769230769231,0.2887933082441275,0.5573605379097186,34,8,10,16,0.4444444444444444,0.21488651059518432,0.6740023782937046,EUR_CZK,H4,20,2.5,14,short,112
359,64,110,185,0.367816091954023,0.2961657069270516,0.4394664769809944,154,39,17,98,0.6964285714285714,0.5759996504834761,0.8168574923736667,EUR_CZK,H4,50,1.0,14,long,513
312,69,96,147,0.41818181818181815,0.3429172946007025,0.4934463417629338,134,20,21,93,0.4878048780487805,0.33480012175345375,0.6408096343441072,EUR_CZK,H4,50,1.5,14,long,446
237,55,65,117,0.4583333333333333,0.36918315313368577,0.5474835135329809,103,17,8,78,0.68,0.49714134857765147,0.8628586514223486,EUR_CZK,H4,50,2.0,14,long,340
201,40,53,108,0.43010752688172044,0.32948398989931854,0.5307310638641223,87,17,7,63,0.7083333333333334,0.5264835912281995,0.8901830754384672,EUR_CZK,H4,50,2.5,14,long,288
312,83,64,165,0.564625850340136,0.4844748213214211,0.644776879358851,135,22,18,95,0.55,0.3958250993189878,0.7041749006810123,EUR_CZK,H4,50,1.0,14,short,447
262,58,62,142,0.48333333333333334,0.3939216968381839,0.5727449698284828,113,16,29,68,0.35555555555555557,0.21569466444780505,0.4954164466633061,EUR_CZK,H4,50,1.5,14,short,375
196,47,55,94,0.46078431372549017,0.36404876768979827,0.5575198597611821,84,19,19,46,0.5,0.3410230072918527,0.6589769927081472,EUR_CZK,H4,50,2.0,14,short,280
135,43,38,54,0.5308641975308642,0.42218296146623,0.6395454335954984,58,8,16,34,0.3333333333333333,0.14473224539805557,0.521934421268611,EUR_CZK,H4,50,2.5,14,short,193
289,52,87,150,0.37410071942446044,0.2936564394004866,0.4545449994484343,124,18,9,97,0.6666666666666666,0.48885185570907297,0.8444814776242603,EUR_CZK,H4,100,1.0,14,long,413
265,52,72,141,0.41935483870967744,0.3325005108725485,0.5062091665468064,114,14,11,89,0.56,0.36541631723086343,0.7545836827691367,EUR_CZK,H4,100,1.5,14,long,379
222,35,62,125,0.36082474226804123,0.26525325667258143,0.45639622786350104,96,25,7,64,0.78125,0.6380146781625601,0.9244853218374399,EUR_CZK,H4,100,2.0,14,long,318
193,27,69,97,0.28125,0.19130942717202098,0.371190572827979,84,16,6,62,0.7272727272727273,0.5411678878146358,0.9133775667308188,EUR_CZK,H4,100,2.5,14,long,277
261,56,52,153,0.5185185185185185,0.42428267476018955,0.6127543622768474,112,13,24,75,0.35135135135135137,0.19752498468146648,0.5051777180212362,EUR_CZK,H4,100,1.0,14,short,373
205,44,34,127,0.5641025641025641,0.4540551190503905,0.6741500091547377,89,19,20,50,0.48717948717948717,0.33030549125404296,0.6440534831049314,EUR_CZK,H4,100,1.5,14,short,294
172,39,42,91,0.48148148148148145,0.372667301959116,0.5902956610038469,74,15,13,46,0.5357142857142857,0.350984753695174,0.7204438177333974,EUR_CZK,H4,100,2.0,14,short,246
161,39,40,82,0.4936708860759494,0.38342110554832587,0.6039206666035729,70,14,13,43,0.5185185185185185,0.3300468310018606,0.7069902060351764,EUR_CZK,H4,100,2.5,14,short,231
203,26,59,118,0.3058823529411765,0.20792425076371257,0.4038404551186404,87,14,12,61,0.5384615384615384,0.3468371904257853,0.7300858864972916,EUR_CZK,H4,200,1.0,14,long,290
202,30,68,104,0.30612244897959184,0.21487262370718435,0.39737227425199934,87,13,7,67,0.65,0.4409588557245249,0.8590411442754751,EUR_CZK,H4,200,1.5,14,long,289
186,22,53,111,0.29333333333333333,0.19029152980644393,0.39637513686022274,80,15,4,61,0.7894736842105263,0.6061572946724494,0.9727900737486033,EUR_CZK,H4,200,2.0,14,long,266
156,15,47,94,0.24193548387096775,0.13533403790344273,0.34853692983849277,68,17,6,45,0.7391304347826086,0.5596717819652766,0.9185890875999407,EUR_CZK,H4,200,2.5,14,long,224
172,37,33,102,0.5285714285714286,0.4116304178010406,0.6455124393418166,75,6,19,50,0.24,0.07258341300814902,0.40741658699185096,EUR_CZK,H4,200,1.0,14,short,247
154,25,38,91,0.3968253968253968,0.2760142380824332,0.5176365555683604,66,10,14,42,0.4166666666666667,0.21942292762131047,0.6139104057120229,EUR_CZK,H4,200,1.5,14,short,220
137,27,41,69,0.39705882352941174,0.280762358845638,0.5133552882131854,60,12,14,34,0.46153846153846156,0.26991411350270844,0.6531628095742147,EUR_CZK,H4,200,2.0,14,short,197
150,30,44,76,0.40540540540540543,0.29354008848207336,0.5172707223287375,65,17,16,32,0.5151515151515151,0.3446337572572199,0.6856692730458104,EUR_CZK,H4,200,2.5,14,short,215
525,238,285,2,0.45506692160611856,0.41238790081647914,0.497745942395758,225,125,95,5,0.5681818181818182,0.5027274162076871,0.6336362201559493,CAD_JPY,H4,20,1.0,14,long,750
403,183,218,2,0.456359102244389,0.4076070048945134,0.5051111995942646,173,101,70,2,0.5906432748538012,0.5169425748684695,0.6643439748391329,CAD_JPY,H4,20,1.5,14,long,576
287,138,147,2,0.4842105263157895,0.42618928820821217,0.5422317644233667,123,70,51,2,0.5785123966942148,0.4905266905402622,0.6664981028481675,CAD_JPY,H4,20,2.0,14,long,410
197,92,105,0,0.467005076142132,0.39733515879307857,0.5366749934911854,85,43,39,3,0.524390243902439,0.41629618517518524,0.6324843026296928,CAD_JPY,H4,20,2.5,14,long,282
539,257,275,7,0.4830827067669173,0.44061864513703514,0.5255467683967995,231,105,120,6,0.4666666666666667,0.40147868019487176,0.5318546531384616,CAD_JPY,H4,20,1.0,14,short,770
432,216,206,10,0.5118483412322274,0.4641560836726252,0.5595405987918297,186,98,84,4,0.5384615384615384,0.4660343427404683,0.6108887341826086,CAD_JPY,H4,20,1.5,14,short,618
312,147,159,6,0.4803921568627451,0.4244123802388362,0.536371933486654,135,66,66,3,0.5,0.41470194858170806,0.5852980514182919,CAD_JPY,H4,20,2.0,14,short,447
216,103,109,4,0.4858490566037736,0.4185693418850869,0.5531287713224603,93,50,40,3,0.5555555555555556,0.4528941265832865,0.6582169845278247,CAD_JPY,H4,20,2.5,14,short,309
357,161,195,1,0.45224719101123595,0.40054471782021983,0.5039496642022521,153,92,57,4,0.6174496644295302,0.5394113266643534,0.695488002194707,CAD_JPY,H4,50,1.0,14,long,510
322,143,177,2,0.446875,0.39240144034789104,0.501348559652109,138,70,66,2,0.5147058823529411,0.4307079305155053,0.598703834190377,CAD_JPY,H4,50,1.5,14,long,460
268,121,145,2,0.4548872180451128,0.39504463892176994,0.5147297971684556,116,68,45,3,0.6017699115044248,0.5115091237811706,0.692030699227679,CAD_JPY,H4,50,2.0,14,long,384
245,107,136,2,0.4403292181069959,0.3779114832583522,0.5027469529556395,106,55,49,2,0.5288461538461539,0.4329093055087598,0.6247830021835479,CAD_JPY,H4,50,2.5,14,long,351
384,199,179,6,0.5264550264550265,0.47611986971680625,0.5767901831932467,165,69,94,2,0.4233128834355828,0.34746156449474686,0.4991642023764188,CAD_JPY,H4,50,1.0,14,short,549
353,186,164,3,0.5314285714285715,0.47914895398544166,0.5837081888717013,152,71,75,6,0.4863013698630137,0.40522643774242184,0.5673763019836056,CAD_JPY,H4,50,1.5,14,short,505
345,170,170,5,0.5,0.4468520378344292,0.5531479621655707,149,82,64,3,0.5616438356164384,0.48115721356046914,0.6421304576724076,CAD_JPY,H4,50,2.0,14,short,494
307,161,140,6,0.5348837209302325,0.4785351010142964,0.5912323408461686,132,74,54,4,0.578125,0.492568333180256,0.663681666819744,CAD_JPY,H4,50,2.5,14,short,439
289,121,168,0,0.4186851211072664,0.3618055080571246,0.47556473415740824,124,69,53,2,0.5655737704918032,0.4776150697822204,0.6535324712013861,CAD_JPY,H4,100,1.0,14,long,413
261,106,154,1,0.4076923076923077,0.34795999327602445,0.4674246221085909,112,62,48,2,0.5636363636363636,0.47095690099824156,0.6563158262744856,CAD_JPY,H4,100,1.5,14,long,373
238,112,125,1,0.47257383966244726,0.4090118372905627,0.5361358420343318,103,52,46,5,0.5306122448979592,0.43180300795058446,0.629421481845334,CAD_JPY,H4,100,2.0,14,long,341
219,109,108,2,0.5023041474654378,0.4357781189991624,0.5688301759317133,94,50,41,3,0.5494505494505495,0.44722230250146444,0.6516787963996346,CAD_JPY,H4,100,2.5,14,long,313
263,137,124,2,0.524904214559387,0.4643190298188632,0.5854893992999107,114,38,76,0,0.3333333333333333,0.2467972193384171,0.4198694473282495,CAD_JPY,H4,100,1.0,14,short,377
262,134,123,5,0.5214007782101168,0.460326078368599,0.5824754780516345,113,47,64,2,0.42342342342342343,0.33150331686506246,0.5153435299817845,CAD_JPY,H4,100,1.5,14,short,375
248,123,114,11,0.5189873417721519,0.4553754174314784,0.5825992661128254,107,42,65,0,0.3925233644859813,0.2999978031953388,0.4850489257766238,CAD_JPY,H4,100,2.0,14,short,355
243,118,117,8,0.502127659574468,0.4382000872150547,0.5660552319338814,105,53,52,0,0.5047619047619047,0.40912803504496276,0.6003957744788467,CAD_JPY,H4,100,2.5,14,short,348
232,94,136,2,0.40869565217391307,0.3451628957021517,0.47222840864567445,100,54,39,7,0.5806451612903226,0.4803544221762218,0.6809359004044234,CAD_JPY,H4,200,1.0,14,long,332
238,109,129,0,0.4579831932773109,0.3946839176870614,0.5212824688675604,103,52,49,2,0.5148514851485149,0.41738086650840117,0.6123221037886286,CAD_JPY,H4,200,1.5,14,long,341
216,120,96,0,0.5555555555555556,0.4892878881043133,0.6218232230067979,93,54,39,0,0.5806451612903226,0.4803544221762218,0.6809359004044234,CAD_JPY,H4,200,2.0,14,long,309
179,104,75,0,0.5810055865921788,0.5087246408688164,0.6532865323155412,78,50,28,0,0.6410256410256411,0.5345676698946671,0.7474836121566151,CAD_JPY,H4,200,2.5,14,long,257
200,106,92,2,0.5353535353535354,0.46588228230777906,0.6048247883992917,87,39,47,1,0.45348837209302323,0.34827047274079564,0.5587062714452508,CAD_JPY,H4,200,1.0,14,short,287
190,91,98,1,0.48148148148148145,0.4102458794320881,0.5527170835308748,82,44,37,1,0.5432098765432098,0.4347283611424122,0.6516913919440075,CAD_JPY,H4,200,1.5,14,short,272
185,92,92,1,0.5,0.42775344148410044,0.5722465585158996,80,38,40,2,0.48717948717948717,0.37625282086877476,0.5981061534901996,CAD_JPY,H4,200,2.0,14,short,265
180,94,82,4,0.5340909090909091,0.46039253229790655,0.6077892858839116,78,29,44,5,0.3972602739726027,0.28500749060595515,0.5095130573392503,CAD_JPY,H4,200,2.5,14,short,258
564,244,287,33,0.4595103578154426,0.41712165257602657,0.5018990630548587,243,92,109,42,0.4577114427860697,0.3888352476359027,0.5265876379362366,CAD_CHF,H4,20,1.0,14,long,807
399,189,189,21,0.5,0.4495942390123833,0.5504057609876167,172,62,89,21,0.4105960264900662,0.33213002927988255,0.48906202370024987,CAD_CHF,H4,20,1.5,14,long,571
275,133,128,14,0.5095785440613027,0.4489291989612491,0.5702278891613561,119,50,64,5,0.43859649122807015,0.34750584491763203,0.5296871375385083,CAD_CHF,H4,20,2.0,14,long,394
165,85,76,4,0.5279503105590062,0.4508362599189646,0.6050643611990478,72,26,42,4,0.38235294117647056,0.2668470802515842,0.4978588021013569,CAD_CHF,H4,20,2.5,14,long,237
520,261,234,25,0.5272727272727272,0.4832905772761237,0.5712548772693308,223,139,64,20,0.6847290640394089,0.620813091483021,0.7486450365957968,CAD_CHF,H4,20,1.0,14,short,743
375,183,178,14,0.5069252077562327,0.4553512079232487,0.5584992075892168,162,92,56,14,0.6216216216216216,0.5434855765117182,0.699757666731525,CAD_CHF,H4,20,1.5,14,short,537
254,106,138,10,0.4344262295081967,0.3722300357720927,0.4966224232443007,110,64,37,9,0.6336633663366337,0.5396986386039557,0.7276280940693116,CAD_CHF,H4,20,2.0,14,short,364
147,71,72,4,0.4965034965034965,0.41455378335474713,0.5784532096522459,64,34,27,3,0.5573770491803278,0.43272981123102355,0.6820242871296321,CAD_CHF,H4,20,2.5,14,short,211
400,159,210,31,0.43089430894308944,0.38036716717614383,0.48142145071003506,172,58,78,36,0.4264705882352941,0.34334992365103956,0.5095912528195486,CAD_CHF,H4,50,1.0,14,long,572
344,149,170,25,0.4670846394984326,0.41233419597517823,0.5218350830216869,148,56,66,26,0.45901639344262296,0.37058991970269106,0.5474428671825549,CAD_CHF,H4,50,1.5,14,long,492
287,114,156,17,0.4222222222222222,0.36330732153022205,0.4811371229142224,123,46,62,15,0.42592592592592593,0.33266597153703514,0.5191858803148167,CAD_CHF,H4,50,2.0,14,long,410
236,106,119,11,0.4711111111111111,0.40588691914556585,0.5363353030766563,102,35,60,7,0.3684210526315789,0.27141913703958004,0.4654229682235778,CAD_CHF,H4,50,2.5,14,long,338
416,201,192,23,0.5114503816793893,0.4620288855204244,0.5608718778383541,179,99,66,14,0.6,0.5252485330031456,0.6747514669968544,CAD_CHF,H4,50,1.0,14,short,595
342,167,159,16,0.5122699386503068,0.4580091041108616,0.566530773189752,147,84,54,9,0.6086956521739131,0.5272676152880182,0.6901236890598079,CAD_CHF,H4,50,1.5,14,short,489
271,122,138,11,0.46923076923076923,0.40856893918886583,0.5298925992726726,117,81,34,2,0.7043478260869566,0.620942981243635,0.7877526709302781,CAD_CHF,H4,50,2.0,14,short,388
210,102,103,5,0.4975609756097561,0.4291156209797945,0.5660063302397177,91,54,33,4,0.6206896551724138,0.5187293698114492,0.7226499405333784,CAD_CHF,H4,50,2.5,14,short,301
298,123,151,24,0.4489051094890511,0.39001108175941734,0.5077991372186849,128,52,58,18,0.4727272727272727,0.37942704318598597,0.5660275022685595,CAD_CHF,H4,100,1.0,14,long,426
289,121,139,29,0.4653846153846154,0.40475341944720133,0.5260158113220295,125,52,50,23,0.5098039215686274,0.4127881174487346,0.6068197256885202,CAD_CHF,H4,100,1.5,14,long,414
270,114,136,20,0.456,0.39425981333361554,0.5177401866663845,116,56,47,13,0.5436893203883495,0.4474963852078534,0.6398822555688456,CAD_CHF,H4,100,2.0,14,long,386
239,104,115,20,0.4748858447488584,0.40874716993656524,0.5410245195611516,103,52,40,11,0.5652173913043478,0.4639181954464841,0.6665165871622114,CAD_CHF,H4,100,2.5,14,long,342
298,154,128,16,0.5460992907801419,0.48798970842119627,0.6042088731390874,128,72,46,10,0.6101694915254238,0.5221703927463708,0.6981685903044768,CAD_CHF,H4,100,1.0,14,short,426
290,154,126,10,0.55,0.4917273649128513,0.6082726350871488,125,70,46,9,0.603448275862069,0.5144263422157019,0.692470209508436,CAD_CHF,H4,100,1.5,14,short,415
259,132,119,8,0.5258964143426295,0.4641223842333312,0.5876704444519277,112,58,45,9,0.5631067961165048,0.46731672670286173,0.6588968655301479,CAD_CHF,H4,100,2.0,14,short,371
223,115,101,7,0.5324074074074074,0.465867061883571,0.5989477529312439,96,50,41,5,0.5494505494505495,0.44722230250146444,0.6516787963996346,CAD_CHF,H4,100,2.5,14,short,319
238,96,121,21,0.4423963133640553,0.3763125492585466,0.508480077469564,103,51,48,4,0.5151515151515151,0.41670304172963235,0.6135999885733979,CAD_CHF,H4,200,1.0,14,long,341
225,104,106,15,0.49523809523809526,0.42761473745013473,0.5628614530260557,97,50,45,2,0.5263157894736842,0.42590926776327537,0.6267223111840929,CAD_CHF,H4,200,1.5,14,long,322
214,101,97,16,0.51010101010101,0.4404696561394157,0.5797323640626044,93,53,39,1,0.5760869565217391,0.4751048168276786,0.6770690962157997,CAD_CHF,H4,200,2.0,14,long,307
193,91,91,11,0.5,0.42735756696721205,0.572642433032788,83,44,37,2,0.5432098765432098,0.4347283611424122,0.6516913919440075,CAD_CHF,H4,200,2.5,14,long,276
216,117,89,10,0.5679611650485437,0.500315000918823,0.6356073291782643,93,56,31,6,0.6436781609195402,0.5430424653109209,0.7443138565281595,CAD_CHF,H4,200,1.0,14,short,309
235,114,106,15,0.5181818181818182,0.45215392980443436,0.584209706559202,101,64,28,9,0.6956521739130435,0.6016271758817351,0.7896771719443518,CAD_CHF,H4,200,1.5,14,short,336
218,110,89,19,0.5527638190954773,0.48368135775736754,0.6218462804335871,94,54,31,9,0.6352941176470588,0.532963543787494,0.7376246915066236,CAD_CHF,H4,200,2.0,14,short,312
183,103,70,10,0.5953757225433526,0.5222357910830956,0.6685156540036096,79,44,28,7,0.6111111111111112,0.4985048132123052,0.7237174090099171,CAD_CHF,H4,200,2.5,14,short,262
489,213,236,40,0.47438752783964366,0.42819918688369196,0.5205758687955954,210,112,91,7,0.5517241379310345,0.4833106516826336,0.6201376241794353,USD_JPY,H4,20,1.0,14,long,699
380,183,165,32,0.5258620689655172,0.47339887554968996,0.5783252623813445,164,91,69,4,0.56875,0.4920100805683574,0.6454899194316426,USD_JPY,H4,20,1.5,14,long,544
284,136,120,28,0.53125,0.4701197459600864,0.5923802540399136,123,71,47,5,0.6016949152542372,0.5133643186586201,0.6900255118498544,USD_JPY,H4,20,2.0,14,long,407
203,91,97,15,0.48404255319148937,0.4126051168469365,0.5554799895360423,88,43,43,2,0.5,0.39432388226063037,0.6056761177393697,USD_JPY,H4,20,2.5,14,long,291
511,222,233,56,0.4879120879120879,0.4419824074377455,0.5338417683864304,220,80,133,7,0.3755868544600939,0.31055030670021094,0.4406234022199768,USD_JPY,H4,20,1.0,14,short,731
428,182,193,53,0.48533333333333334,0.4347481278767823,0.5359185387898844,184,80,99,5,0.44692737430167595,0.3740925434996058,0.519762205103746,USD_JPY,H4,20,1.5,14,short,612
345,155,151,39,0.5065359477124183,0.4505178632090001,0.5625540322158364,149,65,79,5,0.4513888888888889,0.3701091018250014,0.5326686759527763,USD_JPY,H4,20,2.0,14,short,494
226,91,103,32,0.4690721649484536,0.3988469972500751,0.5392973326468321,97,51,43,3,0.5425531914893617,0.4418406381192571,0.6432657448594662,USD_JPY,H4,20,2.5,14,short,323
355,151,169,35,0.471875,0.4171780726875643,0.5265719273124357,153,71,75,7,0.4863013698630137,0.40522643774242184,0.5673763019836056,USD_JPY,H4,50,1.0,14,long,508
324,155,149,20,0.5098684210526315,0.4536725148123099,0.5660643272929531,140,74,59,7,0.556390977443609,0.47195637252563605,0.6408255823615819,USD_JPY,H4,50,1.5,14,long,464
277,149,109,19,0.5775193798449613,0.5172449798879052,0.6377937798020173,120,61,57,2,0.5169491525423728,0.4267846884481105,0.6071136166366351,USD_JPY,H4,50,2.0,14,long,397
242,129,98,15,0.5682819383259912,0.503846441931129,0.6327174347208533,105,53,51,1,0.5096153846153846,0.4135362494391981,0.6056945197915711,USD_JPY,H4,50,2.5,14,long,347
378,159,176,43,0.4746268656716418,0.42115273205867576,0.5281009992846079,162,68,92,2,0.425,0.34840075881576893,0.501599241184231,USD_JPY,H4,50,1.0,14,short,540
345,123,169,53,0.4212328767123288,0.36459881597804994,0.47786693744660763,148,57,91,0,0.38513513513513514,0.3067341314991293,0.46353613877114097,USD_JPY,H4,50,1.5,14,short,493
325,134,142,49,0.4855072463768116,0.4265429636885729,0.5444715290650503,140,57,81,2,0.41304347826086957,0.33089162236798153,0.4951953341537576,USD_JPY,H4,50,2.0,14,short,465
265,99,127,39,0.43805309734513276,0.3733667139612208,0.5027394807290447,114,51,62,1,0.45132743362831856,0.35957463098028086,0.5430802362763563,USD_JPY,H4,50,2.5,14,short,379
246,96,121,29,0.4423963133640553,0.3763125492585466,0.508480077469564,106,49,49,8,0.5,0.40100505063388336,0.5989949493661166,USD_JPY,H4,100,1.0,14,long,352
232,96,114,22,0.45714285714285713,0.3897653139008144,0.5245204003848998,100,53,46,1,0.5353535353535354,0.43710634710117363,0.633600723605897,USD_JPY,H4,100,1.5,14,long,332
230,97,116,17,0.45539906103286387,0.38851825046316146,0.5222798716025663,100,50,49,1,0.5050505050505051,0.4065618239596305,0.6035391861413797,USD_JPY,H4,100,2.0,14,long,330
211,110,86,15,0.5612244897959183,0.4917512531342736,0.6306977264575631,91,31,60,0,0.34065934065934067,0.2432836715338233,0.43803500978485804,USD_JPY,H4,100,2.5,14,long,302
276,111,123,42,0.47435897435897434,0.41037866578211346,0.5383392829358352,119,49,66,4,0.4260869565217391,0.33570550358241263,0.5164684094610656,USD_JPY,H4,100,1.0,14,short,395
251,85,125,41,0.40476190476190477,0.3383735970006174,0.4711502125231921,109,45,60,4,0.42857142857142855,0.3339141520418347,0.5232287051010224,USD_JPY,H4,100,1.5,14,short,360
244,80,128,36,0.38461538461538464,0.3184987031599317,0.4507320660708376,106,46,56,4,0.45098039215686275,0.354413391387967,0.5475473929257585,USD_JPY,H4,100,2.0,14,short,350
225,75,116,34,0.39267015706806285,0.3234128426762669,0.4619274714598588,97,40,56,1,0.4166666666666667,0.3180447971439886,0.5152885361893448,USD_JPY,H4,100,2.5,14,short,322
193,83,74,36,0.5286624203821656,0.45057851998592463,0.6067463207784066,84,47,37,0,0.5595238095238095,0.453357448107887,0.6656901709397322,USD_JPY,H4,200,1.0,14,long,277
193,87,76,30,0.5337423312883436,0.45715779498090403,0.6103268675957831,83,47,36,0,0.5662650602409639,0.4596449537042731,0.6728851667776548,USD_JPY,H4,200,1.5,14,long,276
170,80,67,23,0.54421768707483,0.4637053442982085,0.6247300298514515,74,42,32,0,0.5675675675675675,0.4546898741999212,0.6804452609352138,USD_JPY,H4,200,2.0,14,long,244
139,70,57,12,0.5511811023622047,0.46467695341642756,0.6376852513079819,60,29,31,0,0.48333333333333334,0.35688618436791986,0.6097804822987468,USD_JPY,H4,200,2.5,14,long,199
203,84,92,27,0.4772727272727273,0.40347879958157407,0.5510666549638805,88,29,52,7,0.35802469135802467,0.2536177883008579,0.46243159441519144,USD_JPY,H4,200,1.0,14,short,291
177,72,70,35,0.5070422535211268,0.4248106379018086,0.5892738691404449,77,29,43,5,0.4027777777777778,0.2894880447277769,0.5160675108277787,USD_JPY,H4,200,1.5,14,short,254
168,74,71,23,0.5103448275862069,0.42897767800810904,0.5917119771643048,72,36,36,0,0.5,0.38450589240619726,0.6154941075938027,USD_JPY,H4,200,2.0,14,short,240
170,72,82,16,0.4675324675324675,0.3887284852832684,0.5463364497816666,73,27,46,0,0.3698630136986301,0.25911585851689595,0.4806101688803643,USD_JPY,H4,200,2.5,14,short,243
539,284,205,50,0.5807770961145194,0.537042121052636,0.6245120711764028,232,76,67,89,0.5314685314685315,0.44967928393908424,0.6132577789979786,EUR_GBP,H4,20,1.0,14,long,771
414,210,168,36,0.5555555555555556,0.5054619075440365,0.6056492035670746,178,57,48,73,0.5428571428571428,0.4475709074048664,0.6381433783094193,EUR_GBP,H4,20,1.5,14,long,592
264,136,107,21,0.5596707818930041,0.49725304704436046,0.6220885167416478,114,39,23,52,0.6290322580645161,0.5087878860295819,0.7492766300994503,EUR_GBP,H4,20,2.0,14,long,378
168,84,69,15,0.5490196078431373,0.4701729818848889,0.6278662338013857,72,22,11,39,0.6666666666666666,0.5058271184536718,0.8275062148796615,EUR_GBP,H4,20,2.5,14,long,240
519,248,221,50,0.5287846481876333,0.4836075029151669,0.5739617934600996,223,74,59,90,0.556390977443609,0.47195637252563605,0.6408255823615819,EUR_GBP,H4,20,1.0,14,short,742
389,181,177,31,0.505586592178771,0.45379521588745475,0.5573779684700872,167,60,44,63,0.5769230769230769,0.4819702222725647,0.671875931573589,EUR_GBP,H4,20,1.5,14,short,556
285,125,133,27,0.4844961240310077,0.4235133270554986,0.5454789210065168,123,47,34,42,0.5802469135802469,0.4727695683430423,0.6877242588174516,EUR_GBP,H4,20,2.0,14,short,408
190,92,88,10,0.5111111111111111,0.4380842618479401,0.5841379603742821,82,30,28,24,0.5172413793103449,0.3886376022059932,0.6458451564146965,EUR_GBP,H4,20,2.5,14,short,272
375,194,146,35,0.5705882352941176,0.5179725793913179,0.6232038911969173,162,60,45,57,0.5714285714285714,0.4767712948989775,0.6660858479581653,EUR_GBP,H4,50,1.0,14,long,537
341,170,129,42,0.568561872909699,0.5124223645866756,0.6247013812327223,147,61,36,50,0.6288659793814433,0.5327236505234075,0.725008308239479,EUR_GBP,H4,50,1.5,14,long,488
315,155,122,38,0.5595667870036101,0.5011036409474509,0.6180299330597693,136,53,24,59,0.6883116883116883,0.5848538167911306,0.7917695598322461,EUR_GBP,H4,50,2.0,14,long,451
259,131,101,27,0.5646551724137931,0.5008552091373459,0.6284551356902404,112,44,15,53,0.7457627118644068,0.6346535116001643,0.8568719121286493,EUR_GBP,H4,50,2.5,14,long,371
365,161,162,42,0.4984520123839009,0.44392361507551503,0.5529804096922868,157,48,45,64,0.5161290322580645,0.4145606526032969,0.6176974119128321,EUR_GBP,H4,50,1.0,14,short,522
342,139,159,44,0.4664429530201342,0.4098010758965842,0.5230848301436842,147,58,29,60,0.6666666666666666,0.5676085223056899,0.7657248110276433,EUR_GBP,H4,50,1.5,14,short,489
288,123,126,39,0.4939759036144578,0.431875434773212,0.5560763724557036,124,49,24,51,0.6712328767123288,0.563468445246695,0.7789973081779625,EUR_GBP,H4,50,2.0,14,short,412
242,107,110,25,0.4930875576036866,0.4265671805861294,0.5596079346212438,105,40,28,37,0.5882352941176471,0.4712579616301237,0.7052126266051705,EUR_GBP,H4,50,2.5,14,short,347
296,142,118,36,0.5461538461538461,0.4856363118206791,0.6066713804870131,128,55,29,44,0.6547619047619048,0.5530861310350087,0.7564376784888008,EUR_GBP,H4,100,1.0,14,long,424
273,126,110,37,0.5338983050847458,0.47025251500763343,0.5975440951618581,117,51,21,45,0.7083333333333334,0.6033423357768704,0.8133243308897964,EUR_GBP,H4,100,1.5,14,long,390
264,127,102,35,0.5545851528384279,0.4902119979423506,0.6189583077345052,114,43,20,51,0.6825396825396826,0.5675935211099296,0.7974858439694356,EUR_GBP,H4,100,2.0,14,long,378
224,115,80,29,0.5897435897435898,0.5207040213028349,0.6587831581843446,97,33,19,45,0.6346153846153846,0.5037319068501049,0.7654988623806642,EUR_GBP,H4,100,2.5,14,long,321
278,126,123,29,0.5060240963855421,0.4439236275442963,0.5681245652267879,120,43,34,43,0.5584415584415584,0.4475256935894878,0.669357423293629,EUR_GBP,H4,100,1.0,14,short,398
256,108,118,30,0.4778761061946903,0.412751322472011,0.5430008899173695,110,37,28,45,0.5692307692307692,0.4488475607394533,0.6896139777220851,EUR_GBP,H4,100,1.5,14,short,366
247,107,100,40,0.5169082125603864,0.4488324614172584,0.5849839637035145,107,36,21,50,0.631578947368421,0.5063500128224112,0.7568078819144308,EUR_GBP,H4,100,2.0,14,short,354
221,91,93,37,0.4945652173913043,0.42232292687473005,0.5668075079078786,96,41,26,29,0.6119402985074627,0.4952532997726573,0.728627297242268,EUR_GBP,H4,100,2.5,14,short,317
202,83,94,25,0.4689265536723164,0.3954076292363397,0.542445478108293,87,30,18,39,0.625,0.4880408363781379,0.7619591636218621,EUR_GBP,H4,200,1.0,14,long,289
207,90,87,30,0.5084745762711864,0.43482384676818253,0.5821253057741903,89,16,26,47,0.38095238095238093,0.23408383302475155,0.5278209288800103,EUR_GBP,H4,200,1.5,14,long,296
200,90,77,33,0.5389221556886228,0.4633175971353444,0.6145267142419012,87,29,13,45,0.6904761904761905,0.5506614983006249,0.830290882651756,EUR_GBP,H4,200,2.0,14,long,287
188,93,65,30,0.5886075949367089,0.5118769950577672,0.6653381948156506,81,34,9,38,0.7906976744186046,0.6691031268247546,0.9122922220124546,EUR_GBP,H4,200,2.5,14,long,269
216,116,76,24,0.6041666666666666,0.5349931238776007,0.6733402094557326,93,26,27,40,0.49056603773584906,0.35597664827997205,0.6251554271917261,EUR_GBP,H4,200,1.0,14,short,309
219,110,90,19,0.55,0.4810508883305956,0.6189491116694045,94,31,28,35,0.5254237288135594,0.3980036361781897,0.652843821448929,EUR_GBP,H4,200,1.5,14,short,313
196,105,79,12,0.5706521739130435,0.49913052276480496,0.642173825061282,85,33,18,34,0.6470588235294118,0.5159010518083222,0.7782165952505014,EUR_GBP,H4,200,2.0,14,short,281
198,99,79,20,0.5561797752808989,0.48319080935037,0.6291687412114279,86,30,17,39,0.6382978723404256,0.5009270897163671,0.775668654964484,EUR_GBP,H4,200,2.5,14,short,284
501,222,260,19,0.4605809128630705,0.4160820743682053,0.5050797513579357,216,132,78,6,0.6285714285714286,0.5632190503948592,0.6939238067479979,EUR_JPY,H4,20,1.0,14,long,717
413,180,218,15,0.45226130653266333,0.4033627586133891,0.5011598544519376,177,93,78,6,0.543859649122807,0.46920606184979996,0.6185132363958141,EUR_JPY,H4,20,1.5,14,long,590
273,118,144,11,0.45038167938931295,0.3901359337185667,0.5106274250600592,118,64,50,4,0.5614035087719298,0.4703128624614917,0.6524941550823679,EUR_JPY,H4,20,2.0,14,long,391
191,91,92,8,0.4972677595628415,0.42482515662154463,0.5697103625041384,83,47,34,2,0.5802469135802469,0.4727695683430423,0.6877242588174516,EUR_JPY,H4,20,2.5,14,long,274
569,261,271,37,0.4906015037593985,0.4481206220617227,0.5330823854570743,245,85,139,21,0.3794642857142857,0.31591642911687556,0.44301214231169583,EUR_JPY,H4,20,1.0,14,short,814
435,201,205,29,0.49507389162561577,0.4464396688018766,0.543708114449355,187,72,104,11,0.4090909090909091,0.3364518872216568,0.4817299309601614,EUR_JPY,H4,20,1.5,14,short,622
306,152,138,16,0.5241379310344828,0.46665744765182093,0.5816184144171447,132,57,67,8,0.4596774193548387,0.3719574698920637,0.5473973688176137,EUR_JPY,H4,20,2.0,14,short,438
202,97,100,5,0.49238578680203043,0.42257177433037424,0.5621997992736866,87,34,47,6,0.41975308641975306,0.3122757411825484,0.5272304316569577,EUR_JPY,H4,20,2.5,14,short,289
358,153,188,17,0.44868035190615835,0.3958906581097084,0.5014700457026083,154,90,58,6,0.6081081081081081,0.5294581039780042,0.686758112238212,EUR_JPY,H4,50,1.0,14,long,512
335,132,183,20,0.41904761904761906,0.3645593826911855,0.47353585540405263,144,91,47,6,0.6594202898550725,0.5803511404444904,0.7384894392656546,EUR_JPY,H4,50,1.5,14,long,479
317,143,162,12,0.46885245901639344,0.4128468094892692,0.5248581085435177,136,79,54,3,0.5939849624060151,0.5105229147528776,0.6774470100591525,EUR_JPY,H4,50,2.0,14,long,453
240,109,126,5,0.46382978723404256,0.4000691278810341,0.527590446587051,104,57,47,0,0.5480769230769231,0.45242528339244814,0.6437285627613981,EUR_JPY,H4,50,2.5,14,long,344
380,173,181,26,0.4887005649717514,0.43662745482988796,0.5407736751136148,163,54,96,13,0.36,0.2831840016663195,0.43681599833368046,EUR_JPY,H4,50,1.0,14,short,543
342,162,159,21,0.5046728971962616,0.4499770199534003,0.5593687744391229,147,48,90,9,0.34782608695652173,0.26836045981952106,0.4272917140935224,EUR_JPY,H4,50,1.5,14,short,489
312,149,145,18,0.5068027210884354,0.4496532505716607,0.56395219160521,134,45,79,10,0.3629032258064516,0.27826952221051765,0.4475369294023856,EUR_JPY,H4,50,2.0,14,short,446
303,138,143,22,0.49110320284697506,0.4326505597942757,0.5495558458996744,131,53,69,9,0.4344262295081967,0.34646752879861387,0.5223849302177795,EUR_JPY,H4,50,2.5,14,short,434
289,132,132,25,0.5,0.439685169420127,0.5603148305798731,125,72,48,5,0.6,0.5123461352820082,0.6876538647179917,EUR_JPY,H4,100,1.0,14,long,414
247,120,114,13,0.5128205128205128,0.4487769721657152,0.5768640534753103,106,67,33,6,0.67,0.5778383073072114,0.7621616926927887,EUR_JPY,H4,100,1.5,14,long,353
219,120,91,8,0.5687203791469194,0.5018946497724599,0.6355461085213789,94,58,33,3,0.6373626373626373,0.5385835635844478,0.7361417111408268,EUR_JPY,H4,100,2.0,14,long,313
207,91,110,6,0.4527363184079602,0.3839219665142752,0.5215506703016453,90,55,34,1,0.6179775280898876,0.5170308888823587,0.7189241672974165,EUR_JPY,H4,100,2.5,14,long,297
283,139,127,17,0.5225563909774437,0.46252991093841844,0.5825828710164689,122,42,74,6,0.3620689655172414,0.2746089414374001,0.44952898959708265,EUR_JPY,H4,100,1.0,14,short,405
275,138,118,19,0.5390625,0.4779997062573036,0.6001252937426964,119,42,68,9,0.38181818181818183,0.29102648240576945,0.4726098812305942,EUR_JPY,H4,100,1.5,14,short,394
272,139,112,21,0.5537848605577689,0.4922867319172674,0.6152829891982703,117,45,66,6,0.40540540540540543,0.31406775661310826,0.4967430541977026,EUR_JPY,H4,100,2.0,14,short,389
268,141,110,17,0.5617529880478087,0.5003695247419299,0.6231364513536876,116,43,62,11,0.4095238095238095,0.31546441142680715,0.5035832076208119,EUR_JPY,H4,100,2.5,14,short,384
209,110,87,12,0.5583756345177665,0.4890310259530445,0.6277202430824885,90,55,33,2,0.625,0.5238489540790157,0.7261510459209843,EUR_JPY,H4,200,1.0,14,long,299
190,101,81,8,0.554945054945055,0.4827425631741088,0.6271475467160011,82,47,33,2,0.5875,0.479623464669095,0.695376535330905,EUR_JPY,H4,200,1.5,14,long,272
201,100,94,7,0.5154639175257731,0.44513767674393917,0.5857901583076072,87,49,38,0,0.5632183908045977,0.4589945602656623,0.667442221343533,EUR_JPY,H4,200,2.0,14,long,288
165,72,87,6,0.4528301886792453,0.37545775464511766,0.5302026227133729,71,39,32,0,0.5492957746478874,0.4335578099200237,0.665033739375751,EUR_JPY,H4,200,2.5,14,long,236
201,90,103,8,0.46632124352331605,0.3959395074909668,0.5367029795556653,87,28,48,11,0.3684210526315789,0.2599696140258758,0.47687249123728204,EUR_JPY,H4,200,1.0,14,short,288
194,86,100,8,0.46236559139784944,0.3907123435371158,0.5340188392585831,84,29,46,9,0.38666666666666666,0.27645131490946834,0.496882018423865,EUR_JPY,H4,200,1.5,14,short,278
184,79,102,3,0.43646408839779005,0.3642117611004626,0.5087164156951175,80,23,52,5,0.30666666666666664,0.20230770098322132,0.41102563235011197,EUR_JPY,H4,200,2.0,14,short,264
191,83,103,5,0.44623655913978494,0.37479608741278964,0.5176770308667802,83,27,49,7,0.35526315789473684,0.24766233194053183,0.46286398384894184,EUR_JPY,H4,200,2.5,14,short,274
495,213,279,3,0.4329268292682927,0.3891443530383828,0.47670930549820256,213,102,104,7,0.49514563106796117,0.42686901375789466,0.5634222483780277,GBP_JPY,H4,20,1.0,14,long,708
387,171,214,2,0.44415584415584414,0.3945229135689079,0.4937887747427804,167,97,66,4,0.5950920245398773,0.519733480404809,0.6704505686749456,GBP_JPY,H4,20,1.5,14,long,554
284,117,166,1,0.4134275618374558,0.3560524700972736,0.47080265357763806,123,77,43,3,0.6416666666666667,0.5558713082926934,0.7274620250406401,GBP_JPY,H4,20,2.0,14,long,407
182,101,79,2,0.5611111111111111,0.4886138589045383,0.6336083633176839,79,44,35,0,0.5569620253164557,0.4474212539470488,0.6665027966858625,GBP_JPY,H4,20,2.5,14,long,261
576,269,292,15,0.47950089126559714,0.43816004665505753,0.5208417358761368,247,109,129,9,0.4579831932773109,0.3946839176870614,0.5212824688675604,GBP_JPY,H4,20,1.0,14,short,823
457,217,232,8,0.48329621380846327,0.43707297005045953,0.529519457566467,196,87,96,13,0.47540983606557374,0.4030538144901507,0.5477658576409967,GBP_JPY,H4,20,1.5,14,short,653
312,147,162,3,0.47572815533980584,0.4200436293820525,0.5314126812975593,135,57,70,8,0.44881889763779526,0.3623147486920181,0.5353230465835724,GBP_JPY,H4,20,2.0,14,short,447
203,88,114,1,0.43564356435643564,0.36726455904926797,0.5040225696636034,87,35,46,6,0.43209876543209874,0.32421863048129435,0.5399789003829032,GBP_JPY,H4,20,2.5,14,short,290
330,135,193,2,0.4115853658536585,0.3583266311399522,0.4648441005673648,142,84,54,4,0.6086956521739131,0.5272676152880182,0.6901236890598079,GBP_JPY,H4,50,1.0,14,long,472
305,118,184,3,0.39072847682119205,0.3356989761541074,0.4457579774882767,132,77,51,4,0.6015625,0.5167477146082717,0.6863772853917283,GBP_JPY,H4,50,1.5,14,long,437
259,98,158,3,0.3828125,0.32326854130587407,0.44235645869412593,111,71,40,0,0.6396396396396397,0.5503233294742937,0.7289559498049856,GBP_JPY,H4,50,2.0,14,long,370
224,82,141,1,0.36771300448430494,0.3044258951847103,0.4310001137838996,96,50,46,0,0.5208333333333334,0.4208993635244678,0.620767303142199,GBP_JPY,H4,50,2.5,14,long,320
361,167,184,10,0.4757834757834758,0.4235363331954693,0.5280306183714822,156,68,74,14,0.4788732394366197,0.39670691292296556,0.5610395659502738,GBP_JPY,H4,50,1.0,14,short,517
353,157,189,7,0.45375722543352603,0.4012979060764573,0.5062165447905947,152,57,80,15,0.41605839416058393,0.3335196908197796,0.49859709750138825,GBP_JPY,H4,50,1.5,14,short,505
315,136,173,6,0.4401294498381877,0.3847803123040123,0.4954785873723631,136,66,59,11,0.528,0.4404836844651239,0.6155163155348762,GBP_JPY,H4,50,2.0,14,short,451
263,108,153,2,0.41379310344827586,0.3540410405626038,0.4735451663339479,113,51,54,8,0.4857142857142857,0.39011512253803193,0.5813134488905395,GBP_JPY,H4,50,2.5,14,short,376
247,94,152,1,0.3821138211382114,0.3213927909055708,0.442834851370852,106,56,50,0,0.5283018867924528,0.43326848200470836,0.6233352915801973,GBP_JPY,H4,100,1.0,14,long,353
229,103,124,2,0.45374449339207046,0.38897854335136034,0.5185104434327806,99,49,50,0,0.494949494949495,0.3964608138586204,0.5934381760403695,GBP_JPY,H4,100,1.5,14,long,328
231,108,119,4,0.47577092511013214,0.4108024544061569,0.5407393958141073,100,57,43,0,0.57,0.4729651526512253,0.6670348473487746,GBP_JPY,H4,100,2.0,14,long,331
220,106,113,1,0.4840182648401826,0.41782983883415103,0.5502066908462142,95,55,40,0,0.5789473684210527,0.47966274250061647,0.6782319943414888,GBP_JPY,H4,100,2.5,14,long,315
284,147,132,5,0.5268817204301075,0.46829551104425066,0.5854679298159644,123,45,66,12,0.40540540540540543,0.31406775661310826,0.4967430541977026,GBP_JPY,H4,100,1.0,14,short,407
272,128,143,1,0.47232472324723246,0.41288522446785075,0.5317642220266141,117,42,60,15,0.4117647058823529,0.31625311386024424,0.5072762979044616,GBP_JPY,H4,100,1.5,14,short,389
257,110,143,4,0.43478260869565216,0.37369689520015076,0.49586832219115357,111,49,47,15,0.5104166666666666,0.4104175437683141,0.6104157895650192,GBP_JPY,H4,100,2.0,14,short,368
249,106,140,3,0.43089430894308944,0.369011451197947,0.4927771666882319,108,50,48,10,0.5102040816326531,0.4112297497715744,0.6091784134937318,GBP_JPY,H4,100,2.5,14,short,357
190,101,86,3,0.5401069518716578,0.46867318138794234,0.6115407223553733,82,51,30,1,0.6296296296296297,0.5244638953564017,0.7347953639028576,GBP_JPY,H4,200,1.0,14,long,272
183,90,88,5,0.5056179775280899,0.43216850882154423,0.5790674462346356,79,49,30,0,0.620253164556962,0.513230908495155,0.727275420618769,GBP_JPY,H4,200,1.5,14,long,262
193,88,103,2,0.4607329842931937,0.39004168419842644,0.531424284387961,83,45,38,0,0.5421686746987951,0.4349829402855688,0.6493544091120215,GBP_JPY,H4,200,2.0,14,long,276
177,70,105,2,0.4,0.327415704177832,0.47258429582216804,76,45,31,0,0.5921052631578947,0.4816153106909349,0.7025952156248545,GBP_JPY,H4,200,2.5,14,long,253
188,97,91,0,0.5159574468085106,0.4445200104639578,0.5873948831530635,81,22,49,10,0.30985915492957744,0.2022924342636502,0.4174258755955047,GBP_JPY,H4,200,1.0,14,short,269
186,86,100,0,0.46236559139784944,0.3907123435371158,0.5340188392585831,80,28,40,12,0.4117647058823529,0.2947873733948295,0.5287420383698763,GBP_JPY,H4,200,1.5,14,short,266
200,91,109,0,0.455,0.3859847567562064,0.5240152432437937,87,33,41,13,0.44594594594594594,0.3326909444730906,0.5592009474188013,GBP_JPY,H4,200,2.0,14,short,287
188,67,116,5,0.366120218579235,0.2963217598549127,0.43591867730355727,81,33,40,8,0.4520547945205479,0.3378830211493826,0.5662265678917132,GBP_JPY,H4,200,2.5,14,short,269
562,282,268,12,0.5127272727272727,0.4709534722320619,0.5545010732224835,242,114,106,22,0.5181818181818182,0.45215392980443436,0.584209706559202,GBP_AUD,H4,20,1.0,14,long,804
405,200,195,10,0.5063291139240507,0.45702391317121094,0.5556343146768904,174,78,75,21,0.5098039215686274,0.43059084920878093,0.5890169939284738,GBP_AUD,H4,20,1.5,14,long,579
263,134,123,6,0.5214007782101168,0.460326078368599,0.5824754780516345,114,54,46,14,0.54,0.4423141033720835,0.6376858966279166,GBP_AUD,H4,20,2.0,14,long,377
158,81,73,4,0.525974025974026,0.44711000258678407,0.604838049361268,68,37,22,9,0.6271186440677966,0.5037257198805615,0.7505115682550317,GBP_AUD,H4,20,2.5,14,long,226
543,251,274,18,0.4780952380952381,0.43536559568226274,0.5208248805082134,233,101,111,21,0.47641509433962265,0.4091833380800062,0.5436468505992391,GBP_AUD,H4,20,1.0,14,short,776
381,184,178,19,0.5082872928176796,0.45678671185491504,0.5597878737804441,164,69,83,12,0.45394736842105265,0.37479675573237814,0.5330979811097272,GBP_AUD,H4,20,1.5,14,short,545
261,127,124,10,0.5059760956175299,0.4441234625624401,0.5678287286726196,113,50,58,5,0.46296296296296297,0.36892148691330207,0.5570044390126239,GBP_AUD,H4,20,2.0,14,short,374
164,73,85,6,0.4620253164556962,0.3842858897021709,0.5397647432092215,71,32,32,7,0.5,0.3775,0.6225,GBP_AUD,H4,20,2.5,14,short,235
415,209,201,5,0.5097560975609756,0.46136656152769673,0.5581456335942545,178,76,85,17,0.4720496894409938,0.39493563880095217,0.5491637400810354,GBP_AUD,H4,50,1.0,14,long,593
357,182,172,3,0.5141242937853108,0.4620586676224912,0.5661899199481304,153,67,68,18,0.4962962962962963,0.4119536396682642,0.5806389529243284,GBP_AUD,H4,50,1.5,14,long,510
309,161,143,5,0.5296052631578947,0.47349702229246715,0.5857135040233222,133,56,58,19,0.49122807017543857,0.39945678690593134,0.5829993534449458,GBP_AUD,H4,50,2.0,14,long,442
247,117,118,12,0.4978723404255319,0.4339447680661186,0.5617999127849452,107,43,49,15,0.4673913043478261,0.365436757629941,0.5693458510657112,GBP_AUD,H4,50,2.5,14,long,354
350,157,185,8,0.4590643274853801,0.4062498967979681,0.5118787581727922,150,59,77,14,0.4338235294117647,0.3505285016629882,0.5171185571605412,GBP_AUD,H4,50,1.0,14,short,500
322,142,174,6,0.44936708860759494,0.39452117897440336,0.5042129982407866,139,52,68,19,0.43333333333333335,0.34467076032841854,0.5219959063382482,GBP_AUD,H4,50,1.5,14,short,461
301,144,146,11,0.496551724137931,0.43900551119304787,0.5540979370828142,130,49,63,18,0.4375,0.345625,0.529375,GBP_AUD,H4,50,2.0,14,short,431
254,128,121,5,0.5140562248995983,0.45197579428572754,0.5761366555134692,109,54,46,9,0.54,0.4423141033720835,0.6376858966279166,GBP_AUD,H4,50,2.5,14,short,363
266,125,135,6,0.4807692307692308,0.42003718087473274,0.5415012806637288,115,53,48,14,0.5247524752475248,0.4273583942074669,0.6221465562875826,GBP_AUD,H4,100,1.0,14,long,381
263,122,135,6,0.47470817120622566,0.4136557086492031,0.5357606337632482,114,47,50,17,0.4845360824742268,0.3850797589698413,0.5839924059786122,GBP_AUD,H4,100,1.5,14,long,377
231,122,105,4,0.5374449339207048,0.4725827077206962,0.6023071601207134,100,51,33,16,0.6071428571428571,0.5026998902502351,0.7115858240354791,GBP_AUD,H4,100,2.0,14,long,331
221,112,105,4,0.5161290322580645,0.4496369196892095,0.5826211448269195,95,56,28,11,0.6666666666666666,0.5658551446914333,0.7674781886419,GBP_AUD,H4,100,2.5,14,long,316
284,131,143,10,0.4781021897810219,0.4189550301580133,0.5372493494040306,123,46,63,14,0.42201834862385323,0.3293000369201046,0.5147366603276019,GBP_AUD,H4,100,1.0,14,short,407
261,125,131,5,0.48828125,0.4270480751258382,0.5495144248741618,113,52,52,9,0.5,0.40390309378228983,0.5960969062177102,GBP_AUD,H4,100,1.5,14,short,374
235,118,117,0,0.502127659574468,0.4382000872150547,0.5660552319338814,102,53,39,10,0.5760869565217391,0.4751048168276786,0.6770690962157997,GBP_AUD,H4,100,2.0,14,short,337
203,91,108,4,0.457286432160804,0.38807002847892225,0.5265028358426858,88,45,38,5,0.5421686746987951,0.4349829402855688,0.6493544091120215,GBP_AUD,H4,100,2.5,14,short,291
172,76,91,5,0.4550898203592814,0.37956166865579327,0.5306179720627695,74,28,33,13,0.45901639344262296,0.3339624750067829,0.584070311878463,GBP_AUD,H4,200,1.0,14,long,246
165,74,91,0,0.4484848484848485,0.37259796614757096,0.524371730822126,72,36,24,12,0.6,0.47603871572139955,0.7239612842786004,GBP_AUD,H4,200,1.5,14,long,237
155,72,81,2,0.47058823529411764,0.39149712308721946,0.5496793475010158,67,34,23,10,0.5964912280701754,0.4691270889749408,0.72385536716541,GBP_AUD,H4,200,2.0,14,long,222
162,70,90,2,0.4375,0.36063186006218184,0.5143681399378182,70,39,22,9,0.639344262295082,0.5188392912328146,0.7598492333573494,GBP_AUD,H4,200,2.5,14,long,232
200,74,117,9,0.387434554973822,0.3183446156586599,0.4565244942889841,87,43,29,15,0.5972222222222222,0.4839324891722213,0.7105119552722231,GBP_AUD,H4,200,1.0,14,short,287
203,89,106,8,0.4564102564102564,0.3864981978256675,0.5263223149948453,88,52,17,19,0.7536231884057971,0.6519495025615027,0.8552968742500915,GBP_AUD,H4,200,1.5,14,short,291
195,89,101,5,0.46842105263157896,0.39746632126783343,0.5393757839953245,84,57,13,14,0.8142857142857143,0.7231857691704728,0.9053856594009557,GBP_AUD,H4,200,2.0,14,short,279
191,88,100,3,0.46808510638297873,0.39675701001812014,0.5394132027478373,82,48,29,5,0.6233766233766234,0.5151486312859634,0.7316046154672833,GBP_AUD,H4,200,2.5,14,short,273
520,226,266,28,0.45934959349593496,0.4153140404456386,0.5033851465462313,224,103,101,20,0.5049019607843137,0.43629153421465994,0.5735123873539675,GBP_CAD,H4,20,1.0,14,long,744
395,184,197,14,0.48293963254593175,0.4327619462035873,0.5331173188882762,170,90,67,13,0.5732484076433121,0.4958797166938481,0.650617098592776,GBP_CAD,H4,20,1.5,14,long,565
288,137,140,11,0.49458483754512633,0.4357057977086692,0.5534638773815834,124,61,52,11,0.5398230088495575,0.4479252340734302,0.6317207836256847,GBP_CAD,H4,20,2.0,14,long,412
183,88,89,6,0.4971751412429379,0.42351500611707427,0.5708352763688015,79,34,33,12,0.5074626865671642,0.3877499673336677,0.6271754058006607,GBP_CAD,H4,20,2.5,14,long,262
553,279,246,28,0.5314285714285715,0.48874244253404653,0.5741147003230964,237,82,121,34,0.4039408866995074,0.3364396661390343,0.4714421072599805,GBP_CAD,H4,20,1.0,14,short,790
422,210,197,15,0.515970515970516,0.4674185055194617,0.5645225264215704,181,62,79,40,0.4397163120567376,0.35778747453198795,0.5216451495814873,GBP_CAD,H4,20,1.5,14,short,603
270,132,128,10,0.5076923076923077,0.44692248071597984,0.5684621346686355,117,46,42,29,0.5227272727272727,0.4183668993656643,0.6270876460888811,GBP_CAD,H4,20,2.0,14,short,387
177,94,81,2,0.5371428571428571,0.4632665063937845,0.6110192078919298,76,32,24,20,0.5714285714285714,0.4418137574604142,0.7010433853967286,GBP_CAD,H4,20,2.5,14,short,253
376,199,168,9,0.5422343324250681,0.4912615719244668,0.5932070929256695,162,72,76,14,0.4864864864864865,0.4059604093758907,0.5670125635970824,GBP_CAD,H4,50,1.0,14,long,538
353,182,156,15,0.5384615384615384,0.4853145067330565,0.5916085701900203,152,63,66,23,0.4883720930232558,0.40211124002224874,0.5746329460242628,GBP_CAD,H4,50,1.5,14,long,505
305,138,151,16,0.47750865051903113,0.4199199440033524,0.5350973570347098,132,55,52,25,0.514018691588785,0.4193157603656663,0.6087216228119037,GBP_CAD,H4,50,2.0,14,long,437
249,102,135,12,0.43037974683544306,0.3673420231161958,0.4934174705546903,108,46,41,21,0.5287356321839081,0.42384226265749547,0.6336290017103207,GBP_CAD,H4,50,2.5,14,long,357
373,188,168,17,0.5280898876404494,0.47623202179357366,0.5799477534873252,161,65,76,20,0.46099290780141844,0.37871355312392785,0.543272262478909,GBP_CAD,H4,50,1.0,14,short,534
316,161,145,10,0.5261437908496732,0.47019755513747763,0.5820900265618688,136,51,61,24,0.45535714285714285,0.3631256914698856,0.5475885942444001,GBP_CAD,H4,50,1.5,14,short,452
281,132,142,7,0.48175182481751827,0.4225873021647438,0.5409163474702927,121,45,49,27,0.4787234042553192,0.37773567946151887,0.5797111290491195,GBP_CAD,H4,50,2.0,14,short,402
245,113,117,15,0.49130434782608695,0.42669483446517553,0.5559138611869984,106,42,41,23,0.5060240963855421,0.39846292917865644,0.6135852635924278,GBP_CAD,H4,50,2.5,14,short,351
277,137,130,10,0.5131086142322098,0.45315420347097257,0.573063024993447,119,56,48,15,0.5384615384615384,0.4426493644436619,0.634273712479415,GBP_CAD,H4,100,1.0,14,long,396
265,131,120,14,0.5219123505976095,0.46011472910684814,0.5837099720883709,114,58,39,17,0.5979381443298969,0.5003617490227079,0.6955145396370859,GBP_CAD,H4,100,1.5,14,long,379
259,115,130,14,0.46938775510204084,0.4068953065786474,0.5318802036254343,112,54,38,20,0.5869565217391305,0.486341457559015,0.687571585919246,GBP_CAD,H4,100,2.0,14,long,371
236,107,120,9,0.4713656387665198,0.40642750589782195,0.5363037716352177,102,44,45,13,0.4943820224719101,0.390508787678015,0.5982552572658052,GBP_CAD,H4,100,2.5,14,long,338
277,118,145,14,0.44866920152091255,0.3885591011160923,0.5087793019257328,119,41,58,20,0.41414141414141414,0.3171107051783749,0.5111721231044534,GBP_CAD,H4,100,1.0,14,short,396
277,127,134,16,0.48659003831417624,0.42595138189303083,0.5472286947353217,119,40,58,21,0.40816326530612246,0.31085248607225735,0.5054740445399876,GBP_CAD,H4,100,1.5,14,short,396
247,124,115,8,0.5188284518828452,0.45548248306070005,0.5821744207049904,107,40,45,22,0.47058823529411764,0.364476373307705,0.5767000972805303,GBP_CAD,H4,100,2.0,14,short,354
229,112,112,5,0.5,0.43452099573145603,0.565479004268544,99,36,39,24,0.48,0.3669299120014493,0.5930700879985507,GBP_CAD,H4,100,2.5,14,short,328
207,117,80,10,0.5939086294416244,0.5253290754283529,0.6624881834548958,89,53,22,14,0.7066666666666667,0.6036248631397773,0.8097084701935561,GBP_CAD,H4,200,1.0,14,long,296
182,91,82,9,0.5260115606936416,0.45160443316486704,0.6004186882224163,79,50,23,6,0.684931506849315,0.5783650070890493,0.7914980066095808,GBP_CAD,H4,200,1.5,14,long,261
169,91,71,7,0.5617283950617284,0.4853213472199992,0.6381354429034577,73,46,21,6,0.6865671641791045,0.5754880441729533,0.7976462841852556,GBP_CAD,H4,200,2.0,14,long,242
138,66,61,11,0.5196850393700787,0.4327915224447998,0.6065785562953576,60,29,24,7,0.5471698113207547,0.4131568244683743,0.6811827981731351,GBP_CAD,H4,200,2.5,14,long,198
240,106,119,15,0.4711111111111111,0.40588691914556585,0.5363353030766563,103,39,49,15,0.4431818181818182,0.33939017043500525,0.5469734659286312,GBP_CAD,H4,200,1.0,14,short,343
220,97,109,14,0.470873786407767,0.40270989798114826,0.5390376748343857,95,27,50,18,0.35064935064935066,0.24406661382188943,0.4572320874768119,GBP_CAD,H4,200,1.5,14,short,315
208,107,94,7,0.5323383084577115,0.46335916442568903,0.6013174524897339,90,29,36,25,0.4461538461538462,0.3253067314792678,0.5670009608284245,GBP_CAD,H4,200,2.0,14,short,298
196,93,98,5,0.4869109947643979,0.41602498461072496,0.5577970049180709,84,35,30,19,0.5384615384615384,0.4172676594739799,0.659655417449097,GBP_CAD,H4,200,2.5,14,short,280
534,230,277,27,0.4536489151873767,0.41031300376444696,0.49698482661030646,230,95,100,35,0.48717948717948717,0.4170233034212235,0.5573356709377508,GBP_CHF,H4,20,1.0,14,long,764
400,176,207,17,0.4595300261096606,0.4096186645900195,0.5094413876293017,172,73,71,28,0.5069444444444444,0.42528565495808707,0.5886032339308018,GBP_CHF,H4,20,1.5,14,long,572
276,117,146,13,0.4448669201520912,0.3848060240708806,0.5049278162333019,119,42,61,16,0.4077669902912621,0.3128618365600808,0.5026721440224434,GBP_CHF,H4,20,2.0,14,long,395
175,67,97,11,0.40853658536585363,0.3333026867060598,0.4837704840256475,76,35,34,7,0.5072463768115942,0.3892806314966041,0.6252121221265844,GBP_CHF,H4,20,2.5,14,long,251
516,240,249,27,0.49079754601226994,0.4464879207534619,0.535107171271078,222,96,90,36,0.5161290322580645,0.4443093422500486,0.5879487222660804,GBP_CHF,H4,20,1.0,14,short,738
387,180,196,11,0.4787234042553192,0.42822954185841905,0.5292172666522194,167,79,62,26,0.5602836879432624,0.4783548504185128,0.6422125254680121,GBP_CHF,H4,20,1.5,14,short,554
252,106,138,8,0.4344262295081967,0.3722300357720927,0.4966224232443007,109,47,39,23,0.5465116279069767,0.44129372855474913,0.6517295272592043,GBP_CHF,H4,20,2.0,14,short,361
143,58,80,5,0.42028985507246375,0.33793362996154974,0.5026460801833778,62,28,18,16,0.6086956521739131,0.4676581551269505,0.7497331492208756,GBP_CHF,H4,20,2.5,14,short,205
367,169,178,20,0.48703170028818443,0.4344402420887041,0.5396231584876648,158,60,70,28,0.46153846153846156,0.3758414478680571,0.5472354752088661,GBP_CHF,H4,50,1.0,14,long,525
324,141,170,13,0.4533762057877814,0.3980476282617502,0.5087047833138125,139,54,65,20,0.453781512605042,0.36432969131003373,0.5432333339000504,GBP_CHF,H4,50,1.5,14,long,463
291,127,157,7,0.4471830985915493,0.38935615374399407,0.5050100434391045,125,39,58,28,0.4020618556701031,0.30448546036291413,0.4996382509772921,GBP_CHF,H4,50,2.0,14,long,416
241,102,132,7,0.4358974358974359,0.3723615138729329,0.4994333579219389,104,39,44,21,0.46987951807228917,0.36250590317409753,0.5772531329704809,GBP_CHF,H4,50,2.5,14,long,345
357,149,190,18,0.43952802359882004,0.3866924460925308,0.4923636011051093,153,66,62,25,0.515625,0.4290467248410885,0.6022032751589115,GBP_CHF,H4,50,1.0,14,short,510
319,131,175,13,0.42810457516339867,0.3726638880925143,0.48354526223428307,138,59,59,20,0.5,0.40978368744596433,0.5902163125540357,GBP_CHF,H4,50,1.5,14,short,457
300,123,164,13,0.42857142857142855,0.37131718173778483,0.48582567540507227,129,49,59,21,0.4537037037037037,0.3598082674772022,0.5475991399302053,GBP_CHF,H4,50,2.0,14,short,429
235,107,120,8,0.4713656387665198,0.40642750589782195,0.5363037716352177,101,35,47,19,0.4268292682926829,0.31977148570043434,0.5338870508849315,GBP_CHF,H4,50,2.5,14,short,336
264,136,112,16,0.5483870967741935,0.486449119890618,0.610325073657769,114,49,46,19,0.5157894736842106,0.4152937413638352,0.616285206004586,GBP_CHF,H4,100,1.0,14,long,378
249,121,120,8,0.5020746887966805,0.4389478828540807,0.5652014947392803,108,51,43,14,0.5425531914893617,0.4418406381192571,0.6432657448594662,GBP_CHF,H4,100,1.5,14,long,357
226,107,111,8,0.4908256880733945,0.42446288691847445,0.5571884892283145,97,32,55,10,0.367816091954023,0.26648714569962584,0.46914503820842013,GBP_CHF,H4,100,2.0,14,long,323
205,89,111,5,0.445,0.3761240549974086,0.5138759450025915,88,28,50,10,0.358974358974359,0.25251638784338504,0.4654323301053329,GBP_CHF,H4,100,2.5,14,long,293
237,103,115,19,0.4724770642201835,0.406203723449558,0.538750404990809,102,37,46,19,0.4457831325301205,0.33884841891678497,0.552717846143456,GBP_CHF,H4,100,1.0,14,short,339
225,110,102,13,0.5188679245283019,0.4516091874276851,0.5861266616289187,97,33,41,23,0.44594594594594594,0.3326909444730906,0.5592009474188013,GBP_CHF,H4,100,1.5,14,short,322
230,112,107,11,0.5114155251141552,0.4452105236850149,0.5776205265432955,99,40,46,13,0.46511627906976744,0.3596976640982777,0.5705348940412572,GBP_CHF,H4,100,2.0,14,short,329
209,99,100,10,0.49748743718592964,0.42801795622948635,0.5669569181423729,90,40,41,9,0.49382716049382713,0.38494657011418243,0.6027077508734718,GBP_CHF,H4,100,2.5,14,short,299
201,109,80,12,0.5767195767195767,0.5062792101165585,0.647159943322595,87,29,42,16,0.4084507042253521,0.29411228268253764,0.5227891257681666,GBP_CHF,H4,200,1.0,14,long,288
201,108,78,15,0.5806451612903226,0.509728899572531,0.6515614230081143,87,32,39,16,0.4507042253521127,0.334966260624249,0.5664421900799763,GBP_CHF,H4,200,1.5,14,long,288
178,93,77,8,0.5470588235294118,0.4722298950828218,0.6218877519760019,77,29,40,8,0.42028985507246375,0.30382056457475753,0.53675914557017,GBP_CHF,H4,200,2.0,14,long,255
186,88,91,7,0.49162011173184356,0.41838176077379224,0.5648584626898949,81,31,46,4,0.4025974025974026,0.2930556345444847,0.5121391706503206,GBP_CHF,H4,200,2.5,14,long,267
186,73,105,8,0.4101123595505618,0.3378549900037031,0.4823697290974205,81,34,27,20,0.5573770491803278,0.43272981123102355,0.6820242871296321,GBP_CHF,H4,200,1.0,14,short,267
194,79,99,16,0.4438202247191011,0.3708312587885722,0.51680919064963,84,33,33,18,0.5,0.37937033884025395,0.620629661159746,GBP_CHF,H4,200,1.5,14,short,278
172,72,87,13,0.4528301886792453,0.37545775464511766,0.5302026227133729,75,31,26,18,0.543859649122807,0.4145558429986815,0.6731634552469326,GBP_CHF,H4,200,2.0,14,short,247
165,72,81,12,0.47058823529411764,0.39149712308721946,0.5496793475010158,71,28,21,22,0.5714285714285714,0.4328645068230612,0.7099926360340816,GBP_CHF,H4,200,2.5,14,short,236
527,294,227,6,0.564299424184261,0.5217213435392809,0.6068775048292412,226,119,79,28,0.601010101010101,0.5328005309155444,0.6692196711046576,GBP_NZD,H4,20,1.0,14,long,753
394,210,176,8,0.5440414507772021,0.4943546429942548,0.5937282585601494,170,94,56,20,0.6266666666666667,0.5492602215335375,0.7040731117997959,GBP_NZD,H4,20,1.5,14,long,564
255,133,111,11,0.5450819672131147,0.4825994321281335,0.607564502298096,110,66,29,15,0.6947368421052632,0.6021303080948597,0.7873433761156667,GBP_NZD,H4,20,2.0,14,long,365
149,77,67,5,0.5347222222222222,0.45325271355324803,0.6161917308911964,65,40,20,5,0.6666666666666666,0.5473848652544304,0.7859484680789028,GBP_NZD,H4,20,2.5,14,long,214
542,301,236,5,0.5605214152700186,0.5185422409683644,0.6025005895716729,233,96,116,21,0.4528301886792453,0.3858236952530551,0.5198366821054355,GBP_NZD,H4,20,1.0,14,short,775
378,200,172,6,0.5376344086021505,0.4869679111457853,0.5883009060585157,162,64,86,12,0.4266666666666667,0.3475153041225349,0.5058180292107985,GBP_NZD,H4,20,1.5,14,short,540
256,128,122,6,0.512,0.4500372108568377,0.5739627891431623,110,46,55,9,0.45544554455445546,0.35831982008320395,0.552571269025707,GBP_NZD,H4,20,2.0,14,short,366
165,93,68,4,0.577639751552795,0.5013417455797694,0.6539377575258206,72,30,35,7,0.46153846153846156,0.34034458255090305,0.5827323405260201,GBP_NZD,H4,20,2.5,14,short,237
397,210,182,5,0.5357142857142857,0.4863432415689569,0.5850853298596145,171,96,52,23,0.6486486486486487,0.5717354653137062,0.7255618319835911,GBP_NZD,H4,50,1.0,14,long,568
340,180,154,6,0.5389221556886228,0.48546165964698423,0.5923826517302613,147,75,51,21,0.5952380952380952,0.509531158457309,0.6809450320188815,GBP_NZD,H4,50,1.5,14,long,487
279,157,115,7,0.5772058823529411,0.5184973178207097,0.6359144468851725,120,64,35,21,0.6464646464646465,0.5522914549963068,0.7406378379329862,GBP_NZD,H4,50,2.0,14,long,399
224,121,100,3,0.5475113122171946,0.4818876676988213,0.613134956735568,96,54,32,10,0.627906976744186,0.5257471227509476,0.7300668307374245,GBP_NZD,H4,50,2.5,14,long,320
387,178,200,9,0.4708994708994709,0.4205791536397745,0.5212197881591673,167,76,80,11,0.48717948717948717,0.4087424892167651,0.5656164851422093,GBP_NZD,H4,50,1.0,14,short,554
369,180,183,6,0.49586776859504134,0.44443286487560774,0.5473026723144749,159,77,65,17,0.5422535211267606,0.46030792938490267,0.6241991128686186,GBP_NZD,H4,50,1.5,14,short,528
314,165,147,2,0.5288461538461539,0.47345698863335506,0.5842353190589527,135,56,68,11,0.45161290322580644,0.36401937629110276,0.5392064301605102,GBP_NZD,H4,50,2.0,14,short,449
251,128,123,0,0.5099601593625498,0.4481153821064445,0.5718049366186551,108,43,59,6,0.4215686274509804,0.325735414816923,0.5174018400850379,GBP_NZD,H4,50,2.5,14,short,359
280,158,120,2,0.5683453237410072,0.510120518571854,0.6265701289101604,120,62,35,23,0.6391752577319587,0.5436037721364989,0.7347467433274185,GBP_NZD,H4,100,1.0,14,long,400
266,142,121,3,0.5399239543726235,0.4796875131222883,0.6001603956229588,114,65,32,17,0.6701030927835051,0.5765344915014495,0.7636716940655607,GBP_NZD,H4,100,1.5,14,long,380
226,112,112,2,0.5,0.43452099573145603,0.565479004268544,97,56,26,15,0.6829268292682927,0.5822067682349348,0.7836468903016507,GBP_NZD,H4,100,2.0,14,long,323
195,87,106,2,0.45077720207253885,0.380577920620702,0.5209764835243756,84,48,27,9,0.64,0.53136577334928,0.74863422665072,GBP_NZD,H4,100,2.5,14,long,279
299,153,142,4,0.5186440677966102,0.4616259423708731,0.5756621932223472,129,45,76,8,0.371900826446281,0.2857833948197194,0.4580182580728425,GBP_NZD,H4,100,1.0,14,short,428
266,135,127,4,0.5152671755725191,0.4547508042361967,0.5757835469088416,114,41,68,5,0.3761467889908257,0.28520516420369535,0.46708841377795607,GBP_NZD,H4,100,1.5,14,short,380
280,132,143,5,0.48,0.42095107236752344,0.5390489276324766,121,48,65,8,0.4247787610619469,0.33363735943443895,0.5159201626894548,GBP_NZD,H4,100,2.0,14,short,401
274,142,131,1,0.5201465201465202,0.4608823891240654,0.579410651168975,118,55,56,7,0.4954954954954955,0.4024817867421636,0.5885092042488274,GBP_NZD,H4,100,2.5,14,short,392
191,100,86,5,0.5376344086021505,0.4659811607414169,0.6092876564628842,83,53,18,12,0.7464788732394366,0.6452876756846162,0.847670070794257,GBP_NZD,H4,200,1.0,14,long,274
176,96,75,5,0.5614035087719298,0.4870283075049603,0.6357787100388993,76,53,15,8,0.7794117647058824,0.6808573083526188,0.8779662210591459,GBP_NZD,H4,200,1.5,14,long,252
159,77,80,2,0.49044585987261147,0.41224762522436176,0.5686440945208612,69,50,11,8,0.819672131147541,0.7231909384448594,0.9161533238502226,GBP_NZD,H4,200,2.0,14,long,228
157,74,78,5,0.4868421052631579,0.4073811373934957,0.5663030731328201,68,46,13,9,0.7796610169491526,0.6738992626683205,0.8854227712299847,GBP_NZD,H4,200,2.5,14,long,225
202,96,105,1,0.47761194029850745,0.408557397964615,0.5466664826323999,87,37,44,6,0.4567901234567901,0.34830860805599245,0.5652716388575878,GBP_NZD,H4,200,1.0,14,short,289
203,94,105,4,0.4723618090452261,0.40299766473915016,0.541725953351302,87,38,43,6,0.4691358024691358,0.3604545664045016,0.57781703853377,GBP_NZD,H4,200,1.5,14,short,290
214,103,105,6,0.4951923076923077,0.427244674942842,0.5631399404417734,92,44,45,3,0.4943820224719101,0.390508787678015,0.5982552572658052,GBP_NZD,H4,200,2.0,14,short,306
207,100,105,2,0.4878048780487805,0.4193790708573526,0.5562306852402084,89,37,49,3,0.43023255813953487,0.32559025336448966,0.5348748629145801,GBP_NZD,H4,200,2.5,14,short,296
510,235,214,61,0.5233853006681515,0.47718685355773277,0.5695837477785701,220,113,97,10,0.5380952380952381,0.47066538428266347,0.6055250919078127,CHF_JPY,H4,20,1.0,14,long,730
405,188,180,37,0.5108695652173914,0.45979560656843516,0.5619435238663475,174,99,66,9,0.6,0.5252485330031456,0.6747514669968544,CHF_JPY,H4,20,1.5,14,long,579
237,117,95,25,0.5518867924528302,0.48494350845435796,0.6188300764513025,103,60,39,4,0.6060606060606061,0.5098082856346849,0.7023129264865272,CHF_JPY,H4,20,2.0,14,long,340
140,77,50,13,0.6062992125984252,0.5213262315298458,0.6912721936670047,61,37,23,1,0.6166666666666667,0.4936414961014828,0.7396918372318506,CHF_JPY,H4,20,2.5,14,long,201
570,238,271,61,0.4675834970530452,0.4242371482070145,0.5109298458990759,245,111,122,12,0.47639484978540775,0.4122645020884049,0.5405251974824106,CHF_JPY,H4,20,1.0,14,short,815
430,188,202,40,0.48205128205128206,0.432459036904775,0.5316435271977891,185,75,101,9,0.42613636363636365,0.35307657890814137,0.4991961483645859,CHF_JPY,H4,20,1.5,14,short,615
297,136,142,19,0.4892086330935252,0.43044583005411907,0.5479714361329313,128,59,63,6,0.48360655737704916,0.3949292278884643,0.572283886865634,CHF_JPY,H4,20,2.0,14,short,425
176,91,75,10,0.5481927710843374,0.47248416204587945,0.6239013801227954,76,28,38,10,0.42424242424242425,0.30500544034122423,0.5434794081436243,CHF_JPY,H4,20,2.5,14,short,252
371,167,151,53,0.5251572327044025,0.47027116707264655,0.5800432983361585,160,78,68,14,0.5342465753424658,0.4533316672111961,0.6151614834737354,CHF_JPY,H4,50,1.0,14,long,531
311,148,129,34,0.5342960288808665,0.4755522161648321,0.5930398415969008,134,73,55,6,0.5703125,0.48455267390283024,0.6560723260971697,CHF_JPY,H4,50,1.5,14,long,445
267,127,103,37,0.5521739130434783,0.4879073920900312,0.6164404339969254,115,57,53,5,0.5181818181818182,0.4248042829436651,0.6115593534199713,CHF_JPY,H4,50,2.0,14,long,382
217,106,94,17,0.53,0.46082838154271655,0.5991716184572835,94,48,42,4,0.5333333333333333,0.4302620766677756,0.636404589998891,CHF_JPY,H4,50,2.5,14,long,311
422,178,195,49,0.4772117962466488,0.4265220484438518,0.5279015440494458,181,69,107,5,0.39204545454545453,0.3199175186831145,0.46417339040779454,CHF_JPY,H4,50,1.0,14,short,603
364,146,179,39,0.4492307692307692,0.39515110664728614,0.5033104318142523,156,67,84,5,0.44370860927152317,0.36446437106312773,0.5229528474799187,CHF_JPY,H4,50,1.5,14,short,520
312,110,169,33,0.3942652329749104,0.33692103786174493,0.45160942808807586,135,60,70,5,0.46153846153846156,0.3758414478680571,0.5472354752088661,CHF_JPY,H4,50,2.0,14,short,447
259,108,118,33,0.4778761061946903,0.412751322472011,0.5430008899173695,111,40,66,5,0.37735849056603776,0.28508026455621577,0.46963671657585976,CHF_JPY,H4,50,2.5,14,short,370
273,123,119,31,0.5082644628099173,0.44527628296800204,0.5712526426518326,117,57,51,9,0.5277777777777778,0.4336228718027907,0.6219326837527649,CHF_JPY,H4,100,1.0,14,long,390
245,122,94,29,0.5648148148148148,0.49869687896653475,0.6309327506630947,106,58,43,5,0.5742574257425742,0.47782519012593294,0.6706896613592155,CHF_JPY,H4,100,1.5,14,long,351
243,127,92,24,0.5799086757990868,0.5145375938101454,0.6452797577880282,105,51,50,4,0.504950495049505,0.40744163013809787,0.602459359960912,CHF_JPY,H4,100,2.0,14,long,348
219,114,73,32,0.6096256684491979,0.5397046867398562,0.6795466501585395,95,43,49,3,0.4673913043478261,0.365436757629941,0.5693458510657112,CHF_JPY,H4,100,2.5,14,long,314
309,131,140,38,0.4833948339483395,0.4238969115771752,0.5428927563195037,133,32,92,9,0.25806451612903225,0.18104647893140802,0.3350825533266565,CHF_JPY,H4,100,1.0,14,short,442
293,126,128,39,0.49606299212598426,0.43457422946654045,0.5575517547854281,126,38,81,7,0.31932773109243695,0.23556131456311385,0.40309414762176005,CHF_JPY,H4,100,1.5,14,short,419
264,126,105,33,0.5454545454545454,0.48124227538606196,0.6096668155230289,114,36,71,7,0.3364485981308411,0.24692019679698438,0.4259769994646978,CHF_JPY,H4,100,2.0,14,short,378
230,101,100,29,0.5024875621890548,0.43336454731247576,0.5716105770656338,100,49,48,3,0.5051546391752577,0.4056560028319002,0.6046532755186153,CHF_JPY,H4,100,2.5,14,short,330
205,114,76,15,0.6,0.5303397719755307,0.6696602280244692,88,42,42,4,0.5,0.39307323378436376,0.6069267662156362,CHF_JPY,H4,200,1.0,14,long,293
195,106,70,19,0.6022727272727273,0.5299642822419783,0.6745811723034763,84,41,39,4,0.5125,0.4029669142450556,0.6220330857549443,CHF_JPY,H4,200,1.5,14,long,279
181,94,73,14,0.562874251497006,0.48764153882458317,0.6381069641694288,78,35,42,1,0.45454545454545453,0.34332654031750687,0.5657643687734022,CHF_JPY,H4,200,2.0,14,long,259
163,72,78,13,0.48,0.40004737402686513,0.5599526259731349,70,41,28,1,0.5942028985507246,0.4783376015305803,0.710068195570869,CHF_JPY,H4,200,2.5,14,long,233
215,93,103,19,0.4744897959183674,0.4045809631576984,0.5443986286790363,93,41,49,3,0.45555555555555555,0.3526633976467913,0.5584477134643199,CHF_JPY,H4,200,1.0,14,short,308
214,98,96,20,0.5051546391752577,0.4347984786980553,0.5755107996524601,92,38,49,5,0.4367816091954023,0.33255777865646696,0.5410054397343377,CHF_JPY,H4,200,1.5,14,short,306
194,97,78,19,0.5542857142857143,0.4806425964809934,0.6279288320904352,84,26,55,3,0.32098765432098764,0.21931677918702192,0.42265852945495336,CHF_JPY,H4,200,2.0,14,short,278
175,57,93,25,0.38,0.3023219911000117,0.45767800889998833,76,26,48,2,0.35135135135135137,0.24257968435378746,0.4601230183489153,CHF_JPY,H4,200,2.5,14,short,251
508,252,254,2,0.4980237154150198,0.4544577417318305,0.541589689098209,219,118,99,2,0.543778801843318,0.4775075656899331,0.6100500379967029,NZD_JPY,H4,20,1.0,14,long,727
417,190,227,0,0.4556354916067146,0.407833970354683,0.5034370128587463,179,98,79,2,0.5536723163841808,0.4804366301571264,0.6269080026112352,NZD_JPY,H4,20,1.5,14,long,596
296,140,155,1,0.4745762711864407,0.4175922734200393,0.531560268952842,127,73,54,0,0.5748031496062992,0.4888209007420568,0.6607853984705415,NZD_JPY,H4,20,2.0,14,long,423
172,78,94,0,0.45348837209302323,0.37908808195885946,0.527888662227187,75,36,39,0,0.48,0.3669299120014493,0.5930700879985507,NZD_JPY,H4,20,2.5,14,long,247
532,249,277,6,0.47338403041825095,0.4307145835354597,0.5160534773010422,229,114,110,5,0.5089285714285714,0.4434600078846842,0.5743971349724586,NZD_JPY,H4,20,1.0,14,short,761
442,218,221,3,0.49658314350797267,0.4498113875876186,0.5433548994283267,190,97,89,4,0.521505376344086,0.4497147858556888,0.5932959668324832,NZD_JPY,H4,20,1.5,14,short,632
283,124,157,2,0.4412811387900356,0.3832237819053254,0.4993384956747458,122,67,54,1,0.5537190082644629,0.4651437765470407,0.6422942399818851,NZD_JPY,H4,20,2.0,14,short,405
184,93,90,1,0.5081967213114754,0.43576277184962664,0.5806306707733242,79,38,38,3,0.5,0.38758629040342474,0.6124137095965753,NZD_JPY,H4,20,2.5,14,short,263
368,176,190,2,0.4808743169398907,0.4296863857290183,0.5320622481507631,159,86,73,0,0.5408805031446541,0.46342165391993284,0.6183393523693753,NZD_JPY,H4,50,1.0,14,long,527
326,151,173,2,0.4660493827160494,0.411730593444188,0.5203681719879107,141,78,63,0,0.5531914893617021,0.4711289449548109,0.6352540337685935,NZD_JPY,H4,50,1.5,14,long,467
282,130,151,1,0.4626334519572954,0.4043350377830165,0.5209318661315743,122,63,59,0,0.5163934426229508,0.42771611313436597,0.6050707721115357,NZD_JPY,H4,50,2.0,14,long,404
238,105,133,0,0.4411764705882353,0.378093649662491,0.5042592915139795,103,55,48,0,0.5339805825242718,0.43764156839070445,0.6303195966578392,NZD_JPY,H4,50,2.5,14,long,341
371,167,200,4,0.4550408719346049,0.404092511990931,0.5059892318782788,159,71,86,2,0.45222929936305734,0.37437457118894574,0.530084027537169,NZD_JPY,H4,50,1.0,14,short,530
350,178,171,1,0.5100286532951289,0.45758100890411474,0.562476297686143,150,64,80,6,0.4444444444444444,0.36328345859445205,0.5256054302944367,NZD_JPY,H4,50,1.5,14,short,500
326,159,166,1,0.48923076923076925,0.43488276055376973,0.5435787779077688,141,67,67,7,0.5,0.4153408942930267,0.5846591057069733,NZD_JPY,H4,50,2.0,14,short,467
287,129,157,1,0.45104895104895104,0.39337871845254313,0.508719183645359,123,69,53,1,0.5655737704918032,0.4776150697822204,0.6535324712013861,NZD_JPY,H4,50,2.5,14,short,410
275,131,143,1,0.4781021897810219,0.4189550301580133,0.5372493494040306,119,55,64,0,0.46218487394957986,0.372605719036668,0.5517640288624917,NZD_JPY,H4,100,1.0,14,long,394
256,131,122,3,0.5177865612648221,0.45621348489356806,0.5793596376360762,110,56,54,0,0.509090909090909,0.415667021139433,0.6025147970423851,NZD_JPY,H4,100,1.5,14,long,366
237,128,108,1,0.5423728813559322,0.47880980189216116,0.6059359608197032,102,48,53,1,0.4752475247524752,0.37785344371241736,0.5726416057925331,NZD_JPY,H4,100,2.0,14,long,339
203,98,104,1,0.48514851485148514,0.4162263794446128,0.5540706502583574,87,45,41,1,0.5232558139534884,0.41769406434041734,0.6288175635665595,NZD_JPY,H4,100,2.5,14,long,290
288,134,153,1,0.46689895470383275,0.40917828772511167,0.5246196216825538,124,53,71,0,0.4274193548387097,0.34034492231668134,0.514493787360738,NZD_JPY,H4,100,1.0,14,short,412
282,127,154,1,0.45195729537366547,0.3937658944912391,0.5101486962560918,121,55,66,0,0.45454545454545453,0.3658234534950309,0.5432674555958781,NZD_JPY,H4,100,1.5,14,short,403
241,112,127,2,0.4686192468619247,0.405353288417567,0.5318852053062824,104,43,54,7,0.44329896907216493,0.3444369268289119,0.5421610113154179,NZD_JPY,H4,100,2.0,14,short,345
235,102,130,3,0.4396551724137931,0.3757853283188979,0.5035250165086883,101,46,50,5,0.4791666666666667,0.3792326968578011,0.5791006364755322,NZD_JPY,H4,100,2.5,14,short,336
191,94,97,0,0.49214659685863876,0.4212450329998628,0.5630481607174147,83,44,39,0,0.5301204819277109,0.42274686702951925,0.6374940968259025,NZD_JPY,H4,200,1.0,14,long,274
193,91,101,1,0.4739583333333333,0.40332891797489767,0.544587748691769,84,36,48,0,0.42857142857142855,0.3227413761288449,0.5344014810140122,NZD_JPY,H4,200,1.5,14,long,277
198,104,93,1,0.5279187817258884,0.4582056045667994,0.5976319588849773,85,51,34,0,0.6,0.49585168946048475,0.7041483105395152,NZD_JPY,H4,200,2.0,14,long,283
185,96,88,1,0.5217391304347826,0.4495608901928068,0.5939173706767584,80,45,35,0,0.5625,0.4537920339855446,0.6712079660144554,NZD_JPY,H4,200,2.5,14,long,265
220,102,118,0,0.4636363636363636,0.3977397435565644,0.5295329837161629,95,46,45,4,0.5054945054945055,0.4027687945518872,0.6082202164371238,NZD_JPY,H4,200,1.0,14,short,315
205,111,91,3,0.5495049504950495,0.48089119307978284,0.6181187079103163,89,45,44,0,0.5056179775280899,0.4017447427341948,0.609491212321985,NZD_JPY,H4,200,1.5,14,short,294
215,112,101,2,0.5258215962441315,0.4587627056292888,0.5928804868589742,93,43,50,0,0.46236559139784944,0.361032596485119,0.5636985863105799,NZD_JPY,H4,200,2.0,14,short,308
199,93,106,0,0.46733668341708545,0.39801471858849213,0.5366586482456788,86,43,43,0,0.5,0.39432388226063037,0.6056761177393697,NZD_JPY,H4,200,2.5,14,short,285
512,250,253,9,0.4970178926441352,0.45332262954306213,0.5407131557452083,220,122,98,0,0.5545454545454546,0.4888681979907692,0.6202227111001399,AUD_JPY,H4,20,1.0,14,long,732
365,162,200,3,0.44751381215469616,0.3962907283820138,0.4987368959273785,157,82,75,0,0.5222929936305732,0.44415825735629344,0.600427729904853,AUD_JPY,H4,20,1.5,14,long,522
284,141,140,3,0.501779359430605,0.44331783097190275,0.5602408878893074,123,64,59,0,0.5203252032520326,0.43203461772095186,0.6086157887831133,AUD_JPY,H4,20,2.0,14,long,407
173,77,95,1,0.4476744186046512,0.3733604309069781,0.5219884063023242,75,36,38,1,0.4864864864864865,0.37260541611198017,0.6003675568609929,AUD_JPY,H4,20,2.5,14,long,248
560,279,273,8,0.5054347826086957,0.4637256767320764,0.547143888485315,241,109,129,3,0.4579831932773109,0.3946839176870614,0.5212824688675604,AUD_JPY,H4,20,1.0,14,short,801
443,217,222,4,0.49430523917995445,0.44753542492288123,0.5410750534370277,191,86,98,7,0.4673913043478261,0.3952985529908089,0.5394840557048433,AUD_JPY,H4,20,1.5,14,short,634
315,146,164,5,0.47096774193548385,0.4154013903485161,0.5265340935224516,135,68,63,4,0.5190839694656488,0.43352336207369885,0.6046445768575989,AUD_JPY,H4,20,2.0,14,short,450
196,97,96,3,0.5025906735751295,0.43204967690525864,0.5731316702450004,85,51,33,1,0.6071428571428571,0.5026998902502351,0.7115858240354791,AUD_JPY,H4,20,2.5,14,short,281
369,167,194,8,0.4626038781163435,0.4111693962759779,0.5140383599567091,159,101,58,0,0.6352201257861635,0.5603971341483117,0.7100431174240153,AUD_JPY,H4,50,1.0,14,long,528
301,151,144,6,0.511864406779661,0.45482266647387826,0.5689061470854438,129,86,42,1,0.671875,0.5905329735403975,0.7532170264596025,AUD_JPY,H4,50,1.5,14,long,430
266,116,148,2,0.4393939393939394,0.37952383252571037,0.4992640462621684,115,73,41,1,0.6403508771929824,0.5522556960768255,0.7284460583091394,AUD_JPY,H4,50,2.0,14,long,381
214,93,119,2,0.4386792452830189,0.37188066458047747,0.5054778259855602,93,48,44,1,0.5217391304347826,0.4196636841763569,0.6238145766932083,AUD_JPY,H4,50,2.5,14,long,307
411,198,210,3,0.4852941176470588,0.43679787754233806,0.5337903577517796,177,71,104,2,0.4057142857142857,0.33296230154890366,0.4784662698796677,AUD_JPY,H4,50,1.0,14,short,588
367,155,209,3,0.4258241758241758,0.37502659991048354,0.4766217517378681,158,80,76,2,0.5128205128205128,0.4343835148577907,0.5912575107832349,AUD_JPY,H4,50,1.5,14,short,525
319,141,173,5,0.44904458598726116,0.39402792778385914,0.5040612441906631,138,68,69,1,0.49635036496350365,0.4126255449981161,0.5800751849288912,AUD_JPY,H4,50,2.0,14,short,457
269,128,138,3,0.48120300751879697,0.4211578284356517,0.5412481866019422,116,54,59,3,0.4778761061946903,0.3857757538074627,0.5699764585819179,AUD_JPY,H4,50,2.5,14,short,385
257,130,124,3,0.5118110236220472,0.4503375130433687,0.5732845342007257,111,64,47,0,0.5765765765765766,0.4846564700182156,0.6684966831349376,AUD_JPY,H4,100,1.0,14,long,368
245,126,119,0,0.5142857142857142,0.4517013711957688,0.5768700573756597,106,71,35,0,0.6698113207547169,0.5802829935466384,0.7593396479627955,AUD_JPY,H4,100,1.5,14,long,351
237,99,137,1,0.4194915254237288,0.35653134733744274,0.4824517035100149,102,61,41,0,0.5980392156862745,0.5028883684673968,0.6931900629051522,AUD_JPY,H4,100,2.0,14,long,339
204,94,109,1,0.4630541871921182,0.394459703701378,0.5316486706828585,88,53,35,0,0.6022727272727273,0.5000131436361327,0.7045323109093219,AUD_JPY,H4,100,2.5,14,long,292
295,132,159,4,0.4536082474226804,0.39640744573132763,0.5108090491140331,127,52,74,1,0.4126984126984127,0.32673418113453706,0.4986626442622883,AUD_JPY,H4,100,1.0,14,short,422
298,141,154,3,0.47796610169491527,0.4209637249576227,0.5349684784322079,129,53,75,1,0.4140625,0.32873094038025163,0.49939405961974837,AUD_JPY,H4,100,1.5,14,short,427
291,125,163,3,0.4340277777777778,0.3767855999611614,0.4912699555943942,126,55,69,2,0.4435483870967742,0.3561045042492939,0.5309922699442544,AUD_JPY,H4,100,2.0,14,short,417
265,113,145,7,0.437984496124031,0.37744347590655336,0.49852551634150866,114,46,66,2,0.4107142857142857,0.3196013749935761,0.5018271964349953,AUD_JPY,H4,100,2.5,14,short,379
170,95,75,0,0.5588235294117647,0.4841829291038269,0.6334641297197026,74,36,38,0,0.4864864864864865,0.37260541611198017,0.6003675568609929,AUD_JPY,H4,200,1.0,14,long,244
174,88,86,0,0.5057471264367817,0.43145842608402446,0.5800358267895388,75,43,32,0,0.5733333333333334,0.46139640294311235,0.6852702637235544,AUD_JPY,H4,200,1.5,14,long,249
164,82,82,0,0.5,0.423474856674583,0.5765251433254169,71,43,28,0,0.6056338028169014,0.4919543978382762,0.7193132077955265,AUD_JPY,H4,200,2.0,14,long,235
152,77,75,0,0.506578947368421,0.42709733224159085,0.5860605624952512,66,40,26,0,0.6060606060606061,0.4881760702594192,0.7239451418617929,AUD_JPY,H4,200,2.5,14,long,218
217,103,103,11,0.5,0.4317201645994215,0.5682798354005785,93,47,45,1,0.5108695652173914,0.40872164791947896,0.6130174825153037,AUD_JPY,H4,200,1.0,14,short,310
234,114,109,11,0.5112107623318386,0.44560160626853507,0.5768199183951421,101,43,56,2,0.43434343434343436,0.33670259124648794,0.5319842774403808,AUD_JPY,H4,200,1.5,14,short,335
237,121,110,6,0.5238095238095238,0.45940340493757076,0.5882156426814769,103,38,64,1,0.37254901960784315,0.27871990915526085,0.46637813006042544,AUD_JPY,H4,200,2.0,14,short,340
228,117,108,3,0.52,0.4547189542567421,0.5852810457432579,99,33,66,0,0.3333333333333333,0.24047257687622298,0.42619408979044365,AUD_JPY,H4,200,2.5,14,short,327
541,157,170,214,0.4801223241590214,0.4259710438412688,0.534273604476774,232,63,83,86,0.4315068493150685,0.35116605733350537,0.5118476412966316,USD_SGD,H4,20,1.0,14,long,773
410,125,121,164,0.508130081300813,0.4456558239333179,0.5706043386683083,176,60,61,55,0.49586776859504134,0.40677990207056897,0.5849556351195138,USD_SGD,H4,20,1.5,14,long,586
280,74,79,127,0.48366013071895425,0.4044741443822487,0.5628461170556598,121,40,39,42,0.5063291139240507,0.3960793333964272,0.6165788944516741,USD_SGD,H4,20,2.0,14,long,401
173,50,47,76,0.5154639175257731,0.41600759402138765,0.6149202410301586,75,23,27,25,0.46,0.3218512801362242,0.5981487198637758,USD_SGD,H4,20,2.5,14,long,248
549,186,154,209,0.5470588235294118,0.49414678079590507,0.5999708662629186,236,83,72,81,0.535483870967742,0.45696684910861046,0.6140008928268735,USD_SGD,H4,20,1.0,14,short,785
411,154,119,138,0.5641025641025641,0.5052797304346976,0.6229253977704305,177,62,54,61,0.5344827586206896,0.4437086877825435,0.6252568294588357,USD_SGD,H4,20,1.5,14,short,588
277,110,86,81,0.5612244897959183,0.4917512531342736,0.6306977264575631,120,41,32,47,0.5616438356164384,0.44781856311528917,0.6754691081175876,USD_SGD,H4,20,2.0,14,short,397
163,62,54,47,0.5344827586206896,0.4437086877825435,0.6252568294588357,71,23,14,34,0.6216216216216216,0.46534953140181484,0.7778937118414284,USD_SGD,H4,20,2.5,14,short,234
377,115,130,132,0.46938775510204084,0.4068953065786474,0.5318802036254343,162,48,53,61,0.4752475247524752,0.37785344371241736,0.5726416057925331,USD_SGD,H4,50,1.0,14,long,539
325,89,113,123,0.4405940594059406,0.3721299060005012,0.50905821281138,140,44,51,45,0.4631578947368421,0.3628853377581544,0.5634304517155299,USD_SGD,H4,50,1.5,14,long,465
301,93,90,118,0.5081967213114754,0.43576277184962664,0.5806306707733242,130,43,44,43,0.4942528735632184,0.3891927859932782,0.5993129611331586,USD_SGD,H4,50,2.0,14,long,431
275,87,79,109,0.5240963855421686,0.4481220148824485,0.6000707562018888,119,37,39,43,0.4868421052631579,0.3744673268225888,0.5992168837037269,USD_SGD,H4,50,2.5,14,long,394
373,139,109,125,0.5604838709677419,0.49871079901062476,0.622256942924859,160,51,39,70,0.5666666666666667,0.4642879458838018,0.6690453874495315,USD_SGD,H4,50,1.0,14,short,533
333,128,100,105,0.5614035087719298,0.49699269506315363,0.6258143224807059,143,54,40,49,0.574468085106383,0.4745161592300143,0.6744200109827518,USD_SGD,H4,50,1.5,14,short,476
298,108,93,97,0.5373134328358209,0.4683823124814308,0.606244553190211,128,39,43,46,0.47560975609756095,0.36751569737030715,0.5837038148248147,USD_SGD,H4,50,2.0,14,short,426
256,92,81,83,0.5317919075144508,0.4574346540629529,0.6061491609659487,110,31,41,38,0.4305555555555556,0.3161808202533665,0.5449302908577447,USD_SGD,H4,50,2.5,14,short,366
282,95,86,101,0.5248618784530387,0.452109158046786,0.5976145988592914,122,31,54,37,0.36470588235294116,0.26237530849337637,0.46703645621250595,USD_SGD,H4,100,1.0,14,long,404
268,79,93,96,0.45930232558139533,0.38482596928879526,0.5337786818739954,116,33,49,34,0.4024390243902439,0.29629628236410466,0.5085817664163832,USD_SGD,H4,100,1.5,14,long,384
254,73,85,96,0.4620253164556962,0.3842858897021709,0.5397647432092215,110,24,42,44,0.36363636363636365,0.24757960575757254,0.47969312151515475,USD_SGD,H4,100,2.0,14,long,364
245,78,70,97,0.527027027027027,0.4465892945147355,0.6074647595393184,106,28,35,43,0.4444444444444444,0.3217405674616376,0.5671483214272512,USD_SGD,H4,100,2.5,14,long,351
259,102,53,104,0.6580645161290323,0.5833858512767285,0.7327431809813361,112,37,33,42,0.5285714285714286,0.4116304178010406,0.6455124393418166,USD_SGD,H4,100,1.0,14,short,371
247,95,62,90,0.6050955414012739,0.5286302689770344,0.6815608138255134,106,36,30,40,0.5454545454545454,0.4253243881429132,0.6655847027661776,USD_SGD,H4,100,1.5,14,short,353
225,84,71,70,0.5419354838709678,0.4634973339773573,0.6203736337645782,97,32,25,40,0.5614035087719298,0.4325818813543775,0.6902251361894821,USD_SGD,H4,100,2.0,14,short,322
209,80,79,50,0.5031446540880503,0.4254271358069311,0.5808621723691696,90,22,25,43,0.46808510638297873,0.3254289136532616,0.6107412991126959,USD_SGD,H4,100,2.5,14,short,299
190,64,58,68,0.5245901639344263,0.43597249759562773,0.6132078302732248,82,30,22,30,0.5769230769230769,0.4426394620902813,0.7112066917558724,USD_SGD,H4,200,1.0,14,long,272
203,49,83,71,0.3712121212121212,0.2887921875282199,0.45363205489602254,87,34,24,29,0.5862068965517241,0.4594536299826929,0.7129601631207553,USD_SGD,H4,200,1.5,14,long,290
193,58,66,69,0.46774193548387094,0.37991868476905577,0.5555651861986861,84,31,28,25,0.5254237288135594,0.3980036361781897,0.652843821448929,USD_SGD,H4,200,2.0,14,long,277
192,54,59,79,0.4778761061946903,0.3857757538074627,0.5699764585819179,83,30,33,20,0.47619047619047616,0.35286214796370635,0.599518804417246,USD_SGD,H4,200,2.5,14,long,275
145,48,46,51,0.5106382978723404,0.40958189729719674,0.611694698447484,63,18,17,28,0.5142857142857142,0.348703106503375,0.6798683220680535,USD_SGD,H4,200,1.0,14,short,208
163,58,53,52,0.5225225225225225,0.42959945570277525,0.6154455893422698,71,25,22,24,0.5319148936170213,0.38925870088730413,0.6745710863467385,USD_SGD,H4,200,1.5,14,short,234
155,48,56,51,0.46153846153846156,0.365726287520585,0.5573506355563381,67,19,20,28,0.48717948717948717,0.33030549125404296,0.6440534831049314,USD_SGD,H4,200,2.0,14,short,222
141,47,49,45,0.4895833333333333,0.38958421043498076,0.5895824562316858,61,17,19,25,0.4722222222222222,0.309141141291674,0.6353033031527704,USD_SGD,H4,200,2.5,14,short,202
522,249,273,0,0.47701149425287354,0.434163419409492,0.5198595690962551,224,124,99,1,0.5560538116591929,0.4908418571884483,0.6212657661299374,USD_PLN,H4,20,1.0,14,long,746
394,195,197,2,0.49744897959183676,0.4479521491429101,0.5469458100407635,169,78,88,3,0.46987951807228917,0.393954906857265,0.5458041292873134,USD_PLN,H4,20,1.5,14,long,563
257,117,139,1,0.45703125,0.3960078425370245,0.5180546574629755,111,52,56,3,0.48148148148148145,0.3872456377231525,0.5757173252398103,USD_PLN,H4,20,2.0,14,long,368
182,82,97,3,0.4581005586592179,0.38510955789495543,0.5310915594234804,79,40,37,2,0.5194805194805194,0.4078839508068162,0.6310770881542226,USD_PLN,H4,20,2.5,14,long,261
474,249,219,6,0.532051282051282,0.4868439348880108,0.5772586292145533,204,113,91,0,0.553921568627451,0.48570800507984035,0.6221351321750617,USD_PLN,H4,20,1.0,14,short,678
369,192,175,2,0.5231607629427792,0.4720600906714227,0.5742614352141358,159,93,66,0,0.5849056603773585,0.5083153504505054,0.6614959703042116,USD_PLN,H4,20,1.5,14,short,528
254,113,138,3,0.450199203187251,0.38864974218863074,0.5117486641858713,109,66,42,1,0.6111111111111112,0.5191684538858071,0.7030537683364152,USD_PLN,H4,20,2.0,14,short,363
154,57,96,1,0.37254901960784315,0.29593787173181973,0.44916016748386656,67,35,29,3,0.546875,0.424914518159121,0.668835481840879,USD_PLN,H4,20,2.5,14,short,221
350,148,201,1,0.42406876790830944,0.37221899992840085,0.47591853588821803,151,74,75,2,0.4966442953020134,0.41636137524466077,0.5769272153593661,USD_PLN,H4,50,1.0,14,long,501
319,143,176,0,0.4482758620689655,0.3937007797555966,0.5028509443823345,138,61,75,2,0.4485294117647059,0.3649415418812426,0.5321172816481692,USD_PLN,H4,50,1.5,14,long,457
314,140,174,0,0.445859872611465,0.39088044156701685,0.5008393036559131,135,54,78,3,0.4090909090909091,0.3252145914311413,0.49296722675067695,USD_PLN,H4,50,2.0,14,long,449
266,141,122,3,0.5361216730038023,0.47585018407420554,0.5963931619333991,115,42,68,5,0.38181818181818183,0.29102648240576945,0.4726098812305942,USD_PLN,H4,50,2.5,14,long,381
317,160,148,9,0.5194805194805194,0.46368223514366785,0.5752788038173711,137,59,77,1,0.4338235294117647,0.3505285016629882,0.5171185571605412,USD_PLN,H4,50,1.0,14,short,454
318,164,152,2,0.5189873417721519,0.46389779930951497,0.5740768842347888,137,75,62,0,0.5474452554744526,0.46409600532299716,0.6307945056259079,USD_PLN,H4,50,1.5,14,short,455
266,144,121,1,0.5433962264150943,0.48342247825385665,0.603369974576332,115,72,42,1,0.631578947368421,0.5430287185501712,0.7201291761866708,USD_PLN,H4,50,2.0,14,short,381
194,99,93,2,0.515625,0.4449341343501289,0.586315865649871,84,59,24,1,0.7108433734939759,0.6133061116594243,0.8083806353285274,USD_PLN,H4,50,2.5,14,short,278
249,115,134,0,0.46184738955823296,0.3999234796571934,0.5237712994592725,107,49,57,1,0.46226415094339623,0.3673496122494353,0.5571786896373572,USD_PLN,H4,100,1.0,14,long,356
232,113,118,1,0.48917748917748916,0.42471332933352446,0.5536416490214539,100,44,56,0,0.44,0.3427081586154317,0.5372918413845683,USD_PLN,H4,100,1.5,14,long,332
235,109,126,0,0.46382978723404256,0.4000691278810341,0.527590446587051,102,51,50,1,0.504950495049505,0.40744163013809787,0.602459359960912,USD_PLN,H4,100,2.0,14,long,337
239,115,124,0,0.4811715481171548,0.41782557929500963,0.5445175169393,103,50,53,0,0.4854368932038835,0.3889155912741364,0.5819581951336307,USD_PLN,H4,100,2.5,14,long,342
246,127,116,3,0.522633744855967,0.45983116042440375,0.5854363292875303,106,52,53,1,0.49523809523809526,0.39960422552115327,0.5908719649550372,USD_PLN,H4,100,1.0,14,short,352
251,125,120,6,0.5102040816326531,0.44760721791777697,0.5728009453475292,108,54,53,1,0.5046728971962616,0.4099368588470755,0.5994089355454478,USD_PLN,H4,100,1.5,14,short,359
224,107,111,6,0.4908256880733945,0.42446288691847445,0.5571884892283145,96,49,47,0,0.5104166666666666,0.4104175437683141,0.6104157895650192,USD_PLN,H4,100,2.0,14,short,320
214,116,92,6,0.5576923076923077,0.49019538434834165,0.6251892310362738,92,52,40,0,0.5652173913043478,0.4639181954464841,0.6665165871622114,USD_PLN,H4,100,2.5,14,short,306
194,100,92,2,0.5208333333333334,0.4501693456105928,0.5914973210560739,84,31,53,0,0.36904761904761907,0.2658532680681489,0.47224197002708923,USD_PLN,H4,200,1.0,14,long,278
171,93,78,0,0.543859649122807,0.46920606184979996,0.6185132363958141,74,24,50,0,0.32432432432432434,0.21766492960382533,0.43098371904482335,USD_PLN,H4,200,1.5,14,long,245
165,75,88,2,0.4601226993865031,0.383607690588909,0.5366377081840972,71,27,44,0,0.38028169014084506,0.2673601563111256,0.49320322397056454,USD_PLN,H4,200,2.0,14,long,236
168,64,104,0,0.38095238095238093,0.30751810698856624,0.4543866549161956,72,35,35,2,0.5,0.38286759628522943,0.6171324037147705,USD_PLN,H4,200,2.5,14,long,240
185,89,93,3,0.489010989010989,0.41638610245986596,0.561635875562112,80,46,34,0,0.575,0.4666723142497726,0.6833276857502273,USD_PLN,H4,200,1.0,14,short,265
169,76,91,2,0.4550898203592814,0.37956166865579327,0.5306179720627695,73,40,33,0,0.547945205479452,0.43377343210828667,0.6621169788506174,USD_PLN,H4,200,1.5,14,short,242
166,78,84,4,0.48148148148148145,0.40453823725196647,0.5584247257109964,72,37,34,1,0.5211267605633803,0.40492602723739457,0.6373274938893659,USD_PLN,H4,200,2.0,14,short,238
156,74,80,2,0.4805194805194805,0.40160879005315475,0.5594301709858063,67,34,32,1,0.5151515151515151,0.394577252231733,0.6357257780712973,USD_PLN,H4,200,2.5,14,short,223
543,248,282,13,0.4679245283018868,0.4254437307738959,0.5104053258298777,234,129,100,5,0.5633187772925764,0.4990799353732615,0.6275576192118912,USD_CZK,H4,20,1.0,14,long,777
401,198,195,8,0.5038167938931297,0.45438377354229575,0.5532498142439637,172,91,76,5,0.5449101796407185,0.4693820279372304,0.6204383313442067,USD_CZK,H4,20,1.5,14,long,573
279,141,130,8,0.5202952029520295,0.46081350360021817,0.5797769023038407,120,56,61,3,0.47863247863247865,0.388114215991799,0.5691507412731582,USD_CZK,H4,20,2.0,14,long,399
175,91,78,6,0.5384615384615384,0.4633002853912461,0.6136227915318307,76,35,38,3,0.4794520547945205,0.36484862856667355,0.5940554810223675,USD_CZK,H4,20,2.5,14,long,251
499,260,222,17,0.5394190871369294,0.4949202486420643,0.5839179256317946,215,95,117,3,0.4481132075471698,0.38116992354869755,0.5150564915456421,USD_CZK,H4,20,1.0,14,short,714
392,201,167,24,0.5461956521739131,0.49532812712363883,0.5970631772241873,169,84,81,4,0.509090909090909,0.4328106240015539,0.5853711941802642,USD_CZK,H4,20,1.5,14,short,561
283,138,128,17,0.518796992481203,0.45875181339805776,0.5788421715643483,122,68,50,4,0.576271186440678,0.48711068158764237,0.6654316912937136,USD_CZK,H4,20,2.0,14,short,405
171,76,89,6,0.46060606060606063,0.38455032791762156,0.5366617932944997,74,47,27,0,0.6351351351351351,0.5254521396213981,0.744818130648872,USD_CZK,H4,20,2.5,14,short,245
375,164,203,8,0.44686648501362397,0.3960005633655543,0.49773240666169366,162,78,77,7,0.5032258064516129,0.42451195043588696,0.5819396624673387,USD_CZK,H4,50,1.0,14,long,537
364,172,184,8,0.48314606741573035,0.4312356872608699,0.5350564475705908,156,83,70,3,0.5424836601307189,0.4635418662127144,0.6214254540487234,USD_CZK,H4,50,1.5,14,long,520
311,159,147,5,0.5196078431372549,0.46362806651334604,0.5755876197611639,134,54,77,3,0.4122137404580153,0.3279207676977004,0.4965067132183302,USD_CZK,H4,50,2.0,14,long,445
254,126,124,4,0.504,0.4420213412729833,0.5659786587270167,110,38,69,3,0.35514018691588783,0.26446326934382247,0.4458171044879532,USD_CZK,H4,50,2.5,14,long,364
329,177,139,13,0.560126582278481,0.505397334288656,0.614855830268306,141,56,84,1,0.4,0.3188482902213392,0.48115170977866084,USD_CZK,H4,50,1.0,14,short,470
314,159,139,16,0.5335570469798657,0.4769151698563157,0.5901989241034157,135,65,69,1,0.48507462686567165,0.4004532480347728,0.5696960056965705,USD_CZK,H4,50,1.5,14,short,449
280,135,134,11,0.5018587360594795,0.4421074943695876,0.5616099777493714,121,66,53,2,0.5546218487394958,0.4653230674561364,0.6439206300228553,USD_CZK,H4,50,2.0,14,short,401
233,115,107,11,0.5180180180180181,0.4522874449450156,0.5837485910910205,101,61,40,0,0.6039603960396039,0.5085778471432761,0.6993429449359317,USD_CZK,H4,50,2.5,14,short,334
248,131,115,2,0.532520325203252,0.4701701068542811,0.5948705435522229,107,57,48,2,0.5428571428571428,0.4475709074048664,0.6381433783094193,USD_CZK,H4,100,1.0,14,long,355
240,111,129,0,0.4625,0.3994194380837752,0.5255805619162248,104,46,51,7,0.4742268041237113,0.3748551603481779,0.5735984478992447,USD_CZK,H4,100,1.5,14,long,344
228,97,129,2,0.42920353982300885,0.3646716869593656,0.4937353926866521,99,46,47,6,0.4946236559139785,0.3930082647410006,0.5962390470869564,USD_CZK,H4,100,2.0,14,long,327
215,93,118,4,0.44075829383886256,0.3737675397750985,0.5077490479026266,93,53,36,4,0.5955056179775281,0.4935384760286696,0.6974727599263866,USD_CZK,H4,100,2.5,14,long,308
266,125,122,19,0.5060728744939271,0.4437215672392536,0.5684241817486007,115,61,54,0,0.5304347826086957,0.43921876484353384,0.6216508003738576,USD_CZK,H4,100,1.0,14,short,381
253,120,119,14,0.502092050209205,0.4387016748139074,0.5654824256045026,109,51,57,1,0.4722222222222222,0.3780673162472351,0.5663771281972093,USD_CZK,H4,100,1.5,14,short,362
239,117,106,16,0.5246636771300448,0.4591179115704924,0.5902094426895972,103,48,55,0,0.46601941747572817,0.3696804033421608,0.5623584316092956,USD_CZK,H4,100,2.0,14,short,342
227,126,93,8,0.5753424657534246,0.5098763391648953,0.640808592341954,98,50,48,0,0.5102040816326531,0.4112297497715744,0.6091784134937318,USD_CZK,H4,100,2.5,14,short,325
192,101,87,4,0.5372340425531915,0.46595865118616503,0.608509433920218,83,33,49,1,0.4024390243902439,0.29629628236410466,0.5085817664163832,USD_CZK,H4,200,1.0,14,long,275
183,102,76,5,0.5730337078651685,0.5003674241907375,0.6456999915395994,79,34,44,1,0.4358974358974359,0.3258499908452623,0.5459448809496095,USD_CZK,H4,200,1.5,14,long,262
189,113,73,3,0.6075268817204301,0.5373510922937532,0.677702671147107,81,40,40,1,0.5,0.3904326691025103,0.6095673308974897,USD_CZK,H4,200,2.0,14,long,270
168,87,77,4,0.5304878048780488,0.4541050552291356,0.606870554526962,72,41,29,2,0.5857142857142857,0.470315845516855,0.7011127259117165,USD_CZK,H4,200,2.5,14,long,240
173,86,82,5,0.5119047619047619,0.4363175544823023,0.5874919693272215,75,34,41,0,0.4533333333333333,0.3406666361604249,0.5660000305062417,USD_CZK,H4,200,1.0,14,short,248
166,77,86,3,0.4723926380368098,0.3957502103186487,0.549035065754971,72,35,37,0,0.4861111111111111,0.37066157002778255,0.6015606521944397,USD_CZK,H4,200,1.5,14,short,238
159,71,78,10,0.47651006711409394,0.39631398636831816,0.5567061478598697,69,36,33,0,0.5217391304347826,0.4038725576848761,0.639605703184689,USD_CZK,H4,200,2.0,14,short,228
157,76,73,8,0.5100671140939598,0.4297986607310317,0.5903355674568879,68,35,33,0,0.5147058823529411,0.3959148396528774,0.6334969250530049,USD_CZK,H4,200,2.5,14,short,225
487,235,251,1,0.4835390946502058,0.43910948891743395,0.5279687003829776,209,113,96,0,0.5406698564593302,0.4731064589552805,0.6082332539633799,USD_HUF,H4,20,1.0,14,long,696
389,193,191,5,0.5026041666666666,0.4525944293991167,0.5526139039342166,167,86,80,1,0.5180722891566265,0.44205923922645507,0.594085339086798,USD_HUF,H4,20,1.5,14,long,556
275,135,137,3,0.4963235294117647,0.4369039076260281,0.5557431511975013,119,55,64,0,0.46218487394957986,0.372605719036668,0.5517640288624917,USD_HUF,H4,20,2.0,14,long,394
179,81,94,4,0.46285714285714286,0.38898079210807024,0.5367334936062155,77,36,41,0,0.4675324675324675,0.35608680706664153,0.5789781279982935,USD_HUF,H4,20,2.5,14,long,256
500,258,235,7,0.5233265720081136,0.4792376503779696,0.5674154936382576,215,109,106,0,0.5069767441860465,0.4401478056598458,0.5738056827122473,USD_HUF,H4,20,1.0,14,short,715
399,186,212,1,0.46733668341708545,0.4183186520016118,0.5163547148325591,172,92,80,0,0.5348837209302325,0.46034150342059843,0.6094259384398666,USD_HUF,H4,20,1.5,14,short,571
275,138,135,2,0.5054945054945055,0.44618578862908914,0.5648032223599219,118,66,52,0,0.559322033898305,0.4697429328245406,0.6489011349720695,USD_HUF,H4,20,2.0,14,short,393
190,80,108,2,0.425531914893617,0.3548552303137815,0.4962085994734525,82,42,40,0,0.5121951219512195,0.4040044212209989,0.6203858226814402,USD_HUF,H4,20,2.5,14,short,272
357,160,196,1,0.449438202247191,0.39776455675464745,0.5011118477397346,154,86,68,0,0.5584415584415584,0.4800121982634886,0.6368709186196282,USD_HUF,H4,50,1.0,14,long,511
332,162,165,5,0.4954128440366973,0.44122100095646466,0.5496046871169299,143,73,70,0,0.5104895104895105,0.4285558297605857,0.5924231912184353,USD_HUF,H4,50,1.5,14,long,475
299,161,136,2,0.5420875420875421,0.485423990811979,0.5987510933631052,129,58,71,0,0.4496124031007752,0.3637674679182973,0.5354573382832531,USD_HUF,H4,50,2.0,14,long,428
266,134,130,2,0.5075757575757576,0.4472678505831862,0.567883664568329,114,53,61,0,0.4649122807017544,0.37335315295207283,0.556471408451436,USD_HUF,H4,50,2.5,14,long,380
350,188,159,3,0.5417867435158501,0.4893616340501664,0.5942118529815338,150,82,68,0,0.5466666666666666,0.4669992810818119,0.6263340522515214,USD_HUF,H4,50,1.0,14,short,500
301,156,143,2,0.5217391304347826,0.46511786036545605,0.5783604005041091,129,67,62,0,0.5193798449612403,0.43316049345553953,0.6055991964669412,USD_HUF,H4,50,1.5,14,short,430
252,123,129,0,0.4880952380952381,0.426378541672925,0.5498119345175512,109,51,58,0,0.46788990825688076,0.3742166968855733,0.5615631196281882,USD_HUF,H4,50,2.0,14,short,361
241,105,136,0,0.43568464730290457,0.3730817243261504,0.49828757027965875,104,49,55,0,0.47115384615384615,0.37521699781645207,0.5670906944912402,USD_HUF,H4,50,2.5,14,short,345
249,124,121,4,0.5061224489795918,0.4435172395725627,0.5687276583866209,108,66,42,0,0.6111111111111112,0.5191684538858071,0.7030537683364152,USD_HUF,H4,100,1.0,14,long,357
231,127,102,2,0.5545851528384279,0.4902119979423506,0.6189583077345052,100,47,53,0,0.47,0.37217655904641256,0.5678234409535874,USD_HUF,H4,100,1.5,14,long,331
235,134,99,2,0.575107296137339,0.5116338341606091,0.6385807581140689,101,45,56,0,0.44554455445544555,0.348610968104054,0.5424781408068371,USD_HUF,H4,100,2.0,14,long,336
217,119,98,0,0.5483870967741935,0.4821726142804038,0.6146015792679832,93,39,53,1,0.42391304347826086,0.3229309037842003,0.5248951831723214,USD_HUF,H4,100,2.5,14,long,310
228,116,110,2,0.5132743362831859,0.44810868353626276,0.578439989030109,99,57,42,0,0.5757575757575758,0.4784009860821117,0.6731141654330399,USD_HUF,H4,100,1.0,14,short,327
233,125,106,2,0.5411255411255411,0.47686475403459483,0.6053863282164874,101,60,41,0,0.594059405940594,0.49828674274171486,0.6898320691394733,USD_HUF,H4,100,1.5,14,short,334
205,108,97,0,0.526829268292683,0.4584817067611441,0.5951768298242218,89,51,38,0,0.5730337078651685,0.4702680639655376,0.6757993517647993,USD_HUF,H4,100,2.0,14,short,294
210,96,113,1,0.45933014354066987,0.39176674603662015,0.5268935410447195,90,56,34,0,0.6222222222222222,0.5220549656625355,0.722389478781909,USD_HUF,H4,100,2.5,14,short,300
179,92,87,0,0.5139664804469274,0.4407464230700177,0.5871865378238371,77,27,50,0,0.35064935064935066,0.24406661382188943,0.4572320874768119,USD_HUF,H4,200,1.0,14,long,256
164,81,83,0,0.49390243902439024,0.4173829863584588,0.5704218916903216,71,23,48,0,0.323943661971831,0.2150874832091717,0.4327998407344903,USD_HUF,H4,200,1.5,14,long,235
181,88,93,0,0.4861878453038674,0.41337281754627353,0.5590028730614612,78,30,47,1,0.38961038961038963,0.2806848951848984,0.49853588403588084,USD_HUF,H4,200,2.0,14,long,259
162,74,88,0,0.4567901234567901,0.3800821082834932,0.533498138630087,70,32,36,2,0.47058823529411764,0.35195156698377034,0.5892249036044649,USD_HUF,H4,200,2.5,14,long,232
168,83,84,1,0.49700598802395207,0.4211726708282165,0.5728393052196876,72,37,35,0,0.5138888888888888,0.3984393478055603,0.6293384299722173,USD_HUF,H4,200,1.0,14,short,240
170,86,83,1,0.5088757396449705,0.43350300260836877,0.5842484766815721,74,32,42,0,0.43243243243243246,0.3195547390647861,0.5453101258000788,USD_HUF,H4,200,1.5,14,short,244
176,95,81,0,0.5397727272727273,0.46613652505182984,0.6134089294936247,76,36,40,0,0.47368421052631576,0.3614263065619245,0.5859421144907071,USD_HUF,H4,200,2.0,14,short,252
175,91,84,0,0.52,0.4459782518444748,0.5940217481555252,76,37,39,0,0.4868421052631579,0.3744673268225888,0.5992168837037269,USD_HUF,H4,200,2.5,14,short,251
487,217,171,99,0.5592783505154639,0.5098772748870575,0.6086794261438704,210,80,88,42,0.47619047619047616,0.4006676074439587,0.5517133449369936,EUR_HUF,H4,20,1.0,14,long,697
339,135,138,66,0.4945054945054945,0.4351967776400782,0.5538142113709109,146,69,46,31,0.6,0.5104608902550788,0.6895391097449212,EUR_HUF,H4,20,1.5,14,long,485
217,93,71,53,0.5670731707317073,0.4912396974203267,0.6429066440430878,93,52,20,21,0.7222222222222222,0.6187618595743375,0.8256825848701069,EUR_HUF,H4,20,2.0,14,long,310
112,51,37,24,0.5795454545454546,0.4764076189601266,0.6826832901307825,48,29,11,8,0.725,0.5866237917848591,0.8633762082151408,EUR_HUF,H4,20,2.5,14,long,160
455,179,188,88,0.4877384196185286,0.43659822044752866,0.5388786187895285,196,97,78,21,0.5542857142857143,0.4806425964809934,0.6279288320904352,EUR_HUF,H4,20,1.0,14,short,651
367,125,167,75,0.4280821917808219,0.3713283799073878,0.484836003654256,158,75,68,15,0.5244755244755245,0.4426220529491144,0.6063289960019346,EUR_HUF,H4,20,1.5,14,short,525
259,84,123,52,0.4057971014492754,0.33890224102495914,0.47269196187359164,112,52,50,10,0.5098039215686274,0.4127881174487346,0.6068197256885202,EUR_HUF,H4,20,2.0,14,short,371
151,46,68,37,0.40350877192982454,0.3134487254955975,0.4935688183640516,66,30,30,6,0.5,0.373482544023891,0.626517455976109,EUR_HUF,H4,20,2.5,14,short,217
341,136,140,65,0.4927536231884058,0.43377075053091074,0.5517364958459009,147,56,55,36,0.5045045045045045,0.41149079575117253,0.5975182132578364,EUR_HUF,H4,50,1.0,14,long,488
321,126,123,72,0.5060240963855421,0.4439236275442963,0.5681245652267879,138,60,49,29,0.5504587155963303,0.4570709489050361,0.6438464822876245,EUR_HUF,H4,50,1.5,14,long,459
292,115,100,77,0.5348837209302325,0.46821113471218573,0.6015563071482792,126,54,49,23,0.5242718446601942,0.4278234165059773,0.620720272814411,EUR_HUF,H4,50,2.0,14,long,418
250,117,80,53,0.5939086294416244,0.5253290754283529,0.6624881834548958,108,43,35,30,0.5512820512820513,0.4409040775344665,0.6616600250296362,EUR_HUF,H4,50,2.5,14,long,358
326,127,153,46,0.45357142857142857,0.39525826539191994,0.5118845917509371,141,70,55,16,0.56,0.4729795316031913,0.6470204683968088,EUR_HUF,H4,50,1.0,14,short,467
289,111,132,46,0.4567901234567901,0.39415829133804103,0.5194219555755392,125,64,53,8,0.5470085470085471,0.4568088246964643,0.6372082693206298,EUR_HUF,H4,50,1.5,14,short,414
263,100,114,49,0.4672897196261682,0.4004418091015598,0.5341376301507766,113,55,49,9,0.5288461538461539,0.4329093055087598,0.6247830021835479,EUR_HUF,H4,50,2.0,14,short,376
226,77,90,59,0.46107784431137727,0.38547328575809886,0.5366824028646556,98,43,49,6,0.4673913043478261,0.365436757629941,0.5693458510657112,EUR_HUF,H4,50,2.5,14,short,324
228,80,98,50,0.449438202247191,0.3763606319743765,0.5225157725200055,98,26,44,28,0.37142857142857144,0.2582349320312979,0.484622210825845,EUR_HUF,H4,100,1.0,14,long,326
244,101,95,48,0.5153061224489796,0.4453389289704263,0.5852733159275328,106,43,40,23,0.5180722891566265,0.4105736030280348,0.6255709752852182,EUR_HUF,H4,100,1.5,14,long,350
232,92,84,56,0.5227272727272727,0.4489333450361195,0.5965212004184259,100,38,35,27,0.5205479452054794,0.40594451897763245,0.6351513714333263,EUR_HUF,H4,100,2.0,14,long,332
206,100,69,37,0.591715976331361,0.5176104562070122,0.6658214964557098,89,29,41,19,0.4142857142857143,0.2988872740882836,0.5296841544831451,EUR_HUF,H4,100,2.5,14,long,295
230,78,115,37,0.40414507772020725,0.334911571013949,0.47337858442646547,100,45,49,6,0.4787234042553192,0.37773567946151887,0.5797111290491195,EUR_HUF,H4,100,1.0,14,short,330
220,73,113,34,0.3924731182795699,0.322297328852893,0.4626489077062468,95,45,45,5,0.5,0.39669892976783294,0.6033010702321671,EUR_HUF,H4,100,1.5,14,short,315
238,80,113,45,0.41450777202072536,0.3450046484127566,0.48401089562869415,103,42,53,8,0.4421052631578947,0.3422356785676487,0.5419748477481408,EUR_HUF,H4,100,2.0,14,short,341
230,85,106,39,0.44502617801047123,0.3745457689554948,0.5155065870654476,100,44,46,10,0.4888888888888889,0.3856133282435368,0.592164449534241,EUR_HUF,H4,100,2.5,14,short,330
175,67,71,37,0.4855072463768116,0.4021191581035034,0.5688953346501198,76,31,32,13,0.49206349206349204,0.36861065262053105,0.615516331506453,EUR_HUF,H4,200,1.0,14,long,251
188,72,63,53,0.5333333333333333,0.44917600467398133,0.6174906619926853,81,32,31,18,0.5079365079365079,0.384483668493547,0.6313893473794688,EUR_HUF,H4,200,1.5,14,long,269
174,74,56,44,0.5692307692307692,0.48410698616556574,0.6543545522959726,75,27,35,13,0.43548387096774194,0.3120641837739932,0.5589035581614907,EUR_HUF,H4,200,2.0,14,long,249
156,73,51,32,0.5887096774193549,0.5020992739534893,0.6753200808852204,67,24,26,17,0.48,0.34151798961597934,0.6184820103840206,EUR_HUF,H4,200,2.5,14,long,223
176,66,78,32,0.4583333333333333,0.3769507254983377,0.539715941168329,76,33,35,8,0.4852941176470588,0.3665030749469951,0.6040851603471226,EUR_HUF,H4,200,1.0,14,short,252
168,70,72,26,0.49295774647887325,0.4107261308595551,0.5751893620981914,72,30,34,8,0.46875,0.34648949192017275,0.5910105080798272,EUR_HUF,H4,200,1.5,14,short,240
163,64,82,17,0.4383561643835616,0.3578695423275924,0.5188427864395309,71,28,32,11,0.4666666666666667,0.3404306736776387,0.5929026596556947,EUR_HUF,H4,200,2.0,14,short,234
150,55,77,18,0.4166666666666667,0.3325616537444086,0.5007716795889248,65,35,29,1,0.546875,0.424914518159121,0.668835481840879,EUR_HUF,H4,200,2.5,14,short,215
492,199,184,109,0.5195822454308094,0.4695450038587362,0.5696194870028827,211,58,64,89,0.47540983606557374,0.3867921697267752,0.5640275024043723,EUR_PLN,H4,20,1.0,14,long,703
318,121,124,73,0.49387755102040815,0.4312723416133791,0.5564827604274372,137,33,37,67,0.4714285714285714,0.35448756065818343,0.5883695821989594,EUR_PLN,H4,20,1.5,14,long,455
180,71,66,43,0.5182481751824818,0.43457690483559797,0.6019194455293656,78,20,16,42,0.5555555555555556,0.39323358385557083,0.7178775272555403,EUR_PLN,H4,20,2.0,14,long,258
91,46,20,25,0.696969696969697,0.5860945823718186,0.8078448115675755,40,13,11,16,0.5416666666666666,0.34232080353389893,0.7410125297994343,EUR_PLN,H4,20,2.5,14,long,131
466,164,191,111,0.4619718309859155,0.4101094860396292,0.5138341759322018,200,67,40,93,0.6261682242990654,0.5344938822182234,0.7178425663799074,EUR_PLN,H4,20,1.0,14,short,666
306,115,134,57,0.46184738955823296,0.3999234796571934,0.5237712994592725,132,42,27,63,0.6086956521739131,0.4935390180524639,0.7238522862953622,EUR_PLN,H4,20,1.5,14,short,438
182,73,88,21,0.453416149068323,0.376517267489978,0.530315030646668,78,31,18,29,0.6326530612244898,0.4976700690985731,0.7676360533504065,EUR_PLN,H4,20,2.0,14,short,260
102,44,49,9,0.4731182795698925,0.37164398829071976,0.5745925708490652,45,16,12,17,0.5714285714285714,0.3881255436303378,0.754731599226805,EUR_PLN,H4,20,2.5,14,short,147
379,150,139,90,0.5190311418685121,0.46142585590624957,0.5766364278307745,163,37,43,83,0.4625,0.3532412617911044,0.5717587382088957,EUR_PLN,H4,50,1.0,14,long,542
333,126,131,76,0.490272373540856,0.42915322340244866,0.5513915236792634,144,33,41,70,0.44594594594594594,0.3326909444730906,0.5592009474188013,EUR_PLN,H4,50,1.5,14,long,477
270,109,106,55,0.5069767441860465,0.4401478056598458,0.5738056827122473,116,36,30,50,0.5454545454545454,0.4253243881429132,0.6655847027661776,EUR_PLN,H4,50,2.0,14,long,386
196,82,68,46,0.5466666666666666,0.4669992810818119,0.6263340522515214,85,22,25,38,0.46808510638297873,0.3254289136532616,0.6107412991126959,EUR_PLN,H4,50,2.5,14,long,281
336,128,129,79,0.4980544747081712,0.4369242170457942,0.5591847323705482,144,36,35,73,0.5070422535211268,0.39074918745643583,0.6233353195858177,EUR_PLN,H4,50,1.0,14,short,480
266,94,105,67,0.4723618090452261,0.40299766473915016,0.541725953351302,114,36,21,57,0.631578947368421,0.5063500128224112,0.7568078819144308,EUR_PLN,H4,50,1.5,14,short,380
198,67,93,38,0.41875,0.3423039635796924,0.49519603642030763,85,31,17,37,0.6458333333333334,0.5105327955206277,0.781133871146039,EUR_PLN,H4,50,2.0,14,short,283
179,65,85,29,0.43333333333333335,0.3540311172137224,0.5126355494529443,78,28,25,25,0.5283018867924528,0.3939043568631324,0.6626994167217732,EUR_PLN,H4,50,2.5,14,short,257
297,107,103,87,0.5095238095238095,0.4419096536533553,0.5771379653942637,128,30,23,75,0.5660377358490566,0.43260364149500163,0.6994718302031115,EUR_PLN,H4,100,1.0,14,long,425
268,114,97,57,0.5402843601895735,0.47303770599710704,0.6075310143820399,115,22,27,66,0.4489795918367347,0.30971036204297536,0.588248821630494,EUR_PLN,H4,100,1.5,14,long,383
254,105,97,52,0.5198019801980198,0.4509035171722019,0.5887004432238377,109,19,27,63,0.41304347826086957,0.2707522899183108,0.5553346666034283,EUR_PLN,H4,100,2.0,14,long,363
229,93,78,58,0.543859649122807,0.46920606184979996,0.6185132363958141,99,22,27,50,0.4489795918367347,0.30971036204297536,0.588248821630494,EUR_PLN,H4,100,2.5,14,long,328
252,96,99,57,0.49230769230769234,0.42213674038091265,0.562478644234472,109,20,32,57,0.38461538461538464,0.2523820217044787,0.5168487475262906,EUR_PLN,H4,100,1.0,14,short,361
261,100,108,53,0.4807692307692308,0.4128687347807275,0.5486697267577341,112,30,31,51,0.4918032786885246,0.3663439980277261,0.6172625593493231,EUR_PLN,H4,100,1.5,14,short,373
206,77,87,42,0.4695121951219512,0.39312944547303796,0.5458949447708644,89,27,21,41,0.5625,0.4221586193419774,0.7028413806580226,EUR_PLN,H4,100,2.0,14,short,295
189,65,90,34,0.41935483870967744,0.3416699662361284,0.4970397111832265,81,30,23,28,0.5660377358490566,0.43260364149500163,0.6994718302031115,EUR_PLN,H4,100,2.5,14,short,270
224,89,71,64,0.55625,0.4792660350503107,0.6332339649496894,96,12,15,69,0.4444444444444444,0.25701117633169046,0.6318777125571984,EUR_PLN,H4,200,1.0,14,long,320
214,74,70,70,0.5138888888888888,0.4322537355039923,0.5955240422737854,92,20,8,64,0.7142857142857143,0.5469537089788992,0.8816177195925294,EUR_PLN,H4,200,1.5,14,long,306
203,68,66,69,0.5074626865671642,0.4228130110028776,0.5921123621314508,87,26,9,52,0.7428571428571429,0.5980593528187587,0.8876549328955271,EUR_PLN,H4,200,2.0,14,long,290
191,65,56,70,0.5371900826446281,0.4483459590297918,0.6260342062594644,83,24,6,53,0.8,0.6568618383053166,0.9431381616946835,EUR_PLN,H4,200,2.5,14,long,274
195,61,80,54,0.4326241134751773,0.350845957499797,0.5144022694505577,84,13,25,46,0.34210526315789475,0.19126323715045004,0.4929472891653395,EUR_PLN,H4,200,1.0,14,short,279
181,66,72,43,0.4782608695652174,0.394916616698541,0.5616051224318938,78,19,27,32,0.41304347826086957,0.2707522899183108,0.5553346666034283,EUR_PLN,H4,200,1.5,14,short,259
184,74,76,34,0.49333333333333335,0.4133237813109978,0.5733428853556689,80,25,24,31,0.5102040816326531,0.3702332391879001,0.6501749240774061,EUR_PLN,H4,200,2.0,14,short,264
162,69,62,31,0.5267175572519084,0.4412168872455223,0.6122182272582944,70,26,18,26,0.5909090909090909,0.4456310471705863,0.7361871346475956,EUR_PLN,H4,200,2.5,14,short,232
484,218,165,101,0.5691906005221932,0.5195967156730454,0.6187844853713409,208,74,92,42,0.4457831325301205,0.3701688713898895,0.5213973936703514,EUR_SEK,H4,20,1.0,14,long,692
342,171,118,53,0.5916955017301038,0.535026134143456,0.6483648693167515,147,57,62,28,0.4789915966386555,0.3892344781376933,0.5687487151396177,EUR_SEK,H4,20,1.5,14,long,489
205,94,63,48,0.5987261146496815,0.5220534080771478,0.6753988212222152,89,40,40,9,0.5,0.3904326691025103,0.6095673308974897,EUR_SEK,H4,20,2.0,14,long,294
105,44,30,31,0.5945945945945946,0.4827292776712625,0.7064599115179268,46,16,23,7,0.41025641025641024,0.2558792420856332,0.5646335784271873,EUR_SEK,H4,20,2.5,14,long,151
508,193,227,88,0.4595238095238095,0.4118616496747061,0.5071859693729128,218,98,99,21,0.49746192893401014,0.42764071951243826,0.567283138355582,EUR_SEK,H4,20,1.0,14,short,726
375,147,167,61,0.4681528662420382,0.41296056501894807,0.5233451674651284,162,62,82,18,0.4305555555555556,0.34968040462696126,0.5114307064841499,EUR_SEK,H4,20,1.5,14,short,537
255,104,117,34,0.47058823529411764,0.40478045210286057,0.5363960184853747,110,46,52,12,0.46938775510204084,0.3705785181546661,0.5681969920494155,EUR_SEK,H4,20,2.0,14,short,365
135,54,61,20,0.46956521739130436,0.37834919962614244,0.5607812351564663,58,20,32,6,0.38461538461538464,0.2523820217044787,0.5168487475262906,EUR_SEK,H4,20,2.5,14,short,193
379,174,133,72,0.5667752442996743,0.5113447243011885,0.6222057642981601,163,47,67,49,0.41228070175438597,0.32191884948339383,0.502642554025378,EUR_SEK,H4,50,1.0,14,long,542
328,149,112,67,0.5708812260536399,0.5108333769259639,0.6309290751813159,141,46,56,39,0.45098039215686275,0.354413391387967,0.5475473929257585,EUR_SEK,H4,50,1.5,14,long,469
269,124,81,64,0.6048780487804878,0.5379545509454966,0.671801546615479,116,48,46,22,0.5106382978723404,0.40958189729719674,0.611694698447484,EUR_SEK,H4,50,2.0,14,long,385
215,97,65,53,0.5987654320987654,0.5232864395179303,0.6742444246796006,93,38,43,12,0.4691358024691358,0.3604545664045016,0.57781703853377,EUR_SEK,H4,50,2.5,14,long,308
354,130,175,49,0.4262295081967213,0.3707289932236736,0.481730023169769,153,67,66,20,0.5037593984962406,0.4187850234834996,0.5887337735089817,EUR_SEK,H4,50,1.0,14,short,507
317,116,139,62,0.4549019607843137,0.3937821226453113,0.5160217989233161,137,43,75,19,0.3644067796610169,0.27757115757789164,0.4512424017441422,EUR_SEK,H4,50,1.5,14,short,454
284,109,124,51,0.4678111587982833,0.4037424042978681,0.5318799132986984,122,42,71,9,0.37168141592920356,0.28257843661225435,0.4607843952461528,EUR_SEK,H4,50,2.0,14,short,406
211,84,92,35,0.4772727272727273,0.40347879958157407,0.5510666549638805,91,34,52,5,0.3953488372093023,0.29201334205471435,0.49868433236389026,EUR_SEK,H4,50,2.5,14,short,302
259,115,94,50,0.5502392344497608,0.4827942763551924,0.617684192544329,112,31,41,40,0.4305555555555556,0.3161808202533665,0.5449302908577447,EUR_SEK,H4,100,1.0,14,long,371
251,105,87,59,0.546875,0.47646108297867207,0.6172889170213279,108,30,47,31,0.38961038961038963,0.2806848951848984,0.49853588403588084,EUR_SEK,H4,100,1.5,14,long,359
228,95,76,57,0.5555555555555556,0.48107712703381844,0.6300339840772927,98,27,42,29,0.391304347826087,0.2761477137046378,0.5064609819475362,EUR_SEK,H4,100,2.0,14,long,326
200,82,69,49,0.543046357615894,0.46359119479111177,0.6225015204406763,86,33,35,18,0.4852941176470588,0.3665030749469951,0.6040851603471226,EUR_SEK,H4,100,2.5,14,long,286
272,90,138,44,0.39473684210526316,0.3312893297802225,0.4581843544303038,117,42,53,22,0.4421052631578947,0.3422356785676487,0.5419748477481408,EUR_SEK,H4,100,1.0,14,short,389
268,90,131,47,0.4072398190045249,0.34246226226762194,0.4720173757414278,116,40,59,17,0.40404040404040403,0.30737762409598834,0.5007031839848197,EUR_SEK,H4,100,1.5,14,short,384
259,82,135,42,0.3778801843317972,0.31336821776472185,0.44239215089887257,111,32,69,10,0.31683168316831684,0.2260969544261661,0.4075664119104676,EUR_SEK,H4,100,2.0,14,short,370
212,69,111,32,0.38333333333333336,0.3123047179904248,0.4543619486762419,91,24,61,6,0.2823529411764706,0.1866559636897089,0.37804991866323223,EUR_SEK,H4,100,2.5,14,short,303
195,74,76,45,0.49333333333333335,0.4133237813109978,0.5733428853556689,84,20,38,26,0.3448275862068966,0.222500994030245,0.4671541783835481,EUR_SEK,H4,200,1.0,14,long,279
195,80,72,43,0.5263157894736842,0.4469374643386749,0.6056941146086935,84,25,34,25,0.423728813559322,0.29763681836812683,0.5498208087505172,EUR_SEK,H4,200,1.5,14,long,279
172,54,65,53,0.453781512605042,0.36432969131003373,0.5432333339000504,75,31,22,22,0.5849056603773585,0.45224735221660195,0.717563968538115,EUR_SEK,H4,200,2.0,14,long,247
151,43,54,54,0.44329896907216493,0.3444369268289119,0.5421610113154179,66,29,16,21,0.6444444444444445,0.504583553336694,0.784305335552195,EUR_SEK,H4,200,2.5,14,long,217
181,69,87,25,0.4423076923076923,0.3643689585834716,0.520246426031913,78,38,33,7,0.5352112676056338,0.41919542020952416,0.6512271150017434,EUR_SEK,H4,200,1.0,14,short,259
163,58,77,28,0.42962962962962964,0.34612418784831567,0.5131350714109436,71,34,34,3,0.5,0.38115754373219685,0.6188424562678032,EUR_SEK,H4,200,1.5,14,short,234
165,47,87,31,0.35074626865671643,0.2699470001395652,0.4315455371738677,71,27,38,6,0.4153846153846154,0.295583815769046,0.5351854150001848,EUR_SEK,H4,200,2.0,14,short,236
162,37,96,29,0.2781954887218045,0.20203756622670554,0.35435341121690345,70,21,44,5,0.3230769230769231,0.20938698707744746,0.43676685907639873,EUR_SEK,H4,200,2.5,14,short,232
544,268,268,8,0.5,0.45767044714651334,0.5423295528534866,234,120,94,20,0.5607476635514018,0.49425251491145894,0.6272428121913447,NZD_CAD,H4,20,1.0,14,long,778
417,194,216,7,0.47317073170731705,0.4248417074708011,0.521499755943833,179,87,71,21,0.5506329113924051,0.4730690821484564,0.6281967406363538,NZD_CAD,H4,20,1.5,14,long,596
287,133,151,3,0.46830985915492956,0.4102744760831721,0.5263452422266871,124,66,49,9,0.5739130434782609,0.4835315905389344,0.6642944964175874,NZD_CAD,H4,20,2.0,14,long,411
158,74,83,1,0.4713375796178344,0.39325367922159343,0.5494214800140754,68,35,29,4,0.546875,0.424914518159121,0.668835481840879,NZD_CAD,H4,20,2.5,14,long,226
508,244,254,10,0.4899598393574297,0.44605384384279084,0.5338658348720686,219,115,96,8,0.5450236966824644,0.47783179618684346,0.6122155971780854,NZD_CAD,H4,20,1.0,14,short,727
413,198,201,14,0.49624060150375937,0.4471806232159331,0.5453005797915856,178,98,76,4,0.5632183908045977,0.4895210134692789,0.6369157681399165,NZD_CAD,H4,20,1.5,14,short,591
257,135,117,5,0.5357142857142857,0.4741377750412485,0.597290796387323,111,56,53,2,0.5137614678899083,0.4199300513537413,0.6075928844260753,NZD_CAD,H4,20,2.0,14,short,368
147,67,79,1,0.4589041095890411,0.3780731499820894,0.5397350691959928,64,30,28,6,0.5172413793103449,0.3886376022059932,0.6458451564146965,NZD_CAD,H4,20,2.5,14,short,211
386,191,191,4,0.5,0.44985883801052823,0.5501411619894718,166,80,75,11,0.5161290322580645,0.4374545036772271,0.594803560838902,NZD_CAD,H4,50,1.0,14,long,552
368,175,187,6,0.48342541436464087,0.4319460657293909,0.5349047629998909,159,72,69,18,0.5106382978723404,0.42812609232187293,0.5931505034228078,NZD_CAD,H4,50,1.5,14,long,527
325,142,177,6,0.445141065830721,0.39060285931000527,0.4996792723514367,140,68,61,11,0.5271317829457365,0.44097472116629227,0.6132888447251807,NZD_CAD,H4,50,2.0,14,long,465
269,131,131,7,0.5,0.4394553978049089,0.5605446021950912,116,51,55,10,0.4811320754716981,0.38601385727591936,0.5762502936674769,NZD_CAD,H4,50,2.5,14,long,385
365,164,197,4,0.45429362880886426,0.40293063784281674,0.5056566197749117,157,81,71,5,0.5328947368421053,0.4535784502668939,0.6122110234173167,NZD_CAD,H4,50,1.0,14,short,522
331,158,168,5,0.48466257668711654,0.43041093863956637,0.5389142147346667,142,64,74,4,0.463768115942029,0.3805642915708358,0.5469719403132222,NZD_CAD,H4,50,1.5,14,short,473
282,137,139,6,0.4963768115942029,0.437389292359807,0.5553643308285987,121,55,64,2,0.46218487394957986,0.372605719036668,0.5517640288624917,NZD_CAD,H4,50,2.0,14,short,403
261,129,123,9,0.5119047619047619,0.4501880654824488,0.5736214583270749,112,53,56,3,0.48623853211009177,0.39240711557392477,0.5800699486462587,NZD_CAD,H4,50,2.5,14,short,373
291,130,156,5,0.45454545454545453,0.39683679362557545,0.5122541154653336,126,51,71,4,0.4180327868852459,0.3305080955707801,0.5055574781997118,NZD_CAD,H4,100,1.0,14,long,417
287,128,151,8,0.45878136200716846,0.40030999802226536,0.5172527259920716,123,55,65,3,0.4583333333333333,0.36918315313368577,0.5474835135329809,NZD_CAD,H4,100,1.5,14,long,410
276,110,150,16,0.4230769230769231,0.3630234648708171,0.48313038128302904,119,58,49,12,0.5420560747663551,0.44765163014841775,0.6364605193842924,NZD_CAD,H4,100,2.0,14,long,395
259,125,124,10,0.5020080321285141,0.4399035564176418,0.5641125078393864,111,49,47,15,0.5104166666666666,0.4104175437683141,0.6104157895650192,NZD_CAD,H4,100,2.5,14,long,370
280,150,125,5,0.5454545454545454,0.48660302782779086,0.6043060630813,121,72,48,1,0.6,0.5123461352820082,0.6876538647179917,NZD_CAD,H4,100,1.0,14,short,401
263,114,144,5,0.4418604651162791,0.38126220093284013,0.502458729299718,114,63,48,3,0.5675675675675675,0.475403316869876,0.6597318182652591,NZD_CAD,H4,100,1.5,14,short,377
222,91,125,6,0.4212962962962963,0.3554469986210861,0.4871455939715065,96,42,50,4,0.45652173913043476,0.3547366930230662,0.5583067852378033,NZD_CAD,H4,100,2.0,14,short,318
200,91,108,1,0.457286432160804,0.38807002847892225,0.5265028358426858,87,34,49,4,0.40963855421686746,0.3038408042977351,0.5154363041359998,NZD_CAD,H4,100,2.5,14,short,287
206,101,103,2,0.4950980392156863,0.4264876126460325,0.5637084657853401,89,35,44,10,0.4430379746835443,0.3334972033141374,0.5525787460529512,NZD_CAD,H4,200,1.0,14,long,295
195,89,103,3,0.4635416666666667,0.39300452712164496,0.5340788062116884,84,36,40,8,0.47368421052631576,0.3614263065619245,0.5859421144907071,NZD_CAD,H4,200,1.5,14,long,279
193,82,109,2,0.4293193717277487,0.3591211362619293,0.4995176071935681,84,30,46,8,0.39473684210526316,0.2848425271444402,0.5046311570660861,NZD_CAD,H4,200,2.0,14,long,277
213,81,129,3,0.38571428571428573,0.3198781254374288,0.4515504459911427,92,37,46,9,0.4457831325301205,0.33884841891678497,0.552717846143456,NZD_CAD,H4,200,2.5,14,long,305
178,92,79,7,0.5380116959064327,0.46328610377880763,0.6127372880340578,77,44,29,4,0.6027397260273972,0.49048694266074966,0.7149925093940448,NZD_CAD,H4,200,1.0,14,short,255
192,99,89,4,0.526595744680851,0.45522308217833296,0.5979684071833691,83,39,36,8,0.52,0.40692991200144935,0.6330700879985507,NZD_CAD,H4,200,1.5,14,short,275
195,100,91,4,0.5235602094240838,0.4527286641345058,0.5943917547136618,84,49,26,9,0.6533333333333333,0.5456251030346506,0.761041563632016,NZD_CAD,H4,200,2.0,14,short,279
183,85,95,3,0.4722222222222222,0.39929014566125215,0.5451542987831923,79,49,24,6,0.6712328767123288,0.563468445246695,0.7789973081779625,NZD_CAD,H4,200,2.5,14,short,262
554,284,258,12,0.5239852398523985,0.4819390967038749,0.5660313830009222,238,114,109,15,0.5112107623318386,0.44560160626853507,0.5768199183951421,NZD_CHF,H4,20,1.0,14,long,792
392,196,188,8,0.5104166666666666,0.46041710521749035,0.5604162281158429,169,73,85,11,0.4620253164556962,0.3842858897021709,0.5397647432092215,NZD_CHF,H4,20,1.5,14,long,561
263,133,123,7,0.51953125,0.45832799788121326,0.5807345021187867,114,44,65,5,0.4036697247706422,0.31156130298942075,0.4957781465518637,NZD_CHF,H4,20,2.0,14,long,377
161,80,78,3,0.5063291139240507,0.4283707464886395,0.5842874813594618,70,20,46,4,0.30303030303030304,0.19215518843242452,0.41390541762818156,NZD_CHF,H4,20,2.5,14,long,231
551,280,263,8,0.5156537753222836,0.47361856576005584,0.5576889848845115,237,130,101,6,0.5627705627705628,0.4988014297738784,0.6267396957672472,NZD_CHF,H4,20,1.0,14,short,788
381,212,164,5,0.5638297872340425,0.5137036592704516,0.6139559151976335,164,95,62,7,0.6050955414012739,0.5286302689770344,0.6815608138255134,NZD_CHF,H4,20,1.5,14,short,545
232,124,102,6,0.5486725663716814,0.4837935374263829,0.6135515953169799,100,58,37,5,0.6105263157894737,0.5124677533193183,0.7085848782596291,NZD_CHF,H4,20,2.0,14,short,332
121,66,52,3,0.559322033898305,0.4697429328245406,0.6489011349720695,52,38,13,1,0.7450980392156863,0.6254889229304939,0.8647071555008787,NZD_CHF,H4,20,2.5,14,short,173
404,201,198,5,0.5037593984962406,0.45469942020841436,0.5528193767840669,174,79,86,9,0.47878787878787876,0.4025636697812987,0.5550120877944588,NZD_CHF,H4,50,1.0,14,long,578
355,191,161,3,0.5426136363636364,0.490569512982689,0.5946577597445837,153,63,82,8,0.43448275862068964,0.3537999015028665,0.5151656157385128,NZD_CHF,H4,50,1.5,14,long,508
308,163,140,5,0.5379537953795379,0.48181669859945486,0.594090892159621,133,54,70,9,0.43548387096774194,0.3482129732211197,0.5227547687143642,NZD_CHF,H4,50,2.0,14,long,441
242,130,106,6,0.5508474576271186,0.4873856153048617,0.6143092999493756,104,42,50,12,0.45652173913043476,0.3547366930230662,0.5583067852378033,NZD_CHF,H4,50,2.5,14,long,346
402,215,178,9,0.5470737913486005,0.4978589060908094,0.5962886766063915,173,103,62,8,0.6242424242424243,0.5503423946782134,0.6981424538066351,NZD_CHF,H4,50,1.0,14,short,575
362,196,156,10,0.5568181818181818,0.5049223579447752,0.6087140056915883,156,93,55,8,0.6283783783783784,0.5505234127530766,0.7062333440036802,NZD_CHF,H4,50,1.5,14,short,518
277,135,138,4,0.4945054945054945,0.4351967776400782,0.5538142113709109,119,66,45,8,0.5945945945945946,0.5032569458022975,0.6859322433868917,NZD_CHF,H4,50,2.0,14,short,396
222,110,108,4,0.5045871559633027,0.43821597407953006,0.5709583378470754,96,55,40,1,0.5789473684210527,0.47966274250061647,0.6782319943414888,NZD_CHF,H4,50,2.5,14,short,318
282,122,155,5,0.4404332129963899,0.38197006694023067,0.4988963590525491,122,67,51,4,0.5677966101694916,0.47841348198650374,0.6571797383524793,NZD_CHF,H4,100,1.0,14,long,404
281,148,128,5,0.5362318840579711,0.47739789562444584,0.5950658724914963,121,66,48,7,0.5789473684210527,0.4883133197042443,0.669581417137861,NZD_CHF,H4,100,1.5,14,long,402
281,163,113,5,0.5905797101449275,0.5325666904178303,0.6485927298720247,121,58,52,11,0.5272727272727272,0.4339724977314405,0.620572956814014,NZD_CHF,H4,100,2.0,14,long,402
248,138,105,5,0.5679012345679012,0.5056166096138411,0.6301858595219613,107,40,51,16,0.43956043956043955,0.33758183461267866,0.5415390445082005,NZD_CHF,H4,100,2.5,14,long,355
296,151,137,8,0.5243055555555556,0.46662677141606,0.5819843396950511,128,78,46,4,0.6290322580645161,0.5440066471990961,0.7140578689299362,NZD_CHF,H4,100,1.0,14,short,424
280,123,150,7,0.45054945054945056,0.39152794465461277,0.5095709564442883,120,69,49,2,0.5847457627118644,0.4958347318169356,0.6736567936067932,NZD_CHF,H4,100,1.5,14,short,400
244,117,123,4,0.4875,0.4242610434542125,0.5507389565457875,106,69,37,0,0.6509433962264151,0.5601984012655901,0.7416883911872401,NZD_CHF,H4,100,2.0,14,short,350
226,109,115,2,0.48660714285714285,0.42115163256102645,0.5520626531532593,98,64,33,1,0.6597938144329897,0.5655082018892936,0.7540794269766857,NZD_CHF,H4,100,2.5,14,short,324
238,118,118,2,0.5,0.4362074336193963,0.5637925663806037,103,39,59,5,0.3979591836734694,0.3010476944954886,0.49487067285145014,NZD_CHF,H4,200,1.0,14,long,341
224,108,114,2,0.4864864864864865,0.42073721985016255,0.5522357531228105,97,35,54,8,0.39325842696629215,0.2917734018646231,0.4947434520679612,NZD_CHF,H4,200,1.5,14,long,321
205,102,98,5,0.51,0.44071739612283617,0.5792826038771639,88,35,47,6,0.4268292682926829,0.31977148570043434,0.5338870508849315,NZD_CHF,H4,200,2.0,14,long,293
188,81,100,7,0.44751381215469616,0.3750734323767955,0.5199541919325967,81,37,39,5,0.4868421052631579,0.3744673268225888,0.5992168837037269,NZD_CHF,H4,200,2.5,14,long,269
222,105,117,0,0.47297297297297297,0.407295839399108,0.538650106546838,96,52,36,8,0.5909090909090909,0.4881820010240785,0.6936361807941034,NZD_CHF,H4,200,1.0,14,short,318
207,97,109,1,0.470873786407767,0.40270989798114826,0.5390376748343857,89,57,31,1,0.6477272727272727,0.5479227234052885,0.7475318220492569,NZD_CHF,H4,200,1.5,14,short,296
196,65,126,5,0.3403141361256545,0.2731174321343233,0.40751084011698563,84,60,24,0,0.7142857142857143,0.6176765359777847,0.8108948925936439,NZD_CHF,H4,200,2.0,14,short,280
186,67,112,7,0.3743016759776536,0.30340547928711087,0.4451978726681964,80,53,25,2,0.6794871794871795,0.5759200101409274,0.7830543488334316,NZD_CHF,H4,200,2.5,14,short,266
501,262,194,45,0.5745614035087719,0.5291818396078638,0.6199409674096801,215,101,106,8,0.48792270531400966,0.4198278701866326,0.5560175404413867,EUR_NOK,H4,20,1.0,14,long,716
364,203,127,34,0.6151515151515151,0.562654448051054,0.6676485822519762,157,87,65,5,0.5723684210526315,0.493716923878534,0.6510199182267291,EUR_NOK,H4,20,1.5,14,long,521
242,126,92,24,0.5779816513761468,0.5124199044302581,0.6435433983220354,105,61,39,5,0.61,0.5144010125576636,0.7055989874423364,EUR_NOK,H4,20,2.0,14,long,347
132,63,53,16,0.5431034482758621,0.4524514677025692,0.633755428849155,57,35,19,3,0.6481481481481481,0.5207754776674347,0.7755208186288616,EUR_NOK,H4,20,2.5,14,long,189
499,238,239,22,0.4989517819706499,0.45408076301945777,0.543822800921842,215,90,114,11,0.4411764705882353,0.3730392364309276,0.5093137047455429,EUR_NOK,H4,20,1.0,14,short,714
355,169,170,16,0.49852507374631266,0.4452990115583991,0.5517511359342262,153,78,61,14,0.5611510791366906,0.478652571992088,0.6436495862812932,EUR_NOK,H4,20,1.5,14,short,508
240,108,116,16,0.48214285714285715,0.41670562576805037,0.5475800885176639,103,56,40,7,0.5833333333333334,0.4847114638106552,0.6819552028560115,EUR_NOK,H4,20,2.0,14,short,343
163,70,81,12,0.46357615894039733,0.38403678288283605,0.5431155349979586,71,35,32,4,0.5223880597014925,0.40278208388577474,0.6419940355172102,EUR_NOK,H4,20,2.5,14,short,234
359,191,144,24,0.5701492537313433,0.5171357155510128,0.6231627919116738,155,73,75,7,0.49324324324324326,0.41269509512302077,0.5737913913634657,EUR_NOK,H4,50,1.0,14,long,514
317,173,121,23,0.5884353741496599,0.5321817104577687,0.644689037841551,137,62,72,3,0.4626865671641791,0.37826353103086346,0.5471096032974947,EUR_NOK,H4,50,1.5,14,long,454
289,164,103,22,0.6142322097378277,0.5558433874314839,0.6726210320441715,124,56,62,6,0.4745762711864407,0.38447665962455274,0.5646758827483287,EUR_NOK,H4,50,2.0,14,long,413
241,158,67,16,0.7022222222222222,0.642470801092484,0.7619736433519604,104,44,59,1,0.42718446601941745,0.3316516502779636,0.5227172817608713,EUR_NOK,H4,50,2.5,14,long,345
339,150,171,18,0.4672897196261682,0.41270862924066287,0.5218708100116736,146,69,62,15,0.5267175572519084,0.4412168872455223,0.6122182272582944,EUR_NOK,H4,50,1.0,14,short,485
317,149,147,21,0.5033783783783784,0.44641833565854183,0.560338421098215,137,66,60,11,0.5238095238095238,0.43660322660797457,0.6110158210110731,EUR_NOK,H4,50,1.5,14,short,454
270,129,129,12,0.5,0.43898786497626036,0.5610121350237397,116,58,49,9,0.5420560747663551,0.44765163014841775,0.6364605193842924,EUR_NOK,H4,50,2.0,14,short,386
221,97,116,8,0.45539906103286387,0.38851825046316146,0.5222798716025663,96,53,39,4,0.5760869565217391,0.4751048168276786,0.6770690962157997,EUR_NOK,H4,50,2.5,14,short,317
272,146,110,16,0.5703125,0.5096711454133123,0.6309538545866877,117,64,43,10,0.5981308411214953,0.5052332142924236,0.6910284679505669,EUR_NOK,H4,100,1.0,14,long,389
251,132,101,18,0.5665236051502146,0.5028924448882559,0.6301547654121733,109,55,45,9,0.55,0.4524912311635513,0.6475087688364488,EUR_NOK,H4,100,1.5,14,long,360
230,121,90,19,0.5734597156398105,0.5067258429814501,0.6401935882981709,100,38,57,5,0.4,0.30148556076979327,0.4985144392302068,EUR_NOK,H4,100,2.0,14,long,330
218,126,82,10,0.6057692307692307,0.5393562049127487,0.6721822566257127,94,39,54,1,0.41935483870967744,0.3190640995955766,0.5196455778237783,EUR_NOK,H4,100,2.5,14,long,312
274,121,136,17,0.4708171206225681,0.4097906118053938,0.5318436294397424,118,53,63,2,0.45689655172413796,0.3662445711508451,0.5475485322974308,EUR_NOK,H4,100,1.0,14,short,392
249,106,126,17,0.45689655172413796,0.3927959215327714,0.5209971819155046,107,50,53,4,0.4854368932038835,0.3889155912741364,0.5819581951336307,EUR_NOK,H4,100,1.5,14,short,356
217,105,97,15,0.5198019801980198,0.4509035171722019,0.5887004432238377,93,43,45,5,0.48863636363636365,0.3841949965696173,0.59307773070311,EUR_NOK,H4,100,2.0,14,short,310
193,95,89,9,0.5163043478260869,0.4440962103857703,0.5885124852664035,84,46,31,7,0.5974025974025974,0.48786082934967945,0.7069443654555153,EUR_NOK,H4,100,2.5,14,short,277
196,96,91,9,0.5133689839572193,0.4417299081973436,0.585008059717095,85,47,38,0,0.5529411764705883,0.44724277724996736,0.6586395756912091,EUR_NOK,H4,200,1.0,14,long,281
173,69,97,7,0.41566265060240964,0.34068974337999164,0.49063555782482765,75,37,38,0,0.49333333333333335,0.3801827397439508,0.6064839269227159,EUR_NOK,H4,200,1.5,14,long,248
169,78,81,10,0.49056603773584906,0.41286081750343107,0.568271257968267,73,40,31,2,0.5633802816901409,0.4480138683696717,0.67874669501061,EUR_NOK,H4,200,2.0,14,long,242
166,73,82,11,0.47096774193548385,0.39238505390960227,0.5495504299613654,72,40,27,5,0.5970149253731343,0.47956418871358053,0.714465662032688,EUR_NOK,H4,200,2.5,14,long,238
196,90,98,8,0.4787234042553192,0.40731429923702217,0.5501325092736162,84,44,38,2,0.5365853658536586,0.4286525694252527,0.6445181622820645,EUR_NOK,H4,200,1.0,14,short,280
194,85,101,8,0.45698924731182794,0.38539851502024003,0.5285799796034159,84,44,35,5,0.5569620253164557,0.4474212539470488,0.6665027966858625,EUR_NOK,H4,200,1.5,14,short,278
193,85,102,6,0.45454545454545453,0.3831775064857461,0.525913402605163,84,41,37,6,0.5256410256410257,0.4148238805019678,0.6364581707800835,EUR_NOK,H4,200,2.0,14,short,277
176,68,102,6,0.4,0.3263560233683864,0.4736439766316136,76,38,36,2,0.5135135135135135,0.39963244313900714,0.6273945838880198,EUR_NOK,H4,200,2.5,14,short,252
550,246,304,0,0.44727272727272727,0.40571838788604875,0.4888270666594058,237,113,124,0,0.4767932489451477,0.41320401154993014,0.5403824863403652,USD_ZAR,H4,20,1.0,14,long,787
431,214,217,0,0.4965197215777262,0.44931592613172944,0.543723517023723,186,91,95,0,0.489247311827957,0.4174068436653018,0.5610877799906122,USD_ZAR,H4,20,1.5,14,long,617
308,167,141,0,0.5422077922077922,0.48656642555540713,0.5978491588601773,132,60,72,0,0.45454545454545453,0.36960060568539266,0.5394903034055164,USD_ZAR,H4,20,2.0,14,long,440
170,90,80,0,0.5294117647058824,0.45437934753095893,0.6044441818808057,74,37,37,0,0.5,0.3860773140310571,0.6139226859689428,USD_ZAR,H4,20,2.5,14,long,244
518,257,261,0,0.49613899613899615,0.45308155197521416,0.5391964403027781,222,127,95,0,0.5720720720720721,0.506985668790026,0.6371584753541182,USD_ZAR,H4,20,1.0,14,short,740
395,189,206,0,0.47848101265822784,0.4292175493562699,0.5277444759601858,170,102,68,0,0.6,0.5263560233683864,0.6736439766316136,USD_ZAR,H4,20,1.5,14,short,565
269,112,157,0,0.4163568773234201,0.35744722102633764,0.47526653362050253,116,65,51,0,0.5603448275862069,0.47001922784055095,0.6506704273318628,USD_ZAR,H4,20,2.0,14,short,385
195,87,108,0,0.4461538461538462,0.37638273196568883,0.5159249603420035,84,52,32,0,0.6190476190476191,0.5151958728649708,0.7228993652302673,USD_ZAR,H4,20,2.5,14,short,279
364,152,212,0,0.4175824175824176,0.36691908891070163,0.46824574625413357,156,79,76,1,0.5096774193548387,0.4309766703004918,0.5883781684091856,USD_ZAR,H4,50,1.0,14,long,520
354,157,197,0,0.4435028248587571,0.3917499931547197,0.49525565656279447,153,77,76,0,0.5032679738562091,0.4240413619573594,0.5824945857550589,USD_ZAR,H4,50,1.5,14,long,507
308,133,175,0,0.4318181818181818,0.3764991154990343,0.48713724813732934,132,67,65,0,0.5075757575757576,0.4222874975885279,0.5928640175629872,USD_ZAR,H4,50,2.0,14,long,440
280,139,141,0,0.49642857142857144,0.4378638636260049,0.554993279231138,120,52,68,0,0.43333333333333335,0.34467076032841854,0.5219959063382482,USD_ZAR,H4,50,2.5,14,long,400
351,166,185,0,0.47293447293447294,0.42070263538311203,0.5251663104858338,151,86,65,0,0.5695364238410596,0.4905601654916701,0.6485126821904492,USD_ZAR,H4,50,1.0,14,short,502
315,144,171,0,0.45714285714285713,0.40212932345441926,0.512156390831295,136,83,53,0,0.6102941176470589,0.5283298260333604,0.6922584092607573,USD_ZAR,H4,50,1.5,14,short,451
281,135,146,0,0.4804270462633452,0.42200995834961247,0.5388441341770779,121,75,46,0,0.6198347107438017,0.5333403957777513,0.7063290257098521,USD_ZAR,H4,50,2.0,14,short,402
242,118,124,0,0.48760330578512395,0.42462588524496997,0.5505807263252779,105,70,35,0,0.6666666666666666,0.5764981002459324,0.7568352330874009,USD_ZAR,H4,50,2.5,14,short,347
252,95,157,0,0.376984126984127,0.31714752964316595,0.436820724325088,109,51,57,1,0.4722222222222222,0.3780673162472351,0.5663771281972093,USD_ZAR,H4,100,1.0,14,long,361
265,105,160,0,0.39622641509433965,0.337336368042128,0.45511646214655127,114,60,54,0,0.5263157894736842,0.4346575947046457,0.6179739842427227,USD_ZAR,H4,100,1.5,14,long,379
269,117,152,0,0.4349442379182156,0.37570051034643737,0.4941879654899939,116,62,54,0,0.5344827586206896,0.4437086877825435,0.6252568294588357,USD_ZAR,H4,100,2.0,14,long,385
235,108,127,0,0.4595744680851064,0.395855605301226,0.5232933308689868,101,55,46,0,0.5445544554455446,0.4474287309742931,0.641680179916796,USD_ZAR,H4,100,2.5,14,long,336
228,97,131,0,0.42543859649122806,0.3612622017679873,0.48961499121446883,99,64,35,0,0.6464646464646465,0.5522914549963068,0.7406378379329862,USD_ZAR,H4,100,1.0,14,short,327
237,109,128,0,0.459915611814346,0.3964626664327804,0.5233685571959116,103,67,36,0,0.6504854368932039,0.558400438250898,0.7425704355355098,USD_ZAR,H4,100,1.5,14,short,340
221,101,120,0,0.45701357466063347,0.3913357181177166,0.5226914312035503,95,55,40,0,0.5789473684210527,0.47966274250061647,0.6782319943414888,USD_ZAR,H4,100,2.0,14,short,316
202,94,108,0,0.46534653465346537,0.3965597797257771,0.5341332895811537,87,53,34,0,0.6091954022988506,0.5066645456935379,0.7117262589041633,USD_ZAR,H4,100,2.5,14,short,289
191,75,116,0,0.39267015706806285,0.3234128426762669,0.4619274714598588,83,34,49,0,0.40963855421686746,0.3038408042977351,0.5154363041359998,USD_ZAR,H4,200,1.0,14,long,274
196,87,109,0,0.44387755102040816,0.374319910849666,0.5134351911911503,84,44,40,0,0.5238095238095238,0.4170040585588757,0.630614989060172,USD_ZAR,H4,200,1.5,14,long,280
198,78,120,0,0.3939393939393939,0.3258787254612846,0.46200006241750324,86,53,32,1,0.6235294117647059,0.5205286096557389,0.7265302138736729,USD_ZAR,H4,200,2.0,14,long,284
224,110,114,0,0.49107142857142855,0.4256028650275413,0.5565399921153158,96,60,36,0,0.625,0.5281552466573434,0.7218447533426566,USD_ZAR,H4,200,2.5,14,long,320
196,84,112,0,0.42857142857142855,0.35928939626867346,0.49785346087418364,84,55,29,0,0.6547619047619048,0.5530861310350087,0.7564376784888008,USD_ZAR,H4,200,1.0,14,short,280
190,92,98,0,0.4842105263157895,0.4131493125117439,0.555271740119835,82,60,22,0,0.7317073170731707,0.6358065108165205,0.8276081233298209,USD_ZAR,H4,200,1.5,14,short,272
164,80,84,0,0.4878048780487805,0.4113024999011171,0.5643072561964438,71,43,28,0,0.6056338028169014,0.4919543978382762,0.7193132077955265,USD_ZAR,H4,200,2.0,14,short,235
154,70,84,0,0.45454545454545453,0.37590180609866775,0.5331891029922413,67,43,24,0,0.6417910447761194,0.5269799875946702,0.7566021019575685,USD_ZAR,H4,200,2.5,14,short,221
506,256,248,2,0.5079365079365079,0.46428933797308203,0.5515836778999338,217,113,104,0,0.5207373271889401,0.45426783483253375,0.5872068195453464,USD_NOK,H4,20,1.0,14,long,723
387,213,173,1,0.5518134715025906,0.5022013306947121,0.6014256123104692,167,90,77,0,0.5389221556886228,0.4633175971353444,0.6145267142419012,USD_NOK,H4,20,1.5,14,long,554
266,144,120,2,0.5454545454545454,0.4853894667987293,0.6055196241103615,115,67,47,1,0.5877192982456141,0.49735744597462195,0.6780811505166062,USD_NOK,H4,20,2.0,14,long,381
148,84,63,1,0.5714285714285714,0.4914285714285714,0.6514285714285714,64,30,34,0,0.46875,0.34648949192017275,0.5910105080798272,USD_NOK,H4,20,2.5,14,long,212
538,276,259,3,0.5158878504672897,0.47354015109011105,0.5582355498444683,231,104,125,2,0.45414847161572053,0.38966112261017,0.518635820621271,USD_NOK,H4,20,1.0,14,short,769
408,204,199,5,0.5062034739454094,0.45738995419335765,0.5550169936974612,176,88,88,0,0.5,0.4261297205784479,0.5738702794215521,USD_NOK,H4,20,1.5,14,short,584
282,130,149,3,0.4659498207885305,0.40741496175460723,0.5244846798224537,121,66,55,0,0.5454545454545454,0.4567325444041218,0.634176546504969,USD_NOK,H4,20,2.0,14,short,403
147,58,88,1,0.3972602739726027,0.3178855696469817,0.4766349782982237,64,34,29,1,0.5396825396825397,0.4166036117680886,0.6627614675969907,USD_NOK,H4,20,2.5,14,short,211
373,188,183,2,0.5067385444743935,0.45586410041370107,0.5576129885350859,161,88,73,0,0.546583850931677,0.46968496935333204,0.6234827325100221,USD_NOK,H4,50,1.0,14,long,534
328,176,152,0,0.5365853658536586,0.4826189676394556,0.5905517640678615,141,70,71,0,0.49645390070921985,0.4139250880929607,0.578982713325479,USD_NOK,H4,50,1.5,14,long,469
295,160,135,0,0.5423728813559322,0.485520334739847,0.5992254279720174,127,78,49,0,0.6141732283464567,0.5295098037934022,0.6988366528995112,USD_NOK,H4,50,2.0,14,long,422
242,127,115,0,0.5247933884297521,0.4618740999118525,0.5877126769476516,104,56,47,1,0.5436893203883495,0.4474963852078534,0.6398822555688456,USD_NOK,H4,50,2.5,14,long,346
382,178,201,3,0.46965699208443273,0.41941055333465743,0.519903430834208,164,73,90,1,0.44785276073619634,0.37151184774734203,0.5241936737250507,USD_NOK,H4,50,1.0,14,short,546
337,163,168,6,0.49244712990936557,0.43858760431259114,0.54630665550614,145,72,71,2,0.5034965034965035,0.4215467903477542,0.5854462166452529,USD_NOK,H4,50,1.5,14,short,482
296,153,141,2,0.5204081632653061,0.46330103157585845,0.5775152949547538,128,72,54,2,0.5714285714285714,0.4850186954497999,0.6578384474073429,USD_NOK,H4,50,2.0,14,short,424
227,117,106,4,0.5246636771300448,0.4591179115704924,0.5902094426895972,98,54,44,0,0.5510204081632653,0.45254219136547047,0.64949862496106,USD_NOK,H4,50,2.5,14,short,325
277,159,118,0,0.5740072202166066,0.5157733058389707,0.6322411345942424,119,68,51,0,0.5714285714285714,0.4825135425923776,0.6603436002647652,USD_NOK,H4,100,1.0,14,long,396
250,133,117,0,0.532,0.47014642446551697,0.593853575534483,108,64,44,0,0.5925925925925926,0.4999231046319791,0.685262080553206,USD_NOK,H4,100,1.5,14,long,358
212,108,104,0,0.5094339622641509,0.44213926753621247,0.5767286569920894,91,47,43,1,0.5222222222222223,0.41902322817134086,0.6254212162731037,USD_NOK,H4,100,2.0,14,long,303
197,91,106,0,0.4619289340101523,0.39230952041354894,0.5315483476067556,85,41,44,0,0.4823529411764706,0.3761232425496554,0.5885826398032858,USD_NOK,H4,100,2.5,14,long,282
305,148,155,2,0.4884488448844885,0.4321643419072441,0.5447333478617329,132,57,75,0,0.4318181818181818,0.34731691222425665,0.516319451412107,USD_NOK,H4,100,1.0,14,short,437
290,145,145,0,0.5,0.44245241848755906,0.5575475815124409,125,65,60,0,0.52,0.43241628644548125,0.6075837135545188,USD_NOK,H4,100,1.5,14,short,415
270,131,137,2,0.48880597014925375,0.42895794672457366,0.5486539935739339,117,61,56,0,0.5213675213675214,0.43084925872684177,0.611885784008201,USD_NOK,H4,100,2.0,14,short,387
236,106,128,2,0.452991452991453,0.38921061768343573,0.5167722882994703,102,52,50,0,0.5098039215686274,0.4127881174487346,0.6068197256885202,USD_NOK,H4,100,2.5,14,short,338
189,97,92,0,0.5132275132275133,0.4419679516722966,0.5844870747827299,81,41,40,0,0.5061728395061729,0.39729224912652816,0.6150534298858176,USD_NOK,H4,200,1.0,14,long,270
158,69,89,0,0.43670886075949367,0.35937138558546866,0.5140463359335187,68,35,32,1,0.5223880597014925,0.40278208388577474,0.6419940355172102,USD_NOK,H4,200,1.5,14,long,226
170,65,104,1,0.38461538461538464,0.31126551226118315,0.4579652569695861,73,31,42,0,0.4246575342465753,0.3112668768205067,0.538048191672644,USD_NOK,H4,200,2.0,14,long,243
174,78,95,1,0.4508670520231214,0.37671963602855285,0.5250144680176899,75,25,49,1,0.33783783783783783,0.2300731348942432,0.44560254078143247,USD_NOK,H4,200,2.5,14,long,249
205,104,100,1,0.5098039215686274,0.4412033885931854,0.5784044545440694,89,37,51,1,0.42045454545454547,0.3173167098692175,0.5235923810398735,USD_NOK,H4,200,1.0,14,short,294
195,90,105,0,0.46153846153846156,0.3915671428808597,0.5315097801960634,84,36,48,0,0.42857142857142855,0.3227413761288449,0.5344014810140122,USD_NOK,H4,200,1.5,14,short,279
200,90,110,0,0.45,0.3810508883305956,0.5189491116694044,86,37,49,0,0.43023255813953487,0.32559025336448966,0.5348748629145801,USD_NOK,H4,200,2.0,14,short,286
181,77,104,0,0.425414364640884,0.3533865494993496,0.4974421797824184,78,38,40,0,0.48717948717948717,0.37625282086877476,0.5981061534901996,USD_NOK,H4,200,2.5,14,short,259
